timestamp,ch1,ch2,label
1774426495.625885,1986,0,eight_s
1774426495.626129,1859,0,eight_s
1774426495.630262,2040,0,eight_s
1774426495.6321652,2110,0,eight_s
1774426495.6341639,2150,0,eight_s
1774426495.639688,1864,0,eight_s
1774426495.6399128,1850,0,eight_s
1774426495.642845,1958,0,eight_s
1774426495.6455948,2185,0,eight_s
1774426495.6485069,2072,0,eight_s
1774426495.651504,1883,0,eight_s
1774426495.654505,1929,0,eight_s
1774426495.660173,1896,0,eight_s
1774426495.660667,2012,0,eight_s
1774426495.664874,2160,0,eight_s
1774426495.66672,2157,0,eight_s
1774426495.6707032,1907,0,eight_s
1774426495.672516,1762,0,eight_s
1774426495.675513,1959,0,eight_s
1774426495.678543,2109,0,eight_s
1774426495.6837199,2044,0,eight_s
1774426495.6857889,1867,0,eight_s
1774426495.687934,1929,0,eight_s
1774426495.6907752,1884,0,eight_s
1774426495.693509,2007,0,eight_s
1774426495.6965098,2111,0,eight_s
1774426495.6995368,2144,0,eight_s
1774426495.703677,1909,0,eight_s
1774426495.706165,1904,0,eight_s
1774426495.709152,1914,0,eight_s
1774426495.712204,2125,0,eight_s
1774426495.7147698,2126,0,eight_s
1774426495.717539,1979,0,eight_s
1774426495.72068,1913,0,eight_s
1774426495.7237499,1933,0,eight_s
1774426495.7272372,2056,0,eight_s
1774426495.730277,2040,0,eight_s
1774426495.7330549,2070,0,eight_s
1774426495.735606,1877,0,eight_s
1774426495.738508,1887,0,eight_s
1774426495.744659,1942,0,eight_s
1774426495.745323,2053,0,eight_s
1774426495.748342,2092,0,eight_s
1774426495.750887,2060,0,eight_s
1774426495.753877,2009,0,eight_s
1774426495.7565372,1904,0,eight_s
1774426495.75954,1899,0,eight_s
1774426495.764747,2090,0,eight_s
1774426495.766746,2123,0,eight_s
1774426495.769037,1904,0,eight_s
1774426495.772813,1879,0,eight_s
1774426495.774546,1880,0,eight_s
1774426495.777515,2134,0,eight_s
1774426495.7805068,2172,0,eight_s
1774426495.786911,2010,0,eight_s
1774426495.788003,1847,0,eight_s
1774426495.789578,1846,0,eight_s
1774426495.793081,1905,0,eight_s
1774426495.795629,2101,0,eight_s
1774426495.7983942,2118,0,eight_s
1774426495.801428,1999,0,eight_s
1774426495.805517,1993,0,eight_s
1774426495.808418,1785,0,eight_s
1774426495.81132,1975,0,eight_s
1774426495.813462,2189,0,eight_s
1774426495.816412,2119,0,eight_s
1774426495.819405,1878,0,eight_s
1774426495.825394,1889,0,eight_s
1774426495.826317,2026,0,eight_s
1774426495.829041,2262,0,eight_s
1774426495.831997,2140,0,eight_s
1774426495.834732,1800,0,eight_s
1774426495.837434,1898,0,eight_s
1774426495.840538,1870,0,eight_s
1774426495.84575,2034,0,eight_s
1774426495.848285,2139,0,eight_s
1774426495.8497212,2020,0,eight_s
1774426495.852864,1856,0,eight_s
1774426495.855519,1913,0,eight_s
1774426495.858397,1978,0,eight_s
1774426495.8614159,2080,0,eight_s
1774426495.866186,2116,0,eight_s
1774426495.868039,2014,0,eight_s
1774426495.872105,1858,0,eight_s
1774426495.8742242,1847,0,eight_s
1774426495.8767328,2015,0,eight_s
1774426495.8794181,2155,0,eight_s
1774426495.8823931,2082,0,eight_s
1774426495.8867798,1929,0,eight_s
1774426495.888736,1973,0,eight_s
1774426495.892564,1894,0,eight_s
1774426495.8948102,2011,0,eight_s
1774426495.897417,2041,0,eight_s
1774426495.9004002,2146,0,eight_s
1774426495.903415,1844,0,eight_s
1774426495.907329,1771,0,eight_s
1774426495.910468,1987,0,eight_s
1774426495.913069,2162,0,eight_s
1774426495.916399,2023,0,eight_s
1774426495.9189508,1938,0,eight_s
1774426495.921503,1932,0,eight_s
1774426495.927328,2028,0,eight_s
1774426495.9285262,1984,0,eight_s
1774426495.931116,2080,0,eight_s
1774426495.934199,2006,0,eight_s
1774426495.936883,1899,0,eight_s
1774426495.939432,1866,0,eight_s
1774426495.9424179,1996,0,eight_s
1774426495.948742,2211,0,eight_s
1774426495.949074,1966,0,eight_s
1774426495.951457,1899,0,eight_s
1774426495.95463,1987,0,eight_s
1774426495.9574158,1960,0,eight_s
1774426495.960373,1981,0,eight_s
1774426495.9634151,2074,0,eight_s
1774426495.968645,2074,0,eight_s
1774426495.970027,1888,0,eight_s
1774426495.973809,1819,0,eight_s
1774426495.97611,1997,0,eight_s
1774426495.9786592,2249,0,eight_s
1774426495.981379,2071,0,eight_s
1774426495.984427,1839,0,eight_s
1774426495.9890492,1910,0,eight_s
1774426495.990477,1908,0,eight_s
1774426495.994431,1950,0,eight_s
1774426495.996757,2116,0,eight_s
1774426495.999406,2266,0,eight_s
1774426496.002419,1890,0,eight_s
1774426496.0054731,1732,0,eight_s
1774426496.009471,1971,0,eight_s
1774426496.012228,2199,0,eight_s
1774426496.015369,2023,0,eight_s
1774426496.01741,1948,0,eight_s
1774426496.02044,1905,0,eight_s
1774426496.023412,1875,0,eight_s
1774426496.0292091,2073,0,eight_s
1774426496.03003,2100,0,eight_s
1774426496.032438,2159,0,eight_s
1774426496.035887,1877,0,eight_s
1774426496.0385191,1903,0,eight_s
1774426496.0414112,1926,0,eight_s
1774426496.044415,2105,0,eight_s
1774426496.0494988,2116,0,eight_s
1774426496.051563,1896,0,eight_s
1774426496.053542,1950,0,eight_s
1774426496.057847,1896,0,eight_s
1774426496.059419,2050,0,eight_s
1774426496.062409,2190,0,eight_s
1774426496.06539,2156,0,eight_s
1774426496.069937,1845,0,eight_s
1774426496.071831,1927,0,eight_s
1774426496.0757859,1903,0,eight_s
1774426496.0777442,1957,0,eight_s
1774426496.080412,2064,0,eight_s
1774426496.083389,2058,0,eight_s
1774426496.086821,1886,0,eight_s
1774426496.090315,1859,0,eight_s
1774426496.0933042,1929,0,eight_s
1774426496.096385,2160,0,eight_s
1774426496.098599,2158,0,eight_s
1774426496.101428,1917,0,eight_s
1774426496.104382,1895,0,eight_s
1774426496.1103659,1847,0,eight_s
1774426496.111042,2038,0,eight_s
1774426496.114431,2114,0,eight_s
1774426496.116761,2073,0,eight_s
1774426496.1199942,1954,0,eight_s
1774426496.122386,1911,0,eight_s
1774426496.1253881,1966,0,eight_s
1774426496.13099,2112,0,eight_s
1774426496.1320121,2023,0,eight_s
1774426496.134561,1783,0,eight_s
1774426496.137759,1899,0,eight_s
1774426496.140471,1915,0,eight_s
1774426496.1433752,2030,0,eight_s
1774426496.146417,1987,0,eight_s
1774426496.1516511,2268,0,eight_s
1774426496.153329,1987,0,eight_s
1774426496.158321,1930,0,eight_s
1774426496.158477,2027,0,eight_s
1774426496.1614249,2015,0,eight_s
1774426496.164654,1983,0,eight_s
1774426496.167407,1999,0,eight_s
1774426496.172446,1854,0,eight_s
1774426496.174639,1935,0,eight_s
1774426496.176678,2023,0,eight_s
1774426496.1812348,2150,0,eight_s
1774426496.182522,2125,0,eight_s
1774426496.185378,1834,0,eight_s
1774426496.1883981,1740,0,eight_s
1774426496.1928809,1938,0,eight_s
1774426496.194554,2137,0,eight_s
1774426496.198668,2381,0,eight_s
1774426496.20114,1885,0,eight_s
1774426496.2037098,1968,0,eight_s
1774426496.206419,2156,0,eight_s
1774426496.209289,1649,0,eight_s
1774426496.214245,1919,0,eight_s
1774426496.216393,2255,0,eight_s
1774426496.218461,1712,0,eight_s
1774426496.221757,1972,0,eight_s
1774426496.2243168,2112,0,eight_s
1774426496.227267,2165,0,eight_s
1774426496.2333,2153,0,eight_s
1774426496.234507,2084,0,eight_s
1774426496.237236,1831,0,eight_s
1774426496.240454,2266,0,eight_s
1774426496.242306,1708,0,eight_s
1774426496.245301,1868,0,eight_s
1774426496.248271,2268,0,eight_s
1774426496.253848,1911,0,eight_s
1774426496.254821,1826,0,eight_s
1774426496.257437,1957,0,eight_s
1774426496.26093,2389,0,eight_s
1774426496.263614,2198,0,eight_s
1774426496.266325,1711,0,eight_s
1774426496.2692769,1749,0,eight_s
1774426496.274859,1797,0,eight_s
1774426496.276145,1976,0,eight_s
1774426496.2802718,2009,0,eight_s
1774426496.282408,2216,0,eight_s
1774426496.284307,1934,0,eight_s
1774426496.287308,2019,0,eight_s
1774426496.290294,1855,0,eight_s
1774426496.29521,2043,0,eight_s
1774426496.296818,2159,0,eight_s
1774426496.3007739,2097,0,eight_s
1774426496.3032022,1818,0,eight_s
1774426496.305759,1863,0,eight_s
1774426496.308306,1852,0,eight_s
1774426496.311269,2054,0,eight_s
1774426496.3162189,2065,0,eight_s
1774426496.317536,2191,0,eight_s
1774426496.321614,1885,0,eight_s
1774426496.324073,1799,0,eight_s
1774426496.326642,1922,0,eight_s
1774426496.3292959,2219,0,eight_s
1774426496.3324249,2093,0,eight_s
1774426496.335496,1892,0,eight_s
1774426496.3388002,1882,0,eight_s
1774426496.342271,2031,0,eight_s
1774426496.3447318,2046,0,eight_s
1774426496.3474371,2114,0,eight_s
1774426496.350274,2035,0,eight_s
1774426496.3560588,1828,0,eight_s
1774426496.356401,1814,0,eight_s
1774426496.359995,1876,0,eight_s
1774426496.363183,2118,0,eight_s
1774426496.365257,2335,0,eight_s
1774426496.368256,1725,0,eight_s
1774426496.371249,1886,0,eight_s
1774426496.377493,1959,0,eight_s
1774426496.378169,1999,0,eight_s
1774426496.3814988,2154,0,eight_s
1774426496.3842711,2073,0,eight_s
1774426496.386828,1906,0,eight_s
1774426496.3893929,1909,0,eight_s
1774426496.392286,1962,0,eight_s
1774426496.398272,2124,0,eight_s
1774426496.3989701,2331,0,eight_s
1774426496.402245,1887,0,eight_s
1774426496.4050949,1748,0,eight_s
1774426496.408403,1951,0,eight_s
1774426496.4102788,2010,0,eight_s
1774426496.413279,2076,0,eight_s
1774426496.416259,1998,0,eight_s
1774426496.420921,1854,0,eight_s
1774426496.422861,1872,0,eight_s
1774426496.4273212,1935,0,eight_s
1774426496.430071,2167,0,eight_s
1774426496.431394,2163,0,eight_s
1774426496.434498,1950,0,eight_s
1774426496.437252,1923,0,eight_s
1774426496.440259,1883,0,eight_s
1774426496.4452648,2039,0,eight_s
1774426496.447618,2146,0,eight_s
1774426496.4495392,1959,0,eight_s
1774426496.452965,1898,0,eight_s
1774426496.455741,1974,0,eight_s
1774426496.458563,1989,0,eight_s
1774426496.461303,2070,0,eight_s
1774426496.464899,2005,0,eight_s
1774426496.468195,1932,0,eight_s
1774426496.471379,1900,0,eight_s
1774426496.47412,1907,0,eight_s
1774426496.4766772,2011,0,eight_s
1774426496.479288,2163,0,eight_s
1774426496.482263,2143,0,eight_s
1774426496.486059,1858,0,eight_s
1774426496.4893088,1878,0,eight_s
1774426496.492366,1955,0,eight_s
1774426496.495093,2063,0,eight_s
1774426496.4976451,2084,0,eight_s
1774426496.500295,1989,0,eight_s
1774426496.503254,1941,0,eight_s
1774426496.5063229,2011,0,eight_s
1774426496.5109801,2015,0,eight_s
1774426496.512862,2104,0,eight_s
1774426496.515593,2105,0,eight_s
1774426496.5195022,1843,0,eight_s
1774426496.5212421,1871,0,eight_s
1774426496.524265,1924,0,eight_s
1774426496.527265,2039,0,eight_s
1774426496.530876,2118,0,eight_s
1774426496.5340831,1989,0,eight_s
1774426496.5378041,2061,0,eight_s
1774426496.539337,1895,0,eight_s
1774426496.542283,1917,0,eight_s
1774426496.5459352,2118,0,eight_s
1774426496.551581,2035,0,eight_s
1774426496.55198,1913,0,eight_s
1774426496.5551438,1933,0,eight_s
1774426496.55758,1907,0,eight_s
1774426496.5602932,2106,0,eight_s
1774426496.5632472,2059,0,eight_s
1774426496.5662878,1958,0,eight_s
1774426496.5716338,1914,0,eight_s
1774426496.5723362,2051,0,eight_s
1774426496.5754921,1883,0,eight_s
1774426496.578824,2100,0,eight_s
1774426496.581295,2030,0,eight_s
1774426496.584255,1969,0,eight_s
1774426496.5872881,1869,0,eight_s
1774426496.5923252,1969,0,eight_s
1774426496.593934,2048,0,eight_s
1774426496.5968971,2145,0,eight_s
1774426496.5993001,1962,0,eight_s
1774426496.6022651,1994,0,eight_s
1774426496.60524,1847,0,eight_s
1774426496.608263,1949,0,eight_s
1774426496.61241,2003,0,eight_s
1774426496.614228,2143,0,eight_s
1774426496.618193,1919,0,eight_s
1774426496.620835,1848,0,eight_s
1774426496.623378,1887,0,eight_s
1774426496.626166,2237,0,eight_s
1774426496.6291468,2111,0,eight_s
1774426496.632523,2008,0,eight_s
1774426496.636131,1810,0,eight_s
1774426496.6384,1985,0,eight_s
1774426496.641974,1940,0,eight_s
1774426496.6445282,1994,0,eight_s
1774426496.647166,2137,0,eight_s
1774426496.653146,2069,0,eight_s
1774426496.653279,1857,0,eight_s
1774426496.65634,1759,0,eight_s
1774426496.661032,2004,0,eight_s
1774426496.6623209,2022,0,eight_s
1774426496.665131,2068,0,eight_s
1774426496.66814,1843,0,eight_s
1774426496.674304,1878,0,eight_s
1774426496.674693,1923,0,eight_s
1774426496.677386,2108,0,eight_s
1774426496.68088,2127,0,eight_s
1774426496.683541,2029,0,eight_s
1774426496.686163,1894,0,eight_s
1774426496.689746,1971,0,eight_s
1774426496.6934552,2010,0,eight_s
1774426496.695561,2072,0,eight_s
1774426496.699723,2095,0,eight_s
1774426496.7023628,1876,0,eight_s
1774426496.704155,1896,0,eight_s
1774426496.707136,1918,0,eight_s
1774426496.710143,2057,0,eight_s
1774426496.71361,2108,0,eight_s
1774426496.716865,2077,0,eight_s
1774426496.719757,1864,0,eight_s
1774426496.722385,1878,0,eight_s
1774426496.725128,1898,0,eight_s
1774426496.72818,2142,0,eight_s
1774426496.73436,2077,0,eight_s
1774426496.734684,1917,0,eight_s
1774426496.737795,1961,0,eight_s
1774426496.740175,1957,0,eight_s
1774426496.7436202,2074,0,eight_s
1774426496.746177,2122,0,eight_s
1774426496.749161,2060,0,eight_s
1774426496.7545311,1864,0,eight_s
1774426496.756635,1908,0,eight_s
1774426496.758274,1898,0,eight_s
1774426496.761877,2086,0,eight_s
1774426496.764564,2106,0,eight_s
1774426496.767162,1943,0,eight_s
1774426496.770159,1845,0,eight_s
1774426496.775946,1864,0,eight_s
1774426496.776294,2124,0,eight_s
1774426496.780104,2171,0,eight_s
1774426496.782157,2112,0,eight_s
1774426496.7851589,1910,0,eight_s
1774426496.7881181,1926,0,eight_s
1774426496.791853,1899,0,eight_s
1774426496.7953181,2050,0,eight_s
1774426496.7971892,2099,0,eight_s
1774426496.801256,1995,0,eight_s
1774426496.8036292,1903,0,eight_s
1774426496.806178,1858,0,eight_s
1774426496.809164,2009,0,eight_s
1774426496.81217,2140,0,eight_s
1774426496.815271,2112,0,eight_s
1774426496.819084,1827,0,eight_s
1774426496.8213692,1868,0,eight_s
1774426496.824162,1960,0,eight_s
1774426496.827154,2068,0,eight_s
1774426496.830135,2141,0,eight_s
1774426496.835905,2048,0,eight_s
1774426496.836548,1904,0,eight_s
1774426496.8405252,1918,0,eight_s
1774426496.84312,1960,0,eight_s
1774426496.845165,2080,0,eight_s
1774426496.8481631,2198,0,eight_s
1774426496.8511648,1938,0,eight_s
1774426496.8563552,1837,0,eight_s
1774426496.8582468,1879,0,eight_s
1774426496.860588,2103,0,eight_s
1774426496.8634722,2162,0,eight_s
1774426496.8661718,2047,0,eight_s
1774426496.8691452,1881,0,eight_s
1774426496.872125,1846,0,eight_s
1774426496.876765,1946,0,eight_s
1774426496.878777,2135,0,eight_s
1774426496.8815281,2155,0,eight_s
1774426496.884962,1871,0,eight_s
1774426496.887518,1984,0,eight_s
1774426496.890163,1895,0,eight_s
1774426496.893147,1915,0,eight_s
1774426496.8971379,2175,0,eight_s
1774426496.900022,2085,0,eight_s
1774426496.9029691,1905,0,eight_s
1774426496.905617,1749,0,eight_s
1774426496.90817,1968,0,eight_s
1774426496.9111612,2096,0,eight_s
1774426496.917264,2068,0,eight_s
1774426496.917658,1847,0,eight_s
1774426496.920525,2077,0,eight_s
1774426496.924237,1932,0,eight_s
1774426496.9261389,1970,0,eight_s
1774426496.929153,1981,0,eight_s
1774426496.932043,2120,0,eight_s
1774426496.9383192,2002,0,eight_s
1774426496.93967,1818,0,eight_s
1774426496.94124,1859,0,eight_s
1774426496.944764,2208,0,eight_s
1774426496.947534,2118,0,eight_s
1774426496.95014,1803,0,eight_s
1774426496.953035,1884,0,eight_s
1774426496.957846,2094,0,eight_s
1774426496.9598238,2122,0,eight_s
1774426496.963944,1926,0,eight_s
1774426496.9653382,2051,0,eight_s
1774426496.96804,1885,0,eight_s
1774426496.971031,1888,0,eight_s
1774426496.9740758,1938,0,eight_s
1774426496.978486,2065,0,eight_s
1774426496.980224,2082,0,eight_s
1774426496.984162,1991,0,eight_s
1774426496.986618,1983,0,eight_s
1774426496.9891672,1903,0,eight_s
1774426496.992044,1921,0,eight_s
1774426496.9980989,2117,0,eight_s
1774426496.998419,2100,0,eight_s
1774426497.001554,1852,0,eight_s
1774426497.005151,1947,0,eight_s
1774426497.007027,1915,0,eight_s
1774426497.010015,2093,0,eight_s
1774426497.0130072,2164,0,eight_s
1774426497.0181649,1976,0,eight_s
1774426497.020494,1853,0,eight_s
1774426497.0225081,1904,0,eight_s
1774426497.025325,1949,0,eight_s
1774426497.028065,2123,0,eight_s
1774426497.0310369,2208,0,eight_s
1774426497.033992,1943,0,eight_s
1774426497.03886,1934,0,eight_s
1774426497.0410829,1893,0,eight_s
1774426497.0431712,2084,0,eight_s
1774426497.046628,2115,0,eight_s
1774426497.0492249,2050,0,eight_s
1774426497.052025,1868,0,eight_s
1774426497.0550458,1793,0,eight_s
1774426497.059777,1913,0,eight_s
1774426497.061451,2052,0,eight_s
1774426497.064168,2160,0,eight_s
1774426497.067917,1964,0,eight_s
1774426497.0705001,1953,0,eight_s
1774426497.073044,1903,0,eight_s
1774426497.076009,1992,0,eight_s
1774426497.079695,2131,0,eight_s
1774426497.082978,2117,0,eight_s
1774426497.0853171,1848,0,eight_s
1774426497.088057,1898,0,eight_s
1774426497.091021,1942,0,eight_s
1774426497.094732,2106,0,eight_s
1774426497.099815,2134,0,eight_s
1774426497.100731,1935,0,eight_s
1774426497.103306,1987,0,eight_s
1774426497.1070158,1877,0,eight_s
1774426497.10904,1958,0,eight_s
1774426497.112627,2082,0,eight_s
1774426497.11518,2151,0,eight_s
1774426497.120428,1898,0,eight_s
1774426497.1211038,1841,0,eight_s
1774426497.124532,1879,0,eight_s
1774426497.12729,2091,0,eight_s
1774426497.130017,2152,0,eight_s
1774426497.1330051,1981,0,eight_s
1774426497.1360252,1861,0,eight_s
1774426497.140515,1878,0,eight_s
1774426497.142399,2019,0,eight_s
1774426497.146338,2128,0,eight_s
1774426497.148949,2093,0,eight_s
1774426497.1514912,1846,0,eight_s
1774426497.1540449,1939,0,eight_s
1774426497.1614468,1945,0,eight_s
1774426497.162036,2037,0,eight_s
1774426497.164108,2128,0,eight_s
1774426497.166955,2139,0,eight_s
1774426497.1697412,1842,0,eight_s
1774426497.172286,1935,0,eight_s
1774426497.1750011,1897,0,eight_s
1774426497.181175,2049,0,eight_s
1774426497.18206,2145,0,eight_s
1774426497.184225,1882,0,eight_s
1774426497.187078,1993,0,eight_s
1774426497.190022,1979,0,eight_s
1774426497.193015,2031,0,eight_s
1774426497.196037,1985,0,eight_s
1774426497.2009852,2132,0,eight_s
1774426497.203097,1877,0,eight_s
1774426497.2051358,1890,0,eight_s
1774426497.208334,1882,0,eight_s
1774426497.211116,2154,0,eight_s
1774426497.2140129,2096,0,eight_s
1774426497.21705,1839,0,eight_s
1774426497.221498,2036,0,eight_s
1774426497.223425,1975,0,eight_s
1774426497.227345,1947,0,eight_s
1774426497.229059,2047,0,eight_s
1774426497.232037,2121,0,eight_s
1774426497.2350001,1905,0,eight_s
1774426497.2380302,1837,0,eight_s
1774426497.24243,1987,0,eight_s
1774426497.245096,2159,0,eight_s
1774426497.248775,2148,0,eight_s
1774426497.2503018,1784,0,eight_s
1774426497.253033,1982,0,eight_s
1774426497.256012,1941,0,eight_s
1774426497.2619011,2027,0,eight_s
1774426497.26259,2014,0,eight_s
1774426497.265463,2165,0,eight_s
1774426497.269297,1882,0,eight_s
1774426497.271038,1884,0,eight_s
1774426497.2740412,1870,0,eight_s
1774426497.277049,2300,0,eight_s
1774426497.282412,2071,0,eight_s
1774426497.283102,1934,0,eight_s
1774426497.286101,1759,0,eight_s
1774426497.289676,1969,0,eight_s
1774426497.292405,1844,0,eight_s
1774426497.295063,2035,0,eight_s
1774426497.298042,2075,0,eight_s
1774426497.302238,1890,0,eight_s
1774426497.3043032,1956,0,eight_s
1774426497.308307,1930,0,eight_s
1774426497.3108742,2081,0,eight_s
1774426497.313428,2155,0,eight_s
1774426497.315927,2050,0,eight_s
1774426497.322827,1898,0,eight_s
1774426497.323236,1894,0,eight_s
1774426497.325154,1986,0,eight_s
1774426497.329062,2154,0,eight_s
1774426497.3318489,2113,0,eight_s
1774426497.3344,1885,0,eight_s
1774426497.3369448,1903,0,eight_s
1774426497.339957,1944,0,eight_s
1774426497.3431869,2087,0,eight_s
1774426497.346445,2105,0,eight_s
1774426497.350166,2071,0,eight_s
1774426497.3519108,1882,0,eight_s
1774426497.3555012,1881,0,eight_s
1774426497.358046,1896,0,eight_s
1774426497.363719,2098,0,eight_s
1774426497.364171,2094,0,eight_s
1774426497.3671849,1913,0,eight_s
1774426497.370979,1919,0,eight_s
1774426497.37292,1897,0,eight_s
1774426497.37592,2051,0,eight_s
1774426497.378916,2106,0,eight_s
1774426497.38355,2114,0,eight_s
1774426497.3857532,1865,0,eight_s
1774426497.3887382,1898,0,eight_s
1774426497.39103,1924,0,eight_s
1774426497.393924,2120,0,eight_s
1774426497.396907,2097,0,eight_s
1774426497.399922,1934,0,eight_s
1774426497.406141,1903,0,eight_s
1774426497.406247,1863,0,eight_s
1774426497.410236,1983,0,eight_s
1774426497.411965,2113,0,eight_s
1774426497.4149141,2094,0,eight_s
1774426497.417892,1880,0,eight_s
1774426497.4209092,1965,0,eight_s
1774426497.424473,1939,0,eight_s
1774426497.427936,2078,0,eight_s
1774426497.430679,2152,0,eight_s
1774426497.433475,1999,0,eight_s
1774426497.436037,1890,0,eight_s
1774426497.438911,1880,0,eight_s
1774426497.445277,1981,0,eight_s
1774426497.4456651,2135,0,eight_s
1774426497.4480681,2155,0,eight_s
1774426497.4519491,1886,0,eight_s
1774426497.45391,1885,0,eight_s
1774426497.4569669,1961,0,eight_s
1774426497.4599118,2119,0,eight_s
1774426497.465305,2059,0,eight_s
1774426497.467177,1992,0,eight_s
1774426497.469107,1902,0,eight_s
1774426497.472439,1900,0,eight_s
1774426497.475179,1939,0,eight_s
1774426497.47792,2117,0,eight_s
1774426497.480903,2090,0,eight_s
1774426497.485767,1907,0,eight_s
1774426497.4886029,1939,0,eight_s
1774426497.4912572,1889,0,eight_s
1774426497.49388,2066,0,eight_s
1774426497.4963782,2161,0,eight_s
1774426497.498933,2119,0,eight_s
1774426497.5018811,1857,0,eight_s
1774426497.505742,1818,0,eight_s
1774426497.5086389,1924,0,eight_s
1774426497.5123289,2246,0,eight_s
1774426497.513914,2016,0,eight_s
1774426497.516914,1808,0,eight_s
1774426497.519916,1931,0,eight_s
1774426497.52611,1920,0,eight_s
1774426497.5264919,1969,0,eight_s
1774426497.529237,2105,0,eight_s
1774426497.533057,2090,0,eight_s
1774426497.534909,1827,0,eight_s
1774426497.537916,1855,0,eight_s
1774426497.54091,2046,0,eight_s
1774426497.5460851,2177,0,eight_s
1774426497.547992,2068,0,eight_s
1774426497.550474,1878,0,eight_s
1774426497.5535638,1899,0,eight_s
1774426497.556232,1916,0,eight_s
1774426497.558914,1968,0,eight_s
1774426497.561912,2158,0,eight_s
1774426497.5665169,2257,0,eight_s
1774426497.568179,1822,0,eight_s
1774426497.572268,1810,0,eight_s
1774426497.575094,1965,0,eight_s
1774426497.576902,2218,0,eight_s
1774426497.5799181,2011,0,eight_s
1774426497.5828888,1861,0,eight_s
1774426497.586161,1971,0,eight_s
1774426497.5896692,1997,0,eight_s
1774426497.593364,1848,0,eight_s
1774426497.594927,2165,0,eight_s
1774426497.5979168,2115,0,eight_s
1774426497.600928,1940,0,eight_s
1774426497.607143,1782,0,eight_s
1774426497.607506,1951,0,eight_s
1774426497.610271,2180,0,eight_s
1774426497.613964,2132,0,eight_s
1774426497.615911,1920,0,eight_s
1774426497.618894,2095,0,eight_s
1774426497.621925,1875,0,eight_s
1774426497.627397,1758,0,eight_s
1774426497.628083,2048,0,eight_s
1774426497.631344,2159,0,eight_s
1774426497.634185,1778,0,eight_s
1774426497.6369112,1865,0,eight_s
1774426497.6398761,1972,0,eight_s
1774426497.64288,2099,0,eight_s
1774426497.647889,2138,0,eight_s
1774426497.6492622,2071,0,eight_s
1774426497.651993,1912,0,eight_s
1774426497.6553931,1881,0,eight_s
1774426497.6579351,1998,0,eight_s
1774426497.66089,2110,0,eight_s
1774426497.667733,2001,0,eight_s
1774426497.667818,1937,0,eight_s
1774426497.670775,1821,0,eight_s
1774426497.673711,1952,0,eight_s
1774426497.676474,2097,0,eight_s
1774426497.679015,2176,0,eight_s
1774426497.681901,2129,0,eight_s
1774426497.687745,1873,0,eight_s
1774426497.6881459,1872,0,eight_s
1774426497.691312,1955,0,eight_s
1774426497.695074,2042,0,eight_s
1774426497.6969159,2010,0,eight_s
1774426497.699907,1924,0,eight_s
1774426497.702917,1998,0,eight_s
1774426497.707789,1943,0,eight_s
1774426497.70997,2126,0,eight_s
1774426497.713077,2128,0,eight_s
1774426497.715463,2112,0,eight_s
1774426497.7180521,1836,0,eight_s
1774426497.7207732,1967,0,eight_s
1774426497.724579,1898,0,eight_s
1774426497.7284591,1874,0,eight_s
1774426497.7300181,2112,0,eight_s
1774426497.733978,2010,0,eight_s
1774426497.7366168,1915,0,eight_s
1774426497.738954,2006,0,eight_s
1774426497.741772,1996,0,eight_s
1774426497.7447522,2156,0,eight_s
1774426497.7484212,2271,0,eight_s
1774426497.7514591,1771,0,eight_s
1774426497.755407,1789,0,eight_s
1774426497.756862,1767,0,eight_s
1774426497.759763,2121,0,eight_s
1774426497.762757,1983,0,eight_s
1774426497.7689679,1933,0,eight_s
1774426497.769873,1997,0,eight_s
1774426497.772434,2157,0,eight_s
1774426497.776145,1925,0,eight_s
1774426497.777806,1981,0,eight_s
1774426497.780792,1982,0,eight_s
1774426497.783792,1920,0,eight_s
1774426497.789155,1858,0,eight_s
1774426497.7903528,1933,0,eight_s
1774426497.793514,2181,0,eight_s
1774426497.796397,2106,0,eight_s
1774426497.79904,1951,0,eight_s
1774426497.801769,1878,0,eight_s
1774426497.804776,2130,0,eight_s
1774426497.8095748,2035,0,eight_s
1774426497.8112419,1897,0,eight_s
1774426497.8153589,1883,0,eight_s
1774426497.816888,2046,0,eight_s
1774426497.819781,1823,0,eight_s
1774426497.82279,1978,0,eight_s
1774426497.8257432,2118,0,eight_s
1774426497.829691,2148,0,eight_s
1774426497.833146,2103,0,eight_s
1774426497.83582,1887,0,eight_s
1774426497.83839,1896,0,eight_s
1774426497.8410182,2055,0,eight_s
1774426497.8437881,2109,0,eight_s
1774426497.8498728,1973,0,eight_s
1774426497.850605,1923,0,eight_s
1774426497.853903,1967,0,eight_s
1774426497.85593,1911,0,eight_s
1774426497.8587918,1923,0,eight_s
1774426497.8617558,2122,0,eight_s
1774426497.864778,2114,0,eight_s
1774426497.869781,1830,0,eight_s
1774426497.871577,2098,0,eight_s
1774426497.876768,1977,0,eight_s
1774426497.87691,1981,0,eight_s
1774426497.879785,1955,0,eight_s
1774426497.882761,1886,0,eight_s
1774426497.885741,2008,0,eight_s
1774426497.890517,1944,0,eight_s
1774426497.892185,1898,0,eight_s
1774426497.895127,2087,0,eight_s
1774426497.898732,2231,0,eight_s
1774426497.9012952,1872,0,eight_s
1774426497.9038389,1950,0,eight_s
1774426497.906762,2106,0,eight_s
1774426497.910393,2119,0,eight_s
1774426497.9137971,1953,0,eight_s
1774426497.916379,1786,0,eight_s
1774426497.919107,1928,0,eight_s
1774426497.9217842,1947,0,eight_s
1774426497.924788,1875,0,eight_s
1774426497.930584,2268,0,eight_s
1774426497.932037,2027,0,eight_s
1774426497.934376,1887,0,eight_s
1774426497.9379761,1746,0,eight_s
1774426497.939798,2007,0,eight_s
1774426497.942785,2092,0,eight_s
1774426497.945784,2170,0,eight_s
1774426497.951266,1824,0,eight_s
1774426497.9519129,1879,0,eight_s
1774426497.955796,1999,0,eight_s
1774426497.95819,2098,0,eight_s
1774426497.961024,1845,0,eight_s
1774426497.963678,1987,0,eight_s
1774426497.96666,1854,0,eight_s
1774426497.971736,1911,0,eight_s
1774426497.973313,1968,0,eight_s
1774426497.977372,2133,0,eight_s
1774426497.97888,2194,0,eight_s
1774426497.9816608,2062,0,eight_s
1774426497.985386,1947,0,eight_s
1774426497.987927,1919,0,eight_s
1774426497.9919739,1958,0,eight_s
1774426497.995073,2090,0,eight_s
1774426497.9976032,1938,0,eight_s
1774426498.00036,2033,0,eight_s
1774426498.0029042,1808,0,eight_s
1774426498.0056698,2066,0,eight_s
1774426498.0087612,1985,0,eight_s
1774426498.011748,2166,0,eight_s
1774426498.015184,2015,0,eight_s
1774426498.018836,1721,0,eight_s
1774426498.0206451,1876,0,eight_s
1774426498.0236568,2081,0,eight_s
1774426498.026645,2101,0,eight_s
1774426498.0328152,2138,0,eight_s
1774426498.0331619,2191,0,eight_s
1774426498.036289,1561,0,eight_s
1774426498.038789,1819,0,eight_s
1774426498.0416698,1979,0,eight_s
1774426498.044634,2127,0,eight_s
1774426498.0476632,2218,0,eight_s
1774426498.0531058,2153,0,eight_s
1774426498.054589,1564,0,eight_s
1774426498.057441,2064,0,eight_s
1774426498.059856,1973,0,eight_s
1774426498.0626612,2089,0,eight_s
1774426498.065621,2001,0,eight_s
1774426498.068616,1945,0,eight_s
1774426498.0728588,2018,0,eight_s
1774426498.074972,1981,0,eight_s
1774426498.0777879,1989,0,eight_s
1774426498.081634,2104,0,eight_s
1774426498.084179,2002,0,eight_s
1774426498.086735,1907,0,eight_s
1774426498.089691,1942,0,eight_s
1774426498.0928829,1799,0,eight_s
1774426498.096309,1948,0,eight_s
1774426498.1002162,2082,0,eight_s
1774426498.101741,1906,0,eight_s
1774426498.1046479,1906,0,eight_s
1774426498.107626,2089,0,eight_s
1774426498.114212,2216,0,eight_s
1774426498.11585,2043,0,eight_s
1774426498.117905,1778,0,eight_s
1774426498.121459,1932,0,eight_s
1774426498.123007,1894,0,eight_s
1774426498.125667,2072,0,eight_s
1774426498.128662,2212,0,eight_s
1774426498.13402,2117,0,eight_s
1774426498.1351879,1860,0,eight_s
1774426498.1387231,1803,0,eight_s
1774426498.141243,2211,0,eight_s
1774426498.143948,2126,0,eight_s
1774426498.14667,1786,0,eight_s
1774426498.149647,1860,0,eight_s
1774426498.15506,1922,0,eight_s
1774426498.156495,1965,0,eight_s
1774426498.160427,2115,0,eight_s
1774426498.1617332,1970,0,eight_s
1774426498.16466,2075,0,eight_s
1774426498.167635,1851,0,eight_s
1774426498.170677,1911,0,eight_s
1774426498.1746209,2089,0,eight_s
1774426498.177526,2220,0,eight_s
1774426498.180423,1990,0,eight_s
1774426498.183233,1829,0,eight_s
1774426498.1857731,1786,0,eight_s
1774426498.188708,2080,0,eight_s
1774426498.1948721,1899,0,eight_s
1774426498.195528,2015,0,eight_s
1774426498.1982899,2189,0,eight_s
1774426498.202084,2093,0,eight_s
1774426498.2036648,1812,0,eight_s
1774426498.2066612,2025,0,eight_s
1774426498.209656,2169,0,eight_s
1774426498.2157729,2404,0,eight_s
1774426498.216106,1577,0,eight_s
1774426498.2187688,1740,0,eight_s
1774426498.222519,1879,0,eight_s
1774426498.225205,1947,0,eight_s
1774426498.2277482,2134,0,eight_s
1774426498.230648,2127,0,eight_s
1774426498.235044,2073,0,eight_s
1774426498.237311,2010,0,eight_s
1774426498.241277,1791,0,eight_s
1774426498.2427578,2306,0,eight_s
1774426498.2456698,1971,0,eight_s
1774426498.2486331,1927,0,eight_s
1774426498.252339,1719,0,eight_s
1774426498.255754,1808,0,eight_s
1774426498.2577531,2006,0,eight_s
1774426498.26176,2183,0,eight_s
1774426498.264363,2120,0,eight_s
1774426498.2669299,1821,0,eight_s
1774426498.269654,2022,0,eight_s
1774426498.2727628,1904,0,eight_s
1774426498.276361,2045,0,eight_s
1774426498.2794838,2068,0,eight_s
1774426498.283288,2002,0,eight_s
1774426498.284822,1907,0,eight_s
1774426498.287652,1910,0,eight_s
1774426498.290663,2001,0,eight_s
1774426498.296305,2133,0,eight_s
1774426498.296714,2106,0,eight_s
1774426498.2997818,1847,0,eight_s
1774426498.3036642,1926,0,eight_s
1774426498.306299,1959,0,eight_s
1774426498.308854,2098,0,eight_s
1774426498.311518,2139,0,eight_s
1774426498.316472,2015,0,eight_s
1774426498.318244,1821,0,eight_s
1774426498.3221078,1970,0,eight_s
1774426498.323601,1908,0,eight_s
1774426498.3265002,2155,0,eight_s
1774426498.32951,2138,0,eight_s
1774426498.332515,1864,0,eight_s
1774426498.337461,1843,0,eight_s
1774426498.339079,1886,0,eight_s
1774426498.343007,2075,0,eight_s
1774426498.3446631,2133,0,eight_s
1774426498.347567,2121,0,eight_s
1774426498.350543,1833,0,eight_s
1774426498.353544,1910,0,eight_s
1774426498.357524,1969,0,eight_s
1774426498.360489,2149,0,eight_s
1774426498.363179,2103,0,eight_s
1774426498.3660412,1940,0,eight_s
1774426498.368584,1860,0,eight_s
1774426498.371517,1911,0,eight_s
1774426498.37452,1996,0,eight_s
1774426498.377853,2132,0,eight_s
1774426498.3809311,2084,0,eight_s
1774426498.384663,1855,0,eight_s
1774426498.3865511,1943,0,eight_s
1774426498.389575,1978,0,eight_s
1774426498.3925362,2066,0,eight_s
1774426498.398587,2091,0,eight_s
1774426498.399509,2019,0,eight_s
1774426498.402143,1819,0,eight_s
1774426498.405945,1887,0,eight_s
1774426498.407541,1979,0,eight_s
1774426498.410534,2144,0,eight_s
1774426498.413517,2102,0,eight_s
1774426498.418518,1849,0,eight_s
1774426498.421663,1913,0,eight_s
1774426498.4235258,1924,0,eight_s
1774426498.425741,2065,0,eight_s
1774426498.42853,2105,0,eight_s
1774426498.431535,2043,0,eight_s
1774426498.434536,1902,0,eight_s
1774426498.439002,2038,0,eight_s
1774426498.44083,1966,0,eight_s
1774426498.44368,2008,0,eight_s
1774426498.447422,2048,0,eight_s
1774426498.449975,2091,0,eight_s
1774426498.4525151,1788,0,eight_s
1774426498.459139,1909,0,eight_s
1774426498.459476,2036,0,eight_s
1774426498.462631,2166,0,eight_s
1774426498.465634,1997,0,eight_s
1774426498.468225,2008,0,eight_s
1774426498.470779,1892,0,eight_s
1774426498.473544,1935,0,eight_s
1774426498.4794,1972,0,eight_s
1774426498.4797719,2173,0,eight_s
1774426498.483171,1935,0,eight_s
1774426498.486901,1883,0,eight_s
1774426498.488538,1868,0,eight_s
1774426498.4915378,2080,0,eight_s
1774426498.494585,2102,0,eight_s
1774426498.4996722,2048,0,eight_s
1774426498.5014641,1899,0,eight_s
1774426498.5055559,2171,0,eight_s
1774426498.506926,1821,0,eight_s
1774426498.509598,1947,0,eight_s
1774426498.512542,2052,0,eight_s
1774426498.515523,2098,0,eight_s
1774426498.520076,1796,0,eight_s
1774426498.5219672,1850,0,eight_s
1774426498.52469,2059,0,eight_s
1774426498.528675,2232,0,eight_s
1774426498.5305269,1970,0,eight_s
1774426498.5335271,1828,0,eight_s
1774426498.5365,2003,0,eight_s
1774426498.5404181,2007,0,eight_s
1774426498.543749,2025,0,eight_s
1774426498.546371,2004,0,eight_s
1774426498.549133,2082,0,eight_s
1774426498.551695,1931,0,eight_s
1774426498.554492,1783,0,eight_s
1774426498.5603352,2037,0,eight_s
1774426498.560724,2170,0,eight_s
1774426498.563628,1956,0,eight_s
1774426498.567244,1773,0,eight_s
1774426498.5700648,1883,0,eight_s
1774426498.572611,1890,0,eight_s
1774426498.575536,2045,0,eight_s
1774426498.581137,2102,0,eight_s
1774426498.581718,2092,0,eight_s
1774426498.585454,1912,0,eight_s
1774426498.5877209,1934,0,eight_s
1774426498.5905411,1989,0,eight_s
1774426498.5935,2094,0,eight_s
1774426498.596559,2119,0,eight_s
1774426498.601229,1914,0,eight_s
1774426498.6042309,1902,0,eight_s
1774426498.607177,1927,0,eight_s
1774426498.608526,2105,0,eight_s
1774426498.611534,2119,0,eight_s
1774426498.614536,2050,0,eight_s
1774426498.617495,1825,0,eight_s
1774426498.6213381,1874,0,eight_s
1774426498.624555,1911,0,eight_s
1774426498.627009,2097,0,eight_s
1774426498.6298728,2117,0,eight_s
1774426498.632554,1933,0,eight_s
1774426498.635521,1940,0,eight_s
1774426498.641567,1894,0,eight_s
1774426498.642526,1988,0,eight_s
1774426498.645206,2122,0,eight_s
1774426498.648906,2121,0,eight_s
1774426498.650574,1883,0,eight_s
1774426498.653416,1847,0,eight_s
1774426498.6564128,1917,0,eight_s
1774426498.661449,2140,0,eight_s
1774426498.663399,2096,0,eight_s
1774426498.666156,1933,0,eight_s
1774426498.668571,1871,0,eight_s
1774426498.671405,1901,0,eight_s
1774426498.6752179,2044,0,eight_s
1774426498.6777642,2131,0,eight_s
1774426498.681986,2056,0,eight_s
1774426498.683584,1855,0,eight_s
1774426498.687576,1896,0,eight_s
1774426498.690163,1900,0,eight_s
1774426498.692721,2027,0,eight_s
1774426498.695411,2095,0,eight_s
1774426498.69839,1998,0,eight_s
1774426498.7015722,1967,0,eight_s
1774426498.705045,1928,0,eight_s
1774426498.7087512,1966,0,eight_s
1774426498.710409,2163,0,eight_s
1774426498.71344,2097,0,eight_s
1774426498.7164228,1877,0,eight_s
1774426498.721955,1908,0,eight_s
1774426498.7231941,1914,0,eight_s
1774426498.72558,2042,0,eight_s
1774426498.729433,2138,0,eight_s
1774426498.73141,2017,0,eight_s
1774426498.7344131,1843,0,eight_s
1774426498.737366,1866,0,eight_s
1774426498.743186,1993,0,eight_s
1774426498.7438269,2135,0,eight_s
1774426498.74739,2096,0,eight_s
1774426498.7500002,1896,0,eight_s
1774426498.752727,1946,0,eight_s
1774426498.755521,1872,0,eight_s
1774426498.758409,2224,0,eight_s
1774426498.762837,2186,0,eight_s
1774426498.764759,1958,0,eight_s
1774426498.767618,1777,0,eight_s
1774426498.7714539,1905,0,eight_s
1774426498.774017,1988,0,eight_s
1774426498.776563,2025,0,eight_s
1774426498.779377,2122,0,eight_s
1774426498.783437,1876,0,eight_s
1774426498.786405,1852,0,eight_s
1774426498.788605,1993,0,eight_s
1774426498.791404,2196,0,eight_s
1774426498.794382,1957,0,eight_s
1774426498.79741,2023,0,eight_s
1774426498.803463,1882,0,eight_s
1774426498.8038201,1927,0,eight_s
1774426498.806723,1831,0,eight_s
1774426498.809411,2068,0,eight_s
1774426498.812418,2135,0,eight_s
1774426498.815419,1918,0,eight_s
1774426498.8184,1779,0,eight_s
1774426498.823955,2027,0,eight_s
1774426498.82462,2081,0,eight_s
1774426498.827465,2123,0,eight_s
1774426498.831083,1951,0,eight_s
1774426498.833708,1918,0,eight_s
1774426498.836471,1992,0,eight_s
1774426498.8394072,1881,0,eight_s
1774426498.844119,1993,0,eight_s
1774426498.846428,2191,0,eight_s
1774426498.848619,2079,0,eight_s
1774426498.8520892,1765,0,eight_s
1774426498.854697,1767,0,eight_s
1774426498.857447,2011,0,eight_s
1774426498.860379,2301,0,eight_s
1774426498.865026,1969,0,eight_s
1774426498.867048,1840,0,eight_s
1774426498.87009,1958,0,eight_s
1774426498.872504,1953,0,eight_s
1774426498.8774421,2080,0,eight_s
1774426498.882004,2110,0,eight_s
1774426498.8822458,2039,0,eight_s
1774426498.896137,1802,0,eight_s
1774426498.896171,1903,0,eight_s
1774426498.896192,1958,0,eight_s
1774426498.896213,2113,0,eight_s
1774426498.8967009,2115,0,eight_s
1774426498.9002721,1915,0,eight_s
1774426498.902976,1950,0,eight_s
1774426498.914956,1941,0,eight_s
1774426498.9171991,2029,0,eight_s
1774426498.917442,2167,0,eight_s
1774426498.917517,2130,0,eight_s
1774426498.917665,1881,0,eight_s
1774426498.920435,1911,0,eight_s
1774426498.923403,1920,0,eight_s
1774426498.927862,2081,0,eight_s
1774426498.929843,2119,0,eight_s
1774426498.93254,1911,0,eight_s
1774426498.9354072,1941,0,eight_s
1774426498.9383721,1929,0,eight_s
1774426498.941421,1959,0,eight_s
1774426498.944415,2128,0,eight_s
1774426498.9481542,2132,0,eight_s
1774426498.9512901,1879,0,eight_s
1774426498.9551659,1883,0,eight_s
1774426498.9567528,1937,0,eight_s
1774426498.959407,2093,0,eight_s
1774426498.96239,2115,0,eight_s
1774426498.96853,1942,0,eight_s
1774426498.9686139,1933,0,eight_s
1774426498.971733,1859,0,eight_s
1774426498.975401,1983,0,eight_s
1774426498.97728,2122,0,eight_s
1774426498.981052,2090,0,eight_s
1774426498.983596,1854,0,eight_s
1774426498.988884,1950,0,eight_s
1774426498.9896011,1934,0,eight_s
1774426498.9930902,2034,0,eight_s
1774426498.99607,2120,0,eight_s
1774426498.998792,2025,0,eight_s
1774426499.001339,1934,0,eight_s
1774426499.0043,1916,0,eight_s
1774426499.009326,1946,0,eight_s
1774426499.010881,2103,0,eight_s
1774426499.013747,2136,0,eight_s
1774426499.017261,1861,0,eight_s
1774426499.019812,1883,0,eight_s
1774426499.022364,1895,0,eight_s
1774426499.0252512,2070,0,eight_s
1774426499.029336,2122,0,eight_s
1774426499.031371,1995,0,eight_s
1774426499.0352829,1865,0,eight_s
1774426499.038142,1875,0,eight_s
1774426499.0406861,1955,0,eight_s
1774426499.043309,2137,0,eight_s
1774426499.0501142,2106,0,eight_s
1774426499.0505111,1904,0,eight_s
1774426499.053309,1959,0,eight_s
1774426499.055968,1945,0,eight_s
1774426499.058748,2029,0,eight_s
1774426499.061297,2080,0,eight_s
1774426499.064279,2056,0,eight_s
1774426499.0700002,1895,0,eight_s
1774426499.0709271,1871,0,eight_s
1774426499.07355,1951,0,eight_s
1774426499.0772538,2105,0,eight_s
1774426499.079277,2146,0,eight_s
1774426499.082292,1908,0,eight_s
1774426499.08536,1880,0,eight_s
1774426499.0904052,1909,0,eight_s
1774426499.092237,2027,0,eight_s
1774426499.096205,2062,0,eight_s
1774426499.097567,2199,0,eight_s
1774426499.1002839,1935,0,eight_s
1774426499.103248,1784,0,eight_s
1774426499.106278,1880,0,eight_s
1774426499.110635,2104,0,eight_s
1774426499.11271,2125,0,eight_s
1774426499.115519,1917,0,eight_s
1774426499.1190798,2040,0,eight_s
1774426499.121631,1850,0,eight_s
1774426499.124303,1999,0,eight_s
1774426499.127284,2103,0,eight_s
1774426499.131575,2074,0,eight_s
1774426499.133329,1828,0,eight_s
1774426499.137142,1943,0,eight_s
1774426499.139955,1961,0,eight_s
1774426499.142495,2038,0,eight_s
1774426499.145256,1973,0,eight_s
1774426499.1482618,1996,0,eight_s
1774426499.151607,1896,0,eight_s
1774426499.155745,2006,0,eight_s
1774426499.157444,1966,0,eight_s
1774426499.1602619,2239,0,eight_s
1774426499.1633039,2002,0,eight_s
1774426499.166278,1711,0,eight_s
1774426499.172268,1900,0,eight_s
1774426499.173214,2155,0,eight_s
1774426499.1755788,1961,0,eight_s
1774426499.17951,2000,0,eight_s
1774426499.181298,2087,0,eight_s
1774426499.1843,2063,0,eight_s
1774426499.1872718,1868,0,eight_s
1774426499.19259,1915,0,eight_s
1774426499.194547,2153,0,eight_s
1774426499.1964202,2183,0,eight_s
1774426499.199689,1701,0,eight_s
1774426499.202374,1892,0,eight_s
1774426499.205281,1906,0,eight_s
1774426499.2082849,2110,0,eight_s
1774426499.212873,2021,0,eight_s
1774426499.214769,2069,0,eight_s
1774426499.218694,1982,0,eight_s
1774426499.22034,1821,0,eight_s
1774426499.223284,1861,0,eight_s
1774426499.226281,2123,0,eight_s
1774426499.229248,2073,0,eight_s
1774426499.233112,1899,0,eight_s
1774426499.2362099,1946,0,eight_s
1774426499.24015,1912,0,eight_s
1774426499.241753,1992,0,eight_s
1774426499.244298,2133,0,eight_s
1774426499.247282,2087,0,eight_s
1774426499.253514,1899,0,eight_s
1774426499.254457,1911,0,eight_s
1774426499.25699,1931,0,eight_s
1774426499.2606962,2067,0,eight_s
1774426499.26232,2149,0,eight_s
1774426499.2652779,1941,0,eight_s
1774426499.268287,1896,0,eight_s
1774426499.273758,1892,0,eight_s
1774426499.274455,1983,0,eight_s
1774426499.277872,2136,0,eight_s
1774426499.2808619,2096,0,eight_s
1774426499.283655,1926,0,eight_s
1774426499.2862878,1956,0,eight_s
1774426499.2892869,2003,0,eight_s
1774426499.294088,2107,0,eight_s
1774426499.295991,2083,0,eight_s
1774426499.299896,1977,0,eight_s
1774426499.301378,1924,0,eight_s
1774426499.3043,1912,0,eight_s
1774426499.3072882,2034,0,eight_s
1774426499.310268,2121,0,eight_s
1774426499.3149061,2054,0,eight_s
1774426499.316451,1819,0,eight_s
1774426499.3203042,1912,0,eight_s
1774426499.323065,1929,0,eight_s
1774426499.3256059,2083,0,eight_s
1774426499.3282628,2136,0,eight_s
1774426499.331273,2018,0,eight_s
1774426499.335239,1951,0,eight_s
1774426499.338309,1923,0,eight_s
1774426499.340401,1921,0,eight_s
1774426499.3432808,2068,0,eight_s
1774426499.346271,2112,0,eight_s
1774426499.349251,1902,0,eight_s
1774426499.355654,1914,0,eight_s
1774426499.356011,1915,0,eight_s
1774426499.358898,2103,0,eight_s
1774426499.361283,2152,0,eight_s
1774426499.364296,2089,0,eight_s
1774426499.3673081,1887,0,eight_s
1774426499.370944,1856,0,eight_s
1774426499.3766358,1895,0,eight_s
1774426499.3770711,2070,0,eight_s
1774426499.379283,2143,0,eight_s
1774426499.3823879,1878,0,eight_s
1774426499.385302,1927,0,eight_s
1774426499.3881578,1894,0,eight_s
1774426499.391156,2107,0,eight_s
1774426499.3975182,2115,0,eight_s
1774426499.3978722,2056,0,eight_s
1774426499.401299,1857,0,eight_s
1774426499.403336,1936,0,eight_s
1774426499.4061792,1952,0,eight_s
1774426499.409163,2195,0,eight_s
1774426499.4121542,2200,0,eight_s
1774426499.417887,1869,0,eight_s
1774426499.4182131,1887,0,eight_s
1774426499.421481,1879,0,eight_s
1774426499.425249,2061,0,eight_s
1774426499.427982,2172,0,eight_s
1774426499.43053,2053,0,eight_s
1774426499.433155,1811,0,eight_s
1774426499.43807,1937,0,eight_s
1774426499.439914,1969,0,eight_s
1774426499.4427211,2026,0,eight_s
1774426499.445235,2194,0,eight_s
1774426499.4481611,2080,0,eight_s
1774426499.451135,1908,0,eight_s
1774426499.454171,1740,0,eight_s
1774426499.4580579,1951,0,eight_s
1774426499.460193,2204,0,eight_s
1774426499.4643981,2127,0,eight_s
1774426499.467329,1754,0,eight_s
1774426499.469171,2023,0,eight_s
1774426499.4721239,1933,0,eight_s
1774426499.4751308,1985,0,eight_s
1774426499.478946,2052,0,eight_s
1774426499.481626,2199,0,eight_s
1774426499.484273,1923,0,eight_s
1774426499.4872088,1821,0,eight_s
1774426499.4901671,1819,0,eight_s
1774426499.493174,2241,0,eight_s
1774426499.4992158,2045,0,eight_s
1774426499.4992902,1870,0,eight_s
1774426499.502363,1889,0,eight_s
1774426499.506037,2049,0,eight_s
1774426499.508729,2006,0,eight_s
1774426499.511276,2023,0,eight_s
1774426499.514152,2035,0,eight_s
1774426499.519018,2015,0,eight_s
1774426499.520876,1851,0,eight_s
1774426499.5246751,1936,0,eight_s
1774426499.52621,2150,0,eight_s
1774426499.529147,2046,0,eight_s
1774426499.5321229,1829,0,eight_s
1774426499.535129,1854,0,eight_s
1774426499.539575,1907,0,eight_s
1774426499.541471,2107,0,eight_s
1774426499.545241,2155,0,eight_s
1774426499.547959,2098,0,eight_s
1774426499.550509,1841,0,eight_s
1774426499.553164,1864,0,eight_s
1774426499.556153,1929,0,eight_s
1774426499.559689,2007,0,eight_s
1774426499.562869,2103,0,eight_s
1774426499.566606,1979,0,eight_s
1774426499.568138,2024,0,eight_s
1774426499.57113,1912,0,eight_s
1774426499.574136,2012,0,eight_s
1774426499.580145,2146,0,eight_s
1774426499.580459,2072,0,eight_s
1774426499.5835478,1832,0,eight_s
1774426499.587122,1913,0,eight_s
1774426499.589834,1953,0,eight_s
1774426499.592395,2122,0,eight_s
1774426499.595156,2123,0,eight_s
1774426499.6004322,1986,0,eight_s
1774426499.602269,1886,0,eight_s
1774426499.6044538,1893,0,eight_s
1774426499.607429,2032,0,eight_s
1774426499.6101608,2049,0,eight_s
1774426499.613152,2077,0,eight_s
1774426499.616139,1827,0,eight_s
1774426499.6206248,1980,0,eight_s
1774426499.622514,1905,0,eight_s
1774426499.625269,2136,0,eight_s
1774426499.628868,2066,0,eight_s
1774426499.631254,1891,0,eight_s
1774426499.6341388,2112,0,eight_s
1774426499.6371899,1961,0,eight_s
1774426499.641133,2077,0,eight_s
1774426499.644279,1953,0,eight_s
1774426499.6471848,2039,0,eight_s
1774426499.6499321,1879,0,eight_s
1774426499.6523468,1958,0,eight_s
1774426499.655148,1917,0,eight_s
1774426499.658133,2087,0,eight_s
1774426499.661335,2146,0,eight_s
1774426499.664427,1978,0,eight_s
1774426499.6680288,1880,0,eight_s
1774426499.6708732,1924,0,eight_s
1774426499.6734238,1913,0,eight_s
1774426499.6761699,2007,0,eight_s
1774426499.682562,2119,0,eight_s
1774426499.68289,1999,0,eight_s
1774426499.6852438,2045,0,eight_s
1774426499.68903,2036,0,eight_s
1774426499.691883,1894,0,eight_s
1774426499.694429,1946,0,eight_s
1774426499.69716,2099,0,eight_s
1774426499.7020411,1942,0,eight_s
1774426499.70398,1919,0,eight_s
1774426499.707953,1942,0,eight_s
1774426499.709374,2106,0,eight_s
1774426499.712151,2136,0,eight_s
1774426499.715123,1906,0,eight_s
1774426499.718157,1985,0,eight_s
1774426499.722715,1831,0,eight_s
1774426499.724295,1993,0,eight_s
1774426499.727136,2088,0,eight_s
1774426499.730882,2036,0,eight_s
1774426499.7334242,1871,0,eight_s
1774426499.736109,2009,0,eight_s
1774426499.739024,2122,0,eight_s
1774426499.7430851,2037,0,eight_s
1774426499.746091,2024,0,eight_s
1774426499.7484329,1783,0,eight_s
1774426499.751173,1856,0,eight_s
1774426499.7540522,2014,0,eight_s
1774426499.757034,2058,0,eight_s
1774426499.762603,2349,0,eight_s
1774426499.763252,1828,0,eight_s
1774426499.766679,1713,0,eight_s
1774426499.770046,1923,0,eight_s
1774426499.772031,1835,0,eight_s
1774426499.775038,2037,0,eight_s
1774426499.778027,2241,0,eight_s
1774426499.782859,2012,0,eight_s
1774426499.785074,1820,0,eight_s
1774426499.788867,1886,0,eight_s
1774426499.7902458,2178,0,eight_s
1774426499.7930088,2053,0,eight_s
1774426499.796004,1974,0,eight_s
1774426499.799006,2116,0,eight_s
1774426499.8036458,2193,0,eight_s
1774426499.8054788,1935,0,eight_s
1774426499.80928,1456,0,eight_s
1774426499.812074,1909,0,eight_s
1774426499.814636,2060,0,eight_s
1774426499.81719,1961,0,eight_s
1774426499.8200068,2052,0,eight_s
1774426499.823825,1840,0,eight_s
1774426499.8269079,1985,0,eight_s
1774426499.8308108,2163,0,eight_s
1774426499.8323781,2136,0,eight_s
1774426499.8350132,2079,0,eight_s
1774426499.838014,1870,0,eight_s
1774426499.843963,1870,0,eight_s
1774426499.844291,2024,0,eight_s
1774426499.847685,2297,0,eight_s
1774426499.8512058,1912,0,eight_s
1774426499.853035,1882,0,eight_s
1774426499.856032,1649,0,eight_s
1774426499.859042,2217,0,eight_s
1774426499.864334,1931,0,eight_s
1774426499.866747,1781,0,eight_s
1774426499.8683,1930,0,eight_s
1774426499.8719978,1984,0,eight_s
1774426499.874041,2180,0,eight_s
1774426499.877033,2254,0,eight_s
1774426499.8800309,2146,0,eight_s
1774426499.884589,1707,0,eight_s
1774426499.886646,2014,0,eight_s
1774426499.889366,1893,0,eight_s
1774426499.8928661,2019,0,eight_s
1774426499.895419,2068,0,eight_s
1774426499.898039,2014,0,eight_s
1774426499.9009979,1869,0,eight_s
1774426499.904711,1944,0,eight_s
1774426499.907085,2029,0,eight_s
1774426499.910848,2131,0,eight_s
1774426499.913616,2112,0,eight_s
1774426499.916203,1909,0,eight_s
1774426499.919025,1929,0,eight_s
1774426499.922011,1924,0,eight_s
1774426499.925251,2101,0,eight_s
1774426499.9284961,2225,0,eight_s
1774426499.932215,1979,0,eight_s
1774426499.934016,1787,0,eight_s
1774426499.937034,1897,0,eight_s
1774426499.940025,1964,0,eight_s
1774426499.9455879,2194,0,eight_s
1774426499.946281,2082,0,eight_s
1774426499.9498408,1899,0,eight_s
1774426499.9531531,1909,0,eight_s
1774426499.955022,2109,0,eight_s
1774426499.958028,2074,0,eight_s
1774426499.961055,1873,0,eight_s
1774426499.9660192,1952,0,eight_s
1774426499.967711,1818,0,eight_s
1774426499.971613,1859,0,eight_s
1774426499.973123,2106,0,eight_s
1774426499.976053,2196,0,eight_s
1774426499.978998,2078,0,eight_s
1774426499.981997,1932,0,eight_s
1774426499.987403,2092,0,eight_s
1774426499.989876,1746,0,eight_s
1774426499.9914088,1979,0,eight_s
1774426499.9940412,2075,0,eight_s
1774426499.997041,1961,0,eight_s
1774426499.999999,1891,0,eight_s
1774426500.003145,1930,0,eight_s
1774426500.0064561,1954,0,eight_s
1774426500.009675,2129,0,eight_s
1774426500.013398,2112,0,eight_s
1774426500.0150368,1906,0,eight_s
1774426500.01809,1927,0,eight_s
1774426500.021009,1988,0,eight_s
1774426500.024099,2148,0,eight_s
1774426500.027779,2015,0,eight_s
1774426500.0307572,1966,0,eight_s
1774426500.0330791,1797,0,eight_s
1774426500.036032,1867,0,eight_s
1774426500.039049,2106,0,eight_s
1774426500.041993,2176,0,eight_s
1774426500.047796,2057,0,eight_s
1774426500.047897,1929,0,eight_s
1774426500.051389,1866,0,eight_s
1774426500.055022,1902,0,eight_s
1774426500.0569222,2358,0,eight_s
1774426500.0599082,2030,0,eight_s
1774426500.062903,2067,0,eight_s
1774426500.068016,1999,0,eight_s
1774426500.069828,1742,0,eight_s
1774426500.0726259,1617,0,eight_s
1774426500.0749319,1885,0,eight_s
1774426500.077906,2253,0,eight_s
1774426500.080905,2080,0,eight_s
1774426500.083873,2005,0,eight_s
1774426500.088585,1896,0,eight_s
1774426500.090112,1954,0,eight_s
1774426500.094065,2156,0,eight_s
1774426500.096843,2188,0,eight_s
1774426500.099387,1959,0,eight_s
1774426500.10193,1828,0,eight_s
1774426500.104898,1943,0,eight_s
1774426500.108953,2090,0,eight_s
1774426500.11165,1996,0,eight_s
1774426500.1146119,2110,0,eight_s
1774426500.117337,2006,0,eight_s
1774426500.1198878,1996,0,eight_s
1774426500.1229079,1631,0,eight_s
1774426500.1288068,2188,0,eight_s
1774426500.129712,2208,0,eight_s
1774426500.1325388,1786,0,eight_s
1774426500.136111,1784,0,eight_s
1774426500.137894,1972,0,eight_s
1774426500.140905,2118,0,eight_s
1774426500.143904,2090,0,eight_s
1774426500.149183,2004,0,eight_s
1774426500.150978,2089,0,eight_s
1774426500.152977,2039,0,eight_s
1774426500.156375,1736,0,eight_s
1774426500.158998,1973,0,eight_s
1774426500.161899,2141,0,eight_s
1774426500.164866,1903,0,eight_s
1774426500.169444,2102,0,eight_s
1774426500.171326,1806,0,eight_s
1774426500.175303,2264,0,eight_s
1774426500.1769369,1814,0,eight_s
1774426500.179914,1919,0,eight_s
1774426500.183391,1873,0,eight_s
1774426500.185996,2037,0,eight_s
1774426500.190237,2086,0,eight_s
1774426500.1931489,1996,0,eight_s
1774426500.1960268,1942,0,eight_s
1774426500.199074,1855,0,eight_s
1774426500.2009149,1947,0,eight_s
1774426500.203918,1975,0,eight_s
1774426500.206881,2103,0,eight_s
1774426500.210081,2132,0,eight_s
1774426500.2135448,2179,0,eight_s
1774426500.216028,1883,0,eight_s
1774426500.218871,1924,0,eight_s
1774426500.221879,2069,0,eight_s
1774426500.224877,1981,0,eight_s
1774426500.2312331,2098,0,eight_s
1774426500.231631,1964,0,eight_s
1774426500.234005,1879,0,eight_s
1774426500.238293,1804,0,eight_s
1774426500.239913,1978,0,eight_s
1774426500.242959,2152,0,eight_s
1774426500.245904,2074,0,eight_s
1774426500.2521431,1871,0,eight_s
1774426500.252529,1907,0,eight_s
1774426500.2552562,1963,0,eight_s
1774426500.25903,2156,0,eight_s
1774426500.261556,2142,0,eight_s
1774426500.2641,2111,0,eight_s
1774426500.266905,1813,0,eight_s
1774426500.272898,1800,0,eight_s
1774426500.273972,1911,0,eight_s
1774426500.275996,2171,0,eight_s
1774426500.279304,2135,0,eight_s
1774426500.2820108,1857,0,eight_s
1774426500.284875,1923,0,eight_s
1774426500.287895,1972,0,eight_s
1774426500.292799,2122,0,eight_s
1774426500.29516,2119,0,eight_s
1774426500.298141,1986,0,eight_s
1774426500.300778,1822,0,eight_s
1774426500.303333,1919,0,eight_s
1774426500.305918,1974,0,eight_s
1774426500.308907,2055,0,eight_s
1774426500.312587,2055,0,eight_s
1774426500.315223,1889,0,eight_s
1774426500.318871,1915,0,eight_s
1774426500.321609,1947,0,eight_s
1774426500.3241549,2055,0,eight_s
1774426500.32691,2150,0,eight_s
1774426500.332441,2087,0,eight_s
1774426500.333054,1845,0,eight_s
1774426500.336305,1852,0,eight_s
1774426500.3398452,1963,0,eight_s
1774426500.3419032,2134,0,eight_s
1774426500.344909,2107,0,eight_s
1774426500.347905,1884,0,eight_s
1774426500.352746,1913,0,eight_s
1774426500.354618,1907,0,eight_s
1774426500.358571,2001,0,eight_s
1774426500.3600361,2109,0,eight_s
1774426500.3629,2077,0,eight_s
1774426500.365899,1820,0,eight_s
1774426500.36891,1926,0,eight_s
1774426500.37358,1984,0,eight_s
1774426500.3750458,2067,0,eight_s
1774426500.37887,2093,0,eight_s
1774426500.3817449,1990,0,eight_s
1774426500.3843079,1931,0,eight_s
1774426500.386858,2021,0,eight_s
1774426500.389784,1929,0,eight_s
1774426500.393923,2100,0,eight_s
1774426500.396696,2103,0,eight_s
1774426500.4008079,1883,0,eight_s
1774426500.402297,1940,0,eight_s
1774426500.404856,1945,0,eight_s
1774426500.407778,2198,0,eight_s
1774426500.4136052,2169,0,eight_s
1774426500.4142468,1933,0,eight_s
1774426500.4169679,1910,0,eight_s
1774426500.420775,1823,0,eight_s
1774426500.4234922,1901,0,eight_s
1774426500.426036,2234,0,eight_s
1774426500.428753,2112,0,eight_s
1774426500.4343019,1862,0,eight_s
1774426500.435206,1762,0,eight_s
1774426500.438344,1976,0,eight_s
1774426500.44117,2124,0,eight_s
1774426500.443819,2066,0,eight_s
1774426500.446752,2046,0,eight_s
1774426500.449745,1985,0,eight_s
1774426500.454693,1864,0,eight_s
1774426500.456241,1853,0,eight_s
1774426500.458967,2088,0,eight_s
1774426500.462673,2207,0,eight_s
1774426500.465215,1966,0,eight_s
1774426500.46776,1972,0,eight_s
1774426500.4708018,1857,0,eight_s
1774426500.474507,2089,0,eight_s
1774426500.477875,2069,0,eight_s
1774426500.480439,2085,0,eight_s
1774426500.483275,1886,0,eight_s
1774426500.4858181,2041,0,eight_s
1774426500.488779,1820,0,eight_s
1774426500.4946969,1996,0,eight_s
1774426500.4953558,2188,0,eight_s
1774426500.498341,2008,0,eight_s
1774426500.502164,1848,0,eight_s
1774426500.503781,1906,0,eight_s
1774426500.506785,2093,0,eight_s
1774426500.509784,2086,0,eight_s
1774426500.515873,2011,0,eight_s
1774426500.515981,1906,0,eight_s
1774426500.5188868,1879,0,eight_s
1774426500.522691,1902,0,eight_s
1774426500.5247831,2085,0,eight_s
1774426500.527789,2104,0,eight_s
1774426500.530786,1951,0,eight_s
1774426500.535609,1886,0,eight_s
1774426500.537289,1864,0,eight_s
1774426500.5401,2023,0,eight_s
1774426500.543753,2202,0,eight_s
1774426500.546313,2094,0,eight_s
1774426500.5488682,1807,0,eight_s
1774426500.551779,1927,0,eight_s
1774426500.555372,1981,0,eight_s
1774426500.558814,2048,0,eight_s
1774426500.561734,2129,0,eight_s
1774426500.564539,2003,0,eight_s
1774426500.5670881,1906,0,eight_s
1774426500.569778,1903,0,eight_s
1774426500.575278,1978,0,eight_s
1774426500.5760489,2125,0,eight_s
1774426500.579509,2106,0,eight_s
1774426500.582038,1887,0,eight_s
1774426500.5848262,1865,0,eight_s
1774426500.587733,1932,0,eight_s
1774426500.59078,2050,0,eight_s
1774426500.596216,2107,0,eight_s
1774426500.596865,2012,0,eight_s
1774426500.599904,1884,0,eight_s
1774426500.6037319,1888,0,eight_s
1774426500.605782,1952,0,eight_s
1774426500.608771,2125,0,eight_s
1774426500.611786,2088,0,eight_s
1774426500.616586,1900,0,eight_s
1774426500.618141,1947,0,eight_s
1774426500.620928,1964,0,eight_s
1774426500.624524,2063,0,eight_s
1774426500.6270862,2114,0,eight_s
1774426500.629781,2049,0,eight_s
1774426500.632763,1849,0,eight_s
1774426500.63621,1879,0,eight_s
1774426500.639541,1948,0,eight_s
1774426500.643471,2104,0,eight_s
1774426500.6450539,2148,0,eight_s
1774426500.647777,1938,0,eight_s
1774426500.6507452,1899,0,eight_s
1774426500.654528,1886,0,eight_s
1774426500.6571279,2060,0,eight_s
1774426500.659919,2083,0,eight_s
1774426500.663557,2044,0,eight_s
1774426500.6662312,1871,0,eight_s
1774426500.668788,1907,0,eight_s
1774426500.671796,1966,0,eight_s
1774426500.677283,2140,0,eight_s
1774426500.677957,2065,0,eight_s
1774426500.6808681,1969,0,eight_s
1774426500.684567,2021,0,eight_s
1774426500.687069,1936,0,eight_s
1774426500.689773,1957,0,eight_s
1774426500.692788,2077,0,eight_s
1774426500.697919,2083,0,eight_s
1774426500.69933,1831,0,eight_s
1774426500.70332,1879,0,eight_s
1774426500.7048,1910,0,eight_s
1774426500.7077591,2198,0,eight_s
1774426500.7113469,2264,0,eight_s
1774426500.713961,1909,0,eight_s
1774426500.717633,1785,0,eight_s
1774426500.720843,1960,0,eight_s
1774426500.723737,1927,0,eight_s
1774426500.726479,2055,0,eight_s
1774426500.729032,2154,0,eight_s
1774426500.731626,1870,0,eight_s
1774426500.737959,1909,0,eight_s
1774426500.7383301,1898,0,eight_s
1774426500.74118,2155,0,eight_s
1774426500.7448168,2118,0,eight_s
1774426500.7466261,1974,0,eight_s
1774426500.749631,1910,0,eight_s
1774426500.752619,2022,0,eight_s
1774426500.7584121,1951,0,eight_s
1774426500.759399,2137,0,eight_s
1774426500.762149,2053,0,eight_s
1774426500.765909,1936,0,eight_s
1774426500.767661,1788,0,eight_s
1774426500.7706711,1942,0,eight_s
1774426500.773667,2134,0,eight_s
1774426500.778767,2166,0,eight_s
1774426500.780328,1946,0,eight_s
1774426500.784384,1935,0,eight_s
1774426500.785799,1892,0,eight_s
1774426500.788665,1985,0,eight_s
1774426500.791622,2087,0,eight_s
1774426500.7946692,2165,0,eight_s
1774426500.799236,1986,0,eight_s
1774426500.800703,1816,0,eight_s
1774426500.80464,1817,0,eight_s
1774426500.80746,2059,0,eight_s
1774426500.810008,2143,0,eight_s
1774426500.812653,2120,0,eight_s
1774426500.819124,1743,0,eight_s
1774426500.819212,1958,0,eight_s
1774426500.822155,1946,0,eight_s
1774426500.825842,1982,0,eight_s
1774426500.827662,2302,0,eight_s
1774426500.83066,2088,0,eight_s
1774426500.833678,1827,0,eight_s
1774426500.839502,1780,0,eight_s
1774426500.8404648,2002,0,eight_s
1774426500.842853,2114,0,eight_s
1774426500.846596,2018,0,eight_s
1774426500.849291,1882,0,eight_s
1774426500.851841,1934,0,eight_s
1774426500.854622,1995,0,eight_s
1774426500.859532,2116,0,eight_s
1774426500.86126,2055,0,eight_s
1774426500.863934,1976,0,eight_s
1774426500.8667011,1932,0,eight_s
1774426500.8696508,1872,0,eight_s
1774426500.872618,1951,0,eight_s
1774426500.875626,2139,0,eight_s
1774426500.87974,2103,0,eight_s
1774426500.88172,1856,0,eight_s
1774426500.884793,1937,0,eight_s
1774426500.888542,1892,0,eight_s
1774426500.891098,2059,0,eight_s
1774426500.8936698,2138,0,eight_s
1774426500.89958,2052,0,eight_s
1774426500.899904,1887,0,eight_s
1774426500.903177,1950,0,eight_s
1774426500.906834,1936,0,eight_s
1774426500.908649,2142,0,eight_s
1774426500.911648,2089,0,eight_s
1774426500.914656,1891,0,eight_s
1774426500.920001,1931,0,eight_s
1774426500.922219,1929,0,eight_s
1774426500.9239302,2024,0,eight_s
1774426500.927664,2087,0,eight_s
1774426500.929655,2066,0,eight_s
1774426500.932657,1857,0,eight_s
1774426500.935644,1898,0,eight_s
1774426500.940257,1923,0,eight_s
1774426500.942222,2125,0,eight_s
1774426500.9460921,2108,0,eight_s
1774426500.947671,1915,0,eight_s
1774426500.950645,1899,0,eight_s
1774426500.953656,1900,0,eight_s
1774426500.956661,2049,0,eight_s
1774426500.9612212,2156,0,eight_s
1774426500.96324,2123,0,eight_s
1774426500.9670131,1831,0,eight_s
1774426500.969634,1943,0,eight_s
1774426500.972183,1983,0,eight_s
1774426500.9746292,2099,0,eight_s
1774426500.9776351,2101,0,eight_s
1774426500.981588,1937,0,eight_s
1774426500.984868,1897,0,eight_s
1774426500.9866529,1864,0,eight_s
1774426500.9904058,2021,0,eight_s
1774426500.992948,2107,0,eight_s
1774426500.99566,2118,0,eight_s
1774426501.0017521,1854,0,eight_s
1774426501.002107,1842,0,eight_s
1774426501.004929,1955,0,eight_s
1774426501.008607,2125,0,eight_s
1774426501.0112839,2140,0,eight_s
1774426501.0138261,1948,0,eight_s
1774426501.0166552,1902,0,eight_s
1774426501.022432,1933,0,eight_s
1774426501.0230882,2015,0,eight_s
1774426501.025909,2152,0,eight_s
1774426501.029506,2098,0,eight_s
1774426501.0322418,1837,0,eight_s
1774426501.0347981,1916,0,eight_s
1774426501.037641,1916,0,eight_s
1774426501.043138,2024,0,eight_s
1774426501.044471,2083,0,eight_s
1774426501.048416,2056,0,eight_s
1774426501.0497742,1886,0,eight_s
1774426501.052651,1928,0,eight_s
1774426501.055676,2022,0,eight_s
1774426501.058631,2176,0,eight_s
1774426501.0627918,1951,0,eight_s
1774426501.064684,1787,0,eight_s
1774426501.068545,1866,0,eight_s
1774426501.071347,2003,0,eight_s
1774426501.073893,2224,0,eight_s
1774426501.0765388,2002,0,eight_s
1774426501.0795121,2170,0,eight_s
1774426501.0835571,1935,0,eight_s
1774426501.086445,1843,0,eight_s
1774426501.090079,1791,0,eight_s
1774426501.091591,2154,0,eight_s
1774426501.094531,2176,0,eight_s
1774426501.0975292,1862,0,eight_s
1774426501.1033971,1828,0,eight_s
1774426501.104314,1945,0,eight_s
1774426501.1069329,2052,0,eight_s
1774426501.110658,2016,0,eight_s
1774426501.112533,2144,0,eight_s
1774426501.115541,1962,0,eight_s
1774426501.118536,1845,0,eight_s
1774426501.1236968,1857,0,eight_s
1774426501.125608,2070,0,eight_s
1774426501.12836,2206,0,eight_s
1774426501.130574,1871,0,eight_s
1774426501.1335318,1983,0,eight_s
1774426501.136535,1974,0,eight_s
1774426501.139499,1985,0,eight_s
1774426501.143866,2069,0,eight_s
1774426501.145765,2100,0,eight_s
1774426501.1510599,1968,0,eight_s
1774426501.152875,1924,0,eight_s
1774426501.1545222,1855,0,eight_s
1774426501.157538,2112,0,eight_s
1774426501.160543,2127,0,eight_s
1774426501.163889,1876,0,eight_s
1774426501.1673338,1849,0,eight_s
1774426501.1713269,2045,0,eight_s
1774426501.17281,1915,0,eight_s
1774426501.175532,2047,0,eight_s
1774426501.1785312,2010,0,eight_s
1774426501.18433,1944,0,eight_s
1774426501.185287,1845,0,eight_s
1774426501.187843,1886,0,eight_s
1774426501.1917388,2084,0,eight_s
1774426501.193532,2174,0,eight_s
1774426501.196516,2050,0,eight_s
1774426501.1995351,1909,0,eight_s
1774426501.204858,1903,0,eight_s
1774426501.2066681,2033,0,eight_s
1774426501.208802,2223,0,eight_s
1774426501.2122738,2101,0,eight_s
1774426501.214868,1843,0,eight_s
1774426501.217546,1898,0,eight_s
1774426501.2205498,1904,0,eight_s
1774426501.2248871,2048,0,eight_s
1774426501.226717,2113,0,eight_s
1774426501.230752,2056,0,eight_s
1774426501.2334552,1891,0,eight_s
1774426501.2360058,1932,0,eight_s
1774426501.238546,1919,0,eight_s
1774426501.245826,2081,0,eight_s
1774426501.246176,2111,0,eight_s
1774426501.248801,1880,0,eight_s
1774426501.25142,1902,0,eight_s
1774426501.254164,1936,0,eight_s
1774426501.256726,2088,0,eight_s
1774426501.259532,2168,0,eight_s
1774426501.2654872,2110,0,eight_s
1774426501.2661319,1878,0,eight_s
1774426501.2690518,1869,0,eight_s
1774426501.272757,1892,0,eight_s
1774426501.274529,2050,0,eight_s
1774426501.277527,2108,0,eight_s
1774426501.2805278,1920,0,eight_s
1774426501.2860029,1938,0,eight_s
1774426501.286677,1913,0,eight_s
1774426501.289613,2011,0,eight_s
1774426501.293199,2157,0,eight_s
1774426501.295844,2085,0,eight_s
1774426501.298584,1828,0,eight_s
1774426501.3015199,1878,0,eight_s
1774426501.306431,1951,0,eight_s
1774426501.3081899,2068,0,eight_s
1774426501.311933,2128,0,eight_s
1774426501.314732,2025,0,eight_s
1774426501.316533,1975,0,eight_s
1774426501.319556,1912,0,eight_s
1774426501.322499,1973,0,eight_s
1774426501.326423,2086,0,eight_s
1774426501.32861,2063,0,eight_s
1774426501.332312,1850,0,eight_s
1774426501.335205,1897,0,eight_s
1774426501.3377512,1906,0,eight_s
1774426501.340539,2150,0,eight_s
1774426501.343589,2137,0,eight_s
1774426501.3471591,1968,0,eight_s
1774426501.350237,1864,0,eight_s
1774426501.352533,1887,0,eight_s
1774426501.35554,1969,0,eight_s
1774426501.3584902,2112,0,eight_s
1774426501.361502,2080,0,eight_s
1774426501.36732,1870,0,eight_s
1774426501.367687,1961,0,eight_s
1774426501.3713138,1976,0,eight_s
1774426501.3736389,2021,0,eight_s
1774426501.37653,2105,0,eight_s
1774426501.37954,2098,0,eight_s
1774426501.382533,1870,0,eight_s
1774426501.3877141,1847,0,eight_s
1774426501.3894668,1918,0,eight_s
1774426501.393345,2114,0,eight_s
1774426501.3947709,2141,0,eight_s
1774426501.3976629,1869,0,eight_s
1774426501.400527,1887,0,eight_s
1774426501.403583,1895,0,eight_s
1774426501.408184,2041,0,eight_s
1774426501.41026,2290,0,eight_s
1774426501.413161,2017,0,eight_s
1774426501.415869,1773,0,eight_s
1774426501.418574,1923,0,eight_s
1774426501.421522,2006,0,eight_s
1774426501.4251142,2015,0,eight_s
1774426501.4292328,2238,0,eight_s
1774426501.43094,1977,0,eight_s
1774426501.4364748,1874,0,eight_s
1774426501.4365618,1839,0,eight_s
1774426501.4395342,2045,0,eight_s
1774426501.442527,2210,0,eight_s
1774426501.445533,2093,0,eight_s
1774426501.450159,1755,0,eight_s
1774426501.451906,1951,0,eight_s
1774426501.4558048,1810,0,eight_s
1774426501.458418,1972,0,eight_s
1774426501.460983,2083,0,eight_s
1774426501.463576,2108,0,eight_s
1774426501.466495,1871,0,eight_s
1774426501.470368,1783,0,eight_s
1774426501.473245,1964,0,eight_s
1774426501.475872,2188,0,eight_s
1774426501.478623,2019,0,eight_s
1774426501.481531,1866,0,eight_s
1774426501.484531,2003,0,eight_s
1774426501.490039,1947,0,eight_s
1774426501.4907122,2024,0,eight_s
1774426501.493836,2081,0,eight_s
1774426501.497351,2170,0,eight_s
1774426501.500051,1998,0,eight_s
1774426501.502503,1771,0,eight_s
1774426501.5055559,1940,0,eight_s
1774426501.510705,2122,0,eight_s
1774426501.513025,2130,0,eight_s
1774426501.51548,1783,0,eight_s
1774426501.518806,2027,0,eight_s
1774426501.5205429,1993,0,eight_s
1774426501.523529,2097,0,eight_s
1774426501.52653,1955,0,eight_s
1774426501.531013,2169,0,eight_s
1774426501.533376,1756,0,eight_s
1774426501.537117,1856,0,eight_s
1774426501.5385869,1915,0,eight_s
1774426501.541526,2125,0,eight_s
1774426501.5443819,2135,0,eight_s
1774426501.5473862,1928,0,eight_s
1774426501.551977,1980,0,eight_s
1774426501.553549,1953,0,eight_s
1774426501.55757,2039,0,eight_s
1774426501.560311,2095,0,eight_s
1774426501.5628748,2043,0,eight_s
1774426501.5654762,1902,0,eight_s
1774426501.5684092,1951,0,eight_s
1774426501.5720801,1930,0,eight_s
1774426501.574992,2125,0,eight_s
1774426501.578599,2123,0,eight_s
1774426501.5804071,1900,0,eight_s
1774426501.5833988,1890,0,eight_s
1774426501.586381,1876,0,eight_s
1774426501.592864,2011,0,eight_s
1774426501.593219,2139,0,eight_s
1774426501.5958452,2131,0,eight_s
1774426501.599502,1878,0,eight_s
1774426501.601397,1921,0,eight_s
1774426501.6043708,1933,0,eight_s
1774426501.607372,2089,0,eight_s
1774426501.6127439,2100,0,eight_s
1774426501.613659,1952,0,eight_s
1774426501.6174212,1932,0,eight_s
1774426501.619802,1920,0,eight_s
1774426501.622473,2014,0,eight_s
1774426501.625372,2054,0,eight_s
1774426501.628405,2027,0,eight_s
1774426501.6334531,1888,0,eight_s
1774426501.634874,1954,0,eight_s
1774426501.638826,1955,0,eight_s
1774426501.6404421,2064,0,eight_s
1774426501.6434162,2148,0,eight_s
1774426501.646445,1980,0,eight_s
1774426501.6494138,1905,0,eight_s
1774426501.65287,1918,0,eight_s
1774426501.656014,1923,0,eight_s
1774426501.659541,2125,0,eight_s
1774426501.661371,2114,0,eight_s
1774426501.664379,1875,0,eight_s
1774426501.667362,1886,0,eight_s
1774426501.6733491,1958,0,eight_s
1774426501.6739578,2111,0,eight_s
1774426501.677136,2151,0,eight_s
1774426501.679523,1954,0,eight_s
1774426501.682407,1932,0,eight_s
1774426501.685408,2018,0,eight_s
1774426501.688416,1766,0,eight_s
1774426501.6934762,2000,0,eight_s
1774426501.695647,2066,0,eight_s
1774426501.697789,1919,0,eight_s
1774426501.7008471,1943,0,eight_s
1774426501.703561,1902,0,eight_s
1774426501.7064068,2054,0,eight_s
1774426501.7094028,2199,0,eight_s
1774426501.713758,2116,0,eight_s
1774426501.7156968,1808,0,eight_s
1774426501.7184372,1907,0,eight_s
1774426501.72227,2104,0,eight_s
1774426501.724818,2186,0,eight_s
1774426501.7274082,2011,0,eight_s
1774426501.73041,1727,0,eight_s
1774426501.735005,1868,0,eight_s
1774426501.737369,1994,0,eight_s
1774426501.7400498,2212,0,eight_s
1774426501.742843,1855,0,eight_s
1774426501.74542,1926,0,eight_s
1774426501.7484028,2010,0,eight_s
1774426501.754328,2146,0,eight_s
1774426501.754646,2103,0,eight_s
1774426501.757788,1909,0,eight_s
1774426501.761493,1939,0,eight_s
1774426501.763396,2055,0,eight_s
1774426501.7664058,1855,0,eight_s
1774426501.7694001,1959,0,eight_s
1774426501.774165,1953,0,eight_s
1774426501.776459,2294,0,eight_s
1774426501.778798,2186,0,eight_s
1774426501.7817972,1782,0,eight_s
1774426501.7845278,1714,0,eight_s
1774426501.787411,1890,0,eight_s
1774426501.7903738,2014,0,eight_s
1774426501.794934,2194,0,eight_s
1774426501.7966652,2091,0,eight_s
1774426501.799534,1817,0,eight_s
1774426501.803275,1782,0,eight_s
1774426501.8058162,2144,0,eight_s
1774426501.808365,2222,0,eight_s
1774426501.8112798,1930,0,eight_s
1774426501.815871,1713,0,eight_s
1774426501.81827,2015,0,eight_s
1774426501.822239,1857,0,eight_s
1774426501.82368,2083,0,eight_s
1774426501.826281,2219,0,eight_s
1774426501.8292758,2380,0,eight_s
1774426501.8351629,1938,0,eight_s
1774426501.8355641,1631,0,eight_s
1774426501.839008,1774,0,eight_s
1774426501.841312,2751,0,eight_s
1774426501.8442838,2045,0,eight_s
1774426501.847244,1245,0,eight_s
1774426501.850284,1839,0,eight_s
1774426501.8558452,1848,0,eight_s
1774426501.856509,1928,0,eight_s
1774426501.8595352,2459,0,eight_s
1774426501.863262,2585,0,eight_s
1774426501.8652859,1565,0,eight_s
1774426501.868247,1330,0,eight_s
1774426501.871278,1922,0,eight_s
1774426501.8757188,2256,0,eight_s
1774426501.8778172,2007,0,eight_s
1774426501.881929,1878,0,eight_s
1774426501.883452,2119,0,eight_s
1774426501.886276,2219,0,eight_s
1774426501.8892648,1951,0,eight_s
1774426501.892246,2378,0,eight_s
1774426501.895753,1992,0,eight_s
1774426501.899002,1658,0,eight_s
1774426501.902865,1825,0,eight_s
1774426501.904313,2197,0,eight_s
1774426501.907286,2269,0,eight_s
1774426501.9102888,2107,0,eight_s
1774426501.916424,2010,0,eight_s
1774426501.916806,1728,0,eight_s
1774426501.919876,1452,0,eight_s
1774426501.9235,2071,0,eight_s
1774426501.925309,2336,0,eight_s
1774426501.928274,2092,0,eight_s
1774426501.931245,1883,0,eight_s
1774426501.937654,1919,0,eight_s
1774426501.9377449,2234,0,eight_s
1774426501.9409962,2036,0,eight_s
1774426501.944383,2108,0,eight_s
1774426501.94627,1986,0,eight_s
1774426501.949276,1908,0,eight_s
1774426501.95226,1921,0,eight_s
1774426501.9577699,1849,0,eight_s
1774426501.959357,2124,0,eight_s
1774426501.961313,2276,0,eight_s
1774426501.9645782,1834,0,eight_s
1774426501.967267,1836,0,eight_s
1774426501.970253,1908,0,eight_s
1774426501.973289,2115,0,eight_s
1774426501.978129,2099,0,eight_s
1774426501.979784,1968,0,eight_s
1774426501.983745,1834,0,eight_s
1774426501.985325,1897,0,eight_s
1774426501.988277,1951,0,eight_s
1774426501.991293,2139,0,eight_s
1774426501.994278,2091,0,eight_s
1774426501.997608,1954,0,eight_s
1774426502.000936,1858,0,eight_s
1774426502.004799,1958,0,eight_s
1774426502.006284,2027,0,eight_s
1774426502.0092642,2057,0,eight_s
1774426502.012241,2030,0,eight_s
1774426502.018562,1901,0,eight_s
1774426502.01926,1944,0,eight_s
1774426502.0224462,2007,0,eight_s
1774426502.02445,2295,0,eight_s
1774426502.027818,1946,0,eight_s
1774426502.030381,1620,0,eight_s
1774426502.033281,1909,0,eight_s
1774426502.03899,2038,0,eight_s
1774426502.039639,2156,0,eight_s
1774426502.042772,2185,0,eight_s
1774426502.046599,2066,0,eight_s
1774426502.04828,1863,0,eight_s
1774426502.051282,1867,0,eight_s
1774426502.054872,2101,0,eight_s
1774426502.05994,1986,0,eight_s
1774426502.060367,1976,0,eight_s
1774426502.063394,1960,0,eight_s
1774426502.0669959,1842,0,eight_s
1774426502.0697138,1956,0,eight_s
1774426502.072316,2099,0,eight_s
1774426502.075287,2199,0,eight_s
1774426502.079654,2113,0,eight_s
1774426502.081528,1876,0,eight_s
1774426502.0854971,1909,0,eight_s
1774426502.0881312,2170,0,eight_s
1774426502.090692,2046,0,eight_s
1774426502.0932531,1862,0,eight_s
1774426502.096171,1801,0,eight_s
1774426502.099412,2139,0,eight_s
1774426502.1029,1853,0,eight_s
1774426502.106591,1928,0,eight_s
1774426502.108209,2183,0,eight_s
1774426502.111149,2188,0,eight_s
1774426502.1141481,1887,0,eight_s
1774426502.120001,1747,0,eight_s
1774426502.120349,2080,0,eight_s
1774426502.123303,2171,0,eight_s
1774426502.127029,2169,0,eight_s
1774426502.1296902,1895,0,eight_s
1774426502.132239,1812,0,eight_s
1774426502.135154,1884,0,eight_s
1774426502.140636,1937,0,eight_s
1774426502.1415439,2337,0,eight_s
1774426502.144396,2289,0,eight_s
1774426502.148082,1585,0,eight_s
1774426502.1501539,1966,0,eight_s
1774426502.153156,1948,0,eight_s
1774426502.156148,1842,0,eight_s
1774426502.1608279,2290,0,eight_s
1774426502.162624,2318,0,eight_s
1774426502.166626,1823,0,eight_s
1774426502.168193,1594,0,eight_s
1774426502.171166,1681,0,eight_s
1774426502.1741319,2275,0,eight_s
1774426502.17712,2112,0,eight_s
1774426502.18101,1956,0,eight_s
1774426502.1842601,2023,0,eight_s
1774426502.187277,2028,0,eight_s
1774426502.190326,2008,0,eight_s
1774426502.192153,2147,0,eight_s
1774426502.195143,2098,0,eight_s
1774426502.200898,1979,0,eight_s
1774426502.20122,1854,0,eight_s
1774426502.204391,1839,0,eight_s
1774426502.2080262,2074,0,eight_s
1774426502.210722,2089,0,eight_s
1774426502.213269,1744,0,eight_s
1774426502.216129,2008,0,eight_s
1774426502.221401,1950,0,eight_s
1774426502.223417,2242,0,eight_s
1774426502.225697,2005,0,eight_s
1774426502.228847,2207,0,eight_s
1774426502.231571,1875,0,eight_s
1774426502.2341309,1867,0,eight_s
1774426502.237149,1948,0,eight_s
1774426502.242126,2057,0,eight_s
1774426502.2437801,2024,0,eight_s
1774426502.246578,2110,0,eight_s
1774426502.249244,1977,0,eight_s
1774426502.252148,1790,0,eight_s
1774426502.255129,1722,0,eight_s
1774426502.258154,2221,0,eight_s
1774426502.261782,2307,0,eight_s
1774426502.265002,1847,0,eight_s
1774426502.267984,1592,0,eight_s
1774426502.2708218,1907,0,eight_s
1774426502.2733939,2125,0,eight_s
1774426502.276156,2135,0,eight_s
1774426502.2820659,2057,0,eight_s
1774426502.2827132,1954,0,eight_s
1774426502.285404,1970,0,eight_s
1774426502.289258,1982,0,eight_s
1774426502.291154,2234,0,eight_s
1774426502.294154,2136,0,eight_s
1774426502.297154,1817,0,eight_s
1774426502.302426,1916,0,eight_s
1774426502.304102,1951,0,eight_s
1774426502.306845,2136,0,eight_s
1774426502.309168,2087,0,eight_s
1774426502.312156,2006,0,eight_s
1774426502.315121,1839,0,eight_s
1774426502.318163,1950,0,eight_s
1774426502.322347,1918,0,eight_s
1774426502.324446,2143,0,eight_s
1774426502.327281,2096,0,eight_s
1774426502.331042,1793,0,eight_s
1774426502.333597,1872,0,eight_s
1774426502.336143,1873,0,eight_s
1774426502.3391201,2164,0,eight_s
1774426502.342605,2103,0,eight_s
1774426502.345991,2106,0,eight_s
1774426502.3497548,1868,0,eight_s
1774426502.351265,1960,0,eight_s
1774426502.3541498,1950,0,eight_s
1774426502.357743,2049,0,eight_s
1774426502.363223,2118,0,eight_s
1774426502.3633559,1982,0,eight_s
1774426502.3663611,1905,0,eight_s
1774426502.37021,1840,0,eight_s
1774426502.372004,1949,0,eight_s
1774426502.3754811,2111,0,eight_s
1774426502.37803,2220,0,eight_s
1774426502.383561,1790,0,eight_s
1774426502.384183,1822,0,eight_s
1774426502.387518,1901,0,eight_s
1774426502.392407,2093,0,eight_s
1774426502.393034,2106,0,eight_s
1774426502.395999,1957,0,eight_s
1774426502.399012,1917,0,eight_s
1774426502.404628,1899,0,eight_s
1774426502.406973,2065,0,eight_s
1774426502.409119,2096,0,eight_s
1774426502.411188,2176,0,eight_s
1774426502.414405,1768,0,eight_s
1774426502.4170291,1870,0,eight_s
1774426502.419998,1965,0,eight_s
1774426502.423,2224,0,eight_s
1774426502.428391,2032,0,eight_s
1774426502.430104,1945,0,eight_s
1774426502.4321952,1876,0,eight_s
1774426502.435743,1943,0,eight_s
1774426502.4384,1873,0,eight_s
1774426502.441532,2169,0,eight_s
1774426502.444203,2105,0,eight_s
1774426502.4489338,1933,0,eight_s
1774426502.450538,1829,0,eight_s
1774426502.453682,1896,0,eight_s
1774426502.456256,2095,0,eight_s
1774426502.459025,2193,0,eight_s
1774426502.462002,1937,0,eight_s
1774426502.465,1944,0,eight_s
1774426502.469953,1894,0,eight_s
1774426502.471987,1940,0,eight_s
1774426502.474758,2027,0,eight_s
1774426502.477221,2233,0,eight_s
1774426502.479997,2022,0,eight_s
1774426502.483007,1817,0,eight_s
1774426502.486021,1765,0,eight_s
1774426502.489086,2071,0,eight_s
1774426502.494636,2135,0,eight_s
1774426502.495258,1959,0,eight_s
1774426502.498539,1854,0,eight_s
1774426502.5019321,1969,0,eight_s
1774426502.503988,1995,0,eight_s
1774426502.5069928,1984,0,eight_s
1774426502.510014,2042,0,eight_s
1774426502.514529,2073,0,eight_s
1774426502.5165272,1863,0,eight_s
1774426502.5194392,1975,0,eight_s
1774426502.52201,1975,0,eight_s
1774426502.524996,2148,0,eight_s
1774426502.5280051,2103,0,eight_s
1774426502.531021,1773,0,eight_s
1774426502.534637,1897,0,eight_s
1774426502.538306,1956,0,eight_s
1774426502.540904,2120,0,eight_s
1774426502.5438159,2125,0,eight_s
1774426502.5463629,1970,0,eight_s
1774426502.549031,1871,0,eight_s
1774426502.5521111,1889,0,eight_s
1774426502.555671,2004,0,eight_s
1774426502.559103,2090,0,eight_s
1774426502.561764,2144,0,eight_s
1774426502.564706,1897,0,eight_s
1774426502.567252,1906,0,eight_s
1774426502.570029,1923,0,eight_s
1774426502.57567,2113,0,eight_s
1774426502.576131,2125,0,eight_s
1774426502.579482,2012,0,eight_s
1774426502.5832,1853,0,eight_s
1774426502.585033,1898,0,eight_s
1774426502.587988,1982,0,eight_s
1774426502.591031,2130,0,eight_s
1774426502.5959759,2114,0,eight_s
1774426502.597624,1864,0,eight_s
1774426502.600395,1900,0,eight_s
1774426502.6029282,1972,0,eight_s
1774426502.605908,2078,0,eight_s
1774426502.6088781,2058,0,eight_s
1774426502.611881,2040,0,eight_s
1774426502.6159601,1847,0,eight_s
1774426502.618117,1911,0,eight_s
1774426502.621866,1927,0,eight_s
1774426502.62479,2085,0,eight_s
1774426502.627348,2096,0,eight_s
1774426502.629924,1986,0,eight_s
1774426502.6328819,1969,0,eight_s
1774426502.636171,1833,0,eight_s
1774426502.639796,2008,0,eight_s
1774426502.64213,2120,0,eight_s
1774426502.645033,2092,0,eight_s
1774426502.6479099,1922,0,eight_s
1774426502.650903,1929,0,eight_s
1774426502.6568441,1953,0,eight_s
1774426502.657217,2149,0,eight_s
1774426502.660488,2076,0,eight_s
1774426502.664149,1856,0,eight_s
1774426502.665879,1920,0,eight_s
1774426502.668865,1919,0,eight_s
1774426502.671867,1980,0,eight_s
1774426502.677108,2111,0,eight_s
1774426502.679044,2046,0,eight_s
1774426502.681174,1894,0,eight_s
1774426502.684391,1940,0,eight_s
1774426502.687192,1916,0,eight_s
1774426502.689893,2082,0,eight_s
1774426502.692868,2120,0,eight_s
1774426502.6975749,1970,0,eight_s
1774426502.699235,1835,0,eight_s
1774426502.702189,1903,0,eight_s
1774426502.704938,2071,0,eight_s
1774426502.707902,2147,0,eight_s
1774426502.710902,2139,0,eight_s
1774426502.713878,1866,0,eight_s
1774426502.717629,1909,0,eight_s
1774426502.720483,1917,0,eight_s
1774426502.724237,2028,0,eight_s
1774426502.725915,2153,0,eight_s
1774426502.728919,1947,0,eight_s
1774426502.731901,1983,0,eight_s
1774426502.737867,1859,0,eight_s
1774426502.7387981,1987,0,eight_s
1774426502.741122,2129,0,eight_s
1774426502.7450151,2155,0,eight_s
1774426502.7468832,1928,0,eight_s
1774426502.7498822,1899,0,eight_s
1774426502.752893,1853,0,eight_s
1774426502.75859,2112,0,eight_s
1774426502.7589319,2154,0,eight_s
1774426502.762111,2045,0,eight_s
1774426502.7655838,1935,0,eight_s
1774426502.768329,1923,0,eight_s
1774426502.770896,1953,0,eight_s
1774426502.773893,1997,0,eight_s
1774426502.778597,2109,0,eight_s
1774426502.7803361,1906,0,eight_s
1774426502.785651,1943,0,eight_s
1774426502.785917,1841,0,eight_s
1774426502.788915,2010,0,eight_s
1774426502.791894,2155,0,eight_s
1774426502.794875,1942,0,eight_s
1774426502.798516,1842,0,eight_s
1774426502.801631,2062,0,eight_s
1774426502.805326,2092,0,eight_s
1774426502.806891,1950,0,eight_s
1774426502.809872,2058,0,eight_s
1774426502.812864,1954,0,eight_s
1774426502.818885,1966,0,eight_s
1774426502.819204,1775,0,eight_s
1774426502.822737,2078,0,eight_s
1774426502.8250291,2203,0,eight_s
1774426502.8278909,2010,0,eight_s
1774426502.830875,1790,0,eight_s
1774426502.833879,1891,0,eight_s
1774426502.839319,1982,0,eight_s
1774426502.840288,2116,0,eight_s
1774426502.842946,2085,0,eight_s
1774426502.8467112,1983,0,eight_s
1774426502.849455,1913,0,eight_s
1774426502.852001,1814,0,eight_s
1774426502.8548858,1890,0,eight_s
1774426502.859234,2074,0,eight_s
1774426502.861103,2156,0,eight_s
1774426502.865036,1934,0,eight_s
1774426502.8669078,1957,0,eight_s
1774426502.869905,1912,0,eight_s
1774426502.872913,2052,0,eight_s
1774426502.87586,2101,0,eight_s
1774426502.8797371,2036,0,eight_s
1774426502.883185,1913,0,eight_s
1774426502.885262,1931,0,eight_s
1774426502.888247,1969,0,eight_s
1774426502.8909,2136,0,eight_s
1774426502.893879,2144,0,eight_s
1774426502.900047,1849,0,eight_s
1774426502.900108,1833,0,eight_s
1774426502.903397,1877,0,eight_s
1774426502.907109,2050,0,eight_s
1774426502.908902,2119,0,eight_s
1774426502.911772,2042,0,eight_s
1774426502.914779,1923,0,eight_s
1774426502.9202318,1922,0,eight_s
1774426502.922225,1978,0,eight_s
1774426502.923894,2110,0,eight_s
1774426502.9275799,2107,0,eight_s
1774426502.930305,1869,0,eight_s
1774426502.932856,1932,0,eight_s
1774426502.935762,1927,0,eight_s
1774426502.940593,2029,0,eight_s
1774426502.942528,2117,0,eight_s
1774426502.94665,2110,0,eight_s
1774426502.9479759,1929,0,eight_s
1774426502.950763,1886,0,eight_s
1774426502.9537868,1908,0,eight_s
1774426502.95678,2075,0,eight_s
1774426502.9609668,2089,0,eight_s
1774426502.962925,1908,0,eight_s
1774426502.966909,1920,0,eight_s
1774426502.969951,1898,0,eight_s
1774426502.971766,2099,0,eight_s
1774426502.974777,2170,0,eight_s
1774426502.977768,2081,0,eight_s
1774426502.981031,1846,0,eight_s
1774426502.98442,1890,0,eight_s
1774426502.98816,1934,0,eight_s
1774426502.989781,2064,0,eight_s
1774426502.992773,2092,0,eight_s
1774426502.99579,1952,0,eight_s
1774426503.001684,1965,0,eight_s
1774426503.001996,1935,0,eight_s
1774426503.0050821,2030,0,eight_s
1774426503.0086951,2112,0,eight_s
1774426503.011434,2103,0,eight_s
1774426503.0139961,1834,0,eight_s
1774426503.016777,1850,0,eight_s
1774426503.021596,1919,0,eight_s
1774426503.023616,2067,0,eight_s
1774426503.027503,2211,0,eight_s
1774426503.028983,1984,0,eight_s
1774426503.031778,1973,0,eight_s
1774426503.034789,1861,0,eight_s
1774426503.0377321,1954,0,eight_s
1774426503.042486,2179,0,eight_s
1774426503.0440059,2051,0,eight_s
1774426503.047991,1787,0,eight_s
1774426503.050681,2071,0,eight_s
1774426503.053268,1913,0,eight_s
1774426503.055815,2040,0,eight_s
1774426503.0587509,2128,0,eight_s
1774426503.062113,2038,0,eight_s
1774426503.065502,1825,0,eight_s
1774426503.069254,1846,0,eight_s
1774426503.070826,1975,0,eight_s
1774426503.0737522,2156,0,eight_s
1774426503.076778,2066,0,eight_s
1774426503.0826392,1824,0,eight_s
1774426503.0832808,1943,0,eight_s
1774426503.085929,1855,0,eight_s
1774426503.089964,2013,0,eight_s
1774426503.091787,2177,0,eight_s
1774426503.0947862,2132,0,eight_s
1774426503.0977762,1831,0,eight_s
1774426503.10284,1847,0,eight_s
1774426503.104755,1982,0,eight_s
1774426503.1087239,2213,0,eight_s
1774426503.1101649,1995,0,eight_s
1774426503.1128352,1935,0,eight_s
1774426503.115762,1916,0,eight_s
1774426503.118759,1968,0,eight_s
1774426503.122771,1931,0,eight_s
1774426503.1249778,2190,0,eight_s
1774426503.128884,2144,0,eight_s
1774426503.1316092,1907,0,eight_s
1774426503.134172,1749,0,eight_s
1774426503.1367738,1972,0,eight_s
1774426503.139751,2040,0,eight_s
1774426503.1435788,2068,0,eight_s
1774426503.14685,1902,0,eight_s
1774426503.1492639,2026,0,eight_s
1774426503.15217,1835,0,eight_s
1774426503.154768,1941,0,eight_s
1774426503.157781,2163,0,eight_s
1774426503.163574,2114,0,eight_s
1774426503.1642098,1791,0,eight_s
1774426503.1670861,1888,0,eight_s
1774426503.171015,1942,0,eight_s
1774426503.1727822,2094,0,eight_s
1774426503.175781,2114,0,eight_s
1774426503.1787908,2005,0,eight_s
1774426503.1842182,1954,0,eight_s
1774426503.184862,1875,0,eight_s
1774426503.188956,1961,0,eight_s
1774426503.191414,2087,0,eight_s
1774426503.1941261,2095,0,eight_s
1774426503.196785,1875,0,eight_s
1774426503.1997418,1891,0,eight_s
1774426503.2041228,1933,0,eight_s
1774426503.20607,2142,0,eight_s
1774426503.2099378,2158,0,eight_s
1774426503.2126,2047,0,eight_s
1774426503.215159,1889,0,eight_s
1774426503.217772,1877,0,eight_s
1774426503.220732,1919,0,eight_s
1774426503.224263,2109,0,eight_s
1774426503.228422,2090,0,eight_s
1774426503.230175,1902,0,eight_s
1774426503.233069,1929,0,eight_s
1774426503.235762,1939,0,eight_s
1774426503.238789,2120,0,eight_s
1774426503.244381,2074,0,eight_s
1774426503.244999,2025,0,eight_s
1774426503.247902,1838,0,eight_s
1774426503.25164,1879,0,eight_s
1774426503.254385,1898,0,eight_s
1774426503.2569401,2130,0,eight_s
1774426503.259773,2094,0,eight_s
1774426503.264972,1915,0,eight_s
1774426503.266667,1957,0,eight_s
1774426503.270653,1888,0,eight_s
1774426503.272164,1989,0,eight_s
1774426503.2748642,2120,0,eight_s
1774426503.305614,2152,0,eight_s
1774426503.305825,1829,0,eight_s
1774426503.3059359,1862,0,eight_s
1774426503.306047,1931,0,eight_s
1774426503.3060741,2114,0,eight_s
1774426503.3060968,2133,0,eight_s
1774426503.306117,1963,0,eight_s
1774426503.30614,1931,0,eight_s
1774426503.306165,1899,0,eight_s
1774426503.306187,2010,0,eight_s
1774426503.315199,2078,0,eight_s
1774426503.318486,2049,0,eight_s
1774426503.318812,1814,0,eight_s
1774426503.318933,1890,0,eight_s
1774426503.320483,1965,0,eight_s
1774426503.3230562,2104,0,eight_s
1774426503.3257751,2109,0,eight_s
1774426503.332314,1994,0,eight_s
1774426503.3327072,1967,0,eight_s
1774426503.3353758,1900,0,eight_s
1774426503.3391879,1959,0,eight_s
1774426503.34078,2120,0,eight_s
1774426503.343769,2091,0,eight_s
1774426503.346654,1925,0,eight_s
1774426503.351624,1955,0,eight_s
1774426503.353905,1982,0,eight_s
1774426503.355894,1985,0,eight_s
1774426503.359343,2183,0,eight_s
1774426503.362022,2071,0,eight_s
1774426503.364655,1855,0,eight_s
1774426503.3676548,1873,0,eight_s
1774426503.371951,1994,0,eight_s
1774426503.3740401,2019,0,eight_s
1774426503.376894,2097,0,eight_s
1774426503.380503,1845,0,eight_s
1774426503.383043,1999,0,eight_s
1774426503.385609,1843,0,eight_s
1774426503.3886652,2055,0,eight_s
1774426503.392798,2192,0,eight_s
1774426503.395675,2102,0,eight_s
1774426503.399613,1835,0,eight_s
1774426503.401263,1986,0,eight_s
1774426503.403666,1893,0,eight_s
1774426503.407506,2042,0,eight_s
1774426503.413517,2077,0,eight_s
1774426503.413918,1979,0,eight_s
1774426503.41603,1977,0,eight_s
1774426503.419989,1845,0,eight_s
1774426503.421644,1930,0,eight_s
1774426503.424642,2211,0,eight_s
1774426503.4276412,2013,0,eight_s
1774426503.432678,1834,0,eight_s
1774426503.434962,1850,0,eight_s
1774426503.436679,2157,0,eight_s
1774426503.4403222,2034,0,eight_s
1774426503.4430451,1925,0,eight_s
1774426503.4456441,1932,0,eight_s
1774426503.44862,2152,0,eight_s
1774426503.4533172,1789,0,eight_s
1774426503.45503,1922,0,eight_s
1774426503.4588952,2133,0,eight_s
1774426503.4615061,2104,0,eight_s
1774426503.464063,1810,0,eight_s
1774426503.466659,1918,0,eight_s
1774426503.4696221,2074,0,eight_s
1774426503.4738328,1996,0,eight_s
1774426503.476678,2087,0,eight_s
1774426503.4796522,1924,0,eight_s
1774426503.482528,1913,0,eight_s
1774426503.485072,1925,0,eight_s
1774426503.487657,1918,0,eight_s
1774426503.4938262,2138,0,eight_s
1774426503.4938931,2175,0,eight_s
1774426503.4971242,1930,0,eight_s
1774426503.500872,1909,0,eight_s
1774426503.502638,1963,0,eight_s
1774426503.5056498,2026,0,eight_s
1774426503.5086641,2159,0,eight_s
1774426503.514273,2033,0,eight_s
1774426503.51488,1937,0,eight_s
1774426503.518325,1918,0,eight_s
1774426503.5212789,1995,0,eight_s
1774426503.524043,2162,0,eight_s
1774426503.526656,2087,0,eight_s
1774426503.529663,1827,0,eight_s
1774426503.534324,1906,0,eight_s
1774426503.536211,1932,0,eight_s
1774426503.538877,1993,0,eight_s
1774426503.5425851,2059,0,eight_s
1774426503.545134,2021,0,eight_s
1774426503.547677,1925,0,eight_s
1774426503.550673,1919,0,eight_s
1774426503.554494,2080,0,eight_s
1774426503.55762,2096,0,eight_s
1774426503.5614898,2042,0,eight_s
1774426503.563093,1870,0,eight_s
1774426503.56565,1879,0,eight_s
1774426503.5686378,1961,0,eight_s
1774426503.5745258,2029,0,eight_s
1774426503.575125,2095,0,eight_s
1774426503.5784152,2124,0,eight_s
1774426503.5821,1876,0,eight_s
1774426503.583755,1919,0,eight_s
1774426503.586658,1927,0,eight_s
1774426503.589652,2043,0,eight_s
1774426503.595252,2088,0,eight_s
1774426503.595967,1949,0,eight_s
1774426503.598917,1941,0,eight_s
1774426503.6025758,1797,0,eight_s
1774426503.605334,2027,0,eight_s
1774426503.607879,2134,0,eight_s
1774426503.610653,2174,0,eight_s
1774426503.615406,1878,0,eight_s
1774426503.6170309,1871,0,eight_s
1774426503.6209521,1949,0,eight_s
1774426503.6235788,2103,0,eight_s
1774426503.62615,2127,0,eight_s
1774426503.6287098,1923,0,eight_s
1774426503.631627,1941,0,eight_s
1774426503.635226,1937,0,eight_s
1774426503.638442,2037,0,eight_s
1774426503.642277,2110,0,eight_s
1774426503.643819,2036,0,eight_s
1774426503.646646,1847,0,eight_s
1774426503.649653,1922,0,eight_s
1774426503.655702,1939,0,eight_s
1774426503.656087,2094,0,eight_s
1774426503.659393,2072,0,eight_s
1774426503.6618218,2035,0,eight_s
1774426503.664623,1934,0,eight_s
1774426503.667614,1949,0,eight_s
1774426503.6706078,1830,0,eight_s
1774426503.676112,2140,0,eight_s
1774426503.676832,2109,0,eight_s
1774426503.6798341,1785,0,eight_s
1774426503.68355,1908,0,eight_s
1774426503.686316,2080,0,eight_s
1774426503.68886,2104,0,eight_s
1774426503.691526,2201,0,eight_s
1774426503.6964989,2029,0,eight_s
1774426503.698163,1855,0,eight_s
1774426503.702034,1992,0,eight_s
1774426503.703568,1873,0,eight_s
1774426503.7065291,2057,0,eight_s
1774426503.709546,2301,0,eight_s
1774426503.712536,1742,0,eight_s
1774426503.716946,1605,0,eight_s
1774426503.718532,1958,0,eight_s
1774426503.722538,2203,0,eight_s
1774426503.7252638,2086,0,eight_s
1774426503.727817,2055,0,eight_s
1774426503.730529,2014,0,eight_s
1774426503.733612,1939,0,eight_s
1774426503.7368882,1933,0,eight_s
1774426503.739986,2051,0,eight_s
1774426503.743628,2101,0,eight_s
1774426503.745522,1988,0,eight_s
1774426503.74853,1786,0,eight_s
1774426503.751533,1814,0,eight_s
1774426503.757364,2123,0,eight_s
1774426503.757994,2118,0,eight_s
1774426503.761311,1962,0,eight_s
1774426503.764837,1787,0,eight_s
1774426503.766538,2048,0,eight_s
1774426503.769522,1952,0,eight_s
1774426503.772525,2164,0,eight_s
1774426503.777214,2075,0,eight_s
1774426503.779315,2138,0,eight_s
1774426503.783357,1666,0,eight_s
1774426503.784715,1715,0,eight_s
1774426503.787529,2023,0,eight_s
1774426503.790524,2051,0,eight_s
1774426503.7934852,2208,0,eight_s
1774426503.7978508,1596,0,eight_s
1774426503.7996979,1983,0,eight_s
1774426503.803642,2089,0,eight_s
1774426503.80638,2343,0,eight_s
1774426503.808935,1859,0,eight_s
1774426503.811522,2090,0,eight_s
1774426503.814498,2165,0,eight_s
1774426503.817965,1988,0,eight_s
1774426503.821312,1673,0,eight_s
1774426503.8236868,1869,0,eight_s
1774426503.826522,2300,0,eight_s
1774426503.8294861,1787,0,eight_s
1774426503.83252,1781,0,eight_s
1774426503.838411,1998,0,eight_s
1774426503.838529,2232,0,eight_s
1774426503.84198,2200,0,eight_s
1774426503.8456771,2155,0,eight_s
1774426503.8475251,1643,0,eight_s
1774426503.850539,1804,0,eight_s
1774426503.853535,1867,0,eight_s
1774426503.858743,2442,0,eight_s
1774426503.8608,1950,0,eight_s
1774426503.8627489,1913,0,eight_s
1774426503.866244,1936,0,eight_s
1774426503.868854,2011,0,eight_s
1774426503.871536,2145,0,eight_s
1774426503.874528,2185,0,eight_s
1774426503.8789802,2261,0,eight_s
1774426503.88166,1781,0,eight_s
1774426503.8836422,1767,0,eight_s
1774426503.887434,1864,0,eight_s
1774426503.889985,2055,0,eight_s
1774426503.892524,2028,0,eight_s
1774426503.895494,1894,0,eight_s
1774426503.8993652,1917,0,eight_s
1774426503.902275,1945,0,eight_s
1774426503.9059489,1990,0,eight_s
1774426503.907566,2259,0,eight_s
1774426503.910495,2220,0,eight_s
1774426503.913503,1743,0,eight_s
1774426503.91952,2226,0,eight_s
1774426503.919629,1732,0,eight_s
1774426503.923004,1817,0,eight_s
1774426503.926708,1998,0,eight_s
1774426503.928567,1999,0,eight_s
1774426503.931526,1933,0,eight_s
1774426503.9345222,1870,0,eight_s
1774426503.940076,2244,0,eight_s
1774426503.940806,2241,0,eight_s
1774426503.94363,1976,0,eight_s
1774426503.947259,1765,0,eight_s
1774426503.9499571,1929,0,eight_s
1774426503.952524,1886,0,eight_s
1774426503.9555058,2130,0,eight_s
1774426503.960137,2061,0,eight_s
1774426503.962069,2128,0,eight_s
1774426503.965834,2145,0,eight_s
1774426503.9674869,1561,0,eight_s
1774426503.97057,1664,0,eight_s
1774426503.973533,1903,0,eight_s
1774426503.9764931,2274,0,eight_s
1774426503.9805021,2001,0,eight_s
1774426503.983711,1965,0,eight_s
1774426503.985579,2322,0,eight_s
1774426503.989356,1874,0,eight_s
1774426503.991901,2196,0,eight_s
1774426503.994533,2240,0,eight_s
1774426504.000422,1665,0,eight_s
1774426504.001337,1642,0,eight_s
1774426504.004176,1862,0,eight_s
1774426504.007772,2140,0,eight_s
1774426504.009533,2183,0,eight_s
1774426504.012519,2036,0,eight_s
1774426504.015625,1928,0,eight_s
1774426504.0208058,2010,0,eight_s
1774426504.0228,2058,0,eight_s
1774426504.024797,2138,0,eight_s
1774426504.0282712,2150,0,eight_s
1774426504.030894,2098,0,eight_s
1774426504.033448,1390,0,eight_s
1774426504.036384,1749,0,eight_s
1774426504.041395,2117,0,eight_s
1774426504.043036,2213,0,eight_s
1774426504.045751,1966,0,eight_s
1774426504.0493178,1840,0,eight_s
1774426504.051871,2119,0,eight_s
1774426504.054424,2171,0,eight_s
1774426504.0573661,2068,0,eight_s
1774426504.061256,1908,0,eight_s
1774426504.064306,1826,0,eight_s
1774426504.0682619,1895,0,eight_s
1774426504.069901,1875,0,eight_s
1774426504.072447,2024,0,eight_s
1774426504.075402,2235,0,eight_s
1774426504.081436,1820,0,eight_s
1774426504.082056,1811,0,eight_s
1774426504.0851488,1819,0,eight_s
1774426504.087444,2126,0,eight_s
1774426504.090423,2458,0,eight_s
1774426504.093406,2042,0,eight_s
1774426504.096409,1455,0,eight_s
1774426504.10175,1943,0,eight_s
1774426504.10399,2008,0,eight_s
1774426504.105452,2162,0,eight_s
1774426504.10913,2010,0,eight_s
1774426504.111792,2150,0,eight_s
1774426504.114413,1858,0,eight_s
1774426504.117381,1954,0,eight_s
1774426504.1224089,1980,0,eight_s
1774426504.1239638,2120,0,eight_s
1774426504.127732,1948,0,eight_s
1774426504.1294878,1967,0,eight_s
1774426504.132392,1683,0,eight_s
1774426504.1353998,1911,0,eight_s
1774426504.1383522,2228,0,eight_s
1774426504.1432571,2320,0,eight_s
1774426504.144832,1832,0,eight_s
1774426504.148654,2061,0,eight_s
1774426504.151499,1870,0,eight_s
1774426504.154061,1707,0,eight_s
1774426504.156476,2067,0,eight_s
1774426504.159368,2091,0,eight_s
1774426504.1630661,1910,0,eight_s
1774426504.1662421,1877,0,eight_s
1774426504.170353,2014,0,eight_s
1774426504.171988,2121,0,eight_s
1774426504.174536,2101,0,eight_s
1774426504.177417,2088,0,eight_s
1774426504.183455,2019,0,eight_s
1774426504.183558,1807,0,eight_s
1774426504.187086,1907,0,eight_s
1774426504.19085,2079,0,eight_s
1774426504.192744,2046,0,eight_s
1774426504.195402,1904,0,eight_s
1774426504.198397,1977,0,eight_s
1774426504.204169,1970,0,eight_s
1774426504.204559,2065,0,eight_s
1774426504.208322,2086,0,eight_s
1774426504.210776,2233,0,eight_s
1774426504.213672,1950,0,eight_s
1774426504.21645,1819,0,eight_s
1774426504.2193909,1881,0,eight_s
1774426504.224312,2054,0,eight_s
1774426504.226393,2143,0,eight_s
1774426504.230464,1868,0,eight_s
1774426504.231936,1915,0,eight_s
1774426504.234581,1916,0,eight_s
1774426504.237406,2072,0,eight_s
1774426504.240389,2119,0,eight_s
1774426504.244877,2153,0,eight_s
1774426504.2465558,1820,0,eight_s
1774426504.250431,1849,0,eight_s
1774426504.253153,2059,0,eight_s
1774426504.255703,2130,0,eight_s
1774426504.258394,2010,0,eight_s
1774426504.261368,1890,0,eight_s
1774426504.265004,1983,0,eight_s
1774426504.2680478,2038,0,eight_s
1774426504.271758,2049,0,eight_s
1774426504.273302,2169,0,eight_s
1774426504.2771242,1975,0,eight_s
1774426504.279666,1764,0,eight_s
1774426504.2856839,1887,0,eight_s
1774426504.28604,1942,0,eight_s
1774426504.289057,2202,0,eight_s
1774426504.29278,2142,0,eight_s
1774426504.294304,1936,0,eight_s
1774426504.29727,1819,0,eight_s
1774426504.300264,1923,0,eight_s
1774426504.30637,1988,0,eight_s
1774426504.306429,2146,0,eight_s
1774426504.3094,2088,0,eight_s
1774426504.313084,1851,0,eight_s
1774426504.315779,1981,0,eight_s
1774426504.318326,1981,0,eight_s
1774426504.321249,2006,0,eight_s
1774426504.326105,2074,0,eight_s
1774426504.327681,2064,0,eight_s
1774426504.330463,1889,0,eight_s
1774426504.334379,1882,0,eight_s
1774426504.3369339,1870,0,eight_s
1774426504.339482,2131,0,eight_s
1774426504.342278,2145,0,eight_s
1774426504.3466618,1827,0,eight_s
1774426504.349438,1911,0,eight_s
1774426504.352152,1917,0,eight_s
1774426504.3550038,2034,0,eight_s
1774426504.357553,2089,0,eight_s
1774426504.3603032,2071,0,eight_s
1774426504.366626,1863,0,eight_s
1774426504.367275,2069,0,eight_s
1774426504.3699222,2035,0,eight_s
1774426504.3737988,1984,0,eight_s
1774426504.3753211,2053,0,eight_s
1774426504.3782651,1959,0,eight_s
1774426504.381265,1907,0,eight_s
1774426504.387156,1886,0,eight_s
1774426504.3884,1995,0,eight_s
1774426504.3907368,2180,0,eight_s
1774426504.394676,2049,0,eight_s
1774426504.396254,1980,0,eight_s
1774426504.399285,1915,0,eight_s
1774426504.402238,1852,0,eight_s
1774426504.4086442,1958,0,eight_s
1774426504.408709,2137,0,eight_s
1774426504.4122381,2019,0,eight_s
1774426504.4142778,1849,0,eight_s
1774426504.4172502,1846,0,eight_s
1774426504.420513,2053,0,eight_s
1774426504.423261,2104,0,eight_s
1774426504.430122,2078,0,eight_s
1774426504.4314802,1887,0,eight_s
1774426504.4336221,1979,0,eight_s
1774426504.4373171,1910,0,eight_s
1774426504.439082,2024,0,eight_s
1774426504.444006,2079,0,eight_s
1774426504.444298,2103,0,eight_s
1774426504.447258,1933,0,eight_s
1774426504.45025,1815,0,eight_s
1774426504.45391,1992,0,eight_s
1774426504.457739,2116,0,eight_s
1774426504.459557,2057,0,eight_s
1774426504.4622679,1802,0,eight_s
1774426504.465246,2021,0,eight_s
1774426504.468514,1995,0,eight_s
1774426504.472162,2028,0,eight_s
1774426504.474887,1956,0,eight_s
1774426504.478859,2130,0,eight_s
1774426504.487347,1870,0,eight_s
1774426504.487564,1848,0,eight_s
1774426504.487747,1873,0,eight_s
1774426504.4893591,2245,0,eight_s
1774426504.492288,1929,0,eight_s
1774426504.4954848,1859,0,eight_s
1774426504.503673,1892,0,eight_s
1774426504.503792,1952,0,eight_s
1774426504.504231,2005,0,eight_s
1774426504.5084019,2101,0,eight_s
1774426504.510168,2107,0,eight_s
1774426504.5135849,1906,0,eight_s
1774426504.5161579,1917,0,eight_s
1774426504.5225558,1919,0,eight_s
1774426504.522633,2099,0,eight_s
1774426504.52635,2156,0,eight_s
1774426504.528861,1931,0,eight_s
1774426504.5317278,1866,0,eight_s
1774426504.534289,1852,0,eight_s
1774426504.5371242,2074,0,eight_s
1774426504.5401201,2155,0,eight_s
1774426504.544487,2055,0,eight_s
1774426504.546745,1884,0,eight_s
1774426504.549588,1957,0,eight_s
1774426504.5521421,2024,0,eight_s
1774426504.555128,2096,0,eight_s
1774426504.558121,2048,0,eight_s
1774426504.561161,1949,0,eight_s
1774426504.5659242,1874,0,eight_s
1774426504.567652,1949,0,eight_s
1774426504.570382,1954,0,eight_s
1774426504.574373,2082,0,eight_s
1774426504.5761101,2109,0,eight_s
1774426504.579221,1835,0,eight_s
1774426504.5821838,1887,0,eight_s
1774426504.585782,1931,0,eight_s
1774426504.589244,2116,0,eight_s
1774426504.5916538,2149,0,eight_s
1774426504.594496,2002,0,eight_s
1774426504.597146,1905,0,eight_s
1774426504.600144,1906,0,eight_s
1774426504.606125,2023,0,eight_s
1774426504.606729,2132,0,eight_s
1774426504.609653,2093,0,eight_s
1774426504.613173,1871,0,eight_s
1774426504.615127,1920,0,eight_s
1774426504.618133,1939,0,eight_s
1774426504.6219342,2054,0,eight_s
1774426504.6272142,2107,0,eight_s
1774426504.628132,2031,0,eight_s
1774426504.6304672,1858,0,eight_s
1774426504.634221,1867,0,eight_s
1774426504.636108,1858,0,eight_s
1774426504.6391559,2071,0,eight_s
1774426504.642147,2129,0,eight_s
1774426504.6469781,1888,0,eight_s
1774426504.649091,1957,0,eight_s
1774426504.651384,1951,0,eight_s
1774426504.6545799,2111,0,eight_s
1774426504.657163,2136,0,eight_s
1774426504.6601138,2045,0,eight_s
1774426504.6631522,1731,0,eight_s
1774426504.6675782,1845,0,eight_s
1774426504.6694431,1924,0,eight_s
1774426504.673332,2177,0,eight_s
1774426504.6762109,2215,0,eight_s
1774426504.678777,1925,0,eight_s
1774426504.6814091,1954,0,eight_s
1774426504.6841059,1913,0,eight_s
1774426504.689108,2072,0,eight_s
1774426504.691147,2120,0,eight_s
1774426504.693894,2011,0,eight_s
1774426504.696347,1783,0,eight_s
1774426504.699157,2009,0,eight_s
1774426504.702355,1968,0,eight_s
1774426504.705127,1963,0,eight_s
1774426504.708139,2264,0,eight_s
1774426504.7117991,2085,0,eight_s
1774426504.714792,1852,0,eight_s
1774426504.7184389,1882,0,eight_s
1774426504.720282,1964,0,eight_s
1774426504.7231202,2180,0,eight_s
1774426504.7261639,2078,0,eight_s
1774426504.732081,1901,0,eight_s
1774426504.732766,1993,0,eight_s
1774426504.7367811,1884,0,eight_s
1774426504.7400901,2021,0,eight_s
1774426504.741606,2125,0,eight_s
1774426504.7441568,1971,0,eight_s
1774426504.7471418,1810,0,eight_s
1774426504.752954,1978,0,eight_s
1774426504.754292,1934,0,eight_s
1774426504.756771,2077,0,eight_s
1774426504.759549,2105,0,eight_s
1774426504.762593,1992,0,eight_s
1774426504.765171,1923,0,eight_s
1774426504.768142,1755,0,eight_s
1774426504.771011,2073,0,eight_s
1774426504.774036,2107,0,eight_s
1774426504.778784,2037,0,eight_s
1774426504.781672,1818,0,eight_s
1774426504.7831738,2038,0,eight_s
1774426504.787272,1990,0,eight_s
1774426504.789597,2078,0,eight_s
1774426504.7921479,2061,0,eight_s
1774426504.794991,2030,0,eight_s
1774426504.79846,1822,0,eight_s
1774426504.801684,1923,0,eight_s
1774426504.8058429,2012,0,eight_s
1774426504.8074932,2117,0,eight_s
1774426504.810039,1960,0,eight_s
1774426504.813,1831,0,eight_s
1774426504.818572,1892,0,eight_s
1774426504.819572,1987,0,eight_s
1774426504.822347,2130,0,eight_s
1774426504.826048,2076,0,eight_s
1774426504.827991,1903,0,eight_s
1774426504.831035,1963,0,eight_s
1774426504.835158,1923,0,eight_s
1774426504.839082,2043,0,eight_s
1774426504.841216,2133,0,eight_s
1774426504.843182,2113,0,eight_s
1774426504.846548,1829,0,eight_s
1774426504.849184,1933,0,eight_s
1774426504.851989,1933,0,eight_s
1774426504.855009,2033,0,eight_s
1774426504.859256,2072,0,eight_s
1774426504.861162,1927,0,eight_s
1774426504.8650692,1893,0,eight_s
1774426504.867847,1920,0,eight_s
1774426504.8702662,2013,0,eight_s
1774426504.873009,2119,0,eight_s
1774426504.876745,2139,0,eight_s
1774426504.8802,1847,0,eight_s
1774426504.88213,1878,0,eight_s
1774426504.8860219,1950,0,eight_s
1774426504.888813,2112,0,eight_s
1774426504.891358,2116,0,eight_s
1774426504.894057,2004,0,eight_s
1774426504.896988,1893,0,eight_s
1774426504.9002728,1910,0,eight_s
1774426504.903789,1910,0,eight_s
1774426504.906101,2153,0,eight_s
1774426504.908997,2104,0,eight_s
1774426504.911996,1848,0,eight_s
1774426504.914986,1880,0,eight_s
1774426504.920925,1963,0,eight_s
1774426504.921341,2074,0,eight_s
1774426504.924108,2058,0,eight_s
1774426504.9277592,2076,0,eight_s
1774426504.9304771,1847,0,eight_s
1774426504.9330308,1909,0,eight_s
1774426504.936019,1989,0,eight_s
1774426504.9414132,2136,0,eight_s
1774426504.942662,2100,0,eight_s
1774426504.945207,1902,0,eight_s
1774426504.948917,1955,0,eight_s
1774426504.951,1953,0,eight_s
1774426504.95398,2040,0,eight_s
1774426504.9569888,2102,0,eight_s
1774426504.961421,2048,0,eight_s
1774426504.963286,1935,0,eight_s
1774426504.9660401,1949,0,eight_s
1774426504.969792,1941,0,eight_s
1774426504.972376,2063,0,eight_s
1774426504.975035,2122,0,eight_s
1774426504.977985,1913,0,eight_s
1774426504.9822211,1915,0,eight_s
1774426504.984788,1914,0,eight_s
1774426504.9887302,2031,0,eight_s
1774426504.990187,2130,0,eight_s
1774426504.993001,2158,0,eight_s
1774426504.996057,1856,0,eight_s
1774426505.00228,1847,0,eight_s
1774426505.002969,1963,0,eight_s
1774426505.0057411,2112,0,eight_s
1774426505.009711,2060,0,eight_s
1774426505.011373,1951,0,eight_s
1774426505.013987,1922,0,eight_s
1774426505.017011,1905,0,eight_s
1774426505.023009,2129,0,eight_s
1774426505.023378,2132,0,eight_s
1774426505.027165,2002,0,eight_s
1774426505.029456,1973,0,eight_s
1774426505.032248,1843,0,eight_s
1774426505.034865,1988,0,eight_s
1774426505.038732,2135,0,eight_s
1774426505.044029,2088,0,eight_s
1774426505.0444312,1885,0,eight_s
1774426505.047798,2007,0,eight_s
1774426505.051848,1933,0,eight_s
1774426505.05329,1874,0,eight_s
1774426505.055881,2010,0,eight_s
1774426505.058869,2124,0,eight_s
1774426505.0651252,1858,0,eight_s
1774426505.065208,1895,0,eight_s
1774426505.068806,2063,0,eight_s
1774426505.072743,2069,0,eight_s
1774426505.074316,2076,0,eight_s
1774426505.076907,2082,0,eight_s
1774426505.079909,1875,0,eight_s
1774426505.0853481,1902,0,eight_s
1774426505.086247,1861,0,eight_s
1774426505.089143,2156,0,eight_s
1774426505.093017,2013,0,eight_s
1774426505.0948968,1899,0,eight_s
1774426505.097897,1999,0,eight_s
1774426505.100894,1979,0,eight_s
1774426505.1065369,1896,0,eight_s
1774426505.106978,2035,0,eight_s
1774426505.110055,2120,0,eight_s
1774426505.113991,1982,0,eight_s
1774426505.1158662,1831,0,eight_s
1774426505.119479,2006,0,eight_s
1774426505.1220329,2242,0,eight_s
1774426505.128203,2073,0,eight_s
1774426505.128824,1728,0,eight_s
1774426505.1316102,1983,0,eight_s
1774426505.135539,1976,0,eight_s
1774426505.1371782,2074,0,eight_s
1774426505.13993,1976,0,eight_s
1774426505.1428869,1997,0,eight_s
1774426505.149197,1808,0,eight_s
1774426505.149598,1831,0,eight_s
1774426505.153126,1933,0,eight_s
1774426505.155469,2137,0,eight_s
1774426505.158528,2130,0,eight_s
1774426505.161082,1917,0,eight_s
1774426505.1639092,1947,0,eight_s
1774426505.170323,1930,0,eight_s
1774426505.170439,1999,0,eight_s
1774426505.173871,2146,0,eight_s
1774426505.1768692,2055,0,eight_s
1774426505.179779,1831,0,eight_s
1774426505.1823318,1939,0,eight_s
1774426505.184884,2006,0,eight_s
1774426505.1879418,2100,0,eight_s
1774426505.191978,2145,0,eight_s
1774426505.194985,2037,0,eight_s
1774426505.197838,1886,0,eight_s
1774426505.200705,1876,0,eight_s
1774426505.203255,1912,0,eight_s
1774426505.205867,2119,0,eight_s
1774426505.21169,2115,0,eight_s
1774426505.2129788,1824,0,eight_s
1774426505.215457,1866,0,eight_s
1774426505.219452,1946,0,eight_s
1774426505.2209668,2100,0,eight_s
1774426505.223901,2113,0,eight_s
1774426505.226867,1996,0,eight_s
1774426505.232084,1917,0,eight_s
1774426505.233978,1918,0,eight_s
1774426505.236033,1962,0,eight_s
1774426505.2395048,2114,0,eight_s
1774426505.2421172,2102,0,eight_s
1774426505.244905,1879,0,eight_s
1774426505.247901,1944,0,eight_s
1774426505.252984,1962,0,eight_s
1774426505.254588,2082,0,eight_s
1774426505.2584682,2074,0,eight_s
1774426505.260001,2096,0,eight_s
1774426505.262906,1860,0,eight_s
1774426505.265884,1860,0,eight_s
1774426505.268855,1921,0,eight_s
1774426505.2729962,2139,0,eight_s
1774426505.276054,2081,0,eight_s
1774426505.278914,1849,0,eight_s
1774426505.28162,1919,0,eight_s
1774426505.284163,1944,0,eight_s
1774426505.286906,2061,0,eight_s
1774426505.289898,2146,0,eight_s
1774426505.293426,2058,0,eight_s
1774426505.296588,1833,0,eight_s
1774426505.298959,1928,0,eight_s
1774426505.30179,1926,0,eight_s
1774426505.304777,2062,0,eight_s
1774426505.307768,2105,0,eight_s
1774426505.313371,1936,0,eight_s
1774426505.314333,1983,0,eight_s
1774426505.317149,1932,0,eight_s
1774426505.320885,1969,0,eight_s
1774426505.322779,2104,0,eight_s
1774426505.325778,2087,0,eight_s
1774426505.328786,1767,0,eight_s
1774426505.333865,1856,0,eight_s
1774426505.335677,1960,0,eight_s
1774426505.339662,2187,0,eight_s
1774426505.3410418,2118,0,eight_s
1774426505.3437812,1921,0,eight_s
1774426505.346761,1830,0,eight_s
1774426505.349772,1861,0,eight_s
1774426505.3539882,2240,0,eight_s
1774426505.3559191,2011,0,eight_s
1774426505.359824,2022,0,eight_s
1774426505.36258,1807,0,eight_s
1774426505.365128,1899,0,eight_s
1774426505.3677802,2043,0,eight_s
1774426505.370738,2062,0,eight_s
1774426505.375156,2144,0,eight_s
1774426505.3775208,2013,0,eight_s
1774426505.381363,1754,0,eight_s
1774426505.382886,1802,0,eight_s
1774426505.3857632,1932,0,eight_s
1774426505.388726,2098,0,eight_s
1774426505.395943,2149,0,eight_s
1774426505.397013,1856,0,eight_s
1774426505.398423,1928,0,eight_s
1774426505.4021811,1857,0,eight_s
1774426505.403775,2042,0,eight_s
1774426505.4067671,2229,0,eight_s
1774426505.4097679,2155,0,eight_s
1774426505.415898,1772,0,eight_s
1774426505.415991,1908,0,eight_s
1774426505.419172,1995,0,eight_s
1774426505.422584,2111,0,eight_s
1774426505.4252641,2028,0,eight_s
1774426505.427818,1913,0,eight_s
1774426505.430767,2139,0,eight_s
1774426505.43544,1891,0,eight_s
1774426505.437423,1904,0,eight_s
1774426505.441227,2096,0,eight_s
1774426505.442806,2109,0,eight_s
1774426505.44577,1798,0,eight_s
1774426505.449376,1887,0,eight_s
1774426505.451921,1990,0,eight_s
1774426505.456199,2147,0,eight_s
1774426505.458039,2054,0,eight_s
1774426505.460926,1934,0,eight_s
1774426505.4646301,1885,0,eight_s
1774426505.4671822,1942,0,eight_s
1774426505.46977,2057,0,eight_s
1774426505.472738,2122,0,eight_s
1774426505.476421,2095,0,eight_s
1774426505.479622,1780,0,eight_s
1774426505.483381,1883,0,eight_s
1774426505.484947,2031,0,eight_s
1774426505.4877598,2159,0,eight_s
1774426505.490779,2102,0,eight_s
1774426505.496487,1911,0,eight_s
1774426505.497167,1851,0,eight_s
1774426505.500597,1972,0,eight_s
1774426505.502775,2027,0,eight_s
1774426505.505774,2128,0,eight_s
1774426505.508737,2076,0,eight_s
1774426505.511772,1815,0,eight_s
1774426505.517192,1955,0,eight_s
1774426505.517832,1965,0,eight_s
1774426505.5218391,2055,0,eight_s
1774426505.524108,2079,0,eight_s
1774426505.526814,2009,0,eight_s
1774426505.529772,1871,0,eight_s
1774426505.532646,1902,0,eight_s
1774426505.537389,2017,0,eight_s
1774426505.5388942,2173,0,eight_s
1774426505.542762,2113,0,eight_s
1774426505.545475,1865,0,eight_s
1774426505.548032,1891,0,eight_s
1774426505.5506382,1948,0,eight_s
1774426505.553617,2093,0,eight_s
1774426505.557935,2088,0,eight_s
1774426505.561027,2008,0,eight_s
1774426505.563624,1825,0,eight_s
1774426505.566365,1937,0,eight_s
1774426505.568908,1980,0,eight_s
1774426505.5716429,2146,0,eight_s
1774426505.5746508,2060,0,eight_s
1774426505.57833,1867,0,eight_s
1774426505.581224,1879,0,eight_s
1774426505.585311,1957,0,eight_s
1774426505.586675,2069,0,eight_s
1774426505.5896199,2127,0,eight_s
1774426505.592615,2080,0,eight_s
1774426505.598581,1822,0,eight_s
1774426505.5989408,1917,0,eight_s
1774426505.602287,2017,0,eight_s
1774426505.604623,2126,0,eight_s
1774426505.607647,2105,0,eight_s
1774426505.610611,1867,0,eight_s
1774426505.613625,1872,0,eight_s
1774426505.6189692,1955,0,eight_s
1774426505.6196501,2007,0,eight_s
1774426505.622876,2083,0,eight_s
1774426505.6262999,2055,0,eight_s
1774426505.628875,1860,0,eight_s
1774426505.631636,1946,0,eight_s
1774426505.63466,2005,0,eight_s
1774426505.6396742,2257,0,eight_s
1774426505.641164,2080,0,eight_s
1774426505.6450188,1837,0,eight_s
1774426505.647587,1832,0,eight_s
1774426505.650115,2027,0,eight_s
1774426505.652662,2016,0,eight_s
1774426505.655602,2015,0,eight_s
1774426505.659628,2131,0,eight_s
1774426505.662552,1993,0,eight_s
1774426505.665378,1822,0,eight_s
1774426505.668106,1877,0,eight_s
1774426505.67066,2160,0,eight_s
1774426505.673624,2228,0,eight_s
1774426505.679515,1902,0,eight_s
1774426505.679903,1840,0,eight_s
1774426505.683608,1824,0,eight_s
1774426505.6861491,2046,0,eight_s
1774426505.6888618,2010,0,eight_s
1774426505.691663,2105,0,eight_s
1774426505.694645,1888,0,eight_s
1774426505.6998851,1895,0,eight_s
1774426505.7020721,1856,0,eight_s
1774426505.703735,2125,0,eight_s
1774426505.70731,2076,0,eight_s
1774426505.7099361,2060,0,eight_s
1774426505.7126882,1843,0,eight_s
1774426505.715647,2027,0,eight_s
1774426505.720311,1970,0,eight_s
1774426505.722369,2127,0,eight_s
1774426505.7261922,2116,0,eight_s
1774426505.727676,1872,0,eight_s
1774426505.73063,1773,0,eight_s
1774426505.733641,2033,0,eight_s
1774426505.73661,2093,0,eight_s
1774426505.740421,2080,0,eight_s
1774426505.742688,1983,0,eight_s
1774426505.7466938,1851,0,eight_s
1774426505.749415,1997,0,eight_s
1774426505.751737,1929,0,eight_s
1774426505.7546,2042,0,eight_s
1774426505.7609248,2148,0,eight_s
1774426505.761594,1882,0,eight_s
1774426505.764488,1836,0,eight_s
1774426505.766918,1939,0,eight_s
1774426505.7696629,2094,0,eight_s
1774426505.772497,2135,0,eight_s
1774426505.7763588,2053,0,eight_s
1774426505.780939,1806,0,eight_s
1774426505.7830558,1924,0,eight_s
1774426505.7846808,1998,0,eight_s
1774426505.788337,2090,0,eight_s
1774426505.7909288,2055,0,eight_s
1774426505.793517,1907,0,eight_s
1774426505.7965171,1906,0,eight_s
1774426505.8013709,2014,0,eight_s
1774426505.803133,2030,0,eight_s
1774426505.806921,2157,0,eight_s
1774426505.808664,2084,0,eight_s
1774426505.811519,1759,0,eight_s
1774426505.814486,1885,0,eight_s
1774426505.8174741,2016,0,eight_s
1774426505.821702,2140,0,eight_s
1774426505.8239412,2112,0,eight_s
1774426505.8279,1925,0,eight_s
1774426505.8306859,1847,0,eight_s
1774426505.832494,1999,0,eight_s
1774426505.835488,2075,0,eight_s
1774426505.838484,2127,0,eight_s
1774426505.8426108,2003,0,eight_s
1774426505.8452501,1747,0,eight_s
1774426505.8488,1919,0,eight_s
1774426505.8505201,2026,0,eight_s
1774426505.853533,2118,0,eight_s
1774426505.8564858,2132,0,eight_s
1774426505.862505,2014,0,eight_s
1774426505.8628821,1808,0,eight_s
1774426505.866061,1942,0,eight_s
1774426505.8696132,1963,0,eight_s
1774426505.871516,2082,0,eight_s
1774426505.874515,2106,0,eight_s
1774426505.877523,1831,0,eight_s
1774426505.883018,1899,0,eight_s
1774426505.88394,2022,0,eight_s
1774426505.8876538,2130,0,eight_s
1774426505.890084,2142,0,eight_s
1774426505.892653,2016,0,eight_s
1774426505.895489,1783,0,eight_s
1774426505.898485,1895,0,eight_s
1774426505.9051251,2043,0,eight_s
1774426505.905313,2087,0,eight_s
1774426505.9093068,2070,0,eight_s
1774426505.9108312,1846,0,eight_s
1774426505.913515,1886,0,eight_s
1774426505.916491,1963,0,eight_s
1774426505.919481,2052,0,eight_s
