timestamp,ch1,ch2,label
1789468248.40083,2098,2879,5
1789468248.401044,2090,2880,5
1789468248.404719,2130,2879,5
1789468248.4048629,2019,2878,5
1789468248.407487,2059,2879,5
1789468248.409607,2050,2878,5
1789468248.412342,2086,2880,5
1789468248.413399,1903,2878,5
1789468248.4156952,1996,2879,5
1789468248.416805,2101,2878,5
1789468248.4191182,2210,2880,5
1789468248.4216828,2078,2879,5
1789468248.4229739,2032,2879,5
1789468248.425517,2070,2880,5
1789468248.42782,2166,2879,5
1789468248.42886,2027,2878,5
1789468248.4311628,2026,2879,5
1789468248.433708,2192,2881,5
1789468248.434995,2137,2880,5
1789468248.437301,2053,2879,5
1789468248.439841,1976,2878,5
1789468248.4411252,2089,2879,5
1789468248.4436631,2106,2879,5
1789468248.444949,2063,2878,5
1789468248.4474628,2098,2879,5
1789468248.448819,2110,2879,5
1789468248.451135,2010,2878,5
1789468248.453439,2142,2880,5
1789468248.455746,2073,2878,5
1789468248.4568121,2022,2878,5
1789468248.458882,2066,2880,5
1789468248.461202,2121,2880,5
1789468248.4660769,2059,2879,5
1789468248.466534,2039,2879,5
1789468248.4685261,2110,2879,5
1789468248.4699981,2029,2877,5
1789468248.471273,1922,2877,5
1789468248.473439,2139,2879,5
1789468248.475942,2178,2878,5
1789468248.47723,2101,2879,5
1789468248.4797719,1997,2877,5
1789468248.481059,2058,2879,5
1789468248.483294,2105,2877,5
1789468248.4856079,2171,2880,5
1789468248.486895,2120,2879,5
1789468248.489344,1990,2879,5
1789468248.491884,2029,2877,5
1789468248.493168,2112,2879,5
1789468248.4956002,2009,2879,5
1789468248.497895,2168,2880,5
1789468248.498949,2089,2879,5
1789468248.50126,2043,2877,5
1789468248.503814,2056,2881,5
1789468248.5048718,2215,2878,5
1789468248.506942,2063,2879,5
1789468248.509233,2072,2878,5
1789468248.511534,2101,2879,5
1789468248.5136142,1987,2878,5
1789468248.5159218,2043,2878,5
1789468248.517041,2124,2881,5
1789468248.519253,2087,2880,5
1789468248.521794,2034,2879,5
1789468248.522843,2087,2878,5
1789468248.525144,2081,2879,5
1789468248.527439,2031,2880,5
1789468248.528799,2028,2877,5
1789468248.531213,2067,2879,5
1789468248.533509,2047,2879,5
1789468248.53581,2237,2880,5
1789468248.537097,2142,2880,5
1789468248.53916,2065,2879,5
1789468248.541703,2080,2878,5
1789468248.542749,2092,2879,5
1789468248.545289,1923,2878,5
1789468248.547829,1960,2879,5
1789468248.549118,2160,2881,5
1789468248.551178,2186,2881,5
1789468248.553718,2025,2879,5
1789468248.554771,2095,2878,5
1789468248.559783,2115,2879,5
1789468248.5601642,2145,2879,5
1789468248.5620139,2114,2880,5
1789468248.5639098,2054,2877,5
1789468248.565543,2076,2878,5
1789468248.566821,2109,2881,5
1789468248.5693681,2079,2879,5
1789468248.5716941,1999,2878,5
1789468248.572984,1966,2880,5
1789468248.575526,2073,2880,5
1789468248.577655,2128,2879,5
1789468248.578944,2052,2878,5
1789468248.5814898,2075,2878,5
1789468248.582751,2127,2880,5
1789468248.5850549,2085,2879,5
1789468248.587143,2060,2879,5
1789468248.589689,2132,2878,5
1789468248.590867,2083,2880,5
1789468248.593409,2040,2879,5
1789468248.595956,1993,2878,5
1789468248.597216,2108,2880,5
1789468248.599756,2147,2881,5
1789468248.6007948,2121,2880,5
1789468248.603338,2096,2879,5
1789468248.60564,2063,2879,5
1789468248.606926,2003,2879,5
1789468248.609471,2164,2880,5
1789468248.6107562,2146,2880,5
1789468248.613296,2029,2877,5
1789468248.6157598,2075,2879,5
1789468248.616807,2112,2880,5
1789468248.6191208,2101,2879,5
1789468248.621423,2012,2880,5
1789468248.622795,2014,2878,5
1789468248.627807,2110,2879,5
1789468248.628293,2111,2880,5
1789468248.629739,1938,2878,5
1789468248.632303,2102,2880,5
1789468248.634794,2165,2881,5
1789468248.635812,2147,2879,5
1789468248.637418,2026,2879,5
1789468248.6387131,2030,2879,5
1789468248.641054,2121,2880,5
1789468248.64337,2055,2879,5
1789468248.648391,2017,2878,5
1789468248.648464,2047,2878,5
1789468248.650502,2153,2880,5
1789468248.652471,2140,2879,5
1789468248.654934,2091,2880,5
1789468248.655044,2058,2879,5
1789468248.657295,2080,2880,5
1789468248.6596212,2106,2880,5
1789468248.6619341,2075,2878,5
1789468248.66322,2012,2879,5
1789468248.665545,2049,2879,5
1789468248.667706,2104,2880,5
1789468248.6690009,2088,2879,5
1789468248.671305,2039,2877,5
1789468248.67361,2048,2879,5
1789468248.675914,2024,2877,5
1789468248.677207,2057,2878,5
1789468248.67975,2101,2878,5
1789468248.680809,2060,2877,5
1789468248.683118,2163,2880,5
1789468248.6854458,2039,2878,5
1789468248.687506,2051,2879,5
1789468248.689812,2054,2878,5
1789468248.69111,2126,2879,5
1789468248.693655,2186,2880,5
1789468248.6960242,2087,2881,5
1789468248.697084,2046,2878,5
1789468248.699133,2023,2878,5
1789468248.701677,2099,2880,5
1789468248.7027369,2141,2879,5
1789468248.704799,2051,2880,5
1789468248.707099,2065,2880,5
1789468248.709267,2093,2880,5
1789468248.71452,2079,2881,5
1789468248.7156749,2009,2877,5
1789468248.717115,2022,2879,5
1789468248.717246,2103,2881,5
1789468248.7204459,2105,2879,5
1789468248.72268,2039,2879,5
1789468248.722902,2057,2878,5
1789468248.7254028,2100,2880,5
1789468248.727523,2074,2879,5
1789468248.7298188,1983,2878,5
1789468248.731256,1966,2877,5
1789468248.735465,2116,2878,5
1789468248.735559,2288,2881,5
1789468248.736877,2071,2879,5
1789468248.738731,1961,2878,5
1789468248.7423391,1958,2877,5
1789468248.7448168,2218,2880,5
1789468248.744912,2142,2880,5
1789468248.747466,2070,2879,5
1789468248.7496672,2118,2882,5
1789468248.7507682,2080,2880,5
1789468248.753333,2078,2880,5
1789468248.755882,2090,2878,5
1789468248.757167,2086,2880,5
1789468248.7594838,2095,2880,5
1789468248.761549,2034,2877,5
1789468248.762837,2055,2879,5
1789468248.765228,2092,2880,5
1789468248.767293,2107,2880,5
1789468248.7694569,2070,2879,5
1789468248.771753,2058,2879,5
1789468248.7728078,2046,2879,5
1789468248.7750149,2071,2879,5
1789468248.7775528,2109,2880,5
1789468248.778836,2050,2878,5
1789468248.781132,2042,2878,5
1789468248.783442,2046,2878,5
1789468248.7857459,2068,2880,5
1789468248.786898,2116,2878,5
1789468248.789193,2122,2879,5
1789468248.7914891,2100,2878,5
1789468248.793719,2103,2879,5
1789468248.795004,2066,2878,5
1789468248.80141,2083,2879,5
1789468248.8014898,2060,2878,5
1789468248.801892,2112,2880,5
1789468248.803394,2091,2879,5
1789468248.806108,2047,2878,5
1789468248.80766,1994,2877,5
1789468248.809946,1978,2878,5
1789468248.811004,1960,2878,5
1789468248.813489,2015,2878,5
1789468248.8158588,2183,2881,5
1789468248.81691,2226,2881,5
1789468248.821019,2119,2880,5
1789468248.8214731,2074,2878,5
1789468248.823591,2076,2879,5
1789468248.8249931,2125,2879,5
1789468248.827091,2149,2880,5
1789468248.829293,2076,2879,5
1789468248.8312929,2069,2879,5
1789468248.833866,2056,2878,5
1789468248.8351529,2045,2880,5
1789468248.837705,2042,2878,5
1789468248.839019,2042,2878,5
1789468248.84146,2115,2880,5
1789468248.843762,2111,2880,5
1789468248.8449259,2004,2878,5
1789468248.847229,1953,2878,5
1789468248.8497338,1851,2880,5
1789468248.851024,2170,2880,5
1789468248.85333,2245,2879,5
1789468248.855645,2120,2879,5
1789468248.856935,2070,2879,5
1789468248.859488,2045,2879,5
1789468248.86078,1939,2878,5
1789468248.863092,1998,2879,5
1789468248.865153,2017,2879,5
1789468248.867697,2168,2880,5
1789468248.86886,2108,2879,5
1789468248.871168,2402,2880,5
1789468248.8732412,2052,2879,5
1789468248.875535,2080,2879,5
1789468248.876835,2270,2881,5
1789468248.879148,1809,2879,5
1789468248.8847291,1826,2879,5
1789468248.88523,2607,2882,5
1789468248.8859892,2254,2880,5
1789468248.887514,1679,2876,5
1789468248.889662,1893,2880,5
1789468248.891944,2584,2880,5
1789468248.893406,2252,2879,5
1789468248.895282,1578,2877,5
1789468248.897355,1518,2880,5
1789468248.898719,2510,2881,5
1789468248.905055,2838,2881,5
1789468248.9054458,1717,2877,5
1789468248.905542,1511,2876,5
1789468248.907549,2118,2879,5
1789468248.90942,2233,2880,5
1789468248.911808,2164,2877,5
1789468248.9131992,2251,2880,5
1789468248.915128,2343,2880,5
1789468248.917439,2087,2879,5
1789468248.919748,1395,2877,5
1789468248.920796,1771,2878,5
1789468248.95492,2294,2880,5
1789468248.9549792,2024,2880,5
1789468248.95501,2181,2879,5
1789468248.9550369,1898,2878,5
1789468248.95508,1641,2878,5
1789468248.9552362,1825,2877,5
1789468248.9552672,2987,2882,5
1789468248.955298,1830,2877,5
1789468248.9553978,1695,2877,5
1789468248.9554932,2211,2880,5
1789468248.955561,2204,2879,5
1789468248.955628,2080,2878,5
1789468248.9556942,1936,2879,5
1789468248.955759,1897,2879,5
1789468248.95582,2006,2878,5
1789468248.955884,2073,2880,5
1789468248.9559438,1889,2876,5
1789468248.957255,1976,2880,5
1789468248.961993,2013,2880,5
1789468248.962243,1923,2877,5
1789468248.96358,1885,2877,5
1789468248.968642,1892,2877,5
1789468248.969065,1958,2878,5
1789468248.969813,2226,2881,5
1789468248.971266,2111,2880,5
1789468248.9728289,1876,2878,5
1789468248.975717,1976,2879,5
1789468248.977228,2049,2878,5
1789468248.9788969,2045,2878,5
1789468248.9813912,2005,2879,5
1789468248.9834518,2056,2878,5
1789468248.9883678,1923,2878,5
1789468248.9884522,1976,2879,5
1789468248.990478,1925,2879,5
1789468248.99189,1877,2876,5
1789468248.9935691,2090,2879,5
1789468248.995051,1999,2878,5
1789468248.998084,1997,2878,5
1789468248.9993799,1958,2877,5
1789468249.000669,2071,2877,5
1789468249.0032158,1993,2877,5
1789468249.005537,1937,2879,5
1789468249.006678,1946,2878,5
1789468249.008992,2050,2879,5
1789468249.011063,2053,2879,5
1789468249.013598,2065,2878,5
1789468249.0146902,2156,2880,5
1789468249.0168939,2003,2878,5
1789468249.019189,2069,2878,5
1789468249.0214841,2010,2880,5
1789468249.023633,1733,2876,5
1789468249.024918,1855,2876,5
1789468249.027457,2112,2878,5
1789468249.029519,1718,2878,5
1789468249.030802,1317,2878,5
1789468249.033105,2261,2881,5
1789468249.0351539,2372,2879,5
1789468249.037455,2314,2881,5
1789468249.039531,2083,2879,5
1789468249.040693,1840,2877,5
1789468249.0429928,2293,2880,5
1789468249.045291,2366,2880,5
1789468249.047824,1881,2877,5
1789468249.052263,2255,2880,5
1789468249.052644,1908,2877,5
1789468249.05304,1789,2876,5
1789468249.054788,2570,2880,5
1789468249.058023,2231,2880,5
1789468249.060787,2256,2879,5
1789468249.060965,2165,2880,5
1789468249.0634282,1927,2877,5
1789468249.065742,2273,2879,5
1789468249.066781,2387,2880,5
1789468249.072216,2133,2880,5
1789468249.072316,1750,2876,5
1789468249.074385,1564,2876,5
1789468249.0757172,2090,2879,5
1789468249.077054,2518,2880,5
1789468249.0801752,2186,2880,5
1789468249.081886,1783,2877,5
1789468249.0831769,2166,2878,5
1789468249.085726,2118,2878,5
1789468249.087015,1784,2877,5
1789468249.089364,1759,2878,5
1789468249.090694,2381,2880,5
1789468249.0932422,2364,2879,5
1789468249.095537,2106,2879,5
1789468249.0978382,1872,2876,5
1789468249.099126,2357,2881,5
1789468249.101318,1897,2879,5
1789468249.103616,1990,2879,5
1789468249.104903,1854,2877,5
1789468249.1072881,1684,2877,5
1789468249.109597,1750,2876,5
1789468249.1108851,2579,2880,5
1789468249.113062,2274,2880,5
1789468249.115367,1895,2876,5
1789468249.116687,1939,2877,5
1789468249.1189818,2501,2882,5
1789468249.12129,2349,2880,5
1789468249.1238441,1984,2877,5
1789468249.125132,1673,2876,5
1789468249.1276748,1922,2877,5
1789468249.128961,1912,2878,5
1789468249.1311429,2100,2879,5
1789468249.1367922,1610,2876,5
1789468249.137516,2371,2880,5
1789468249.1379032,2256,2880,5
1789468249.140244,2052,2877,5
1789468249.1418,2124,2881,5
1789468249.143564,2034,2880,5
1789468249.145437,2067,2879,5
1789468249.147255,1910,2876,5
1789468249.149606,2147,2881,5
1789468249.150896,2121,2880,5
1789468249.153453,2001,2878,5
1789468249.154778,2121,2880,5
1789468249.157151,2274,2880,5
1789468249.159455,2129,2880,5
1789468249.161752,1965,2877,5
1789468249.163041,1858,2878,5
1789468249.1654441,1906,2878,5
1789468249.166734,2450,2880,5
1789468249.169044,2455,2880,5
1789468249.171356,2047,2878,5
1789468249.173653,2050,2879,5
1789468249.174696,2077,2877,5
1789468249.177238,2001,2877,5
1789468249.179544,1974,2878,5
1789468249.1808288,2163,2880,5
1789468249.182889,1929,2876,5
1789468249.1849558,2211,2880,5
1789468249.187017,2091,2879,5
1789468249.189311,2012,2880,5
1789468249.191612,2069,2879,5
1789468249.192897,2092,2878,5
1789468249.195194,2012,2878,5
1789468249.197738,1835,2879,5
1789468249.202074,2207,2880,5
1789468249.202446,2343,2880,5
1789468249.204349,2379,2879,5
1789468249.2058618,1976,2879,5
1789468249.207554,1998,2877,5
1789468249.2091892,2113,2878,5
1789468249.211067,2371,2881,5
1789468249.213516,2091,2878,5
1789468249.2148092,1795,2877,5
1789468249.217078,1623,2877,5
1789468249.222653,2139,2879,5
1789468249.2230442,1758,2876,5
1789468249.223397,1571,2876,5
1789468249.224756,2364,2881,5
1789468249.2275012,2208,2881,5
1789468249.2292411,2070,2878,5
1789468249.2312021,2069,2878,5
1789468249.233085,1871,2877,5
1789468249.235638,2152,2880,5
1789468249.236927,1959,2876,5
1789468249.239452,1682,2876,5
1789468249.240756,1763,2876,5
1789468249.24331,1541,2877,5
1789468249.2447722,1354,2878,5
1789468249.247078,2054,2877,5
1789468249.249391,2174,2879,5
1789468249.251694,2101,2879,5
1789468249.2527418,2377,2880,5
1789468249.255285,1930,2876,5
1789468249.257592,1210,2878,5
1789468249.25867,1535,2877,5
1789468249.261211,2274,2878,5
1789468249.263386,1936,2878,5
1789468249.265693,1908,2880,5
1789468249.2669828,1341,2877,5
1789468249.2690501,1852,2879,5
1789468249.271122,2366,2880,5
1789468249.273189,1926,2878,5
1789468249.2752562,1074,2878,5
1789468249.2775629,2062,2879,5
1789468249.278848,2154,2878,5
1789468249.280905,1230,2876,5
1789468249.283217,1738,2876,5
1789468249.287476,2169,2880,5
1789468249.287821,1057,2877,5
1789468249.2897978,1402,2877,5
1789468249.291161,2095,2878,5
1789468249.294194,2546,2882,5
1789468249.296397,2656,2882,5
1789468249.298211,2757,2881,5
1789468249.2995079,1970,2880,5
1789468249.300798,76,2877,5
1789468249.3033469,1401,2878,5
1789468249.3080719,3383,2883,5
1789468249.308197,1534,2879,5
1789468249.310046,1254,2878,5
1789468249.311859,841,2877,5
1789468249.3144891,1206,2879,5
1789468249.31676,2133,2879,5
1789468249.316855,2171,2879,5
1789468249.319436,1617,2876,5
1789468249.320725,1039,2877,5
1789468249.323031,1254,2877,5
1789468249.3250828,1530,2879,5
1789468249.327639,1900,2878,5
1789468249.328929,786,2877,5
1789468249.3312252,1612,2876,5
1789468249.333772,2001,2880,5
1789468249.33506,1328,2876,5
1789468249.337318,1289,2878,5
1789468249.338712,1458,2877,5
1789468249.341025,1438,2877,5
1789468249.343389,991,2878,5
1789468249.3447192,1708,2876,5
1789468249.347265,690,2876,5
1789468249.349452,164,2876,5
1789468249.350743,1458,2877,5
1789468249.353218,1903,2879,5
1789468249.355519,1211,2876,5
1789468249.356811,1202,2878,5
1789468249.359114,1147,2878,5
1789468249.36166,1429,2878,5
1789468249.362946,1475,2878,5
1789468249.365241,621,2877,5
1789468249.367307,1212,2878,5
1789468249.373466,906,2876,5
1789468249.374223,750,2877,5
1789468249.374311,1738,2878,5
1789468249.375947,1720,2878,5
1789468249.377574,57,2877,5
1789468249.378965,1104,2877,5
1789468249.382852,2805,2881,5
1789468249.383018,1269,2876,5
1789468249.385736,354,2876,5
1789468249.387029,1143,2877,5
1789468249.389336,1800,2877,5
1789468249.394176,1527,2877,5
1789468249.394558,1153,2878,5
1789468249.394943,1046,2877,5
1789468249.397732,1417,2877,5
1789468249.398892,1430,2878,5
1789468249.400982,1482,2877,5
1789468249.403564,1283,2878,5
1789468249.40542,734,2877,5
1789468249.406721,2045,2880,5
1789468249.409268,1919,2877,5
1789468249.4116302,1399,2877,5
1789468249.412935,1464,2877,5
1789468249.415497,1704,2876,5
1789468249.4178119,1646,2877,5
1789468249.4188612,1575,2877,5
1789468249.420931,1783,2877,5
1789468249.4229949,1706,2877,5
1789468249.425062,1691,2879,5
1789468249.4276018,1693,2877,5
1789468249.4288871,1887,2877,5
1789468249.431335,1758,2877,5
1789468249.433522,2077,2877,5
1789468249.435616,2074,2880,5
1789468249.4369018,1994,2878,5
1789468249.43931,2520,2880,5
1789468249.440705,2037,2881,5
1789468249.443014,1967,2876,5
1789468249.445559,2808,2882,5
1789468249.446707,2272,2880,5
1789468249.449004,2343,2881,5
1789468249.4513202,2312,2880,5
1789468249.453619,2407,2881,5
1789468249.454794,2542,2881,5
1789468249.460816,2400,2880,5
1789468249.4609149,2053,2880,5
1789468249.461607,2048,2878,5
1789468249.463445,2402,2882,5
1789468249.464978,2465,2881,5
1789468249.4679658,2509,2880,5
1789468249.470724,2373,2880,5
1789468249.470878,2306,2880,5
1789468249.473513,2640,2880,5
1789468249.474688,2648,2881,5
1789468249.4772391,2435,2881,5
1789468249.481633,2413,2881,5
1789468249.4817028,2235,2880,5
1789468249.483856,2086,2878,5
1789468249.4854689,2237,2880,5
1789468249.486979,2850,2882,5
1789468249.490999,2461,2881,5
1789468249.4911768,2333,2879,5
1789468249.492983,2467,2879,5
1789468249.4955368,2380,2881,5
1789468249.4968262,2616,2880,5
1789468249.4989948,2665,2880,5
1789468249.501565,2394,2881,5
1789468249.502859,2510,2880,5
1789468249.504933,1851,2878,5
1789468249.507478,2133,2880,5
1789468249.509784,2654,2881,5
1789468249.510942,2665,2880,5
1789468249.513491,2345,2880,5
1789468249.515794,2112,2877,5
1789468249.51696,2728,2882,5
1789468249.519503,3022,2881,5
1789468249.520789,2637,2880,5
1789468249.522848,2628,2882,5
1789468249.5253901,2402,2881,5
1789468249.526688,2422,2880,5
1789468249.528992,2766,2881,5
1789468249.531292,2631,2880,5
1789468249.532704,2226,2880,5
1789468249.535021,2512,2881,5
1789468249.537569,2634,2881,5
1789468249.538697,2335,2880,5
1789468249.5412438,2818,2881,5
1789468249.54379,2545,2881,5
1789468249.548681,2312,2881,5
1789468249.54913,2627,2881,5
1789468249.549887,2736,2881,5
1789468249.551571,2696,2882,5
1789468249.5529659,2485,2880,5
1789468249.5562491,2376,2880,5
1789468249.559188,2436,2880,5
1789468249.559275,2749,2881,5
1789468249.561227,2678,2881,5
1789468249.563783,2308,2881,5
1789468249.564827,2608,2881,5
1789468249.570985,2651,2881,5
1789468249.5717509,2429,2880,5
1789468249.571868,2503,2881,5
1789468249.5735528,2543,2881,5
1789468249.575294,2438,2880,5
1789468249.577059,2538,2880,5
1789468249.581058,2288,2880,5
1789468249.581185,1711,2878,5
1789468249.583044,2083,2877,5
1789468249.585595,2264,2880,5
1789468249.586891,2809,2882,5
1789468249.5891998,2212,2879,5
1789468249.591525,2183,2879,5
1789468249.593612,2358,2880,5
1789468249.594708,1956,2879,5
1789468249.597156,2283,2879,5
1789468249.599645,2571,2882,5
1789468249.600702,2741,2881,5
1789468249.603009,2428,2881,5
1789468249.605553,2115,2879,5
1789468249.606685,2009,2880,5
1789468249.6089962,2369,2880,5
1789468249.611543,2542,2881,5
1789468249.61283,2488,2881,5
1789468249.615199,2045,2878,5
1789468249.6174989,1904,2878,5
1789468249.618786,2151,2880,5
1789468249.620835,2413,2881,5
1789468249.622893,2157,2879,5
1789468249.6251929,1881,2876,5
1789468249.627477,2220,2881,5
1789468249.629566,2206,2881,5
1789468249.630862,2187,2878,5
1789468249.632923,2370,2882,5
1789468249.6352232,2478,2881,5
1789468249.639812,2532,2881,5
1789468249.6402,2342,2880,5
1789468249.642007,2054,2880,5
1789468249.643371,1911,2879,5
1789468249.6453052,1971,2878,5
1789468249.646831,2725,2881,5
1789468249.6498601,1988,2878,5
1789468249.6518478,2137,2880,5
1789468249.652908,2081,2879,5
1789468249.655214,2031,2879,5
1789468249.6575239,2091,2880,5
1789468249.661772,1986,2877,5
1789468249.662485,2260,2881,5
1789468249.66418,2009,2877,5
1789468249.6655989,2246,2880,5
1789468249.6671512,2292,2880,5
1789468249.669033,2289,2881,5
1789468249.671987,2254,2879,5
1789468249.6738482,2263,2880,5
1789468249.675145,2266,2881,5
1789468249.677464,2309,2879,5
1789468249.6797628,2078,2880,5
1789468249.6810172,2124,2878,5
1789468249.683578,1991,2878,5
1789468249.684871,2015,2880,5
1789468249.687177,2030,2878,5
1789468249.689727,2223,2878,5
1789468249.690777,2187,2880,5
1789468249.69315,1979,2878,5
1789468249.695694,2277,2880,5
1789468249.6967418,2161,2878,5
1789468249.6990452,2111,2878,5
1789468249.70147,2102,2879,5
1789468249.703792,2038,2878,5
1789468249.704963,1917,2879,5
1789468249.7072608,2105,2879,5
1789468249.709611,2293,2880,5
1789468249.7107232,2045,2878,5
1789468249.712785,2120,2879,5
1789468249.7150788,2429,2881,5
1789468249.717396,2216,2881,5
1789468249.719468,1959,2876,5
1789468249.721781,2117,2880,5
1789468249.72307,2178,2879,5
1789468249.7252018,2170,2880,5
1789468249.72738,2099,2880,5
1789468249.731897,2037,2878,5
1789468249.73231,2229,2881,5
1789468249.7343428,2301,2880,5
1789468249.7361972,2149,2880,5
1789468249.739253,2061,2879,5
1789468249.7394261,1719,2877,5
1789468249.742391,2326,2880,5
1789468249.744003,1906,2878,5
1789468249.745064,2226,2880,5
1789468249.747369,2071,2878,5
1789468249.748684,2253,2880,5
1789468249.753806,2181,2879,5
1789468249.754153,2117,2879,5
1789468249.756125,2226,2879,5
1789468249.75757,2183,2879,5
1789468249.759037,2252,2880,5
1789468249.760811,2105,2880,5
1789468249.763884,1987,2878,5
1789468249.7656808,1975,2878,5
1789468249.766976,2075,2878,5
1789468249.769283,2008,2878,5
1789468249.7714581,1974,2877,5
1789468249.7727501,2172,2880,5
1789468249.774886,1801,2876,5
1789468249.7774332,2174,2879,5
1789468249.779624,2198,2880,5
1789468249.780711,2039,2878,5
1789468249.783263,2041,2877,5
1789468249.785816,2102,2881,5
1789468249.786996,2067,2878,5
1789468249.78954,2107,2880,5
1789468249.790709,2085,2879,5
1789468249.793163,2386,2880,5
1789468249.795707,1948,2877,5
1789468249.796746,1879,2877,5
1789468249.798798,2201,2881,5
1789468249.801347,2296,2881,5
1789468249.802711,2233,2879,5
1789468249.805268,1995,2879,5
1789468249.807602,2029,2879,5
1789468249.80889,2136,2880,5
1789468249.811198,2022,2877,5
1789468249.8137422,2024,2878,5
1789468249.81478,2040,2877,5
1789468249.817076,2354,2882,5
1789468249.823167,2187,2879,5
1789468249.823593,1970,2878,5
1789468249.823951,1744,2877,5
1789468249.825429,2087,2880,5
1789468249.8268428,2220,2881,5
1789468249.82997,2076,2878,5
1789468249.83309,2219,2880,5
1789468249.833322,2320,2881,5
1789468249.8352342,2289,2880,5
1789468249.837311,2119,2879,5
1789468249.839618,2172,2880,5
1789468249.840697,2052,2878,5
1789468249.846095,1900,2877,5
1789468249.846447,1925,2878,5
1789468249.8475819,1739,2878,5
1789468249.849492,1833,2877,5
1789468249.85092,2150,2880,5
1789468249.855267,2383,2880,5
1789468249.855366,2126,2878,5
1789468249.856905,2255,2879,5
1789468249.85946,2266,2880,5
1789468249.8607519,2095,2878,5
1789468249.863301,2314,2881,5
1789468249.8647108,2151,2880,5
1789468249.867028,2035,2879,5
1789468249.8693361,1935,2878,5
1789468249.871456,1897,2877,5
1789468249.873753,1942,2877,5
1789468249.875041,2197,2880,5
1789468249.877585,2063,2879,5
1789468249.8788748,2080,2878,5
1789468249.8809469,2310,2881,5
1789468249.883008,2195,2880,5
1789468249.885311,2157,2879,5
1789468249.8874738,1962,2880,5
1789468249.889544,1849,2877,5
1789468249.89071,2165,2880,5
1789468249.892931,2474,2881,5
1789468249.8952289,2120,2880,5
1789468249.8977711,2072,2879,5
1789468249.8988101,2060,2878,5
1789468249.901124,2052,2877,5
1789468249.9034271,2095,2879,5
1789468249.905489,2108,2879,5
1789468249.907556,2071,2879,5
1789468249.908845,2091,2879,5
1789468249.913931,2142,2880,5
1789468249.914308,2251,2880,5
1789468249.916199,2160,2880,5
1789468249.918438,1744,2878,5
1789468249.921192,1924,2877,5
1789468249.924161,2221,2881,5
1789468249.9243178,2120,2879,5
1789468249.926197,2131,2880,5
1789468249.9273689,2047,2880,5
1789468249.9296808,2017,2876,5
1789468249.930736,2217,2881,5
1789468249.93607,2245,2881,5
1789468249.936447,2198,2881,5
1789468249.938145,2310,2879,5
1789468249.939926,2065,2879,5
1789468249.9416478,1655,2876,5
1789468249.9457889,2337,2880,5
1789468249.945926,2116,2879,5
1789468249.9478168,1995,2877,5
1789468249.948877,2400,2881,5
1789468249.951177,2710,2881,5
1789468249.95362,1649,2877,5
1789468249.9549131,1261,2879,5
1789468249.9572392,2578,2881,5
1789468249.959315,2577,2880,5
1789468249.961866,2223,2881,5
1789468249.9629178,1765,2876,5
1789468249.964981,1889,2878,5
1789468249.967298,2433,2880,5
1789468249.968711,2464,2881,5
1789468249.971015,2336,2879,5
1789468249.973314,1949,2878,5
1789468249.975619,2491,2880,5
1789468249.976737,2772,2880,5
1789468249.97905,2125,2880,5
1789468249.981359,2236,2881,5
1789468249.98367,1978,2877,5
1789468249.984965,2202,2880,5
1789468249.987015,2538,2880,5
1789468249.989461,2322,2880,5
1789468249.991688,2181,2878,5
1789468249.992741,2190,2879,5
1789468249.995287,2010,2879,5
1789468249.99784,2052,2879,5
1789468249.999129,2321,2880,5
1789468250.005607,2248,2879,5
1789468250.005687,2166,2880,5
1789468250.0061052,2138,2878,5
1789468250.007633,2156,2878,5
1789468250.009583,2160,2879,5
1789468250.012217,2082,2879,5
1789468250.0152478,2062,2879,5
1789468250.015401,2123,2879,5
1789468250.017262,2129,2880,5
1789468250.019584,2104,2880,5
1789468250.020709,2160,2880,5
1789468250.022878,2147,2879,5
1789468250.027126,2144,2879,5
1789468250.0274959,2021,2877,5
1789468250.029226,2030,2877,5
1789468250.031886,2114,2880,5
1789468250.033667,2189,2879,5
1789468250.0367959,2169,2879,5
1789468250.03689,2153,2879,5
1789468250.0393238,2127,2880,5
1789468250.041619,2156,2878,5
1789468250.0427232,2163,2880,5
1789468250.045276,2090,2880,5
1789468250.047852,2128,2881,5
1789468250.048915,2163,2879,5
1789468250.0512252,2136,2880,5
1789468250.053778,2047,2878,5
1789468250.054831,2058,2878,5
1789468250.056894,2071,2880,5
1789468250.0594392,2222,2880,5
1789468250.061739,2212,2879,5
1789468250.062912,2033,2877,5
1789468250.0654552,2103,2880,5
1789468250.067762,2304,2880,5
1789468250.0690508,2195,2880,5
1789468250.071595,2144,2879,5
1789468250.07289,2198,2879,5
1789468250.075331,2216,2880,5
1789468250.0776389,2096,2880,5
1789468250.0789278,2002,2879,5
1789468250.081153,2036,2877,5
1789468250.0837069,2144,2880,5
1789468250.085,2022,2877,5
1789468250.087053,2111,2879,5
1789468250.089101,2089,2880,5
1789468250.0948732,2020,2879,5
1789468250.095656,2179,2879,5
1789468250.0960279,2179,2881,5
1789468250.097621,2090,2876,5
1789468250.099295,2238,2881,5
1789468250.101069,2088,2880,5
1789468250.105223,2002,2876,5
1789468250.1053948,2278,2879,5
1789468250.1069188,2120,2879,5
1789468250.109473,2147,2879,5
1789468250.111545,1921,2876,5
1789468250.112834,1799,2877,5
1789468250.1177979,1976,2879,5
1789468250.118507,2421,2880,5
1789468250.1200728,2494,2881,5
1789468250.12178,2180,2879,5
1789468250.1233358,1962,2880,5
1789468250.124816,2162,2880,5
1789468250.127734,2207,2880,5
1789468250.129458,2003,2877,5
1789468250.1317928,2277,2880,5
1789468250.1330838,2044,2878,5
1789468250.135635,1887,2878,5
1789468250.136949,2237,2880,5
1789468250.139509,2185,2879,5
1789468250.1407292,2011,2879,5
1789468250.143284,2268,2880,5
1789468250.1458402,2129,2877,5
1789468250.14689,1908,2878,5
1789468250.149184,2292,2881,5
1789468250.1517282,2360,2880,5
1789468250.152889,1777,2876,5
1789468250.155433,1805,2877,5
1789468250.1567209,2182,2879,5
1789468250.158944,2324,2880,5
1789468250.161036,2166,2880,5
1789468250.1633348,2127,2879,5
1789468250.165648,2079,2878,5
1789468250.1667142,1983,2878,5
1789468250.168779,2256,2879,5
1789468250.170966,2075,2879,5
1789468250.1732621,2179,2878,5
1789468250.175562,2094,2879,5
1789468250.1768022,2182,2879,5
1789468250.179352,2236,2879,5
1789468250.180726,2281,2880,5
1789468250.185152,2205,2881,5
1789468250.186229,2192,2879,5
1789468250.187383,2120,2880,5
1789468250.188834,2051,2879,5
1789468250.192131,2074,2879,5
1789468250.1951401,2075,2880,5
1789468250.195252,2080,2880,5
1789468250.197093,2061,2877,5
1789468250.1994119,2134,2880,5
1789468250.201719,2133,2881,5
1789468250.202773,2123,2879,5
1789468250.207277,2129,2879,5
1789468250.207763,2086,2879,5
1789468250.2094688,2088,2880,5
1789468250.211217,2062,2876,5
1789468250.2141912,2048,2878,5
1789468250.217098,2089,2877,5
1789468250.217369,2167,2880,5
1789468250.219232,2119,2879,5
1789468250.2207448,2086,2878,5
1789468250.226953,2091,2879,5
1789468250.227206,2087,2879,5
1789468250.2275589,2085,2879,5
1789468250.228713,2060,2877,5
1789468250.2307992,2074,2878,5
1789468250.232853,2125,2880,5
1789468250.235403,2090,2879,5
1789468250.236705,2082,2880,5
1789468250.239018,2057,2878,5
1789468250.2415638,2085,2878,5
1789468250.242707,2090,2880,5
1789468250.2452202,2045,2877,5
1789468250.247535,2060,2878,5
1789468250.248706,2135,2880,5
1789468250.2510788,2147,2879,5
1789468250.253634,2040,2878,5
1789468250.254705,2050,2879,5
1789468250.256831,2127,2879,5
1789468250.2591512,2145,2879,5
1789468250.261209,2093,2880,5
1789468250.263268,2054,2877,5
1789468250.265575,2132,2879,5
1789468250.266869,2152,2879,5
1789468250.269249,2057,2878,5
1789468250.271796,2034,2879,5
1789468250.27311,2063,2881,5
1789468250.278469,2121,2878,5
1789468250.279346,2124,2879,5
1789468250.2797859,2044,2878,5
1789468250.282995,2140,2879,5
1789468250.283865,2030,2878,5
1789468250.286412,2057,2880,5
1789468250.2893388,2148,2880,5
1789468250.289525,2039,2878,5
1789468250.291569,2088,2880,5
1789468250.292864,2087,2880,5
1789468250.295134,2125,2879,5
1789468250.297757,2105,2881,5
1789468250.301845,2140,2880,5
1789468250.3023329,2150,2880,5
1789468250.3044212,2183,2880,5
1789468250.305978,2102,2878,5
1789468250.30729,2063,2879,5
1789468250.309392,2098,2879,5
1789468250.3123431,2026,2877,5
1789468250.314471,1987,2878,5
1789468250.315532,2116,2879,5
1789468250.3168268,2178,2879,5
1789468250.319382,2140,2879,5
1789468250.3207119,2136,2879,5
1789468250.323282,2099,2878,5
1789468250.325592,2120,2880,5
1789468250.326706,2176,2880,5
1789468250.329299,2121,2879,5
1789468250.331433,2007,2877,5
1789468250.332726,2070,2877,5
1789468250.335277,1900,2876,5
1789468250.337657,1914,2877,5
1789468250.3387132,2247,2880,5
1789468250.341017,2190,2878,5
1789468250.343576,2176,2879,5
1789468250.344872,2023,2877,5
1789468250.347181,2068,2879,5
1789468250.349443,2255,2881,5
1789468250.350739,2249,2880,5
1789468250.353285,2131,2878,5
1789468250.3555992,2065,2879,5
1789468250.3566852,2007,2879,5
1789468250.359,2087,2878,5
1789468250.3613079,2112,2879,5
1789468250.3626812,2101,2880,5
1789468250.3650649,2146,2880,5
1789468250.367201,2182,2880,5
1789468250.3695202,2180,2878,5
1789468250.374465,2131,2878,5
1789468250.375704,2131,2878,5
1789468250.3758411,2050,2879,5
1789468250.3788621,2130,2879,5
1789468250.379318,2052,2877,5
1789468250.382159,1937,2878,5
1789468250.384841,2097,2879,5
1789468250.385103,2205,2879,5
1789468250.386912,2121,2879,5
1789468250.389475,2111,2878,5
1789468250.3915362,2122,2878,5
1789468250.392828,2099,2880,5
1789468250.3975549,2091,2877,5
1789468250.3980072,2125,2876,5
1789468250.39979,2141,2880,5
1789468250.4017432,2117,2878,5
1789468250.4033449,2025,2878,5
1789468250.405072,2049,2880,5
1789468250.407809,2115,2878,5
1789468250.4100192,2143,2879,5
1789468250.411075,2101,2880,5
1789468250.413205,2027,2878,5
1789468250.415283,1982,2878,5
1789468250.4175959,2018,2878,5
1789468250.4189088,2270,2880,5
1789468250.421226,2356,2880,5
1789468250.423533,1773,2877,5
1789468250.4248269,2122,2879,5
1789468250.4272819,2163,2880,5
1789468250.4298398,1950,2878,5
1789468250.4310248,2001,2878,5
1789468250.4333398,2438,2880,5
1789468250.434711,2168,2880,5
1789468250.437004,2050,2880,5
1789468250.439308,1993,2879,5
1789468250.4413729,2313,2879,5
1789468250.443431,2082,2878,5
1789468250.444737,2013,2878,5
1789468250.447293,2352,2881,5
1789468250.449617,1957,2878,5
1789468250.450709,1725,2876,5
1789468250.4527822,1764,2877,5
1789468250.4548512,2320,2880,5
1789468250.456913,2428,2880,5
1789468250.4592159,1703,2877,5
1789468250.461289,2159,2880,5
1789468250.463605,2663,2881,5
1789468250.4649038,2156,2880,5
1789468250.46696,2162,2881,5
1789468250.473623,1804,2877,5
1789468250.474096,2212,2880,5
1789468250.4742742,2264,2879,5
1789468250.476421,1917,2878,5
1789468250.478127,2013,2880,5
1789468250.480128,2229,2879,5
1789468250.484705,2016,2878,5
1789468250.484978,2046,2877,5
1789468250.485218,2192,2880,5
1789468250.4872,2112,2879,5
1789468250.489509,2096,2879,5
1789468250.490837,2079,2880,5
1789468250.493152,1972,2877,5
1789468250.4979498,1877,2878,5
1789468250.498402,1878,2877,5
1789468250.500586,2125,2878,5
1789468250.500872,2081,2877,5
1789468250.504066,1991,2877,5
1789468250.506207,2152,2879,5
1789468250.508924,1925,2877,5
1789468250.509145,2061,2880,5
1789468250.51075,2117,2879,5
1789468250.5130749,2021,2878,5
1789468250.515637,2090,2878,5
1789468250.516691,2129,2880,5
1789468250.519267,2043,2878,5
1789468250.521416,2035,2879,5
1789468250.523726,1858,2877,5
1789468250.5247738,1837,2877,5
1789468250.5270898,2082,2879,5
1789468250.529409,2196,2880,5
1789468250.530703,2011,2879,5
1789468250.532971,1956,2878,5
1789468250.535271,2181,2881,5
1789468250.537577,1910,2877,5
1789468250.538669,2049,2878,5
1789468250.540759,2185,2879,5
1789468250.542892,2181,2880,5
1789468250.5452049,2212,2880,5
1789468250.5475562,2012,2877,5
1789468250.548855,2101,2880,5
1789468250.550933,2152,2880,5
1789468250.5532548,2173,2880,5
1789468250.555574,2125,2879,5
1789468250.556695,2035,2880,5
1789468250.559252,1636,2877,5
1789468250.561313,1937,2876,5
1789468250.563394,1798,2877,5
1789468250.564827,2279,2880,5
1789468250.566905,1868,2877,5
1789468250.573845,2028,2879,5
1789468250.574395,1744,2877,5
1789468250.5756538,2398,2880,5
1789468250.5784209,2775,2881,5
1789468250.5792608,2262,2880,5
1789468250.580537,1939,2878,5
1789468250.580974,1778,2877,5
1789468250.585739,2332,2881,5
1789468250.585927,2451,2881,5
1789468250.588144,1900,2877,5
1789468250.589217,1913,2877,5
1789468250.591774,1753,2876,5
1789468250.5930712,1734,2877,5
1789468250.59983,1932,2877,5
1789468250.6003358,2409,2881,5
1789468250.6066291,1683,2876,5
1789468250.6125598,2246,2879,5
1789468250.6132202,2189,2879,5
1789468250.615293,2166,2879,5
1789468250.6155698,2419,2881,5
1789468250.615695,2036,2877,5
1789468250.615736,2052,2878,5
1789468250.6157708,2377,2881,5
1789468250.615807,2025,2878,5
1789468250.6171808,1682,2877,5
1789468250.618827,2004,2877,5
1789468250.622956,1801,2877,5
1789468250.622998,1941,2876,5
1789468250.626215,2107,2879,5
1789468250.627906,2037,2879,5
1789468250.628963,1932,2877,5
1789468250.631522,1553,2877,5
1789468250.6327198,2258,2880,5
1789468250.635293,2518,2880,5
1789468250.637859,2039,2879,5
1789468250.6389189,1991,2880,5
1789468250.6412401,1926,2877,5
1789468250.643302,1978,2878,5
1789468250.6458309,2072,2878,5
1789468250.64688,1856,2878,5
1789468250.648959,1806,2877,5
1789468250.651514,1870,2877,5
1789468250.65358,2136,2880,5
1789468250.654696,1908,2879,5
1789468250.657003,1870,2877,5
1789468250.659324,2270,2881,5
1789468250.660697,2294,2880,5
1789468250.663025,2099,2878,5
1789468250.6653419,2123,2878,5
1789468250.667722,2196,2881,5
1789468250.669021,2259,2878,5
1789468250.6713312,1660,2877,5
1789468250.673651,1839,2876,5
1789468250.67495,2263,2881,5
1789468250.677258,2128,2879,5
1789468250.683937,2065,2880,5
1789468250.6853812,2188,2881,5
1789468250.687181,2077,2878,5
1789468250.687335,1766,2879,5
1789468250.687677,2069,2878,5
1789468250.689622,1863,2878,5
1789468250.691544,1936,2877,5
1789468250.693485,1806,2877,5
1789468250.696486,2463,2880,5
1789468250.698852,2010,2878,5
1789468250.699122,2144,2878,5
1789468250.701447,2307,2880,5
1789468250.7027452,2463,2882,5
1789468250.705058,2381,2880,5
1789468250.710319,2010,2878,5
1789468250.7104099,1910,2878,5
1789468250.7117991,2331,2880,5
1789468250.713176,2050,2879,5
1789468250.7152588,2024,2878,5
1789468250.716703,2179,2880,5
1789468250.718957,2080,2879,5
1789468250.721906,2156,2879,5
1789468250.723727,2226,2880,5
1789468250.725033,2156,2880,5
1789468250.7275898,2118,2881,5
1789468250.728682,2018,2877,5
1789468250.731244,1700,2878,5
1789468250.733817,1807,2877,5
1789468250.735116,1836,2878,5
1789468250.7376719,2058,2879,5
1789468250.738972,2351,2880,5
1789468250.741279,2229,2880,5
1789468250.7438579,2194,2879,5
1789468250.744921,1931,2878,5
1789468250.747488,2003,2878,5
1789468250.74879,2207,2878,5
1789468250.75135,1916,2878,5
1789468250.75265,1963,2876,5
1789468250.7549708,2259,2880,5
1789468250.757529,2227,2879,5
1789468250.758736,1532,2876,5
1789468250.7611241,1492,2877,5
1789468250.763681,1687,2879,5
1789468250.764978,2645,2881,5
1789468250.767555,2929,2882,5
1789468250.768856,1720,2877,5
1789468250.7713401,1812,2877,5
1789468250.773398,1844,2877,5
1789468250.774692,1895,2877,5
1789468250.777245,1613,2877,5
1789468250.779319,1712,2877,5
1789468250.7806132,1410,2877,5
1789468250.782687,1457,2876,5
1789468250.784999,1158,2878,5
1789468250.791251,1078,2877,5
1789468250.791411,2152,2880,5
1789468250.791868,2633,2880,5
1789468250.794328,3249,2882,5
1789468250.796269,1435,2877,5
1789468250.7976608,616,2878,5
1789468250.7996721,2370,2880,5
1789468250.80239,2432,2880,5
1789468250.804201,1537,2877,5
1789468250.805333,1368,2876,5
1789468250.80739,1638,2877,5
1789468250.8086882,1315,2876,5
1789468250.815103,1245,2878,5
1789468250.815219,1569,2878,5
1789468250.8160489,2066,2877,5
1789468250.817732,1452,2877,5
1789468250.819649,1832,2878,5
1789468250.822953,2697,2882,5
1789468250.823086,1031,2877,5
1789468250.825825,282,2875,5
1789468250.827873,1279,2877,5
1789468250.828937,1806,2877,5
1789468250.831253,1648,2877,5
1789468250.8338041,1774,2877,5
1789468250.834979,1255,2876,5
1789468250.8375459,553,2876,5
1789468250.838845,541,2877,5
1789468250.8410408,1165,2876,5
1789468250.843593,1093,2878,5
1789468250.844648,1492,2878,5
1789468250.846957,300,2877,5
1789468250.849268,165,2878,5
1789468250.851821,1471,2878,5
1789468250.8531141,1626,2877,5
1789468250.855428,1126,2877,5
1789468250.8567219,1011,2878,5
1789468250.8592682,622,2876,5
1789468250.8613381,896,2878,5
1789468250.863637,940,2877,5
1789468250.864928,269,2877,5
1789468250.867232,162,2877,5
1789468250.8697422,119,2876,5
1789468250.871041,924,2876,5
1789468250.87317,924,2876,5
1789468250.875495,910,2877,5
1789468250.876791,974,2876,5
1789468250.878927,685,2876,5
1789468250.881352,493,2877,5
1789468250.8826602,603,2877,5
1789468250.885056,560,2877,5
1789468250.8912482,596,2876,5
1789468250.8916721,6,2875,5
1789468250.893146,1332,2878,5
1789468250.8945842,1088,2878,5
1789468250.8946729,855,2877,5
1789468250.8993962,796,2878,5
1789468250.899968,980,2876,5
1789468250.904737,954,2878,5
1789468250.9051368,827,2877,5
1789468250.90546,654,2877,5
1789468250.907858,473,2876,5
1789468250.90901,598,2877,5
1789468250.911467,676,2876,5
1789468250.91272,1173,2876,5
1789468250.914897,1464,2878,5
1789468250.921679,1564,2878,5
1789468250.923167,1617,2877,5
1789468250.9248,1248,2878,5
1789468250.9266539,1262,2876,5
1789468250.928086,2304,2880,5
1789468250.930193,1914,2880,5
1789468250.9334779,981,2876,5
1789468250.93399,1713,2878,5
1789468250.93581,2378,2881,5
1789468250.9364731,2054,2878,5
1789468250.937588,1592,2878,5
1789468250.938901,2474,2881,5
1789468250.94128,2503,2880,5
1789468250.943607,2067,2880,5
1789468250.94497,1972,2876,5
1789468250.947649,1870,2878,5
1789468250.948969,2282,2878,5
1789468250.951325,2907,2882,5
1789468250.952727,2317,2880,5
1789468250.9551191,2161,2880,5
1789468250.957515,2229,2880,5
1789468250.95893,2107,2879,5
1789468250.961304,3156,2883,5
1789468250.963456,2516,2880,5
1789468250.964755,2373,2880,5
1789468250.966986,2633,2881,5
1789468250.969558,2934,2881,5
1789468250.970765,2740,2880,5
1789468250.973196,2435,2881,5
1789468250.9747012,2428,2879,5
1789468250.9769468,2349,2880,5
1789468250.979572,2499,2881,5
1789468250.980948,2531,2881,5
1789468250.983284,2510,2880,5
1789468250.9847019,2354,2880,5
1789468250.986827,2085,2879,5
1789468250.989184,2411,2880,5
1789468250.991483,2248,2880,5
1789468250.9925508,2470,2879,5
1789468250.9946399,2283,2879,5
1789468250.996715,3173,2883,5
1789468250.999019,2785,2881,5
1789468251.005089,2648,2879,5
1789468251.005644,2756,2881,5
1789468251.005759,2556,2880,5
1789468251.008279,2011,2877,5
1789468251.010186,2591,2881,5
1789468251.0125902,2982,2881,5
1789468251.013162,2472,2880,5
1789468251.014687,2307,2879,5
1789468251.0180101,2324,2879,5
1789468251.019868,2395,2881,5
1789468251.0211709,2339,2881,5
1789468251.023683,2416,2880,5
1789468251.024981,2312,2881,5
1789468251.0315788,2235,2879,5
1789468251.03172,2123,2880,5
1789468251.032601,2003,2877,5
1789468251.033513,2278,2880,5
1789468251.0360909,2630,2881,5
1789468251.0386791,2464,2879,5
1789468251.039171,2254,2879,5
1789468251.040766,2406,2880,5
1789468251.044103,2674,2879,5
1789468251.0466602,2265,2881,5
1789468251.046748,2238,2880,5
1789468251.049238,2050,2878,5
1789468251.050561,2543,2881,5
1789468251.05304,2714,2881,5
1789468251.055362,2731,2881,5
1789468251.057684,2465,2881,5
1789468251.0587468,2368,2879,5
1789468251.0613189,2388,2881,5
1789468251.0627542,2715,2882,5
1789468251.0650828,2729,2881,5
1789468251.067625,2577,2882,5
1789468251.068865,2098,2880,5
1789468251.0714061,2687,2880,5
1789468251.0726779,2870,2882,5
1789468251.075246,2416,2880,5
1789468251.077379,2640,2881,5
1789468251.079744,2700,2881,5
1789468251.080808,2498,2880,5
1789468251.0833778,2305,2879,5
1789468251.084692,2414,2881,5
1789468251.0867882,2768,2881,5
1789468251.089141,2284,2880,5
1789468251.091469,2153,2879,5
1789468251.0928798,2524,2880,5
1789468251.0955179,2607,2880,5
1789468251.096576,2728,2881,5
1789468251.098953,2770,2882,5
1789468251.101055,2602,2881,5
1789468251.103439,2373,2879,5
1789468251.1045818,2729,2880,5
1789468251.1066802,2990,2881,5
1789468251.1092522,2594,2881,5
1789468251.114314,2626,2881,5
1789468251.114356,2633,2881,5
1789468251.116163,2740,2881,5
1789468251.118556,2582,2881,5
1789468251.120667,2467,2881,5
1789468251.121238,2265,2880,5
1789468251.122738,2267,2879,5
1789468251.128451,2093,2880,5
1789468251.1288161,2305,2880,5
1789468251.1291142,2525,2881,5
1789468251.1313548,2503,2880,5
1789468251.1326709,2691,2880,5
1789468251.1350899,2106,2879,5
1789468251.137717,2666,2881,5
1789468251.1444201,2342,2880,5
1789468251.146388,1983,2877,5
1789468251.1479528,2000,2877,5
1789468251.149836,2013,2877,5
1789468251.151317,2785,2881,5
1789468251.156594,1986,2879,5
1789468251.156994,2095,2878,5
1789468251.1573,2253,2880,5
1789468251.157609,2483,2879,5
1789468251.1598961,2264,2879,5
1789468251.15995,2720,2881,5
1789468251.1611688,2169,2879,5
1789468251.163254,1792,2877,5
1789468251.165575,2103,2879,5
1789468251.1666949,1878,2876,5
1789468251.168989,1814,2878,5
1789468251.1715782,1992,2876,5
1789468251.1729002,2390,2880,5
1789468251.175244,2408,2880,5
1789468251.176681,2113,2879,5
1789468251.179054,1829,2877,5
1789468251.1815748,2323,2880,5
1789468251.1827872,2174,2880,5
1789468251.185291,1827,2877,5
1789468251.186669,1999,2877,5
1789468251.188766,2180,2880,5
1789468251.191091,2450,2880,5
1789468251.1936681,2098,2880,5
1789468251.19474,1511,2877,5
1789468251.1968179,1740,2878,5
1789468251.1991198,2578,2881,5
1789468251.201421,2299,2880,5
1789468251.202726,2165,2879,5
1789468251.2048,2255,2879,5
1789468251.207359,2346,2880,5
1789468251.209457,1903,2876,5
1789468251.210603,2228,2880,5
1789468251.212932,1946,2877,5
1789468251.2152572,2127,2878,5
1789468251.2165802,2063,2878,5
1789468251.218661,1353,2877,5
1789468251.2209752,2208,2879,5
1789468251.227838,2561,2880,5
1789468251.228885,2106,2880,5
1789468251.229505,2260,2879,5
1789468251.229989,2160,2877,5
1789468251.231472,1940,2878,5
1789468251.233236,2662,2881,5
1789468251.23591,2871,2882,5
1789468251.2374258,1847,2876,5
1789468251.241001,1450,2876,5
1789468251.241232,1441,2877,5
1789468251.243592,2241,2880,5
1789468251.2446458,2452,2880,5
1789468251.246779,2359,2880,5
1789468251.249336,1999,2878,5
1789468251.250634,2085,2881,5
1789468251.2554328,2284,2880,5
1789468251.256331,2118,2880,5
1789468251.258455,2106,2879,5
1789468251.258645,2199,2879,5
1789468251.261902,2007,2877,5
1789468251.264389,2274,2880,5
1789468251.26823,2252,2880,5
1789468251.268387,1864,2878,5
1789468251.2707992,2131,2880,5
1789468251.270845,2225,2879,5
1789468251.273273,1847,2876,5
1789468251.2753642,1926,2877,5
1789468251.2766871,2081,2879,5
1789468251.27904,2457,2880,5
1789468251.281627,2249,2879,5
1789468251.2829309,1810,2876,5
1789468251.2854872,2252,2880,5
1789468251.2867892,2529,2879,5
1789468251.289349,2368,2880,5
1789468251.290657,1809,2878,5
1789468251.293217,2283,2880,5
1789468251.294605,2044,2877,5
1789468251.297119,2075,2879,5
1789468251.29918,2614,2881,5
1789468251.300587,2476,2880,5
1789468251.303143,2266,2880,5
1789468251.305344,2194,2881,5
1789468251.307654,2347,2880,5
1789468251.308949,2216,2881,5
1789468251.311504,2066,2877,5
1789468251.312803,1701,2877,5
1789468251.315356,2513,2882,5
1789468251.317504,2147,2879,5
1789468251.318806,1358,2877,5
1789468251.321122,2168,2879,5
1789468251.3234382,2872,2881,5
1789468251.3245718,2435,2880,5
1789468251.326883,2053,2878,5
1789468251.329201,2040,2878,5
1789468251.3306,2008,2878,5
1789468251.33294,2186,2880,5
1789468251.338669,2060,2880,5
1789468251.338794,2096,2879,5
1789468251.340221,2062,2880,5
1789468251.342032,2008,2878,5
1789468251.3439271,2016,2878,5
1789468251.3455338,2139,2878,5
1789468251.3518069,2210,2881,5
1789468251.352,2346,2879,5
1789468251.352177,2346,2879,5
1789468251.3543491,2122,2878,5
1789468251.355662,1921,2876,5
1789468251.356961,1847,2878,5
1789468251.3592901,2213,2881,5
1789468251.36061,2052,2877,5
1789468251.365471,1993,2878,5
1789468251.3655329,1839,2879,5
1789468251.368501,1868,2875,5
1789468251.36874,2271,2880,5
1789468251.372043,2140,2879,5
1789468251.374325,2087,2879,5
1789468251.378013,1938,2878,5
1789468251.378149,1922,2877,5
1789468251.37998,2099,2879,5
1789468251.381283,1808,2877,5
1789468251.383606,2041,2878,5
1789468251.3849049,2261,2879,5
1789468251.3874612,1860,2876,5
1789468251.388713,1993,2878,5
1789468251.391277,2103,2879,5
1789468251.392607,2058,2878,5
1789468251.395179,2056,2878,5
1789468251.3974988,2308,2880,5
1789468251.398796,2367,2881,5
1789468251.4013498,2179,2880,5
1789468251.402646,2066,2880,5
1789468251.40496,1930,2877,5
1789468251.407285,2041,2878,5
1789468251.408583,2249,2881,5
1789468251.410893,2313,2880,5
1789468251.4133341,2087,2879,5
1789468251.41463,2031,2880,5
1789468251.4169421,1860,2876,5
1789468251.419324,1705,2877,5
1789468251.42062,2015,2877,5
1789468251.4231732,2397,2882,5
1789468251.425484,2221,2879,5
1789468251.4267788,2300,2879,5
1789468251.429334,2655,2881,5
1789468251.431654,2119,2878,5
1789468251.4327092,1454,2878,5
1789468251.435025,1785,2878,5
1789468251.437272,2692,2881,5
1789468251.4393432,2386,2879,5
1789468251.441657,2122,2880,5
1789468251.4476109,2022,2880,5
1789468251.448071,1560,2877,5
1789468251.448566,2043,2878,5
1789468251.448687,3174,2882,5
1789468251.452517,2217,2880,5
1789468251.4529622,1943,2877,5
1789468251.455692,2099,2880,5
1789468251.4592729,1998,2876,5
1789468251.4594119,2085,2879,5
1789468251.46167,2568,2881,5
1789468251.46297,2321,2880,5
1789468251.465405,1567,2877,5
1789468251.466702,2225,2881,5
1789468251.47231,2424,2880,5
1789468251.473183,2463,2882,5
1789468251.47361,2454,2880,5
1789468251.47513,2086,2880,5
1789468251.4767518,2490,2880,5
1789468251.480339,3050,2882,5
1789468251.483818,2219,2880,5
1789468251.4839091,1566,2877,5
1789468251.486018,2594,2881,5
1789468251.4873228,2154,2881,5
1789468251.488621,1583,2877,5
1789468251.490929,2595,2881,5
1789468251.493244,2533,2881,5
1789468251.4946089,2579,2882,5
1789468251.496945,2000,2878,5
1789468251.4992661,2593,2881,5
1789468251.500563,2599,2881,5
1789468251.50312,2618,2881,5
1789468251.505673,2427,2881,5
1789468251.506971,2144,2879,5
1789468251.509519,2098,2879,5
1789468251.510586,2073,2880,5
1789468251.513024,2093,2879,5
1789468251.515332,2278,2880,5
1789468251.517633,2340,2881,5
1789468251.518683,2399,2881,5
1789468251.521205,2363,2882,5
1789468251.522584,2331,2880,5
1789468251.524897,2181,2881,5
1789468251.5272,1977,2878,5
1789468251.528595,2033,2878,5
1789468251.531147,2779,2882,5
1789468251.533226,2475,2879,5
1789468251.534583,2245,2878,5
1789468251.5371351,2374,2880,5
1789468251.539514,2390,2880,5
1789468251.5405922,2409,2880,5
1789468251.542898,2312,2880,5
1789468251.5497038,2221,2880,5
1789468251.549846,2197,2881,5
1789468251.551036,2151,2879,5
1789468251.551442,2187,2879,5
1789468251.552793,2294,2880,5
1789468251.5559402,2315,2880,5
1789468251.558134,2228,2879,5
1789468251.561733,2124,2880,5
1789468251.561834,2189,2880,5
1789468251.563937,2244,2880,5
1789468251.565237,2363,2880,5
1789468251.566656,2112,2879,5
1789468251.568741,2092,2878,5
1789468251.5749671,2311,2879,5
1789468251.5754418,2246,2880,5
1789468251.576276,2223,2879,5
1789468251.578948,2196,2880,5
1789468251.579778,2184,2880,5
1789468251.581407,2209,2880,5
1789468251.5828009,2184,2880,5
1789468251.5862641,2209,2879,5
1789468251.588022,2189,2880,5
1789468251.589331,2145,2879,5
1789468251.590632,2205,2879,5
1789468251.592709,2229,2879,5
1789468251.595019,2195,2879,5
1789468251.597346,2080,2880,5
1789468251.599413,2204,2880,5
1789468251.600708,2207,2880,5
1789468251.6030211,2211,2881,5
1789468251.605571,2205,2880,5
1789468251.606863,2220,2879,5
1789468251.609173,2208,2879,5
1789468251.6117399,2096,2879,5
1789468251.612787,2110,2879,5
1789468251.6151621,2147,2880,5
1789468251.617276,2182,2880,5
1789468251.618578,2130,2879,5
1789468251.62113,2129,2880,5
1789468251.6234581,2116,2879,5
1789468251.624563,2163,2878,5
1789468251.627115,2197,2879,5
1789468251.629187,2228,2879,5
1789468251.631673,2250,2878,5
1789468251.63297,2272,2880,5
1789468251.635029,2089,2878,5
1789468251.637347,1978,2877,5
1789468251.638643,2155,2880,5
1789468251.641195,2163,2879,5
1789468251.642582,2110,2879,5
1789468251.6446478,2160,2880,5
1789468251.64695,1911,2877,5
1789468251.652726,1924,2878,5
1789468251.6528242,2131,2881,5
1789468251.6536808,2232,2881,5
1789468251.655668,2080,2878,5
1789468251.657542,2122,2880,5
1789468251.658985,2078,2879,5
1789468251.661139,2030,2877,5
1789468251.664683,2077,2877,5
1789468251.664983,2105,2877,5
1789468251.667794,2241,2879,5
1789468251.6690948,2193,2878,5
1789468251.671175,2099,2879,5
1789468251.6772869,2073,2878,5
1789468251.6789272,2192,2879,5
1789468251.680223,1966,2878,5
1789468251.6803179,2241,2880,5
1789468251.682095,2170,2880,5
1789468251.683966,2232,2880,5
1789468251.6860642,2065,2879,5
1789468251.689528,2123,2879,5
1789468251.689667,2171,2880,5
1789468251.6917682,2138,2879,5
1789468251.692829,2191,2881,5
1789468251.695385,2091,2880,5
1789468251.6966789,1992,2878,5
1789468251.699232,2213,2881,5
1789468251.701331,2390,2880,5
1789468251.702632,2173,2879,5
1789468251.704949,2033,2880,5
1789468251.707504,2113,2879,5
1789468251.708799,2246,2879,5
1789468251.7113469,2246,2880,5
1789468251.71342,1892,2878,5
1789468251.714714,2120,2879,5
1789468251.717016,1953,2877,5
1789468251.719084,2020,2879,5
1789468251.721157,2070,2880,5
1789468251.723478,2048,2880,5
1789468251.724616,2060,2880,5
1789468251.7267861,2212,2878,5
1789468251.729339,2091,2880,5
1789468251.730634,1989,2878,5
1789468251.733183,2178,2880,5
1789468251.735251,1830,2878,5
1789468251.73757,1852,2878,5
1789468251.738614,2697,2880,5
1789468251.7411652,2029,2879,5
1789468251.7436008,2093,2879,5
1789468251.7448928,2120,2880,5
1789468251.747206,2118,2877,5
1789468251.7486029,2272,2880,5
1789468251.755436,2334,2879,5
1789468251.755842,2174,2879,5
1789468251.7563012,2001,2878,5
1789468251.758181,2231,2879,5
1789468251.760223,2189,2880,5
1789468251.76156,2075,2879,5
1789468251.763634,2097,2877,5
1789468251.767234,2270,2881,5
1789468251.76751,2232,2880,5
1789468251.7696939,2114,2881,5
1789468251.7707489,1870,2876,5
1789468251.7730749,1939,2876,5
1789468251.775357,2092,2879,5
1789468251.782027,2145,2880,5
1789468251.7837088,1967,2877,5
1789468251.7838771,1958,2878,5
1789468251.784023,2069,2878,5
1789468251.786101,2218,2880,5
1789468251.7875562,2221,2880,5
1789468251.7896261,2136,2880,5
1789468251.7930639,2156,2879,5
1789468251.7932,2069,2879,5
1789468251.795437,2045,2878,5
1789468251.797811,2067,2878,5
1789468251.7991118,2135,2881,5
1789468251.801225,2225,2879,5
1789468251.803364,2092,2879,5
1789468251.804675,2039,2878,5
1789468251.806991,2028,2880,5
1789468251.8091578,2053,2877,5
1789468251.811716,2161,2880,5
1789468251.813012,2097,2877,5
1789468251.816581,2115,2879,5
1789468251.816618,2011,2878,5
1789468251.818927,2186,2880,5
1789468251.8210418,2079,2879,5
1789468251.823206,2109,2879,5
1789468251.8245618,2192,2881,5
1789468251.8271208,2037,2878,5
1789468251.829675,2010,2878,5
1789468251.8309708,2127,2881,5
1789468251.833279,2233,2879,5
1789468251.835456,2150,2878,5
1789468251.836546,1962,2876,5
1789468251.83871,1893,2876,5
1789468251.841266,2012,2876,5
1789468251.842561,2243,2880,5
1789468251.8448682,2113,2879,5
1789468251.84742,2129,2879,5
1789468251.8485591,2299,2879,5
1789468251.850631,2406,2881,5
1789468251.853183,1904,2878,5
1789468251.854553,2058,2878,5
1789468251.860398,2263,2880,5
1789468251.860928,2138,2879,5
1789468251.861421,1965,2877,5
1789468251.864521,1961,2877,5
1789468251.8649988,2135,2879,5
1789468251.867929,2085,2878,5
1789468251.8710148,2101,2879,5
1789468251.8713012,2132,2880,5
1789468251.8732748,2210,2880,5
1789468251.87462,2199,2880,5
1789468251.877085,2092,2877,5
1789468251.8794198,2032,2878,5
1789468251.884966,2087,2879,5
1789468251.886503,2125,2879,5
1789468251.886633,2092,2878,5
1789468251.8868291,2043,2878,5
1789468251.889426,2098,2878,5
1789468251.891579,2115,2880,5
1789468251.894568,2123,2880,5
1789468251.8947358,2066,2877,5
1789468251.89727,2096,2880,5
1789468251.8985841,2126,2880,5
1789468251.900714,2158,2878,5
1789468251.903028,2035,2878,5
1789468251.905371,2055,2879,5
1789468251.9066722,2155,2879,5
1789468251.909039,2151,2880,5
1789468251.9115891,2071,2878,5
1789468251.912639,2034,2877,5
1789468251.914943,2128,2880,5
1789468251.9171112,2112,2879,5
1789468251.919175,2115,2880,5
1789468251.921482,1906,2876,5
1789468251.9227781,2003,2877,5
1789468251.925031,2131,2880,5
1789468251.927338,2128,2880,5
1789468251.9294121,2164,2880,5
1789468251.930561,2062,2879,5
1789468251.933114,2090,2879,5
1789468251.935665,2172,2878,5
1789468251.936959,2155,2881,5
1789468251.939508,2053,2879,5
1789468251.940804,2270,2880,5
1789468251.94335,2262,2880,5
1789468251.944638,2023,2877,5
1789468251.9470441,1954,2878,5
1789468251.94959,2117,2880,5
1789468251.9508832,2103,2879,5
1789468251.9569468,2258,2879,5
1789468251.957393,2151,2880,5
1789468251.958171,2146,2879,5
1789468251.95957,2092,2880,5
1789468251.961544,2042,2878,5
1789468251.9630709,2114,2877,5
1789468251.964758,2148,2879,5
1789468251.967644,2147,2880,5
1789468251.969651,2028,2878,5
1789468251.970968,2056,2878,5
1789468251.9735181,2071,2880,5
1789468251.9748101,2017,2877,5
1789468251.9804769,2087,2880,5
1789468251.980889,2120,2881,5
1789468251.981339,2058,2877,5
1789468251.983132,2183,2881,5
1789468251.985863,2174,2880,5
1789468251.988223,2091,2879,5
1789468251.991107,2061,2879,5
1789468251.9912791,2167,2880,5
1789468251.993292,2110,2880,5
1789468251.9946618,2014,2878,5
1789468251.99698,2150,2880,5
1789468251.999531,2104,2880,5
1789468252.00084,2124,2879,5
1789468252.003173,2114,2879,5
1789468252.005734,2080,2878,5
1789468252.007026,2023,2879,5
1789468252.009461,2091,2880,5
1789468252.0105758,2028,2877,5
1789468252.012884,2024,2877,5
1789468252.015135,2126,2880,5
1789468252.017685,2172,2879,5
1789468252.018974,2078,2879,5
1789468252.021038,2030,2878,5
1789468252.023584,2052,2880,5
1789468252.024875,2189,2880,5
1789468252.027104,2144,2880,5
1789468252.029653,2048,2877,5
1789468252.030702,2071,2878,5
1789468252.033014,2149,2880,5
1789468252.0353248,2097,2878,5
1789468252.0366158,2091,2880,5
1789468252.038923,2110,2879,5
1789468252.041164,2104,2880,5
1789468252.043463,2085,2880,5
1789468252.0457659,2124,2880,5
1789468252.0468118,2129,2881,5
1789468252.053206,2145,2880,5
1789468252.053968,2143,2879,5
1789468252.054079,2121,2879,5
1789468252.0558562,2111,2879,5
1789468252.0580292,2039,2879,5
1789468252.060745,2096,2879,5
1789468252.060883,2062,2877,5
1789468252.063499,2027,2877,5
1789468252.0652192,1957,2877,5
1789468252.067534,2128,2880,5
1789468252.0688262,2094,2880,5
1789468252.07113,1961,2876,5
1789468252.075849,2131,2879,5
1789468252.076214,2131,2880,5
1789468252.077947,2074,2877,5
1789468252.07953,2119,2878,5
1789468252.081423,2202,2880,5
1789468252.083112,2264,2880,5
1789468252.085742,2121,2880,5
1789468252.087818,2061,2879,5
1789468252.089112,2071,2878,5
1789468252.091425,2105,2879,5
1789468252.092716,2187,2880,5
1789468252.094798,2053,2877,5
1789468252.0973709,2034,2878,5
1789468252.0986738,2115,2880,5
1789468252.101221,2080,2880,5
1789468252.1025689,2069,2879,5
1789468252.105118,2068,2880,5
1789468252.10723,2074,2878,5
1789468252.109674,2136,2879,5
1789468252.110723,2044,2878,5
1789468252.113023,1970,2878,5
1789468252.11532,1871,2877,5
1789468252.1166148,2070,2879,5
1789468252.118731,2333,2880,5
1789468252.120938,2345,2878,5
1789468252.123002,2005,2879,5
1789468252.1253052,1586,2878,5
1789468252.1266072,2289,2882,5
1789468252.128909,2307,2881,5
1789468252.131456,1714,2878,5
1789468252.132747,1957,2877,5
1789468252.135293,2091,2879,5
1789468252.13753,2692,2880,5
1789468252.138819,2220,2879,5
1789468252.1413639,1494,2877,5
1789468252.14366,1881,2878,5
1789468252.149235,2701,2881,5
1789468252.150014,1943,2879,5
1789468252.1504698,1798,2878,5
1789468252.151993,2042,2879,5
1789468252.153662,2367,2880,5
1789468252.154963,1893,2878,5
1789468252.157102,1548,2877,5
1789468252.159744,2985,2883,5
1789468252.161393,2268,2881,5
1789468252.162698,1955,2878,5
1789468252.16525,2575,2881,5
1789468252.1675708,2333,2880,5
1789468252.1716852,1938,2877,5
1789468252.172106,1954,2877,5
1789468252.174412,2098,2879,5
1789468252.176176,1929,2877,5
1789468252.1777,1827,2878,5
1789468252.1793752,1679,2877,5
1789468252.182091,2280,2880,5
1789468252.183999,1864,2878,5
1789468252.185303,2185,2879,5
1789468252.1865978,2144,2880,5
1789468252.189147,1971,2880,5
1789468252.1916978,1964,2877,5
1789468252.193001,2505,2881,5
1789468252.195568,2499,2880,5
1789468252.196629,2264,2881,5
1789468252.198703,2121,2880,5
1789468252.201254,1974,2878,5
1789468252.203626,1983,2879,5
1789468252.2048168,2238,2880,5
1789468252.206893,1919,2878,5
1789468252.208962,1359,2877,5
1789468252.211514,2313,2881,5
1789468252.2125828,1982,2877,5
1789468252.2148962,2046,2881,5
1789468252.217082,2168,2880,5
1789468252.219628,2276,2880,5
1789468252.220917,2178,2879,5
1789468252.2230341,2067,2878,5
1789468252.225336,2195,2882,5
1789468252.2276402,2148,2879,5
1789468252.228929,2018,2877,5
1789468252.237919,2111,2880,5
1789468252.237955,2042,2880,5
1789468252.237986,2053,2880,5
1789468252.238017,2039,2880,5
1789468252.249482,1963,2876,5
1789468252.2512121,1780,2878,5
1789468252.2514381,2216,2880,5
1789468252.252347,2322,2881,5
1789468252.254242,1912,2876,5
1789468252.2571352,2051,2880,5
1789468252.257508,2019,2880,5
1789468252.257795,2037,2879,5
1789468252.258111,1666,2877,5
1789468252.260289,2235,2880,5
1789468252.260393,2357,2880,5
1789468252.2617579,2110,2880,5
1789468252.263106,1991,2877,5
1789468252.265715,1952,2876,5
1789468252.271436,2060,2879,5
1789468252.272423,2037,2877,5
1789468252.2740312,2002,2877,5
1789468252.278235,2228,2879,5
1789468252.279802,2191,2879,5
1789468252.2800121,2162,2880,5
1789468252.28283,1887,2878,5
1789468252.283186,2022,2878,5
1789468252.283596,2170,2880,5
1789468252.285974,2227,2879,5
1789468252.287405,2141,2880,5
1789468252.288769,2262,2880,5
1789468252.2914162,1984,2877,5
1789468252.292788,1959,2877,5
1789468252.295639,1569,2878,5
1789468252.2970262,2071,2878,5
1789468252.299642,2222,2881,5
1789468252.301053,2002,2878,5
1789468252.303707,2091,2880,5
1789468252.3050508,2095,2880,5
1789468252.307673,2147,2881,5
1789468252.3090339,2308,2880,5
1789468252.311765,1991,2878,5
1789468252.313132,2130,2879,5
1789468252.315768,2298,2880,5
1789468252.317101,2204,2880,5
1789468252.319498,1922,2876,5
1789468252.32064,1923,2876,5
1789468252.3233302,2280,2880,5
1789468252.324917,2205,2879,5
1789468252.3275928,1942,2879,5
1789468252.329045,1886,2879,5
1789468252.331774,2298,2879,5
1789468252.333117,2286,2880,5
1789468252.335732,2093,2880,5
1789468252.337077,2137,2879,5
1789468252.339781,1607,2877,5
1789468252.341123,2094,2879,5
1789468252.342572,2190,2880,5
1789468252.345262,2454,2880,5
1789468252.346626,2171,2880,5
1789468252.3538969,2105,2879,5
1789468252.354527,2206,2879,5
1789468252.35644,1955,2877,5
1789468252.356906,2135,2880,5
1789468252.366071,2203,2880,5
1789468252.3664079,2585,2880,5
1789468252.366961,2146,2880,5
1789468252.3696508,1817,2876,5
1789468252.369733,1886,2879,5
1789468252.369799,2074,2878,5
1789468252.3698618,2465,2881,5
1789468252.371327,1811,2878,5
1789468252.3726752,1680,2877,5
1789468252.375551,2437,2879,5
1789468252.37695,2032,2879,5
1789468252.3828218,2241,2880,5
1789468252.38343,1863,2878,5
1789468252.385998,1865,2878,5
1789468252.386265,2016,2878,5
1789468252.388706,2228,2880,5
1789468252.3889291,2149,2880,5
1789468252.393037,1964,2880,5
1789468252.39677,1994,2879,5
1789468252.3972428,1728,2877,5
1789468252.397782,2082,2877,5
1789468252.4001012,1794,2879,5
1789468252.401448,1941,2878,5
1789468252.40281,2123,2879,5
1789468252.405416,2474,2880,5
1789468252.406754,2250,2879,5
1789468252.409417,1845,2877,5
1789468252.410773,2080,2878,5
1789468252.413512,2037,2879,5
1789468252.4148679,1815,2879,5
1789468252.4174058,2281,2879,5
1789468252.418745,2452,2880,5
1789468252.421349,1956,2877,5
1789468252.422712,1607,2877,5
1789468252.425354,2088,2880,5
1789468252.427393,2123,2879,5
1789468252.428789,2175,2879,5
1789468252.4314291,2081,2877,5
1789468252.432739,2474,2880,5
1789468252.435355,2311,2880,5
1789468252.436695,1823,2877,5
1789468252.439389,1949,2877,5
1789468252.4407449,2207,2879,5
1789468252.443548,1943,2878,5
1789468252.445009,2272,2880,5
1789468252.4474869,2294,2881,5
1789468252.4488351,2142,2879,5
1789468252.451422,1966,2877,5
1789468252.452759,1998,2878,5
1789468252.455394,2248,2881,5
1789468252.456852,2140,2878,5
1789468252.459542,2160,2880,5
1789468252.460672,2066,2876,5
1789468252.4633431,2211,2880,5
1789468252.465535,1830,2878,5
1789468252.466998,1890,2877,5
1789468252.469462,2358,2881,5
1789468252.470805,2155,2879,5
1789468252.479041,2184,2879,5
1789468252.481936,1886,2877,5
1789468252.4821491,2089,2877,5
1789468252.482342,2146,2879,5
1789468252.485187,1864,2877,5
1789468252.485385,2202,2881,5
1789468252.4861429,2333,2879,5
1789468252.488862,1799,2878,5
1789468252.491019,1770,2878,5
1789468252.494875,2223,2880,5
1789468252.495504,2235,2880,5
1789468252.4958599,1731,2879,5
1789468252.498417,2112,2878,5
1789468252.498734,2465,2882,5
1789468252.5013561,2221,2879,5
1789468252.5026948,1932,2876,5
1789468252.505306,1510,2876,5
1789468252.506892,2224,2880,5
1789468252.5163388,2042,2878,5
1789468252.516729,1745,2877,5
1789468252.519489,1706,2876,5
1789468252.521736,2025,2877,5
1789468252.524597,1622,2878,5
1789468252.5251179,1132,2876,5
1789468252.528973,2163,2879,5
1789468252.529632,2570,2880,5
1789468252.532064,1743,2876,5
1789468252.5328078,2163,2880,5
1789468252.533151,1483,2879,5
1789468252.5332181,1280,2877,5
1789468252.53328,2464,2880,5
1789468252.5346172,2351,2879,5
1789468252.53727,1923,2879,5
1789468252.538638,1442,2877,5
1789468252.541706,1140,2877,5
1789468252.543089,1691,2877,5
1789468252.5450199,2098,2877,5
1789468252.547897,3265,2883,5
1789468252.5492952,2078,2880,5
1789468252.551088,1715,2876,5
1789468252.553752,1650,2877,5
1789468252.555186,1650,2878,5
1789468252.556561,1358,2878,5
1789468252.559189,1858,2877,5
1789468252.5606341,3147,2882,5
1789468252.56305,1518,2877,5
1789468252.565429,124,2876,5
1789468252.566808,1925,2878,5
1789468252.5691352,3077,2881,5
1789468252.571577,2360,2880,5
1789468252.57265,930,2876,5
1789468252.574982,2008,2878,5
1789468252.577326,2764,2882,5
1789468252.578639,1552,2876,5
1789468252.580968,1324,2877,5
1789468252.583555,1782,2876,5
1789468252.584616,1615,2877,5
1789468252.5867069,1484,2877,5
1789468252.589034,2306,2879,5
1789468252.591367,1976,2879,5
1789468252.592671,1663,2878,5
1789468252.5952342,1603,2876,5
1789468252.596538,1585,2877,5
1789468252.5991051,1557,2878,5
1789468252.600597,1648,2877,5
1789468252.602937,1788,2878,5
1789468252.605259,1820,2877,5
1789468252.6075861,1480,2877,5
1789468252.608775,1506,2876,5
1789468252.616517,1433,2877,5
1789468252.6172109,886,2877,5
1789468252.619204,1798,2879,5
1789468252.619435,2639,2881,5
1789468252.619701,2262,2881,5
1789468252.622813,1683,2877,5
1789468252.622999,1760,2878,5
1789468252.625303,1636,2877,5
1789468252.627168,1663,2877,5
1789468252.631194,1971,2877,5
1789468252.631588,1775,2878,5
1789468252.634332,804,2876,5
1789468252.6345038,1547,2876,5
1789468252.636789,2056,2879,5
1789468252.6391401,1734,2877,5
1789468252.6404932,1802,2879,5
1789468252.647892,1977,2878,5
1789468252.649409,1957,2877,5
1789468252.651123,1662,2877,5
1789468252.6513221,1963,2877,5
1789468252.65148,1972,2877,5
1789468252.654015,1503,2877,5
1789468252.655971,1537,2877,5
1789468252.658725,1672,2877,5
1789468252.662814,2174,2879,5
1789468252.663081,2226,2880,5
1789468252.663233,2145,2877,5
1789468252.665823,2105,2877,5
1789468252.6671412,1792,2878,5
1789468252.6684978,1916,2877,5
1789468252.670839,1987,2877,5
1789468252.673043,1747,2876,5
1789468252.675607,1538,2876,5
1789468252.676702,2021,2879,5
1789468252.679038,2186,2880,5
1789468252.681605,1975,2876,5
1789468252.682911,2114,2880,5
1789468252.684999,1954,2877,5
1789468252.687315,2142,2879,5
1789468252.688618,2219,2880,5
1789468252.690908,2018,2879,5
1789468252.693483,1914,2876,5
1789468252.694788,1861,2878,5
1789468252.697346,2015,2877,5
1789468252.6986508,1981,2878,5
1789468252.701213,2239,2880,5
1789468252.702513,2147,2880,5
1789468252.7048461,2091,2879,5
1789468252.707071,1704,2877,5
1789468252.7084858,1892,2878,5
1789468252.7108,2180,2879,5
1789468252.713085,1934,2877,5
1789468252.715644,2552,2881,5
1789468252.7167099,2312,2879,5
1789468252.718915,2138,2879,5
1789468252.721235,2338,2879,5
1789468252.722548,2374,2879,5
1789468252.7248662,2321,2879,5
1789468252.727177,2180,2879,5
1789468252.729503,2248,2879,5
1789468252.7308009,1814,2878,5
1789468252.733126,1613,2878,5
1789468252.734495,2955,2882,5
1789468252.7414021,1762,2878,5
1789468252.741921,2109,2880,5
1789468252.742489,2423,2880,5
1789468252.742655,1987,2878,5
1789468252.745179,1887,2878,5
1789468252.747484,2191,2878,5
1789468252.74946,2252,2881,5
1789468252.7515001,2120,2879,5
1789468252.755384,1944,2877,5
1789468252.755647,2173,2879,5
1789468252.757643,2217,2880,5
1789468252.7589529,1859,2877,5
1789468252.7615209,2048,2878,5
1789468252.762589,2357,2881,5
1789468252.7651489,1994,2877,5
1789468252.770617,2056,2880,5
1789468252.7711098,1835,2876,5
1789468252.7720902,1649,2876,5
1789468252.7739,2218,2879,5
1789468252.775811,2529,2880,5
1789468252.7777221,2306,2880,5
1789468252.7800992,2029,2877,5
1789468252.786525,2361,2880,5
1789468252.786625,2103,2877,5
1789468252.78671,2304,2881,5
1789468252.786792,2284,2880,5
1789468252.7891982,2151,2880,5
1789468252.790598,1898,2877,5
1789468252.793141,1805,2879,5
1789468252.795558,2248,2879,5
1789468252.7966568,2318,2879,5
1789468252.7987509,2232,2880,5
1789468252.800836,2013,2876,5
1789468252.8029199,1991,2877,5
1789468252.805259,2223,2879,5
1789468252.806575,2253,2879,5
1789468252.808665,2128,2879,5
1789468252.810768,2163,2879,5
1789468252.81284,2130,2880,5
1789468252.814935,2367,2881,5
1789468252.817028,2296,2879,5
1789468252.8195992,2237,2881,5
1789468252.820657,2269,2878,5
1789468252.8228228,2654,2881,5
1789468252.8253922,2564,2881,5
1789468252.826457,2422,2880,5
1789468252.828777,2037,2877,5
1789468252.831112,2140,2878,5
1789468252.833196,1888,2879,5
1789468252.834504,2403,2881,5
1789468252.836579,2611,2881,5
1789468252.838906,2805,2881,5
1789468252.841223,2452,2879,5
1789468252.8425229,2208,2879,5
1789468252.844605,2555,2880,5
1789468252.84717,2730,2881,5
1789468252.84848,2167,2878,5
1789468252.8505611,2403,2880,5
1789468252.852642,1985,2876,5
1789468252.8597279,2152,2880,5
1789468252.8603368,2412,2878,5
1789468252.860947,2325,2879,5
1789468252.863442,2181,2880,5
1789468252.8637261,1836,2877,5
1789468252.865958,2900,2883,5
1789468252.8677409,2880,2881,5
1789468252.870018,2577,2880,5
1789468252.874003,1925,2875,5
1789468252.8742661,1810,2877,5
1789468252.876171,2013,2877,5
1789468252.877232,2255,2878,5
1789468252.879331,2244,2880,5
1789468252.880439,2147,2879,5
1789468252.882802,2250,2880,5
1789468252.889185,2078,2879,5
1789468252.890196,2446,2880,5
1789468252.892168,2394,2880,5
1789468252.892432,2436,2880,5
1789468252.8925939,1612,2877,5
1789468252.896013,1898,2877,5
1789468252.8987432,2172,2878,5
1789468252.9028769,2432,2880,5
1789468252.903166,1956,2879,5
1789468252.903347,1965,2879,5
1789468252.905678,1743,2876,5
1789468252.906991,2287,2881,5
1789468252.9090738,2624,2882,5
1789468252.9111629,2101,2881,5
1789468252.912534,1993,2878,5
1789468252.914633,1952,2877,5
1789468252.916734,2234,2880,5
1789468252.918807,1967,2878,5
1789468252.921133,2068,2880,5
1789468252.923465,2057,2880,5
1789468252.9245381,2452,2880,5
1789468252.926621,2291,2879,5
1789468252.928706,2242,2881,5
1789468252.931039,2167,2877,5
1789468252.933142,2234,2881,5
1789468252.9345129,2273,2880,5
1789468252.9368289,2197,2880,5
1789468252.938988,1893,2876,5
1789468252.941306,1980,2879,5
1789468252.943394,1803,2877,5
1789468252.9444711,2011,2877,5
1789468252.946573,2021,2878,5
1789468252.948666,2258,2880,5
1789468252.950763,2266,2879,5
1789468252.952872,2242,2880,5
1789468252.954975,2015,2879,5
1789468252.9573069,2021,2877,5
1789468252.958633,2242,2880,5
1789468252.960912,2099,2881,5
1789468252.9630232,2352,2881,5
1789468252.965121,2216,2879,5
1789468252.9664938,2008,2876,5
1789468252.968587,2059,2880,5
1789468252.970919,2193,2880,5
1789468252.9732559,2031,2877,5
1789468252.975351,2183,2879,5
1789468252.981737,1821,2877,5
1789468252.982332,2279,2880,5
1789468252.983404,1944,2877,5
1789468252.9846559,2053,2879,5
1789468252.98627,1840,2876,5
1789468252.988399,2055,2880,5
1789468252.990443,2241,2880,5
1789468252.99113,2158,2879,5
1789468252.999126,1961,2878,5
1789468252.9993331,2344,2881,5
1789468252.9998589,2311,2881,5
1789468253.002233,2137,2880,5
1789468253.002997,1861,2877,5
1789468253.0030441,1865,2877,5
1789468253.004473,2379,2881,5
1789468253.00707,2206,2880,5
1789468253.009177,1987,2879,5
1789468253.010491,1675,2878,5
1789468253.0175302,1651,2878,5
1789468253.018738,2326,2882,5
1789468253.019402,2396,2880,5
1789468253.021158,2093,2880,5
1789468253.023381,1889,2876,5
1789468253.0240781,2222,2879,5
1789468253.02559,2030,2878,5
1789468253.0287309,1862,2878,5
1789468253.033362,2314,2880,5
1789468253.033664,2296,2879,5
1789468253.033949,2260,2880,5
1789468253.036532,2021,2880,5
1789468253.036758,2160,2880,5
1789468253.0388548,2290,2879,5
1789468253.041184,2227,2880,5
1789468253.0425,2039,2877,5
1789468253.044642,2019,2877,5
1789468253.046983,1985,2877,5
1789468253.049561,2026,2875,5
1789468253.0506299,2107,2879,5
1789468253.052962,2133,2879,5
1789468253.0556512,2013,2878,5
1789468253.056716,2061,2880,5
1789468253.0590441,1941,2878,5
1789468253.061364,2188,2880,5
1789468253.062498,2222,2880,5
1789468253.0648892,2107,2880,5
1789468253.0674691,1968,2877,5
1789468253.06878,2010,2879,5
1789468253.0708852,2153,2880,5
1789468253.0729668,1895,2877,5
1789468253.075063,2104,2880,5
1789468253.0771399,2167,2880,5
1789468253.079236,2049,2877,5
1789468253.080543,2062,2880,5
1789468253.082877,2167,2879,5
1789468253.0849652,1889,2875,5
1789468253.087393,2162,2879,5
1789468253.088702,1980,2876,5
1789468253.091267,2401,2879,5
1789468253.092573,2134,2879,5
1789468253.094902,2081,2879,5
1789468253.097239,1978,2877,5
1789468253.09855,2137,2880,5
1789468253.100876,2029,2877,5
1789468253.10352,1989,2877,5
1789468253.104596,1942,2877,5
1789468253.106928,2157,2879,5
1789468253.109025,2274,2879,5
1789468253.1111119,2008,2877,5
1789468253.1124558,2041,2877,5
1789468253.1187918,2010,2877,5
1789468253.119402,2066,2879,5
1789468253.120029,1950,2877,5
1789468253.1227121,2133,2881,5
1789468253.123083,1922,2877,5
1789468253.1250792,1762,2877,5
1789468253.127022,1885,2876,5
1789468253.170964,2296,2880,5
1789468253.171634,2354,2879,5
1789468253.1721652,2377,2879,5
1789468253.178845,2239,2879,5
1789468253.178978,2265,2879,5
1789468253.17905,2211,2879,5
1789468253.179116,2191,2880,5
1789468253.179178,1966,2878,5
1789468253.1792378,1993,2877,5
1789468253.1792982,2209,2880,5
1789468253.17936,1996,2879,5
1789468253.1794188,1961,2876,5
1789468253.179477,2009,2876,5
1789468253.1795359,2080,2879,5
1789468253.179595,2125,2879,5
1789468253.1796548,2158,2879,5
1789468253.179714,2077,2879,5
1789468253.1797729,2008,2877,5
1789468253.179832,2047,2880,5
1789468253.179893,2074,2880,5
1789468253.1799512,2080,2879,5
1789468253.180009,2142,2878,5
1789468253.180067,2198,2879,5
1789468253.180126,2225,2880,5
1789468253.1801841,2034,2877,5
1789468253.1802418,2074,2878,5
1789468253.181736,2090,2880,5
1789468253.1834261,2111,2880,5
1789468253.184632,2157,2879,5
1789468253.187238,2125,2879,5
1789468253.188571,2095,2878,5
1789468253.190909,2090,2880,5
1789468253.192998,2081,2878,5
1789468253.195331,2083,2877,5
1789468253.1966588,2232,2880,5
1789468253.1989949,2211,2879,5
1789468253.201565,2059,2878,5
1789468253.202631,2074,2879,5
1789468253.204727,2104,2879,5
1789468253.207171,2137,2879,5
1789468253.209237,2174,2879,5
1789468253.210708,2094,2880,5
1789468253.2133,2137,2880,5
1789468253.214616,2118,2880,5
1789468253.216961,2038,2879,5
1789468253.219219,2134,2879,5
1789468253.2213151,2082,2879,5
1789468253.2227101,2223,2878,5
1789468253.2253902,2190,2880,5
1789468253.226759,2096,2881,5
1789468253.229131,2152,2879,5
1789468253.231238,2240,2880,5
1789468253.233331,2177,2879,5
1789468253.2346518,1961,2877,5
1789468253.2367628,2095,2879,5
1789468253.2393348,2124,2880,5
1789468253.240656,2160,2879,5
1789468253.242982,2185,2879,5
1789468253.2453141,2105,2878,5
1789468253.2466261,2097,2880,5
1789468253.248963,2161,2880,5
1789468253.257202,2217,2879,5
1789468253.257387,2190,2880,5
1789468253.2580302,2122,2879,5
1789468253.258687,2127,2879,5
1789468253.2598321,2098,2879,5
1789468253.2614741,2119,2879,5
1789468253.2638621,2108,2880,5
1789468253.26603,2106,2880,5
1789468253.268818,2061,2877,5
1789468253.275927,2164,2879,5
1789468253.276185,2160,2880,5
1789468253.276232,2127,2879,5
1789468253.2762802,2108,2878,5
1789468253.277597,2065,2880,5
1789468253.278914,2060,2877,5
1789468253.281514,2054,2877,5
1789468253.2828312,2127,2880,5
1789468253.290803,2262,2880,5
1789468253.292332,2130,2879,5
1789468253.2941718,2135,2879,5
1789468253.294407,2139,2879,5
1789468253.297111,2156,2879,5
1789468253.2977002,2058,2878,5
1789468253.2983449,2112,2877,5
1789468253.2993731,2159,2880,5
1789468253.3064132,2170,2879,5
1789468253.306846,2131,2879,5
1789468253.307136,2115,2878,5
1789468253.307345,2102,2880,5
1789468253.3100019,2110,2879,5
1789468253.3110862,2087,2877,5
1789468253.313666,2116,2877,5
1789468253.314739,2113,2879,5
1789468253.316819,2102,2879,5
1789468253.319167,2178,2879,5
1789468253.3205671,2231,2879,5
1789468253.322936,2150,2878,5
1789468253.325548,2145,2878,5
1789468253.3268638,2101,2878,5
1789468253.328969,2073,2878,5
1789468253.33107,2201,2881,5
1789468253.332382,2102,2880,5
1789468253.3347242,2194,2879,5
1789468253.337056,2138,2880,5
1789468253.339502,2106,2879,5
1789468253.3408158,2047,2878,5
1789468253.343389,2077,2877,5
1789468253.3444638,2057,2877,5
1789468253.346575,2050,2879,5
1789468253.348914,2136,2881,5
1789468253.3510048,2076,2878,5
1789468253.353332,2239,2879,5
1789468253.354639,2120,2879,5
1789468253.356972,2075,2880,5
1789468253.359301,2128,2880,5
1789468253.360607,1970,2878,5
1789468253.362724,2287,2881,5
1789468253.3652961,2194,2880,5
1789468253.366606,2123,2880,5
1789468253.368928,2035,2878,5
1789468253.37159,1969,2877,5
1789468253.3727202,2072,2878,5
1789468253.3750882,2036,2878,5
1789468253.376522,1941,2879,5
1789468253.378884,2365,2881,5
1789468253.380985,2452,2880,5
1789468253.383321,2244,2879,5
1789468253.384638,2234,2880,5
1789468253.392413,2191,2880,5
1789468253.3935518,2106,2879,5
1789468253.394154,1986,2877,5
1789468253.398766,2152,2879,5
1789468253.399935,1954,2879,5
1789468253.401709,2134,2880,5
1789468253.4042501,2101,2880,5
1789468253.404335,2137,2879,5
1789468253.408588,1857,2876,5
1789468253.4090052,1939,2878,5
1789468253.409272,2399,2880,5
1789468253.4094589,2280,2879,5
1789468253.412318,2220,2879,5
1789468253.413727,1900,2877,5
1789468253.415047,1835,2877,5
1789468253.4176471,2313,2880,5
1789468253.419094,2267,2879,5
1789468253.4206111,1997,2879,5
1789468253.433415,2065,2880,5
1789468253.4373581,2211,2879,5
1789468253.438089,2364,2879,5
1789468253.438772,2103,2878,5
1789468253.446342,2055,2878,5
1789468253.44683,2178,2878,5
1789468253.449356,2153,2878,5
1789468253.450169,2062,2879,5
1789468253.450478,2063,2878,5
1789468253.45062,2157,2879,5
1789468253.450717,2123,2879,5
1789468253.450764,2091,2878,5
1789468253.450806,2076,2877,5
1789468253.450849,2127,2880,5
1789468253.4510012,2117,2879,5
1789468253.45236,2140,2879,5
1789468253.454735,2130,2879,5
1789468253.457081,2094,2878,5
1789468253.458678,2151,2879,5
1789468253.461189,2015,2877,5
1789468253.46255,2101,2879,5
1789468253.4647129,2103,2879,5
1789468253.467307,2112,2880,5
1789468253.468417,1945,2876,5
1789468253.471017,2012,2879,5
1789468253.4723709,2096,2879,5
1789468253.474533,2067,2879,5
1789468253.477244,2202,2879,5
1789468253.478424,2100,2880,5
1789468253.481051,2166,2879,5
1789468253.482391,2170,2879,5
1789468253.484729,2137,2879,5
1789468253.48734,2098,2879,5
1789468253.48845,2081,2878,5
1789468253.491127,2122,2879,5
1789468253.492503,2102,2880,5
1789468253.494857,2057,2878,5
1789468253.497192,2091,2880,5
1789468253.4984589,2117,2879,5
1789468253.5005598,2131,2880,5
1789468253.503126,2130,2878,5
1789468253.5054588,2100,2878,5
1789468253.5067708,2059,2879,5
1789468253.5088582,2099,2879,5
1789468253.5114229,2083,2878,5
1789468253.5127318,2120,2880,5
1789468253.515046,2105,2881,5
1789468253.517385,2122,2878,5
1789468253.518692,2103,2879,5
1789468253.521088,2102,2880,5
1789468253.522413,2113,2879,5
1789468253.5249789,2131,2879,5
1789468253.527238,2070,2878,5
1789468253.534878,2072,2878,5
1789468253.535553,2112,2880,5
1789468253.536195,2114,2879,5
1789468253.53791,2085,2878,5
1789468253.538134,2083,2879,5
1789468253.541354,2072,2879,5
1789468253.54201,2082,2879,5
1789468253.543471,2098,2880,5
1789468253.5457768,2080,2878,5
1789468253.549685,2088,2877,5
1789468253.54993,2129,2881,5
1789468253.5526872,2101,2879,5
1789468253.552738,2087,2880,5
1789468253.554828,2110,2878,5
1789468253.557153,2109,2878,5
1789468253.558466,2171,2880,5
1789468253.567102,2070,2877,5
1789468253.567709,2051,2877,5
1789468253.568405,2053,2877,5
1789468253.574059,2171,2879,5
1789468253.5825028,2090,2879,5
1789468253.5829928,2057,2878,5
1789468253.583305,2085,2879,5
1789468253.5837,2120,2879,5
1789468253.5863261,2052,2877,5
1789468253.586451,2099,2878,5
1789468253.586551,2077,2878,5
1789468253.5866802,2176,2880,5
1789468253.586808,2063,2879,5
1789468253.5869162,2083,2878,5
1789468253.5890079,2037,2878,5
1789468253.591362,2106,2879,5
1789468253.592878,2193,2881,5
1789468253.595296,2023,2878,5
1789468253.5966852,2092,2879,5
1789468253.599117,2097,2880,5
1789468253.6005702,2110,2879,5
1789468253.602804,2081,2878,5
1789468253.604974,2101,2878,5
1789468253.607337,2117,2879,5
1789468253.608425,2053,2880,5
1789468253.610764,2083,2878,5
1789468253.6128829,2067,2879,5
1789468253.615276,2043,2878,5
1789468253.616352,2012,2879,5
1789468253.618558,2260,2879,5
1789468253.620825,2171,2878,5
1789468253.623105,2064,2878,5
1789468253.624523,2020,2876,5
1789468253.627282,1935,2877,5
1789468253.628663,2057,2878,5
1789468253.631426,2190,2881,5
1789468253.63296,2214,2879,5
1789468253.635442,2149,2879,5
1789468253.6365921,2062,2878,5
1789468253.638794,2052,2878,5
1789468253.641151,2083,2880,5
1789468253.642477,2171,2879,5
1789468253.6448698,2136,2877,5
1789468253.647085,2084,2879,5
1789468253.6483579,2117,2879,5
1789468253.650917,2129,2880,5
1789468253.653291,2070,2880,5
1789468253.654633,2042,2878,5
1789468253.656841,2091,2879,5
1789468253.659157,2122,2880,5
1789468253.660373,2087,2878,5
1789468253.662482,2048,2878,5
1789468253.664623,2090,2879,5
1789468253.672199,2123,2878,5
1789468253.672995,2070,2878,5
1789468253.673621,2057,2878,5
1789468253.676138,2114,2879,5
1789468253.6789188,2145,2879,5
1789468253.680047,2106,2880,5
1789468253.680208,2087,2878,5
1789468253.6820202,2065,2879,5
1789468253.688245,2023,2877,5
1789468253.6886249,2131,2879,5
1789468253.688946,2204,2878,5
1789468253.689333,2069,2878,5
1789468253.6919308,2071,2879,5
1789468253.6933062,2108,2880,5
1789468253.6946719,2087,2878,5
1789468253.6969259,2136,2878,5
1789468253.699212,2126,2880,5
1789468253.706332,2073,2880,5
1789468253.707546,1993,2879,5
1789468253.708276,2039,2878,5
1789468253.7099578,2109,2878,5
1789468253.7101388,2097,2879,5
1789468253.712199,2028,2877,5
1789468253.712916,2106,2878,5
1789468253.717532,2108,2882,5
1789468253.71772,2088,2879,5
1789468253.7211032,2098,2879,5
1789468253.7213628,2039,2878,5
1789468253.7242591,2090,2879,5
1789468253.724351,2162,2880,5
1789468253.726923,2078,2880,5
1789468253.7294989,1995,2878,5
1789468253.730817,2144,2881,5
1789468253.733278,2234,2880,5
1789468253.734601,2159,2880,5
1789468253.736757,2053,2879,5
1789468253.7390778,2050,2879,5
1789468253.741396,2090,2878,5
1789468253.742702,2086,2880,5
1789468253.745265,2084,2878,5
1789468253.7465768,2085,2878,5
1789468253.749147,2121,2880,5
1789468253.751492,2079,2879,5
1789468253.7527978,2057,2878,5
1789468253.75537,2085,2880,5
1789468253.7566762,2070,2879,5
1789468253.758998,2082,2879,5
1789468253.7603729,2018,2877,5
1789468253.7624488,2065,2877,5
1789468253.764758,2072,2878,5
1789468253.766827,2053,2879,5
1789468253.7691462,2059,2879,5
1789468253.77147,2259,2878,5
1789468253.7727702,2249,2878,5
1789468253.774842,2079,2879,5
1789468253.777396,2049,2877,5
1789468253.778694,2198,2881,5
1789468253.781009,2203,2880,5
1789468253.7833369,1860,2877,5
1789468253.78439,1840,2876,5
1789468253.78647,1856,2876,5
1789468253.78854,1839,2877,5
1789468253.791096,2766,2881,5
1789468253.792393,2498,2880,5
1789468253.794875,2049,2880,5
1789468253.8006039,1923,2878,5
1789468253.8011572,2035,2878,5
1789468253.801256,2357,2881,5
1789468253.8038661,2112,2878,5
1789468253.806206,1551,2876,5
1789468253.8067892,2276,2880,5
1789468253.808927,2296,2878,5
1789468253.81054,1748,2876,5
1789468253.8135061,2138,2881,5
1789468253.815614,2203,2881,5
1789468253.816874,2289,2880,5
1789468253.8189619,2528,2881,5
1789468253.821049,2164,2881,5
1789468253.822353,2097,2879,5
1789468253.827424,1884,2877,5
1789468253.829317,1996,2877,5
1789468253.829879,1900,2877,5
1789468253.832614,2149,2880,5
1789468253.832812,2115,2877,5
1789468253.8355331,1842,2877,5
1789468253.8367722,2079,2878,5
1789468253.8418958,2151,2879,5
1789468253.842112,2624,2881,5
1789468253.8445299,1711,2876,5
1789468253.844744,1750,2878,5
1789468253.846827,2530,2880,5
1789468253.849386,2186,2881,5
1789468253.850701,1984,2877,5
1789468253.853332,2166,2879,5
1789468253.854624,2114,2879,5
1789468253.856956,2240,2880,5
1789468253.8583171,1968,2880,5
1789468253.8604999,2013,2878,5
1789468253.863012,2020,2878,5
1789468253.864347,2022,2877,5
1789468253.866682,2191,2879,5
1789468253.8688269,1370,2876,5
1789468253.871161,1914,2876,5
1789468253.8732622,2945,2882,5
1789468253.874398,2046,2878,5
1789468253.877017,1804,2878,5
1789468253.8793652,2047,2878,5
1789468253.880673,2334,2880,5
1789468253.8828,2299,2881,5
1789468253.8851252,2201,2881,5
1789468253.886432,2094,2880,5
1789468253.88899,1941,2879,5
1789468253.891408,1915,2879,5
1789468253.892467,1958,2878,5
1789468253.8948019,1990,2877,5
1789468253.897115,2161,2880,5
1789468253.898417,2094,2878,5
1789468253.900655,1821,2877,5
1789468253.9029891,2259,2879,5
1789468253.9043489,2156,2879,5
1789468253.906912,2118,2880,5
1789468253.909238,1962,2878,5
1789468253.910314,2005,2877,5
1789468253.9126542,2007,2879,5
1789468253.9158862,2128,2877,5
1789468253.9211981,2183,2879,5
1789468253.921698,2116,2879,5
1789468253.9223292,2078,2877,5
1789468253.9225118,1967,2878,5
1789468253.925039,2043,2880,5
1789468253.927003,2028,2877,5
1789468253.928959,2040,2879,5
1789468253.931647,2029,2879,5
1789468253.9342852,2077,2878,5
1789468253.9344199,2231,2879,5
1789468253.9367611,2002,2879,5
1789468253.9390862,2038,2878,5
1789468253.940385,2035,2879,5
1789468253.942711,2029,2878,5
1789468253.949572,2062,2878,5
1789468253.950517,2051,2878,5
1789468253.950612,2256,2881,5
1789468253.951146,2110,2879,5
1789468253.9529269,1995,2878,5
1789468253.9549289,1824,2877,5
1789468253.961087,1926,2877,5
1789468253.961317,2007,2877,5
1789468253.961542,2177,2880,5
1789468253.963416,2054,2880,5
1789468253.964737,1990,2877,5
1789468253.967266,2421,2880,5
1789468253.96857,2365,2879,5
1789468253.9711292,1979,2877,5
1789468253.97347,1947,2878,5
1789468253.974771,2005,2877,5
1789468253.977086,2022,2877,5
1789468253.9783869,2105,2880,5
1789468253.980705,1771,2877,5
1789468253.983016,2364,2879,5
1789468253.985332,2047,2880,5
1789468253.986629,2169,2880,5
1789468253.98894,2424,2880,5
1789468253.990318,2058,2878,5
1789468253.9926999,2126,2879,5
1789468253.99506,1734,2879,5
1789468253.996366,1959,2877,5
1789468253.9989262,2507,2880,5
1789468254.001237,2070,2878,5
1789468254.0025349,2062,2878,5
1789468254.0046139,2123,2880,5
1789468254.006926,2314,2879,5
1789468254.0089989,2084,2878,5
1789468254.0103319,2443,2880,5
1789468254.0128949,2290,2881,5
1789468254.015216,1668,2877,5
1789468254.016515,1553,2876,5
1789468254.0190752,1906,2875,5
1789468254.020375,2062,2879,5
1789468254.022689,2042,2880,5
1789468254.025007,2328,2880,5
1789468254.027321,1879,2877,5
1789468254.032895,1939,2878,5
1789468254.033432,2458,2881,5
1789468254.033547,2375,2881,5
1789468254.035886,2146,2880,5
1789468254.038626,2342,2880,5
1789468254.0387359,1959,2880,5
1789468254.042075,1993,2877,5
1789468254.0450408,1629,2877,5
1789468254.0452201,2226,2879,5
1789468254.047478,2300,2880,5
1789468254.048542,1790,2877,5
1789468254.0511029,2033,2879,5
1789468254.052404,2243,2878,5
1789468254.054972,1894,2876,5
1789468254.060307,1678,2877,5
1789468254.060885,2039,2877,5
1789468254.0616891,1873,2877,5
1789468254.063196,2026,2877,5
1789468254.065164,2138,2879,5
1789468254.066586,2152,2878,5
1789468254.068801,1937,2878,5
1789468254.071337,1739,2876,5
1789468254.0736902,2108,2880,5
1789468254.074997,2259,2881,5
1789468254.077324,2011,2877,5
1789468254.078393,1699,2877,5
1789468254.080949,2456,2881,5
1789468254.0834718,2460,2880,5
1789468254.084532,1533,2877,5
1789468254.0868511,1336,2876,5
1789468254.089408,2080,2878,5
1789468254.0907068,2325,2880,5
1789468254.093011,1806,2878,5
1789468254.0953002,2238,2881,5
1789468254.096402,2370,2880,5
1789468254.098709,2131,2880,5
1789468254.1010208,1962,2877,5
1789468254.102318,1960,2877,5
1789468254.104876,2491,2881,5
1789468254.107248,2355,2880,5
1789468254.108298,2054,2877,5
1789468254.1108491,1459,2878,5
1789468254.113399,1605,2877,5
1789468254.1146939,2204,2878,5
1789468254.1172428,2153,2879,5
1789468254.118537,2370,2879,5
1789468254.120838,2040,2879,5
1789468254.123041,1632,2878,5
1789468254.1243389,1787,2877,5
1789468254.12689,1310,2877,5
1789468254.1294138,2691,2881,5
1789468254.130466,3004,2882,5
1789468254.1330152,1469,2876,5
1789468254.134309,1056,2876,5
1789468254.140112,2181,2879,5
1789468254.1406121,2583,2881,5
1789468254.141488,2338,2879,5
1789468254.1439219,1828,2877,5
1789468254.145934,1594,2877,5
1789468254.148031,1538,2877,5
1789468254.1507149,1391,2876,5
1789468254.1508942,2051,2880,5
1789468254.15258,1690,2876,5
1789468254.155155,1310,2877,5
1789468254.156451,2361,2880,5
1789468254.159004,1946,2878,5
1789468254.160296,1779,2878,5
1789468254.164939,1509,2878,5
1789468254.165472,1730,2878,5
1789468254.167922,1800,2877,5
1789468254.16978,1729,2877,5
1789468254.171726,1020,2876,5
1789468254.1731899,1256,2877,5
1789468254.1757572,2094,2880,5
1789468254.1779761,2890,2882,5
1789468254.179287,1944,2880,5
1789468254.180353,1615,2878,5
1789468254.182695,1663,2877,5
1789468254.184597,1402,2878,5
1789468254.186937,2403,2881,5
1789468254.188235,1948,2877,5
1789468254.190815,1550,2876,5
1789468254.193277,1172,2876,5
1789468254.194591,1452,2876,5
1789468254.196743,2658,2881,5
1789468254.1990678,2545,2880,5
1789468254.201387,2344,2880,5
1789468254.2024472,784,2877,5
1789468254.205012,405,2876,5
1789468254.206322,2806,2881,5
1789468254.2087429,2775,2880,5
1789468254.210837,1374,2876,5
1789468254.2133172,1461,2876,5
1789468254.21438,1715,2877,5
1789468254.2164412,2072,2878,5
1789468254.218504,2127,2877,5
1789468254.221055,1649,2878,5
1789468254.222353,2517,2879,5
1789468254.224543,2364,2879,5
1789468254.227036,1508,2877,5
1789468254.2283351,1121,2877,5
1789468254.2305532,1270,2878,5
1789468254.233102,1816,2878,5
1789468254.2343948,2041,2878,5
1789468254.236948,2008,2877,5
1789468254.2382479,1298,2877,5
1789468254.243432,1143,2876,5
1789468254.243914,1976,2877,5
1789468254.2464619,1697,2877,5
1789468254.246783,775,2877,5
1789468254.2494788,1685,2877,5
1789468254.2509718,2767,2881,5
1789468254.252428,1563,2876,5
1789468254.255353,1379,2876,5
1789468254.257535,1597,2878,5
1789468254.2585971,1379,2877,5
1789468254.2608352,1004,2877,5
1789468254.262231,1197,2877,5
1789468254.269011,1525,2877,5
1789468254.269583,1786,2876,5
1789468254.2703848,1927,2881,5
1789468254.272064,874,2877,5
1789468254.274108,1232,2876,5
1789468254.274969,1408,2877,5
1789468254.277954,1609,2877,5
1789468254.280947,1644,2877,5
1789468254.281098,1622,2877,5
1789468254.283257,1253,2876,5
1789468254.284554,1092,2876,5
1789468254.2869818,1413,2876,5
1789468254.289715,1183,2876,5
1789468254.291022,1370,2877,5
1789468254.2933602,1720,2877,5
1789468254.2944179,1737,2877,5
1789468254.296698,1077,2877,5
1789468254.299003,1357,2877,5
1789468254.30125,1831,2878,5
1789468254.302309,1764,2878,5
1789468254.304862,1698,2877,5
1789468254.307111,1716,2877,5
1789468254.308201,1340,2877,5
1789468254.310752,1650,2877,5
1789468254.312938,1659,2877,5
1789468254.3150048,1408,2878,5
1789468254.317313,2247,2879,5
1789468254.318374,2002,2879,5
1789468254.320437,1992,2879,5
1789468254.322755,2408,2880,5
1789468254.325304,2505,2879,5
1789468254.326595,1947,2877,5
1789468254.3291361,1589,2878,5
1789468254.3304389,2188,2877,5
1789468254.3329952,2262,2879,5
1789468254.334292,1985,2879,5
1789468254.336608,1910,2879,5
1789468254.3391628,1211,2876,5
1789468254.3403788,1840,2877,5
1789468254.342931,3884,2885,5
1789468254.348099,2743,2881,5
1789468254.348586,2041,2878,5
1789468254.34902,2313,2879,5
1789468254.350684,2133,2878,5
1789468254.3530738,2270,2878,5
1789468254.3548071,2590,2881,5
1789468254.3591979,2310,2879,5
1789468254.359373,2127,2879,5
1789468254.3615448,2080,2879,5
1789468254.362854,2175,2881,5
1789468254.3651578,1953,2878,5
1789468254.366457,2137,2877,5
1789468254.368675,2209,2879,5
1789468254.373229,2015,2879,5
1789468254.374509,2462,2881,5
1789468254.3749602,2099,2878,5
1789468254.377981,1992,2879,5
1789468254.379943,2230,2879,5
1789468254.381372,2449,2881,5
1789468254.384485,2574,2880,5
1789468254.384673,2432,2880,5
1789468254.386753,2299,2878,5
1789468254.389322,2121,2879,5
1789468254.390618,1636,2876,5
1789468254.3931699,2083,2878,5
1789468254.394398,2253,2880,5
1789468254.396462,2338,2879,5
1789468254.3990211,2073,2880,5
1789468254.40021,2303,2879,5
1789468254.402762,2039,2878,5
1789468254.405073,2167,2880,5
1789468254.406233,2325,2880,5
1789468254.408538,2298,2879,5
1789468254.411088,2078,2877,5
1789468254.41225,1592,2878,5
1789468254.414559,2206,2879,5
1789468254.4168599,2641,2881,5
1789468254.4189272,2218,2878,5
1789468254.42124,2336,2880,5
1789468254.422296,2056,2880,5
1789468254.424609,2290,2880,5
1789468254.42716,2382,2880,5
1789468254.4284532,2686,2880,5
1789468254.430523,2570,2880,5
1789468254.432835,2084,2878,5
1789468254.434901,1840,2876,5
1789468254.436969,2523,2879,5
1789468254.439283,2163,2879,5
1789468254.4405792,1938,2877,5
1789468254.4428911,2269,2880,5
1789468254.4454541,2594,2879,5
1789468254.450054,2068,2879,5
1789468254.4512582,2396,2879,5
1789468254.452877,2615,2880,5
1789468254.453016,2223,2880,5
1789468254.455018,2091,2877,5
1789468254.456844,2676,2882,5
1789468254.458535,2724,2880,5
1789468254.4617212,2258,2880,5
1789468254.463837,1812,2877,5
1789468254.465139,1177,2878,5
1789468254.466435,3014,2882,5
1789468254.4685462,2800,2881,5
1789468254.47472,1669,2876,5
1789468254.4755042,2170,2880,5
1789468254.4759302,2411,2880,5
1789468254.47738,2227,2880,5
1789468254.47881,2438,2880,5
1789468254.4821289,2546,2880,5
1789468254.482309,2280,2880,5
1789468254.4853199,1840,2877,5
1789468254.487264,2011,2877,5
1789468254.4883142,2283,2881,5
1789468254.490626,2264,2880,5
1789468254.492975,1712,2876,5
1789468254.494279,1930,2877,5
1789468254.496614,2193,2880,5
1789468254.498931,2059,2877,5
1789468254.501246,2289,2880,5
1789468254.502539,2328,2880,5
1789468254.5049212,2236,2878,5
1789468254.506989,2542,2881,5
1789468254.508279,2119,2878,5
1789468254.510825,1885,2877,5
1789468254.513144,2225,2878,5
1789468254.514244,1856,2877,5
1789468254.5168068,1923,2878,5
1789468254.518867,2603,2880,5
1789468254.520204,2369,2880,5
1789468254.5227551,2059,2878,5
1789468254.524818,2626,2881,5
1789468254.527118,2184,2880,5
1789468254.528407,2445,2880,5
1789468254.530518,2481,2881,5
1789468254.532833,2238,2880,5
1789468254.534202,1904,2877,5
1789468254.5365179,1966,2879,5
1789468254.539068,2061,2879,5
1789468254.540232,2194,2879,5
1789468254.542784,2029,2879,5
1789468254.54864,2179,2880,5
1789468254.549437,2395,2880,5
1789468254.54988,2144,2877,5
1789468254.551552,2131,2880,5
1789468254.5533671,1812,2877,5
1789468254.55518,2053,2878,5
1789468254.55683,2630,2880,5
1789468254.560124,2492,2879,5
1789468254.560413,2120,2879,5
1789468254.563128,2531,2879,5
1789468254.564422,2246,2880,5
1789468254.5667279,2290,2879,5
1789468254.573032,2346,2880,5
1789468254.57384,1947,2877,5
1789468254.574242,1518,2878,5
1789468254.5743659,2436,2881,5
1789468254.57756,2081,2878,5
1789468254.579061,1687,2878,5
1789468254.580707,2056,2878,5
1789468254.584,1973,2877,5
1789468254.5855849,2766,2882,5
1789468254.586896,2392,2881,5
1789468254.5882409,2067,2879,5
1789468254.590642,1900,2877,5
1789468254.593371,1767,2877,5
1789468254.594688,1618,2877,5
1789468254.596946,2389,2880,5
1789468254.598239,2358,2880,5
1789468254.600728,1843,2877,5
1789468254.6028328,1398,2877,5
1789468254.60504,2315,2880,5
1789468254.6073139,2537,2880,5
1789468254.608363,2149,2880,5
1789468254.610794,2188,2880,5
1789468254.613348,1723,2878,5
1789468254.614639,1790,2877,5
1789468254.6167018,2623,2880,5
1789468254.6192498,2086,2881,5
1789468254.62054,2000,2879,5
1789468254.623086,1702,2877,5
1789468254.6242628,2126,2879,5
1789468254.626375,1532,2877,5
1789468254.628441,1804,2878,5
1789468254.630989,1998,2878,5
1789468254.632226,1882,2877,5
1789468254.634308,2054,2878,5
1789468254.636619,2929,2882,5
1789468254.638925,2216,2878,5
1789468254.640249,2106,2880,5
1789468254.646243,2090,2879,5
1789468254.64639,2410,2880,5
1789468254.6468968,2415,2880,5
1789468254.649057,2114,2877,5
1789468254.651009,2097,2879,5
1789468254.652565,1914,2879,5
1789468254.6575098,2068,2879,5
1789468254.657769,1947,2878,5
1789468254.6593049,2005,2877,5
1789468254.660356,1875,2877,5
1789468254.662661,1901,2879,5
1789468254.665216,1920,2878,5
1789468254.6700711,2446,2881,5
1789468254.6705458,2332,2880,5
1789468254.670905,1697,2877,5
1789468254.6727731,1984,2879,5
1789468254.6748989,2022,2876,5
1789468254.6777658,2226,2877,5
1789468254.6812558,2419,2880,5
1789468254.6814442,2305,2882,5
1789468254.6833532,2220,2878,5
1789468254.684651,2126,2879,5
1789468254.686774,2013,2879,5
1789468254.6893299,1961,2875,5
1789468254.690389,1778,2877,5
1789468254.692954,2339,2880,5
1789468254.695267,1754,2877,5
1789468254.696577,2080,2878,5
1789468254.6991308,2045,2879,5
1789468254.7003431,1919,2880,5
1789468254.7029,1761,2876,5
1789468254.704231,1709,2877,5
1789468254.706532,2551,2881,5
1789468254.708831,2664,2882,5
1789468254.71138,2031,2878,5
1789468254.712436,1939,2877,5
1789468254.714748,2137,2877,5
1789468254.7168598,2105,2878,5
1789468254.7182279,1944,2876,5
1789468254.72051,1872,2876,5
1789468254.7226272,2297,2880,5
1789468254.724928,2260,2879,5
1789468254.727072,1894,2876,5
1789468254.728246,2047,2877,5
1789468254.730548,1980,2878,5
1789468254.7326038,1956,2878,5
1789468254.734664,2053,2879,5
1789468254.737209,2065,2878,5
1789468254.738254,1972,2879,5
1789468254.743513,2184,2880,5
1789468254.744315,1934,2880,5
1789468254.7447228,2283,2880,5
1789468254.747763,2221,2880,5
1789468254.7495391,2260,2881,5
1789468254.7512739,2225,2881,5
1789468254.754782,2347,2880,5
1789468254.754893,2202,2879,5
1789468254.756533,1961,2880,5
1789468254.7590919,2089,2878,5
1789468254.7603881,1913,2878,5
1789468254.766835,2125,2881,5
1789468254.767342,2203,2880,5
1789468254.7677171,2226,2880,5
1789468254.769438,2109,2880,5
1789468254.771586,2150,2880,5
1789468254.772885,2133,2879,5
1789468254.7744782,2088,2880,5
1789468254.7779682,2086,2881,5
1789468254.7796218,2073,2877,5
1789468254.781248,2086,2879,5
1789468254.782516,2245,2880,5
1789468254.784896,2232,2880,5
1789468254.786237,2086,2879,5
1789468254.788585,2043,2880,5
1789468254.791143,2068,2879,5
1789468254.792438,2141,2879,5
1789468254.79499,2223,2880,5
1789468254.796281,2046,2878,5
1789468254.7983491,2217,2880,5
1789468254.8009012,2215,2880,5
1789468254.8022552,2207,2879,5
1789468254.804319,2122,2879,5
1789468254.806721,2220,2880,5
1789468254.808897,2166,2880,5
1789468254.8112042,2019,2877,5
1789468254.812496,2087,2879,5
1789468254.814809,2147,2880,5
1789468254.816895,2205,2880,5
1789468254.8181992,2143,2880,5
1789468254.820748,2212,2879,5
1789468254.8232582,2168,2880,5
1789468254.82455,2071,2881,5
1789468254.8266098,1966,2878,5
1789468254.8291578,2196,2880,5
1789468254.8304472,2356,2881,5
1789468254.832994,2234,2879,5
1789468254.834284,2044,2879,5
1789468254.836946,1931,2877,5
1789468254.841109,2090,2879,5
1789468254.8416488,2808,2881,5
1789468254.84384,1984,2878,5
1789468254.84545,1582,2878,5
1789468254.8467531,2404,2881,5
1789468254.848972,2350,2881,5
1789468254.8525062,2121,2880,5
1789468254.852661,2105,2878,5
1789468254.854719,2220,2879,5
1789468254.856808,2246,2879,5
1789468254.8592541,1977,2878,5
1789468254.860558,1954,2877,5
1789468254.865761,2165,2877,5
1789468254.8661802,2312,2880,5
1789468254.8666198,2470,2881,5
1789468254.868333,2087,2878,5
1789468254.871052,2036,2880,5
1789468254.873394,2172,2879,5
1789468254.876826,2270,2880,5
1789468254.877034,2260,2881,5
1789468254.878888,2238,2879,5
1789468254.880209,2280,2879,5
1789468254.882676,2246,2879,5
1789468254.885229,2150,2879,5
1789468254.886538,2196,2879,5
1789468254.888685,2251,2880,5
1789468254.8910038,2345,2880,5
1789468254.892295,2347,2879,5
1789468254.8948228,2326,2881,5
1789468254.897376,2301,2879,5
1789468254.898425,2230,2880,5
1789468254.9009721,2027,2879,5
1789468254.9032772,2036,2879,5
1789468254.904317,2278,2880,5
1789468254.9066172,2259,2879,5
1789468254.908928,2403,2880,5
1789468254.910219,2228,2880,5
1789468254.912525,2240,2881,5
1789468254.915071,2141,2880,5
1789468254.9163609,2149,2880,5
1789468254.918658,2153,2879,5
1789468254.920723,2272,2879,5
1789468254.923031,2284,2878,5
1789468254.9253278,2174,2880,5
1789468254.9266188,2019,2876,5
1789468254.928726,2114,2878,5
1789468254.931272,2273,2880,5
1789468254.9323142,2366,2880,5
1789468254.934377,2262,2879,5
1789468254.9402602,2045,2879,5
1789468254.9411259,2037,2878,5
1789468254.942626,2153,2880,5
1789468254.942744,2142,2880,5
1789468254.945801,2146,2880,5
1789468254.947691,2167,2879,5
1789468254.951168,2212,2878,5
1789468254.9512992,2251,2878,5
1789468254.953172,2068,2879,5
1789468254.954231,2016,2877,5
1789468254.956779,2380,2880,5
1789468254.959018,2379,2880,5
1789468254.96046,2009,2877,5
1789468254.964304,2105,2880,5
1789468254.96472,2209,2879,5
1789468254.967177,2217,2879,5
1789468254.968926,2304,2879,5
1789468254.970293,2262,2880,5
1789468254.975564,2186,2880,5
1789468254.975743,2115,2878,5
1789468254.977653,2020,2877,5
1789468254.9787068,2279,2880,5
1789468254.980809,2354,2880,5
1789468254.983426,2211,2878,5
1789468254.9844742,2250,2879,5
1789468254.987039,2135,2879,5
1789468254.989099,2167,2879,5
1789468254.990231,2254,2879,5
1789468254.992539,2201,2879,5
1789468254.994905,2179,2880,5
1789468254.997216,2174,2881,5
1789468254.9985049,2188,2879,5
1789468255.0008059,2184,2879,5
1789468255.00294,2171,2879,5
1789468255.004232,2136,2879,5
1789468255.006779,2154,2880,5
1789468255.0092108,2154,2880,5
1789468255.0105011,2152,2881,5
1789468255.0128121,2164,2881,5
1789468255.015291,2134,2880,5
1789468255.0163379,2213,2880,5
1789468255.018635,2190,2880,5
1789468255.021194,2050,2880,5
1789468255.022251,2129,2880,5
1789468255.024798,2282,2880,5
1789468255.027345,2177,2881,5
1789468255.0286348,2176,2879,5
1789468255.031181,2196,2878,5
1789468255.0323,2158,2880,5
1789468255.03758,2204,2879,5
1789468255.038006,2208,2879,5
1789468255.0401769,2217,2880,5
1789468255.040302,2200,2878,5
1789468255.043373,2140,2879,5
1789468255.045304,2046,2877,5
1789468255.048626,2131,2879,5
1789468255.048848,2191,2879,5
1789468255.050696,2232,2878,5
1789468255.053248,2151,2878,5
1789468255.0542982,2133,2878,5
1789468255.056521,2155,2879,5
1789468255.06045,2191,2879,5
1789468255.061225,2117,2879,5
1789468255.0630772,2155,2880,5
1789468255.065241,2214,2880,5
1789468255.066572,2189,2880,5
1789468255.0713549,2183,2879,5
1789468255.071606,2156,2880,5
1789468255.0731468,2126,2879,5
1789468255.074444,2060,2877,5
1789468255.07676,2101,2877,5
1789468255.079068,2262,2879,5
1789468255.080365,2212,2879,5
1789468255.08245,2052,2878,5
1789468255.084759,2068,2879,5
1789468255.0873091,2277,2879,5
1789468255.088602,2228,2880,5
1789468255.090979,1992,2878,5
1789468255.0930922,2071,2877,5
1789468255.09424,2176,2880,5
1789468255.096787,2128,2880,5
1789468255.0991008,2093,2880,5
1789468255.100389,1919,2877,5
1789468255.102935,1997,2880,5
1789468255.10511,2200,2879,5
1789468255.106401,2234,2881,5
1789468255.1089458,2169,2880,5
1789468255.111318,2363,2880,5
1789468255.112607,2295,2880,5
1789468255.115073,2171,2880,5
1789468255.117354,2197,2879,5
1789468255.1184058,2114,2879,5
1789468255.120956,1899,2876,5
1789468255.1232262,2089,2881,5
1789468255.1242838,2082,2880,5
1789468255.126833,1823,2877,5
1789468255.1282492,1769,2878,5
1789468255.133785,2267,2881,5
1789468255.1342878,2278,2880,5
1789468255.134727,2281,2880,5
1789468255.136526,2058,2879,5
1789468255.138871,2052,2877,5
1789468255.144493,2408,2880,5
1789468255.144711,2109,2880,5
1789468255.144948,1710,2878,5
1789468255.146508,2185,2879,5
1789468255.14906,2534,2880,5
1789468255.150249,2358,2880,5
1789468255.152798,1553,2877,5
1789468255.1580422,1724,2877,5
1789468255.158772,2252,2880,5
1789468255.1600041,2248,2881,5
1789468255.161543,2129,2879,5
1789468255.162865,1732,2877,5
1789468255.165229,1897,2876,5
1789468255.168128,2078,2880,5
1789468255.1683571,2024,2879,5
1789468255.170934,1920,2876,5
1789468255.1722372,2033,2878,5
1789468255.174788,2162,2880,5
1789468255.1773398,1730,2877,5
1789468255.178418,2042,2877,5
1789468255.180973,2295,2880,5
1789468255.182264,1959,2879,5
1789468255.18457,2116,2880,5
1789468255.187117,2295,2879,5
1789468255.1884081,2286,2880,5
1789468255.190954,2248,2879,5
1789468255.193093,2124,2878,5
1789468255.194216,2405,2880,5
1789468255.1967628,2103,2880,5
1789468255.1988978,1932,2876,5
1789468255.201205,1901,2877,5
1789468255.20226,2220,2880,5
1789468255.204319,2127,2878,5
1789468255.2068639,1951,2877,5
1789468255.208213,2019,2877,5
1789468255.210295,2094,2877,5
1789468255.212843,2054,2877,5
1789468255.2149172,2072,2878,5
1789468255.217319,2136,2879,5
1789468255.218364,2133,2878,5
1789468255.220682,2040,2878,5
1789468255.222975,1979,2876,5
1789468255.225305,2063,2877,5
1789468255.226442,2054,2879,5
1789468255.230276,2060,2879,5
1789468255.2315688,2022,2878,5
1789468255.233495,2141,2879,5
1789468255.2349818,2115,2879,5
1789468255.236599,2054,2879,5
1789468255.2385988,2070,2879,5
1789468255.2415411,2103,2879,5
1789468255.243222,2075,2878,5
1789468255.244286,2072,2880,5
1789468255.246837,2088,2877,5
1789468255.2490828,2106,2879,5
1789468255.250201,2086,2878,5
1789468255.254854,2038,2879,5
1789468255.255604,2100,2879,5
1789468255.2573109,2125,2880,5
1789468255.2588422,2119,2879,5
1789468255.262294,2067,2879,5
1789468255.262381,2082,2878,5
1789468255.265264,2111,2879,5
1789468255.266894,2117,2879,5
1789468255.268193,2055,2878,5
1789468255.270256,2067,2878,5
1789468255.2729442,2103,2878,5
1789468255.2753012,2110,2880,5
1789468255.276597,2080,2878,5
1789468255.279145,2062,2878,5
1789468255.2804391,2126,2880,5
1789468255.282985,2118,2879,5
1789468255.285055,2101,2879,5
1789468255.286358,2066,2878,5
1789468255.2889102,2070,2879,5
1789468255.2902138,2105,2880,5
1789468255.292761,2093,2879,5
1789468255.29531,2061,2878,5
1789468255.296361,2086,2878,5
1789468255.298413,2136,2880,5
1789468255.300958,2112,2879,5
1789468255.30225,2114,2878,5
1789468255.304554,2078,2877,5
1789468255.306657,2064,2879,5
1789468255.308817,2020,2878,5
1789468255.311371,1874,2878,5
1789468255.312415,2017,2878,5
1789468255.3149729,2312,2880,5
1789468255.3171961,2104,2879,5
1789468255.318499,2074,2879,5
1789468255.320817,2238,2878,5
1789468255.323235,2134,2879,5
1789468255.329212,2081,2877,5
1789468255.329819,2270,2880,5
1789468255.3302422,2190,2880,5
1789468255.330349,2126,2879,5
1789468255.333477,2103,2879,5
1789468255.335191,2068,2877,5
1789468255.336902,2019,2878,5
1789468255.339745,2069,2879,5
1789468255.341734,2048,2878,5
1789468255.342832,2150,2880,5
1789468255.3442361,2101,2877,5
1789468255.3466911,2003,2877,5
1789468255.35328,2083,2879,5
1789468255.354482,2072,2879,5
1789468255.3556962,2107,2877,5
1789468255.355844,1949,2877,5
1789468255.357385,2155,2879,5
1789468255.359158,2094,2880,5
1789468255.360903,2087,2877,5
1789468255.363722,2140,2880,5
1789468255.3658502,2180,2880,5
1789468255.367154,2129,2879,5
1789468255.368212,2043,2878,5
1789468255.3702772,2039,2879,5
1789468255.3728588,2202,2879,5
1789468255.374206,2123,2880,5
1789468255.3767612,2140,2880,5
1789468255.3790631,1974,2878,5
1789468255.380369,2051,2878,5
1789468255.382921,2213,2880,5
1789468255.384222,2042,2879,5
1789468255.386529,1959,2877,5
1789468255.388831,2210,2880,5
1789468255.390219,2041,2879,5
1789468255.392534,2051,2878,5
1789468255.394602,2042,2879,5
1789468255.39716,2096,2878,5
1789468255.3982038,2083,2880,5
1789468255.4007528,2068,2880,5
1789468255.403075,2139,2879,5
1789468255.404372,2083,2879,5
1789468255.406892,2108,2879,5
1789468255.409216,2100,2880,5
1789468255.410518,2075,2878,5
1789468255.412878,2115,2880,5
1789468255.4141738,2114,2880,5
1789468255.416328,2147,2878,5
1789468255.4187899,2042,2878,5
1789468255.421303,2061,2878,5
1789468255.428282,2043,2879,5
1789468255.429624,2025,2877,5
1789468255.429881,2103,2880,5
1789468255.430044,2117,2880,5
1789468255.43132,2036,2878,5
1789468255.432906,2224,2880,5
1789468255.435544,2062,2879,5
1789468255.4381921,1977,2877,5
1789468255.4384,2145,2880,5
1789468255.441206,2079,2880,5
1789468255.442262,2197,2880,5
1789468255.4447749,2204,2879,5
1789468255.450911,2084,2880,5
1789468255.451812,2166,2879,5
1789468255.452298,2146,2880,5
1789468255.454261,2089,2879,5
1789468255.454438,2090,2879,5
1789468255.4573371,2128,2879,5
1789468255.45964,2019,2878,5
1789468255.462416,2051,2877,5
1789468255.4625962,2064,2880,5
1789468255.464677,2087,2880,5
1789468255.467232,2102,2879,5
1789468255.4685252,2096,2879,5
1789468255.470839,2100,2879,5
1789468255.473176,2066,2879,5
1789468255.474397,2118,2880,5
1789468255.4769459,2046,2877,5
1789468255.478132,2037,2877,5
1789468255.4804428,2082,2880,5
1789468255.4829912,2145,2878,5
1789468255.484108,2069,2879,5
1789468255.486662,2053,2878,5
1789468255.488849,2048,2879,5
1789468255.490141,2078,2880,5
1789468255.492449,2096,2880,5
1789468255.494751,2031,2877,5
1789468255.496886,2042,2878,5
1789468255.498176,2116,2881,5
1789468255.50048,2106,2880,5
1789468255.502783,2048,2878,5
1789468255.50486,2123,2878,5
1789468255.507039,2146,2880,5
1789468255.50809,2098,2880,5
1789468255.5105112,2002,2877,5
1789468255.51282,2025,2878,5
1789468255.514116,2131,2881,5
1789468255.516235,2157,2880,5
1789468255.518534,2218,2879,5
1789468255.520842,2072,2879,5
1789468255.5259972,1779,2877,5
1789468255.526412,2216,2881,5
1789468255.526885,2249,2881,5
1789468255.528449,2115,2880,5
1789468255.531483,2068,2880,5
1789468255.533484,1794,2876,5
1789468255.536164,1839,2878,5
1789468255.536279,2242,2881,5
1789468255.538956,2529,2880,5
1789468255.540111,2318,2880,5
1789468255.5426612,1842,2877,5
1789468255.548479,1678,2878,5
1789468255.5489228,1970,2878,5
1789468255.549365,2031,2877,5
1789468255.551219,2257,2881,5
1789468255.55309,2407,2881,5
1789468255.554707,2465,2880,5
1789468255.558622,1953,2879,5
1789468255.558732,2233,2880,5
1789468255.560732,2175,2879,5
1789468255.562111,2368,2882,5
1789468255.564418,2415,2880,5
1789468255.566475,2196,2880,5
1789468255.568534,2030,2880,5
1789468255.5708458,1846,2877,5
1789468255.572972,1876,2877,5
1789468255.574108,2144,2880,5
1789468255.576407,2078,2877,5
1789468255.5785952,2026,2878,5
1789468255.580959,2205,2880,5
1789468255.582117,2230,2879,5
1789468255.5844202,2069,2879,5
1789468255.58697,2015,2880,5
1789468255.5881448,2062,2879,5
1789468255.5906901,2090,2881,5
1789468255.592994,2056,2878,5
1789468255.5941498,2069,2879,5
1789468255.5963311,2109,2878,5
1789468255.598876,2104,2880,5
1789468255.600168,1915,2876,5
1789468255.602473,1883,2877,5
1789468255.604789,2330,2879,5
1789468255.6071,2200,2880,5
1789468255.608392,2083,2880,5
1789468255.610954,1960,2878,5
1789468255.613046,2175,2878,5
1789468255.614345,2273,2880,5
1789468255.616899,2088,2881,5
1789468255.6214652,2130,2880,5
1789468255.6219351,2066,2879,5
1789468255.6241028,2054,2879,5
1789468255.6242769,2071,2879,5
1789468255.626836,2094,2880,5
1789468255.629174,2127,2878,5
1789468255.6315699,2180,2879,5
1789468255.633823,2126,2880,5
1789468255.6350489,2113,2879,5
1789468255.636107,2103,2880,5
1789468255.638491,2033,2879,5
1789468255.645334,2113,2879,5
1789468255.645489,2009,2877,5
1789468255.646366,2027,2878,5
1789468255.647698,2184,2881,5
1789468255.649306,2210,2880,5
1789468255.651065,2144,2879,5
1789468255.653242,2115,2879,5
1789468255.655636,2012,2879,5
1789468255.657695,2083,2879,5
1789468255.6587698,2153,2880,5
1789468255.660838,2094,2877,5
1789468255.663145,2105,2877,5
1789468255.6642072,2097,2881,5
1789468255.666783,2151,2879,5
1789468255.669114,2139,2878,5
1789468255.670327,2090,2879,5
1789468255.672894,2150,2880,5
1789468255.6749609,2101,2880,5
1789468255.677124,2019,2878,5
1789468255.678365,2096,2878,5
1789468255.6808472,2148,2880,5
1789468255.6831481,1788,2877,5
1789468255.684465,1978,2876,5
1789468255.686932,2060,2879,5
1789468255.688226,2030,2880,5
1789468255.6907148,2351,2879,5
1789468255.6930618,2227,2880,5
1789468255.694112,1977,2877,5
1789468255.696257,2188,2881,5
1789468255.698943,2052,2877,5
1789468255.7000918,2121,2879,5
1789468255.7022002,2172,2879,5
1789468255.704523,2296,2879,5
1789468255.706988,1839,2877,5
1789468255.708281,1872,2878,5
1789468255.7108412,2081,2878,5
1789468255.712138,1883,2878,5
1789468255.714203,2250,2879,5
1789468255.7164118,2260,2880,5
1789468255.721677,2147,2879,5
1789468255.722212,1715,2877,5
1789468255.722712,2220,2880,5
1789468255.724583,1930,2878,5
1789468255.728022,2210,2880,5
1789468255.728519,2364,2880,5
1789468255.730345,2184,2881,5
1789468255.732862,2367,2879,5
1789468255.735014,2004,2876,5
1789468255.736317,2130,2879,5
1789468255.7383838,2130,2879,5
1789468255.7406971,1864,2877,5
1789468255.747106,1912,2878,5
1789468255.747597,2090,2880,5
1789468255.748069,1924,2877,5
1789468255.7485042,1518,2877,5
1789468255.752158,2755,2881,5
1789468255.752255,2036,2880,5
1789468255.7551842,2136,2880,5
1789468255.7576141,2253,2879,5
1789468255.759326,2109,2879,5
1789468255.760629,2522,2881,5
1789468255.7629519,2147,2880,5
1789468255.764093,1969,2877,5
1789468255.766401,1906,2878,5
1789468255.768766,1947,2878,5
1789468255.7701051,1409,2877,5
1789468255.7726588,2486,2879,5
1789468255.775049,2342,2880,5
1789468255.776279,2116,2880,5
1789468255.778691,1618,2878,5
1789468255.7808902,2034,2879,5
1789468255.782183,2253,2879,5
1789468255.7847319,2257,2880,5
1789468255.78612,2381,2880,5
1789468255.788359,2254,2879,5
1789468255.790682,2206,2879,5
1789468255.79324,1809,2876,5
1789468255.7942872,2034,2877,5
1789468255.796819,2105,2878,5
1789468255.798151,2084,2877,5
1789468255.800291,2094,2879,5
1789468255.802367,1995,2878,5
1789468255.804466,1968,2879,5
1789468255.8066912,1978,2880,5
1789468255.808995,1907,2877,5
1789468255.810293,2078,2879,5
1789468255.81246,2131,2878,5
1789468255.814772,2294,2880,5
1789468255.816119,2097,2881,5
1789468255.821836,1763,2877,5
1789468255.82229,1527,2877,5
1789468255.822838,1501,2876,5
1789468255.8251631,1612,2877,5
1789468255.826762,2019,2877,5
1789468255.828531,2305,2879,5
1789468255.83059,2377,2880,5
1789468255.8331149,1426,2877,5
1789468255.835288,1741,2877,5
1789468255.836595,2178,2877,5
1789468255.838913,2291,2881,5
1789468255.840163,2409,2879,5
1789468255.846612,2236,2879,5
1789468255.847121,1772,2878,5
1789468255.8476002,1973,2877,5
1789468255.849387,2297,2880,5
1789468255.850682,1940,2878,5
1789468255.852271,1769,2877,5
1789468255.854623,1907,2877,5
1789468255.856939,2163,2879,5
1789468255.859057,1983,2880,5
1789468255.8602052,1764,2876,5
1789468255.862756,1867,2878,5
1789468255.864934,2356,2881,5
1789468255.8662348,2875,2881,5
1789468255.8685598,2101,2880,5
1789468255.870871,1195,2876,5
1789468255.872172,1874,2878,5
1789468255.8747299,2313,2881,5
1789468255.8760908,1612,2877,5
1789468255.878576,1713,2877,5
1789468255.88113,1575,2877,5
1789468255.8824372,1993,2879,5
1789468255.8847601,1903,2877,5
1789468255.8860888,1850,2876,5
1789468255.8883882,2489,2880,5
1789468255.890499,2586,2880,5
1789468255.892583,1930,2877,5
1789468255.8946419,1798,2878,5
1789468255.896756,1517,2878,5
1789468255.89813,1679,2877,5
1789468255.9002721,1782,2878,5
1789468255.902595,1182,2875,5
1789468255.9049118,1095,2875,5
1789468255.90621,1762,2877,5
1789468255.908442,1741,2876,5
1789468255.9109912,1797,2877,5
1789468255.912173,1980,2879,5
1789468255.914558,1807,2876,5
1789468255.917254,1802,2878,5
1789468255.922385,2270,2881,5
1789468255.922936,1869,2876,5
1789468255.923027,1103,2877,5
1789468255.924923,968,2877,5
1789468255.9270668,1205,2877,5
1789468255.928823,1863,2878,5
1789468255.9306781,1649,2876,5
1789468255.933281,692,2876,5
1789468255.9350069,1707,2877,5
1789468255.936089,3312,2882,5
1789468255.9386501,3194,2882,5
1789468255.940724,2030,2878,5
1789468255.9459789,919,2877,5
1789468255.94648,1999,2878,5
1789468255.947325,1889,2879,5
1789468255.948855,1189,2877,5
1789468255.950497,1909,2880,5
1789468255.952118,980,2875,5
1789468255.956688,293,2876,5
1789468255.956789,2555,2880,5
1789468255.958904,1841,2877,5
1789468255.9601998,1382,2877,5
1789468255.962503,1895,2878,5
1789468255.964702,2334,2881,5
1789468255.966781,1263,2876,5
1789468255.968866,1269,2876,5
1789468255.9701738,1196,2876,5
1789468255.972287,1411,2876,5
1789468255.974825,1786,2877,5
1789468255.9760928,1391,2878,5
1789468255.978648,1044,2877,5
1789468255.981209,1599,2878,5
1789468255.982264,1268,2877,5
1789468255.9845781,1666,2877,5
1789468255.986892,1319,2877,5
1789468255.989207,886,2876,5
1789468255.990509,1022,2876,5
1789468255.992575,1665,2877,5
1789468255.994882,1091,2877,5
1789468255.997201,1579,2878,5
1789468255.998501,1819,2877,5
1789468256.000824,1174,2876,5
1789468256.00213,1393,2877,5
1789468256.004308,1533,2876,5
1789468256.006866,1448,2878,5
1789468256.0081658,1237,2877,5
1789468256.0106812,648,2877,5
1789468256.013032,1566,2878,5
1789468256.014118,2165,2879,5
1789468256.016424,1498,2875,5
1789468256.0187771,1362,2877,5
1789468256.0208561,1671,2877,5
1789468256.026643,1644,2877,5
1789468256.026793,880,2877,5
1789468256.027744,1116,2876,5
1789468256.0294771,1514,2876,5
1789468256.0316238,1766,2877,5
1789468256.032827,1001,2877,5
1789468256.035566,894,2877,5
1789468256.0385642,1427,2877,5
1789468256.038722,977,2876,5
1789468256.041086,1794,2877,5
1789468256.0423849,2511,2880,5
1789468256.044456,1239,2877,5
1789468256.046536,1656,2877,5
1789468256.052574,1657,2877,5
1789468256.053067,880,2877,5
1789468256.0539489,908,2877,5
1789468256.055697,1636,2877,5
1789468256.05745,2984,2881,5
1789468256.058986,1489,2876,5
1789468256.061557,1252,2876,5
1789468256.064669,1852,2877,5
1789468256.064899,1954,2879,5
1789468256.067005,1848,2878,5
1789468256.068102,1130,2877,5
1789468256.070189,1814,2877,5
1789468256.072502,2083,2880,5
1789468256.07457,1679,2877,5
1789468256.0768661,1641,2877,5
1789468256.078175,1806,2877,5
1789468256.080508,1674,2877,5
1789468256.083067,2254,2880,5
1789468256.084367,2125,2877,5
1789468256.0869188,2396,2879,5
1789468256.089258,2739,2880,5
1789468256.0903502,1740,2877,5
1789468256.092905,1835,2877,5
1789468256.094121,1117,2877,5
1789468256.096431,2498,2881,5
1789468256.0989828,2387,2880,5
1789468256.10028,1672,2876,5
1789468256.1023512,2687,2880,5
1789468256.104668,2312,2881,5
1789468256.106735,2146,2879,5
1789468256.108814,2413,2881,5
1789468256.110111,2219,2880,5
1789468256.1126761,2504,2880,5
1789468256.11474,2298,2881,5
1789468256.116117,2360,2879,5
1789468256.118428,2358,2880,5
1789468256.1207402,2075,2879,5
1789468256.122124,1972,2877,5
1789468256.124439,2149,2880,5
1789468256.126744,2240,2880,5
1789468256.129057,2749,2881,5
1789468256.130133,2191,2879,5
1789468256.135233,2087,2879,5
1789468256.135713,2041,2879,5
1789468256.1380658,2067,2879,5
1789468256.1382458,3108,2883,5
1789468256.141387,2889,2881,5
1789468256.144137,2158,2879,5
1789468256.147462,2205,2880,5
1789468256.147715,2356,2880,5
1789468256.1495638,2249,2880,5
1789468256.1506371,2306,2880,5
1789468256.1529222,2528,2880,5
1789468256.15422,2184,2879,5
1789468256.156539,2205,2879,5
1789468256.161686,2234,2878,5
1789468256.1625469,2286,2880,5
1789468256.1627011,2452,2881,5
1789468256.1647842,2441,2880,5
1789468256.1669278,2533,2880,5
1789468256.168471,1978,2877,5
1789468256.170696,2074,2879,5
1789468256.173832,2506,2881,5
1789468256.176037,2526,2881,5
1789468256.176228,2340,2880,5
1789468256.178786,2446,2880,5
1789468256.1808589,2568,2881,5
1789468256.183174,1872,2878,5
1789468256.184223,2525,2880,5
1789468256.186545,2725,2882,5
1789468256.1891148,2432,2880,5
1789468256.1904151,2419,2880,5
1789468256.192966,2359,2880,5
1789468256.19427,2670,2880,5
1789468256.1965902,2690,2881,5
1789468256.198897,2992,2882,5
1789468256.201212,3046,2882,5
1789468256.202513,2302,2880,5
1789468256.2048268,2526,2880,5
1789468256.206194,2640,2881,5
1789468256.208334,2547,2880,5
1789468256.210651,2343,2880,5
1789468256.213133,2471,2879,5
1789468256.214436,2772,2881,5
1789468256.216747,2494,2880,5
1789468256.2181172,2597,2881,5
1789468256.220433,2887,2882,5
1789468256.222736,2642,2880,5
1789468256.224106,2407,2879,5
1789468256.226487,2587,2881,5
1789468256.2287948,2483,2880,5
1789468256.2301052,2472,2880,5
1789468256.2326028,2579,2880,5
1789468256.235154,2171,2879,5
1789468256.236449,2863,2882,5
1789468256.243357,2675,2881,5
1789468256.2442381,2170,2880,5
1789468256.244745,2018,2878,5
1789468256.246078,2483,2881,5
1789468256.246311,2454,2881,5
1789468256.249023,2178,2879,5
1789468256.255146,2444,2880,5
1789468256.25531,2378,2879,5
1789468256.255469,2106,2880,5
1789468256.257647,2079,2879,5
1789468256.258956,2152,2877,5
1789468256.260266,2262,2879,5
1789468256.262701,2519,2881,5
1789468256.2693188,2187,2879,5
1789468256.269832,2213,2878,5
1789468256.269969,2332,2879,5
1789468256.270747,2089,2880,5
1789468256.2725608,2328,2880,5
1789468256.2745621,2466,2880,5
1789468256.277905,2222,2880,5
1789468256.281394,2236,2879,5
1789468256.2815602,1921,2877,5
1789468256.283308,2203,2880,5
1789468256.2843661,2250,2879,5
1789468256.28667,1310,2877,5
1789468256.2887769,1578,2877,5
1789468256.290132,2391,2880,5
1789468256.292466,2980,2881,5
1789468256.2950552,2458,2881,5
1789468256.296361,2294,2878,5
1789468256.2986848,2312,2880,5
1789468256.3000991,2323,2880,5
1789468256.30217,2446,2880,5
1789468256.304476,2050,2876,5
1789468256.307029,2631,2881,5
1789468256.30833,2437,2880,5
1789468256.3106382,1777,2877,5
1789468256.313022,1709,2876,5
1789468256.3143308,2003,2878,5
1789468256.316642,2578,2880,5
1789468256.319197,2678,2880,5
1789468256.320498,2564,2880,5
1789468256.3228061,2077,2879,5
1789468256.3241322,2073,2881,5
1789468256.3264499,2101,2877,5
1789468256.328762,1968,2878,5
1789468256.3308868,2092,2877,5
1789468256.3321931,2094,2879,5
1789468256.334503,1944,2876,5
1789468256.337055,2082,2879,5
1789468256.338124,2446,2878,5
1789468256.340182,2310,2880,5
1789468256.34239,1902,2877,5
1789468256.344705,1910,2877,5
1789468256.350753,2285,2881,5
1789468256.351232,2342,2880,5
1789468256.35213,2255,2879,5
1789468256.353798,1886,2876,5
1789468256.355891,2030,2879,5
1789468256.357834,2012,2876,5
1789468256.35968,2267,2879,5
1789468256.363246,2236,2879,5
1789468256.363447,2197,2880,5
1789468256.3657238,2417,2880,5
1789468256.367023,2088,2880,5
1789468256.368323,2116,2879,5
1789468256.370406,1851,2877,5
1789468256.3725839,2388,2881,5
1789468256.37746,2213,2879,5
1789468256.377998,2044,2876,5
1789468256.3784761,2348,2880,5
1789468256.382001,2141,2878,5
1789468256.38221,1972,2877,5
1789468256.3857012,1684,2877,5
1789468256.389196,2212,2879,5
1789468256.389309,2212,2879,5
1789468256.391552,2079,2879,5
1789468256.392859,2165,2879,5
1789468256.394162,2245,2879,5
1789468256.396505,2255,2880,5
1789468256.399064,2360,2880,5
1789468256.400388,1970,2878,5
1789468256.4027069,2191,2879,5
1789468256.404122,2263,2880,5
1789468256.406191,1849,2877,5
1789468256.4087481,1992,2876,5
1789468256.4100769,1912,2877,5
1789468256.412627,2013,2879,5
1789468256.414929,1978,2876,5
1789468256.417147,2136,2880,5
1789468256.418447,2174,2878,5
1789468256.420757,2194,2880,5
1789468256.422823,1847,2878,5
1789468256.424124,2187,2881,5
1789468256.426671,1819,2878,5
1789468256.428801,1935,2878,5
1789468256.430157,1795,2877,5
1789468256.432234,1965,2877,5
1789468256.4345531,2569,2880,5
1789468256.436861,2471,2880,5
1789468256.438123,1965,2879,5
1789468256.440636,2191,2878,5
1789468256.4427142,2074,2878,5
1789468256.4441102,2104,2877,5
1789468256.446181,2314,2880,5
1789468256.448738,2096,2880,5
1789468256.451057,2005,2878,5
1789468256.452116,1851,2877,5
1789468256.458501,2042,2880,5
1789468256.4589162,2073,2878,5
1789468256.4590359,2117,2880,5
1789468256.461349,1987,2877,5
1789468256.463338,2286,2881,5
1789468256.464755,2014,2878,5
1789468256.467065,2126,2879,5
1789468256.470579,1829,2878,5
1789468256.4708412,1844,2877,5
1789468256.472657,2120,2879,5
1789468256.474985,2447,2879,5
1789468256.4762838,2234,2880,5
1789468256.478601,2051,2880,5
1789468256.484725,2280,2880,5
1789468256.485259,2333,2881,5
1789468256.48576,2161,2881,5
1789468256.487509,2121,2880,5
1789468256.4892192,2106,2880,5
1789468256.490394,2033,2879,5
1789468256.493241,2078,2880,5
1789468256.496863,2004,2878,5
1789468256.4970539,2154,2881,5
1789468256.499382,2161,2880,5
1789468256.500586,1907,2876,5
1789468256.50315,1958,2877,5
1789468256.5044491,2031,2878,5
1789468256.506824,2099,2880,5
1789468256.508142,2321,2879,5
1789468256.510462,2081,2879,5
1789468256.512778,2008,2879,5
1789468256.514127,2022,2877,5
1789468256.516452,2140,2880,5
1789468256.518763,2120,2881,5
1789468256.5201259,2240,2880,5
1789468256.522304,2245,2880,5
1789468256.524649,2093,2880,5
1789468256.527201,1934,2877,5
1789468256.528498,1835,2878,5
1789468256.530808,1928,2877,5
1789468256.5321112,2391,2881,5
1789468256.534417,2410,2880,5
1789468256.5364769,2122,2880,5
1789468256.5388002,2054,2879,5
1789468256.540871,2055,2877,5
1789468256.542167,1999,2879,5
1789468256.544481,1989,2878,5
1789468256.546737,2128,2882,5
1789468256.5490549,2198,2880,5
1789468256.550348,2177,2879,5
1789468256.552664,1866,2876,5
1789468256.554719,1831,2878,5
1789468256.5561101,2202,2881,5
1789468256.558671,2235,2880,5
1789468256.566331,2150,2880,5
1789468256.5664709,2206,2880,5
1789468256.567416,2172,2879,5
1789468256.567883,2338,2880,5
1789468256.570559,2172,2879,5
1789468256.5709991,1345,2877,5
1789468256.5725272,1757,2877,5
1789468256.575068,2447,2880,5
1789468256.57869,2086,2878,5
1789468256.578895,2237,2880,5
1789468256.581099,2425,2879,5
1789468256.582402,2160,2880,5
1789468256.584662,2075,2879,5
1789468256.586977,2698,2881,5
1789468256.592247,1946,2878,5
1789468256.593118,1689,2879,5
1789468256.593708,2350,2881,5
1789468256.595333,1959,2877,5
1789468256.597028,1281,2877,5
1789468256.598523,2088,2880,5
1789468256.600936,2721,2881,5
1789468256.604583,2203,2879,5
1789468256.604823,2698,2881,5
1789468256.6070158,2512,2881,5
1789468256.608325,2332,2881,5
1789468256.610862,2484,2880,5
1789468256.6131809,2129,2878,5
1789468256.614482,2063,2880,5
1789468256.61657,2403,2879,5
1789468256.6188931,2325,2880,5
1789468256.62112,2169,2880,5
1789468256.622188,2623,2879,5
1789468256.6247418,1367,2876,5
1789468256.626993,890,2879,5
1789468256.6283,3230,2881,5
1789468256.630601,3310,2883,5
1789468256.633012,1922,2878,5
1789468256.634349,1902,2879,5
1789468256.636468,2100,2880,5
1789468256.63858,2232,2881,5
1789468256.6408908,2446,2880,5
1789468256.642185,2259,2877,5
1789468256.6444921,2360,2879,5
1789468256.6467981,2323,2880,5
1789468256.648145,1986,2880,5
1789468256.650698,1867,2877,5
1789468256.65302,2036,2878,5
1789468256.6543171,2260,2879,5
1789468256.656641,2307,2880,5
1789468256.658706,2240,2877,5
1789468256.660767,2121,2877,5
1789468256.6621382,2073,2877,5
1789468256.664694,2050,2879,5
1789468256.667006,1987,2879,5
1789468256.668304,2033,2878,5
1789468256.6712651,2188,2879,5
1789468256.675924,2274,2879,5
1789468256.675967,2377,2879,5
1789468256.67811,2339,2880,5
1789468256.679521,2240,2880,5
1789468256.6813061,2146,2881,5
1789468256.683446,2135,2878,5
1789468256.685376,2156,2879,5
1789468256.6891809,2147,2878,5
1789468256.689385,2241,2880,5
1789468256.691606,2281,2880,5
1789468256.692912,2180,2880,5
1789468256.6942132,2177,2881,5
1789468256.696797,2128,2878,5
1789468256.702898,2182,2880,5
1789468256.7037508,2128,2879,5
1789468256.70387,2030,2880,5
1789468256.705496,2037,2878,5
1789468256.708054,2089,2879,5
1789468256.708547,2068,2877,5
1789468256.711255,2198,2880,5
1789468256.7150679,2393,2880,5
1789468256.715401,2281,2880,5
1789468256.717508,2191,2879,5
1789468256.718828,2122,2879,5
1789468256.721144,2105,2879,5
1789468256.722195,2338,2880,5
1789468256.724504,2217,2880,5
1789468256.726839,2022,2878,5
1789468256.7281358,1930,2878,5
1789468256.7304692,1895,2878,5
1789468256.733035,2116,2879,5
1789468256.734138,2237,2880,5
1789468256.7366989,1998,2879,5
1789468256.738855,2154,2880,5
1789468256.741174,2293,2880,5
1789468256.742284,2157,2880,5
1789468256.744438,2165,2881,5
1789468256.746746,2284,2880,5
1789468256.749056,2381,2881,5
1789468256.750356,2229,2880,5
1789468256.752914,2202,2879,5
1789468256.755251,2122,2879,5
1789468256.756424,1944,2878,5
1789468256.758749,2081,2877,5
1789468256.761076,2071,2878,5
1789468256.7623758,2139,2880,5
1789468256.7647,1998,2877,5
1789468256.766121,1922,2877,5
1789468256.768438,2121,2881,5
1789468256.770758,2203,2880,5
1789468256.7728481,2189,2879,5
1789468256.774924,1963,2878,5
1789468256.777009,2094,2879,5
1789468256.7781482,2161,2881,5
1789468256.7867808,2110,2880,5
1789468256.7883031,2109,2880,5
1789468256.78847,2236,2879,5
1789468256.790373,2116,2878,5
1789468256.791223,1955,2877,5
1789468256.792511,2115,2879,5
1789468256.793461,2160,2879,5
1789468256.799007,2157,2879,5
1789468256.7993689,2155,2878,5
1789468256.7996008,2007,2876,5
1789468256.801664,1952,2877,5
1789468256.8027258,2338,2880,5
1789468256.805105,2231,2880,5
1789468256.8061619,2097,2879,5
1789468256.8085032,2148,2880,5
1789468256.8158321,2305,2881,5
1789468256.815968,2132,2880,5
1789468256.817518,2351,2880,5
1789468256.817947,1974,2877,5
1789468256.8200982,1941,2878,5
1789468256.8205912,2089,2880,5
1789468256.8221598,1948,2877,5
1789468256.8259609,1880,2877,5
1789468256.826216,2449,2880,5
1789468256.829084,2004,2876,5
1789468256.830384,2017,2878,5
1789468256.832681,2125,2879,5
1789468256.835006,1652,2878,5
1789468256.8363059,2256,2879,5
1789468256.8386428,2474,2880,5
1789468256.840721,2235,2881,5
1789468256.8430378,1966,2879,5
1789468256.844339,2094,2879,5
1789468256.846414,2161,2881,5
1789468256.848491,2075,2877,5
1789468256.850731,2337,2880,5
1789468256.853048,2325,2880,5
1789468256.854132,1954,2877,5
1789468256.8562188,1933,2877,5
1789468256.8585222,2057,2879,5
1789468256.8608398,1937,2877,5
1789468256.862905,2077,2877,5
1789468256.865215,2086,2879,5
1789468256.866279,2064,2880,5
1789468256.8686001,2122,2879,5
1789468256.870951,2083,2880,5
1789468256.8721259,2038,2879,5
1789468256.8742,1985,2877,5
1789468256.87652,2019,2878,5
1789468256.87884,2067,2877,5
1789468256.880139,2187,2880,5
1789468256.882448,2215,2879,5
1789468256.884765,2134,2878,5
1789468256.886131,2167,2879,5
1789468256.888437,2115,2879,5
1789468256.894374,2222,2879,5
1789468256.894947,2122,2880,5
1789468256.895387,2074,2877,5
1789468256.89746,2069,2878,5
1789468256.9000142,2160,2879,5
1789468256.900525,2239,2879,5
1789468256.9034398,1897,2877,5
1789468256.9071271,1968,2876,5
1789468256.9072971,2018,2877,5
1789468256.9095738,2101,2878,5
1789468256.9108732,2130,2879,5
1789468256.912939,2220,2880,5
1789468256.9142442,1954,2877,5
1789468256.920873,1858,2876,5
1789468256.921345,2240,2880,5
1789468256.921824,2177,2880,5
1789468256.9235551,2076,2879,5
1789468256.925296,2086,2879,5
1789468256.927029,2050,2878,5
1789468256.929197,2056,2877,5
1789468256.932659,2158,2880,5
1789468256.932849,2150,2879,5
1789468256.9350998,2048,2879,5
1789468256.9364018,2076,2879,5
1789468256.938829,2082,2880,5
1789468256.9401312,2087,2879,5
1789468256.942465,2069,2878,5
1789468256.944798,1955,2878,5
1789468256.94612,1987,2879,5
1789468256.9484391,2211,2881,5
1789468256.9505112,1936,2877,5
1789468256.9530728,2105,2879,5
1789468256.954371,2154,2879,5
1789468256.956715,1932,2877,5
1789468256.958859,2274,2881,5
1789468256.961165,2312,2881,5
1789468256.962218,2095,2880,5
1789468256.964771,2136,2880,5
1789468256.966125,2084,2880,5
1789468256.968689,2070,2878,5
1789468256.9708428,2090,2879,5
1789468256.972137,2092,2879,5
1789468256.974473,2098,2879,5
1789468256.976558,2010,2877,5
1789468256.9788768,2089,2880,5
1789468256.980172,2147,2880,5
1789468256.982738,2158,2878,5
1789468256.9841049,2093,2878,5
1789468256.986421,2092,2878,5
1789468256.9884958,2069,2879,5
1789468256.9908018,2042,2877,5
1789468256.9921348,1968,2877,5
1789468256.994449,1992,2878,5
1789468256.996767,2182,2880,5
1789468257.0019891,2150,2880,5
1789468257.002434,2121,2880,5
1789468257.002574,2138,2879,5
1789468257.005008,2099,2879,5
1789468257.007147,2003,2878,5
1789468257.008596,2070,2878,5
1789468257.0108001,2165,2879,5
1789468257.014251,2121,2879,5
1789468257.014385,2089,2879,5
1789468257.016661,2062,2879,5
1789468257.01899,2135,2879,5
1789468257.02025,2097,2879,5
1789468257.0225549,2052,2877,5
1789468257.0276322,2103,2878,5
1789468257.0285408,2080,2878,5
1789468257.029074,2071,2877,5
1789468257.0306602,2100,2878,5
1789468257.032722,2138,2878,5
1789468257.034611,2083,2878,5
1789468257.036407,2066,2878,5
1789468257.039725,2046,2879,5
1789468257.041835,2104,2880,5
1789468257.0431402,2292,2881,5
1789468257.04444,2057,2877,5
1789468257.047002,2088,2880,5
1789468257.048359,2135,2878,5
1789468257.050783,2037,2879,5
1789468257.053111,2197,2878,5
1789468257.054165,2064,2879,5
1789468257.0564768,2021,2877,5
1789468257.0590332,2155,2880,5
1789468257.060331,2204,2880,5
1789468257.062656,2191,2881,5
1789468257.064726,1992,2877,5
1789468257.066796,2014,2877,5
1789468257.068115,2074,2879,5
1789468257.0701802,2159,2880,5
1789468257.072494,2106,2880,5
1789468257.074804,2060,2880,5
1789468257.077124,2013,2878,5
1789468257.078419,2034,2879,5
1789468257.0807328,2120,2880,5
1789468257.082121,2006,2878,5
1789468257.084676,1756,2877,5
1789468257.087199,1987,2878,5
1789468257.088497,2496,2880,5
1789468257.091051,2401,2881,5
1789468257.092322,1953,2878,5
1789468257.094635,1988,2877,5
1789468257.0969548,2131,2879,5
1789468257.098252,2259,2880,5
1789468257.100806,2291,2881,5
1789468257.102863,2163,2880,5
1789468257.10872,2049,2879,5
1789468257.108829,2022,2879,5
1789468257.1094148,2004,2878,5
1789468257.111638,2029,2879,5
1789468257.1140742,2100,2877,5
1789468257.114986,2140,2880,5
1789468257.116606,2048,2877,5
1789468257.1182091,2072,2879,5
1789468257.12127,2066,2879,5
1789468257.1235929,2077,2878,5
1789468257.1249049,2061,2879,5
1789468257.126981,1973,2877,5
1789468257.128114,2127,2879,5
1789468257.135238,2153,2880,5
1789468257.137713,1958,2878,5
1789468257.137929,2148,2878,5
1789468257.138088,2245,2878,5
1789468257.13945,2100,2878,5
1789468257.141185,2034,2878,5
1789468257.143717,2020,2877,5
1789468257.1469948,2037,2877,5
1789468257.1472251,2152,2880,5
1789468257.148844,2121,2878,5
1789468257.1511612,2019,2879,5
1789468257.152226,2185,2880,5
1789468257.154548,2135,2878,5
1789468257.156876,2025,2879,5
1789468257.159211,2041,2878,5
1789468257.160264,2104,2877,5
1789468257.16282,2165,2880,5
1789468257.164132,2307,2879,5
1789468257.166442,2071,2878,5
1789468257.168912,2102,2878,5
1789468257.1701398,2109,2879,5
1789468257.17245,2088,2878,5
1789468257.1751192,2099,2879,5
1789468257.176522,2068,2877,5
1789468257.179086,2158,2879,5
1789468257.1804469,2093,2879,5
1789468257.183095,2083,2878,5
1789468257.184373,2043,2878,5
1789468257.186452,2107,2879,5
1789468257.1890152,2104,2879,5
1789468257.190318,2104,2879,5
1789468257.192878,2141,2879,5
1789468257.194179,1813,2878,5
1789468257.1964512,1989,2878,5
1789468257.1987782,2144,2880,5
1789468257.200215,2226,2880,5
1789468257.202775,2098,2878,5
1789468257.204133,1992,2879,5
1789468257.206484,2132,2879,5
1789468257.208794,2198,2880,5
1789468257.210151,2172,2879,5
1789468257.212537,2218,2880,5
1789468257.220182,2309,2881,5
1789468257.220736,2051,2880,5
1789468257.221139,2072,2879,5
1789468257.2217689,1989,2877,5
1789468257.22376,2096,2880,5
1789468257.226551,2182,2881,5
1789468257.227088,1976,2878,5
1789468257.229992,1951,2878,5
1789468257.232979,1968,2878,5
1789468257.233147,2204,2879,5
1789468257.2352881,2044,2879,5
1789468257.236355,2024,2880,5
1789468257.238668,2151,2879,5
1789468257.2409852,2087,2879,5
1789468257.2422059,2083,2877,5
1789468257.247329,2121,2878,5
1789468257.2478132,2127,2879,5
1789468257.2499142,2043,2878,5
1789468257.2516558,2017,2879,5
1789468257.253813,2007,2878,5
1789468257.2557068,2229,2879,5
1789468257.2586591,2296,2879,5
1789468257.2588558,1898,2877,5
1789468257.261075,1961,2880,5
1789468257.262377,2129,2878,5
1789468257.264708,2023,2878,5
1789468257.267106,2039,2877,5
1789468257.268161,2351,2879,5
1789468257.2719822,2039,2877,5
1789468257.2765372,1987,2880,5
1789468257.277278,2069,2879,5
1789468257.27732,2025,2877,5
1789468257.283804,2160,2879,5
1789468257.283922,2092,2878,5
1789468257.283969,2137,2880,5
1789468257.285671,2076,2879,5
1789468257.2881138,2033,2877,5
1789468257.2903628,2103,2878,5
1789468257.290404,2083,2878,5
1789468257.2924669,2043,2877,5
1789468257.295115,2123,2879,5
1789468257.296421,2163,2880,5
1789468257.302206,2094,2880,5
1789468257.305185,2015,2879,5
1789468257.305228,1940,2877,5
1789468257.305266,2116,2880,5
1789468257.311129,2229,2879,5
1789468257.311221,2115,2881,5
1789468257.311321,1985,2877,5
1789468257.312733,2109,2879,5
1789468257.3148339,2324,2880,5
1789468257.322371,2175,2879,5
1789468257.32246,2031,2878,5
1789468257.322526,2041,2879,5
1789468257.322588,1960,2876,5
1789468257.326314,2016,2877,5
1789468257.3263628,2072,2877,5
1789468257.332584,2045,2877,5
1789468257.333633,2113,2880,5
1789468257.3337522,2165,2879,5
1789468257.335973,2080,2877,5
1789468257.3380291,2041,2880,5
1789468257.338583,2086,2879,5
1789468257.340665,2104,2880,5
1789468257.345703,2073,2878,5
1789468257.345991,2096,2878,5
1789468257.346136,2102,2880,5
1789468257.3484879,2121,2878,5
1789468257.35111,2040,2879,5
1789468257.3521862,2026,2878,5
1789468257.354757,2201,2880,5
1789468257.3613381,2112,2880,5
1789468257.361869,2046,2878,5
1789468257.362415,2027,2880,5
1789468257.364098,2060,2879,5
1789468257.364265,2116,2880,5
1789468257.367994,2056,2879,5
1789468257.368132,2018,2878,5
1789468257.370514,2075,2879,5
1789468257.3734772,2135,2879,5
1789468257.376071,2261,2880,5
1789468257.376171,2091,2879,5
1789468257.378262,1889,2877,5
1789468257.380533,2218,2880,5
1789468257.382856,2291,2879,5
1789468257.384182,2036,2879,5
1789468257.386539,2037,2879,5
1789468257.3891048,1988,2877,5
1789468257.39041,2018,2878,5
1789468257.392983,1955,2877,5
1789468257.395127,2084,2878,5
1789468257.396517,2007,2878,5
1789468257.3989172,2025,2877,5
1789468257.4002209,2045,2878,5
1789468257.402784,2275,2879,5
1789468257.404097,2160,2878,5
1789468257.4067452,2040,2878,5
1789468257.408853,2146,2881,5
1789468257.410935,2211,2881,5
1789468257.412249,2156,2881,5
1789468257.414581,2112,2880,5
1789468257.417144,2108,2879,5
1789468257.418217,2175,2880,5
1789468257.4205298,2082,2878,5
1789468257.4228458,1927,2877,5
1789468257.424161,1980,2878,5
1789468257.426241,2037,2878,5
1789468257.428324,2233,2879,5
1789468257.4306471,2111,2879,5
1789468257.432966,1927,2877,5
1789468257.434125,2124,2879,5
1789468257.4364538,1973,2877,5
1789468257.438524,2118,2880,5
1789468257.440598,2189,2880,5
1789468257.442674,2093,2880,5
1789468257.4486558,1973,2878,5
1789468257.449298,2078,2878,5
1789468257.4507961,2164,2880,5
1789468257.452277,2160,2880,5
1789468257.4525251,2132,2879,5
1789468257.455959,2124,2879,5
1789468257.456525,2071,2879,5
1789468257.461726,1954,2878,5
1789468257.461987,2064,2877,5
1789468257.4646342,2159,2880,5
1789468257.464743,2096,2880,5
1789468257.467072,2034,2879,5
1789468257.468382,2032,2878,5
1789468257.470706,2103,2878,5
1789468257.4773529,2001,2879,5
1789468257.4779258,2066,2878,5
1789468257.479042,2116,2878,5
1789468257.4805381,2089,2878,5
1789468257.480908,2122,2879,5
1789468257.483176,2067,2879,5
1789468257.485195,2107,2879,5
1789468257.487134,2059,2878,5
1789468257.490208,1974,2879,5
1789468257.490575,2094,2880,5
1789468257.492787,2120,2879,5
1789468257.4941409,2054,2879,5
1789468257.496545,2189,2880,5
1789468257.499106,2104,2879,5
1789468257.500177,2049,2879,5
1789468257.502752,2079,2880,5
1789468257.504134,2061,2879,5
1789468257.506519,2154,2880,5
1789468257.508836,2051,2877,5
1789468257.510912,2052,2878,5
1789468257.513219,2159,2880,5
1789468257.514276,2217,2880,5
1789468257.5163572,2054,2879,5
1789468257.51843,2115,2879,5
1789468257.5204968,2114,2879,5
1789468257.522572,2089,2880,5
1789468257.524639,2050,2878,5
1789468257.5269601,1980,2879,5
1789468257.528264,1995,2878,5
1789468257.530821,1970,2877,5
1789468257.533155,1968,2877,5
1789468257.5344589,2261,2879,5
1789468257.5365372,2107,2879,5
1789468257.538785,1980,2876,5
1789468257.540868,2229,2879,5
1789468257.54217,2037,2877,5
1789468257.54448,2044,2879,5
1789468257.5469282,2232,2880,5
1789468257.548231,2273,2880,5
1789468257.5503051,1972,2877,5
1789468257.5523798,2010,2880,5
1789468257.554689,2078,2880,5
1789468257.557048,2101,2880,5
1789468257.5633018,2257,2880,5
1789468257.563901,2078,2878,5
1789468257.564555,1907,2878,5
1789468257.5654259,2029,2878,5
1789468257.566895,2265,2879,5
1789468257.5691671,2120,2878,5
1789468257.5703769,2055,2877,5
1789468257.572961,2082,2880,5
1789468257.5755599,2077,2877,5
1789468257.5773718,2126,2878,5
1789468257.5784519,2113,2879,5
1789468257.581011,2142,2879,5
1789468257.582314,2109,2879,5
1789468257.584602,2049,2877,5
1789468257.589084,1969,2876,5
1789468257.5891688,1965,2876,5
1789468257.59183,2162,2879,5
1789468257.594479,2110,2881,5
1789468257.595318,2047,2877,5
1789468257.598407,2108,2881,5
1789468257.6007302,2089,2880,5
1789468257.6008792,2052,2879,5
1789468257.603105,2014,2878,5
1789468257.604415,2064,2880,5
1789468257.6064808,2121,2880,5
1789468257.6090398,2079,2880,5
1789468257.611367,2108,2881,5
1789468257.612437,2182,2880,5
1789468257.614753,2179,2880,5
1789468257.6171782,1948,2877,5
1789468257.618481,2074,2880,5
1789468257.6210392,2182,2880,5
1789468257.622095,2105,2880,5
1789468257.6244218,2024,2876,5
1789468257.626979,2080,2880,5
1789468257.628282,2074,2877,5
1789468257.63084,2128,2880,5
1789468257.632141,2108,2879,5
1789468257.634454,2059,2880,5
1789468257.636736,2052,2878,5
1789468257.6390982,2138,2879,5
1789468257.64028,2133,2881,5
1789468257.6428401,1965,2878,5
1789468257.645164,1958,2878,5
1789468257.646464,2163,2881,5
1789468257.648789,2114,2880,5
1789468257.651105,2142,2878,5
1789468257.652229,2159,2879,5
1789468257.6547918,1956,2877,5
1789468257.656868,2081,2881,5
1789468257.659189,2064,2878,5
1789468257.6602602,2078,2878,5
1789468257.662581,2257,2879,5
1789468257.6648908,2063,2879,5
1789468257.667255,2059,2880,5
1789468257.6723452,2078,2881,5
1789468257.6728508,2075,2879,5
1789468257.673482,2092,2879,5
1789468257.6758,2019,2877,5
1789468257.6776478,2040,2878,5
1789468257.6791658,2114,2881,5
1789468257.681684,2073,2878,5
1789468257.6843038,2132,2879,5
1789468257.684476,2108,2878,5
1789468257.686316,2060,2878,5
1789468257.688885,2039,2878,5
1789468257.6909828,2066,2878,5
1789468257.6922839,2062,2878,5
1789468257.698439,2092,2880,5
1789468257.698952,2125,2879,5
1789468257.6994472,2106,2878,5
1789468257.701516,2062,2878,5
1789468257.703559,2046,2879,5
1789468257.7050948,2135,2881,5
1789468257.707247,2160,2880,5
1789468257.7097542,2053,2879,5
1789468257.711592,1987,2878,5
1789468257.712718,2076,2878,5
1789468257.7150269,2158,2880,5
1789468257.7162938,2097,2879,5
1789468257.718636,2059,2878,5
1789468257.720972,2037,2879,5
1789468257.72228,2151,2881,5
1789468257.7246962,2127,2881,5
1789468257.72701,2075,2878,5
1789468257.729095,1895,2878,5
1789468257.7312021,1944,2878,5
1789468257.732505,2046,2879,5
1789468257.734825,2191,2879,5
1789468257.737133,2350,2879,5
1789468257.738235,2248,2879,5
1789468257.740789,2121,2880,5
1789468257.743347,2055,2878,5
1789468257.7446442,2055,2879,5
1789468257.7469592,1999,2879,5
1789468257.74927,2195,2880,5
1789468257.7503328,2037,2878,5
1789468257.752641,1960,2878,5
1789468257.754951,1996,2879,5
1789468257.757195,2019,2879,5
1789468257.758251,2049,2877,5
1789468257.76056,2108,2879,5
1789468257.7628832,2178,2882,5
1789468257.764232,2119,2880,5
1789468257.766546,2004,2879,5
1789468257.769103,2042,2878,5
1789468257.7703328,2062,2880,5
1789468257.77265,2059,2880,5
1789468257.779559,2096,2881,5
1789468257.780054,2002,2878,5
1789468257.780579,1963,2878,5
1789468257.781072,2288,2879,5
1789468257.782769,2171,2878,5
1789468257.784812,2119,2879,5
1789468257.7863522,2217,2878,5
1789468257.788519,2123,2878,5
1789468257.790991,2190,2879,5
1789468257.792832,2051,2878,5
1789468257.795208,2142,2878,5
1789468257.796271,2132,2879,5
1789468257.798354,2074,2879,5
1789468257.805126,2007,2879,5
1789468257.806033,1975,2878,5
1789468257.8065002,1955,2879,5
1789468257.807942,2060,2879,5
1789468257.809443,1986,2877,5
1789468257.810909,2108,2880,5
1789468257.813366,2188,2881,5
1789468257.815826,2117,2880,5
1789468257.818032,2099,2879,5
1789468257.819105,2081,2879,5
1789468257.820402,2013,2879,5
1789468257.822976,2098,2879,5
1789468257.825301,1974,2878,5
1789468257.826407,1996,2878,5
1789468257.828753,2275,2881,5
1789468257.831073,2206,2881,5
1789468257.832376,2136,2878,5
1789468257.834454,2132,2878,5
1789468257.837022,1947,2876,5
1789468257.839093,2069,2880,5
1789468257.8404,2143,2879,5
1789468257.842956,2027,2878,5
1789468257.845263,2071,2877,5
1789468257.846323,2077,2879,5
1789468257.848635,1958,2876,5
1789468257.8510752,2034,2879,5
1789468257.85226,2139,2880,5
1789468257.854819,2096,2879,5
1789468257.8574111,2159,2880,5
1789468257.8584661,2076,2877,5
1789468257.861019,2041,2879,5
1789468257.8633249,2126,2881,5
1789468257.864624,2177,2880,5
1789468257.86718,2044,2879,5
1789468257.868435,1948,2877,5
1789468257.8709939,2045,2879,5
1789468257.872294,2190,2878,5
1789468257.874851,2038,2878,5
1789468257.877171,2107,2881,5
1789468257.878468,2111,2880,5
1789468257.8847291,2136,2880,5
1789468257.8848488,2115,2878,5
1789468257.886464,2048,2879,5
1789468257.887807,1995,2877,5
1789468257.89005,2147,2880,5
1789468257.891936,2159,2881,5
1789468257.893777,2083,2879,5
1789468257.896242,1960,2877,5
1789468257.896409,2014,2878,5
1789468257.898603,2170,2880,5
1789468257.900779,2193,2879,5
1789468257.902847,2113,2880,5
1789468257.905157,2083,2879,5
1789468257.910123,2068,2879,5
1789468257.910294,2062,2877,5
1789468257.9110541,2054,2878,5
1789468257.913113,2025,2878,5
1789468257.914808,2135,2881,5
1789468257.916992,2078,2879,5
1789468257.918852,2109,2880,5
1789468257.921275,2142,2879,5
1789468257.92351,2117,2879,5
1789468257.924813,2077,2877,5
1789468257.926904,2015,2879,5
1789468257.92826,2080,2879,5
1789468257.9305868,2194,2880,5
1789468257.932926,2121,2879,5
1789468257.934243,2052,2879,5
1789468257.9368021,2020,2879,5
1789468257.939362,1978,2877,5
1789468257.940665,2159,2880,5
1789468257.9429839,2180,2880,5
1789468257.945048,2126,2880,5
1789468257.946346,2041,2878,5
1789468257.948652,2103,2880,5
1789468257.95099,2063,2879,5
1789468257.953071,2042,2879,5
1789468257.954367,2036,2880,5
1789468257.9564328,2163,2880,5
1789468257.9587562,2063,2878,5
1789468257.961076,1948,2878,5
1789468257.962374,2114,2878,5
1789468257.964681,2176,2880,5
1789468257.966989,2111,2879,5
1789468257.969047,2069,2879,5
1789468257.970342,2083,2879,5
1789468257.972655,2091,2879,5
1789468257.974721,2078,2880,5
1789468257.977039,2045,2877,5
1789468257.979115,2083,2879,5
1789468257.980248,2136,2879,5
1789468257.982807,2118,2880,5
1789468257.985367,2079,2878,5
1789468257.990857,2064,2878,5
1789468257.99177,2082,2879,5
1789468257.993515,2085,2880,5
1789468257.993612,2037,2878,5
1789468257.9953868,2066,2880,5
1789468257.997097,2116,2879,5
1789468257.999156,2126,2879,5
1789468258.001539,2072,2879,5
1789468258.0037692,2047,2879,5
1789468258.004906,2075,2879,5
1789468258.00722,2118,2879,5
1789468258.008517,2065,2876,5
1789468258.015844,2058,2879,5
1789468258.01668,2097,2878,5
1789468258.0180979,2118,2880,5
1789468258.018283,2101,2879,5
1789468258.0195992,2048,2878,5
1789468258.0213802,2033,2878,5
1789468258.023919,2060,2879,5
1789468258.026658,2121,2880,5
1789468258.0283551,2060,2878,5
1789468258.0290198,2106,2881,5
1789468258.03125,2125,2879,5
1789468258.0324612,2128,2879,5
1789468258.035019,2093,2878,5
1789468258.0374541,2087,2879,5
1789468258.038764,2141,2879,5
1789468258.040993,2060,2878,5
1789468258.042291,1998,2877,5
1789468258.044749,2080,2878,5
1789468258.046829,2138,2880,5
1789468258.049151,2117,2878,5
1789468258.050456,2035,2879,5
1789468258.052762,2032,2878,5
1789468258.0550258,2160,2880,5
1789468258.056331,2098,2879,5
1789468258.058885,2062,2877,5
1789468258.06095,2054,2879,5
1789468258.0632699,2067,2878,5
1789468258.064571,2106,2880,5
1789468258.067125,2092,2880,5
1789468258.068424,2074,2877,5
1789468258.070739,2073,2878,5
1789468258.0728168,2075,2880,5
1789468258.075136,2067,2878,5
1789468258.0764039,2090,2878,5
1789468258.078725,2092,2878,5
1789468258.081284,2130,2880,5
1789468258.0823739,2078,2879,5
1789468258.0844429,2083,2878,5
1789468258.086515,2090,2878,5
1789468258.089077,2107,2879,5
1789468258.091403,2071,2877,5
1789468258.096648,2092,2878,5
1789468258.09678,2115,2878,5
1789468258.097603,2152,2880,5
1789468258.0996249,2098,2879,5
1789468258.102483,2021,2877,5
1789468258.102638,2062,2880,5
1789468258.1054132,2096,2879,5
1789468258.107923,2088,2880,5
1789468258.110034,2033,2878,5
1789468258.111339,2047,2878,5
1789468258.112638,2081,2878,5
1789468258.114958,2112,2881,5
1789468258.121664,2107,2879,5
1789468258.122559,2069,2877,5
1789468258.1230989,2036,2878,5
1789468258.123518,2074,2879,5
1789468258.1264331,2129,2879,5
1789468258.127231,2071,2878,5
1789468258.128942,2133,2880,5
1789468258.1305332,2138,2880,5
1789468258.133024,2137,2879,5
1789468258.13519,2165,2878,5
1789468258.136502,2130,2878,5
1789468258.1390631,2072,2879,5
1789468258.1413708,2085,2878,5
1789468258.1426718,2036,2879,5
1789468258.144869,2057,2879,5
1789468258.1471958,2094,2880,5
1789468258.1495218,2058,2878,5
1789468258.150818,2028,2878,5
1789468258.153378,2046,2878,5
1789468258.154677,2064,2880,5
1789468258.1567628,2083,2879,5
1789468258.1591492,2075,2877,5
1789468258.16146,2085,2879,5
1789468258.162755,2106,2880,5
1789468258.165076,2111,2879,5
1789468258.1674,2063,2879,5
1789468258.168698,2064,2879,5
1789468258.171018,2080,2878,5
1789468258.1731782,2119,2879,5
1789468258.1754901,2086,2879,5
1789468258.1765492,2043,2878,5
1789468258.1790998,2081,2878,5
1789468258.1814132,2130,2881,5
1789468258.182474,2118,2879,5
1789468258.184545,2068,2878,5
1789468258.187098,2049,2878,5
1789468258.1891892,2101,2879,5
1789468258.1904929,2073,2877,5
1789468258.192811,2095,2878,5
1789468258.1951308,2145,2881,5
1789468258.197214,2061,2877,5
1789468258.203419,2083,2878,5
1789468258.2038982,2094,2878,5
1789468258.205921,2067,2878,5
1789468258.206233,2081,2880,5
1789468258.207964,2093,2879,5
1789468258.209402,2065,2877,5
1789468258.211916,2087,2878,5
1789468258.214466,2134,2881,5
1789468258.214657,2126,2880,5
1789468258.216748,2101,2879,5
1789468258.219317,2043,2878,5
1789468258.220624,2086,2880,5
1789468258.222934,2107,2880,5
1789468258.2255318,2024,2878,5
1789468258.2269042,2034,2878,5
1789468258.229227,2050,2878,5
1789468258.2303731,2060,2880,5
1789468258.2325919,2102,2880,5
1789468258.234902,2059,2878,5
1789468258.237231,2115,2877,5
1789468258.238494,2175,2879,5
1789468258.2408168,2109,2880,5
1789468258.24303,2116,2880,5
1789468258.245345,2089,2878,5
1789468258.246408,2087,2878,5
1789468258.24872,2111,2879,5
1789468258.25104,2053,2879,5
1789468258.25328,2025,2878,5
1789468258.254386,2071,2878,5
1789468258.256452,2112,2879,5
1789468258.258591,2065,2878,5
1789468258.260792,2079,2878,5
1789468258.263114,2103,2879,5
1789468258.265422,2148,2880,5
1789468258.266718,2170,2879,5
1789468258.268863,2100,2878,5
1789468258.270944,2056,2878,5
1789468258.2732549,2010,2876,5
1789468258.274379,2072,2878,5
1789468258.276701,2094,2879,5
1789468258.2790148,2082,2878,5
1789468258.2803829,2052,2878,5
1789468258.2825768,2048,2878,5
