timestamp,ch1,ch2,label
1789466554.774268,2082,2878,3_S
1789466554.774348,1990,2876,3_S
1789466554.7749188,1946,2877,3_S
1789466554.7752929,2003,2878,3_S
1789466554.776831,2087,2877,3_S
1789466554.7799911,2054,2878,3_S
1789466554.782013,2000,2877,3_S
1789466554.784693,2006,2878,3_S
1789466554.784897,2014,2878,3_S
1789466554.787406,2045,2877,3_S
1789466554.788706,1967,2877,3_S
1789466554.791255,2031,2878,3_S
1789466554.792545,2091,2878,3_S
1789466554.7950022,2091,2878,3_S
1789466554.797549,2022,2877,3_S
1789466554.798757,1998,2879,3_S
1789466554.8012989,2036,2877,3_S
1789466554.8025851,2051,2878,3_S
1789466554.8048131,1957,2877,3_S
1789466554.8069031,1997,2878,3_S
1789466554.8090382,2036,2878,3_S
1789466554.81134,2086,2880,3_S
1789466554.815347,2053,2877,3_S
1789466554.815775,2013,2877,3_S
1789466554.817708,1981,2877,3_S
1789466554.8189151,2068,2878,3_S
1789466554.8222752,2059,2876,3_S
1789466554.8228831,1999,2877,3_S
1789466554.824505,2025,2877,3_S
1789466554.8270621,2069,2876,3_S
1789466554.828459,2103,2878,3_S
1789466554.831167,2024,2877,3_S
1789466554.8333828,1972,2877,3_S
1789466554.834526,2020,2878,3_S
1789466554.836833,2063,2876,3_S
1789466554.8389919,1957,2877,3_S
1789466554.8411431,1962,2877,3_S
1789466554.843206,2071,2878,3_S
1789466554.8444932,2083,2878,3_S
1789466554.846806,2012,2878,3_S
1789466554.849355,1988,2877,3_S
1789466554.850642,2041,2878,3_S
1789466554.853355,2077,2878,3_S
1789466554.857311,1956,2878,3_S
1789466554.857845,1988,2878,3_S
1789466554.860012,2077,2878,3_S
1789466554.861414,2080,2877,3_S
1789466554.863183,2043,2879,3_S
1789466554.864705,1971,2877,3_S
1789466554.867083,2001,2877,3_S
1789466554.868381,2077,2878,3_S
1789466554.8705852,2055,2877,3_S
1789466554.873137,2008,2878,3_S
1789466554.874412,2015,2878,3_S
1789466554.876959,2112,2877,3_S
1789466554.879256,2096,2878,3_S
1789466554.880418,2018,2877,3_S
1789466554.882723,2016,2878,3_S
1789466554.8850272,2027,2877,3_S
1789466554.887319,2082,2878,3_S
1789466554.888604,1961,2877,3_S
1789466554.891144,1959,2878,3_S
1789466554.8923972,2059,2878,3_S
1789466554.894707,2104,2879,3_S
1789466554.8990872,2046,2878,3_S
1789466554.8998241,1976,2878,3_S
1789466554.9015198,1974,2877,3_S
1789466554.903253,2052,2878,3_S
1789466554.9047801,1977,2877,3_S
1789466554.907979,1981,2878,3_S
1789466554.909102,2075,2877,3_S
1789466554.911516,2131,2880,3_S
1789466554.912809,2085,2879,3_S
1789466554.91536,2029,2877,3_S
1789466554.916652,2009,2877,3_S
1789466554.9192011,2083,2879,3_S
1789466554.920489,1993,2876,3_S
1789466554.9230368,1951,2878,3_S
1789466554.925344,2013,2878,3_S
1789466554.926424,2069,2877,3_S
1789466554.928519,2119,2878,3_S
1789466554.93106,2025,2878,3_S
1789466554.932394,1976,2878,3_S
1789466554.9368792,2041,2878,3_S
1789466554.9369678,2037,2876,3_S
1789466554.938897,1997,2878,3_S
1789466554.9415512,2001,2879,3_S
1789466554.9435132,2072,2877,3_S
1789466554.945394,2127,2878,3_S
1789466554.9466822,2036,2878,3_S
1789466554.948874,1984,2877,3_S
1789466554.951422,2008,2877,3_S
1789466554.952707,2029,2877,3_S
1789466554.95501,2006,2878,3_S
1789466554.957561,2003,2878,3_S
1789466554.958608,2064,2878,3_S
1789466554.961146,2080,2879,3_S
1789466554.962434,2067,2878,3_S
1789466554.964988,1986,2877,3_S
1789466554.967135,2006,2877,3_S
1789466554.969432,2108,2878,3_S
1789466554.973557,2037,2877,3_S
1789466554.973873,1969,2878,3_S
1789466554.975374,2037,2877,3_S
1789466554.976854,2138,2879,3_S
1789466554.980045,2109,2879,3_S
1789466554.98178,2009,2877,3_S
1789466554.983073,2020,2877,3_S
1789466554.984417,2090,2878,3_S
1789466554.986759,2089,2880,3_S
1789466554.98931,1985,2878,3_S
1789466554.9905999,2047,2878,3_S
1789466554.992907,2067,2877,3_S
1789466554.995212,2130,2879,3_S
1789466554.996497,2074,2878,3_S
1789466554.998913,1987,2877,3_S
1789466555.0014641,1951,2877,3_S
1789466555.00275,2071,2878,3_S
1789466555.0047941,1945,2875,3_S
1789466555.010109,1957,2878,3_S
1789466555.010489,2028,2878,3_S
1789466555.0109,2109,2879,3_S
1789466555.01356,2057,2878,3_S
1789466555.014878,1976,2877,3_S
1789466555.01852,2020,2877,3_S
1789466555.0186722,2095,2878,3_S
1789466555.0209742,2050,2877,3_S
1789466555.023207,2038,2878,3_S
1789466555.0255291,2090,2878,3_S
1789466555.026818,2117,2876,3_S
1789466555.028919,2084,2879,3_S
1789466555.03146,1976,2877,3_S
1789466555.032747,1971,2877,3_S
1789466555.035051,1991,2878,3_S
1789466555.0364091,2056,2877,3_S
1789466555.0389602,1981,2878,3_S
1789466555.041176,2012,2877,3_S
1789466555.0434828,2128,2877,3_S
1789466555.047177,2134,2879,3_S
1789466555.0478961,2025,2878,3_S
1789466555.0495381,2025,2877,3_S
1789466555.051133,2021,2878,3_S
1789466555.05382,2096,2878,3_S
1789466555.0564108,1982,2878,3_S
1789466555.0565472,1920,2878,3_S
1789466555.059097,2049,2878,3_S
1789466555.060405,2086,2879,3_S
1789466555.062714,2075,2879,3_S
1789466555.06526,2030,2877,3_S
1789466555.066442,1998,2877,3_S
1789466555.068916,2108,2878,3_S
1789466555.071056,2070,2877,3_S
1789466555.0733519,1978,2879,3_S
1789466555.0746372,1995,2877,3_S
1789466555.076947,2187,2880,3_S
1789466555.0794759,2075,2879,3_S
1789466555.080516,2033,2877,3_S
1789466555.0859678,1986,2877,3_S
1789466555.086076,2065,2878,3_S
1789466555.088035,2139,2879,3_S
1789466555.0893261,2079,2878,3_S
1789466555.090776,1971,2878,3_S
1789466555.093369,2034,2877,3_S
1789466555.094814,2083,2878,3_S
1789466555.097125,2078,2878,3_S
1789466555.098413,2095,2878,3_S
1789466555.1009789,2012,2878,3_S
1789466555.1033118,2022,2878,3_S
1789466555.1043851,2174,2880,3_S
1789466555.1069272,2179,2878,3_S
1789466555.109229,1984,2878,3_S
1789466555.111574,2013,2877,3_S
1789466555.112617,2004,2877,3_S
1789466555.1150231,2109,2879,3_S
1789466555.1176069,2145,2878,3_S
1789466555.118897,2106,2878,3_S
1789466555.124794,2153,2878,3_S
1789466555.12514,2672,2880,3_S
1789466555.125515,2016,2876,3_S
1789466555.126841,1709,2876,3_S
1789466555.129853,1766,2877,3_S
1789466555.131778,1931,2876,3_S
1789466555.133673,1899,2875,3_S
1789466555.134969,1906,2878,3_S
1789466555.1370509,1884,2877,3_S
1789466555.139122,2267,2878,3_S
1789466555.140416,2555,2881,3_S
1789466555.1427178,2218,2880,3_S
1789466555.145142,1761,2877,3_S
1789466555.1464279,2090,2878,3_S
1789466555.148488,2254,2879,3_S
1789466555.150788,2140,2878,3_S
1789466555.1533298,1699,2875,3_S
1789466555.154495,1662,2875,3_S
1789466555.157046,1579,2876,3_S
1789466555.158388,1775,2876,3_S
1789466555.1627378,2004,2876,3_S
1789466555.163109,2146,2879,3_S
1789466555.164942,2120,2879,3_S
1789466555.168004,2038,2878,3_S
1789466555.17012,2038,2879,3_S
1789466555.171948,2239,2879,3_S
1789466555.173017,2031,2877,3_S
1789466555.174411,1849,2878,3_S
1789466555.1766012,1984,2878,3_S
1789466555.178914,2194,2879,3_S
1789466555.180979,2105,2879,3_S
1789466555.183282,2035,2877,3_S
1789466555.184567,1942,2878,3_S
1789466555.187115,1979,2878,3_S
1789466555.188407,1888,2876,3_S
1789466555.19095,1956,2878,3_S
1789466555.1930518,2225,2880,3_S
1789466555.194412,2331,2879,3_S
1789466555.196959,2393,2879,3_S
1789466555.20135,1985,2878,3_S
1789466555.201411,1888,2876,3_S
1789466555.203698,1920,2877,3_S
1789466555.205587,1935,2877,3_S
1789466555.207948,1967,2877,3_S
1789466555.209047,1960,2877,3_S
1789466555.2108018,2013,2877,3_S
1789466555.2133539,2032,2878,3_S
1789466555.214654,1974,2877,3_S
1789466555.216981,2020,2877,3_S
1789466555.2192,2124,2879,3_S
1789466555.2215009,2054,2876,3_S
1789466555.222541,1976,2878,3_S
1789466555.224842,2010,2877,3_S
1789466555.227118,2081,2878,3_S
1789466555.229501,2127,2878,3_S
1789466555.230588,2055,2878,3_S
1789466555.233015,2057,2877,3_S
1789466555.235574,2116,2879,3_S
1789466555.2368672,2086,2879,3_S
1789466555.242626,2015,2877,3_S
1789466555.2431161,1982,2878,3_S
1789466555.243593,2116,2877,3_S
1789466555.245217,2164,2879,3_S
1789466555.247238,2085,2877,3_S
1789466555.2498162,2020,2878,3_S
1789466555.251342,2065,2877,3_S
1789466555.253269,2071,2878,3_S
1789466555.254383,2000,2878,3_S
1789466555.256692,2030,2878,3_S
1789466555.258761,2081,2877,3_S
1789466555.261137,2095,2880,3_S
1789466555.2624252,2078,2878,3_S
1789466555.264863,2024,2878,3_S
1789466555.2674072,2010,2878,3_S
1789466555.268708,2179,2879,3_S
1789466555.271011,2084,2877,3_S
1789466555.2724202,2000,2878,3_S
1789466555.274732,2054,2878,3_S
1789466555.2767968,2054,2877,3_S
1789466555.279098,2032,2876,3_S
1789466555.284114,2005,2878,3_S
1789466555.2844899,1987,2878,3_S
1789466555.284933,2004,2877,3_S
1789466555.286462,2092,2878,3_S
1789466555.2895539,2003,2877,3_S
1789466555.291065,2032,2878,3_S
1789466555.2925298,2122,2878,3_S
1789466555.294806,2130,2879,3_S
1789466555.297361,1995,2878,3_S
1789466555.2986171,1983,2877,3_S
1789466555.30092,1952,2877,3_S
1789466555.3029828,2153,2879,3_S
1789466555.305305,1989,2877,3_S
1789466555.306452,1808,2878,3_S
1789466555.308558,1981,2879,3_S
1789466555.310625,2094,2877,3_S
1789466555.312922,2125,2880,3_S
1789466555.31537,2023,2878,3_S
1789466555.3164248,2019,2876,3_S
1789466555.318977,2077,2879,3_S
1789466555.324799,2016,2876,3_S
1789466555.3248892,1971,2878,3_S
1789466555.325254,2022,2878,3_S
1789466555.327082,2110,2877,3_S
1789466555.32891,2152,2878,3_S
1789466555.33248,2022,2878,3_S
1789466555.332627,1952,2877,3_S
1789466555.3353522,2101,2878,3_S
1789466555.336642,2047,2879,3_S
1789466555.338967,1934,2877,3_S
1789466555.341277,1929,2878,3_S
1789466555.342565,2052,2878,3_S
1789466555.34511,2113,2879,3_S
1789466555.3474119,2054,2878,3_S
1789466555.348459,1991,2878,3_S
1789466555.3507662,2008,2878,3_S
1789466555.353073,2062,2880,3_S
1789466555.3553789,1948,2877,3_S
1789466555.356419,1981,2879,3_S
1789466555.358722,2057,2877,3_S
1789466555.364337,2101,2877,3_S
1789466555.364737,2047,2879,3_S
1789466555.3651578,2033,2877,3_S
1789466555.366806,1931,2877,3_S
1789466555.370904,2028,2878,3_S
1789466555.3710139,1898,2877,3_S
1789466555.3737118,2109,2877,3_S
1789466555.3750122,2050,2879,3_S
1789466555.37743,2091,2876,3_S
1789466555.37872,2056,2878,3_S
1789466555.381024,2019,2877,3_S
1789466555.383092,2097,2878,3_S
1789466555.384435,2168,2878,3_S
1789466555.386985,2093,2878,3_S
1789466555.389292,1966,2877,3_S
1789466555.390411,2032,2878,3_S
1789466555.3929589,2120,2877,3_S
1789466555.395083,2088,2879,3_S
1789466555.3973818,2066,2877,3_S
1789466555.3986702,1998,2878,3_S
1789466555.4007812,2109,2878,3_S
1789466555.40582,2205,2878,3_S
1789466555.405914,2002,2877,3_S
1789466555.408105,1953,2877,3_S
1789466555.4098802,2043,2878,3_S
1789466555.411581,2229,2879,3_S
1789466555.413995,2071,2879,3_S
1789466555.4157948,1995,2878,3_S
1789466555.416899,1826,2875,3_S
1789466555.419204,2042,2879,3_S
1789466555.4215438,2031,2877,3_S
1789466555.422837,1874,2877,3_S
1789466555.4253812,1831,2878,3_S
1789466555.426422,2115,2877,3_S
1789466555.428732,2146,2879,3_S
1789466555.431275,2046,2878,3_S
1789466555.432404,1884,2877,3_S
1789466555.434709,1911,2876,3_S
1789466555.437251,2054,2875,3_S
1789466555.4385421,2135,2878,3_S
1789466555.4406002,1944,2878,3_S
1789466555.442914,2031,2877,3_S
1789466555.4471989,2080,2878,3_S
1789466555.447594,2030,2877,3_S
1789466555.449368,2054,2877,3_S
1789466555.4510632,2026,2879,3_S
1789466555.453917,2206,2879,3_S
1789466555.455561,2133,2879,3_S
1789466555.4574358,1792,2878,3_S
1789466555.4587379,1950,2877,3_S
1789466555.461288,2036,2877,3_S
1789466555.462506,2050,2877,3_S
1789466555.465014,2155,2877,3_S
1789466555.46733,1976,2877,3_S
1789466555.468618,1967,2879,3_S
1789466555.471166,1934,2877,3_S
1789466555.472455,1864,2878,3_S
1789466555.475007,2059,2877,3_S
1789466555.476413,2277,2879,3_S
1789466555.478959,2090,2879,3_S
1789466555.481521,1932,2877,3_S
1789466555.4827032,1865,2877,3_S
1789466555.4852638,2070,2880,3_S
1789466555.4890492,2010,2876,3_S
1789466555.489821,2038,2878,3_S
1789466555.4915159,1999,2878,3_S
1789466555.493186,2107,2878,3_S
1789466555.494587,2127,2879,3_S
1789466555.497428,2161,2878,3_S
1789466555.499357,1939,2877,3_S
1789466555.5065742,1967,2878,3_S
1789466555.512985,1924,2875,3_S
1789466555.513031,1933,2878,3_S
1789466555.513062,1965,2878,3_S
1789466555.513092,1966,2877,3_S
1789466555.5131211,2251,2880,3_S
1789466555.51315,2220,2877,3_S
1789466555.515723,1885,2878,3_S
1789466555.523693,1872,2875,3_S
1789466555.5237918,1885,2878,3_S
1789466555.52383,1797,2878,3_S
1789466555.525033,2068,2878,3_S
1789466555.5250702,2134,2878,3_S
1789466555.537071,2250,2880,3_S
1789466555.537554,2105,2878,3_S
1789466555.539136,2087,2879,3_S
1789466555.539291,2066,2878,3_S
1789466555.5459259,2027,2876,3_S
1789466555.545967,2146,2878,3_S
1789466555.545998,1814,2878,3_S
1789466555.5480828,2016,2877,3_S
1789466555.548225,2187,2880,3_S
1789466555.5482628,2209,2878,3_S
1789466555.548347,1855,2877,3_S
1789466555.548446,1981,2877,3_S
1789466555.551031,2146,2878,3_S
1789466555.552449,2305,2879,3_S
1789466555.554587,2493,2881,3_S
1789466555.557137,1811,2877,3_S
1789466555.558434,1684,2876,3_S
1789466555.560885,1935,2877,3_S
1789466555.563433,2084,2878,3_S
1789466555.564726,1901,2877,3_S
1789466555.566803,1967,2877,3_S
1789466555.569112,2124,2878,3_S
1789466555.5713139,2049,2877,3_S
1789466555.5727391,2071,2878,3_S
1789466555.576944,2119,2877,3_S
1789466555.5780559,2217,2880,3_S
1789466555.580986,2542,2879,3_S
1789466555.581811,2089,2877,3_S
1789466555.584267,1815,2876,3_S
1789466555.58598,1775,2876,3_S
1789466555.588133,2088,2877,3_S
1789466555.5894349,2359,2880,3_S
1789466555.590729,1871,2877,3_S
1789466555.593078,1874,2877,3_S
1789466555.594411,2540,2880,3_S
1789466555.5969658,2296,2879,3_S
1789466555.599514,1864,2878,3_S
1789466555.600805,2361,2879,3_S
1789466555.6031182,2649,2880,3_S
1789466555.604417,2645,2879,3_S
1789466555.606734,1042,2878,3_S
1789466555.6092842,1055,2877,3_S
1789466555.610576,1635,2876,3_S
1789466555.613121,1868,2877,3_S
1789466555.614411,2097,2879,3_S
1789466555.6171799,2297,2879,3_S
1789466555.621326,3374,2882,3_S
1789466555.6216981,2708,2880,3_S
1789466555.6233962,888,2876,3_S
1789466555.6252532,1030,2878,3_S
1789466555.626761,2058,2877,3_S
1789466555.630164,2190,2878,3_S
1789466555.632149,1679,2879,3_S
1789466555.633449,1198,2875,3_S
1789466555.63469,1178,2875,3_S
1789466555.6371021,1729,2878,3_S
1789466555.6384,2018,2877,3_S
1789466555.640704,2570,2877,3_S
1789466555.6430342,2684,2881,3_S
1789466555.645518,2852,2879,3_S
1789466555.6468081,2707,2880,3_S
1789466555.649184,2094,2878,3_S
1789466555.6504772,1331,2876,3_S
1789466555.652616,1802,2876,3_S
1789466555.6551769,2051,2876,3_S
1789466555.656472,1981,2878,3_S
1789466555.658738,2293,2877,3_S
1789466555.6649332,1985,2876,3_S
1789466555.666198,1643,2875,3_S
1789466555.6667259,1733,2876,3_S
1789466555.667957,2870,2880,3_S
1789466555.669755,1512,2876,3_S
1789466555.6715782,1350,2877,3_S
1789466555.672983,1890,2876,3_S
1789466555.674968,2022,2877,3_S
1789466555.6769652,1894,2876,3_S
1789466555.679523,2083,2878,3_S
1789466555.6808162,1753,2876,3_S
1789466555.683139,1632,2876,3_S
1789466555.68523,2008,2879,3_S
1789466555.686527,2058,2878,3_S
1789466555.689004,2061,2877,3_S
1789466555.691328,2410,2879,3_S
1789466555.692618,2171,2876,3_S
1789466555.695164,2398,2880,3_S
1789466555.6972191,1697,2877,3_S
1789466555.6985102,1935,2879,3_S
1789466555.700585,1573,2876,3_S
1789466555.702892,1813,2876,3_S
1789466555.70544,1834,2876,3_S
1789466555.710229,1550,2876,3_S
1789466555.71134,1806,2876,3_S
1789466555.7114592,2128,2879,3_S
1789466555.712996,2045,2879,3_S
1789466555.714762,2202,2879,3_S
1789466555.71771,2138,2878,3_S
1789466555.7200398,2234,2879,3_S
1789466555.722029,2458,2880,3_S
1789466555.7233438,1849,2877,3_S
1789466555.724635,1433,2878,3_S
1789466555.726936,1781,2878,3_S
1789466555.729494,2085,2878,3_S
1789466555.730549,1900,2878,3_S
1789466555.733095,1521,2875,3_S
1789466555.734417,1711,2877,3_S
1789466555.73681,1764,2877,3_S
1789466555.739371,2105,2878,3_S
1789466555.740554,2251,2877,3_S
1789466555.7431061,2443,2879,3_S
1789466555.7454169,2153,2879,3_S
1789466555.746471,2748,2880,3_S
1789466555.749033,1344,2875,3_S
1789466555.7549791,1484,2875,3_S
1789466555.756056,1911,2877,3_S
1789466555.757377,2022,2878,3_S
1789466555.757615,1757,2876,3_S
1789466555.759439,1530,2876,3_S
1789466555.760674,1739,2876,3_S
1789466555.762503,1869,2875,3_S
1789466555.764759,1947,2877,3_S
1789466555.766819,1836,2876,3_S
1789466555.769194,1924,2877,3_S
1789466555.771532,2043,2877,3_S
1789466555.772833,2027,2878,3_S
1789466555.775388,1964,2877,3_S
1789466555.7764428,1972,2877,3_S
1789466555.7785118,2019,2879,3_S
1789466555.781059,2035,2877,3_S
1789466555.7833679,2074,2878,3_S
1789466555.785687,2333,2879,3_S
1789466555.7867332,2329,2879,3_S
1789466555.7890902,2027,2878,3_S
1789466555.790389,1779,2878,3_S
1789466555.792937,1717,2877,3_S
1789466555.795598,1860,2876,3_S
1789466555.799385,1875,2876,3_S
1789466555.799838,1789,2876,3_S
1789466555.801942,1805,2878,3_S
1789466555.803753,1925,2879,3_S
1789466555.805056,1978,2876,3_S
1789466555.809081,2047,2877,3_S
1789466555.8092291,2248,2879,3_S
1789466555.8108952,2198,2880,3_S
1789466555.813206,2262,2879,3_S
1789466555.815274,2137,2879,3_S
1789466555.816395,2353,2880,3_S
1789466555.818897,2961,2881,3_S
1789466555.820965,2309,2879,3_S
1789466555.823282,1214,2877,3_S
1789466555.8244631,1481,2877,3_S
1789466555.8270102,2121,2877,3_S
1789466555.829311,2011,2877,3_S
1789466555.8304799,1852,2879,3_S
1789466555.833029,1862,2877,3_S
1789466555.8353422,1846,2878,3_S
1789466555.836396,1595,2876,3_S
1789466555.838701,2007,2877,3_S
1789466555.8440971,2068,2878,3_S
1789466555.844565,2187,2878,3_S
1789466555.845294,2515,2880,3_S
1789466555.846932,2220,2878,3_S
1789466555.8489249,2096,2878,3_S
1789466555.8516932,1838,2877,3_S
1789466555.854238,1688,2876,3_S
1789466555.854483,2256,2880,3_S
1789466555.857356,2270,2878,3_S
1789466555.8586519,2082,2878,3_S
1789466555.861202,1949,2877,3_S
1789466555.862504,1865,2876,3_S
1789466555.864987,2115,2878,3_S
1789466555.867291,2296,2879,3_S
1789466555.868596,1917,2877,3_S
1789466555.870917,2014,2876,3_S
1789466555.873234,2089,2877,3_S
1789466555.8745332,2258,2877,3_S
1789466555.8770812,2385,2880,3_S
1789466555.878488,2411,2880,3_S
1789466555.880569,1924,2877,3_S
1789466555.882879,1874,2877,3_S
1789466555.885047,2574,2880,3_S
1789466555.889612,2279,2878,3_S
1789466555.890041,1633,2876,3_S
1789466555.892179,1967,2878,3_S
1789466555.893709,2068,2877,3_S
1789466555.895503,2031,2877,3_S
1789466555.897163,2141,2878,3_S
1789466555.899533,2062,2878,3_S
1789466555.901473,1815,2877,3_S
1789466555.902772,1953,2878,3_S
1789466555.905331,1899,2876,3_S
1789466555.9064,2363,2880,3_S
1789466555.90871,2363,2880,3_S
1789466555.9112608,1848,2876,3_S
1789466555.913324,1857,2877,3_S
1789466555.914616,2166,2878,3_S
1789466555.91693,1977,2878,3_S
1789466555.9192388,2693,2879,3_S
1789466555.920529,2685,2878,3_S
1789466555.9230762,1264,2877,3_S
1789466555.925292,1537,2879,3_S
1789466555.926434,2062,2877,3_S
1789466555.928983,2172,2877,3_S
1789466555.9338171,2115,2878,3_S
1789466555.934196,1880,2877,3_S
1789466555.935889,1761,2878,3_S
1789466555.9377239,1969,2877,3_S
1789466555.939305,1929,2876,3_S
1789466555.9409869,2075,2878,3_S
1789466555.943475,2258,2877,3_S
1789466555.945493,2427,2880,3_S
1789466555.946792,2439,2878,3_S
1789466555.9493399,1950,2878,3_S
1789466555.950635,2069,2877,3_S
1789466555.952961,2109,2879,3_S
1789466555.9555168,2080,2876,3_S
1789466555.956809,1685,2879,3_S
1789466555.959121,2007,2878,3_S
1789466555.961406,2315,2879,3_S
1789466555.9626958,2156,2879,3_S
1789466555.9650052,1884,2877,3_S
1789466555.96732,1884,2878,3_S
1789466555.96841,2083,2878,3_S
1789466555.970728,1994,2877,3_S
1789466555.973291,2204,2877,3_S
1789466555.977942,2092,2878,3_S
1789466555.9780428,2104,2876,3_S
1789466555.9801269,2158,2878,3_S
1789466555.981568,2110,2879,3_S
1789466555.982852,1884,2877,3_S
1789466555.9850938,1993,2877,3_S
1789466555.9873788,2114,2879,3_S
1789466555.98943,2238,2880,3_S
1789466555.990732,2173,2878,3_S
1789466555.993288,1956,2878,3_S
1789466555.994596,2228,2880,3_S
1789466555.9971452,2154,2878,3_S
1789466555.9984362,2001,2878,3_S
1789466556.000749,1956,2878,3_S
1789466556.003295,1904,2876,3_S
1789466556.004435,2008,2877,3_S
1789466556.0069902,1912,2877,3_S
1789466556.0093,1903,2877,3_S
1789466556.010589,2423,2880,3_S
1789466556.012896,2295,2879,3_S
1789466556.014973,1743,2875,3_S
1789466556.0208042,1666,2877,3_S
1789466556.021615,1928,2876,3_S
1789466556.022012,2069,2877,3_S
1789466556.024555,2015,2877,3_S
1789466556.024894,2136,2877,3_S
1789466556.026767,2203,2880,3_S
1789466556.030467,2098,2878,3_S
1789466556.0306392,1988,2877,3_S
1789466556.033443,2362,2878,3_S
1789466556.034739,1944,2875,3_S
1789466556.0368252,2095,2877,3_S
1789466556.038951,1859,2878,3_S
1789466556.041132,1786,2878,3_S
1789466556.042424,1978,2876,3_S
1789466556.044986,2208,2879,3_S
1789466556.047306,2419,2878,3_S
1789466556.048599,1908,2877,3_S
1789466556.050924,2091,2879,3_S
1789466556.05349,2127,2879,3_S
1789466556.054548,2132,2877,3_S
1789466556.056855,2265,2878,3_S
1789466556.059401,2089,2878,3_S
1789466556.060451,1641,2876,3_S
1789466556.065114,1746,2876,3_S
1789466556.065289,1803,2874,3_S
1789466556.067623,1922,2878,3_S
1789466556.069587,2285,2878,3_S
1789466556.071603,2467,2879,3_S
1789466556.073039,1753,2877,3_S
1789466556.075561,1605,2878,3_S
1789466556.077611,1961,2876,3_S
1789466556.078719,2092,2877,3_S
1789466556.080985,1970,2878,3_S
1789466556.083267,1868,2877,3_S
1789466556.0845618,1907,2878,3_S
1789466556.087086,2059,2878,3_S
1789466556.089431,2144,2879,3_S
1789466556.090733,2093,2878,3_S
1789466556.093281,2216,2878,3_S
1789466556.094469,3043,2882,3_S
1789466556.0970292,2333,2880,3_S
1789466556.099586,1659,2875,3_S
1789466556.1008792,2101,2878,3_S
1789466556.103426,1772,2876,3_S
1789466556.1045508,1862,2875,3_S
1789466556.106812,1983,2877,3_S
1789466556.11153,2639,2880,3_S
1789466556.1119869,1523,2875,3_S
1789466556.113962,1335,2876,3_S
1789466556.115767,1812,2876,3_S
1789466556.117424,2110,2879,3_S
1789466556.119056,2138,2879,3_S
1789466556.121791,2063,2878,3_S
1789466556.1236029,1894,2876,3_S
1789466556.124904,1980,2877,3_S
1789466556.127243,2259,2879,3_S
1789466556.1317692,2331,2879,3_S
1789466556.13187,2148,2878,3_S
1789466556.133638,2234,2878,3_S
1789466556.135508,2417,2879,3_S
1789466556.137013,2037,2878,3_S
1789466556.141173,1747,2877,3_S
1789466556.1413069,1869,2878,3_S
1789466556.142941,2035,2877,3_S
1789466556.144523,2203,2879,3_S
1789466556.147074,2015,2878,3_S
1789466556.148424,2009,2879,3_S
1789466556.1504982,2041,2878,3_S
1789466556.153047,2138,2879,3_S
1789466556.1551218,2071,2877,3_S
1789466556.156428,1978,2878,3_S
1789466556.158494,2038,2878,3_S
1789466556.1610408,2163,2878,3_S
1789466556.1633549,2136,2879,3_S
1789466556.164407,2055,2878,3_S
1789466556.1669571,2080,2877,3_S
1789466556.1695051,2085,2879,3_S
1789466556.170552,2194,2880,3_S
1789466556.177103,2170,2880,3_S
1789466556.1778822,2483,2880,3_S
1789466556.178933,2072,2877,3_S
1789466556.179041,1935,2877,3_S
1789466556.181283,1853,2876,3_S
1789466556.184084,1961,2876,3_S
1789466556.186759,2028,2879,3_S
1789466556.186944,2024,2877,3_S
1789466556.188954,1906,2874,3_S
1789466556.191257,1882,2876,3_S
1789466556.1924071,2051,2877,3_S
1789466556.194865,2252,2879,3_S
1789466556.197171,2292,2878,3_S
1789466556.1984608,2243,2879,3_S
1789466556.200777,2356,2878,3_S
1789466556.203328,2200,2878,3_S
1789466556.204618,2707,2879,3_S
1789466556.207166,1967,2876,3_S
1789466556.2084758,1698,2877,3_S
1789466556.210778,1943,2878,3_S
1789466556.213321,2058,2876,3_S
1789466556.2144792,1969,2878,3_S
1789466556.220553,1922,2877,3_S
1789466556.220993,1908,2878,3_S
1789466556.221099,1989,2878,3_S
1789466556.222919,2094,2880,3_S
1789466556.225539,2075,2878,3_S
1789466556.2278242,2084,2877,3_S
1789466556.230268,2256,2880,3_S
1789466556.232228,2224,2878,3_S
1789466556.233276,2269,2878,3_S
1789466556.234571,2105,2878,3_S
1789466556.2369049,2027,2878,3_S
1789466556.239223,1965,2876,3_S
1789466556.240514,2025,2877,3_S
1789466556.243059,2213,2876,3_S
1789466556.24542,2382,2880,3_S
1789466556.246474,2186,2878,3_S
1789466556.248781,2059,2877,3_S
1789466556.251085,2035,2878,3_S
1789466556.253511,2095,2877,3_S
1789466556.2545679,1950,2876,3_S
1789466556.257112,1946,2877,3_S
1789466556.259414,2066,2878,3_S
1789466556.2639859,2221,2880,3_S
1789466556.264451,2221,2878,3_S
1789466556.264951,2102,2877,3_S
1789466556.266846,2042,2877,3_S
1789466556.268681,2152,2878,3_S
1789466556.2718039,2208,2879,3_S
1789466556.274603,2129,2877,3_S
1789466556.274863,2075,2878,3_S
1789466556.276858,2100,2877,3_S
1789466556.279368,2178,2880,3_S
1789466556.280672,2133,2878,3_S
1789466556.282756,2033,2877,3_S
1789466556.284895,2134,2877,3_S
1789466556.2874508,2211,2879,3_S
1789466556.288743,2011,2877,3_S
1789466556.290964,2084,2877,3_S
1789466556.293517,2168,2878,3_S
1789466556.2945669,2198,2879,3_S
1789466556.2968771,2100,2878,3_S
1789466556.2992902,2061,2877,3_S
1789466556.3004181,2102,2877,3_S
1789466556.302721,2324,2878,3_S
1789466556.305098,2193,2879,3_S
1789466556.309128,1950,2877,3_S
1789466556.309584,2092,2878,3_S
1789466556.311588,2245,2879,3_S
1789466556.313422,2116,2879,3_S
1789466556.314859,2077,2877,3_S
1789466556.3188422,1918,2877,3_S
1789466556.31901,1962,2879,3_S
1789466556.320574,2129,2879,3_S
1789466556.323123,2084,2877,3_S
1789466556.324425,2062,2878,3_S
1789466556.326748,2189,2879,3_S
1789466556.32931,2123,2880,3_S
1789466556.330605,2174,2878,3_S
1789466556.332889,2129,2877,3_S
1789466556.33544,2230,2879,3_S
1789466556.336728,2131,2878,3_S
1789466556.3392289,1931,2877,3_S
1789466556.340523,2029,2878,3_S
1789466556.34307,2129,2878,3_S
1789466556.3453681,2294,2880,3_S
1789466556.346418,2236,2878,3_S
1789466556.348484,2057,2877,3_S
1789466556.353132,1869,2876,3_S
1789466556.35356,2163,2879,3_S
1789466556.355362,2121,2877,3_S
1789466556.3571992,2033,2877,3_S
1789466556.3587708,2046,2877,3_S
1789466556.363372,2157,2879,3_S
1789466556.363554,2098,2879,3_S
1789466556.365233,2171,2877,3_S
1789466556.36642,2032,2878,3_S
1789466556.368974,2086,2878,3_S
1789466556.375336,2119,2879,3_S
1789466556.37613,2220,2879,3_S
1789466556.377215,2060,2876,3_S
1789466556.377366,2093,2878,3_S
1789466556.379115,2254,2880,3_S
1789466556.380985,2124,2877,3_S
1789466556.3852959,2108,2877,3_S
1789466556.385458,2192,2878,3_S
1789466556.387517,2108,2878,3_S
1789466556.3888261,1964,2876,3_S
1789466556.390899,2118,2878,3_S
1789466556.393276,1959,2878,3_S
1789466556.3945768,2042,2876,3_S
1789466556.396651,2110,2879,3_S
1789466556.398999,2119,2877,3_S
1789466556.401321,2071,2877,3_S
1789466556.402452,2117,2878,3_S
1789466556.404515,2034,2876,3_S
1789466556.406791,1977,2878,3_S
1789466556.408895,2121,2878,3_S
1789466556.410963,2113,2878,3_S
1789466556.413038,2124,2879,3_S
1789466556.415112,2047,2878,3_S
1789466556.4164321,2011,2878,3_S
1789466556.421207,2096,2878,3_S
1789466556.421647,2123,2879,3_S
1789466556.423935,2091,2878,3_S
1789466556.425726,2186,2879,3_S
1789466556.427316,2298,2880,3_S
1789466556.428877,2265,2878,3_S
1789466556.431676,2127,2878,3_S
1789466556.433671,2156,2877,3_S
1789466556.434718,2259,2879,3_S
1789466556.437035,1885,2877,3_S
1789466556.438394,1685,2878,3_S
1789466556.4407198,2100,2878,3_S
1789466556.443031,2070,2878,3_S
1789466556.445371,2128,2878,3_S
1789466556.446666,2018,2878,3_S
1789466556.449037,1958,2877,3_S
1789466556.450509,2047,2879,3_S
1789466556.453064,2263,2880,3_S
1789466556.4544032,2161,2879,3_S
1789466556.456536,1906,2877,3_S
1789466556.458834,2150,2878,3_S
1789466556.4613838,2154,2879,3_S
1789466556.466187,2035,2878,3_S
1789466556.466325,1964,2877,3_S
1789466556.467177,1980,2878,3_S
1789466556.4690518,2050,2878,3_S
1789466556.470693,2069,2877,3_S
1789466556.4742131,2004,2879,3_S
1789466556.4770381,2102,2878,3_S
1789466556.477202,2191,2880,3_S
1789466556.479156,2231,2878,3_S
1789466556.481466,2032,2879,3_S
1789466556.48277,1972,2878,3_S
1789466556.485193,2049,2879,3_S
1789466556.487366,2230,2879,3_S
1789466556.488663,2069,2877,3_S
1789466556.491214,2042,2878,3_S
1789466556.4932811,2121,2878,3_S
1789466556.494574,2174,2880,3_S
1789466556.496738,2014,2878,3_S
1789466556.499305,1968,2877,3_S
1789466556.5006158,2040,2878,3_S
1789466556.502679,2196,2879,3_S
1789466556.5052319,2103,2879,3_S
1789466556.506397,2024,2877,3_S
1789466556.512511,2051,2878,3_S
1789466556.5129979,2135,2877,3_S
1789466556.513113,2104,2878,3_S
1789466556.5155368,2049,2879,3_S
1789466556.518666,2047,2877,3_S
1789466556.521297,2086,2879,3_S
1789466556.521408,2067,2879,3_S
1789466556.524517,1945,2877,3_S
1789466556.526182,2017,2877,3_S
1789466556.527508,2131,2878,3_S
1789466556.528818,2169,2879,3_S
1789466556.533727,2082,2878,3_S
1789466556.534614,2039,2878,3_S
1789466556.535437,2073,2877,3_S
1789466556.5379488,2107,2878,3_S
1789466556.539535,2014,2878,3_S
1789466556.541714,2054,2877,3_S
1789466556.544329,2124,2878,3_S
1789466556.544618,2132,2880,3_S
1789466556.5473258,2121,2878,3_S
1789466556.548457,2076,2877,3_S
1789466556.5510762,2064,2877,3_S
1789466556.5533938,2127,2878,3_S
1789466556.554699,2081,2876,3_S
1789466556.55726,2022,2878,3_S
1789466556.558561,2103,2879,3_S
1789466556.560865,2167,2879,3_S
1789466556.562986,2118,2878,3_S
1789466556.565299,2027,2877,3_S
1789466556.566608,2015,2878,3_S
1789466556.5688488,2073,2878,3_S
1789466556.571396,2145,2879,3_S
1789466556.57269,2002,2878,3_S
1789466556.575,2004,2878,3_S
1789466556.5806909,2081,2877,3_S
1789466556.5812092,2138,2879,3_S
1789466556.581789,2065,2877,3_S
1789466556.583603,2029,2878,3_S
1789466556.5864892,2062,2878,3_S
1789466556.588185,2136,2878,3_S
1789466556.5903318,2014,2876,3_S
1789466556.593163,2018,2878,3_S
1789466556.593426,2108,2878,3_S
1789466556.5952818,2165,2879,3_S
1789466556.5966,2135,2878,3_S
1789466556.598918,2041,2877,3_S
1789466556.604029,2037,2877,3_S
1789466556.604518,2105,2878,3_S
1789466556.606416,2085,2876,3_S
1789466556.6079109,2006,2878,3_S
1789466556.6098711,2065,2877,3_S
1789466556.612448,2133,2877,3_S
1789466556.615425,2184,2878,3_S
1789466556.615736,2064,2877,3_S
1789466556.61743,2030,2877,3_S
1789466556.618525,2044,2879,3_S
1789466556.620994,2093,2879,3_S
1789466556.623476,1993,2878,3_S
1789466556.6247911,2022,2878,3_S
1789466556.6269782,2082,2877,3_S
1789466556.6292899,2147,2879,3_S
1789466556.630595,2062,2879,3_S
1789466556.632768,2017,2877,3_S
1789466556.6351,2062,2877,3_S
1789466556.6364942,2104,2879,3_S
1789466556.638808,1999,2877,3_S
1789466556.640896,2011,2878,3_S
1789466556.64297,2104,2878,3_S
1789466556.645279,2139,2879,3_S
1789466556.64742,2087,2879,3_S
1789466556.64856,2023,2878,3_S
1789466556.653583,2017,2878,3_S
1789466556.654093,2128,2879,3_S
1789466556.6564312,2086,2878,3_S
1789466556.656598,1982,2879,3_S
1789466556.660267,2068,2878,3_S
1789466556.660846,2162,2879,3_S
1789466556.6652129,2144,2879,3_S
1789466556.665531,2039,2877,3_S
1789466556.6676018,2039,2877,3_S
1789466556.668908,2067,2878,3_S
1789466556.674888,2094,2879,3_S
1789466556.675762,1991,2876,3_S
1789466556.6758451,2011,2878,3_S
1789466556.6778612,2094,2878,3_S
1789466556.679531,2123,2879,3_S
1789466556.680908,2048,2877,3_S
1789466556.683323,2034,2877,3_S
1789466556.6858969,2056,2878,3_S
1789466556.6877592,2124,2878,3_S
1789466556.6890602,2031,2876,3_S
1789466556.6911318,2009,2878,3_S
1789466556.692406,2101,2879,3_S
1789466556.6947432,2136,2879,3_S
1789466556.697304,2087,2880,3_S
1789466556.6984599,2051,2877,3_S
1789466556.700767,2067,2878,3_S
1789466556.7030752,2179,2879,3_S
1789466556.705141,2071,2877,3_S
1789466556.707202,1970,2877,3_S
1789466556.70926,2073,2878,3_S
1789466556.710551,2340,2881,3_S
1789466556.712749,2323,2878,3_S
1789466556.7150521,1951,2877,3_S
1789466556.7171252,1883,2876,3_S
1789466556.718418,1945,2877,3_S
1789466556.723722,2063,2876,3_S
1789466556.724556,2062,2879,3_S
1789466556.725842,1971,2877,3_S
1789466556.727527,2234,2878,3_S
1789466556.72926,2414,2879,3_S
1789466556.731294,2076,2878,3_S
1789466556.733845,1885,2875,3_S
1789466556.735944,1820,2877,3_S
1789466556.737246,2003,2878,3_S
1789466556.738546,2065,2878,3_S
1789466556.743509,2600,2880,3_S
1789466556.743602,2142,2879,3_S
1789466556.744834,1784,2875,3_S
1789466556.7478771,1686,2876,3_S
1789466556.749548,1937,2877,3_S
1789466556.751343,2055,2877,3_S
1789466556.7537029,2100,2879,3_S
1789466556.7555149,2007,2877,3_S
1789466556.756819,2001,2877,3_S
1789466556.759139,2886,2881,3_S
1789466556.761634,2413,2879,3_S
1789466556.762932,1857,2875,3_S
1789466556.7654881,1991,2877,3_S
1789466556.7667918,1909,2878,3_S
1789466556.769292,2048,2878,3_S
1789466556.77059,1750,2876,3_S
1789466556.772655,1497,2876,3_S
1789466556.775184,1658,2876,3_S
1789466556.77724,1771,2876,3_S
1789466556.779306,2046,2879,3_S
1789466556.780433,2383,2878,3_S
1789466556.7825081,2454,2878,3_S
1789466556.7846029,2398,2879,3_S
1789466556.790113,2839,2881,3_S
1789466556.790591,1962,2876,3_S
1789466556.7910368,1459,2876,3_S
1789466556.792969,1627,2877,3_S
1789466556.794836,1922,2876,3_S
1789466556.798006,2150,2878,3_S
1789466556.800496,2272,2878,3_S
1789466556.800808,1743,2875,3_S
1789466556.802851,1893,2877,3_S
1789466556.805237,1977,2877,3_S
1789466556.8065338,2109,2876,3_S
1789466556.808866,2074,2878,3_S
1789466556.810942,2034,2876,3_S
1789466556.813257,2221,2878,3_S
1789466556.814551,2051,2878,3_S
1789466556.816627,2331,2879,3_S
1789466556.8191779,2072,2879,3_S
1789466556.820471,2428,2879,3_S
1789466556.8230212,2447,2879,3_S
1789466556.825227,1990,2877,3_S
1789466556.826519,1171,2877,3_S
1789466556.8289258,1829,2878,3_S
1789466556.831481,2171,2879,3_S
1789466556.832774,2363,2881,3_S
1789466556.8372018,1843,2877,3_S
1789466556.837667,1428,2875,3_S
1789466556.839977,1791,2877,3_S
1789466556.841928,2276,2878,3_S
1789466556.843931,2422,2881,3_S
1789466556.8453078,2330,2879,3_S
1789466556.847855,2103,2878,3_S
1789466556.8495848,2122,2878,3_S
1789466556.8506932,1842,2878,3_S
1789466556.8532531,1855,2877,3_S
1789466556.8556328,2060,2878,3_S
1789466556.856692,2101,2878,3_S
1789466556.859243,2488,2879,3_S
1789466556.860538,2180,2879,3_S
1789466556.8627489,2367,2877,3_S
1789466556.865275,2137,2878,3_S
1789466556.866571,1632,2876,3_S
1789466556.86882,1816,2877,3_S
1789466556.871369,2316,2881,3_S
1789466556.872663,2537,2879,3_S
1789466556.874974,1788,2876,3_S
1789466556.877524,1600,2877,3_S
1789466556.8788228,1908,2876,3_S
1789466556.884198,1866,2875,3_S
1789466556.88466,1819,2877,3_S
1789466556.8854542,2114,2878,3_S
1789466556.889259,2547,2880,3_S
1789466556.889707,2208,2879,3_S
1789466556.890849,1582,2876,3_S
1789466556.8932889,1904,2877,3_S
1789466556.895874,2283,2879,3_S
1789466556.89813,2160,2880,3_S
1789466556.8992069,2240,2879,3_S
1789466556.900507,1863,2877,3_S
1789466556.90507,1945,2878,3_S
1789466556.906155,2232,2879,3_S
1789466556.9080021,1933,2877,3_S
1789466556.909861,2041,2878,3_S
1789466556.911664,2141,2877,3_S
1789466556.913005,2156,2880,3_S
1789466556.915478,2060,2878,3_S
1789466556.917484,1780,2875,3_S
1789466556.9187908,2039,2878,3_S
1789466556.921257,2212,2879,3_S
1789466556.922555,1975,2878,3_S
1789466556.924861,1927,2877,3_S
1789466556.927407,2181,2877,3_S
1789466556.928457,2164,2879,3_S
1789466556.9310038,2157,2878,3_S
1789466556.933557,2059,2878,3_S
1789466556.934853,1876,2877,3_S
1789466556.9373991,2008,2879,3_S
1789466556.938689,2074,2877,3_S
1789466556.940973,1996,2876,3_S
1789466556.943521,2030,2878,3_S
1789466556.944809,2167,2879,3_S
1789466556.950537,2105,2878,3_S
1789466556.951329,2048,2878,3_S
1789466556.951426,2012,2877,3_S
1789466556.953299,2070,2878,3_S
1789466556.955093,2018,2877,3_S
1789466556.956963,1925,2877,3_S
1789466556.960495,1990,2877,3_S
1789466556.9606552,2188,2879,3_S
1789466556.963511,2215,2878,3_S
1789466556.9648051,2155,2879,3_S
1789466556.967106,2119,2878,3_S
1789466556.968439,2061,2878,3_S
1789466556.970992,1951,2877,3_S
1789466556.973546,1993,2878,3_S
1789466556.974588,2118,2877,3_S
1789466556.9771361,2208,2879,3_S
1789466556.978434,2122,2879,3_S
1789466556.9809852,1950,2877,3_S
1789466556.9833012,1891,2877,3_S
1789466556.984446,2047,2878,3_S
1789466556.986748,2193,2879,3_S
1789466556.9889522,2123,2877,3_S
1789466556.9948711,1717,2877,3_S
1789466556.995617,2104,2878,3_S
1789466556.9957519,2290,2880,3_S
1789466556.997511,2067,2878,3_S
1789466556.9993038,1920,2877,3_S
1789466557.0008981,1956,2877,3_S
1789466557.002531,2103,2879,3_S
1789466557.004894,1970,2877,3_S
1789466557.006913,1927,2878,3_S
1789466557.009221,2126,2877,3_S
1789466557.010514,2178,2879,3_S
1789466557.013058,2112,2878,3_S
1789466557.014433,2002,2878,3_S
1789466557.016994,2014,2877,3_S
1789466557.0195441,2239,2879,3_S
1789466557.0208352,2223,2879,3_S
1789466557.0233831,2102,2876,3_S
1789466557.02444,1944,2878,3_S
1789466557.026989,2070,2878,3_S
1789466557.0295382,2199,2879,3_S
1789466557.030582,2093,2878,3_S
1789466557.032748,2008,2877,3_S
1789466557.0353012,1955,2878,3_S
1789466557.0397818,2165,2878,3_S
1789466557.040533,2079,2878,3_S
1789466557.04093,1986,2877,3_S
1789466557.042649,2061,2878,3_S
1789466557.045433,2110,2877,3_S
1789466557.0473359,2236,2878,3_S
1789466557.049665,1887,2877,3_S
1789466557.0516539,1918,2877,3_S
1789466557.052952,2137,2878,3_S
1789466557.055514,2071,2877,3_S
1789466557.056569,2035,2878,3_S
1789466557.058639,2102,2877,3_S
1789466557.061012,2253,2879,3_S
1789466557.063327,2471,2878,3_S
1789466557.0645561,2067,2877,3_S
1789466557.067107,1832,2875,3_S
1789466557.0691688,1829,2877,3_S
1789466557.070461,1877,2877,3_S
1789466557.07276,1932,2878,3_S
1789466557.075306,1971,2877,3_S
1789466557.076441,1982,2877,3_S
1789466557.078496,1932,2879,3_S
1789466557.0844212,1970,2877,3_S
1789466557.0855732,1989,2877,3_S
1789466557.085671,2161,2878,3_S
1789466557.087282,2261,2879,3_S
1789466557.089654,2184,2879,3_S
1789466557.092396,2165,2877,3_S
1789466557.092531,2260,2879,3_S
1789466557.094933,2070,2879,3_S
1789466557.096939,2117,2878,3_S
1789466557.099342,2076,2877,3_S
1789466557.100642,2069,2878,3_S
1789466557.102717,2106,2878,3_S
1789466557.1052659,2226,2880,3_S
1789466557.10641,2037,2877,3_S
1789466557.108491,1845,2877,3_S
1789466557.110802,1995,2877,3_S
1789466557.113354,2197,2879,3_S
1789466557.114648,2128,2878,3_S
1789466557.117205,2092,2877,3_S
1789466557.118452,2020,2878,3_S
1789466557.121,2016,2877,3_S
1789466557.123303,1824,2877,3_S
1789466557.1244311,1842,2877,3_S
1789466557.129741,1968,2877,3_S
1789466557.130271,2517,2880,3_S
1789466557.130775,2309,2878,3_S
1789466557.132512,2249,2879,3_S
1789466557.1357691,2088,2877,3_S
1789466557.137464,1755,2877,3_S
1789466557.13974,1730,2878,3_S
1789466557.141408,1917,2878,3_S
1789466557.142709,1915,2877,3_S
1789466557.1447759,1982,2879,3_S
1789466557.14684,1859,2877,3_S
1789466557.149153,1859,2878,3_S
1789466557.1504471,2067,2877,3_S
1789466557.153004,2302,2878,3_S
1789466557.155078,2328,2880,3_S
1789466557.1564212,2367,2879,3_S
1789466557.158875,2528,2881,3_S
1789466557.161421,2737,2881,3_S
1789466557.1626182,2422,2879,3_S
1789466557.165165,1499,2876,3_S
1789466557.167721,1403,2875,3_S
1789466557.168781,1842,2876,3_S
1789466557.174249,1942,2877,3_S
1789466557.1750321,1758,2876,3_S
1789466557.175406,1770,2876,3_S
1789466557.176922,2298,2878,3_S
1789466557.1799302,1915,2878,3_S
1789466557.181754,1783,2877,3_S
1789466557.184109,2117,2879,3_S
1789466557.186213,2744,2880,3_S
1789466557.1874108,3851,2884,3_S
1789466557.188457,3130,2882,3_S
1789466557.1910179,1581,2877,3_S
1789466557.1934028,953,2877,3_S
1789466557.194696,1139,2877,3_S
1789466557.197008,1686,2877,3_S
1789466557.1995468,1826,2875,3_S
1789466557.2008379,1646,2877,3_S
1789466557.203146,1545,2878,3_S
1789466557.204439,1684,2877,3_S
1789466557.2064981,1989,2878,3_S
1789466557.208556,2592,2879,3_S
1789466557.21063,3254,2882,3_S
1789466557.212756,3454,2883,3_S
1789466557.219014,2806,2880,3_S
1789466557.219778,1355,2876,3_S
1789466557.220196,855,2876,3_S
1789466557.223018,1295,2876,3_S
1789466557.223393,1562,2877,3_S
1789466557.224912,1417,2875,3_S
1789466557.2284749,1581,2876,3_S
1789466557.228714,2007,2878,3_S
1789466557.231483,2142,2878,3_S
1789466557.232775,2332,2879,3_S
1789466557.235362,3002,2881,3_S
1789466557.236585,2203,2879,3_S
1789466557.2388868,2043,2877,3_S
1789466557.241438,1987,2878,3_S
1789466557.242729,1572,2878,3_S
1789466557.245286,1691,2876,3_S
1789466557.246582,1742,2875,3_S
1789466557.2491362,1777,2877,3_S
1789466557.251446,1811,2877,3_S
1789466557.252738,1961,2878,3_S
1789466557.254803,1981,2876,3_S
1789466557.257104,2161,2878,3_S
1789466557.258445,2177,2878,3_S
1789466557.263419,2301,2878,3_S
1789466557.263818,2155,2879,3_S
1789466557.265926,1907,2878,3_S
1789466557.267734,2205,2878,3_S
1789466557.269269,2355,2880,3_S
1789466557.2708411,2238,2879,3_S
1789466557.2731688,1693,2876,3_S
1789466557.274855,2156,2877,3_S
1789466557.276949,2205,2877,3_S
1789466557.279017,1542,2876,3_S
1789466557.2813509,1638,2876,3_S
1789466557.28244,2092,2878,3_S
1789466557.284756,1865,2878,3_S
1789466557.2870631,1907,2877,3_S
1789466557.2894442,1805,2878,3_S
1789466557.2908201,1556,2877,3_S
1789466557.293122,2076,2878,3_S
1789466557.2954361,1831,2878,3_S
1789466557.2964852,1793,2878,3_S
1789466557.29886,1985,2877,3_S
1789466557.301176,1899,2877,3_S
1789466557.302467,1981,2877,3_S
1789466557.304558,2152,2878,3_S
1789466557.308754,1994,2876,3_S
1789466557.309213,2603,2881,3_S
1789466557.311218,2851,2880,3_S
1789466557.312824,1756,2876,3_S
1789466557.316019,1365,2876,3_S
1789466557.318402,1891,2876,3_S
1789466557.318628,1879,2876,3_S
1789466557.3214679,1738,2876,3_S
1789466557.322768,1946,2876,3_S
1789466557.325324,2017,2876,3_S
1789466557.326623,1777,2876,3_S
1789466557.329172,1916,2877,3_S
1789466557.330465,1896,2877,3_S
1789466557.332778,2027,2875,3_S
1789466557.3353238,2221,2879,3_S
1789466557.336428,2535,2879,3_S
1789466557.338753,1732,2876,3_S
1789466557.341303,1705,2877,3_S
1789466557.342595,1888,2877,3_S
1789466557.344896,2462,2880,3_S
1789466557.347442,2483,2879,3_S
1789466557.348497,2454,2880,3_S
1789466557.353584,1336,2875,3_S
1789466557.354078,1459,2876,3_S
1789466557.355905,1741,2877,3_S
1789466557.357696,1727,2877,3_S
1789466557.359191,2011,2877,3_S
1789466557.3607402,2386,2879,3_S
1789466557.3632069,2303,2880,3_S
1789466557.3651562,1817,2877,3_S
1789466557.3674712,1866,2876,3_S
1789466557.368764,2239,2879,3_S
1789466557.3713238,2416,2879,3_S
1789466557.3725078,2365,2880,3_S
1789466557.374818,1736,2877,3_S
1789466557.376972,1690,2877,3_S
1789466557.379522,1794,2876,3_S
1789466557.380571,2012,2878,3_S
1789466557.3831182,1653,2876,3_S
1789466557.3854542,1815,2876,3_S
1789466557.3865001,2099,2879,3_S
1789466557.38905,2074,2877,3_S
1789466557.39137,2139,2879,3_S
1789466557.393611,2524,2878,3_S
1789466557.397564,2520,2879,3_S
1789466557.398707,1618,2876,3_S
1789466557.3991418,1723,2876,3_S
1789466557.400566,2503,2879,3_S
1789466557.4040372,2304,2880,3_S
1789466557.405408,1535,2875,3_S
1789466557.407968,1844,2877,3_S
1789466557.409646,1817,2877,3_S
1789466557.4109561,2008,2877,3_S
1789466557.413506,2470,2880,3_S
1789466557.414559,2162,2879,3_S
1789466557.416637,1883,2877,3_S
1789466557.418942,2236,2880,3_S
1789466557.421246,2419,2879,3_S
1789466557.422536,2009,2878,3_S
1789466557.425091,1813,2878,3_S
1789466557.427257,2029,2876,3_S
1789466557.4296262,2275,2879,3_S
1789466557.4306822,2072,2878,3_S
1789466557.433255,2030,2879,3_S
1789466557.435553,2003,2878,3_S
1789466557.436842,3053,2881,3_S
1789466557.439146,2863,2880,3_S
1789466557.44314,1376,2877,3_S
1789466557.443587,1353,2878,3_S
1789466557.4456441,1743,2878,3_S
1789466557.447316,1917,2877,3_S
1789466557.449022,1859,2875,3_S
1789466557.450662,1865,2879,3_S
1789466557.453185,2043,2877,3_S
1789466557.454885,1805,2875,3_S
1789466557.457197,1930,2877,3_S
1789466557.4595141,2220,2878,3_S
1789466557.4608152,2337,2877,3_S
1789466557.4633658,2423,2879,3_S
1789466557.464593,2345,2878,3_S
1789466557.467146,2797,2880,3_S
1789466557.469378,1995,2878,3_S
1789466557.47067,1383,2875,3_S
1789466557.473217,1468,2875,3_S
1789466557.474508,2010,2877,3_S
1789466557.477057,2462,2880,3_S
1789466557.479604,1868,2876,3_S
1789466557.4806569,1798,2876,3_S
1789466557.482971,2370,2880,3_S
1789466557.4883342,2187,2878,3_S
1789466557.4892118,1675,2876,3_S
1789466557.48975,1714,2877,3_S
1789466557.4928498,1935,2876,3_S
1789466557.493335,2055,2876,3_S
1789466557.4961689,2008,2877,3_S
1789466557.498946,2033,2879,3_S
1789466557.4991748,1796,2877,3_S
1789466557.501268,1793,2877,3_S
1789466557.5025768,1861,2876,3_S
1789466557.50842,2042,2877,3_S
1789466557.508827,2166,2878,3_S
1789466557.509252,2385,2880,3_S
1789466557.5110762,2285,2879,3_S
1789466557.514241,2133,2879,3_S
1789466557.515954,2020,2878,3_S
1789466557.518534,2117,2877,3_S
1789466557.518646,2111,2878,3_S
1789466557.521492,2701,2880,3_S
1789466557.522773,1714,2878,3_S
1789466557.5253341,1779,2877,3_S
1789466557.5265322,2271,2877,3_S
1789466557.528838,1938,2877,3_S
1789466557.53139,1680,2876,3_S
1789466557.532683,1852,2877,3_S
1789466557.534991,1914,2878,3_S
1789466557.537549,2105,2878,3_S
1789466557.538868,2130,2879,3_S
1789466557.541424,2281,2880,3_S
1789466557.5427241,2339,2880,3_S
1789466557.544866,2285,2879,3_S
1789466557.547177,2299,2879,3_S
1789466557.549559,2076,2879,3_S
1789466557.554122,2037,2879,3_S
1789466557.55458,2028,2878,3_S
1789466557.554715,2254,2879,3_S
1789466557.556675,1880,2876,3_S
1789466557.5597298,2002,2878,3_S
1789466557.5616388,2703,2880,3_S
1789466557.56439,2619,2879,3_S
1789466557.566527,1811,2876,3_S
1789466557.56671,2233,2879,3_S
1789466557.5692759,1641,2876,3_S
1789466557.573833,1787,2876,3_S
1789466557.574272,1796,2877,3_S
1789466557.5765,1879,2877,3_S
1789466557.576701,1900,2877,3_S
1789466557.5797162,2030,2878,3_S
1789466557.5816371,2280,2879,3_S
1789466557.584416,2485,2879,3_S
1789466557.5864608,1890,2876,3_S
1789466557.586646,1904,2877,3_S
1789466557.588966,2072,2877,3_S
1789466557.591285,2237,2878,3_S
1789466557.592581,2256,2879,3_S
1789466557.595131,2528,2880,3_S
1789466557.597247,1720,2877,3_S
1789466557.5995588,1574,2876,3_S
1789466557.600859,2128,2879,3_S
1789466557.6034088,2197,2880,3_S
1789466557.6057332,2142,2876,3_S
1789466557.607023,2047,2879,3_S
1789466557.6095731,2016,2877,3_S
1789466557.610739,2098,2878,3_S
1789466557.61329,2120,2878,3_S
1789466557.61988,1945,2878,3_S
1789466557.620409,2154,2878,3_S
1789466557.621821,2445,2880,3_S
1789466557.621979,2481,2880,3_S
1789466557.623795,1914,2877,3_S
1789466557.62541,1723,2878,3_S
1789466557.629588,1988,2877,3_S
1789466557.6297238,2126,2879,3_S
1789466557.631739,2087,2877,3_S
1789466557.6329012,2108,2878,3_S
1789466557.635204,2085,2878,3_S
1789466557.63652,2145,2878,3_S
1789466557.638832,2172,2876,3_S
1789466557.641382,2237,2878,3_S
1789466557.642613,1972,2878,3_S
1789466557.64516,2186,2879,3_S
1789466557.647467,2050,2878,3_S
1789466557.6487591,2035,2878,3_S
1789466557.6513112,2036,2878,3_S
1789466557.652601,2139,2879,3_S
1789466557.654909,2105,2876,3_S
1789466557.6574578,1863,2877,3_S
1789466557.6587222,2178,2878,3_S
1789466557.664327,2396,2879,3_S
1789466557.6650581,2018,2878,3_S
1789466557.665519,1900,2877,3_S
1789466557.667093,1962,2877,3_S
1789466557.669993,1977,2879,3_S
1789466557.6718998,2144,2879,3_S
1789466557.674644,2216,2880,3_S
1789466557.674873,2212,2878,3_S
1789466557.6769972,2615,2880,3_S
1789466557.6795552,2505,2880,3_S
1789466557.6808488,1920,2875,3_S
1789466557.6832561,1746,2876,3_S
1789466557.685675,1930,2876,3_S
1789466557.687018,2100,2877,3_S
1789466557.689376,1979,2877,3_S
1789466557.690677,1872,2877,3_S
1789466557.692831,1931,2877,3_S
1789466557.695083,2318,2878,3_S
1789466557.6972,2502,2879,3_S
1789466557.6985412,1998,2879,3_S
1789466557.700783,1874,2875,3_S
1789466557.7033129,2315,2879,3_S
1789466557.705394,2381,2879,3_S
1789466557.7101681,1979,2877,3_S
1789466557.710999,1684,2877,3_S
1789466557.711825,1809,2876,3_S
1789466557.7145338,2075,2878,3_S
1789466557.714946,2007,2878,3_S
1789466557.718152,2120,2878,3_S
1789466557.721218,2228,2879,3_S
1789466557.721451,2063,2876,3_S
1789466557.723254,1985,2877,3_S
1789466557.725334,2179,2878,3_S
1789466557.731362,2327,2879,3_S
1789466557.732161,2111,2878,3_S
1789466557.732644,2179,2878,3_S
1789466557.733786,1871,2876,3_S
1789466557.735724,1971,2876,3_S
1789466557.737658,2300,2880,3_S
1789466557.738989,2152,2879,3_S
1789466557.741968,2066,2877,3_S
1789466557.743669,2038,2877,3_S
1789466557.745277,2105,2880,3_S
1789466557.7465768,2078,2878,3_S
1789466557.749156,2044,2879,3_S
1789466557.751735,2134,2878,3_S
1789466557.752782,2297,2878,3_S
1789466557.7549272,2095,2880,3_S
1789466557.757235,2048,2876,3_S
1789466557.759556,2046,2877,3_S
1789466557.760614,1981,2876,3_S
1789466557.7629209,2074,2879,3_S
1789466557.765501,2069,2877,3_S
1789466557.766575,2043,2877,3_S
1789466557.768901,2055,2879,3_S
1789466557.7712178,2260,2879,3_S
1789466557.77256,2049,2876,3_S
1789466557.7784572,1907,2878,3_S
1789466557.778976,2143,2878,3_S
1789466557.780664,2228,2879,3_S
1789466557.7809632,2171,2877,3_S
1789466557.783974,2109,2877,3_S
1789466557.7889512,2067,2877,3_S
1789466557.789199,2224,2879,3_S
1789466557.789305,2242,2879,3_S
1789466557.791573,2167,2876,3_S
1789466557.792644,1987,2877,3_S
1789466557.794965,2198,2880,3_S
1789466557.799968,2175,2878,3_S
1789466557.800756,2067,2877,3_S
1789466557.802183,1925,2877,3_S
1789466557.8039849,2003,2878,3_S
1789466557.8062851,2117,2879,3_S
1789466557.810616,2026,2877,3_S
1789466557.8107991,1912,2878,3_S
1789466557.8110878,2145,2878,3_S
1789466557.8132632,2244,2879,3_S
1789466557.8145778,2124,2877,3_S
1789466557.816891,2232,2878,3_S
1789466557.8197389,2043,2877,3_S
1789466557.82111,2013,2876,3_S
1789466557.82367,2009,2877,3_S
1789466557.824718,2096,2877,3_S
1789466557.827023,2211,2880,3_S
1789466557.829334,2202,2879,3_S
1789466557.831406,2160,2878,3_S
1789466557.832701,2097,2878,3_S
1789466557.835011,2089,2878,3_S
1789466557.837329,2254,2879,3_S
1789466557.838609,2223,2879,3_S
1789466557.841165,2068,2878,3_S
1789466557.842613,2103,2877,3_S
1789466557.848098,2175,2879,3_S
1789466557.848601,2180,2878,3_S
1789466557.848704,2236,2877,3_S
1789466557.850932,2102,2878,3_S
1789466557.853318,2185,2878,3_S
1789466557.854986,2198,2879,3_S
1789466557.859318,2013,2877,3_S
1789466557.8595898,2055,2878,3_S
1789466557.861723,2246,2879,3_S
1789466557.862777,2267,2878,3_S
1789466557.8656352,2355,2879,3_S
1789466557.869995,2052,2877,3_S
1789466557.8704908,1923,2878,3_S
1789466557.872593,2230,2879,3_S
1789466557.872834,2094,2878,3_S
1789466557.875554,2200,2877,3_S
1789466557.8777668,2235,2879,3_S
1789466557.880707,2168,2879,3_S
1789466557.8808708,2085,2880,3_S
1789466557.8829079,2058,2877,3_S
1789466557.885358,2142,2878,3_S
1789466557.8865862,2250,2878,3_S
1789466557.8889248,2188,2879,3_S
1789466557.891254,2070,2877,3_S
1789466557.892562,2008,2878,3_S
1789466557.894876,2178,2879,3_S
1789466557.8972192,2193,2879,3_S
1789466557.898546,2141,2877,3_S
1789466557.900745,2211,2877,3_S
1789466557.903189,2105,2879,3_S
1789466557.905317,2245,2880,3_S
1789466557.906616,2263,2879,3_S
1789466557.9091032,2258,2879,3_S
1789466557.911576,2127,2878,3_S
1789466557.912867,2107,2879,3_S
1789466557.9207091,2170,2878,3_S
1789466557.922272,2031,2878,3_S
1789466557.925165,1916,2875,3_S
1789466557.926111,2209,2879,3_S
1789466557.928769,2023,2877,3_S
1789466557.9289548,2083,2877,3_S
1789466557.93206,2217,2879,3_S
1789466557.93234,2215,2878,3_S
1789466557.932495,2280,2878,3_S
1789466557.932676,2023,2878,3_S
1789466557.93501,2182,2879,3_S
1789466557.937377,2278,2879,3_S
1789466557.9436128,2607,2880,3_S
1789466557.944082,2225,2879,3_S
1789466557.944185,1754,2876,3_S
1789466557.945823,1984,2877,3_S
1789466557.947964,2251,2879,3_S
1789466557.9494421,2108,2878,3_S
1789466557.954742,1920,2879,3_S
1789466557.955161,2036,2878,3_S
1789466557.955332,2097,2878,3_S
1789466557.957598,2200,2879,3_S
1789466557.958907,2109,2877,3_S
1789466557.961222,2140,2878,3_S
1789466557.962569,2342,2879,3_S
1789466557.964648,2256,2879,3_S
1789466557.966895,2282,2878,3_S
1789466557.968979,2089,2877,3_S
1789466557.971065,2002,2878,3_S
1789466557.9733791,2148,2879,3_S
1789466557.974678,2169,2879,3_S
1789466557.977131,2188,2880,3_S
1789466557.979569,2366,2879,3_S
1789466557.9806259,2122,2878,3_S
1789466557.9831839,2082,2878,3_S
1789466557.985722,2111,2878,3_S
1789466557.987042,2284,2878,3_S
1789466557.989483,2148,2878,3_S
1789466557.994399,1973,2876,3_S
1789466557.995253,1913,2876,3_S
1789466557.9964979,2405,2880,3_S
1789466557.996593,2198,2878,3_S
1789466557.9994738,1984,2878,3_S
1789466558.001845,2017,2879,3_S
1789466558.0048,2071,2878,3_S
1789466558.004991,1967,2876,3_S
1789466558.00733,1802,2877,3_S
1789466558.0096571,2022,2878,3_S
1789466558.011029,2262,2880,3_S
1789466558.015645,2278,2878,3_S
1789466558.016553,2009,2878,3_S
1789466558.0178418,2217,2878,3_S
1789466558.019825,2087,2878,3_S
1789466558.021127,2089,2879,3_S
1789466558.02319,1971,2877,3_S
1789466558.025998,2040,2878,3_S
1789466558.027798,2192,2879,3_S
1789466558.028917,2219,2878,3_S
1789466558.031314,2053,2877,3_S
1789466558.032615,2026,2877,3_S
1789466558.034688,2218,2878,3_S
1789466558.036758,2260,2880,3_S
1789466558.0390668,2185,2879,3_S
1789466558.041152,2120,2877,3_S
1789466558.042557,2155,2878,3_S
1789466558.044626,2187,2879,3_S
1789466558.047175,2170,2878,3_S
1789466558.049243,2037,2877,3_S
1789466558.051563,1862,2874,3_S
1789466558.052955,2012,2877,3_S
1789466558.0553632,1960,2876,3_S
1789466558.0566669,1920,2876,3_S
1789466558.059152,2097,2875,3_S
1789466558.0627809,2115,2879,3_S
1789466558.063178,2154,2878,3_S
1789466558.06589,2157,2877,3_S
1789466558.0676632,2136,2878,3_S
1789466558.069442,2116,2878,3_S
1789466558.07143,2182,2879,3_S
1789466558.074272,1945,2878,3_S
1789466558.076394,2002,2877,3_S
1789466558.07774,2194,2880,3_S
1789466558.079038,2125,2879,3_S
1789466558.0836182,2038,2878,3_S
1789466558.083759,2023,2877,3_S
1789466558.087877,2127,2879,3_S
1789466558.088375,2280,2881,3_S
1789466558.0901608,2224,2880,3_S
1789466558.0922859,1990,2878,3_S
1789466558.095138,2022,2878,3_S
1789466558.095372,2143,2879,3_S
1789466558.09707,2111,2878,3_S
1789466558.099642,2059,2878,3_S
1789466558.100953,2081,2877,3_S
1789466558.1030972,2143,2878,3_S
1789466558.105224,2144,2879,3_S
1789466558.1072981,2048,2876,3_S
1789466558.109611,2063,2878,3_S
1789466558.1109078,2189,2879,3_S
1789466558.113438,2148,2878,3_S
1789466558.114732,2038,2878,3_S
1789466558.117044,2058,2877,3_S
1789466558.1193879,2187,2878,3_S
1789466558.120543,2170,2879,3_S
1789466558.123105,2047,2877,3_S
1789466558.125441,2051,2878,3_S
1789466558.126569,2153,2877,3_S
1789466558.1287239,2088,2879,3_S
1789466558.132751,2088,2878,3_S
1789466558.13312,1908,2877,3_S
1789466558.1370811,2018,2878,3_S
1789466558.138282,2096,2879,3_S
1789466558.140146,2049,2877,3_S
1789466558.1414669,2046,2877,3_S
1789466558.144424,2094,2877,3_S
1789466558.1467142,2069,2877,3_S
1789466558.146778,2142,2878,3_S
1789466558.1489658,2187,2878,3_S
1789466558.155029,2033,2877,3_S
1789466558.155128,2073,2878,3_S
1789466558.156069,2075,2879,3_S
1789466558.1576772,2000,2878,3_S
1789466558.15977,2071,2877,3_S
1789466558.161404,2126,2878,3_S
1789466558.163156,2174,2879,3_S
1789466558.166016,2106,2878,3_S
1789466558.167731,2075,2877,3_S
1789466558.16879,2087,2877,3_S
1789466558.171347,2124,2878,3_S
1789466558.1734312,2028,2876,3_S
1789466558.174531,2009,2878,3_S
1789466558.1768398,2096,2879,3_S
1789466558.1791549,2203,2879,3_S
1789466558.1812239,2095,2878,3_S
1789466558.182532,2017,2877,3_S
1789466558.184861,2055,2877,3_S
1789466558.187179,2148,2878,3_S
1789466558.188533,2071,2877,3_S
1789466558.191057,2000,2878,3_S
1789466558.1933692,2085,2878,3_S
1789466558.195698,2092,2877,3_S
1789466558.1967459,2169,2878,3_S
1789466558.20297,2087,2879,3_S
1789466558.203553,2020,2877,3_S
1789466558.204427,2062,2878,3_S
1789466558.206181,2092,2880,3_S
1789466558.208249,2033,2878,3_S
1789466558.2101812,2053,2878,3_S
1789466558.211631,2135,2878,3_S
1789466558.214456,2174,2879,3_S
1789466558.21475,2068,2878,3_S
1789466558.217671,2011,2878,3_S
1789466558.2188668,2086,2878,3_S
1789466558.22497,2165,2878,3_S
1789466558.225419,2088,2877,3_S
1789466558.2258098,2066,2877,3_S
1789466558.2277288,2070,2878,3_S
1789466558.2296388,2135,2879,3_S
1789466558.231097,2047,2878,3_S
1789466558.2332218,1998,2877,3_S
1789466558.23597,2068,2878,3_S
1789466558.237747,2108,2878,3_S
1789466558.238809,2050,2877,3_S
1789466558.241368,2024,2879,3_S
1789466558.242551,2087,2878,3_S
1789466558.245119,2183,2879,3_S
1789466558.247669,2133,2878,3_S
1789466558.24897,2066,2877,3_S
1789466558.2516491,2021,2878,3_S
1789466558.2529652,2100,2879,3_S
1789466558.255519,2145,2878,3_S
1789466558.256577,2022,2876,3_S
1789466558.259135,2087,2877,3_S
1789466558.261458,2214,2880,3_S
1789466558.262752,2165,2878,3_S
1789466558.265301,2065,2877,3_S
1789466558.2665951,2074,2877,3_S
1789466558.2724428,2030,2878,3_S
1789466558.273328,2059,2879,3_S
1789466558.274606,1966,2877,3_S
1789466558.27584,1985,2878,3_S
1789466558.27745,2026,2878,3_S
1789466558.2791932,2130,2879,3_S
1789466558.281248,2064,2879,3_S
1789466558.283801,2089,2878,3_S
1789466558.285583,2075,2877,3_S
1789466558.28688,2145,2879,3_S
1789466558.289431,2041,2877,3_S
1789466558.2937222,2049,2878,3_S
1789466558.2945752,2241,2880,3_S
1789466558.295029,2363,2879,3_S
1789466558.296822,2007,2879,3_S
1789466558.3000362,1890,2876,3_S
1789466558.301758,2015,2879,3_S
1789466558.304283,2100,2879,3_S
1789466558.306437,2096,2879,3_S
1789466558.306592,2131,2878,3_S
1789466558.3091478,2132,2878,3_S
1789466558.3114722,2002,2876,3_S
1789466558.312715,2333,2880,3_S
1789466558.315037,2229,2879,3_S
1789466558.3173592,2123,2878,3_S
1789466558.318654,2211,2877,3_S
1789466558.321227,1861,2876,3_S
1789466558.3234031,1614,2877,3_S
1789466558.3254888,2149,2878,3_S
1789466558.327553,2225,2880,3_S
1789466558.328984,1931,2876,3_S
1789466558.3312309,2096,2879,3_S
1789466558.33263,2394,2879,3_S
1789466558.335336,1979,2877,3_S
1789466558.336786,2155,2878,3_S
1789466558.342578,2706,2881,3_S
1789466558.343115,2294,2879,3_S
1789466558.344859,1502,2877,3_S
1789466558.345126,1683,2877,3_S
1789466558.347714,2385,2879,3_S
1789466558.35039,2190,2878,3_S
1789466558.35565,1424,2874,3_S
1789466558.3562481,1571,2875,3_S
1789466558.3563268,2129,2879,3_S
1789466558.3576362,1993,2877,3_S
1789466558.3589451,1695,2877,3_S
1789466558.363997,1922,2877,3_S
1789466558.364562,2150,2878,3_S
1789466558.366518,2999,2881,3_S
1789466558.368469,2344,2878,3_S
1789466558.3701818,1516,2876,3_S
1789466558.372022,1621,2877,3_S
1789466558.37476,1869,2878,3_S
1789466558.3748832,2407,2880,3_S
1789466558.3775868,1971,2877,3_S
1789466558.378637,1847,2876,3_S
1789466558.380938,1727,2875,3_S
1789466558.3832672,1862,2877,3_S
1789466558.385605,1990,2878,3_S
1789466558.386666,2604,2880,3_S
1789466558.389227,2488,2879,3_S
1789466558.391304,2024,2875,3_S
1789466558.3926022,2076,2876,3_S
1789466558.395154,2095,2878,3_S
1789466558.397465,2156,2879,3_S
1789466558.3997738,2153,2878,3_S
1789466558.400863,2069,2878,3_S
1789466558.403425,2237,2877,3_S
1789466558.405746,2253,2878,3_S
1789466558.406792,2160,2877,3_S
1789466558.412201,1923,2877,3_S
1789466558.4127622,1835,2878,3_S
1789466558.413285,2189,2880,3_S
1789466558.415329,2181,2878,3_S
1789466558.417521,1890,2877,3_S
1789466558.419477,1918,2877,3_S
1789466558.420993,2021,2878,3_S
1789466558.423777,2176,2880,3_S
1789466558.425925,1988,2877,3_S
1789466558.427226,2275,2878,3_S
1789466558.43401,2624,2880,3_S
1789466558.434592,1920,2876,3_S
1789466558.434678,2110,2880,3_S
1789466558.435097,2115,2877,3_S
1789466558.438144,1860,2876,3_S
1789466558.4398131,1746,2877,3_S
1789466558.441474,1744,2877,3_S
1789466558.4440992,1938,2878,3_S
1789466558.4458702,2082,2877,3_S
1789466558.447167,2048,2879,3_S
1789466558.449725,2006,2878,3_S
1789466558.450783,1982,2877,3_S
1789466558.452852,2324,2879,3_S
1789466558.4554,2450,2880,3_S
1789466558.456697,1804,2877,3_S
1789466558.459009,2028,2878,3_S
1789466558.4615612,2306,2880,3_S
1789466558.462854,2003,2877,3_S
1789466558.464969,2076,2878,3_S
1789466558.467275,1960,2878,3_S
1789466558.4686341,2058,2877,3_S
1789466558.471074,2496,2880,3_S
1789466558.473631,2017,2877,3_S
1789466558.474925,2309,2880,3_S
1789466558.480555,1872,2877,3_S
1789466558.4809952,2004,2877,3_S
1789466558.481384,2103,2879,3_S
1789466558.483142,1776,2875,3_S
1789466558.4858801,1850,2878,3_S
1789466558.488235,2097,2878,3_S
1789466558.490747,2434,2880,3_S
1789466558.490898,1665,2876,3_S
1789466558.493563,1725,2878,3_S
1789466558.494859,1930,2877,3_S
1789466558.497267,2136,2877,3_S
1789466558.499834,2027,2879,3_S
1789466558.501128,2028,2878,3_S
1789466558.5032792,2109,2878,3_S
1789466558.504628,1923,2878,3_S
1789466558.507179,2060,2877,3_S
1789466558.509731,2440,2880,3_S
1789466558.511026,1864,2878,3_S
1789466558.5133288,1954,2877,3_S
1789466558.5155032,2094,2879,3_S
1789466558.5166771,1956,2878,3_S
1789466558.518999,2119,2878,3_S
1789466558.521517,1776,2877,3_S
1789466558.5226822,1762,2876,3_S
1789466558.527266,1997,2877,3_S
1789466558.527842,2162,2877,3_S
1789466558.530335,2237,2878,3_S
1789466558.532347,2273,2879,3_S
1789466558.533685,2090,2878,3_S
1789466558.5357702,1890,2878,3_S
1789466558.538529,2198,2878,3_S
1789466558.538836,2081,2880,3_S
1789466558.541406,2165,2879,3_S
1789466558.542706,1749,2877,3_S
1789466558.549056,2027,2878,3_S
1789466558.551182,2224,2879,3_S
1789466558.552911,2079,2879,3_S
1789466558.554123,1953,2878,3_S
1789466558.5549939,1916,2878,3_S
1789466558.555409,2044,2878,3_S
1789466558.557188,1846,2876,3_S
1789466558.559786,2068,2877,3_S
1789466558.5618792,2262,2878,3_S
1789466558.563176,2448,2881,3_S
1789466558.565255,2149,2879,3_S
1789466558.567817,1935,2877,3_S
1789466558.5691898,1927,2877,3_S
1789466558.571748,2101,2878,3_S
1789466558.572808,2161,2880,3_S
1789466558.575327,1955,2877,3_S
1789466558.576664,1908,2878,3_S
1789466558.579221,2082,2877,3_S
1789466558.581523,2188,2878,3_S
1789466558.582817,2036,2878,3_S
1789466558.585378,1985,2877,3_S
1789466558.586677,2346,2878,3_S
1789466558.589237,1984,2876,3_S
1789466558.591517,1905,2877,3_S
1789466558.593065,2205,2878,3_S
1789466558.597425,1921,2877,3_S
1789466558.598026,1931,2877,3_S
1789466558.6005208,2177,2878,3_S
1789466558.602765,2092,2877,3_S
1789466558.603322,1956,2877,3_S
1789466558.60498,1743,2876,3_S
1789466558.608892,1830,2876,3_S
1789466558.6090088,1970,2879,3_S
1789466558.6114151,2146,2878,3_S
1789466558.612724,2283,2879,3_S
1789466558.620663,2127,2879,3_S
1789466558.6221209,2048,2877,3_S
1789466558.6222668,2089,2877,3_S
1789466558.6224608,2150,2878,3_S
1789466558.624736,2007,2877,3_S
1789466558.6252291,2073,2876,3_S
1789466558.6278322,2091,2878,3_S
1789466558.630399,2140,2877,3_S
1789466558.6325738,2017,2878,3_S
1789466558.632837,2029,2877,3_S
1789466558.635493,2045,2877,3_S
1789466558.636868,2118,2879,3_S
1789466558.6393778,2096,2879,3_S
1789466558.640691,1889,2877,3_S
1789466558.643244,1997,2877,3_S
1789466558.645795,2094,2877,3_S
1789466558.647088,1972,2877,3_S
1789466558.649642,2021,2878,3_S
1789466558.6507149,2091,2877,3_S
1789466558.6533928,2188,2877,3_S
1789466558.654718,2201,2879,3_S
1789466558.657281,1893,2877,3_S
1789466558.6596029,1943,2877,3_S
1789466558.6606898,2196,2878,3_S
1789466558.663162,2226,2879,3_S
1789466558.6677492,2225,2878,3_S
1789466558.668727,1904,2877,3_S
1789466558.669646,1836,2877,3_S
1789466558.672715,2156,2879,3_S
1789466558.6731808,1952,2877,3_S
1789466558.676094,1911,2878,3_S
1789466558.678825,2059,2878,3_S
1789466558.6789482,2213,2879,3_S
1789466558.681648,2153,2878,3_S
1789466558.682949,2122,2878,3_S
1789466558.688603,1981,2877,3_S
1789466558.689852,2183,2878,3_S
1789466558.6906161,2005,2877,3_S
1789466558.691968,2030,2878,3_S
1789466558.693737,2143,2878,3_S
1789466558.695371,2506,2880,3_S
1789466558.697439,2474,2879,3_S
1789466558.69991,2331,2878,3_S
1789466558.701665,1957,2877,3_S
1789466558.702733,1527,2876,3_S
1789466558.705298,1843,2877,3_S
1789466558.70669,1939,2878,3_S
1789466558.7092512,1877,2877,3_S
1789466558.7113159,1904,2877,3_S
1789466558.7136261,1993,2878,3_S
1789466558.71492,1774,2877,3_S
1789466558.7174652,1772,2875,3_S
1789466558.7196941,2225,2879,3_S
1789466558.721002,2347,2879,3_S
1789466558.723565,2276,2879,3_S
1789466558.724861,2083,2877,3_S
1789466558.727324,2115,2878,3_S
1789466558.729593,2420,2880,3_S
1789466558.730701,2287,2879,3_S
1789466558.7370508,2217,2878,3_S
1789466558.737553,1950,2878,3_S
1789466558.7383869,1969,2876,3_S
1789466558.740282,2229,2879,3_S
1789466558.742152,2419,2880,3_S
1789466558.7434611,2372,2879,3_S
1789466558.7454631,2004,2876,3_S
1789466558.7478971,2031,2879,3_S
1789466558.7500658,1794,2876,3_S
1789466558.7511199,1710,2876,3_S
1789466558.7540212,1884,2875,3_S
1789466558.758347,2006,2876,3_S
1789466558.758848,1941,2877,3_S
1789466558.759305,2145,2879,3_S
1789466558.760865,2309,2878,3_S
1789466558.7638028,2145,2878,3_S
1789466558.766069,2115,2879,3_S
1789466558.768595,1907,2877,3_S
1789466558.7687411,1858,2876,3_S
1789466558.771725,2282,2880,3_S
1789466558.773023,2694,2879,3_S
1789466558.775341,2286,2878,3_S
1789466558.7767072,1875,2875,3_S
1789466558.779267,1919,2876,3_S
1789466558.781583,2057,2877,3_S
1789466558.782733,2217,2880,3_S
1789466558.784817,2215,2878,3_S
1789466558.786889,2422,2878,3_S
1789466558.789448,2280,2878,3_S
1789466558.790745,1614,2876,3_S
1789466558.793219,1628,2877,3_S
1789466558.7955258,2339,2879,3_S
1789466558.796818,2290,2878,3_S
1789466558.799229,1741,2876,3_S
1789466558.801013,1555,2876,3_S
1789466558.8071628,2733,2880,3_S
1789466558.807703,2522,2880,3_S
1789466558.807866,1775,2875,3_S
1789466558.809255,1754,2876,3_S
1789466558.8123982,1653,2877,3_S
1789466558.814412,2247,2877,3_S
1789466558.816937,2199,2879,3_S
1789466558.817348,1877,2876,3_S
1789466558.819139,1944,2878,3_S
1789466558.821501,2048,2879,3_S
1789466558.8274481,1774,2876,3_S
1789466558.827947,2143,2879,3_S
1789466558.828774,2252,2879,3_S
1789466558.8293052,1969,2877,3_S
1789466558.832407,1979,2877,3_S
1789466558.834191,2118,2878,3_S
1789466558.836017,2082,2878,3_S
1789466558.838465,2673,2879,3_S
1789466558.8407848,2810,2880,3_S
1789466558.840821,2774,2880,3_S
1789466558.843126,3345,2882,3_S
1789466558.8456059,2697,2880,3_S
1789466558.846694,1129,2877,3_S
1789466558.849248,1328,2877,3_S
1789466558.8515542,2437,2879,3_S
1789466558.85286,1526,2875,3_S
1789466558.855177,740,2876,3_S
1789466558.857485,1096,2876,3_S
1789466558.858782,1341,2874,3_S
1789466558.8610969,1992,2879,3_S
1789466558.863476,2531,2880,3_S
1789466558.865786,2191,2879,3_S
1789466558.866849,2451,2879,3_S
1789466558.869399,2394,2879,3_S
1789466558.870647,2113,2878,3_S
1789466558.875285,1835,2876,3_S
1789466558.8759959,1711,2876,3_S
1789466558.8775208,1952,2876,3_S
1789466558.879041,2095,2879,3_S
1789466558.8823948,2140,2878,3_S
1789466558.884843,2616,2879,3_S
1789466558.8849769,2115,2878,3_S
1789466558.88701,1926,2876,3_S
1789466558.88957,2456,2880,3_S
1789466558.8908648,1939,2877,3_S
1789466558.892936,1852,2877,3_S
1789466558.895249,1814,2877,3_S
1789466558.897551,2103,2878,3_S
1789466558.899773,2136,2879,3_S
1789466558.90082,2010,2878,3_S
1789466558.9031281,1864,2877,3_S
1789466558.9052842,1899,2877,3_S
1789466558.906673,1764,2877,3_S
1789466558.908793,1845,2878,3_S
1789466558.911099,2038,2877,3_S
1789466558.913646,2381,2879,3_S
1789466558.914936,1897,2877,3_S
1789466558.9197912,1595,2874,3_S
1789466558.920266,1862,2876,3_S
1789466558.921895,2313,2879,3_S
1789466558.923774,1729,2877,3_S
1789466558.9257028,1846,2876,3_S
1789466558.9270241,2290,2880,3_S
1789466558.929549,2426,2879,3_S
1789466558.931645,2001,2878,3_S
1789466558.9329479,2148,2879,3_S
1789466558.935267,2158,2879,3_S
1789466558.9373639,2055,2878,3_S
1789466558.9386969,2067,2877,3_S
1789466558.9410172,2491,2880,3_S
1789466558.943223,1503,2876,3_S
1789466558.945784,1384,2877,3_S
1789466558.947077,2007,2879,3_S
1789466558.949451,3371,2881,3_S
1789466558.950743,2022,2877,3_S
1789466558.953295,1460,2876,3_S
1789466558.954657,1478,2879,3_S
1789466558.956954,1521,2877,3_S
1789466558.95927,1871,2878,3_S
1789466558.964363,2187,2879,3_S
1789466558.964847,1861,2879,3_S
1789466558.9653141,1813,2877,3_S
1789466558.967315,2057,2878,3_S
1789466558.9703019,1922,2878,3_S
1789466558.9726772,2535,2880,3_S
1789466558.975311,2314,2878,3_S
1789466558.9754822,2410,2878,3_S
1789466558.977571,2429,2880,3_S
1789466558.978871,1774,2876,3_S
1789466558.981057,2194,2878,3_S
1789466558.9850082,1680,2875,3_S
1789466558.9878259,1541,2875,3_S
1789466558.988024,1763,2877,3_S
1789466558.989603,2051,2877,3_S
1789466558.991018,1731,2876,3_S
1789466558.993425,1847,2878,3_S
1789466558.996068,2003,2877,3_S
1789466558.998383,2208,2879,3_S
1789466558.999487,2791,2881,3_S
1789466559.000791,1809,2878,3_S
1789466559.0029628,1774,2876,3_S
1789466559.005147,2116,2878,3_S
1789466559.007715,2510,2880,3_S
1789466559.008776,2607,2880,3_S
1789466559.011096,1516,2876,3_S
1789466559.0134048,1299,2875,3_S
1789466559.014718,1725,2875,3_S
1789466559.017347,2105,2879,3_S
1789466559.01971,2012,2879,3_S
1789466559.020832,1974,2879,3_S
1789466559.022911,1979,2877,3_S
1789466559.0252402,1930,2876,3_S
1789466559.027793,2730,2879,3_S
1789466559.0290911,3060,2881,3_S
1789466559.034115,1592,2876,3_S
1789466559.0347269,1378,2876,3_S
1789466559.03569,1933,2876,3_S
1789466559.037408,2077,2876,3_S
1789466559.039113,1827,2876,3_S
1789466559.042583,1864,2877,3_S
1789466559.042712,1865,2877,3_S
1789466559.045542,2237,2878,3_S
1789466559.047711,2028,2878,3_S
1789466559.048759,2022,2878,3_S
1789466559.051483,1993,2876,3_S
1789466559.055466,2124,2880,3_S
1789466559.056012,2243,2879,3_S
1789466559.058165,2139,2879,3_S
1789466559.059883,2291,2879,3_S
1789466559.062145,2100,2879,3_S
1789466559.0635588,2094,2878,3_S
1789466559.0663629,2203,2879,3_S
1789466559.068628,2059,2879,3_S
1789466559.0686662,2359,2879,3_S
1789466559.0709891,2377,2880,3_S
1789466559.073319,2181,2879,3_S
1789466559.075721,2110,2879,3_S
1789466559.077016,2164,2879,3_S
1789466559.079329,1659,2877,3_S
1789466559.0816388,1844,2877,3_S
1789466559.082709,2210,2879,3_S
1789466559.084783,2363,2879,3_S
1789466559.0868568,2709,2879,3_S
1789466559.088929,2342,2878,3_S
1789466559.091234,1685,2877,3_S
1789466559.093626,1844,2877,3_S
1789466559.094719,2079,2877,3_S
1789466559.097025,2443,2879,3_S
1789466559.103683,2361,2879,3_S
1789466559.104637,2175,2878,3_S
1789466559.105067,1945,2878,3_S
1789466559.1062999,2158,2879,3_S
1789466559.10789,2142,2879,3_S
1789466559.109772,2141,2877,3_S
1789466559.111511,2132,2878,3_S
1789466559.11424,2352,2879,3_S
1789466559.116311,2245,2879,3_S
1789466559.1173701,2139,2878,3_S
1789466559.118659,2221,2878,3_S
1789466559.1240509,2216,2879,3_S
1789466559.12495,1897,2877,3_S
1789466559.126836,2002,2877,3_S
1789466559.12841,2393,2880,3_S
1789466559.130762,2434,2880,3_S
1789466559.1321301,2191,2879,3_S
1789466559.135117,1956,2877,3_S
1789466559.135438,1973,2878,3_S
1789466559.1372852,1903,2876,3_S
1789466559.139627,1746,2877,3_S
1789466559.1407528,1900,2878,3_S
1789466559.1430771,2076,2877,3_S
1789466559.145643,2138,2879,3_S
1789466559.14694,2306,2879,3_S
1789466559.149492,1994,2877,3_S
1789466559.150792,2032,2878,3_S
1789466559.1533902,2382,2879,3_S
1789466559.154598,2736,2881,3_S
1789466559.156672,2299,2880,3_S
1789466559.158987,1833,2877,3_S
1789466559.161304,1909,2877,3_S
1789466559.1639,2013,2877,3_S
1789466559.1651928,1968,2876,3_S
1789466559.1677608,1924,2878,3_S
1789466559.1719491,1911,2878,3_S
1789466559.172436,1982,2877,3_S
1789466559.174572,1873,2875,3_S
1789466559.1747909,2017,2876,3_S
1789466559.177492,2338,2880,3_S
1789466559.179777,3274,2883,3_S
1789466559.182661,2679,2880,3_S
1789466559.182959,1426,2875,3_S
1789466559.1857421,1758,2876,3_S
1789466559.187042,2141,2876,3_S
1789466559.189609,1989,2875,3_S
1789466559.190667,1731,2876,3_S
1789466559.192731,1738,2876,3_S
1789466559.1952791,1850,2876,3_S
1789466559.1973891,2079,2877,3_S
1789466559.1986802,2108,2877,3_S
1789466559.200983,2266,2879,3_S
1789466559.203056,2075,2878,3_S
1789466559.205375,2398,2879,3_S
1789466559.2067158,2067,2878,3_S
1789466559.2093692,2510,2880,3_S
1789466559.211841,2574,2880,3_S
1789466559.213142,1831,2875,3_S
1789466559.218487,1696,2876,3_S
1789466559.21897,1972,2876,3_S
1789466559.219938,2151,2879,3_S
1789466559.221602,2147,2878,3_S
1789466559.22325,2141,2878,3_S
1789466559.224858,1779,2877,3_S
1789466559.227056,1704,2877,3_S
1789466559.230059,2158,2880,3_S
1789466559.232146,2378,2879,3_S
1789466559.233237,2819,2880,3_S
1789466559.2394729,1749,2875,3_S
1789466559.239903,1556,2877,3_S
1789466559.240412,1917,2877,3_S
1789466559.2408671,1997,2876,3_S
1789466559.2437499,1854,2877,3_S
1789466559.245877,1908,2876,3_S
1789466559.247186,1954,2878,3_S
1789466559.2501278,1977,2878,3_S
1789466559.2522619,2254,2879,3_S
1789466559.253317,2437,2879,3_S
1789466559.255635,2670,2880,3_S
1789466559.256791,2261,2879,3_S
1789466559.259341,1821,2878,3_S
1789466559.260633,2133,2877,3_S
1789466559.2631838,2242,2880,3_S
1789466559.2653189,2049,2878,3_S
1789466559.266614,2254,2879,3_S
1789466559.2689211,1528,2876,3_S
1789466559.271471,1674,2877,3_S
1789466559.272774,2062,2877,3_S
1789466559.274845,2251,2878,3_S
1789466559.2771468,2614,2880,3_S
1789466559.279455,1690,2876,3_S
1789466559.280749,1650,2876,3_S
1789466559.2845912,2286,2879,3_S
1789466559.285409,1954,2878,3_S
1789466559.287637,2019,2878,3_S
1789466559.2890508,2085,2877,3_S
1789466559.2912252,1877,2877,3_S
1789466559.292615,1879,2877,3_S
1789466559.295556,2207,2879,3_S
1789466559.297544,2224,2878,3_S
1789466559.298839,2066,2877,3_S
1789466559.30101,2005,2878,3_S
1789466559.303576,2099,2878,3_S
1789466559.304868,2209,2880,3_S
1789466559.307416,2261,2880,3_S
1789466559.3085701,2624,2881,3_S
1789466559.311121,2688,2881,3_S
1789466559.313418,2064,2879,3_S
1789466559.315737,1901,2877,3_S
1789466559.316787,2107,2879,3_S
1789466559.318849,1718,2877,3_S
1789466559.321409,1960,2877,3_S
1789466559.3227038,1943,2877,3_S
1789466559.325016,1891,2876,3_S
1789466559.331247,1775,2876,3_S
1789466559.3319411,2135,2879,3_S
1789466559.3320708,2256,2879,3_S
1789466559.3345768,2321,2879,3_S
1789466559.334959,2622,2880,3_S
1789466559.338146,2149,2878,3_S
1789466559.341197,1959,2876,3_S
1789466559.341325,1698,2878,3_S
1789466559.3435059,1915,2877,3_S
1789466559.344853,2043,2877,3_S
1789466559.3473861,2144,2879,3_S
1789466559.349702,1862,2877,3_S
1789466559.350816,1943,2877,3_S
1789466559.353143,2272,2878,3_S
1789466559.355219,2357,2880,3_S
1789466559.3565881,1983,2877,3_S
1789466559.358676,2006,2878,3_S
1789466559.361013,2092,2878,3_S
1789466559.363575,2172,2878,3_S
1789466559.364692,2087,2879,3_S
1789466559.367261,2098,2878,3_S
1789466559.369492,2112,2879,3_S
1789466559.3705668,2162,2879,3_S
1789466559.377147,2097,2877,3_S
1789466559.377704,2225,2877,3_S
1789466559.378659,2582,2882,3_S
1789466559.380362,2035,2877,3_S
1789466559.3826299,1980,2878,3_S
1789466559.383771,1775,2876,3_S
1789466559.393239,1914,2875,3_S
1789466559.395925,2066,2878,3_S
1789466559.396055,1988,2877,3_S
1789466559.396096,1952,2877,3_S
1789466559.3961349,2047,2877,3_S
1789466559.39617,2009,2877,3_S
1789466559.397254,2087,2878,3_S
1789466559.398887,2065,2878,3_S
1789466559.405992,2091,2878,3_S
1789466559.40832,2181,2878,3_S
1789466559.4173791,2138,2879,3_S
1789466559.419731,1953,2876,3_S
1789466559.419782,2111,2878,3_S
1789466559.419817,2261,2880,3_S
1789466559.419852,2255,2878,3_S
1789466559.4198852,2249,2878,3_S
1789466559.419918,2220,2879,3_S
1789466559.41995,1977,2878,3_S
1789466559.421549,2088,2880,3_S
1789466559.422951,1980,2877,3_S
1789466559.425674,2180,2877,3_S
1789466559.429356,2213,2879,3_S
1789466559.4294121,2073,2878,3_S
1789466559.431253,2061,2878,3_S
1789466559.432665,1986,2879,3_S
1789466559.4353302,2074,2878,3_S
1789466559.436983,2182,2878,3_S
1789466559.439617,2133,2879,3_S
1789466559.441073,2060,2876,3_S
1789466559.444164,2100,2878,3_S
1789466559.44561,2202,2879,3_S
1789466559.447168,2138,2878,3_S
1789466559.448699,2033,2877,3_S
1789466559.452435,2179,2878,3_S
1789466559.452661,2248,2879,3_S
1789466559.457161,2125,2879,3_S
1789466559.457333,1978,2876,3_S
1789466559.458726,2018,2878,3_S
1789466559.483209,2122,2877,3_S
1789466559.486942,2291,2879,3_S
1789466559.487037,2124,2878,3_S
1789466559.487087,2138,2878,3_S
1789466559.4871821,2134,2878,3_S
1789466559.4874701,2249,2878,3_S
1789466559.487595,2207,2879,3_S
1789466559.487828,2014,2877,3_S
1789466559.488318,2072,2878,3_S
1789466559.488771,2163,2879,3_S
1789466559.488944,2244,2879,3_S
1789466559.489022,2164,2877,3_S
1789466559.489086,1974,2877,3_S
1789466559.4892201,2058,2878,3_S
1789466559.4892921,2152,2880,3_S
1789466559.4906728,2102,2877,3_S
1789466559.512626,2145,2878,3_S
1789466559.5129302,2216,2879,3_S
1789466559.513234,2160,2878,3_S
1789466559.516051,2091,2878,3_S
1789466559.516114,2128,2877,3_S
1789466559.51617,2117,2878,3_S
1789466559.5162098,2092,2878,3_S
1789466559.5162492,2037,2877,3_S
1789466559.516287,2045,2877,3_S
1789466559.516324,2108,2877,3_S
1789466559.5163589,2216,2880,3_S
1789466559.516396,2177,2879,3_S
1789466559.517824,2118,2877,3_S
1789466559.519792,2000,2877,3_S
1789466559.521599,2242,2879,3_S
1789466559.522666,2304,2879,3_S
1789466559.5252259,2312,2880,3_S
1789466559.526552,1957,2878,3_S
1789466559.528623,2003,2876,3_S
1789466559.531351,2087,2879,3_S
1789466559.5325701,2020,2878,3_S
1789466559.5350919,2069,2878,3_S
1789466559.537782,2112,2878,3_S
1789466559.539158,2202,2879,3_S
1789466559.5413918,2002,2877,3_S
1789466559.542729,1834,2877,3_S
1789466559.5451462,2125,2877,3_S
1789466559.546593,2297,2879,3_S
1789466559.549491,2224,2880,3_S
1789466559.555466,2258,2877,3_S
1789466559.557035,2042,2877,3_S
1789466559.558858,2099,2878,3_S
1789466559.55909,2020,2876,3_S
1789466559.559296,2160,2877,3_S
1789466559.561928,2356,2880,3_S
1789466559.563494,2373,2879,3_S
1789466559.565558,2134,2878,3_S
1789466559.568753,1996,2877,3_S
1789466559.568956,2050,2877,3_S
1789466559.57126,2147,2878,3_S
1789466559.572574,2204,2879,3_S
1789466559.575011,2206,2879,3_S
1789466559.5797708,2150,2877,3_S
1789466559.579929,2092,2876,3_S
1789466559.582848,1883,2876,3_S
1789466559.5831099,2181,2878,3_S
1789466559.585082,2160,2878,3_S
1789466559.5886028,2156,2877,3_S
1789466559.588747,2096,2878,3_S
1789466559.591962,1994,2876,3_S
1789466559.593972,1990,2878,3_S
1789466559.595039,2142,2879,3_S
1789466559.597607,2183,2879,3_S
1789466559.59868,2196,2878,3_S
1789466559.601003,2272,2878,3_S
1789466559.603327,2148,2877,3_S
1789466559.60566,2150,2878,3_S
1789466559.607001,2075,2877,3_S
1789466559.609406,2036,2878,3_S
1789466559.610773,2152,2878,3_S
1789466559.615247,2354,2879,3_S
1789466559.6154199,2023,2878,3_S
1789466559.616566,1978,2877,3_S
1789466559.619047,2074,2877,3_S
1789466559.621543,2030,2878,3_S
1789466559.6229188,2184,2879,3_S
1789466559.625217,2113,2876,3_S
1789466559.632863,2441,2880,3_S
1789466559.633596,2324,2878,3_S
1789466559.6340759,1969,2876,3_S
1789466559.6376488,1830,2875,3_S
1789466559.639105,2054,2878,3_S
1789466559.639253,2106,2878,3_S
1789466559.6402419,1940,2876,3_S
1789466559.6424,1841,2877,3_S
1789466559.645687,2018,2876,3_S
1789466559.645962,2173,2879,3_S
1789466559.6484082,2205,2880,3_S
1789466559.648544,2155,2879,3_S
1789466559.650868,2166,2878,3_S
1789466559.657256,2155,2879,3_S
1789466559.658338,2293,2878,3_S
1789466559.6589,2042,2877,3_S
1789466559.660363,2126,2878,3_S
1789466559.662729,2250,2879,3_S
1789466559.663637,2181,2879,3_S
1789466559.66695,2055,2879,3_S
1789466559.667176,1973,2878,3_S
1789466559.67052,1995,2878,3_S
1789466559.670629,2228,2879,3_S
1789466559.672929,2116,2879,3_S
1789466559.6755142,1958,2877,3_S
1789466559.676584,2010,2877,3_S
1789466559.679233,2167,2879,3_S
1789466559.681501,2280,2878,3_S
1789466559.682815,2060,2878,3_S
1789466559.685142,1965,2878,3_S
1789466559.687573,2074,2878,3_S
1789466559.688705,2084,2877,3_S
1789466559.6912189,2030,2877,3_S
1789466559.69359,2050,2876,3_S
1789466559.6949172,2126,2879,3_S
1789466559.697233,2184,2878,3_S
1789466559.6997042,2120,2877,3_S
1789466559.700767,2093,2876,3_S
1789466559.7033331,2144,2878,3_S
1789466559.705722,2163,2880,3_S
1789466559.707021,1958,2876,3_S
1789466559.713322,1964,2878,3_S
1789466559.714932,2122,2877,3_S
1789466559.715123,2069,2879,3_S
1789466559.716619,2066,2878,3_S
1789466559.716897,2072,2877,3_S
1789466559.719641,2128,2877,3_S
1789466559.7222242,2167,2878,3_S
1789466559.7727308,2084,2876,3_S
1789466559.7812328,1960,2878,3_S
1789466559.781347,2031,2877,3_S
1789466559.781415,2162,2879,3_S
1789466559.7815669,2171,2879,3_S
1789466559.7817369,2097,2878,3_S
1789466559.781833,2142,2878,3_S
1789466559.78201,2088,2878,3_S
1789466559.782163,2054,2876,3_S
1789466559.7822368,2042,2877,3_S
1789466559.782319,2059,2878,3_S
1789466559.7824068,2106,2878,3_S
1789466559.782496,2182,2879,3_S
1789466559.782559,2030,2877,3_S
1789466559.7826,2012,2878,3_S
1789466559.782669,2065,2878,3_S
1789466559.782753,2150,2880,3_S
1789466559.782793,2086,2879,3_S
1789466559.7828329,2069,2878,3_S
1789466559.782874,2153,2877,3_S
1789466559.782922,2173,2880,3_S
1789466559.7829618,2099,2877,3_S
1789466559.7830179,2046,2877,3_S
1789466559.783058,2032,2878,3_S
1789466559.7830982,2132,2879,3_S
1789466559.783154,2083,2877,3_S
1789466559.783197,2046,2878,3_S
1789466559.7832372,2130,2877,3_S
1789466559.783275,2165,2879,3_S
1789466559.783343,2116,2879,3_S
1789466559.783398,2018,2877,3_S
1789466559.784544,2065,2877,3_S
1789466559.7893271,2108,2878,3_S
1789466559.789657,2075,2876,3_S
1789466559.800062,2004,2878,3_S
1789466559.800747,2063,2877,3_S
1789466559.801644,2165,2879,3_S
1789466559.80217,2150,2878,3_S
1789466559.802269,2056,2878,3_S
1789466559.80243,2027,2877,3_S
1789466559.802897,2076,2878,3_S
1789466559.805444,2121,2880,3_S
1789466559.808795,2040,2878,3_S
1789466559.809079,2067,2878,3_S
1789466559.811581,2146,2878,3_S
1789466559.812899,2135,2879,3_S
1789466559.81524,2104,2878,3_S
1789466559.820112,2042,2878,3_S
1789466559.82067,2061,2877,3_S
1789466559.821183,2095,2878,3_S
1789466559.8234391,1982,2875,3_S
1789466559.825263,2027,2878,3_S
1789466559.827035,2131,2878,3_S
1789466559.8293,2161,2879,3_S
1789466559.832625,2062,2878,3_S
1789466559.8327522,2042,2877,3_S
1789466559.83487,2066,2877,3_S
1789466559.837447,2133,2879,3_S
1789466559.838634,2110,2879,3_S
1789466559.840886,1975,2878,3_S
1789466559.843144,1978,2878,3_S
1789466559.845461,2082,2877,3_S
1789466559.847533,2129,2879,3_S
1789466559.8485918,2084,2877,3_S
1789466559.850677,2047,2877,3_S
1789466559.852772,2102,2878,3_S
1789466559.8553002,2174,2878,3_S
1789466559.8566048,2107,2876,3_S
1789466559.85894,2102,2878,3_S
1789466559.861055,2172,2878,3_S
1789466559.8632588,2168,2879,3_S
1789466559.8655202,1994,2878,3_S
1789466559.8666172,1964,2877,3_S
1789466559.868959,2005,2877,3_S
1789466559.877045,2108,2879,3_S
1789466559.877598,2029,2876,3_S
1789466559.879644,1927,2878,3_S
1789466559.8798048,2046,2878,3_S
1789466559.88012,2161,2879,3_S
1789466559.881985,2154,2879,3_S
1789466559.883182,2076,2878,3_S
1789466559.8863208,2071,2877,3_S
1789466559.889427,2115,2878,3_S
1789466559.889687,2072,2877,3_S
1789466559.8922088,2015,2878,3_S
1789466559.893375,2038,2877,3_S
1789466559.895452,2141,2876,3_S
1789466559.901066,2189,2878,3_S
1789466559.901721,2095,2877,3_S
1789466559.902244,2064,2878,3_S
1789466559.904129,2078,2878,3_S
1789466559.9064069,2093,2879,3_S
1789466559.9082298,2024,2877,3_S
1789466559.910054,2019,2877,3_S
1789466559.9129322,2076,2879,3_S
1789466559.91311,2149,2880,3_S
1789466559.915265,2096,2878,3_S
1789466559.916577,2020,2877,3_S
1789466559.918923,2041,2878,3_S
1789466559.921427,2147,2878,3_S
1789466559.922729,2076,2877,3_S
1789466559.925292,2015,2877,3_S
1789466559.926568,2063,2879,3_S
1789466559.92881,2116,2877,3_S
1789466559.930927,2127,2878,3_S
1789466559.933248,2013,2878,3_S
1789466559.934571,2044,2878,3_S
1789466559.936631,2155,2879,3_S
1789466559.938949,2125,2879,3_S
1789466559.9415019,2088,2879,3_S
1789466559.942697,2043,2879,3_S
1789466559.9452522,2113,2878,3_S
1789466559.946581,2138,2880,3_S
1789466559.952269,2074,2878,3_S
1789466559.952408,1935,2877,3_S
1789466559.95503,2008,2877,3_S
1789466559.955244,2068,2879,3_S
1789466559.9568589,1978,2878,3_S
1789466559.960431,1992,2878,3_S
1789466559.963232,2071,2878,3_S
1789466559.96342,2135,2880,3_S
1789466559.9657888,2097,2878,3_S
1789466559.9670951,2036,2878,3_S
1789466559.968714,2048,2878,3_S
1789466559.9736938,2130,2880,3_S
1789466559.9745002,2074,2876,3_S
1789466559.9750242,2016,2878,3_S
1789466559.976795,2106,2880,3_S
1789466559.9796531,2213,2880,3_S
1789466559.981932,2156,2879,3_S
1789466559.984616,2041,2877,3_S
1789466559.984799,2007,2878,3_S
1789466559.9871402,2157,2878,3_S
1789466559.98962,2188,2880,3_S
1789466559.990693,2064,2876,3_S
1789466559.993022,2015,2877,3_S
1789466559.99532,2275,2879,3_S
1789466559.99739,2389,2878,3_S
1789466559.998691,2062,2877,3_S
1789466560.000927,1848,2875,3_S
1789466560.003308,1911,2875,3_S
1789466560.004608,2011,2876,3_S
1789466560.006926,1922,2877,3_S
1789466560.009322,1916,2877,3_S
1789466560.011638,1997,2877,3_S
1789466560.012934,2216,2878,3_S
1789466560.015488,2433,2879,3_S
1789466560.016785,2154,2878,3_S
1789466560.018952,2007,2878,3_S
1789466560.025229,2344,2879,3_S
1789466560.0257978,2761,2879,3_S
1789466560.0262442,2632,2880,3_S
1789466560.0277498,1713,2877,3_S
1789466560.029839,1454,2876,3_S
1789466560.0312908,1766,2876,3_S
1789466560.0334651,1727,2876,3_S
1789466560.036,1747,2876,3_S
1789466560.038347,1887,2878,3_S
1789466560.0396621,1941,2878,3_S
1789466560.040792,1928,2876,3_S
1789466560.046099,2040,2877,3_S
1789466560.046925,2389,2879,3_S
1789466560.047429,3053,2881,3_S
1789466560.049105,2247,2879,3_S
1789466560.052175,1564,2876,3_S
1789466560.054731,1850,2877,3_S
1789466560.057245,2051,2877,3_S
1789466560.057456,1958,2877,3_S
1789466560.0596108,1957,2877,3_S
1789466560.06092,1724,2877,3_S
1789466560.0632372,2280,2878,3_S
1789466560.06569,2305,2878,3_S
1789466560.0669959,2198,2879,3_S
1789466560.069555,2004,2876,3_S
1789466560.0708532,1948,2877,3_S
1789466560.073408,2105,2877,3_S
1789466560.0747101,2221,2879,3_S
1789466560.077176,1890,2876,3_S
1789466560.079531,1916,2876,3_S
1789466560.080833,2156,2878,3_S
1789466560.0833879,2074,2879,3_S
1789466560.08574,2176,2878,3_S
1789466560.0868008,2222,2879,3_S
1789466560.089586,2108,2876,3_S
1789466560.090982,1824,2878,3_S
1789466560.09978,1919,2878,3_S
1789466560.1032598,2113,2879,3_S
1789466560.108717,2111,2879,3_S
1789466560.109451,1931,2877,3_S
1789466560.1119602,1961,2878,3_S
1789466560.1121778,2115,2878,3_S
1789466560.112226,2260,2879,3_S
1789466560.11227,2289,2879,3_S
1789466560.112343,2137,2877,3_S
1789466560.112441,1973,2875,3_S
1789466560.113707,2042,2876,3_S
1789466560.115113,2090,2878,3_S
1789466560.12353,2376,2877,3_S
1789466560.125646,2815,2879,3_S
1789466560.12581,2063,2878,3_S
1789466560.126389,1752,2876,3_S
1789466560.128535,1606,2876,3_S
1789466560.133296,1793,2878,3_S
1789466560.133753,2049,2877,3_S
1789466560.1361868,2222,2878,3_S
1789466560.136283,1986,2877,3_S
1789466560.136405,1553,2875,3_S
1789466560.13755,1846,2876,3_S
1789466560.138861,2111,2878,3_S
1789466560.141462,2161,2876,3_S
1789466560.142594,2238,2878,3_S
1789466560.144883,2194,2879,3_S
1789466560.147439,2259,2879,3_S
1789466560.1495821,2103,2877,3_S
1789466560.1507862,1862,2878,3_S
1789466560.153103,2097,2878,3_S
1789466560.155659,2340,2879,3_S
1789466560.156957,2505,2879,3_S
1789466560.15951,2326,2880,3_S
1789466560.1605692,2233,2880,3_S
1789466560.162879,1941,2877,3_S
1789466560.165198,1756,2875,3_S
1789466560.167506,1829,2875,3_S
1789466560.169151,1834,2876,3_S
1789466560.173221,1871,2876,3_S
1789466560.1738188,1578,2876,3_S
1789466560.175487,1742,2876,3_S
1789466560.1768918,1921,2875,3_S
1789466560.180298,2279,2878,3_S
1789466560.182399,2449,2878,3_S
1789466560.18512,2150,2879,3_S
1789466560.185229,2106,2878,3_S
1789466560.1874712,2267,2878,3_S
1789466560.188792,2371,2879,3_S
1789466560.191205,2025,2876,3_S
1789466560.195464,2022,2877,3_S
1789466560.196345,1902,2877,3_S
1789466560.198412,1873,2875,3_S
1789466560.200112,1931,2875,3_S
1789466560.2021482,2027,2878,3_S
1789466560.20387,2149,2878,3_S
1789466560.206302,1973,2876,3_S
1789466560.20866,1755,2877,3_S
1789466560.208729,1915,2877,3_S
1789466560.211057,2117,2877,3_S
1789466560.213388,2212,2879,3_S
1789466560.215719,2198,2878,3_S
1789466560.2170198,2479,2879,3_S
1789466560.219511,2587,2879,3_S
1789466560.220806,1950,2878,3_S
1789466560.223358,1705,2877,3_S
1789466560.225434,1844,2878,3_S
1789466560.2267299,2018,2878,3_S
1789466560.2292821,2092,2877,3_S
1789466560.230582,1873,2876,3_S
1789466560.232773,1862,2878,3_S
1789466560.234841,1967,2878,3_S
1789466560.2373009,2206,2877,3_S
1789466560.239615,2295,2878,3_S
1789466560.240833,2054,2877,3_S
1789466560.246461,2029,2878,3_S
1789466560.247336,2258,2878,3_S
1789466560.248696,2102,2879,3_S
1789466560.248854,1747,2877,3_S
1789466560.252479,1885,2877,3_S
1789466560.254385,1953,2877,3_S
1789466560.256809,1996,2879,3_S
1789466560.2569711,2054,2878,3_S
1789466560.258867,2109,2877,3_S
1789466560.261429,2052,2877,3_S
1789466560.2625642,2207,2879,3_S
1789466560.267622,2069,2878,3_S
1789466560.2681391,1974,2878,3_S
1789466560.2697742,1951,2877,3_S
1789466560.271126,2153,2879,3_S
1789466560.275261,2011,2877,3_S
1789466560.275459,2259,2880,3_S
1789466560.277822,2313,2880,3_S
1789466560.28021,2132,2877,3_S
1789466560.28128,2302,2879,3_S
1789466560.283596,2104,2878,3_S
1789466560.284907,2043,2878,3_S
1789466560.287474,1851,2875,3_S
1789466560.288786,1885,2877,3_S
1789466560.2911072,2075,2876,3_S
1789466560.29343,2201,2880,3_S
1789466560.2957592,2131,2879,3_S
1789466560.297057,2165,2879,3_S
1789466560.299376,2015,2878,3_S
1789466560.301698,1947,2879,3_S
1789466560.3030012,1967,2877,3_S
1789466560.305065,2060,2877,3_S
1789466560.30762,2075,2877,3_S
1789466560.3086798,2072,2876,3_S
1789466560.311231,1848,2877,3_S
1789466560.312632,2133,2879,3_S
1789466560.317046,2222,2878,3_S
1789466560.3178911,2130,2877,3_S
1789466560.319398,2033,2879,3_S
1789466560.321419,1869,2878,3_S
1789466560.323305,2053,2878,3_S
1789466560.32481,2087,2879,3_S
1789466560.3269749,2142,2879,3_S
1789466560.32878,2215,2878,3_S
1789466560.3312159,2169,2877,3_S
1789466560.3332748,1973,2877,3_S
1789466560.3345768,1993,2879,3_S
1789466560.336648,2052,2876,3_S
1789466560.3388648,2043,2878,3_S
1789466560.340943,2074,2877,3_S
1789466560.343501,2263,2879,3_S
1789466560.3447978,2106,2879,3_S
1789466560.3468668,2211,2877,3_S
1789466560.349417,2241,2879,3_S
1789466560.35055,1925,2876,3_S
1789466560.353108,2172,2879,3_S
1789466560.355423,2152,2877,3_S
1789466560.3565419,1845,2877,3_S
1789466560.359093,1803,2877,3_S
1789466560.36375,1897,2876,3_S
1789466560.3639302,2010,2877,3_S
1789466560.366223,1937,2877,3_S
1789466560.367774,2000,2877,3_S
1789466560.3697689,2283,2880,3_S
1789466560.371509,2303,2880,3_S
1789466560.373875,2139,2877,3_S
1789466560.375988,2090,2878,3_S
1789466560.377046,2196,2878,3_S
1789466560.379314,2456,2879,3_S
1789466560.38372,1873,2875,3_S
1789466560.384215,1839,2875,3_S
1789466560.386563,1725,2875,3_S
1789466560.386844,1892,2877,3_S
1789466560.389733,2060,2877,3_S
1789466560.392097,1724,2877,3_S
1789466560.3943,2004,2877,3_S
1789466560.396557,2183,2878,3_S
1789466560.39662,2328,2879,3_S
1789466560.398932,1701,2876,3_S
1789466560.401398,1648,2876,3_S
1789466560.402698,2098,2876,3_S
1789466560.405226,2150,2879,3_S
1789466560.4065752,2144,2879,3_S
1789466560.408892,1971,2876,3_S
1789466560.411447,1918,2876,3_S
1789466560.412742,2180,2880,3_S
1789466560.415045,2281,2879,3_S
1789466560.417592,1988,2877,3_S
1789466560.418884,1949,2877,3_S
1789466560.4214442,1827,2877,3_S
1789466560.422849,1699,2876,3_S
1789466560.425398,1942,2877,3_S
1789466560.426626,1925,2875,3_S
1789466560.431252,2149,2879,3_S
1789466560.4317691,2022,2878,3_S
1789466560.434174,2060,2878,3_S
1789466560.435782,2201,2878,3_S
1789466560.437361,1999,2877,3_S
1789466560.4416242,2033,2878,3_S
1789466560.4418309,1930,2878,3_S
1789466560.443606,1734,2877,3_S
1789466560.444664,1850,2876,3_S
1789466560.447216,2027,2877,3_S
1789466560.4499662,2274,2879,3_S
1789466560.45102,1984,2877,3_S
1789466560.4535701,2182,2879,3_S
1789466560.456029,2893,2881,3_S
1789466560.457325,2275,2880,3_S
1789466560.459638,1981,2878,3_S
1789466560.460932,1718,2877,3_S
1789466560.463233,2227,2879,3_S
1789466560.4655402,1830,2875,3_S
1789466560.466832,1518,2876,3_S
1789466560.4693818,1675,2876,3_S
1789466560.470548,2079,2878,3_S
1789466560.4730968,2582,2880,3_S
1789466560.479397,2634,2880,3_S
1789466560.479854,2602,2880,3_S
1789466560.480312,2324,2880,3_S
1789466560.4834812,1790,2877,3_S
1789466560.484394,1293,2876,3_S
1789466560.489488,1793,2877,3_S
1789466560.489632,2277,2879,3_S
1789466560.4897301,1478,2876,3_S
1789466560.4914129,1365,2876,3_S
1789466560.492713,1940,2878,3_S
1789466560.495195,3152,2882,3_S
1789466560.49932,2017,2878,3_S
1789466560.50019,1424,2877,3_S
1789466560.502151,1849,2877,3_S
1789466560.504407,2287,2877,3_S
1789466560.506033,2252,2879,3_S
1789466560.507466,1610,2876,3_S
1789466560.5098429,1717,2876,3_S
1789466560.512042,1791,2876,3_S
1789466560.513344,2355,2879,3_S
1789466560.5146399,2128,2878,3_S
1789466560.517201,2148,2877,3_S
1789466560.518563,2371,2879,3_S
1789466560.5211189,3400,2882,3_S
1789466560.52367,2849,2880,3_S
1789466560.524865,1426,2876,3_S
1789466560.52717,1288,2876,3_S
1789466560.52967,2340,2880,3_S
1789466560.530717,1600,2877,3_S
1789466560.533264,1616,2877,3_S
1789466560.534584,2288,2879,3_S
1789466560.5370119,2086,2879,3_S
1789466560.539566,2752,2881,3_S
1789466560.5408618,1996,2878,3_S
1789466560.546805,3226,2881,3_S
1789466560.547262,2396,2879,3_S
1789466560.54775,1599,2877,3_S
1789466560.5494149,1058,2877,3_S
1789466560.5513191,1744,2877,3_S
1789466560.5526662,1992,2876,3_S
1789466560.554615,1679,2879,3_S
1789466560.55712,1386,2874,3_S
1789466560.558923,1366,2877,3_S
1789466560.561486,2185,2878,3_S
1789466560.5625448,2601,2880,3_S
1789466560.566682,2596,2879,3_S
1789466560.567092,2312,2877,3_S
1789466560.5705779,2187,2876,3_S
1789466560.571338,2029,2880,3_S
1789466560.573219,1751,2877,3_S
1789466560.574709,2123,2879,3_S
1789466560.577394,2036,2878,3_S
1789466560.579089,1572,2876,3_S
1789466560.5816581,2170,2877,3_S
1789466560.582718,2280,2880,3_S
1789466560.5851169,2189,2879,3_S
1789466560.58761,1988,2877,3_S
1789466560.588673,1724,2876,3_S
1789466560.590898,1767,2876,3_S
1789466560.593484,1802,2875,3_S
1789466560.594794,2252,2879,3_S
1789466560.597111,1950,2877,3_S
1789466560.599427,1997,2876,3_S
1789466560.600569,2197,2880,3_S
1789466560.602893,2399,2879,3_S
1789466560.6052082,2133,2878,3_S
1789466560.607275,1584,2877,3_S
1789466560.609587,1225,2876,3_S
1789466560.614772,1856,2876,3_S
1789466560.614868,2561,2880,3_S
1789466560.615339,2051,2878,3_S
1789466560.617345,2060,2878,3_S
1789466560.619185,1762,2875,3_S
1789466560.620933,1726,2877,3_S
1789466560.622664,2016,2877,3_S
1789466560.625199,1916,2877,3_S
1789466560.627328,1364,2877,3_S
1789466560.628625,1617,2876,3_S
1789466560.631284,1754,2876,3_S
1789466560.6350029,1905,2879,3_S
1789466560.635103,2114,2880,3_S
1789466560.6374369,2273,2880,3_S
1789466560.6393118,2020,2877,3_S
1789466560.640882,2416,2881,3_S
1789466560.642698,2108,2878,3_S
1789466560.64527,1828,2877,3_S
1789466560.647456,2354,2880,3_S
1789466560.648583,1617,2875,3_S
1789466560.6509,1084,2876,3_S
1789466560.653226,1479,2875,3_S
1789466560.655352,1951,2876,3_S
1789466560.657668,2132,2878,3_S
1789466560.658891,1729,2876,3_S
1789466560.6612039,1868,2877,3_S
1789466560.662557,2235,2879,3_S
1789466560.665109,2245,2878,3_S
1789466560.6675498,2136,2878,3_S
1789466560.668853,1939,2876,3_S
1789466560.6712902,2087,2879,3_S
1789466560.6733608,2341,2879,3_S
1789466560.675672,1926,2877,3_S
1789466560.676964,2165,2879,3_S
1789466560.682443,2109,2879,3_S
1789466560.6835892,2565,2879,3_S
1789466560.684936,1878,2877,3_S
1789466560.685075,1565,2877,3_S
1789466560.687849,1663,2877,3_S
1789466560.690509,1825,2878,3_S
1789466560.69337,2139,2879,3_S
1789466560.693599,1758,2875,3_S
1789466560.695681,2757,2880,3_S
1789466560.697006,1597,2876,3_S
1789466560.699311,2885,2880,3_S
1789466560.703222,2812,2880,3_S
1789466560.704109,791,2876,3_S
1789466560.705984,1725,2876,3_S
1789466560.707561,2069,2878,3_S
1789466560.709161,1655,2877,3_S
1789466560.714004,1749,2876,3_S
1789466560.714334,1909,2880,3_S
1789466560.716077,2005,2877,3_S
1789466560.717144,1876,2876,3_S
1789466560.7194638,2331,2880,3_S
1789466560.721856,2635,2879,3_S
1789466560.723152,2641,2879,3_S
1789466560.725458,2166,2877,3_S
1789466560.726681,2434,2879,3_S
1789466560.7290938,2118,2879,3_S
1789466560.731406,1678,2876,3_S
1789466560.732713,1698,2875,3_S
1789466560.735022,2201,2879,3_S
1789466560.7374258,2101,2876,3_S
1789466560.738724,2155,2880,3_S
1789466560.740785,1533,2877,3_S
1789466560.743059,1720,2877,3_S
1789466560.7453718,2342,2879,3_S
1789466560.750666,1846,2876,3_S
1789466560.751125,1694,2876,3_S
1789466560.751977,2479,2879,3_S
1789466560.7536268,2272,2878,3_S
1789466560.755678,2212,2879,3_S
1789466560.757737,1979,2877,3_S
1789466560.759139,2271,2879,3_S
1789466560.761921,1874,2878,3_S
1789466560.76405,1805,2877,3_S
1789466560.765114,2201,2878,3_S
1789466560.767189,1992,2877,3_S
1789466560.7757819,2175,2879,3_S
1789466560.77656,2456,2879,3_S
1789466560.776682,2082,2879,3_S
1789466560.777098,2032,2876,3_S
1789466560.7778518,1772,2877,3_S
1789466560.7805681,2283,2879,3_S
1789466560.783498,2520,2880,3_S
1789466560.783744,1880,2877,3_S
1789466560.785551,1989,2878,3_S
1789466560.78664,2016,2879,3_S
1789466560.7890298,2236,2879,3_S
1789466560.7913542,2684,2879,3_S
1789466560.792656,1921,2876,3_S
1789466560.795229,1652,2877,3_S
1789466560.797351,1788,2878,3_S
1789466560.7996778,2025,2877,3_S
1789466560.8009741,2142,2878,3_S
1789466560.8033018,1869,2877,3_S
1789466560.804578,1859,2878,3_S
1789466560.8069901,2016,2878,3_S
1789466560.809249,2318,2880,3_S
1789466560.8105469,1935,2877,3_S
1789466560.812844,2274,2880,3_S
1789466560.815166,2491,2880,3_S
1789466560.816651,2698,2879,3_S
1789466560.821661,2328,2879,3_S
1789466560.822701,1443,2876,3_S
1789466560.8245609,1771,2876,3_S
1789466560.824752,1972,2877,3_S
1789466560.8276281,2197,2877,3_S
1789466560.8301098,2115,2879,3_S
1789466560.833167,1902,2876,3_S
1789466560.833317,1832,2876,3_S
1789466560.835125,2166,2878,3_S
1789466560.836438,2242,2879,3_S
1789466560.83899,2284,2878,3_S
1789466560.844086,2009,2877,3_S
1789466560.8460789,2357,2879,3_S
1789466560.8462532,2236,2879,3_S
1789466560.848195,2159,2879,3_S
1789466560.8501692,2354,2879,3_S
1789466560.8515,2109,2879,3_S
1789466560.854561,1823,2876,3_S
1789466560.854698,2197,2878,3_S
1789466560.85685,2056,2877,3_S
1789466560.859159,2196,2877,3_S
1789466560.8613608,2299,2880,3_S
1789466560.862658,1879,2876,3_S
1789466560.864989,1930,2877,3_S
1789466560.8671098,2161,2878,3_S
1789466560.8684769,2398,2878,3_S
1789466560.870786,2467,2880,3_S
1789466560.873099,2116,2878,3_S
1789466560.8751738,2063,2877,3_S
1789466560.8774889,1959,2876,3_S
1789466560.878782,1903,2876,3_S
1789466560.881332,1990,2877,3_S
1789466560.882626,2006,2879,3_S
1789466560.884941,2175,2877,3_S
1789466560.891253,2239,2878,3_S
1789466560.8913941,1982,2878,3_S
1789466560.892203,1981,2876,3_S
1789466560.894138,1815,2879,3_S
1789466560.896096,2127,2879,3_S
1789466560.897707,2605,2880,3_S
1789466560.8996181,2901,2880,3_S
1789466560.902699,3283,2882,3_S
1789466560.902905,1168,2874,3_S
1789466560.9049442,952,2876,3_S
1789466560.9072561,1907,2878,3_S
1789466560.908641,2206,2878,3_S
1789466560.912381,2137,2877,3_S
1789466560.913728,2040,2878,3_S
1789466560.920833,1989,2878,3_S
1789466560.9240031,1919,2878,3_S
1789466560.9243038,1943,2877,3_S
1789466560.9247308,2315,2878,3_S
1789466560.926732,2348,2879,3_S
1789466560.9267762,2439,2880,3_S
1789466560.9268138,2620,2880,3_S
1789466560.929385,2241,2879,3_S
1789466560.930685,2173,2879,3_S
1789466560.9333131,1914,2879,3_S
1789466560.934985,1737,2875,3_S
1789466560.937572,1852,2877,3_S
1789466560.938872,2089,2876,3_S
1789466560.941432,2015,2878,3_S
1789466560.9427211,1967,2878,3_S
1789466560.9444249,1981,2876,3_S
1789466560.946989,2054,2878,3_S
1789466560.949551,2081,2878,3_S
1789466560.9512699,2067,2880,3_S
1789466560.952495,2409,2878,3_S
1789466560.9550998,2251,2879,3_S
1789466560.956508,2215,2878,3_S
1789466560.967486,2021,2878,3_S
1789466560.968558,2046,2877,3_S
1789466560.969867,2143,2879,3_S
1789466560.9703538,2310,2878,3_S
1789466560.97216,2320,2879,3_S
1789466560.9759429,2474,2879,3_S
1789466560.9788742,2115,2878,3_S
1789466560.9791481,1697,2878,3_S
1789466560.979243,1984,2877,3_S
1789466560.979311,2184,2877,3_S
1789466560.979376,2002,2877,3_S
1789466560.980812,1942,2879,3_S
1789466560.98371,1765,2877,3_S
1789466560.9889972,1980,2878,3_S
1789466560.989782,2073,2879,3_S
1789466560.990348,2123,2880,3_S
1789466560.99245,2091,2877,3_S
1789466560.995177,2408,2881,3_S
1789466560.998133,2957,2881,3_S
1789466561.0040262,2193,2878,3_S
1789466561.004468,1607,2875,3_S
1789466561.005013,1974,2878,3_S
1789466561.007597,2000,2877,3_S
1789466561.007684,2173,2878,3_S
1789466561.007753,2046,2877,3_S
1789466561.009105,2039,2877,3_S
1789466561.010561,1990,2876,3_S
1789466561.0132532,1912,2876,3_S
1789466561.014634,1996,2878,3_S
1789466561.0176861,2047,2878,3_S
1789466561.019573,2077,2877,3_S
1789466561.021389,2256,2878,3_S
1789466561.022795,2477,2878,3_S
1789466561.025436,2439,2880,3_S
1789466561.0269928,2232,2879,3_S
1789466561.028548,2012,2876,3_S
1789466561.031295,2147,2880,3_S
1789466561.032736,1890,2876,3_S
1789466561.0355132,1866,2876,3_S
1789466561.036847,2311,2878,3_S
1789466561.039419,2165,2879,3_S
1789466561.040792,2036,2878,3_S
1789466561.049182,1687,2877,3_S
1789466561.05361,1695,2877,3_S
1789466561.056074,2132,2877,3_S
1789466561.058718,2267,2879,3_S
1789466561.059034,2128,2878,3_S
1789466561.0630772,2048,2878,3_S
1789466561.0655081,2300,2880,3_S
1789466561.0662131,2130,2878,3_S
1789466561.066304,2007,2875,3_S
1789466561.06642,2039,2878,3_S
1789466561.0665028,2300,2880,3_S
1789466561.066571,2432,2879,3_S
1789466561.066635,2721,2880,3_S
1789466561.069258,1844,2878,3_S
1789466561.0786712,1573,2876,3_S
1789466561.082486,1908,2877,3_S
1789466561.0840352,1989,2877,3_S
1789466561.0847108,2069,2877,3_S
1789466561.0867252,2097,2877,3_S
1789466561.087179,2161,2878,3_S
1789466561.091443,2062,2877,3_S
1789466561.092049,2077,2877,3_S
1789466561.09472,2281,2878,3_S
1789466561.095675,2208,2878,3_S
1789466561.095764,1917,2877,3_S
1789466561.0958579,1974,2878,3_S
1789466561.095913,2193,2878,3_S
1789466561.097332,2201,2881,3_S
1789466561.098701,2108,2878,3_S
1789466561.101304,2067,2878,3_S
1789466561.1027148,2085,2878,3_S
1789466561.105275,2459,2879,3_S
1789466561.1066182,1979,2876,3_S
1789466561.1092522,2064,2878,3_S
1789466561.1106172,2341,2880,3_S
1789466561.113753,2136,2877,3_S
1789466561.115127,2007,2878,3_S
1789466561.116489,1988,2877,3_S
1789466561.119189,1868,2876,3_S
1789466561.1205719,1994,2878,3_S
1789466561.1232462,2062,2877,3_S
1789466561.124606,2096,2877,3_S
1789466561.127668,2188,2877,3_S
1789466561.129117,2158,2879,3_S
1789466561.130673,2090,2878,3_S
1789466561.133347,2066,2878,3_S
1789466561.135082,2101,2878,3_S
1789466561.140597,2110,2879,3_S
1789466561.141248,2247,2879,3_S
1789466561.144589,2070,2877,3_S
1789466561.145083,2006,2878,3_S
1789466561.148521,2266,2880,3_S
1789466561.149701,2274,2878,3_S
1789466561.150363,2122,2878,3_S
1789466561.157987,1986,2879,3_S
1789466561.1585548,2021,2878,3_S
1789466561.158939,2112,2879,3_S
1789466561.159476,2038,2877,3_S
1789466561.162171,2008,2879,3_S
1789466561.162366,2269,2879,3_S
1789466561.162478,2191,2879,3_S
1789466561.165185,1991,2875,3_S
1789466561.171794,2023,2878,3_S
1789466561.175499,2106,2878,3_S
1789466561.1778738,2313,2879,3_S
1789466561.180056,1962,2878,3_S
1789466561.180237,1863,2876,3_S
1789466561.1877692,1974,2877,3_S
1789466561.1885598,2015,2875,3_S
1789466561.191189,2131,2879,3_S
1789466561.191961,2096,2879,3_S
1789466561.192033,2277,2877,3_S
1789466561.192099,2170,2877,3_S
1789466561.192161,2121,2878,3_S
1789466561.19226,2164,2879,3_S
1789466561.19243,2121,2877,3_S
1789466561.1950562,2017,2877,3_S
1789466561.196525,2173,2880,3_S
1789466561.1992278,2303,2878,3_S
1789466561.200553,1979,2877,3_S
1789466561.2032058,1958,2878,3_S
1789466561.204594,2097,2877,3_S
1789466561.207202,2091,2876,3_S
1789466561.20855,2061,2878,3_S
1789466561.2112179,2078,2877,3_S
1789466561.212594,2148,2879,3_S
1789466561.215723,2213,2878,3_S
1789466561.217097,2135,2877,3_S
1789466561.218466,2048,2877,3_S
1789466561.221192,2116,2879,3_S
1789466561.22258,2175,2879,3_S
1789466561.225546,2126,2878,3_S
1789466561.2268858,2209,2880,3_S
1789466561.2293298,2242,2879,3_S
1789466561.2317371,2244,2878,3_S
1789466561.233228,2327,2879,3_S
1789466561.234581,2014,2877,3_S
1789466561.2372239,1943,2875,3_S
1789466561.2386901,2037,2877,3_S
1789466561.249909,1935,2877,3_S
1789466561.253184,1923,2876,3_S
1789466561.255258,2000,2877,3_S
1789466561.2591848,2084,2878,3_S
1789466561.267336,2071,2878,3_S
1789466561.268339,2019,2878,3_S
1789466561.268498,2042,2878,3_S
1789466561.268567,2233,2880,3_S
1789466561.2686841,2227,2879,3_S
1789466561.2687738,2167,2878,3_S
1789466561.268845,2157,2877,3_S
1789466561.268909,2173,2880,3_S
1789466561.268973,2093,2878,3_S
1789466561.269042,1925,2877,3_S
1789466561.2691042,2066,2878,3_S
1789466561.270485,2197,2878,3_S
1789466561.273152,2091,2880,3_S
1789466561.28443,2025,2877,3_S
1789466561.292427,2151,2878,3_S
1789466561.2929542,2548,2881,3_S
1789466561.2983449,2382,2879,3_S
1789466561.298679,1909,2876,3_S
1789466561.298937,1817,2876,3_S
1789466561.2993011,2027,2877,3_S
1789466561.299693,2107,2877,3_S
1789466561.299843,1940,2877,3_S
1789466561.300191,1994,2877,3_S
1789466561.300371,2084,2880,3_S
1789466561.3033679,2209,2878,3_S
1789466561.303675,2219,2878,3_S
1789466561.303839,2192,2879,3_S
1789466561.303893,2186,2879,3_S
1789466561.305214,2087,2876,3_S
1789466561.3065732,2094,2878,3_S
1789466561.3091788,1911,2877,3_S
1789466561.3105102,2018,2877,3_S
1789466561.31309,1965,2875,3_S
1789466561.3144069,1987,2878,3_S
1789466561.316585,2032,2878,3_S
1789466561.3191721,2202,2878,3_S
1789466561.3204858,2423,2879,3_S
1789466561.3230772,2309,2880,3_S
1789466561.324398,2136,2877,3_S
1789466561.3269749,2110,2878,3_S
1789466561.32955,2171,2879,3_S
1789466561.330781,2101,2878,3_S
1789466561.3333561,2030,2878,3_S
1789466561.3344278,2064,2877,3_S
1789466561.3365288,2061,2878,3_S
1789466561.339102,1845,2877,3_S
1789466561.341259,1752,2876,3_S
1789466561.342489,2019,2878,3_S
1789466561.34467,2393,2880,3_S
1789466561.34699,2318,2879,3_S
1789466561.353545,1966,2877,3_S
1789466561.3542101,1913,2879,3_S
1789466561.35479,2064,2878,3_S
1789466561.3553028,2228,2880,3_S
1789466561.3574011,2195,2879,3_S
1789466561.35953,1997,2878,3_S
1789466561.361304,2101,2878,3_S
1789466561.364643,2244,2879,3_S
1789466561.368716,2187,2878,3_S
1789466561.368839,2181,2878,3_S
1789466561.369042,2103,2877,3_S
1789466561.3718588,2135,2877,3_S
1789466561.373177,2386,2880,3_S
1789466561.374484,2157,2876,3_S
1789466561.381257,2072,2877,3_S
1789466561.381883,2090,2877,3_S
1789466561.382907,2018,2878,3_S
1789466561.38356,2146,2877,3_S
1789466561.385233,2055,2877,3_S
1789466561.3879209,2000,2878,3_S
1789466561.389635,2049,2876,3_S
1789466561.392237,2072,2878,3_S
1789466561.396322,1904,2878,3_S
1789466561.396596,2159,2879,3_S
1789466561.396805,2171,2879,3_S
1789466561.398976,2162,2878,3_S
1789466561.401567,1975,2877,3_S
1789466561.402896,2136,2879,3_S
1789466561.4054809,2245,2879,3_S
1789466561.4067898,2179,2879,3_S
1789466561.4089532,1939,2877,3_S
1789466561.410372,2028,2878,3_S
1789466561.4129422,2134,2879,3_S
1789466561.414335,2197,2879,3_S
1789466561.416776,1944,2878,3_S
1789466561.418859,2108,2878,3_S
1789466561.420956,2168,2878,3_S
1789466561.422323,2343,2879,3_S
1789466561.424649,2087,2877,3_S
1789466561.4267468,1974,2877,3_S
1789466561.429077,1865,2877,3_S
1789466561.431401,2122,2878,3_S
1789466561.4324632,1988,2877,3_S
1789466561.435027,1952,2878,3_S
1789466561.436331,2097,2878,3_S
1789466561.438907,2005,2878,3_S
1789466561.4456189,1907,2878,3_S
1789466561.446671,1938,2878,3_S
1789466561.446815,2132,2877,3_S
1789466561.448452,2195,2879,3_S
1789466561.448868,2150,2879,3_S
1789466561.4516082,2045,2877,3_S
1789466561.453521,2002,2878,3_S
1789466561.455929,2067,2878,3_S
1789466561.459876,2112,2880,3_S
1789466561.460147,2109,2878,3_S
1789466561.462816,2164,2878,3_S
1789466561.463101,2187,2879,3_S
1789466561.465187,2244,2878,3_S
1789466561.4664772,2102,2877,3_S
1789466561.472944,2079,2877,3_S
1789466561.473113,2025,2878,3_S
1789466561.474122,2090,2878,3_S
1789466561.476001,1972,2877,3_S
1789466561.477824,2012,2878,3_S
1789466561.479745,2060,2878,3_S
1789466561.4821692,2099,2879,3_S
1789466561.485703,2057,2879,3_S
1789466561.4859872,2063,2878,3_S
1789466561.48841,2122,2877,3_S
1789466561.4884531,2153,2878,3_S
1789466561.490988,1988,2877,3_S
1789466561.492329,2087,2878,3_S
1789466561.494646,2126,2878,3_S
1789466561.497206,2047,2876,3_S
1789466561.498369,2046,2878,3_S
1789466561.5009332,1989,2878,3_S
1789466561.5030148,2006,2877,3_S
1789466561.5043252,2105,2878,3_S
1789466561.506641,2050,2877,3_S
1789466561.509196,1984,2878,3_S
1789466561.510495,2053,2878,3_S
1789466561.513053,2215,2879,3_S
1789466561.514365,2176,2878,3_S
1789466561.516513,2068,2878,3_S
1789466561.519068,2088,2878,3_S
1789466561.5203688,2144,2878,3_S
1789466561.5226932,2133,2879,3_S
1789466561.5311658,1992,2878,3_S
1789466561.533001,2038,2878,3_S
1789466561.533418,2111,2878,3_S
1789466561.535063,2170,2880,3_S
1789466561.535597,2067,2877,3_S
1789466561.536581,2032,2877,3_S
1789466561.536711,2020,2878,3_S
1789466561.543784,2085,2879,3_S
1789466561.544043,2019,2876,3_S
1789466561.544493,2018,2878,3_S
1789466561.5464242,2071,2879,3_S
1789466561.54701,2122,2879,3_S
1789466561.5494158,2143,2878,3_S
1789466561.5507462,1978,2877,3_S
1789466561.556015,1992,2878,3_S
1789466561.5570729,2127,2878,3_S
1789466561.55762,2103,2879,3_S
1789466561.5614998,1971,2878,3_S
1789466561.562121,2065,2878,3_S
1789466561.563668,2153,2879,3_S
1789466561.569234,2156,2878,3_S
1789466561.569545,2109,2878,3_S
1789466561.5697641,2064,2877,3_S
1789466561.57173,2073,2878,3_S
1789466561.573049,2093,2879,3_S
1789466561.574363,2007,2876,3_S
1789466561.576958,1999,2878,3_S
1789466561.578323,2133,2877,3_S
1789466561.580866,2182,2880,3_S
1789466561.585237,2069,2878,3_S
1789466561.585336,2003,2879,3_S
1789466561.5867321,2029,2878,3_S
1789466561.589461,2109,2878,3_S
1789466561.590805,2044,2877,3_S
1789466561.5932622,2019,2877,3_S
1789466561.594579,2059,2877,3_S
1789466561.596677,2139,2878,3_S
1789466561.598826,2123,2878,3_S
1789466561.6013818,2028,2877,3_S
1789466561.602742,2098,2878,3_S
1789466561.605498,2148,2878,3_S
1789466561.606634,2118,2879,3_S
1789466561.609405,2066,2878,3_S
1789466561.611018,2075,2877,3_S
1789466561.626464,2185,2879,3_S
1789466561.633343,2146,2878,3_S
1789466561.636362,2046,2877,3_S
1789466561.636451,2009,2878,3_S
1789466561.636519,2010,2878,3_S
1789466561.636582,2022,2877,3_S
1789466561.636728,1946,2878,3_S
1789466561.636802,1954,2876,3_S
1789466561.636868,2057,2878,3_S
1789466561.636939,2153,2879,3_S
1789466561.637047,2091,2877,3_S
1789466561.6371741,2094,2878,3_S
1789466561.637263,2128,2877,3_S
1789466561.6386619,2151,2879,3_S
1789466561.640446,2035,2877,3_S
1789466561.650252,1986,2878,3_S
1789466561.6640809,2038,2878,3_S
1789466561.6641548,2176,2880,3_S
1789466561.66452,2143,2878,3_S
1789466561.66457,2028,2878,3_S
1789466561.6646159,1982,2877,3_S
1789466561.664661,2120,2879,3_S
1789466561.664706,2076,2877,3_S
1789466561.66475,1953,2878,3_S
1789466561.6647942,2037,2878,3_S
1789466561.6648362,2158,2877,3_S
1789466561.66488,2175,2878,3_S
1789466561.6676018,2031,2877,3_S
1789466561.669067,2041,2877,3_S
1789466561.670369,2108,2878,3_S
1789466561.6727931,2137,2878,3_S
1789466561.675392,2019,2876,3_S
1789466561.676849,2047,2877,3_S
1789466561.678633,2163,2878,3_S
1789466561.681113,2194,2879,3_S
1789466561.6823921,2057,2878,3_S
1789466561.684831,1994,2877,3_S
1789466561.686389,2023,2877,3_S
1789466561.688947,2103,2878,3_S
1789466561.691154,2035,2875,3_S
1789466561.69232,1998,2877,3_S
1789466561.69539,2044,2878,3_S
1789466561.696821,2167,2879,3_S
1789466561.6991072,2122,2879,3_S
1789466561.7003589,2026,2878,3_S
1789466561.7027872,2013,2878,3_S
1789466561.709882,2130,2879,3_S
1789466561.710144,2111,2877,3_S
1789466561.7108579,2010,2878,3_S
1789466561.72083,2091,2877,3_S
1789466561.72601,2172,2879,3_S
1789466561.726568,2139,2879,3_S
1789466561.726965,2086,2877,3_S
1789466561.730376,2098,2879,3_S
1789466561.730471,2132,2878,3_S
1789466561.73054,2117,2879,3_S
1789466561.730697,2039,2878,3_S
1789466561.7307699,1972,2877,3_S
1789466561.7308328,2127,2876,3_S
1789466561.7308958,2125,2879,3_S
1789466561.7332962,2210,2877,3_S
1789466561.734744,2172,2878,3_S
1789466561.742504,1880,2877,3_S
1789466561.7489789,1916,2874,3_S
1789466561.752695,2088,2877,3_S
1789466561.756245,2009,2877,3_S
1789466561.756522,2326,2880,3_S
1789466561.756902,2883,2879,3_S
1789466561.757291,2487,2879,3_S
1789466561.7601001,1818,2877,3_S
1789466561.760501,1643,2876,3_S
1789466561.76058,1848,2876,3_S
1789466561.7606778,2148,2876,3_S
1789466561.7607648,1771,2878,3_S
1789466561.7608168,1814,2877,3_S
1789466561.763515,3004,2881,3_S
1789466561.764858,1875,2877,3_S
1789466561.767264,1253,2875,3_S
1789466561.768543,1887,2876,3_S
1789466561.771214,2211,2877,3_S
1789466561.7725198,2114,2877,3_S
1789466561.7750049,2095,2878,3_S
1789466561.7763698,1831,2876,3_S
1789466561.778989,1752,2876,3_S
1789466561.7803571,2034,2877,3_S
1789466561.783029,2427,2878,3_S
1789466561.784357,2561,2878,3_S
1789466561.7870688,2115,2878,3_S
1789466561.788417,1882,2877,3_S
1789466561.7909079,1995,2878,3_S
1789466561.79338,2041,2878,3_S
1789466561.7947872,1983,2877,3_S
1789466561.797376,2026,2878,3_S
1789466561.798781,2026,2877,3_S
1789466561.801855,2091,2877,3_S
1789466561.809509,2450,2879,3_S
1789466561.815705,2372,2880,3_S
1789466561.817873,2034,2878,3_S
1789466561.819881,2016,2877,3_S
1789466561.8236742,1884,2878,3_S
1789466561.824399,1929,2876,3_S
1789466561.828017,1955,2878,3_S
1789466561.82829,1843,2877,3_S
1789466561.828346,2564,2879,3_S
1789466561.83294,2009,2878,3_S
1789466561.839585,1733,2878,3_S
1789466561.8397608,2057,2877,3_S
1789466561.8494039,2152,2878,3_S
1789466561.8534982,2092,2879,3_S
1789466561.858455,2058,2878,3_S
1789466561.862907,1858,2877,3_S
1789466561.866448,1836,2878,3_S
1789466561.869214,2093,2877,3_S
1789466561.870445,2155,2879,3_S
1789466561.8705611,2404,2880,3_S
1789466561.870637,2210,2878,3_S
1789466561.870705,2248,2878,3_S
1789466561.870773,2201,2879,3_S
1789466561.87084,1842,2875,3_S
1789466561.870906,1669,2876,3_S
1789466561.87097,1919,2877,3_S
1789466561.8710349,2310,2879,3_S
1789466561.871099,2310,2878,3_S
1789466561.8713431,2143,2877,3_S
1789466561.871416,2128,2878,3_S
1789466561.8714812,2106,2878,3_S
1789466561.871553,2410,2879,3_S
1789466561.871625,1959,2878,3_S
1789466561.871691,1873,2877,3_S
1789466561.8717551,1866,2875,3_S
1789466561.8728719,1954,2876,3_S
1789466561.875503,1838,2876,3_S
1789466561.8769228,2002,2877,3_S
1789466561.878502,2131,2875,3_S
1789466561.881137,2187,2880,3_S
1789466561.882446,2064,2878,3_S
1789466561.885139,2153,2878,3_S
1789466561.886416,2115,2878,3_S
1789466561.8888042,2027,2878,3_S
1789466561.8912482,1997,2877,3_S
1789466561.892577,2099,2877,3_S
1789466561.8950489,2080,2877,3_S
1789466561.896375,2401,2879,3_S
1789466561.898973,2449,2879,3_S
1789466561.901433,1987,2877,3_S
1789466561.9028218,1684,2874,3_S
1789466561.9049442,1987,2876,3_S
1789466561.907292,1911,2878,3_S
1789466561.908535,1811,2877,3_S
1789466561.916894,1729,2876,3_S
1789466561.917734,1965,2877,3_S
1789466561.918497,2208,2879,3_S
1789466561.9190881,2009,2877,3_S
1789466561.9210958,1889,2877,3_S
1789466561.923738,1952,2876,3_S
1789466561.925334,2197,2875,3_S
1789466561.926036,2053,2878,3_S
1789466561.929319,1891,2878,3_S
1789466561.932477,1887,2877,3_S
1789466561.932989,1985,2878,3_S
1789466561.9333088,2012,2877,3_S
1789466561.9361181,1816,2877,3_S
1789466561.93747,1815,2875,3_S
1789466561.9385421,2159,2879,3_S
1789466561.941236,2233,2879,3_S
1789466561.951385,2075,2877,3_S
1789466561.956424,1701,2877,3_S
1789466561.9593961,1809,2877,3_S
1789466561.959606,1843,2875,3_S
1789466561.962894,2124,2878,3_S
1789466561.963161,2245,2878,3_S
1789466561.963475,1874,2876,3_S
1789466561.963754,1874,2876,3_S
1789466561.9640598,1716,2877,3_S
1789466561.966777,1822,2877,3_S
1789466561.9668689,1978,2877,3_S
1789466561.966917,2370,2879,3_S
1789466561.966963,1877,2877,3_S
1789466561.968354,1756,2878,3_S
1789466561.970717,1951,2878,3_S
1789466561.9723148,2142,2880,3_S
1789466561.974658,2161,2877,3_S
1789466561.977242,2013,2878,3_S
1789466561.978556,2071,2877,3_S
1789466561.981208,2122,2880,3_S
1789466561.982534,1892,2875,3_S
1789466561.9852018,1813,2876,3_S
1789466561.9865642,1900,2877,3_S
1789466561.989208,2039,2879,3_S
1789466561.990556,1935,2876,3_S
1789466561.992791,1940,2876,3_S
1789466561.995082,2009,2876,3_S
1789466561.996439,2082,2877,3_S
1789466561.998955,1999,2879,3_S
1789466562.0012312,2140,2878,3_S
1789466562.002323,2015,2878,3_S
1789466562.004711,2064,2878,3_S
1789466562.007072,1962,2877,3_S
1789466562.0178509,1933,2878,3_S
1789466562.018052,2139,2878,3_S
1789466562.02051,2259,2879,3_S
1789466562.022689,2088,2878,3_S
1789466562.025088,1888,2876,3_S
1789466562.0263412,1961,2878,3_S
1789466562.0270588,2000,2879,3_S
1789466562.0299242,2033,2876,3_S
1789466562.033687,1979,2877,3_S
1789466562.0339992,2050,2877,3_S
1789466562.034341,2144,2877,3_S
1789466562.034743,2177,2878,3_S
1789466562.0351381,1979,2877,3_S
1789466562.03547,1901,2875,3_S
1789466562.038369,1891,2877,3_S
1789466562.038644,2058,2878,3_S
1789466562.04123,1922,2876,3_S
1789466562.042424,1973,2878,3_S
1789466562.045175,2053,2876,3_S
1789466562.0465019,1996,2877,3_S
1789466562.054286,1942,2876,3_S
1789466562.054432,2090,2878,3_S
1789466562.0550988,2189,2878,3_S
1789466562.0574982,2049,2878,3_S
1789466562.0577788,2062,2877,3_S
1789466562.059892,2092,2878,3_S
1789466562.062177,1993,2878,3_S
1789466562.0628722,2027,2877,3_S
1789466562.065297,2212,2879,3_S
1789466562.068404,2286,2878,3_S
1789466562.0686631,2063,2878,3_S
1789466562.071525,2241,2878,3_S
1789466562.072596,2135,2878,3_S
1789466562.074925,2000,2877,3_S
1789466562.076468,1783,2878,3_S
1789466562.0788019,1991,2878,3_S
1789466562.080883,2074,2876,3_S
1789466562.082979,1854,2876,3_S
1789466562.084299,1860,2877,3_S
1789466562.086965,1952,2878,3_S
1789466562.088244,2142,2879,3_S
1789466562.0909262,2015,2875,3_S
1789466562.0923789,1978,2878,3_S
1789466562.0947258,2148,2878,3_S
1789466562.096828,2175,2880,3_S
1789466562.0982242,2194,2879,3_S
1789466562.10032,2230,2878,3_S
1789466562.102936,2231,2879,3_S
1789466562.104255,2057,2877,3_S
1789466562.106348,1955,2877,3_S
1789466562.108704,1848,2878,3_S
1789466562.1112802,2067,2878,3_S
1789466562.112344,2359,2880,3_S
1789466562.114917,2071,2878,3_S
1789466562.123374,1919,2877,3_S
1789466562.125736,1929,2877,3_S
1789466562.126016,1978,2878,3_S
1789466562.1262589,1915,2877,3_S
1789466562.12926,1975,2878,3_S
1789466562.129982,2144,2878,3_S
1789466562.130521,2190,2880,3_S
1789466562.1311512,2369,2879,3_S
1789466562.137054,2012,2877,3_S
1789466562.137279,1919,2877,3_S
1789466562.137536,1921,2876,3_S
1789466562.140479,2162,2880,3_S
1789466562.140682,2169,2877,3_S
1789466562.143382,1943,2878,3_S
1789466562.144456,1884,2876,3_S
1789466562.151849,2227,2879,3_S
1789466562.154151,2561,2880,3_S
1789466562.15456,2363,2877,3_S
1789466562.154777,2077,2879,3_S
1789466562.157449,1843,2876,3_S
1789466562.1597881,1866,2877,3_S
1789466562.1626592,1795,2878,3_S
1789466562.166674,2030,2877,3_S
1789466562.167222,2041,2877,3_S
1789466562.1703942,1816,2878,3_S
1789466562.170743,1657,2874,3_S
1789466562.1708648,2079,2879,3_S
1789466562.171015,2150,2878,3_S
1789466562.1723788,2118,2876,3_S
1789466562.174748,2132,2878,3_S
1789466562.176856,2412,2880,3_S
1789466562.179213,2401,2879,3_S
1789466562.1802921,2981,2881,3_S
1789466562.1826408,1888,2877,3_S
1789466562.18476,2301,2879,3_S
1789466562.1874921,2272,2879,3_S
1789466562.188731,1853,2876,3_S
1789466562.190871,1679,2878,3_S
1789466562.19222,1672,2878,3_S
1789466562.195286,1700,2877,3_S
1789466562.196689,1859,2876,3_S
1789466562.199179,1867,2878,3_S
1789466562.200614,2537,2880,3_S
1789466562.202995,2810,2881,3_S
1789466562.204384,1653,2876,3_S
1789466562.206969,1884,2878,3_S
1789466562.209078,2470,2879,3_S
1789466562.210402,1923,2878,3_S
1789466562.212987,1796,2878,3_S
1789466562.2143779,1700,2876,3_S
1789466562.225208,1616,2877,3_S
1789466562.227467,2322,2879,3_S
1789466562.2277381,1949,2877,3_S
1789466562.230305,2387,2879,3_S
1789466562.231581,3663,2883,3_S
1789466562.2326982,2788,2880,3_S
1789466562.2332768,2668,2879,3_S
1789466562.233969,1313,2876,3_S
1789466562.234559,1249,2877,3_S
1789466562.236486,2730,2879,3_S
1789466562.236629,1429,2875,3_S
1789466562.2399209,891,2876,3_S
1789466562.2428002,1209,2876,3_S
1789466562.242961,2241,2880,3_S
1789466562.24531,1897,2878,3_S
1789466562.246388,1734,2877,3_S
1789466562.25524,3710,2883,3_S
1789466562.258384,3065,2882,3_S
1789466562.25876,795,2875,3_S
1789466562.261424,932,2875,3_S
1789466562.262594,2535,2880,3_S
1789466562.264489,2572,2879,3_S
1789466562.26527,1672,2877,3_S
1789466562.268266,1339,2875,3_S
1789466562.271531,1775,2875,3_S
1789466562.271754,1900,2878,3_S
1789466562.272156,1991,2879,3_S
1789466562.272469,2354,2878,3_S
1789466562.272727,2373,2878,3_S
1789466562.275556,2624,2880,3_S
1789466562.276887,2129,2877,3_S
1789466562.2782059,1696,2877,3_S
1789466562.2809112,2284,2880,3_S
1789466562.2834601,2328,2879,3_S
1789466562.284836,2080,2878,3_S
1789466562.287267,2254,2878,3_S
1789466562.288607,2207,2879,3_S
1789466562.290955,2268,2879,3_S
1789466562.292277,1906,2877,3_S
1789466562.294875,2419,2879,3_S
1789466562.296214,1715,2877,3_S
1789466562.2983198,1731,2878,3_S
1789466562.300632,2310,2878,3_S
1789466562.303236,1957,2879,3_S
1789466562.304308,1758,2876,3_S
1789466562.306439,1661,2877,3_S
1789466562.3087811,2265,2879,3_S
1789466562.311127,1862,2877,3_S
1789466562.312562,1816,2877,3_S
1789466562.314921,2266,2880,3_S
1789466562.31626,2136,2878,3_S
1789466562.3245802,2060,2879,3_S
1789466562.32539,2198,2878,3_S
1789466562.3261619,2012,2878,3_S
1789466562.326399,1541,2876,3_S
1789466562.327187,1662,2878,3_S
1789466562.32953,2068,2876,3_S
1789466562.3316858,2263,2879,3_S
1789466562.333246,1928,2879,3_S
1789466562.3352761,1997,2877,3_S
1789466562.337213,2290,2878,3_S
1789466562.3410199,2177,2878,3_S
1789466562.3413508,1737,2876,3_S
1789466562.3440042,1666,2877,3_S
1789466562.3453,2232,2878,3_S
1789466562.3463628,2207,2879,3_S
1789466562.3484879,1773,2876,3_S
1789466562.355386,1352,2875,3_S
1789466562.356131,1786,2876,3_S
1789466562.357456,2716,2880,3_S
1789466562.358124,1868,2876,3_S
1789466562.359806,1653,2876,3_S
1789466562.362133,2545,2880,3_S
1789466562.363016,2255,2879,3_S
1789466562.364483,1904,2876,3_S
1789466562.370558,1599,2876,3_S
1789466562.3707168,1831,2876,3_S
1789466562.371113,2202,2879,3_S
1789466562.373454,1728,2876,3_S
1789466562.374563,1737,2877,3_S
1789466562.376755,2145,2877,3_S
1789466562.379297,2120,2877,3_S
1789466562.3803809,2019,2876,3_S
1789466562.3829498,1695,2877,3_S
1789466562.384258,1855,2877,3_S
1789466562.3863611,2459,2880,3_S
1789466562.388727,3071,2880,3_S
1789466562.3911932,1755,2876,3_S
1789466562.392522,2002,2876,3_S
1789466562.395148,1812,2878,3_S
1789466562.396249,1442,2877,3_S
1789466562.39834,2082,2877,3_S
1789466562.4009118,2048,2879,3_S
1789466562.402257,1863,2878,3_S
1789466562.404588,1690,2877,3_S
1789466562.4071522,1780,2876,3_S
1789466562.408458,1905,2876,3_S
1789466562.4110348,2092,2879,3_S
1789466562.412342,2251,2877,3_S
1789466562.4146209,2869,2879,3_S
1789466562.420615,2852,2880,3_S
1789466562.421917,1807,2877,3_S
1789466562.4225569,1703,2875,3_S
1789466562.4247339,1609,2876,3_S
1789466562.425102,1725,2877,3_S
1789466562.428448,2075,2878,3_S
1789466562.429066,2374,2881,3_S
1789466562.430551,1993,2878,3_S
1789466562.4332428,1705,2875,3_S
1789466562.436964,1911,2878,3_S
1789466562.4372008,2309,2879,3_S
1789466562.440695,2897,2880,3_S
1789466562.440746,2102,2878,3_S
1789466562.443321,1486,2877,3_S
1789466562.4444008,1782,2878,3_S
1789466562.4504461,2092,2877,3_S
1789466562.4505548,2228,2879,3_S
1789466562.451616,2251,2879,3_S
1789466562.4540758,1899,2877,3_S
1789466562.45639,1963,2879,3_S
1789466562.4573922,2290,2878,3_S
1789466562.4593432,2011,2877,3_S
1789466562.461827,2241,2878,3_S
1789466562.4654138,2726,2880,3_S
1789466562.465724,2150,2879,3_S
1789466562.468385,1240,2875,3_S
1789466562.4686809,1602,2877,3_S
1789466562.471254,1912,2876,3_S
1789466562.472569,2065,2878,3_S
1789466562.474726,1879,2877,3_S
1789466562.477313,1928,2877,3_S
1789466562.478625,2459,2880,3_S
1789466562.4810371,2120,2879,3_S
1789466562.483393,1969,2876,3_S
1789466562.4846988,2252,2879,3_S
1789466562.487045,2856,2881,3_S
1789466562.4883552,2352,2879,3_S
1789466562.4906712,1304,2877,3_S
1789466562.493237,1324,2876,3_S
1789466562.494543,1870,2877,3_S
1789466562.497108,2081,2877,3_S
1789466562.4984121,2310,2879,3_S
1789466562.500951,1847,2878,3_S
1789466562.5022552,2043,2878,3_S
1789466562.504821,2500,2879,3_S
1789466562.5073411,2310,2879,3_S
1789466562.5084171,2064,2878,3_S
1789466562.515518,2253,2878,3_S
1789466562.5161989,2049,2878,3_S
1789466562.51721,2087,2877,3_S
1789466562.518705,2023,2879,3_S
1789466562.519061,1745,2878,3_S
1789466562.521738,1598,2874,3_S
1789466562.52335,1792,2876,3_S
1789466562.525929,2075,2876,3_S
1789466562.529569,2047,2878,3_S
1789466562.529742,2325,2880,3_S
1789466562.531745,2757,2879,3_S
1789466562.532817,2048,2879,3_S
1789466562.535244,1618,2875,3_S
1789466562.5370822,1825,2876,3_S
1789466562.542887,2292,2879,3_S
1789466562.543343,2559,2879,3_S
1789466562.543894,2267,2879,3_S
1789466562.545759,1693,2877,3_S
1789466562.547607,1857,2877,3_S
1789466562.549591,2062,2876,3_S
1789466562.5556328,1933,2876,3_S
1789466562.555788,1937,2877,3_S
1789466562.556105,2122,2879,3_S
1789466562.556293,2168,2879,3_S
1789466562.559366,1979,2876,3_S
1789466562.5606332,1915,2877,3_S
1789466562.5632,2280,2879,3_S
1789466562.5645099,2486,2880,3_S
1789466562.566814,2266,2879,3_S
1789466562.569175,1845,2876,3_S
1789466562.570237,1839,2877,3_S
1789466562.572549,2096,2878,3_S
1789466562.574754,1988,2876,3_S
1789466562.5770729,1912,2877,3_S
1789466562.578285,2085,2877,3_S
1789466562.580611,2031,2875,3_S
1789466562.5829241,2016,2878,3_S
1789466562.584225,2270,2880,3_S
1789466562.586868,2376,2879,3_S
1789466562.5882182,2187,2878,3_S
1789466562.590572,2140,2879,3_S
1789466562.592902,1991,2877,3_S
1789466562.595266,2107,2877,3_S
1789466562.596842,2377,2880,3_S
1789466562.60182,2119,2878,3_S
1789466562.6029818,1989,2878,3_S
1789466562.603124,2080,2878,3_S
1789466562.605428,2079,2878,3_S
1789466562.607423,1988,2876,3_S
1789466562.60901,1929,2879,3_S
1789466562.611854,1885,2879,3_S
1789466562.615646,2329,2880,3_S
1789466562.615841,2319,2878,3_S
1789466562.618637,1951,2878,3_S
1789466562.618746,2271,2878,3_S
1789466562.620299,2757,2879,3_S
1789466562.623018,2005,2876,3_S
1789466562.628756,1985,2878,3_S
1789466562.6293252,2023,2878,3_S
1789466562.629898,2397,2879,3_S
1789466562.632139,1667,2876,3_S
1789466562.632365,1549,2877,3_S
1789466562.63585,1929,2878,3_S
1789466562.638606,2097,2878,3_S
1789466562.638869,1817,2877,3_S
1789466562.64258,1861,2877,3_S
1789466562.642696,1945,2877,3_S
1789466562.645244,2148,2878,3_S
1789466562.64656,2501,2879,3_S
1789466562.649288,2888,2879,3_S
1789466562.6505961,2482,2879,3_S
1789466562.653097,1955,2879,3_S
1789466562.6542022,1698,2877,3_S
1789466562.6567628,2105,2879,3_S
1789466562.658847,2052,2879,3_S
1789466562.660392,2137,2877,3_S
1789466562.6627479,1986,2877,3_S
1789466562.665314,2218,2879,3_S
1789466562.666616,2050,2879,3_S
1789466562.668896,2241,2879,3_S
1789466562.670206,2410,2880,3_S
1789466562.672767,2264,2879,3_S
1789466562.6750941,2122,2878,3_S
1789466562.676394,1746,2878,3_S
1789466562.678952,1892,2878,3_S
1789466562.680251,2022,2879,3_S
1789466562.686677,1917,2878,3_S
1789466562.686794,1917,2878,3_S
1789466562.68733,2092,2878,3_S
1789466562.689717,2299,2880,3_S
1789466562.6920478,2277,2879,3_S
1789466562.693868,2419,2880,3_S
1789466562.695711,2413,2880,3_S
1789466562.6993349,2442,2879,3_S
1789466562.699599,1728,2876,3_S
1789466562.701461,1601,2876,3_S
1789466562.702529,1953,2878,3_S
1789466562.7050948,2113,2878,3_S
1789466562.710047,2094,2879,3_S
1789466562.711421,2174,2879,3_S
1789466562.711581,1837,2876,3_S
1789466562.713355,1983,2878,3_S
1789466562.715544,2291,2880,3_S
1789466562.717379,2394,2879,3_S
1789466562.7194161,2265,2878,3_S
1789466562.722796,1976,2878,3_S
1789466562.722944,2066,2878,3_S
1789466562.724805,1918,2877,3_S
1789466562.726988,2005,2878,3_S
1789466562.7293,2213,2879,3_S
1789466562.730366,2255,2879,3_S
1789466562.7335339,2332,2878,3_S
1789466562.7347572,2636,2879,3_S
1789466562.737204,2216,2878,3_S
1789466562.738509,1556,2876,3_S
1789466562.7408278,1647,2877,3_S
1789466562.743024,1926,2878,3_S
1789466562.745256,1989,2877,3_S
1789466562.746557,2052,2879,3_S
1789466562.749123,1981,2879,3_S
1789466562.750425,2026,2879,3_S
1789466562.7529302,2198,2878,3_S
1789466562.754237,2248,2879,3_S
1789466562.7566552,2197,2877,3_S
1789466562.7589812,2217,2878,3_S
1789466562.7656288,2542,2881,3_S
1789466562.766259,2061,2876,3_S
1789466562.768092,1744,2875,3_S
1789466562.7684338,1981,2880,3_S
1789466562.768577,1988,2878,3_S
1789466562.772026,2049,2877,3_S
1789466562.774799,2121,2878,3_S
1789466562.775106,2076,2878,3_S
1789466562.7786932,2181,2878,3_S
1789466562.7789571,2242,2879,3_S
1789466562.781446,2247,2879,3_S
1789466562.782691,1991,2879,3_S
1789466562.78504,1926,2877,3_S
1789466562.790947,1888,2876,3_S
1789466562.7924821,2084,2878,3_S
1789466562.794014,2017,2877,3_S
1789466562.7961018,2094,2878,3_S
1789466562.797039,2495,2880,3_S
1789466562.798124,2596,2879,3_S
1789466562.7991302,2134,2878,3_S
1789466562.8011909,1715,2875,3_S
1789466562.804907,1789,2876,3_S
1789466562.8051982,2025,2877,3_S
1789466562.807681,2061,2877,3_S
1789466562.8091571,1877,2877,3_S
1789466562.810217,1865,2877,3_S
1789466562.812299,2079,2878,3_S
1789466562.815161,2125,2879,3_S
1789466562.816237,2268,2879,3_S
1789466562.819006,2274,2878,3_S
1789466562.821328,2175,2879,3_S
1789466562.822397,2192,2880,3_S
1789466562.824487,2167,2877,3_S
1789466562.8268101,1874,2877,3_S
1789466562.828259,2002,2876,3_S
1789466562.8303528,2232,2879,3_S
1789466562.8326788,2088,2878,3_S
1789466562.834763,1976,2877,3_S
1789466562.837329,1960,2876,3_S
1789466562.8386319,2286,2879,3_S
1789466562.8407948,2333,2880,3_S
1789466562.8422241,1903,2877,3_S
1789466562.8447092,1986,2877,3_S
1789466562.847032,1983,2877,3_S
1789466562.848431,2030,2878,3_S
1789466562.853794,2118,2878,3_S
1789466562.8539572,2162,2878,3_S
1789466562.85666,2224,2879,3_S
1789466562.8569238,2141,2878,3_S
1789466562.858838,2046,2878,3_S
1789466562.860702,2137,2877,3_S
1789466562.863175,2173,2879,3_S
1789466562.866997,2182,2879,3_S
1789466562.867233,2087,2879,3_S
1789466562.8696792,2072,2878,3_S
1789466562.870999,2122,2879,3_S
1789466562.872289,2214,2879,3_S
1789466562.8746629,2127,2876,3_S
1789466562.879814,2092,2878,3_S
1789466562.881175,2156,2878,3_S
1789466562.8813171,2156,2880,3_S
1789466562.883199,2156,2879,3_S
1789466562.8869288,2133,2877,3_S
1789466562.8874502,2153,2878,3_S
1789466562.8900201,2107,2878,3_S
1789466562.893547,2004,2877,3_S
1789466562.893845,2007,2878,3_S
1789466562.8962839,2132,2877,3_S
1789466562.896497,2209,2879,3_S
1789466562.898614,2187,2879,3_S
1789466562.901193,2205,2879,3_S
1789466562.902269,2071,2877,3_S
1789466562.904352,2150,2879,3_S
1789466562.9066,2181,2879,3_S
1789466562.909198,2078,2878,3_S
1789466562.910259,2077,2878,3_S
1789466562.91263,2112,2878,3_S
1789466562.914764,2207,2878,3_S
1789466562.917089,2175,2878,3_S
1789466562.918188,2109,2878,3_S
1789466562.920521,2156,2878,3_S
1789466562.922836,2155,2878,3_S
1789466562.924937,2140,2878,3_S
1789466562.927333,2079,2878,3_S
1789466562.928549,2185,2878,3_S
1789466562.930975,2220,2880,3_S
1789466562.932312,2170,2878,3_S
1789466562.944226,2108,2878,3_S
1789466562.945857,2103,2879,3_S
1789466562.948103,2203,2878,3_S
1789466562.948277,2194,2879,3_S
1789466562.9525068,2079,2878,3_S
1789466562.9529011,2098,2878,3_S
1789466562.953119,2153,2877,3_S
1789466562.953333,2220,2879,3_S
1789466562.953592,2142,2877,3_S
1789466562.955462,2118,2879,3_S
1789466562.956107,2152,2878,3_S
1789466562.956416,2115,2878,3_S
1789466562.958503,2004,2878,3_S
1789466562.960835,2054,2878,3_S
1789466562.965297,2141,2878,3_S
1789466562.9658382,2267,2879,3_S
1789466562.9675572,2073,2878,3_S
1789466562.971741,2031,2878,3_S
1789466562.972716,2105,2878,3_S
1789466562.9732149,2321,2879,3_S
1789466562.975509,2193,2879,3_S
1789466562.979211,1976,2878,3_S
1789466562.97934,2091,2877,3_S
1789466562.982153,2235,2880,3_S
1789466562.9822059,2145,2879,3_S
1789466562.984541,2021,2878,3_S
1789466562.986772,1996,2878,3_S
1789466562.988863,2042,2879,3_S
1789466562.990174,2121,2879,3_S
1789466562.9924932,2031,2879,3_S
1789466562.994821,2101,2878,3_S
1789466562.9971468,2261,2880,3_S
1789466562.998375,2197,2879,3_S
1789466563.000941,2141,2878,3_S
1789466563.003128,1920,2878,3_S
1789466563.004182,1963,2878,3_S
1789466563.006494,2259,2879,3_S
1789466563.009047,2031,2876,3_S
1789466563.0113668,1827,2879,3_S
1789466563.012665,2075,2878,3_S
1789466563.014977,2251,2880,3_S
1789466563.021896,2135,2878,3_S
1789466563.022839,2067,2878,3_S
1789466563.0234702,2157,2877,3_S
1789466563.0240881,2239,2880,3_S
1789466563.0255208,1996,2877,3_S
1789466563.027638,1986,2877,3_S
1789466563.029119,2164,2877,3_S
1789466563.031273,2226,2878,3_S
1789466563.034624,2156,2878,3_S
1789466563.035002,2206,2878,3_S
1789466563.0373068,2117,2877,3_S
1789466563.03861,2196,2878,3_S
1789466563.041176,2054,2877,3_S
1789466563.045511,1969,2877,3_S
1789466563.045991,2026,2878,3_S
1789466563.048425,2219,2879,3_S
1789466563.048619,2187,2878,3_S
1789466563.05069,1890,2877,3_S
1789466563.057339,1856,2878,3_S
1789466563.057577,2197,2879,3_S
1789466563.057732,2164,2878,3_S
1789466563.0601301,1853,2878,3_S
1789466563.060195,1967,2878,3_S
1789466563.0625112,2359,2881,3_S
1789466563.064584,2402,2879,3_S
1789466563.066925,2045,2878,3_S
1789466563.068228,1939,2878,3_S
1789466563.070542,2048,2879,3_S
1789466563.07288,2180,2879,3_S
1789466563.074185,2008,2877,3_S
1789466563.076746,1958,2878,3_S
1789466563.078102,1955,2878,3_S
1789466563.0804238,2232,2879,3_S
1789466563.082907,2233,2878,3_S
1789466563.085144,2006,2877,3_S
1789466563.0864398,2024,2877,3_S
1789466563.088783,2180,2879,3_S
1789466563.090121,2108,2877,3_S
1789466563.092428,2012,2877,3_S
1789466563.098046,2152,2877,3_S
1789466563.0981839,2168,2879,3_S
1789466563.0991309,2266,2879,3_S
1789466563.1009622,1977,2877,3_S
1789466563.102529,1832,2878,3_S
1789466563.1053598,1996,2879,3_S
1789466563.1068878,2227,2880,3_S
1789466563.110225,2085,2878,3_S
1789466563.110365,2182,2878,3_S
1789466563.112625,2074,2878,3_S
1789466563.1151931,2172,2880,3_S
1789466563.1168041,2105,2877,3_S
1789466563.122528,2181,2877,3_S
1789466563.123415,2101,2877,3_S
1789466563.1239831,2239,2879,3_S
1789466563.125416,1886,2876,3_S
1789466563.12796,2057,2878,3_S
1789466563.12978,2254,2880,3_S
1789466563.131306,2103,2878,3_S
1789466563.1347399,2075,2878,3_S
1789466563.135196,1936,2878,3_S
1789466563.1372852,1957,2878,3_S
1789466563.138591,2173,2878,3_S
1789466563.141161,2239,2880,3_S
1789466563.1424792,2046,2877,3_S
1789466563.144808,1977,2879,3_S
1789466563.146121,2131,2877,3_S
1789466563.148436,2208,2879,3_S
1789466563.150992,2020,2877,3_S
1789466563.152344,2144,2878,3_S
1789466563.1550488,2065,2878,3_S
1789466563.1562738,2086,2878,3_S
1789466563.1588311,2054,2877,3_S
1789466563.161003,2032,2878,3_S
1789466563.1622999,2280,2880,3_S
1789466563.164868,2253,2880,3_S
1789466563.16695,2141,2878,3_S
1789466563.1680949,1974,2877,3_S
1789466563.1701918,1954,2878,3_S
1789466563.1756108,2021,2876,3_S
1789466563.176526,1969,2878,3_S
1789466563.177016,1922,2878,3_S
1789466563.178931,2010,2876,3_S
1789466563.180651,2040,2877,3_S
1789466563.184514,2109,2878,3_S
1789466563.187874,2040,2879,3_S
1789466563.188113,2097,2878,3_S
1789466563.188411,2139,2878,3_S
1789466563.190809,2159,2880,3_S
1789466563.192116,2094,2877,3_S
1789466563.1947331,2093,2878,3_S
1789466563.198922,2048,2878,3_S
1789466563.199478,2214,2879,3_S
1789466563.2036219,2080,2878,3_S
1789466563.204109,1965,2878,3_S
1789466563.204575,2000,2878,3_S
1789466563.207815,1996,2877,3_S
1789466563.211019,2032,2877,3_S
1789466563.211314,2037,2878,3_S
1789466563.213152,2078,2877,3_S
1789466563.2142148,2070,2879,3_S
1789466563.216765,2029,2877,3_S
1789466563.2190988,2074,2877,3_S
1789466563.220163,2085,2878,3_S
1789466563.222475,2135,2878,3_S
1789466563.224618,2087,2877,3_S
1789466563.2269309,2017,2878,3_S
1789466563.2282271,2130,2878,3_S
1789466563.2303061,2227,2879,3_S
1789466563.232629,2102,2878,3_S
1789466563.234887,2028,2877,3_S
1789466563.237199,1975,2877,3_S
1789466563.238497,2095,2878,3_S
1789466563.240813,2112,2876,3_S
1789466563.243131,2023,2877,3_S
1789466563.244425,2057,2877,3_S
1789466563.24651,2145,2879,3_S
1789466563.2525818,2184,2878,3_S
1789466563.252757,2084,2878,3_S
1789466563.2537239,2052,2877,3_S
1789466563.2552252,1981,2878,3_S
1789466563.257393,2082,2876,3_S
1789466563.2595189,2041,2877,3_S
1789466563.26108,1985,2878,3_S
1789466563.2643101,2096,2878,3_S
1789466563.2644749,2116,2878,3_S
1789466563.2667258,2031,2878,3_S
1789466563.269054,2009,2877,3_S
1789466563.270359,2060,2878,3_S
1789466563.275419,2198,2879,3_S
1789466563.2759,2100,2877,3_S
1789466563.278226,2030,2878,3_S
1789466563.278419,2079,2878,3_S
1789466563.28051,2179,2879,3_S
1789466563.28404,2149,2878,3_S
1789466563.284171,2054,2877,3_S
1789466563.287358,2064,2878,3_S
1789466563.28938,2153,2878,3_S
1789466563.290688,2110,2880,3_S
1789466563.29211,2039,2877,3_S
1789466563.294678,2079,2878,3_S
1789466563.297239,2178,2879,3_S
1789466563.298534,2203,2878,3_S
1789466563.3006809,2036,2877,3_S
1789466563.3032398,1990,2877,3_S
1789466563.304299,2076,2878,3_S
1789466563.306609,2104,2879,3_S
1789466563.308925,2019,2877,3_S
1789466563.310218,1966,2878,3_S
1789466563.312524,2050,2877,3_S
1789466563.315074,2135,2879,3_S
1789466563.3161259,2044,2878,3_S
1789466563.318461,2056,2878,3_S
1789466563.3248608,2120,2878,3_S
1789466563.3253179,2159,2880,3_S
1789466563.326324,2075,2877,3_S
1789466563.3264298,2027,2877,3_S
1789466563.329777,2091,2878,3_S
1789466563.331549,2135,2879,3_S
1789466563.333722,2133,2878,3_S
1789466563.3365,2022,2877,3_S
1789466563.3366332,2075,2877,3_S
1789466563.33843,2139,2879,3_S
1789466563.3409998,2122,2879,3_S
1789466563.342176,2004,2878,3_S
1789466563.346247,2034,2878,3_S
1789466563.347409,2146,2878,3_S
1789466563.350726,2175,2879,3_S
1789466563.3511522,2041,2877,3_S
1789466563.3564548,2020,2878,3_S
1789466563.356873,2105,2877,3_S
1789466563.357292,2102,2878,3_S
1789466563.359352,2037,2877,3_S
1789466563.361973,2061,2878,3_S
1789466563.362577,2147,2878,3_S
1789466563.364795,2188,2880,3_S
1789466563.366122,2036,2878,3_S
1789466563.3686981,1991,2877,3_S
1789466563.371161,2033,2878,3_S
1789466563.3722198,2142,2879,3_S
1789466563.3745348,2058,2876,3_S
1789466563.3767529,2034,2878,3_S
1789466563.37808,2051,2879,3_S
1789466563.380393,2136,2880,3_S
1789466563.382459,2130,2878,3_S
1789466563.3850439,2084,2878,3_S
1789466563.386111,2071,2877,3_S
1789466563.388184,2091,2878,3_S
1789466563.3908741,2052,2877,3_S
1789466563.394954,1997,2878,3_S
1789466563.3955698,2053,2878,3_S
1789466563.398012,2117,2877,3_S
1789466563.398137,2154,2878,3_S
1789466563.400854,2041,2877,3_S
1789466563.4035149,2020,2877,3_S
1789466563.4061172,2077,2878,3_S
1789466563.406284,2117,2879,3_S
1789466563.4084039,2031,2876,3_S
1789466563.4109702,2048,2878,3_S
1789466563.4160252,2091,2878,3_S
1789466563.41648,2144,2879,3_S
1789466563.416596,2094,2879,3_S
1789466563.42032,2073,2877,3_S
1789466563.4211578,2048,2877,3_S
1789466563.422789,2130,2878,3_S
1789466563.42449,2064,2876,3_S
1789466563.427095,2077,2878,3_S
1789466563.429294,2033,2877,3_S
1789466563.430607,2181,2879,3_S
1789466563.432938,2110,2878,3_S
1789466563.434241,2049,2877,3_S
1789466563.4365702,1982,2877,3_S
1789466563.4391308,2048,2878,3_S
1789466563.440254,2075,2879,3_S
1789466563.442566,1975,2877,3_S
1789466563.444886,2071,2877,3_S
1789466563.446152,2167,2879,3_S
1789466563.448527,2175,2878,3_S
1789466563.450837,2025,2877,3_S
1789466563.4522429,2050,2878,3_S
1789466563.45485,2058,2879,3_S
1789466563.456152,2071,2878,3_S
1789466563.45842,2021,2877,3_S
1789466563.465195,2008,2878,3_S
1789466563.465695,2057,2878,3_S
1789466563.466561,2174,2879,3_S
1789466563.4669828,2062,2879,3_S
1789466563.4681878,2068,2878,3_S
1789466563.47106,2119,2877,3_S
1789466563.473763,2118,2878,3_S
1789466563.476193,2059,2876,3_S
1789466563.476417,2014,2878,3_S
1789466563.4786692,2089,2878,3_S
1789466563.4809852,2233,2879,3_S
1789466563.482131,2174,2878,3_S
1789466563.4864,2047,2877,3_S
1789466563.487349,2061,2878,3_S
1789466563.4893498,2061,2878,3_S
1789466563.491288,2094,2878,3_S
1789466563.493288,1951,2878,3_S
1789466563.494724,2034,2878,3_S
1789466563.4970849,2085,2877,3_S
1789466563.499289,2078,2879,3_S
1789466563.500594,2005,2878,3_S
1789466563.502694,1955,2877,3_S
1789466563.5040681,2010,2878,3_S
1789466563.50663,2104,2879,3_S
1789466563.509185,2065,2878,3_S
1789466563.5104792,2021,2877,3_S
1789466563.512807,2082,2877,3_S
1789466563.515123,2130,2879,3_S
1789466563.516372,2050,2877,3_S
1789466563.5189602,1991,2877,3_S
1789466563.520125,2091,2877,3_S
1789466563.522691,2177,2878,3_S
1789466563.5252638,2081,2876,3_S
1789466563.526565,2015,2878,3_S
1789466563.528875,2063,2878,3_S
1789466563.534702,2146,2879,3_S
1789466563.5352352,2135,2878,3_S
1789466563.535386,2086,2877,3_S
1789466563.538199,2050,2877,3_S
1789466563.538369,2100,2878,3_S
1789466563.541891,2055,2876,3_S
1789466563.543651,1974,2877,3_S
1789466563.545944,2054,2877,3_S
1789466563.5482628,2174,2879,3_S
1789466563.548362,2201,2878,3_S
1789466563.5509179,2084,2877,3_S
1789466563.55694,2031,2878,3_S
1789466563.557029,2066,2878,3_S
1789466563.557546,2109,2879,3_S
1789466563.5598772,2012,2877,3_S
1789466563.561994,2038,2877,3_S
1789466563.562463,2089,2878,3_S
1789466563.565349,2102,2878,3_S
1789466563.567648,2033,2877,3_S
1789466563.569889,2022,2877,3_S
1789466563.570976,2022,2879,3_S
1789466563.572275,2139,2879,3_S
1789466563.5743418,2060,2878,3_S
1789466563.5766559,1996,2878,3_S
1789466563.579211,2084,2878,3_S
1789466563.5802612,2151,2880,3_S
1789466563.582752,2141,2879,3_S
1789466563.584884,2044,2877,3_S
1789466563.58626,2022,2878,3_S
1789466563.588835,2123,2878,3_S
1789466563.591153,2081,2876,3_S
1789466563.592449,2023,2878,3_S
1789466563.594969,2056,2877,3_S
1789466563.596083,2153,2879,3_S
1789466563.5983858,2184,2878,3_S
1789466563.6004531,2030,2877,3_S
1789466563.606566,2023,2877,3_S
1789466563.606671,2073,2878,3_S
1789466563.607168,2130,2879,3_S
1789466563.6092858,2114,2878,3_S
1789466563.611247,2062,2878,3_S
1789466563.6132212,2067,2878,3_S
1789466563.614732,2135,2878,3_S
1789466563.61698,2024,2878,3_S
1789466563.6191099,2010,2878,3_S
1789466563.620194,2061,2878,3_S
1789466563.6225688,2104,2879,3_S
1789466563.626227,1985,2877,3_S
1789466563.626708,1990,2878,3_S
1789466563.6293051,2080,2879,3_S
1789466563.630899,2142,2880,3_S
1789466563.632458,2108,2878,3_S
1789466563.634434,2056,2878,3_S
1789466563.6367161,2045,2877,3_S
1789466563.6387992,2125,2879,3_S
1789466563.6408849,2105,2880,3_S
1789466563.6421819,2026,2877,3_S
1789466563.644518,2065,2877,3_S
1789466563.646838,2145,2877,3_S
1789466563.649158,2196,2879,3_S
1789466563.650211,2092,2877,3_S
1789466563.6524749,2037,2877,3_S
1789466563.654594,2089,2879,3_S
1789466563.6566799,2135,2878,3_S
1789466563.658997,2000,2877,3_S
1789466563.660078,2009,2877,3_S
1789466563.662216,2069,2877,3_S
1789466563.6645231,2174,2879,3_S
1789466563.666826,2086,2878,3_S
1789466563.669125,2021,2877,3_S
1789466563.674182,2037,2877,3_S
1789466563.675464,2120,2878,3_S
1789466563.677325,2061,2877,3_S
1789466563.6775181,2015,2878,3_S
1789466563.679295,2085,2877,3_S
1789466563.6810172,2141,2879,3_S
1789466563.6830888,2138,2878,3_S
1789466563.686063,2090,2878,3_S
1789466563.688359,2062,2877,3_S
1789466563.6886039,2151,2878,3_S
1789466563.69117,2135,2879,3_S
1789466563.6963258,2026,2876,3_S
1789466563.696795,2049,2877,3_S
1789466563.696934,2107,2877,3_S
1789466563.6989162,2128,2879,3_S
1789466563.7006369,2054,2877,3_S
1789466563.7042692,2043,2877,3_S
1789466563.706315,2074,2877,3_S
1789466563.706506,2064,2878,3_S
1789466563.7086542,1999,2876,3_S
1789466563.7112188,2021,2877,3_S
1789466563.712516,2099,2877,3_S
1789466563.7148318,2160,2879,3_S
1789466563.716961,2108,2877,3_S
1789466563.718265,2044,2878,3_S
1789466563.720581,2064,2878,3_S
1789466563.72289,2127,2878,3_S
1789466563.724982,2015,2877,3_S
1789466563.7260811,2049,2878,3_S
1789466563.728541,2121,2876,3_S
1789466563.730858,2214,2879,3_S
1789466563.7321558,2103,2877,3_S
1789466563.734466,2027,2877,3_S
1789466563.737018,2037,2877,3_S
1789466563.7383108,2150,2877,3_S
1789466563.743758,2121,2878,3_S
1789466563.7442791,2010,2878,3_S
1789466563.744726,2040,2878,3_S
1789466563.7466502,2108,2877,3_S
1789466563.748895,2135,2879,3_S
1789466563.7594318,2051,2878,3_S
1789466563.759476,2011,2877,3_S
1789466563.764713,2088,2877,3_S
1789466563.764756,2086,2878,3_S
1789466563.764789,1951,2876,3_S
1789466563.764822,1995,2877,3_S
1789466563.764854,2108,2877,3_S
1789466563.764886,2177,2879,3_S
1789466563.766634,2078,2878,3_S
1789466563.768408,2069,2877,3_S
1789466563.773469,2075,2878,3_S
1789466563.773515,2098,2878,3_S
1789466563.778093,2062,2875,3_S
1789466563.778131,1999,2878,3_S
1789466563.778163,2022,2878,3_S
1789466563.781717,2114,2877,3_S
1789466563.787303,2133,2879,3_S
1789466563.787342,2044,2878,3_S
1789466563.787772,2046,2878,3_S
1789466563.789088,2134,2878,3_S
1789466563.790154,2107,2879,3_S
1789466563.80437,2012,2878,3_S
1789466563.805349,2010,2878,3_S
1789466563.8058019,2095,2878,3_S
1789466563.806473,2168,2879,3_S
1789466563.806912,2079,2878,3_S
1789466563.808519,2018,2877,3_S
1789466563.810606,2040,2877,3_S
1789466563.8108642,2141,2878,3_S
1789466563.8111308,2015,2877,3_S
1789466563.8113081,2017,2878,3_S
1789466563.8136342,2083,2878,3_S
1789466563.814691,2121,2879,3_S
1789466563.8172438,2069,2878,3_S
1789466563.821988,2034,2879,3_S
1789466563.822149,2019,2878,3_S
1789466563.822586,2128,2879,3_S
1789466563.8247309,2032,2877,3_S
1789466563.8271701,2000,2878,3_S
1789466563.8285692,2071,2877,3_S
1789466563.830386,2174,2879,3_S
1789466563.8325062,2132,2879,3_S
1789466563.834785,2045,2877,3_S
1789466563.836094,2025,2877,3_S
1789466563.838367,2063,2878,3_S
1789466563.841076,2107,2879,3_S
1789466563.8423948,2038,2879,3_S
1789466563.845407,2036,2878,3_S
1789466563.8468091,2110,2878,3_S
1789466563.848896,2164,2879,3_S
1789466563.850202,2062,2878,3_S
1789466563.852318,2002,2877,3_S
1789466563.854879,2040,2878,3_S
1789466563.8561852,2138,2879,3_S
1789466563.8584409,2024,2876,3_S
1789466563.860521,2013,2879,3_S
1789466563.862611,2077,2877,3_S
1789466563.865644,2164,2879,3_S
1789466563.866703,2078,2878,3_S
1789466563.873162,2044,2877,3_S
1789466563.873823,2022,2877,3_S
1789466563.875811,2096,2879,3_S
1789466563.877595,2030,2878,3_S
1789466563.878767,2022,2877,3_S
1789466563.879621,2099,2878,3_S
1789466563.883889,2203,2879,3_S
1789466563.8842418,2128,2878,3_S
1789466563.88447,2044,2877,3_S
1789466563.886657,2077,2878,3_S
1789466563.888742,2112,2879,3_S
1789466563.8950772,2019,2876,3_S
1789466563.895991,1948,2877,3_S
1789466563.8978639,2016,2878,3_S
1789466563.898134,2157,2878,3_S
1789466563.900733,2191,2879,3_S
1789466563.9016051,2025,2877,3_S
1789466563.904429,1968,2877,3_S
1789466563.90458,2081,2878,3_S
1789466563.906699,2138,2879,3_S
1789466563.9089742,2083,2877,3_S
1789466563.910113,2035,2878,3_S
1789466563.912673,2063,2878,3_S
1789466563.915238,2144,2879,3_S
1789466563.916539,2086,2878,3_S
1789466563.918632,2026,2877,3_S
1789466563.9209962,2000,2878,3_S
1789466563.922074,2117,2879,3_S
1789466563.924393,2058,2877,3_S
1789466563.926708,2008,2877,3_S
1789466563.929088,2072,2878,3_S
1789466563.930392,2137,2879,3_S
1789466563.9329479,2121,2878,3_S
1789466563.934247,2066,2878,3_S
1789466563.936536,2028,2878,3_S
1789466563.93886,2072,2878,3_S
1789466563.940955,2084,2879,3_S
1789466563.945825,2020,2877,3_S
1789466563.946271,2078,2878,3_S
1789466563.946443,2141,2878,3_S
1789466563.9493928,2149,2879,3_S
1789466563.951404,2071,2877,3_S
1789466563.953951,2032,2877,3_S
1789466563.954077,2094,2878,3_S
1789466563.957763,2143,2878,3_S
1789466563.9601972,2038,2877,3_S
1789466563.9603,2013,2878,3_S
1789466563.962365,2083,2879,3_S
1789466563.9681642,2156,2880,3_S
1789466563.968701,2058,2878,3_S
1789466563.969223,2028,2876,3_S
1789466563.9712288,2022,2878,3_S
1789466563.9730098,2082,2878,3_S
1789466563.974166,2058,2877,3_S
1789466563.977118,1999,2876,3_S
1789466563.97922,2043,2878,3_S
1789466563.981534,2146,2879,3_S
1789466563.982851,2135,2878,3_S
1789466563.9852521,2034,2878,3_S
1789466563.986662,2039,2877,3_S
1789466563.988086,2121,2879,3_S
1789466563.990645,2086,2880,3_S
1789466563.9932249,2025,2878,3_S
1789466563.994528,2033,2878,3_S
1789466563.996845,2146,2878,3_S
1789466563.9981399,2154,2880,3_S
1789466564.000215,2060,2878,3_S
1789466564.002624,2012,2877,3_S
1789466564.004947,2026,2878,3_S
1789466564.006252,2099,2879,3_S
1789466564.008329,2022,2876,3_S
1789466564.0104032,1967,2877,3_S
1789466564.0127192,2072,2878,3_S
1789466564.019371,2154,2880,3_S
1789466564.019924,2114,2878,3_S
1789466564.020457,2071,2879,3_S
1789466564.021399,2034,2877,3_S
1789466564.0245361,2108,2878,3_S
1789466564.0246909,2053,2877,3_S
1789466564.026258,2013,2876,3_S
1789466564.030127,2088,2878,3_S
1789466564.0303319,2162,2879,3_S
1789466564.03321,2155,2879,3_S
1789466564.034513,2043,2877,3_S
1789466564.039592,2019,2878,3_S
1789466564.04082,2056,2879,3_S
1789466564.042511,2098,2880,3_S
1789466564.042668,2060,2878,3_S
1789466564.045752,2031,2877,3_S
1789466564.047793,2100,2879,3_S
1789466564.049711,2136,2878,3_S
1789466564.051817,2062,2878,3_S
1789466564.0528839,2012,2877,3_S
1789466564.054098,2081,2878,3_S
1789466564.056179,2141,2878,3_S
1789466564.058253,2051,2877,3_S
1789466564.0605462,2028,2877,3_S
1789466564.063094,2118,2877,3_S
1789466564.064341,2153,2880,3_S
1789466564.066657,2121,2878,3_S
1789466564.0693061,2041,2877,3_S
1789466564.070601,2014,2877,3_S
1789466564.0726862,2164,2879,3_S
1789466564.075009,2093,2877,3_S
1789466564.076309,1986,2877,3_S
1789466564.078788,2026,2879,3_S
1789466564.080116,2129,2876,3_S
1789466564.082428,2106,2878,3_S
1789466564.088314,2025,2878,3_S
1789466564.0899909,1976,2877,3_S
1789466564.090281,2088,2878,3_S
1789466564.090448,2085,2879,3_S
1789466564.092829,2005,2878,3_S
1789466564.0944462,2059,2878,3_S
1789466564.0977101,2131,2878,3_S
1789466564.099818,2147,2880,3_S
1789466564.101038,2085,2878,3_S
1789466564.102308,2043,2877,3_S
1789466564.1071832,2083,2877,3_S
1789466564.108018,2146,2878,3_S
1789466564.1084049,2065,2876,3_S
1789466564.111312,2064,2878,3_S
1789466564.112882,2069,2878,3_S
1789466564.114926,2138,2880,3_S
1789466564.116847,2037,2878,3_S
1789466564.1189508,2048,2877,3_S
1789466564.120265,2043,2877,3_S
1789466564.122584,2089,2878,3_S
1789466564.124882,2038,2877,3_S
1789466564.1271858,1983,2877,3_S
1789466564.128479,2080,2878,3_S
1789466564.130927,2159,2880,3_S
1789466564.1322198,2182,2879,3_S
1789466564.134529,2085,2877,3_S
1789466564.1370208,2047,2877,3_S
1789466564.138318,2097,2878,3_S
1789466564.140872,2122,2879,3_S
1789466564.142174,2020,2878,3_S
1789466564.144728,2079,2878,3_S
1789466564.1472902,2159,2879,3_S
1789466564.148344,2150,2879,3_S
1789466564.152891,2059,2877,3_S
1789466564.153305,2011,2877,3_S
1789466564.154633,2082,2879,3_S
1789466564.157965,2106,2879,3_S
1789466564.1580741,1960,2876,3_S
1789466564.160915,1995,2878,3_S
1789466564.1628249,2064,2877,3_S
1789466564.1648839,2122,2879,3_S
1789466564.166183,2100,2878,3_S
1789466564.168503,2028,2878,3_S
1789466564.170837,2104,2877,3_S
1789466564.172949,2078,2877,3_S
1789466564.173994,2061,2878,3_S
1789466564.1765492,2032,2877,3_S
1789466564.178852,2120,2878,3_S
1789466564.180156,2157,2879,3_S
1789466564.1824708,2118,2879,3_S
1789466564.1847801,2041,2877,3_S
1789466564.186887,2028,2878,3_S
1789466564.1881878,2060,2880,3_S
1789466564.190753,2066,2877,3_S
1789466564.1931891,2018,2878,3_S
1789466564.194488,2049,2878,3_S
1789466564.199896,2118,2877,3_S
1789466564.200377,2139,2877,3_S
1789466564.201213,2046,2877,3_S
1789466564.202739,2042,2877,3_S
1789466564.204683,2090,2877,3_S
1789466564.207972,2147,2878,3_S
1789466564.208087,2061,2877,3_S
1789466564.211808,2007,2878,3_S
1789466564.213103,2065,2879,3_S
1789466564.2142248,2134,2880,3_S
1789466564.219454,2102,2878,3_S
1789466564.220267,2010,2877,3_S
1789466564.22172,2056,2878,3_S
1789466564.223253,2140,2879,3_S
1789466564.225156,2070,2876,3_S
1789466564.226889,2013,2876,3_S
1789466564.228631,2078,2878,3_S
1789466564.230498,2153,2879,3_S
1789466564.232685,2151,2878,3_S
1789466564.2348511,2065,2878,3_S
1789466564.236214,2053,2878,3_S
1789466564.238546,2087,2879,3_S
1789466564.240622,2116,2879,3_S
1789466564.242965,2044,2879,3_S
1789466564.2442722,2071,2877,3_S
1789466564.246593,2145,2877,3_S
1789466564.24914,2199,2879,3_S
1789466564.250438,2091,2878,3_S
1789466564.2526348,2068,2877,3_S
1789466564.254952,2033,2878,3_S
1789466564.2562501,2065,2878,3_S
1789466564.2583182,1988,2877,3_S
1789466564.260643,1959,2878,3_S
1789466564.263113,2060,2878,3_S
1789466564.268688,2111,2879,3_S
1789466564.26882,2042,2878,3_S
1789466564.2693079,2038,2877,3_S
1789466564.2713249,2046,2877,3_S
1789466564.273301,2153,2878,3_S
1789466564.274872,2085,2877,3_S
1789466564.276547,2031,2878,3_S
1789466564.2783842,2084,2878,3_S
1789466564.280559,2153,2879,3_S
1789466564.2831218,2146,2878,3_S
1789466564.2844229,2076,2877,3_S
1789466564.2886279,2056,2878,3_S
1789466564.289037,2093,2878,3_S
1789466564.291262,2089,2880,3_S
1789466564.293292,2017,2876,3_S
1789466564.29517,2036,2878,3_S
1789466564.296661,2148,2878,3_S
1789466564.2985759,2129,2879,3_S
1789466564.3003452,2023,2879,3_S
1789466564.3029308,2024,2877,3_S
1789466564.304228,2080,2877,3_S
1789466564.306628,2115,2877,3_S
1789466564.309183,2041,2876,3_S
1789466564.310476,2046,2879,3_S
1789466564.312544,2112,2878,3_S
1789466564.315094,2146,2879,3_S
1789466564.316386,2059,2878,3_S
1789466564.318857,1973,2877,3_S
1789466564.321186,2029,2878,3_S
1789466564.3222542,2104,2878,3_S
1789466564.324387,2077,2877,3_S
1789466564.326693,2025,2878,3_S
1789466564.3290088,2074,2878,3_S
1789466564.330063,2146,2879,3_S
1789466564.3351839,2163,2879,3_S
1789466564.336101,2090,2877,3_S
1789466564.336921,2055,2877,3_S
1789466564.3382678,2076,2878,3_S
1789466564.340999,2072,2879,3_S
1789466564.34321,1990,2877,3_S
1789466564.3450189,2025,2878,3_S
1789466564.346807,2089,2877,3_S
1789466564.348877,2148,2878,3_S
1789466564.3511941,2071,2878,3_S
1789466564.3524961,2036,2877,3_S
1789466564.355058,2089,2878,3_S
1789466564.356354,2123,2879,3_S
1789466564.358906,2033,2876,3_S
1789466564.360199,2024,2878,3_S
1789466564.3627489,2089,2878,3_S
1789466564.364039,2158,2880,3_S
1789466564.3665879,2060,2878,3_S
1789466564.369174,2016,2878,3_S
1789466564.3702312,2097,2877,3_S
1789466564.372312,2141,2879,3_S
1789466564.3746738,2059,2877,3_S
1789466564.376985,2015,2878,3_S
1789466564.381956,2101,2878,3_S
1789466564.382886,2171,2879,3_S
1789466564.3830159,2143,2879,3_S
1789466564.385115,2055,2877,3_S
1789466564.388383,2038,2878,3_S
1789466564.388928,2111,2879,3_S
1789466564.39099,2109,2879,3_S
1789466564.393014,1981,2878,3_S
1789466564.395155,2039,2878,3_S
1789466564.396217,2137,2878,3_S
1789466564.398447,2165,2879,3_S
1789466564.402926,2052,2878,3_S
1789466564.403397,2003,2878,3_S
1789466564.405621,2030,2877,3_S
1789466564.407965,2086,2879,3_S
1789466564.408799,2058,2877,3_S
1789466564.411146,2041,2878,3_S
1789466564.412976,2073,2878,3_S
1789466564.414761,2141,2880,3_S
1789466564.416074,2066,2878,3_S
1789466564.418666,2022,2877,3_S
1789466564.420994,2033,2877,3_S
1789466564.422303,2133,2877,3_S
1789466564.424542,2051,2878,3_S
1789466564.427097,2002,2877,3_S
1789466564.428393,2083,2878,3_S
1789466564.430867,2160,2879,3_S
1789466564.433231,2154,2878,3_S
1789466564.434531,2048,2878,3_S
1789466564.4368708,2051,2877,3_S
1789466564.438167,2119,2879,3_S
1789466564.440723,2081,2879,3_S
1789466564.442016,2005,2877,3_S
1789466564.444569,2025,2878,3_S
1789466564.450753,2165,2880,3_S
1789466564.4512918,2153,2879,3_S
1789466564.45177,2052,2877,3_S
1789466564.453669,2014,2877,3_S
1789466564.45661,2003,2878,3_S
1789466564.457134,2107,2879,3_S
1789466564.4595509,2018,2878,3_S
1789466564.461536,2001,2877,3_S
1789466564.463707,2045,2877,3_S
1789466564.465015,2103,2879,3_S
1789466564.466315,2077,2879,3_S
1789466564.4718761,2082,2878,3_S
1789466564.4731562,2085,2878,3_S
1789466564.474808,2164,2879,3_S
1789466564.476288,2070,2876,3_S
1789466564.477045,2028,2879,3_S
1789466564.47864,2087,2878,3_S
1789466564.4803772,2164,2882,3_S
1789466564.482208,2150,2878,3_S
1789466564.48428,2038,2877,3_S
1789466564.48666,2001,2878,3_S
1789466564.4879758,2092,2879,3_S
1789466564.490541,2110,2880,3_S
1789466564.492861,2044,2877,3_S
1789466564.493969,2031,2877,3_S
1789466564.496279,2110,2878,3_S
1789466564.498846,2173,2879,3_S
1789466564.500066,2062,2877,3_S
1789466564.502591,2032,2878,3_S
1789466564.503951,2081,2878,3_S
1789466564.506249,2114,2879,3_S
1789466564.508563,2007,2877,3_S
1789466564.509964,2018,2879,3_S
1789466564.512154,2072,2878,3_S
1789466564.514483,2153,2879,3_S
1789466564.522177,2115,2880,3_S
1789466564.5226738,2001,2878,3_S
1789466564.524044,2009,2877,3_S
1789466564.524252,2127,2879,3_S
1789466564.524431,2106,2880,3_S
1789466564.526357,2003,2878,3_S
1789466564.529472,2092,2878,3_S
1789466564.531442,2157,2879,3_S
1789466564.53332,2117,2878,3_S
1789466564.534563,2029,2877,3_S
1789466564.536878,2004,2877,3_S
1789466564.541128,2102,2878,3_S
1789466564.541974,2102,2878,3_S
1789466564.5423942,2047,2877,3_S
1789466564.544072,2073,2878,3_S
1789466564.547124,2109,2878,3_S
1789466564.549363,2165,2879,3_S
1789466564.5511339,2064,2878,3_S
1789466564.553293,2043,2877,3_S
1789466564.554357,2096,2878,3_S
1789466564.5569239,2109,2879,3_S
1789466564.558232,2009,2876,3_S
1789466564.560541,1995,2878,3_S
1789466564.563091,2068,2877,3_S
1789466564.564141,2142,2879,3_S
1789466564.566727,2108,2878,3_S
1789466564.567997,2058,2877,3_S
1789466564.570424,2068,2877,3_S
1789466564.572605,2143,2878,3_S
1789466564.5739589,2100,2879,3_S
1789466564.576282,1998,2877,3_S
1789466564.578361,2043,2877,3_S
1789466564.580669,2122,2878,3_S
1789466564.583006,2131,2878,3_S
1789466564.584138,2052,2878,3_S
1789466564.588449,2053,2878,3_S
1789466564.5889852,2090,2878,3_S
1789466564.591135,2085,2879,3_S
1789466564.59288,1975,2877,3_S
1789466564.594861,2015,2877,3_S
1789466564.5965261,2106,2878,3_S
1789466564.598448,2187,2881,3_S
1789466564.600269,2042,2878,3_S
1789466564.6026309,2045,2877,3_S
1789466564.6080608,2068,2878,3_S
1789466564.608547,2081,2880,3_S
1789466564.6090329,2014,2876,3_S
1789466564.611278,2043,2878,3_S
1789466564.61312,2131,2879,3_S
1789466564.615066,2151,2880,3_S
1789466564.6164632,2077,2879,3_S
1789466564.618293,1994,2877,3_S
1789466564.620775,2078,2877,3_S
1789466564.6220968,2095,2879,3_S
1789466564.624356,2047,2876,3_S
1789466564.626912,1995,2877,3_S
1789466564.627993,2052,2878,3_S
1789466564.630545,2166,2879,3_S
1789466564.632904,2137,2878,3_S
1789466564.634073,2042,2877,3_S
1789466564.636645,2023,2878,3_S
1789466564.638727,2111,2879,3_S
1789466564.640023,2145,2879,3_S
1789466564.642328,1998,2878,3_S
1789466564.644643,2058,2878,3_S
1789466564.645995,2117,2878,3_S
1789466564.648552,2136,2880,3_S
1789466564.650859,2073,2877,3_S
1789466564.6554859,2069,2877,3_S
1789466564.656069,2077,2877,3_S
1789466564.656529,2096,2878,3_S
1789466564.658484,2031,2877,3_S
1789466564.6604748,2028,2877,3_S
1789466564.663705,2098,2878,3_S
1789466564.6654441,2124,2879,3_S
1789466564.66715,2062,2878,3_S
1789466564.6682172,2063,2877,3_S
1789466564.670775,2019,2877,3_S
1789466564.6720939,2104,2878,3_S
1789466564.6746519,2066,2877,3_S
1789466564.6759849,2023,2878,3_S
1789466564.678543,2078,2877,3_S
1789466564.680657,2131,2877,3_S
1789466564.682733,2102,2879,3_S
1789466564.684024,2058,2878,3_S
1789466564.6861389,2051,2878,3_S
1789466564.688457,2091,2878,3_S
1789466564.6910121,2118,2879,3_S
1789466564.6923058,2013,2878,3_S
1789466564.694853,2022,2878,3_S
1789466564.696338,2142,2877,3_S
1789466564.700625,2168,2880,3_S
1789466564.7010298,2054,2877,3_S
1789466564.702914,2000,2877,3_S
1789466564.704349,2049,2877,3_S
1789466564.707509,2090,2878,3_S
1789466564.709224,2031,2877,3_S
1789466564.7112489,1995,2878,3_S
1789466564.7123141,2091,2878,3_S
1789466564.714633,2197,2881,3_S
1789466564.716946,2114,2878,3_S
1789466564.718242,2040,2878,3_S
1789466564.7208068,2020,2877,3_S
1789466564.722103,2079,2878,3_S
1789466564.724651,2073,2877,3_S
1789466564.72602,2031,2878,3_S
1789466564.728329,2092,2878,3_S
1789466564.730876,2160,2879,3_S
1789466564.732001,2156,2879,3_S
1789466564.734071,2058,2877,3_S
1789466564.736376,2032,2877,3_S
1789466564.7386858,2118,2878,3_S
1789466564.741039,2155,2879,3_S
1789466564.74511,2049,2878,3_S
1789466564.7459772,2035,2878,3_S
1789466564.746093,2079,2876,3_S
1789466564.749363,2120,2879,3_S
1789466564.750574,2068,2877,3_S
1789466564.7524412,2044,2878,3_S
1789466564.7541,2057,2878,3_S
1789466564.7569861,2105,2879,3_S
1789466564.7582889,2029,2877,3_S
1789466564.760598,2015,2879,3_S
1789466564.76283,2115,2878,3_S
1789466564.764939,2174,2880,3_S
1789466564.765988,2059,2878,3_S
1789466564.768536,1977,2877,3_S
1789466564.770847,2050,2878,3_S
1789466564.7719529,2121,2879,3_S
1789466564.774505,2063,2876,3_S
1789466564.7768168,1973,2877,3_S
1789466564.777953,2059,2878,3_S
1789466564.780231,2108,2877,3_S
1789466564.782314,2148,2879,3_S
1789466564.784619,2042,2877,3_S
1789466564.78979,2076,2877,3_S
1789466564.7906728,2109,2878,3_S
1789466564.791135,2106,2879,3_S
1789466564.794048,1990,2878,3_S
1789466564.794504,2020,2877,3_S
1789466564.797405,2089,2878,3_S
1789466564.799107,2134,2880,3_S
1789466564.800771,2080,2878,3_S
1789466564.802081,2040,2877,3_S
1789466564.804234,2057,2878,3_S
1789466564.8068109,2105,2878,3_S
1789466564.80796,2023,2877,3_S
1789466564.810107,2018,2878,3_S
1789466564.8126578,2079,2878,3_S
1789466564.813952,2159,2879,3_S
1789466564.8165069,2126,2879,3_S
1789466564.819057,2110,2878,3_S
1789466564.82035,2039,2877,3_S
1789466564.8226519,2064,2878,3_S
1789466564.823958,2044,2877,3_S
1789466564.826062,1986,2878,3_S
1789466564.82814,2044,2878,3_S
1789466564.83057,2118,2878,3_S
1789466564.8352761,2126,2879,3_S
1789466564.8358002,2030,2878,3_S
1789466564.838005,2025,2878,3_S
1789466564.8382258,2097,2878,3_S
1789466564.841747,2150,2879,3_S
1789466564.843411,2024,2877,3_S
1789466564.84541,2050,2879,3_S
1789466564.8471942,2128,2877,3_S
1789466564.848503,2174,2879,3_S
1789466564.8508139,2049,2878,3_S
1789466564.852111,2007,2879,3_S
1789466564.854429,2061,2878,3_S
1789466564.856707,2111,2879,3_S
1789466564.8588648,2033,2879,3_S
1789466564.8601742,2006,2878,3_S
1789466564.8626492,2046,2879,3_S
1789466564.863963,2147,2880,3_S
1789466564.866176,2103,2879,3_S
1789466564.8682501,2009,2877,3_S
1789466564.870562,2010,2877,3_S
1789466564.8729432,2098,2878,3_S
1789466564.874239,2064,2876,3_S
1789466564.8765702,1972,2878,3_S
1789466564.881911,2094,2878,3_S
1789466564.882868,2165,2879,3_S
1789466564.8833458,2114,2878,3_S
1789466564.886059,2048,2877,3_S
1789466564.8866408,2041,2877,3_S
1789466564.8882391,2150,2878,3_S
1789466564.890084,2132,2880,3_S
1789466564.894155,2021,2877,3_S
1789466564.8942468,1988,2877,3_S
1789466564.896807,2083,2878,3_S
1789466564.9026592,2142,2878,3_S
1789466564.903658,2073,2878,3_S
1789466564.905206,2036,2878,3_S
1789466564.9068642,2039,2877,3_S
1789466564.908086,2092,2879,3_S
1789466564.9093068,2091,2878,3_S
1789466564.913407,2063,2878,3_S
1789466564.9153368,2152,2877,3_S
1789466564.9155369,2164,2880,3_S
1789466564.916843,2091,2878,3_S
1789466564.918046,1972,2877,3_S
1789466564.920597,1976,2877,3_S
1789466564.9230661,2075,2879,3_S
1789466564.924129,2046,2876,3_S
1789466564.926464,1991,2878,3_S
1789466564.9287941,2023,2878,3_S
1789466564.9308789,2151,2880,3_S
1789466564.931947,2185,2880,3_S
1789466564.934499,2061,2878,3_S
1789466564.936576,2013,2878,3_S
1789466564.938737,2087,2878,3_S
1789466564.940023,2132,2880,3_S
1789466564.942801,2036,2878,3_S
1789466564.9441311,2002,2877,3_S
1789466564.9467149,2112,2878,3_S
1789466564.951274,2163,2878,3_S
1789466564.953304,2074,2877,3_S
1789466564.954862,2032,2878,3_S
1789466564.9550521,2038,2877,3_S
1789466564.957599,2118,2878,3_S
1789466564.9593751,2030,2877,3_S
1789466564.9627259,1994,2878,3_S
1789466564.9629571,2115,2879,3_S
1789466564.965278,2158,2879,3_S
1789466564.966356,2096,2879,3_S
1789466564.968527,2077,2877,3_S
1789466564.9739032,2051,2878,3_S
1789466564.974826,2127,2878,3_S
1789466564.976379,2068,2877,3_S
1789466564.97656,2037,2879,3_S
1789466564.978164,2070,2878,3_S
1789466564.981717,2087,2877,3_S
1789466564.9835389,2146,2879,3_S
1789466564.985835,2025,2879,3_S
1789466564.985961,2056,2878,3_S
1789466564.988286,2101,2880,3_S
1789466564.990856,2124,2880,3_S
1789466564.9921532,2040,2877,3_S
1789466564.9944608,2035,2879,3_S
1789466564.997013,2079,2878,3_S
1789466564.998083,2129,2879,3_S
1789466565.000156,2070,2878,3_S
1789466565.002465,2027,2878,3_S
1789466565.005016,2049,2878,3_S
1789466565.006309,2085,2878,3_S
1789466565.0087109,2010,2877,3_S
1789466565.010844,2012,2876,3_S
1789466565.0121422,2138,2878,3_S
1789466565.014449,2175,2880,3_S
1789466565.021284,2103,2879,3_S
1789466565.022193,2026,2877,3_S
1789466565.02352,2049,2877,3_S
1789466565.023672,2101,2879,3_S
1789466565.02563,2084,2877,3_S
1789466565.027346,1996,2877,3_S
1789466565.029023,2057,2878,3_S
1789466565.030966,2140,2879,3_S
1789466565.032794,2155,2878,3_S
1789466565.034247,2056,2877,3_S
1789466565.036321,2001,2877,3_S
1789466565.040926,2075,2878,3_S
1789466565.041441,2092,2879,3_S
1789466565.0433228,1987,2878,3_S
1789466565.0452201,1985,2878,3_S
1789466565.04708,2098,2878,3_S
1789466565.048704,2113,2879,3_S
1789466565.050573,2054,2878,3_S
1789466565.052364,2024,2877,3_S
1789466565.05457,2086,2877,3_S
1789466565.056886,2134,2878,3_S
1789466565.058196,2070,2877,3_S
1789466565.0605109,2026,2878,3_S
1789466565.062816,2109,2877,3_S
1789466565.0641122,2158,2879,3_S
1789466565.06655,2125,2878,3_S
1789466565.068919,2047,2878,3_S
1789466565.069977,2074,2877,3_S
1789466565.072289,2139,2879,3_S
1789466565.074847,2111,2879,3_S
1789466565.076142,1970,2878,3_S
1789466565.078221,1994,2878,3_S
1789466565.080534,2082,2878,3_S
1789466565.083117,2074,2879,3_S
1789466565.0842261,2016,2878,3_S
1789466565.0893261,2008,2878,3_S
1789466565.0902882,2055,2877,3_S
1789466565.090776,2062,2878,3_S
1789466565.092103,2032,2877,3_S
1789466565.0948129,2034,2878,3_S
1789466565.09697,2158,2878,3_S
1789466565.098825,2225,2879,3_S
1789466565.100968,2121,2879,3_S
1789466565.102311,1997,2877,3_S
1789466565.104885,2028,2877,3_S
1789466565.106185,2118,2878,3_S
1789466565.108497,2031,2877,3_S
1789466565.110761,2039,2878,3_S
1789466565.112053,2094,2878,3_S
1789466565.114361,2139,2880,3_S
1789466565.1166651,2129,2879,3_S
1789466565.11796,2058,2877,3_S
1789466565.120513,2033,2878,3_S
1789466565.122645,2102,2878,3_S
1789466565.12481,2076,2877,3_S
1789466565.126103,2014,2877,3_S
1789466565.128224,2050,2878,3_S
1789466565.130531,2078,2877,3_S
1789466565.136755,2127,2878,3_S
1789466565.136894,2077,2878,3_S
1789466565.1376472,1994,2877,3_S
1789466565.140784,2074,2879,3_S
1789466565.141542,2101,2880,3_S
1789466565.144502,2019,2877,3_S
1789466565.144662,2009,2877,3_S
1789466565.146566,2113,2878,3_S
1789466565.148281,2160,2880,3_S
1789466565.150841,2075,2878,3_S
1789466565.1518981,2030,2878,3_S
1789466565.156204,2073,2877,3_S
1789466565.156332,2165,2878,3_S
1789466565.158684,2033,2877,3_S
1789466565.160471,2049,2878,3_S
1789466565.162388,2089,2878,3_S
1789466565.165431,2166,2879,3_S
1789466565.1674309,2107,2879,3_S
1789466565.168611,2055,2878,3_S
1789466565.169906,2063,2877,3_S
1789466565.172471,2093,2878,3_S
1789466565.174738,2089,2877,3_S
1789466565.176032,2010,2879,3_S
1789466565.178582,2035,2878,3_S
1789466565.179877,2123,2877,3_S
1789466565.182432,2132,2878,3_S
1789466565.1847382,2038,2877,3_S
1789466565.186079,2004,2877,3_S
1789466565.1886458,2062,2878,3_S
1789466565.190954,2074,2879,3_S
1789466565.192011,2012,2877,3_S
1789466565.194077,2027,2878,3_S
1789466565.196626,2123,2878,3_S
