timestamp,ch1,ch2,label
1789466578.637433,2037,2877,4
1789466578.637847,2030,2877,4
1789466578.639476,2089,2877,4
1789466578.640934,2071,2878,4
1789466578.643853,2004,2877,4
1789466578.646005,2033,2877,4
1789466578.647072,2109,2879,4
1789466578.64919,2127,2879,4
1789466578.6518059,2047,2879,4
1789466578.6530392,2029,2878,4
1789466578.6556318,2037,2878,4
1789466578.656697,2082,2879,4
1789466578.6590889,1999,2876,4
1789466578.661391,2027,2877,4
1789466578.6626759,2083,2878,4
1789466578.6649852,2126,2880,4
1789466578.667298,2077,2878,4
1789466578.669609,2043,2877,4
1789466578.670677,2054,2877,4
1789466578.6753862,2097,2878,4
1789466578.6754959,2031,2877,4
1789466578.677483,2009,2878,4
1789466578.6789608,2071,2878,4
1789466578.681754,2148,2879,4
1789466578.683625,2113,2879,4
1789466578.684923,2033,2877,4
1789466578.687541,1994,2877,4
1789466578.6888692,2045,2878,4
1789466578.691168,2023,2877,4
1789466578.6934788,1997,2878,4
1789466578.6946099,2010,2877,4
1789466578.696908,2102,2877,4
1789466578.699449,2138,2878,4
1789466578.700592,2056,2877,4
1789466578.702678,2036,2877,4
1789466578.705222,2067,2878,4
1789466578.7066371,2112,2878,4
1789466578.7089431,2036,2878,4
1789466578.713641,2009,2877,4
1789466578.7140539,2065,2878,4
1789466578.71568,2079,2877,4
1789466578.717482,2097,2878,4
1789466578.719979,2078,2878,4
1789466578.722202,2068,2877,4
1789466578.723496,2112,2878,4
1789466578.724576,2084,2879,4
1789466578.726898,2028,2878,4
1789466578.728968,2045,2878,4
1789466578.7314482,2113,2878,4
1789466578.732567,2104,2878,4
1789466578.734805,2061,2878,4
1789466578.736994,2053,2878,4
1789466578.739048,2100,2878,4
1789466578.7415092,2097,2878,4
1789466578.742652,2028,2877,4
1789466578.744757,2043,2877,4
1789466578.747124,2097,2877,4
1789466578.7510972,2108,2879,4
1789466578.751468,2060,2878,4
1789466578.753131,2013,2878,4
1789466578.756825,2061,2877,4
1789466578.758056,2081,2879,4
1789466578.760119,2049,2876,4
1789466578.76163,2030,2877,4
1789466578.762678,2072,2878,4
1789466578.765236,2122,2880,4
1789466578.766598,2108,2878,4
1789466578.768679,2077,2878,4
1789466578.771033,2069,2877,4
1789466578.7735791,2112,2879,4
1789466578.7748659,2068,2879,4
1789466578.776928,2036,2878,4
1789466578.779228,2111,2877,4
1789466578.7815459,2181,2880,4
1789466578.782676,2207,2878,4
1789466578.788683,2181,2878,4
1789466578.788768,2163,2877,4
1789466578.7891588,2221,2878,4
1789466578.790926,2206,2879,4
1789466578.793355,2127,2877,4
1789466578.7949371,2147,2878,4
1789466578.7971761,2160,2878,4
1789466578.799401,2163,2879,4
1789466578.8005881,2088,2878,4
1789466578.802761,2053,2878,4
1789466578.805009,2071,2878,4
1789466578.807324,2123,2879,4
1789466578.809629,2056,2877,4
1789466578.810868,2069,2877,4
1789466578.8132129,2121,2878,4
1789466578.815519,2152,2879,4
1789466578.816564,2137,2878,4
1789466578.818979,2123,2878,4
1789466578.821447,2100,2877,4
1789466578.822848,2157,2878,4
1789466578.82664,2116,2879,4
1789466578.827038,2091,2877,4
1789466578.828875,2088,2878,4
1789466578.831723,2140,2878,4
1789466578.8334038,2137,2878,4
1789466578.835443,2083,2878,4
1789466578.836745,2085,2878,4
1789466578.839218,2109,2878,4
1789466578.840561,2108,2878,4
1789466578.842634,2054,2878,4
1789466578.8451798,2074,2878,4
1789466578.8477461,2134,2878,4
1789466578.849034,2132,2879,4
1789466578.8516219,2119,2878,4
1789466578.852918,2060,2877,4
1789466578.855219,2089,2877,4
1789466578.8576078,2121,2878,4
1789466578.8586571,2014,2877,4
1789466578.860737,2039,2878,4
1789466578.865291,2094,2879,4
1789466578.86537,2088,2875,4
1789466578.867139,2089,2879,4
1789466578.868884,2077,2877,4
1789466578.872117,2056,2877,4
1789466578.8736682,2094,2878,4
1789466578.874729,2043,2877,4
1789466578.876957,2013,2877,4
1789466578.879509,2074,2878,4
1789466578.880914,2123,2878,4
1789466578.882981,2108,2878,4
1789466578.8852859,2037,2878,4
1789466578.8873532,2033,2877,4
1789466578.889529,2100,2878,4
1789466578.8908212,2102,2879,4
1789466578.893367,2051,2876,4
1789466578.895424,2059,2878,4
1789466578.8974998,2106,2879,4
1789466578.898556,2128,2879,4
1789466578.901299,2068,2879,4
1789466578.903465,2042,2877,4
1789466578.904565,2060,2877,4
1789466578.909756,2074,2879,4
1789466578.9114728,2017,2877,4
1789466578.91168,2002,2878,4
1789466578.913801,2088,2878,4
1789466578.915273,2114,2877,4
1789466578.919029,2089,2877,4
1789466578.91918,2026,2877,4
1789466578.9206452,2054,2878,4
1789466578.923203,2100,2878,4
1789466578.924551,2043,2876,4
1789466578.9266298,2019,2878,4
1789466578.9289331,2071,2878,4
1789466578.9309828,2094,2877,4
1789466578.933536,2106,2879,4
1789466578.934824,2099,2877,4
1789466578.936939,2079,2877,4
1789466578.93924,2102,2879,4
1789466578.940581,2111,2879,4
1789466578.942882,2044,2877,4
1789466578.945427,2039,2878,4
1789466578.950082,2082,2878,4
1789466578.9507551,2082,2876,4
1789466578.95167,2059,2878,4
1789466578.9554298,2038,2877,4
1789466578.95586,2041,2877,4
1789466578.957841,2083,2878,4
1789466578.960789,2043,2877,4
1789466578.9608269,2031,2878,4
1789466578.963331,2080,2879,4
1789466578.965847,2112,2876,4
1789466578.972938,2099,2879,4
1789466578.9751449,1999,2878,4
1789466578.975564,2026,2877,4
1789466578.9780962,2117,2877,4
1789466578.979307,2049,2878,4
1789466578.979511,1987,2877,4
1789466578.9809651,2027,2878,4
1789466578.981339,2074,2878,4
1789466578.9836311,2086,2879,4
1789466578.984929,2043,2878,4
1789466578.987424,2036,2877,4
1789466578.9885728,2051,2878,4
1789466578.9908822,2065,2878,4
1789466578.993197,2030,2877,4
1789466578.9955041,2050,2878,4
1789466578.996746,2105,2877,4
1789466578.99907,2110,2879,4
1789466579.001379,2074,2878,4
1789466579.0025978,2073,2877,4
1789466579.004894,2062,2877,4
1789466579.006977,2044,2879,4
1789466579.009593,1996,2876,4
1789466579.01422,2013,2878,4
1789466579.016269,2083,2878,4
1789466579.018087,2132,2880,4
1789466579.018558,2126,2879,4
1789466579.019785,2083,2877,4
1789466579.0216599,2065,2878,4
1789466579.0229728,2057,2878,4
1789466579.025648,2042,2878,4
1789466579.02695,2023,2878,4
1789466579.029513,2046,2878,4
1789466579.033416,2068,2877,4
1789466579.0343559,2062,2879,4
1789466579.036373,2037,2877,4
1789466579.0381818,2013,2877,4
1789466579.040071,2101,2878,4
1789466579.041343,2102,2879,4
1789466579.0441768,2034,2877,4
1789466579.0454762,2015,2878,4
1789466579.0467489,2114,2878,4
1789466579.048866,2146,2879,4
1789466579.051185,2180,2880,4
1789466579.052584,2137,2878,4
1789466579.054966,2216,2878,4
1789466579.057274,2110,2878,4
1789466579.059575,1922,2876,4
1789466579.060629,1894,2879,4
1789466579.062773,1979,2877,4
1789466579.065382,2058,2876,4
1789466579.067463,2075,2879,4
1789466579.068758,2020,2878,4
1789466579.071069,2001,2878,4
1789466579.0732899,2109,2878,4
1789466579.07819,2053,2877,4
1789466579.078656,2000,2878,4
1789466579.079116,2212,2878,4
1789466579.080985,2283,2879,4
1789466579.083175,2124,2879,4
1789466579.087019,2002,2878,4
1789466579.087328,1995,2878,4
1789466579.0893881,2183,2878,4
1789466579.090695,2284,2880,4
1789466579.093251,2048,2878,4
1789466579.095575,1995,2878,4
1789466579.0968802,2057,2878,4
1789466579.0989382,2061,2877,4
1789466579.1012459,1870,2875,4
1789466579.102572,1847,2875,4
1789466579.104874,1987,2878,4
1789466579.1074262,2065,2878,4
1789466579.108568,2021,2878,4
1789466579.110883,2004,2878,4
1789466579.113037,2080,2877,4
1789466579.11534,2083,2878,4
1789466579.116631,2162,2880,4
1789466579.118946,2470,2879,4
1789466579.124444,2268,2878,4
1789466579.12485,2286,2878,4
1789466579.124956,1953,2877,4
1789466579.1267421,1986,2877,4
1789466579.130281,2342,2880,4
1789466579.1318982,2181,2878,4
1789466579.1333098,2001,2877,4
1789466579.135092,1586,2876,4
1789466579.137655,1522,2876,4
1789466579.138707,1989,2878,4
1789466579.1410282,2042,2878,4
1789466579.1434188,2026,2879,4
1789466579.145657,1905,2877,4
1789466579.146704,2095,2877,4
1789466579.149251,2219,2881,4
1789466579.151561,2067,2877,4
1789466579.152721,2068,2879,4
1789466579.155348,2120,2879,4
1789466579.156644,2028,2877,4
1789466579.1591182,1946,2876,4
1789466579.161671,1898,2876,4
1789466579.162965,1923,2877,4
1789466579.168428,2091,2878,4
1789466579.169018,2108,2879,4
1789466579.169824,2169,2879,4
1789466579.1712341,2095,2877,4
1789466579.173056,2170,2877,4
1789466579.17644,2036,2877,4
1789466579.176647,1958,2876,4
1789466579.1797419,2134,2878,4
1789466579.180979,2323,2881,4
1789466579.18342,2217,2879,4
1789466579.184847,1958,2876,4
1789466579.1873322,2061,2878,4
1789466579.1888928,1806,2876,4
1789466579.191376,1742,2877,4
1789466579.193608,2235,2879,4
1789466579.1947122,2049,2877,4
1789466579.1968992,2038,2877,4
1789466579.199163,1861,2877,4
1789466579.2006521,2250,2880,4
1789466579.2031412,2151,2878,4
1789466579.2054532,2115,2878,4
1789466579.2065878,2192,2878,4
1789466579.208776,2244,2879,4
1789466579.210871,1697,2877,4
1789466579.216098,2078,2877,4
1789466579.217032,2122,2879,4
1789466579.2179892,2243,2879,4
1789466579.2209558,1958,2877,4
1789466579.221503,1392,2874,4
1789466579.223508,2243,2879,4
1789466579.2250738,2361,2880,4
1789466579.228626,2185,2879,4
1789466579.22871,2011,2877,4
1789466579.231028,2123,2879,4
1789466579.236696,2282,2880,4
1789466579.237192,2099,2878,4
1789466579.237661,1584,2876,4
1789466579.239281,1858,2877,4
1789466579.241503,2295,2880,4
1789466579.244571,2506,2880,4
1789466579.2447622,2107,2879,4
1789466579.248298,1818,2876,4
1789466579.249519,2196,2879,4
1789466579.250693,2257,2879,4
1789466579.253281,2228,2879,4
1789466579.255596,1846,2876,4
1789466579.256649,1970,2877,4
1789466579.2588658,2106,2879,4
1789466579.2609322,2401,2878,4
1789466579.26303,1807,2877,4
1789466579.265598,2109,2879,4
1789466579.2669492,2056,2876,4
1789466579.269461,2417,2879,4
1789466579.2706409,2146,2879,4
1789466579.2728052,2183,2879,4
1789466579.274884,1963,2876,4
1789466579.277193,1515,2876,4
1789466579.278549,2097,2879,4
1789466579.284148,1943,2876,4
1789466579.2846348,2664,2880,4
1789466579.2850602,2128,2879,4
1789466579.286664,2305,2879,4
1789466579.2904892,2305,2878,4
1789466579.290876,2004,2876,4
1789466579.293779,2195,2877,4
1789466579.2959309,2108,2877,4
1789466579.297235,2075,2879,4
1789466579.298553,2062,2878,4
1789466579.3008718,1471,2875,4
1789466579.303188,1911,2875,4
1789466579.304566,2582,2880,4
1789466579.3071182,2673,2880,4
1789466579.309422,2020,2880,4
1789466579.3117409,2054,2877,4
1789466579.313036,1973,2877,4
1789466579.3153439,2526,2881,4
1789466579.3166442,2576,2880,4
1789466579.318953,2087,2879,4
1789466579.321501,1538,2876,4
1789466579.322807,2344,2880,4
1789466579.325121,1634,2877,4
1789466579.330327,2347,2880,4
1789466579.330816,2230,2880,4
1789466579.331684,2668,2880,4
1789466579.333282,2211,2878,4
1789466579.335687,1979,2878,4
1789466579.337259,2245,2879,4
1789466579.340371,2515,2879,4
1789466579.342495,2371,2880,4
1789466579.342717,2386,2880,4
1789466579.3450189,769,2877,4
1789466579.350304,1743,2877,4
1789466579.35076,2972,2881,4
1789466579.351221,2815,2881,4
1789466579.353046,1447,2876,4
1789466579.3560598,2050,2878,4
1789466579.358071,1786,2877,4
1789466579.3598888,3588,2884,4
1789466579.361844,2537,2879,4
1789466579.363143,1536,2877,4
1789466579.365464,1307,2876,4
1789466579.3667772,2344,2879,4
1789466579.368999,2640,2880,4
1789466579.3713229,2686,2881,4
1789466579.372624,2473,2880,4
1789466579.375139,2167,2879,4
1789466579.377692,2069,2877,4
1789466579.378885,2594,2881,4
1789466579.380957,2375,2880,4
1789466579.3835049,2317,2879,4
1789466579.384798,2114,2878,4
1789466579.387319,1647,2876,4
1789466579.389386,2567,2879,4
1789466579.390611,2182,2879,4
1789466579.3969731,2391,2879,4
1789466579.3974872,2672,2880,4
1789466579.397942,1885,2876,4
1789466579.39955,2804,2881,4
1789466579.401505,2370,2879,4
1789466579.4031029,2269,2878,4
1789466579.4048908,2241,2880,4
1789466579.4069319,2222,2878,4
1789466579.409211,2554,2879,4
1789466579.4113102,2066,2877,4
1789466579.412608,2926,2880,4
1789466579.418572,2349,2879,4
1789466579.420822,2530,2880,4
1789466579.421041,2545,2879,4
1789466579.423383,2338,2878,4
1789466579.423519,2470,2880,4
1789466579.425075,2615,2880,4
1789466579.4283452,2148,2879,4
1789466579.4306,2475,2880,4
1789466579.430799,1847,2876,4
1789466579.4331279,2895,2881,4
1789466579.4355168,2752,2880,4
1789466579.4368231,2720,2880,4
1789466579.439175,2160,2879,4
1789466579.44151,2511,2879,4
1789466579.442583,2380,2880,4
1789466579.444711,2160,2877,4
1789466579.44677,2200,2878,4
1789466579.449099,2500,2879,4
1789466579.451201,2264,2879,4
1789466579.453344,2326,2879,4
1789466579.454644,2442,2878,4
1789466579.457197,1411,2876,4
1789466579.458571,2838,2881,4
1789466579.460881,2856,2880,4
1789466579.465703,2238,2880,4
1789466579.466677,2490,2879,4
1789466579.467585,2418,2879,4
1789466579.468979,1966,2876,4
1789466579.472403,2573,2880,4
1789466579.474229,2544,2880,4
1789466579.476562,1950,2876,4
1789466579.4767401,1972,2878,4
1789466579.47931,2338,2880,4
1789466579.4816241,2269,2879,4
1789466579.485876,2071,2877,4
1789466579.486397,2356,2879,4
1789466579.488543,1972,2878,4
1789466579.490177,1837,2877,4
1789466579.492095,2252,2878,4
1789466579.493797,2062,2876,4
1789466579.495894,1668,2876,4
1789466579.498004,2691,2880,4
1789466579.499325,2324,2878,4
1789466579.501639,2063,2878,4
1789466579.502941,1835,2876,4
1789466579.505399,2005,2877,4
1789466579.5066931,2360,2879,4
1789466579.509019,2088,2879,4
1789466579.511337,1918,2876,4
1789466579.51264,2029,2877,4
1789466579.5147069,2295,2880,4
1789466579.5168052,2284,2878,4
1789466579.519508,1357,2875,4
1789466579.520855,1627,2876,4
1789466579.52319,2362,2880,4
1789466579.525268,2285,2879,4
1789466579.527339,1774,2875,4
1789466579.5295842,1795,2875,4
1789466579.5347042,1765,2876,4
1789466579.536784,2385,2879,4
1789466579.537039,2352,2880,4
1789466579.5373561,1552,2877,4
1789466579.5407429,1113,2876,4
1789466579.541631,1741,2877,4
1789466579.5432682,1765,2877,4
1789466579.546193,1520,2876,4
1789466579.548351,1899,2878,4
1789466579.5494242,3080,2882,4
1789466579.5515032,2071,2878,4
1789466579.557894,2544,2879,4
1789466579.561615,2694,2879,4
1789466579.562064,3123,2881,4
1789466579.5625741,2564,2880,4
1789466579.5627258,2305,2880,4
1789466579.563224,1672,2876,4
1789466579.566176,2298,2879,4
1789466579.569016,2087,2879,4
1789466579.56923,1256,2876,4
1789466579.571009,1529,2876,4
1789466579.573344,1946,2876,4
1789466579.5746229,2183,2880,4
1789466579.576947,1715,2878,4
1789466579.579278,804,2877,4
1789466579.580632,1560,2876,4
1789466579.582952,2131,2879,4
1789466579.585268,3567,2884,4
1789466579.5866601,2760,2881,4
1789466579.589186,2749,2880,4
1789466579.5904949,2728,2879,4
1789466579.593196,2819,2882,4
1789466579.597044,3171,2881,4
1789466579.597085,1887,2877,4
1789466579.599877,1102,2878,4
1789466579.602447,1455,2877,4
1789466579.602487,1534,2876,4
1789466579.638732,1571,2878,4
1789466579.638962,1781,2878,4
1789466579.639074,2074,2878,4
1789466579.639192,1267,2877,4
1789466579.6392698,1538,2877,4
1789466579.63934,3185,2882,4
1789466579.639406,3203,2881,4
1789466579.6394691,3068,2881,4
1789466579.6395361,2450,2879,4
1789466579.639599,2872,2880,4
1789466579.639661,2704,2880,4
1789466579.6397219,2351,2878,4
1789466579.6397839,1858,2878,4
1789466579.6398458,1818,2878,4
1789466579.639908,2249,2877,4
1789466579.64002,1924,2878,4
1789466579.640099,1722,2878,4
1789466579.6401658,1807,2878,4
1789466579.6414871,1894,2878,4
1789466579.642834,2339,2879,4
1789466579.650261,2538,2881,4
1789466579.650309,2833,2880,4
1789466579.650367,2815,2880,4
1789466579.6517,2246,2879,4
1789466579.653213,2305,2880,4
1789466579.655628,1416,2875,4
1789466579.656943,2007,2879,4
1789466579.65903,1923,2876,4
1789466579.661435,2096,2877,4
1789466579.662503,2371,2879,4
1789466579.669507,2352,2879,4
1789466579.670053,2102,2878,4
1789466579.671936,2213,2878,4
1789466579.6739042,2022,2879,4
1789466579.674824,1981,2878,4
1789466579.675733,2478,2880,4
1789466579.678278,2188,2879,4
1789466579.681528,2259,2879,4
1789466579.6816902,2289,2879,4
1789466579.683563,2049,2876,4
1789466579.68467,1524,2876,4
1789466579.68716,1991,2876,4
1789466579.693633,2637,2880,4
1789466579.695147,2976,2881,4
1789466579.6972868,2845,2880,4
1789466579.698097,2538,2879,4
1789466579.699027,2468,2880,4
1789466579.699996,2620,2880,4
1789466579.701557,2659,2881,4
1789466579.704731,2465,2880,4
1789466579.7048929,2034,2879,4
1789466579.707072,1973,2879,4
1789466579.709644,1920,2879,4
1789466579.710706,2019,2879,4
1789466579.7130299,2183,2879,4
1789466579.715347,2540,2880,4
1789466579.717661,2497,2880,4
1789466579.719129,2216,2879,4
1789466579.721719,2253,2880,4
1789466579.722781,2287,2878,4
1789466579.7253509,2073,2879,4
1789466579.726649,1999,2875,4
1789466579.729218,2065,2879,4
1789466579.731543,2168,2880,4
1789466579.732846,2411,2880,4
1789466579.735167,2216,2878,4
1789466579.737535,1938,2876,4
1789466579.738838,2458,2879,4
1789466579.772062,2166,2879,4
1789466579.7721658,1997,2876,4
1789466579.772235,1729,2877,4
1789466579.772298,1617,2876,4
1789466579.7723598,2092,2877,4
1789466579.772452,1776,2877,4
1789466579.7725382,1632,2876,4
1789466579.772604,2285,2878,4
1789466579.7726662,1883,2876,4
1789466579.772727,1820,2876,4
1789466579.772786,1755,2876,4
1789466579.772846,1913,2876,4
1789466579.772906,2126,2877,4
1789466579.7729652,2077,2878,4
1789466579.773023,2073,2878,4
1789466579.7731142,1929,2878,4
1789466579.7731872,1965,2878,4
1789466579.7746072,2053,2878,4
1789466579.777291,2033,2877,4
1789466579.778656,2077,2877,4
1789466579.781288,1967,2877,4
1789466579.782628,2112,2879,4
1789466579.7852302,2007,2878,4
1789466579.786561,1887,2876,4
1789466579.789218,2073,2878,4
1789466579.791677,2051,2879,4
1789466579.8007748,2014,2878,4
1789466579.804502,2025,2877,4
1789466579.807713,2106,2877,4
1789466579.814016,2198,2879,4
1789466579.814101,2109,2878,4
1789466579.814166,1934,2876,4
1789466579.814263,1848,2874,4
1789466579.814334,1945,2877,4
1789466579.814466,1890,2876,4
1789466579.8145301,1887,2877,4
1789466579.814592,1977,2877,4
1789466579.814663,2106,2878,4
1789466579.81727,2095,2878,4
1789466579.824793,2248,2879,4
1789466579.828641,2215,2878,4
1789466579.834954,2214,2880,4
1789466579.835436,1995,2876,4
1789466579.8356512,1839,2878,4
1789466579.836264,1826,2877,4
1789466579.838648,1943,2876,4
1789466579.838986,1898,2876,4
1789466579.839057,1892,2876,4
1789466579.8391192,1862,2879,4
1789466579.83918,1875,2876,4
1789466579.841053,1936,2876,4
1789466579.842473,1919,2876,4
1789466579.8444932,2418,2879,4
1789466579.8471339,2830,2881,4
1789466579.849062,2466,2880,4
1789466579.8505862,1603,2876,4
1789466579.853475,1497,2876,4
1789466579.854801,1697,2877,4
1789466579.8574421,1752,2877,4
1789466579.858801,1564,2876,4
1789466579.861418,1491,2875,4
1789466579.862786,1496,2875,4
1789466579.865396,1550,2877,4
1789466579.8667321,1842,2876,4
1789466579.86947,2142,2878,4
1789466579.870848,2135,2879,4
1789466579.873492,2229,2879,4
1789466579.874838,2010,2876,4
1789466579.881096,1966,2878,4
1789466579.881817,1753,2877,4
1789466579.8854232,1839,2876,4
1789466579.887578,2162,2878,4
1789466579.88934,1896,2877,4
1789466579.8911529,2088,2877,4
1789466579.893364,2677,2880,4
1789466579.897824,2828,2880,4
1789466579.898411,1808,2876,4
1789466579.898623,1278,2878,4
1789466579.898881,1298,2878,4
1789466579.899162,1656,2877,4
1789466579.901889,1592,2877,4
1789466579.903264,1561,2875,4
1789466579.904472,1648,2877,4
1789466579.918175,1899,2879,4
1789466579.919768,1883,2875,4
1789466579.926938,2074,2878,4
1789466579.9301498,2479,2881,4
1789466579.930283,2731,2880,4
1789466579.9304361,2297,2879,4
1789466579.930527,1686,2877,4
1789466579.93062,1623,2876,4
1789466579.930687,1658,2877,4
1789466579.930754,1850,2876,4
1789466579.930818,1764,2877,4
1789466579.9308789,1793,2876,4
1789466579.9309409,2058,2876,4
1789466579.933842,2236,2878,4
1789466579.93519,2304,2878,4
1789466579.936548,2256,2878,4
1789466579.9390411,2080,2879,4
1789466579.940454,1905,2877,4
1789466579.943094,1835,2878,4
1789466579.9445062,1986,2878,4
1789466579.9472241,2385,2880,4
1789466579.948601,2084,2878,4
1789466579.951283,1715,2876,4
1789466579.952723,1729,2876,4
1789466579.9556851,1954,2876,4
1789466579.957044,2135,2879,4
1789466579.958476,1993,2877,4
1789466579.961011,1924,2877,4
1789466579.963819,2021,2876,4
1789466579.965135,2026,2877,4
1789466579.9666471,2041,2879,4
1789466579.969341,2146,2878,4
1789466579.978894,2180,2878,4
1789466579.982059,2088,2879,4
1789466579.990419,1972,2877,4
1789466579.991006,1996,2877,4
1789466579.991613,2021,2878,4
1789466579.991939,2087,2878,4
1789466579.994524,2110,2879,4
1789466579.9946098,1941,2878,4
1789466579.994682,1993,2877,4
1789466579.9947479,2046,2878,4
1789466579.994817,2038,2877,4
1789466579.9948852,1983,2878,4
1789466579.995002,2031,2878,4
1789466579.996487,2089,2877,4
1789466580.009176,2081,2878,4
1789466580.011839,2069,2877,4
1789466580.018989,2040,2877,4
1789466580.0221481,2155,2879,4
1789466580.022476,2077,2878,4
1789466580.0225532,1958,2877,4
1789466580.022621,2003,2877,4
1789466580.0226848,2115,2879,4
1789466580.022748,2043,2876,4
1789466580.022809,1969,2875,4
1789466580.02287,1953,2878,4
1789466580.0229309,1997,2878,4
1789466580.022992,2144,2878,4
1789466580.024508,2045,2880,4
1789466580.028537,1965,2877,4
1789466580.028634,2026,2877,4
1789466580.031312,2092,2878,4
1789466580.032667,2079,2879,4
1789466580.035292,2103,2878,4
1789466580.03672,2132,2877,4
1789466580.0393128,2043,2877,4
1789466580.040663,1992,2876,4
1789466580.0432389,1956,2877,4
1789466580.044608,2024,2879,4
1789466580.0473,2068,2878,4
1789466580.048503,2091,2876,4
1789466580.051132,2120,2879,4
1789466580.0525131,2031,2877,4
1789466580.055048,2150,2878,4
1789466580.056478,2108,2878,4
1789466580.059089,1902,2876,4
1789466580.060512,1915,2878,4
1789466580.0694342,2015,2879,4
1789466580.072209,2112,2877,4
1789466580.0727649,2095,2878,4
1789466580.075681,2007,2877,4
1789466580.076548,1967,2878,4
1789466580.077921,2047,2878,4
1789466580.078648,1972,2876,4
1789466580.082033,2033,2878,4
1789466580.087175,2120,2878,4
1789466580.087657,2123,2877,4
1789466580.088463,2159,2880,4
1789466580.091504,2032,2878,4
1789466580.091649,1941,2877,4
1789466580.091845,1930,2877,4
1789466580.091923,2110,2878,4
1789466580.093365,2048,2878,4
1789466580.0947719,2169,2877,4
1789466580.103161,2174,2881,4
1789466580.104136,2045,2878,4
1789466580.105619,1894,2876,4
1789466580.1065228,1856,2876,4
1789466580.108783,2002,2878,4
1789466580.110951,2040,2878,4
1789466580.111682,2068,2877,4
1789466580.113533,2010,2878,4
1789466580.114762,1974,2877,4
1789466580.1155992,2025,2876,4
1789466580.126409,2026,2877,4
1789466580.126496,2165,2878,4
1789466580.126552,2163,2878,4
1789466580.126605,2156,2877,4
1789466580.126678,1829,2876,4
1789466580.126828,1869,2877,4
1789466580.129555,1945,2879,4
1789466580.130925,2032,2878,4
1789466580.133582,2046,2879,4
1789466580.134944,1988,2879,4
1789466580.137713,1924,2878,4
1789466580.142853,2022,2878,4
1789466580.1429188,2066,2879,4
1789466580.142976,2115,2877,4
1789466580.145636,2091,2878,4
1789466580.1470568,2128,2878,4
1789466580.1484601,2208,2879,4
1789466580.1511219,2186,2878,4
1789466580.152483,2077,2877,4
1789466580.15551,1970,2877,4
1789466580.1568918,1981,2876,4
1789466580.159508,1929,2877,4
1789466580.160873,1931,2878,4
1789466580.163732,2020,2876,4
1789466580.165113,2099,2879,4
1789466580.166498,2068,2879,4
1789466580.169145,2028,2877,4
1789466580.170542,2019,2878,4
1789466580.189328,2125,2878,4
1789466580.194775,2069,2876,4
1789466580.195086,2019,2877,4
1789466580.195495,2097,2878,4
1789466580.198163,2166,2879,4
1789466580.199014,2164,2878,4
1789466580.1990778,2093,2878,4
1789466580.199133,2000,2877,4
1789466580.199184,2065,2879,4
1789466580.1992562,2051,2877,4
1789466580.199431,1984,2878,4
1789466580.19958,2031,2878,4
1789466580.1996968,2039,2877,4
1789466580.199799,1947,2876,4
1789466580.20115,1877,2876,4
1789466580.202531,1868,2875,4
1789466580.231425,1961,2878,4
1789466580.2315352,2114,2878,4
1789466580.231609,2027,2876,4
1789466580.231725,2006,2877,4
1789466580.2317939,2085,2878,4
1789466580.231862,2209,2879,4
1789466580.231929,2102,2878,4
1789466580.23199,2028,2877,4
1789466580.232054,2054,2877,4
1789466580.2321181,2158,2878,4
1789466580.2321799,2069,2879,4
1789466580.2322822,2066,2877,4
1789466580.232424,2162,2879,4
1789466580.232513,2113,2877,4
1789466580.232586,2026,2877,4
1789466580.2350368,2012,2878,4
1789466580.236515,2014,2879,4
1789466580.239223,2040,2878,4
1789466580.240489,2100,2878,4
1789466580.243108,2114,2879,4
1789466580.2445319,2105,2877,4
1789466580.247236,2085,2878,4
1789466580.2486029,2122,2879,4
1789466580.2512279,2086,2878,4
1789466580.252693,2042,2878,4
1789466580.255397,2112,2878,4
1789466580.256855,1969,2876,4
1789466580.259146,2006,2877,4
1789466580.261577,1973,2877,4
1789466580.262711,1910,2877,4
1789466580.265079,1944,2877,4
1789466580.266525,2091,2878,4
1789466580.268922,1962,2876,4
1789466580.27123,2034,2878,4
1789466580.272583,2024,2879,4
1789466580.274936,2021,2876,4
1789466580.281108,1947,2876,4
1789466580.282455,2069,2878,4
1789466580.2841,2193,2879,4
1789466580.2859251,2199,2879,4
1789466580.288363,2061,2878,4
1789466580.289106,2093,2878,4
1789466580.289706,2113,2879,4
1789466580.291575,1941,2877,4
1789466580.2976608,1896,2877,4
1789466580.298013,1955,2878,4
1789466580.298217,1956,2878,4
1789466580.301213,2009,2876,4
1789466580.301271,1949,2876,4
1789466580.303644,2026,2878,4
1789466580.30497,2072,2878,4
1789466580.3108008,2165,2878,4
1789466580.3118951,2071,2878,4
1789466580.314399,2087,2877,4
1789466580.3146932,2128,2879,4
1789466580.314894,2141,2879,4
1789466580.317866,2123,2879,4
1789466580.3195698,2057,2879,4
1789466580.321816,1952,2878,4
1789466580.325569,2113,2879,4
1789466580.325779,2068,2879,4
1789466580.3285341,2062,2877,4
1789466580.328834,2223,2880,4
1789466580.3310149,2204,2881,4
1789466580.333476,2099,2878,4
1789466580.33479,1921,2877,4
1789466580.337207,1968,2876,4
1789466580.3395278,2073,2878,4
1789466580.340838,2017,2876,4
1789466580.343178,2007,2877,4
1789466580.344486,2011,2877,4
1789466580.347062,1898,2877,4
1789466580.34939,2066,2876,4
1789466580.3507001,1973,2875,4
1789466580.35302,2004,2879,4
1789466580.355374,2134,2879,4
1789466580.356686,2132,2879,4
1789466580.3592699,2005,2877,4
1789466580.3607821,1938,2877,4
1789466580.3631182,2116,2878,4
1789466580.365191,2182,2880,4
1789466580.366496,2105,2878,4
1789466580.3733802,2057,2878,4
1789466580.374544,2014,2878,4
1789466580.376527,2060,2878,4
1789466580.3767521,2197,2880,4
1789466580.377009,2104,2879,4
1789466580.3795369,2062,2877,4
1789466580.381675,1688,2877,4
1789466580.3840482,2155,2879,4
1789466580.387682,2525,2879,4
1789466580.388127,2468,2879,4
1789466580.390241,2207,2878,4
1789466580.3913238,1898,2876,4
1789466580.39283,1788,2876,4
1789466580.4004328,2121,2879,4
1789466580.400954,2162,2877,4
1789466580.40191,1909,2877,4
1789466580.40356,2084,2878,4
1789466580.4038699,2001,2878,4
1789466580.406263,2029,2877,4
1789466580.4084458,2229,2879,4
1789466580.410721,2034,2878,4
1789466580.414268,2283,2880,4
1789466580.414618,2223,2878,4
1789466580.414901,1880,2877,4
1789466580.41733,2032,2877,4
1789466580.418633,2050,2878,4
1789466580.421152,1923,2878,4
1789466580.423265,2040,2878,4
1789466580.424588,2141,2879,4
1789466580.4269419,2048,2877,4
1789466580.429513,2046,2878,4
1789466580.4308228,2539,2882,4
1789466580.4331741,2211,2880,4
1789466580.4344902,2042,2878,4
1789466580.436897,2170,2879,4
1789466580.439466,2278,2880,4
1789466580.440775,2069,2878,4
1789466580.443098,1949,2877,4
1789466580.44519,2041,2879,4
1789466580.447346,2077,2878,4
1789466580.448441,2161,2879,4
1789466580.4507551,1776,2876,4
1789466580.452994,1951,2876,4
1789466580.455416,1967,2879,4
1789466580.456735,1988,2878,4
1789466580.463616,1883,2875,4
1789466580.464284,2081,2877,4
1789466580.465438,2197,2879,4
1789466580.46568,2149,2880,4
1789466580.467175,2122,2879,4
1789466580.4695659,2078,2878,4
1789466580.471186,2066,2879,4
1789466580.473637,2168,2878,4
1789466580.479787,2060,2880,4
1789466580.479997,2073,2877,4
1789466580.480143,1976,2877,4
1789466580.4815118,2135,2879,4
1789466580.4826381,2332,2878,4
1789466580.489082,2284,2879,4
1789466580.490795,2166,2878,4
1789466580.4914858,2160,2879,4
1789466580.493186,2038,2878,4
1789466580.49656,1902,2877,4
1789466580.500128,1962,2878,4
1789466580.503423,2070,2876,4
1789466580.504054,2076,2880,4
1789466580.504509,2166,2879,4
1789466580.504938,2161,2877,4
1789466580.507514,2070,2879,4
1789466580.507884,2106,2878,4
1789466580.509247,2092,2877,4
1789466580.510581,2135,2879,4
1789466580.513113,2146,2879,4
1789466580.514626,2101,2880,4
1789466580.5170639,2031,2878,4
1789466580.518601,2042,2878,4
1789466580.521116,2054,2878,4
1789466580.523613,2128,2879,4
1789466580.5247731,2175,2880,4
1789466580.527395,2062,2877,4
1789466580.52883,2214,2878,4
1789466580.531521,2170,2879,4
1789466580.532869,2172,2879,4
1789466580.5355148,2119,2878,4
1789466580.5368671,2092,2877,4
1789466580.539281,2173,2878,4
1789466580.540437,2179,2880,4
1789466580.5427399,2090,2878,4
1789466580.545398,2095,2878,4
1789466580.546772,2136,2878,4
1789466580.5541298,2152,2880,4
1789466580.554398,2077,2878,4
1789466580.557575,2029,2877,4
1789466580.557981,2048,2878,4
1789466580.560278,2115,2879,4
1789466580.562428,2094,2880,4
1789466580.565799,2026,2877,4
1789466580.569417,2096,2877,4
1789466580.569834,2139,2879,4
1789466580.570239,2109,2878,4
1789466580.570561,2053,2879,4
1789466580.5710862,2057,2877,4
1789466580.573832,2092,2879,4
1789466580.5749671,2073,2879,4
1789466580.57761,2039,2877,4
1789466580.5842822,2054,2878,4
1789466580.585501,2097,2878,4
1789466580.587292,2128,2881,4
1789466580.589691,2062,2879,4
1789466580.591282,2024,2877,4
1789466580.5935,2020,2878,4
1789466580.595407,2091,2878,4
1789466580.5989141,2067,2877,4
1789466580.599191,2050,2877,4
1789466580.5997171,2069,2878,4
1789466580.600249,2094,2877,4
1789466580.603115,2116,2879,4
1789466580.603224,2074,2877,4
1789466580.604612,2030,2878,4
1789466580.6071832,2129,2879,4
1789466580.608565,2054,2877,4
1789466580.610982,2047,2878,4
1789466580.613133,2034,2878,4
1789466580.6155179,2073,2878,4
1789466580.616858,2049,2878,4
1789466580.619251,2028,2878,4
1789466580.6206121,2058,2878,4
1789466580.623374,2069,2878,4
1789466580.625558,2067,2879,4
1789466580.626747,2006,2877,4
1789466580.62948,2038,2879,4
1789466580.630889,2094,2878,4
1789466580.6330419,2151,2879,4
1789466580.634437,2075,2878,4
1789466580.6369832,2018,2877,4
1789466580.6393678,2077,2877,4
1789466580.6407082,2039,2878,4
1789466580.649069,2063,2877,4
1789466580.651649,2074,2878,4
1789466580.658358,2143,2878,4
1789466580.6617339,2152,2879,4
1789466580.6649349,2117,2878,4
1789466580.6652212,2069,2877,4
1789466580.665341,2080,2877,4
1789466580.665456,2106,2879,4
1789466580.665601,2060,2877,4
1789466580.6657212,2025,2878,4
1789466580.665806,2053,2878,4
1789466580.6658611,2131,2879,4
1789466580.667208,2094,2878,4
1789466580.668504,2083,2878,4
1789466580.6754508,2120,2878,4
1789466580.676231,2119,2879,4
1789466580.676876,2077,2878,4
1789466580.678912,2034,2876,4
1789466580.680968,2091,2878,4
1789466580.682147,2109,2878,4
1789466580.686343,2153,2879,4
1789466580.689415,2068,2879,4
1789466580.689972,2044,2877,4
1789466580.69044,2080,2877,4
1789466580.691176,2101,2879,4
1789466580.694033,2036,2876,4
1789466580.695441,2055,2878,4
1789466580.696843,2124,2879,4
1789466580.699391,2150,2879,4
1789466580.700763,2053,2878,4
1789466580.703328,2038,2878,4
1789466580.704604,2075,2877,4
1789466580.70679,2114,2878,4
1789466580.7094111,2053,2876,4
1789466580.711036,2031,2876,4
1789466580.7132218,2040,2877,4
1789466580.7144508,2040,2877,4
1789466580.7170508,2077,2878,4
1789466580.7193868,2068,2877,4
1789466580.721096,2041,2878,4
1789466580.722465,2062,2878,4
1789466580.7250628,2027,2877,4
1789466580.726431,1997,2878,4
1789466580.72886,2053,2879,4
1789466580.7313359,2133,2877,4
1789466580.7326999,2126,2878,4
1789466580.739737,2082,2877,4
1789466580.740845,2077,2877,4
1789466580.742966,2087,2878,4
1789466580.7462552,2113,2878,4
1789466580.747307,2055,2877,4
1789466580.7474802,2046,2878,4
1789466580.748203,2105,2878,4
1789466580.751126,2122,2879,4
1789466580.7544441,2113,2878,4
1789466580.754892,2049,2877,4
1789466580.7551959,2065,2877,4
1789466580.757809,2107,2879,4
1789466580.759189,2015,2877,4
1789466580.7610502,1996,2878,4
1789466580.763901,2082,2878,4
1789466580.771227,2090,2877,4
1789466580.772896,2058,2878,4
1789466580.773244,2024,2877,4
1789466580.7736142,2052,2878,4
1789466580.773856,2101,2878,4
1789466580.777387,2094,2879,4
1789466580.778574,2054,2877,4
1789466580.7788029,2049,2878,4
1789466580.781738,2098,2878,4
1789466580.784655,2106,2879,4
1789466580.785245,2076,2878,4
1789466580.7880309,2078,2877,4
1789466580.789425,2085,2877,4
1789466580.7907882,2083,2879,4
1789466580.79302,2026,2877,4
1789466580.7945962,2181,2880,4
1789466580.79726,2237,2880,4
1789466580.798412,2175,2879,4
1789466580.800961,2153,2878,4
1789466580.804258,1962,2875,4
1789466580.805671,1985,2878,4
1789466580.806943,2058,2879,4
1789466580.809441,2089,2878,4
1789466580.8111591,2073,2877,4
1789466580.812673,2272,2879,4
1789466580.815094,2241,2879,4
1789466580.817749,2039,2879,4
1789466580.819447,2159,2878,4
1789466580.820841,2077,2878,4
1789466580.823592,2030,2877,4
1789466580.824893,2146,2879,4
1789466580.827775,2107,2879,4
1789466580.8348658,2200,2880,4
1789466580.835083,1737,2877,4
1789466580.8373241,1591,2877,4
1789466580.840105,1760,2877,4
1789466580.841527,2339,2879,4
1789466580.843329,2323,2880,4
1789466580.845942,2392,2879,4
1789466580.848873,2045,2878,4
1789466580.849428,1960,2877,4
1789466580.8498318,2107,2878,4
1789466580.852341,2184,2878,4
1789466580.8526871,1846,2877,4
1789466580.8529139,1759,2876,4
1789466580.855377,1790,2876,4
1789466580.856948,1879,2877,4
1789466580.8654878,1777,2876,4
1789466580.867897,1838,2876,4
1789466580.8686342,2003,2877,4
1789466580.871364,2365,2881,4
1789466580.872011,2517,2881,4
1789466580.8739939,2397,2878,4
1789466580.876852,2150,2878,4
1789466580.877367,2073,2879,4
1789466580.8776882,2037,2877,4
1789466580.8781068,2017,2877,4
1789466580.880815,1998,2876,4
1789466580.88115,1945,2876,4
1789466580.882525,2025,2877,4
1789466580.88526,2068,2879,4
1789466580.8866491,2055,2877,4
1789466580.889389,2009,2878,4
1789466580.89067,2027,2878,4
1789466580.8930602,2096,2879,4
1789466580.895251,2233,2880,4
1789466580.8967822,2238,2879,4
1789466580.89924,2188,2880,4
1789466580.900408,2119,2878,4
1789466580.902882,1981,2877,4
1789466580.9053068,2149,2878,4
1789466580.90667,2311,2878,4
1789466580.9092119,2060,2878,4
1789466580.911374,1945,2877,4
1789466580.91277,2080,2878,4
1789466580.9152691,2285,2880,4
1789466580.917595,2167,2879,4
1789466580.918772,1850,2876,4
1789466580.929044,2168,2879,4
1789466580.932371,2313,2879,4
1789466580.933024,2485,2878,4
1789466580.933451,1942,2877,4
1789466580.935204,1928,2877,4
1789466580.9365098,1930,2876,4
1789466580.937243,1417,2876,4
1789466580.938109,1648,2876,4
1789466580.938795,2759,2880,4
1789466580.940117,2071,2878,4
1789466580.943163,1193,2875,4
1789466580.9433632,2187,2879,4
1789466580.95122,2315,2880,4
1789466580.9513228,2544,2880,4
1789466580.9513931,2052,2876,4
1789466580.951466,2188,2879,4
1789466580.953229,2128,2879,4
1789466580.954754,2473,2879,4
1789466580.966843,1590,2877,4
1789466580.96693,2575,2880,4
1789466580.9670641,1158,2877,4
1789466580.9731169,2426,2880,4
1789466580.9783711,2010,2877,4
1789466580.981298,1634,2876,4
1789466580.981426,2755,2881,4
1789466580.981503,2298,2879,4
1789466580.9815722,2334,2878,4
1789466580.981725,1894,2876,4
1789466580.981814,1636,2877,4
1789466580.981965,2584,2879,4
1789466580.9820669,2562,2879,4
1789466580.983296,2213,2880,4
1789466580.984683,1862,2876,4
1789466580.987251,2248,2879,4
1789466580.988819,2236,2878,4
1789466580.99152,2559,2879,4
1789466580.992863,2581,2879,4
1789466580.995308,1989,2876,4
1789466580.9967349,1988,2877,4
1789466580.999467,2550,2881,4
1789466581.000871,1926,2876,4
1789466581.0032692,2073,2879,4
1789466581.0047,2342,2879,4
1789466581.007301,1492,2876,4
1789466581.008758,243,2876,4
1789466581.011859,2761,2879,4
1789466581.013567,2254,2879,4
1789466581.015012,2865,2880,4
1789466581.017357,2606,2880,4
1789466581.018773,2443,2880,4
1789466581.021625,2753,2881,4
1789466581.035375,1929,2878,4
1789466581.0381079,2608,2880,4
1789466581.044205,1715,2878,4
1789466581.0470679,2293,2880,4
1789466581.0472262,1249,2878,4
1789466581.047384,2858,2882,4
1789466581.0474749,2010,2879,4
1789466581.047562,2608,2879,4
1789466581.0476649,2598,2880,4
1789466581.047741,2460,2879,4
1789466581.0478332,2888,2882,4
1789466581.0479019,2810,2880,4
1789466581.0479648,2211,2877,4
1789466581.0493288,2366,2879,4
1789466581.050623,2138,2879,4
1789466581.068476,2186,2879,4
1789466581.0748239,1794,2876,4
1789466581.0779798,2661,2880,4
1789466581.078295,2707,2880,4
1789466581.078382,2173,2877,4
1789466581.0784352,2658,2880,4
1789466581.078613,2718,2881,4
1789466581.0787132,2319,2880,4
1789466581.078787,2687,2879,4
1789466581.078857,2115,2879,4
1789466581.0789208,2455,2881,4
1789466581.0790029,2082,2877,4
1789466581.079102,2618,2879,4
1789466581.079177,2592,2881,4
1789466581.080506,2114,2878,4
1789466581.0831711,2944,2880,4
1789466581.084508,2395,2880,4
1789466581.087233,2195,2878,4
1789466581.089047,3047,2882,4
1789466581.091522,2977,2881,4
1789466581.092751,3056,2882,4
1789466581.0949209,2674,2880,4
1789466581.097207,2868,2881,4
1789466581.098637,2839,2880,4
1789466581.1011589,2816,2880,4
1789466581.103585,2645,2881,4
1789466581.10498,2830,2880,4
1789466581.106415,2671,2880,4
1789466581.10893,2726,2882,4
1789466581.1120498,2489,2879,4
1789466581.113506,2281,2879,4
1789466581.114908,1314,2877,4
1789466581.117641,2253,2879,4
1789466581.118911,2255,2879,4
1789466581.120805,1976,2879,4
1789466581.131507,1312,2876,4
1789466581.131816,2195,2879,4
1789466581.1346948,2087,2880,4
1789466581.137873,1747,2877,4
1789466581.141566,2224,2877,4
1789466581.141952,2239,2879,4
1789466581.146066,2061,2878,4
1789466581.1466172,1421,2875,4
1789466581.147027,1727,2876,4
1789466581.147628,2398,2879,4
1789466581.150883,2400,2878,4
1789466581.1510358,1678,2876,4
1789466581.15111,1825,2877,4
1789466581.151188,2037,2878,4
1789466581.151273,2063,2877,4
1789466581.1525261,2273,2878,4
1789466581.155234,2275,2880,4
1789466581.168225,1775,2876,4
1789466581.1721,1592,2875,4
1789466581.1788192,1786,2877,4
1789466581.182045,1927,2877,4
1789466581.182384,2158,2877,4
1789466581.1831,1897,2878,4
1789466581.1832802,1392,2877,4
1789466581.183806,1506,2876,4
1789466581.183973,1279,2876,4
1789466581.184096,1985,2877,4
1789466581.184169,1858,2877,4
1789466581.184234,1662,2877,4
1789466581.184314,1661,2877,4
1789466581.184574,2716,2879,4
1789466581.184688,2350,2878,4
1789466581.187846,2007,2878,4
1789466581.189195,2150,2878,4
1789466581.190531,2058,2877,4
1789466581.1933608,2103,2877,4
1789466581.195029,2139,2877,4
1789466581.1978219,1872,2877,4
1789466581.199281,2314,2879,4
1789466581.200684,2369,2878,4
1789466581.203406,2286,2878,4
1789466581.2047691,1689,2875,4
1789466581.207392,2214,2880,4
1789466581.208769,1683,2876,4
1789466581.210407,1069,2878,4
1789466581.213526,1565,2877,4
1789466581.2150059,1790,2877,4
1789466581.216388,388,2876,4
1789466581.219106,1261,2876,4
1789466581.220454,3047,2882,4
1789466581.223124,3143,2882,4
1789466581.224711,2353,2881,4
1789466581.247842,4028,2884,4
1789466581.248287,4095,2886,4
1789466581.248582,724,2877,4
1789466581.251675,821,2878,4
1789466581.251766,1428,2878,4
1789466581.251839,1383,2878,4
1789466581.251909,1206,2875,4
1789466581.251967,577,2874,4
1789466581.252345,1331,2875,4
1789466581.252857,2176,2879,4
1789466581.252961,2203,2878,4
1789466581.253044,2664,2880,4
1789466581.2532952,2683,2878,4
1789466581.253365,2619,2879,4
1789466581.2560298,2561,2880,4
1789466581.263285,2017,2878,4
1789466581.263904,1814,2879,4
1789466581.2737112,1477,2876,4
1789466581.280812,1920,2876,4
1789466581.281835,2020,2877,4
1789466581.2819939,2522,2879,4
1789466581.282088,2861,2880,4
1789466581.2822158,2205,2878,4
1789466581.282283,1960,2878,4
1789466581.2824168,1535,2876,4
1789466581.282611,1331,2876,4
1789466581.2826939,2286,2879,4
1789466581.282797,2823,2880,4
1789466581.2830331,3185,2882,4
1789466581.284533,2582,2879,4
1789466581.2872791,2088,2878,4
1789466581.288666,2388,2880,4
1789466581.291392,2425,2879,4
1789466581.2925801,2378,2879,4
1789466581.295737,2058,2878,4
1789466581.297216,1528,2876,4
1789466581.298686,1789,2876,4
1789466581.301097,1821,2876,4
1789466581.302627,1952,2878,4
1789466581.3057768,2011,2879,4
1789466581.307382,1779,2876,4
1789466581.308542,2199,2877,4
1789466581.3115578,2019,2878,4
1789466581.31296,2013,2876,4
1789466581.315268,1930,2876,4
1789466581.3164642,1821,2877,4
1789466581.318897,1798,2876,4
1789466581.320415,2056,2878,4
1789466581.323005,1965,2876,4
1789466581.324445,1416,2876,4
1789466581.334363,1988,2877,4
1789466581.340318,2339,2879,4
1789466581.342885,1809,2876,4
1789466581.351458,1697,2877,4
1789466581.354819,2308,2879,4
1789466581.354914,2234,2880,4
1789466581.355063,2413,2879,4
1789466581.3551302,2108,2879,4
1789466581.355179,1981,2877,4
1789466581.355223,2411,2880,4
1789466581.35537,2712,2881,4
1789466581.35549,2732,2881,4
1789466581.355563,2994,2882,4
1789466581.355629,2420,2879,4
1789466581.355697,1992,2875,4
1789466581.356805,1290,2877,4
1789466581.364964,1674,2877,4
1789466581.3670762,1935,2877,4
1789466581.367929,1735,2876,4
1789466581.3698702,1911,2878,4
1789466581.372739,1980,2878,4
1789466581.373358,2154,2879,4
1789466581.3752131,2314,2879,4
1789466581.378645,2521,2879,4
1789466581.3834372,2658,2880,4
1789466581.384203,2736,2880,4
1789466581.384696,2553,2880,4
1789466581.387143,2393,2881,4
1789466581.3874218,1728,2875,4
1789466581.3884768,2010,2878,4
1789466581.388729,2243,2879,4
1789466581.3888571,2039,2879,4
1789466581.391335,2110,2877,4
1789466581.3925838,2291,2879,4
1789466581.395388,1971,2877,4
1789466581.396738,2664,2880,4
1789466581.398973,2119,2879,4
1789466581.400353,1926,2879,4
1789466581.402526,2126,2880,4
1789466581.404937,1991,2878,4
1789466581.406367,3028,2881,4
1789466581.4091132,2219,2879,4
1789466581.4105139,1414,2878,4
1789466581.4130402,1631,2878,4
1789466581.4143941,1959,2877,4
1789466581.416808,1856,2876,4
1789466581.419019,1992,2878,4
1789466581.421463,1947,2877,4
1789466581.422848,2026,2878,4
1789466581.4252741,2078,2878,4
1789466581.426553,2135,2876,4
1789466581.42909,2151,2878,4
1789466581.4315689,2320,2881,4
1789466581.438522,2124,2880,4
1789466581.443111,2051,2879,4
1789466581.4438221,1951,2879,4
1789466581.448828,1904,2878,4
1789466581.4502761,2061,2879,4
1789466581.453249,1965,2877,4
1789466581.4535732,2113,2878,4
1789466581.458096,2262,2881,4
1789466581.458498,2159,2878,4
1789466581.45887,2020,2879,4
1789466581.45905,1875,2875,4
1789466581.459295,2051,2879,4
1789466581.459539,2099,2878,4
1789466581.4598348,1763,2877,4
1789466581.462441,1908,2877,4
1789466581.462686,2316,2880,4
1789466581.465136,2261,2878,4
1789466581.472587,2036,2878,4
1789466581.474182,1967,2878,4
1789466581.475827,2102,2879,4
1789466581.47601,2209,2878,4
1789466581.476246,1958,2877,4
1789466581.477819,1906,2876,4
1789466581.4796019,1973,2877,4
1789466581.481247,2047,2877,4
1789466581.483149,1907,2875,4
1789466581.487173,1969,2878,4
1789466581.4873989,1992,2877,4
1789466581.48963,2000,2878,4
1789466581.490988,2097,2878,4
1789466581.49336,1832,2876,4
1789466581.4947488,1793,2878,4
1789466581.497123,1868,2878,4
1789466581.498372,1957,2878,4
1789466581.500695,1899,2876,4
1789466581.503072,1890,2878,4
1789466581.505426,1873,2877,4
1789466581.5065,1970,2879,4
1789466581.5085921,1900,2878,4
1789466581.51113,1854,2876,4
1789466581.5134661,1958,2879,4
1789466581.514532,1940,2877,4
1789466581.51664,1924,2878,4
1789466581.519074,1888,2876,4
1789466581.5204182,1917,2878,4
1789466581.522515,1854,2876,4
1789466581.524857,1899,2876,4
1789466581.5271091,1907,2877,4
1789466581.52926,1990,2876,4
1789466581.537054,2131,2878,4
1789466581.539733,2135,2878,4
1789466581.5400388,2055,2878,4
1789466581.542722,1899,2878,4
1789466581.548231,1916,2875,4
1789466581.552497,1942,2876,4
1789466581.552927,1832,2877,4
1789466581.5531101,1868,2877,4
1789466581.555386,1855,2877,4
1789466581.556279,1961,2875,4
1789466581.557718,1973,2877,4
1789466581.5578308,1897,2877,4
1789466581.557985,1907,2878,4
1789466581.558074,2112,2879,4
1789466581.559159,2004,2877,4
1789466581.560385,1993,2878,4
1789466581.5668259,2563,2880,4
1789466581.567936,2325,2879,4
1789466581.5696309,1354,2874,4
1789466581.569941,1128,2875,4
1789466581.57203,1445,2875,4
1789466581.5739799,1747,2876,4
1789466581.577168,2013,2878,4
1789466581.577217,2476,2880,4
1789466581.5816278,1906,2879,4
1789466581.58193,1220,2877,4
1789466581.584853,1643,2877,4
1789466581.584949,2205,2877,4
1789466581.587479,2297,2880,4
1789466581.588834,1914,2876,4
1789466581.590997,1847,2876,4
1789466581.593447,1709,2876,4
1789466581.5946019,1866,2875,4
1789466581.5972202,1760,2877,4
1789466581.598371,1819,2877,4
1789466581.601042,2088,2878,4
1789466581.602429,2069,2876,4
1789466581.605004,2070,2878,4
1789466581.60637,2080,2878,4
1789466581.608989,2100,2879,4
1789466581.6103811,1809,2876,4
1789466581.613049,1890,2877,4
1789466581.614372,2067,2877,4
1789466581.617076,2327,2879,4
1789466581.618518,2323,2879,4
1789466581.6209779,1999,2878,4
1789466581.623626,1959,2879,4
1789466581.631636,1909,2877,4
1789466581.632948,1754,2877,4
1789466581.635354,2009,2877,4
1789466581.6356502,2043,2876,4
1789466581.638168,2076,2877,4
1789466581.639454,2146,2878,4
1789466581.641824,2211,2879,4
1789466581.643905,2148,2877,4
1789466581.643959,2116,2878,4
1789466581.6440089,2022,2877,4
1789466581.651375,2101,2878,4
1789466581.651528,2321,2880,4
1789466581.651584,2118,2876,4
1789466581.651629,1940,2876,4
1789466581.653008,1900,2877,4
1789466581.655246,1965,2877,4
1789466581.6629498,1943,2875,4
1789466581.6653178,1961,2876,4
1789466581.668909,1910,2877,4
1789466581.669596,1927,2877,4
1789466581.6779048,2057,2877,4
1789466581.6809,2084,2879,4
1789466581.6817348,2087,2878,4
1789466581.681891,2091,2879,4
1789466581.6819992,2128,2879,4
1789466581.6820748,2150,2879,4
1789466581.6821399,2040,2876,4
1789466581.682217,1948,2878,4
1789466581.682325,2014,2878,4
1789466581.682396,2110,2877,4
1789466581.6845582,2090,2879,4
1789466581.6868968,2001,2877,4
1789466581.6896288,1996,2878,4
1789466581.690898,1989,2878,4
1789466581.6935601,1911,2877,4
1789466581.694966,1987,2878,4
1789466581.697075,2214,2880,4
1789466581.699422,2196,2879,4
1789466581.7005,2048,2878,4
1789466581.7028549,1926,2877,4
1789466581.7054029,1918,2876,4
1789466581.7067142,1989,2876,4
1789466581.7091389,2006,2877,4
1789466581.711473,1957,2876,4
1789466581.712781,2040,2876,4
1789466581.715351,2005,2877,4
1789466581.716426,2135,2879,4
1789466581.7187572,2032,2878,4
1789466581.721529,2075,2877,4
1789466581.727957,2098,2878,4
1789466581.728145,2077,2879,4
1789466581.729377,2016,2877,4
1789466581.731082,1843,2878,4
1789466581.731345,1973,2878,4
1789466581.733828,2051,2875,4
1789466581.736416,2029,2879,4
1789466581.738403,2102,2878,4
1789466581.738627,2043,2877,4
1789466581.742841,2095,2878,4
1789466581.743039,1986,2877,4
1789466581.74535,1921,2878,4
1789466581.746426,2082,2878,4
1789466581.748754,1972,2877,4
1789466581.755344,1939,2876,4
1789466581.756426,1989,2877,4
1789466581.757026,1957,2878,4
1789466581.757638,1995,2878,4
1789466581.759459,1912,2876,4
1789466581.763034,1932,2878,4
1789466581.763594,2148,2878,4
1789466581.766824,2090,2878,4
1789466581.7709079,2006,2876,4
1789466581.7711098,1980,2878,4
1789466581.7714822,1989,2877,4
1789466581.774094,2020,2878,4
1789466581.7751942,2021,2876,4
1789466581.776341,2089,2877,4
1789466581.778923,2137,2878,4
1789466581.7815008,2057,2878,4
1789466581.782814,2015,2877,4
1789466581.785147,2088,2878,4
1789466581.786454,1916,2876,4
1789466581.788772,1947,2876,4
1789466581.791202,1977,2876,4
1789466581.792522,1903,2877,4
1789466581.7948558,1936,2877,4
1789466581.7971919,2042,2878,4
1789466581.798265,2061,2877,4
1789466581.800832,2029,2878,4
1789466581.80317,2017,2879,4
1789466581.804479,2066,2878,4
1789466581.807043,2120,2878,4
1789466581.809365,2077,2879,4
1789466581.810674,2107,2876,4
1789466581.817606,2084,2877,4
1789466581.820823,2082,2877,4
1789466581.822878,2024,2877,4
1789466581.823381,2005,2876,4
1789466581.824415,2010,2877,4
1789466581.8258932,2063,2877,4
1789466581.828149,2013,2876,4
1789466581.832407,1997,2877,4
1789466581.8327098,2052,2878,4
1789466581.832876,2014,2878,4
1789466581.8331609,2006,2877,4
1789466581.8357801,2053,2878,4
1789466581.8372102,2029,2877,4
1789466581.838279,2138,2878,4
1789466581.844269,2047,2878,4
1789466581.844814,1991,2877,4
1789466581.845357,1953,2878,4
1789466581.84748,1999,2877,4
1789466581.849782,2112,2879,4
1789466581.85174,2151,2878,4
1789466581.853827,2149,2877,4
1789466581.8576052,2053,2879,4
1789466581.857833,2090,2878,4
1789466581.8602922,2075,2879,4
1789466581.8603368,1983,2877,4
1789466581.862483,2005,2877,4
1789466581.8646898,2134,2880,4
1789466581.867022,2157,2879,4
1789466581.868341,2096,2877,4
1789466581.87066,2033,2878,4
1789466581.8729768,2114,2878,4
1789466581.8742778,2019,2877,4
1789466581.876588,1879,2878,4
1789466581.8786612,2025,2878,4
1789466581.881231,2045,2878,4
1789466581.882302,2034,2876,4
1789466581.884866,2055,2878,4
1789466581.886976,2166,2877,4
1789466581.888281,2142,2877,4
1789466581.890597,2037,2879,4
1789466581.8931682,1955,2878,4
1789466581.894263,2201,2878,4
1789466581.900149,2055,2878,4
1789466581.9012039,2022,2877,4
1789466581.901752,2013,2878,4
1789466581.90362,1978,2878,4
1789466581.9060018,2097,2878,4
1789466581.907889,2172,2878,4
1789466581.909963,1925,2876,4
1789466581.913735,1852,2879,4
1789466581.9138901,1958,2878,4
1789466581.91628,2053,2877,4
1789466581.916374,2042,2879,4
1789466581.918468,1964,2878,4
1789466581.920676,1880,2877,4
1789466581.925463,1915,2878,4
1789466581.926019,2041,2878,4
1789466581.92818,2111,2877,4
1789466581.928459,2166,2878,4
1789466581.932032,2130,2877,4
1789466581.934329,2125,2881,4
1789466581.9345448,2052,2878,4
1789466581.9381871,2016,2878,4
1789466581.938323,2052,2877,4
1789466581.940835,2139,2878,4
1789466581.942246,2098,2879,4
1789466581.944567,2023,2878,4
1789466581.9468942,2053,2878,4
1789466581.949184,2147,2879,4
1789466581.950239,2091,2879,4
1789466581.952796,2094,2878,4
1789466581.9551182,2133,2878,4
1789466581.956256,2051,2878,4
1789466581.958328,1962,2877,4
1789466581.9606452,1915,2879,4
1789466581.963201,2022,2879,4
1789466581.964475,2062,2877,4
1789466581.966788,2101,2879,4
1789466581.969346,2004,2878,4
1789466581.970645,1994,2877,4
1789466581.973205,2047,2878,4
1789466581.974505,2065,2879,4
1789466581.9807591,1995,2877,4
1789466581.981654,2090,2878,4
1789466581.982526,2080,2878,4
1789466581.9838982,2078,2878,4
1789466581.9864042,2082,2878,4
1789466581.986933,1965,2877,4
1789466581.9896178,2021,2878,4
1789466581.992906,2071,2879,4
1789466581.993005,2040,2877,4
1789466581.995268,2005,2878,4
1789466581.99657,2031,2878,4
1789466582.0015318,2072,2876,4
1789466582.003113,2058,2878,4
1789466582.003996,1988,2877,4
1789466582.005963,1951,2878,4
1789466582.007628,2017,2877,4
1789466582.009485,2005,2877,4
1789466582.0115762,2034,2878,4
1789466582.01476,2091,2878,4
1789466582.014957,2189,2880,4
1789466582.01682,2223,2879,4
1789466582.018236,2101,2878,4
1789466582.0207942,1942,2876,4
1789466582.023189,2018,2878,4
1789466582.024493,1975,2877,4
1789466582.0268219,1948,2878,4
1789466582.0291631,1970,2877,4
1789466582.030463,2013,2878,4
1789466582.032873,1998,2877,4
1789466582.035192,2027,2878,4
1789466582.036252,2021,2879,4
1789466582.038325,2171,2877,4
1789466582.040643,2315,2879,4
1789466582.042963,2171,2880,4
1789466582.045034,1960,2877,4
1789466582.047107,1872,2878,4
1789466582.048403,2002,2878,4
1789466582.050956,2031,2877,4
1789466582.0559192,2091,2880,4
1789466582.056899,2012,2877,4
1789466582.056979,2073,2878,4
1789466582.0591638,1927,2876,4
1789466582.0616472,1924,2877,4
1789466582.063422,2072,2878,4
1789466582.065006,2162,2878,4
1789466582.067884,2081,2879,4
1789466582.070264,2003,2878,4
1789466582.070312,2036,2877,4
1789466582.072629,2113,2878,4
1789466582.07813,2198,2878,4
1789466582.078261,2103,2879,4
1789466582.078689,2079,2877,4
1789466582.080653,2115,2878,4
1789466582.083652,2150,2879,4
1789466582.0891268,2054,2878,4
1789466582.0893078,1974,2877,4
1789466582.089576,2025,2878,4
1789466582.0915499,2093,2879,4
1789466582.09289,1968,2877,4
1789466582.0942369,1984,2878,4
1789466582.0966241,2014,2878,4
1789466582.098701,2092,2878,4
1789466582.101176,2135,2879,4
1789466582.102525,2092,2878,4
1789466582.105085,1973,2877,4
1789466582.1062531,2042,2877,4
1789466582.1085608,2115,2878,4
1789466582.111118,2012,2877,4
1789466582.112256,2005,2878,4
1789466582.1143181,1966,2878,4
1789466582.116519,2168,2881,4
1789466582.118879,2031,2878,4
1789466582.121174,1979,2877,4
1789466582.122484,2099,2878,4
1789466582.12908,2086,2878,4
1789466582.132393,1975,2877,4
1789466582.132622,1969,2877,4
1789466582.1328168,2159,2877,4
1789466582.1329799,2297,2879,4
1789466582.1351948,2081,2879,4
1789466582.137346,2024,2877,4
1789466582.139308,2087,2877,4
1789466582.14216,2137,2878,4
1789466582.1423092,2303,2880,4
1789466582.145441,2165,2879,4
1789466582.14674,1907,2879,4
1789466582.1535811,1887,2878,4
1789466582.153722,1932,2878,4
1789466582.154687,1888,2876,4
1789466582.154826,2015,2878,4
1789466582.156513,2171,2878,4
1789466582.158599,1933,2878,4
1789466582.1602938,1818,2877,4
1789466582.164762,2075,2877,4
1789466582.1650019,2317,2879,4
1789466582.166815,2327,2880,4
1789466582.169136,2221,2878,4
1789466582.17044,1941,2878,4
1789466582.1730099,1975,2878,4
1789466582.174313,1988,2876,4
1789466582.176872,2056,2876,4
1789466582.1782248,2123,2878,4
1789466582.180536,1897,2878,4
1789466582.1830888,2185,2878,4
1789466582.184382,2398,2880,4
1789466582.186931,2278,2879,4
1789466582.188224,1958,2878,4
1789466582.190773,2106,2880,4
1789466582.193324,2117,2880,4
1789466582.1946151,2076,2878,4
1789466582.196919,1905,2877,4
1789466582.198215,2091,2878,4
1789466582.2027361,2228,2879,4
1789466582.202858,2025,2877,4
1789466582.2054012,2046,2877,4
1789466582.20754,2041,2878,4
1789466582.208833,2139,2880,4
1789466582.210548,2120,2877,4
1789466582.213067,2214,2880,4
1789466582.215308,2203,2879,4
1789466582.216622,2145,2878,4
1789466582.219181,2163,2878,4
1789466582.220481,2067,2879,4
1789466582.2230358,1877,2876,4
1789466582.2253408,1943,2877,4
1789466582.2265768,2248,2880,4
1789466582.229127,2046,2877,4
1789466582.230419,1993,2877,4
1789466582.232979,1982,2877,4
1789466582.2342741,2047,2879,4
1789466582.236823,2210,2879,4
1789466582.239389,2204,2879,4
1789466582.240447,2121,2878,4
1789466582.242757,2063,2878,4
1789466582.245068,2055,2878,4
1789466582.2496388,2012,2878,4
1789466582.2497401,2207,2879,4
1789466582.250875,2047,2878,4
1789466582.252366,2013,2878,4
1789466582.255247,2070,2878,4
1789466582.257576,2018,2878,4
1789466582.262589,2042,2877,4
1789466582.263215,1992,2877,4
1789466582.263273,2002,2878,4
1789466582.264577,2139,2877,4
1789466582.267313,2113,2879,4
1789466582.2714722,2088,2879,4
1789466582.271903,2176,2878,4
1789466582.2742321,2242,2880,4
1789466582.274403,2033,2879,4
1789466582.2777832,1986,2877,4
1789466582.279474,2228,2878,4
1789466582.2817721,2096,2878,4
1789466582.283911,2053,2877,4
1789466582.2849689,2204,2878,4
1789466582.2862709,2112,2878,4
1789466582.288597,2110,2878,4
1789466582.290911,2141,2878,4
1789466582.293171,2011,2876,4
1789466582.2942321,1995,2877,4
1789466582.296782,2085,2878,4
1789466582.299089,2048,2877,4
1789466582.301464,2036,2878,4
1789466582.302778,2028,2878,4
1789466582.305333,2037,2878,4
1789466582.30663,2167,2878,4
1789466582.3089468,2186,2879,4
1789466582.310254,2118,2878,4
1789466582.312323,2205,2877,4
1789466582.314465,2223,2881,4
1789466582.320576,2154,2878,4
1789466582.321488,2167,2878,4
1789466582.321913,2068,2877,4
1789466582.323243,2024,2877,4
1789466582.325335,2086,2879,4
1789466582.326923,2058,2878,4
1789466582.3288178,2033,2877,4
1789466582.3310149,2029,2879,4
1789466582.332733,2174,2879,4
1789466582.335058,2212,2879,4
1789466582.336355,2129,2878,4
1789466582.340713,2092,2877,4
1789466582.341129,2204,2878,4
1789466582.343553,2188,2880,4
1789466582.345078,2169,2877,4
1789466582.346992,2143,2877,4
1789466582.348683,2150,2878,4
1789466582.350862,2177,2879,4
1789466582.353138,2095,2878,4
1789466582.35444,2085,2877,4
1789466582.356992,2181,2877,4
1789466582.359412,2163,2878,4
1789466582.3607109,2089,2876,4
1789466582.3630562,2123,2878,4
1789466582.365397,2198,2878,4
1789466582.3664699,2224,2879,4
1789466582.368779,2136,2879,4
1789466582.371331,2119,2877,4
1789466582.3726258,2071,2878,4
1789466582.3751822,2141,2879,4
1789466582.3764758,2052,2876,4
1789466582.378724,2092,2878,4
1789466582.3810391,2210,2880,4
1789466582.382334,2185,2880,4
1789466582.388892,2158,2878,4
1789466582.389469,2132,2877,4
1789466582.390445,2083,2878,4
1789466582.3906088,2155,2879,4
1789466582.392258,2132,2879,4
1789466582.395888,2106,2877,4
1789466582.39795,2147,2877,4
1789466582.400419,2177,2879,4
1789466582.4006789,2178,2879,4
1789466582.4030368,2110,2877,4
1789466582.404358,2135,2879,4
1789466582.4067001,2184,2879,4
1789466582.411624,2159,2879,4
1789466582.4121659,2089,2877,4
1789466582.4123242,2098,2878,4
1789466582.414316,2162,2878,4
1789466582.417257,2163,2881,4
1789466582.420007,2105,2878,4
1789466582.422195,2048,2877,4
1789466582.422355,2076,2877,4
1789466582.425108,2084,2878,4
1789466582.426247,2039,2876,4
1789466582.428807,2088,2878,4
1789466582.431369,2152,2878,4
1789466582.432415,2171,2879,4
1789466582.434724,2148,2879,4
1789466582.4372852,2076,2877,4
1789466582.4385831,2014,2878,4
1789466582.4411352,2069,2878,4
1789466582.442431,2135,2880,4
1789466582.44474,2048,2877,4
1789466582.4472902,2091,2877,4
1789466582.448585,2159,2879,4
1789466582.450729,2150,2877,4
1789466582.453038,2105,2877,4
1789466582.459262,2081,2877,4
1789466582.459818,2120,2878,4
1789466582.4603531,2113,2879,4
1789466582.460462,1992,2876,4
1789466582.4637399,1994,2876,4
1789466582.465011,2072,2878,4
1789466582.467251,2088,2880,4
1789466582.4693701,2076,2878,4
1789466582.471754,2011,2878,4
1789466582.473055,2070,2877,4
1789466582.4753711,2087,2878,4
1789466582.476578,2006,2877,4
1789466582.4791338,2010,2879,4
1789466582.480211,2073,2877,4
1789466582.4826748,2082,2877,4
1789466582.484828,2071,2878,4
1789466582.48619,2045,2877,4
1789466582.4887419,2047,2877,4
1789466582.4909692,2086,2879,4
1789466582.492267,2032,2877,4
1789466582.494582,2021,2879,4
1789466582.496892,2061,2878,4
1789466582.498188,2086,2878,4
1789466582.500494,2068,2878,4
1789466582.506091,2029,2878,4
1789466582.5065448,1998,2877,4
1789466582.5066528,2068,2878,4
1789466582.508886,2065,2879,4
1789466582.510772,1996,2877,4
1789466582.514008,2031,2878,4
1789466582.516029,2077,2879,4
1789466582.5180302,2099,2879,4
1789466582.51933,2061,2878,4
1789466582.5206242,2039,2877,4
1789466582.522688,2054,2877,4
1789466582.525239,2092,2879,4
1789466582.526287,2051,2877,4
1789466582.528588,2037,2877,4
1789466582.5309,2107,2878,4
1789466582.532195,2084,2877,4
1789466582.534741,2080,2878,4
1789466582.537292,2003,2877,4
1789466582.5385852,2019,2877,4
1789466582.540648,2096,2878,4
1789466582.5427608,2079,2879,4
1789466582.545307,2038,2876,4
1789466582.546597,2094,2878,4
1789466582.551093,2135,2880,4
1789466582.5511758,2093,2879,4
1789466582.5534348,2033,2878,4
1789466582.555518,2073,2878,4
1789466582.5583968,2104,2878,4
1789466582.5602639,2054,2878,4
1789466582.560369,2003,2877,4
1789466582.562944,2017,2877,4
1789466582.56424,2080,2877,4
1789466582.566787,2137,2879,4
1789466582.56934,2113,2878,4
1789466582.570632,2043,2878,4
1789466582.573177,2039,2877,4
1789466582.5744681,2087,2879,4
1789466582.577034,2031,2877,4
1789466582.578327,2034,2878,4
1789466582.580876,2062,2879,4
1789466582.582168,2074,2877,4
1789466582.584715,2087,2879,4
1789466582.587261,2032,2877,4
1789466582.588465,2053,2878,4
1789466582.590822,2136,2878,4
1789466582.594891,2078,2879,4
1789466582.5956988,2010,2877,4
1789466582.597547,2106,2878,4
1789466582.599339,2121,2878,4
1789466582.600716,2106,2879,4
1789466582.6024199,2073,2877,4
1789466582.604245,2067,2877,4
1789466582.606836,2088,2877,4
1789466582.609152,2019,2877,4
1789466582.610435,1924,2877,4
1789466582.612705,2001,2877,4
1789466582.615273,2057,2879,4
1789466582.616322,2061,2877,4
1789466582.618578,2054,2878,4
1789466582.621124,2103,2878,4
1789466582.622176,2215,2877,4
1789466582.624723,2251,2879,4
1789466582.627136,2002,2877,4
1789466582.628178,1925,2878,4
1789466582.630722,1931,2878,4
1789466582.6329632,2072,2876,4
1789466582.634089,2189,2879,4
1789466582.638901,2297,2877,4
1789466582.639701,2240,2878,4
1789466582.6414459,1933,2877,4
1789466582.642974,1835,2877,4
1789466582.644897,2267,2878,4
1789466582.646462,2200,2879,4
1789466582.6483681,2024,2878,4
1789466582.6510751,1952,2877,4
1789466582.6523688,2094,2879,4
1789466582.6546712,2296,2878,4
1789466582.6571462,1923,2877,4
1789466582.6584399,1925,2876,4
1789466582.660748,1934,2876,4
1789466582.6630669,1931,2877,4
1789466582.6641438,2303,2880,4
1789466582.666463,2061,2877,4
1789466582.6688519,1750,2876,4
1789466582.670103,1904,2877,4
1789466582.672281,2214,2877,4
1789466582.674481,2580,2879,4
1789466582.6770391,2066,2879,4
1789466582.678331,1856,2877,4
1789466582.6827269,2329,2877,4
1789466582.6831748,2321,2879,4
1789466582.685868,1897,2877,4
1789466582.687774,1559,2875,4
1789466582.690871,2105,2878,4
1789466582.691055,2877,2880,4
1789466582.692919,1846,2876,4
1789466582.694935,1346,2876,4
1789466582.696204,1767,2878,4
1789466582.69876,1948,2878,4
1789466582.701184,2125,2877,4
1789466582.702482,1970,2879,4
1789466582.7050052,1879,2878,4
1789466582.706196,1898,2877,4
1789466582.708747,2021,2878,4
1789466582.710132,2054,2877,4
1789466582.7125819,2242,2877,4
1789466582.714893,2392,2880,4
1789466582.7161841,2282,2880,4
1789466582.7184892,2121,2879,4
1789466582.7210371,2037,2877,4
1789466582.722334,1987,2878,4
1789466582.7280178,2065,2878,4
1789466582.728457,2033,2879,4
1789466582.728883,2022,2877,4
1789466582.730842,2265,2880,4
1789466582.73266,2252,2879,4
1789466582.7342122,2216,2878,4
1789466582.737654,2086,2879,4
1789466582.7396748,2046,2877,4
1789466582.740719,2092,2878,4
1789466582.7421079,2019,2879,4
1789466582.7446752,2001,2877,4
1789466582.7469912,2077,2878,4
1789466582.748287,2168,2878,4
1789466582.750839,1961,2877,4
1789466582.7521322,2036,2878,4
1789466582.754442,2063,2877,4
1789466582.7567518,2179,2878,4
1789466582.758094,2314,2879,4
1789466582.760171,2033,2878,4
1789466582.762474,2148,2878,4
1789466582.764819,2302,2880,4
1789466582.766113,2121,2877,4
1789466582.768919,2039,2877,4
1789466582.7734962,2064,2878,4
1789466582.77393,2446,2879,4
1789466582.775403,2206,2878,4
1789466582.77694,1923,2875,4
1789466582.778163,1917,2878,4
1789466582.7803829,1804,2878,4
1789466582.782397,2247,2877,4
1789466582.784477,1712,2877,4
1789466582.787178,1794,2876,4
1789466582.788518,1956,2878,4
1789466582.79349,2174,2879,4
1789466582.794324,2391,2879,4
1789466582.79511,1945,2876,4
1789466582.79632,2839,2882,4
1789466582.798972,2533,2880,4
1789466582.8012018,2365,2880,4
1789466582.803199,2286,2878,4
1789466582.805195,1172,2875,4
1789466582.806507,2864,2880,4
1789466582.808823,1355,2876,4
1789466582.810128,2030,2878,4
1789466582.8124428,2449,2880,4
1789466582.814995,2252,2880,4
1789466582.816148,2093,2877,4
1789466582.819107,2231,2879,4
1789466582.820253,1483,2876,4
1789466582.822452,2567,2879,4
1789466582.8247209,2539,2879,4
1789466582.8267891,1642,2875,4
1789466582.828862,1796,2876,4
1789466582.830265,2308,2879,4
1789466582.8326058,2526,2878,4
1789466582.838596,2705,2880,4
1789466582.839133,3035,2880,4
1789466582.839883,2385,2879,4
1789466582.841095,1646,2877,4
1789466582.8434849,1845,2877,4
1789466582.846369,2750,2881,4
1789466582.8465579,2042,2878,4
1789466582.848796,1990,2878,4
1789466582.850898,1913,2879,4
1789466582.8532338,3024,2882,4
1789466582.8544488,3075,2882,4
1789466582.8583739,1416,2877,4
1789466582.859224,2170,2878,4
1789466582.8611252,3987,2884,4
1789466582.862725,2751,2881,4
1789466582.866473,3089,2882,4
1789466582.868916,2570,2880,4
1789466582.8692338,2396,2879,4
1789466582.8708868,2653,2879,4
1789466582.873274,2564,2880,4
1789466582.8743281,2011,2878,4
1789466582.876897,2313,2879,4
1789466582.878979,2013,2877,4
1789466582.880277,2859,2881,4
1789466582.882826,3199,2881,4
1789466582.884127,2864,2880,4
1789466582.886446,2719,2879,4
1789466582.8885171,2184,2876,4
1789466582.890971,2888,2880,4
1789466582.892121,3328,2881,4
1789466582.8945332,3177,2880,4
1789466582.8968441,2549,2879,4
1789466582.898178,2578,2879,4
1789466582.900737,1954,2877,4
1789466582.902418,2861,2880,4
1789466582.9074209,3588,2882,4
1789466582.907573,3199,2880,4
1789466582.909514,2915,2881,4
1789466582.911081,2788,2880,4
1789466582.913067,2129,2875,4
1789466582.914796,2100,2876,4
1789466582.9193752,2705,2879,4
1789466582.919474,2063,2878,4
1789466582.9207418,2012,2878,4
1789466582.9221382,1940,2876,4
1789466582.926778,2245,2879,4
1789466582.92724,2258,2879,4
1789466582.929354,1311,2877,4
1789466582.931631,2223,2879,4
1789466582.933223,2140,2880,4
1789466582.934667,1419,2875,4
1789466582.937278,1353,2876,4
1789466582.939407,1509,2877,4
1789466582.9407191,2203,2880,4
1789466582.94304,2498,2879,4
1789466582.944106,1897,2875,4
1789466582.9461818,1059,2875,4
1789466582.948745,1189,2876,4
1789466582.9511192,2993,2881,4
1789466582.952437,2545,2878,4
1789466582.954756,2027,2879,4
1789466582.956913,1778,2875,4
1789466582.958221,2019,2876,4
1789466582.960774,1891,2877,4
1789466582.96309,2306,2879,4
1789466582.964427,2246,2878,4
1789466582.9666371,2222,2878,4
1789466582.96896,1606,2874,4
1789466582.970079,1485,2876,4
1789466582.9747021,2269,2880,4
1789466582.975161,2315,2879,4
1789466582.977491,1825,2876,4
1789466582.97959,1666,2877,4
1789466582.980887,1810,2877,4
1789466582.9828548,1822,2877,4
1789466582.9856992,1253,2876,4
1789466582.9881668,2486,2880,4
1789466582.9882529,1565,2876,4
1789466582.9908218,1756,2875,4
1789466582.998438,2538,2879,4
1789466582.998655,2312,2879,4
1789466582.998799,1988,2877,4
1789466583.000421,1875,2876,4
1789466583.001292,2051,2877,4
1789466583.004649,2105,2877,4
1789466583.0073578,2061,2878,4
1789466583.007641,1989,2879,4
1789466583.009546,1711,2876,4
1789466583.010613,1490,2875,4
1789466583.012933,1785,2877,4
1789466583.014248,1616,2878,4
1789466583.01658,1857,2876,4
1789466583.0191832,2387,2879,4
1789466583.020652,2587,2880,4
1789466583.022989,2049,2879,4
1789466583.0241091,1245,2876,4
1789466583.0261781,1132,2876,4
1789466583.0282571,1523,2878,4
1789466583.030806,1985,2878,4
1789466583.0321448,2389,2880,4
1789466583.034488,1796,2878,4
1789466583.036588,1154,2875,4
1789466583.038908,1358,2875,4
1789466583.040213,1994,2877,4
1789466583.04253,2649,2881,4
1789466583.047959,2151,2878,4
1789466583.0484538,1980,2878,4
1789466583.048884,1746,2876,4
1789466583.050854,1518,2876,4
1789466583.054152,1354,2876,4
1789466583.054327,1414,2876,4
1789466583.05733,1471,2876,4
1789466583.060384,1133,2876,4
1789466583.060525,1819,2876,4
1789466583.0628202,821,2876,4
1789466583.0649228,1592,2876,4
1789466583.06641,1642,2878,4
1789466583.0705678,2275,2879,4
1789466583.070996,2342,2879,4
1789466583.073571,1725,2875,4
1789466583.07549,1667,2876,4
1789466583.076851,2087,2877,4
1789466583.078849,1988,2878,4
1789466583.081598,1835,2876,4
1789466583.0836449,1968,2877,4
1789466583.0847208,1907,2876,4
1789466583.087308,2051,2879,4
1789466583.0886168,1947,2878,4
1789466583.0906858,2022,2879,4
1789466583.093274,2077,2879,4
1789466583.094429,2196,2879,4
1789466583.097049,2324,2879,4
1789466583.098272,1936,2877,4
1789466583.100829,2054,2877,4
1789466583.102161,1508,2877,4
1789466583.1045918,2016,2878,4
1789466583.106911,2214,2879,4
1789466583.1082098,1719,2875,4
1789466583.11076,2038,2877,4
1789466583.112823,1813,2877,4
1789466583.1141162,2002,2878,4
1789466583.1193311,1622,2876,4
1789466583.120641,1540,2877,4
1789466583.1220438,2159,2878,4
1789466583.122261,1802,2876,4
1789466583.125216,1072,2876,4
1789466583.127632,1349,2876,4
1789466583.130365,1578,2876,4
1789466583.130511,1534,2877,4
1789466583.1327791,1867,2877,4
1789466583.134141,1881,2876,4
1789466583.136718,1838,2876,4
1789466583.140142,1888,2878,4
1789466583.1405902,2145,2879,4
1789466583.1432269,2088,2878,4
1789466583.14497,2053,2877,4
1789466583.1467898,2296,2879,4
1789466583.1486201,2298,2879,4
1789466583.151395,2518,2880,4
1789466583.1535401,2226,2878,4
1789466583.154846,2227,2879,4
1789466583.156149,2059,2879,4
1789466583.15871,2387,2878,4
1789466583.1601112,2315,2879,4
1789466583.162664,1956,2877,4
1789466583.165132,2469,2879,4
1789466583.166191,2527,2880,4
1789466583.1687648,2601,2880,4
1789466583.170094,2394,2879,4
1789466583.172417,2393,2878,4
1789466583.174977,2341,2879,4
1789466583.176095,2264,2879,4
1789466583.178402,2114,2877,4
1789466583.180958,2166,2877,4
1789466583.183279,2251,2879,4
1789466583.184577,2064,2878,4
1789466583.1889658,2140,2878,4
1789466583.19021,2121,2878,4
1789466583.1904042,2302,2878,4
1789466583.192411,2302,2879,4
1789466583.1953669,2311,2879,4
1789466583.1977448,2617,2880,4
1789466583.200879,2300,2879,4
1789466583.201035,1705,2876,4
1789466583.203202,2055,2879,4
1789466583.2045062,2413,2879,4
1789466583.207186,2403,2879,4
1789466583.211392,2203,2879,4
1789466583.211901,1745,2876,4
1789466583.2139862,1883,2877,4
1789466583.2160451,2119,2877,4
1789466583.216189,2101,2878,4
1789466583.2224069,1908,2876,4
1789466583.222552,1956,2879,4
1789466583.222795,2064,2877,4
1789466583.2249138,1982,2879,4
1789466583.2262201,1997,2876,4
1789466583.228534,2049,2877,4
1789466583.230774,2189,2878,4
1789466583.2330759,2202,2877,4
1789466583.2343712,2176,2879,4
1789466583.236683,2051,2878,4
1789466583.2390049,2088,2878,4
1789466583.240112,2190,2879,4
1789466583.2426271,2139,2878,4
1789466583.2449338,2098,2877,4
1789466583.246229,2576,2881,4
1789466583.2487779,1864,2878,4
1789466583.250856,2050,2877,4
1789466583.252196,2056,2878,4
1789466583.254613,1847,2876,4
1789466583.2596962,2076,2878,4
1789466583.2602072,1845,2876,4
1789466583.260801,1708,2877,4
1789466583.26276,2025,2877,4
1789466583.265755,2227,2880,4
1789466583.267999,2285,2880,4
1789466583.2709062,2082,2878,4
1789466583.2711492,1904,2877,4
1789466583.273341,2143,2879,4
1789466583.274648,2139,2879,4
1789466583.280374,2094,2879,4
1789466583.281597,2010,2877,4
1789466583.28204,2044,2877,4
1789466583.28332,2204,2879,4
1789466583.285245,2103,2878,4
1789466583.2865112,2174,2879,4
1789466583.288515,2154,2878,4
1789466583.2912588,2107,2878,4
1789466583.293062,2027,2877,4
1789466583.29437,2015,2876,4
1789466583.296513,2079,2877,4
1789466583.299069,2241,2879,4
1789466583.300131,2306,2878,4
1789466583.302689,2165,2877,4
1789466583.3052669,2171,2877,4
1789466583.306564,2047,2879,4
1789466583.308696,2114,2879,4
1789466583.311148,2068,2877,4
1789466583.3121998,1933,2878,4
1789466583.314501,1955,2877,4
1789466583.316705,1871,2876,4
1789466583.319021,1945,2876,4
1789466583.320095,1936,2878,4
1789466583.322216,2162,2877,4
1789466583.324558,2332,2879,4
1789466583.328397,2006,2876,4
1789466583.328504,1674,2877,4
1789466583.331211,1780,2878,4
1789466583.333409,1952,2877,4
1789466583.335061,2086,2879,4
1789466583.336471,1883,2878,4
1789466583.339426,1805,2877,4
1789466583.341538,2047,2878,4
1789466583.3428428,2063,2879,4
1789466583.344138,1986,2878,4
1789466583.349051,1978,2878,4
1789466583.3498518,2167,2878,4
1789466583.351715,2301,2879,4
1789466583.353271,2059,2878,4
1789466583.355445,1799,2876,4
1789466583.359521,1541,2876,4
1789466583.3596108,1697,2876,4
1789466583.3615859,1853,2876,4
1789466583.362886,1756,2877,4
1789466583.3651998,1891,2877,4
1789466583.366507,1965,2877,4
1789466583.368791,2004,2879,4
1789466583.370087,2054,2878,4
1789466583.372642,2023,2878,4
1789466583.374957,1858,2875,4
1789466583.37625,1764,2875,4
1789466583.3788009,1950,2876,4
1789466583.3800929,2203,2877,4
1789466583.382401,2154,2878,4
1789466583.384536,1798,2875,4
1789466583.386923,1660,2875,4
1789466583.388221,1813,2876,4
1789466583.390774,2003,2876,4
1789466583.392087,1992,2877,4
1789466583.397065,1993,2876,4
1789466583.397844,2054,2877,4
1789466583.39955,2000,2877,4
1789466583.401411,2018,2879,4
1789466583.403125,1989,2877,4
1789466583.404638,2050,2877,4
1789466583.40748,2105,2878,4
1789466583.4090738,2094,2879,4
1789466583.41013,2079,2877,4
1789466583.4126809,2034,2879,4
1789466583.414753,2073,2877,4
1789466583.416047,2142,2878,4
1789466583.418367,2171,2879,4
1789466583.420695,2352,2877,4
1789466583.422766,2125,2878,4
1789466583.425003,2015,2877,4
1789466583.426618,1897,2878,4
1789466583.4292889,1818,2877,4
1789466583.4314518,1919,2877,4
1789466583.432832,2028,2877,4
1789466583.435035,1858,2876,4
1789466583.436333,1799,2876,4
1789466583.438653,1923,2878,4
1789466583.4439812,2278,2880,4
1789466583.444578,2274,2879,4
1789466583.445111,2109,2878,4
1789466583.446723,2157,2877,4
1789466583.4484391,2186,2878,4
1789466583.451995,2193,2879,4
1789466583.4555469,1914,2876,4
1789466583.455903,1939,2878,4
1789466583.458053,2202,2877,4
1789466583.4582279,2073,2878,4
1789466583.4605398,1949,2877,4
1789466583.466089,1952,2878,4
1789466583.466988,2107,2878,4
1789466583.468408,2093,2877,4
1789466583.468649,2096,2880,4
1789466583.4714072,2113,2878,4
1789466583.476754,2216,2879,4
1789466583.477033,2177,2878,4
1789466583.477211,2023,2875,4
1789466583.478743,1940,2877,4
1789466583.480225,2160,2878,4
1789466583.482333,2310,2880,4
1789466583.484904,2043,2880,4
1789466583.4861639,1942,2877,4
1789466583.488586,1888,2875,4
1789466583.4908109,1990,2878,4
1789466583.492872,2034,2879,4
1789466583.494166,1984,2877,4
1789466583.4964821,2159,2879,4
1789466583.498559,2225,2880,4
1789466583.5007539,2234,2878,4
1789466583.502916,2241,2879,4
1789466583.50421,1940,2875,4
1789466583.50652,1880,2877,4
1789466583.508936,1917,2877,4
1789466583.510311,1934,2877,4
1789466583.5150158,1981,2877,4
1789466583.515994,1957,2876,4
1789466583.5165598,2070,2878,4
1789466583.519146,2199,2878,4
1789466583.521492,1973,2878,4
1789466583.523509,1945,2876,4
1789466583.5266292,2061,2878,4
1789466583.5268438,2069,2877,4
1789466583.5289989,2152,2875,4
1789466583.5303118,2183,2879,4
1789466583.5326111,2035,2879,4
1789466583.5362198,2022,2878,4
1789466583.5374699,2033,2877,4
1789466583.53938,2017,2879,4
1789466583.5412211,2141,2880,4
1789466583.5428019,2086,2877,4
1789466583.544644,2000,2878,4
1789466583.5475671,1983,2877,4
1789466583.54938,1986,2877,4
1789466583.550438,2117,2878,4
1789466583.552963,2042,2878,4
1789466583.554267,1986,2877,4
1789466583.556824,2107,2878,4
1789466583.5581188,2089,2876,4
1789466583.5606852,2003,2878,4
1789466583.562027,2016,2878,4
1789466583.5643451,2056,2877,4
1789466583.5666518,2137,2878,4
1789466583.568817,2082,2877,4
1789466583.570148,2041,2877,4
1789466583.57249,2070,2878,4
1789466583.5747998,2143,2879,4
1789466583.576096,2070,2877,4
1789466583.5781891,2005,2877,4
1789466583.580778,1994,2878,4
1789466583.58517,2031,2877,4
1789466583.585727,2039,2879,4
1789466583.588502,1982,2878,4
1789466583.588683,1993,2877,4
1789466583.5906,2093,2878,4
1789466583.597204,2114,2879,4
1789466583.597397,1995,2879,4
1789466583.597523,2002,2877,4
1789466583.5998778,2100,2877,4
1789466583.6000068,2072,2878,4
1789466583.602595,2151,2878,4
1789466583.60747,2161,2877,4
1789466583.60801,2025,2878,4
1789466583.608883,2047,2876,4
1789466583.6117141,1901,2878,4
1789466583.61411,2021,2879,4
1789466583.6142058,2037,2878,4
1789466583.619102,1990,2876,4
1789466583.61935,1967,2878,4
1789466583.620916,2003,2878,4
1789466583.622027,2046,2878,4
1789466583.624098,2054,2879,4
1789466583.6264389,2080,2877,4
1789466583.628764,2028,2878,4
1789466583.6301708,2064,2879,4
1789466583.6324952,2165,2879,4
1789466583.634847,2073,2879,4
1789466583.636029,2013,2878,4
1789466583.6381571,2014,2878,4
1789466583.640497,2063,2878,4
1789466583.6430469,2044,2877,4
1789466583.6443431,2025,2878,4
1789466583.646656,2093,2878,4
1789466583.648712,2116,2877,4
1789466583.650008,2125,2878,4
1789466583.656672,2085,2877,4
1789466583.6572502,2059,2879,4
1789466583.6577191,2073,2877,4
1789466583.6592782,2175,2878,4
1789466583.661261,2009,2878,4
1789466583.662729,1935,2878,4
1789466583.667735,2007,2878,4
1789466583.6680288,2035,2876,4
1789466583.6682072,2091,2878,4
1789466583.670893,2059,2877,4
1789466583.672191,2038,2877,4
1789466583.6783621,2098,2878,4
1789466583.6792,1975,2877,4
1789466583.6793191,2013,2878,4
1789466583.6809149,2087,2878,4
1789466583.6825972,2099,2877,4
1789466583.684723,2078,2878,4
1789466583.686662,1974,2877,4
1789466583.689593,1992,2877,4
1789466583.691356,2085,2878,4
1789466583.692662,2050,2879,4
1789466583.694008,2009,2877,4
1789466583.696129,2043,2878,4
1789466583.698463,2177,2877,4
1789466583.7007859,2216,2880,4
1789466583.7020109,2039,2878,4
1789466583.704455,1948,2877,4
1789466583.7067819,1936,2875,4
1789466583.70808,1983,2876,4
1789466583.710334,2013,2877,4
1789466583.712884,1994,2877,4
1789466583.714012,2063,2877,4
1789466583.716578,2073,2879,4
1789466583.718718,2039,2879,4
1789466583.7201579,2023,2877,4
1789466583.7223182,2059,2879,4
1789466583.727204,2114,2878,4
1789466583.727798,2108,2879,4
1789466583.7301261,2031,2877,4
1789466583.730388,2023,2877,4
1789466583.73442,2044,2876,4
1789466583.735991,2003,2876,4
1789466583.736177,2124,2878,4
1789466583.739177,2167,2878,4
1789466583.7412632,2104,2877,4
1789466583.742493,2006,2877,4
1789466583.748791,1952,2878,4
1789466583.749269,2086,2878,4
1789466583.749721,2057,2878,4
1789466583.751376,2069,2880,4
1789466583.753432,1985,2878,4
1789466583.755209,1919,2877,4
1789466583.7569752,2012,2877,4
1789466583.7598279,2024,2879,4
1789466583.76161,1911,2877,4
1789466583.762787,2037,2879,4
1789466583.764087,2172,2878,4
1789466583.7664058,2121,2879,4
1789466583.768971,1964,2876,4
1789466583.770026,1935,2878,4
1789466583.772583,1974,2878,4
1789466583.775109,2061,2878,4
1789466583.776407,1979,2877,4
1789466583.778717,2009,2878,4
1789466583.781046,2062,2879,4
1789466583.782103,2085,2877,4
1789466583.7844212,2038,2879,4
1789466583.7865028,2058,2878,4
1789466583.789065,2083,2877,4
1789466583.790116,2214,2878,4
1789466583.792418,2037,2878,4
1789466583.797077,1865,2877,4
1789466583.797567,2020,2878,4
1789466583.799037,2269,2879,4
1789466583.800308,2159,2878,4
1789466583.803357,1972,2878,4
1789466583.805417,1925,2876,4
1789466583.808296,2099,2878,4
1789466583.8084779,2060,2878,4
1789466583.810404,1950,2876,4
1789466583.81273,1906,2877,4
1789466583.814024,1996,2876,4
1789466583.816582,2067,2877,4
1789466583.8179789,2049,2879,4
1789466583.820313,2038,2877,4
1789466583.822487,1998,2878,4
1789466583.824808,2091,2879,4
1789466583.826883,2140,2880,4
1789466583.828015,2206,2880,4
1789466583.830612,2057,2878,4
1789466583.8319948,2089,2878,4
1789466583.834552,2058,2879,4
1789466583.836863,1936,2877,4
1789466583.837991,2001,2878,4
1789466583.84478,2109,2877,4
1789466583.8449001,2018,2878,4
1789466583.845047,2057,2877,4
1789466583.8472471,2011,2877,4
1789466583.848876,2029,2878,4
1789466583.850914,2147,2879,4
1789466583.8526552,2143,2878,4
1789466583.855345,2104,2878,4
1789466583.857326,2121,2877,4
1789466583.858381,2058,2877,4
1789466583.860815,1994,2877,4
1789466583.864786,2006,2877,4
1789466583.865213,2082,2878,4
1789466583.866972,2137,2879,4
1789466583.868366,2098,2878,4
1789466583.871568,2090,2877,4
1789466583.874005,2094,2878,4
1789466583.87418,2152,2878,4
1789466583.877035,2102,2879,4
1789466583.8783412,2099,2876,4
1789466583.8806558,2095,2876,4
1789466583.882009,2114,2877,4
1789466583.8845649,2085,2878,4
1789466583.886914,2086,2878,4
1789466583.8882089,2135,2877,4
1789466583.8907578,2167,2877,4
1789466583.891993,2129,2878,4
1789466583.8942988,1910,2877,4
1789466583.896825,1973,2878,4
1789466583.897992,2127,2878,4
1789466583.900055,2217,2879,4
1789466583.902605,2160,2878,4
1789466583.905029,2081,2877,4
1789466583.909462,2058,2877,4
1789466583.910656,1961,2876,4
1789466583.9122088,1943,2877,4
1789466583.9122932,2055,2878,4
1789466583.915515,2119,2878,4
1789466583.9170911,2145,2879,4
1789466583.919425,2062,2878,4
1789466583.921089,1929,2877,4
1789466583.922163,1941,2877,4
1789466583.924472,2074,2878,4
1789466583.927032,2069,2877,4
1789466583.9283252,2097,2878,4
1789466583.9308732,2255,2880,4
1789466583.9321642,2281,2879,4
1789466583.934474,2028,2878,4
1789466583.9370189,2069,2877,4
1789466583.938324,1985,2878,4
1789466583.940879,2101,2879,4
1789466583.942014,2055,2876,4
1789466583.944565,1979,2878,4
1789466583.946877,1952,2878,4
1789466583.948169,2038,2878,4
1789466583.954765,2097,2878,4
1789466583.955523,2083,2878,4
1789466583.955948,2007,2880,4
1789466583.9570482,2052,2878,4
1789466583.9588149,2169,2878,4
1789466583.960638,2104,2878,4
1789466583.9621398,2014,2877,4
1789466583.9644868,2044,2878,4
1789466583.966518,2008,2876,4
1789466583.969076,2051,2878,4
1789466583.97037,2091,2877,4
1789466583.97245,2192,2878,4
1789466583.974779,2213,2879,4
1789466583.976077,2073,2879,4
1789466583.978602,2005,2878,4
1789466583.9810681,2096,2878,4
1789466583.982121,2087,2878,4
1789466583.984668,2012,2877,4
1789466583.987034,2148,2878,4
1789466583.9883242,2154,2877,4
1789466583.990871,1913,2877,4
1789466583.992084,2041,2878,4
1789466583.994393,1849,2877,4
1789466583.9990132,2008,2878,4
1789466583.999465,2170,2878,4
1789466584.001706,2276,2879,4
1789466584.003808,2200,2879,4
1789466584.0053382,2042,2877,4
1789466584.0068521,2115,2878,4
1789466584.009043,2160,2878,4
1789466584.010894,2078,2877,4
1789466584.012189,1973,2879,4
1789466584.014517,2120,2878,4
1789466584.01703,2053,2877,4
1789466584.018173,2076,2878,4
1789466584.020731,2151,2878,4
1789466584.022026,2097,2877,4
1789466584.0243552,2069,2878,4
1789466584.0265348,2010,2877,4
1789466584.0288582,1999,2878,4
1789466584.029971,2034,2877,4
1789466584.032525,2063,2878,4
1789466584.0350778,2126,2878,4
1789466584.036376,1780,2876,4
1789466584.03894,2031,2878,4
1789466584.043437,2181,2879,4
1789466584.0438972,2121,2879,4
1789466584.0444381,2181,2880,4
1789466584.0467122,2161,2878,4
1789466584.048332,2302,2881,4
1789466584.0516639,2221,2880,4
1789466584.053922,2128,2878,4
1789466584.054065,2062,2878,4
1789466584.056591,2203,2879,4
1789466584.058922,2184,2877,4
1789466584.06001,2124,2879,4
1789466584.068058,2222,2879,4
1789466584.0683572,2202,2879,4
1789466584.069592,2026,2877,4
1789466584.070312,2081,2879,4
1789466584.071166,2143,2878,4
1789466584.074108,2047,2878,4
1789466584.076302,1985,2878,4
1789466584.076503,1934,2877,4
1789466584.0791411,2096,2877,4
1789466584.0805602,2146,2877,4
1789466584.082943,2196,2880,4
1789466584.084251,2274,2878,4
1789466584.086574,1935,2876,4
1789466584.0886478,1787,2876,4
1789466584.090966,2086,2878,4
1789466584.09202,2142,2878,4
1789466584.094365,2069,2877,4
1789466584.096931,1758,2877,4
1789466584.0979898,1934,2877,4
1789466584.100074,2043,2877,4
1789466584.102196,2193,2878,4
1789466584.104274,2022,2879,4
1789466584.106422,1929,2875,4
1789466584.1089761,2055,2878,4
1789466584.136384,1967,2877,4
1789466584.136435,1991,2877,4
1789466584.136471,1974,2877,4
1789466584.1365051,2142,2880,4
1789466584.136537,1909,2876,4
1789466584.136592,1971,2878,4
1789466584.137919,2288,2879,4
1789466584.137959,2372,2878,4
1789466584.137992,2137,2879,4
1789466584.138249,2079,2877,4
1789466584.138349,2128,2877,4
1789466584.1386309,2215,2879,4
1789466584.138667,2198,2878,4
1789466584.1387022,2127,2878,4
1789466584.138765,2047,2879,4
1789466584.174627,2066,2879,4
1789466584.17473,2074,2879,4
1789466584.1747992,2019,2877,4
1789466584.1748621,2087,2878,4
1789466584.175133,2154,2878,4
1789466584.175336,2209,2880,4
1789466584.175488,2229,2878,4
1789466584.1756532,2115,2877,4
1789466584.1756952,2175,2879,4
1789466584.175731,2174,2879,4
1789466584.1758358,2136,2879,4
1789466584.175872,2130,2877,4
1789466584.17597,2184,2878,4
1789466584.176072,2217,2881,4
1789466584.176144,2172,2879,4
1789466584.1762528,2114,2877,4
1789466584.176367,2100,2879,4
1789466584.1765041,2145,2878,4
1789466584.176563,2110,2880,4
1789466584.180657,2062,2876,4
1789466584.180751,2094,2878,4
1789466584.1871612,2130,2877,4
1789466584.187249,2204,2879,4
1789466584.187316,2098,2877,4
1789466584.189395,2074,2877,4
1789466584.190975,2134,2878,4
1789466584.196298,2182,2879,4
1789466584.19809,2097,2877,4
1789466584.198648,2114,2878,4
1789466584.199609,2202,2880,4
1789466584.201211,2234,2879,4
1789466584.203323,2200,2878,4
1789466584.2055402,2132,2879,4
1789466584.207482,2113,2879,4
1789466584.2101052,2165,2879,4
1789466584.210885,2131,2879,4
1789466584.213165,2097,2878,4
1789466584.214247,2160,2878,4
1789466584.216379,2152,2880,4
1789466584.2230709,2210,2879,4
1789466584.2245078,2161,2878,4
1789466584.226086,2222,2877,4
1789466584.22628,2274,2879,4
1789466584.22654,2138,2879,4
1789466584.229217,2115,2878,4
1789466584.2326882,2216,2880,4
1789466584.2354481,2278,2879,4
1789466584.235625,2278,2878,4
1789466584.2378309,2204,2879,4
1789466584.23804,2106,2878,4
1789466584.240402,2145,2879,4
1789466584.2418828,2102,2878,4
1789466584.244111,2036,2877,4
1789466584.246355,2096,2878,4
1789466584.248638,2130,2877,4
1789466584.249886,2112,2880,4
1789466584.252449,2090,2879,4
1789466584.2539709,2073,2877,4
1789466584.256356,2086,2879,4
1789466584.258585,2137,2879,4
1789466584.259873,2081,2877,4
1789466584.2619982,2081,2878,4
1789466584.264101,2149,2878,4
1789466584.266382,2138,2879,4
1789466584.268629,2076,2878,4
1789466584.26989,2081,2877,4
1789466584.275784,2103,2877,4
1789466584.276803,2149,2878,4
1789466584.2777548,2069,2880,4
1789466584.279653,2037,2877,4
1789466584.281179,2047,2878,4
1789466584.2827652,2110,2877,4
1789466584.284248,2143,2879,4
1789466584.28814,2093,2878,4
1789466584.288362,2054,2877,4
1789466584.2906911,2097,2878,4
1789466584.292001,2140,2878,4
1789466584.2947788,2080,2877,4
1789466584.299351,2117,2877,4
1789466584.3007019,2123,2877,4
1789466584.3020039,2102,2880,4
1789466584.30227,2079,2878,4
1789466584.304967,2020,2878,4
1789466584.306481,2028,2877,4
1789466584.308098,2087,2879,4
1789466584.3103318,1986,2877,4
1789466584.312542,2009,2878,4
1789466584.313911,2073,2879,4
1789466584.3164759,2095,2877,4
1789466584.3188832,2077,2879,4
1789466584.3201978,2050,2877,4
1789466584.322304,2022,2877,4
1789466584.324378,2092,2879,4
1789466584.326462,2089,2879,4
1789466584.329077,2036,2877,4
1789466584.3303769,2069,2879,4
1789466584.3329349,2096,2877,4
1789466584.334236,2107,2879,4
1789466584.336551,2077,2878,4
1789466584.3378959,2068,2878,4
1789466584.340273,2110,2877,4
1789466584.342605,2136,2878,4
1789466584.343905,2043,2877,4
1789466584.350094,2042,2878,4
1789466584.350612,2110,2877,4
1789466584.351568,2150,2879,4
1789466584.35296,2117,2878,4
1789466584.354702,2090,2877,4
1789466584.3561978,2094,2878,4
1789466584.358591,2122,2878,4
1789466584.360703,2048,2877,4
1789466584.3624802,2048,2877,4
1789466584.365046,2103,2877,4
1789466584.366346,2167,2879,4
1789466584.370965,2184,2878,4
1789466584.371427,2178,2878,4
1789466584.372992,2111,2878,4
1789466584.374659,2132,2878,4
1789466584.3759942,2076,2879,4
1789466584.3783848,2011,2877,4
1789466584.3804018,2070,2877,4
1789466584.382032,2171,2880,4
1789466584.384595,2172,2878,4
1789466584.38589,2105,2877,4
1789466584.388453,2095,2877,4
1789466584.3907788,2177,2877,4
1789466584.392075,2122,2878,4
1789466584.3944461,1995,2877,4
1789466584.396918,2112,2878,4
1789466584.398211,2207,2880,4
1789466584.4007602,2148,2879,4
1789466584.4020522,1979,2878,4
1789466584.4046102,2034,2878,4
1789466584.4059021,2134,2878,4
1789466584.408452,2099,2879,4
1789466584.410802,2023,2877,4
1789466584.412132,1978,2878,4
1789466584.416509,2163,2878,4
1789466584.417701,2156,2880,4
1789466584.4196658,2214,2878,4
1789466584.4215958,2172,2877,4
1789466584.4231691,1983,2877,4
1789466584.424876,2049,2878,4
1789466584.426808,2029,2877,4
1789466584.428577,1974,2879,4
1789466584.4298828,2226,2879,4
1789466584.432418,2099,2877,4
1789466584.4348512,2105,2879,4
1789466584.435937,2131,2878,4
1789466584.438497,2076,2878,4
1789466584.439873,1783,2876,4
1789466584.442425,1883,2877,4
1789466584.444882,2095,2876,4
1789466584.4459388,2118,2877,4
1789466584.448249,1824,2877,4
1789466584.450455,1911,2876,4
1789466584.452769,1973,2878,4
1789466584.453863,2008,2877,4
1789466584.4564211,2314,2878,4
1789466584.4586182,2676,2880,4
1789466584.4598541,2343,2880,4
1789466584.465649,2145,2877,4
1789466584.466191,1780,2878,4
1789466584.467065,1970,2877,4
1789466584.468727,1922,2877,4
1789466584.4703648,1852,2875,4
1789466584.473919,1840,2876,4
1789466584.4741151,1929,2878,4
1789466584.4761448,1923,2878,4
1789466584.4784,1893,2876,4
1789466584.48097,2070,2878,4
1789466584.482315,2263,2879,4
1789466584.487196,2228,2880,4
1789466584.4876428,2124,2879,4
1789466584.490266,2144,2879,4
1789466584.49151,2266,2878,4
1789466584.493073,2173,2879,4
1789466584.497409,2024,2876,4
1789466584.497687,1880,2877,4
1789466584.499839,2210,2877,4
1789466584.500077,1882,2877,4
1789466584.502337,2075,2876,4
1789466584.5046642,2099,2878,4
1789466584.505964,2110,2878,4
1789466584.508042,1575,2877,4
1789466584.510352,2089,2879,4
1789466584.512539,1897,2877,4
1789466584.514626,1922,2879,4
1789466584.5167491,2170,2877,4
1789466584.518045,2322,2880,4
1789466584.520513,2117,2879,4
1789466584.522891,2131,2877,4
1789466584.524246,2083,2878,4
1789466584.526815,1213,2876,4
1789466584.528117,1804,2877,4
1789466584.53059,2573,2881,4
1789466584.533539,1522,2877,4
1789466584.537704,1985,2877,4
1789466584.538626,3149,2882,4
1789466584.539196,2052,2879,4
1789466584.541157,2027,2879,4
1789466584.543196,2071,2877,4
1789466584.5450912,2238,2879,4
1789466584.5470238,1947,2879,4
1789466584.549112,2207,2877,4
1789466584.550984,2497,2880,4
1789466584.552379,1716,2875,4
1789466584.5547252,1887,2878,4
1789466584.559697,2842,2880,4
1789466584.559851,2635,2880,4
1789466584.56026,2648,2880,4
1789466584.562165,1697,2877,4
1789466584.565112,2680,2880,4
1789466584.567559,1951,2877,4
1789466584.569567,2331,2880,4
1789466584.571313,2160,2879,4
1789466584.572374,1708,2877,4
1789466584.57443,1499,2876,4
1789466584.576742,2494,2879,4
1789466584.578051,2473,2880,4
1789466584.580373,2490,2880,4
1789466584.5829298,3095,2881,4
1789466584.583977,2166,2880,4
1789466584.586553,2857,2881,4
1789466584.587855,2413,2880,4
1789466584.5899699,2563,2880,4
1789466584.5925262,1900,2877,4
1789466584.5938718,1521,2877,4
1789466584.5961092,2673,2880,4
1789466584.598419,2886,2880,4
1789466584.600736,3687,2883,4
1789466584.601847,2869,2881,4
1789466584.606774,1234,2876,4
1789466584.607695,2848,2881,4
1789466584.609484,2924,2880,4
1789466584.61142,2768,2880,4
1789466584.613018,2246,2879,4
1789466584.614707,2652,2880,4
1789466584.6169128,2092,2879,4
1789466584.619113,2728,2880,4
1789466584.6201658,2445,2880,4
1789466584.622685,2873,2880,4
1789466584.627073,2864,2881,4
1789466584.627525,2242,2878,4
1789466584.631093,1189,2877,4
1789466584.6318982,2687,2880,4
1789466584.632132,3621,2884,4
1789466584.6350741,3138,2882,4
1789466584.6374478,2417,2878,4
1789466584.6395898,2243,2879,4
1789466584.640648,2930,2881,4
1789466584.641946,2880,2881,4
1789466584.644436,3142,2881,4
1789466584.646799,3039,2881,4
1789466584.648096,2277,2878,4
1789466584.650422,1737,2876,4
1789466584.6529129,2126,2878,4
1789466584.654358,2325,2880,4
1789466584.656961,2701,2880,4
1789466584.6582642,2338,2879,4
1789466584.6605709,4071,2885,4
1789466584.66288,2840,2880,4
1789466584.66419,1506,2875,4
1789466584.666511,3036,2882,4
1789466584.66892,2117,2880,4
1789466584.6701922,2353,2879,4
1789466584.674741,2124,2879,4
1789466584.675693,3142,2882,4
1789466584.6773388,2361,2878,4
1789466584.678954,2927,2881,4
1789466584.6813939,2892,2881,4
1789466584.6829069,2972,2880,4
1789466584.685643,2700,2880,4
1789466584.687766,2495,2880,4
1789466584.688004,2226,2878,4
1789466584.69059,2713,2881,4
1789466584.691859,2753,2880,4
1789466584.696374,1972,2878,4
1789466584.696877,1492,2877,4
1789466584.69916,2087,2877,4
1789466584.70079,2366,2879,4
1789466584.702164,2188,2880,4
1789466584.7045062,1724,2876,4
1789466584.707217,1774,2876,4
1789466584.708946,1794,2875,4
1789466584.7102542,1707,2877,4
1789466584.712812,1728,2877,4
1789466584.713876,1420,2877,4
1789466584.71644,2087,2878,4
1789466584.718824,1509,2876,4
1789466584.7199192,1699,2875,4
1789466584.7224,2279,2879,4
1789466584.724532,1915,2879,4
1789466584.725833,2208,2880,4
1789466584.728331,1671,2876,4
1789466584.730644,1961,2877,4
1789466584.731746,1999,2877,4
1789466584.734303,1503,2876,4
1789466584.736369,2093,2877,4
1789466584.737781,1694,2876,4
1789466584.739865,1336,2875,4
1789466584.745499,1399,2876,4
1789466584.7463932,1596,2876,4
1789466584.74807,2177,2878,4
1789466584.7483652,1176,2876,4
1789466584.751117,1941,2876,4
1789466584.7535229,2557,2880,4
1789466584.756209,2011,2878,4
1789466584.756416,1269,2876,4
1789466584.75858,1571,2876,4
1789466584.759849,2119,2877,4
1789466584.762579,2152,2879,4
1789466584.7670798,1623,2876,4
1789466584.7671921,1151,2876,4
1789466584.770132,1959,2875,4
1789466584.771764,1838,2876,4
1789466584.772358,1802,2876,4
1789466584.7741,1677,2876,4
1789466584.775854,1905,2876,4
1789466584.778559,1656,2876,4
1789466584.780858,1745,2877,4
1789466584.782163,1766,2877,4
1789466584.784719,1930,2877,4
1789466584.7859478,1394,2877,4
1789466584.788374,1176,2876,4
1789466584.789742,1892,2876,4
1789466584.792306,2140,2878,4
1789466584.794843,2266,2879,4
1789466584.7961369,2001,2878,4
1789466584.798443,1727,2876,4
1789466584.8006258,1856,2877,4
1789466584.8019211,1921,2877,4
1789466584.804003,2073,2877,4
1789466584.806315,1488,2876,4
1789466584.808733,1353,2876,4
1789466584.809779,1680,2876,4
1789466584.812151,1843,2876,4
1789466584.816564,1754,2876,4
1789466584.819583,2028,2877,4
1789466584.822016,2238,2879,4
1789466584.822855,2869,2880,4
1789466584.8229709,3008,2881,4
1789466584.831328,2014,2877,4
1789466584.83181,2194,2879,4
1789466584.834213,3097,2882,4
1789466584.834434,1593,2877,4
1789466584.834472,563,2876,4
1789466584.83455,873,2876,4
1789466584.8359108,2106,2878,4
1789466584.8382661,2692,2880,4
1789466584.843412,1152,2874,4
1789466584.847893,1083,2875,4
1789466584.848022,1243,2876,4
1789466584.84847,1662,2877,4
1789466584.8488839,2764,2879,4
1789466584.850611,1753,2877,4
1789466584.855208,1585,2876,4
1789466584.85537,1247,2875,4
1789466584.857615,1266,2876,4
1789466584.8577971,2085,2878,4
1789466584.859877,2295,2878,4
1789466584.862776,2341,2879,4
1789466584.864131,2722,2879,4
1789466584.8666859,2812,2880,4
1789466584.867927,1752,2876,4
1789466584.8702679,1603,2877,4
1789466584.87259,1288,2876,4
1789466584.8737652,1355,2877,4
1789466584.876371,2185,2878,4
1789466584.8777769,1658,2876,4
1789466584.8800771,1881,2878,4
1789466584.882638,1648,2876,4
1789466584.883934,1987,2877,4
1789466584.886257,2366,2879,4
1789466584.888603,2952,2881,4
1789466584.894119,2764,2880,4
1789466584.89472,2524,2880,4
1789466584.8962612,1631,2877,4
1789466584.8976262,2208,2879,4
1789466584.899659,2183,2880,4
1789466584.900506,1744,2878,4
1789466584.9030662,2248,2880,4
1789466584.9061508,2001,2877,4
1789466584.906274,1903,2877,4
1789466584.908502,2428,2879,4
1789466584.910584,2552,2881,4
1789466584.911881,2005,2879,4
1789466584.916834,1343,2876,4
1789466584.917264,1998,2877,4
1789466584.9216409,1857,2878,4
1789466584.9221,2146,2877,4
1789466584.9221928,1875,2876,4
1789466584.923794,1831,2876,4
1789466584.928483,1541,2876,4
1789466584.928701,1506,2875,4
1789466584.9307961,2011,2876,4
1789466584.932096,1975,2876,4
1789466584.93455,1985,2877,4
1789466584.935858,2786,2881,4
1789466584.9379299,2993,2881,4
1789466584.939991,1733,2876,4
1789466584.942228,1552,2877,4
1789466584.9445472,1757,2877,4
1789466584.945842,1783,2877,4
1789466584.948169,2163,2877,4
1789466584.950492,2233,2878,4
1789466584.951806,1948,2879,4
1789466584.954307,2028,2878,4
1789466584.9568708,1734,2876,4
1789466584.958175,2567,2881,4
1789466584.960261,2612,2879,4
1789466584.966799,2325,2880,4
1789466584.967337,2455,2879,4
1789466584.9678452,2311,2879,4
1789466584.968655,2217,2879,4
1789466584.969972,2512,2880,4
1789466584.972967,2424,2879,4
1789466584.975392,2208,2878,4
1789466584.980414,2312,2879,4
1789466584.981119,2295,2879,4
1789466584.981268,2620,2880,4
1789466584.98264,2098,2877,4
1789466584.983951,1916,2877,4
1789466584.9903512,1927,2877,4
1789466584.9911811,1805,2876,4
1789466584.992457,1620,2876,4
1789466584.9926069,2284,2878,4
1789466584.9947982,1755,2876,4
1789466584.99821,2019,2877,4
1789466585.00145,2544,2880,4
1789466585.001617,2700,2881,4
1789466585.002323,2256,2878,4
1789466585.003911,2488,2879,4
1789466585.0065012,2253,2879,4
1789466585.0086138,2448,2880,4
1789466585.009918,2217,2879,4
1789466585.012409,2705,2879,4
1789466585.0137348,2609,2879,4
1789466585.0160599,2185,2878,4
1789466585.018507,1957,2877,4
1789466585.0210712,2142,2879,4
1789466585.022151,2234,2880,4
1789466585.0247161,2334,2878,4
1789466585.0257668,2215,2879,4
1789466585.028064,1996,2876,4
1789466585.030601,1916,2877,4
1789466585.0327191,2185,2880,4
1789466585.033782,2182,2878,4
1789466585.036135,2222,2878,4
1789466585.0413709,2267,2878,4
1789466585.0419252,2160,2878,4
1789466585.0425081,2176,2879,4
1789466585.0459,2235,2879,4
1789466585.047014,2212,2879,4
1789466585.048331,1787,2877,4
1789466585.050356,2142,2879,4
1789466585.054484,2376,2879,4
1789466585.0547378,2628,2879,4
1789466585.0569658,2397,2879,4
1789466585.0582788,2154,2878,4
1789466585.0605881,2208,2879,4
1789466585.0618649,2590,2879,4
1789466585.0669131,2261,2879,4
1789466585.0677161,2222,2880,4
1789466585.0695198,2338,2878,4
1789466585.07152,2267,2878,4
1789466585.073119,2152,2878,4
1789466585.074925,2173,2879,4
1789466585.078215,2101,2876,4
1789466585.0784938,2198,2879,4
1789466585.08069,2150,2879,4
1789466585.081749,2018,2877,4
1789466585.084364,2031,2877,4
1789466585.086608,2061,2879,4
1789466585.0876749,2135,2878,4
1789466585.089997,2073,2879,4
1789466585.0925498,2011,2876,4
1789466585.0947268,2011,2877,4
1789466585.095778,2027,2877,4
1789466585.0980952,2055,2877,4
1789466585.100652,2066,2879,4
1789466585.102016,1966,2876,4
1789466585.104343,1892,2876,4
1789466585.106616,2022,2879,4
1789466585.107687,2106,2879,4
1789466585.109996,1852,2876,4
1789466585.1124759,1852,2876,4
1789466585.1172988,1931,2878,4
1789466585.1182148,1909,2876,4
1789466585.1187031,1992,2877,4
1789466585.120332,1986,2878,4
1789466585.122179,1882,2875,4
1789466585.1243038,2067,2878,4
1789466585.1261702,2051,2878,4
1789466585.1296132,1862,2876,4
1789466585.129809,1734,2877,4
1789466585.132694,1866,2877,4
1789466585.1339982,2009,2876,4
1789466585.135801,1834,2876,4
1789466585.140592,1863,2876,4
1789466585.141098,1885,2876,4
1789466585.142978,1907,2876,4
1789466585.144835,2001,2876,4
1789466585.146545,1913,2877,4
1789466585.1482801,1888,2875,4
1789466585.151616,1810,2877,4
1789466585.151861,1781,2877,4
1789466585.154442,1749,2877,4
1789466585.155741,1833,2876,4
1789466585.158713,1834,2876,4
1789466585.159863,1834,2876,4
1789466585.162496,1840,2878,4
1789466585.1636639,1817,2877,4
1789466585.166193,2003,2877,4
1789466585.16875,2069,2877,4
1789466585.170065,1992,2878,4
1789466585.172383,2029,2879,4
1789466585.17365,1838,2875,4
1789466585.17628,1740,2877,4
1789466585.17774,2024,2877,4
1789466585.1799822,2118,2877,4
1789466585.1821282,2160,2879,4
1789466585.1846342,1750,2876,4
1789466585.190155,1544,2876,4
1789466585.191542,1730,2876,4
1789466585.192032,1884,2876,4
1789466585.193304,1831,2875,4
1789466585.195817,1702,2876,4
1789466585.195989,1792,2877,4
1789466585.1989918,2029,2877,4
1789466585.202411,2190,2878,4
1789466585.202532,1990,2876,4
1789466585.2043421,2096,2878,4
1789466585.20642,2171,2878,4
1789466585.207716,2035,2878,4
1789466585.2195961,1904,2877,4
1789466585.2206771,1817,2877,4
1789466585.2208252,1797,2877,4
1789466585.221329,1895,2877,4
1789466585.223833,1960,2877,4
1789466585.2273521,1976,2878,4
1789466585.2292638,1964,2879,4
1789466585.229933,2070,2878,4
1789466585.230004,2088,2878,4
1789466585.23005,2232,2880,4
1789466585.23009,2041,2877,4
1789466585.2326558,1962,2877,4
1789466585.2338529,2042,2876,4
1789466585.2361999,2169,2879,4
1789466585.2385228,2178,2878,4
1789466585.239829,2055,2878,4
1789466585.242367,2006,2879,4
1789466585.243662,1914,2876,4
1789466585.246009,2010,2877,4
1789466585.248086,2074,2878,4
1789466585.250346,2096,2877,4
1789466585.252425,2121,2880,4
1789466585.2536042,2249,2878,4
1789466585.2561688,2175,2878,4
1789466585.258495,2107,2879,4
1789466585.259765,1911,2877,4
1789466585.262561,1910,2877,4
1789466585.2675688,1995,2878,4
1789466585.267712,2029,2878,4
1789466585.26819,1953,2877,4
1789466585.270354,1906,2878,4
1789466585.272345,1929,2877,4
1789466585.274249,2021,2877,4
1789466585.275743,2054,2879,4
1789466585.279208,1991,2877,4
1789466585.281419,2082,2878,4
1789466585.282731,2117,2878,4
1789466585.283859,2019,2877,4
1789466585.2862709,1946,2876,4
1789466585.290882,1875,2876,4
1789466585.2910159,2281,2878,4
1789466585.292481,2123,2878,4
1789466585.2952561,2009,2876,4
1789466585.2971258,1976,2877,4
1789466585.299229,2182,2878,4
1789466585.302986,2179,2877,4
1789466585.303134,2180,2879,4
1789466585.30525,2113,2878,4
1789466585.306551,1772,2875,4
1789466585.3076532,1835,2876,4
1789466585.31003,1999,2876,4
1789466585.312587,1926,2877,4
1789466585.313882,1984,2877,4
1789466585.31619,2062,2877,4
1789466585.3188548,2037,2880,4
1789466585.3202481,2075,2878,4
1789466585.322401,2191,2879,4
1789466585.323699,2115,2879,4
1789466585.326206,2018,2875,4
1789466585.3288,2031,2878,4
1789466585.330113,2284,2880,4
1789466585.33267,2399,2879,4
1789466585.333879,2032,2876,4
1789466585.336002,1915,2875,4
1789466585.3413708,1716,2876,4
1789466585.341894,1828,2876,4
1789466585.3428311,1866,2876,4
1789466585.344526,1955,2877,4
1789466585.346721,1891,2878,4
1789466585.348906,1888,2876,4
1789466585.353699,1964,2877,4
1789466585.353993,2110,2878,4
1789466585.354343,2124,2878,4
1789466585.356349,2242,2879,4
1789466585.3576589,2151,2878,4
1789466585.360127,2047,2877,4
1789466585.3649,1946,2877,4
1789466585.365477,1995,2876,4
1789466585.366446,2060,2877,4
1789466585.368105,2075,2879,4
1789466585.371356,2108,2877,4
1789466585.3735528,2104,2878,4
1789466585.376833,2125,2879,4
1789466585.3770702,2141,2878,4
1789466585.379306,2073,2876,4
1789466585.380388,2153,2877,4
1789466585.382812,2153,2878,4
1789466585.384114,2074,2880,4
1789466585.386684,1993,2877,4
1789466585.387966,1913,2875,4
1789466585.3902888,1940,2876,4
1789466585.391608,2082,2878,4
1789466585.393933,2039,2877,4
1789466585.396248,1984,2877,4
1789466585.3984299,2006,2877,4
1789466585.3997262,1994,2877,4
1789466585.4023628,2091,2879,4
1789466585.403658,2092,2878,4
1789466585.4057229,2074,2877,4
1789466585.407802,2102,2879,4
1789466585.4103591,2046,2877,4
1789466585.415031,1985,2878,4
1789466585.415194,2026,2878,4
1789466585.41781,2027,2878,4
1789466585.417912,2053,2876,4
1789466585.420306,1991,2878,4
1789466585.423532,1978,2877,4
1789466585.423721,1992,2879,4
1789466585.427202,2089,2879,4
1789466585.4293618,2066,2877,4
1789466585.430461,1988,2878,4
1789466585.4317188,2081,2878,4
1789466585.4372668,2134,2880,4
1789466585.437763,2125,2878,4
1789466585.437834,2056,2877,4
1789466585.440253,2086,2877,4
1789466585.442524,2041,2879,4
1789466585.4454982,1970,2877,4
1789466585.445686,1946,2878,4
1789466585.448967,1989,2878,4
1789466585.4507022,2097,2877,4
1789466585.451759,2135,2878,4
1789466585.454369,2112,2878,4
1789466585.455678,2047,2878,4
1789466585.4582348,2093,2878,4
1789466585.4602969,2086,2879,4
1789466585.461637,2059,2877,4
1789466585.4639518,2089,2877,4
1789466585.4665012,2072,2878,4
1789466585.4676008,2107,2879,4
1789466585.470149,1912,2876,4
1789466585.472636,1942,2878,4
1789466585.473685,1969,2877,4
1789466585.476001,2010,2875,4
1789466585.478555,1949,2878,4
1789466585.47985,2049,2878,4
1789466585.4861991,2177,2880,4
1789466585.4866822,2057,2876,4
1789466585.4875698,1980,2876,4
1789466585.488756,2013,2879,4
1789466585.490437,2030,2877,4
1789466585.4920661,2127,2879,4
1789466585.4940019,2066,2878,4
1789466585.497115,2054,2877,4
1789466585.498843,2107,2878,4
1789466585.50015,2099,2877,4
1789466585.502481,2039,2877,4
1789466585.506316,2065,2879,4
1789466585.506737,2056,2877,4
1789466585.508833,2073,2878,4
1789466585.510719,2021,2876,4
1789466585.5124211,1905,2877,4
1789466585.5140202,1915,2879,4
1789466585.5170088,2078,2878,4
1789466585.51897,2224,2880,4
1789466585.5202801,2253,2880,4
1789466585.5225961,2083,2878,4
1789466585.523903,1917,2876,4
1789466585.526209,2056,2877,4
1789466585.528596,2132,2878,4
1789466585.529648,2066,2878,4
1789466585.532206,1953,2878,4
1789466585.5347729,1975,2877,4
1789466585.535913,1912,2876,4
1789466585.538228,1923,2875,4
1789466585.540541,2028,2878,4
1789466585.541625,2063,2879,4
1789466585.543947,1992,2876,4
1789466585.546498,2062,2877,4
1789466585.547801,2022,2877,4
1789466585.554471,2031,2877,4
1789466585.5546072,2110,2879,4
1789466585.555357,2109,2879,4
1789466585.556792,2082,2878,4
1789466585.5586162,2115,2879,4
1789466585.5601192,2090,2878,4
1789466585.5617568,1973,2877,4
1789466585.5647721,2020,2877,4
1789466585.5669692,2057,2878,4
1789466585.568285,2140,2880,4
1789466585.570613,2134,2878,4
1789466585.575213,2020,2878,4
1789466585.576093,1994,2878,4
1789466585.577545,1991,2876,4
1789466585.577724,1996,2877,4
1789466585.580659,2003,2878,4
1789466585.582647,2048,2878,4
1789466585.585716,2086,2880,4
1789466585.5881972,2151,2879,4
1789466585.5884428,2467,2879,4
1789466585.5905669,2193,2878,4
1789466585.591617,1889,2877,4
1789466585.59393,1919,2878,4
1789466585.596237,2012,2878,4
1789466585.5988119,1973,2878,4
1789466585.6001081,1968,2877,4
1789466585.602763,1958,2878,4
1789466585.6038132,1902,2878,4
1789466585.605878,1964,2878,4
1789466585.608171,2071,2878,4
1789466585.610486,2129,2880,4
1789466585.611783,2020,2878,4
1789466585.614353,2084,2878,4
1789466585.615649,2073,2877,4
1789466585.621428,2053,2877,4
1789466585.622293,1988,2879,4
1789466585.622435,2003,2877,4
1789466585.624377,2074,2878,4
1789466585.626315,2098,2879,4
1789466585.6294389,2063,2877,4
1789466585.632792,2046,2877,4
1789466585.63295,2106,2878,4
1789466585.6346781,2068,2877,4
1789466585.636074,1943,2876,4
1789466585.6386619,1959,2877,4
1789466585.639977,1975,2877,4
1789466585.644755,1992,2877,4
1789466585.6456041,1965,2876,4
1789466585.6460428,2107,2878,4
1789466585.648749,2313,2881,4
1789466585.650655,2166,2879,4
1789466585.652389,2158,2879,4
1789466585.655246,2121,2878,4
1789466585.657365,2039,2878,4
1789466585.657577,2045,2879,4
1789466585.660139,1973,2877,4
1789466585.6622741,2025,2877,4
1789466585.664587,1900,2877,4
1789466585.6656451,1919,2877,4
1789466585.668202,1974,2877,4
1789466585.67032,1875,2876,4
1789466585.671498,1976,2877,4
1789466585.674054,2023,2877,4
1789466585.676501,2094,2878,4
1789466585.677547,2058,2877,4
1789466585.679847,2428,2880,4
1789466585.682142,2265,2880,4
1789466585.684449,2043,2877,4
1789466585.685825,2260,2880,4
1789466585.688368,2101,2879,4
1789466585.691884,1907,2876,4
1789466585.6923678,1958,2876,4
1789466585.694722,1978,2877,4
1789466585.6965702,1921,2876,4
1789466585.6983948,1981,2877,4
1789466585.69984,2184,2878,4
1789466585.7024908,1951,2876,4
1789466585.7042181,2110,2879,4
1789466585.7055202,2161,2878,4
1789466585.707595,2253,2879,4
1789466585.7123609,2098,2879,4
1789466585.713181,1845,2877,4
1789466585.714894,1875,2877,4
1789466585.71648,2073,2877,4
1789466585.718354,2147,2879,4
1789466585.720047,2091,2878,4
1789466585.722552,2151,2878,4
1789466585.724698,2191,2878,4
1789466585.725995,2181,2879,4
1789466585.7285461,2114,2879,4
1789466585.7296069,2058,2876,4
1789466585.7321548,2088,2877,4
1789466585.733483,2163,2879,4
1789466585.7355509,2071,2878,4
1789466585.7380989,1974,2877,4
1789466585.739479,1992,2877,4
1789466585.741919,2122,2879,4
1789466585.7444742,2128,2880,4
1789466585.745526,2041,2878,4
1789466585.74784,2140,2878,4
1789466585.750145,2227,2880,4
1789466585.752576,2157,2880,4
1789466585.7571409,1964,2876,4
1789466585.757238,2147,2878,4
1789466585.7596889,2024,2878,4
1789466585.759906,1893,2876,4
1789466585.763711,2383,2880,4
1789466585.76513,2285,2879,4
1789466585.76761,1895,2877,4
1789466585.767842,2039,2877,4
1789466585.770675,2182,2879,4
1789466585.7719848,1962,2875,4
1789466585.774304,1861,2877,4
1789466585.7755089,2045,2878,4
1789466585.777826,1988,2876,4
1789466585.779892,1953,2877,4
1789466585.782208,2060,2877,4
1789466585.7835321,2093,2879,4
1789466585.7856781,2132,2878,4
1789466585.787835,2062,2878,4
1789466585.790157,2132,2878,4
1789466585.79155,2439,2878,4
1789466585.79411,2083,2878,4
1789466585.796413,1815,2877,4
1789466585.7976692,1962,2877,4
1789466585.7998059,2207,2880,4
1789466585.8047428,2125,2879,4
1789466585.805213,1979,2878,4
1789466585.8073092,1975,2878,4
1789466585.80898,2077,2879,4
1789466585.810294,2127,2880,4
1789466585.8126478,1994,2877,4
1789466585.8152509,2087,2877,4
1789466585.817371,2217,2880,4
1789466585.8174999,2471,2880,4
1789466585.819826,2326,2878,4
1789466585.829164,2113,2878,4
1789466585.830109,2029,2878,4
1789466585.830977,2216,2880,4
1789466585.8317928,2124,2876,4
1789466585.8338492,1914,2877,4
1789466585.836649,2119,2876,4
1789466585.837043,2041,2877,4
1789466585.839348,1978,2875,4
1789466585.839554,2047,2879,4
1789466585.839649,2140,2877,4
1789466585.841752,2071,2879,4
1789466585.8441129,2128,2880,4
1789466585.846199,2145,2878,4
1789466585.847498,2137,2879,4
1789466585.8495831,2039,2878,4
1789466585.851943,2266,2880,4
1789466585.8543968,2090,2879,4
1789466585.85555,1984,2878,4
1789466585.858052,2271,2877,4
1789466585.86018,2219,2878,4
1789466585.862278,2087,2877,4
1789466585.8634791,2149,2878,4
1789466585.8657632,2181,2880,4
1789466585.867994,2209,2880,4
1789466585.870815,2158,2879,4
1789466585.875838,2006,2877,4
1789466585.8759758,2095,2878,4
1789466585.876401,2182,2879,4
1789466585.878429,1975,2877,4
1789466585.880182,2060,2879,4
1789466585.881906,2129,2877,4
1789466585.886251,2218,2879,4
1789466585.886366,2260,2878,4
1789466585.8882508,2178,2877,4
1789466585.8895779,2129,2877,4
1789466585.89252,2217,2878,4
1789466585.8970969,2233,2880,4
1789466585.89831,2046,2877,4
1789466585.898818,2253,2879,4
1789466585.901576,2140,2879,4
1789466585.902046,2238,2878,4
1789466585.904054,2171,2879,4
1789466585.907735,2051,2878,4
1789466585.9078941,2163,2879,4
1789466585.909993,2119,2879,4
1789466585.912514,2062,2877,4
1789466585.913816,2093,2878,4
1789466585.916053,2163,2879,4
1789466585.918323,2120,2879,4
1789466585.919638,2171,2879,4
1789466585.9217439,2110,2878,4
1789466585.9242508,2144,2879,4
1789466585.926589,2261,2880,4
1789466585.927885,2151,2881,4
1789466585.930198,2121,2877,4
1789466585.931493,2167,2880,4
1789466585.933642,2124,2880,4
1789466585.936193,2119,2878,4
1789466585.938273,2174,2879,4
1789466585.939569,2147,2880,4
1789466585.94165,2177,2879,4
1789466585.946147,2172,2881,4
1789466585.9462621,2026,2877,4
1789466585.948659,2125,2878,4
1789466585.951046,2160,2881,4
1789466585.9544032,2153,2879,4
1789466585.954537,2094,2879,4
1789466585.956906,2107,2878,4
1789466585.9591959,2170,2878,4
1789466585.960495,2189,2878,4
1789466585.96157,2125,2880,4
1789466585.967475,2143,2878,4
1789466585.967998,2210,2879,4
1789466585.9692218,2234,2880,4
1789466585.971919,2170,2878,4
1789466585.972369,2107,2878,4
1789466585.974078,2142,2878,4
1789466585.975786,2152,2878,4
1789466585.97789,2093,2880,4
1789466585.980174,2050,2877,4
1789466585.982677,2125,2877,4
1789466585.983982,2189,2879,4
1789466585.986668,2186,2878,4
1789466585.987926,2104,2878,4
1789466585.9902458,2069,2878,4
1789466585.99238,2123,2879,4
1789466585.993676,2080,2878,4
1789466585.9962418,2048,2877,4
1789466585.997555,2111,2877,4
1789466586.000114,2123,2877,4
1789466586.002806,2102,2879,4
1789466586.003872,2032,2878,4
1789466586.0062919,2044,2878,4
1789466586.0075898,2096,2879,4
1789466586.0097659,2133,2879,4
1789466586.0160499,2074,2877,4
1789466586.0173922,2055,2879,4
1789466586.0191061,2135,2878,4
1789466586.019261,2188,2880,4
1789466586.021281,2145,2879,4
1789466586.0231621,2099,2878,4
1789466586.024862,2102,2878,4
1789466586.027186,2144,2878,4
1789466586.029307,2075,2876,4
1789466586.030617,2100,2878,4
1789466586.031681,2103,2878,4
1789466586.037148,2096,2877,4
1789466586.037581,2052,2880,4
1789466586.037684,2072,2878,4
1789466586.03994,2095,2878,4
1789466586.042793,2091,2878,4
1789466586.0452962,2056,2879,4
1789466586.0474188,2002,2878,4
1789466586.047647,2093,2878,4
1789466586.050518,2171,2879,4
1789466586.05158,2128,2878,4
1789466586.054091,2074,2878,4
1789466586.056406,2082,2878,4
1789466586.0575202,2130,2878,4
1789466586.06004,2097,2879,4
1789466586.062609,2034,2878,4
1789466586.063908,2050,2877,4
1789466586.066466,2017,2878,4
1789466586.06753,2128,2879,4
1789466586.069616,2150,2878,4
1789466586.072174,2230,2878,4
1789466586.074247,2223,2878,4
1789466586.076449,2061,2879,4
1789466586.0777469,1926,2877,4
1789466586.0803,2037,2878,4
1789466586.085108,2026,2878,4
1789466586.086092,2157,2879,4
1789466586.0865548,2083,2878,4
1789466586.088258,1932,2877,4
1789466586.090383,1999,2878,4
1789466586.0915542,2116,2880,4
1789466586.09407,2055,2876,4
1789466586.09829,2054,2879,4
1789466586.098461,2047,2878,4
1789466586.099544,2056,2877,4
1789466586.105782,2152,2879,4
1789466586.106263,2096,2877,4
1789466586.1070552,2153,2878,4
1789466586.10889,2291,2878,4
1789466586.110802,2146,2878,4
1789466586.112688,2065,2876,4
1789466586.1140978,2385,2881,4
1789466586.116176,2222,2880,4
1789466586.118444,2631,2880,4
1789466586.119791,2334,2880,4
1789466586.121942,1429,2875,4
1789466586.1240551,1405,2875,4
1789466586.126362,1774,2877,4
1789466586.12742,1730,2877,4
1789466586.129986,1930,2877,4
1789466586.131467,1788,2877,4
1789466586.133758,1806,2876,4
1789466586.136075,1768,2877,4
1789466586.1383848,2080,2879,4
1789466586.139441,2149,2878,4
1789466586.1420019,2214,2879,4
1789466586.1443121,2131,2879,4
1789466586.145607,1883,2877,4
1789466586.1481411,1859,2878,4
1789466586.154263,2066,2876,4
1789466586.154818,2059,2879,4
1789466586.1553001,2139,2878,4
1789466586.157372,2260,2878,4
1789466586.1588311,2619,2879,4
1789466586.160171,2408,2879,4
1789466586.1627772,1466,2877,4
1789466586.1649642,1806,2877,4
1789466586.1667252,2108,2878,4
1789466586.1680279,2095,2877,4
1789466586.169365,1880,2878,4
1789466586.175622,1857,2877,4
1789466586.176137,1986,2878,4
1789466586.176237,2052,2878,4
1789466586.178142,1967,2878,4
1789466586.181542,2247,2878,4
1789466586.18165,2202,2878,4
1789466586.185333,1781,2878,4
1789466586.1854348,2418,2880,4
1789466586.188844,2178,2878,4
1789466586.189903,1961,2877,4
1789466586.192223,2084,2878,4
1789466586.193536,2046,2876,4
1789466586.195789,2308,2880,4
1789466586.198106,2075,2878,4
1789466586.2004192,1444,2877,4
1789466586.201472,2148,2877,4
1789466586.2039309,2380,2879,4
1789466586.206489,2015,2877,4
1789466586.207787,1986,2878,4
1789466586.210042,2053,2878,4
1789466586.2113762,2152,2877,4
1789466586.213705,2178,2878,4
1789466586.2162602,2150,2878,4
1789466586.217529,2288,2879,4
1789466586.2236512,2151,2878,4
1789466586.2241359,1079,2875,4
1789466586.224677,1861,2875,4
1789466586.226644,1562,2876,4
1789466586.229461,3030,2881,4
1789466586.229567,2820,2881,4
1789466586.232317,2583,2879,4
1789466586.2346392,2382,2879,4
1789466586.2365289,1593,2876,4
1789466586.237857,3030,2881,4
1789466586.240268,2548,2879,4
1789466586.246336,1729,2876,4
1789466586.2476249,2046,2879,4
1789466586.247869,2540,2880,4
1789466586.2480159,1797,2875,4
1789466586.249726,1636,2877,4
1789466586.256146,2210,2877,4
1789466586.256324,2260,2879,4
1789466586.2564359,1023,2876,4
1789466586.258723,3188,2882,4
1789466586.2599502,3112,2881,4
1789466586.2613719,2383,2879,4
1789466586.2636921,1803,2876,4
1789466586.2657568,2644,2880,4
1789466586.2683609,1994,2878,4
1789466586.269666,3150,2882,4
1789466586.272012,2408,2879,4
1789466586.273556,1930,2876,4
1789466586.2761211,1306,2876,4
1789466586.277418,421,2875,4
1789466586.279507,3580,2882,4
1789466586.282071,2853,2881,4
1789466586.283413,2667,2881,4
1789466586.286006,2282,2880,4
1789466586.288321,2322,2879,4
1789466586.289391,3039,2881,4
1789466586.295224,2508,2880,4
1789466586.296205,2177,2879,4
1789466586.297974,1134,2877,4
1789466586.2980921,2227,2878,4
1789466586.3000178,2086,2877,4
1789466586.3018408,2152,2878,4
1789466586.3035772,2912,2880,4
1789466586.3061278,2807,2880,4
1789466586.3079,2813,2879,4
1789466586.309504,2832,2881,4
1789466586.315666,2242,2877,4
1789466586.315799,2284,2877,4
1789466586.31667,1146,2877,4
1789466586.3187468,2505,2879,4
1789466586.32094,3065,2881,4
1789466586.322546,2860,2882,4
1789466586.324106,2311,2879,4
1789466586.3265998,2401,2879,4
1789466586.328279,2860,2880,4
1789466586.3296058,1876,2877,4
1789466586.331763,2726,2880,4
1789466586.334205,2086,2877,4
1789466586.335388,2656,2880,4
1789466586.337555,2608,2880,4
1789466586.339862,2104,2878,4
1789466586.342169,2217,2878,4
1789466586.343393,2487,2880,4
1789466586.345696,2847,2880,4
1789466586.348018,3124,2882,4
1789466586.3494122,1663,2877,4
1789466586.3517911,1819,2877,4
1789466586.3540218,2511,2880,4
1789466586.355402,2258,2879,4
1789466586.3579662,2105,2878,4
1789466586.3603048,2537,2880,4
1789466586.364584,2414,2879,4
1789466586.365129,2862,2881,4
1789466586.3678122,2831,2881,4
1789466586.367981,2687,2880,4
1789466586.370055,2426,2879,4
1789466586.3714108,2470,2880,4
1789466586.3757281,2154,2877,4
1789466586.3758562,2480,2879,4
1789466586.377503,3227,2882,4
1789466586.3798232,2858,2882,4
1789466586.388492,2435,2880,4
1789466586.388716,2562,2879,4
1789466586.3899992,1770,2877,4
1789466586.3907478,1767,2876,4
1789466586.390903,1642,2877,4
1789466586.392458,1324,2875,4
1789466586.396631,1706,2876,4
1789466586.396957,1953,2878,4
1789466586.398913,1741,2876,4
1789466586.400099,1952,2877,4
1789466586.401403,2679,2881,4
1789466586.403741,2359,2880,4
1789466586.406056,2024,2877,4
1789466586.4073951,1822,2877,4
1789466586.4098098,1761,2876,4
1789466586.412353,1462,2877,4
1789466586.41365,1954,2876,4
1789466586.416204,1441,2876,4
1789466586.4184809,1694,2876,4
1789466586.419785,1444,2876,4
1789466586.422127,1529,2877,4
1789466586.4234219,1390,2877,4
1789466586.425863,1533,2877,4
1789466586.428092,1366,2877,4
1789466586.434218,1633,2876,4
1789466586.434795,1482,2875,4
1789466586.435821,1280,2876,4
1789466586.4371781,1724,2875,4
1789466586.439084,1006,2875,4
1789466586.440664,1653,2877,4
1789466586.442291,2106,2879,4
1789466586.4472451,2374,2879,4
1789466586.44749,2302,2880,4
1789466586.44753,1160,2877,4
1789466586.4500968,1095,2876,4
1789466586.455594,2007,2878,4
1789466586.456208,2388,2880,4
1789466586.456667,1645,2876,4
1789466586.458297,992,2876,4
1789466586.45999,1680,2875,4
1789466586.4637911,1337,2876,4
1789466586.4639518,1344,2877,4
1789466586.4667048,1396,2877,4
1789466586.469033,1705,2876,4
1789466586.470088,2306,2879,4
1789466586.4714031,1846,2876,4
1789466586.473481,2001,2878,4
1789466586.4757938,1466,2876,4
1789466586.478344,2052,2876,4
1789466586.4796338,2134,2877,4
1789466586.4817631,1604,2875,4
1789466586.48409,1661,2875,4
1789466586.4853928,1297,2876,4
1789466586.487869,1372,2876,4
1789466586.4903948,2383,2878,4
1789466586.491449,2306,2879,4
1789466586.493838,2044,2879,4
1789466586.4959118,1848,2876,4
1789466586.4982882,2157,2877,4
1789466586.503218,2255,2878,4
1789466586.504149,2314,2881,4
1789466586.504585,2091,2876,4
1789466586.506112,2598,2880,4
1789466586.507835,2015,2878,4
1789466586.510186,2066,2877,4
1789466586.5117528,2162,2878,4
1789466586.5147882,2164,2876,4
1789466586.5167859,2447,2881,4
1789466586.5180879,2460,2881,4
1789466586.5196302,2441,2879,4
1789466586.52558,2135,2878,4
1789466586.526454,1933,2878,4
1789466586.526828,1873,2876,4
1789466586.528386,2301,2879,4
1789466586.531015,1908,2877,4
1789466586.5338519,2115,2877,4
1789466586.534019,2347,2879,4
1789466586.5368161,2070,2877,4
1789466586.538841,1992,2877,4
1789466586.5398982,2087,2878,4
1789466586.542217,2729,2880,4
1789466586.543523,1463,2876,4
1789466586.545598,1168,2877,4
1789466586.547922,2032,2877,4
1789466586.5502431,1986,2876,4
1789466586.5515451,1859,2876,4
1789466586.554037,1769,2877,4
1789466586.5563562,1614,2876,4
1789466586.557651,999,2875,4
1789466586.5602188,1398,2875,4
1789466586.561528,1970,2877,4
1789466586.563606,2036,2877,4
1789466586.565919,1968,2876,4
1789466586.5682209,2098,2879,4
1789466586.573243,2011,2878,4
1789466586.573707,1975,2878,4
1789466586.5742102,2209,2878,4
1789466586.576273,2399,2878,4
1789466586.5782678,2128,2876,4
1789466586.579919,1942,2877,4
1789466586.581731,2355,2880,4
1789466586.584647,2187,2879,4
1789466586.586783,2180,2878,4
1789466586.588089,2122,2878,4
1789466586.589389,2268,2878,4
1789466586.5939379,2234,2879,4
1789466586.594295,2551,2881,4
1789466586.596282,2198,2880,4
1789466586.597895,1944,2877,4
1789466586.601121,2773,2881,4
1789466586.6039412,1959,2878,4
1789466586.6040719,1663,2876,4
1789466586.605671,1889,2877,4
1789466586.608001,1745,2877,4
1789466586.610315,2147,2880,4
1789466586.611376,1930,2876,4
1789466586.613801,2165,2878,4
1789466586.616131,2217,2879,4
1789466586.618436,1867,2876,4
1789466586.619497,2229,2879,4
1789466586.621801,2470,2880,4
1789466586.623868,2545,2879,4
1789466586.626261,2540,2879,4
1789466586.627319,3243,2881,4
1789466586.629728,2323,2879,4
1789466586.632052,1688,2877,4
1789466586.634114,2313,2880,4
1789466586.635426,1672,2877,4
1789466586.6399832,2236,2879,4
1789466586.64094,2562,2880,4
1789466586.643191,2490,2880,4
1789466586.6451101,1970,2878,4
1789466586.6473432,2110,2879,4
1789466586.648751,2623,2881,4
1789466586.651984,3143,2881,4
1789466586.6521049,2828,2881,4
1789466586.654146,2091,2877,4
1789466586.6553888,1680,2878,4
1789466586.6577249,1854,2877,4
1789466586.661866,1914,2876,4
1789466586.662313,1962,2879,4
1789466586.664952,1829,2876,4
1789466586.666739,1788,2875,4
1789466586.668638,2022,2879,4
1789466586.6704519,2191,2879,4
1789466586.67381,2651,2880,4
1789466586.673953,2429,2879,4
1789466586.675974,1995,2876,4
1789466586.67731,2432,2880,4
1789466586.679748,2391,2880,4
1789466586.68215,2377,2878,4
1789466586.683264,1725,2876,4
1789466586.685598,2069,2877,4
1789466586.688117,1892,2877,4
1789466586.689417,2367,2880,4
1789466586.691971,2553,2879,4
1789466586.694348,2108,2878,4
1789466586.6953979,1930,2876,4
1789466586.6979468,1865,2877,4
1789466586.700263,2162,2877,4
1789466586.70132,2240,2879,4
1789466586.7038798,2034,2876,4
1789466586.706253,2190,2879,4
1789466586.7075999,2186,2879,4
1789466586.712662,2120,2878,4
1789466586.713233,1982,2877,4
1789466586.713724,2011,2877,4
1789466586.716526,2082,2877,4
1789466586.71789,2204,2879,4
1789466586.7202759,2246,2878,4
1789466586.723559,2271,2880,4
1789466586.723732,2332,2878,4
1789466586.7259562,2226,2879,4
1789466586.728031,2096,2879,4
1789466586.729334,1739,2877,4
1789466586.7347999,2514,2881,4
1789466586.7352908,2328,2879,4
1789466586.735425,2004,2876,4
1789466586.7375,1872,2876,4
1789466586.740412,1782,2876,4
1789466586.742805,1915,2876,4
1789466586.7458858,1917,2875,4
1789466586.7460191,1765,2877,4
1789466586.7480252,1899,2877,4
1789466586.7493289,2051,2877,4
1789466586.752078,2070,2879,4
1789466586.7534342,2096,2879,4
1789466586.756015,2166,2879,4
1789466586.758083,2026,2878,4
1789466586.759375,2036,2876,4
1789466586.7616792,1941,2878,4
1789466586.764074,1929,2877,4
1789466586.7653692,1902,2876,4
1789466586.7674398,2008,2876,4
1789466586.769747,2019,2879,4
1789466586.771843,1883,2875,4
1789466586.774157,1974,2878,4
1789466586.775269,2015,2878,4
1789466586.7812731,1851,2877,4
1789466586.781739,1825,2878,4
1789466586.782497,1909,2877,4
1789466586.783979,2004,2877,4
1789466586.785943,1779,2875,4
1789466586.7874272,2031,2878,4
1789466586.7921312,1981,2878,4
1789466586.792279,1878,2876,4
1789466586.793867,1884,2877,4
1789466586.796173,1743,2877,4
1789466586.7974699,1841,2877,4
1789466586.799787,1944,2877,4
1789466586.8023412,1917,2877,4
1789466586.803391,1901,2878,4
1789466586.805693,1876,2877,4
1789466586.807999,1878,2876,4
1789466586.8092911,1937,2876,4
1789466586.8116,1935,2876,4
1789466586.813662,1973,2877,4
1789466586.815972,2163,2876,4
1789466586.817261,2262,2879,4
1789466586.819562,2052,2878,4
1789466586.821874,1707,2875,4
1789466586.8267279,2009,2878,4
1789466586.8271701,2050,2878,4
1789466586.827633,2009,2877,4
1789466586.83081,1813,2879,4
1789466586.83267,1418,2876,4
1789466586.836926,1291,2877,4
1789466586.837065,1654,2876,4
1789466586.839067,1661,2877,4
1789466586.8403132,1750,2876,4
1789466586.8413708,1779,2876,4
1789466586.843919,1941,2878,4
1789466586.8452559,1947,2877,4
1789466586.847809,2196,2876,4
1789466586.850102,2330,2879,4
1789466586.851393,2078,2877,4
1789466586.85394,2047,2878,4
1789466586.856069,1935,2877,4
1789466586.857373,1995,2879,4
1789466586.859924,1999,2879,4
1789466586.862313,1715,2877,4
1789466586.86337,1816,2876,4
1789466586.865677,1986,2877,4
1789466586.868068,1978,2876,4
1789466586.872991,2045,2878,4
1789466586.874444,2150,2878,4
1789466586.874649,2047,2878,4
1789466586.876826,2016,2878,4
1789466586.878048,2107,2878,4
1789466586.8826292,2183,2879,4
1789466586.882954,2095,2877,4
1789466586.884887,2203,2880,4
1789466586.885952,2104,2880,4
1789466586.888085,2000,2879,4
1789466586.8922298,2239,2878,4
1789466586.8926349,1933,2878,4
1789466586.8947682,1987,2877,4
1789466586.896226,1857,2878,4
1789466586.8980548,1820,2878,4
1789466586.899693,1965,2878,4
1789466586.902736,2077,2877,4
1789466586.904459,1905,2876,4
1789466586.9057689,1879,2877,4
1789466586.908135,2103,2877,4
1789466586.9093802,2118,2878,4
1789466586.911932,2016,2876,4
1789466586.9141812,1987,2877,4
1789466586.915231,2212,2878,4
1789466586.9173062,2199,2880,4
1789466586.919797,2112,2879,4
1789466586.922372,2015,2877,4
1789466586.923425,1883,2876,4
1789466586.9255521,2142,2877,4
1789466586.927862,2117,2878,4
1789466586.9301188,2100,2876,4
1789466586.93123,2293,2879,4
1789466586.933419,2015,2877,4
1789466586.938509,2110,2878,4
1789466586.939371,2005,2875,4
1789466586.939947,1845,2876,4
1789466586.941459,2126,2879,4
1789466586.944313,2169,2878,4
1789466586.946653,1870,2878,4
1789466586.949873,1983,2878,4
1789466586.950028,2053,2876,4
1789466586.9519548,1902,2877,4
1789466586.9542851,1930,2877,4
1789466586.955615,2070,2878,4
1789466586.960166,2213,2879,4
1789466586.9611452,1980,2878,4
1789466586.963076,1827,2876,4
1789466586.964947,1904,2876,4
1789466586.966509,2153,2878,4
1789466586.970763,2475,2879,4
1789466586.97144,2657,2879,4
1789466586.9719338,2362,2879,4
1789466586.973705,1942,2878,4
1789466586.976021,1777,2876,4
1789466586.9783459,1814,2877,4
1789466586.979491,1954,2879,4
1789466586.982042,1998,2878,4
1789466586.9841018,1909,2877,4
1789466586.9854012,2007,2878,4
1789466586.9879522,2095,2877,4
1789466586.989244,2076,2877,4
1789466586.991796,2178,2878,4
1789466586.9939609,2227,2879,4
1789466586.996263,2136,2877,4
1789466586.9975538,2174,2878,4
1789466587.000108,2106,2878,4
1789466587.0014012,2013,2879,4
1789466587.007127,2041,2879,4
1789466587.007521,2018,2877,4
1789466587.008675,2088,2878,4
1789466587.011274,2174,2878,4
1789466587.012068,2145,2878,4
1789466587.0135949,2111,2877,4
1789466587.0178308,2141,2878,4
1789466587.018013,2123,2879,4
1789466587.0196302,2022,2878,4
1789466587.021954,1901,2877,4
1789466587.023272,1955,2878,4
1789466587.025589,2093,2879,4
1789466587.028139,2036,2877,4
1789466587.02943,2026,2878,4
1789466587.031968,2037,2879,4
1789466587.0332632,2088,2877,4
1789466587.035809,2101,2879,4
1789466587.0379462,2052,2877,4
1789466587.04025,2109,2878,4
1789466587.0412931,2199,2878,4
1789466587.043842,2196,2880,4
1789466587.045902,2032,2877,4
1789466587.0482152,1998,2878,4
1789466587.053001,2095,2877,4
1789466587.0538518,1975,2877,4
1789466587.055496,2065,2878,4
1789466587.055649,2014,2877,4
1789466587.058471,2047,2877,4
1789466587.060351,2136,2879,4
1789466587.0633721,2095,2880,4
1789466587.063482,2037,2877,4
1789466587.0662851,2087,2878,4
1789466587.0673332,2048,2877,4
1789466587.06964,1989,2877,4
1789466587.071983,1965,2878,4
1789466587.0742269,1944,2877,4
1789466587.075286,2006,2878,4
1789466587.077486,1978,2875,4
1789466587.0800362,2095,2877,4
1789466587.0813272,2257,2880,4
1789466587.0834382,2445,2880,4
1789466587.0859861,2489,2880,4
1789466587.0872881,1768,2876,4
1789466587.089841,1692,2876,4
1789466587.091933,1946,2875,4
1789466587.093236,1951,2877,4
1789466587.0978591,1882,2878,4
1789466587.0979772,2033,2878,4
1789466587.100449,2017,2878,4
1789466587.102168,1996,2878,4
1789466587.103953,1935,2875,4
1789466587.1052842,2051,2877,4
1789466587.108365,2291,2881,4
1789466587.110049,2184,2878,4
1789466587.111358,1994,2876,4
1789466587.113914,1907,2877,4
1789466587.115226,1930,2877,4
1789466587.117582,2011,2877,4
1789466587.119901,2130,2879,4
1789466587.121196,2114,2879,4
1789466587.1233091,2038,2878,4
1789466587.125757,2127,2878,4
1789466587.128309,2094,2879,4
1789466587.1293702,2032,2877,4
1789466587.131916,1980,2877,4
1789466587.134235,2000,2877,4
1789466587.1355252,2219,2879,4
1789466587.137831,2080,2878,4
1789466587.142911,2102,2879,4
1789466587.143033,2065,2878,4
1789466587.145344,1974,2875,4
1789466587.1455061,1923,2877,4
1789466587.1481159,1994,2878,4
1789466587.1504252,2008,2877,4
1789466587.153493,2028,2877,4
1789466587.153645,2068,2878,4
1789466587.155628,2078,2879,4
1789466587.1579452,2115,2878,4
1789466587.159241,2477,2879,4
1789466587.1615539,2225,2880,4
1789466587.1641128,2263,2880,4
1789466587.16533,2212,2880,4
1789466587.167647,2003,2877,4
1789466587.1701329,1742,2877,4
1789466587.171423,1727,2876,4
1789466587.173973,1845,2875,4
1789466587.175204,1968,2879,4
1789466587.177753,1850,2876,4
1789466587.179159,1769,2876,4
1789466587.181243,1948,2877,4
1789466587.18379,2047,2876,4
1789466587.188742,2160,2879,4
1789466587.1897962,2163,2878,4
1789466587.190298,2132,2878,4
1789466587.1932302,2143,2880,4
1789466587.19369,2048,2879,4
1789466587.196486,1992,2877,4
1789466587.1993961,2056,2877,4
1789466587.199569,2164,2881,4
1789466587.2015092,2283,2879,4
1789466587.203813,2186,2878,4
1789466587.205168,2227,2879,4
1789466587.209105,2318,2879,4
1789466587.2098749,1908,2876,4
1789466587.211671,1729,2877,4
1789466587.21475,1781,2877,4
1789466587.216415,1941,2877,4
1789466587.2194948,2010,2877,4
1789466587.219738,1878,2875,4
1789466587.2215009,1921,2879,4
1789466587.224064,2020,2877,4
1789466587.225274,2191,2878,4
1789466587.2275882,2139,2879,4
1789466587.229707,2117,2877,4
1789466587.23177,2220,2877,4
1789466587.2343192,2153,2878,4
1789466587.23536,2129,2879,4
1789466587.237772,2031,2878,4
1789466587.239118,2071,2877,4
1789466587.2416692,2028,2877,4
1789466587.244218,2063,2879,4
1789466587.2455099,2015,2878,4
1789466587.2480571,1976,2878,4
1789466587.2681768,2050,2878,4
1789466587.268219,1997,2878,4
1789466587.2685518,1904,2876,4
1789466587.268679,1985,2879,4
1789466587.268713,1994,2878,4
1789466587.268744,2086,2877,4
1789466587.2692978,1996,2875,4
1789466587.2693381,2159,2879,4
1789466587.2693708,2134,2878,4
1789466587.269402,2168,2879,4
1789466587.269432,2088,2878,4
1789466587.271847,2085,2878,4
1789466587.2822871,2027,2878,4
1789466587.283985,2046,2878,4
1789466587.2840571,1953,2877,4
1789466587.2841,1989,2877,4
1789466587.2841349,2108,2878,4
1789466587.284344,2024,2877,4
1789466587.28561,2072,2879,4
1789466587.287732,2176,2879,4
1789466587.290092,2104,2877,4
1789466587.329889,2096,2878,4
1789466587.329945,2109,2879,4
1789466587.3299809,2133,2879,4
1789466587.3300412,2074,2877,4
1789466587.330076,2216,2880,4
1789466587.330366,2184,2878,4
1789466587.330457,2158,2879,4
1789466587.330492,2117,2878,4
1789466587.330525,2081,2879,4
1789466587.3305569,2180,2877,4
1789466587.3305888,2121,2879,4
1789466587.330621,2067,2877,4
1789466587.330653,2120,2877,4
1789466587.330684,2172,2879,4
1789466587.330716,2157,2878,4
1789466587.330747,2158,2878,4
1789466587.3307788,2093,2878,4
1789466587.3308108,2184,2879,4
1789466587.330842,2079,2879,4
1789466587.3308742,2144,2879,4
1789466587.3328261,2138,2877,4
1789466587.334214,2155,2879,4
1789466587.3364449,2201,2879,4
1789466587.337763,2153,2878,4
1789466587.340096,2188,2878,4
1789466587.341232,2188,2878,4
1789466587.343331,2214,2879,4
1789466587.346457,2012,2877,4
1789466587.364473,2123,2877,4
1789466587.364531,2195,2879,4
1789466587.3645692,2183,2879,4
1789466587.364605,2141,2879,4
1789466587.36464,2093,2878,4
1789466587.364674,1939,2876,4
1789466587.364867,2214,2879,4
1789466587.3649018,2033,2877,4
1789466587.3649359,2059,2878,4
1789466587.366465,2082,2876,4
1789466587.3716412,2028,2876,4
1789466587.3721302,2048,2878,4
1789466587.372671,2170,2878,4
1789466587.374509,2163,2878,4
1789466587.377294,2181,2878,4
1789466587.377758,2133,2879,4
1789466587.379182,2126,2877,4
1789466587.383553,2116,2878,4
1789466587.383747,2165,2877,4
1789466587.38606,1993,2877,4
1789466587.387344,2128,2879,4
1789466587.389744,2038,2877,4
1789466587.3911622,2181,2878,4
1789466587.3932538,2222,2878,4
1789466587.395336,2101,2879,4
1789466587.397658,2125,2878,4
1789466587.40021,2169,2878,4
1789466587.401508,2245,2880,4
1789466587.404067,2186,2878,4
1789466587.405128,1933,2877,4
1789466587.40769,1834,2876,4
1789466587.409912,2113,2879,4
1789466587.4119658,2253,2879,4
1789466587.414293,2053,2877,4
1789466587.415343,2010,2877,4
1789466587.417417,2137,2877,4
1789466587.422786,2129,2879,4
1789466587.423284,2115,2878,4
1789466587.4234061,1952,2876,4
1789466587.42539,2058,2878,4
1789466587.4294531,2032,2878,4
1789466587.4307919,2073,2879,4
1789466587.4335308,2115,2879,4
1789466587.433857,2188,2879,4
1789466587.4359958,2242,2880,4
1789466587.4372962,2241,2879,4
1789466587.439744,2189,2878,4
1789466587.4438322,2182,2878,4
1789466587.443936,2122,2879,4
1789466587.4460669,2007,2876,4
1789466587.4476979,1647,2877,4
1789466587.451186,2130,2877,4
1789466587.454441,2227,2880,4
1789466587.456307,2201,2878,4
1789466587.4565618,2133,2878,4
1789466587.457867,2172,2879,4
1789466587.4601972,2194,2878,4
1789466587.461499,2146,2879,4
1789466587.463817,1960,2877,4
1789466587.466145,1925,2876,4
1789466587.467208,2174,2879,4
1789466587.4693718,2129,2879,4
1789466587.471691,2088,2879,4
1789466587.474009,2133,2877,4
1789466587.475306,2210,2878,4
1789466587.477859,2103,2879,4
1789466587.4803112,2234,2880,4
1789466587.481604,2278,2879,4
1789466587.483915,2081,2876,4
1789466587.486203,2065,2877,4
1789466587.490936,2056,2878,4
1789466587.4915252,1792,2875,4
1789466587.491602,2063,2878,4
1789466587.4939609,2086,2878,4
1789466587.4957619,1805,2875,4
1789466587.497702,2058,2876,4
1789466587.499516,2432,2879,4
1789466587.502074,2182,2879,4
1789466587.504216,2279,2879,4
1789466587.505523,2169,2878,4
1789466587.508063,1845,2876,4
1789466587.512446,2003,2876,4
1789466587.512595,1882,2877,4
1789466587.514385,2052,2877,4
1789466587.5160651,2013,2877,4
1789466587.5179222,2055,2878,4
1789466587.5197608,2019,2879,4
1789466587.522159,2035,2879,4
1789466587.524359,2052,2878,4
1789466587.5254312,2194,2879,4
1789466587.527617,2165,2879,4
1789466587.529939,2114,2879,4
1789466587.5312471,2094,2877,4
1789466587.5335622,2111,2879,4
1789466587.5357828,2155,2878,4
1789466587.5370939,2122,2878,4
1789466587.539555,2109,2878,4
1789466587.541627,2178,2879,4
1789466587.543936,2202,2879,4
1789466587.5452302,2049,2878,4
1789466587.547783,2044,2877,4
1789466587.549079,2119,2877,4
1789466587.551657,2136,2880,4
1789466587.553063,2065,2879,4
1789466587.5597801,2031,2877,4
1789466587.559924,2136,2879,4
1789466587.560748,2225,2879,4
1789466587.562452,2147,2879,4
1789466587.564066,2115,2877,4
1789466587.565783,2146,2878,4
1789466587.5678568,2149,2880,4
1789466587.570295,2144,2878,4
1789466587.572097,2078,2878,4
1789466587.5734038,2041,2877,4
1789466587.579605,2114,2879,4
1789466587.579701,2125,2879,4
1789466587.580559,2039,2877,4
1789466587.582436,2044,2878,4
1789466587.584429,2124,2878,4
1789466587.588219,2130,2878,4
1789466587.588367,2081,2878,4
1789466587.5908742,2053,2878,4
1789466587.5926669,2065,2878,4
1789466587.593795,2148,2878,4
1789466587.5950909,2068,2877,4
1789466587.597644,2080,2878,4
1789466587.599854,2125,2879,4
1789466587.601148,2134,2879,4
1789466587.603717,2100,2878,4
1789466587.605066,2082,2877,4
1789466587.607625,2092,2877,4
1789466587.609022,2152,2878,4
1789466587.61133,2141,2880,4
1789466587.613881,2063,2878,4
1789466587.6150458,2105,2878,4
1789466587.6176078,2091,2877,4
1789466587.618996,2123,2879,4
1789466587.621311,2040,2878,4
1789466587.6237938,2042,2877,4
1789466587.6288462,2057,2879,4
1789466587.629001,2088,2878,4
1789466587.629119,2032,2877,4
1789466587.632821,2054,2877,4
1789466587.634557,2093,2879,4
1789466587.636273,2151,2880,4
1789466587.638537,2117,2878,4
1789466587.640651,2078,2878,4
1789466587.641957,2048,2879,4
1789466587.6430342,2141,2879,4
1789466587.648748,2030,2876,4
1789466587.6495922,1991,2878,4
1789466587.6508229,2063,2878,4
1789466587.6528509,2091,2878,4
1789466587.6547031,2128,2877,4
1789466587.658099,2077,2877,4
1789466587.658237,2120,2877,4
1789466587.660336,2134,2879,4
1789466587.661637,2038,2876,4
1789466587.6630201,2004,2877,4
1789466587.665597,2057,2878,4
1789466587.668159,2136,2877,4
1789466587.669471,2122,2878,4
1789466587.672436,2070,2877,4
1789466587.675113,2023,2878,4
1789466587.675158,2064,2878,4
1789466587.676991,2132,2879,4
1789466587.679486,2027,2877,4
1789466587.6818078,2089,2878,4
1789466587.684306,2127,2878,4
1789466587.685724,2115,2879,4
1789466587.6870232,2079,2878,4
1789466587.689112,2045,2879,4
1789466587.691227,2064,2877,4
1789466587.696692,2108,2878,4
1789466587.697566,2058,2876,4
1789466587.698097,2029,2878,4
1789466587.699876,2055,2878,4
1789466587.7018108,2080,2877,4
1789466587.7039099,2059,2878,4
1789466587.705305,1989,2877,4
1789466587.7075672,1995,2877,4
1789466587.7093408,2037,2878,4
1789466587.7119172,2015,2877,4
1789466587.7133272,1969,2879,4
1789466587.717751,2010,2878,4
1789466587.7181902,2045,2877,4
1789466587.7204711,2029,2877,4
1789466587.7226071,2021,2878,4
1789466587.724319,2015,2877,4
1789466587.7260191,2051,2878,4
1789466587.7281039,2114,2878,4
1789466587.730243,2016,2877,4
1789466587.7315588,2013,2878,4
1789466587.733887,2143,2878,4
1789466587.735187,2134,2879,4
1789466587.737632,2069,2877,4
1789466587.739698,2011,2878,4
1789466587.741039,2014,2878,4
1789466587.743423,2068,2878,4
1789466587.7458801,2010,2877,4
1789466587.747173,1986,2878,4
1789466587.749491,2022,2878,4
1789466587.751797,2041,2876,4
1789466587.753092,2043,2879,4
1789466587.755405,2007,2877,4
1789466587.7577238,1984,2877,4
1789466587.759872,2058,2878,4
1789466587.760994,2013,2876,4
1789466587.7653928,1967,2878,4
1789466587.7658591,2005,2878,4
1789466587.767081,2048,2878,4
1789466587.7706282,2042,2876,4
1789466587.77217,2059,2879,4
1789466587.7736828,2019,2878,4
1789466587.7757282,2065,2878,4
1789466587.7778728,2075,2879,4
1789466587.7791722,1969,2876,4
1789466587.781693,2000,2878,4
1789466587.7853389,2075,2878,4
1789466587.785801,2099,2878,4
1789466587.787835,2064,2878,4
1789466587.7897222,2047,2878,4
1789466587.791581,2015,2877,4
1789466587.7947981,2107,2878,4
1789466587.7968671,2020,2877,4
1789466587.798203,1994,2877,4
1789466587.799503,2059,2878,4
1789466587.802067,2100,2877,4
1789466587.803364,2088,2879,4
1789466587.805919,2073,2877,4
1789466587.80702,2048,2877,4
1789466587.8090901,2093,2878,4
1789466587.811405,2047,2879,4
1789466587.813956,2018,2877,4
1789466587.815006,2080,2877,4
1789466587.817555,2109,2878,4
1789466587.820107,2095,2879,4
1789466587.82115,2038,2878,4
1789466587.8237,1992,2877,4
1789466587.8250089,2083,2878,4
1789466587.8272262,2094,2878,4
1789466587.833091,2013,2877,4
1789466587.8347242,2022,2878,4
1789466587.8362172,2099,2878,4
1789466587.8363671,2096,2878,4
1789466587.8380642,2106,2879,4
1789466587.84006,2077,2878,4
1789466587.842083,2093,2878,4
1789466587.84378,2125,2878,4
1789466587.845089,2061,2876,4
1789466587.847936,2029,2878,4
1789466587.851918,2084,2877,4
1789466587.8535419,2154,2879,4
1789466587.854987,2115,2879,4
1789466587.855338,2073,2877,4
1789466587.8579159,2070,2877,4
1789466587.862081,2177,2878,4
1789466587.86235,2222,2879,4
1789466587.8647192,2212,2880,4
1789466587.865802,2280,2880,4
1789466587.867111,2329,2879,4
1789466587.8695402,2300,2879,4
1789466587.871609,2323,2879,4
1789466587.8741918,2283,2879,4
1789466587.875487,2271,2878,4
1789466587.877567,2272,2880,4
1789466587.879893,2190,2880,4
1789466587.88221,2215,2879,4
1789466587.883264,2292,2880,4
1789466587.8856409,2318,2879,4
1789466587.8879519,2276,2878,4
1789466587.888997,2225,2878,4
1789466587.8910668,2206,2878,4
1789466587.89362,2271,2878,4
1789466587.8999941,2170,2879,4
1789466587.900146,2091,2876,4
1789466587.9021199,2081,2876,4
1789466587.902467,2137,2879,4
1789466587.904365,2078,2878,4
1789466587.905976,2014,2878,4
1789466587.907709,1962,2879,4
1789466587.9095922,2034,2878,4
1789466587.911765,1955,2877,4
1789466587.913085,1927,2877,4
1789466587.915668,1930,2878,4
1789466587.9195762,1986,2877,4
1789466587.919704,2024,2877,4
1789466587.922357,1982,2878,4
1789466587.9242082,1949,2877,4
1789466587.925787,1990,2878,4
1789466587.927532,2011,2878,4
1789466587.929735,1930,2877,4
1789466587.932111,1902,2879,4
1789466587.9334211,1976,2877,4
1789466587.93598,1997,2877,4
1789466587.9370399,1981,2875,4
1789466587.939116,1962,2878,4
1789466587.9414358,1988,2877,4
1789466587.943676,2081,2878,4
1789466587.944989,2025,2875,4
1789466587.947552,1998,2877,4
1789466587.95011,2020,2878,4
1789466587.95116,2083,2877,4
1789466587.95347,2093,2879,4
1789466587.956031,2057,2879,4
1789466587.957095,2021,2877,4
1789466587.959407,2071,2878,4
1789466587.961716,2084,2878,4
1789466587.9672031,2050,2876,4
1789466587.967699,2073,2878,4
1789466587.968222,2087,2878,4
1789466587.96992,2118,2879,4
1789466587.9719172,2039,2878,4
1789466587.973569,2003,2878,4
1789466587.97533,2036,2877,4
1789466587.977555,2058,2878,4
1789466587.979554,1981,2876,4
1789466587.981643,2019,2877,4
1789466587.983187,2042,2877,4
1789466587.987123,2025,2877,4
1789466587.987564,2008,2876,4
1789466587.989814,2008,2877,4
1789466587.992267,1974,2877,4
1789466587.993574,2053,2878,4
1789466587.995334,2000,2876,4
1789466587.997549,1975,2878,4
1789466587.999627,2025,2879,4
1789466588.00177,2043,2878,4
1789466588.002912,2022,2876,4
1789466588.005153,1989,2876,4
1789466588.007518,1968,2877,4
1789466588.009818,2044,2878,4
1789466588.0109289,2013,2878,4
1789466588.013491,1972,2877,4
1789466588.0158222,1982,2878,4
1789466588.017123,2032,2878,4
1789466588.019209,2085,2877,4
1789466588.021715,2058,2878,4
1789466588.024019,2001,2878,4
1789466588.025084,2015,2877,4
1789466588.027151,2031,2878,4
1789466588.029221,1936,2876,4
1789466588.031901,1965,2876,4
1789466588.036526,2085,2878,4
1789466588.037013,2113,2879,4
1789466588.0375512,2105,2876,4
1789466588.039737,2095,2878,4
1789466588.041389,2076,2877,4
1789466588.0473092,2148,2878,4
1789466588.04745,2059,2878,4
1789466588.0477388,2017,2876,4
1789466588.050096,2042,2878,4
1789466588.051169,2073,2878,4
1789466588.0537379,1988,2877,4
1789466588.054888,1956,2876,4
1789466588.061339,1949,2878,4
1789466588.061907,2004,2877,4
1789466588.062392,2027,2878,4
1789466588.0638762,1982,2877,4
1789466588.065535,1974,2878,4
1789466588.0671859,1990,2878,4
1789466588.071522,2011,2877,4
1789466588.071775,1983,2877,4
1789466588.073725,1960,2878,4
1789466588.075038,1960,2877,4
1789466588.0773509,2007,2878,4
1789466588.0799391,1921,2876,4
1789466588.081218,1879,2877,4
1789466588.083832,1923,2878,4
1789466588.084951,1996,2878,4
1789466588.087151,2011,2877,4
1789466588.0894852,1994,2879,4
1789466588.091558,1931,2877,4
1789466588.093885,2039,2877,4
1789466588.094948,2003,2876,4
1789466588.097533,1920,2876,4
1789466588.099631,1961,2878,4
1789466588.10093,2007,2878,4
1789466588.103483,2005,2876,4
1789466588.1058571,1963,2876,4
1789466588.111177,1944,2877,4
1789466588.111725,2010,2878,4
1789466588.1122692,1997,2878,4
1789466588.1142972,1928,2876,4
1789466588.116401,1930,2876,4
1789466588.117888,2023,2878,4
1789466588.122535,2054,2878,4
1789466588.122794,2007,2877,4
1789466588.122985,1933,2876,4
1789466588.125741,1961,2877,4
1789466588.126922,2043,2878,4
1789466588.133666,1978,2876,4
1789466588.1338098,1942,2877,4
1789466588.134625,2002,2878,4
1789466588.136138,2044,2878,4
1789466588.13823,2035,2878,4
1789466588.139641,1998,2878,4
1789466588.141831,1953,2877,4
1789466588.143849,2027,2877,4
1789466588.146116,1968,2875,4
1789466588.147427,1946,2877,4
1789466588.149983,1942,2878,4
1789466588.151053,1988,2878,4
1789466588.153586,1982,2877,4
1789466588.1559732,1981,2876,4
1789466588.1572711,1947,2878,4
1789466588.15936,2052,2877,4
1789466588.1619232,2003,2878,4
1789466588.163222,1916,2876,4
1789466588.165778,1954,2878,4
1789466588.1670709,2049,2878,4
1789466588.169317,2057,2876,4
1789466588.171632,1981,2876,4
1789466588.172927,1950,2878,4
1789466588.1752582,1981,2878,4
1789466588.177515,2040,2877,4
1789466588.1827378,1937,2876,4
1789466588.183223,1929,2876,4
1789466588.1836832,1998,2878,4
1789466588.185668,2081,2878,4
1789466588.1878998,2048,2877,4
1789466588.189518,1984,2879,4
1789466588.191354,1956,2877,4
1789466588.1932669,2042,2877,4
1789466588.195392,1987,2876,4
1789466588.197949,1946,2877,4
1789466588.2028039,1985,2878,4
1789466588.203286,2041,2878,4
1789466588.204122,2025,2877,4
1789466588.2057412,2026,2878,4
1789466588.207683,1967,2877,4
1789466588.209564,2039,2877,4
1789466588.2110531,2027,2878,4
1789466588.214954,1980,2877,4
1789466588.215018,1977,2877,4
1789466588.217338,2026,2878,4
1789466588.21967,2042,2876,4
1789466588.22176,1958,2876,4
1789466588.222906,1918,2876,4
1789466588.225214,1916,2875,4
1789466588.2275178,2001,2878,4
1789466588.229834,1948,2876,4
1789466588.231128,1891,2877,4
1789466588.233196,1949,2877,4
1789466588.2359009,1969,2877,4
1789466588.237065,1945,2877,4
1789466588.239619,1903,2875,4
1789466588.2420118,1836,2876,4
1789466588.243069,1873,2876,4
1789466588.245648,1822,2876,4
1789466588.2500339,1800,2876,4
1789466588.2501462,1862,2876,4
1789466588.251682,1909,2876,4
1789466588.25498,1915,2877,4
1789466588.25507,1960,2877,4
1789466588.258702,1934,2876,4
1789466588.260553,2030,2878,4
1789466588.262801,2021,2879,4
1789466588.262951,1953,2876,4
1789466588.265109,1967,2877,4
1789466588.271691,2026,2877,4
1789466588.272214,2081,2877,4
1789466588.273485,2001,2877,4
1789466588.273654,1995,2878,4
1789466588.2755961,1996,2878,4
1789466588.2788281,2081,2877,4
1789466588.279022,1984,2875,4
1789466588.282926,1950,2877,4
1789466588.282969,2006,2877,4
1789466588.285286,2062,2877,4
1789466588.287362,2023,2877,4
1789466588.289438,2029,2878,4
1789466588.291755,2001,2878,4
1789466588.292906,2083,2877,4
1789466588.2953339,2041,2878,4
1789466588.297647,1977,2877,4
1789466588.337385,2001,2877,4
1789466588.337448,2062,2878,4
1789466588.3375201,2050,2878,4
1789466588.3376682,1976,2877,4
1789466588.337761,1982,2879,4
1789466588.337899,2062,2878,4
1789466588.338031,2052,2878,4
1789466588.3381271,1967,2877,4
1789466588.338229,1975,2876,4
1789466588.338324,2021,2878,4
1789466588.3383622,2063,2877,4
1789466588.338399,2050,2879,4
1789466588.3384352,1980,2878,4
1789466588.338472,1972,2878,4
1789466588.3385081,2066,2878,4
1789466588.3385441,1997,2876,4
1789466588.338581,1969,2877,4
1789466588.3386161,1977,2878,4
1789466588.338652,2028,2877,4
1789466588.338708,2019,2876,4
1789466588.340032,1981,2875,4
1789466588.3413482,1938,2877,4
1789466588.3517718,1998,2877,4
1789466588.3518138,1973,2877,4
1789466588.35185,1888,2877,4
1789466588.3518841,1953,2878,4
1789466588.351918,2043,2878,4
1789466588.3531678,2034,2876,4
1789466588.35576,1983,2877,4
1789466588.357066,1951,2878,4
1789466588.359421,1997,2877,4
1789466588.361739,2028,2878,4
1789466588.363113,1934,2876,4
1789466588.368435,1935,2878,4
1789466588.369886,2047,2877,4
1789466588.3712819,2062,2877,4
1789466588.371521,1990,2877,4
1789466588.3735769,1959,2876,4
1789466588.377302,1989,2878,4
1789466588.37746,2080,2877,4
1789466588.3793468,1986,2875,4
1789466588.381292,1967,2876,4
1789466588.383649,2028,2879,4
1789466588.384953,2048,2878,4
1789466588.3903658,2067,2876,4
1789466588.390951,2040,2878,4
1789466588.3919082,2042,2877,4
1789466588.393718,2092,2877,4
1789466588.3957691,2060,2878,4
1789466588.397407,2005,2879,4
1789466588.399287,2008,2878,4
1789466588.401292,2059,2878,4
1789466588.403479,2095,2878,4
1789466588.40606,2039,2880,4
1789466588.407365,2001,2879,4
1789466588.40945,2071,2877,4
1789466588.411515,2100,2879,4
1789466588.413833,2004,2878,4
1789466588.4149141,1968,2876,4
1789466588.417234,2040,2878,4
1789466588.419465,2132,2878,4
1789466588.421837,2041,2876,4
1789466588.423149,2010,2878,4
1789466588.425684,2015,2878,4
1789466588.4269812,2113,2877,4
1789466588.429288,2010,2876,4
1789466588.431846,1989,2876,4
1789466588.433141,2041,2876,4
1789466588.435474,2076,2878,4
1789466588.441428,2066,2876,4
1789466588.4415529,2055,2878,4
1789466588.442419,2054,2878,4
1789466588.4441879,2125,2878,4
1789466588.446516,2027,2878,4
1789466588.447822,1936,2877,4
1789466588.449515,2015,2878,4
1789466588.451364,2078,2878,4
1789466588.453565,2105,2878,4
1789466588.454886,2066,2878,4
1789466588.4608178,2007,2877,4
1789466588.4612842,2058,2877,4
1789466588.4619951,2083,2877,4
1789466588.463449,2002,2876,4
1789466588.4653828,1994,2878,4
1789466588.466996,2066,2877,4
1789466588.470359,2085,2878,4
1789466588.472502,2015,2877,4
1789466588.4738061,1982,2878,4
1789466588.475103,1962,2877,4
1789466588.4774442,2079,2877,4
1789466588.479521,2024,2878,4
1789466588.481586,1976,2876,4
1789466588.4829109,2043,2877,4
1789466588.48558,2097,2878,4
1789466588.487953,2074,2877,4
1789466588.489283,2013,2878,4
1789466588.491898,1993,2878,4
1789466588.493174,2084,2878,4
1789466588.495732,2052,2879,4
1789466588.4970272,2019,2876,4
1789466588.499681,2020,2878,4
1789466588.501882,2092,2877,4
1789466588.503201,2093,2878,4
1789466588.5084648,2068,2879,4
1789466588.5094411,2011,2877,4
1789466588.5100071,2054,2877,4
1789466588.511731,2091,2878,4
1789466588.5138218,2016,2877,4
1789466588.5156622,1980,2878,4
1789466588.517483,2019,2878,4
1789466588.521644,2104,2878,4
1789466588.522329,2063,2880,4
1789466588.523693,2030,2878,4
1789466588.5251288,1996,2877,4
1789466588.5316749,2130,2878,4
1789466588.533501,2058,2878,4
1789466588.53371,1983,2876,4
1789466588.533909,2047,2878,4
1789466588.536115,2075,2878,4
1789466588.5379431,2106,2880,4
1789466588.539895,2028,2878,4
1789466588.541835,1978,2878,4
1789466588.54422,2063,2877,4
1789466588.545537,2061,2878,4
1789466588.547679,1999,2878,4
1789466588.54899,1988,2878,4
1789466588.551303,2050,2878,4
1789466588.55349,2076,2877,4
1789466588.5549152,2090,2879,4
1789466588.557239,2038,2877,4
1789466588.5593102,2059,2877,4
1789466588.561876,2065,2878,4
1789466588.562947,1981,2878,4
1789466588.5650308,2013,2878,4
1789466588.567353,2045,2878,4
1789466588.5701308,2117,2877,4
1789466588.571466,2088,2878,4
1789466588.573567,2042,2878,4
1789466588.5750458,1999,2878,4
1789466588.581992,2123,2877,4
1789466588.5834508,2050,2880,4
1789466588.584065,2011,2877,4
1789466588.5853598,1998,2878,4
1789466588.585658,2057,2878,4
1789466588.588096,2092,2880,4
1789466588.5897012,2022,2879,4
1789466588.591572,1967,2878,4
1789466588.5934641,2112,2878,4
1789466588.595865,2060,2879,4
1789466588.5969532,1950,2877,4
1789466588.599172,1999,2878,4
1789466588.6041,2075,2878,4
1789466588.605172,2103,2877,4
1789466588.60696,2079,2879,4
1789466588.6072478,2007,2877,4
1789466588.610343,2052,2877,4
1789466588.612566,2102,2878,4
1789466588.614434,2014,2877,4
1789466588.616666,1998,2878,4
1789466588.6177359,2058,2877,4
1789466588.618964,2118,2878,4
1789466588.621619,2071,2878,4
1789466588.624164,2036,2877,4
1789466588.625558,2029,2877,4
1789466588.6268742,2135,2878,4
1789466588.632035,2035,2879,4
1789466588.632225,1993,2877,4
1789466588.633559,2028,2878,4
1789466588.635638,2078,2878,4
1789466588.637741,2114,2879,4
1789466588.638983,2070,2879,4
1789466588.641549,1997,2878,4
1789466588.6429,2087,2877,4
1789466588.645461,2081,2878,4
1789466588.647775,1995,2877,4
1789466588.648934,2029,2878,4
1789466588.6558661,2108,2879,4
1789466588.6564639,2091,2877,4
1789466588.6565728,2060,2879,4
1789466588.658405,1979,2877,4
1789466588.660779,2046,2877,4
1789466588.661201,2121,2879,4
1789466588.664481,2036,2876,4
1789466588.6664279,2034,2877,4
1789466588.668756,2101,2878,4
1789466588.668931,2156,2879,4
1789466588.6711612,2117,2878,4
1789466588.676485,2057,2878,4
1789466588.676943,2041,2877,4
1789466588.677869,2108,2879,4
1789466588.6796002,2063,2880,4
1789466588.681747,2002,2877,4
1789466588.683469,2068,2878,4
1789466588.6873229,2070,2878,4
1789466588.6874619,2074,2876,4
1789466588.6893172,2057,2878,4
1789466588.691692,2000,2877,4
1789466588.69292,2105,2878,4
1789466588.695364,2071,2878,4
1789466588.697695,1979,2877,4
1789466588.698924,2007,2878,4
1789466588.7014852,2052,2877,4
1789466588.703839,2079,2877,4
1789466588.705163,2050,2878,4
1789466588.70748,2007,2877,4
1789466588.709897,2072,2878,4
1789466588.71095,2122,2877,4
1789466588.713362,2007,2875,4
1789466588.715913,2004,2877,4
1789466588.716964,2052,2878,4
1789466588.719319,2128,2878,4
1789466588.721787,2067,2878,4
1789466588.7230961,2056,2877,4
1789466588.7281659,2033,2877,4
1789466588.728759,2120,2877,4
1789466588.729939,2059,2879,4
1789466588.7329621,2021,2876,4
1789466588.733376,2035,2878,4
1789466588.734881,2103,2878,4
1789466588.736947,2114,2880,4
1789466588.741057,2067,2879,4
1789466588.7411358,2029,2878,4
1789466588.74321,2073,2877,4
1789466588.7486,2071,2878,4
1789466588.749383,1990,2876,4
1789466588.751006,2012,2878,4
1789466588.751217,2091,2878,4
1789466588.7541661,2114,2879,4
1789466588.756535,2056,2878,4
1789466588.758358,2038,2878,4
1789466588.760038,2081,2878,4
1789466588.761338,2127,2878,4
1789466588.763872,2019,2877,4
1789466588.764928,2025,2878,4
1789466588.767391,2095,2878,4
1789466588.7687922,2135,2877,4
1789466588.7713542,2094,2878,4
1789466588.773865,2036,2877,4
1789466588.774921,1985,2878,4
1789466588.777243,2098,2877,4
1789466588.779561,2047,2879,4
1789466588.780854,1964,2877,4
1789466588.783177,2020,2878,4
1789466588.785481,2097,2878,4
1789466588.7878342,2092,2879,4
1789466588.7891579,2053,2878,4
1789466588.7951071,2016,2877,4
1789466588.7954822,2097,2878,4
1789466588.79558,2086,2878,4
1789466588.7978911,2017,2877,4
1789466588.800029,2036,2879,4
1789466588.801911,2102,2878,4
1789466588.803374,2115,2880,4
1789466588.805156,2109,2879,4
1789466588.807362,2063,2877,4
1789466588.80969,2076,2877,4
1789466588.8113558,2094,2878,4
1789466588.815914,2055,2879,4
1789466588.816842,1993,2877,4
1789466588.817316,2060,2879,4
1789466588.820065,2091,2877,4
1789466588.8218722,2093,2878,4
1789466588.8239412,2019,2878,4
1789466588.8257852,1970,2876,4
1789466588.827559,2126,2879,4
1789466588.828873,2057,2878,4
1789466588.831182,1994,2877,4
1789466588.833743,2016,2877,4
1789466588.835005,2087,2878,4
1789466588.837319,2091,2880,4
1789466588.839623,2077,2879,4
1789466588.840852,2011,2877,4
1789466588.842932,2093,2878,4
1789466588.845487,2102,2879,4
1789466588.84756,2015,2877,4
1789466588.849947,1990,2878,4
1789466588.8510048,2087,2879,4
1789466588.8533251,2110,2876,4
1789466588.855833,2089,2880,4
1789466588.856886,2020,2877,4
1789466588.8596458,2082,2877,4
1789466588.863791,2133,2878,4
1789466588.86482,2029,2877,4
1789466588.865739,1978,2878,4
1789466588.8671622,2024,2878,4
1789466588.870294,2086,2877,4
1789466588.87243,2066,2878,4
1789466588.87424,2000,2878,4
1789466588.876374,2008,2877,4
1789466588.8775082,2104,2878,4
1789466588.8788118,2035,2879,4
1789466588.8811278,2015,2877,4
1789466588.883456,2033,2877,4
1789466588.884794,2094,2878,4
1789466588.887184,2069,2877,4
1789466588.8895092,2021,2878,4
1789466588.891951,2037,2877,4
1789466588.893247,2099,2877,4
1789466588.895796,2064,2878,4
1789466588.897089,1985,2877,4
1789466588.899402,2030,2878,4
1789466588.9015481,2058,2878,4
1789466588.9038742,2148,2880,4
1789466588.9050949,2092,2878,4
1789466588.9073842,2052,2877,4
1789466588.912056,2069,2877,4
1789466588.912509,2146,2880,4
1789466588.914718,2050,2879,4
1789466588.914847,1982,2877,4
1789466588.920657,1991,2878,4
1789466588.920861,2091,2878,4
1789466588.921012,2077,2880,4
1789466588.922935,1977,2878,4
1789466588.925309,1985,2877,4
1789466588.9276211,2081,2878,4
1789466588.9328651,2043,2878,4
1789466588.933749,2002,2876,4
1789466588.934207,2012,2878,4
1789466588.935863,2094,2878,4
1789466588.9374201,2098,2877,4
1789466588.9394119,2067,2878,4
1789466588.941191,2010,2877,4
1789466588.942964,2103,2876,4
1789466588.945629,2068,2878,4
1789466588.9467719,1997,2876,4
1789466588.9488509,2020,2877,4
1789466588.951166,2105,2878,4
1789466588.9533818,2116,2877,4
1789466588.954765,2071,2878,4
1789466588.957083,2017,2877,4
1789466588.959388,2049,2877,4
1789466588.9617128,2096,2878,4
1789466588.963011,2033,2879,4
1789466588.965564,1984,2877,4
1789466588.966858,2048,2878,4
1789466588.969174,2101,2878,4
1789466588.971479,2062,2877,4
1789466588.972786,2028,2878,4
1789466588.9750972,1997,2877,4
1789466588.979944,2081,2878,4
1789466588.9812632,2046,2879,4
1789466588.982529,1998,2877,4
1789466588.9848168,2050,2877,4
1789466588.985208,2118,2877,4
1789466588.98978,2111,2879,4
1789466588.989984,2091,2878,4
1789466588.9922612,2008,2877,4
1789466588.993567,2086,2878,4
1789466588.994863,2099,2878,4
