timestamp,ch1,ch2,label
1789466783.905885,2097,2879,6_S
1789466783.906396,2042,2876,6_S
1789466783.9071932,2021,2877,6_S
1789466783.908881,2074,2877,6_S
1789466783.910861,2139,2879,6_S
1789466783.9127429,2117,2879,6_S
1789466783.914638,2056,2878,6_S
1789466783.916571,2056,2878,6_S
1789466783.917865,2121,2878,6_S
1789466783.919946,2107,2879,6_S
1789466783.9222631,1984,2878,6_S
1789466783.92469,2011,2878,6_S
1789466783.925822,2103,2878,6_S
1789466783.927882,2167,2879,6_S
1789466783.930176,2064,2878,6_S
1789466783.932483,2002,2878,6_S
1789466783.935033,2029,2878,6_S
1789466783.936075,2116,2878,6_S
1789466783.9383738,2003,2877,6_S
1789466783.9406688,2042,2879,6_S
1789466783.941795,2088,2877,6_S
1789466783.9469519,2148,2879,6_S
1789466783.947456,2075,2878,6_S
1789466783.948611,2018,2878,6_S
1789466783.9511812,2030,2877,6_S
1789466783.952555,2133,2879,6_S
1789466783.95424,2106,2877,6_S
1789466783.956748,2031,2878,6_S
1789466783.958046,2060,2878,6_S
1789466783.960594,2149,2880,6_S
1789466783.961886,2130,2878,6_S
1789466783.9644392,2013,2877,6_S
1789466783.9668858,2040,2877,6_S
1789466783.968178,2088,2878,6_S
1789466783.97055,2073,2879,6_S
1789466783.9728599,1979,2878,6_S
1789466783.9741518,2045,2878,6_S
1789466783.9762099,2125,2876,6_S
1789466783.9782882,2153,2880,6_S
1789466783.980466,2053,2879,6_S
1789466783.981827,2022,2878,6_S
1789466783.9867032,2019,2878,6_S
1789466783.987416,2109,2878,6_S
1789466783.989142,2047,2878,6_S
1789466783.9910269,2009,2879,6_S
1789466783.993532,2102,2878,6_S
1789466783.9955258,2158,2879,6_S
1789466783.99682,2106,2878,6_S
1789466783.9981189,2062,2877,6_S
1789466784.000437,2097,2877,6_S
1789466784.0027578,2176,2879,6_S
1789466784.004045,2071,2877,6_S
1789466784.006588,1981,2878,6_S
1789466784.0088918,2053,2878,6_S
1789466784.0101771,2145,2879,6_S
1789466784.012409,2136,2878,6_S
1789466784.0147378,2036,2878,6_S
1789466784.016011,2021,2877,6_S
1789466784.018313,2094,2879,6_S
1789466784.020611,2104,2880,6_S
1789466784.021962,2003,2876,6_S
1789466784.025861,2047,2878,6_S
1789466784.0263228,2167,2878,6_S
1789466784.0293021,2177,2880,6_S
1789466784.0309079,2072,2878,6_S
1789466784.032643,2037,2877,6_S
1789466784.034763,2068,2878,6_S
1789466784.036051,2130,2878,6_S
1789466784.0386071,2011,2877,6_S
1789466784.039924,1968,2878,6_S
1789466784.042473,2070,2879,6_S
1789466784.0447419,2155,2880,6_S
1789466784.0460641,2065,2879,6_S
1789466784.048365,2027,2878,6_S
1789466784.0508008,2052,2877,6_S
1789466784.051954,2147,2879,6_S
1789466784.0545,2071,2876,6_S
1789466784.055805,2019,2879,6_S
1789466784.058113,2056,2879,6_S
1789466784.066284,2175,2879,6_S
1789466784.0665128,2145,2879,6_S
1789466784.067681,2019,2877,6_S
1789466784.068034,2019,2878,6_S
1789466784.068376,2071,2879,6_S
1789466784.07179,2090,2879,6_S
1789466784.071928,1999,2878,6_S
1789466784.074354,2014,2879,6_S
1789466784.076895,2098,2877,6_S
1789466784.07819,2173,2879,6_S
1789466784.080759,2053,2878,6_S
1789466784.081815,2011,2877,6_S
1789466784.0843961,2070,2878,6_S
1789466784.086696,2155,2879,6_S
1789466784.087987,2036,2877,6_S
1789466784.090291,2026,2878,6_S
1789466784.0928378,2105,2878,6_S
1789466784.093886,2151,2879,6_S
1789466784.0965078,2100,2878,6_S
1789466784.098818,2044,2878,6_S
1789466784.103724,1993,2879,6_S
1789466784.104743,2095,2878,6_S
1789466784.1057842,2059,2876,6_S
1789466784.106049,2004,2878,6_S
1789466784.109044,2076,2879,6_S
1789466784.11089,2133,2877,6_S
1789466784.112611,2138,2878,6_S
1789466784.113914,2038,2877,6_S
1789466784.116516,2021,2877,6_S
1789466784.11895,2104,2879,6_S
1789466784.1200159,2115,2880,6_S
1789466784.1224918,2036,2877,6_S
1789466784.1237602,2037,2877,6_S
1789466784.1260679,2112,2878,6_S
1789466784.128153,2168,2880,6_S
1789466784.130697,2079,2878,6_S
1789466784.131988,2043,2878,6_S
1789466784.134292,2088,2877,6_S
1789466784.136596,2140,2878,6_S
1789466784.1379158,2039,2877,6_S
1789466784.142539,1976,2878,6_S
1789466784.143202,2054,2878,6_S
1789466784.1445959,2157,2879,6_S
1789466784.146044,2093,2879,6_S
1789466784.151407,2047,2877,6_S
1789466784.151486,2059,2877,6_S
1789466784.153646,2105,2878,6_S
1789466784.15387,2095,2879,6_S
1789466784.15643,1993,2878,6_S
1789466784.158755,2042,2878,6_S
1789466784.1600509,2148,2877,6_S
1789466784.162355,2153,2878,6_S
1789466784.16493,2076,2878,6_S
1789466784.165993,2057,2877,6_S
1789466784.1682959,2113,2878,6_S
1789466784.170926,2090,2878,6_S
1789466784.17225,1996,2876,6_S
1789466784.174813,2015,2878,6_S
1789466784.175859,2169,2877,6_S
1789466784.182307,2207,2879,6_S
1789466784.1828322,2113,2879,6_S
1789466784.182917,2052,2878,6_S
1789466784.185536,2073,2877,6_S
1789466784.189157,2150,2878,6_S
1789466784.189385,1996,2877,6_S
1789466784.190766,1971,2877,6_S
1789466784.1923141,2072,2878,6_S
1789466784.194815,2157,2879,6_S
1789466784.195877,2095,2878,6_S
1789466784.198478,2026,2877,6_S
1789466784.200622,2042,2877,6_S
1789466784.201717,2140,2879,6_S
1789466784.20403,2052,2876,6_S
1789466784.206178,1959,2878,6_S
1789466784.2085361,2032,2877,6_S
1789466784.210838,2152,2877,6_S
1789466784.212202,2116,2878,6_S
1789466784.214893,1990,2878,6_S
1789466784.216188,2017,2877,6_S
1789466784.221271,2084,2878,6_S
1789466784.222364,2093,2878,6_S
1789466784.223871,1989,2879,6_S
1789466784.2239842,2043,2877,6_S
1789466784.228155,2159,2878,6_S
1789466784.22913,2223,2879,6_S
1789466784.231231,2081,2878,6_S
1789466784.232534,2041,2877,6_S
1789466784.2338262,2107,2879,6_S
1789466784.2363598,2183,2878,6_S
1789466784.238416,2067,2877,6_S
1789466784.2409668,2044,2879,6_S
1789466784.242252,2120,2877,6_S
1789466784.24433,2193,2880,6_S
1789466784.2470489,2079,2878,6_S
1789466784.248611,2106,2878,6_S
1789466784.2499242,2165,2877,6_S
1789466784.2520478,2350,2879,6_S
1789466784.2543721,2178,2880,6_S
1789466784.2564778,2091,2877,6_S
1789466784.260403,1926,2877,6_S
1789466784.261128,2034,2878,6_S
1789466784.262662,2039,2877,6_S
1789466784.264374,2207,2879,6_S
1789466784.268009,1974,2877,6_S
1789466784.2682009,1807,2875,6_S
1789466784.2710772,1733,2875,6_S
1789466784.27215,1796,2877,6_S
1789466784.274519,2302,2878,6_S
1789466784.2766662,2478,2881,6_S
1789466784.2779589,2276,2879,6_S
1789466784.280502,1842,2875,6_S
1789466784.281802,1847,2876,6_S
1789466784.28388,2067,2878,6_S
1789466784.285949,2363,2879,6_S
1789466784.288259,1997,2877,6_S
1789466784.290376,1885,2877,6_S
1789466784.2926831,1903,2876,6_S
1789466784.2937338,2049,2877,6_S
1789466784.2993522,2014,2878,6_S
1789466784.300155,2019,2879,6_S
1789466784.301184,2042,2877,6_S
1789466784.303007,2085,2878,6_S
1789466784.304677,2008,2878,6_S
1789466784.306902,1957,2877,6_S
1789466784.308652,2039,2877,6_S
1789466784.309948,2209,2879,6_S
1789466784.312088,2418,2879,6_S
1789466784.3144069,2199,2877,6_S
1789466784.3168662,1992,2878,6_S
1789466784.3181598,2015,2878,6_S
1789466784.320629,2096,2877,6_S
1789466784.321919,2089,2877,6_S
1789466784.324466,2149,2878,6_S
1789466784.325753,2137,2877,6_S
1789466784.328295,2036,2878,6_S
1789466784.3308501,1943,2877,6_S
1789466784.332001,1873,2875,6_S
1789466784.337599,2075,2878,6_S
1789466784.3390799,2362,2880,6_S
1789466784.340152,2012,2875,6_S
1789466784.3403819,1837,2879,6_S
1789466784.3428411,1999,2878,6_S
1789466784.3445382,2313,2880,6_S
1789466784.347133,2261,2878,6_S
1789466784.3484259,2245,2878,6_S
1789466784.349719,2080,2878,6_S
1789466784.352289,2173,2879,6_S
1789466784.35469,2019,2877,6_S
1789466784.355747,1747,2878,6_S
1789466784.35831,1809,2877,6_S
1789466784.36064,2112,2877,6_S
1789466784.362697,2088,2878,6_S
1789466784.3639832,1957,2877,6_S
1789466784.366525,1992,2879,6_S
1789466784.368845,2089,2878,6_S
1789466784.369913,2191,2878,6_S
1789466784.3720782,2371,2880,6_S
1789466784.3760488,2392,2880,6_S
1789466784.376417,2258,2880,6_S
1789466784.378338,2033,2877,6_S
1789466784.3807628,1997,2879,6_S
1789466784.382442,2726,2880,6_S
1789466784.3853009,2630,2880,6_S
1789466784.386345,1837,2875,6_S
1789466784.388679,1150,2876,6_S
1789466784.389992,1492,2878,6_S
1789466784.39254,1916,2878,6_S
1789466784.394836,2000,2877,6_S
1789466784.3961222,2366,2880,6_S
1789466784.3986619,2628,2881,6_S
1789466784.400961,1643,2878,6_S
1789466784.402246,1519,2875,6_S
1789466784.404761,2203,2878,6_S
1789466784.4059908,2129,2878,6_S
1789466784.408299,2031,2877,6_S
1789466784.413939,2085,2876,6_S
1789466784.414731,2115,2878,6_S
1789466784.4151318,2221,2878,6_S
1789466784.417571,1746,2877,6_S
1789466784.419096,1584,2876,6_S
1789466784.4208589,1930,2877,6_S
1789466784.422267,2161,2878,6_S
1789466784.424705,2285,2878,6_S
1789466784.425898,2337,2880,6_S
1789466784.428285,2077,2879,6_S
1789466784.4308429,1761,2878,6_S
1789466784.4321349,1839,2878,6_S
1789466784.4344351,2077,2879,6_S
1789466784.43573,2195,2879,6_S
1789466784.438435,2221,2877,6_S
1789466784.439735,2452,2880,6_S
1789466784.4420822,2355,2879,6_S
1789466784.444627,2266,2878,6_S
1789466784.446935,1831,2876,6_S
1789466784.447986,1643,2875,6_S
1789466784.4529102,2542,2880,6_S
1789466784.453401,2800,2881,6_S
1789466784.455206,1666,2877,6_S
1789466784.4567199,1417,2877,6_S
1789466784.45826,1771,2878,6_S
1789466784.460567,2086,2878,6_S
1789466784.462065,2062,2878,6_S
1789466784.4643672,2092,2879,6_S
1789466784.4667678,2128,2878,6_S
1789466784.468062,2873,2881,6_S
1789466784.470276,2903,2878,6_S
1789466784.47249,2429,2879,6_S
1789466784.4745579,1633,2878,6_S
1789466784.4768572,1847,2878,6_S
1789466784.478142,1963,2877,6_S
1789466784.480463,1690,2876,6_S
1789466784.48276,1438,2875,6_S
1789466784.4840472,1384,2876,6_S
1789466784.486367,1589,2876,6_S
1789466784.488522,1849,2876,6_S
1789466784.4918249,2291,2879,6_S
1789466784.491928,2297,2876,6_S
1789466784.4952488,2395,2879,6_S
1789466784.496767,2222,2879,6_S
1789466784.499418,2011,2879,6_S
1789466784.5009558,1812,2878,6_S
1789466784.5022469,1910,2878,6_S
1789466784.5044422,1820,2877,6_S
1789466784.505732,2050,2877,6_S
1789466784.50829,2073,2877,6_S
1789466784.510837,2055,2877,6_S
1789466784.5121238,2147,2876,6_S
1789466784.514267,2073,2879,6_S
1789466784.5168178,2187,2878,6_S
1789466784.517868,2636,2879,6_S
1789466784.520464,2137,2879,6_S
1789466784.522795,1557,2877,6_S
1789466784.523933,1636,2877,6_S
1789466784.526479,2024,2877,6_S
1789466784.5307982,2171,2878,6_S
1789466784.531255,2421,2879,6_S
1789466784.5331311,2151,2877,6_S
1789466784.53519,2433,2879,6_S
1789466784.537475,1901,2877,6_S
1789466784.5390909,1266,2877,6_S
1789466784.5410938,1820,2878,6_S
1789466784.542387,2280,2878,6_S
1789466784.544694,2249,2881,6_S
1789466784.545749,1974,2878,6_S
1789466784.548357,2019,2878,6_S
1789466784.55069,2091,2879,6_S
1789466784.5530171,1926,2878,6_S
1789466784.554409,2073,2877,6_S
1789466784.556711,2176,2878,6_S
1789466784.557834,2409,2878,6_S
1789466784.560382,2510,2880,6_S
1789466784.562451,2290,2879,6_S
1789466784.564542,2073,2877,6_S
1789466784.5667698,1803,2878,6_S
1789466784.5711958,2383,2879,6_S
1789466784.57175,2603,2880,6_S
1789466784.5722728,2244,2878,6_S
1789466784.5741282,1994,2878,6_S
1789466784.577135,1997,2877,6_S
1789466784.578623,2230,2880,6_S
1789466784.5803268,1809,2876,6_S
1789466784.5821052,1533,2875,6_S
1789466784.584448,1736,2875,6_S
1789466784.585962,1946,2878,6_S
1789466784.591101,1935,2876,6_S
1789466784.591188,2034,2878,6_S
1789466784.593299,2279,2879,6_S
1789466784.595048,2638,2881,6_S
1789466784.5966651,3177,2881,6_S
1789466784.5993621,2993,2881,6_S
1789466784.6008818,1881,2878,6_S
1789466784.601964,1854,2877,6_S
1789466784.6045299,2147,2878,6_S
1789466784.605825,2236,2877,6_S
1789466784.608386,1824,2877,6_S
1789466784.6104388,2122,2879,6_S
1789466784.612792,1949,2877,6_S
1789466784.613832,1878,2877,6_S
1789466784.616129,1932,2878,6_S
1789466784.6186738,1911,2876,6_S
1789466784.619725,2058,2878,6_S
1789466784.6220312,2072,2877,6_S
1789466784.624088,1962,2878,6_S
1789466784.626394,2019,2876,6_S
1789466784.630956,2083,2878,6_S
1789466784.631434,2034,2878,6_S
1789466784.633124,2347,2879,6_S
1789466784.634815,2745,2880,6_S
1789466784.637627,2181,2879,6_S
1789466784.6393821,1770,2878,6_S
1789466784.6411939,3293,2883,6_S
1789466784.642506,2662,2880,6_S
1789466784.644809,1341,2877,6_S
1789466784.646098,1659,2876,6_S
1789466784.648224,2116,2878,6_S
1789466784.650771,2265,2880,6_S
1789466784.65194,2327,2880,6_S
1789466784.654486,1451,2876,6_S
1789466784.656846,1473,2877,6_S
1789466784.658027,2040,2878,6_S
1789466784.660573,2356,2879,6_S
1789466784.662893,2270,2880,6_S
1789466784.664193,2277,2879,6_S
1789466784.666742,2174,2878,6_S
1789466784.6705549,3149,2882,6_S
1789466784.6713128,3437,2882,6_S
1789466784.673022,1541,2876,6_S
1789466784.67453,1523,2878,6_S
1789466784.6773078,1915,2879,6_S
1789466784.679171,2204,2877,6_S
1789466784.6806788,2054,2878,6_S
1789466784.683032,1420,2876,6_S
1789466784.684076,1412,2875,6_S
1789466784.6865642,1841,2879,6_S
1789466784.688086,2141,2879,6_S
1789466784.6906931,1848,2877,6_S
1789466784.692018,2167,2878,6_S
1789466784.694577,2416,2880,6_S
1789466784.695866,2337,2879,6_S
1789466784.698133,1937,2878,6_S
1789466784.7004428,1975,2877,6_S
1789466784.7027462,2388,2879,6_S
1789466784.7041018,2243,2880,6_S
1789466784.706892,2179,2877,6_S
1789466784.710921,2257,2877,6_S
1789466784.711334,2689,2881,6_S
1789466784.713181,3007,2880,6_S
1789466784.7150028,1958,2878,6_S
1789466784.716343,1775,2877,6_S
1789466784.7194932,1976,2879,6_S
1789466784.721317,1938,2876,6_S
1789466784.72261,2112,2875,6_S
1789466784.723902,2346,2881,6_S
1789466784.7264562,2734,2881,6_S
1789466784.7287722,2544,2880,6_S
1789466784.729816,2227,2878,6_S
1789466784.732113,2469,2879,6_S
1789466784.73429,2377,2879,6_S
1789466784.736619,2295,2880,6_S
1789466784.737751,2557,2880,6_S
1789466784.7400599,2770,2881,6_S
1789466784.742603,2211,2880,6_S
1789466784.743743,2107,2877,6_S
1789466784.746021,2700,2879,6_S
1789466784.751814,2221,2879,6_S
1789466784.752963,2134,2878,6_S
1789466784.754445,2214,2878,6_S
1789466784.7545578,2105,2877,6_S
1789466784.756055,1846,2877,6_S
1789466784.759072,1948,2876,6_S
1789466784.76117,2224,2879,6_S
1789466784.763029,2161,2878,6_S
1789466784.76409,2126,2878,6_S
1789466784.766392,2157,2879,6_S
1789466784.7676969,2531,2880,6_S
1789466784.7697651,2485,2880,6_S
1789466784.772013,2361,2879,6_S
1789466784.774575,2217,2878,6_S
1789466784.7758641,2276,2880,6_S
1789466784.7783391,2286,2881,6_S
1789466784.780415,2155,2878,6_S
1789466784.7827141,1892,2876,6_S
1789466784.78387,1762,2874,6_S
1789466784.786207,1988,2877,6_S
1789466784.788735,2194,2879,6_S
1789466784.791786,2163,2879,6_S
1789466784.7925189,1977,2876,6_S
1789466784.794291,2229,2879,6_S
1789466784.796321,2298,2879,6_S
1789466784.7987661,2402,2878,6_S
1789466784.800834,2362,2879,6_S
1789466784.802736,2232,2880,6_S
1789466784.8040361,2163,2879,6_S
1789466784.8063428,2069,2877,6_S
1789466784.807762,2310,2879,6_S
1789466784.810085,2486,2878,6_S
1789466784.8123982,2244,2879,6_S
1789466784.813759,1970,2878,6_S
1789466784.815825,2077,2879,6_S
1789466784.818135,2168,2879,6_S
1789466784.82069,2328,2880,6_S
1789466784.821731,1866,2877,6_S
1789466784.824192,1757,2877,6_S
1789466784.826638,2004,2877,6_S
1789466784.827732,2128,2879,6_S
1789466784.832531,1987,2878,6_S
1789466784.83339,2222,2879,6_S
1789466784.835158,2240,2878,6_S
1789466784.8365738,2017,2879,6_S
1789466784.838207,1870,2878,6_S
1789466784.8417091,1980,2878,6_S
1789466784.841951,2099,2879,6_S
1789466784.8444061,2181,2879,6_S
1789466784.8457322,2111,2878,6_S
1789466784.848045,2006,2878,6_S
1789466784.850592,2134,2878,6_S
1789466784.851734,2213,2878,6_S
1789466784.854215,2028,2877,6_S
1789466784.8562748,1990,2878,6_S
1789466784.8585742,2075,2878,6_S
1789466784.85972,2090,2878,6_S
1789466784.862017,2057,2878,6_S
1789466784.864558,1896,2879,6_S
1789466784.8657181,1885,2878,6_S
1789466784.8682601,1978,2878,6_S
1789466784.870389,2055,2880,6_S
1789466784.874584,2022,2876,6_S
1789466784.875242,2100,2878,6_S
1789466784.877745,1912,2877,6_S
1789466784.877852,1944,2877,6_S
1789466784.883028,2001,2878,6_S
1789466784.883214,2118,2878,6_S
1789466784.88515,2459,2878,6_S
1789466784.8864598,2435,2880,6_S
1789466784.8887858,1764,2876,6_S
1789466784.8898392,1714,2877,6_S
1789466784.8919182,1912,2878,6_S
1789466784.8941922,2033,2877,6_S
1789466784.8966231,1878,2877,6_S
1789466784.897726,1894,2877,6_S
1789466784.899786,1918,2877,6_S
1789466784.902103,1878,2878,6_S
1789466784.904195,1900,2877,6_S
1789466784.931885,1874,2877,6_S
1789466784.931926,1938,2878,6_S
1789466784.931956,2209,2877,6_S
1789466784.9319859,2369,2879,6_S
1789466784.932014,2098,2878,6_S
1789466784.9321039,1846,2877,6_S
1789466784.932435,1819,2877,6_S
1789466784.932689,1970,2877,6_S
1789466784.9327302,2167,2877,6_S
1789466784.93276,2257,2878,6_S
1789466784.932835,2018,2877,6_S
1789466784.932877,1991,2877,6_S
1789466784.932905,2095,2878,6_S
1789466784.932933,1945,2877,6_S
1789466784.94722,2008,2877,6_S
1789466784.947264,2305,2879,6_S
1789466784.947296,2477,2880,6_S
1789466784.947325,1683,2877,6_S
1789466784.9473531,1619,2878,6_S
1789466784.947387,1910,2878,6_S
1789466784.947415,2054,2877,6_S
1789466784.948566,1968,2879,6_S
1789466784.95112,1662,2875,6_S
1789466784.9529102,1823,2877,6_S
1789466784.954096,2114,2878,6_S
1789466784.9689019,2485,2880,6_S
1789466784.9691179,2801,2880,6_S
1789466784.969357,1565,2877,6_S
1789466784.969803,1556,2877,6_S
1789466784.9717062,1993,2876,6_S
1789466784.972241,1961,2877,6_S
1789466784.9722822,1945,2879,6_S
1789466784.9723158,2107,2877,6_S
1789466784.972353,1755,2876,6_S
1789466784.974417,1748,2877,6_S
1789466784.9757109,2184,2876,6_S
1789466784.979785,2662,2880,6_S
1789466784.980615,2368,2880,6_S
1789466784.982118,2186,2878,6_S
1789466784.9847791,1958,2879,6_S
1789466784.986756,1909,2878,6_S
1789466784.989334,1752,2875,6_S
1789466784.991441,1811,2877,6_S
1789466784.9924932,1898,2877,6_S
1789466784.9948401,2139,2877,6_S
1789466784.996136,2226,2879,6_S
1789466784.998594,2100,2880,6_S
1789466784.999715,2320,2879,6_S
1789466785.002263,2227,2878,6_S
1789466785.004867,1849,2876,6_S
1789466785.006259,1791,2879,6_S
1789466785.008566,2038,2878,6_S
1789466785.00977,2300,2879,6_S
1789466785.0122728,2229,2879,6_S
1789466785.014574,1947,2878,6_S
1789466785.0158179,1863,2877,6_S
1789466785.0182688,2013,2878,6_S
1789466785.0197482,2174,2880,6_S
1789466785.023824,2128,2879,6_S
1789466785.023968,2067,2879,6_S
1789466785.0281322,2151,2877,6_S
1789466785.028249,2235,2879,6_S
1789466785.029759,2136,2878,6_S
1789466785.033819,2053,2878,6_S
1789466785.0340102,2214,2878,6_S
1789466785.036611,1990,2878,6_S
1789466785.037958,2080,2879,6_S
1789466785.0402792,1907,2877,6_S
1789466785.042853,1808,2878,6_S
1789466785.0441458,2089,2877,6_S
1789466785.046447,2110,2879,6_S
1789466785.047738,1968,2877,6_S
1789466785.050289,1967,2878,6_S
1789466785.052385,2030,2878,6_S
1789466785.054877,2088,2878,6_S
1789466785.0561721,1967,2877,6_S
1789466785.0584881,2178,2878,6_S
1789466785.059774,2399,2880,6_S
1789466785.061839,2166,2879,6_S
1789466785.0674071,1893,2876,6_S
1789466785.06782,1804,2876,6_S
1789466785.067915,1907,2876,6_S
1789466785.069877,1979,2877,6_S
1789466785.072947,1921,2875,6_S
1789466785.074429,1924,2877,6_S
1789466785.078644,1899,2877,6_S
1789466785.07919,2215,2879,6_S
1789466785.080499,2173,2879,6_S
1789466785.0828722,2152,2879,6_S
1789466785.084171,2219,2879,6_S
1789466785.086726,2213,2879,6_S
1789466785.0877829,2063,2878,6_S
1789466785.090336,1976,2878,6_S
1789466785.091734,1892,2878,6_S
1789466785.094049,1886,2878,6_S
1789466785.096315,2160,2878,6_S
1789466785.09863,2306,2878,6_S
1789466785.099922,1965,2877,6_S
1789466785.1022148,1689,2876,6_S
1789466785.104532,1873,2878,6_S
1789466785.1058292,2042,2878,6_S
1789466785.110253,1987,2878,6_S
1789466785.111438,1936,2877,6_S
1789466785.113225,1954,2877,6_S
1789466785.114978,1910,2878,6_S
1789466785.11786,2281,2878,6_S
1789466785.117996,2392,2879,6_S
1789466785.120481,1753,2876,6_S
1789466785.122388,1793,2878,6_S
1789466785.123788,1962,2878,6_S
1789466785.1260748,2192,2877,6_S
1789466785.130541,2256,2878,6_S
1789466785.130902,1931,2879,6_S
1789466785.1325052,1786,2877,6_S
1789466785.135422,1915,2878,6_S
1789466785.137015,2118,2878,6_S
1789466785.139435,1986,2878,6_S
1789466785.14136,2081,2878,6_S
1789466785.142464,2171,2878,6_S
1789466785.14452,1997,2877,6_S
1789466785.145812,2101,2878,6_S
1789466785.1483562,1987,2877,6_S
1789466785.1506639,1912,2877,6_S
1789466785.1519518,2211,2879,6_S
1789466785.1542988,2106,2879,6_S
1789466785.156853,1804,2878,6_S
1789466785.158112,1934,2879,6_S
1789466785.1604102,2115,2878,6_S
1789466785.16248,2077,2879,6_S
1789466785.163768,1984,2879,6_S
1789466785.166014,2007,2878,6_S
1789466785.17325,2069,2878,6_S
1789466785.173677,2089,2878,6_S
1789466785.174997,1786,2877,6_S
1789466785.175115,1887,2878,6_S
1789466785.177005,2053,2878,6_S
1789466785.179488,2112,2879,6_S
1789466785.182034,2087,2878,6_S
1789466785.182168,1841,2877,6_S
1789466785.184165,1983,2877,6_S
1789466785.18649,2072,2878,6_S
1789466785.191964,2065,2877,6_S
1789466785.1923141,1968,2877,6_S
1789466785.1932979,2092,2878,6_S
1789466785.196008,2176,2879,6_S
1789466785.196138,2114,2879,6_S
1789466785.201344,2059,2878,6_S
1789466785.2015061,1986,2878,6_S
1789466785.2034519,2064,2878,6_S
1789466785.204756,2056,2877,6_S
1789466785.205869,1930,2878,6_S
1789466785.208427,1853,2877,6_S
1789466785.2097301,1974,2877,6_S
1789466785.2120981,2037,2877,6_S
1789466785.2144089,1943,2877,6_S
1789466785.2166212,1889,2878,6_S
1789466785.217912,1926,2878,6_S
1789466785.220456,2065,2880,6_S
1789466785.221743,2047,2877,6_S
1789466785.224046,2176,2878,6_S
1789466785.226588,2153,2878,6_S
1789466785.22784,2091,2876,6_S
1789466785.2338922,2109,2880,6_S
1789466785.23454,1971,2879,6_S
1789466785.234642,1871,2878,6_S
1789466785.23601,2019,2878,6_S
1789466785.240381,2005,2877,6_S
1789466785.242806,1919,2877,6_S
1789466785.242978,1949,2878,6_S
1789466785.2448242,1989,2878,6_S
1789466785.246132,2007,2876,6_S
1789466785.2484381,1927,2878,6_S
1789466785.249729,1960,2876,6_S
1789466785.2520351,2056,2878,6_S
1789466785.254581,2053,2878,6_S
1789466785.2558668,1945,2878,6_S
1789466785.258176,1978,2878,6_S
1789466785.260472,2136,2878,6_S
1789466785.261742,2147,2879,6_S
1789466785.2638562,2097,2878,6_S
1789466785.266401,1949,2878,6_S
1789466785.2677288,1993,2877,6_S
1789466785.270033,2061,2878,6_S
1789466785.2753248,2164,2880,6_S
1789466785.2760441,2101,2879,6_S
1789466785.276486,2039,2878,6_S
1789466785.2778602,2028,2878,6_S
1789466785.280652,1982,2877,6_S
1789466785.282125,1874,2876,6_S
1789466785.2847428,1971,2877,6_S
1789466785.28657,2102,2877,6_S
1789466785.2878668,1930,2876,6_S
1789466785.290175,1890,2877,6_S
1789466785.292493,1937,2878,6_S
1789466785.294792,2050,2878,6_S
1789466785.296082,2144,2879,6_S
1789466785.298379,2072,2878,6_S
1789466785.30095,2098,2878,6_S
1789466785.302248,2226,2877,6_S
1789466785.30452,2143,2879,6_S
1789466785.305749,1869,2877,6_S
1789466785.3082938,1876,2877,6_S
1789466785.3108401,2141,2878,6_S
1789466785.311892,2191,2880,6_S
1789466785.316489,1923,2876,6_S
1789466785.317301,1839,2876,6_S
1789466785.3191009,1963,2879,6_S
1789466785.320493,2056,2879,6_S
1789466785.32261,1932,2876,6_S
1789466785.32621,1970,2877,6_S
1789466785.326306,2167,2878,6_S
1789466785.3282099,2252,2880,6_S
1789466785.330527,2058,2878,6_S
1789466785.331817,1996,2878,6_S
1789466785.334269,2015,2879,6_S
1789466785.336576,2110,2879,6_S
1789466785.337864,2015,2877,6_S
1789466785.339933,1924,2878,6_S
1789466785.3424761,1945,2878,6_S
1789466785.343762,2063,2877,6_S
1789466785.346072,2118,2879,6_S
1789466785.348618,2038,2878,6_S
1789466785.3499079,2053,2878,6_S
1789466785.352363,2086,2878,6_S
1789466785.353725,2098,2878,6_S
1789466785.358329,1947,2877,6_S
1789466785.358691,1973,2878,6_S
1789466785.3608289,2071,2878,6_S
1789466785.362763,2157,2879,6_S
1789466785.365201,2043,2878,6_S
1789466785.367689,2012,2878,6_S
1789466785.367847,2014,2878,6_S
1789466785.37062,2114,2878,6_S
1789466785.3719082,2032,2877,6_S
1789466785.374603,1964,2879,6_S
1789466785.375714,2091,2878,6_S
1789466785.378187,2121,2877,6_S
1789466785.380484,2013,2878,6_S
1789466785.38177,2028,2878,6_S
1789466785.383898,2019,2877,6_S
1789466785.3864472,2127,2879,6_S
1789466785.388597,2064,2878,6_S
1789466785.389709,1990,2877,6_S
1789466785.392011,2101,2878,6_S
1789466785.394123,2281,2880,6_S
1789466785.396505,2431,2879,6_S
1789466785.40048,2128,2879,6_S
1789466785.4008598,1932,2878,6_S
1789466785.4029708,1894,2876,6_S
1789466785.404623,1884,2876,6_S
1789466785.4060001,1884,2878,6_S
1789466785.409764,1916,2879,6_S
1789466785.4099112,1996,2877,6_S
1789466785.412297,2123,2879,6_S
1789466785.4148438,1995,2878,6_S
1789466785.415885,1957,2878,6_S
1789466785.4181938,2057,2878,6_S
1789466785.420737,2159,2879,6_S
1789466785.4220228,2081,2878,6_S
1789466785.424086,2149,2879,6_S
1789466785.4266272,2059,2877,6_S
1789466785.427913,2073,2878,6_S
1789466785.429972,2035,2878,6_S
1789466785.43228,2000,2877,6_S
1789466785.4346051,1978,2879,6_S
1789466785.435901,2142,2879,6_S
1789466785.4407291,2119,2879,6_S
1789466785.441762,2020,2879,6_S
1789466785.441849,1983,2877,6_S
1789466785.445274,2084,2877,6_S
1789466785.44784,2248,2880,6_S
1789466785.450273,2133,2877,6_S
1789466785.450541,2070,2877,6_S
1789466785.4524958,2050,2878,6_S
1789466785.454029,2082,2876,6_S
1789466785.456557,1877,2877,6_S
1789466785.457806,2011,2878,6_S
1789466785.460188,2128,2878,6_S
1789466785.462255,2073,2878,6_S
1789466785.4643142,2045,2877,6_S
1789466785.465728,1863,2878,6_S
1789466785.468053,1957,2877,6_S
1789466785.470366,2105,2879,6_S
1789466785.471838,1981,2877,6_S
1789466785.474433,1948,2878,6_S
1789466785.475748,2054,2878,6_S
1789466785.4780748,2169,2880,6_S
1789466785.484129,2128,2878,6_S
1789466785.4849432,2245,2878,6_S
1789466785.488673,2041,2878,6_S
1789466785.489816,2208,2879,6_S
1789466785.49384,1970,2877,6_S
1789466785.4942641,2207,2878,6_S
1789466785.494443,2213,2877,6_S
1789466785.4947042,2194,2880,6_S
1789466785.497687,2125,2880,6_S
1789466785.4979079,1903,2878,6_S
1789466785.500279,1672,2876,6_S
1789466785.502592,2180,2879,6_S
1789466785.5038779,2184,2879,6_S
1789466785.50647,1885,2878,6_S
1789466785.5077708,1813,2878,6_S
1789466785.510116,1993,2877,6_S
1789466785.512243,2284,2879,6_S
1789466785.514669,2133,2877,6_S
1789466785.515747,2071,2878,6_S
1789466785.518263,2089,2877,6_S
1789466785.520641,2242,2878,6_S
1789466785.5219378,2194,2879,6_S
1789466785.5287209,2003,2878,6_S
1789466785.528835,2019,2879,6_S
1789466785.529723,2143,2880,6_S
1789466785.5312681,2221,2880,6_S
1789466785.5328908,1980,2878,6_S
1789466785.534831,2018,2878,6_S
1789466785.536387,2243,2879,6_S
1789466785.538927,2268,2879,6_S
1789466785.5410619,2092,2878,6_S
1789466785.5423691,2033,2879,6_S
1789466785.543742,2182,2876,6_S
1789466785.546305,2276,2879,6_S
1789466785.548856,1819,2876,6_S
1789466785.550165,2032,2877,6_S
1789466785.5524821,2122,2879,6_S
1789466785.554542,2093,2879,6_S
1789466785.5558379,1734,2877,6_S
1789466785.5581388,2010,2878,6_S
1789466785.560204,2129,2878,6_S
1789466785.562753,2234,2880,6_S
1789466785.564042,2080,2879,6_S
1789466785.566344,2109,2877,6_S
1789466785.568403,2005,2878,6_S
1789466785.573896,2247,2878,6_S
1789466785.5743492,2090,2876,6_S
1789466785.574792,2063,2877,6_S
1789466785.576225,2136,2878,6_S
1789466785.578783,2272,2880,6_S
1789466785.581249,2220,2879,6_S
1789466785.58365,1998,2878,6_S
1789466785.583885,2100,2877,6_S
1789466785.586315,2280,2878,6_S
1789466785.587757,1994,2876,6_S
1789466785.590066,1817,2876,6_S
1789466785.592148,1928,2877,6_S
1789466785.594441,2094,2877,6_S
1789466785.596753,2070,2879,6_S
1789466785.598041,1951,2876,6_S
1789466785.600584,1947,2877,6_S
1789466785.6027038,2048,2879,6_S
1789466785.6037602,2090,2880,6_S
1789466785.6063092,2054,2879,6_S
1789466785.608356,2109,2877,6_S
1789466785.6104598,2185,2877,6_S
1789466785.615885,2221,2880,6_S
1789466785.6167538,2073,2877,6_S
1789466785.617175,1988,2877,6_S
1789466785.61854,1985,2877,6_S
1789466785.620654,2110,2879,6_S
1789466785.6232672,2007,2876,6_S
1789466785.62547,1988,2878,6_S
1789466785.627264,2078,2878,6_S
1789466785.628312,2181,2879,6_S
1789466785.63038,2119,2879,6_S
1789466785.632737,2012,2878,6_S
1789466785.6340349,2000,2877,6_S
1789466785.636369,2112,2878,6_S
1789466785.638508,2056,2877,6_S
1789466785.6398,2004,2878,6_S
1789466785.642345,2054,2879,6_S
1789466785.6446679,2133,2877,6_S
1789466785.645967,2166,2878,6_S
1789466785.648486,2084,2878,6_S
1789466785.649775,2033,2878,6_S
1789466785.652046,2116,2879,6_S
1789466785.654343,2134,2879,6_S
1789466785.658165,2037,2877,6_S
1789466785.658557,2065,2878,6_S
1789466785.660635,2147,2879,6_S
1789466785.6621912,2180,2879,6_S
1789466785.66496,2036,2878,6_S
1789466785.66716,2036,2877,6_S
1789466785.669049,2000,2877,6_S
1789466785.670357,2127,2878,6_S
1789466785.672668,2020,2878,6_S
1789466785.673957,1963,2878,6_S
1789466785.676505,2051,2877,6_S
1789466785.6777668,2162,2879,6_S
1789466785.680083,2106,2878,6_S
1789466785.6826408,2047,2877,6_S
1789466785.683933,2028,2878,6_S
1789466785.6864169,2126,2879,6_S
1789466785.687704,2086,2876,6_S
1789466785.6902468,2013,2878,6_S
1789466785.692544,2035,2878,6_S
1789466785.6937048,2115,2878,6_S
1789466785.6996858,2154,2878,6_S
1789466785.699797,2055,2878,6_S
1789466785.700522,1994,2878,6_S
1789466785.7020202,2056,2878,6_S
1789466785.704799,2124,2878,6_S
1789466785.706649,2000,2878,6_S
1789466785.708771,2012,2878,6_S
1789466785.71072,2113,2878,6_S
1789466785.7120168,2200,2880,6_S
1789466785.714329,2106,2878,6_S
1789466785.715706,2017,2877,6_S
1789466785.71816,2071,2877,6_S
1789466785.720444,2131,2878,6_S
1789466785.722524,2035,2877,6_S
1789466785.724864,1985,2878,6_S
1789466785.726154,2074,2879,6_S
1789466785.728704,2183,2879,6_S
1789466785.729995,2128,2878,6_S
1789466785.732289,2051,2878,6_S
1789466785.734617,2018,2877,6_S
1789466785.7359092,2110,2879,6_S
1789466785.740049,2140,2880,6_S
1789466785.740607,2023,2877,6_S
1789466785.7420192,2008,2877,6_S
1789466785.7444868,2123,2878,6_S
1789466785.746078,2130,2879,6_S
1789466785.7496011,2032,2877,6_S
1789466785.751125,2006,2877,6_S
1789466785.752228,2071,2878,6_S
1789466785.7545369,2095,2878,6_S
1789466785.755853,1962,2878,6_S
1789466785.7584121,2004,2878,6_S
1789466785.760469,2100,2879,6_S
1789466785.761707,2200,2879,6_S
1789466785.764019,2062,2879,6_S
1789466785.766322,1984,2877,6_S
1789466785.768629,2038,2877,6_S
1789466785.769918,2130,2878,6_S
1789466785.772461,2058,2876,6_S
1789466785.7746198,2048,2878,6_S
1789466785.775746,2081,2878,6_S
1789466785.781329,2193,2879,6_S
1789466785.781816,2109,2878,6_S
1789466785.781894,2021,2877,6_S
1789466785.7838862,2011,2877,6_S
1789466785.787149,2108,2878,6_S
1789466785.790377,2069,2877,6_S
1789466785.790525,1996,2879,6_S
1789466785.7923388,2047,2878,6_S
1789466785.7937322,2152,2877,6_S
1789466785.796045,2121,2878,6_S
1789466785.7981062,2050,2878,6_S
1789466785.80065,2019,2878,6_S
1789466785.802769,2099,2879,6_S
1789466785.803823,2129,2879,6_S
1789466785.806365,2014,2877,6_S
1789466785.808906,2028,2879,6_S
1789466785.810059,2108,2878,6_S
1789466785.812354,2171,2880,6_S
1789466785.8146582,2066,2879,6_S
1789466785.815945,2024,2878,6_S
1789466785.818493,2054,2880,6_S
1789466785.822481,2154,2878,6_S
1789466785.822571,2050,2877,6_S
1789466785.824658,1996,2878,6_S
1789466785.8263192,2056,2877,6_S
1789466785.829003,2186,2879,6_S
1789466785.831001,2101,2878,6_S
1789466785.832714,2037,2878,6_S
1789466785.833772,2043,2877,6_S
1789466785.836062,2135,2879,6_S
1789466785.838382,2040,2877,6_S
1789466785.840928,1961,2877,6_S
1789466785.842219,2037,2878,6_S
1789466785.8444312,2151,2878,6_S
1789466785.846745,2285,2879,6_S
1789466785.847905,2516,2879,6_S
1789466785.850454,2228,2878,6_S
1789466785.851746,1924,2877,6_S
1789466785.854097,1948,2877,6_S
1789466785.856401,1916,2878,6_S
1789466785.8587,1992,2877,6_S
1789466785.862817,2243,2880,6_S
1789466785.863572,2301,2879,6_S
1789466785.865008,2008,2877,6_S
1789466785.866871,2252,2877,6_S
1789466785.8693728,2329,2878,6_S
1789466785.871312,2142,2879,6_S
1789466785.873096,2019,2877,6_S
1789466785.8741481,1913,2878,6_S
1789466785.8767061,1772,2878,6_S
1789466785.8777778,1697,2877,6_S
1789466785.880085,1844,2876,6_S
1789466785.882206,2030,2878,6_S
1789466785.884373,1937,2878,6_S
1789466785.88667,2394,2879,6_S
1789466785.8879712,2109,2879,6_S
1789466785.890497,1758,2878,6_S
1789466785.891784,2574,2881,6_S
1789466785.894301,2345,2881,6_S
1789466785.896845,1972,2877,6_S
1789466785.898029,1759,2876,6_S
1789466785.903053,1488,2876,6_S
1789466785.90368,1646,2876,6_S
1789466785.907211,2000,2877,6_S
1789466785.90768,1933,2876,6_S
1789466785.909387,1942,2877,6_S
1789466785.910691,2201,2879,6_S
1789466785.9126039,2216,2879,6_S
1789466785.914505,2185,2879,6_S
1789466785.916708,2093,2879,6_S
1789466785.917851,2089,2879,6_S
1789466785.920236,2209,2878,6_S
1789466785.922792,2198,2879,6_S
1789466785.924087,2290,2879,6_S
1789466785.9266381,2386,2880,6_S
1789466785.928944,2405,2880,6_S
1789466785.929997,1745,2877,6_S
1789466785.932541,1743,2876,6_S
1789466785.934849,2540,2880,6_S
1789466785.9358919,2326,2879,6_S
1789466785.937963,1923,2878,6_S
1789466785.9402611,1667,2877,6_S
1789466785.944719,1749,2876,6_S
1789466785.945136,1912,2877,6_S
1789466785.9471061,2122,2880,6_S
1789466785.9487329,2007,2878,6_S
1789466785.950113,1833,2879,6_S
1789466785.953417,1811,2877,6_S
1789466785.9549701,2005,2879,6_S
1789466785.956293,2045,2877,6_S
1789466785.958861,2039,2877,6_S
1789466785.959917,2195,2877,6_S
1789466785.9624279,2392,2880,6_S
1789466785.964728,2407,2880,6_S
1789466785.966024,2262,2878,6_S
1789466785.9683552,2073,2879,6_S
1789466785.970416,2118,2879,6_S
1789466785.972726,1931,2877,6_S
1789466785.973974,2031,2877,6_S
1789466785.976532,2053,2878,6_S
1789466785.9778528,1955,2878,6_S
1789466785.980175,2096,2878,6_S
1789466785.98558,2041,2877,6_S
1789466785.986458,1978,2878,6_S
1789466785.9868832,1875,2876,6_S
1789466785.9883258,1860,2877,6_S
1789466785.992697,2248,2877,6_S
1789466785.992928,2697,2881,6_S
1789466785.996914,3090,2882,6_S
1789466785.997046,2531,2879,6_S
1789466785.998354,1941,2878,6_S
1789466786.00078,1165,2876,6_S
1789466786.002025,1484,2876,6_S
1789466786.004182,2121,2878,6_S
1789466786.006575,1861,2878,6_S
1789466786.0078669,1557,2877,6_S
1789466786.0103118,1603,2876,6_S
1789466786.012866,1877,2878,6_S
1789466786.014029,2223,2878,6_S
1789466786.016526,2455,2879,6_S
1789466786.017845,2266,2880,6_S
1789466786.020155,2120,2877,6_S
1789466786.0224562,2052,2878,6_S
1789466786.0269508,2115,2878,6_S
1789466786.0277262,1855,2877,6_S
1789466786.028182,2324,2879,6_S
1789466786.029897,2520,2879,6_S
1789466786.032606,1263,2875,6_S
1789466786.034374,1688,2876,6_S
1789466786.036572,2606,2879,6_S
1789466786.038777,2516,2880,6_S
1789466786.040084,1927,2877,6_S
1789466786.0426471,1457,2877,6_S
1789466786.04395,1747,2877,6_S
1789466786.046473,2140,2879,6_S
1789466786.0487192,2446,2879,6_S
1789466786.0500102,2187,2878,6_S
1789466786.052554,2614,2880,6_S
1789466786.054678,3608,2883,6_S
1789466786.05597,3659,2884,6_S
1789466786.058285,2785,2881,6_S
1789466786.060596,655,2877,6_S
1789466786.062901,867,2877,6_S
1789466786.06394,1606,2877,6_S
1789466786.069976,1752,2876,6_S
1789466786.070106,1409,2876,6_S
1789466786.071805,1594,2877,6_S
1789466786.0720441,1489,2876,6_S
1789466786.075073,2262,2880,6_S
1789466786.0787919,2473,2880,6_S
1789466786.078893,2343,2877,6_S
1789466786.080779,2411,2879,6_S
1789466786.082081,2434,2880,6_S
1789466786.084401,2373,2881,6_S
1789466786.086724,2321,2879,6_S
1789466786.087883,2504,2880,6_S
1789466786.090016,2218,2878,6_S
1789466786.092087,2882,2882,6_S
1789466786.094466,2872,2880,6_S
1789466786.096776,4095,2885,6_S
1789466786.097867,2331,2880,6_S
1789466786.10014,1224,2876,6_S
1789466786.1024551,2038,2877,6_S
1789466786.103843,2290,2879,6_S
1789466786.106074,1827,2876,6_S
1789466786.1124961,1666,2876,6_S
1789466786.112927,2207,2880,6_S
1789466786.113356,2868,2881,6_S
1789466786.115699,3120,2882,6_S
1789466786.117408,3023,2881,6_S
1789466786.119025,3788,2885,6_S
1789466786.121163,3991,2887,6_S
1789466786.1230788,3800,2884,6_S
1789466786.124372,1388,2876,6_S
1789466786.126923,1401,2878,6_S
1789466786.128226,2472,2878,6_S
1789466786.1305358,3027,2881,6_S
1789466786.131856,2173,2878,6_S
1789466786.133999,1705,2877,6_S
1789466786.1363819,2413,2879,6_S
1789466786.138698,2691,2881,6_S
1789466786.139956,2186,2879,6_S
1789466786.142505,2840,2881,6_S
1789466786.143849,2939,2881,6_S
1789466786.146089,3065,2880,6_S
1789466786.148631,2493,2879,6_S
1789466786.149992,2815,2881,6_S
1789466786.1535842,2340,2878,6_S
1789466786.154777,2656,2879,6_S
1789466786.157551,3014,2881,6_S
1789466786.15892,3049,2881,6_S
1789466786.160518,3436,2883,6_S
1789466786.162673,2955,2881,6_S
1789466786.164481,2882,2881,6_S
1789466786.166822,2387,2879,6_S
1789466786.1678689,2322,2880,6_S
1789466786.170541,2619,2880,6_S
1789466786.1718788,2256,2878,6_S
1789466786.17445,2926,2880,6_S
1789466786.1758568,2367,2879,6_S
1789466786.178171,1914,2876,6_S
1789466786.1807182,2858,2881,6_S
1789466786.1818829,2675,2879,6_S
1789466786.1844292,2262,2879,6_S
1789466786.186986,2675,2879,6_S
1789466786.1881359,2993,2880,6_S
1789466786.190597,1676,2877,6_S
1789466786.195445,1543,2876,6_S
1789466786.196527,1955,2878,6_S
1789466786.1969001,2301,2880,6_S
1789466786.198035,2269,2880,6_S
1789466786.2008939,2160,2878,6_S
1789466786.202417,1951,2878,6_S
1789466786.204702,1951,2876,6_S
1789466786.2065222,2117,2878,6_S
1789466786.208844,1888,2877,6_S
1789466786.210135,2297,2879,6_S
1789466786.212439,2446,2880,6_S
1789466786.214516,1951,2878,6_S
1789466786.216823,1952,2877,6_S
1789466786.217878,1783,2876,6_S
1789466786.219981,1412,2878,6_S
1789466786.222523,1463,2877,6_S
1789466786.224822,1617,2877,6_S
1789466786.22611,1681,2878,6_S
1789466786.228406,1700,2877,6_S
1789466786.2307122,1425,2875,6_S
1789466786.232001,1460,2876,6_S
1789466786.2369869,1685,2876,6_S
1789466786.237349,1929,2877,6_S
1789466786.2386508,1834,2877,6_S
1789466786.2400289,1712,2877,6_S
1789466786.243048,1532,2877,6_S
1789466786.245235,1660,2877,6_S
1789466786.247064,1797,2876,6_S
1789466786.2482162,1735,2876,6_S
1789466786.250293,1757,2876,6_S
1789466786.2528489,2012,2878,6_S
1789466786.253896,2012,2878,6_S
1789466786.256441,1715,2876,6_S
1789466786.2585459,1628,2876,6_S
1789466786.2598348,1967,2876,6_S
1789466786.262378,1519,2877,6_S
1789466786.26492,1409,2876,6_S
1789466786.266217,1525,2876,6_S
1789466786.268524,1449,2876,6_S
1789466786.269848,1638,2876,6_S
1789466786.27191,1643,2876,6_S
1789466786.276917,1787,2877,6_S
1789466786.277616,1901,2877,6_S
1789466786.279664,2622,2880,6_S
1789466786.281266,2042,2877,6_S
1789466786.284149,1658,2877,6_S
1789466786.284273,1731,2876,6_S
1789466786.286562,1857,2878,6_S
1789466786.288427,1815,2876,6_S
1789466786.29074,1846,2877,6_S
1789466786.292032,1733,2877,6_S
1789466786.294355,2856,2880,6_S
1789466786.2969038,2236,2879,6_S
1789466786.298193,1041,2876,6_S
1789466786.300738,1503,2875,6_S
1789466786.30181,2123,2878,6_S
1789466786.304482,2569,2879,6_S
1789466786.306025,1966,2879,6_S
1789466786.308678,1589,2876,6_S
1789466786.3099809,1126,2876,6_S
1789466786.312298,1344,2875,6_S
1789466786.314611,1846,2876,6_S
1789466786.3187032,1953,2877,6_S
1789466786.318797,2042,2880,6_S
1789466786.321179,2160,2878,6_S
1789466786.322879,2066,2879,6_S
1789466786.32463,1889,2875,6_S
1789466786.325904,1973,2877,6_S
1789466786.3282838,1989,2877,6_S
1789466786.3308742,2052,2876,6_S
1789466786.3320189,1914,2877,6_S
1789466786.33457,1836,2875,6_S
1789466786.336954,1913,2878,6_S
1789466786.33802,1903,2879,6_S
1789466786.340566,1798,2876,6_S
1789466786.341825,1933,2877,6_S
1789466786.344377,2857,2881,6_S
1789466786.3464372,2834,2881,6_S
1789466786.3489852,1812,2876,6_S
1789466786.3502452,2449,2880,6_S
1789466786.352727,2027,2877,6_S
1789466786.354018,1633,2877,6_S
1789466786.356323,1689,2877,6_S
1789466786.360926,1823,2877,6_S
1789466786.36138,1749,2877,6_S
1789466786.3633,1885,2876,6_S
1789466786.364945,2050,2879,6_S
1789466786.366674,2238,2879,6_S
1789466786.370256,2336,2878,6_S
1789466786.3704169,2135,2878,6_S
1789466786.372204,2098,2876,6_S
1789466786.374592,2046,2877,6_S
1789466786.376829,2013,2876,6_S
1789466786.3781178,2094,2880,6_S
1789466786.3806632,2427,2880,6_S
1789466786.381949,2747,2879,6_S
1789466786.384491,1952,2878,6_S
1789466786.385819,1732,2876,6_S
1789466786.38815,1990,2878,6_S
1789466786.390611,2299,2878,6_S
1789466786.391903,2116,2878,6_S
1789466786.3944151,1936,2877,6_S
1789466786.396717,2474,2879,6_S
1789466786.4014678,2469,2879,6_S
1789466786.401904,1450,2875,6_S
1789466786.4034822,1490,2876,6_S
1789466786.404874,2147,2877,6_S
1789466786.406422,2095,2878,6_S
1789466786.407872,1945,2878,6_S
1789466786.410197,1754,2876,6_S
1789466786.4128509,2055,2879,6_S
1789466786.414145,2196,2878,6_S
1789466786.416702,2010,2878,6_S
1789466786.417999,1673,2875,6_S
1789466786.420275,1825,2877,6_S
1789466786.422824,2049,2877,6_S
1789466786.424114,2011,2877,6_S
1789466786.4264278,2153,2879,6_S
1789466786.4289742,1886,2879,6_S
1789466786.430259,1633,2875,6_S
1789466786.43248,1753,2875,6_S
1789466786.433862,1601,2875,6_S
1789466786.436173,1845,2877,6_S
1789466786.4408488,2078,2877,6_S
1789466786.441816,1869,2877,6_S
1789466786.443421,1673,2877,6_S
1789466786.445305,1756,2876,6_S
1789466786.447739,1831,2876,6_S
1789466786.450121,1900,2879,6_S
1789466786.4502861,1896,2875,6_S
1789466786.45266,1752,2877,6_S
1789466786.4538398,2008,2877,6_S
1789466786.456396,2062,2876,6_S
1789466786.458953,2557,2880,6_S
1789466786.4602392,2190,2878,6_S
1789466786.462784,1224,2875,6_S
1789466786.463826,1284,2876,6_S
1789466786.466382,1761,2877,6_S
1789466786.468789,1881,2876,6_S
1789466786.47008,2167,2879,6_S
1789466786.4726558,1905,2877,6_S
1789466786.4739609,1801,2876,6_S
1789466786.476105,1704,2875,6_S
1789466786.48121,2005,2876,6_S
1789466786.481587,2193,2879,6_S
1789466786.4832902,2397,2880,6_S
1789466786.485548,2282,2878,6_S
1789466786.487942,2423,2879,6_S
1789466786.488037,2049,2879,6_S
1789466786.4906151,1771,2876,6_S
1789466786.492404,1186,2877,6_S
1789466786.493883,1655,2877,6_S
1789466786.4961128,1965,2876,6_S
1789466786.498207,1668,2876,6_S
1789466786.500638,1742,2876,6_S
1789466786.5019279,1883,2878,6_S
1789466786.504425,2070,2879,6_S
1789466786.506745,2083,2878,6_S
1789466786.508041,2292,2880,6_S
1789466786.5105898,2213,2877,6_S
1789466786.51184,2279,2880,6_S
1789466786.514147,2300,2880,6_S
1789466786.516458,2275,2880,6_S
1789466786.51852,1505,2876,6_S
1789466786.5229068,1549,2876,6_S
1789466786.523037,2126,2878,6_S
1789466786.525259,1730,2877,6_S
1789466786.5269399,1404,2877,6_S
1789466786.528138,1875,2877,6_S
1789466786.532417,1917,2876,6_S
1789466786.532485,1688,2876,6_S
1789466786.534074,1834,2875,6_S
1789466786.536972,2051,2879,6_S
1789466786.538273,2087,2878,6_S
1789466786.5408351,2000,2876,6_S
1789466786.5418859,1949,2877,6_S
1789466786.544178,2069,2878,6_S
1789466786.546721,2275,2879,6_S
1789466786.548008,2273,2879,6_S
1789466786.5501719,1793,2876,6_S
1789466786.552471,1771,2876,6_S
1789466786.55457,2012,2876,6_S
1789466786.556868,1762,2878,6_S
1789466786.558156,1837,2877,6_S
1789466786.560456,1957,2877,6_S
1789466786.564909,2003,2876,6_S
1789466786.565672,2229,2878,6_S
1789466786.567372,1999,2879,6_S
1789466786.5689988,1693,2876,6_S
1789466786.570538,1895,2878,6_S
1789466786.57202,1959,2877,6_S
1789466786.574544,2094,2877,6_S
1789466786.57653,1837,2876,6_S
1789466786.5778491,1808,2877,6_S
1789466786.580409,1846,2876,6_S
1789466786.582965,1809,2875,6_S
1789466786.584254,1924,2878,6_S
1789466786.586796,2671,2880,6_S
1789466786.5880818,2563,2880,6_S
1789466786.590383,1385,2877,6_S
1789466786.59259,1618,2877,6_S
1789466786.593876,1975,2877,6_S
1789466786.596328,2071,2877,6_S
1789466786.598874,2121,2879,6_S
1789466786.600162,1658,2877,6_S
1789466786.605976,1731,2875,6_S
1789466786.606718,1908,2876,6_S
1789466786.6084092,1808,2877,6_S
1789466786.609835,1928,2876,6_S
1789466786.6102011,2342,2879,6_S
1789466786.612735,2962,2881,6_S
1789466786.615246,1929,2879,6_S
1789466786.617009,1577,2876,6_S
1789466786.618229,1675,2877,6_S
1789466786.620548,2055,2878,6_S
1789466786.621852,1824,2877,6_S
1789466786.6240041,1692,2878,6_S
1789466786.6263082,1693,2877,6_S
1789466786.628612,1749,2876,6_S
1789466786.630913,1856,2875,6_S
1789466786.6322,2092,2880,6_S
1789466786.634742,2279,2880,6_S
1789466786.636039,2122,2878,6_S
1789466786.6382148,1987,2877,6_S
1789466786.640523,2175,2877,6_S
1789466786.6418371,2940,2880,6_S
1789466786.646658,1864,2877,6_S
1789466786.647105,1464,2876,6_S
1789466786.648968,1635,2876,6_S
1789466786.650431,1850,2876,6_S
1789466786.6534028,1766,2875,6_S
1789466786.656126,2710,2881,6_S
1789466786.656385,2003,2878,6_S
1789466786.658239,1118,2876,6_S
1789466786.6603332,1441,2877,6_S
1789466786.6627321,1903,2877,6_S
1789466786.665047,2027,2877,6_S
1789466786.666089,1980,2878,6_S
1789466786.6681979,1910,2878,6_S
1789466786.670503,1992,2879,6_S
1789466786.671853,1905,2879,6_S
1789466786.674158,1941,2877,6_S
1789466786.67671,2095,2877,6_S
1789466786.677817,2244,2878,6_S
1789466786.680031,2429,2879,6_S
1789466786.682574,2244,2879,6_S
1789466786.683863,2170,2878,6_S
1789466786.688448,2086,2878,6_S
1789466786.688517,1823,2876,6_S
1789466786.690887,1650,2877,6_S
1789466786.692501,1789,2878,6_S
1789466786.6941068,1915,2878,6_S
1789466786.698066,2097,2877,6_S
1789466786.698326,1994,2879,6_S
1789466786.700889,1821,2877,6_S
1789466786.702179,1823,2877,6_S
1789466786.7047439,2105,2879,6_S
1789466786.706037,2126,2879,6_S
1789466786.7085838,2669,2880,6_S
1789466786.709825,2118,2877,6_S
1789466786.712127,2091,2877,6_S
1789466786.714445,2007,2877,6_S
1789466786.71665,1750,2877,6_S
1789466786.717941,1798,2876,6_S
1789466786.720043,1966,2877,6_S
1789466786.722107,1968,2878,6_S
1789466786.72435,1796,2876,6_S
1789466786.730155,1766,2877,6_S
1789466786.7302458,2036,2878,6_S
1789466786.73104,2138,2880,6_S
1789466786.7326982,2031,2879,6_S
1789466786.734373,2004,2878,6_S
1789466786.737273,2263,2878,6_S
1789466786.7399669,2377,2878,6_S
1789466786.74008,1979,2877,6_S
1789466786.7425458,1592,2876,6_S
1789466786.743835,1974,2877,6_S
1789466786.745901,2380,2880,6_S
1789466786.7484531,2193,2879,6_S
1789466786.750754,1988,2877,6_S
1789466786.752043,1905,2878,6_S
1789466786.7543411,2032,2879,6_S
1789466786.756889,1714,2877,6_S
1789466786.757931,1701,2878,6_S
1789466786.759993,2218,2878,6_S
1789466786.7620952,2497,2879,6_S
1789466786.76451,1972,2878,6_S
1789466786.7668228,1609,2875,6_S
1789466786.767869,1810,2876,6_S
1789466786.7718458,2032,2878,6_S
1789466786.772256,2323,2879,6_S
1789466786.774464,1993,2877,6_S
1789466786.776082,1950,2877,6_S
1789466786.778879,2005,2878,6_S
1789466786.781764,1877,2877,6_S
1789466786.7818902,1978,2876,6_S
1789466786.784584,1663,2876,6_S
1789466786.7858748,2488,2880,6_S
1789466786.788169,2297,2879,6_S
1789466786.790713,1328,2876,6_S
1789466786.7928262,1755,2877,6_S
1789466786.793982,2298,2880,6_S
1789466786.7962859,1721,2877,6_S
1789466786.798833,1268,2877,6_S
1789466786.799874,2760,2880,6_S
1789466786.8021739,2295,2879,6_S
1789466786.804717,1840,2877,6_S
1789466786.806004,1413,2875,6_S
1789466786.8085482,1522,2877,6_S
1789466786.814795,1932,2878,6_S
1789466786.815552,2094,2877,6_S
1789466786.816627,1878,2877,6_S
1789466786.816732,1840,2878,6_S
1789466786.818034,1709,2878,6_S
1789466786.821176,1930,2877,6_S
1789466786.8240588,1987,2879,6_S
1789466786.8243158,2015,2877,6_S
1789466786.826703,2016,2878,6_S
1789466786.827831,2092,2878,6_S
1789466786.830337,2104,2877,6_S
1789466786.832652,2032,2879,6_S
1789466786.833942,1837,2877,6_S
1789466786.8364859,1853,2877,6_S
1789466786.839034,1913,2876,6_S
1789466786.84009,1811,2877,6_S
1789466786.842387,1877,2878,6_S
1789466786.84493,2014,2878,6_S
1789466786.845983,2118,2877,6_S
1789466786.848295,2018,2878,6_S
1789466786.8505971,1855,2878,6_S
1789466786.856343,1834,2878,6_S
1789466786.856709,2159,2879,6_S
1789466786.856813,2078,2879,6_S
1789466786.858148,1894,2878,6_S
1789466786.8611999,1894,2878,6_S
1789466786.8652349,2107,2878,6_S
1789466786.865344,2009,2877,6_S
1789466786.866799,1936,2878,6_S
1789466786.8680918,1904,2878,6_S
1789466786.8706381,2085,2877,6_S
1789466786.872941,2032,2879,6_S
1789466786.874232,1971,2877,6_S
1789466786.876539,2024,2878,6_S
1789466786.877816,2086,2878,6_S
1789466786.879887,2160,2880,6_S
1789466786.882431,2200,2881,6_S
1789466786.8847392,2119,2877,6_S
1789466786.8858502,2178,2877,6_S
1789466786.8881469,1922,2875,6_S
1789466786.890218,1840,2878,6_S
1789466786.892511,1944,2878,6_S
1789466786.897753,2050,2877,6_S
1789466786.8987699,2126,2877,6_S
1789466786.899771,2020,2878,6_S
1789466786.90117,1927,2877,6_S
1789466786.902734,1934,2877,6_S
1789466786.9041312,2098,2878,6_S
1789466786.9069178,2021,2878,6_S
1789466786.9087172,2051,2877,6_S
1789466786.909834,2090,2878,6_S
1789466786.912149,2191,2877,6_S
1789466786.91446,2076,2878,6_S
1789466786.916762,2064,2878,6_S
1789466786.917857,1986,2878,6_S
1789466786.9199328,2088,2879,6_S
1789466786.921998,2031,2878,6_S
1789466786.924455,1980,2877,6_S
1789466786.925878,1965,2878,6_S
1789466786.928438,2079,2877,6_S
1789466786.930749,2188,2880,6_S
1789466786.932041,2045,2879,6_S
1789466786.9345841,1987,2878,6_S
1789466786.939381,2161,2878,6_S
1789466786.939787,2189,2878,6_S
1789466786.940259,1979,2876,6_S
1789466786.94315,2039,2878,6_S
1789466786.9445498,1946,2878,6_S
1789466786.946044,2077,2877,6_S
1789466786.949066,1943,2877,6_S
1789466786.95054,1897,2877,6_S
1789466786.951841,1970,2878,6_S
1789466786.9541519,2093,2878,6_S
1789466786.9564621,1948,2879,6_S
1789466786.9590662,1919,2878,6_S
1789466786.960104,2010,2878,6_S
1789466786.962205,2241,2880,6_S
1789466786.964756,2098,2879,6_S
1789466786.9658291,1996,2879,6_S
1789466786.968374,1928,2878,6_S
1789466786.970678,2041,2877,6_S
1789466786.973026,2025,2879,6_S
1789466786.974184,2011,2879,6_S
1789466786.976484,2020,2878,6_S
1789466786.9813209,2149,2877,6_S
1789466786.9816792,2265,2879,6_S
1789466786.983403,1994,2877,6_S
1789466786.98559,2032,2877,6_S
1789466786.990628,2034,2877,6_S
1789466786.990849,2104,2879,6_S
1789466786.990981,1963,2877,6_S
1789466786.992769,1970,2878,6_S
1789466786.9940732,2051,2878,6_S
1789466786.996181,2229,2879,6_S
1789466786.998492,2062,2878,6_S
1789466787.001048,1979,2877,6_S
1789466787.002239,1993,2877,6_S
1789466787.004784,2156,2878,6_S
1789466787.0058692,1973,2877,6_S
1789466787.008418,1933,2878,6_S
1789466787.010714,2022,2879,6_S
1789466787.011826,2139,2876,6_S
1789466787.013943,2099,2879,6_S
1789466787.0163388,2067,2879,6_S
1789466787.018469,1992,2878,6_S
1789466787.022818,2124,2878,6_S
1789466787.023554,2090,2880,6_S
1789466787.02492,1978,2877,6_S
1789466787.0267231,1931,2879,6_S
1789466787.0291588,2143,2879,6_S
1789466787.032009,2251,2880,6_S
1789466787.032274,1972,2879,6_S
1789466787.0346282,1992,2877,6_S
1789466787.036949,2091,2879,6_S
1789466787.038004,2149,2879,6_S
1789466787.040309,1996,2877,6_S
1789466787.04286,2045,2879,6_S
1789466787.043914,2116,2879,6_S
1789466787.0462232,2200,2882,6_S
1789466787.048526,1953,2877,6_S
1789466787.0508428,1913,2876,6_S
1789466787.051898,2030,2878,6_S
1789466787.0539541,2157,2880,6_S
1789466787.0560179,1979,2877,6_S
1789466787.058314,1915,2876,6_S
1789466787.064929,1995,2877,6_S
1789466787.065304,2192,2879,6_S
1789466787.066337,2179,2877,6_S
1789466787.066596,2134,2878,6_S
1789466787.068356,2045,2877,6_S
1789466787.070745,2083,2879,6_S
1789466787.073529,2115,2878,6_S
1789466787.075283,2047,2877,6_S
1789466787.076328,2025,2878,6_S
1789466787.078489,2134,2878,6_S
1789466787.080864,2131,2879,6_S
1789466787.0821528,2047,2878,6_S
1789466787.084466,2056,2878,6_S
1789466787.085846,2125,2878,6_S
1789466787.0881448,2212,2878,6_S
1789466787.090296,2009,2877,6_S
1789466787.0923781,2103,2878,6_S
1789466787.094922,1990,2878,6_S
1789466787.096216,2027,2877,6_S
1789466787.098335,2157,2879,6_S
1789466787.100884,2006,2878,6_S
1789466787.10609,1992,2877,6_S
1789466787.10775,2233,2880,6_S
1789466787.10918,2054,2879,6_S
1789466787.10956,2013,2878,6_S
1789466787.1123729,2137,2878,6_S
1789466787.112525,2243,2880,6_S
1789466787.1151402,2211,2880,6_S
1789466787.116999,2095,2879,6_S
1789466787.1182568,1993,2878,6_S
1789466787.120828,2136,2877,6_S
1789466787.1218948,2063,2878,6_S
1789466787.1242082,1988,2877,6_S
1789466787.126517,1985,2879,6_S
1789466787.128997,2144,2878,6_S
1789466787.130038,2247,2879,6_S
1789466787.132582,2059,2878,6_S
1789466787.133872,2070,2878,6_S
1789466787.136179,2120,2877,6_S
1789466787.1383722,2158,2879,6_S
1789466787.140437,2009,2878,6_S
1789466787.142742,1963,2877,6_S
1789466787.1439202,2016,2877,6_S
1789466787.1480598,2152,2879,6_S
1789466787.148468,1980,2876,6_S
1789466787.150232,1987,2877,6_S
1789466787.15301,1986,2877,6_S
1789466787.1548018,2138,2878,6_S
1789466787.157363,2036,2876,6_S
1789466787.1592479,1974,2877,6_S
1789466787.160316,2037,2878,6_S
1789466787.162633,2200,2879,6_S
1789466787.163925,2113,2878,6_S
1789466787.16624,2084,2878,6_S
1789466787.168791,2015,2878,6_S
1789466787.170079,2126,2878,6_S
1789466787.172141,2126,2879,6_S
1789466787.174691,1962,2877,6_S
1789466787.17598,1952,2878,6_S
1789466787.178282,2090,2877,6_S
1789466787.180825,2196,2879,6_S
1789466787.181874,2077,2879,6_S
1789466787.184341,1983,2877,6_S
1789466787.1899269,2109,2877,6_S
1789466787.190052,2135,2878,6_S
1789466787.190437,2012,2877,6_S
1789466787.191906,1968,2877,6_S
1789466787.19471,2065,2878,6_S
1789466787.196288,2238,2879,6_S
1789466787.198699,2100,2878,6_S
1789466787.2006788,2005,2877,6_S
1789466787.2018938,1997,2877,6_S
1789466787.204451,2147,2879,6_S
1789466787.206761,2034,2877,6_S
1789466787.2078679,1979,2878,6_S
1789466787.210422,2024,2878,6_S
1789466787.212898,2176,2876,6_S
1789466787.213952,2134,2879,6_S
1789466787.216498,2056,2877,6_S
1789466787.218545,1999,2877,6_S
1789466787.220842,2133,2879,6_S
1789466787.221895,2132,2879,6_S
1789466787.223957,2045,2877,6_S
1789466787.226023,2032,2878,6_S
1789466787.230613,2137,2877,6_S
1789466787.2313669,2221,2879,6_S
1789466787.233705,2070,2879,6_S
1789466787.235399,2002,2877,6_S
1789466787.237269,2075,2877,6_S
1789466787.239594,2126,2879,6_S
1789466787.241514,1975,2877,6_S
1789466787.242572,2009,2877,6_S
1789466787.244881,2053,2878,6_S
1789466787.246179,2160,2880,6_S
1789466787.248731,2054,2879,6_S
1789466787.249954,2023,2878,6_S
1789466787.2525,1982,2877,6_S
1789466787.254814,2137,2878,6_S
1789466787.256105,2077,2880,6_S
1789466787.2584069,1986,2878,6_S
1789466787.260703,2027,2878,6_S
1789466787.261872,2174,2878,6_S
1789466787.2644138,2157,2879,6_S
1789466787.266956,2078,2878,6_S
1789466787.268019,1997,2878,6_S
1789466787.271956,2137,2877,6_S
1789466787.272331,2114,2878,6_S
1789466787.273961,2007,2877,6_S
1789466787.2766862,1993,2878,6_S
1789466787.278086,2089,2878,6_S
1789466787.2802508,2196,2879,6_S
1789466787.2829409,2048,2878,6_S
1789466787.284228,1977,2878,6_S
1789466787.286509,2042,2877,6_S
1789466787.2878442,2133,2879,6_S
1789466787.290139,1985,2877,6_S
1789466787.292243,1937,2878,6_S
1789466787.294399,2088,2878,6_S
1789466787.296555,2184,2880,6_S
1789466787.298618,2069,2879,6_S
1789466787.2999182,2041,2878,6_S
1789466787.3019829,2050,2879,6_S
1789466787.304533,2174,2880,6_S
1789466787.3068311,2033,2878,6_S
1789466787.311108,1947,2878,6_S
1789466787.311882,2030,2879,6_S
1789466787.3133068,2156,2878,6_S
1789466787.315019,2121,2879,6_S
1789466787.3164978,1999,2878,6_S
1789466787.318036,1973,2877,6_S
1789466787.320538,2087,2878,6_S
1789466787.322477,2061,2879,6_S
1789466787.324817,2004,2878,6_S
1789466787.325904,2002,2878,6_S
1789466787.328376,2129,2878,6_S
1789466787.330924,2132,2879,6_S
1789466787.332214,2064,2878,6_S
1789466787.3346748,1956,2878,6_S
1789466787.336735,2024,2878,6_S
1789466787.338071,2127,2879,6_S
1789466787.340621,2020,2878,6_S
1789466787.3419101,2040,2877,6_S
1789466787.3442402,2085,2878,6_S
1789466787.34654,2147,2881,6_S
1789466787.348902,2041,2880,6_S
1789466787.352889,1991,2878,6_S
1789466787.353292,1989,2878,6_S
1789466787.355139,2119,2878,6_S
1789466787.356915,2020,2877,6_S
1789466787.359585,1977,2879,6_S
1789466787.361959,2039,2879,6_S
1789466787.36206,2152,2877,6_S
1789466787.364702,2124,2878,6_S
1789466787.3667772,1999,2878,6_S
1789466787.368068,1983,2878,6_S
1789466787.370383,2097,2879,6_S
1789466787.372691,2085,2879,6_S
1789466787.373981,1967,2878,6_S
1789466787.376292,1987,2878,6_S
1789466787.378835,2103,2879,6_S
1789466787.380032,2159,2880,6_S
1789466787.3823411,2101,2879,6_S
1789466787.38464,1996,2877,6_S
1789466787.3859258,2058,2877,6_S
1789466787.388473,2125,2879,6_S
1789466787.393965,1954,2876,6_S
1789466787.3947048,1962,2877,6_S
1789466787.395802,2016,2878,6_S
1789466787.397596,2165,2879,6_S
1789466787.398923,2061,2879,6_S
1789466787.4003909,2010,2878,6_S
1789466787.4026082,2005,2876,6_S
1789466787.404573,2144,2878,6_S
1789466787.407131,1977,2877,6_S
1789466787.4084349,1979,2878,6_S
1789466787.41076,2026,2878,6_S
1789466787.413059,2120,2877,6_S
1789466787.4143639,2120,2879,6_S
1789466787.4169118,2069,2878,6_S
1789466787.418167,1967,2878,6_S
1789466787.420715,2104,2878,6_S
1789466787.422001,2094,2879,6_S
1789466787.424478,2006,2877,6_S
1789466787.4270232,1982,2878,6_S
1789466787.42831,2096,2878,6_S
1789466787.433995,2113,2878,6_S
1789466787.434082,2007,2877,6_S
1789466787.434509,2007,2877,6_S
1789466787.436455,2086,2877,6_S
1789466787.439478,2158,2878,6_S
1789466787.441056,2048,2877,6_S
1789466787.4431648,2017,2879,6_S
1789466787.44496,2075,2877,6_S
1789466787.446012,2149,2879,6_S
1789466787.448323,2054,2878,6_S
1789466787.450389,2033,2877,6_S
1789466787.452936,1984,2878,6_S
1789466787.4542248,2136,2878,6_S
1789466787.4565241,2047,2879,6_S
1789466787.458584,1956,2877,6_S
1789466787.460635,2042,2878,6_S
1789466787.4629362,2123,2877,6_S
1789466787.463983,2112,2879,6_S
1789466787.4662862,2040,2877,6_S
1789466787.468828,1987,2877,6_S
1789466787.4701152,2136,2878,6_S
1789466787.475295,2093,2878,6_S
1789466787.47566,2011,2878,6_S
1789466787.477441,2008,2878,6_S
1789466787.479234,2116,2879,6_S
1789466787.481754,2170,2880,6_S
1789466787.483834,2043,2879,6_S
1789466787.485617,1992,2877,6_S
1789466787.486915,2056,2879,6_S
1789466787.4882061,2108,2878,6_S
1789466787.490767,2008,2876,6_S
1789466787.492061,2011,2878,6_S
1789466787.494376,2085,2878,6_S
1789466787.4969249,2178,2879,6_S
1789466787.498212,2105,2878,6_S
1789466787.500279,2051,2877,6_S
1789466787.50259,2016,2878,6_S
1789466787.5051148,2136,2879,6_S
1789466787.506166,2066,2879,6_S
1789466787.508472,2001,2877,6_S
1789466787.510526,2050,2878,6_S
1789466787.515706,2129,2877,6_S
1789466787.5164459,2107,2879,6_S
1789466787.516848,2058,2877,6_S
1789466787.518234,1995,2877,6_S
1789466787.522433,2094,2878,6_S
1789466787.522599,2091,2879,6_S
1789466787.5246341,1984,2877,6_S
1789466787.526599,1979,2878,6_S
1789466787.528657,2081,2879,6_S
1789466787.529949,2164,2879,6_S
1789466787.5321841,2116,2879,6_S
1789466787.5344892,2043,2878,6_S
1789466787.536721,2053,2878,6_S
1789466787.539027,2090,2878,6_S
1789466787.54032,1975,2878,6_S
1789466787.542871,1969,2878,6_S
1789466787.543981,2043,2878,6_S
1789466787.54653,2158,2880,6_S
1789466787.548765,2048,2878,6_S
1789466787.551074,2028,2878,6_S
1789466787.552141,1991,2877,6_S
1789466787.554689,2119,2878,6_S
1789466787.558329,2137,2880,6_S
1789466787.558675,2216,2880,6_S
1789466787.562888,2219,2879,6_S
1789466787.5632799,2080,2877,6_S
1789466787.565456,1882,2877,6_S
1789466787.567677,1936,2876,6_S
1789466787.569418,2168,2878,6_S
1789466787.570724,2360,2878,6_S
1789466787.572015,2432,2878,6_S
1789466787.574076,2061,2879,6_S
1789466787.5766358,1654,2877,6_S
1789466787.57899,1875,2878,6_S
1789466787.580161,2168,2878,6_S
1789466787.5823019,2838,2881,6_S
1789466787.584855,1949,2878,6_S
1789466787.5859709,1357,2876,6_S
1789466787.588516,1952,2876,6_S
1789466787.590658,2099,2879,6_S
1789466787.591949,1641,2877,6_S
1789466787.594492,2095,2877,6_S
1789466787.599353,2648,2880,6_S
1789466787.599715,1844,2877,6_S
1789466787.602006,1381,2876,6_S
1789466787.6022441,1803,2876,6_S
1789466787.604797,2067,2878,6_S
1789466787.606564,2188,2879,6_S
1789466787.608703,2302,2880,6_S
1789466787.610506,2015,2876,6_S
1789466787.613065,2272,2879,6_S
1789466787.614363,2138,2879,6_S
1789466787.616674,1651,2878,6_S
1789466787.619175,1688,2877,6_S
1789466787.620464,2301,2879,6_S
1789466787.622775,2127,2878,6_S
1789466787.624064,2153,2879,6_S
1789466787.626126,2370,2878,6_S
1789466787.62867,2641,2880,6_S
1789466787.6308322,1665,2877,6_S
1789466787.631954,1586,2877,6_S
1789466787.63425,2003,2878,6_S
1789466787.6365519,2400,2880,6_S
1789466787.641511,2442,2881,6_S
1789466787.642211,1725,2875,6_S
1789466787.6425989,1382,2874,6_S
1789466787.645223,1782,2877,6_S
1789466787.646552,2117,2877,6_S
1789466787.648138,2536,2880,6_S
1789466787.650262,2239,2879,6_S
1789466787.6527328,1581,2876,6_S
1789466787.6548,1911,2876,6_S
1789466787.6561,2011,2878,6_S
1789466787.658421,1799,2877,6_S
1789466787.660886,1864,2877,6_S
1789466787.662064,2008,2877,6_S
1789466787.664168,2124,2879,6_S
1789466787.666711,2147,2880,6_S
1789466787.668767,2187,2878,6_S
1789466787.671068,2269,2879,6_S
1789466787.6721122,2433,2879,6_S
1789466787.674408,2371,2880,6_S
1789466787.676466,2326,2879,6_S
1789466787.6821172,2441,2881,6_S
1789466787.682765,2291,2880,6_S
1789466787.682843,1313,2877,6_S
1789466787.6844459,1944,2877,6_S
1789466787.687361,2213,2879,6_S
1789466787.688803,1951,2876,6_S
1789466787.690811,1662,2877,6_S
1789466787.692684,1432,2877,6_S
1789466787.693992,1482,2876,6_S
1789466787.6965382,2043,2877,6_S
1789466787.698838,2703,2880,6_S
1789466787.700133,2362,2880,6_S
1789466787.702676,1573,2877,6_S
1789466787.703976,1764,2877,6_S
1789466787.7063448,2154,2879,6_S
1789466787.708891,2084,2876,6_S
1789466787.710183,1880,2876,6_S
1789466787.71249,1855,2877,6_S
1789466787.7147908,2318,2879,6_S
1789466787.716081,2109,2878,6_S
1789466787.718625,1874,2877,6_S
1789466787.722697,2049,2877,6_S
1789466787.723723,2122,2877,6_S
1789466787.725209,2166,2880,6_S
1789466787.7269819,2033,2877,6_S
1789466787.729464,1961,2876,6_S
1789466787.7315142,1839,2877,6_S
1789466787.732912,1878,2876,6_S
1789466787.734208,2079,2878,6_S
1789466787.736522,2201,2879,6_S
1789466787.738635,2053,2878,6_S
1789466787.73997,1939,2877,6_S
1789466787.742074,2433,2880,6_S
1789466787.744404,2559,2880,6_S
1789466787.746948,1757,2877,6_S
1789466787.7480052,2242,2879,6_S
1789466787.7505531,2467,2880,6_S
1789466787.753078,1954,2876,6_S
1789466787.754231,1970,2876,6_S
1789466787.756541,1949,2877,6_S
1789466787.759089,1704,2877,6_S
1789466787.763746,1724,2877,6_S
1789466787.764147,1665,2877,6_S
1789466787.7649229,1726,2877,6_S
1789466787.766485,2293,2879,6_S
1789466787.768348,2281,2879,6_S
1789466787.771156,2166,2879,6_S
1789466787.7732108,2265,2879,6_S
1789466787.775153,1668,2877,6_S
1789466787.776454,1566,2879,6_S
1789466787.7787688,2002,2877,6_S
1789466787.7800682,2012,2877,6_S
1789466787.7826161,2074,2878,6_S
1789466787.7847419,2146,2878,6_S
1789466787.786031,2085,2878,6_S
1789466787.7885811,2157,2879,6_S
1789466787.790805,2693,2880,6_S
1789466787.793141,2982,2881,6_S
1789466787.794187,3492,2883,6_S
1789466787.796295,1422,2877,6_S
1789466787.798838,737,2877,6_S
1789466787.800128,1238,2877,6_S
1789466787.805001,1738,2878,6_S
1789466787.805412,2390,2880,6_S
1789466787.8073,2988,2881,6_S
1789466787.809212,1309,2876,6_S
1789466787.811689,1349,2877,6_S
1789466787.813715,2036,2877,6_S
1789466787.815615,2651,2881,6_S
1789466787.816669,2691,2879,6_S
1789466787.818748,2401,2879,6_S
1789466787.8208,2176,2879,6_S
1789466787.8231099,1193,2875,6_S
1789466787.824148,1042,2877,6_S
1789466787.82635,1744,2877,6_S
1789466787.828649,2211,2878,6_S
1789466787.8299918,2284,2879,6_S
1789466787.832303,2389,2878,6_S
1789466787.834852,2702,2880,6_S
1789466787.83614,3416,2883,6_S
1789466787.838364,1821,2877,6_S
1789466787.840665,1632,2876,6_S
1789466787.845682,2221,2878,6_S
1789466787.8460102,3531,2884,6_S
1789466787.846407,1918,2877,6_S
1789466787.8494642,527,2875,6_S
1789466787.85099,1578,2876,6_S
1789466787.8524091,1792,2876,6_S
1789466787.854517,2510,2880,6_S
1789466787.856257,3124,2882,6_S
1789466787.858557,1536,2876,6_S
1789466787.8610802,1891,2877,6_S
1789466787.862294,2446,2878,6_S
1789466787.86484,2017,2879,6_S
1789466787.866127,2642,2881,6_S
1789466787.868674,2546,2879,6_S
1789466787.870979,2425,2880,6_S
1789466787.8720288,2791,2881,6_S
1789466787.874142,1550,2877,6_S
1789466787.876526,1367,2878,6_S
1789466787.8788228,3337,2882,6_S
1789466787.8808918,2824,2882,6_S
1789466787.885037,2157,2879,6_S
1789466787.885386,1650,2878,6_S
1789466787.887431,1840,2878,6_S
1789466787.888921,2208,2879,6_S
1789466787.890065,2074,2879,6_S
1789466787.893745,2522,2880,6_S
1789466787.895295,2464,2880,6_S
1789466787.8965938,2564,2879,6_S
1789466787.898954,2519,2879,6_S
1789466787.9000762,2628,2880,6_S
1789466787.902384,2592,2879,6_S
1789466787.904926,2333,2879,6_S
1789466787.905969,2068,2878,6_S
1789466787.908511,2015,2877,6_S
1789466787.910959,2325,2879,6_S
1789466787.912246,2493,2881,6_S
1789466787.91479,2637,2879,6_S
1789466787.916079,2350,2879,6_S
1789466787.918634,2361,2879,6_S
1789466787.920943,2702,2880,6_S
1789466787.9247649,2716,2879,6_S
1789466787.92516,2613,2881,6_S
1789466787.927073,2093,2877,6_S
1789466787.9292312,2145,2877,6_S
1789466787.931572,2384,2879,6_S
1789466787.933747,2410,2878,6_S
1789466787.935678,2395,2879,6_S
1789466787.936735,2236,2879,6_S
1789466787.939121,2285,2880,6_S
1789466787.940224,2408,2879,6_S
1789466787.9423082,2312,2880,6_S
1789466787.944406,2352,2880,6_S
1789466787.946719,2369,2879,6_S
1789466787.948993,2299,2880,6_S
1789466787.950096,2167,2878,6_S
1789466787.952283,1750,2876,6_S
1789466787.954672,1948,2879,6_S
1789466787.9569972,2078,2880,6_S
1789466787.958302,2102,2878,6_S
1789466787.96036,2156,2880,6_S
1789466787.967127,2132,2878,6_S
1789466787.973088,2346,2879,6_S
1789466787.9763908,2481,2880,6_S
1789466787.979198,2103,2878,6_S
1789466787.979576,2214,2879,6_S
1789466787.9813309,2272,2879,6_S
1789466787.98192,2348,2878,6_S
1789466787.981987,1792,2877,6_S
1789466787.982053,1591,2876,6_S
1789466787.98212,2283,2879,6_S
1789466787.9822268,2288,2881,6_S
1789466787.984427,1909,2878,6_S
1789466787.9902651,2091,2878,6_S
1789466787.9937,1991,2878,6_S
1789466787.994161,2013,2877,6_S
1789466787.9953501,1878,2876,6_S
1789466787.997568,2138,2878,6_S
1789466788.000337,2423,2879,6_S
1789466788.000491,2100,2879,6_S
1789466788.0006,1724,2875,6_S
1789466788.0020921,1750,2878,6_S
1789466788.004472,2136,2880,6_S
1789466788.0070431,2007,2878,6_S
1789466788.008163,1887,2877,6_S
1789466788.010633,2095,2877,6_S
1789466788.012077,2197,2880,6_S
1789466788.014247,2201,2879,6_S
1789466788.01632,2275,2879,6_S
1789466788.018875,2052,2878,6_S
1789466788.0199628,2461,2880,6_S
1789466788.0221891,2279,2879,6_S
1789466788.024705,1399,2876,6_S
1789466788.026814,1684,2878,6_S
1789466788.028121,2027,2878,6_S
1789466788.034969,2546,2879,6_S
1789466788.037921,2043,2879,6_S
1789466788.0403142,1343,2875,6_S
1789466788.041471,1643,2876,6_S
1789466788.042349,2105,2879,6_S
1789466788.046428,1856,2877,6_S
1789466788.048616,1794,2877,6_S
1789466788.0492318,1929,2877,6_S
1789466788.0493,2045,2876,6_S
1789466788.04934,1987,2878,6_S
1789466788.05053,1899,2878,6_S
1789466788.057729,1956,2878,6_S
1789466788.059875,2464,2879,6_S
1789466788.062523,2546,2880,6_S
1789466788.0634508,2190,2879,6_S
1789466788.064351,1812,2879,6_S
1789466788.0657501,3188,2883,6_S
1789466788.068372,2357,2880,6_S
1789466788.068716,735,2876,6_S
1789466788.068893,1267,2876,6_S
1789466788.0710452,1758,2877,6_S
1789466788.072104,1974,2878,6_S
1789466788.074665,1843,2876,6_S
1789466788.075969,1562,2876,6_S
1789466788.0785909,2084,2879,6_S
1789466788.080914,2273,2879,6_S
1789466788.081983,2045,2875,6_S
1789466788.084308,2018,2877,6_S
1789466788.0866601,2060,2878,6_S
1789466788.088789,2385,2880,6_S
1789466788.090106,2087,2878,6_S
1789466788.0923252,1846,2876,6_S
1789466788.0946162,1894,2876,6_S
1789466788.096688,2065,2879,6_S
1789466788.098049,2154,2878,6_S
1789466788.1054888,2317,2879,6_S
1789466788.106842,2112,2878,6_S
1789466788.106982,2014,2877,6_S
1789466788.107096,2031,2877,6_S
1789466788.10864,2152,2880,6_S
1789466788.11042,2346,2879,6_S
1789466788.112087,1868,2876,6_S
1789466788.114722,1955,2877,6_S
1789466788.116468,2420,2879,6_S
1789466788.118779,1916,2877,6_S
1789466788.1199732,1801,2877,6_S
1789466788.123585,1899,2877,6_S
1789466788.1258519,1873,2877,6_S
1789466788.126095,1821,2877,6_S
1789466788.129442,1931,2876,6_S
1789466788.1336782,2065,2878,6_S
1789466788.133878,2100,2879,6_S
1789466788.134212,2285,2879,6_S
1789466788.1369338,2399,2880,6_S
1789466788.1382341,2205,2880,6_S
1789466788.140424,2095,2877,6_S
1789466788.142702,2068,2878,6_S
1789466788.144004,2219,2879,6_S
1789466788.1463192,2100,2878,6_S
1789466788.148631,2374,2878,6_S
1789466788.1499572,2335,2879,6_S
1789466788.152072,1971,2878,6_S
1789466788.154495,1832,2877,6_S
1789466788.157058,1785,2877,6_S
1789466788.1584792,1897,2878,6_S
1789466788.161055,1845,2877,6_S
1789466788.162369,1822,2877,6_S
1789466788.1652322,1895,2878,6_S
1789466788.169364,2259,2878,6_S
1789466788.170325,2060,2878,6_S
1789466788.170421,2163,2879,6_S
1789466788.172401,2317,2879,6_S
1789466788.1861398,2245,2878,6_S
1789466788.186252,2171,2878,6_S
1789466788.1863208,2281,2881,6_S
1789466788.186384,2225,2879,6_S
1789466788.186458,1663,2876,6_S
1789466788.186521,1617,2876,6_S
1789466788.186581,2123,2879,6_S
1789466788.202871,2380,2878,6_S
1789466788.203277,2091,2877,6_S
1789466788.205003,1866,2877,6_S
1789466788.205621,1875,2877,6_S
1789466788.205701,2191,2879,6_S
1789466788.206551,1981,2878,6_S
1789466788.206636,1893,2879,6_S
1789466788.206756,1959,2879,6_S
1789466788.206861,2160,2878,6_S
1789466788.207008,2248,2879,6_S
1789466788.208574,2454,2879,6_S
1789466788.209962,2745,2880,6_S
1789466788.220119,1982,2877,6_S
1789466788.222125,2004,2877,6_S
1789466788.2231529,1903,2875,6_S
1789466788.224782,1585,2876,6_S
1789466788.230133,1814,2876,6_S
1789466788.230231,1919,2876,6_S
1789466788.2303,1779,2876,6_S
1789466788.2303638,1733,2877,6_S
1789466788.230429,1944,2877,6_S
1789466788.2304919,2162,2880,6_S
1789466788.23314,2538,2879,6_S
1789466788.23799,2780,2879,6_S
1789466788.2391932,2251,2880,6_S
1789466788.241485,1665,2877,6_S
1789466788.241801,1828,2876,6_S
1789466788.2439091,1869,2879,6_S
1789466788.246287,1940,2877,6_S
1789466788.250947,1927,2877,6_S
1789466788.2512488,1891,2879,6_S
1789466788.251552,1952,2878,6_S
1789466788.253663,2153,2878,6_S
1789466788.255072,2596,2880,6_S
1789466788.256453,2293,2880,6_S
1789466788.259139,1878,2877,6_S
1789466788.260523,1784,2879,6_S
1789466788.262054,1946,2877,6_S
1789466788.2647529,2162,2879,6_S
1789466788.266071,2294,2878,6_S
1789466788.2684999,1773,2877,6_S
1789466788.271135,1855,2876,6_S
1789466788.272483,2124,2878,6_S
1789466788.2755451,2098,2877,6_S
1789466788.277005,1972,2877,6_S
1789466788.278395,2056,2876,6_S
1789466788.28093,2071,2876,6_S
1789466788.282471,1886,2877,6_S
1789466788.2851388,1870,2878,6_S
1789466788.2909162,1918,2877,6_S
1789466788.292195,2175,2878,6_S
1789466788.2948449,2153,2878,6_S
1789466788.2994492,2209,2877,6_S
1789466788.3017,2382,2880,6_S
1789466788.305509,2592,2881,6_S
1789466788.3086011,2112,2879,6_S
1789466788.308703,1800,2876,6_S
1789466788.30878,1971,2876,6_S
1789466788.308851,1792,2877,6_S
1789466788.3089159,2029,2876,6_S
1789466788.30898,1706,2877,6_S
1789466788.3103292,1570,2877,6_S
1789466788.317684,2093,2877,6_S
1789466788.319314,2006,2878,6_S
1789466788.321416,1844,2876,6_S
1789466788.323777,2212,2880,6_S
1789466788.32476,2539,2880,6_S
1789466788.326189,2783,2879,6_S
1789466788.326752,2393,2879,6_S
1789466788.332224,1774,2876,6_S
1789466788.3324852,1575,2877,6_S
1789466788.332722,1683,2877,6_S
1789466788.3349109,1743,2877,6_S
1789466788.334989,1867,2876,6_S
1789466788.33636,1776,2878,6_S
1789466788.339396,1805,2878,6_S
1789466788.340777,1904,2879,6_S
1789466788.342124,2216,2879,6_S
1789466788.344619,2210,2877,6_S
1789466788.3460522,2330,2878,6_S
1789466788.348612,2438,2879,6_S
1789466788.350042,2255,2879,6_S
1789466788.352674,1692,2876,6_S
1789466788.3540092,1759,2877,6_S
1789466788.356826,1858,2875,6_S
1789466788.358222,1943,2877,6_S
1789466788.360848,1901,2876,6_S
1789466788.362483,2018,2877,6_S
1789466788.365223,2155,2878,6_S
1789466788.3666172,2196,2878,6_S
1789466788.368022,2201,2879,6_S
1789466788.377634,2599,2880,6_S
1789466788.3795578,2456,2879,6_S
1789466788.384148,1914,2877,6_S
1789466788.390465,1537,2877,6_S
1789466788.390768,1926,2878,6_S
1789466788.393656,2157,2877,6_S
1789466788.3937979,2149,2879,6_S
1789466788.393897,1745,2875,6_S
1789466788.393965,1601,2875,6_S
1789466788.394027,1862,2880,6_S
1789466788.39409,1926,2876,6_S
1789466788.394151,1972,2877,6_S
1789466788.394214,2107,2877,6_S
1789466788.397221,2269,2879,6_S
1789466788.405934,2151,2879,6_S
1789466788.408565,2149,2878,6_S
1789466788.4104881,1973,2878,6_S
1789466788.416755,2153,2880,6_S
1789466788.417444,2088,2879,6_S
1789466788.417962,1999,2878,6_S
1789466788.419977,1962,2879,6_S
1789466788.420778,1940,2879,6_S
1789466788.420853,1982,2877,6_S
1789466788.420919,1979,2878,6_S
1789466788.42099,2037,2877,6_S
1789466788.4210508,2027,2878,6_S
1789466788.422399,2105,2879,6_S
1789466788.425194,2012,2877,6_S
1789466788.426592,1937,2879,6_S
1789466788.427973,2221,2878,6_S
1789466788.430656,2608,2881,6_S
1789466788.432052,1988,2878,6_S
1789466788.4349818,1731,2876,6_S
1789466788.4365299,1823,2876,6_S
1789466788.439861,2085,2878,6_S
1789466788.439949,2165,2879,6_S
1789466788.442592,2078,2876,6_S
1789466788.4439528,2363,2880,6_S
1789466788.4468899,2054,2878,6_S
1789466788.448339,1602,2876,6_S
1789466788.450967,1724,2877,6_S
1789466788.4523442,1910,2876,6_S
1789466788.454998,2086,2878,6_S
1789466788.4564512,1972,2879,6_S
1789466788.4655528,1833,2875,6_S
1789466788.465863,1865,2877,6_S
1789466788.466063,2054,2878,6_S
1789466788.468769,2455,2880,6_S
1789466788.470649,2448,2879,6_S
1789466788.4713001,2114,2879,6_S
1789466788.471489,1984,2876,6_S
1789466788.478789,2033,2877,6_S
1789466788.4794528,2056,2877,6_S
1789466788.48042,1811,2877,6_S
1789466788.485562,1772,2877,6_S
1789466788.4856179,1995,2877,6_S
1789466788.4858088,2295,2878,6_S
1789466788.485919,2331,2878,6_S
1789466788.485992,1989,2879,6_S
1789466788.494915,1904,2876,6_S
1789466788.495109,1762,2876,6_S
1789466788.4975371,1874,2878,6_S
1789466788.5008461,1965,2877,6_S
1789466788.502628,2010,2877,6_S
1789466788.505761,1949,2879,6_S
1789466788.510377,1995,2877,6_S
1789466788.5107672,2006,2878,6_S
1789466788.511338,2266,2880,6_S
1789466788.511651,2231,2880,6_S
1789466788.51443,2172,2877,6_S
1789466788.514528,2712,2881,6_S
1789466788.514603,2408,2880,6_S
1789466788.5146859,1506,2876,6_S
1789466788.5160608,1533,2877,6_S
1789466788.518682,1822,2877,6_S
1789466788.5200288,2005,2878,6_S
1789466788.522657,2047,2879,6_S
1789466788.524,1842,2877,6_S
1789466788.5266051,1827,2877,6_S
1789466788.528199,1966,2877,6_S
1789466788.530942,2198,2879,6_S
1789466788.5321758,2190,2878,6_S
1789466788.534791,2131,2879,6_S
1789466788.535949,2109,2879,6_S
1789466788.538613,2195,2878,6_S
1789466788.540104,1974,2877,6_S
1789466788.542752,1937,2878,6_S
1789466788.544095,2172,2880,6_S
1789466788.546797,2274,2880,6_S
1789466788.548312,2136,2878,6_S
1789466788.550991,2166,2879,6_S
1789466788.5523682,1872,2876,6_S
1789466788.563016,2038,2879,6_S
1789466788.5664792,1982,2876,6_S
1789466788.575946,1793,2877,6_S
1789466788.5764139,1921,2877,6_S
1789466788.5769012,1968,2877,6_S
1789466788.579616,1945,2876,6_S
1789466788.580422,1949,2877,6_S
1789466788.5804958,2025,2878,6_S
1789466788.580543,2181,2878,6_S
1789466788.580585,2118,2878,6_S
1789466788.580627,1918,2878,6_S
1789466788.5808918,1921,2877,6_S
1789466788.581012,1971,2877,6_S
1789466788.581119,2102,2877,6_S
1789466788.582196,2026,2878,6_S
1789466788.584833,2009,2878,6_S
1789466788.591074,2004,2878,6_S
1789466788.594383,2170,2878,6_S
1789466788.594681,2042,2877,6_S
1789466788.5948942,1960,2877,6_S
1789466788.597523,1986,2878,6_S
1789466788.598177,2088,2877,6_S
1789466788.59879,2107,2878,6_S
1789466788.600171,2057,2878,6_S
1789466788.602436,1954,2877,6_S
1789466788.606637,2082,2879,6_S
1789466788.606892,2077,2878,6_S
1789466788.6099079,1987,2876,6_S
1789466788.610025,1936,2879,6_S
1789466788.612598,1938,2879,6_S
1789466788.613954,2063,2877,6_S
1789466788.616052,1972,2876,6_S
1789466788.618626,1936,2878,6_S
1789466788.619935,1997,2878,6_S
1789466788.6225028,2084,2878,6_S
1789466788.6238651,1955,2877,6_S
1789466788.6262631,1892,2877,6_S
1789466788.628588,1995,2879,6_S
1789466788.629899,2097,2876,6_S
1789466788.6322198,2034,2879,6_S
1789466788.634785,1984,2879,6_S
1789466788.635874,1953,2878,6_S
1789466788.6381881,2115,2878,6_S
1789466788.640512,1992,2875,6_S
1789466788.64186,1918,2878,6_S
1789466788.644263,1980,2878,6_S
1789466788.6465778,2074,2878,6_S
1789466788.6522062,2069,2877,6_S
1789466788.653101,2030,2878,6_S
1789466788.6536582,1941,2878,6_S
1789466788.655941,2073,2877,6_S
1789466788.6562402,2029,2878,6_S
1789466788.65857,1937,2877,6_S
1789466788.660193,1986,2878,6_S
1789466788.662677,2088,2879,6_S
1789466788.666175,2149,2879,6_S
1789466788.6663418,2007,2879,6_S
1789466788.668841,1918,2878,6_S
1789466788.670182,2010,2879,6_S
1789466788.6725068,2077,2878,6_S
1789466788.677687,1942,2877,6_S
1789466788.6786208,1921,2878,6_S
1789466788.680396,1988,2878,6_S
1789466788.680637,2103,2877,6_S
1789466788.6833248,2082,2878,6_S
1789466788.6848588,1974,2877,6_S
1789466788.6868448,1921,2878,6_S
1789466788.6904461,2110,2878,6_S
1789466788.690646,2021,2877,6_S
1789466788.693054,1972,2879,6_S
1789466788.6941261,1985,2878,6_S
1789466788.6964438,2102,2878,6_S
1789466788.6985338,2071,2879,6_S
1789466788.700633,2037,2878,6_S
1789466788.7029529,1999,2877,6_S
1789466788.704016,2116,2878,6_S
1789466788.706356,2101,2880,6_S
1789466788.70892,1944,2878,6_S
1789466788.710221,2001,2877,6_S
1789466788.712597,2075,2879,6_S
1789466788.7149,2154,2880,6_S
1789466788.715963,2078,2878,6_S
1789466788.7180412,1965,2878,6_S
1789466788.720366,2092,2877,6_S
1789466788.722594,2155,2878,6_S
1789466788.7249038,2002,2876,6_S
1789466788.725965,2001,2878,6_S
1789466788.7287092,1999,2878,6_S
1789466788.733336,2149,2877,6_S
1789466788.73382,2086,2879,6_S
1789466788.7343879,2029,2878,6_S
1789466788.736546,1911,2877,6_S
1789466788.738838,2060,2878,6_S
1789466788.740494,2045,2880,6_S
1789466788.742497,1911,2878,6_S
1789466788.7458198,1987,2878,6_S
1789466788.746101,2169,2878,6_S
1789466788.748977,2134,2880,6_S
1789466788.7500238,2001,2877,6_S
1789466788.756254,1964,2878,6_S
1789466788.756753,2183,2879,6_S
1789466788.7568798,2184,2879,6_S
1789466788.759315,1953,2877,6_S
1789466788.76075,2026,2878,6_S
1789466788.762775,2158,2878,6_S
1789466788.7649841,2235,2881,6_S
1789466788.768137,2054,2879,6_S
1789466788.768422,1994,2877,6_S
1789466788.770813,2052,2878,6_S
1789466788.772171,2157,2879,6_S
1789466788.7743309,2096,2879,6_S
1789466788.776663,2034,2879,6_S
1789466788.778986,2029,2878,6_S
1789466788.780048,2162,2880,6_S
1789466788.7823622,2039,2876,6_S
1789466788.7849169,2011,2879,6_S
1789466788.7859662,1964,2877,6_S
1789466788.7882822,2074,2879,6_S
1789466788.790837,2077,2878,6_S
1789466788.79214,2007,2877,6_S
1789466788.7942169,2060,2878,6_S
1789466788.796779,2102,2878,6_S
1789466788.7978728,2180,2879,6_S
1789466788.800194,2091,2878,6_S
1789466788.802707,1993,2877,6_S
1789466788.807641,2115,2878,6_S
1789466788.808566,2084,2879,6_S
1789466788.809122,1947,2876,6_S
1789466788.8108501,1889,2879,6_S
1789466788.8125188,2066,2878,6_S
1789466788.815213,2334,2880,6_S
1789466788.8205261,2200,2879,6_S
1789466788.821128,1967,2878,6_S
1789466788.821595,2030,2878,6_S
1789466788.8239691,2136,2879,6_S
1789466788.824045,2004,2877,6_S
1789466788.8261251,1948,2878,6_S
1789466788.832715,1965,2879,6_S
1789466788.833586,2112,2877,6_S
1789466788.8350248,2058,2879,6_S
1789466788.8353338,2024,2878,6_S
1789466788.837069,2014,2879,6_S
1789466788.839165,2151,2878,6_S
1789466788.843976,2132,2879,6_S
1789466788.8441558,2035,2879,6_S
1789466788.8443708,2074,2879,6_S
1789466788.846713,2090,2879,6_S
1789466788.848825,2090,2880,6_S
1789466788.8498921,2082,2879,6_S
1789466788.851985,2031,2879,6_S
1789466788.8540952,2105,2878,6_S
1789466788.8561869,2180,2879,6_S
1789466788.858519,2049,2877,6_S
1789466788.860595,1994,2878,6_S
1789466788.862904,2112,2878,6_S
1789466788.8639622,2164,2880,6_S
1789466788.86605,2010,2879,6_S
1789466788.8681269,2038,2878,6_S
1789466788.870452,2022,2877,6_S
1789466788.872777,2116,2879,6_S
1789466788.8740768,2137,2880,6_S
1789466788.876405,2107,2878,6_S
1789466788.878988,2005,2877,6_S
1789466788.8841689,2059,2878,6_S
1789466788.884782,1986,2877,6_S
1789466788.8871481,2000,2878,6_S
1789466788.887362,1994,2877,6_S
1789466788.889075,2054,2877,6_S
1789466788.891587,1985,2878,6_S
1789466788.895945,1921,2877,6_S
1789466788.8962638,1950,2877,6_S
1789466788.896493,2151,2878,6_S
1789466788.898787,2221,2879,6_S
1789466788.8999171,2215,2878,6_S
1789466788.9023092,2106,2878,6_S
1789466788.9071739,2107,2877,6_S
1789466788.908103,2097,2879,6_S
1789466788.908664,2002,2877,6_S
1789466788.91045,1969,2877,6_S
1789466788.91269,2103,2878,6_S
1789466788.9146152,2143,2880,6_S
1789466788.916786,2043,2878,6_S
1789466788.919769,1981,2877,6_S
1789466788.9201999,2101,2878,6_S
1789466788.922552,2258,2879,6_S
1789466788.9238982,2002,2877,6_S
1789466788.926234,2023,2878,6_S
1789466788.928811,2052,2878,6_S
1789466788.929902,2177,2877,6_S
1789466788.932236,2200,2879,6_S
1789466788.934579,2056,2878,6_S
1789466788.9366689,1792,2875,6_S
1789466788.9379761,2172,2879,6_S
1789466788.940299,2207,2879,6_S
1789466788.942623,1934,2877,6_S
1789466788.943925,1949,2879,6_S
1789466788.946005,2011,2878,6_S
1789466788.948104,2147,2880,6_S
1789466788.9507682,2007,2878,6_S
1789466788.95214,1934,2878,6_S
1789466788.954313,2082,2878,6_S
1789466788.95694,2028,2878,6_S
1789466788.958028,2018,2877,6_S
1789466788.9645262,2038,2879,6_S
1789466788.965138,2171,2877,6_S
1789466788.9669151,2276,2879,6_S
1789466788.968454,2112,2879,6_S
1789466788.970548,1952,2877,6_S
1789466788.97371,1984,2878,6_S
1789466788.973929,2208,2878,6_S
1789466788.9770172,2061,2879,6_S
1789466788.977376,1937,2878,6_S
1789466788.979978,2115,2878,6_S
1789466788.980085,2251,2880,6_S
1789466788.982569,2088,2879,6_S
1789466788.983895,2108,2877,6_S
1789466788.989152,2039,2877,6_S
1789466788.990239,2070,2878,6_S
1789466788.992577,1925,2877,6_S
1789466788.9927711,1924,2878,6_S
1789466788.995376,1912,2878,6_S
1789466788.9989069,2007,2877,6_S
1789466788.999063,2162,2878,6_S
1789466789.002205,1986,2878,6_S
1789466789.002512,1896,2877,6_S
1789466789.0049942,2076,2879,6_S
1789466789.0062988,2132,2878,6_S
1789466789.008868,1980,2877,6_S
1789466789.010185,1976,2878,6_S
1789466789.01228,2044,2878,6_S
1789466789.014613,2174,2881,6_S
1789466789.016038,2132,2879,6_S
1789466789.0184572,2063,2878,6_S
1789466789.020808,2045,2879,6_S
1789466789.022058,2252,2879,6_S
1789466789.02471,2046,2878,6_S
1789466789.0260081,1975,2878,6_S
1789466789.028681,2019,2879,6_S
1789466789.030057,2158,2880,6_S
1789466789.032727,2076,2879,6_S
1789466789.034081,2038,2878,6_S
1789466789.0364642,1977,2878,6_S
1789466789.037857,2123,2879,6_S
1789466789.0453608,2082,2880,6_S
1789466789.045535,1959,2879,6_S
1789466789.0504792,2037,2878,6_S
1789466789.051046,2129,2879,6_S
1789466789.052266,2172,2880,6_S
1789466789.052871,2042,2877,6_S
1789466789.054975,2023,2878,6_S
1789466789.055277,2144,2879,6_S
1789466789.0583029,2114,2879,6_S
1789466789.05856,2015,2877,6_S
1789466789.061116,2077,2878,6_S
1789466789.06219,2195,2878,6_S
1789466789.0642738,2218,2879,6_S
1789466789.0709498,2118,2878,6_S
1789466789.071871,1977,2877,6_S
1789466789.073344,2041,2877,6_S
1789466789.073478,2181,2878,6_S
1789466789.075852,2025,2877,6_S
1789466789.0767639,1962,2879,6_S
1789466789.07984,2089,2878,6_S
1789466789.080101,2164,2880,6_S
1789466789.085398,2072,2879,6_S
1789466789.085446,2025,2878,6_S
1789466789.0868359,2018,2878,6_S
1789466789.0882182,2174,2879,6_S
1789466789.090807,2107,2879,6_S
1789466789.092166,2019,2878,6_S
1789466789.094816,2100,2878,6_S
1789466789.096247,2223,2879,6_S
1789466789.098942,2120,2878,6_S
1789466789.1003149,2016,2878,6_S
1789466789.102457,1980,2877,6_S
1789466789.104855,2118,2878,6_S
1789466789.105986,2143,2879,6_S
1789466789.108597,2015,2877,6_S
1789466789.109928,1978,2878,6_S
1789466789.112076,2081,2877,6_S
1789466789.114603,2239,2880,6_S
1789466789.1169128,2121,2879,6_S
1789466789.11829,2032,2877,6_S
1789466789.126789,2069,2877,6_S
1789466789.129428,2182,2878,6_S
1789466789.130044,2047,2876,6_S
1789466789.1348748,1988,2877,6_S
1789466789.1358871,2021,2878,6_S
1789466789.136267,2176,2879,6_S
1789466789.1386108,2045,2878,6_S
1789466789.1416068,2044,2877,6_S
1789466789.1420019,2014,2877,6_S
1789466789.1423948,2163,2878,6_S
1789466789.142619,2083,2879,6_S
1789466789.143042,1982,2877,6_S
1789466789.146183,2020,2877,6_S
1789466789.146246,2113,2877,6_S
1789466789.148896,2157,2878,6_S
1789466789.156707,2101,2878,6_S
1789466789.158556,2031,2878,6_S
1789466789.160643,2120,2878,6_S
1789466789.162902,2156,2880,6_S
1789466789.165521,2039,2877,6_S
1789466789.168913,2012,2877,6_S
1789466789.169277,2109,2878,6_S
1789466789.1714408,2212,2879,6_S
1789466789.172251,2111,2878,6_S
1789466789.1723678,2029,2879,6_S
1789466789.172449,2031,2877,6_S
1789466789.172561,2158,2878,6_S
1789466789.173921,2008,2877,6_S
1789466789.176366,1936,2879,6_S
1789466789.179069,2030,2879,6_S
1789466789.1805062,2212,2879,6_S
1789466789.182178,2095,2879,6_S
1789466789.1851149,2044,2878,6_S
1789466789.186431,1985,2878,6_S
1789466789.188641,2135,2878,6_S
1789466789.189891,2018,2877,6_S
1789466789.192922,2013,2878,6_S
1789466789.1942751,2014,2877,6_S
1789466789.1962419,2194,2879,6_S
1789466789.198876,2102,2878,6_S
1789466789.200276,2022,2878,6_S
1789466789.202761,1983,2878,6_S
1789466789.203891,2103,2879,6_S
1789466789.206514,2152,2880,6_S
1789466789.2089229,2024,2878,6_S
1789466789.210038,1950,2878,6_S
1789466789.217219,2065,2878,6_S
1789466789.218821,2200,2877,6_S
1789466789.2209768,2070,2878,6_S
1789466789.2233028,2009,2878,6_S
1789466789.2245278,2029,2877,6_S
1789466789.225308,2209,2879,6_S
1789466789.22695,2072,2880,6_S
1789466789.232844,1966,2878,6_S
1789466789.235044,2035,2878,6_S
1789466789.235884,2150,2877,6_S
1789466789.235989,2086,2880,6_S
1789466789.2360451,2050,2878,6_S
1789466789.2361019,1942,2878,6_S
1789466789.23905,2101,2878,6_S
1789466789.240212,2078,2879,6_S
1789466789.2475479,1969,2877,6_S
1789466789.248796,2023,2878,6_S
1789466789.251195,2136,2878,6_S
1789466789.253571,2163,2880,6_S
1789466789.2563672,2062,2878,6_S
1789466789.259895,1967,2877,6_S
1789466789.2630641,2157,2878,6_S
1789466789.2636008,2184,2879,6_S
1789466789.2664058,2012,2877,6_S
1789466789.266568,1970,2878,6_S
1789466789.2666922,2085,2878,6_S
1789466789.266769,2196,2879,6_S
1789466789.2669199,2099,2878,6_S
1789466789.268277,1981,2878,6_S
1789466789.270668,2001,2878,6_S
1789466789.2718651,2142,2878,6_S
1789466789.274248,2053,2877,6_S
1789466789.276372,2006,2878,6_S
1789466789.27933,2035,2878,6_S
1789466789.280693,2138,2877,6_S
1789466789.28218,2105,2878,6_S
1789466789.284651,1994,2878,6_S
1789466789.285892,1928,2877,6_S
1789466789.288587,2110,2877,6_S
1789466789.28999,2067,2878,6_S
1789466789.292368,1963,2877,6_S
1789466789.294841,2028,2879,6_S
1789466789.296503,2120,2878,6_S
1789466789.298031,2217,2880,6_S
1789466789.328286,2096,2879,6_S
1789466789.328379,1998,2877,6_S
1789466789.3645282,2157,2878,6_S
1789466789.365024,2180,2878,6_S
1789466789.3652291,2036,2877,6_S
1789466789.3654132,1983,2878,6_S
1789466789.365463,2068,2879,6_S
1789466789.365528,2226,2879,6_S
1789466789.3655858,2069,2879,6_S
1789466789.3656619,2002,2878,6_S
1789466789.3657322,2014,2878,6_S
1789466789.3658361,2135,2880,6_S
1789466789.3658822,2033,2877,6_S
1789466789.3659258,1954,2879,6_S
1789466789.36597,2014,2878,6_S
1789466789.366015,2173,2880,6_S
1789466789.366063,2073,2879,6_S
1789466789.366106,2019,2877,6_S
1789466789.366219,2021,2877,6_S
1789466789.366411,2166,2878,6_S
1789466789.366507,2109,2879,6_S
1789466789.366577,2000,2877,6_S
1789466789.3666492,2037,2879,6_S
1789466789.366715,2123,2877,6_S
1789466789.366782,2163,2879,6_S
1789466789.36689,2102,2878,6_S
1789466789.366942,2011,2878,6_S
1789466789.367018,2092,2879,6_S
1789466789.3670652,2147,2880,6_S
1789466789.3671281,1977,2877,6_S
1789466789.367223,1977,2878,6_S
1789466789.367272,2082,2876,6_S
1789466789.367337,2206,2879,6_S
1789466789.367386,2099,2878,6_S
1789466789.368813,2023,2877,6_S
1789466789.370234,2009,2878,6_S
1789466789.377286,2204,2879,6_S
1789466789.377342,2089,2878,6_S
1789466789.377387,1905,2878,6_S
1789466789.381136,2032,2878,6_S
1789466789.381653,2176,2880,6_S
1789466789.384428,2071,2879,6_S
1789466789.384481,2093,2878,6_S
1789466789.3858829,2010,2878,6_S
1789466789.388065,2125,2878,6_S
1789466789.390455,2088,2878,6_S
1789466789.392875,2027,2876,6_S
1789466789.394155,2045,2877,6_S
1789466789.396501,2103,2878,6_S
1789466789.3980958,2134,2880,6_S
1789466789.400516,2015,2877,6_S
1789466789.4028301,1966,2878,6_S
1789466789.403935,2072,2878,6_S
1789466789.413014,2125,2879,6_S
1789466789.4163048,1993,2877,6_S
1789466789.4180841,1999,2879,6_S
1789466789.4194298,2083,2877,6_S
1789466789.421155,2225,2881,6_S
1789466789.4231439,2100,2879,6_S
1789466789.425426,2031,2877,6_S
1789466789.4287271,2027,2878,6_S
1789466789.4294348,2204,2879,6_S
1789466789.432565,2087,2879,6_S
1789466789.4326751,1993,2878,6_S
1789466789.432832,2056,2878,6_S
1789466789.432967,2174,2880,6_S
1789466789.433096,2101,2878,6_S
1789466789.434475,2028,2878,6_S
1789466789.442032,1964,2878,6_S
1789466789.4438431,2146,2878,6_S
1789466789.446332,2124,2880,6_S
1789466789.4491131,1966,2877,6_S
1789466789.452331,1932,2878,6_S
1789466789.454627,2109,2878,6_S
1789466789.45789,2188,2879,6_S
1789466789.4585369,2105,2879,6_S
1789466789.4594429,2004,2878,6_S
1789466789.4619179,2080,2878,6_S
1789466789.462667,2162,2879,6_S
1789466789.462719,2003,2877,6_S
1789466789.4628139,1960,2877,6_S
1789466789.46286,2089,2878,6_S
1789466789.464319,2202,2879,6_S
1789466789.466757,2075,2878,6_S
1789466789.468122,2011,2877,6_S
1789466789.4705448,2010,2878,6_S
1789466789.471972,2173,2879,6_S
1789466789.474591,2022,2877,6_S
1789466789.4769752,1968,2879,6_S
1789466789.478452,2050,2878,6_S
1789466789.479891,2184,2880,6_S
1789466789.4823139,2095,2879,6_S
1789466789.484896,2017,2877,6_S
1789466789.486263,1974,2877,6_S
1789466789.488412,2132,2878,6_S
1789466789.4909608,2081,2879,6_S
1789466789.492301,1965,2877,6_S
1789466789.494838,1989,2879,6_S
1789466789.496219,2085,2877,6_S
1789466789.4993641,2145,2879,6_S
1789466789.500768,2085,2878,6_S
1789466789.50192,1987,2878,6_S
1789466789.510175,2078,2879,6_S
1789466789.510452,2178,2879,6_S
1789466789.512671,2051,2878,6_S
1789466789.5128808,2050,2878,6_S
1789466789.513122,2149,2878,6_S
1789466789.5152798,2280,2880,6_S
1789466789.5175092,2111,2878,6_S
1789466789.520427,2010,2877,6_S
1789466789.523349,1941,2877,6_S
1789466789.523678,2077,2879,6_S
1789466789.526473,2018,2878,6_S
1789466789.526693,2015,2878,6_S
1789466789.528011,2205,2879,6_S
1789466789.5301042,2245,2879,6_S
1789466789.537788,2144,2879,6_S
1789466789.540102,2283,2879,6_S
1789466789.5404959,2233,2879,6_S
1789466789.5430532,2022,2879,6_S
1789466789.5446668,1878,2877,6_S
1789466789.545231,1910,2878,6_S
1789466789.545869,1976,2878,6_S
1789466789.548465,1902,2876,6_S
1789466789.5514932,1895,2876,6_S
1789466789.5518138,2083,2878,6_S
1789466789.5520551,2292,2879,6_S
1789466789.5549219,2164,2878,6_S
1789466789.556266,2441,2879,6_S
1789466789.5583591,2214,2879,6_S
1789466789.560458,2165,2878,6_S
1789466789.562935,2136,2878,6_S
1789466789.564,1879,2878,6_S
1789466789.56659,1570,2876,6_S
1789466789.567948,1729,2876,6_S
1789466789.5707572,1893,2878,6_S
1789466789.572085,2129,2877,6_S
1789466789.574175,2253,2879,6_S
1789466789.576436,1912,2878,6_S
1789466789.57855,1825,2877,6_S
1789466789.5809028,2596,2880,6_S
1789466789.5822132,2743,2880,6_S
1789466789.584567,1934,2877,6_S
1789466789.58691,1543,2877,6_S
1789466789.588345,1918,2877,6_S
1789466789.590917,2212,2879,6_S
1789466789.592236,2100,2878,6_S
1789466789.599496,1691,2877,6_S
1789466789.60017,2090,2878,6_S
1789466789.60079,2340,2879,6_S
1789466789.6009731,2096,2880,6_S
1789466789.603373,2293,2879,6_S
1789466789.6063879,2289,2880,6_S
1789466789.607032,2081,2879,6_S
1789466789.611089,1808,2877,6_S
1789466789.61143,1974,2877,6_S
1789466789.61442,2429,2881,6_S
1789466789.6147058,2337,2880,6_S
1789466789.617086,2084,2879,6_S
1789466789.618401,2424,2878,6_S
1789466789.620991,1692,2876,6_S
1789466789.6273139,1356,2876,6_S
1789466789.627431,1563,2876,6_S
1789466789.628097,1801,2877,6_S
1789466789.629243,1820,2877,6_S
1789466789.631549,2004,2878,6_S
1789466789.6340768,2014,2879,6_S
1789466789.634725,2003,2878,6_S
1789466789.638879,2215,2878,6_S
1789466789.6420338,2593,2881,6_S
1789466789.642349,2693,2880,6_S
1789466789.643017,2186,2877,6_S
1789466789.645748,1663,2878,6_S
1789466789.6459122,2042,2878,6_S
1789466789.648181,2258,2879,6_S
1789466789.650613,1945,2878,6_S
1789466789.651948,1611,2875,6_S
1789466789.6544042,1725,2877,6_S
1789466789.6568499,2001,2877,6_S
1789466789.658169,2216,2879,6_S
1789466789.660527,2598,2880,6_S
1789466789.661846,2495,2880,6_S
1789466789.6644301,1895,2875,6_S
1789466789.666913,1757,2877,6_S
1789466789.668204,2044,2879,6_S
1789466789.670503,2331,2879,6_S
1789466789.672744,2532,2880,6_S
1789466789.674078,1930,2877,6_S
1789466789.676401,2392,2880,6_S
1789466789.678976,2188,2880,6_S
1789466789.680297,1464,2877,6_S
1789466789.682382,1560,2877,6_S
1789466789.6884391,1987,2876,6_S
1789466789.689692,1879,2877,6_S
1789466789.690258,1993,2878,6_S
1789466789.690835,1573,2876,6_S
1789466789.6929789,1555,2875,6_S
1789466789.694931,1911,2877,6_S
1789466789.696842,2097,2877,6_S
1789466789.699189,2365,2880,6_S
1789466789.701867,2143,2879,6_S
1789466789.702017,2023,2878,6_S
1789466789.704659,2570,2879,6_S
1789466789.706024,2836,2881,6_S
1789466789.708107,1615,2876,6_S
1789466789.713186,1615,2877,6_S
1789466789.714354,1744,2877,6_S
1789466789.714463,1824,2877,6_S
1789466789.716845,1840,2876,6_S
1789466789.719351,1791,2877,6_S
1789466789.7210188,1761,2878,6_S
1789466789.726105,2001,2878,6_S
1789466789.726322,2225,2879,6_S
1789466789.726718,2154,2880,6_S
1789466789.7294562,2055,2877,6_S
1789466789.7305238,2408,2879,6_S
1789466789.731829,2372,2880,6_S
1789466789.733938,2238,2879,6_S
1789466789.736035,2492,2880,6_S
1789466789.738518,2107,2879,6_S
1789466789.739864,1779,2876,6_S
1789466789.742192,1586,2877,6_S
1789466789.744319,1790,2879,6_S
1789466789.7466052,2173,2877,6_S
1789466789.7479098,2584,2879,6_S
1789466789.750001,2235,2879,6_S
1789466789.7521799,1853,2877,6_S
1789466789.754544,1977,2878,6_S
1789466789.756873,2020,2879,6_S
1789466789.758178,1960,2878,6_S
1789466789.76074,2022,2877,6_S
1789466789.762038,2330,2879,6_S
1789466789.764364,2875,2881,6_S
1789466789.772182,2760,2882,6_S
1789466789.7728078,1670,2876,6_S
1789466789.7807481,1362,2876,6_S
1789466789.781385,2181,2877,6_S
1789466789.7820039,2060,2878,6_S
1789466789.7825952,1822,2877,6_S
1789466789.783117,1759,2877,6_S
1789466789.7837498,1836,2875,6_S
1789466789.78562,1796,2876,6_S
1789466789.7885172,1994,2879,6_S
1789466789.788744,1795,2876,6_S
1789466789.788973,2120,2879,6_S
1789466789.791712,2142,2878,6_S
1789466789.791801,2199,2877,6_S
1789466789.794194,2275,2879,6_S
1789466789.8010828,2406,2881,6_S
1789466789.8039591,2173,2879,6_S
1789466789.807752,1866,2877,6_S
1789466789.8089468,1786,2876,6_S
1789466789.8094752,2263,2880,6_S
1789466789.811786,2892,2881,6_S
1789466789.814823,2509,2879,6_S
1789466789.814992,1977,2877,6_S
1789466789.815281,2067,2876,6_S
1789466789.8155,2037,2877,6_S
1789466789.817439,2890,2880,6_S
1789466789.818789,3340,2882,6_S
1789466789.819851,1924,2877,6_S
1789466789.822314,1775,2876,6_S
1789466789.824877,2332,2880,6_S
1789466789.8261771,990,2877,6_S
1789466789.828504,1094,2878,6_S
1789466789.829812,1530,2878,6_S
1789466789.8318841,1717,2876,6_S
1789466789.83445,1839,2878,6_S
1789466789.835768,2215,2879,6_S
1789466789.8382761,1957,2877,6_S
1789466789.840558,1935,2876,6_S
1789466789.841862,2388,2877,6_S
1789466789.844182,2499,2878,6_S
1789466789.846987,2398,2878,6_S
1789466789.848136,2386,2880,6_S
1789466789.850446,2016,2878,6_S
1789466789.8517902,1705,2877,6_S
1789466789.858645,1776,2879,6_S
1789466789.86056,2141,2879,6_S
1789466789.86223,2257,2880,6_S
1789466789.862464,2082,2878,6_S
1789466789.864307,2187,2877,6_S
1789466789.8647711,2335,2880,6_S
1789466789.866993,2082,2879,6_S
1789466789.869063,2038,2878,6_S
1789466789.872064,2078,2878,6_S
1789466789.872438,2182,2878,6_S
1789466789.8747132,2274,2880,6_S
1789466789.876023,2508,2880,6_S
1789466789.878628,2368,2880,6_S
1789466789.882817,2094,2877,6_S
1789466789.883687,2209,2879,6_S
1789466789.884564,2166,2878,6_S
1789466789.886556,1907,2878,6_S
1789466789.8887281,2083,2879,6_S
1789466789.890532,2342,2879,6_S
1789466789.8924742,2244,2879,6_S
1789466789.895133,1972,2876,6_S
1789466789.897364,1907,2878,6_S
1789466789.898443,2136,2877,6_S
1789466789.89991,2253,2879,6_S
1789466789.902262,2355,2878,6_S
1789466789.9048162,2003,2878,6_S
1789466789.906147,1714,2876,6_S
1789466789.90872,1824,2878,6_S
1789466789.910021,1935,2878,6_S
1789466789.912592,2123,2878,6_S
1789466789.913895,2334,2881,6_S
1789466789.9164538,2300,2879,6_S
1789466789.9177659,1887,2877,6_S
1789466789.920099,1944,2878,6_S
1789466789.9221828,2885,2880,6_S
1789466789.92451,2350,2880,6_S
1789466789.925813,1582,2878,6_S
1789466789.927949,1789,2878,6_S
1789466789.9305248,1844,2878,6_S
1789466789.9360058,1859,2877,6_S
1789466789.936121,1761,2876,6_S
1789466789.937164,1718,2876,6_S
1789466789.939052,1943,2879,6_S
1789466789.940566,2013,2878,6_S
1789466789.945056,2169,2878,6_S
1789466789.945318,2317,2879,6_S
1789466789.948122,2412,2879,6_S
1789466789.948278,2505,2879,6_S
1789466789.9501739,2149,2880,6_S
1789466789.9527411,1794,2875,6_S
1789466789.9540448,1928,2876,6_S
1789466789.958963,2122,2879,6_S
1789466789.960692,2225,2879,6_S
1789466789.962007,2239,2878,6_S
1789466789.962322,1958,2876,6_S
1789466789.963978,2311,2880,6_S
1789466789.967689,2032,2877,6_S
1789466789.970347,2010,2877,6_S
1789466789.9727302,2031,2879,6_S
1789466789.973235,2147,2879,6_S
1789466789.974541,1917,2876,6_S
1789466789.97584,1751,2875,6_S
1789466789.978168,1850,2876,6_S
1789466789.9807491,2114,2877,6_S
1789466789.982052,2201,2880,6_S
1789466789.9843671,2144,2880,6_S
1789466789.98693,2111,2879,6_S
1789466789.988232,2259,2879,6_S
1789466789.990305,2486,2880,6_S
1789466789.9928598,2211,2880,6_S
1789466789.994051,1893,2878,6_S
1789466789.996384,1961,2879,6_S
1789466789.998695,2052,2877,6_S
1789466790.000824,2037,2878,6_S
1789466790.002121,2187,2879,6_S
1789466790.00468,2179,2878,6_S
1789466790.0059788,2211,2879,6_S
1789466790.011182,1884,2876,6_S
1789466790.011712,2026,2876,6_S
1789466790.014004,2085,2878,6_S
1789466790.014205,2553,2881,6_S
1789466790.017604,2153,2878,6_S
1789466790.019543,1906,2875,6_S
1789466790.022198,1863,2875,6_S
1789466790.022531,1993,2878,6_S
1789466790.0249212,2239,2879,6_S
1789466790.02623,1981,2876,6_S
1789466790.033008,1905,2877,6_S
1789466790.033956,2659,2880,6_S
1789466790.034445,2128,2880,6_S
1789466790.0357802,1419,2876,6_S
1789466790.035979,1772,2876,6_S
1789466790.039079,2122,2879,6_S
1789466790.044791,2066,2879,6_S
1789466790.045055,1903,2876,6_S
1789466790.045249,2068,2880,6_S
1789466790.047489,2299,2880,6_S
1789466790.0485609,2218,2880,6_S
1789466790.0508642,2162,2880,6_S
1789466790.052178,2228,2878,6_S
1789466790.0545611,2739,2880,6_S
1789466790.056638,2303,2879,6_S
1789466790.058948,1621,2877,6_S
1789466790.060245,1651,2877,6_S
1789466790.06255,1922,2877,6_S
1789466790.063843,2158,2879,6_S
1789466790.066394,2132,2879,6_S
1789466790.067762,2030,2878,6_S
1789466790.069841,2016,2879,6_S
1789466790.0724149,2082,2880,6_S
1789466790.073768,2249,2879,6_S
1789466790.076276,2045,2877,6_S
1789466790.078849,2151,2878,6_S
1789466790.083808,2262,2880,6_S
1789466790.084359,1924,2877,6_S
1789466790.084918,2077,2879,6_S
1789466790.086748,2140,2878,6_S
1789466790.088777,2289,2879,6_S
1789466790.09076,2265,2879,6_S
1789466790.0922189,2204,2880,6_S
1789466790.0949252,2699,2881,6_S
1789466790.0967329,2058,2877,6_S
1789466790.0980449,1063,2876,6_S
1789466790.100192,1692,2877,6_S
1789466790.104911,1907,2876,6_S
1789466790.105806,1969,2879,6_S
1789466790.107465,2048,2877,6_S
1789466790.1091998,2006,2879,6_S
1789466790.110537,1874,2876,6_S
1789466790.112879,2373,2880,6_S
1789466790.115669,2341,2879,6_S
1789466790.11744,2274,2877,6_S
1789466790.118743,2044,2877,6_S
1789466790.120089,2129,2879,6_S
1789466790.1226711,1953,2879,6_S
1789466790.124064,1587,2876,6_S
1789466790.12664,1761,2876,6_S
1789466790.12897,1864,2877,6_S
1789466790.130034,2300,2879,6_S
1789466790.132591,2136,2877,6_S
1789466790.1349041,2166,2879,6_S
1789466790.1362078,2109,2878,6_S
1789466790.138768,2150,2878,6_S
1789466790.139829,1938,2875,6_S
1789466790.141896,2208,2879,6_S
1789466790.144217,2930,2881,6_S
1789466790.146521,2150,2878,6_S
1789466790.1478221,1138,2876,6_S
1789466790.152658,1805,2877,6_S
1789466790.1532931,1980,2878,6_S
1789466790.155733,2082,2877,6_S
1789466790.15774,2403,2880,6_S
1789466790.1582,2308,2879,6_S
1789466790.161292,1930,2878,6_S
1789466790.16431,2406,2878,6_S
1789466790.164474,2000,2877,6_S
1789466790.166089,1607,2879,6_S
1789466790.168766,1889,2876,6_S
1789466790.170083,2146,2877,6_S
1789466790.175605,2106,2878,6_S
1789466790.176586,1717,2878,6_S
1789466790.177912,1420,2874,6_S
1789466790.1781278,1633,2876,6_S
1789466790.181171,2128,2876,6_S
1789466790.183228,2522,2879,6_S
1789466790.186197,2668,2880,6_S
1789466790.1864388,2338,2878,6_S
1789466790.188685,2130,2878,6_S
1789466790.189997,1970,2878,6_S
1789466790.19242,1732,2876,6_S
1789466790.194983,1900,2877,6_S
1789466790.196028,2135,2879,6_S
1789466790.198336,2185,2881,6_S
1789466790.2006469,2039,2876,6_S
1789466790.201942,2147,2878,6_S
1789466790.20435,2481,2878,6_S
1789466790.206466,2429,2879,6_S
1789466790.209059,1974,2878,6_S
1789466790.2103648,2389,2879,6_S
1789466790.212679,2118,2877,6_S
1789466790.213973,1480,2877,6_S
1789466790.2160451,1850,2877,6_S
1789466790.2183611,2103,2877,6_S
1789466790.2239392,1959,2879,6_S
1789466790.2251909,2191,2879,6_S
1789466790.226517,2203,2878,6_S
1789466790.226697,1996,2878,6_S
1789466790.228346,2227,2880,6_S
1789466790.2299242,1917,2877,6_S
1789466790.232086,1915,2878,6_S
1789466790.23506,2059,2877,6_S
1789466790.237277,1991,2877,6_S
1789466790.238592,1933,2878,6_S
1789466790.241034,1932,2878,6_S
1789466790.245285,1828,2877,6_S
1789466790.2460768,1845,2876,6_S
1789466790.2461948,2177,2877,6_S
1789466790.249503,2586,2880,6_S
1789466790.251518,2604,2881,6_S
1789466790.25304,2145,2878,6_S
1789466790.255986,1860,2875,6_S
1789466790.256331,2030,2878,6_S
1789466790.2580118,1702,2876,6_S
1789466790.260097,1724,2877,6_S
1789466790.262174,1817,2877,6_S
1789466790.2645,2092,2877,6_S
1789466790.265802,2266,2880,6_S
1789466790.267947,2552,2880,6_S
1789466790.270528,2111,2879,6_S
1789466790.2726269,2504,2880,6_S
1789466790.273833,2363,2879,6_S
1789466790.276385,1501,2877,6_S
1789466790.278937,1945,2878,6_S
1789466790.280166,1999,2878,6_S
1789466790.282725,1722,2877,6_S
1789466790.2848032,1903,2878,6_S
1789466790.2861052,1874,2878,6_S
1789466790.2884212,1908,2878,6_S
1789466790.293273,2152,2879,6_S
1789466790.293375,2105,2877,6_S
1789466790.294797,2024,2878,6_S
1789466790.296303,2280,2879,6_S
1789466790.298236,2402,2879,6_S
1789466790.301456,2325,2879,6_S
1789466790.305116,1904,2877,6_S
1789466790.305304,1744,2875,6_S
1789466790.3076842,1923,2875,6_S
1789466790.307754,1903,2877,6_S
1789466790.310317,1920,2878,6_S
1789466790.314521,2051,2877,6_S
1789466790.314985,2167,2879,6_S
1789466790.317649,2085,2879,6_S
1789466790.319345,2065,2878,6_S
1789466790.321601,2309,2880,6_S
1789466790.3230872,2355,2879,6_S
1789466790.325994,2575,2881,6_S
1789466790.326143,2256,2879,6_S
1789466790.3278542,1680,2878,6_S
1789466790.330179,1584,2877,6_S
1789466790.3327339,2177,2877,6_S
1789466790.333934,1947,2877,6_S
1789466790.336504,1799,2878,6_S
1789466790.338793,1849,2877,6_S
1789466790.3401349,1905,2878,6_S
1789466790.342211,1942,2877,6_S
1789466790.344539,2001,2877,6_S
1789466790.346844,2170,2878,6_S
1789466790.348094,2296,2880,6_S
1789466790.3501801,2170,2878,6_S
1789466790.3522592,2115,2878,6_S
1789466790.354344,1968,2878,6_S
1789466790.3568919,2106,2878,6_S
1789466790.357953,2017,2877,6_S
1789466790.3641741,2009,2878,6_S
1789466790.365557,2282,2881,6_S
1789466790.366823,2447,2879,6_S
1789466790.367038,2237,2880,6_S
1789466790.368685,2013,2877,6_S
1789466790.3707058,1774,2877,6_S
1789466790.372591,1816,2877,6_S
1789466790.37565,1894,2877,6_S
1789466790.378016,2241,2880,6_S
1789466790.378058,2327,2880,6_S
1789466790.3806112,2327,2879,6_S
1789466790.385537,1658,2876,6_S
1789466790.386336,1598,2876,6_S
1789466790.3870132,2019,2877,6_S
1789466790.389882,2170,2879,6_S
1789466790.3900092,2074,2879,6_S
1789466790.393039,1988,2879,6_S
1789466790.395757,1780,2876,6_S
1789466790.397376,1987,2878,6_S
1789466790.3986838,2358,2879,6_S
1789466790.399859,2098,2879,6_S
1789466790.402411,1966,2877,6_S
1789466790.404727,2158,2879,6_S
1789466790.407081,2237,2878,6_S
1789466790.408371,1901,2876,6_S
1789466790.410678,2000,2877,6_S
1789466790.412735,2233,2880,6_S
1789466790.414025,2100,2878,6_S
1789466790.416577,1871,2876,6_S
1789466790.417873,1969,2877,6_S
1789466790.4202769,2014,2878,6_S
1789466790.4228292,2198,2879,6_S
1789466790.4240232,2065,2880,6_S
1789466790.426464,1890,2876,6_S
1789466790.429952,1888,2877,6_S
1789466790.430437,2058,2877,6_S
1789466790.4344902,2204,2879,6_S
1789466790.434932,2121,2879,6_S
1789466790.436338,2085,2879,6_S
1789466790.437962,2203,2880,6_S
1789466790.4408782,2196,2879,6_S
1789466790.442524,1956,2877,6_S
1789466790.443826,1979,2877,6_S
1789466790.446244,2164,2880,6_S
1789466790.448627,2120,2879,6_S
1789466790.449922,2009,2876,6_S
1789466790.452393,2017,2880,6_S
1789466790.454943,2083,2878,6_S
1789466790.455991,2173,2878,6_S
1789466790.458293,1992,2877,6_S
1789466790.4608378,1913,2877,6_S
1789466790.4618921,1971,2878,6_S
1789466790.464206,2115,2877,6_S
1789466790.46651,2169,2880,6_S
1789466790.468818,2129,2879,6_S
1789466790.470112,2249,2879,6_S
1789466790.4755101,2285,2879,6_S
1789466790.4762712,2196,2878,6_S
1789466790.476686,1972,2878,6_S
1789466790.478237,1814,2878,6_S
1789466790.4809442,2341,2880,6_S
1789466790.4831202,2245,2879,6_S
1789466790.485918,1579,2875,6_S
1789466790.4862568,1481,2877,6_S
1789466790.488294,1925,2876,6_S
1789466790.490856,2107,2878,6_S
1789466790.492165,2024,2879,6_S
1789466790.49472,1788,2877,6_S
1789466790.4969249,1891,2877,6_S
1789466790.498222,2281,2880,6_S
1789466790.500501,2259,2878,6_S
1789466790.502749,2394,2880,6_S
1789466790.505068,2130,2878,6_S
1789466790.506132,1930,2876,6_S
1789466790.508416,1927,2877,6_S
1789466790.510964,2143,2877,6_S
1789466790.512257,2297,2881,6_S
1789466790.51475,2304,2879,6_S
1789466790.516041,1696,2876,6_S
1789466790.5212858,1574,2876,6_S
1789466790.521742,1775,2878,6_S
1789466790.522503,2213,2879,6_S
1789466790.5239859,2006,2877,6_S
1789466790.526576,1923,2877,6_S
1789466790.5287309,1997,2878,6_S
1789466790.5318289,1947,2876,6_S
1789466790.532054,2090,2878,6_S
1789466790.5349052,2125,2878,6_S
1789466790.5361989,2126,2878,6_S
1789466790.538271,2239,2879,6_S
1789466790.540357,2213,2878,6_S
1789466790.542676,2011,2877,6_S
1789466790.544984,1906,2876,6_S
1789466790.546033,2008,2876,6_S
1789466790.548342,2162,2879,6_S
1789466790.55089,2123,2879,6_S
1789466790.55218,2026,2877,6_S
1789466790.5547378,2022,2878,6_S
1789466790.5559502,2211,2880,6_S
1789466790.558506,2051,2879,6_S
1789466790.5597959,2036,2878,6_S
1789466790.562099,2259,2881,6_S
1789466790.567373,2067,2876,6_S
1789466790.5682461,2121,2879,6_S
1789466790.568734,2136,2879,6_S
1789466790.5716832,1962,2875,6_S
1789466790.5735412,1882,2877,6_S
1789466790.574924,1855,2877,6_S
1789466790.57786,1885,2877,6_S
1789466790.578091,1999,2878,6_S
1789466790.5806952,2023,2876,6_S
1789466790.581996,1872,2878,6_S
1789466790.584513,1932,2876,6_S
1789466790.586833,2040,2879,6_S
1789466790.5881228,2183,2879,6_S
1789466790.590487,2175,2879,6_S
1789466790.5917802,1998,2878,6_S
1789466790.594093,1930,2877,6_S
1789466790.596216,2024,2878,6_S
1789466790.5985248,2174,2879,6_S
1789466790.60109,2114,2878,6_S
1789466790.602143,2082,2878,6_S
1789466790.6044538,2191,2878,6_S
1789466790.606595,2298,2879,6_S
1789466790.607898,1963,2876,6_S
1789466790.6128142,1826,2877,6_S
1789466790.6132212,1908,2878,6_S
1789466790.615308,2066,2877,6_S
1789466790.617079,2039,2878,6_S
1789466790.6186152,2009,2879,6_S
1789466790.6201909,1950,2877,6_S
1789466790.622957,2104,2878,6_S
1789466790.624931,2114,2880,6_S
1789466790.6262321,2010,2877,6_S
1789466790.6285381,2054,2878,6_S
1789466790.62983,2155,2878,6_S
1789466790.632139,2144,2880,6_S
1789466790.634688,1971,2876,6_S
1789466790.635981,1933,2878,6_S
1789466790.638535,2067,2879,6_S
1789466790.639828,2084,2878,6_S
1789466790.642289,1982,2878,6_S
1789466790.6446028,1944,2879,6_S
1789466790.645896,2068,2878,6_S
1789466790.648444,2179,2880,6_S
1789466790.650998,2094,2879,6_S
1789466790.652041,2039,2878,6_S
1789466790.657655,2001,2879,6_S
1789466790.657793,2148,2878,6_S
1789466790.65818,2052,2879,6_S
1789466790.660269,2032,2878,6_S
1789466790.665359,2020,2878,6_S
1789466790.665525,2115,2877,6_S
1789466790.668365,2064,2877,6_S
1789466790.668513,2040,2878,6_S
1789466790.670561,2041,2878,6_S
1789466790.671865,2160,2878,6_S
1789466790.674019,2011,2877,6_S
1789466790.676336,1885,2877,6_S
1789466790.678889,1967,2878,6_S
1789466790.679936,2081,2878,6_S
1789466790.682088,2147,2880,6_S
1789466790.6843991,2086,2879,6_S
1789466790.686951,1979,2879,6_S
1789466790.688,2068,2879,6_S
1789466790.6903129,2109,2879,6_S
1789466790.692478,1963,2877,6_S
1789466790.695039,1956,2878,6_S
1789466790.696089,2059,2878,6_S
1789466790.698156,2198,2879,6_S
1789466790.703317,2090,2879,6_S
1789466790.703437,2003,2878,6_S
1789466790.706697,1988,2878,6_S
1789466790.708033,2153,2878,6_S
1789466790.7093492,2027,2876,6_S
1789466790.712387,1988,2879,6_S
1789466790.7125509,2049,2878,6_S
1789466790.7153192,2168,2879,6_S
1789466790.717484,2116,2879,6_S
1789466790.718548,2042,2877,6_S
1789466790.721108,2004,2878,6_S
1789466790.725162,2163,2878,6_S
1789466790.725284,2119,2879,6_S
1789466790.727356,2015,2878,6_S
1789466790.7292411,2035,2878,6_S
1789466790.730797,2102,2878,6_S
1789466790.732461,2148,2880,6_S
1789466790.7352571,2073,2879,6_S
1789466790.737348,1985,2878,6_S
1789466790.73872,2097,2878,6_S
1789466790.741039,2111,2880,6_S
1789466790.742346,2026,2877,6_S
1789466790.7444701,2053,2878,6_S
1789466790.747061,2097,2879,6_S
1789466790.7483552,2238,2880,6_S
1789466790.750664,2039,2878,6_S
1789466790.753057,2051,2877,6_S
1789466790.754355,2070,2879,6_S
1789466790.756906,2201,2879,6_S
1789466790.757959,2008,2877,6_S
1789466790.760274,1917,2877,6_S
1789466790.762825,2018,2878,6_S
1789466790.7641149,2193,2878,6_S
1789466790.770154,2085,2878,6_S
1789466790.771404,2015,2878,6_S
1789466790.7718349,1987,2879,6_S
1789466790.77346,2211,2878,6_S
1789466790.7754009,2123,2879,6_S
1789466790.776772,1922,2879,6_S
1789466790.778702,1980,2878,6_S
1789466790.781386,2114,2878,6_S
1789466790.7836092,2158,2880,6_S
1789466790.784905,2058,2880,6_S
1789466790.78624,1939,2877,6_S
1789466790.79107,2034,2878,6_S
1789466790.791817,2153,2879,6_S
1789466790.792235,2125,2880,6_S
1789466790.795616,1945,2878,6_S
1789466790.797177,2093,2878,6_S
1789466790.798411,2338,2880,6_S
1789466790.801001,2267,2879,6_S
1789466790.8026528,2061,2878,6_S
1789466790.803956,1997,2878,6_S
1789466790.806575,2114,2879,6_S
1789466790.8078778,1970,2877,6_S
1789466790.810475,1963,2878,6_S
1789466790.812549,2087,2879,6_S
1789466790.813843,2169,2880,6_S
1789466790.816155,2062,2879,6_S
1789466790.81847,2011,2878,6_S
1789466790.8205912,1966,2878,6_S
1789466790.8240051,2145,2878,6_S
1789466790.824042,2093,2880,6_S
1789466790.82641,1985,2877,6_S
1789466790.827778,2108,2878,6_S
1789466790.830452,2153,2878,6_S
1789466790.8317802,2222,2880,6_S
1789466790.834368,2104,2878,6_S
1789466790.839648,1983,2877,6_S
1789466790.840585,2084,2878,6_S
1789466790.8415208,2165,2879,6_S
1789466790.844519,1964,2877,6_S
1789466790.8452742,1844,2878,6_S
1789466790.847776,1980,2879,6_S
1789466790.850357,2155,2880,6_S
1789466790.8505118,2044,2878,6_S
1789466790.852201,1975,2877,6_S
1789466790.8545852,2086,2877,6_S
1789466790.855781,2301,2878,6_S
1789466790.8606331,2135,2880,6_S
1789466790.8611379,2022,2877,6_S
1789466790.862846,2070,2879,6_S
1789466790.8646579,2136,2878,6_S
1789466790.8661811,2202,2879,6_S
1789466790.870783,2207,2879,6_S
1789466790.873018,1869,2877,6_S
1789466790.8732622,2183,2879,6_S
1789466790.874323,2086,2879,6_S
1789466790.876609,1977,2878,6_S
1789466790.877919,1967,2879,6_S
1789466790.879999,2124,2878,6_S
1789466790.88231,2158,2880,6_S
1789466790.884758,1951,2880,6_S
1789466790.8860521,1985,2878,6_S
1789466790.8883479,2165,2879,6_S
1789466790.890965,2115,2879,6_S
1789466790.89242,2096,2879,6_S
1789466790.893916,2110,2877,6_S
1789466790.896615,2075,2878,6_S
1789466790.897995,2291,2880,6_S
1789466790.900343,2153,2879,6_S
1789466790.9017642,2111,2878,6_S
1789466790.904105,2008,2878,6_S
1789466790.908857,2167,2878,6_S
1789466790.909461,1989,2876,6_S
1789466790.911833,1860,2878,6_S
1789466790.914005,2132,2878,6_S
1789466790.914622,2260,2880,6_S
1789466790.917692,2052,2878,6_S
1789466790.917909,2054,2878,6_S
1789466790.9205928,1915,2877,6_S
1789466790.922957,2188,2878,6_S
1789466790.924232,2135,2879,6_S
1789466790.9316092,2107,2877,6_S
1789466790.932215,2039,2877,6_S
1789466790.933852,1935,2877,6_S
1789466790.9341178,2328,2878,6_S
1789466790.935619,1987,2877,6_S
1789466790.936825,2074,2879,6_S
1789466790.938171,2074,2879,6_S
1789466790.9424498,2145,2879,6_S
1789466790.9426508,1769,2877,6_S
1789466790.945025,2111,2878,6_S
1789466790.94618,2160,2878,6_S
1789466790.9485052,2269,2879,6_S
1789466790.9498749,2115,2878,6_S
1789466790.952074,2067,2877,6_S
1789466790.954188,2020,2877,6_S
1789466790.956352,2278,2879,6_S
1789466790.9585721,2064,2877,6_S
1789466790.959745,2068,2878,6_S
1789466790.961849,1987,2878,6_S
1789466790.964006,2083,2877,6_S
1789466790.966223,2064,2879,6_S
1789466790.96864,2018,2878,6_S
1789466790.9699461,1980,2877,6_S
1789466790.9721448,2137,2878,6_S
1789466790.974577,2112,2879,6_S
1789466790.9758148,2089,2877,6_S
1789466790.981933,1952,2879,6_S
1789466790.9832,2044,2879,6_S
1789466790.983381,2206,2879,6_S
1789466790.9853718,2098,2879,6_S
1789466790.9870431,1859,2875,6_S
1789466790.98877,2082,2879,6_S
1789466790.991449,2178,2879,6_S
1789466790.993602,2091,2880,6_S
1789466790.994804,1885,2876,6_S
1789466790.9961002,2199,2878,6_S
1789466791.0009441,2320,2879,6_S
1789466791.00139,1979,2876,6_S
1789466791.00408,1944,2877,6_S
1789466791.004383,1961,2877,6_S
1789466791.0062358,2145,2879,6_S
1789466791.0078661,2031,2878,6_S
1789466791.0120761,1938,2877,6_S
1789466791.0122151,1984,2878,6_S
1789466791.014262,2151,2878,6_S
1789466791.0165818,2124,2879,6_S
1789466791.017885,2075,2878,6_S
1789466791.0202081,2008,2877,6_S
1789466791.0225332,2204,2878,6_S
1789466791.023839,2130,2879,6_S
1789466791.026391,1995,2877,6_S
1789466791.027785,1996,2878,6_S
1789466791.030159,2073,2878,6_S
1789466791.032476,2256,2880,6_S
1789466791.033769,2094,2878,6_S
1789466791.0363169,2040,2878,6_S
1789466791.03862,2123,2877,6_S
1789466791.039913,2162,2878,6_S
1789466791.042355,1988,2877,6_S
1789466791.048608,1950,2877,6_S
1789466791.049047,2067,2878,6_S
1789466791.049491,2196,2879,6_S
1789466791.051384,2073,2879,6_S
1789466791.052972,2040,2878,6_S
1789466791.054584,2021,2878,6_S
1789466791.0567691,2121,2879,6_S
1789466791.05928,2085,2879,6_S
1789466791.061418,2044,2878,6_S
1789466791.062485,2054,2878,6_S
1789466791.063786,2160,2878,6_S
1789466791.06947,2133,2880,6_S
1789466791.07025,2078,2879,6_S
1789466791.0706959,2023,2877,6_S
1789466791.0732858,2151,2878,6_S
1789466791.075207,2132,2878,6_S
1789466791.07701,2001,2876,6_S
1789466791.0795121,1995,2879,6_S
1789466791.0815659,2110,2878,6_S
1789466791.082737,2206,2880,6_S
1789466791.084138,2076,2878,6_S
1789466791.086582,1999,2877,6_S
1789466791.08776,2125,2878,6_S
1789466791.090317,2169,2878,6_S
1789466791.09263,2045,2876,6_S
1789466791.09374,1959,2878,6_S
1789466791.0961611,2088,2879,6_S
1789466791.098476,2208,2879,6_S
1789466791.099822,2097,2878,6_S
1789466791.1022751,2014,2879,6_S
1789466791.104359,2003,2878,6_S
1789466791.1065228,2179,2878,6_S
1789466791.1078348,2072,2880,6_S
1789466791.110073,1998,2878,6_S
1789466791.112381,2040,2878,6_S
1789466791.115511,2207,2879,6_S
1789466791.1205919,2149,2878,6_S
1789466791.120718,2062,2878,6_S
1789466791.121227,2012,2877,6_S
1789466791.12359,2152,2879,6_S
1789466791.1256871,2117,2879,6_S
1789466791.1260722,2006,2878,6_S
1789466791.1290472,1999,2878,6_S
1789466791.1315851,2121,2878,6_S
1789466791.133758,2201,2879,6_S
1789466791.133924,2107,2878,6_S
1789466791.136204,2006,2877,6_S
1789466791.141612,2108,2878,6_S
1789466791.142357,2179,2878,6_S
1789466791.142439,2053,2879,6_S
1789466791.1443882,2017,2878,6_S
1789466791.1470652,2097,2878,6_S
1789466791.14942,2243,2879,6_S
1789466791.1518111,2088,2878,6_S
1789466791.1519969,2004,2878,6_S
1789466791.1548622,2003,2878,6_S
1789466791.155919,2166,2879,6_S
1789466791.158411,2059,2878,6_S
1789466791.159775,1932,2877,6_S
1789466791.162328,2027,2878,6_S
1789466791.1646888,2166,2879,6_S
1789466791.16574,2102,2880,6_S
1789466791.168055,2041,2878,6_S
1789466791.170411,1968,2878,6_S
1789466791.171791,2134,2877,6_S
1789466791.17385,2131,2879,6_S
1789466791.176406,1987,2877,6_S
1789466791.17872,1964,2878,6_S
1789466791.180013,2112,2878,6_S
1789466791.182492,2181,2879,6_S
1789466791.183916,2085,2878,6_S
1789466791.188552,2067,2878,6_S
1789466791.1894631,2135,2878,6_S
1789466791.19134,2172,2879,6_S
1789466791.193184,2101,2879,6_S
1789466791.195342,2013,2878,6_S
1789466791.1967008,2058,2878,6_S
1789466791.199245,2200,2879,6_S
1789466791.2014568,2030,2876,6_S
1789466791.202759,1975,2878,6_S
1789466791.2039738,1980,2878,6_S
1789466791.209446,2123,2877,6_S
1789466791.2095969,2010,2876,6_S
1789466791.2104619,1942,2877,6_S
1789466791.212424,1994,2878,6_S
1789466791.215453,2149,2878,6_S
1789466791.2176619,2097,2879,6_S
1789466791.220159,2092,2878,6_S
1789466791.2204459,2009,2877,6_S
1789466791.222034,2124,2878,6_S
1789466791.224361,2067,2880,6_S
1789466791.225803,1980,2876,6_S
1789466791.228338,1969,2879,6_S
1789466791.230408,2102,2878,6_S
1789466791.231827,2171,2880,6_S
1789466791.2341518,2051,2879,6_S
1789466791.236709,1974,2879,6_S
1789466791.2380512,2068,2879,6_S
1789466791.240382,2140,2878,6_S
1789466791.242456,2016,2878,6_S
1789466791.243774,1995,2879,6_S
1789466791.246326,2068,2878,6_S
1789466791.248877,2205,2880,6_S
1789466791.2501209,2140,2879,6_S
1789466791.252676,2059,2877,6_S
1789466791.258015,2022,2877,6_S
1789466791.258945,2183,2878,6_S
1789466791.2594519,2030,2877,6_S
1789466791.2610428,1951,2878,6_S
1789466791.262742,2013,2878,6_S
1789466791.264828,2138,2877,6_S
1789466791.266606,2115,2878,6_S
1789466791.268894,2040,2878,6_S
1789466791.2712781,1959,2877,6_S
1789466791.272581,2129,2879,6_S
1789466791.273886,2117,2879,6_S
1789466791.279746,2016,2877,6_S
1789466791.280211,2011,2879,6_S
1789466791.281462,2130,2877,6_S
1789466791.283764,2189,2880,6_S
1789466791.284213,2036,2878,6_S
1789466791.289072,1989,2877,6_S
1789466791.289184,2029,2878,6_S
1789466791.2912982,2141,2879,6_S
1789466791.292358,2065,2877,6_S
1789466791.2946749,1992,2878,6_S
1789466791.295821,2092,2878,6_S
1789466791.298141,2116,2877,6_S
1789466791.30045,2096,2878,6_S
1789466791.301772,1954,2877,6_S
1789466791.303871,1983,2877,6_S
1789466791.306365,2163,2879,6_S
1789466791.308673,2067,2879,6_S
1789466791.309966,1948,2878,6_S
1789466791.3122702,1989,2878,6_S
1789466791.314576,2128,2878,6_S
1789466791.315867,2141,2879,6_S
1789466791.317935,2067,2879,6_S
1789466791.3200052,1990,2877,6_S
1789466791.324331,2137,2878,6_S
1789466791.3248389,2044,2878,6_S
1789466791.3269272,1930,2878,6_S
1789466791.328754,1941,2878,6_S
1789466791.330027,2076,2878,6_S
1789466791.331954,2183,2880,6_S
1789466791.334072,2058,2879,6_S
1789466791.337024,1987,2878,6_S
1789466791.33826,2117,2878,6_S
1789466791.340847,2179,2878,6_S
1789466791.342054,2029,2877,6_S
1789466791.344436,1959,2879,6_S
1789466791.346743,2073,2878,6_S
1789466791.3479512,2234,2880,6_S
1789466791.350008,2100,2878,6_S
1789466791.352556,1974,2877,6_S
1789466791.354626,1967,2877,6_S
1789466791.355916,2155,2880,6_S
1789466791.358221,2000,2877,6_S
1789466791.360777,1919,2878,6_S
1789466791.362067,1992,2878,6_S
1789466791.364615,2150,2878,6_S
1789466791.3691,2107,2878,6_S
1789466791.369232,2040,2879,6_S
1789466791.373568,1998,2878,6_S
1789466791.374012,2126,2879,6_S
1789466791.3741188,2084,2879,6_S
1789466791.377339,1994,2877,6_S
1789466791.379532,1962,2878,6_S
1789466791.381591,2082,2878,6_S
1789466791.382913,2161,2879,6_S
1789466791.384213,1999,2878,6_S
1789466791.386795,2001,2878,6_S
1789466791.388095,2102,2878,6_S
1789466791.390623,2175,2879,6_S
1789466791.391913,2027,2877,6_S
1789466791.394428,1975,2878,6_S
1789466791.3967302,2066,2878,6_S
1789466791.397992,2193,2880,6_S
1789466791.4004412,2108,2879,6_S
1789466791.401794,2020,2877,6_S
1789466791.404373,2022,2879,6_S
1789466791.406789,2131,2878,6_S
1789466791.4078531,2046,2880,6_S
1789466791.409923,1977,2878,6_S
1789466791.414594,2041,2878,6_S
1789466791.415817,2156,2878,6_S
1789466791.416214,2160,2880,6_S
1789466791.4191911,2030,2877,6_S
1789466791.421118,1926,2878,6_S
1789466791.424513,2124,2878,6_S
1789466791.42473,2123,2878,6_S
1789466791.4263659,1976,2876,6_S
1789466791.427799,1965,2878,6_S
1789466791.430125,2069,2878,6_S
1789466791.4326882,2175,2879,6_S
1789466791.433992,2034,2879,6_S
1789466791.436547,1980,2877,6_S
1789466791.437767,2079,2879,6_S
1789466791.440323,2159,2878,6_S
1789466791.442655,1999,2876,6_S
1789466791.4438279,1990,2878,6_S
1789466791.446141,2064,2878,6_S
1789466791.448688,2178,2879,6_S
1789466791.449852,2104,2879,6_S
1789466791.4521658,2032,2878,6_S
1789466791.4542148,2000,2878,6_S
1789466791.460214,2187,2879,6_S
1789466791.4603431,2098,2880,6_S
1789466791.461495,1981,2878,6_S
1789466791.462962,2016,2877,6_S
1789466791.4648168,2140,2878,6_S
1789466791.4667158,2148,2879,6_S
1789466791.468106,2072,2877,6_S
1789466791.472002,1987,2878,6_S
1789466791.472181,2116,2877,6_S
1789466791.474588,2086,2878,6_S
1789466791.475754,1959,2877,6_S
1789466791.480117,1995,2878,6_S
1789466791.481521,2095,2878,6_S
1789466791.484763,2180,2880,6_S
1789466791.485495,2172,2878,6_S
1789466791.4876711,2233,2878,6_S
1789466791.487916,2249,2877,6_S
1789466791.4899871,2153,2879,6_S
1789466791.4928288,1947,2877,6_S
1789466791.494123,1966,2877,6_S
1789466791.4965398,2127,2879,6_S
1789466791.497845,2160,2878,6_S
1789466791.5001569,2085,2879,6_S
1789466791.502315,2075,2877,6_S
1789466791.505093,2159,2878,6_S
1789466791.5064142,2356,2878,6_S
1789466791.507788,1804,2877,6_S
1789466791.510082,1733,2878,6_S
1789466791.512429,2067,2878,6_S
1789466791.514986,2301,2879,6_S
1789466791.516282,2498,2879,6_S
1789466791.5185878,2787,2880,6_S
1789466791.5199091,1852,2878,6_S
1789466791.522627,1457,2876,6_S
1789466791.5266519,2017,2878,6_S
1789466791.527468,2422,2880,6_S
1789466791.5294771,2982,2882,6_S
1789466791.531353,2131,2880,6_S
1789466791.5331352,1252,2876,6_S
1789466791.53488,1615,2876,6_S
1789466791.536994,1490,2876,6_S
1789466791.539191,1762,2876,6_S
1789466791.540499,2595,2880,6_S
1789466791.5417962,2624,2881,6_S
1789466791.54786,3000,2882,6_S
1789466791.549153,3085,2881,6_S
1789466791.549728,612,2877,6_S
1789466791.550621,823,2877,6_S
1789466791.552489,1868,2879,6_S
1789466791.5556889,1960,2879,6_S
1789466791.557825,1824,2879,6_S
1789466791.5579982,1301,2876,6_S
1789466791.5606349,1292,2876,6_S
1789466791.5617769,1737,2876,6_S
1789466791.563884,2539,2880,6_S
1789466791.5661922,2760,2880,6_S
1789466791.568253,2382,2880,6_S
1789466791.5705678,2202,2877,6_S
1789466791.571745,2514,2880,6_S
1789466791.574054,2297,2878,6_S
1789466791.576617,1658,2876,6_S
1789466791.57791,1578,2876,6_S
1789466791.580478,2019,2877,6_S
1789466791.581781,2584,2879,6_S
1789466791.584176,2164,2878,6_S
1789466791.5864909,2093,2876,6_S
1789466791.5878851,2169,2878,6_S
1789466791.590198,2162,2878,6_S
1789466791.597375,1997,2879,6_S
1789466791.5989702,1858,2876,6_S
1789466791.600615,1945,2877,6_S
1789466791.601069,2252,2879,6_S
1789466791.601228,3385,2883,6_S
1789466791.603384,2205,2878,6_S
1789466791.60483,784,2876,6_S
1789466791.607178,1784,2878,6_S
1789466791.60901,1998,2877,6_S
1789466791.6103199,1724,2878,6_S
1789466791.6126919,1661,2877,6_S
1789466791.614068,1768,2876,6_S
1789466791.619235,1906,2879,6_S
1789466791.621376,2033,2878,6_S
1789466791.62166,2192,2878,6_S
1789466791.6237981,2434,2878,6_S
1789466791.6242461,2474,2880,6_S
1789466791.627268,2282,2879,6_S
1789466791.6317718,2043,2878,6_S
1789466791.6322901,2143,2879,6_S
1789466791.632589,2292,2879,6_S
1789466791.63379,1959,2878,6_S
1789466791.635956,1461,2876,6_S
1789466791.638308,1957,2876,6_S
1789466791.64093,2163,2880,6_S
1789466791.642228,2129,2880,6_S
1789466791.644521,1993,2878,6_S
1789466791.645822,1667,2878,6_S
1789466791.648032,1808,2877,6_S
1789466791.650583,2248,2879,6_S
1789466791.6518831,2074,2878,6_S
1789466791.654057,2122,2879,6_S
1789466791.656335,2519,2880,6_S
1789466791.65875,2036,2876,6_S
1789466791.660044,1741,2877,6_S
1789466791.662109,1748,2877,6_S
1789466791.6674,1904,2876,6_S
1789466791.667846,1895,2875,6_S
1789466791.669656,1822,2876,6_S
1789466791.6698382,1951,2877,6_S
1789466791.673146,2175,2878,6_S
1789466791.67512,2124,2877,6_S
1789466791.677425,1972,2876,6_S
1789466791.679423,2074,2878,6_S
1789466791.680725,2266,2880,6_S
1789466791.6820211,2217,2880,6_S
1789466791.684368,2137,2879,6_S
1789466791.685757,2112,2879,6_S
1789466791.688315,2167,2878,6_S
1789466791.69087,1994,2878,6_S
1789466791.692163,1915,2878,6_S
1789466791.694794,2169,2878,6_S
1789466791.6960971,2168,2878,6_S
1789466791.698417,1839,2877,6_S
1789466791.700495,2013,2877,6_S
1789466791.702603,2084,2879,6_S
1789466791.7038631,1823,2875,6_S
1789466791.706421,1927,2876,6_S
1789466791.7127948,1984,2876,6_S
1789466791.71371,1970,2878,6_S
1789466791.714536,2049,2877,6_S
1789466791.715831,2200,2880,6_S
1789466791.715911,2653,2880,6_S
1789466791.71887,2557,2879,6_S
1789466791.721046,1550,2876,6_S
1789466791.7233338,1853,2877,6_S
1789466791.7249851,1881,2877,6_S
1789466791.726049,2050,2878,6_S
1789466791.7282538,1932,2876,6_S
1789466791.730814,2021,2878,6_S
1789466791.7318678,2297,2878,6_S
1789466791.7344158,1780,2875,6_S
1789466791.7368588,1608,2876,6_S
1789466791.738158,2042,2877,6_S
1789466791.740503,2276,2880,6_S
1789466791.741801,2098,2877,6_S
1789466791.7443469,1971,2877,6_S
1789466791.7468328,2028,2877,6_S
1789466791.7479382,2526,2880,6_S
1789466791.7499971,2534,2879,6_S
1789466791.752314,1780,2876,6_S
1789466791.754881,1704,2878,6_S
1789466791.7594821,2510,2879,6_S
1789466791.760706,2498,2880,6_S
1789466791.761218,2491,2881,6_S
1789466791.763856,2309,2879,6_S
1789466791.76435,1379,2876,6_S
1789466791.765892,1425,2877,6_S
1789466791.770237,1828,2877,6_S
1789466791.7722392,2117,2877,6_S
1789466791.772371,2635,2880,6_S
1789466791.774936,2644,2880,6_S
1789466791.776451,1596,2876,6_S
1789466791.7813702,1853,2876,6_S
1789466791.781824,2175,2877,6_S
1789466791.7822561,2142,2876,6_S
1789466791.785517,2488,2880,6_S
1789466791.787412,2097,2879,6_S
1789466791.791105,1657,2876,6_S
1789466791.791251,2042,2879,6_S
1789466791.7932642,2122,2879,6_S
1789466791.794563,3143,2882,6_S
1789466791.795858,2298,2880,6_S
1789466791.798282,1573,2878,6_S
1789466791.800446,2195,2878,6_S
1789466791.802529,2438,2880,6_S
1789466791.803825,2241,2878,6_S
1789466791.8059258,2349,2879,6_S
1789466791.808152,2254,2879,6_S
1789466791.810705,1916,2878,6_S
1789466791.8117812,1535,2877,6_S
1789466791.81424,1832,2876,6_S
1789466791.816556,2159,2879,6_S
1789466791.817853,2360,2880,6_S
1789466791.8204072,2594,2880,6_S
1789466791.822749,2485,2879,6_S
1789466791.827462,1666,2875,6_S
1789466791.828727,1438,2877,6_S
1789466791.82915,1939,2877,6_S
1789466791.831969,2374,2879,6_S
1789466791.832435,2348,2881,6_S
1789466791.835347,2190,2878,6_S
1789466791.838049,2232,2879,6_S
1789466791.8382132,2288,2879,6_S
1789466791.8399029,2175,2879,6_S
1789466791.842464,2139,2879,6_S
1789466791.844257,2324,2880,6_S
1789466791.8485372,2394,2879,6_S
1789466791.8489852,2165,2876,6_S
1789466791.851014,1852,2877,6_S
1789466791.8534122,1879,2876,6_S
1789466791.855058,2227,2880,6_S
1789466791.856481,2450,2878,6_S
1789466791.858897,2171,2879,6_S
1789466791.860964,1937,2876,6_S
1789466791.86242,2046,2877,6_S
1789466791.864745,2126,2878,6_S
1789466791.8658109,2415,2879,6_S
1789466791.868282,2183,2878,6_S
1789466791.8706539,2346,2879,6_S
1789466791.871905,2726,2880,6_S
1789466791.8742158,2408,2878,6_S
1789466791.876531,1626,2876,6_S
1789466791.8786418,1486,2877,6_S
1789466791.881259,1917,2879,6_S
1789466791.882314,2245,2878,6_S
1789466791.884393,2006,2879,6_S
1789466791.886482,1723,2877,6_S
1789466791.888978,1746,2878,6_S
1789466791.890235,1835,2877,6_S
1789466791.894784,2180,2880,6_S
1789466791.895275,2043,2877,6_S
1789466791.897564,2102,2878,6_S
1789466791.899851,2384,2877,6_S
1789466791.9003541,2277,2880,6_S
1789466791.902844,1966,2880,6_S
1789466791.905666,1856,2877,6_S
1789466791.9074738,1945,2877,6_S
1789466791.908705,2003,2879,6_S
1789466791.910003,1963,2877,6_S
1789466791.9155,2304,2878,6_S
1789466791.9159522,2464,2880,6_S
1789466791.916403,2151,2880,6_S
1789466791.918268,1970,2876,6_S
1789466791.9201138,1672,2875,6_S
1789466791.92335,1989,2878,6_S
1789466791.925932,2191,2880,6_S
1789466791.9261189,1840,2876,6_S
1789466791.928876,1876,2877,6_S
1789466791.930015,1962,2877,6_S
1789466791.9325771,2037,2877,6_S
1789466791.933907,2196,2880,6_S
1789466791.936467,2067,2878,6_S
1789466791.9387891,1970,2878,6_S
1789466791.940091,2194,2878,6_S
1789466791.9424052,2203,2879,6_S
1789466791.944478,1971,2877,6_S
1789466791.946838,1889,2877,6_S
1789466791.948131,2203,2878,6_S
1789466791.9507241,2024,2878,6_S
1789466791.952084,1903,2877,6_S
1789466791.9541728,2037,2878,6_S
1789466791.956479,2710,2880,6_S
1789466791.961594,2002,2878,6_S
1789466791.9620779,1319,2877,6_S
1789466791.962539,1768,2879,6_S
1789466791.964417,2157,2878,6_S
1789466791.967425,2101,2877,6_S
1789466791.9693382,1955,2880,6_S
1789466791.972116,1964,2878,6_S
1789466791.9723678,2013,2878,6_S
1789466791.97431,1819,2875,6_S
1789466791.976703,1821,2877,6_S
1789466791.980753,1998,2878,6_S
1789466791.980858,2220,2878,6_S
1789466791.983428,2431,2879,6_S
1789466791.985257,2202,2878,6_S
1789466791.9868002,2292,2879,6_S
1789466791.988459,1977,2877,6_S
1789466791.990963,2038,2879,6_S
1789466791.992939,1932,2877,6_S
1789466791.994237,1992,2878,6_S
1789466791.996798,1959,2878,6_S
1789466791.99794,2119,2877,6_S
1789466792.0003998,2013,2879,6_S
1789466792.002472,2017,2877,6_S
1789466792.0038662,2094,2878,6_S
1789466792.006418,1902,2877,6_S
1789466792.008965,1849,2876,6_S
1789466792.0100071,2433,2880,6_S
1789466792.01231,2229,2879,6_S
1789466792.014857,2074,2877,6_S
1789466792.016147,2176,2879,6_S
1789466792.018445,1969,2878,6_S
1789466792.020809,1764,2876,6_S
1789466792.025488,1983,2878,6_S
1789466792.026287,2123,2878,6_S
1789466792.026697,2142,2880,6_S
1789466792.029876,2015,2878,6_S
1789466792.030268,2113,2878,6_S
1789466792.0327091,2139,2879,6_S
1789466792.035316,2010,2877,6_S
1789466792.0370061,1957,2878,6_S
1789466792.03806,2009,2878,6_S
1789466792.040212,2425,2879,6_S
1789466792.042764,2085,2878,6_S
1789466792.044061,1734,2877,6_S
1789466792.0464299,2271,2879,6_S
1789466792.048511,2732,2881,6_S
1789466792.049896,1927,2876,6_S
1789466792.052342,1752,2877,6_S
1789466792.054653,2037,2879,6_S
1789466792.055943,2124,2878,6_S
1789466792.058003,1929,2876,6_S
1789466792.06032,1628,2877,6_S
1789466792.062867,1920,2878,6_S
1789466792.063925,2387,2880,6_S
1789466792.0662348,2065,2878,6_S
1789466792.070648,1700,2876,6_S
1789466792.0713868,1736,2876,6_S
1789466792.073251,2145,2879,6_S
1789466792.0750349,2275,2879,6_S
1789466792.0765069,2104,2878,6_S
1789466792.078105,2305,2879,6_S
1789466792.080657,2294,2878,6_S
1789466792.082714,2093,2880,6_S
1789466792.084016,2123,2879,6_S
1789466792.086333,2087,2876,6_S
1789466792.0888882,2634,2881,6_S
1789466792.0901818,2432,2880,6_S
1789466792.092491,1303,2876,6_S
1789466792.093857,1515,2877,6_S
1789466792.09642,2013,2878,6_S
1789466792.098745,2313,2880,6_S
1789466792.099872,2015,2879,6_S
1789466792.1020958,1922,2878,6_S
1789466792.104646,2088,2879,6_S
1789466792.106963,2432,2879,6_S
1789466792.108256,2110,2878,6_S
1789466792.110558,1876,2877,6_S
1789466792.112014,2131,2877,6_S
1789466792.11588,2097,2878,6_S
1789466792.116373,1808,2877,6_S
1789466792.118459,2117,2879,6_S
1789466792.121127,2575,2880,6_S
1789466792.125976,2693,2880,6_S
1789466792.126105,2017,2880,6_S
1789466792.126248,2760,2881,6_S
1789466792.128233,2479,2881,6_S
1789466792.130792,1856,2877,6_S
1789466792.1318989,1753,2878,6_S
1789466792.135898,1835,2877,6_S
1789466792.137451,1773,2876,6_S
1789466792.140491,1739,2876,6_S
1789466792.1405802,1956,2877,6_S
1789466792.142529,1808,2876,6_S
1789466792.1464581,1912,2876,6_S
1789466792.1466482,2490,2879,6_S
1789466792.1482198,2410,2881,6_S
1789466792.15079,2150,2878,6_S
1789466792.152087,2082,2876,6_S
1789466792.154408,2181,2879,6_S
1789466792.156482,2212,2879,6_S
1789466792.159043,1981,2878,6_S
1789466792.1601028,2401,2879,6_S
1789466792.162414,1689,2875,6_S
1789466792.16473,2330,2879,6_S
1789466792.165884,2151,2877,6_S
1789466792.1684322,1866,2876,6_S
1789466792.170849,1981,2877,6_S
1789466792.172232,2039,2879,6_S
1789466792.174794,2074,2879,6_S
1789466792.176088,1824,2875,6_S
1789466792.17856,1984,2876,6_S
1789466792.182082,2236,2879,6_S
1789466792.1826482,2232,2879,6_S
1789466792.1852841,2145,2877,6_S
1789466792.187715,2251,2879,6_S
1789466792.1881201,2140,2878,6_S
1789466792.1906,1891,2876,6_S
1789466792.193399,1858,2875,6_S
1789466792.195476,1791,2877,6_S
1789466792.196534,1922,2877,6_S
1789466792.198832,2155,2878,6_S
1789466792.2043579,2258,2878,6_S
1789466792.204821,2281,2880,6_S
1789466792.205248,2355,2878,6_S
1789466792.2065191,2139,2878,6_S
1789466792.2084649,1712,2877,6_S
1789466792.211661,1969,2876,6_S
1789466792.21453,2093,2877,6_S
1789466792.2146602,2439,2880,6_S
1789466792.217046,2189,2878,6_S
1789466792.2183611,2148,2878,6_S
1789466792.220923,2316,2880,6_S
1789466792.2219782,1995,2878,6_S
1789466792.224381,2005,2876,6_S
1789466792.2267032,2185,2878,6_S
1789466792.2290208,1685,2879,6_S
1789466792.230315,1680,2878,6_S
1789466792.232638,1929,2877,6_S
1789466792.2339451,1913,2877,6_S
1789466792.236257,2042,2878,6_S
1789466792.238571,2157,2879,6_S
1789466792.240705,2438,2880,6_S
1789466792.242818,2851,2881,6_S
1789466792.2438998,1575,2878,6_S
1789466792.246279,1573,2878,6_S
1789466792.251044,2046,2877,6_S
1789466792.2515619,2048,2877,6_S
1789466792.253885,1961,2878,6_S
1789466792.2540622,1786,2878,6_S
1789466792.256672,1959,2879,6_S
1789466792.258873,2253,2880,6_S
1789466792.261954,2180,2880,6_S
1789466792.262131,2040,2878,6_S
1789466792.2649999,2273,2877,6_S
1789466792.266123,2288,2882,6_S
1789466792.26827,2244,2879,6_S
1789466792.2731001,1853,2877,6_S
1789466792.273233,1862,2879,6_S
1789466792.2750452,2023,2878,6_S
1789466792.27739,1945,2877,6_S
1789466792.280203,1815,2878,6_S
1789466792.280375,1952,2879,6_S
1789466792.283272,2329,2880,6_S
1789466792.285286,2125,2880,6_S
1789466792.286509,1910,2878,6_S
1789466792.287863,1879,2878,6_S
1789466792.290428,2130,2880,6_S
1789466792.292565,2028,2879,6_S
1789466792.29389,2268,2879,6_S
1789466792.296204,2632,2882,6_S
1789466792.2985148,2685,2880,6_S
1789466792.299893,2122,2880,6_S
1789466792.302214,1522,2876,6_S
1789466792.304319,1716,2876,6_S
1789466792.3069172,2087,2878,6_S
1789466792.307978,1935,2876,6_S
1789466792.310529,1829,2877,6_S
1789466792.311924,2153,2879,6_S
1789466792.3140202,1930,2877,6_S
1789466792.318756,1885,2877,6_S
1789466792.319295,2083,2876,6_S
1789466792.3214788,2190,2880,6_S
1789466792.3233888,2230,2880,6_S
1789466792.324778,2067,2879,6_S
1789466792.326855,1958,2876,6_S
1789466792.329962,1861,2878,6_S
1789466792.330113,1955,2877,6_S
1789466792.332661,2264,2879,6_S
1789466792.333955,2374,2880,6_S
1789466792.338971,2047,2879,6_S
1789466792.339401,1898,2877,6_S
1789466792.341731,2247,2879,6_S
1789466792.343588,2242,2879,6_S
1789466792.344859,1943,2876,6_S
1789466792.346755,1744,2878,6_S
1789466792.3495522,1986,2878,6_S
1789466792.351556,2148,2878,6_S
1789466792.352923,1990,2879,6_S
1789466792.353971,1843,2876,6_S
1789466792.356297,2338,2880,6_S
1789466792.358665,2385,2879,6_S
1789466792.359964,1734,2877,6_S
1789466792.362278,1714,2879,6_S
1789466792.3648262,2018,2877,6_S
1789466792.3661172,2160,2878,6_S
1789466792.368416,2085,2878,6_S
1789466792.370733,2089,2879,6_S
1789466792.3718982,2232,2878,6_S
1789466792.37419,2459,2880,6_S
1789466792.37626,2908,2881,6_S
1789466792.378487,1968,2876,6_S
1789466792.384777,1240,2877,6_S
1789466792.385226,1727,2876,6_S
1789466792.385628,2019,2877,6_S
1789466792.387083,1931,2876,6_S
1789466792.388874,1836,2879,6_S
1789466792.390452,1908,2876,6_S
1789466792.392043,1787,2877,6_S
1789466792.395046,1925,2877,6_S
1789466792.397207,2149,2878,6_S
1789466792.398391,2405,2877,6_S
1789466792.4011059,2365,2881,6_S
1789466792.4050071,2183,2879,6_S
1789466792.4053912,1968,2877,6_S
1789466792.4072268,2249,2879,6_S
1789466792.4090161,1952,2878,6_S
1789466792.410492,1666,2877,6_S
1789466792.4121149,1899,2879,6_S
1789466792.414897,2404,2880,6_S
1789466792.416766,2572,2879,6_S
1789466792.41806,2123,2880,6_S
1789466792.420361,1717,2876,6_S
1789466792.4229271,1754,2876,6_S
1789466792.424222,1952,2878,6_S
1789466792.4265332,1954,2876,6_S
1789466792.428832,2078,2877,6_S
1789466792.430128,1966,2877,6_S
1789466792.4326751,2172,2877,6_S
1789466792.43397,2205,2879,6_S
1789466792.4361541,2246,2878,6_S
1789466792.438685,2094,2877,6_S
1789466792.439977,2190,2879,6_S
1789466792.442292,2178,2879,6_S
1789466792.4448378,1895,2877,6_S
1789466792.448991,2199,2878,6_S
1789466792.449769,2512,2879,6_S
1789466792.451479,2228,2879,6_S
1789466792.453154,2076,2878,6_S
1789466792.4549398,1700,2876,6_S
1789466792.458884,1940,2877,6_S
1789466792.4590578,1993,2877,6_S
1789466792.460632,1939,2877,6_S
1789466792.462943,1706,2877,6_S
1789466792.4642339,1893,2877,6_S
1789466792.466552,2220,2879,6_S
1789466792.467871,2034,2878,6_S
1789466792.470171,1959,2878,6_S
1789466792.472714,2177,2879,6_S
1789466792.47388,2238,2879,6_S
1789466792.4764218,2118,2879,6_S
1789466792.47872,1911,2877,6_S
1789466792.479918,1946,2877,6_S
1789466792.482466,2203,2879,6_S
1789466792.484777,2128,2879,6_S
1789466792.4860659,2336,2878,6_S
1789466792.4882119,2143,2877,6_S
1789466792.492971,1959,2875,6_S
1789466792.493393,1878,2877,6_S
1789466792.4953861,2025,2878,6_S
1789466792.497083,2104,2877,6_S
1789466792.498621,2028,2876,6_S
1789466792.5003788,1969,2875,6_S
1789466792.50351,1980,2878,6_S
1789466792.505186,1905,2877,6_S
1789466792.506285,2167,2878,6_S
1789466792.5088482,2139,2880,6_S
1789466792.513342,2091,2877,6_S
1789466792.513825,2081,2877,6_S
1789466792.514219,2130,2879,6_S
1789466792.516047,2135,2879,6_S
1789466792.5189838,2057,2879,6_S
1789466792.521087,1990,2877,6_S
1789466792.524249,2104,2879,6_S
1789466792.524549,2144,2878,6_S
1789466792.526527,2066,2877,6_S
1789466792.527873,1959,2877,6_S
1789466792.530192,2043,2877,6_S
1789466792.53251,2222,2880,6_S
1789466792.5345652,2083,2878,6_S
1789466792.535903,1988,2878,6_S
1789466792.53825,2011,2878,6_S
1789466792.540805,2181,2879,6_S
1789466792.5420978,2069,2880,6_S
1789466792.544377,1995,2878,6_S
1789466792.546679,2048,2877,6_S
1789466792.547971,2202,2881,6_S
1789466792.550285,2095,2879,6_S
1789466792.552893,2032,2877,6_S
1789466792.554129,1928,2877,6_S
1789466792.5599139,2067,2879,6_S
1789466792.560799,2101,2880,6_S
1789466792.561613,1998,2878,6_S
1789466792.562763,1949,2878,6_S
1789466792.565026,2079,2877,6_S
1789466792.566586,2226,2880,6_S
1789466792.567967,2125,2880,6_S
1789466792.57282,1987,2878,6_S
1789466792.57339,2129,2878,6_S
1789466792.574694,2173,2879,6_S
1789466792.5759869,2120,2880,6_S
1789466792.5810308,2131,2878,6_S
1789466792.581144,2174,2877,6_S
1789466792.588964,2099,2878,6_S
1789466792.592484,1881,2877,6_S
1789466792.592888,1930,2876,6_S
1789466792.593039,1984,2877,6_S
1789466792.5932539,2111,2877,6_S
1789466792.593518,1998,2878,6_S
1789466792.5955179,1971,2877,6_S
1789466792.5970728,2134,2879,6_S
1789466792.598138,2257,2881,6_S
1789466792.600211,2187,2879,6_S
1789466792.6025379,1952,2876,6_S
1789466792.604736,1887,2877,6_S
1789466792.605964,2096,2879,6_S
1789466792.6084101,2033,2878,6_S
1789466792.6107159,1860,2876,6_S
1789466792.61201,1882,2877,6_S
1789466792.614327,2003,2877,6_S
1789466792.616456,2142,2879,6_S
1789466792.618523,2100,2880,6_S
1789466792.6209989,2044,2879,6_S
1789466792.6223,2141,2878,6_S
1789466792.624613,2160,2879,6_S
1789466792.6303391,2022,2877,6_S
1789466792.630422,1949,2878,6_S
1789466792.630958,2023,2878,6_S
1789466792.633357,2167,2880,6_S
1789466792.63519,2064,2878,6_S
1789466792.637057,2051,2878,6_S
1789466792.638616,2049,2879,6_S
1789466792.641694,2219,2878,6_S
1789466792.6439219,2059,2879,6_S
1789466792.6440508,2001,2878,6_S
1789466792.646415,2065,2877,6_S
1789466792.651973,2179,2880,6_S
1789466792.652765,2173,2878,6_S
1789466792.654426,2061,2877,6_S
1789466792.6558259,1940,2877,6_S
1789466792.656194,2094,2878,6_S
1789466792.659803,2071,2878,6_S
1789466792.659976,2001,2877,6_S
1789466792.662698,2036,2878,6_S
1789466792.664756,2092,2878,6_S
1789466792.6658719,2101,2880,6_S
1789466792.668243,2048,2879,6_S
1789466792.6705768,1997,2877,6_S
1789466792.6718779,2138,2878,6_S
1789466792.674191,2152,2879,6_S
1789466792.676516,1991,2877,6_S
1789466792.678868,1907,2877,6_S
1789466792.6799428,2006,2878,6_S
1789466792.682355,2144,2879,6_S
1789466792.684745,2083,2878,6_S
1789466792.6860101,2007,2877,6_S
1789466792.688616,2038,2877,6_S
1789466792.69075,2216,2879,6_S
1789466792.691893,2073,2879,6_S
1789466792.694228,1950,2878,6_S
1789466792.6984599,2001,2879,6_S
1789466792.700209,2175,2876,6_S
1789466792.701462,2132,2879,6_S
1789466792.703991,2041,2879,6_S
1789466792.705131,1956,2877,6_S
1789466792.7072792,2177,2878,6_S
1789466792.710088,2151,2878,6_S
1789466792.7102551,1976,2877,6_S
1789466792.712373,2047,2878,6_S
1789466792.714894,2119,2879,6_S
1789466792.716141,2177,2879,6_S
1789466792.721121,2119,2879,6_S
1789466792.721235,2005,2877,6_S
1789466792.7232268,2112,2878,6_S
1789466792.725045,2213,2879,6_S
1789466792.726887,2009,2877,6_S
1789466792.72831,1939,2878,6_S
1789466792.731033,2034,2878,6_S
1789466792.732736,2214,2880,6_S
1789466792.734039,2062,2878,6_S
1789466792.736358,1986,2877,6_S
1789466792.738734,1957,2878,6_S
1789466792.741048,2167,2879,6_S
1789466792.7423518,2010,2877,6_S
1789466792.744669,1888,2878,6_S
1789466792.745963,2010,2878,6_S
1789466792.748058,2199,2880,6_S
1789466792.750606,2088,2879,6_S
1789466792.752682,2022,2877,6_S
1789466792.75398,1992,2877,6_S
1789466792.756045,2194,2879,6_S
1789466792.7583702,2083,2880,6_S
1789466792.760674,1977,2877,6_S
1789466792.762908,2047,2878,6_S
1789466792.7675421,2088,2878,6_S
1789466792.768302,2179,2879,6_S
1789466792.770056,2129,2878,6_S
1789466792.7701938,2040,2877,6_S
1789466792.773269,2144,2878,6_S
1789466792.774924,2228,2879,6_S
1789466792.777814,2061,2879,6_S
1789466792.7780511,1993,2878,6_S
1789466792.780587,2065,2878,6_S
1789466792.781893,2241,2880,6_S
1789466792.787868,2109,2878,6_S
1789466792.788352,1896,2876,6_S
1789466792.788796,1886,2879,6_S
1789466792.790355,2209,2879,6_S
1789466792.793559,2076,2878,6_S
1789466792.795129,1966,2877,6_S
1789466792.79777,1923,2878,6_S
1789466792.7979462,2148,2879,6_S
1789466792.800538,2166,2880,6_S
1789466792.8018692,2191,2879,6_S
1789466792.804441,1925,2877,6_S
1789466792.8066869,2157,2880,6_S
1789466792.8089988,2087,2878,6_S
1789466792.810292,2029,2877,6_S
1789466792.812598,2031,2878,6_S
1789466792.8146849,2120,2878,6_S
1789466792.81598,2270,2879,6_S
1789466792.818288,2107,2879,6_S
1789466792.8205838,1894,2874,6_S
1789466792.822863,2085,2878,6_S
1789466792.823926,2085,2879,6_S
1789466792.826234,2068,2879,6_S
1789466792.828546,1958,2877,6_S
1789466792.833357,2077,2877,6_S
1789466792.833463,2292,2879,6_S
1789466792.835592,2123,2878,6_S
1789466792.8385851,2096,2879,6_S
1789466792.838754,2020,2877,6_S
1789466792.8411572,2346,2879,6_S
1789466792.843895,2158,2879,6_S
1789466792.844029,2037,2877,6_S
1789466792.8469162,2018,2878,6_S
1789466792.8481832,2199,2880,6_S
1789466792.850772,2195,2881,6_S
1789466792.852078,2073,2878,6_S
1789466792.8542762,2040,2879,6_S
1789466792.8563468,2161,2878,6_S
1789466792.8584142,1801,2878,6_S
1789466792.860726,1984,2876,6_S
1789466792.862016,2203,2878,6_S
1789466792.864335,2267,2879,6_S
1789466792.8668852,2126,2879,6_S
1789466792.8679402,2329,2877,6_S
1789466792.870313,2052,2878,6_S
1789466792.872865,2142,2878,6_S
1789466792.874157,2222,2879,6_S
1789466792.8789718,2066,2877,6_S
1789466792.8794081,1962,2878,6_S
1789466792.8812811,2090,2878,6_S
1789466792.882761,2162,2879,6_S
1789466792.884316,2096,2879,6_S
1789466792.886403,2087,2879,6_S
1789466792.888939,2095,2878,6_S
1789466792.8910642,2277,2880,6_S
1789466792.892363,2197,2879,6_S
1789466792.89443,2099,2877,6_S
1789466792.89699,2081,2879,6_S
1789466792.8982599,2225,2880,6_S
1789466792.9008121,2162,2879,6_S
1789466792.902106,2028,2878,6_S
1789466792.9047549,1995,2877,6_S
1789466792.905886,2239,2879,6_S
1789466792.9084501,2219,2880,6_S
1789466792.9110029,2080,2878,6_S
1789466792.912051,2010,2878,6_S
1789466792.914378,2112,2878,6_S
1789466792.916692,2215,2879,6_S
1789466792.917987,1993,2876,6_S
1789466792.9243782,1992,2878,6_S
1789466792.9251049,2138,2877,6_S
1789466792.9259882,2192,2879,6_S
1789466792.927219,2043,2879,6_S
1789466792.929405,1955,2878,6_S
1789466792.9321651,2196,2877,6_S
1789466792.932309,2324,2880,6_S
1789466792.934828,2060,2879,6_S
1789466792.9365308,2082,2878,6_S
1789466792.938773,2024,2878,6_S
1789466792.940075,2191,2878,6_S
1789466792.942632,2087,2880,6_S
1789466792.944949,1939,2878,6_S
1789466792.94624,2034,2878,6_S
1789466792.9487848,2208,2879,6_S
1789466792.951057,2065,2877,6_S
1789466792.952105,2056,2880,6_S
1789466792.954168,2091,2877,6_S
1789466792.956707,2185,2878,6_S
1789466792.958005,2075,2878,6_S
1789466792.960317,1954,2876,6_S
1789466792.9626172,1919,2877,6_S
1789466792.965045,2233,2881,6_S
1789466792.9693801,2223,2879,6_S
1789466792.970508,2109,2879,6_S
1789466792.970664,1953,2877,6_S
1789466792.972397,2046,2879,6_S
1789466792.973898,2247,2879,6_S
1789466792.977212,2039,2878,6_S
1789466792.9796858,2032,2877,6_S
1789466792.981426,2053,2879,6_S
1789466792.982723,2268,2880,6_S
1789466792.983913,2100,2878,6_S
1789466792.986471,2023,2878,6_S
1789466792.989028,2060,2877,6_S
1789466792.990218,2283,2878,6_S
1789466792.992289,2056,2879,6_S
1789466792.9948359,1925,2878,6_S
1789466792.996125,1960,2878,6_S
1789466792.9984262,2224,2880,6_S
1789466793.000984,2222,2879,6_S
1789466793.00228,2115,2877,6_S
1789466793.0048268,1919,2878,6_S
1789466793.0061178,2127,2878,6_S
1789466793.0085728,2160,2880,6_S
1789466793.0143502,1994,2877,6_S
1789466793.014761,2000,2877,6_S
1789466793.014893,2142,2877,6_S
1789466793.0169358,2208,2879,6_S
1789466793.019087,2106,2878,6_S
1789466793.020598,1951,2878,6_S
1789466793.024106,2201,2877,6_S
1789466793.0243819,2152,2879,6_S
1789466793.0270872,2128,2880,6_S
1789466793.028394,1934,2878,6_S
1789466793.030765,2006,2878,6_S
1789466793.032063,2176,2880,6_S
1789466793.034373,2118,2879,6_S
1789466793.0364811,1986,2877,6_S
1789466793.038792,1913,2878,6_S
1789466793.040084,2107,2880,6_S
1789466793.042154,2076,2879,6_S
1789466793.0447009,2039,2877,6_S
1789466793.046826,2013,2878,6_S
1789466793.048118,2163,2878,6_S
1789466793.050426,2130,2879,6_S
1789466793.052972,2005,2879,6_S
1789466793.054026,2003,2878,6_S
1789466793.05886,2167,2877,6_S
1789466793.059322,2052,2879,6_S
1789466793.060992,2006,2877,6_S
1789466793.063186,1981,2878,6_S
1789466793.0648608,2103,2879,6_S
1789466793.0683992,2224,2879,6_S
1789466793.068661,2109,2878,6_S
1789466793.070534,1951,2877,6_S
1789466793.072839,2156,2878,6_S
1789466793.074133,2194,2878,6_S
1789466793.076533,2031,2877,6_S
1789466793.0778282,1969,2878,6_S
1789466793.080374,2064,2878,6_S
1789466793.082672,2189,2879,6_S
1789466793.083961,2078,2879,6_S
1789466793.086266,2045,2878,6_S
1789466793.088812,2006,2877,6_S
1789466793.090102,2221,2880,6_S
1789466793.092648,2085,2879,6_S
1789466793.0939362,1968,2878,6_S
1789466793.095999,1986,2878,6_S
1789466793.1014478,2091,2879,6_S
1789466793.102221,2238,2879,6_S
1789466793.1026251,2060,2878,6_S
1789466793.104083,1990,2878,6_S
1789466793.109022,2201,2878,6_S
1789466793.11132,2237,2879,6_S
1789466793.111474,2000,2877,6_S
1789466793.113054,1972,2879,6_S
1789466793.114358,2172,2878,6_S
1789466793.116916,2187,2881,6_S
1789466793.1179872,2104,2880,6_S
1789466793.120169,1977,2878,6_S
1789466793.1224809,2065,2878,6_S
1789466793.1249611,2158,2879,6_S
1789466793.126189,2013,2877,6_S
1789466793.128503,1984,2878,6_S
1789466793.1308212,2139,2879,6_S
1789466793.132116,2267,2880,6_S
1789466793.1344268,2083,2879,6_S
1789466793.136736,2011,2877,6_S
1789466793.1380339,1968,2878,6_S
1789466793.1406012,2145,2879,6_S
1789466793.141929,2060,2879,6_S
1789466793.146008,1915,2879,6_S
1789466793.147116,1955,2878,6_S
1789466793.148984,2209,2880,6_S
1789466793.15073,2152,2879,6_S
1789466793.153603,2020,2877,6_S
1789466793.155806,1953,2877,6_S
1789466793.15614,2165,2879,6_S
1789466793.1588101,2119,2879,6_S
1789466793.160104,1978,2877,6_S
1789466793.162177,1997,2878,6_S
1789466793.164711,2108,2878,6_S
1789466793.166008,2157,2880,6_S
1789466793.168555,2059,2878,6_S
1789466793.169915,1991,2879,6_S
1789466793.172469,2089,2878,6_S
1789466793.175023,2174,2879,6_S
1789466793.1763132,2050,2878,6_S
1789466793.178612,1958,2878,6_S
1789466793.1799371,2007,2878,6_S
1789466793.1824589,2201,2879,6_S
1789466793.185005,2111,2878,6_S
1789466793.1890829,2027,2878,6_S
1789466793.189802,1994,2877,6_S
1789466793.189934,2188,2879,6_S
1789466793.193294,2035,2880,6_S
1789466793.195123,1931,2878,6_S
1789466793.198484,1944,2879,6_S
1789466793.1986089,2192,2879,6_S
1789466793.200597,2137,2878,6_S
1789466793.202763,2051,2879,6_S
1789466793.203939,1951,2877,6_S
1789466793.2062662,2148,2878,6_S
1789466793.208819,2117,2879,6_S
1789466793.210109,1980,2877,6_S
1789466793.212425,1931,2877,6_S
1789466793.214972,2150,2878,6_S
1789466793.216157,2223,2880,6_S
1789466793.2186382,2107,2878,6_S
1789466793.220792,1974,2878,6_S
1789466793.2219589,2129,2878,6_S
1789466793.2245052,2169,2879,6_S
1789466793.226826,2036,2877,6_S
1789466793.22794,1988,2878,6_S
1789466793.232746,2091,2879,6_S
1789466793.233243,2231,2879,6_S
1789466793.235051,2075,2878,6_S
1789466793.236539,1966,2879,6_S
1789466793.239947,1955,2877,6_S
1789466793.242021,2222,2879,6_S
1789466793.2422469,2043,2879,6_S
1789466793.245376,1916,2878,6_S
1789466793.246667,2028,2878,6_S
1789466793.24796,2147,2878,6_S
1789466793.250022,2067,2877,6_S
1789466793.252321,2050,2879,6_S
1789466793.2548711,2018,2878,6_S
1789466793.256159,2154,2878,6_S
1789466793.25871,2119,2879,6_S
1789466793.259815,1966,2877,6_S
1789466793.261884,1942,2879,6_S
1789466793.263943,2099,2878,6_S
1789466793.26601,2172,2879,6_S
1789466793.2683048,2126,2879,6_S
1789466793.270613,1964,2877,6_S
1789466793.271994,2050,2878,6_S
1789466793.275852,2181,2879,6_S
1789466793.2762141,2053,2877,6_S
1789466793.279465,1962,2878,6_S
1789466793.280579,2127,2879,6_S
1789466793.282511,2234,2879,6_S
1789466793.284535,2110,2878,6_S
1789466793.286428,1930,2877,6_S
1789466793.288737,2041,2877,6_S
1789466793.290028,2169,2880,6_S
1789466793.2923431,2062,2879,6_S
1789466793.294892,1947,2877,6_S
1789466793.2961931,1997,2879,6_S
1789466793.298743,2176,2879,6_S
1789466793.299983,2153,2880,6_S
1789466793.3022861,2017,2879,6_S
1789466793.304832,2001,2878,6_S
1789466793.306122,2156,2878,6_S
1789466793.3084328,2122,2879,6_S
1789466793.310961,1979,2877,6_S
1789466793.31201,2013,2879,6_S
1789466793.3174222,2137,2879,6_S
1789466793.318231,2226,2880,6_S
1789466793.3202891,2127,2879,6_S
1789466793.3204238,1947,2877,6_S
1789466793.322149,2157,2879,6_S
1789466793.325137,2132,2878,6_S
1789466793.327414,1978,2878,6_S
1789466793.3294332,1983,2878,6_S
1789466793.33073,2017,2878,6_S
1789466793.332028,2135,2877,6_S
1789466793.334351,2073,2879,6_S
1789466793.336668,1979,2877,6_S
1789466793.338909,1993,2878,6_S
1789466793.340209,2158,2880,6_S
1789466793.342761,2021,2878,6_S
1789466793.344053,1923,2877,6_S
1789466793.346364,2015,2878,6_S
1789466793.348923,2168,2878,6_S
1789466793.3499799,2133,2880,6_S
1789466793.352289,2032,2878,6_S
1789466793.35484,2005,2877,6_S
1789466793.355984,2155,2877,6_S
1789466793.358297,2088,2880,6_S
1789466793.362537,1944,2876,6_S
1789466793.362923,2013,2878,6_S
1789466793.3650508,2088,2879,6_S
1789466793.366868,2199,2880,6_S
1789466793.3686342,2115,2880,6_S
1789466793.3718169,1990,2877,6_S
1789466793.371978,2070,2878,6_S
1789466793.374441,2210,2880,6_S
1789466793.3767521,2019,2877,6_S
1789466793.37796,1971,2878,6_S
1789466793.380264,1987,2879,6_S
1789466793.3828092,2276,2879,6_S
1789466793.3838642,2109,2879,6_S
1789466793.386411,2005,2879,6_S
1789466793.388713,1968,2879,6_S
1789466793.3910232,2046,2878,6_S
1789466793.3923159,2073,2880,6_S
1789466793.394613,2026,2878,6_S
1789466793.395925,2004,2879,6_S
1789466793.398479,2152,2878,6_S
1789466793.4007838,2040,2877,6_S
1789466793.405277,2029,2879,6_S
1789466793.405922,1964,2877,6_S
1789466793.407377,2177,2878,6_S
1789466793.40909,2170,2879,6_S
1789466793.412075,2005,2877,6_S
1789466793.4121878,1972,2878,6_S
1789466793.4141319,2095,2877,6_S
1789466793.416641,2241,2880,6_S
1789466793.418707,2070,2878,6_S
1789466793.420012,1960,2877,6_S
1789466793.42257,2170,2878,6_S
1789466793.424654,2183,2879,6_S
1789466793.4269598,1967,2877,6_S
1789466793.4282491,1921,2878,6_S
1789466793.4307961,2030,2878,6_S
1789466793.4319098,2244,2880,6_S
1789466793.43446,2036,2877,6_S
1789466793.4368992,2067,2878,6_S
1789466793.438049,1986,2878,6_S
1789466793.4405918,2163,2879,6_S
1789466793.4418921,2041,2878,6_S
1789466793.466167,1902,2878,6_S
1789466793.466222,2086,2878,6_S
1789466793.466262,2208,2878,6_S
1789466793.466296,2107,2880,6_S
1789466793.466329,2088,2879,6_S
1789466793.466363,2027,2877,6_S
1789466793.4663942,2173,2878,6_S
1789466793.4664252,2020,2877,6_S
1789466793.4664571,1956,2878,6_S
1789466793.4664881,1971,2878,6_S
1789466793.466519,2114,2878,6_S
1789466793.46655,2229,2880,6_S
1789466793.4723089,2040,2879,6_S
1789466793.4729311,1937,2877,6_S
1789466793.47297,2031,2878,6_S
1789466793.477302,2179,2879,6_S
1789466793.479567,2022,2877,6_S
1789466793.479603,2029,2878,6_S
1789466793.480651,2078,2878,6_S
1789466793.481966,2190,2879,6_S
1789466793.4843452,2053,2880,6_S
1789466793.487234,2051,2878,6_S
1789466793.488862,1976,2878,6_S
1789466793.494619,2179,2879,6_S
1789466793.496277,2090,2879,6_S
1789466793.496435,1970,2877,6_S
1789466793.4966478,1992,2878,6_S
1789466793.49837,2115,2878,6_S
1789466793.501722,2165,2879,6_S
1789466793.503915,2102,2878,6_S
1789466793.5041258,1975,2877,6_S
1789466793.506892,2143,2878,6_S
1789466793.50819,2136,2879,6_S
1789466793.512883,1962,2878,6_S
1789466793.513396,1931,2877,6_S
1789466793.5155652,2086,2878,6_S
1789466793.517014,2179,2879,6_S
1789466793.518858,2079,2877,6_S
1789466793.522513,1947,2877,6_S
1789466793.522669,2059,2877,6_S
1789466793.524708,2161,2878,6_S
1789466793.526009,2069,2880,6_S
1789466793.5285609,1965,2878,6_S
1789466793.5308192,2123,2878,6_S
1789466793.531931,2187,2879,6_S
1789466793.533992,2094,2878,6_S
1789466793.536309,1979,2877,6_S
1789466793.538595,2030,2878,6_S
1789466793.5399392,2177,2879,6_S
1789466793.542306,2083,2879,6_S
1789466793.544857,1964,2878,6_S
1789466793.54592,2021,2878,6_S
1789466793.548129,2185,2878,6_S
1789466793.5506911,2191,2880,6_S
1789466793.551987,2073,2879,6_S
1789466793.558622,1957,2879,6_S
1789466793.559381,2142,2877,6_S
1789466793.559464,2126,2878,6_S
1789466793.561118,1984,2877,6_S
1789466793.562693,1975,2878,6_S
1789466793.565991,2085,2878,6_S
1789466793.566091,2152,2880,6_S
1789466793.568228,2122,2879,6_S
1789466793.5702558,2003,2877,6_S
1789466793.572621,2086,2879,6_S
1789466793.573916,2199,2880,6_S
1789466793.57648,2012,2877,6_S
1789466793.578793,1949,2877,6_S
1789466793.580095,2100,2878,6_S
1789466793.582405,2247,2880,6_S
1789466793.584953,2126,2879,6_S
1789466793.586244,2056,2878,6_S
1789466793.5885599,1916,2878,6_S
1789466793.5906718,2163,2878,6_S
1789466793.591964,2082,2879,6_S
1789466793.5942779,1964,2878,6_S
1789466793.596823,1995,2878,6_S
1789466793.597933,2155,2879,6_S
1789466793.603165,2087,2879,6_S
1789466793.603654,2033,2878,6_S
1789466793.605409,1954,2877,6_S
1789466793.606913,2132,2879,6_S
1789466793.608722,2215,2878,6_S
1789466793.610349,2015,2878,6_S
1789466793.612459,1962,2878,6_S
1789466793.614548,2113,2878,6_S
1789466793.6158452,2202,2880,6_S
1789466793.6183941,2079,2879,6_S
1789466793.620714,1941,2877,6_S
1789466793.62196,2127,2878,6_S
1789466793.624278,2198,2879,6_S
1789466793.626681,2045,2881,6_S
1789466793.627847,1960,2877,6_S
1789466793.630396,2065,2878,6_S
1789466793.6329558,2262,2880,6_S
1789466793.6341739,2127,2879,6_S
1789466793.636492,2045,2877,6_S
1789466793.638796,1998,2877,6_S
1789466793.639967,2152,2880,6_S
1789466793.6422741,2029,2878,6_S
1789466793.6473181,1955,2878,6_S
1789466793.648113,1971,2877,6_S
1789466793.649994,2135,2878,6_S
1789466793.650265,2178,2880,6_S
1789466793.6536388,2102,2879,6_S
1789466793.655311,1979,2878,6_S
1789466793.6573591,2128,2878,6_S
1789466793.6593852,2115,2879,6_S
1789466793.660688,1981,2877,6_S
1789466793.6619809,1956,2878,6_S
1789466793.6645498,2066,2878,6_S
1789466793.667008,2211,2880,6_S
1789466793.668303,2097,2880,6_S
1789466793.670851,1970,2878,6_S
1789466793.672142,2116,2877,6_S
1789466793.6746922,2259,2879,6_S
1789466793.6759832,2058,2879,6_S
1789466793.678298,1897,2878,6_S
1789466793.6808472,2042,2878,6_S
1789466793.6818922,2245,2879,6_S
1789466793.684196,2116,2879,6_S
1789466793.686508,2001,2878,6_S
1789466793.691894,1959,2878,6_S
1789466793.692388,2185,2878,6_S
1789466793.693193,2070,2880,6_S
1789466793.694727,1985,2878,6_S
1789466793.697108,2020,2878,6_S
1789466793.698325,2117,2878,6_S
1789466793.701538,2046,2876,6_S
1789466793.7031941,2019,2878,6_S
1789466793.7042508,1958,2878,6_S
1789466793.7068129,2145,2878,6_S
1789466793.7078772,2138,2878,6_S
1789466793.7101839,1968,2877,6_S
1789466793.712497,2005,2879,6_S
1789466793.71505,2113,2878,6_S
1789466793.716259,2221,2880,6_S
1789466793.7186098,2102,2879,6_S
1789466793.7199051,1984,2878,6_S
1789466793.722472,2049,2877,6_S
1789466793.7248158,2146,2879,6_S
1789466793.725865,2008,2876,6_S
1789466793.728179,1961,2878,6_S
1789466793.730725,2064,2878,6_S
1789466793.7319648,2233,2878,6_S
1789466793.7367969,2121,2879,6_S
1789466793.737547,2020,2877,6_S
1789466793.739038,1959,2877,6_S
1789466793.74084,2174,2879,6_S
1789466793.742275,2065,2880,6_S
1789466793.7442539,1934,2876,6_S
1789466793.746371,2006,2878,6_S
1789466793.7484329,2144,2878,6_S
1789466793.750498,2088,2877,6_S
1789466793.753092,2046,2878,6_S
1789466793.754165,1977,2878,6_S
1789466793.756236,2122,2878,6_S
1789466793.758788,2119,2879,6_S
1789466793.760001,1984,2877,6_S
1789466793.7623029,1961,2878,6_S
1789466793.764849,2111,2877,6_S
1789466793.7660532,2212,2880,6_S
1789466793.768599,2128,2878,6_S
1789466793.7709188,1995,2878,6_S
1789466793.772067,2073,2878,6_S
1789466793.774615,2226,2879,6_S
1789466793.77692,2035,2877,6_S
1789466793.781609,1975,2878,6_S
1789466793.782327,2066,2878,6_S
1789466793.783232,2222,2879,6_S
1789466793.784456,2133,2878,6_S
1789466793.786044,2021,2879,6_S
1789466793.7894242,1957,2877,6_S
1789466793.7915761,2191,2879,6_S
1789466793.7937899,2084,2879,6_S
1789466793.7938938,1955,2877,6_S
1789466793.796211,1986,2879,6_S
1789466793.798524,2128,2878,6_S
1789466793.8011038,2109,2879,6_S
1789466793.802408,2049,2878,6_S
1789466793.804495,1993,2878,6_S
1789466793.806823,2120,2879,6_S
1789466793.808116,2136,2878,6_S
1789466793.810673,1945,2877,6_S
1789466793.811954,1924,2878,6_S
1789466793.814035,2124,2878,6_S
1789466793.816352,2233,2880,6_S
1789466793.818553,2095,2880,6_S
1789466793.820619,1944,2877,6_S
1789466793.822947,2058,2877,6_S
1789466793.828021,2220,2878,6_S
1789466793.828162,2018,2878,6_S
1789466793.829761,1975,2878,6_S
1789466793.832159,2048,2877,6_S
1789466793.83253,2184,2877,6_S
1789466793.835093,2090,2879,6_S
1789466793.837304,2026,2878,6_S
1789466793.83935,1974,2877,6_S
1789466793.840642,2166,2879,6_S
1789466793.841942,2100,2879,6_S
1789466793.844504,1983,2878,6_S
1789466793.846859,2004,2878,6_S
1789466793.8479118,2143,2878,6_S
1789466793.850223,2135,2879,6_S
1789466793.852373,2035,2878,6_S
1789466793.854929,1982,2878,6_S
1789466793.8559759,2110,2877,6_S
1789466793.858044,2099,2879,6_S
1789466793.860096,1949,2877,6_S
1789466793.862412,1963,2877,6_S
1789466793.864486,2045,2878,6_S
1789466793.8670678,2243,2879,6_S
1789466793.872226,2128,2880,6_S
1789466793.8727272,2005,2877,6_S
1789466793.87358,2090,2877,6_S
1789466793.876538,2219,2879,6_S
1789466793.877383,2052,2880,6_S
1789466793.8799748,1953,2879,6_S
1789466793.882151,2027,2879,6_S
1789466793.882466,2211,2879,6_S
1789466793.884625,2089,2878,6_S
1789466793.885927,1984,2879,6_S
1789466793.887996,1953,2878,6_S
1789466793.8901,2150,2879,6_S
1789466793.892353,2018,2879,6_S
1789466793.894704,1971,2878,6_S
1789466793.895885,2026,2878,6_S
1789466793.8983018,2148,2878,6_S
1789466793.900862,2159,2879,6_S
1789466793.902157,2032,2878,6_S
1789466793.904707,2037,2878,6_S
1789466793.905997,2098,2878,6_S
1789466793.9083111,2109,2879,6_S
1789466793.91086,2021,2877,6_S
1789466793.911902,1926,2878,6_S
1789466793.9175029,2047,2878,6_S
1789466793.9179788,2234,2879,6_S
1789466793.9188852,2066,2878,6_S
1789466793.9221509,2001,2877,6_S
1789466793.922962,2031,2878,6_S
1789466793.9247959,2159,2879,6_S
1789466793.926189,2025,2877,6_S
1789466793.928256,1971,2878,6_S
1789466793.930423,2060,2877,6_S
1789466793.932735,2204,2880,6_S
1789466793.934035,2093,2879,6_S
1789466793.936181,2023,2879,6_S
1789466793.938632,1956,2878,6_S
1789466793.939795,2194,2879,6_S
1789466793.9421031,2106,2880,6_S
1789466793.944418,1971,2877,6_S
1789466793.9467242,2020,2878,6_S
1789466793.947893,2144,2878,6_S
1789466793.95044,2093,2877,6_S
1789466793.95253,2134,2879,6_S
1789466793.954622,1955,2878,6_S
1789466793.955919,2149,2878,6_S
1789466793.958467,2126,2879,6_S
1789466793.960039,1942,2878,6_S
1789466793.9640708,1951,2878,6_S
1789466793.9649122,2074,2878,6_S
1789466793.9669702,2214,2881,6_S
1789466793.968868,2054,2878,6_S
1789466793.970431,1990,2877,6_S
1789466793.971987,2073,2878,6_S
1789466793.974153,2189,2880,6_S
1789466793.976334,2024,2876,6_S
1789466793.978889,1972,2877,6_S
1789466793.979952,2019,2877,6_S
1789466793.982504,2132,2877,6_S
1789466793.983795,2173,2878,6_S
1789466793.986099,2087,2877,6_S
1789466793.988202,1977,2877,6_S
1789466793.9904902,2154,2877,6_S
1789466793.992779,2051,2879,6_S
1789466793.994077,1996,2877,6_S
1789466793.996385,1998,2878,6_S
1789466793.998454,2151,2879,6_S
1789466793.9997902,2131,2879,6_S
1789466794.002091,1999,2878,6_S
1789466794.0044,1927,2878,6_S
1789466794.008596,2118,2878,6_S
1789466794.009305,2108,2878,6_S
1789466794.011483,1988,2878,6_S
1789466794.013293,1952,2878,6_S
1789466794.014551,2093,2878,6_S
1789466794.016413,2247,2879,6_S
1789466794.0184581,2111,2879,6_S
1789466794.0205739,2001,2877,6_S
1789466794.0227919,2045,2878,6_S
1789466794.023849,2210,2878,6_S
1789466794.02618,2051,2879,6_S
1789466794.028661,1987,2877,6_S
1789466794.029956,2012,2878,6_S
1789466794.032505,2200,2878,6_S
1789466794.033801,2148,2879,6_S
1789466794.036114,1991,2879,6_S
1789466794.038635,1988,2877,6_S
1789466794.039927,2165,2878,6_S
1789466794.042478,2088,2879,6_S
1789466794.0437849,1954,2877,6_S
1789466794.046269,1984,2878,6_S
1789466794.048518,2131,2878,6_S
1789466794.053361,2138,2879,6_S
1789466794.054122,2039,2879,6_S
1789466794.05459,1945,2877,6_S
1789466794.056267,2106,2877,6_S
1789466794.059337,2124,2879,6_S
1789466794.0610619,1985,2877,6_S
1789466794.0633779,1990,2879,6_S
1789466794.065461,2100,2878,6_S
1789466794.0665972,2227,2879,6_S
1789466794.067898,2130,2879,6_S
1789466794.070086,1991,2877,6_S
1789466794.072688,2022,2878,6_S
1789466794.0739892,2176,2879,6_S
1789466794.076371,2046,2880,6_S
1789466794.077775,1939,2877,6_S
1789466794.0798662,2048,2876,6_S
1789466794.0821729,2189,2881,6_S
1789466794.0842519,2054,2876,6_S
1789466794.086805,1961,2878,6_S
1789466794.087862,2035,2877,6_S
1789466794.0904121,2171,2877,6_S
1789466794.092725,1965,2876,6_S
1789466794.093985,1923,2877,6_S
1789466794.098282,1965,2878,6_S
1789466794.098779,2127,2878,6_S
1789466794.10096,2119,2879,6_S
1789466794.102658,2040,2878,6_S
1789466794.104651,1983,2878,6_S
1789466794.106296,2109,2878,6_S
1789466794.1084049,2132,2879,6_S
1789466794.110368,2030,2878,6_S
1789466794.112452,1958,2878,6_S
1789466794.113774,2074,2878,6_S
1789466794.1165419,2202,2879,6_S
1789466794.117895,2094,2879,6_S
1789466794.120235,1984,2877,6_S
1789466794.122567,2004,2879,6_S
1789466794.1246579,2195,2879,6_S
1789466794.125962,2053,2879,6_S
1789466794.128278,1967,2878,6_S
1789466794.130742,2063,2878,6_S
1789466794.131805,2180,2879,6_S
1789466794.133874,2140,2879,6_S
1789466794.136202,2043,2878,6_S
1789466794.1385128,1965,2877,6_S
1789466794.1405902,2172,2878,6_S
1789466794.145534,2073,2879,6_S
1789466794.146345,1952,2877,6_S
1789466794.146823,1977,2878,6_S
1789466794.150187,2142,2878,6_S
1789466794.1506329,2124,2880,6_S
1789466794.152216,2052,2878,6_S
1789466794.15623,1963,2877,6_S
1789466794.1565068,2142,2879,6_S
1789466794.158714,2161,2878,6_S
1789466794.160012,2024,2877,6_S
1789466794.1657758,1957,2878,6_S
1789466794.166185,2079,2878,6_S
1789466794.1663208,2258,2879,6_S
1789466794.168502,2124,2879,6_S
1789466794.1721191,2015,2878,6_S
1789466794.1723032,2007,2878,6_S
1789466794.176374,2214,2878,6_S
1789466794.1767669,2014,2878,6_S
1789466794.179034,1941,2878,6_S
1789466794.1801531,2018,2878,6_S
1789466794.182313,2202,2880,6_S
1789466794.184899,2095,2878,6_S
1789466794.1859682,1992,2878,6_S
1789466794.188117,1961,2878,6_S
1789466794.190445,2144,2880,6_S
1789466794.192755,2078,2878,6_S
1789466794.194061,1978,2878,6_S
1789466794.196617,2021,2879,6_S
1789466794.1987042,2092,2878,6_S
1789466794.1998148,2177,2879,6_S
1789466794.202005,2038,2879,6_S
1789466794.204321,1972,2878,6_S
1789466794.2068748,2138,2878,6_S
1789466794.207946,2150,2878,6_S
1789466794.213961,2027,2876,6_S
1789466794.2152371,1974,2878,6_S
1789466794.215362,2092,2878,6_S
1789466794.2171369,2253,2879,6_S
1789466794.2193751,2109,2879,6_S
1789466794.220948,1987,2877,6_S
1789466794.224787,2031,2879,6_S
1789466794.224983,2182,2880,6_S
1789466794.227392,2017,2877,6_S
1789466794.2286909,1975,2879,6_S
1789466794.22999,2025,2879,6_S
1789466794.235029,2202,2879,6_S
1789466794.235898,2154,2878,6_S
1789466794.237685,2039,2877,6_S
1789466794.239179,1976,2877,6_S
1789466794.2408519,2208,2879,6_S
1789466794.243082,2082,2879,6_S
1789466794.245255,1982,2877,6_S
1789466794.247293,1939,2878,6_S
1789466794.2486022,2109,2878,6_S
1789466794.249779,2132,2879,6_S
1789466794.252119,2064,2878,6_S
1789466794.2544372,1991,2877,6_S
1789466794.256757,2124,2878,6_S
1789466794.257809,2133,2880,6_S
1789466794.260136,2012,2878,6_S
1789466794.2626922,1973,2877,6_S
1789466794.264029,2073,2879,6_S
1789466794.2665138,2219,2880,6_S
1789466794.267812,2097,2879,6_S
1789466794.270147,1987,2877,6_S
1789466794.272415,1995,2878,6_S
1789466794.27472,2176,2879,6_S
1789466794.2758012,2041,2879,6_S
1789466794.282721,1942,2878,6_S
1789466794.28338,2040,2878,6_S
1789466794.2838569,2201,2881,6_S
1789466794.285099,2114,2879,6_S
1789466794.2870588,2043,2879,6_S
1789466794.290386,1985,2878,6_S
1789466794.290526,2188,2880,6_S
1789466794.292584,2115,2880,6_S
1789466794.294722,1957,2877,6_S
1789466794.296027,2003,2878,6_S
1789466794.2982452,2111,2878,6_S
1789466794.3025558,2155,2879,6_S
1789466794.305078,2042,2880,6_S
1789466794.305238,1949,2878,6_S
1789466794.307272,2099,2878,6_S
1789466794.313031,2125,2879,6_S
1789466794.313278,1996,2878,6_S
1789466794.313482,1965,2877,6_S
1789466794.3159108,2091,2878,6_S
1789466794.316034,2214,2879,6_S
1789466794.318141,2109,2878,6_S
1789466794.3202822,1982,2878,6_S
1789466794.3375208,2066,2879,6_S
1789466794.337673,2168,2878,6_S
1789466794.33776,2061,2879,6_S
1789466794.3377972,1966,2878,6_S
1789466794.337832,1986,2878,6_S
1789466794.337867,2228,2880,6_S
1789466794.337902,2104,2878,6_S
1789466794.337972,2011,2878,6_S
1789466794.3381948,1988,2878,6_S
1789466794.341043,2182,2878,6_S
1789466794.345089,2095,2878,6_S
1789466794.3451278,1987,2877,6_S
1789466794.351681,2008,2878,6_S
1789466794.3517199,2152,2878,6_S
1789466794.351755,2185,2880,6_S
1789466794.351796,2097,2879,6_S
1789466794.370652,1982,2878,6_S
1789466794.370773,2087,2877,6_S
1789466794.37083,2140,2879,6_S
1789466794.370868,2002,2876,6_S
1789466794.370975,1924,2878,6_S
1789466794.371018,2095,2878,6_S
1789466794.371056,2223,2879,6_S
1789466794.371135,2080,2879,6_S
1789466794.37119,2009,2878,6_S
1789466794.372864,2021,2878,6_S
1789466794.401383,2203,2879,6_S
1789466794.401431,2066,2878,6_S
1789466794.4014678,1960,2878,6_S
1789466794.401504,2034,2879,6_S
1789466794.4015381,2177,2878,6_S
1789466794.401572,2121,2879,6_S
1789466794.403853,2043,2878,6_S
1789466794.403896,1961,2877,6_S
1789466794.403931,2182,2879,6_S
1789466794.4044669,2086,2880,6_S
1789466794.404504,1969,2877,6_S
1789466794.405277,1979,2878,6_S
1789466794.405323,2133,2878,6_S
1789466794.4053602,2183,2879,6_S
1789466794.405395,2093,2879,6_S
1789466794.405503,1965,2879,6_S
1789466794.422344,2129,2878,6_S
1789466794.4224188,2157,2880,6_S
1789466794.422457,1999,2878,6_S
1789466794.4224918,1944,2877,6_S
1789466794.422527,2074,2878,6_S
1789466794.422561,2236,2880,6_S
1789466794.422596,2108,2879,6_S
1789466794.422629,1990,2878,6_S
1789466794.422664,2023,2877,6_S
1789466794.4335392,2195,2878,6_S
1789466794.433922,2013,2877,6_S
1789466794.4342499,1977,2878,6_S
1789466794.446358,2033,2877,6_S
1789466794.446416,2193,2877,6_S
1789466794.446455,2171,2878,6_S
1789466794.446492,1995,2877,6_S
1789466794.44653,1982,2878,6_S
1789466794.4465659,2194,2877,6_S
1789466794.446604,2099,2879,6_S
1789466794.446641,1961,2877,6_S
1789466794.446677,1989,2877,6_S
1789466794.457002,2083,2878,6_S
1789466794.457053,2125,2879,6_S
1789466794.4570932,2069,2878,6_S
1789466794.45713,1967,2877,6_S
1789466794.4571679,2117,2878,6_S
1789466794.458575,2156,2878,6_S
1789466794.45981,2033,2876,6_S
1789466794.462292,1965,2877,6_S
1789466794.464418,2091,2877,6_S
1789466794.465874,2237,2879,6_S
1789466794.468199,2137,2878,6_S
1789466794.470536,1996,2878,6_S
1789466794.472239,1991,2877,6_S
1789466794.474876,2192,2880,6_S
1789466794.475936,2042,2879,6_S
1789466794.478455,1967,2879,6_S
1789466794.479779,2063,2878,6_S
1789466794.485774,2188,2878,6_S
1789466794.485965,2113,2879,6_S
1789466794.486464,2022,2878,6_S
1789466794.489017,1986,2877,6_S
1789466794.491606,2173,2879,6_S
1789466794.4940648,2113,2880,6_S
1789466794.495795,1981,2877,6_S
1789466794.49823,2016,2878,6_S
1789466794.4984121,2123,2878,6_S
1789466794.50097,2172,2880,6_S
1789466794.50228,2100,2878,6_S
1789466794.50485,1976,2877,6_S
