timestamp,ch1,ch2,label
1789466036.000628,2057,2878,swallow
1789466036.00142,2034,2877,swallow
1789466036.0030222,2039,2877,swallow
1789466036.004881,2059,2878,swallow
1789466036.0079622,2002,2876,swallow
1789466036.008128,1984,2878,swallow
1789466036.010226,2130,2876,swallow
1789466036.012533,2116,2879,swallow
1789466036.015108,2081,2878,swallow
1789466036.016404,2011,2876,swallow
1789466036.018833,1964,2877,swallow
1789466036.0211258,2097,2878,swallow
1789466036.0221682,2055,2876,swallow
1789466036.024404,1988,2877,swallow
1789466036.026944,2061,2877,swallow
1789466036.028228,2104,2876,swallow
1789466036.030529,2050,2876,swallow
1789466036.03307,2070,2877,swallow
1789466036.034111,2057,2877,swallow
1789466036.036549,2082,2876,swallow
1789466036.0417862,2086,2877,swallow
1789466036.04225,2000,2876,swallow
1789466036.042685,2044,2876,swallow
1789466036.044393,2072,2877,swallow
1789466036.047321,2025,2876,swallow
1789466036.048971,2039,2878,swallow
1789466036.051151,2063,2877,swallow
1789466036.052212,2026,2877,swallow
1789466036.054521,2079,2878,swallow
1789466036.056692,2035,2876,swallow
1789466036.05899,2033,2877,swallow
1789466036.06028,2084,2877,swallow
1789466036.06272,2134,2878,swallow
1789466036.0640059,2110,2878,swallow
1789466036.0663118,2044,2877,swallow
1789466036.0688598,2070,2877,swallow
1789466036.069987,2071,2878,swallow
1789466036.072528,2036,2876,swallow
1789466036.0748239,1979,2876,swallow
1789466036.076108,2035,2876,swallow
1789466036.0784729,2051,2877,swallow
1789466036.081986,2053,2877,swallow
1789466036.082376,2062,2877,swallow
1789466036.084737,1999,2876,swallow
1789466036.086532,2105,2877,swallow
1789466036.088254,2029,2878,swallow
1789466036.092222,2027,2876,swallow
1789466036.0924082,2046,2877,swallow
1789466036.094964,2148,2877,swallow
1789466036.0960178,2107,2879,swallow
1789466036.098328,2037,2877,swallow
1789466036.100777,2044,2876,swallow
1789466036.1020641,2081,2877,swallow
1789466036.104366,2092,2878,swallow
1789466036.106668,2040,2877,swallow
1789466036.1089642,2026,2877,swallow
1789466036.1102479,2075,2877,swallow
1789466036.112329,2119,2877,swallow
1789466036.114881,2071,2878,swallow
1789466036.1161668,2009,2877,swallow
1789466036.1184618,2052,2877,swallow
1789466036.122943,2080,2877,swallow
1789466036.123071,2064,2878,swallow
1789466036.125195,2006,2877,swallow
1789466036.126993,2037,2878,swallow
1789466036.129345,2065,2877,swallow
1789466036.13182,2103,2878,swallow
1789466036.1332202,2001,2876,swallow
1789466036.134325,2028,2876,swallow
1789466036.1368902,2072,2877,swallow
1789466036.138149,2074,2877,swallow
1789466036.14055,1965,2876,swallow
1789466036.143092,2008,2878,swallow
1789466036.14429,2126,2876,swallow
1789466036.146589,2090,2876,swallow
1789466036.1486459,2047,2878,swallow
1789466036.1507049,2047,2878,swallow
1789466036.151996,2047,2877,swallow
1789466036.154061,1993,2877,swallow
1789466036.156363,2031,2877,swallow
1789466036.161611,2025,2878,swallow
1789466036.162355,2021,2877,swallow
1789466036.162446,2072,2876,swallow
1789466036.164206,2109,2879,swallow
1789466036.167228,2058,2877,swallow
1789466036.1686242,2034,2877,swallow
1789466036.1709728,2053,2877,swallow
1789466036.17212,2007,2874,swallow
1789466036.174444,1973,2876,swallow
1789466036.1769888,2030,2877,swallow
1789466036.178282,2094,2877,swallow
1789466036.180435,2099,2878,swallow
1789466036.1827478,2044,2877,swallow
1789466036.1840289,2007,2876,swallow
1789466036.186579,2103,2877,swallow
1789466036.188726,2072,2878,swallow
1789466036.19105,2003,2876,swallow
1789466036.192244,2016,2877,swallow
1789466036.19456,2083,2876,swallow
1789466036.196625,2056,2876,swallow
1789466036.1986969,2071,2877,swallow
1789466036.204271,1993,2877,swallow
1789466036.205399,2030,2876,swallow
1789466036.206691,2057,2877,swallow
1789466036.2068968,2022,2877,swallow
1789466036.208929,2039,2877,swallow
1789466036.211201,2056,2877,swallow
1789466036.212595,2061,2878,swallow
1789466036.2148008,2107,2878,swallow
1789466036.2160919,2056,2877,swallow
1789466036.218781,2060,2877,swallow
1789466036.221108,2112,2877,swallow
1789466036.22243,2040,2875,swallow
1789466036.225044,2017,2878,swallow
1789466036.22627,2091,2877,swallow
1789466036.2283509,2127,2876,swallow
1789466036.230429,2097,2878,swallow
1789466036.232521,2034,2876,swallow
1789466036.234834,2032,2877,swallow
1789466036.235949,2042,2877,swallow
1789466036.238254,2069,2878,swallow
1789466036.245196,2028,2876,swallow
1789466036.246346,2025,2878,swallow
1789466036.2465842,2095,2878,swallow
1789466036.2467442,2063,2876,swallow
1789466036.248178,2078,2878,swallow
1789466036.2510731,2033,2877,swallow
1789466036.253647,2067,2877,swallow
1789466036.2549498,2096,2878,swallow
1789466036.25649,2051,2876,swallow
1789466036.258799,1981,2877,swallow
1789466036.261141,2088,2876,swallow
1789466036.262199,2117,2877,swallow
1789466036.2647521,2049,2878,swallow
1789466036.2668211,2075,2877,swallow
1789466036.267958,2044,2878,swallow
1789466036.270262,2083,2877,swallow
1789466036.272576,2045,2878,swallow
1789466036.27488,2003,2877,swallow
1789466036.275929,2054,2878,swallow
1789466036.278255,2070,2878,swallow
1789466036.280941,2091,2879,swallow
1789466036.284419,2019,2877,swallow
1789466036.284853,2028,2877,swallow
1789466036.287474,2106,2877,swallow
1789466036.288681,2101,2878,swallow
1789466036.290278,2030,2876,swallow
1789466036.292531,2088,2877,swallow
1789466036.2942169,2116,2878,swallow
1789466036.2967749,2149,2878,swallow
1789466036.2980711,2056,2878,swallow
1789466036.300398,2071,2876,swallow
1789466036.304777,2064,2877,swallow
1789466036.30552,2027,2876,swallow
1789466036.307136,1988,2876,swallow
1789466036.308835,1989,2877,swallow
1789466036.31274,2117,2877,swallow
1789466036.312899,2089,2876,swallow
1789466036.315092,2091,2878,swallow
1789466036.3165178,2056,2877,swallow
1789466036.3190122,2077,2877,swallow
1789466036.3203042,2095,2878,swallow
1789466036.322377,2096,2879,swallow
1789466036.32444,1948,2877,swallow
1789466036.326509,2048,2877,swallow
1789466036.328558,2048,2876,swallow
1789466036.3311129,2100,2878,swallow
1789466036.332165,2093,2878,swallow
1789466036.33446,2083,2877,swallow
1789466036.3370008,2118,2877,swallow
1789466036.338047,2052,2879,swallow
1789466036.3403578,1981,2877,swallow
1789466036.345068,2019,2876,swallow
1789466036.3454778,2070,2878,swallow
1789466036.34748,2074,2877,swallow
1789466036.3491042,2056,2878,swallow
1789466036.350375,2026,2877,swallow
1789466036.352826,2067,2877,swallow
1789466036.354583,2095,2877,swallow
1789466036.356933,2039,2876,swallow
1789466036.358224,1981,2878,swallow
1789466036.360778,2019,2877,swallow
1789466036.362068,2084,2878,swallow
1789466036.364366,2118,2878,swallow
1789466036.366602,2080,2877,swallow
1789466036.3689,2008,2877,swallow
1789466036.370145,2081,2877,swallow
1789466036.372455,2040,2875,swallow
1789466036.374752,2028,2877,swallow
1789466036.3760378,2126,2877,swallow
1789466036.3785799,2138,2877,swallow
1789466036.381133,2090,2879,swallow
1789466036.3856058,2047,2877,swallow
1789466036.386095,2038,2877,swallow
1789466036.386786,2089,2877,swallow
1789466036.388263,2054,2878,swallow
1789466036.391074,2033,2877,swallow
1789466036.393576,2040,2876,swallow
1789466036.395678,2104,2877,swallow
1789466036.396984,2182,2879,swallow
1789466036.398301,2185,2878,swallow
1789466036.400386,2025,2877,swallow
1789466036.4024692,1985,2877,swallow
1789466036.404578,2042,2878,swallow
1789466036.406786,1973,2875,swallow
1789466036.408913,1994,2877,swallow
1789466036.409956,2088,2876,swallow
1789466036.412502,2112,2879,swallow
1789466036.414648,2041,2878,swallow
1789466036.415948,2020,2876,swallow
1789466036.418545,2036,2877,swallow
1789466036.420856,2124,2878,swallow
1789466036.42215,2026,2877,swallow
1789466036.4271932,1887,2877,swallow
1789466036.427542,1964,2876,swallow
1789466036.4304352,2142,2878,swallow
1789466036.430539,2092,2878,swallow
1789466036.432124,2054,2877,swallow
1789466036.436024,2029,2877,swallow
1789466036.4362502,2102,2877,swallow
1789466036.4385679,2098,2878,swallow
1789466036.4398751,2046,2877,swallow
1789466036.4421709,2146,2878,swallow
1789466036.44447,2105,2876,swallow
1789466036.446534,2087,2879,swallow
1789466036.4485881,2127,2878,swallow
1789466036.451,2007,2877,swallow
1789466036.4522932,2073,2877,swallow
1789466036.454368,2133,2878,swallow
1789466036.4569101,2050,2876,swallow
1789466036.457952,2015,2877,swallow
1789466036.460008,2127,2877,swallow
1789466036.462184,2133,2879,swallow
1789466036.466537,2090,2878,swallow
1789466036.467038,2084,2877,swallow
1789466036.46902,2062,2877,swallow
1789466036.4710348,2082,2878,swallow
1789466036.472658,2011,2875,swallow
1789466036.474236,1921,2877,swallow
1789466036.477036,2047,2876,swallow
1789466036.478084,2129,2877,swallow
1789466036.480638,2166,2878,swallow
1789466036.4819572,2052,2876,swallow
1789466036.4845371,2003,2877,swallow
1789466036.486742,2086,2877,swallow
1789466036.4878788,2152,2879,swallow
1789466036.4904242,2050,2877,swallow
1789466036.4929762,2048,2876,swallow
1789466036.4940338,2124,2877,swallow
1789466036.496347,2049,2876,swallow
1789466036.498414,2084,2878,swallow
1789466036.500803,2138,2877,swallow
1789466036.5020952,2024,2877,swallow
1789466036.5077062,2085,2878,swallow
1789466036.508346,2033,2876,swallow
1789466036.508733,2103,2877,swallow
1789466036.509961,2101,2877,swallow
1789466036.513222,2080,2877,swallow
1789466036.516012,2082,2878,swallow
1789466036.5163388,2027,2877,swallow
1789466036.518181,2060,2878,swallow
1789466036.520502,2117,2877,swallow
1789466036.522806,2043,2876,swallow
1789466036.5238998,2005,2876,swallow
1789466036.526175,2110,2879,swallow
1789466036.528481,2075,2878,swallow
1789466036.529886,2050,2875,swallow
1789466036.532427,1992,2876,swallow
1789466036.5347269,2020,2877,swallow
1789466036.5360131,2032,2877,swallow
1789466036.5383098,2032,2878,swallow
1789466036.5406091,1930,2876,swallow
1789466036.541892,2003,2877,swallow
1789466036.5444129,2140,2877,swallow
1789466036.549561,2176,2878,swallow
1789466036.549995,2152,2878,swallow
1789466036.550424,2147,2878,swallow
1789466036.552205,2079,2876,swallow
1789466036.5552268,2112,2878,swallow
1789466036.5574532,2043,2877,swallow
1789466036.559295,2012,2877,swallow
1789466036.560592,2058,2878,swallow
1789466036.562926,2139,2878,swallow
1789466036.5640152,2074,2877,swallow
1789466036.5662878,2191,2877,swallow
1789466036.568583,2119,2877,swallow
1789466036.5708869,2106,2877,swallow
1789466036.571936,1977,2877,swallow
1789466036.57425,1945,2877,swallow
1789466036.57656,2078,2877,swallow
1789466036.5788648,2127,2877,swallow
1789466036.579912,2086,2878,swallow
1789466036.5821471,2018,2876,swallow
1789466036.5845351,1898,2877,swallow
1789466036.5888681,2006,2877,swallow
1789466036.589679,2020,2875,swallow
1789466036.591115,1988,2876,swallow
1789466036.592536,2096,2877,swallow
1789466036.594306,2137,2876,swallow
1789466036.597008,2075,2879,swallow
1789466036.598617,1999,2877,swallow
1789466036.5999172,2114,2877,swallow
1789466036.602112,2117,2877,swallow
1789466036.6046588,2184,2878,swallow
1789466036.605948,1974,2876,swallow
1789466036.60849,1966,2877,swallow
1789466036.610789,2121,2878,swallow
1789466036.611858,2108,2876,swallow
1789466036.614401,2053,2878,swallow
1789466036.616738,2014,2877,swallow
1789466036.618034,2048,2877,swallow
1789466036.6203442,2083,2878,swallow
1789466036.622444,2095,2879,swallow
1789466036.62526,2032,2877,swallow
1789466036.629054,2051,2877,swallow
1789466036.6298292,2107,2876,swallow
1789466036.630311,2056,2879,swallow
1789466036.6333098,2104,2877,swallow
1789466036.634915,1958,2877,swallow
1789466036.636596,2137,2877,swallow
1789466036.639352,2138,2878,swallow
1789466036.640585,2011,2876,swallow
1789466036.6418839,2114,2876,swallow
1789466036.6444428,2115,2876,swallow
1789466036.646781,2172,2879,swallow
1789466036.6478772,2029,2878,swallow
1789466036.650419,2042,2877,swallow
1789466036.6524868,2022,2877,swallow
1789466036.65385,1984,2877,swallow
1789466036.6563919,2051,2875,swallow
1789466036.658449,2090,2876,swallow
1789466036.6609988,2084,2877,swallow
1789466036.662283,2098,2876,swallow
1789466036.664578,2129,2877,swallow
1789466036.6658628,2026,2877,swallow
1789466036.670397,2042,2877,swallow
1789466036.670754,2065,2876,swallow
1789466036.672867,1998,2876,swallow
1789466036.675095,1910,2878,swallow
1789466036.67728,2128,2876,swallow
1789466036.6788218,1973,2878,swallow
1789466036.680216,2200,2878,swallow
1789466036.682771,2154,2876,swallow
1789466036.6840608,2127,2877,swallow
1789466036.686364,2118,2877,swallow
1789466036.688676,2111,2877,swallow
1789466036.6909802,2060,2877,swallow
1789466036.6922638,1997,2877,swallow
1789466036.694577,2140,2877,swallow
1789466036.696884,2100,2879,swallow
1789466036.69793,2057,2877,swallow
1789466036.700004,1927,2876,swallow
1789466036.7025468,2089,2877,swallow
1789466036.7038379,2055,2877,swallow
1789466036.7097118,2031,2874,swallow
1789466036.710424,2034,2876,swallow
1789466036.7110631,2087,2878,swallow
1789466036.712586,2037,2876,swallow
1789466036.714047,2188,2878,swallow
1789466036.716833,2058,2877,swallow
1789466036.7183318,2070,2877,swallow
1789466036.720343,2153,2880,swallow
1789466036.722555,2030,2877,swallow
1789466036.7239208,1873,2877,swallow
1789466036.726232,2087,2878,swallow
1789466036.728724,2118,2877,swallow
1789466036.730017,2105,2878,swallow
1789466036.7325618,2101,2876,swallow
1789466036.733883,1966,2877,swallow
1789466036.736187,2022,2877,swallow
1789466036.7382982,2115,2878,swallow
1789466036.740608,2015,2876,swallow
1789466036.741894,2109,2877,swallow
1789466036.744009,2080,2877,swallow
1789466036.746557,2115,2878,swallow
1789466036.7509298,2104,2877,swallow
1789466036.751594,1916,2877,swallow
1789466036.754001,2029,2877,swallow
1789466036.754357,2059,2878,swallow
1789466036.758739,1969,2876,swallow
1789466036.7590752,1972,2877,swallow
1789466036.761089,2084,2876,swallow
1789466036.762382,2025,2877,swallow
1789466036.764939,2066,2878,swallow
1789466036.766231,2104,2877,swallow
1789466036.768532,2023,2877,swallow
1789466036.770667,2158,2877,swallow
1789466036.772983,1966,2876,swallow
1789466036.7742689,2021,2878,swallow
1789466036.7763379,2152,2878,swallow
1789466036.778502,2130,2876,swallow
1789466036.780577,2099,2879,swallow
1789466036.7826471,2008,2877,swallow
1789466036.7850099,2083,2877,swallow
1789466036.786711,2039,2877,swallow
1789466036.79072,2160,2878,swallow
1789466036.79296,2054,2875,swallow
1789466036.7949781,1986,2877,swallow
1789466036.796212,2137,2877,swallow
1789466036.7978098,2094,2876,swallow
1789466036.7979178,2062,2878,swallow
1789466036.800704,2022,2877,swallow
1789466036.801847,2038,2877,swallow
1789466036.8039072,2111,2878,swallow
1789466036.806465,2013,2877,swallow
1789466036.807952,1964,2877,swallow
1789466036.810258,2003,2878,swallow
1789466036.8125691,2102,2876,swallow
1789466036.814641,2093,2878,swallow
1789466036.817068,2213,2877,swallow
1789466036.8183832,2179,2877,swallow
1789466036.820449,1851,2875,swallow
1789466036.822757,1897,2875,swallow
1789466036.823871,1967,2877,swallow
1789466036.825939,2037,2877,swallow
1789466036.8302,2205,2878,swallow
1789466036.830635,2063,2877,swallow
1789466036.833981,1927,2876,swallow
1789466036.834377,2001,2877,swallow
1789466036.837007,2075,2877,swallow
1789466036.838358,2101,2878,swallow
1789466036.840278,2094,2876,swallow
1789466036.842609,2164,2876,swallow
1789466036.843901,2142,2877,swallow
1789466036.846465,2284,2879,swallow
1789466036.848526,1872,2874,swallow
1789466036.850213,1886,2874,swallow
1789466036.8537579,2079,2877,swallow
1789466036.853935,2111,2877,swallow
1789466036.856599,2076,2877,swallow
1789466036.8610072,2099,2875,swallow
1789466036.861042,2022,2877,swallow
1789466036.862336,2169,2879,swallow
1789466036.864609,2114,2878,swallow
1789466036.865899,2045,2876,swallow
1789466036.870006,2148,2877,swallow
1789466036.870116,2285,2878,swallow
1789466036.872115,1861,2876,swallow
1789466036.875013,1922,2878,swallow
1789466036.876431,2137,2876,swallow
1789466036.879591,2097,2876,swallow
1789466036.8808892,2148,2879,swallow
1789466036.8821828,2066,2877,swallow
1789466036.884494,1926,2876,swallow
1789466036.886815,2083,2877,swallow
1789466036.888114,2185,2878,swallow
1789466036.8901792,2076,2875,swallow
1789466036.892722,1870,2877,swallow
1789466036.894805,2240,2880,swallow
1789466036.8958762,2107,2879,swallow
1789466036.8984342,2097,2878,swallow
1789466036.900625,1940,2876,swallow
1789466036.901866,1962,2878,swallow
1789466036.904168,2243,2879,swallow
1789466036.9092631,2160,2879,swallow
1789466036.9111319,1933,2877,swallow
1789466036.9113102,2047,2877,swallow
1789466036.913125,2182,2879,swallow
1789466036.914506,2181,2878,swallow
1789466036.917197,2160,2877,swallow
1789466036.919123,2103,2876,swallow
1789466036.920418,2090,2877,swallow
1789466036.922967,1955,2876,swallow
1789466036.924258,1955,2877,swallow
1789466036.926568,2157,2877,swallow
1789466036.928861,2139,2879,swallow
1789466036.930146,2090,2877,swallow
1789466036.9325702,2061,2877,swallow
1789466036.933891,2099,2877,swallow
1789466036.9364429,2118,2878,swallow
1789466036.938881,2132,2879,swallow
1789466036.940166,2035,2876,swallow
1789466036.942226,2000,2877,swallow
1789466036.94709,2043,2877,swallow
1789466036.947534,2059,2877,swallow
1789466036.9495192,2024,2877,swallow
1789466036.9513972,2006,2877,swallow
1789466036.953867,2042,2877,swallow
1789466036.953974,2146,2878,swallow
1789466036.957279,2005,2876,swallow
1789466036.9585211,2037,2876,swallow
1789466036.96103,2082,2877,swallow
1789466036.962091,2145,2879,swallow
1789466036.964609,2082,2878,swallow
1789466036.965903,2049,2877,swallow
1789466036.9684522,2043,2877,swallow
1789466036.9707851,2144,2878,swallow
1789466036.9718668,2076,2879,swallow
1789466036.974171,2017,2877,swallow
1789466036.976479,2031,2877,swallow
1789466036.9787788,2086,2877,swallow
1789466036.9798799,2119,2879,swallow
1789466036.981987,2080,2878,swallow
1789466036.986311,2069,2877,swallow
1789466036.986412,2089,2877,swallow
1789466036.9883158,2113,2878,swallow
1789466036.9899032,2034,2877,swallow
1789466036.99387,2041,2876,swallow
1789466036.994138,2078,2878,swallow
1789466036.996855,2153,2879,swallow
1789466036.998145,2078,2877,swallow
1789466037.000706,2018,2877,swallow
1789466037.0018718,2031,2877,swallow
1789466037.003993,2067,2878,swallow
1789466037.006331,2016,2876,swallow
1789466037.008638,2032,2877,swallow
1789466037.010699,2105,2877,swallow
1789466037.012993,2134,2876,swallow
1789466037.0142798,2121,2878,swallow
1789466037.0165179,2063,2878,swallow
1789466037.017834,2055,2876,swallow
1789466037.0201678,2124,2877,swallow
1789466037.0249448,2082,2879,swallow
1789466037.025366,1969,2877,swallow
1789466037.0276532,2050,2877,swallow
1789466037.03009,2107,2878,swallow
1789466037.03048,2132,2878,swallow
1789466037.032414,2070,2877,swallow
1789466037.034076,2029,2877,swallow
1789466037.0366662,2044,2877,swallow
1789466037.037956,2066,2878,swallow
1789466037.040301,2008,2876,swallow
1789466037.042613,2037,2877,swallow
1789466037.043901,2132,2877,swallow
1789466037.0464551,2153,2879,swallow
1789466037.048519,2093,2878,swallow
1789466037.049845,2017,2877,swallow
1789466037.052393,2011,2877,swallow
1789466037.0546849,2071,2878,swallow
1789466037.056983,1949,2877,swallow
1789466037.058028,1942,2877,swallow
1789466037.0603678,2088,2876,swallow
1789466037.065207,2113,2879,swallow
1789466037.065693,2118,2877,swallow
1789466037.066101,2081,2876,swallow
1789466037.068088,2042,2876,swallow
1789466037.0710819,2126,2878,swallow
1789466037.0738719,2145,2879,swallow
1789466037.073975,1992,2876,swallow
1789466037.076698,2039,2878,swallow
1789466037.0779881,2060,2876,swallow
1789466037.08029,2070,2879,swallow
1789466037.082595,2077,2878,swallow
1789466037.083858,2059,2878,swallow
1789466037.0864,2087,2877,swallow
1789466037.088702,2073,2878,swallow
1789466037.089988,2043,2875,swallow
1789466037.092532,2097,2877,swallow
1789466037.093876,2091,2876,swallow
1789466037.096319,2125,2879,swallow
1789466037.098387,2088,2878,swallow
1789466037.100929,2055,2877,swallow
1789466037.104461,2065,2877,swallow
1789466037.1050801,2130,2878,swallow
1789466037.106972,2038,2877,swallow
1789466037.108732,2045,2876,swallow
1789466037.111059,2103,2877,swallow
1789466037.1126988,2171,2878,swallow
1789466037.11453,2085,2878,swallow
1789466037.115841,1998,2877,swallow
1789466037.118148,2028,2877,swallow
1789466037.120461,2085,2878,swallow
1789466037.1227689,2072,2878,swallow
1789466037.123894,2036,2877,swallow
1789466037.1263099,2055,2878,swallow
1789466037.1287339,2097,2877,swallow
1789466037.1298401,2146,2878,swallow
1789466037.132396,2071,2877,swallow
1789466037.13494,2028,2876,swallow
1789466037.136226,2065,2878,swallow
1789466037.1387699,2121,2877,swallow
1789466037.140057,2013,2876,swallow
1789466037.143671,1992,2877,swallow
1789466037.145916,2100,2877,swallow
1789466037.146143,2142,2879,swallow
1789466037.1491141,2133,2878,swallow
1789466037.151784,2031,2877,swallow
1789466037.1518872,2040,2877,swallow
1789466037.154475,2062,2878,swallow
1789466037.157044,2033,2876,swallow
1789466037.158342,2047,2877,swallow
1789466037.1608,2003,2877,swallow
1789466037.161877,2040,2875,swallow
1789466037.1644201,2146,2878,swallow
1789466037.1668632,2072,2877,swallow
1789466037.1679082,2031,2877,swallow
1789466037.1704478,2055,2877,swallow
1789466037.172862,2041,2877,swallow
1789466037.1741471,2054,2878,swallow
1789466037.1764538,2007,2878,swallow
1789466037.178506,2104,2878,swallow
1789466037.182276,2164,2879,swallow
1789466037.182625,2136,2877,swallow
1789466037.184484,2018,2877,swallow
1789466037.1860192,2083,2877,swallow
1789466037.190321,2175,2878,swallow
1789466037.1904619,2061,2877,swallow
1789466037.192257,2054,2876,swallow
1789466037.194804,2079,2877,swallow
1789466037.1958568,2098,2876,swallow
1789466037.197929,2126,2878,swallow
1789466037.200471,2093,2878,swallow
1789466037.201756,2072,2876,swallow
1789466037.204051,2080,2878,swallow
1789466037.206122,2049,2876,swallow
1789466037.208661,1988,2878,swallow
1789466037.2098198,2080,2876,swallow
1789466037.212364,2120,2877,swallow
1789466037.2149062,2092,2878,swallow
1789466037.21611,1993,2877,swallow
1789466037.220248,2049,2877,swallow
1789466037.220879,2117,2878,swallow
1789466037.2227578,2102,2878,swallow
1789466037.2242649,2009,2877,swallow
1789466037.2270138,2047,2877,swallow
1789466037.228596,2097,2878,swallow
1789466037.230413,2163,2877,swallow
1789466037.232488,2102,2878,swallow
1789466037.233779,1991,2877,swallow
1789466037.236081,2044,2877,swallow
1789466037.2385888,2148,2878,swallow
1789466037.239875,2028,2876,swallow
1789466037.2424161,1977,2877,swallow
1789466037.2445261,2121,2878,swallow
1789466037.2468212,2152,2879,swallow
1789466037.2481039,2085,2878,swallow
1789466037.250551,2046,2877,swallow
1789466037.2518349,2028,2877,swallow
1789466037.254153,2143,2876,swallow
1789466037.261997,2031,2875,swallow
1789466037.262177,1980,2876,swallow
1789466037.2633338,2086,2878,swallow
1789466037.263672,2136,2877,swallow
1789466037.265059,2135,2878,swallow
1789466037.266747,2044,2877,swallow
1789466037.2684622,2034,2877,swallow
1789466037.27048,2143,2877,swallow
1789466037.2727969,2113,2879,swallow
1789466037.273904,2015,2877,swallow
1789466037.27648,2073,2876,swallow
1789466037.278539,2124,2877,swallow
1789466037.280855,2131,2878,swallow
1789466037.282146,2046,2877,swallow
1789466037.284491,2028,2877,swallow
1789466037.28671,2040,2877,swallow
1789466037.2879958,2111,2878,swallow
1789466037.290297,2036,2876,swallow
1789466037.292609,1991,2877,swallow
1789466037.2939022,2102,2877,swallow
1789466037.296206,2136,2879,swallow
1789466037.3006778,2043,2878,swallow
1789466037.301387,2039,2877,swallow
1789466037.3028731,2055,2877,swallow
1789466037.3044028,2096,2877,swallow
1789466037.30706,2062,2879,swallow
1789466037.308797,2007,2877,swallow
1789466037.310546,2094,2877,swallow
1789466037.312819,2139,2876,swallow
1789466037.3138628,2137,2877,swallow
1789466037.316437,2086,2877,swallow
1789466037.318748,2037,2877,swallow
1789466037.3200362,2103,2877,swallow
1789466037.322579,2083,2878,swallow
1789466037.3238661,2020,2877,swallow
1789466037.326221,2056,2877,swallow
1789466037.32828,2114,2876,swallow
1789466037.330579,2133,2879,swallow
1789466037.332909,2096,2878,swallow
1789466037.3342059,2042,2877,swallow
1789466037.336473,2034,2877,swallow
1789466037.340022,2064,2878,swallow
1789466037.34013,1989,2877,swallow
1789466037.342348,2033,2878,swallow
1789466037.345363,2103,2877,swallow
1789466037.3468428,2076,2878,swallow
1789466037.348547,2095,2878,swallow
1789466037.3505669,2058,2877,swallow
1789466037.3528872,2065,2877,swallow
1789466037.354178,2130,2877,swallow
1789466037.356648,2106,2878,swallow
1789466037.357939,2037,2877,swallow
1789466037.360498,2045,2877,swallow
1789466037.362805,2111,2878,swallow
1789466037.364097,2067,2879,swallow
1789466037.366412,2028,2878,swallow
1789466037.3687181,2038,2877,swallow
1789466037.3697731,2069,2877,swallow
1789466037.37184,2075,2879,swallow
1789466037.3742359,2012,2876,swallow
1789466037.379733,1996,2877,swallow
1789466037.380096,2054,2878,swallow
1789466037.3804858,2157,2879,swallow
1789466037.382049,2095,2878,swallow
1789466037.384853,2101,2877,swallow
1789466037.3863838,2107,2877,swallow
1789466037.388015,2070,2878,swallow
1789466037.390569,2009,2876,swallow
1789466037.392648,2024,2876,swallow
1789466037.3939378,2101,2877,swallow
1789466037.3960068,2122,2877,swallow
1789466037.398557,2089,2878,swallow
1789466037.400766,2048,2877,swallow
1789466037.4020631,2100,2877,swallow
1789466037.404135,2106,2877,swallow
1789466037.406444,2010,2875,swallow
1789466037.408989,2020,2878,swallow
1789466037.410273,2063,2877,swallow
1789466037.4127722,2132,2876,swallow
1789466037.413821,2131,2878,swallow
1789466037.4197938,2061,2877,swallow
1789466037.420214,2052,2877,swallow
1789466037.420295,2108,2877,swallow
1789466037.4231622,2015,2878,swallow
1789466037.424725,1973,2876,swallow
1789466037.427409,2086,2877,swallow
1789466037.429277,2086,2876,swallow
1789466037.43057,2078,2876,swallow
1789466037.4318578,2057,2878,swallow
1789466037.4339142,2001,2878,swallow
1789466037.436463,2050,2876,swallow
1789466037.437751,2095,2878,swallow
1789466037.4400089,2058,2877,swallow
1789466037.44255,2050,2877,swallow
1789466037.44468,2076,2878,swallow
1789466037.446987,2124,2877,swallow
1789466037.448033,2122,2878,swallow
1789466037.450302,2043,2877,swallow
1789466037.452707,2036,2877,swallow
1789466037.4539928,2063,2877,swallow
1789466037.459114,2051,2876,swallow
1789466037.459463,2027,2877,swallow
1789466037.4609349,2078,2878,swallow
1789466037.4624262,2150,2877,swallow
1789466037.465101,2143,2878,swallow
1789466037.46665,2064,2877,swallow
1789466037.468544,2023,2877,swallow
1789466037.4708512,2058,2876,swallow
1789466037.471905,2032,2878,swallow
1789466037.473977,1999,2876,swallow
1789466037.476522,1992,2878,swallow
1789466037.4778082,2135,2877,swallow
1789466037.480343,2148,2879,swallow
1789466037.482462,2081,2878,swallow
1789466037.4837492,2062,2877,swallow
1789466037.486052,2087,2877,swallow
1789466037.4883509,2100,2878,swallow
1789466037.490798,2011,2875,swallow
1789466037.491843,1988,2877,swallow
1789466037.494622,2092,2878,swallow
1789466037.4978628,2116,2876,swallow
1789466037.4988759,2070,2878,swallow
1789466037.5001779,2031,2877,swallow
1789466037.50319,2061,2876,swallow
1789466037.504417,2155,2878,swallow
1789466037.5059562,2108,2879,swallow
1789466037.508654,2149,2876,swallow
1789466037.5099452,2064,2878,swallow
1789466037.5120058,2079,2877,swallow
1789466037.514404,2099,2878,swallow
1789466037.515745,2061,2877,swallow
1789466037.518056,2042,2877,swallow
1789466037.520364,2102,2877,swallow
1789466037.521732,2062,2878,swallow
1789466037.523902,1970,2875,swallow
1789466037.52643,2051,2877,swallow
1789466037.52779,2106,2877,swallow
1789466037.529845,2087,2877,swallow
1789466037.5321379,2105,2878,swallow
1789466037.536389,2025,2877,swallow
1789466037.536737,2058,2877,swallow
1789466037.538801,2106,2878,swallow
1789466037.540697,2096,2879,swallow
1789466037.542175,2059,2877,swallow
1789466037.544714,2020,2876,swallow
1789466037.5466602,2128,2877,swallow
1789466037.547957,2123,2879,swallow
1789466037.550018,2095,2876,swallow
1789466037.55252,1978,2877,swallow
1789466037.5538108,2070,2877,swallow
1789466037.5563562,2121,2878,swallow
1789466037.558922,1993,2877,swallow
1789466037.5602078,2090,2877,swallow
1789466037.562751,2146,2877,swallow
1789466037.564039,2150,2877,swallow
1789466037.5662248,2100,2877,swallow
1789466037.5683641,2004,2876,swallow
1789466037.569769,2088,2877,swallow
1789466037.572427,2120,2877,swallow
1789466037.57584,1974,2875,swallow
1789466037.576221,1970,2877,swallow
1789466037.5780349,2199,2880,swallow
1789466037.5822,2077,2875,swallow
1789466037.583714,2054,2878,swallow
1789466037.583828,2112,2876,swallow
1789466037.586549,2135,2876,swallow
1789466037.588615,2031,2878,swallow
1789466037.589767,1987,2875,swallow
1789466037.592324,1979,2877,swallow
1789466037.594825,2059,2877,swallow
1789466037.596119,2198,2879,swallow
1789466037.5986629,2106,2878,swallow
1789466037.59995,2008,2877,swallow
1789466037.60218,2068,2876,swallow
1789466037.604478,2141,2878,swallow
1789466037.6057642,2106,2879,swallow
1789466037.607861,2051,2875,swallow
1789466037.6099179,2092,2877,swallow
1789466037.6146328,2134,2877,swallow
1789466037.6153028,2161,2878,swallow
1789466037.61691,2043,2877,swallow
1789466037.618249,2021,2877,swallow
1789466037.6210828,2038,2877,swallow
1789466037.622755,2034,2878,swallow
1789466037.624555,1987,2876,swallow
1789466037.625857,1995,2876,swallow
1789466037.628339,2115,2878,swallow
1789466037.630657,2168,2879,swallow
1789466037.631826,2100,2877,swallow
1789466037.63413,2130,2877,swallow
1789466037.636491,2116,2877,swallow
1789466037.637783,2072,2878,swallow
1789466037.640329,2048,2875,swallow
1789466037.642399,2018,2877,swallow
1789466037.6446998,2135,2878,swallow
1789466037.645986,2139,2878,swallow
1789466037.648375,2023,2878,swallow
1789466037.649736,2024,2877,swallow
1789466037.6535838,2075,2877,swallow
1789466037.6556,2090,2878,swallow
1789466037.657269,2071,2878,swallow
1789466037.658763,1974,2878,swallow
1789466037.661251,2085,2877,swallow
1789466037.663051,2110,2876,swallow
1789466037.66435,2065,2879,swallow
1789466037.666661,2082,2877,swallow
1789466037.667976,2071,2876,swallow
1789466037.670527,2058,2877,swallow
1789466037.671815,2128,2878,swallow
1789466037.674359,1980,2876,swallow
1789466037.676671,2018,2878,swallow
1789466037.6777658,2093,2876,swallow
1789466037.6798232,2125,2879,swallow
1789466037.6821241,2106,2878,swallow
1789466037.6844192,2082,2877,swallow
1789466037.686718,2051,2876,swallow
1789466037.687758,2102,2878,swallow
1789466037.6918159,2078,2875,swallow
1789466037.691905,2070,2876,swallow
1789466037.693863,2033,2877,swallow
1789466037.696512,2009,2875,swallow
1789466037.698189,2091,2878,swallow
1789466037.699882,2041,2877,swallow
1789466037.7025762,2063,2877,swallow
1789466037.703862,2091,2877,swallow
1789466037.7060502,2012,2877,swallow
1789466037.708601,2033,2877,swallow
1789466037.709887,2051,2878,swallow
1789466037.712194,2220,2880,swallow
1789466037.714734,2229,2878,swallow
1789466037.715771,2012,2876,swallow
1789466037.718066,1965,2877,swallow
1789466037.720371,2019,2878,swallow
1789466037.7228281,2052,2878,swallow
1789466037.724114,2012,2876,swallow
1789466037.72655,2045,2877,swallow
1789466037.730487,2109,2876,swallow
1789466037.73087,2109,2879,swallow
1789466037.732667,2081,2878,swallow
1789466037.734338,2042,2877,swallow
1789466037.73698,2051,2877,swallow
1789466037.738542,2087,2878,swallow
1789466037.7404459,2090,2876,swallow
1789466037.74175,1981,2878,swallow
1789466037.7440598,2048,2877,swallow
1789466037.74639,2078,2875,swallow
1789466037.747757,2160,2878,swallow
1789466037.763412,2017,2876,swallow
1789466037.78435,2090,2877,swallow
1789466037.784429,2176,2877,swallow
1789466037.784466,2129,2878,swallow
1789466037.784535,1976,2876,swallow
1789466037.784565,2061,2877,swallow
1789466037.784592,2175,2876,swallow
1789466037.784619,2082,2878,swallow
1789466037.7847092,2109,2878,swallow
1789466037.7848132,1998,2876,swallow
1789466037.784842,2005,2877,swallow
1789466037.7848692,2203,2878,swallow
1789466037.784895,2090,2876,swallow
1789466037.7849221,2068,2878,swallow
1789466037.7849479,2091,2878,swallow
1789466037.784975,2137,2879,swallow
1789466037.785001,2055,2878,swallow
1789466037.785028,1935,2877,swallow
1789466037.786347,2087,2877,swallow
1789466037.788749,2126,2878,swallow
1789466037.798667,2012,2876,swallow
1789466037.7987049,1987,2876,swallow
1789466037.7987719,2091,2876,swallow
1789466037.799079,2123,2877,swallow
1789466037.799159,2140,2878,swallow
1789466037.8003561,2078,2877,swallow
1789466037.802531,2033,2877,swallow
1789466037.804615,2074,2877,swallow
1789466037.80591,2070,2878,swallow
1789466037.808223,1929,2877,swallow
1789466037.812404,2047,2879,swallow
1789466037.812848,2076,2876,swallow
1789466037.816297,2280,2879,swallow
1789466037.817604,2100,2877,swallow
1789466037.817991,1972,2876,swallow
1789466037.82036,2130,2878,swallow
1789466037.822012,2171,2878,swallow
1789466037.824794,2019,2876,swallow
1789466037.8260942,1961,2877,swallow
1789466037.828655,1993,2877,swallow
1789466037.829767,2056,2875,swallow
1789466037.832269,2080,2878,swallow
1789466037.834817,2131,2877,swallow
1789466037.8361049,1947,2877,swallow
1789466037.838488,2047,2877,swallow
1789466037.839778,2039,2877,swallow
1789466037.842081,1955,2877,swallow
1789466037.844627,2162,2877,swallow
1789466037.845752,2144,2879,swallow
1789466037.847837,1957,2876,swallow
1789466037.850425,2088,2878,swallow
1789466037.854402,2077,2877,swallow
1789466037.855123,2097,2877,swallow
1789466037.8564749,1994,2875,swallow
1789466037.859113,1951,2876,swallow
1789466037.860949,1981,2876,swallow
1789466037.8625338,2218,2880,swallow
1789466037.864397,2132,2877,swallow
1789466037.866564,2031,2877,swallow
1789466037.867859,2059,2877,swallow
1789466037.8701608,2128,2877,swallow
1789466037.872227,2066,2878,swallow
1789466037.8745291,2026,2876,swallow
1789466037.8758159,2056,2877,swallow
1789466037.8781161,2124,2877,swallow
1789466037.8804212,2057,2876,swallow
1789466037.8824892,2078,2878,swallow
1789466037.883796,1948,2877,swallow
1789466037.886388,2007,2877,swallow
1789466037.888692,2167,2878,swallow
1789466037.889971,1999,2875,swallow
1789466037.89502,2111,2877,swallow
1789466037.89545,2053,2876,swallow
1789466037.897247,2099,2877,swallow
1789466037.898884,2188,2878,swallow
1789466037.900352,2020,2876,swallow
1789466037.903386,2068,2876,swallow
1789466037.9053812,1991,2876,swallow
1789466037.9066722,1944,2875,swallow
1789466037.907755,1897,2876,swallow
1789466037.909836,2151,2877,swallow
1789466037.9123042,2170,2878,swallow
1789466037.914612,2001,2874,swallow
1789466037.915875,2143,2877,swallow
1789466037.91842,2072,2877,swallow
1789466037.919721,2034,2876,swallow
1789466037.922066,2154,2877,swallow
1789466037.924373,1910,2875,swallow
1789466037.926823,2105,2876,swallow
1789466037.9281092,2084,2876,swallow
1789466037.930652,2092,2878,swallow
1789466037.9319522,2088,2877,swallow
1789466037.935319,2097,2877,swallow
1789466037.9374971,2050,2877,swallow
1789466037.939348,2074,2878,swallow
1789466037.9408488,2135,2878,swallow
1789466037.943629,2024,2876,swallow
1789466037.945185,2050,2878,swallow
1789466037.9462411,2102,2876,swallow
1789466037.948624,2047,2877,swallow
1789466037.949743,1876,2875,swallow
1789466037.9522939,1989,2877,swallow
1789466037.954536,2231,2877,swallow
1789466037.955832,2172,2878,swallow
1789466037.9581351,1803,2875,swallow
1789466037.960191,2143,2876,swallow
1789466037.962495,2150,2876,swallow
1789466037.9647949,2103,2879,swallow
1789466037.965881,2081,2877,swallow
1789466037.9683468,2087,2877,swallow
1789466037.970644,1895,2875,swallow
1789466037.971753,2028,2877,swallow
1789466037.9760299,1994,2877,swallow
1789466037.976151,2044,2877,swallow
1789466037.97798,2171,2879,swallow
1789466037.98123,1932,2875,swallow
1789466037.98388,2018,2877,swallow
1789466037.9840791,2069,2876,swallow
1789466037.986825,1913,2874,swallow
1789466037.987872,1980,2875,swallow
1789466037.990207,2204,2879,swallow
1789466037.9927628,2143,2879,swallow
1789466037.9940538,1947,2877,swallow
1789466037.99635,2030,2875,swallow
1789466037.998915,2185,2879,swallow
1789466038.000203,1996,2878,swallow
1789466038.002252,1947,2874,swallow
1789466038.0047948,2085,2878,swallow
1789466038.006082,2227,2878,swallow
1789466038.0086231,1952,2876,swallow
1789466038.009908,1994,2876,swallow
1789466038.015866,1859,2876,swallow
1789466038.017761,2487,2879,swallow
1789466038.017895,2237,2878,swallow
1789466038.0180511,2186,2878,swallow
1789466038.0210738,2137,2878,swallow
1789466038.0225291,2015,2875,swallow
1789466038.024182,1922,2876,swallow
1789466038.0262022,2253,2879,swallow
1789466038.028754,2056,2877,swallow
1789466038.030046,2147,2878,swallow
1789466038.032352,2088,2878,swallow
1789466038.0337222,2230,2878,swallow
1789466038.036032,1924,2877,swallow
1789466038.038143,2210,2878,swallow
1789466038.0404532,1965,2875,swallow
1789466038.042759,1879,2876,swallow
1789466038.043808,2093,2876,swallow
1789466038.0461109,2172,2878,swallow
1789466038.048414,2094,2877,swallow
1789466038.0504699,2029,2877,swallow
1789466038.0526779,2167,2877,swallow
1789466038.056563,2042,2878,swallow
1789466038.057322,2273,2879,swallow
1789466038.058557,2058,2877,swallow
1789466038.060172,2188,2876,swallow
1789466038.062777,2022,2876,swallow
1789466038.0644438,2054,2875,swallow
1789466038.066376,2177,2877,swallow
1789466038.0685902,1965,2877,swallow
1789466038.06989,1887,2874,swallow
1789466038.0724428,1986,2875,swallow
1789466038.073745,2068,2877,swallow
1789466038.076162,1847,2877,swallow
1789466038.078704,2106,2876,swallow
1789466038.0797849,2348,2879,swallow
1789466038.0820868,1983,2877,swallow
1789466038.084387,1918,2877,swallow
1789466038.086688,2288,2878,swallow
1789466038.087973,2127,2879,swallow
1789466038.090514,2156,2879,swallow
1789466038.0917828,2068,2876,swallow
1789466038.0955179,2043,2877,swallow
1789466038.097331,1944,2876,swallow
1789466038.0988429,2058,2878,swallow
1789466038.100379,1953,2877,swallow
1789466038.103168,2179,2877,swallow
1789466038.105112,2159,2878,swallow
1789466038.1061661,2062,2879,swallow
1789466038.108468,2074,2878,swallow
1789466038.109756,2183,2876,swallow
1789466038.112309,2229,2880,swallow
1789466038.1148531,2076,2876,swallow
1789466038.116023,2018,2876,swallow
1789466038.1185641,2353,2877,swallow
1789466038.119849,1962,2877,swallow
1789466038.1220071,1825,2875,swallow
1789466038.1245508,2186,2878,swallow
1789466038.12584,1933,2878,swallow
1789466038.1281412,2079,2876,swallow
1789466038.130451,2327,2879,swallow
1789466038.134357,1985,2879,swallow
1789466038.134739,1988,2877,swallow
1789466038.136571,1920,2877,swallow
1789466038.1379042,2319,2878,swallow
1789466038.140735,2240,2879,swallow
1789466038.14236,2077,2877,swallow
1789466038.1442182,1996,2877,swallow
1789466038.1465201,2075,2877,swallow
1789466038.14782,2281,2879,swallow
1789466038.150381,2206,2877,swallow
1789466038.1517482,1917,2877,swallow
1789466038.154146,1949,2877,swallow
1789466038.156209,2037,2875,swallow
1789466038.158617,1980,2877,swallow
1789466038.159842,1992,2877,swallow
1789466038.162142,2133,2877,swallow
1789466038.164704,2092,2879,swallow
1789466038.165994,2025,2877,swallow
1789466038.168544,2197,2877,swallow
1789466038.1699069,2196,2877,swallow
1789466038.1729321,2071,2878,swallow
1789466038.17523,2012,2876,swallow
1789466038.1771781,2022,2877,swallow
1789466038.179544,2071,2877,swallow
1789466038.181164,2136,2879,swallow
1789466038.18304,2093,2878,swallow
1789466038.184333,2041,2876,swallow
1789466038.186668,2017,2877,swallow
1789466038.1879559,2128,2878,swallow
1789466038.1902761,2068,2876,swallow
1789466038.19259,2015,2877,swallow
1789466038.1938791,2073,2877,swallow
1789466038.196179,2118,2875,swallow
1789466038.1984708,2132,2876,swallow
1789466038.199761,2103,2877,swallow
1789466038.2020638,2059,2877,swallow
1789466038.204373,2150,2877,swallow
1789466038.206431,2062,2877,swallow
1789466038.207746,1966,2876,swallow
1789466038.2131689,2057,2876,swallow
1789466038.213609,2168,2876,swallow
1789466038.214297,2133,2879,swallow
1789466038.2163148,2041,2877,swallow
1789466038.2196338,1994,2876,swallow
1789466038.221312,2060,2878,swallow
1789466038.22341,2121,2878,swallow
1789466038.224703,2050,2876,swallow
1789466038.225996,2038,2877,swallow
1789466038.228341,2119,2878,swallow
1789466038.230672,2183,2879,swallow
1789466038.2318552,2120,2877,swallow
1789466038.23415,2066,2877,swallow
1789466038.236427,2056,2876,swallow
1789466038.237716,2116,2878,swallow
1789466038.240026,2037,2875,swallow
1789466038.2425668,2006,2876,swallow
1789466038.243856,2100,2877,swallow
1789466038.245915,2152,2876,swallow
1789466038.248223,2177,2878,swallow
1789466038.252918,2072,2877,swallow
1789466038.253331,2050,2877,swallow
1789466038.255709,2101,2877,swallow
1789466038.2558458,2092,2879,swallow
1789466038.25873,2044,2876,swallow
1789466038.2599208,2066,2878,swallow
1789466038.2634199,2120,2877,swallow
1789466038.264711,2126,2879,swallow
1789466038.265933,2072,2877,swallow
1789466038.268489,2023,2876,swallow
1789466038.2696168,2056,2877,swallow
1789466038.271913,2152,2876,swallow
1789466038.274209,2030,2876,swallow
1789466038.276751,2033,2876,swallow
1789466038.278048,2123,2877,swallow
1789466038.2803571,2102,2875,swallow
1789466038.281644,2075,2878,swallow
1789466038.2841861,2051,2877,swallow
1789466038.2867289,2056,2877,swallow
1789466038.287841,2089,2878,swallow
1789466038.292703,2032,2875,swallow
1789466038.29307,2036,2877,swallow
1789466038.2943559,2113,2877,swallow
1789466038.295956,2158,2879,swallow
1789466038.298736,2130,2878,swallow
1789466038.300371,2020,2877,swallow
1789466038.302228,2022,2876,swallow
1789466038.30453,2053,2878,swallow
1789466038.305654,2062,2878,swallow
1789466038.308206,2027,2877,swallow
1789466038.310637,2034,2877,swallow
1789466038.311925,2139,2877,swallow
1789466038.3142269,2101,2878,swallow
1789466038.316273,2086,2877,swallow
1789466038.317603,2019,2877,swallow
1789466038.320148,2115,2877,swallow
1789466038.322284,2125,2878,swallow
1789466038.3235998,2006,2876,swallow
1789466038.326011,2044,2877,swallow
1789466038.331507,2082,2877,swallow
1789466038.3321779,2091,2877,swallow
1789466038.333341,2101,2878,swallow
1789466038.334923,2043,2876,swallow
1789466038.336065,2061,2877,swallow
1789466038.337837,2071,2878,swallow
1789466038.341026,1997,2876,swallow
1789466038.342079,1970,2878,swallow
1789466038.344419,2070,2877,swallow
1789466038.345713,2132,2877,swallow
1789466038.348023,2093,2878,swallow
1789466038.3503308,2025,2877,swallow
1789466038.351628,2031,2877,swallow
1789466038.3539321,2088,2877,swallow
1789466038.356003,2076,2878,swallow
1789466038.35846,2029,2876,swallow
1789466038.3597472,2015,2878,swallow
1789466038.361807,2117,2877,swallow
1789466038.36411,2132,2879,swallow
1789466038.366414,2073,2877,swallow
1789466038.367702,2068,2877,swallow
1789466038.3717198,2125,2877,swallow
1789466038.3721411,2147,2878,swallow
1789466038.373983,2046,2876,swallow
1789466038.376517,2072,2877,swallow
1789466038.3783731,2069,2876,swallow
1789466038.3800719,2142,2879,swallow
1789466038.381876,2138,2877,swallow
1789466038.383992,2079,2877,swallow
1789466038.386543,2062,2877,swallow
1789466038.387834,2087,2878,swallow
1789466038.3903081,2066,2876,swallow
1789466038.391674,2051,2877,swallow
1789466038.394225,2088,2877,swallow
1789466038.3965518,2093,2876,swallow
1789466038.397838,2129,2878,swallow
1789466038.399903,2128,2877,swallow
1789466038.402447,2048,2877,swallow
1789466038.404793,2071,2876,swallow
1789466038.405845,2038,2876,swallow
1789466038.410967,1988,2877,swallow
1789466038.411938,1991,2877,swallow
1789466038.413265,2036,2878,swallow
1789466038.414858,2141,2878,swallow
1789466038.4163682,2069,2878,swallow
1789466038.419007,2025,2878,swallow
1789466038.420765,2068,2877,swallow
1789466038.422057,2107,2878,swallow
1789466038.424364,2073,2876,swallow
1789466038.4256651,2075,2877,swallow
1789466038.427961,2067,2876,swallow
1789466038.43051,2114,2875,swallow
1789466038.431631,2068,2878,swallow
1789466038.433698,2030,2876,swallow
1789466038.436005,2045,2876,swallow
1789466038.438064,2102,2877,swallow
1789466038.440127,2066,2878,swallow
1789466038.442667,2031,2878,swallow
1789466038.443713,2094,2878,swallow
1789466038.446196,2174,2880,swallow
1789466038.4506931,2151,2878,swallow
1789466038.450807,2076,2876,swallow
1789466038.452193,2067,2876,swallow
1789466038.453671,2118,2878,swallow
1789466038.4564888,2037,2877,swallow
1789466038.458088,1960,2876,swallow
1789466038.4599628,2070,2877,swallow
1789466038.462281,2106,2877,swallow
1789466038.464731,2115,2879,swallow
1789466038.466026,2042,2878,swallow
1789466038.468569,2040,2877,swallow
1789466038.46986,2085,2877,swallow
1789466038.472408,2071,2878,swallow
1789466038.474719,2001,2876,swallow
1789466038.475761,2064,2876,swallow
1789466038.478064,2112,2878,swallow
1789466038.480356,2189,2879,swallow
1789466038.482663,2099,2878,swallow
1789466038.483948,2081,2877,swallow
1789466038.4888709,2097,2876,swallow
1789466038.489562,2075,2878,swallow
1789466038.489939,2002,2876,swallow
1789466038.492417,2033,2876,swallow
1789466038.4943519,2102,2877,swallow
1789466038.497057,2114,2877,swallow
1789466038.49857,2170,2878,swallow
1789466038.499764,2069,2877,swallow
1789466038.502315,2007,2876,swallow
1789466038.504561,2056,2877,swallow
1789466038.505616,2068,2875,swallow
1789466038.508159,2007,2877,swallow
1789466038.5107021,2020,2878,swallow
1789466038.511988,2125,2876,swallow
1789466038.514533,2136,2878,swallow
1789466038.5158231,2069,2876,swallow
1789466038.518367,2025,2877,swallow
1789466038.5196521,2076,2878,swallow
1789466038.522193,2092,2877,swallow
1789466038.524626,2039,2876,swallow
1789466038.5279691,2092,2877,swallow
1789466038.5289989,2140,2876,swallow
1789466038.530329,2118,2879,swallow
1789466038.532168,2093,2876,swallow
1789466038.534503,2064,2876,swallow
1789466038.536198,2079,2877,swallow
1789466038.5380201,2174,2879,swallow
1789466038.540322,2045,2876,swallow
1789466038.541648,2024,2876,swallow
1789466038.5442061,2082,2876,swallow
1789466038.5467572,2106,2876,swallow
1789466038.54805,2088,2878,swallow
1789466038.550109,2059,2877,swallow
1789466038.55265,2059,2876,swallow
1789466038.553832,2120,2877,swallow
1789466038.556372,2088,2878,swallow
1789466038.557657,2007,2878,swallow
1789466038.559842,2034,2877,swallow
1789466038.562145,2090,2877,swallow
1789466038.5769129,2150,2879,swallow
1789466038.577097,2045,2877,swallow
1789466038.5772328,2044,2876,swallow
1789466038.577302,2119,2877,swallow
1789466038.577366,2149,2878,swallow
1789466038.577427,1962,2876,swallow
1789466038.577513,2034,2878,swallow
1789466038.577622,2113,2877,swallow
1789466038.580228,2117,2877,swallow
1789466038.581692,2054,2878,swallow
1789466038.5848372,2007,2877,swallow
1789466038.586241,2071,2877,swallow
1789466038.587618,2133,2878,swallow
1789466038.590234,2032,2876,swallow
1789466038.5917,2010,2876,swallow
1789466038.594499,2101,2878,swallow
1789466038.5958662,2162,2876,swallow
1789466038.598509,2113,2878,swallow
1789466038.5999172,2092,2876,swallow
1789466038.60257,1995,2877,swallow
1789466038.611639,2108,2877,swallow
1789466038.612106,2088,2877,swallow
1789466038.613025,1965,2876,swallow
1789466038.6141691,2046,2878,swallow
1789466038.619667,2151,2877,swallow
1789466038.61996,2142,2879,swallow
1789466038.619998,2050,2877,swallow
1789466038.620054,2077,2876,swallow
1789466038.620115,2095,2877,swallow
1789466038.622795,2101,2878,swallow
1789466038.6247191,2004,2876,swallow
1789466038.6262138,2027,2878,swallow
1789466038.627967,2140,2878,swallow
1789466038.630632,2155,2879,swallow
1789466038.632022,2082,2877,swallow
1789466038.634979,2020,2877,swallow
1789466038.6363342,2087,2877,swallow
1789466038.63768,2132,2877,swallow
1789466038.640337,2015,2876,swallow
1789466038.641737,1974,2878,swallow
1789466038.644314,2089,2877,swallow
1789466038.645658,2145,2876,swallow
1789466038.6483562,2117,2878,swallow
1789466038.653698,2055,2877,swallow
1789466038.6547241,2018,2877,swallow
1789466038.6556969,2093,2877,swallow
1789466038.659134,2091,2877,swallow
1789466038.665007,2035,2877,swallow
1789466038.6671271,2082,2878,swallow
1789466038.667232,2158,2877,swallow
1789466038.6673028,2134,2878,swallow
1789466038.66737,2101,2877,swallow
1789466038.668729,2073,2876,swallow
1789466038.670271,2084,2878,swallow
1789466038.676942,2151,2878,swallow
1789466038.67995,2035,2876,swallow
1789466038.681324,2050,2877,swallow
1789466038.685205,2109,2876,swallow
1789466038.6878378,2095,2876,swallow
1789466038.687928,2094,2877,swallow
1789466038.687998,2055,2877,swallow
1789466038.688063,2026,2876,swallow
1789466038.688133,2070,2878,swallow
1789466038.69077,2022,2875,swallow
1789466038.692607,1974,2877,swallow
1789466038.69401,2055,2878,swallow
1789466038.696621,2159,2879,swallow
1789466038.69796,2200,2877,swallow
1789466038.7006998,2101,2877,swallow
1789466038.702052,2030,2876,swallow
1789466038.704663,2089,2878,swallow
1789466038.706007,2111,2879,swallow
1789466038.7088408,2015,2876,swallow
1789466038.7105138,2048,2877,swallow
1789466038.711919,2125,2877,swallow
1789466038.714537,2130,2879,swallow
1789466038.715876,2020,2877,swallow
1789466038.723779,2014,2877,swallow
1789466038.728229,2059,2877,swallow
1789466038.731314,2126,2877,swallow
1789466038.7336462,2044,2876,swallow
1789466038.73381,2026,2878,swallow
1789466038.734671,2090,2877,swallow
1789466038.7350788,2156,2879,swallow
1789466038.7372532,2135,2878,swallow
1789466038.737333,2066,2876,swallow
1789466038.737399,2045,2877,swallow
1789466038.738743,2180,2878,swallow
1789466038.7401779,2044,2875,swallow
1789466038.746304,2070,2876,swallow
1789466038.747309,2048,2878,swallow
1789466038.7488341,2078,2875,swallow
1789466038.752465,2132,2878,swallow
1789466038.75545,2053,2877,swallow
1789466038.758005,2052,2877,swallow
1789466038.7587662,2110,2878,swallow
1789466038.75912,2092,2879,swallow
1789466038.7613928,1980,2876,swallow
1789466038.761557,2061,2878,swallow
1789466038.76163,2112,2877,swallow
1789466038.764247,2155,2878,swallow
1789466038.765645,2032,2877,swallow
1789466038.7682838,1990,2877,swallow
1789466038.7696252,2048,2878,swallow
1789466038.77223,2118,2878,swallow
1789466038.773786,2026,2876,swallow
1789466038.776432,1975,2877,swallow
1789466038.7777762,2129,2878,swallow
1789466038.780323,2149,2879,swallow
1789466038.7816708,2071,2878,swallow
1789466038.784299,2060,2877,swallow
1789466038.785751,2041,2877,swallow
1789466038.788534,2086,2878,swallow
1789466038.789875,2053,2876,swallow
1789466038.7925959,2022,2878,swallow
1789466038.79409,2093,2877,swallow
1789466038.7998312,2164,2879,swallow
1789466038.802454,2189,2878,swallow
1789466038.804634,2062,2877,swallow
1789466038.805761,1967,2877,swallow
1789466038.806782,2063,2877,swallow
1789466038.807372,2061,2878,swallow
1789466038.8121889,1977,2877,swallow
1789466038.8128798,1986,2876,swallow
1789466038.8132439,2117,2876,swallow
1789466038.815835,2110,2878,swallow
1789466038.815918,2072,2877,swallow
1789466038.81874,2061,2877,swallow
1789466038.820127,2119,2877,swallow
1789466038.8260171,2230,2877,swallow
1789466038.828226,2020,2877,swallow
1789466038.8285341,1987,2877,swallow
1789466038.832264,2053,2877,swallow
1789466038.8328478,2132,2879,swallow
1789466038.833941,2075,2877,swallow
1789466038.834069,2043,2876,swallow
1789466038.838113,1995,2876,swallow
1789466038.838754,2071,2878,swallow
1789466038.841535,2136,2879,swallow
1789466038.841608,1990,2877,swallow
1789466038.8441129,2045,2877,swallow
1789466038.846016,2149,2876,swallow
1789466038.8486469,2203,2878,swallow
1789466038.8500092,2024,2877,swallow
1789466038.8526971,1977,2877,swallow
1789466038.854054,2116,2877,swallow
1789466038.855523,2179,2878,swallow
1789466038.8582149,2061,2877,swallow
1789466038.859595,1995,2876,swallow
1789466038.862211,2131,2878,swallow
1789466038.8635478,2205,2879,swallow
1789466038.8661618,2074,2878,swallow
1789466038.867525,1977,2878,swallow
1789466038.8702168,2018,2877,swallow
1789466038.8716109,2129,2878,swallow
1789466038.874337,2103,2879,swallow
1789466038.87571,1988,2877,swallow
1789466038.888364,2041,2878,swallow
1789466038.895541,2086,2876,swallow
1789466038.895794,2131,2878,swallow
1789466038.8960168,2098,2878,swallow
1789466038.896244,1973,2877,swallow
1789466038.896458,2048,2877,swallow
1789466038.896767,2141,2879,swallow
1789466038.898679,1996,2877,swallow
1789466038.898835,2091,2876,swallow
1789466038.899511,2129,2877,swallow
1789466038.899555,2109,2879,swallow
1789466038.899596,2060,2878,swallow
1789466038.90169,2036,2877,swallow
1789466038.907812,2073,2877,swallow
1789466038.908395,2041,2878,swallow
1789466038.9089909,1970,2876,swallow
1789466038.911137,2013,2878,swallow
1789466038.912951,2087,2876,swallow
1789466038.914659,2165,2878,swallow
1789466038.9195929,2076,2878,swallow
1789466038.91991,2065,2877,swallow
1789466038.920187,2144,2877,swallow
1789466038.92227,2155,2878,swallow
1789466038.923577,2044,2877,swallow
1789466038.92572,1999,2876,swallow
1789466038.9280581,2093,2878,swallow
1789466038.930387,2083,2877,swallow
1789466038.931556,2057,2878,swallow
1789466038.933876,1958,2877,swallow
1789466038.936194,2067,2877,swallow
1789466038.93749,2126,2877,swallow
1789466038.939806,1970,2875,swallow
1789466038.942127,1968,2877,swallow
1789466038.944196,2042,2878,swallow
1789466038.9455261,2137,2877,swallow
1789466038.9478452,2166,2877,swallow
1789466038.9504,2132,2877,swallow
1789466038.9516642,2048,2876,swallow
1789466038.9542248,2101,2877,swallow
1789466038.9555252,2140,2878,swallow
1789466038.962284,2070,2876,swallow
1789466038.962743,2048,2877,swallow
1789466038.9628632,2067,2876,swallow
1789466038.965164,2112,2879,swallow
1789466038.96685,2030,2878,swallow
1789466038.968278,2072,2877,swallow
1789466038.970701,2028,2876,swallow
1789466038.972707,2088,2878,swallow
1789466038.9746282,2053,2876,swallow
1789466038.975939,2101,2876,swallow
1789466038.978498,2117,2877,swallow
1789466038.983005,2195,2879,swallow
1789466038.9835892,2205,2878,swallow
1789466038.984065,1979,2877,swallow
1789466038.9861288,2021,2877,swallow
1789466038.988197,2178,2878,swallow
1789466038.990217,2024,2876,swallow
1789466038.991615,1925,2877,swallow
1789466038.993776,1990,2877,swallow
1789466038.99572,2068,2876,swallow
1789466038.998045,2126,2878,swallow
1789466039.0004349,2011,2877,swallow
1789466039.0017412,2085,2877,swallow
1789466039.0040698,2197,2878,swallow
1789466039.0066292,2105,2878,swallow
1789466039.0079281,2025,2876,swallow
1789466039.0104809,2121,2877,swallow
1789466039.0116212,2210,2876,swallow
1789466039.013709,2203,2879,swallow
1789466039.015789,2065,2877,swallow
1789466039.018097,2006,2875,swallow
1789466039.020669,2066,2878,swallow
1789466039.021724,2025,2878,swallow
1789466039.0242848,2050,2877,swallow
1789466039.025586,1999,2878,swallow
1789466039.028141,2128,2877,swallow
1789466039.032732,2174,2879,swallow
1789466039.033768,2103,2878,swallow
1789466039.0343108,2065,2877,swallow
1789466039.0361001,2020,2876,swallow
1789466039.0380611,2177,2878,swallow
1789466039.039862,2080,2879,swallow
1789466039.041692,2030,2876,swallow
1789466039.0437791,2002,2877,swallow
1789466039.046088,2160,2878,swallow
1789466039.048404,2219,2879,swallow
1789466039.053718,2048,2877,swallow
1789466039.0538628,1990,2877,swallow
1789466039.0542982,2050,2877,swallow
1789466039.056706,2102,2878,swallow
1789466039.058372,1979,2877,swallow
1789466039.059942,2037,2877,swallow
1789466039.062232,2135,2876,swallow
1789466039.0643032,2117,2879,swallow
1789466039.0666518,2083,2877,swallow
1789466039.0679538,2054,2877,swallow
1789466039.070513,2196,2877,swallow
1789466039.071817,2165,2878,swallow
1789466039.074137,1980,2875,swallow
1789466039.076698,1990,2878,swallow
1789466039.077993,2033,2878,swallow
1789466039.080541,2144,2879,swallow
1789466039.0816698,2109,2879,swallow
1789466039.083746,2081,2877,swallow
1789466039.086294,1991,2876,swallow
1789466039.088597,2105,2879,swallow
1789466039.089643,2057,2875,swallow
1789466039.091949,2040,2878,swallow
1789466039.094501,2090,2878,swallow
1789466039.095552,2156,2875,swallow
1789466039.097854,2127,2877,swallow
1789466039.101923,2134,2877,swallow
1789466039.102388,1997,2878,swallow
1789466039.104863,2130,2877,swallow
1789466039.106821,2109,2878,swallow
1789466039.1080441,2018,2877,swallow
1789466039.110076,2032,2877,swallow
1789466039.1120498,2203,2880,swallow
1789466039.1141188,2156,2879,swallow
1789466039.115486,2033,2877,swallow
1789466039.1182542,1933,2877,swallow
1789466039.119684,2107,2877,swallow
1789466039.122449,2129,2878,swallow
1789466039.123851,2007,2876,swallow
1789466039.126152,1989,2877,swallow
1789466039.127562,2122,2877,swallow
1789466039.129898,2176,2879,swallow
1789466039.132226,1972,2876,swallow
1789466039.1343129,2239,2877,swallow
1789466039.1356149,1987,2877,swallow
1789466039.137707,2145,2879,swallow
1789466039.140047,2004,2876,swallow
1789466039.142464,1885,2877,swallow
1789466039.143765,2061,2877,swallow
1789466039.1502268,2297,2879,swallow
1789466039.150742,2067,2878,swallow
1789466039.151747,1983,2877,swallow
1789466039.15228,2062,2877,swallow
1789466039.153734,2218,2878,swallow
1789466039.156638,2149,2879,swallow
1789466039.159138,2181,2879,swallow
1789466039.1614919,2045,2876,swallow
1789466039.1636229,2119,2877,swallow
1789466039.164151,2090,2875,swallow
1789466039.16554,2078,2878,swallow
1789466039.171968,2067,2877,swallow
1789466039.172462,2059,2876,swallow
1789466039.173443,2173,2878,swallow
1789466039.1739671,2056,2876,swallow
1789466039.177017,1875,2876,swallow
1789466039.179532,2157,2878,swallow
1789466039.181123,2016,2876,swallow
1789466039.183234,2051,2878,swallow
1789466039.185657,2117,2877,swallow
1789466039.1857438,1898,2877,swallow
1789466039.187829,2217,2878,swallow
1789466039.189902,1990,2875,swallow
1789466039.191989,2101,2878,swallow
1789466039.194308,2169,2877,swallow
1789466039.195606,2105,2877,swallow
1789466039.197686,2051,2875,swallow
1789466039.199755,2079,2877,swallow
1789466039.202315,1974,2877,swallow
1789466039.203614,2002,2877,swallow
1789466039.2059278,2185,2877,swallow
1789466039.2082508,1975,2877,swallow
1789466039.209548,1858,2878,swallow
1789466039.211633,2048,2876,swallow
1789466039.213821,2337,2879,swallow
1789466039.216382,2210,2878,swallow
1789466039.21768,2184,2877,swallow
1789466039.2224598,1918,2877,swallow
1789466039.223026,2044,2877,swallow
1789466039.225434,2130,2879,swallow
1789466039.22575,2027,2877,swallow
1789466039.229908,2004,2878,swallow
1789466039.2333992,2209,2879,swallow
1789466039.2336361,2094,2878,swallow
1789466039.233803,2006,2877,swallow
1789466039.236191,2156,2876,swallow
1789466039.2375062,2093,2878,swallow
1789466039.2445,1952,2877,swallow
1789466039.2446458,1828,2877,swallow
1789466039.245491,2079,2878,swallow
1789466039.2469351,2314,2879,swallow
1789466039.248943,1958,2876,swallow
1789466039.250714,1845,2876,swallow
1789466039.2525032,2044,2878,swallow
1789466039.254613,1937,2875,swallow
1789466039.2565382,2168,2878,swallow
1789466039.257843,2018,2876,swallow
1789466039.260163,2146,2876,swallow
1789466039.261494,1961,2875,swallow
1789466039.263828,2404,2879,swallow
1789466039.2659159,2158,2879,swallow
1789466039.26828,2068,2875,swallow
1789466039.270352,1940,2875,swallow
1789466039.2716532,2148,2879,swallow
1789466039.27374,1927,2875,swallow
1789466039.276049,2069,2876,swallow
1789466039.278365,2139,2876,swallow
1789466039.279663,2101,2878,swallow
1789466039.281735,1989,2878,swallow
1789466039.284054,1989,2876,swallow
1789466039.286363,1995,2877,swallow
1789466039.288676,2209,2878,swallow
1789466039.2943208,2034,2876,swallow
1789466039.29491,1910,2876,swallow
1789466039.296923,2023,2877,swallow
1789466039.297227,2245,2878,swallow
1789466039.2995899,2059,2878,swallow
1789466039.300129,1957,2877,swallow
1789466039.303048,1985,2876,swallow
1789466039.305502,2189,2879,swallow
1789466039.3059342,2201,2879,swallow
1789466039.308104,2124,2877,swallow
1789466039.310195,2036,2877,swallow
1789466039.315649,1963,2877,swallow
1789466039.3169332,2128,2878,swallow
1789466039.31751,2058,2877,swallow
1789466039.319341,2015,2877,swallow
1789466039.321553,1822,2874,swallow
1789466039.322079,2226,2878,swallow
1789466039.325562,2152,2879,swallow
1789466039.328179,1851,2877,swallow
1789466039.328628,1959,2876,swallow
1789466039.331538,2252,2879,swallow
1789466039.331702,1790,2874,swallow
1789466039.3341491,2308,2878,swallow
1789466039.335571,2178,2878,swallow
1789466039.338227,1940,2877,swallow
1789466039.340445,2262,2878,swallow
1789466039.341548,2014,2877,swallow
1789466039.343642,2112,2877,swallow
1789466039.345726,2214,2879,swallow
1789466039.3482912,1887,2877,swallow
1789466039.35038,2153,2878,swallow
1789466039.351617,2031,2878,swallow
1789466039.353701,2108,2878,swallow
1789466039.356262,2062,2878,swallow
1789466039.3583412,2161,2879,swallow
1789466039.360436,1877,2875,swallow
1789466039.361501,2493,2879,swallow
1789466039.363829,2080,2875,swallow
1789466039.3662379,1867,2877,swallow
1789466039.373015,2047,2878,swallow
1789466039.375583,2132,2877,swallow
1789466039.378182,2078,2877,swallow
1789466039.379835,2054,2878,swallow
1789466039.380909,1687,2875,swallow
1789466039.3811462,2200,2880,swallow
1789466039.3859682,2086,2877,swallow
1789466039.386436,2171,2879,swallow
1789466039.386917,2279,2878,swallow
1789466039.3874218,1974,2877,swallow
1789466039.389472,1884,2876,swallow
1789466039.390111,2083,2878,swallow
1789466039.391534,2023,2877,swallow
1789466039.394026,2309,2879,swallow
1789466039.401262,1959,2876,swallow
1789466039.402932,1957,2875,swallow
1789466039.403187,2209,2879,swallow
1789466039.4048269,2036,2878,swallow
1789466039.4059808,2013,2877,swallow
1789466039.406664,2276,2878,swallow
1789466039.4087732,1830,2875,swallow
1789466039.412992,1955,2877,swallow
1789466039.413391,2058,2878,swallow
1789466039.413841,2311,2879,swallow
1789466039.416641,2086,2878,swallow
1789466039.4180439,2231,2878,swallow
1789466039.420585,2147,2878,swallow
1789466039.421941,2014,2877,swallow
1789466039.4243488,2050,2875,swallow
1789466039.4255822,2108,2878,swallow
1789466039.428262,2084,2877,swallow
1789466039.430422,1976,2876,swallow
1789466039.4315221,2012,2878,swallow
1789466039.434016,2090,2877,swallow
1789466039.4366589,2206,2877,swallow
1789466039.438024,1993,2878,swallow
1789466039.440466,2222,2878,swallow
1789466039.441791,2133,2876,swallow
1789466039.4444091,2198,2877,swallow
1789466039.445776,2115,2876,swallow
1789466039.448385,2040,2875,swallow
1789466039.449729,1923,2875,swallow
1789466039.458248,1907,2875,swallow
1789466039.462124,2064,2877,swallow
1789466039.462759,1881,2875,swallow
1789466039.4633641,2240,2879,swallow
1789466039.464164,2210,2879,swallow
1789466039.464774,2197,2879,swallow
1789466039.465735,1960,2875,swallow
1789466039.46816,2045,2876,swallow
1789466039.47087,2176,2878,swallow
1789466039.4712808,2079,2878,swallow
1789466039.474098,2024,2876,swallow
1789466039.474189,1915,2875,swallow
1789466039.475788,1885,2875,swallow
1789466039.478375,2045,2877,swallow
1789466039.485722,2319,2879,swallow
1789466039.488136,2196,2878,swallow
1789466039.488391,2140,2878,swallow
1789466039.489441,2133,2878,swallow
1789466039.489982,2126,2878,swallow
1789466039.4911628,2079,2878,swallow
1789466039.4961941,2091,2876,swallow
1789466039.496809,2139,2878,swallow
1789466039.4972181,2018,2877,swallow
1789466039.5000162,2090,2879,swallow
1789466039.5000682,2039,2878,swallow
1789466039.5015008,2013,2877,swallow
1789466039.503981,2044,2878,swallow
1789466039.506516,2165,2878,swallow
1789466039.5078778,2073,2876,swallow
1789466039.510274,2014,2878,swallow
1789466039.511598,2121,2876,swallow
1789466039.5139232,2142,2879,swallow
1789466039.516078,2050,2878,swallow
1789466039.5177941,2070,2877,swallow
1789466039.5204742,2113,2877,swallow
1789466039.521672,2177,2878,swallow
1789466039.524249,2110,2879,swallow
1789466039.526346,1967,2877,swallow
1789466039.527524,2065,2878,swallow
1789466039.529613,2112,2876,swallow
1789466039.5317051,2118,2878,swallow
1789466039.534276,2084,2877,swallow
1789466039.540958,2076,2878,swallow
1789466039.543058,2123,2878,swallow
1789466039.5454469,2067,2878,swallow
1789466039.548167,2017,2876,swallow
1789466039.548358,2077,2877,swallow
1789466039.5489511,2107,2877,swallow
1789466039.549932,2129,2879,swallow
1789466039.550505,2099,2878,swallow
1789466039.5553432,2079,2877,swallow
1789466039.5556018,2128,2877,swallow
1789466039.555756,2115,2877,swallow
1789466039.558409,2035,2876,swallow
1789466039.559722,2052,2877,swallow
1789466039.5618188,2111,2878,swallow
1789466039.5672388,2110,2879,swallow
1789466039.567752,2118,2878,swallow
1789466039.567893,2069,2877,swallow
1789466039.5706182,2073,2877,swallow
1789466039.572494,2105,2878,swallow
1789466039.5745149,2059,2877,swallow
1789466039.5792818,2020,2877,swallow
1789466039.579572,2102,2876,swallow
1789466039.5798569,2146,2879,swallow
1789466039.5823832,2120,2878,swallow
1789466039.5836968,2103,2877,swallow
1789466039.586072,2062,2877,swallow
1789466039.588414,2133,2878,swallow
1789466039.589725,2091,2879,swallow
1789466039.5920541,2054,2877,swallow
1789466039.5943732,2100,2877,swallow
1789466039.5964649,2124,2877,swallow
1789466039.5975418,2131,2879,swallow
1789466039.5996218,2073,2877,swallow
1789466039.601952,2056,2877,swallow
1789466039.6043332,2082,2877,swallow
1789466039.60564,2148,2878,swallow
1789466039.607959,2134,2879,swallow
1789466039.610446,2085,2878,swallow
1789466039.611809,2122,2878,swallow
1789466039.614183,2137,2879,swallow
1789466039.615463,2082,2878,swallow
1789466039.6230552,2121,2877,swallow
1789466039.624109,2132,2877,swallow
1789466039.626254,2105,2878,swallow
1789466039.626561,2050,2879,swallow
1789466039.629164,1984,2877,swallow
1789466039.6302059,2102,2877,swallow
1789466039.630351,2149,2878,swallow
1789466039.636605,2126,2878,swallow
1789466039.636925,2047,2878,swallow
1789466039.6372979,2000,2877,swallow
1789466039.639796,2122,2878,swallow
1789466039.639991,2108,2878,swallow
1789466039.642093,2016,2875,swallow
1789466039.649606,2045,2876,swallow
1789466039.649798,2180,2880,swallow
1789466039.6502862,2179,2878,swallow
1789466039.6503968,2095,2877,swallow
1789466039.652319,2015,2877,swallow
1789466039.654242,2038,2877,swallow
1789466039.656193,2060,2878,swallow
1789466039.658456,2001,2875,swallow
1789466039.661369,1947,2876,swallow
1789466039.6617658,2017,2876,swallow
1789466039.664615,2054,2876,swallow
1789466039.665937,2097,2878,swallow
1789466039.668051,2056,2877,swallow
1789466039.670412,2052,2877,swallow
1789466039.671723,2128,2878,swallow
1789466039.673824,2108,2879,swallow
1789466039.676141,2051,2878,swallow
1789466039.677448,2034,2877,swallow
1789466039.67978,2100,2878,swallow
1789466039.6821382,2101,2879,swallow
1789466039.6845922,2054,2877,swallow
1789466039.6856582,2068,2877,swallow
1789466039.687999,2141,2877,swallow
1789466039.690093,2118,2878,swallow
1789466039.6921878,2022,2877,swallow
1789466039.694283,2062,2878,swallow
1789466039.6956139,2096,2877,swallow
1789466039.697707,2091,2875,swallow
1789466039.700032,2087,2878,swallow
1789466039.706849,2043,2877,swallow
1789466039.707532,2060,2877,swallow
1789466039.708517,2148,2878,swallow
1789466039.710144,2050,2877,swallow
1789466039.7102551,2043,2877,swallow
1789466039.712037,2123,2876,swallow
1789466039.719821,2164,2880,swallow
1789466039.7200398,2143,2878,swallow
1789466039.720234,2076,2877,swallow
1789466039.7203672,2074,2877,swallow
1789466039.7225358,2160,2877,swallow
1789466039.723851,2060,2878,swallow
1789466039.726181,1994,2877,swallow
1789466039.732067,2048,2877,swallow
1789466039.732618,2100,2876,swallow
1789466039.733577,2119,2879,swallow
1789466039.735143,2047,2878,swallow
1789466039.7371259,2032,2877,swallow
1789466039.738316,2063,2877,swallow
1789466039.739864,2103,2877,swallow
1789466039.741523,2040,2876,swallow
1789466039.744092,2034,2876,swallow
1789466039.746728,2121,2877,swallow
1789466039.748055,2138,2879,swallow
1789466039.750488,2116,2878,swallow
1789466039.75171,2072,2877,swallow
1789466039.754169,2087,2877,swallow
1789466039.755531,2103,2876,swallow
1789466039.757833,2002,2877,swallow
1789466039.760063,2078,2877,swallow
1789466039.762329,2129,2876,swallow
1789466039.763448,2113,2876,swallow
1789466039.7660182,2104,2878,swallow
1789466039.768107,2051,2877,swallow
1789466039.770369,2070,2877,swallow
1789466039.771693,2111,2877,swallow
1789466039.774265,2043,2875,swallow
1789466039.775591,1999,2878,swallow
1789466039.778163,2098,2877,swallow
1789466039.779495,2155,2879,swallow
1789466039.7823,2179,2878,swallow
1789466039.789647,2094,2877,swallow
1789466039.7915368,2028,2876,swallow
1789466039.79399,2091,2877,swallow
1789466039.796798,2055,2878,swallow
1789466039.798317,1990,2876,swallow
1789466039.799071,2019,2876,swallow
1789466039.801839,2099,2878,swallow
1789466039.804908,2088,2877,swallow
1789466039.8055239,2062,2877,swallow
1789466039.805706,2044,2877,swallow
1789466039.808338,2095,2877,swallow
1789466039.808646,2117,2878,swallow
1789466039.808788,2062,2876,swallow
1789466039.8099399,2093,2876,swallow
1789466039.811496,2107,2876,swallow
1789466039.8214211,2083,2876,swallow
1789466039.823817,2098,2878,swallow
1789466039.824436,2081,2877,swallow
1789466039.826488,2089,2877,swallow
1789466039.829191,2142,2877,swallow
1789466039.832598,2096,2879,swallow
1789466039.833295,2012,2878,swallow
1789466039.836385,2094,2878,swallow
1789466039.8365061,2125,2878,swallow
1789466039.836694,2131,2879,swallow
1789466039.8368142,2028,2877,swallow
1789466039.836957,2025,2877,swallow
1789466039.8384068,2128,2877,swallow
1789466039.8396218,2126,2878,swallow
1789466039.8420281,2045,2875,swallow
1789466039.843453,2008,2877,swallow
1789466039.846061,2100,2877,swallow
1789466039.8484092,2134,2879,swallow
1789466039.849499,2096,2878,swallow
1789466039.851818,2043,2877,swallow
1789466039.8542469,2039,2877,swallow
1789466039.855642,2065,2878,swallow
1789466039.858112,2009,2875,swallow
1789466039.859543,2044,2878,swallow
1789466039.862066,2101,2877,swallow
1789466039.8634229,2141,2879,swallow
1789466039.8658528,2122,2878,swallow
1789466039.86857,2066,2877,swallow
1789466039.869658,2079,2877,swallow
1789466039.871954,2110,2878,swallow
1789466039.877808,2049,2876,swallow
1789466039.879106,2024,2877,swallow
1789466039.879772,2137,2876,swallow
1789466039.906903,2148,2879,swallow
1789466039.910081,2053,2878,swallow
1789466039.910246,2024,2877,swallow
1789466039.912002,2031,2877,swallow
1789466039.912713,2103,2878,swallow
1789466039.9150422,2110,2879,swallow
1789466039.918098,1994,2877,swallow
1789466039.9185002,1982,2877,swallow
1789466039.918709,2108,2877,swallow
1789466039.9215202,2111,2879,swallow
1789466039.9216902,2095,2877,swallow
1789466039.921924,2043,2877,swallow
1789466039.922003,2062,2877,swallow
1789466039.922074,2130,2878,swallow
1789466039.9221408,2037,2876,swallow
1789466039.9222028,2041,2878,swallow
1789466039.922264,2098,2877,swallow
1789466039.9223602,2123,2877,swallow
1789466039.922519,2115,2878,swallow
1789466039.9226298,2052,2877,swallow
1789466039.922708,2016,2877,swallow
1789466039.922751,2113,2879,swallow
1789466039.924026,2070,2879,swallow
1789466039.925612,1973,2878,swallow
1789466039.929787,2126,2878,swallow
1789466039.9313521,2132,2877,swallow
1789466039.9338188,2089,2879,swallow
1789466039.934046,2063,2877,swallow
1789466039.936194,2038,2877,swallow
1789466039.938627,2048,2877,swallow
1789466039.940459,2139,2878,swallow
1789466039.942806,2054,2875,swallow
1789466039.945354,2054,2877,swallow
1789466039.945596,2114,2877,swallow
1789466039.9481752,2125,2879,swallow
1789466039.949483,2068,2878,swallow
1789466039.951584,2122,2877,swallow
1789466039.9541461,2122,2877,swallow
1789466039.956225,2077,2878,swallow
1789466039.958584,2071,2875,swallow
1789466039.9598951,2047,2877,swallow
1789466039.962223,2081,2877,swallow
1789466039.9635131,2092,2876,swallow
1789466039.965722,2127,2877,swallow
1789466039.967802,2118,2877,swallow
1789466039.970173,2042,2876,swallow
1789466039.972511,2048,2877,swallow
1789466039.973569,2138,2878,swallow
1789466039.975405,2025,2876,swallow
1789466039.9779909,2074,2877,swallow
1789466039.980176,2084,2877,swallow
1789466039.9859068,2087,2878,swallow
1789466039.9860291,2068,2877,swallow
1789466039.986603,2061,2877,swallow
1789466039.98862,2073,2877,swallow
1789466039.990596,2065,2877,swallow
1789466039.992518,2006,2876,swallow
1789466039.9949179,2074,2878,swallow
1789466039.9974668,2148,2877,swallow
1789466039.9976552,2137,2879,swallow
1789466039.999588,2081,2878,swallow
1789466040.002049,2087,2877,swallow
1789466040.003401,2066,2877,swallow
1789466040.007618,2101,2877,swallow
1789466040.011483,2062,2875,swallow
1789466040.0118568,2002,2877,swallow
1789466040.0143769,2081,2877,swallow
1789466040.0159202,2111,2876,swallow
1789466040.018503,2119,2878,swallow
1789466040.0187159,2081,2876,swallow
1789466040.021019,2029,2876,swallow
1789466040.023424,2092,2878,swallow
1789466040.023634,2049,2876,swallow
1789466040.02615,1990,2876,swallow
1789466040.028588,2052,2877,swallow
1789466040.0298932,2147,2878,swallow
1789466040.032054,2144,2878,swallow
1789466040.0342212,2078,2877,swallow
1789466040.035382,2112,2876,swallow
1789466040.0378711,2104,2877,swallow
1789466040.039964,2121,2879,swallow
1789466040.042115,2041,2876,swallow
1789466040.043365,2042,2877,swallow
1789466040.045704,2076,2878,swallow
1789466040.048231,2142,2878,swallow
1789466040.049529,2186,2876,swallow
1789466040.052105,1977,2877,swallow
1789466040.053411,1999,2877,swallow
1789466040.055758,2127,2878,swallow
1789466040.061993,2065,2877,swallow
1789466040.063135,2047,2878,swallow
1789466040.063683,2069,2877,swallow
1789466040.0652428,2136,2879,swallow
1789466040.065498,2079,2878,swallow
1789466040.068373,2075,2877,swallow
1789466040.069978,2082,2877,swallow
1789466040.071542,2143,2877,swallow
1789466040.073765,2047,2876,swallow
1789466040.075721,2086,2876,swallow
1789466040.078047,2133,2876,swallow
1789466040.081271,2113,2876,swallow
1789466040.0851998,2095,2878,swallow
1789466040.086166,2055,2877,swallow
1789466040.086315,2038,2876,swallow
1789466040.0897028,2059,2878,swallow
1789466040.0905879,2076,2879,swallow
1789466040.0923,2063,2876,swallow
1789466040.0939908,2005,2876,swallow
1789466040.096545,2104,2877,swallow
1789466040.098932,2127,2878,swallow
1789466040.100279,2113,2877,swallow
1789466040.101536,2040,2877,swallow
1789466040.1038709,2115,2877,swallow
1789466040.106144,2113,2878,swallow
1789466040.107369,2006,2875,swallow
1789466040.109678,2051,2877,swallow
1789466040.112,2054,2877,swallow
1789466040.114351,2086,2875,swallow
1789466040.115659,2102,2877,swallow
1789466040.118092,2040,2877,swallow
1789466040.120167,2125,2877,swallow
1789466040.1214669,2136,2877,swallow
1789466040.123549,2120,2878,swallow
1789466040.1260018,2050,2878,swallow
1789466040.1283221,2103,2877,swallow
1789466040.129619,2075,2878,swallow
1789466040.131823,2090,2879,swallow
1789466040.137304,2079,2877,swallow
1789466040.138315,2073,2877,swallow
1789466040.139198,2048,2878,swallow
1789466040.14055,2052,2878,swallow
1789466040.14264,2024,2877,swallow
1789466040.1448011,2052,2877,swallow
1789466040.1462579,2031,2876,swallow
1789466040.1485288,2062,2877,swallow
1789466040.150847,2109,2878,swallow
1789466040.151903,2067,2876,swallow
1789466040.154474,2060,2877,swallow
1789466040.1555488,2102,2877,swallow
1789466040.1596642,2077,2878,swallow
1789466040.160526,2112,2877,swallow
1789466040.162545,2119,2877,swallow
1789466040.164161,2062,2877,swallow
1789466040.1658711,2143,2879,swallow
1789466040.16801,2091,2876,swallow
1789466040.1701078,2025,2877,swallow
1789466040.172605,2161,2877,swallow
1789466040.173915,2002,2875,swallow
1789466040.1760058,1960,2876,swallow
1789466040.178587,1951,2877,swallow
1789466040.1798851,2192,2880,swallow
1789466040.182441,2201,2879,swallow
1789466040.183498,2134,2878,swallow
1789466040.1855612,2089,2876,swallow
1789466040.188117,2193,2878,swallow
1789466040.19021,2063,2877,swallow
1789466040.191508,1969,2875,swallow
1789466040.193871,2073,2876,swallow
1789466040.1964219,2123,2878,swallow
1789466040.1976378,2057,2876,swallow
1789466040.19971,2063,2877,swallow
1789466040.202272,2020,2876,swallow
1789466040.203391,1956,2877,swallow
1789466040.210114,2081,2878,swallow
1789466040.210613,2048,2876,swallow
1789466040.2107651,2025,2876,swallow
1789466040.212495,2154,2877,swallow
1789466040.214203,2202,2879,swallow
1789466040.21648,2124,2878,swallow
1789466040.220442,1997,2877,swallow
1789466040.2205162,2052,2877,swallow
1789466040.222469,2068,2877,swallow
1789466040.223547,2102,2879,swallow
1789466040.226296,2054,2878,swallow
1789466040.228678,1994,2877,swallow
1789466040.230079,2041,2877,swallow
1789466040.2356648,2191,2879,swallow
1789466040.236622,2118,2877,swallow
1789466040.2388291,2032,2877,swallow
1789466040.23908,2058,2877,swallow
1789466040.240958,2105,2879,swallow
1789466040.242916,2159,2879,swallow
1789466040.245173,2093,2878,swallow
1789466040.247287,2080,2876,swallow
1789466040.247456,2072,2877,swallow
1789466040.249877,2163,2878,swallow
1789466040.252247,2127,2877,swallow
1789466040.253404,2040,2877,swallow
1789466040.255966,2020,2877,swallow
1789466040.258521,2095,2878,swallow
1789466040.25957,2035,2876,swallow
1789466040.2618759,2094,2877,swallow
1789466040.264184,2108,2876,swallow
1789466040.26553,2087,2879,swallow
1789466040.267854,2127,2877,swallow
1789466040.270161,2077,2877,swallow
1789466040.27251,2098,2877,swallow
1789466040.2738051,2021,2875,swallow
1789466040.276175,2018,2877,swallow
1789466040.277471,2092,2877,swallow
1789466040.280024,2120,2877,swallow
1789466040.2856379,2170,2879,swallow
1789466040.286259,2102,2877,swallow
1789466040.28674,2025,2877,swallow
1789466040.2883809,2107,2877,swallow
1789466040.290425,2140,2878,swallow
1789466040.293625,1994,2876,swallow
1789466040.29382,2035,2877,swallow
1789466040.295775,2101,2877,swallow
1789466040.298132,2065,2877,swallow
1789466040.29943,2140,2878,swallow
1789466040.301541,2092,2877,swallow
1789466040.3062341,2090,2877,swallow
1789466040.3077729,2194,2877,swallow
1789466040.3080268,2074,2876,swallow
1789466040.309827,1978,2877,swallow
1789466040.311401,2159,2877,swallow
1789466040.314977,2173,2878,swallow
1789466040.317078,2142,2878,swallow
1789466040.318378,2011,2876,swallow
1789466040.319506,2067,2877,swallow
1789466040.3219159,2142,2878,swallow
1789466040.324468,2009,2875,swallow
1789466040.3257658,2031,2878,swallow
1789466040.328316,2119,2877,swallow
1789466040.3296099,2137,2876,swallow
1789466040.3319218,2160,2877,swallow
1789466040.334081,2031,2877,swallow
1789466040.335383,2081,2876,swallow
1789466040.337572,2126,2876,swallow
1789466040.340128,2175,2878,swallow
1789466040.3414268,2046,2877,swallow
1789466040.3435168,2026,2877,swallow
1789466040.34604,2139,2878,swallow
1789466040.351208,2152,2879,swallow
1789466040.3524249,2071,2878,swallow
1789466040.352876,2000,2877,swallow
1789466040.3541398,2056,2877,swallow
1789466040.3557289,2082,2878,swallow
1789466040.3592792,1962,2876,swallow
1789466040.361137,2088,2877,swallow
1789466040.362997,2180,2876,swallow
1789466040.364064,2047,2877,swallow
1789466040.365407,2164,2878,swallow
1789466040.36776,2040,2877,swallow
1789466040.37008,2028,2877,swallow
1789466040.3714051,2081,2878,swallow
1789466040.3739352,2010,2875,swallow
1789466040.3764899,2059,2876,swallow
1789466040.3777852,2051,2877,swallow
1789466040.380336,2095,2877,swallow
1789466040.381629,2114,2878,swallow
1789466040.384176,2130,2876,swallow
1789466040.385385,1976,2876,swallow
1789466040.3877,2091,2877,swallow
1789466040.390016,2164,2878,swallow
1789466040.391393,2115,2878,swallow
1789466040.3936949,2087,2877,swallow
1789466040.397975,2071,2877,swallow
1789466040.3987432,2127,2879,swallow
1789466040.400686,2005,2874,swallow
1789466040.402679,2003,2876,swallow
1789466040.4040031,2138,2877,swallow
1789466040.406111,2081,2878,swallow
1789466040.4078138,2097,2877,swallow
1789466040.4099998,2066,2876,swallow
1789466040.411374,2205,2880,swallow
1789466040.4139268,2132,2878,swallow
1789466040.416407,2060,2878,swallow
1789466040.417706,2023,2878,swallow
1789466040.4202602,1928,2874,swallow
1789466040.42156,2393,2877,swallow
1789466040.4236338,1968,2876,swallow
1789466040.4262028,1907,2876,swallow
1789466040.428509,2087,2876,swallow
1789466040.429801,2118,2877,swallow
1789466040.432349,2182,2878,swallow
1789466040.433433,2126,2877,swallow
1789466040.435741,2148,2878,swallow
1789466040.438049,2015,2878,swallow
1789466040.4393651,1931,2876,swallow
1789466040.4445271,2069,2877,swallow
1789466040.445003,2189,2879,swallow
1789466040.447519,1979,2876,swallow
1789466040.447624,2203,2878,swallow
1789466040.453174,2132,2878,swallow
1789466040.453313,2095,2877,swallow
1789466040.453411,2111,2878,swallow
1789466040.457088,2095,2877,swallow
1789466040.4581409,2099,2879,swallow
1789466040.46045,2154,2879,swallow
1789466040.461735,1995,2875,swallow
1789466040.464298,2137,2880,swallow
1789466040.4655948,2174,2878,swallow
1789466040.46806,1966,2877,swallow
1789466040.4693692,2233,2878,swallow
1789466040.471682,2067,2878,swallow
1789466040.474229,1953,2877,swallow
1789466040.475521,2072,2876,swallow
1789466040.477898,2133,2877,swallow
1789466040.480452,2262,2879,swallow
1789466040.481741,2059,2876,swallow
1789466040.483804,2120,2878,swallow
1789466040.486209,2075,2878,swallow
1789466040.48994,2159,2878,swallow
1789466040.4903429,1966,2876,swallow
1789466040.4925828,2025,2876,swallow
1789466040.494494,2029,2877,swallow
1789466040.496386,1977,2877,swallow
1789466040.499331,2011,2875,swallow
1789466040.499423,2039,2878,swallow
1789466040.502165,2086,2877,swallow
1789466040.5034611,2210,2877,swallow
1789466040.505894,2114,2878,swallow
1789466040.508457,2134,2879,swallow
1789466040.5096269,1906,2877,swallow
1789466040.512177,2151,2877,swallow
1789466040.5134761,2178,2879,swallow
1789466040.515931,2100,2878,swallow
1789466040.5184782,2011,2877,swallow
1789466040.519532,2031,2877,swallow
1789466040.5218298,2059,2877,swallow
1789466040.524373,2029,2875,swallow
1789466040.525426,1966,2877,swallow
1789466040.527972,2151,2877,swallow
1789466040.534345,2196,2879,swallow
1789466040.53513,2090,2878,swallow
1789466040.535597,2151,2878,swallow
1789466040.537065,2000,2877,swallow
1789466040.5386188,2031,2878,swallow
1789466040.5400891,2170,2880,swallow
1789466040.541986,2057,2877,swallow
1789466040.543723,2002,2877,swallow
1789466040.545454,2211,2879,swallow
1789466040.5480099,1896,2875,swallow
1789466040.550324,2117,2878,swallow
1789466040.551627,2199,2877,swallow
1789466040.554183,2138,2877,swallow
1789466040.555485,2053,2878,swallow
1789466040.5577862,2018,2877,swallow
1789466040.559881,2013,2877,swallow
1789466040.562196,2066,2877,swallow
1789466040.564495,2162,2879,swallow
1789466040.5655391,2110,2878,swallow
1789466040.568099,2009,2877,swallow
1789466040.56939,1921,2877,swallow
1789466040.571693,2303,2878,swallow
1789466040.57424,2071,2879,swallow
1789466040.578779,2079,2876,swallow
1789466040.579179,2154,2878,swallow
1789466040.579956,2026,2877,swallow
1789466040.58178,2000,2876,swallow
1789466040.5849411,2086,2878,swallow
1789466040.586669,2014,2876,swallow
1789466040.588453,1882,2874,swallow
1789466040.5904388,2147,2878,swallow
1789466040.5917492,1948,2876,swallow
1789466040.594065,2101,2876,swallow
1789466040.59536,2156,2877,swallow
1789466040.597918,2118,2879,swallow
1789466040.5999942,2146,2878,swallow
1789466040.602303,2017,2877,swallow
1789466040.603601,2002,2877,swallow
1789466040.6059158,2101,2878,swallow
1789466040.6082292,1982,2876,swallow
1789466040.6093838,2118,2878,swallow
1789466040.6118212,2047,2878,swallow
1789466040.613882,2088,2876,swallow
1789466040.61527,2033,2876,swallow
1789466040.617826,1983,2876,swallow
1789466040.62379,2142,2877,swallow
1789466040.624195,2153,2877,swallow
1789466040.624615,1964,2875,swallow
1789466040.626368,1926,2876,swallow
1789466040.627819,2094,2877,swallow
1789466040.6294148,1921,2878,swallow
1789466040.6313448,2191,2878,swallow
1789466040.63496,2174,2879,swallow
1789466040.6362722,1822,2875,swallow
1789466040.6375659,2194,2878,swallow
1789466040.6397572,2262,2878,swallow
1789466040.642312,1965,2875,swallow
1789466040.643605,1919,2877,swallow
1789466040.646152,2298,2879,swallow
1789466040.647297,2139,2879,swallow
1789466040.649704,1917,2876,swallow
1789466040.652147,1989,2876,swallow
1789466040.653439,1961,2878,swallow
1789466040.655506,2106,2878,swallow
1789466040.657571,2123,2879,swallow
1789466040.659874,2186,2879,swallow
1789466040.662148,2034,2877,swallow
1789466040.6633139,2117,2875,swallow
1789466040.6681228,1981,2877,swallow
1789466040.668601,2108,2877,swallow
1789466040.670687,1970,2875,swallow
1789466040.67253,1986,2878,swallow
1789466040.674068,2227,2877,swallow
1789466040.675673,2033,2878,swallow
1789466040.6774468,2073,2875,swallow
1789466040.679639,2044,2878,swallow
1789466040.682202,2038,2876,swallow
1789466040.6832619,2183,2879,swallow
1789466040.685339,2122,2878,swallow
1789466040.687653,2094,2877,swallow
1789466040.6899562,1935,2876,swallow
1789466040.691286,2110,2877,swallow
1789466040.693596,2030,2876,swallow
1789466040.695895,1857,2877,swallow
1789466040.698196,2306,2879,swallow
1789466040.6992881,2282,2878,swallow
1789466040.701843,2174,2878,swallow
1789466040.704397,1936,2874,swallow
1789466040.705605,1933,2876,swallow
1789466040.708083,2206,2879,swallow
1789466040.711909,2014,2876,swallow
1789466040.712044,1854,2876,swallow
1789466040.7142909,2015,2876,swallow
1789466040.7160718,1934,2875,swallow
1789466040.717611,2314,2878,swallow
1789466040.720735,2126,2877,swallow
1789466040.722719,2086,2877,swallow
1789466040.724015,2112,2878,swallow
1789466040.725305,1995,2876,swallow
1789466040.727854,1967,2876,swallow
1789466040.730168,2017,2878,swallow
1789466040.7314591,2182,2879,swallow
1789466040.734006,2079,2878,swallow
1789466040.736377,2152,2877,swallow
1789466040.73742,2070,2877,swallow
1789466040.739719,2232,2878,swallow
1789466040.7422771,1960,2876,swallow
1789466040.743572,1968,2877,swallow
1789466040.74587,2166,2877,swallow
1789466040.7472708,2051,2877,swallow
1789466040.749682,2084,2878,swallow
1789466040.751989,2077,2877,swallow
1789466040.7580018,2087,2877,swallow
1789466040.758419,2048,2878,swallow
1789466040.758827,2057,2876,swallow
1789466040.760205,2540,2881,swallow
1789466040.762093,2444,2879,swallow
1789466040.7635179,1953,2875,swallow
1789466040.766399,1935,2876,swallow
1789466040.767977,2011,2876,swallow
1789466040.7702951,1907,2875,swallow
1789466040.771342,1960,2878,swallow
1789466040.773661,2054,2878,swallow
1789466040.776213,2072,2879,swallow
1789466040.777281,2012,2876,swallow
1789466040.779829,1837,2877,swallow
1789466040.7823749,2322,2880,swallow
1789466040.78367,2322,2879,swallow
1789466040.7862139,1996,2878,swallow
1789466040.7872782,2062,2878,swallow
1789466040.789349,1949,2875,swallow
1789466040.791648,1895,2875,swallow
1789466040.7941928,2096,2876,swallow
1789466040.795346,2177,2879,swallow
1789466040.799498,2279,2878,swallow
1789466040.799959,2060,2878,swallow
1789466040.801911,2086,2878,swallow
1789466040.803491,2189,2878,swallow
1789466040.806114,2037,2878,swallow
1789466040.807948,2010,2876,swallow
1789466040.810047,2083,2876,swallow
1789466040.81134,2028,2877,swallow
1789466040.8134131,2168,2879,swallow
1789466040.815493,2129,2878,swallow
1789466040.8177972,2116,2877,swallow
1789466040.82012,2112,2876,swallow
1789466040.821413,2119,2878,swallow
1789466040.823961,2090,2879,swallow
1789466040.825283,2056,2877,swallow
1789466040.827828,2025,2877,swallow
1789466040.8301282,2097,2877,swallow
1789466040.831282,2108,2878,swallow
1789466040.8335931,2082,2875,swallow
1789466040.8361359,2084,2877,swallow
1789466040.841208,2104,2878,swallow
1789466040.841661,2105,2878,swallow
1789466040.8423302,2054,2876,swallow
1789466040.845036,2019,2876,swallow
1789466040.846751,2081,2879,swallow
1789466040.8496408,2076,2879,swallow
1789466040.849835,2072,2878,swallow
1789466040.8517141,2055,2877,swallow
1789466040.8542771,2065,2876,swallow
1789466040.855575,2142,2877,swallow
1789466040.857727,2085,2875,swallow
1789466040.860281,2069,2878,swallow
1789466040.861571,2081,2876,swallow
1789466040.8641229,2076,2875,swallow
1789466040.8654132,2149,2878,swallow
1789466040.867958,2092,2877,swallow
1789466040.8703349,2122,2877,swallow
1789466040.871629,2104,2878,swallow
1789466040.874176,2083,2878,swallow
1789466040.87536,2022,2877,swallow
1789466040.8776598,2083,2877,swallow
1789466040.883275,2142,2876,swallow
1789466040.883353,2099,2878,swallow
1789466040.883748,2087,2876,swallow
1789466040.885691,2093,2875,swallow
1789466040.888459,2097,2876,swallow
1789466040.890465,2140,2877,swallow
1789466040.8922691,2083,2875,swallow
1789466040.8942149,2080,2876,swallow
1789466040.895518,2112,2877,swallow
1789466040.897826,2091,2876,swallow
1789466040.9001758,2080,2878,swallow
1789466040.9014668,2041,2877,swallow
1789466040.9040158,2050,2876,swallow
1789466040.9063349,2120,2878,swallow
1789466040.907627,2057,2877,swallow
1789466040.910176,2056,2877,swallow
1789466040.911466,2089,2877,swallow
1789466040.913773,2169,2879,swallow
1789466040.915832,2203,2878,swallow
1789466040.918376,2088,2877,swallow
1789466040.91953,2059,2877,swallow
1789466040.921767,2079,2877,swallow
1789466040.9258702,2091,2879,swallow
1789466040.926002,2031,2876,swallow
1789466040.928044,1976,2876,swallow
1789466040.929766,2077,2877,swallow
1789466040.932629,2215,2878,swallow
1789466040.934444,2174,2877,swallow
1789466040.936335,2094,2877,swallow
1789466040.9374442,2070,2876,swallow
1789466040.940021,2119,2878,swallow
1789466040.942348,2075,2876,swallow
1789466040.943394,2045,2877,swallow
1789466040.945947,2120,2876,swallow
1789466040.947284,2088,2879,swallow
1789466040.949593,2079,2878,swallow
1789466040.95214,2120,2876,swallow
1789466040.953433,2074,2877,swallow
1789466040.955746,2136,2878,swallow
1789466040.958049,2092,2876,swallow
1789466040.95931,2073,2876,swallow
1789466040.961609,2135,2877,swallow
1789466040.964146,2079,2875,swallow
1789466040.967715,2096,2878,swallow
1789466040.968342,2087,2877,swallow
1789466040.970155,2067,2877,swallow
1789466040.971745,2090,2877,swallow
1789466040.974508,2060,2878,swallow
1789466040.976219,2067,2877,swallow
1789466040.978283,2128,2877,swallow
1789466040.979573,2112,2877,swallow
1789466040.982004,2079,2879,swallow
1789466040.983333,1989,2876,swallow
1789466040.985887,2000,2877,swallow
1789466040.9881861,2020,2876,swallow
1789466040.9894779,2034,2877,swallow
1789466040.99203,1996,2876,swallow
1789466040.993324,2030,2876,swallow
1789466040.995871,2117,2878,swallow
1789466040.997956,2077,2876,swallow
1789466040.9992929,2063,2878,swallow
1789466041.0016158,2067,2877,swallow
1789466041.003912,2106,2877,swallow
1789466041.0096672,2139,2878,swallow
1789466041.010856,2061,2876,swallow
1789466041.01131,2030,2877,swallow
1789466041.012523,2079,2877,swallow
1789466041.0143502,2113,2877,swallow
1789466041.015769,2115,2878,swallow
1789466041.01899,2080,2877,swallow
1789466041.0210712,2108,2877,swallow
1789466041.022403,2138,2877,swallow
1789466041.023701,2109,2878,swallow
1789466041.026274,2069,2878,swallow
1789466041.027572,2079,2878,swallow
1789466041.030122,2078,2877,swallow
1789466041.031414,2096,2876,swallow
1789466041.0338829,2080,2878,swallow
1789466041.036435,2051,2877,swallow
1789466041.037726,2044,2877,swallow
1789466041.04003,2108,2878,swallow
1789466041.0413198,2026,2875,swallow
1789466041.0436292,2035,2878,swallow
1789466041.045978,2138,2877,swallow
1789466041.0472682,2164,2879,swallow
1789466041.052661,2039,2878,swallow
1789466041.053055,2014,2877,swallow
1789466041.0548081,2029,2877,swallow
1789466041.056274,2127,2877,swallow
1789466041.058075,2064,2878,swallow
1789466041.059598,2001,2876,swallow
1789466041.0614321,2094,2877,swallow
1789466041.064302,2160,2879,swallow
1789466041.065353,2105,2878,swallow
1789466041.067898,2107,2876,swallow
1789466041.069258,2076,2877,swallow
1789466041.0714612,2127,2877,swallow
1789466041.0740092,2050,2878,swallow
1789466041.076305,1975,2877,swallow
1789466041.077356,2013,2877,swallow
1789466041.079658,2126,2877,swallow
1789466041.081713,2114,2878,swallow
1789466041.083936,2081,2877,swallow
1789466041.0852532,2087,2876,swallow
1789466041.087811,2102,2877,swallow
1789466041.0901198,2143,2877,swallow
1789466041.093955,2022,2875,swallow
1789466041.094707,2034,2876,swallow
1789466041.096684,2098,2877,swallow
1789466041.098356,2141,2879,swallow
1789466041.0998201,2105,2876,swallow
1789466041.101415,2111,2876,swallow
1789466041.1052248,2029,2876,swallow
1789466041.105263,2101,2877,swallow
1789466041.107808,2061,2875,swallow
1789466041.110167,2059,2877,swallow
1789466041.11126,2154,2877,swallow
1789466041.113812,2172,2878,swallow
1789466041.11636,2073,2878,swallow
1789466041.117406,2058,2877,swallow
1789466041.1197162,2080,2877,swallow
1789466041.122261,2109,2878,swallow
1789466041.1234372,2069,2879,swallow
1789466041.1257348,2029,2876,swallow
1789466041.1280372,2123,2878,swallow
1789466041.129326,2062,2877,swallow
1789466041.131398,2055,2875,swallow
1789466041.1367161,2147,2878,swallow
1789466041.137493,2050,2877,swallow
1789466041.138915,2067,2877,swallow
1789466041.140345,2045,2878,swallow
1789466041.143527,2023,2876,swallow
1789466041.143679,2128,2876,swallow
1789466041.145483,2200,2880,swallow
1789466041.148129,2152,2878,swallow
1789466041.1491892,2018,2878,swallow
1789466041.151741,2045,2877,swallow
1789466041.154302,2004,2877,swallow
1789466041.155495,2104,2878,swallow
1789466041.157929,2026,2877,swallow
1789466041.160228,1957,2878,swallow
1789466041.161391,2004,2877,swallow
1789466041.163701,2098,2876,swallow
1789466041.1662478,2163,2878,swallow
1789466041.167537,2110,2877,swallow
1789466041.1700811,2111,2877,swallow
1789466041.171368,2183,2877,swallow
1789466041.1736069,2092,2878,swallow
1789466041.178356,2035,2876,swallow
1789466041.178763,2056,2877,swallow
1789466041.181296,2032,2878,swallow
1789466041.181522,2082,2879,swallow
1789466041.185867,2072,2877,swallow
1789466041.1860638,2025,2877,swallow
1789466041.187906,2067,2877,swallow
1789466041.1895318,2122,2878,swallow
1789466041.1919968,2036,2877,swallow
1789466041.19439,2122,2877,swallow
1789466041.195542,2055,2878,swallow
1789466041.1980958,2139,2879,swallow
1789466041.2002208,2070,2878,swallow
1789466041.201513,2062,2876,swallow
1789466041.2040582,2146,2877,swallow
1789466041.2053618,2136,2878,swallow
1789466041.2076511,2019,2877,swallow
1789466041.210198,1930,2877,swallow
1789466041.211502,2067,2877,swallow
1789466041.213564,2219,2879,swallow
1789466041.21588,2169,2878,swallow
1789466041.221727,2091,2877,swallow
1789466041.2221959,1986,2877,swallow
1789466041.2226062,2138,2878,swallow
1789466041.2243881,2130,2879,swallow
1789466041.2260532,1975,2876,swallow
1789466041.229247,2042,2876,swallow
1789466041.231146,2126,2877,swallow
1789466041.2313442,2063,2877,swallow
1789466041.2342029,2086,2878,swallow
1789466041.2352571,2013,2877,swallow
1789466041.237565,2012,2877,swallow
1789466041.2401211,2125,2878,swallow
1789466041.241235,2059,2876,swallow
1789466041.2437801,2080,2877,swallow
1789466041.246086,2197,2880,swallow
1789466041.2471402,2185,2879,swallow
1789466041.2494981,2051,2878,swallow
1789466041.252003,2006,2877,swallow
1789466041.253184,2033,2876,swallow
1789466041.2555368,2123,2878,swallow
1789466041.257847,2053,2877,swallow
1789466041.260163,1991,2876,swallow
1789466041.261368,2108,2878,swallow
1789466041.266711,2103,2876,swallow
1789466041.267227,2128,2878,swallow
1789466041.268724,2016,2877,swallow
1789466041.270268,2104,2877,swallow
1789466041.272348,2182,2878,swallow
1789466041.2755258,2154,2879,swallow
1789466041.275627,1947,2877,swallow
1789466041.2777522,2025,2877,swallow
1789466041.2800782,2128,2878,swallow
1789466041.281503,2151,2879,swallow
1789466041.2839491,2067,2877,swallow
1789466041.2852921,2024,2876,swallow
1789466041.287982,2074,2877,swallow
1789466041.290072,2069,2878,swallow
1789466041.291177,2058,2876,swallow
1789466041.2933152,2093,2877,swallow
1789466041.295667,2132,2877,swallow
1789466041.298218,2093,2875,swallow
1789466041.299275,2101,2878,swallow
1789466041.3016162,2087,2877,swallow
1789466041.303691,2076,2877,swallow
1789466041.306009,2075,2877,swallow
1789466041.307319,2060,2879,swallow
1789466041.312208,2035,2877,swallow
1789466041.312774,2132,2877,swallow
1789466041.3147259,2074,2876,swallow
1789466041.31709,2099,2878,swallow
1789466041.318368,2108,2877,swallow
1789466041.320319,2092,2877,swallow
1789466041.322309,2102,2877,swallow
1789466041.324411,2008,2875,swallow
1789466041.3257148,1978,2877,swallow
1789466041.328274,2090,2876,swallow
1789466041.3295932,2089,2877,swallow
1789466041.332009,2135,2879,swallow
1789466041.333302,2060,2878,swallow
1789466041.3353689,2035,2877,swallow
1789466041.337436,2130,2877,swallow
1789466041.339746,2164,2877,swallow
1789466041.341206,1976,2877,swallow
1789466041.343758,2048,2876,swallow
1789466041.346076,2124,2877,swallow
1789466041.347369,2164,2878,swallow
1789466041.349587,2058,2876,swallow
1789466041.3519738,2004,2876,swallow
1789466041.3532832,2058,2877,swallow
1789466041.357355,2168,2878,swallow
1789466041.3582342,2011,2876,swallow
1789466041.360111,2061,2877,swallow
1789466041.361639,2090,2876,swallow
1789466041.365054,2115,2877,swallow
1789466041.3670661,2087,2878,swallow
1789466041.367257,2132,2877,swallow
1789466041.370213,2027,2877,swallow
1789466041.371273,2101,2877,swallow
1789466041.373824,2101,2878,swallow
1789466041.375941,1901,2877,swallow
1789466041.377169,2162,2877,swallow
1789466041.3797219,2065,2877,swallow
1789466041.382029,2166,2879,swallow
1789466041.3835351,2100,2877,swallow
1789466041.385988,2099,2877,swallow
1789466041.387288,2197,2877,swallow
1789466041.3893619,2061,2878,swallow
1789466041.39167,1968,2875,swallow
1789466041.393971,2097,2877,swallow
1789466041.395272,2114,2878,swallow
1789466041.397824,2111,2878,swallow
1789466041.402227,2082,2878,swallow
1789466041.402988,2009,2878,swallow
1789466041.405015,2065,2877,swallow
1789466041.4068742,2077,2878,swallow
1789466041.408322,2141,2878,swallow
1789466041.4098969,1985,2877,swallow
1789466041.411882,2099,2876,swallow
1789466041.4140038,2061,2877,swallow
1789466041.416121,2086,2878,swallow
1789466041.417511,2134,2877,swallow
1789466041.419596,2105,2877,swallow
1789466041.4221492,2119,2877,swallow
1789466041.423341,2091,2877,swallow
1789466041.425886,2001,2877,swallow
1789466041.427163,2032,2877,swallow
1789466041.429713,2154,2878,swallow
1789466041.432279,2182,2879,swallow
1789466041.433573,2045,2876,swallow
1789466041.436022,2013,2877,swallow
1789466041.437315,2218,2877,swallow
1789466041.439626,2142,2878,swallow
1789466041.441931,2008,2877,swallow
1789466041.447207,2033,2877,swallow
1789466041.4477901,2141,2878,swallow
1789466041.4486668,2100,2875,swallow
1789466041.450374,2098,2879,swallow
1789466041.4524748,1954,2877,swallow
1789466041.454166,1968,2877,swallow
1789466041.45564,2124,2878,swallow
1789466041.4595919,2049,2875,swallow
1789466041.459737,2052,2877,swallow
1789466041.462304,2047,2878,swallow
1789466041.4636102,2073,2877,swallow
1789466041.466176,2152,2877,swallow
1789466041.4675121,2055,2877,swallow
1789466041.47004,2193,2877,swallow
1789466041.471336,2099,2877,swallow
1789466041.473392,2130,2878,swallow
1789466041.475938,1912,2876,swallow
1789466041.477228,2180,2877,swallow
1789466041.479778,2178,2878,swallow
1789466041.4819179,2184,2880,swallow
1789466041.484006,2101,2877,swallow
1789466041.485232,1992,2876,swallow
1789466041.487309,1969,2876,swallow
1789466041.4936278,2085,2877,swallow
1789466041.494072,2035,2876,swallow
1789466041.495272,2069,2877,swallow
1789466041.4955578,2030,2877,swallow
1789466041.505037,2115,2879,swallow
1789466041.505611,2184,2877,swallow
1789466041.505781,2050,2877,swallow
1789466041.5058181,2047,2877,swallow
1789466041.505874,2146,2878,swallow
1789466041.508204,2144,2879,swallow
1789466041.512854,2103,2876,swallow
1789466041.513698,2123,2877,swallow
1789466041.514127,2121,2877,swallow
1789466041.5179389,1972,2876,swallow
1789466041.5192692,2013,2878,swallow
1789466041.519671,2147,2877,swallow
1789466041.5217469,2189,2877,swallow
1789466041.5236359,2079,2878,swallow
1789466041.5259478,1866,2875,swallow
1789466041.527256,1974,2877,swallow
1789466041.529563,2305,2881,swallow
1789466041.532043,2100,2879,swallow
1789466041.533343,2027,2878,swallow
1789466041.5359008,2078,2877,swallow
1789466041.537196,2166,2877,swallow
1789466041.5397482,2190,2878,swallow
1789466041.542305,2028,2875,swallow
1789466041.543472,2000,2877,swallow
1789466041.5460212,2129,2877,swallow
1789466041.548138,2168,2880,swallow
1789466041.549428,2108,2877,swallow
1789466041.55188,2127,2877,swallow
1789466041.554247,2004,2877,swallow
1789466041.559196,2028,2878,swallow
1789466041.5600488,1977,2877,swallow
1789466041.5605671,1986,2878,swallow
1789466041.562177,2143,2877,swallow
1789466041.5638368,2124,2876,swallow
1789466041.566178,2054,2878,swallow
1789466041.567986,2211,2877,swallow
1789466041.569985,2053,2877,swallow
1789466041.572007,2079,2878,swallow
1789466041.573138,2167,2878,swallow
1789466041.5752141,1974,2877,swallow
1789466041.582475,2304,2880,swallow
1789466041.582589,2166,2879,swallow
1789466041.5829918,2048,2876,swallow
1789466041.584624,2127,2878,swallow
1789466041.586184,2032,2877,swallow
1789466041.588286,2144,2877,swallow
1789466041.590226,2124,2877,swallow
1789466041.5923998,2085,2875,swallow
1789466041.593704,2019,2877,swallow
1789466041.596032,2149,2876,swallow
1789466041.5971541,2059,2877,swallow
1789466041.599485,1973,2875,swallow
1789466041.601804,2081,2876,swallow
1789466041.603157,2017,2877,swallow
1789466041.6054678,2100,2877,swallow
1789466041.60797,2105,2877,swallow
1789466041.609268,1972,2876,swallow
1789466041.611684,2094,2878,swallow
1789466041.613992,2064,2876,swallow
1789466041.6152909,2138,2879,swallow
1789466041.617602,2225,2878,swallow
1789466041.619892,2005,2877,swallow
1789466041.6212008,2029,2876,swallow
1789466041.6255,2170,2878,swallow
1789466041.625938,2035,2876,swallow
1789466041.628066,1927,2877,swallow
1789466041.629628,2252,2880,swallow
1789466041.632925,2083,2879,swallow
1789466041.6348548,2049,2879,swallow
1789466041.636964,2130,2877,swallow
1789466041.6380212,2103,2878,swallow
1789466041.640333,2151,2878,swallow
1789466041.641546,2057,2876,swallow
1789466041.643859,2041,2877,swallow
1789466041.645979,2087,2877,swallow
1789466041.647159,2101,2876,swallow
1789466041.649848,2160,2879,swallow
1789466041.651517,2012,2877,swallow
1789466041.65408,2036,2877,swallow
1789466041.655374,2175,2878,swallow
1789466041.657629,2079,2879,swallow
1789466041.660191,2053,2877,swallow
1789466041.661488,1947,2878,swallow
1789466041.6638012,1980,2877,swallow
1789466041.665138,2365,2879,swallow
1789466041.6708632,2066,2878,swallow
1789466041.6722372,1984,2877,swallow
1789466041.673801,2035,2877,swallow
1789466041.674005,2210,2878,swallow
1789466041.67591,1956,2876,swallow
1789466041.6777909,2067,2877,swallow
1789466041.679274,2326,2880,swallow
1789466041.681203,2005,2876,swallow
1789466041.684157,2049,2879,swallow
1789466041.6852102,1917,2874,swallow
1789466041.687531,1703,2876,swallow
1789466041.689903,1971,2875,swallow
1789466041.691208,2075,2877,swallow
1789466041.6935182,1909,2876,swallow
1789466041.6959171,2105,2876,swallow
1789466041.6972082,2113,2879,swallow
1789466041.6995142,2105,2878,swallow
1789466041.7020679,2215,2877,swallow
1789466041.703176,2273,2878,swallow
1789466041.705336,2069,2878,swallow
1789466041.7078888,2097,2876,swallow
1789466041.709183,2132,2877,swallow
1789466041.711505,2098,2878,swallow
1789466041.71736,2029,2877,swallow
1789466041.7183459,1968,2877,swallow
1789466041.719506,2167,2877,swallow
1789466041.71967,2117,2876,swallow
1789466041.7219,2231,2878,swallow
1789466041.723455,1885,2877,swallow
1789466041.72677,2027,2877,swallow
1789466041.728721,1915,2877,swallow
1789466041.730038,1933,2877,swallow
1789466041.731102,2064,2876,swallow
1789466041.73348,2290,2878,swallow
1789466041.736067,2141,2877,swallow
1789466041.737364,2140,2877,swallow
1789466041.739916,1948,2876,swallow
1789466041.7412071,2126,2878,swallow
1789466041.743754,2023,2878,swallow
1789466041.746228,2222,2877,swallow
1789466041.747526,2065,2876,swallow
1789466041.75008,2019,2878,swallow
1789466041.751124,1992,2877,swallow
1789466041.753679,1956,2877,swallow
1789466041.756278,2037,2878,swallow
1789466041.7577028,2147,2879,swallow
1789466041.7622201,2027,2878,swallow
1789466041.762769,2026,2876,swallow
1789466041.765185,2146,2877,swallow
1789466041.765482,2354,2879,swallow
1789466041.7674282,1996,2877,swallow
1789466041.7703629,1862,2874,swallow
1789466041.772318,1961,2876,swallow
1789466041.7741141,2095,2878,swallow
1789466041.775177,2104,2876,swallow
1789466041.777672,2116,2876,swallow
1789466041.780375,2149,2879,swallow
1789466041.7816699,1995,2876,swallow
1789466041.784105,2063,2878,swallow
1789466041.785419,2089,2877,swallow
1789466041.787873,2022,2877,swallow
1789466041.789166,2068,2878,swallow
1789466041.7914722,2165,2879,swallow
1789466041.794018,1987,2877,swallow
1789466041.79531,2005,2877,swallow
1789466041.797624,2173,2878,swallow
1789466041.800182,2152,2878,swallow
1789466041.801474,2035,2878,swallow
1789466041.8037791,2108,2877,swallow
1789466041.807795,2077,2878,swallow
1789466041.807887,2029,2877,swallow
1789466041.810666,1967,2876,swallow
1789466041.812617,1976,2877,swallow
1789466041.8142982,2070,2876,swallow
1789466041.815888,1991,2875,swallow
1789466041.817983,2034,2878,swallow
1789466041.820195,1919,2877,swallow
1789466041.8214998,2144,2877,swallow
1789466041.824058,2079,2877,swallow
1789466041.825116,2000,2876,swallow
1789466041.827602,2064,2878,swallow
1789466041.830157,2081,2877,swallow
1789466041.8314528,1906,2876,swallow
1789466041.834008,2206,2879,swallow
1789466041.8353028,1999,2877,swallow
1789466041.837864,2011,2877,swallow
1789466041.839157,2050,2878,swallow
1789466041.841473,2102,2879,swallow
1789466041.844026,2027,2877,swallow
1789466041.845151,1883,2877,swallow
1789466041.865901,2138,2877,swallow
1789466041.866127,2333,2880,swallow
1789466041.866163,1959,2877,swallow
1789466041.866255,1956,2877,swallow
1789466041.867912,2060,2877,swallow
1789466041.8679528,2130,2878,swallow
1789466041.867986,2076,2876,swallow
1789466041.868017,2123,2876,swallow
1789466041.868047,2009,2877,swallow
1789466041.868077,1942,2875,swallow
1789466041.868107,2298,2878,swallow
1789466041.87066,2116,2877,swallow
1789466041.8719811,1946,2877,swallow
1789466041.874819,1995,2875,swallow
1789466041.878297,2122,2876,swallow
1789466041.878389,2049,2877,swallow
1789466041.884736,1929,2876,swallow
1789466041.884773,2193,2879,swallow
1789466041.8848052,2197,2878,swallow
1789466041.885924,1929,2877,swallow
1789466041.8872252,2077,2877,swallow
1789466041.8898308,2164,2878,swallow
1789466041.891594,2025,2875,swallow
1789466041.8950489,2004,2877,swallow
1789466041.895083,2071,2877,swallow
1789466041.901539,2225,2879,swallow
1789466041.902762,1951,2875,swallow
1789466041.9029279,1894,2875,swallow
1789466041.903164,2317,2877,swallow
1789466041.9065459,2044,2878,swallow
1789466041.9083781,2064,2879,swallow
1789466041.910398,1871,2875,swallow
1789466041.912749,2075,2876,swallow
1789466041.913826,2300,2880,swallow
1789466041.915124,2183,2879,swallow
1789466041.9202719,1922,2875,swallow
1789466041.920394,2144,2877,swallow
1789466041.922994,2013,2877,swallow
1789466041.9231548,1834,2875,swallow
1789466041.926247,2294,2879,swallow
1789466041.92835,2052,2876,swallow
1789466041.930433,2131,2878,swallow
1789466041.9324841,2133,2879,swallow
1789466041.9335349,2210,2878,swallow
1789466041.9360828,2076,2877,swallow
1789466041.937144,1950,2878,swallow
1789466041.9396942,2260,2876,swallow
1789466041.941001,2164,2879,swallow
1789466041.94331,1846,2875,swallow
1789466041.945452,2233,2879,swallow
1789466041.947514,2044,2876,swallow
1789466041.949816,2192,2879,swallow
1789466041.952041,2045,2877,swallow
1789466041.953336,2113,2877,swallow
1789466041.9556448,1828,2876,swallow
1789466041.957953,1922,2877,swallow
1789466041.959062,2036,2877,swallow
1789466041.961133,2068,2878,swallow
1789466041.9652412,2210,2879,swallow
1789466041.965711,1901,2876,swallow
1789466041.9678211,2056,2878,swallow
1789466041.969654,1902,2875,swallow
1789466041.972696,2044,2878,swallow
1789466041.974716,2370,2879,swallow
1789466041.976734,2111,2879,swallow
1789466041.9778602,2178,2879,swallow
1789466041.979152,2131,2879,swallow
1789466041.98124,2006,2876,swallow
1789466041.983561,2060,2879,swallow
1789466041.985861,2107,2878,swallow
1789466041.98819,2188,2878,swallow
1789466041.989364,1866,2875,swallow
1789466041.9916742,1965,2876,swallow
1789466041.994226,2024,2876,swallow
1789466041.995271,2103,2876,swallow
1789466041.997819,2128,2878,swallow
1789466041.999109,2153,2878,swallow
1789466042.001415,1939,2875,swallow
1789466042.003961,2092,2878,swallow
1789466042.0052538,2204,2878,swallow
1789466042.009212,2008,2875,swallow
1789466042.00964,1837,2876,swallow
1789466042.011774,2122,2876,swallow
1789466042.01403,1997,2875,swallow
1789466042.018979,2345,2878,swallow
1789466042.019213,1891,2874,swallow
1789466042.0193338,1734,2875,swallow
1789466042.021323,2242,2878,swallow
1789466042.0236568,2297,2878,swallow
1789466042.025897,2050,2876,swallow
1789466042.0272,2069,2877,swallow
1789466042.029276,2302,2879,swallow
1789466042.031542,2075,2878,swallow
1789466042.033864,1911,2875,swallow
1789466042.035037,2262,2878,swallow
1789466042.037185,2195,2878,swallow
1789466042.039516,2085,2878,swallow
1789466042.0420392,1912,2876,swallow
1789466042.0433338,1964,2877,swallow
1789466042.045789,1983,2876,swallow
1789466042.04708,2017,2877,swallow
1789466042.049629,1932,2876,swallow
1789466042.0557141,2147,2878,swallow
1789466042.055818,2023,2877,swallow
1789466042.0566761,2090,2878,swallow
1789466042.058552,2078,2878,swallow
1789466042.0603762,2032,2877,swallow
1789466042.061952,2102,2877,swallow
1789466042.0637372,2105,2877,swallow
1789466042.0657659,2089,2879,swallow
1789466042.067819,2101,2877,swallow
1789466042.06912,2082,2877,swallow
1789466042.0716748,2024,2877,swallow
1789466042.07308,2131,2878,swallow
1789466042.0753942,2072,2875,swallow
1789466042.077943,2061,2877,swallow
1789466042.079139,2120,2877,swallow
1789466042.08169,2163,2879,swallow
1789466042.083004,2103,2878,swallow
1789466042.085541,2085,2876,swallow
1789466042.088096,2068,2877,swallow
1789466042.0893881,2176,2878,swallow
1789466042.091695,2030,2876,swallow
1789466042.09303,2012,2876,swallow
1789466042.095585,2092,2878,swallow
1789466042.1007738,2100,2876,swallow
1789466042.101509,2074,2878,swallow
1789466042.1022289,2062,2877,swallow
1789466042.103861,2073,2876,swallow
1789466042.1055942,2138,2877,swallow
1789466042.107394,2087,2879,swallow
1789466042.1107159,2012,2876,swallow
1789466042.1126971,2068,2877,swallow
1789466042.114008,2090,2877,swallow
1789466042.1153028,2125,2879,swallow
1789466042.117886,2099,2876,swallow
1789466042.119005,2076,2877,swallow
1789466042.121622,2089,2877,swallow
1789466042.123942,2085,2877,swallow
1789466042.125237,2033,2875,swallow
1789466042.127788,2062,2877,swallow
1789466042.129079,2115,2877,swallow
1789466042.131152,2091,2875,swallow
1789466042.133706,2069,2877,swallow
1789466042.135038,2048,2877,swallow
1789466042.137593,2113,2877,swallow
1789466042.140009,2106,2877,swallow
1789466042.141064,1996,2876,swallow
1789466042.146404,2003,2878,swallow
1789466042.147207,2068,2877,swallow
1789466042.147325,2104,2878,swallow
1789466042.150804,2140,2878,swallow
1789466042.152549,2110,2877,swallow
1789466042.153919,2074,2877,swallow
1789466042.155931,2111,2877,swallow
1789466042.157965,2061,2878,swallow
1789466042.159074,2049,2876,swallow
1789466042.16114,2137,2876,swallow
1789466042.16354,2137,2877,swallow
1789466042.16565,2138,2878,swallow
1789466042.1670332,2103,2878,swallow
1789466042.16936,2037,2877,swallow
1789466042.171673,2042,2877,swallow
1789466042.173024,2125,2878,swallow
1789466042.1753411,2026,2877,swallow
1789466042.177408,1984,2876,swallow
1789466042.1797109,2117,2877,swallow
1789466042.182028,2132,2879,swallow
1789466042.183615,2078,2878,swallow
1789466042.185106,2042,2877,swallow
1789466042.191823,2067,2877,swallow
1789466042.191952,2153,2878,swallow
1789466042.192393,2091,2879,swallow
1789466042.194249,2012,2876,swallow
1789466042.196558,2106,2878,swallow
1789466042.198155,2195,2879,swallow
1789466042.2016058,2193,2878,swallow
1789466042.201911,2109,2877,swallow
1789466042.2040708,2058,2877,swallow
1789466042.205132,2076,2879,swallow
1789466042.207503,2058,2876,swallow
1789466042.210072,2010,2878,swallow
1789466042.211135,2028,2877,swallow
1789466042.213693,2095,2877,swallow
1789466042.216012,2093,2879,swallow
1789466042.217101,2084,2877,swallow
1789466042.2194219,2066,2877,swallow
1789466042.221733,2103,2877,swallow
1789466042.223923,2099,2877,swallow
1789466042.225214,2043,2876,swallow
1789466042.2277231,2038,2878,swallow
1789466042.230027,2063,2877,swallow
1789466042.231075,2137,2879,swallow
1789466042.233393,2031,2877,swallow
1789466042.2376902,2012,2877,swallow
1789466042.2381692,2067,2876,swallow
1789466042.240025,2147,2878,swallow
1789466042.2418501,2055,2876,swallow
1789466042.243377,2064,2877,swallow
1789466042.246917,2130,2877,swallow
1789466042.247092,2110,2876,swallow
1789466042.2500741,2092,2878,swallow
1789466042.251127,2047,2877,swallow
1789466042.253504,2035,2877,swallow
1789466042.25612,2070,2878,swallow
1789466042.2574148,2037,2876,swallow
1789466042.259725,1951,2877,swallow
1789466042.261017,2069,2876,swallow
1789466042.263564,2109,2878,swallow
1789466042.265804,2081,2878,swallow
1789466042.268123,2064,2877,swallow
1789466042.2694132,2064,2877,swallow
1789466042.271606,2039,2877,swallow
1789466042.2741592,2063,2878,swallow
1789466042.275451,1991,2878,swallow
1789466042.2780008,2004,2877,swallow
1789466042.2822971,2071,2878,swallow
1789466042.2831411,2135,2879,swallow
1789466042.283617,2098,2878,swallow
1789466042.285311,2036,2877,swallow
1789466042.288544,2077,2876,swallow
1789466042.290312,2116,2878,swallow
1789466042.292311,2010,2876,swallow
1789466042.294066,2007,2877,swallow
1789466042.295369,2014,2877,swallow
1789466042.297921,2044,2876,swallow
1789466042.2994628,2003,2876,swallow
1789466042.3020768,2030,2878,swallow
1789466042.303133,2029,2877,swallow
1789466042.3054469,2081,2877,swallow
1789466042.3079948,2064,2878,swallow
1789466042.3090491,2028,2877,swallow
1789466042.311596,2086,2878,swallow
1789466042.313909,2103,2878,swallow
1789466042.3152032,2083,2879,swallow
1789466042.317471,2046,2877,swallow
1789466042.319992,2008,2877,swallow
1789466042.321033,2095,2877,swallow
1789466042.326968,2046,2877,swallow
1789466042.327349,1995,2877,swallow
1789466042.327468,2038,2877,swallow
1789466042.32947,2093,2876,swallow
1789466042.3314319,2084,2876,swallow
1789466042.3330219,2087,2878,swallow
1789466042.336535,2126,2877,swallow
1789466042.338249,2037,2877,swallow
1789466042.3395462,2080,2877,swallow
1789466042.3409421,2055,2876,swallow
1789466042.343255,2039,2877,swallow
1789466042.34582,2124,2877,swallow
1789466042.34693,2151,2879,swallow
1789466042.349482,2136,2878,swallow
1789466042.351785,2097,2877,swallow
1789466042.352911,2087,2877,swallow
1789466042.355226,2091,2877,swallow
1789466042.357537,2023,2876,swallow
1789466042.360094,2045,2877,swallow
1789466042.361135,2083,2877,swallow
1789466042.36368,2130,2876,swallow
1789466042.366092,2131,2878,swallow
1789466042.367598,2057,2877,swallow
1789466042.371111,2006,2877,swallow
1789466042.371218,2065,2877,swallow
1789466042.3741739,2067,2878,swallow
1789466042.375861,2021,2877,swallow
1789466042.377216,1992,2876,swallow
1789466042.379255,2071,2877,swallow
1789466042.3814452,2148,2879,swallow
1789466042.383208,2102,2876,swallow
1789466042.385767,2023,2877,swallow
1789466042.387085,1986,2876,swallow
1789466042.3893409,2156,2878,swallow
1789466042.391468,2094,2879,swallow
1789466042.393941,2024,2878,swallow
1789466042.394987,2052,2877,swallow
1789466042.397537,2151,2879,swallow
1789466042.398952,2110,2878,swallow
1789466042.401506,2034,2876,swallow
1789466042.404059,2047,2877,swallow
1789466042.405111,2114,2878,swallow
1789466042.40766,2104,2879,swallow
1789466042.408951,2043,2877,swallow
1789466042.411407,2069,2878,swallow
1789466042.416689,2092,2877,swallow
1789466042.417846,2105,2878,swallow
1789466042.418284,2059,2878,swallow
1789466042.419431,2053,2877,swallow
1789466042.422307,2109,2877,swallow
1789466042.426264,2114,2878,swallow
1789466042.4263968,2009,2877,swallow
1789466042.428108,2011,2878,swallow
1789466042.4294028,2109,2876,swallow
1789466042.431844,2131,2879,swallow
1789466042.4331362,2138,2878,swallow
1789466042.43569,2050,2876,swallow
1789466042.436984,2075,2877,swallow
1789466042.439049,2174,2879,swallow
1789466042.4415948,2068,2878,swallow
1789466042.44292,2017,2875,swallow
1789466042.445478,2108,2878,swallow
1789466042.448033,2115,2878,swallow
1789466042.449325,2141,2879,swallow
1789466042.4513931,2026,2878,swallow
1789466042.4537,2031,2877,swallow
1789466042.4560041,2056,2877,swallow
1789466042.457056,2020,2875,swallow
1789466042.462005,1986,2877,swallow
1789466042.462124,2060,2876,swallow
1789466042.464384,2139,2877,swallow
1789466042.4660878,2146,2879,swallow
1789466042.467776,2073,2878,swallow
1789466042.470968,2054,2877,swallow
1789466042.471151,2073,2877,swallow
1789466042.473218,2094,2878,swallow
1789466042.475286,2045,2876,swallow
1789466042.477589,2042,2877,swallow
1789466042.478987,2106,2877,swallow
1789466042.4815402,2099,2879,swallow
1789466042.482912,2089,2876,swallow
1789466042.485225,2046,2877,swallow
1789466042.4875362,2046,2877,swallow
1789466042.489968,2114,2878,swallow
1789466042.491012,2068,2876,swallow
1789466042.4935548,2042,2876,swallow
1789466042.494893,2091,2878,swallow
1789466042.497438,2141,2878,swallow
1789466042.499533,2111,2878,swallow
1789466042.5048552,2077,2877,swallow
1789466042.50597,2084,2877,swallow
1789466042.506342,2091,2878,swallow
1789466042.508768,2074,2879,swallow
1789466042.5100002,2033,2877,swallow
1789466042.512233,2058,2877,swallow
1789466042.5140831,2119,2877,swallow
1789466042.5162098,2117,2878,swallow
1789466042.5173209,2074,2877,swallow
1789466042.519642,2037,2877,swallow
1789466042.5209348,2084,2877,swallow
1789466042.523259,2094,2877,swallow
1789466042.5257092,2043,2875,swallow
1789466042.526998,2041,2878,swallow
1789466042.529546,2099,2877,swallow
1789466042.5309272,2137,2879,swallow
1789466042.5329878,2102,2877,swallow
1789466042.535298,2065,2877,swallow
1789466042.537371,2021,2877,swallow
1789466042.5396821,2083,2878,swallow
1789466042.541983,2020,2877,swallow
1789466042.5432708,2031,2878,swallow
1789466042.548109,2094,2877,swallow
1789466042.548543,2087,2876,swallow
1789466042.550602,2067,2878,swallow
1789466042.552396,2079,2877,swallow
1789466042.553874,2090,2877,swallow
1789466042.555456,2094,2877,swallow
1789466042.557298,2104,2877,swallow
1789466042.559221,2043,2877,swallow
1789466042.5617752,2067,2876,swallow
1789466042.563064,2107,2876,swallow
1789466042.5655649,2085,2878,swallow
1789466042.5668921,2003,2876,swallow
1789466042.5692632,2039,2876,swallow
1789466042.5715709,2065,2877,swallow
1789466042.572883,2092,2878,swallow
1789466042.5751848,2032,2875,swallow
1789466042.577415,2035,2878,swallow
1789466042.579962,2109,2878,swallow
1789466042.581005,2118,2879,swallow
1789466042.583552,2107,2878,swallow
1789466042.585857,2087,2876,swallow
1789466042.587179,2097,2877,swallow
1789466042.591541,2096,2878,swallow
1789466042.5919209,2016,2875,swallow
1789466042.593329,2000,2878,swallow
1789466042.596355,2078,2877,swallow
1789466042.597924,2109,2876,swallow
1789466042.599731,2054,2878,swallow
1789466042.6017432,2108,2878,swallow
1789466042.6030478,2101,2876,swallow
1789466042.605115,2085,2878,swallow
1789466042.6076741,2084,2879,swallow
1789466042.6097379,2038,2877,swallow
1789466042.6110349,2077,2877,swallow
1789466042.613579,2118,2876,swallow
1789466042.61588,2103,2879,swallow
1789466042.617168,2053,2877,swallow
1789466042.619492,2031,2877,swallow
1789466042.622087,2082,2877,swallow
1789466042.62338,2106,2878,swallow
1789466042.625925,2036,2876,swallow
1789466042.627213,2041,2877,swallow
1789466042.632834,2096,2876,swallow
1789466042.633301,2114,2879,swallow
1789466042.6343749,2106,2878,swallow
1789466042.635544,2065,2878,swallow
1789466042.637193,2046,2877,swallow
1789466042.640137,2081,2877,swallow
1789466042.641949,2064,2875,swallow
1789466042.643948,2043,2876,swallow
1789466042.645241,2085,2876,swallow
1789466042.647312,2116,2876,swallow
1789466042.649617,2081,2878,swallow
1789466042.6509209,2074,2877,swallow
1789466042.652981,2062,2876,swallow
1789466042.655531,2085,2878,swallow
1789466042.657835,2078,2879,swallow
1789466042.6590989,2026,2877,swallow
1789466042.661398,2045,2878,swallow
1789466042.663757,2100,2877,swallow
1789466042.665047,2114,2879,swallow
1789466042.667595,2101,2878,swallow
1789466042.669905,2057,2876,swallow
1789466042.670992,2078,2877,swallow
1789466042.675207,2072,2878,swallow
1789466042.675884,2016,2876,swallow
1789466042.677309,2052,2877,swallow
1789466042.680369,2106,2877,swallow
1789466042.6819048,2127,2879,swallow
1789466042.68365,2078,2877,swallow
1789466042.685521,2059,2876,swallow
1789466042.687914,2061,2877,swallow
1789466042.689205,2120,2878,swallow
1789466042.691512,2061,2877,swallow
1789466042.693583,2025,2877,swallow
1789466042.695883,2047,2877,swallow
1789466042.696934,2184,2879,swallow
1789466042.699239,2104,2878,swallow
1789466042.701304,2089,2877,swallow
1789466042.7033641,2047,2877,swallow
1789466042.70543,2045,2878,swallow
1789466042.707629,2074,2879,swallow
1789466042.709685,2024,2878,swallow
1789466042.711759,2042,2878,swallow
1789466042.713054,2108,2877,swallow
1789466042.720584,2114,2879,swallow
1789466042.720772,2076,2878,swallow
1789466042.722829,2050,2875,swallow
1789466042.723732,2081,2877,swallow
1789466042.724164,2110,2878,swallow
1789466042.7265768,2038,2875,swallow
1789466042.728537,2047,2877,swallow
1789466042.730665,2079,2876,swallow
1789466042.73173,2101,2879,swallow
1789466042.733046,2079,2878,swallow
1789466042.738258,2062,2877,swallow
1789466042.738776,2056,2876,swallow
1789466042.739226,2107,2878,swallow
1789466042.7421062,2048,2876,swallow
1789466042.743871,2047,2877,swallow
1789466042.7455091,2108,2878,swallow
1789466042.747351,2130,2877,swallow
1789466042.749496,2110,2877,swallow
1789466042.7518249,2059,2877,swallow
1789466042.753119,2062,2876,swallow
1789466042.755671,2097,2877,swallow
1789466042.756923,2050,2878,swallow
1789466042.759237,1952,2877,swallow
1789466042.7615511,2093,2877,swallow
1789466042.763666,2117,2877,swallow
1789466042.764909,2109,2878,swallow
1789466042.7672162,2078,2877,swallow
1789466042.76955,2056,2877,swallow
1789466042.770904,2083,2877,swallow
1789466042.773451,2106,2878,swallow
1789466042.77576,2047,2876,swallow
1789466042.77699,2047,2877,swallow
1789466042.781287,2127,2878,swallow
1789466042.781726,2096,2879,swallow
1789466042.783898,2078,2878,swallow
1789466042.7853608,2039,2877,swallow
1789466042.788466,2035,2877,swallow
1789466042.790334,2108,2879,swallow
1789466042.791915,2054,2876,swallow
1789466042.793209,2046,2877,swallow
1789466042.7955909,2103,2878,swallow
1789466042.796895,2112,2876,swallow
1789466042.799446,2125,2878,swallow
1789466042.801746,2086,2877,swallow
1789466042.803036,2072,2877,swallow
1789466042.805582,2116,2877,swallow
1789466042.807819,2106,2878,swallow
1789466042.8091068,2047,2876,swallow
1789466042.811658,2051,2878,swallow
1789466042.8129458,2122,2876,swallow
1789466042.81526,2110,2879,swallow
1789466042.817562,2072,2877,swallow
1789466042.818918,2031,2877,swallow
1789466042.824427,2046,2877,swallow
1789466042.8248599,2061,2879,swallow
1789466042.826588,2012,2877,swallow
1789466042.828089,2005,2878,swallow
1789466042.829281,2074,2877,swallow
1789466042.831419,2108,2879,swallow
1789466042.833139,2086,2878,swallow
1789466042.835706,2043,2877,swallow
1789466042.836998,2074,2877,swallow
1789466042.839495,2176,2878,swallow
1789466042.8420851,2105,2879,swallow
1789466042.843145,2057,2877,swallow
1789466042.845696,2047,2878,swallow
1789466042.84699,2058,2878,swallow
1789466042.849542,2102,2879,swallow
1789466042.8508348,2117,2877,swallow
1789466042.853379,2070,2877,swallow
1789466042.855695,2088,2877,swallow
1789466042.858005,2069,2878,swallow
1789466042.859294,2016,2875,swallow
1789466042.861781,2052,2877,swallow
1789466042.8663008,2138,2877,swallow
1789466042.866395,2111,2879,swallow
1789466042.868303,2069,2877,swallow
1789466042.870049,2032,2877,swallow
1789466042.8714628,2043,2877,swallow
1789466042.8729448,2087,2877,swallow
1789466042.876395,2022,2876,swallow
1789466042.877693,2037,2877,swallow
1789466042.8797598,2128,2877,swallow
1789466042.881888,2139,2877,swallow
1789466042.8829381,2101,2878,swallow
1789466042.885482,2074,2877,swallow
1789466042.887598,2053,2877,swallow
1789466042.889735,2086,2878,swallow
1789466042.8910232,2041,2877,swallow
1789466042.893569,2025,2878,swallow
1789466042.895977,2052,2876,swallow
1789466042.897274,2112,2878,swallow
1789466042.899822,2111,2878,swallow
1789466042.901116,2051,2877,swallow
1789466042.903661,2079,2877,swallow
1789466042.908085,2092,2877,swallow
1789466042.908161,2069,2878,swallow
1789466042.910416,2023,2877,swallow
1789466042.911812,2058,2878,swallow
1789466042.913569,2143,2878,swallow
1789466042.915034,2103,2879,swallow
1789466042.9186041,2058,2878,swallow
1789466042.919908,2035,2877,swallow
1789466042.921267,2100,2877,swallow
1789466042.9238012,2116,2878,swallow
1789466042.925013,2044,2876,swallow
1789466042.927573,2047,2877,swallow
1789466042.9288661,2126,2876,swallow
1789466042.931168,2151,2879,swallow
1789466042.933735,2085,2877,swallow
1789466042.935029,2078,2877,swallow
1789466042.937338,2068,2876,swallow
1789466042.9396422,2112,2877,swallow
1789466042.940798,2052,2876,swallow
1789466042.9429052,2017,2876,swallow
1789466042.9452128,2067,2876,swallow
1789466042.9497159,2117,2876,swallow
1789466042.9505541,2104,2878,swallow
1789466042.952565,2073,2876,swallow
1789466042.954029,2064,2877,swallow
1789466042.955904,2113,2876,swallow
1789466042.9575539,2066,2879,swallow
1789466042.9592252,2025,2876,swallow
1789466042.961388,2070,2876,swallow
1789466042.963736,2115,2877,swallow
1789466042.9647932,2115,2879,swallow
1789466042.967128,2080,2877,swallow
1789466042.969435,2017,2876,swallow
1789466042.970795,2075,2877,swallow
1789466042.9733472,2103,2878,swallow
1789466042.975801,2022,2876,swallow
1789466042.9770932,2007,2877,swallow
1789466042.9796422,2069,2877,swallow
1789466042.980931,2095,2877,swallow
1789466042.983238,2060,2878,swallow
1789466042.98579,2087,2877,swallow
1789466042.986846,2046,2877,swallow
1789466042.9927921,2095,2878,swallow
1789466042.9932292,2063,2878,swallow
1789466042.993973,2040,2876,swallow
1789466042.9954078,2114,2878,swallow
1789466042.997422,2111,2878,swallow
1789466042.999985,2097,2878,swallow
1789466043.001732,2083,2877,swallow
1789466043.003711,2062,2877,swallow
1789466043.004799,2050,2877,swallow
1789466043.007123,2091,2877,swallow
1789466043.009675,2023,2876,swallow
1789466043.010931,2042,2877,swallow
1789466043.013483,2115,2877,swallow
1789466043.014807,2136,2879,swallow
1789466043.017112,2085,2876,swallow
1789466043.019658,2026,2877,swallow
1789466043.02079,2064,2877,swallow
1789466043.023021,2112,2878,swallow
1789466043.025322,2024,2875,swallow
1789466043.0278678,2039,2877,swallow
1789466043.028919,2045,2877,swallow
1789466043.0312262,2138,2879,swallow
1789466043.037258,2110,2878,swallow
1789466043.037384,2056,2878,swallow
1789466043.038246,2059,2878,swallow
1789466043.0400798,2139,2878,swallow
1789466043.0437188,2079,2879,swallow
1789466043.045656,2044,2878,swallow
1789466043.04577,2101,2877,swallow
1789466043.047667,2119,2877,swallow
1789466043.0497391,2127,2878,swallow
1789466043.0507991,2097,2877,swallow
1789466043.053499,2062,2877,swallow
1789466043.057448,2073,2877,swallow
1789466043.057577,2067,2878,swallow
1789466043.0600681,2016,2876,swallow
1789466043.0618849,2054,2877,swallow
1789466043.0637162,2109,2877,swallow
1789466043.065164,2097,2879,swallow
1789466043.0669131,2059,2877,swallow
1789466043.069798,2043,2877,swallow
1789466043.070843,2095,2877,swallow
1789466043.07317,2117,2878,swallow
1789466043.075865,2044,2876,swallow
1789466043.076952,2053,2876,swallow
1789466043.079266,2109,2877,swallow
1789466043.081682,2122,2879,swallow
1789466043.0827892,2092,2878,swallow
1789466043.084905,2053,2877,swallow
1789466043.087459,2028,2878,swallow
1789466043.089771,2088,2878,swallow
1789466043.0910778,2045,2876,swallow
1789466043.093429,2052,2876,swallow
1789466043.095499,2096,2878,swallow
1789466043.097806,2093,2876,swallow
1789466043.0990698,2094,2877,swallow
1789466043.103913,2071,2877,swallow
1789466043.1049001,2068,2876,swallow
1789466043.1053948,2085,2877,swallow
1789466043.1080692,2072,2877,swallow
1789466043.109771,2021,2878,swallow
1789466043.1118011,2077,2877,swallow
1789466043.1134121,2120,2878,swallow
1789466043.115819,2126,2879,swallow
1789466043.1169071,2102,2877,swallow
1789466043.11905,2085,2877,swallow
1789466043.121296,2025,2877,swallow
1789466043.1234019,2128,2878,swallow
1789466043.1255171,2037,2877,swallow
1789466043.127705,2056,2876,swallow
1789466043.129,2101,2876,swallow
1789466043.131698,2115,2879,swallow
1789466043.132839,2079,2878,swallow
1789466043.135067,2066,2877,swallow
1789466043.137383,2084,2877,swallow
1789466043.138765,2120,2878,swallow
1789466043.141367,2089,2878,swallow
1789466043.143448,2029,2877,swallow
1789466043.1455848,2067,2877,swallow
1789466043.146875,2087,2877,swallow
1789466043.14925,2142,2878,swallow
1789466043.1544168,2084,2877,swallow
1789466043.156981,2073,2877,swallow
1789466043.157244,2077,2877,swallow
1789466043.15935,2065,2878,swallow
1789466043.1601741,2022,2876,swallow
1789466043.1629272,2040,2877,swallow
1789466043.1646562,2109,2877,swallow
1789466043.164963,2102,2879,swallow
1789466043.167244,2096,2878,swallow
1789466043.169367,2060,2877,swallow
1789466043.175999,2066,2876,swallow
1789466043.177291,2089,2878,swallow
1789466043.177438,2023,2877,swallow
1789466043.177623,2033,2877,swallow
1789466043.1790981,2098,2877,swallow
1789466043.182511,2115,2879,swallow
1789466043.1840892,2061,2877,swallow
1789466043.185837,2057,2877,swallow
1789466043.1871371,2128,2877,swallow
1789466043.18944,2113,2877,swallow
1789466043.1917582,2047,2876,swallow
1789466043.192818,1999,2876,swallow
1789466043.195369,2059,2877,swallow
1789466043.197936,2112,2876,swallow
1789466043.1992252,2089,2877,swallow
1789466043.201706,2046,2877,swallow
1789466043.202996,2029,2877,swallow
1789466043.205545,2067,2877,swallow
1789466043.207819,2112,2877,swallow
1789466043.209124,2057,2877,swallow
1789466043.211447,2091,2876,swallow
1789466043.2135339,2127,2877,swallow
1789466043.214828,2119,2878,swallow
1789466043.220088,2098,2876,swallow
1789466043.220524,2053,2877,swallow
1789466043.2221482,2077,2877,swallow
1789466043.224152,2107,2877,swallow
1789466043.2260668,2034,2876,swallow
1789466043.2292778,2026,2877,swallow
1789466043.229463,2078,2878,swallow
1789466043.2312908,2097,2876,swallow
1789466043.233366,2098,2878,swallow
1789466043.235698,2053,2876,swallow
1789466043.237004,2040,2877,swallow
1789466043.239458,2100,2878,swallow
1789466043.241774,2016,2875,swallow
1789466043.243063,2003,2877,swallow
1789466043.2453718,2112,2877,swallow
1789466043.247711,2122,2877,swallow
1789466043.248775,2118,2877,swallow
1789466043.251328,2063,2877,swallow
1789466043.253752,2074,2877,swallow
1789466043.255044,2103,2876,swallow
1789466043.25759,2098,2878,swallow
1789466043.259657,2030,2876,swallow
1789466043.261626,2061,2877,swallow
1789466043.264705,2119,2877,swallow
1789466043.265132,2160,2878,swallow
1789466043.2668328,2122,2878,swallow
1789466043.2696111,2057,2877,swallow
1789466043.271428,2070,2877,swallow
1789466043.273103,2104,2878,swallow
1789466043.274834,2067,2875,swallow
1789466043.277051,2052,2876,swallow
1789466043.279607,2084,2877,swallow
1789466043.2809112,2116,2879,swallow
1789466043.282979,2078,2878,swallow
1789466043.285527,2050,2877,swallow
1789466043.286818,2056,2876,swallow
1789466043.2893639,2108,2878,swallow
1789466043.291678,2061,2878,swallow
1789466043.292968,2022,2876,swallow
1789466043.2955148,2064,2877,swallow
1789466043.297816,2130,2877,swallow
1789466043.29911,2095,2878,swallow
1789466043.30142,2049,2876,swallow
1789466043.304008,2047,2877,swallow
1789466043.308377,2123,2877,swallow
1789466043.3090649,2103,2877,swallow
1789466043.309175,2034,2877,swallow
1789466043.312247,2043,2877,swallow
1789466043.314081,2109,2877,swallow
1789466043.316899,2125,2879,swallow
1789466043.317114,2104,2877,swallow
1789466043.3192031,2066,2877,swallow
1789466043.321764,2056,2877,swallow
1789466043.3230562,2094,2878,swallow
1789466043.325121,2026,2877,swallow
1789466043.327429,2035,2876,swallow
1789466043.329741,2106,2876,swallow
1789466043.331032,2129,2879,swallow
1789466043.333341,2086,2878,swallow
1789466043.335541,2058,2877,swallow
1789466043.337596,2075,2877,swallow
1789466043.3388731,2111,2878,swallow
1789466043.341307,2093,2879,swallow
1789466043.3438551,2021,2877,swallow
1789466043.345149,2070,2876,swallow
1789466043.347459,2077,2877,swallow
1789466043.352009,2142,2879,swallow
1789466043.3520992,2103,2877,swallow
1789466043.354186,2063,2877,swallow
1789466043.356127,2081,2876,swallow
1789466043.357599,2041,2877,swallow
1789466043.35918,2008,2878,swallow
1789466043.362713,2054,2876,swallow
1789466043.3629272,2098,2876,swallow
1789466043.365482,2103,2878,swallow
1789466043.366799,2072,2877,swallow
1789466043.3689442,2048,2876,swallow
1789466043.37125,2077,2877,swallow
1789466043.373352,2114,2878,swallow
1789466043.375426,2043,2876,swallow
1789466043.3779771,2047,2877,swallow
1789466043.379272,2112,2878,swallow
1789466043.3815858,2124,2879,swallow
1789466043.383893,2094,2879,swallow
1789466043.384949,2069,2877,swallow
1789466043.387104,2041,2876,swallow
1789466043.389458,2079,2878,swallow
1789466043.391774,2044,2875,swallow
1789466043.39642,2020,2877,swallow
1789466043.397216,2053,2877,swallow
1789466043.397629,2118,2877,swallow
1789466043.4002109,2132,2877,swallow
1789466043.402074,2098,2877,swallow
1789466043.4036329,2053,2877,swallow
1789466043.4052548,2078,2877,swallow
1789466043.4074502,2099,2879,swallow
1789466043.4100108,2041,2877,swallow
1789466043.4113111,2053,2875,swallow
1789466043.413376,2082,2877,swallow
1789466043.415961,2144,2878,swallow
1789466043.417252,2077,2876,swallow
1789466043.4195552,2031,2877,swallow
1789466043.420844,2061,2876,swallow
1789466043.42339,2092,2877,swallow
1789466043.425625,2049,2875,swallow
1789466043.426917,2043,2877,swallow
1789466043.429216,2083,2877,swallow
1789466043.431361,2114,2879,swallow
1789466043.4337568,2078,2877,swallow
1789466043.435047,2060,2877,swallow
1789466043.4402041,2064,2877,swallow
1789466043.440629,2128,2877,swallow
1789466043.442815,2081,2879,swallow
1789466043.442996,2046,2877,swallow
1789466043.4457622,2098,2876,swallow
1789466043.447693,2109,2877,swallow
1789466043.449347,2125,2878,swallow
1789466043.451381,2068,2876,swallow
1789466043.453703,2043,2876,swallow
1789466043.454997,2088,2877,swallow
1789466043.457559,2101,2877,swallow
1789466043.458857,2049,2876,swallow
1789466043.461173,2064,2877,swallow
1789466043.463722,2085,2876,swallow
1789466043.46479,2129,2879,swallow
1789466043.467102,2128,2878,swallow
1789466043.469651,2082,2877,swallow
1789466043.47083,2061,2877,swallow
1789466043.473145,2084,2878,swallow
1789466043.4754539,2061,2877,swallow
1789466043.477794,1997,2877,swallow
1789466043.478842,2046,2877,swallow
1789466043.483962,2101,2876,swallow
1789466043.4850829,2068,2878,swallow
1789466043.485461,2061,2877,swallow
1789466043.487998,2038,2877,swallow
1789466043.489842,2112,2877,swallow
1789466043.49137,2072,2878,swallow
1789466043.4929228,2041,2876,swallow
1789466043.495114,2092,2878,swallow
1789466043.49767,2119,2877,swallow
1789466043.498962,2109,2879,swallow
1789466043.501525,2060,2877,swallow
1789466043.502788,2063,2877,swallow
1789466043.505346,2092,2877,swallow
1789466043.507655,2086,2878,swallow
1789466043.508947,2016,2876,swallow
1789466043.5114949,2068,2876,swallow
1789466043.513559,2122,2878,swallow
1789466043.51586,2121,2877,swallow
1789466043.517153,2090,2878,swallow
1789466043.519468,2052,2877,swallow
1789466043.521887,2057,2876,swallow
1789466043.52318,2139,2878,swallow
1789466043.527682,2061,2877,swallow
1789466043.5285,1979,2878,swallow
1789466043.530493,2144,2877,swallow
1789466043.532002,2156,2878,swallow
1789466043.5335271,2093,2878,swallow
1789466043.535402,2054,2876,swallow
1789466043.5369658,2041,2877,swallow
1789466043.539671,2102,2878,swallow
1789466043.5407271,2046,2875,swallow
1789466043.543046,1994,2877,swallow
1789466043.5453749,2060,2877,swallow
1789466043.5476758,2085,2877,swallow
1789466043.548966,2105,2878,swallow
1789466043.5515132,2066,2877,swallow
1789466043.5528052,2047,2877,swallow
1789466043.554872,2083,2878,swallow
1789466043.5574348,2094,2878,swallow
1789466043.5597582,2024,2876,swallow
1789466043.561058,2061,2877,swallow
1789466043.5631201,2133,2877,swallow
1789466043.5656571,2127,2878,swallow
1789466043.5669608,2099,2877,swallow
1789466043.572511,2056,2877,swallow
1789466043.573101,2064,2877,swallow
1789466043.573181,2091,2877,swallow
1789466043.57504,2050,2875,swallow
1789466043.5774431,2045,2877,swallow
1789466043.57995,2086,2878,swallow
1789466043.581506,2100,2875,swallow
1789466043.5838149,2108,2877,swallow
1789466043.585121,2070,2876,swallow
1789466043.587453,2009,2877,swallow
1789466043.589887,2143,2877,swallow
1789466043.59119,2108,2878,swallow
1789466043.5934908,2025,2877,swallow
1789466043.595556,2085,2876,swallow
1789466043.5976121,2137,2876,swallow
1789466043.599703,2137,2879,swallow
1789466043.600765,2068,2877,swallow
1789466043.6033149,2043,2876,swallow
1789466043.605584,2086,2877,swallow
1789466043.607645,2063,2877,swallow
1789466043.608938,1998,2876,swallow
1789466043.6114922,2034,2876,swallow
1789466043.616412,2085,2876,swallow
1789466043.6168,2096,2879,swallow
1789466043.6173189,2061,2878,swallow
1789466043.619254,2060,2877,swallow
1789466043.622365,2057,2877,swallow
1789466043.6240902,2118,2878,swallow
1789466043.625673,2026,2876,swallow
1789466043.6278028,2035,2877,swallow
1789466043.628871,2078,2878,swallow
1789466043.63118,2129,2879,swallow
1789466043.633524,2124,2877,swallow
1789466043.6348312,2085,2877,swallow
1789466043.6371489,2051,2877,swallow
1789466043.6394591,2106,2878,swallow
1789466043.640757,2078,2879,swallow
1789466043.6430762,2024,2876,swallow
1789466043.645142,2032,2877,swallow
1789466043.6474502,2148,2880,swallow
1789466043.6487648,2131,2877,swallow
1789466043.651314,2089,2877,swallow
1789466043.6536162,2072,2877,swallow
1789466043.6549199,2094,2877,swallow
1789466043.660492,2115,2878,swallow
1789466043.66176,2030,2876,swallow
1789466043.662229,2050,2877,swallow
1789466043.663659,2092,2877,swallow
1789466043.665535,2096,2878,swallow
1789466043.667567,2015,2877,swallow
1789466043.668919,2021,2877,swallow
1789466043.672767,2049,2877,swallow
1789466043.672809,2101,2878,swallow
1789466043.675125,2048,2875,swallow
1789466043.67745,2037,2877,swallow
1789466043.679622,2082,2877,swallow
1789466043.6806889,2120,2877,swallow
1789466043.683007,2110,2878,swallow
1789466043.685318,2075,2877,swallow
1789466043.687637,2063,2877,swallow
1789466043.688936,2114,2878,swallow
1789466043.691136,2045,2876,swallow
1789466043.693686,2007,2876,swallow
1789466043.694978,2074,2876,swallow
1789466043.697422,2077,2877,swallow
1789466043.698714,2142,2878,swallow
1789466043.700779,2092,2877,swallow
1789466043.706378,2066,2877,swallow
1789466043.707177,2104,2877,swallow
1789466043.707602,2084,2878,swallow
1789466043.710187,2030,2877,swallow
1789466043.7122948,2053,2877,swallow
1789466043.713654,2113,2876,swallow
1789466043.715138,2153,2879,swallow
1789466043.7173781,2066,2877,swallow
1789466043.718678,2080,2876,swallow
1789466043.72099,2072,2877,swallow
1789466043.723553,2093,2877,swallow
1789466043.724849,2049,2876,swallow
1789466043.7273972,2059,2878,swallow
1789466043.728659,2123,2877,swallow
1789466043.7307332,2122,2878,swallow
1789466043.73305,2062,2878,swallow
1789466043.735252,2052,2877,swallow
1789466043.737589,2032,2877,swallow
1789466043.738681,2088,2877,swallow
1789466043.74123,2054,2877,swallow
1789466043.743454,2005,2877,swallow
1789466043.7447438,2043,2878,swallow
1789466043.749923,2090,2876,swallow
1789466043.75046,2108,2878,swallow
1789466043.752512,2076,2877,swallow
1789466043.752749,2057,2877,swallow
1789466043.756018,2081,2877,swallow
1789466043.75761,2112,2878,swallow
1789466043.7591932,2003,2877,swallow
1789466043.761289,2041,2878,swallow
1789466043.7634199,2156,2877,swallow
1789466043.764658,2145,2879,swallow
1789466043.766755,2098,2878,swallow
1789466043.769231,2075,2877,swallow
1789466043.7717519,2071,2876,swallow
1789466043.773045,2093,2878,swallow
1789466043.775347,2034,2877,swallow
1789466043.777788,2031,2876,swallow
1789466043.779077,2087,2877,swallow
1789466043.781625,2134,2879,swallow
1789466043.782718,2116,2877,swallow
1789466043.785027,2073,2877,swallow
1789466043.787575,2056,2877,swallow
1789466043.788865,2099,2878,swallow
1789466043.794244,2058,2876,swallow
1789466043.795202,2026,2877,swallow
1789466043.795274,2076,2878,swallow
1789466043.797893,2105,2876,swallow
1789466043.800087,2090,2877,swallow
1789466043.803061,2043,2877,swallow
1789466043.804756,2008,2877,swallow
1789466043.8049111,2091,2877,swallow
1789466043.807112,2104,2879,swallow
1789466043.809669,2033,2877,swallow
1789466043.810724,2069,2877,swallow
1789466043.812809,2125,2877,swallow
1789466043.815118,2131,2879,swallow
1789466043.817421,2076,2877,swallow
1789466043.819744,2034,2875,swallow
1789466043.8210402,2075,2877,swallow
1789466043.8233511,2108,2877,swallow
1789466043.824686,2053,2875,swallow
1789466043.826997,2034,2878,swallow
1789466043.8295429,2064,2877,swallow
1789466043.830836,2099,2876,swallow
1789466043.8331509,2111,2877,swallow
1789466043.835517,2072,2876,swallow
1789466043.839651,2046,2876,swallow
1789466043.840428,2106,2878,swallow
1789466043.842298,2098,2877,swallow
1789466043.8439429,2053,2875,swallow
1789466043.845767,2100,2878,swallow
1789466043.847466,2110,2876,swallow
1789466043.849076,2110,2878,swallow
1789466043.851121,2089,2878,swallow
1789466043.853676,2062,2877,swallow
1789466043.854968,2080,2877,swallow
1789466043.857353,2084,2878,swallow
1789466043.859616,2017,2876,swallow
1789466043.860907,2047,2877,swallow
1789466043.863221,2088,2878,swallow
1789466043.8657742,2117,2880,swallow
1789466043.867064,2082,2878,swallow
1789466043.869376,2061,2877,swallow
1789466043.870647,2075,2877,swallow
1789466043.87302,2110,2878,swallow
1789466043.8753211,2002,2877,swallow
1789466043.877644,2067,2876,swallow
1789466043.878699,2088,2878,swallow
1789466043.884075,2127,2879,swallow
1789466043.884552,2097,2877,swallow
1789466043.88665,2085,2877,swallow
1789466043.886782,2109,2877,swallow
1789466043.88967,2127,2878,swallow
1789466043.891621,2060,2879,swallow
1789466043.8932369,2008,2877,swallow
1789466043.894925,2073,2878,swallow
1789466043.897084,2112,2877,swallow
1789466043.8993962,2095,2879,swallow
1789466043.900705,2048,2878,swallow
1789466043.903254,2008,2876,swallow
1789466043.905535,2048,2878,swallow
1789466043.906744,2086,2877,swallow
1789466043.909291,2010,2876,swallow
1789466043.9115899,2035,2877,swallow
1789466043.912879,2108,2877,swallow
1789466043.915193,2116,2878,swallow
1789466043.917664,2103,2878,swallow
1789466043.918956,2090,2877,swallow
1789466043.9212632,2069,2876,swallow
1789466043.923574,2084,2878,swallow
1789466043.9277298,2060,2876,swallow
1789466043.9281669,2052,2876,swallow
1789466043.9302258,2072,2877,swallow
1789466043.932346,2089,2876,swallow
1789466043.933878,2066,2877,swallow
1789466043.935144,2037,2878,swallow
1789466043.936805,2020,2875,swallow
1789466043.939688,2099,2877,swallow
1789466043.940732,2098,2878,swallow
1789466043.9432802,2023,2876,swallow
1789466043.945601,2081,2876,swallow
1789466043.9466612,2092,2876,swallow
1789466043.948976,2112,2878,swallow
1789466043.951293,2076,2877,swallow
1789466043.9527109,2039,2876,swallow
1789466043.955301,2068,2876,swallow
1789466043.9566798,2066,2877,swallow
1789466043.95877,2022,2875,swallow
1789466043.9610822,2018,2875,swallow
1789466043.963391,2080,2876,swallow
1789466043.964799,2116,2879,swallow
1789466043.96701,2071,2876,swallow
1789466043.972208,2060,2877,swallow
1789466043.973088,2058,2876,swallow
1789466043.973252,2079,2877,swallow
1789466043.975122,2034,2875,swallow
1789466043.978272,2022,2877,swallow
1789466043.980266,2111,2877,swallow
1789466043.981876,2135,2879,swallow
1789466043.9840372,2103,2878,swallow
1789466043.9851918,2055,2876,swallow
1789466043.9875011,2041,2877,swallow
1789466043.988821,2101,2878,swallow
1789466043.991143,2079,2879,swallow
1789466043.9935622,2037,2876,swallow
1789466043.9948559,2056,2878,swallow
1789466043.9974048,2099,2877,swallow
1789466043.9986959,2117,2877,swallow
1789466044.0012522,2073,2877,swallow
1789466044.003489,2068,2876,swallow
1789466044.005808,2090,2877,swallow
1789466044.006855,2086,2878,swallow
1789466044.0094001,1976,2876,swallow
1789466044.010689,2083,2877,swallow
1789466044.017356,2109,2876,swallow
1789466044.018062,2096,2879,swallow
1789466044.018594,2068,2878,swallow
1789466044.019853,2033,2877,swallow
1789466044.021645,2059,2876,swallow
1789466044.0231931,2103,2878,swallow
1789466044.024981,2069,2876,swallow
1789466044.02856,2018,2876,swallow
1789466044.029788,2055,2877,swallow
1789466044.031086,2107,2878,swallow
1789466044.0336251,2125,2878,swallow
1789466044.034807,2066,2876,swallow
1789466044.037359,2068,2877,swallow
1789466044.0396721,2102,2878,swallow
1789466044.0409658,2101,2878,swallow
1789466044.0435112,2017,2877,swallow
1789466044.044689,2052,2876,swallow
1789466044.046837,2115,2877,swallow
1789466044.048904,2141,2878,swallow
1789466044.051209,2084,2877,swallow
1789466044.053756,2038,2876,swallow
1789466044.055052,2045,2877,swallow
1789466044.057108,2093,2878,swallow
1789466044.061307,2042,2877,swallow
1789466044.061729,2062,2877,swallow
1789466044.063772,2102,2877,swallow
1789466044.065644,2096,2879,swallow
1789466044.067156,2115,2878,swallow
1789466044.068937,2081,2877,swallow
1789466044.072429,2063,2877,swallow
1789466044.0737221,2098,2877,swallow
1789466044.0750232,1997,2876,swallow
1789466044.077576,2066,2877,swallow
1789466044.0788732,2080,2878,swallow
1789466044.081426,2117,2878,swallow
1789466044.082719,2103,2877,swallow
1789466044.085032,2034,2877,swallow
1789466044.0873349,2067,2876,swallow
1789466044.088672,2129,2878,swallow
1789466044.090977,2084,2879,swallow
1789466044.093289,2010,2876,swallow
1789466044.095871,2036,2876,swallow
1789466044.097165,2111,2878,swallow
1789466044.099714,2154,2879,swallow
1789466044.101008,2086,2877,swallow
1789466044.1033149,2055,2877,swallow
1789466044.104666,2085,2877,swallow
1789466044.1091352,2090,2878,swallow
1789466044.109836,2025,2877,swallow
1789466044.111346,2042,2877,swallow
1789466044.11416,2112,2879,swallow
1789466044.116082,2123,2879,swallow
1789466044.1176581,2084,2878,swallow
1789466044.11941,2044,2877,swallow
1789466044.120712,2075,2877,swallow
1789466044.1227741,2100,2877,swallow
1789466044.125342,2061,2875,swallow
1789466044.1274052,2034,2877,swallow
1789466044.1287,2102,2876,swallow
1789466044.131247,2127,2878,swallow
1789466044.1326442,2112,2878,swallow
1789466044.1349492,2041,2877,swallow
1789466044.1374981,2065,2877,swallow
1789466044.139586,2098,2879,swallow
1789466044.1408808,2089,2878,swallow
1789466044.143428,2041,2876,swallow
1789466044.145736,2077,2878,swallow
1789466044.1470258,2140,2876,swallow
1789466044.1493618,2125,2878,swallow
1789466044.153495,2061,2877,swallow
1789466044.153898,1991,2876,swallow
1789466044.155692,2093,2877,swallow
1789466044.157896,2109,2878,swallow
1789466044.159462,2010,2875,swallow
1789466044.160882,2015,2877,swallow
1789466044.164347,2092,2878,swallow
1789466044.165408,2132,2880,swallow
1789466044.1677198,2118,2875,swallow
1789466044.169014,2071,2877,swallow
1789466044.171329,2069,2877,swallow
1789466044.173399,2112,2877,swallow
1789466044.17469,2057,2876,swallow
1789466044.176998,2007,2877,swallow
1789466044.179428,2064,2877,swallow
1789466044.1807182,2118,2875,swallow
1789466044.183019,2095,2878,swallow
1789466044.1851342,2083,2877,swallow
1789466044.1874392,2074,2877,swallow
1789466044.1895099,2115,2877,swallow
1789466044.190696,2095,2879,swallow
1789466044.193275,2038,2876,swallow
1789466044.1991942,2055,2876,swallow
1789466044.1993558,2094,2876,swallow
1789466044.199469,2103,2878,swallow
1789466044.200966,2044,2877,swallow
1789466044.205735,2012,2877,swallow
1789466044.2058911,2061,2877,swallow
1789466044.207985,2112,2878,swallow
1789466044.209294,2040,2875,swallow
1789466044.211859,2059,2877,swallow
1789466044.2131772,2114,2877,swallow
1789466044.215734,2130,2878,swallow
1789466044.217026,2093,2878,swallow
1789466044.219587,2064,2876,swallow
1789466044.220882,2041,2877,swallow
1789466044.223007,2085,2877,swallow
1789466044.225107,2025,2876,swallow
1789466044.227487,1987,2876,swallow
1789466044.228776,2063,2877,swallow
1789466044.2310872,2119,2876,swallow
1789466044.233634,2098,2877,swallow
1789466044.2349231,2056,2877,swallow
1789466044.2371898,2025,2876,swallow
1789466044.241197,2105,2876,swallow
1789466044.242321,2111,2879,swallow
1789466044.243805,2055,2876,swallow
1789466044.2449439,2094,2877,swallow
1789466044.248606,2127,2877,swallow
1789466044.250112,2135,2879,swallow
1789466044.2521548,2104,2878,swallow
1789466044.253459,2071,2877,swallow
1789466044.2555342,2067,2877,swallow
1789466044.256654,2097,2877,swallow
1789466044.258946,2033,2877,swallow
1789466044.261494,2045,2877,swallow
1789466044.262686,2070,2877,swallow
1789466044.264985,2110,2879,swallow
1789466044.267295,2097,2878,swallow
1789466044.268717,2021,2876,swallow
1789466044.271272,2061,2876,swallow
1789466044.272686,2098,2878,swallow
1789466044.275232,2086,2879,swallow
1789466044.2775319,2051,2876,swallow
1789466044.27882,2087,2877,swallow
1789466044.283699,2120,2877,swallow
1789466044.2841442,2116,2878,swallow
1789466044.2861729,2087,2876,swallow
1789466044.287644,2066,2877,swallow
1789466044.289394,2095,2877,swallow
1789466044.2909539,2084,2877,swallow
1789466044.294297,2021,2876,swallow
1789466044.2955992,2042,2878,swallow
1789466044.296889,2113,2877,swallow
1789466044.299202,2101,2878,swallow
1789466044.3017302,2073,2877,swallow
1789466044.302779,2037,2876,swallow
1789466044.3050811,2084,2877,swallow
1789466044.307627,2094,2878,swallow
1789466044.30879,2020,2876,swallow
1789466044.311102,2022,2876,swallow
1789466044.31341,2092,2877,swallow
1789466044.3154728,2116,2879,swallow
1789466044.317774,2103,2877,swallow
1789466044.319066,2060,2877,swallow
1789466044.321283,2040,2877,swallow
1789466044.325675,2098,2877,swallow
1789466044.3257542,2114,2879,swallow
1789466044.3278248,2055,2877,swallow
1789466044.329261,2064,2876,swallow
1789466044.330967,2120,2877,swallow
1789466044.3338299,2145,2878,swallow
1789466044.335819,2060,2876,swallow
1789466044.337124,2024,2877,swallow
1789466044.339348,2096,2877,swallow
1789466044.340663,2069,2878,swallow
1789466044.342727,2003,2875,swallow
1789466044.345032,2071,2877,swallow
1789466044.347612,2121,2877,swallow
1789466044.348908,2105,2879,swallow
1789466044.351456,2068,2878,swallow
1789466044.352746,2068,2876,swallow
1789466044.3550441,2082,2877,swallow
1789466044.357595,2090,2877,swallow
1789466044.358887,2019,2876,swallow
1789466044.3614342,2036,2878,swallow
1789466044.362724,2091,2877,swallow
1789466044.367181,2117,2879,swallow
1789466044.367841,2096,2878,swallow
1789466044.3694909,2095,2877,swallow
1789466044.371226,2083,2876,swallow
1789466044.372725,2095,2877,swallow
1789466044.375526,2018,2875,swallow
1789466044.3776488,2010,2878,swallow
1789466044.378708,2085,2877,swallow
1789466044.3810198,2116,2877,swallow
1789466044.383301,2107,2878,swallow
1789466044.385612,2070,2877,swallow
1789466044.3869061,2064,2877,swallow
1789466044.3890219,2109,2877,swallow
1789466044.391415,2084,2878,swallow
1789466044.392704,2024,2877,swallow
1789466044.395183,2080,2877,swallow
1789466044.397482,2120,2877,swallow
1789466044.398773,2107,2877,swallow
1789466044.4012,2069,2877,swallow
1789466044.403744,2059,2877,swallow
1789466044.408182,2091,2877,swallow
1789466044.4088619,2077,2878,swallow
1789466044.409267,2033,2876,swallow
1789466044.41102,2029,2877,swallow
1789466044.413582,2087,2877,swallow
1789466044.4154801,2123,2879,swallow
1789466044.416967,2084,2877,swallow
1789466044.418858,2066,2876,swallow
1789466044.421422,2027,2877,swallow
1789466044.422716,2099,2878,swallow
1789466044.4250739,2082,2879,swallow
1789466044.427627,2051,2877,swallow
1789466044.428917,2092,2876,swallow
1789466044.431245,2136,2878,swallow
1789466044.432539,2125,2877,swallow
1789466044.434782,2030,2877,swallow
1789466044.437085,2062,2877,swallow
1789466044.4393852,2087,2877,swallow
1789466044.440605,2087,2878,swallow
1789466044.443153,2028,2876,swallow
1789466044.4457128,2073,2878,swallow
1789466044.450561,2079,2877,swallow
1789466044.450677,2074,2879,swallow
1789466044.4514308,2068,2878,swallow
1789466044.4531689,2052,2877,swallow
1789466044.454844,2077,2876,swallow
1789466044.459187,2092,2878,swallow
1789466044.4593039,2047,2875,swallow
1789466044.461152,2043,2877,swallow
1789466044.463457,2105,2877,swallow
1789466044.464766,2089,2876,swallow
1789466044.467324,2068,2877,swallow
1789466044.468619,2069,2877,swallow
1789466044.470927,2046,2877,swallow
1789466044.473472,2104,2877,swallow
1789466044.4747598,2037,2877,swallow
1789466044.477314,2061,2877,swallow
1789466044.478606,2119,2877,swallow
1789466044.4809039,2124,2878,swallow
1789466044.483205,2125,2877,swallow
1789466044.485505,2097,2877,swallow
1789466044.486793,2062,2877,swallow
1789466044.492051,2085,2877,swallow
1789466044.4921489,2068,2878,swallow
1789466044.494345,2040,2876,swallow
1789466044.496099,2050,2877,swallow
1789466044.497853,2101,2876,swallow
1789466044.5004559,2123,2879,swallow
1789466044.50073,2090,2878,swallow
1789466044.503175,2058,2876,swallow
1789466044.505304,2090,2877,swallow
1789466044.507616,2130,2878,swallow
1789466044.508786,1983,2876,swallow
1789466044.511331,2012,2878,swallow
1789466044.513567,2085,2877,swallow
1789466044.514855,2112,2879,swallow
1789466044.517159,2093,2878,swallow
1789466044.5192802,2089,2877,swallow
1789466044.521583,2066,2877,swallow
1789466044.522871,2095,2879,swallow
1789466044.525171,2027,2876,swallow
1789466044.527468,2021,2877,swallow
1789466044.5285661,2084,2878,swallow
1789466044.5341408,2133,2877,swallow
1789466044.53488,2100,2878,swallow
1789466044.536049,2089,2877,swallow
1789466044.537751,2055,2877,swallow
1789466044.539501,2091,2878,swallow
1789466044.542073,2080,2878,swallow
1789466044.544124,2027,2877,swallow
1789466044.545186,2106,2876,swallow
1789466044.546562,2124,2877,swallow
1789466044.549011,2115,2878,swallow
1789466044.551583,2067,2877,swallow
1789466044.5528839,2045,2877,swallow
1789466044.554964,2067,2877,swallow
1789466044.5575092,2092,2877,swallow
1789466044.5587509,2021,2877,swallow
1789466044.5610518,2056,2876,swallow
1789466044.5633621,2082,2877,swallow
1789466044.564703,2118,2879,swallow
1789466044.567265,2074,2877,swallow
1789466044.568554,2062,2876,swallow
1789466044.571105,2065,2877,swallow
1789466044.575403,2120,2878,swallow
1789466044.576204,2058,2876,swallow
1789466044.577992,2054,2877,swallow
1789466044.579821,2113,2876,swallow
1789466044.5812402,2143,2879,swallow
1789466044.584341,2066,2877,swallow
1789466044.585987,2058,2877,swallow
1789466044.5870469,2067,2877,swallow
1789466044.589597,2106,2878,swallow
1789466044.590637,2088,2878,swallow
1789466044.59319,2037,2877,swallow
1789466044.5954938,2060,2877,swallow
1789466044.596787,2137,2877,swallow
1789466044.599332,2125,2879,swallow
1789466044.601567,2082,2877,swallow
1789466044.602853,2065,2876,swallow
1789466044.60516,2098,2877,swallow
1789466044.6072571,2116,2878,swallow
1789466044.609566,2032,2876,swallow
1789466044.610774,2044,2877,swallow
1789466044.6131158,2099,2878,swallow
1789466044.617727,2124,2878,swallow
1789466044.618216,2091,2877,swallow
1789466044.620393,2070,2877,swallow
1789466044.621699,2084,2877,swallow
1789466044.6235871,2105,2878,swallow
1789466044.625144,2044,2876,swallow
1789466044.626674,2024,2877,swallow
1789466044.629436,2072,2877,swallow
1789466044.6307461,2108,2876,swallow
1789466044.63306,2122,2878,swallow
1789466044.635814,2073,2876,swallow
1789466044.637173,2073,2877,swallow
1789466044.639523,2114,2877,swallow
1789466044.6408162,2107,2878,swallow
1789466044.6433668,2044,2876,swallow
1789466044.644663,2078,2876,swallow
1789466044.646741,2128,2875,swallow
1789466044.649295,2123,2879,swallow
1789466044.6505868,2035,2876,swallow
1789466044.6530461,2042,2877,swallow
1789466044.6556108,2068,2877,swallow
1789466044.65666,2089,2878,swallow
1789466044.661858,2015,2875,swallow
1789466044.662326,2049,2876,swallow
1789466044.664408,2115,2877,swallow
1789466044.666263,2118,2878,swallow
1789466044.668311,2114,2878,swallow
1789466044.6710348,2079,2877,swallow
1789466044.6711512,2076,2876,swallow
1789466044.672864,2150,2877,swallow
1789466044.675426,2074,2878,swallow
1789466044.676718,2022,2876,swallow
1789466044.6790621,2056,2877,swallow
1789466044.681376,2123,2877,swallow
1789466044.682668,2144,2879,swallow
1789466044.68499,2079,2876,swallow
1789466044.6873019,2060,2876,swallow
1789466044.688595,2095,2876,swallow
1789466044.691103,2080,2878,swallow
1789466044.6934102,2008,2876,swallow
1789466044.694701,2064,2876,swallow
1789466044.697006,2128,2878,swallow
1789466044.699373,2116,2878,swallow
1789466044.7014668,2073,2877,swallow
1789466044.702559,2048,2876,swallow
1789466044.704629,2054,2877,swallow
1789466044.70924,2095,2878,swallow
1789466044.709656,2010,2877,swallow
1789466044.711991,2047,2877,swallow
1789466044.71361,2165,2877,swallow
1789466044.7151659,2118,2879,swallow
1789466044.717128,2093,2877,swallow
1789466044.7186592,2057,2877,swallow
1789466044.721591,2076,2877,swallow
1789466044.7228858,2114,2878,swallow
1789466044.7251992,2053,2876,swallow
1789466044.726567,2006,2877,swallow
1789466044.728881,2075,2877,swallow
1789466044.7311978,2104,2876,swallow
1789466044.733352,2089,2878,swallow
1789466044.734647,2073,2877,swallow
1789466044.736705,2043,2877,swallow
1789466044.738815,2097,2876,swallow
1789466044.741076,2100,2879,swallow
1789466044.743377,2040,2876,swallow
1789466044.744538,2065,2878,swallow
1789466044.746835,2126,2876,swallow
1789466044.752337,2127,2879,swallow
1789466044.752778,2086,2877,swallow
1789466044.752883,2079,2877,swallow
1789466044.7548318,2088,2876,swallow
1789466044.758071,2106,2879,swallow
1789466044.7607749,2031,2876,swallow
1789466044.760961,2043,2878,swallow
1789466044.76282,2098,2878,swallow
1789466044.765151,2124,2879,swallow
1789466044.767651,2082,2877,swallow
1789466044.768713,2073,2877,swallow
1789466044.7707882,2066,2877,swallow
1789466044.773097,2127,2878,swallow
1789466044.775399,2039,2877,swallow
1789466044.7774541,2002,2877,swallow
1789466044.778538,2115,2877,swallow
1789466044.781086,2142,2879,swallow
1789466044.783193,2088,2878,swallow
1789466044.785492,2066,2877,swallow
1789466044.7867799,2032,2877,swallow
1789466044.789324,2078,2877,swallow
1789466044.790522,2104,2878,swallow
1789466044.793073,2018,2877,swallow
1789466044.798203,2042,2877,swallow
1789466044.7986372,2111,2876,swallow
1789466044.799077,2102,2878,swallow
1789466044.8009212,2072,2876,swallow
1789466044.804071,2049,2877,swallow
1789466044.805624,2067,2877,swallow
1789466044.807171,2100,2878,swallow
1789466044.809098,2065,2875,swallow
1789466044.810524,2031,2877,swallow
1789466044.812969,2078,2876,swallow
1789466044.818698,2116,2879,swallow
1789466044.8191428,2094,2878,swallow
1789466044.820895,2065,2878,swallow
1789466044.820977,2066,2876,swallow
1789466044.8237782,2138,2878,swallow
1789466044.825668,2078,2879,swallow
1789466044.827289,2021,2877,swallow
1789466044.8292348,2097,2877,swallow
1789466044.831542,2129,2877,swallow
1789466044.832608,2127,2878,swallow
1789466044.835169,2031,2877,swallow
1789466044.837304,2064,2876,swallow
1789466044.838607,2103,2878,swallow
1789466044.841025,2082,2878,swallow
1789466044.843576,2038,2876,swallow
1789466044.844629,2065,2877,swallow
1789466044.847183,2097,2876,swallow
1789466044.848664,2109,2878,swallow
1789466044.851119,2091,2878,swallow
1789466044.8534348,2047,2876,swallow
1789466044.8545501,2081,2877,swallow
1789466044.857097,2111,2877,swallow
1789466044.859649,2031,2877,swallow
1789466044.860766,2047,2878,swallow
1789466044.866709,2111,2877,swallow
1789466044.867584,2127,2879,swallow
1789466044.867719,2081,2878,swallow
1789466044.8701959,2046,2876,swallow
1789466044.871615,2049,2877,swallow
1789466044.873525,2101,2878,swallow
1789466044.875071,2058,2879,swallow
1789466044.877032,2005,2876,swallow
1789466044.879593,2059,2877,swallow
1789466044.880867,2143,2878,swallow
1789466044.886791,2129,2878,swallow
1789466044.8873,2067,2877,swallow
1789466044.888758,2065,2878,swallow
1789466044.88891,2082,2877,swallow
1789466044.891401,2044,2878,swallow
1789466044.89359,1992,2876,swallow
1789466044.895183,2085,2877,swallow
1789466044.8971741,2097,2878,swallow
1789466044.898536,2108,2879,swallow
1789466044.901105,2078,2877,swallow
1789466044.9033012,2076,2877,swallow
1789466044.905605,2092,2877,swallow
1789466044.906802,2112,2878,swallow
1789466044.909354,2050,2876,swallow
1789466044.910631,2044,2877,swallow
1789466044.91296,2115,2878,swallow
1789466044.915508,2137,2879,swallow
1789466044.916563,2112,2877,swallow
1789466044.9191098,2076,2877,swallow
1789466044.92142,2065,2877,swallow
1789466044.922716,2111,2878,swallow
1789466044.925438,2058,2876,swallow
1789466044.926527,2017,2876,swallow
1789466044.930512,2070,2877,swallow
1789466044.9316192,2104,2877,swallow
1789466044.933109,2080,2878,swallow
1789466044.934759,2064,2876,swallow
1789466044.937854,2036,2876,swallow
1789466044.9392772,2109,2878,swallow
1789466044.940925,2088,2878,swallow
1789466044.9434829,2022,2878,swallow
1789466044.9447649,2058,2877,swallow
1789466044.950429,2107,2877,swallow
1789466044.9508328,2121,2879,swallow
1789466044.950912,2095,2877,swallow
1789466044.953014,2082,2877,swallow
1789466044.9561632,2064,2877,swallow
1789466044.957781,2050,2878,swallow
1789466044.9592981,2017,2876,swallow
1789466044.960932,2052,2877,swallow
1789466044.963238,2096,2876,swallow
1789466044.964566,2084,2876,swallow
1789466044.967049,2100,2878,swallow
1789466044.969601,2080,2876,swallow
1789466044.9708931,2065,2877,swallow
1789466044.973214,2115,2877,swallow
1789466044.975518,2052,2876,swallow
1789466044.976567,2010,2876,swallow
1789466044.9788742,2082,2878,swallow
1789466044.981212,2129,2876,swallow
1789466044.982538,2107,2878,swallow
1789466044.984851,2088,2877,swallow
1789466044.987395,2067,2877,swallow
1789466044.992905,2063,2877,swallow
1789466044.994024,2064,2878,swallow
1789466044.994123,2043,2877,swallow
1789466044.9955451,2066,2878,swallow
1789466044.997013,2113,2878,swallow
1789466044.999969,2146,2879,swallow
1789466045.001535,2089,2877,swallow
1789466045.0033998,2059,2876,swallow
1789466045.004509,2081,2876,swallow
1789466045.006816,2143,2877,swallow
1789466045.009154,2055,2877,swallow
1789466045.01153,2028,2876,swallow
1789466045.012823,2062,2877,swallow
1789466045.0148852,2021,2876,swallow
1789466045.01743,2072,2878,swallow
1789466045.0185971,2047,2877,swallow
1789466045.021145,2036,2877,swallow
1789466045.022433,2117,2878,swallow
1789466045.0245,2082,2879,swallow
1789466045.026808,2035,2877,swallow
1789466045.02911,2101,2876,swallow
1789466045.0346508,2129,2876,swallow
1789466045.0350862,2145,2879,swallow
1789466045.035191,2076,2877,swallow
1789466045.0369852,2046,2877,swallow
1789466045.039753,2092,2877,swallow
1789466045.041652,2079,2878,swallow
1789466045.043108,2011,2876,swallow
1789466045.045173,2053,2877,swallow
1789466045.047301,2115,2877,swallow
1789466045.0485911,2129,2879,swallow
1789466045.050912,2102,2879,swallow
1789466045.0534651,2070,2877,swallow
1789466045.054757,2071,2875,swallow
1789466045.057119,2113,2878,swallow
1789466045.059388,2034,2875,swallow
1789466045.060687,2035,2877,swallow
1789466045.062994,2111,2878,swallow
1789466045.0653062,2140,2879,swallow
1789466045.066414,2098,2877,swallow
1789466045.0687182,2032,2877,swallow
1789466045.071269,2044,2877,swallow
1789466045.0725608,2087,2878,swallow
1789466045.076854,2052,2876,swallow
1789466045.077676,2036,2878,swallow
1789466045.079644,2052,2877,swallow
1789466045.0816598,2169,2879,swallow
1789466045.083203,2129,2879,swallow
1789466045.084519,2085,2876,swallow
1789466045.087849,2040,2877,swallow
1789466045.0891478,2072,2879,swallow
1789466045.090446,2068,2878,swallow
1789466045.092758,2040,2877,swallow
1789466045.098061,2069,2876,swallow
1789466045.098481,2118,2877,swallow
1789466045.098912,2115,2878,swallow
1789466045.102043,2081,2876,swallow
1789466045.1049201,2040,2877,swallow
1789466045.105023,2093,2878,swallow
1789466045.1065722,2141,2878,swallow
1789466045.109388,2054,2876,swallow
1789466045.1106791,2057,2878,swallow
1789466045.113017,2084,2877,swallow
1789466045.11533,2092,2876,swallow
1789466045.116622,2097,2878,swallow
1789466045.119021,2040,2876,swallow
1789466045.121334,2041,2876,swallow
1789466045.122415,2101,2878,swallow
1789466045.1249652,2057,2877,swallow
1789466045.127269,2019,2877,swallow
1789466045.128559,2061,2878,swallow
1789466045.1306272,2099,2877,swallow
1789466045.132777,2104,2877,swallow
1789466045.135086,2074,2877,swallow
1789466045.136411,2015,2877,swallow
1789466045.140942,2099,2877,swallow
1789466045.141757,2117,2879,swallow
1789466045.14354,2047,2875,swallow
1789466045.145621,2045,2877,swallow
1789466045.148418,2113,2877,swallow
1789466045.1500642,2140,2880,swallow
1789466045.152205,2104,2878,swallow
1789466045.1532748,2100,2877,swallow
1789466045.1545339,2093,2876,swallow
1789466045.1569972,2109,2877,swallow
1789466045.161518,2048,2877,swallow
1789466045.16204,2080,2877,swallow
1789466045.163811,2123,2877,swallow
1789466045.165549,2130,2879,swallow
1789466045.167566,2098,2878,swallow
1789466045.168819,2070,2877,swallow
1789466045.172204,2041,2877,swallow
1789466045.173412,2085,2877,swallow
1789466045.174505,2056,2877,swallow
1789466045.177065,2010,2876,swallow
1789466045.178617,2061,2877,swallow
1789466045.181015,2124,2876,swallow
1789466045.182504,2121,2878,swallow
1789466045.1849768,2037,2877,swallow
1789466045.1874108,2053,2877,swallow
1789466045.188707,2095,2877,swallow
1789466045.190942,2125,2879,swallow
1789466045.193509,2059,2877,swallow
1789466045.194565,2071,2877,swallow
1789466045.196867,2104,2878,swallow
1789466045.198959,2090,2879,swallow
1789466045.201569,2073,2877,swallow
1789466045.205467,2069,2877,swallow
1789466045.206248,2070,2877,swallow
1789466045.20858,2078,2878,swallow
1789466045.222775,1972,2876,swallow
1789466045.22299,2036,2877,swallow
1789466045.223032,2086,2877,swallow
1789466045.2230668,2124,2879,swallow
1789466045.223101,2098,2877,swallow
1789466045.223134,2081,2877,swallow
1789466045.223168,2082,2877,swallow
1789466045.223201,2128,2878,swallow
1789466045.224502,2070,2879,swallow
1789466045.230654,2018,2877,swallow
1789466045.2311192,2065,2877,swallow
1789466045.23124,2124,2877,swallow
1789466045.233424,2111,2878,swallow
1789466045.235069,2042,2877,swallow
1789466045.23679,2033,2877,swallow
1789466045.238818,2100,2877,swallow
1789466045.242314,2101,2878,swallow
1789466045.242593,2012,2876,swallow
1789466045.245151,2027,2878,swallow
1789466045.247472,2109,2877,swallow
1789466045.248516,2133,2879,swallow
1789466045.250967,2105,2878,swallow
1789466045.25244,2042,2876,swallow
1789466045.254511,2054,2877,swallow
1789466045.256574,2133,2878,swallow
1789466045.258872,2033,2876,swallow
1789466045.261172,2029,2877,swallow
1789466045.26246,2092,2877,swallow
1789466045.264519,2101,2877,swallow
1789466045.266583,2083,2879,swallow
1789466045.268641,2040,2877,swallow
1789466045.274526,2055,2877,swallow
1789466045.275276,2113,2879,swallow
1789466045.2756412,2082,2879,swallow
1789466045.277099,2031,2878,swallow
1789466045.279234,2100,2878,swallow
1789466045.2820082,2166,2878,swallow
1789466045.283533,2150,2879,swallow
1789466045.285491,2083,2878,swallow
1789466045.286796,2031,2877,swallow
1789466045.289294,2073,2877,swallow
1789466045.290594,2055,2878,swallow
1789466045.2930582,1987,2875,swallow
1789466045.2953658,2021,2876,swallow
1789466045.296656,2097,2878,swallow
1789466045.2989619,2112,2879,swallow
1789466045.301266,2090,2877,swallow
1789466045.302402,2069,2876,swallow
1789466045.30462,2086,2876,swallow
1789466045.3066828,2143,2877,swallow
1789466045.308984,2037,2875,swallow
1789466045.311286,2046,2876,swallow
1789466045.312404,2122,2877,swallow
1789466045.316662,2106,2879,swallow
1789466045.3173602,2071,2876,swallow
1789466045.31904,2050,2877,swallow
1789466045.320734,2048,2877,swallow
1789466045.323519,2116,2878,swallow
1789466045.325022,2087,2879,swallow
1789466045.326954,2035,2877,swallow
1789466045.329268,2100,2877,swallow
1789466045.330561,2124,2877,swallow
1789466045.333,2132,2878,swallow
1789466045.3353128,2121,2877,swallow
1789466045.3366048,2066,2876,swallow
1789466045.3391519,2109,2877,swallow
1789466045.3404438,2084,2878,swallow
1789466045.342759,2015,2875,swallow
1789466045.3453062,2044,2878,swallow
1789466045.3476212,2101,2878,swallow
1789466045.3487968,2109,2879,swallow
1789466045.351344,2066,2878,swallow
1789466045.352572,2050,2877,swallow
1789466045.354976,2080,2877,swallow
1789466045.360865,2120,2878,swallow
1789466045.36206,2029,2875,swallow
1789466045.36319,2041,2877,swallow
1789466045.363371,2100,2878,swallow
1789466045.364833,2136,2879,swallow
1789466045.3680582,2093,2877,swallow
1789466045.3697011,2062,2877,swallow
1789466045.3713741,2042,2877,swallow
1789466045.372673,2110,2878,swallow
1789466045.375228,2086,2879,swallow
1789466045.3765209,2023,2877,swallow
1789466045.381052,2082,2877,swallow
1789466045.381732,2111,2877,swallow
1789466045.383422,2100,2878,swallow
1789466045.386063,2074,2877,swallow
1789466045.38843,2059,2877,swallow
1789466045.38858,2074,2877,swallow
1789466045.3920052,2076,2878,swallow
1789466045.393066,1997,2877,swallow
1789466045.394416,2007,2877,swallow
1789466045.396735,2103,2877,swallow
1789466045.399057,2123,2879,swallow
1789466045.400428,2062,2877,swallow
1789466045.4029791,2054,2877,swallow
1789466045.4052858,2058,2877,swallow
1789466045.4064279,2103,2878,swallow
1789466045.408735,2055,2876,swallow
1789466045.411034,2057,2877,swallow
1789466045.413106,2100,2876,swallow
1789466045.415448,2118,2878,swallow
1789466045.416745,2108,2877,swallow
1789466045.419255,2069,2877,swallow
1789466045.420553,2061,2877,swallow
1789466045.4262762,2107,2877,swallow
1789466045.4267478,2076,2878,swallow
1789466045.427551,2039,2876,swallow
1789466045.4290009,2101,2877,swallow
1789466045.431139,2113,2877,swallow
1789466045.434141,2111,2879,swallow
1789466045.435678,2090,2877,swallow
1789466045.437773,2050,2876,swallow
1789466045.4390762,2087,2877,swallow
1789466045.440403,2079,2878,swallow
1789466045.442949,2032,2875,swallow
1789466045.447393,2080,2878,swallow
1789466045.448141,2109,2877,swallow
1789466045.449536,2078,2876,swallow
1789466045.4513679,2049,2878,swallow
1789466045.452968,2063,2878,swallow
1789466045.4546182,2095,2876,swallow
1789466045.4581199,2108,2878,swallow
1789466045.459824,2033,2876,swallow
1789466045.461118,2012,2877,swallow
1789466045.463284,2069,2877,swallow
1789466045.464471,2093,2877,swallow
1789466045.466547,2105,2877,swallow
1789466045.468875,2059,2876,swallow
1789466045.4714282,2090,2877,swallow
1789466045.4727209,2114,2875,swallow
1789466045.475036,2077,2878,swallow
1789466045.4773571,2031,2876,swallow
1789466045.4786801,2074,2879,swallow
1789466045.4809878,2098,2876,swallow
1789466045.483061,2129,2879,swallow
1789466045.485388,2085,2877,swallow
1789466045.4866948,2069,2877,swallow
1789466045.49348,2077,2877,swallow
1789466045.494714,2074,2878,swallow
1789466045.494935,2038,2875,swallow
1789466045.495116,2030,2877,swallow
1789466045.49722,2140,2878,swallow
1789466045.499064,2135,2879,swallow
1789466045.5021179,2095,2878,swallow
1789466045.50385,2056,2877,swallow
1789466045.5049028,2044,2877,swallow
1789466045.507456,2061,2878,swallow
1789466045.5120618,2015,2875,swallow
1789466045.512186,2078,2878,swallow
1789466045.5145202,2087,2876,swallow
1789466045.514647,2110,2875,swallow
1789466045.5174341,2089,2877,swallow
1789466045.5194151,2043,2877,swallow
1789466045.521008,2043,2876,swallow
1789466045.5231638,2095,2876,swallow
1789466045.5244632,2055,2878,swallow
1789466045.5270169,2029,2876,swallow
1789466045.529484,2070,2877,swallow
1789466045.530774,2124,2878,swallow
1789466045.533086,2121,2878,swallow
1789466045.534401,2107,2878,swallow
1789466045.536692,2048,2877,swallow
1789466045.5390022,2102,2877,swallow
1789466045.541305,2094,2878,swallow
1789466045.542412,2024,2877,swallow
1789466045.544818,2041,2877,swallow
1789466045.5473652,2151,2877,swallow
1789466045.548675,2110,2879,swallow
1789466045.5510652,2057,2878,swallow
1789466045.552455,2027,2877,swallow
1789466045.55689,2050,2877,swallow
1789466045.557364,2095,2878,swallow
1789466045.559386,2030,2875,swallow
1789466045.5614321,2025,2877,swallow
1789466045.5633411,2096,2878,swallow
1789466045.566439,2134,2878,swallow
1789466045.566634,2105,2878,swallow
1789466045.5694,2079,2877,swallow
1789466045.5706959,2074,2877,swallow
1789466045.573069,2114,2877,swallow
1789466045.574419,2094,2878,swallow
1789466045.5767229,2035,2876,swallow
1789466045.579036,2072,2878,swallow
1789466045.581352,2127,2877,swallow
1789466045.582649,2120,2878,swallow
1789466045.5852249,2066,2877,swallow
1789466045.5865211,2082,2877,swallow
1789466045.589084,2117,2877,swallow
1789466045.591147,2044,2879,swallow
1789466045.592453,2015,2877,swallow
1789466045.594783,2068,2877,swallow
1789466045.597161,2102,2877,swallow
1789466045.598419,2092,2878,swallow
1789466045.602746,2082,2878,swallow
1789466045.603214,2068,2877,swallow
1789466045.6053472,2082,2877,swallow
1789466045.60687,2117,2878,swallow
1789466045.610613,2043,2877,swallow
1789466045.610722,2016,2877,swallow
1789466045.6124082,2095,2876,swallow
1789466045.615191,2121,2879,swallow
1789466045.6165,2081,2878,swallow
1789466045.618974,2044,2876,swallow
1789466045.6213498,2063,2877,swallow
1789466045.622438,2111,2878,swallow
1789466045.6248178,2076,2879,swallow
1789466045.6273699,2026,2878,swallow
1789466045.6286669,2101,2877,swallow
1789466045.630979,2140,2877,swallow
1789466045.6330729,2123,2879,swallow
1789466045.635387,2090,2877,swallow
1789466045.63656,2084,2877,swallow
1789466045.639107,2105,2877,swallow
1789466045.640456,2088,2878,swallow
1789466045.642606,2063,2875,swallow
1789466045.646059,2044,2876,swallow
1789466045.649023,2074,2876,swallow
1789466045.650023,2118,2879,swallow
1789466045.652385,2111,2878,swallow
1789466045.652522,2052,2877,swallow
1789466045.655692,2063,2877,swallow
1789466045.6579149,2102,2877,swallow
1789466045.659619,2064,2875,swallow
1789466045.661377,2052,2876,swallow
1789466045.662673,2098,2878,swallow
1789466045.6648252,2115,2876,swallow
1789466045.669035,2093,2878,swallow
1789466045.66952,2071,2877,swallow
1789466045.671604,2056,2877,swallow
1789466045.673433,2088,2878,swallow
1789466045.674755,2105,2879,swallow
1789466045.676748,2039,2877,swallow
1789466045.680513,2077,2877,swallow
1789466045.680553,2115,2877,swallow
1789466045.6827588,2123,2879,swallow
1789466045.684889,2081,2877,swallow
1789466045.686954,2052,2877,swallow
1789466045.689515,2079,2877,swallow
1789466045.690808,2080,2878,swallow
1789466045.69337,2019,2876,swallow
1789466045.694423,2058,2877,swallow
1789466045.696977,2105,2876,swallow
1789466045.699059,2113,2879,swallow
1789466045.701438,2060,2878,swallow
1789466045.7027352,2077,2877,swallow
1789466045.70529,2091,2877,swallow
1789466045.706454,2128,2878,swallow
1789466045.70901,2055,2875,swallow
1789466045.713841,2042,2877,swallow
1789466045.714349,2075,2877,swallow
1789466045.714802,2148,2879,swallow
1789466045.717242,2113,2878,swallow
1789466045.7203991,2065,2877,swallow
1789466045.720819,2035,2877,swallow
1789466045.722443,2107,2878,swallow
1789466045.7258081,2079,2879,swallow
1789466045.727217,2032,2877,swallow
1789466045.728512,2066,2877,swallow
1789466045.7308211,2135,2876,swallow
1789466045.7334678,2117,2879,swallow
1789466045.7347672,2087,2877,swallow
1789466045.737323,2054,2877,swallow
1789466045.7386172,2074,2876,swallow
1789466045.741054,2066,2878,swallow
1789466045.743646,2004,2877,swallow
1789466045.744697,2039,2876,swallow
1789466045.7467678,2136,2877,swallow
1789466045.748886,2100,2879,swallow
1789466045.751445,2140,2878,swallow
1789466045.752743,2078,2877,swallow
1789466045.7589881,2072,2877,swallow
1789466045.7594318,2113,2878,swallow
1789466045.759907,2049,2876,swallow
1789466045.761848,2040,2876,swallow
1789466045.76339,2109,2876,swallow
1789466045.7648761,2124,2879,swallow
1789466045.766918,2095,2878,swallow
1789466045.768534,2057,2876,swallow
1789466045.771457,2038,2876,swallow
1789466045.772754,2116,2878,swallow
1789466045.775118,2082,2878,swallow
1789466045.7772071,2026,2878,swallow
1789466045.778507,2095,2878,swallow
1789466045.781095,2137,2877,swallow
1789466045.783412,2106,2878,swallow
1789466045.784702,2063,2878,swallow
1789466045.78702,2049,2876,swallow
1789466045.789428,2100,2877,swallow
1789466045.790557,2060,2877,swallow
1789466045.79295,2077,2875,swallow
1789466045.795271,2077,2876,swallow
1789466045.796649,2141,2876,swallow
1789466045.799217,2139,2879,swallow
1789466045.803782,2098,2877,swallow
1789466045.8038888,2084,2877,swallow
1789466045.8064482,2075,2877,swallow
1789466045.8065999,2137,2878,swallow
1789466045.809418,2050,2876,swallow
1789466045.8117828,2014,2877,swallow
1789466045.813448,2092,2876,swallow
1789466045.815584,2109,2876,swallow
1789466045.81689,2099,2878,swallow
1789466045.819359,2086,2877,swallow
1789466045.82044,2054,2876,swallow
1789466045.8225439,2114,2876,swallow
1789466045.8247979,2069,2879,swallow
1789466045.827092,2010,2876,swallow
1789466045.828514,2068,2877,swallow
1789466045.8310468,2128,2878,swallow
1789466045.833636,2113,2879,swallow
1789466045.834719,2090,2877,swallow
1789466045.837179,2022,2877,swallow
1789466045.838361,2097,2877,swallow
1789466045.8404539,2103,2878,swallow
1789466045.8427572,2021,2877,swallow
1789466045.844877,2036,2878,swallow
1789466045.849878,2083,2877,swallow
1789466045.8504162,2123,2879,swallow
1789466045.8512928,2104,2878,swallow
1789466045.852996,2019,2877,swallow
1789466045.855909,2118,2877,swallow
1789466045.857801,2134,2878,swallow
1789466045.859562,2043,2876,swallow
1789466045.8617222,2024,2877,swallow
1789466045.863033,2096,2877,swallow
1789466045.864328,2135,2879,swallow
1789466045.866893,2118,2878,swallow
1789466045.869492,2052,2877,swallow
1789466045.870549,2068,2877,swallow
1789466045.872854,2127,2878,swallow
1789466045.875154,2071,2879,swallow
1789466045.8763251,2047,2877,swallow
1789466045.8786402,2089,2877,swallow
1789466045.8809521,2126,2876,swallow
1789466045.8823009,2139,2879,swallow
1789466045.884848,2099,2877,swallow
1789466045.887397,2038,2876,swallow
1789466045.888472,2085,2877,swallow
1789466045.890553,2111,2877,swallow
1789466045.894976,2017,2877,swallow
1789466045.895373,2058,2877,swallow
1789466045.897444,2117,2877,swallow
1789466045.899051,2127,2878,swallow
1789466045.902584,2078,2878,swallow
1789466045.902838,2031,2877,swallow
1789466045.904434,2035,2877,swallow
1789466045.9070961,2114,2878,swallow
1789466045.908353,2060,2877,swallow
1789466045.9106822,2029,2876,swallow
1789466045.913239,2102,2877,swallow
1789466045.9143229,2136,2878,swallow
1789466045.916873,2113,2878,swallow
1789466045.9191759,2080,2877,swallow
1789466045.920474,2060,2877,swallow
1789466045.9227781,2135,2878,swallow
1789466045.925077,2110,2879,swallow
1789466045.9263659,2026,2877,swallow
1789466045.9284182,2058,2878,swallow
1789466045.930964,2101,2878,swallow
1789466045.932302,2117,2879,swallow
1789466045.934599,2086,2877,swallow
1789466045.939141,2060,2877,swallow
1789466045.939666,2112,2877,swallow
1789466045.941804,2095,2878,swallow
1789466045.943634,2016,2876,swallow
1789466045.946697,2048,2877,swallow
1789466045.94842,2127,2876,swallow
1789466045.9486358,2107,2880,swallow
1789466045.9506078,2106,2878,swallow
1789466045.952963,2023,2877,swallow
1789466045.954299,2030,2877,swallow
1789466045.9566169,2083,2878,swallow
1789466045.958695,2049,2877,swallow
1789466045.960999,2033,2878,swallow
1789466045.9622982,2090,2878,swallow
1789466045.964365,2103,2876,swallow
1789466045.966453,2109,2878,swallow
1789466045.968833,2077,2877,swallow
1789466045.971096,2052,2877,swallow
1789466045.973155,2113,2878,swallow
1789466045.974398,2086,2878,swallow
1789466045.976706,2008,2876,swallow
1789466045.9792562,2043,2877,swallow
1789466045.984559,2042,2877,swallow
1789466045.985522,2116,2879,swallow
1789466045.9859781,2100,2877,swallow
1789466045.988526,2064,2877,swallow
1789466045.9890292,2079,2877,swallow
1789466045.990947,2089,2878,swallow
1789466045.992409,2029,2877,swallow
1789466045.9957068,2083,2877,swallow
1789466045.9970088,2119,2877,swallow
1789466045.998306,2115,2879,swallow
1789466046.000864,2072,2878,swallow
1789466046.003416,2057,2877,swallow
1789466046.004468,2049,2877,swallow
1789466046.006946,2099,2878,swallow
1789466046.0093749,2044,2875,swallow
1789466046.010669,2040,2878,swallow
1789466046.012969,2061,2877,swallow
1789466046.015048,2122,2877,swallow
1789466046.0163672,2114,2878,swallow
1789466046.018964,2069,2877,swallow
1789466046.020315,2009,2877,swallow
1789466046.022635,2077,2878,swallow
1789466046.0247018,2066,2878,swallow
1789466046.029781,2007,2877,swallow
1789466046.030614,2073,2878,swallow
1789466046.03108,2110,2877,swallow
1789466046.032692,2095,2879,swallow
1789466046.035695,2087,2876,swallow
1789466046.0376089,2055,2876,swallow
1789466046.039128,2057,2877,swallow
1789466046.041116,2064,2878,swallow
1789466046.0423281,1988,2876,swallow
1789466046.044637,2055,2877,swallow
1789466046.047006,2104,2876,swallow
1789466046.048327,2091,2878,swallow
1789466046.0506759,2087,2879,swallow
1789466046.0531368,2032,2877,swallow
1789466046.0543349,2048,2876,swallow
1789466046.056416,2152,2877,swallow
1789466046.058725,2071,2875,swallow
1789466046.061024,2016,2876,swallow
1789466046.0623229,2055,2877,swallow
1789466046.064638,2116,2877,swallow
1789466046.066952,2107,2878,swallow
1789466046.0690079,2032,2877,swallow
1789466046.0733361,2044,2878,swallow
1789466046.074219,2068,2878,swallow
1789466046.075961,2053,2878,swallow
1789466046.077631,2028,2877,swallow
1789466046.079377,2054,2877,swallow
1789466046.0820339,2087,2877,swallow
1789466046.083959,2087,2878,swallow
1789466046.0851352,2056,2876,swallow
1789466046.086302,2025,2877,swallow
1789466046.0883698,2082,2877,swallow
1789466046.090473,2085,2878,swallow
1789466046.0930219,2022,2876,swallow
1789466046.094353,2041,2878,swallow
1789466046.096909,2082,2878,swallow
1789466046.099211,2103,2879,swallow
1789466046.100501,2105,2878,swallow
1789466046.1028008,2064,2877,swallow
1789466046.105348,2036,2877,swallow
1789466046.106645,2087,2878,swallow
1789466046.109073,2090,2879,swallow
1789466046.110364,2038,2877,swallow
1789466046.116075,2094,2876,swallow
1789466046.116493,2096,2877,swallow
1789466046.1166248,2073,2878,swallow
1789466046.1183648,2033,2877,swallow
1789466046.121415,2049,2876,swallow
1789466046.1232178,2068,2877,swallow
1789466046.124682,2017,2875,swallow
1789466046.1267169,1999,2877,swallow
1789466046.129149,2033,2878,swallow
1789466046.131278,2113,2878,swallow
1789466046.132343,2079,2878,swallow
1789466046.13489,2044,2877,swallow
1789466046.1372,2031,2877,swallow
1789466046.1383271,2099,2877,swallow
1789466046.14063,2087,2878,swallow
1789466046.1429372,1988,2875,swallow
1789466046.145247,2010,2877,swallow
1789466046.149302,2074,2877,swallow
1789466046.157474,2104,2879,swallow
1789466046.157541,2087,2877,swallow
1789466046.157592,2055,2877,swallow
1789466046.1576252,2072,2877,swallow
1789466046.157656,2086,2877,swallow
1789466046.173921,2037,2875,swallow
1789466046.175902,2001,2877,swallow
1789466046.176028,2064,2878,swallow
1789466046.176907,2071,2876,swallow
1789466046.178307,2105,2878,swallow
1789466046.178349,2059,2876,swallow
1789466046.178406,2038,2877,swallow
1789466046.178438,2070,2878,swallow
1789466046.1784692,2062,2878,swallow
1789466046.178499,2001,2877,swallow
1789466046.178529,2029,2876,swallow
1789466046.1813939,2075,2876,swallow
1789466046.182692,2089,2879,swallow
1789466046.185014,2070,2877,swallow
1789466046.1868742,2024,2877,swallow
1789466046.1883311,2051,2877,swallow
1789466046.192815,2074,2878,swallow
1789466046.193351,1998,2876,swallow
1789466046.194793,2028,2878,swallow
1789466046.19714,2095,2877,swallow
1789466046.198439,2106,2879,swallow
1789466046.2005801,2071,2878,swallow
1789466046.206609,2023,2878,swallow
1789466046.207099,2019,2877,swallow
1789466046.207903,2092,2878,swallow
1789466046.2095418,2031,2876,swallow
1789466046.211062,2039,2878,swallow
1789466046.2126029,2046,2876,swallow
1789466046.214537,2131,2877,swallow
1789466046.218223,2097,2877,swallow
1789466046.2183108,2070,2877,swallow
1789466046.220628,2046,2877,swallow
1789466046.223192,2086,2877,swallow
1789466046.224494,2063,2878,swallow
1789466046.227045,1988,2878,swallow
1789466046.228336,2052,2878,swallow
1789466046.230887,2085,2876,swallow
1789466046.2332292,2081,2879,swallow
1789466046.234524,2019,2878,swallow
1789466046.236597,2026,2877,swallow
1789466046.2389,2035,2877,swallow
1789466046.241285,2072,2878,swallow
1789466046.2425768,2027,2876,swallow
1789466046.2451289,2032,2876,swallow
1789466046.2507699,2096,2877,swallow
1789466046.251216,2111,2879,swallow
1789466046.2516391,2081,2878,swallow
1789466046.253388,2048,2877,swallow
1789466046.255234,2041,2877,swallow
1789466046.256753,2093,2877,swallow
1789466046.259871,2028,2876,swallow
1789466046.262027,1988,2877,swallow
1789466046.263324,2064,2876,swallow
1789466046.264621,2082,2877,swallow
1789466046.266698,2060,2878,swallow
1789466046.2689412,2051,2877,swallow
1789466046.271019,2045,2877,swallow
1789466046.273333,2069,2877,swallow
1789466046.274503,2049,2878,swallow
1789466046.277049,1974,2878,swallow
1789466046.2783391,2037,2877,swallow
1789466046.280816,2161,2880,swallow
1789466046.2833622,2121,2879,swallow
1789466046.284651,2069,2878,swallow
1789466046.286962,2040,2877,swallow
1789466046.289276,2089,2877,swallow
1789466046.290329,2079,2878,swallow
1789466046.295134,2014,2877,swallow
1789466046.295593,2042,2877,swallow
1789466046.297683,2085,2877,swallow
1789466046.2994292,2105,2879,swallow
1789466046.3010602,2072,2877,swallow
1789466046.302687,2040,2877,swallow
1789466046.306209,2064,2876,swallow
1789466046.306428,2102,2877,swallow
1789466046.308983,2041,2876,swallow
1789466046.310357,2037,2877,swallow
1789466046.312671,2066,2878,swallow
1789466046.314974,2131,2879,swallow
1789466046.316329,2096,2877,swallow
1789466046.318648,2030,2877,swallow
1789466046.321332,1999,2877,swallow
1789466046.322639,2076,2878,swallow
1789466046.324917,2028,2876,swallow
1789466046.326307,1992,2877,swallow
1789466046.3288598,2024,2877,swallow
1789466046.331409,2060,2876,swallow
1789466046.332461,2128,2878,swallow
1789466046.3347719,2086,2877,swallow
1789466046.337086,2050,2877,swallow
1789466046.342921,2064,2877,swallow
1789466046.344487,2123,2878,swallow
1789466046.344673,2042,2876,swallow
1789466046.3448691,2033,2877,swallow
1789466046.3463922,2090,2877,swallow
1789466046.34976,2100,2879,swallow
1789466046.351404,2054,2878,swallow
1789466046.353611,1998,2877,swallow
1789466046.354659,2025,2876,swallow
1789466046.3571231,2097,2878,swallow
1789466046.35951,2019,2876,swallow
1789466046.3605602,1998,2877,swallow
1789466046.3629172,2068,2876,swallow
1789466046.364299,2104,2876,swallow
1789466046.366601,2071,2878,swallow
1789466046.3689148,2022,2877,swallow
1789466046.371225,2039,2875,swallow
1789466046.372284,2073,2879,swallow
1789466046.374597,2071,2879,swallow
1789466046.376906,2030,2877,swallow
1789466046.3792691,2080,2878,swallow
1789466046.380471,2122,2877,swallow
1789466046.38272,2114,2878,swallow
1789466046.386831,2068,2878,swallow
1789466046.3872168,2038,2877,swallow
1789466046.38926,2009,2877,swallow
1789466046.391165,2108,2878,swallow
1789466046.39269,2062,2876,swallow
1789466046.3958988,2028,2877,swallow
1789466046.397921,2070,2878,swallow
1789466046.399241,2086,2877,swallow
1789466046.4005382,2078,2877,swallow
1789466046.4030972,2033,2877,swallow
1789466046.404394,2027,2877,swallow
1789466046.406944,2087,2878,swallow
1789466046.4083169,2000,2876,swallow
1789466046.410869,1995,2877,swallow
1789466046.413008,2035,2877,swallow
1789466046.415325,2093,2876,swallow
1789466046.41638,2098,2878,swallow
1789466046.418931,2082,2877,swallow
1789466046.420306,2076,2877,swallow
1789466046.4228559,2084,2877,swallow
1789466046.4250948,2066,2878,swallow
1789466046.426385,1995,2877,swallow
1789466046.431454,2053,2877,swallow
1789466046.431862,2094,2878,swallow
1789466046.4340491,2110,2878,swallow
1789466046.4355588,2072,2878,swallow
1789466046.437183,2021,2877,swallow
1789466046.440728,2027,2877,swallow
1789466046.44089,2100,2878,swallow
1789466046.442983,2018,2877,swallow
1789466046.4443278,2002,2877,swallow
1789466046.446413,2082,2877,swallow
1789466046.448519,2077,2876,swallow
1789466046.451256,2064,2878,swallow
1789466046.4523761,2031,2877,swallow
1789466046.455071,2060,2877,swallow
1789466046.4564118,2105,2877,swallow
1789466046.4587278,2050,2876,swallow
1789466046.4609568,2011,2877,swallow
1789466046.462292,2054,2877,swallow
1789466046.464854,2096,2877,swallow
1789466046.4671822,2073,2878,swallow
1789466046.4683468,2028,2877,swallow
1789466046.4706619,2029,2877,swallow
1789466046.476777,2080,2877,swallow
1789466046.477661,2043,2878,swallow
1789466046.477777,1997,2877,swallow
1789466046.47949,2027,2876,swallow
1789466046.4810581,2078,2877,swallow
1789466046.4833121,2063,2876,swallow
1789466046.4846542,2040,2878,swallow
1789466046.488297,2016,2877,swallow
1789466046.488533,2038,2877,swallow
1789466046.490842,2072,2877,swallow
