timestamp,ch1,ch2,label
1789469857.1762261,1913,2880,9_S
1789469857.176425,2008,2879,9_S
1789469857.1785998,2150,2879,9_S
1789469857.180508,2172,2879,9_S
1789469857.183595,2049,2879,9_S
1789469857.185034,2035,2879,9_S
1789469857.187495,2116,2880,9_S
1789469857.188803,2117,2879,9_S
1789469857.19135,1916,2878,9_S
1789469857.1926441,1967,2879,9_S
1789469857.1950111,2160,2879,9_S
1789469857.196309,2231,2879,9_S
1789469857.198859,2162,2879,9_S
1789469857.201078,2008,2880,9_S
1789469857.203399,2037,2877,9_S
1789469857.204454,2172,2879,9_S
1789469857.206511,1976,2877,9_S
1789469857.208807,1913,2879,9_S
1789469857.2113469,2080,2879,9_S
1789469857.212401,2217,2880,9_S
1789469857.214464,2184,2881,9_S
1789469857.217002,2053,2879,9_S
1789469857.218286,2014,2880,9_S
1789469857.2206988,2157,2879,9_S
1789469857.223238,1971,2879,9_S
1789469857.2245219,1767,2879,9_S
1789469857.2268229,1898,2880,9_S
1789469857.229121,2141,2879,9_S
1789469857.23025,2244,2880,9_S
1789469857.2327948,2151,2881,9_S
1789469857.235344,2099,2880,9_S
1789469857.236392,2236,2880,9_S
1789469857.238934,2242,2879,9_S
1789469857.2402182,1954,2878,9_S
1789469857.245622,1979,2879,9_S
1789469857.246111,2171,2879,9_S
1789469857.246237,2265,2879,9_S
1789469857.2496572,2185,2880,9_S
1789469857.2512882,2091,2879,9_S
1789469857.252466,2126,2879,9_S
1789469857.254601,2258,2879,9_S
1789469857.2571561,2026,2878,9_S
1789469857.258446,1902,2878,9_S
1789469857.260761,2085,2880,9_S
1789469857.263325,2228,2880,9_S
1789469857.264369,2195,2879,9_S
1789469857.266886,2062,2880,9_S
1789469857.2682502,2047,2878,9_S
1789469857.270559,2181,2881,9_S
1789469857.273099,2072,2881,9_S
1789469857.274383,1911,2879,9_S
1789469857.276441,2005,2879,9_S
1789469857.278741,2210,2880,9_S
1789469857.281056,2216,2878,9_S
1789469857.282345,2060,2879,9_S
1789469857.284707,2003,2879,9_S
1789469857.287248,2094,2878,9_S
1789469857.2885382,2104,2878,9_S
1789469857.290839,1889,2878,9_S
1789469857.2922509,1937,2879,9_S
1789469857.2948081,2163,2879,9_S
1789469857.29716,2256,2879,9_S
1789469857.2984462,2162,2880,9_S
1789469857.300986,1988,2879,9_S
1789469857.302269,2005,2878,9_S
1789469857.3047261,2130,2880,9_S
1789469857.307029,1952,2878,9_S
1789469857.309094,1881,2879,9_S
1789469857.310237,2070,2881,9_S
1789469857.312535,2200,2880,9_S
1789469857.3150039,2170,2881,9_S
1789469857.317297,2046,2878,9_S
1789469857.318353,1946,2879,9_S
1789469857.320661,2134,2880,9_S
1789469857.322953,2037,2881,9_S
1789469857.325261,1860,2878,9_S
1789469857.326308,1973,2879,9_S
1789469857.328606,2174,2880,9_S
1789469857.3309171,2233,2880,9_S
1789469857.3329751,2068,2880,9_S
1789469857.3342621,1948,2878,9_S
1789469857.339732,2086,2879,9_S
1789469857.340137,2114,2880,9_S
1789469857.340607,1925,2878,9_S
1789469857.342907,1956,2879,9_S
1789469857.344778,2165,2879,9_S
1789469857.346963,2231,2879,9_S
1789469857.34872,2147,2881,9_S
1789469857.350801,2001,2880,9_S
1789469857.353355,2045,2880,9_S
1789469857.354652,2157,2880,9_S
1789469857.357172,1956,2877,9_S
1789469857.35847,1900,2879,9_S
1789469857.361022,2087,2881,9_S
1789469857.363327,2235,2880,9_S
1789469857.364375,2200,2880,9_S
1789469857.3669162,2060,2880,9_S
1789469857.368275,2006,2879,9_S
1789469857.3705852,2170,2880,9_S
1789469857.3731258,2055,2881,9_S
1789469857.3742452,1898,2878,9_S
1789469857.3763552,1989,2880,9_S
1789469857.378897,2225,2879,9_S
1789469857.3811991,2217,2879,9_S
1789469857.382486,2073,2879,9_S
1789469857.384782,1975,2879,9_S
1789469857.3870878,2064,2880,9_S
1789469857.3894231,2091,2879,9_S
1789469857.390708,1914,2878,9_S
1789469857.393009,1964,2880,9_S
1789469857.3942962,2147,2880,9_S
1789469857.396838,2238,2879,9_S
1789469857.399176,2111,2880,9_S
1789469857.4004622,1962,2879,9_S
1789469857.402667,2019,2880,9_S
1789469857.4049642,2162,2879,9_S
1789469857.4063392,2006,2878,9_S
1789469857.410222,1930,2879,9_S
1789469857.4103491,2079,2880,9_S
1789469857.4126458,2227,2879,9_S
1789469857.414541,2177,2881,9_S
1789469857.416919,2036,2878,9_S
1789469857.419669,1975,2879,9_S
1789469857.420723,2137,2880,9_S
1789469857.4227939,2065,2879,9_S
1789469857.425097,1928,2878,9_S
1789469857.426385,2012,2880,9_S
1789469857.428704,2196,2879,9_S
1789469857.430989,2228,2877,9_S
1789469857.433045,2083,2880,9_S
1789469857.435112,2009,2879,9_S
1789469857.436395,2128,2878,9_S
1789469857.4389381,2153,2880,9_S
1789469857.441,1973,2878,9_S
1789469857.443069,1945,2879,9_S
1789469857.444352,2125,2880,9_S
1789469857.446656,2230,2878,9_S
1789469857.4489758,2117,2880,9_S
1789469857.4512691,2009,2879,9_S
1789469857.452414,2060,2880,9_S
1789469857.454962,2164,2879,9_S
1789469857.4562528,1985,2878,9_S
1789469857.4583669,1910,2879,9_S
1789469857.460906,2063,2879,9_S
1789469857.462251,2212,2879,9_S
1789469857.4643252,2218,2881,9_S
1789469857.466625,2068,2879,9_S
1789469857.469165,2018,2878,9_S
1789469857.470273,2172,2881,9_S
1789469857.475167,2084,2880,9_S
1789469857.4755368,1908,2878,9_S
1789469857.4775941,2012,2879,9_S
1789469857.47916,2196,2879,9_S
1789469857.480782,2248,2881,9_S
1789469857.483184,2132,2881,9_S
1789469857.4851131,2020,2879,9_S
1789469857.4864068,2059,2879,9_S
1789469857.488721,2114,2879,9_S
1789469857.491267,1941,2878,9_S
1789469857.492556,1976,2880,9_S
1789469857.494899,2146,2879,9_S
1789469857.4962392,2212,2878,9_S
1789469857.498794,2135,2880,9_S
1789469857.501097,1997,2878,9_S
1789469857.502383,2033,2880,9_S
1789469857.504925,2155,2878,9_S
1789469857.507234,2007,2877,9_S
1789469857.508526,1932,2879,9_S
1789469857.510825,2092,2879,9_S
1789469857.5129962,2219,2879,9_S
1789469857.514281,2206,2880,9_S
1789469857.516822,2055,2879,9_S
1789469857.519117,2035,2880,9_S
1789469857.520405,2146,2879,9_S
1789469857.522711,2057,2880,9_S
1789469857.524828,1938,2880,9_S
1789469857.527384,2023,2878,9_S
1789469857.5284412,2179,2879,9_S
1789469857.530735,2207,2878,9_S
1789469857.5332742,2093,2879,9_S
1789469857.5345569,2021,2879,9_S
1789469857.536861,2097,2880,9_S
1789469857.541,2121,2879,9_S
1789469857.5418391,1930,2878,9_S
1789469857.543896,1916,2879,9_S
1789469857.545728,2115,2879,9_S
1789469857.547752,2211,2879,9_S
1789469857.550148,2106,2880,9_S
1789469857.550308,1974,2879,9_S
1789469857.5528462,2032,2878,9_S
1789469857.555197,2186,2880,9_S
1789469857.5562508,2018,2880,9_S
1789469857.562231,1937,2879,9_S
1789469857.56261,2073,2879,9_S
1789469857.563018,2231,2880,9_S
1789469857.56566,2185,2881,9_S
1789469857.568436,2081,2879,9_S
1789469857.568555,2024,2879,9_S
1789469857.571363,2155,2880,9_S
1789469857.572665,2096,2879,9_S
1789469857.575124,1937,2878,9_S
1789469857.576413,2023,2880,9_S
1789469857.578965,2167,2880,9_S
1789469857.5813591,2225,2878,9_S
1789469857.582412,2079,2880,9_S
1789469857.584764,1998,2879,9_S
1789469857.586893,2076,2879,9_S
1789469857.589066,2124,2879,9_S
1789469857.590364,1925,2878,9_S
1789469857.592633,1913,2878,9_S
1789469857.5951731,2115,2879,9_S
1789469857.5964649,2188,2879,9_S
1789469857.5985532,2130,2880,9_S
1789469857.600887,2033,2878,9_S
1789469857.603251,2029,2880,9_S
1789469857.604322,2162,2879,9_S
1789469857.6068742,1969,2878,9_S
1789469857.609421,1919,2879,9_S
1789469857.610466,2082,2879,9_S
1789469857.612894,2193,2880,9_S
1789469857.614208,2180,2881,9_S
1789469857.616748,2063,2879,9_S
1789469857.619044,1998,2879,9_S
1789469857.62033,2181,2879,9_S
1789469857.626011,2087,2880,9_S
1789469857.626821,1900,2878,9_S
1789469857.627876,2029,2880,9_S
1789469857.630213,2189,2879,9_S
1789469857.630371,2192,2879,9_S
1789469857.633982,2101,2880,9_S
1789469857.6359522,2020,2878,9_S
1789469857.6372569,2083,2880,9_S
1789469857.638305,2120,2880,9_S
1789469857.640848,1932,2878,9_S
1789469857.6455731,1926,2879,9_S
1789469857.646729,2116,2878,9_S
1789469857.6479979,2203,2878,9_S
1789469857.6495569,2162,2881,9_S
1789469857.650985,2069,2879,9_S
1789469857.652849,2036,2879,9_S
1789469857.654207,2142,2880,9_S
1789469857.656703,2001,2878,9_S
1789469857.65901,1921,2880,9_S
1789469857.6613061,2077,2880,9_S
1789469857.662601,2184,2880,9_S
1789469857.665151,2143,2881,9_S
1789469857.6664379,2019,2878,9_S
1789469857.668923,1975,2879,9_S
1789469857.670206,2169,2879,9_S
1789469857.672501,2113,2879,9_S
1789469857.6748102,1962,2877,9_S
1789469857.676094,2004,2880,9_S
1789469857.678387,2173,2880,9_S
1789469857.6807082,2220,2878,9_S
1789469857.683011,2115,2880,9_S
1789469857.684302,2038,2878,9_S
1789469857.686614,2103,2879,9_S
1789469857.689152,2152,2880,9_S
1789469857.690434,1951,2877,9_S
1789469857.692864,1927,2879,9_S
1789469857.694148,2104,2880,9_S
1789469857.696686,2227,2878,9_S
1789469857.698826,2133,2879,9_S
1789469857.7013671,2025,2880,9_S
1789469857.7024121,2037,2878,9_S
1789469857.704467,2194,2880,9_S
1789469857.7099478,2019,2880,9_S
1789469857.710369,1926,2878,9_S
1789469857.710459,2069,2879,9_S
1789469857.712474,2195,2878,9_S
1789469857.7152698,2204,2881,9_S
1789469857.7171469,2070,2880,9_S
1789469857.7186182,2006,2879,9_S
1789469857.721198,2191,2880,9_S
1789469857.722486,2105,2880,9_S
1789469857.724777,1904,2879,9_S
1789469857.7307808,1962,2880,9_S
1789469857.730853,2143,2879,9_S
1789469857.7312,2182,2879,9_S
1789469857.732616,2112,2880,9_S
1789469857.735627,2034,2879,9_S
1789469857.738016,2077,2879,9_S
1789469857.7393641,2149,2879,9_S
1789469857.740652,1945,2877,9_S
1789469857.742958,1946,2880,9_S
1789469857.745023,2135,2878,9_S
1789469857.746328,2233,2879,9_S
1789469857.748629,2130,2880,9_S
1789469857.751169,2014,2879,9_S
1789469857.7524638,1998,2878,9_S
1789469857.754773,2149,2879,9_S
1789469857.757081,1999,2880,9_S
1789469857.7593868,1904,2878,9_S
1789469857.7604349,2060,2879,9_S
1789469857.762742,2200,2880,9_S
1789469857.765043,2178,2881,9_S
1789469857.7673368,2077,2879,9_S
1789469857.768377,2008,2879,9_S
1789469857.770915,2148,2880,9_S
1789469857.773217,2098,2879,9_S
1789469857.774255,1898,2878,9_S
1789469857.776552,1969,2878,9_S
1789469857.778841,2150,2879,9_S
1789469857.7812731,2218,2877,9_S
1789469857.782324,2087,2880,9_S
1789469857.784627,2004,2879,9_S
1789469857.7870772,2073,2879,9_S
1789469857.7883651,2128,2880,9_S
1789469857.79056,1943,2877,9_S
1789469857.7931101,1943,2878,9_S
1789469857.7941508,2113,2880,9_S
1789469857.7966971,2181,2880,9_S
1789469857.7992508,2143,2880,9_S
1789469857.8005362,2026,2879,9_S
1789469857.803076,2043,2879,9_S
1789469857.804136,2179,2880,9_S
1789469857.8096151,2048,2880,9_S
1789469857.810635,1932,2878,9_S
1789469857.8107111,2051,2879,9_S
1789469857.8123698,2185,2880,9_S
1789469857.814927,2187,2881,9_S
1789469857.81659,2081,2878,9_S
1789469857.8196638,2029,2878,9_S
1789469857.820956,2171,2879,9_S
1789469857.8222458,2115,2880,9_S
1789469857.8243022,1942,2878,9_S
1789469857.826881,2013,2878,9_S
1789469857.828135,2168,2879,9_S
1789469857.830681,2208,2878,9_S
1789469857.832991,2095,2879,9_S
1789469857.8341382,2011,2880,9_S
1789469857.836438,2087,2879,9_S
1789469857.838738,2169,2879,9_S
1789469857.840113,1974,2878,9_S
1789469857.842658,1932,2880,9_S
1789469857.844773,2103,2880,9_S
1789469857.8461142,2203,2879,9_S
1789469857.848414,2154,2880,9_S
1789469857.850476,2044,2879,9_S
1789469857.852767,2027,2879,9_S
1789469857.854858,2156,2879,9_S
1789469857.856927,2010,2880,9_S
1789469857.8582232,1954,2878,9_S
1789469857.8607638,2036,2879,9_S
1789469857.8630579,2201,2879,9_S
1789469857.864342,2201,2880,9_S
1789469857.866883,2065,2881,9_S
1789469857.8716109,2004,2879,9_S
1789469857.872255,2135,2880,9_S
1789469857.872332,2097,2880,9_S
1789469857.874799,1919,2877,9_S
1789469857.877825,1945,2878,9_S
1789469857.879505,2130,2879,9_S
1789469857.880897,2192,2879,9_S
1789469857.88219,2107,2880,9_S
1789469857.8844988,2040,2878,9_S
1789469857.887049,2072,2879,9_S
1789469857.888341,2164,2879,9_S
1789469857.8904588,1971,2878,9_S
1789469857.8927739,1947,2879,9_S
1789469857.894125,2144,2879,9_S
1789469857.8964322,2225,2878,9_S
1789469857.898974,2136,2880,9_S
1789469857.900259,2030,2879,9_S
1789469857.902556,2015,2879,9_S
1789469857.905099,2136,2879,9_S
1789469857.906389,2026,2880,9_S
1789469857.908601,1907,2878,9_S
1789469857.91091,2038,2880,9_S
1789469857.912197,2175,2878,9_S
1789469857.91474,2179,2881,9_S
1789469857.9161139,2086,2879,9_S
1789469857.918421,2026,2879,9_S
1789469857.92084,2116,2879,9_S
1789469857.922904,2104,2880,9_S
1789469857.925202,1934,2878,9_S
1789469857.926355,1995,2879,9_S
1789469857.928899,2166,2880,9_S
1789469857.930184,2222,2878,9_S
1789469857.932263,2131,2879,9_S
1789469857.936616,2010,2879,9_S
1789469857.936996,2081,2878,9_S
1789469857.93856,2156,2878,9_S
1789469857.941625,1961,2878,9_S
1789469857.9431648,1922,2878,9_S
1789469857.944989,2106,2881,9_S
1789469857.9464252,2205,2880,9_S
1789469857.948481,2139,2878,9_S
1789469857.95079,1998,2880,9_S
1789469857.95312,2032,2879,9_S
1789469857.954165,2167,2879,9_S
1789469857.956707,2005,2879,9_S
1789469857.958121,1886,2878,9_S
1789469857.960431,2023,2880,9_S
1789469857.9629529,2186,2879,9_S
1789469857.9642382,2208,2881,9_S
1789469857.966778,2099,2879,9_S
1789469857.968843,2036,2879,9_S
1789469857.971136,2155,2879,9_S
1789469857.972173,2128,2880,9_S
1789469857.974472,1966,2878,9_S
1789469857.977031,1980,2880,9_S
1789469857.978326,2137,2879,9_S
1789469857.9804668,2201,2878,9_S
1789469857.9827762,2098,2880,9_S
1789469857.984139,1980,2879,9_S
1789469857.986453,2039,2879,9_S
1789469857.989003,2138,2880,9_S
1789469857.9902878,1957,2878,9_S
1789469857.992424,1926,2878,9_S
1789469857.994966,2080,2880,9_S
1789469858.000494,2212,2880,9_S
1789469858.000855,2149,2880,9_S
1789469858.001579,2036,2879,9_S
1789469858.0028229,2035,2879,9_S
1789469858.004479,2184,2878,9_S
1789469858.007392,2016,2880,9_S
1789469858.009117,1899,2879,9_S
1789469858.010901,1989,2879,9_S
1789469858.012198,2153,2879,9_S
1789469858.014267,2150,2878,9_S
1789469858.0165708,2077,2880,9_S
1789469858.019156,1977,2878,9_S
1789469858.0202188,2116,2878,9_S
1789469858.022768,2123,2880,9_S
1789469858.024114,1931,2878,9_S
1789469858.026416,2008,2880,9_S
1789469858.02896,2201,2879,9_S
1789469858.030244,2207,2878,9_S
1789469858.032785,2124,2879,9_S
1789469858.034094,2031,2879,9_S
1789469858.036397,2110,2880,9_S
1789469858.038465,2195,2879,9_S
1789469858.041004,1990,2878,9_S
1789469858.042101,1937,2879,9_S
1789469858.0442219,2129,2879,9_S
1789469858.046454,2242,2880,9_S
1789469858.048612,2154,2881,9_S
1789469858.0510578,2012,2878,9_S
1789469858.052355,2012,2879,9_S
1789469858.0546649,2147,2880,9_S
1789469858.056745,2016,2879,9_S
1789469858.0580952,1882,2879,9_S
1789469858.064068,2004,2879,9_S
1789469858.064905,2163,2879,9_S
1789469858.0657039,2187,2880,9_S
1789469858.068398,2067,2879,9_S
1789469858.068832,2000,2878,9_S
1789469858.070632,2090,2878,9_S
1789469858.072464,2116,2880,9_S
1789469858.074649,1933,2879,9_S
1789469858.076532,1983,2879,9_S
1789469858.079154,2138,2879,9_S
1789469858.080239,2195,2879,9_S
1789469858.082614,2111,2880,9_S
1789469858.088821,2056,2879,9_S
1789469858.090492,2086,2879,9_S
1789469858.091958,2171,2879,9_S
1789469858.093142,1957,2878,9_S
1789469858.093624,1927,2879,9_S
1789469858.0981991,2092,2879,9_S
1789469858.098738,2246,2879,9_S
1789469858.099033,2173,2881,9_S
1789469858.101231,2067,2879,9_S
1789469858.102518,2026,2880,9_S
1789469858.104797,2156,2879,9_S
1789469858.1069598,2056,2880,9_S
1789469858.108117,1915,2877,9_S
1789469858.110573,2022,2879,9_S
1789469858.1129448,2170,2880,9_S
1789469858.1140711,2162,2879,9_S
1789469858.1164968,2060,2880,9_S
1789469858.118846,1992,2879,9_S
1789469858.120157,2108,2880,9_S
1789469858.122307,2174,2880,9_S
1789469858.1248782,1956,2879,9_S
1789469858.126091,1973,2880,9_S
1789469858.128789,2153,2878,9_S
1789469858.130114,2198,2879,9_S
1789469858.132556,2123,2880,9_S
1789469858.135333,2007,2879,9_S
1789469858.1364212,2051,2880,9_S
1789469858.1390982,2126,2879,9_S
1789469858.140278,1963,2878,9_S
1789469858.14269,1897,2880,9_S
1789469858.144068,2088,2879,9_S
1789469858.1465442,2184,2879,9_S
1789469858.149125,2146,2880,9_S
1789469858.150195,2046,2879,9_S
1789469858.152312,2032,2879,9_S
1789469858.154434,2161,2880,9_S
1789469858.159868,2051,2879,9_S
1789469858.160326,1925,2878,9_S
1789469858.160874,2011,2879,9_S
1789469858.1625469,2204,2879,9_S
1789469858.165385,2215,2880,9_S
1789469858.1676219,2092,2881,9_S
1789469858.1699069,2078,2880,9_S
1789469858.1721442,2144,2879,9_S
1789469858.1721861,2117,2881,9_S
1789469858.174251,1949,2878,9_S
1789469858.176569,1989,2879,9_S
1789469858.181993,2177,2880,9_S
1789469858.182809,2204,2880,9_S
1789469858.1832519,2121,2880,9_S
1789469858.184823,2015,2879,9_S
1789469858.186688,2095,2880,9_S
1789469858.1898031,2186,2879,9_S
1789469858.192108,1985,2879,9_S
1789469858.192338,1940,2879,9_S
1789469858.194953,2078,2881,9_S
1789469858.1960661,2201,2879,9_S
1789469858.1984892,2163,2881,9_S
1789469858.200992,2039,2879,9_S
1789469858.202294,2027,2879,9_S
1789469858.20449,2157,2880,9_S
1789469858.2066472,2040,2879,9_S
1789469858.209203,1891,2878,9_S
1789469858.2104928,2003,2880,9_S
1789469858.2128158,2165,2879,9_S
1789469858.2151449,2205,2881,9_S
1789469858.216439,2102,2878,9_S
1789469858.2188952,2033,2880,9_S
1789469858.221142,2107,2879,9_S
1789469858.222193,2128,2881,9_S
1789469858.224253,1941,2878,9_S
1789469858.226333,1967,2879,9_S
1789469858.228896,2131,2879,9_S
1789469858.230203,2241,2879,9_S
1789469858.2322712,2137,2880,9_S
1789469858.234574,1985,2879,9_S
1789469858.236952,2041,2879,9_S
1789469858.238243,2138,2880,9_S
1789469858.240683,1970,2879,9_S
1789469858.2420568,1902,2879,9_S
1789469858.24437,2047,2880,9_S
1789469858.246764,2200,2879,9_S
1789469858.252245,2159,2881,9_S
1789469858.25323,2058,2880,9_S
1789469858.255255,1994,2878,9_S
1789469858.255353,2167,2880,9_S
1789469858.257177,2063,2880,9_S
1789469858.258996,1930,2879,9_S
1789469858.26326,2036,2879,9_S
1789469858.263587,2187,2880,9_S
1789469858.265321,2177,2878,9_S
1789469858.266407,2056,2880,9_S
1789469858.2685492,2003,2879,9_S
1789469858.270619,2103,2879,9_S
1789469858.2762089,2138,2879,9_S
1789469858.27805,1938,2878,9_S
1789469858.279331,1946,2879,9_S
1789469858.279448,2140,2879,9_S
1789469858.2810812,2230,2878,9_S
1789469858.28267,2108,2879,9_S
1789469858.286857,2005,2878,9_S
1789469858.2870421,2038,2879,9_S
1789469858.2891688,2159,2879,9_S
1789469858.290484,2029,2876,9_S
1789469858.292855,1957,2879,9_S
1789469858.2952352,2109,2880,9_S
1789469858.2963042,2232,2878,9_S
1789469858.298836,2213,2881,9_S
1789469858.301097,2070,2880,9_S
1789469858.302398,2008,2879,9_S
1789469858.304692,2117,2879,9_S
1789469858.307028,2058,2880,9_S
1789469858.308318,1911,2879,9_S
1789469858.310393,2004,2879,9_S
1789469858.312814,2159,2879,9_S
1789469858.314122,2182,2878,9_S
1789469858.3166778,2078,2879,9_S
1789469858.3187509,2023,2879,9_S
1789469858.320841,2117,2880,9_S
1789469858.322138,2116,2880,9_S
1789469858.3242009,1933,2879,9_S
1789469858.326505,1973,2878,9_S
1789469858.328811,2123,2881,9_S
1789469858.3301032,2193,2879,9_S
1789469858.332424,2126,2881,9_S
1789469858.3348842,2012,2878,9_S
1789469858.336939,2033,2879,9_S
1789469858.338229,2133,2879,9_S
1789469858.340488,1978,2877,9_S
1789469858.3425531,1907,2879,9_S
1789469858.349401,2063,2880,9_S
1789469858.3504388,2168,2880,9_S
1789469858.3524811,2136,2879,9_S
1789469858.3526459,2034,2880,9_S
1789469858.352844,2007,2879,9_S
1789469858.354829,2153,2878,9_S
1789469858.356699,2057,2880,9_S
1789469858.360852,1886,2878,9_S
1789469858.361063,1966,2879,9_S
1789469858.363251,2146,2879,9_S
1789469858.364557,2200,2880,9_S
1789469858.36687,2088,2881,9_S
1789469858.368942,1995,2880,9_S
1789469858.3740978,2109,2879,9_S
1789469858.375371,2136,2881,9_S
1789469858.375492,1945,2878,9_S
1789469858.377079,1944,2879,9_S
1789469858.378603,2147,2880,9_S
1789469858.3802502,2217,2878,9_S
1789469858.382383,2107,2879,9_S
1789469858.384604,2013,2880,9_S
1789469858.38676,2036,2881,9_S
1789469858.388833,2159,2878,9_S
1789469858.39091,1996,2879,9_S
1789469858.392034,1918,2879,9_S
1789469858.39455,2061,2880,9_S
1789469858.396866,2181,2878,9_S
1789469858.3980181,2164,2881,9_S
1789469858.400075,2092,2879,9_S
1789469858.4026299,2017,2878,9_S
1789469858.40483,2139,2879,9_S
1789469858.406084,2076,2880,9_S
1789469858.4086,1915,2878,9_S
1789469858.410912,1992,2880,9_S
1789469858.411999,2169,2879,9_S
1789469858.4141052,2221,2881,9_S
1789469858.416269,2064,2880,9_S
1789469858.4184499,1997,2879,9_S
1789469858.42078,2115,2879,9_S
1789469858.422077,2165,2880,9_S
1789469858.424383,2008,2878,9_S
1789469858.426923,1972,2880,9_S
1789469858.428,2129,2880,9_S
1789469858.430308,2198,2878,9_S
1789469858.4327419,2135,2880,9_S
1789469858.434033,2036,2879,9_S
1789469858.436578,2042,2879,9_S
1789469858.439135,2184,2879,9_S
1789469858.440184,2027,2880,9_S
1789469858.442511,1967,2878,9_S
1789469858.44785,2102,2879,9_S
1789469858.448318,2236,2879,9_S
1789469858.449986,2197,2880,9_S
1789469858.450329,2079,2879,9_S
1789469858.453307,2015,2879,9_S
1789469858.455244,2176,2879,9_S
1789469858.457611,2086,2881,9_S
1789469858.4597461,1947,2878,9_S
1789469858.461044,1989,2879,9_S
1789469858.4623392,2162,2879,9_S
1789469858.464772,2212,2878,9_S
1789469858.465992,2148,2880,9_S
1789469858.470439,2041,2879,9_S
1789469858.470826,2112,2879,9_S
1789469858.4726038,2160,2879,9_S
1789469858.474045,1939,2879,9_S
1789469858.477432,1946,2879,9_S
1789469858.479656,2138,2879,9_S
1789469858.481632,2213,2878,9_S
1789469858.48277,2145,2880,9_S
1789469858.484828,2016,2879,9_S
1789469858.4861188,2055,2879,9_S
1789469858.488699,2171,2879,9_S
1789469858.491018,2001,2877,9_S
1789469858.492312,1901,2878,9_S
1789469858.494863,2058,2879,9_S
1789469858.496153,2218,2878,9_S
1789469858.498456,2186,2880,9_S
1789469858.5005188,2055,2879,9_S
1789469858.502835,2030,2879,9_S
1789469858.503981,2168,2880,9_S
1789469858.506528,2066,2880,9_S
1789469858.5090759,1912,2878,9_S
1789469858.510365,2015,2879,9_S
1789469858.5126772,2395,2879,9_S
1789469858.5139918,2173,2880,9_S
1789469858.516298,1769,2878,9_S
1789469858.5188448,1936,2879,9_S
1789469858.520137,2211,2880,9_S
1789469858.5226839,2218,2880,9_S
1789469858.524998,2534,2881,9_S
1789469858.526287,1579,2879,9_S
1789469858.528831,1822,2880,9_S
1789469858.53012,2308,2880,9_S
1789469858.5326731,2193,2881,9_S
1789469858.5339599,2080,2879,9_S
1789469858.53651,2055,2878,9_S
1789469858.5427148,2078,2879,9_S
1789469858.542871,1873,2877,9_S
1789469858.543355,2214,2879,9_S
1789469858.545336,1895,2879,9_S
1789469858.546901,2136,2880,9_S
1789469858.548606,2264,2881,9_S
1789469858.550557,2173,2881,9_S
1789469858.552709,2154,2880,9_S
1789469858.554369,2131,2880,9_S
1789469858.556938,1894,2880,9_S
1789469858.558236,1693,2877,9_S
1789469858.560742,2104,2879,9_S
1789469858.5651572,2264,2879,9_S
1789469858.5662441,2322,2880,9_S
1789469858.5673778,2030,2879,9_S
1789469858.569643,2021,2879,9_S
1789469858.571145,2080,2879,9_S
1789469858.57452,2156,2880,9_S
1789469858.574707,2229,2881,9_S
1789469858.576332,2049,2879,9_S
1789469858.57841,1594,2879,9_S
1789469858.580715,2279,2880,9_S
1789469858.582774,2267,2881,9_S
1789469858.5840662,2118,2879,9_S
1789469858.5863879,1914,2879,9_S
1789469858.588696,2131,2878,9_S
1789469858.589987,2095,2879,9_S
1789469858.5920691,1905,2878,9_S
1789469858.594621,2083,2878,9_S
1789469858.5959811,2160,2878,9_S
1789469858.598528,2148,2878,9_S
1789469858.600826,2034,2879,9_S
1789469858.603134,2061,2880,9_S
1789469858.604424,2351,2879,9_S
1789469858.6067321,2097,2879,9_S
1789469858.6080692,1891,2878,9_S
1789469858.610625,2009,2880,9_S
1789469858.6126888,2100,2880,9_S
1789469858.615007,2143,2879,9_S
1789469858.616296,1958,2878,9_S
1789469858.6188412,2104,2879,9_S
1789469858.6211681,2119,2880,9_S
1789469858.622464,1913,2879,9_S
1789469858.624771,1876,2878,9_S
1789469858.62606,1860,2880,9_S
1789469858.628366,2423,2881,9_S
1789469858.630429,2280,2879,9_S
1789469858.63642,1983,2879,9_S
1789469858.636564,1951,2881,9_S
1789469858.6373792,1910,2880,9_S
1789469858.639204,2140,2879,9_S
1789469858.640728,1707,2877,9_S
1789469858.642643,1846,2877,9_S
1789469858.644345,2053,2879,9_S
1789469858.646687,2186,2880,9_S
1789469858.648705,2286,2880,9_S
1789469858.651047,1953,2880,9_S
1789469858.652328,2031,2879,9_S
1789469858.658587,1935,2878,9_S
1789469858.6590211,1982,2879,9_S
1789469858.659453,1843,2878,9_S
1789469858.6612742,1905,2879,9_S
1789469858.662815,2075,2879,9_S
1789469858.664365,1996,2879,9_S
1789469858.66649,1898,2877,9_S
1789469858.668767,1671,2876,9_S
1789469858.6704562,2425,2880,9_S
1789469858.6730108,2201,2879,9_S
1789469858.674303,1964,2878,9_S
1789469858.6768541,1665,2878,9_S
1789469858.678158,2412,2880,9_S
1789469858.680722,2136,2878,9_S
1789469858.6820211,2175,2880,9_S
1789469858.6845682,2059,2880,9_S
1789469858.687126,1943,2879,9_S
1789469858.688183,1785,2879,9_S
1789469858.690489,2024,2879,9_S
1789469858.6930392,1353,2878,9_S
1789469858.694331,2293,2879,9_S
1789469858.6966898,1932,2880,9_S
1789469858.69802,2494,2883,9_S
1789469858.700572,1775,2880,9_S
1789469858.70265,2134,2879,9_S
1789469858.703943,2489,2881,9_S
1789469858.706254,2100,2880,9_S
1789469858.708514,1875,2879,9_S
1789469858.71106,1777,2880,9_S
1789469858.712349,1887,2879,9_S
1789469858.714905,1981,2879,9_S
1789469858.715968,1976,2880,9_S
1789469858.718276,1894,2879,9_S
1789469858.720392,1958,2879,9_S
1789469858.7229388,2125,2879,9_S
1789469858.72399,1927,2878,9_S
1789469858.7260501,1909,2879,9_S
1789469858.730818,2032,2879,9_S
1789469858.731266,2138,2879,9_S
1789469858.733313,2218,2879,9_S
1789469858.734731,2099,2879,9_S
1789469858.736737,1929,2879,9_S
1789469858.738403,1988,2878,9_S
1789469858.740771,1846,2878,9_S
1789469858.742442,1805,2880,9_S
1789469858.744747,1991,2881,9_S
1789469858.746867,1976,2878,9_S
1789469858.747985,2413,2880,9_S
1789469858.753054,1718,2878,9_S
1789469858.753461,1572,2877,9_S
1789469858.755084,1789,2880,9_S
1789469858.756935,1987,2880,9_S
1789469858.7582731,1663,2878,9_S
1789469858.760161,1761,2879,9_S
1789469858.762517,2026,2879,9_S
1789469858.7645419,2140,2879,9_S
1789469858.76685,2007,2881,9_S
1789469858.76814,1669,2879,9_S
1789469858.7704551,2071,2879,9_S
1789469858.772769,2147,2882,9_S
1789469858.774067,1673,2878,9_S
1789469858.7763891,1870,2879,9_S
1789469858.7786398,1852,2879,9_S
1789469858.7799811,2009,2878,9_S
1789469858.782541,2013,2880,9_S
1789469858.78509,1859,2879,9_S
1789469858.78638,1907,2880,9_S
1789469858.788927,1906,2879,9_S
1789469858.7901728,2012,2877,9_S
1789469858.7927208,2147,2879,9_S
1789469858.7940109,2296,2880,9_S
1789469858.79646,1924,2879,9_S
1789469858.798521,1758,2878,9_S
1789469858.8010728,2010,2879,9_S
1789469858.8023639,2138,2879,9_S
1789469858.804676,2147,2880,9_S
1789469858.807044,1834,2879,9_S
1789469858.808335,1662,2877,9_S
1789469858.8108008,1815,2879,9_S
1789469858.812093,2081,2880,9_S
1789469858.814403,2101,2878,9_S
1789469858.816461,2268,2880,9_S
1789469858.818594,1962,2880,9_S
1789469858.8232782,2026,2879,9_S
1789469858.823731,2209,2879,9_S
1789469858.826294,1931,2877,9_S
1789469858.826371,1910,2878,9_S
1789469858.828374,2340,2880,9_S
1789469858.830291,2136,2879,9_S
1789469858.834031,2179,2879,9_S
1789469858.834249,2193,2879,9_S
1789469858.837057,2047,2879,9_S
1789469858.838115,2007,2879,9_S
1789469858.840671,2123,2880,9_S
1789469858.841975,1900,2879,9_S
1789469858.846515,2072,2879,9_S
1789469858.8473039,2242,2879,9_S
1789469858.849205,2178,2880,9_S
1789469858.85103,2101,2879,9_S
1789469858.8529038,2083,2878,9_S
1789469858.8564942,2193,2879,9_S
1789469858.856695,2076,2879,9_S
1789469858.858675,1904,2878,9_S
1789469858.859989,1997,2878,9_S
1789469858.8625438,2342,2880,9_S
1789469858.864856,2311,2880,9_S
1789469858.866155,2018,2879,9_S
1789469858.868482,2141,2879,9_S
1789469858.871029,2283,2879,9_S
1789469858.8723168,2142,2880,9_S
1789469858.8748622,1888,2878,9_S
1789469858.876149,1958,2879,9_S
1789469858.8784618,2246,2879,9_S
1789469858.8806899,2201,2879,9_S
1789469858.883014,2044,2880,9_S
1789469858.8843038,1933,2879,9_S
1789469858.886584,2202,2880,9_S
1789469858.888803,2312,2880,9_S
1789469858.891124,1959,2877,9_S
1789469858.8921669,1935,2878,9_S
1789469858.894232,2337,2879,9_S
1789469858.89678,2120,2880,9_S
1789469858.898069,1973,2878,9_S
1789469858.900612,2209,2879,9_S
1789469858.902911,2032,2878,9_S
1789469858.9042041,2301,2880,9_S
1789469858.9067478,2227,2881,9_S
1789469858.907852,1923,2878,9_S
1789469858.910178,1899,2879,9_S
1789469858.912547,2307,2881,9_S
1789469858.916637,2242,2878,9_S
1789469858.9171042,2121,2880,9_S
1789469858.919483,1977,2879,9_S
1789469858.921293,2215,2878,9_S
1789469858.923279,2203,2880,9_S
1789469858.927039,1853,2878,9_S
1789469858.927238,2099,2880,9_S
1789469858.92928,2200,2879,9_S
1789469858.930599,2309,2880,9_S
1789469858.931898,2190,2880,9_S
1789469858.934359,2137,2879,9_S
1789469858.9397912,2131,2880,9_S
1789469858.9402611,2096,2879,9_S
1789469858.942507,2126,2880,9_S
1789469858.942729,1838,2879,9_S
1789469858.9443352,2068,2879,9_S
1789469858.947621,2366,2879,9_S
1789469858.950096,2466,2881,9_S
1789469858.950287,1715,2878,9_S
1789469858.9531069,2141,2879,9_S
1789469858.9541602,2550,2881,9_S
1789469858.9564748,2141,2879,9_S
1789469858.958747,1864,2877,9_S
1789469858.961069,2015,2879,9_S
1789469858.9623659,2400,2879,9_S
1789469858.9645061,2188,2879,9_S
1789469858.966947,1871,2877,9_S
1789469858.968244,1871,2879,9_S
1789469858.970548,2135,2879,9_S
1789469858.972847,2070,2879,9_S
1789469858.9738932,1945,2878,9_S
1789469858.976269,2132,2880,9_S
1789469858.978702,2220,2878,9_S
1789469858.981014,2572,2882,9_S
1789469858.982071,2308,2882,9_S
1789469858.984127,2254,2879,9_S
1789469858.986439,2249,2880,9_S
1789469858.988984,2407,2880,9_S
1789469858.990032,2245,2880,9_S
1789469858.992338,1882,2878,9_S
1789469858.99452,2016,2879,9_S
1789469858.997012,2092,2879,9_S
1789469858.998064,2231,2881,9_S
1789469859.000376,2252,2880,9_S
1789469859.0026848,2167,2879,9_S
1789469859.0039759,2210,2881,9_S
1789469859.006277,2149,2880,9_S
1789469859.011945,1765,2878,9_S
1789469859.012052,2011,2879,9_S
1789469859.0120902,2293,2879,9_S
1789469859.0149062,2335,2881,9_S
1789469859.0170088,2166,2880,9_S
1789469859.018929,2126,2879,9_S
1789469859.0203168,2290,2880,9_S
1789469859.0229068,2106,2879,9_S
1789469859.025033,2105,2878,9_S
1789469859.026102,2076,2879,9_S
1789469859.028417,2157,2880,9_S
1789469859.030758,2276,2878,9_S
1789469859.031841,2205,2880,9_S
1789469859.037296,2101,2879,9_S
1789469859.0382001,2011,2879,9_S
1789469859.038614,2197,2879,9_S
1789469859.041308,2056,2880,9_S
1789469859.043493,1864,2879,9_S
1789469859.045334,2138,2879,9_S
1789469859.047937,2299,2879,9_S
1789469859.048116,2204,2880,9_S
1789469859.050304,2167,2880,9_S
1789469859.0528362,1929,2880,9_S
1789469859.053971,2108,2880,9_S
1789469859.0562859,2027,2880,9_S
1789469859.058385,1938,2878,9_S
1789469859.060831,2029,2879,9_S
1789469859.061897,2104,2879,9_S
1789469859.064033,2263,2881,9_S
1789469859.066379,1943,2879,9_S
1789469859.068584,1981,2878,9_S
1789469859.070687,1980,2878,9_S
1789469859.073015,2141,2880,9_S
1789469859.074324,1961,2878,9_S
1789469859.076638,1805,2880,9_S
1789469859.077929,2014,2879,9_S
1789469859.080478,2333,2879,9_S
1789469859.081861,2032,2879,9_S
1789469859.08417,1919,2879,9_S
1789469859.086478,1989,2880,9_S
1789469859.087845,2169,2880,9_S
1789469859.090037,2065,2880,9_S
1789469859.092094,2000,2878,9_S
1789469859.09461,2028,2879,9_S
1789469859.095907,2061,2879,9_S
1789469859.09818,2205,2880,9_S
1789469859.1002939,2088,2880,9_S
1789469859.102608,1977,2879,9_S
1789469859.1049118,2120,2879,9_S
1789469859.1062012,2172,2880,9_S
1789469859.108499,1870,2878,9_S
1789469859.113822,1929,2879,9_S
1789469859.1142862,2134,2879,9_S
1789469859.114409,2202,2879,9_S
1789469859.116281,2149,2880,9_S
1789469859.11815,1991,2878,9_S
1789469859.121399,1972,2880,9_S
1789469859.12397,2096,2879,9_S
1789469859.1241422,1928,2878,9_S
1789469859.126273,1948,2879,9_S
1789469859.128347,2104,2879,9_S
1789469859.1306481,2126,2880,9_S
1789469859.136499,2095,2881,9_S
1789469859.1369238,2081,2880,9_S
1789469859.1373382,2102,2879,9_S
1789469859.1388319,2110,2880,9_S
1789469859.1407309,2080,2879,9_S
1789469859.142174,1814,2879,9_S
1789469859.1441941,1926,2879,9_S
1789469859.1467478,2157,2879,9_S
1789469859.148747,2190,2881,9_S
1789469859.1498702,2053,2879,9_S
1789469859.152422,2051,2880,9_S
1789469859.1547341,2347,2880,9_S
1789469859.1570618,2090,2880,9_S
1789469859.1583831,1866,2878,9_S
1789469859.160556,2017,2880,9_S
1789469859.161858,2183,2879,9_S
1789469859.163936,2155,2878,9_S
1789469859.166006,2109,2879,9_S
1789469859.1685498,2034,2879,9_S
1789469859.170613,1980,2878,9_S
1789469859.1718998,2184,2879,9_S
1789469859.174448,1922,2879,9_S
1789469859.176516,1987,2878,9_S
1789469859.177873,2120,2880,9_S
1789469859.1804302,2216,2880,9_S
1789469859.182771,2172,2880,9_S
1789469859.184032,2008,2880,9_S
1789469859.186576,2056,2878,9_S
1789469859.18787,2259,2880,9_S
1789469859.1904151,2091,2880,9_S
1789469859.192962,1874,2879,9_S
1789469859.194002,1999,2880,9_S
1789469859.1960618,2214,2878,9_S
1789469859.1981308,2150,2879,9_S
1789469859.200674,2213,2880,9_S
1789469859.202067,1956,2879,9_S
1789469859.206601,2095,2879,9_S
1789469859.2067142,2173,2879,9_S
1789469859.208687,1913,2878,9_S
1789469859.210488,1965,2880,9_S
1789469859.2123609,2117,2879,9_S
1789469859.215886,2214,2878,9_S
1789469859.216018,2105,2879,9_S
1789469859.218554,2066,2879,9_S
1789469859.220727,2150,2879,9_S
1789469859.221855,2012,2879,9_S
1789469859.22809,1872,2876,9_S
1789469859.2281952,1925,2880,9_S
1789469859.22888,2240,2881,9_S
1789469859.230616,2270,2879,9_S
1789469859.232846,2237,2881,9_S
1789469859.2351239,1985,2879,9_S
1789469859.237487,1862,2880,9_S
1789469859.2391,2069,2880,9_S
1789469859.2403939,2038,2879,9_S
1789469859.242531,1966,2879,9_S
1789469859.243844,2091,2879,9_S
1789469859.246219,2185,2880,9_S
1789469859.248787,2234,2881,9_S
1789469859.2500968,2144,2879,9_S
1789469859.25265,1881,2879,9_S
1789469859.254197,2122,2879,9_S
1789469859.256789,2183,2880,9_S
1789469859.25788,1861,2879,9_S
1789469859.260273,1975,2879,9_S
1789469859.262412,2111,2879,9_S
1789469859.264674,2197,2878,9_S
1789469859.2660139,2209,2880,9_S
1789469859.2683468,2086,2879,9_S
1789469859.2706518,2077,2879,9_S
1789469859.272969,2114,2878,9_S
1789469859.274225,2088,2878,9_S
1789469859.276544,1974,2879,9_S
1789469859.2788532,2014,2879,9_S
1789469859.280148,2176,2879,9_S
1789469859.282463,2202,2880,9_S
1789469859.284916,2083,2880,9_S
1789469859.286208,1996,2879,9_S
1789469859.2885172,2081,2879,9_S
1789469859.289868,2103,2879,9_S
1789469859.292415,2002,2879,9_S
1789469859.298381,1997,2879,9_S
1789469859.29925,2152,2880,9_S
1789469859.300193,2238,2880,9_S
1789469859.300319,2092,2879,9_S
1789469859.303491,2035,2879,9_S
1789469859.3052318,2156,2879,9_S
1789469859.3094962,2197,2880,9_S
1789469859.3096,1889,2877,9_S
1789469859.311264,1910,2879,9_S
1789469859.312316,2164,2879,9_S
1789469859.314626,2224,2879,9_S
1789469859.315925,2089,2879,9_S
1789469859.321881,1994,2878,9_S
1789469859.3222919,2023,2879,9_S
1789469859.322746,2198,2880,9_S
1789469859.324499,2024,2878,9_S
1789469859.326402,1972,2880,9_S
1789469859.3295739,2005,2879,9_S
1789469859.332212,2158,2879,9_S
1789469859.3323991,2145,2880,9_S
1789469859.3345122,2040,2879,9_S
1789469859.335861,2039,2880,9_S
1789469859.338419,2129,2880,9_S
1789469859.3406332,2050,2880,9_S
1789469859.3419268,1934,2879,9_S
1789469859.344247,1991,2879,9_S
1789469859.346775,2202,2880,9_S
1789469859.3480709,2240,2880,9_S
1789469859.350616,2063,2880,9_S
1789469859.352916,2012,2879,9_S
1789469859.354204,2132,2879,9_S
1789469859.356756,2142,2879,9_S
1789469859.358049,1971,2878,9_S
1789469859.360598,1954,2879,9_S
1789469859.362912,2117,2879,9_S
1789469859.3642082,2191,2878,9_S
1789469859.366265,2124,2880,9_S
1789469859.36881,1990,2879,9_S
1789469859.3701,2028,2879,9_S
1789469859.3726468,2206,2880,9_S
1789469859.374951,1970,2878,9_S
1789469859.376004,1918,2880,9_S
1789469859.3783062,2046,2879,9_S
1789469859.380607,2185,2879,9_S
1789469859.38291,2159,2881,9_S
1789469859.3841972,2081,2879,9_S
1789469859.386653,2013,2879,9_S
1789469859.3889658,2173,2880,9_S
1789469859.393919,2107,2880,9_S
1789469859.394408,1948,2878,9_S
1789469859.39516,2028,2879,9_S
1789469859.3966851,2144,2879,9_S
1789469859.398559,2234,2878,9_S
1789469859.400576,2112,2880,9_S
1789469859.4044359,2017,2879,9_S
1789469859.404604,2081,2879,9_S
1789469859.40649,2143,2879,9_S
1789469859.409106,1957,2878,9_S
1789469859.4101472,1968,2879,9_S
1789469859.41248,2134,2878,9_S
1789469859.416681,2242,2879,9_S
1789469859.41737,2129,2880,9_S
1789469859.419067,2000,2879,9_S
1789469859.420732,2020,2879,9_S
1789469859.422518,2130,2880,9_S
1789469859.4261508,1983,2878,9_S
1789469859.426246,1918,2879,9_S
1789469859.429245,2039,2880,9_S
1789469859.4302871,2235,2880,9_S
1789469859.432603,2179,2882,9_S
1789469859.434911,2040,2879,9_S
1789469859.436217,1983,2879,9_S
1789469859.4386802,2112,2879,9_S
1789469859.439979,2080,2879,9_S
1789469859.442098,1956,2879,9_S
1789469859.444649,2022,2878,9_S
1789469859.44594,2182,2878,9_S
1789469859.448242,2243,2879,9_S
1789469859.4505448,2167,2880,9_S
1789469859.452847,2082,2879,9_S
1789469859.453907,2113,2879,9_S
1789469859.456031,2137,2879,9_S
1789469859.458081,1966,2879,9_S
1789469859.460626,1930,2878,9_S
1789469859.4619148,2113,2879,9_S
1789469859.463985,2197,2879,9_S
1789469859.466047,2150,2879,9_S
1789469859.468352,2008,2879,9_S
1789469859.470897,1980,2879,9_S
1789469859.4719439,2150,2879,9_S
1789469859.474487,2041,2879,9_S
1789469859.4768,1913,2879,9_S
1789469859.478091,2025,2880,9_S
1789469859.480402,2202,2879,9_S
1789469859.48468,2187,2882,9_S
1789469859.485974,2073,2880,9_S
1789469859.486089,2028,2879,9_S
1789469859.48897,2154,2879,9_S
1789469859.490937,2130,2880,9_S
1789469859.494504,1916,2879,9_S
1789469859.494615,1996,2879,9_S
1789469859.496626,2189,2880,9_S
1789469859.4978828,2202,2877,9_S
1789469859.500282,2092,2881,9_S
1789469859.502388,1999,2878,9_S
1789469859.506328,2091,2880,9_S
1789469859.507051,2151,2880,9_S
1789469859.508994,1934,2878,9_S
1789469859.51048,1959,2878,9_S
1789469859.511968,2148,2880,9_S
1789469859.516096,2243,2879,9_S
1789469859.516196,2119,2880,9_S
1789469859.518678,2012,2878,9_S
1789469859.51997,2029,2879,9_S
1789469859.522519,2171,2879,9_S
1789469859.523853,2006,2877,9_S
1789469859.5264242,1887,2879,9_S
1789469859.528735,2060,2879,9_S
1789469859.530026,2187,2879,9_S
1789469859.532581,2189,2880,9_S
1789469859.5338712,2096,2879,9_S
1789469859.536166,2041,2880,9_S
1789469859.538712,2185,2881,9_S
1789469859.540002,2076,2879,9_S
1789469859.542548,1924,2879,9_S
1789469859.54386,1992,2880,9_S
1789469859.545932,2173,2879,9_S
1789469859.548481,2239,2880,9_S
1789469859.55058,2088,2880,9_S
1789469859.551877,2027,2880,9_S
1789469859.554421,2224,2880,9_S
1789469859.556972,2291,2881,9_S
1789469859.55826,2044,2878,9_S
1789469859.5608058,2030,2879,9_S
1789469859.562099,2187,2881,9_S
1789469859.5641758,2170,2879,9_S
1789469859.566721,2141,2879,9_S
1789469859.56801,2056,2879,9_S
1789469859.570067,2105,2879,9_S
1789469859.576071,2207,2880,9_S
1789469859.577205,1923,2878,9_S
1789469859.578523,1942,2879,9_S
1789469859.57999,2140,2880,9_S
1789469859.580805,2064,2880,9_S
1789469859.582165,2074,2878,9_S
1789469859.584179,2065,2880,9_S
1789469859.5866392,1965,2880,9_S
1789469859.5883641,2120,2880,9_S
1789469859.5909371,1967,2880,9_S
1789469859.592098,1797,2878,9_S
1789469859.594406,1951,2879,9_S
1789469859.599481,2175,2880,9_S
1789469859.5999591,2274,2881,9_S
1789469859.600756,2144,2880,9_S
1789469859.6034849,2014,2879,9_S
1789469859.6053052,2070,2879,9_S
1789469859.6065001,2107,2880,9_S
1789469859.6089568,1963,2879,9_S
1789469859.610528,1918,2879,9_S
1789469859.612849,2150,2880,9_S
1789469859.614144,2272,2880,9_S
1789469859.616699,2179,2879,9_S
1789469859.617991,2031,2879,9_S
1789469859.6203132,2002,2879,9_S
1789469859.6228821,2188,2878,9_S
1789469859.624172,2022,2881,9_S
1789469859.626716,1931,2879,9_S
1789469859.6277602,2107,2879,9_S
1789469859.630073,2226,2880,9_S
1789469859.632138,2200,2881,9_S
1789469859.634445,2113,2881,9_S
1789469859.636998,2029,2880,9_S
1789469859.6382852,2167,2880,9_S
1789469859.640766,2040,2880,9_S
1789469859.6420548,1893,2879,9_S
1789469859.644598,1951,2880,9_S
1789469859.646902,2183,2879,9_S
1789469859.648212,2259,2881,9_S
1789469859.650523,2127,2879,9_S
1789469859.651822,2031,2879,9_S
1789469859.654145,2115,2880,9_S
1789469859.656437,2193,2880,9_S
1789469859.6590452,1984,2878,9_S
1789469859.660107,1979,2879,9_S
1789469859.662424,2145,2880,9_S
1789469859.664757,2233,2879,9_S
1789469859.674389,2148,2881,9_S
1789469859.677624,1991,2878,9_S
1789469859.6839318,1999,2879,9_S
1789469859.684034,2160,2879,9_S
1789469859.684072,2012,2877,9_S
1789469859.6841228,1920,2878,9_S
1789469859.684161,2032,2879,9_S
1789469859.6841931,2176,2879,9_S
1789469859.684293,2174,2880,9_S
1789469859.6843252,2033,2879,9_S
1789469859.68668,1978,2879,9_S
1789469859.687989,2143,2880,9_S
1789469859.690306,2097,2880,9_S
1789469859.699332,1913,2878,9_S
1789469859.707854,1987,2879,9_S
1789469859.708171,2205,2878,9_S
1789469859.708278,2257,2880,9_S
1789469859.708373,2135,2879,9_S
1789469859.708462,2015,2878,9_S
1789469859.7085462,2103,2879,9_S
1789469859.708632,2182,2880,9_S
1789469859.708721,1958,2878,9_S
1789469859.710878,1918,2880,9_S
1789469859.712192,2129,2878,9_S
1789469859.717109,2212,2880,9_S
1789469859.717164,2106,2879,9_S
1789469859.718278,2003,2880,9_S
1789469859.720862,2012,2879,9_S
1789469859.722244,2171,2879,9_S
1789469859.724968,2014,2880,9_S
1789469859.726094,1889,2879,9_S
1789469859.7278998,2006,2879,9_S
1789469859.7303019,2208,2879,9_S
1789469859.735059,2201,2881,9_S
1789469859.7350972,2112,2879,9_S
1789469859.7477992,2000,2879,9_S
1789469859.747851,2153,2879,9_S
1789469859.747888,2151,2880,9_S
1789469859.747921,1893,2879,9_S
1789469859.747953,1940,2880,9_S
1789469859.747985,2126,2880,9_S
1789469859.7480168,2227,2877,9_S
1789469859.752083,2107,2881,9_S
1789469859.756796,2025,2880,9_S
1789469859.7568908,2073,2879,9_S
1789469859.756961,2158,2879,9_S
1789469859.758284,1940,2878,9_S
1789469859.7597198,1928,2879,9_S
1789469859.762662,2162,2880,9_S
1789469859.765745,2279,2879,9_S
1789469859.765941,2143,2881,9_S
1789469859.773346,1991,2879,9_S
1789469859.775075,2053,2878,9_S
1789469859.775383,2139,2878,9_S
1789469859.776911,2053,2881,9_S
1789469859.777375,1927,2878,9_S
1789469859.779616,1971,2881,9_S
1789469859.7814558,2182,2879,9_S
1789469859.7842188,2241,2881,9_S
1789469859.784658,2104,2879,9_S
1789469859.786769,2007,2878,9_S
1789469859.7878542,2058,2879,9_S
1789469859.790431,2110,2880,9_S
1789469859.791741,1950,2878,9_S
1789469859.7979531,1995,2879,9_S
1789469859.7991931,2199,2878,9_S
1789469859.8003871,2218,2877,9_S
1789469859.800661,2031,2880,9_S
1789469859.802867,2035,2880,9_S
1789469859.804488,2122,2879,9_S
1789469859.8067122,2174,2878,9_S
1789469859.8094132,2001,2879,9_S
1789469859.811533,1879,2878,9_S
1789469859.812853,2115,2879,9_S
1789469859.814152,2130,2880,9_S
1789469859.816478,2030,2880,9_S
1789469859.817788,1954,2880,9_S
1789469859.8203871,2059,2879,9_S
1789469859.821721,2149,2880,9_S
1789469859.82404,1911,2878,9_S
1789469859.826118,1995,2879,9_S
1789469859.828201,2201,2879,9_S
1789469859.830752,2214,2878,9_S
1789469859.831808,2324,2880,9_S
1789469859.834365,1991,2878,9_S
1789469859.8368409,2059,2878,9_S
1789469859.8381371,2126,2878,9_S
1789469859.840439,2208,2880,9_S
1789469859.841704,1959,2877,9_S
1789469859.843783,1909,2879,9_S
1789469859.8461492,2152,2879,9_S
1789469859.84847,2174,2878,9_S
1789469859.849768,2182,2880,9_S
1789469859.8520808,2012,2879,9_S
1789469859.854392,2098,2878,9_S
1789469859.855732,2236,2879,9_S
1789469859.8578959,1933,2877,9_S
1789469859.8603652,1929,2880,9_S
1789469859.862587,2107,2880,9_S
1789469859.863806,2244,2880,9_S
1789469859.8658812,2218,2880,9_S
1789469859.8684318,2011,2879,9_S
1789469859.8753731,2058,2879,9_S
1789469859.875981,2216,2881,9_S
1789469859.876469,2079,2879,9_S
1789469859.876982,1908,2880,9_S
1789469859.878266,2041,2880,9_S
1789469859.880235,2285,2880,9_S
1789469859.88363,2204,2881,9_S
1789469859.886132,1962,2880,9_S
1789469859.8863292,1942,2878,9_S
1789469859.888287,2120,2879,9_S
1789469859.890623,2024,2880,9_S
1789469859.891767,1918,2879,9_S
1789469859.894331,1935,2878,9_S
1789469859.899796,2077,2879,9_S
1789469859.900296,2153,2878,9_S
1789469859.901082,2121,2880,9_S
1789469859.9026759,2105,2880,9_S
1789469859.905039,1999,2879,9_S
1789469859.906809,2158,2880,9_S
1789469859.9083579,2000,2877,9_S
1789469859.910815,1872,2880,9_S
1789469859.912962,2045,2880,9_S
1789469859.914268,2247,2878,9_S
1789469859.916596,2246,2880,9_S
1789469859.9189272,2048,2879,9_S
1789469859.920224,2040,2878,9_S
1789469859.92255,2243,2879,9_S
1789469859.923728,2026,2879,9_S
1789469859.926284,1931,2879,9_S
1789469859.9284039,2050,2880,9_S
1789469859.929749,2263,2879,9_S
1789469859.932065,2201,2881,9_S
1789469859.93437,2012,2880,9_S
1789469859.935742,2010,2879,9_S
1789469859.9382908,2155,2878,9_S
1789469859.9406872,2081,2879,9_S
1789469859.941988,1936,2878,9_S
1789469859.944302,2075,2880,9_S
1789469859.9466162,2142,2879,9_S
1789469859.947733,2133,2878,9_S
1789469859.950284,2306,2880,9_S
1789469859.9525928,2026,2878,9_S
1789469859.953888,2013,2879,9_S
1789469859.956438,2277,2880,9_S
1789469859.957739,1906,2879,9_S
1789469859.960047,1861,2879,9_S
1789469859.9621131,2057,2879,9_S
1789469859.964416,2503,2880,9_S
1789469859.965732,2035,2881,9_S
1789469859.968044,1942,2879,9_S
1789469859.970593,1993,2879,9_S
1789469859.971977,2109,2879,9_S
1789469859.976682,2027,2880,9_S
1789469859.9771578,1853,2879,9_S
1789469859.979073,1979,2879,9_S
1789469859.981117,2245,2880,9_S
1789469859.982778,2350,2881,9_S
1789469859.984461,2207,2880,9_S
1789469859.986899,1811,2879,9_S
1789469859.9887,2047,2878,9_S
1789469859.989762,2181,2880,9_S
1789469859.992317,1996,2878,9_S
1789469859.993703,1841,2880,9_S
1789469859.99948,2144,2880,9_S
1789469860.000339,2009,2878,9_S
1789469860.0012128,1825,2877,9_S
1789469860.004002,2141,2880,9_S
1789469860.0048609,1735,2879,9_S
1789469860.008045,2020,2879,9_S
1789469860.008163,1923,2877,9_S
1789469860.010595,2194,2879,9_S
1789469860.0127912,2431,2881,9_S
1789469860.013848,2171,2879,9_S
1789469860.0159209,2048,2880,9_S
1789469860.0184882,1864,2880,9_S
1789469860.020664,2054,2880,9_S
1789469860.0219672,1973,2879,9_S
1789469860.024101,2330,2881,9_S
1789469860.026656,1879,2878,9_S
1789469860.027735,1769,2879,9_S
1789469860.030061,1577,2879,9_S
1789469860.032615,1697,2877,9_S
1789469860.03391,2197,2879,9_S
1789469860.036462,2534,2880,9_S
1789469860.037761,2313,2880,9_S
1789469860.040094,1572,2876,9_S
1789469860.042422,1859,2879,9_S
1789469860.043732,2074,2879,9_S
1789469860.046039,2226,2878,9_S
1789469860.048157,2325,2880,9_S
1789469860.05021,1897,2877,9_S
1789469860.052759,2159,2879,9_S
1789469860.053817,1958,2879,9_S
1789469860.0563672,1854,2878,9_S
1789469860.057755,2048,2878,9_S
1789469860.059828,1915,2879,9_S
1789469860.062088,1916,2879,9_S
1789469860.06459,2146,2880,9_S
1789469860.0658839,2024,2877,9_S
1789469860.0684328,1869,2879,9_S
1789469860.0697532,1792,2879,9_S
1789469860.076246,2237,2880,9_S
1789469860.0768158,1956,2880,9_S
1789469860.077676,1717,2879,9_S
1789469860.0782988,2009,2879,9_S
1789469860.081375,2485,2882,9_S
1789469860.083159,2223,2881,9_S
1789469860.0848808,1744,2877,9_S
1789469860.087408,1890,2881,9_S
1789469860.089219,2124,2880,9_S
1789469860.0902731,2375,2880,9_S
1789469860.0928261,2131,2879,9_S
1789469860.0941298,1717,2879,9_S
1789469860.1001642,1764,2879,9_S
1789469860.1010308,1907,2880,9_S
1789469860.1014972,2141,2880,9_S
1789469860.1033442,2257,2881,9_S
1789469860.1052601,1912,2880,9_S
1789469860.107362,1864,2879,9_S
1789469860.108725,1837,2876,9_S
1789469860.111437,1721,2879,9_S
1789469860.113659,1792,2878,9_S
1789469860.113734,2150,2880,9_S
1789469860.116043,2000,2878,9_S
1789469860.1184351,2051,2880,9_S
1789469860.119741,1900,2879,9_S
1789469860.122308,2265,2881,9_S
1789469860.124637,1999,2879,9_S
1789469860.125938,1798,2878,9_S
1789469860.128233,1734,2879,9_S
1789469860.1307142,2173,2879,9_S
1789469860.132013,1940,2878,9_S
1789469860.134318,1917,2880,9_S
1789469860.136649,2026,2879,9_S
1789469860.137738,1745,2879,9_S
1789469860.140286,2174,2879,9_S
1789469860.142595,1611,2878,9_S
1789469860.143892,1521,2879,9_S
1789469860.146198,1954,2879,9_S
1789469860.148723,2086,2879,9_S
1789469860.149777,2098,2880,9_S
1789469860.1522748,1797,2879,9_S
1789469860.1545641,1784,2880,9_S
1789469860.155854,1755,2880,9_S
1789469860.158159,1511,2876,9_S
1789469860.160289,1713,2879,9_S
1789469860.162836,2198,2881,9_S
1789469860.164126,2030,2878,9_S
1789469860.1666718,1917,2879,9_S
1789469860.167964,1809,2878,9_S
1789469860.170511,1595,2878,9_S
1789469860.172657,1859,2878,9_S
1789469860.1771488,1834,2877,9_S
1789469860.1776052,1615,2878,9_S
1789469860.1780741,1759,2880,9_S
1789469860.180416,1986,2879,9_S
1789469860.1822379,2019,2878,9_S
1789469860.1855319,2134,2882,9_S
1789469860.18798,1958,2880,9_S
1789469860.188255,2107,2879,9_S
1789469860.189888,2050,2880,9_S
1789469860.1924438,1675,2878,9_S
1789469860.194508,1821,2879,9_S
1789469860.199876,2303,2880,9_S
1789469860.200306,2044,2878,9_S
1789469860.200759,2378,2881,9_S
1789469860.2028449,2279,2880,9_S
1789469860.20499,1918,2879,9_S
1789469860.20786,2073,2880,9_S
1789469860.208022,2057,2878,9_S
1789469860.210541,2008,2880,9_S
1789469860.21254,2045,2879,9_S
1789469860.213835,1969,2880,9_S
1789469860.216359,2007,2880,9_S
1789469860.217658,2011,2879,9_S
1789469860.220215,1892,2878,9_S
1789469860.222549,1841,2879,9_S
1789469860.224894,2164,2881,9_S
1789469860.22619,2207,2879,9_S
1789469860.2286909,1993,2878,9_S
1789469860.229985,2159,2879,9_S
1789469860.232532,2353,2881,9_S
1789469860.234675,2000,2880,9_S
1789469860.235968,2089,2880,9_S
1789469860.238025,2058,2879,9_S
1789469860.2405708,2039,2880,9_S
1789469860.241861,1965,2879,9_S
1789469860.2444081,1961,2880,9_S
1789469860.246484,2212,2879,9_S
1789469860.247774,2250,2879,9_S
1789469860.250085,2073,2880,9_S
1789469860.252506,2110,2881,9_S
1789469860.254574,1977,2879,9_S
1789469860.255863,2426,2880,9_S
1789469860.258198,1872,2878,9_S
1789469860.260757,1895,2879,9_S
1789469860.262057,2162,2880,9_S
1789469860.2646139,2190,2879,9_S
1789469860.2659042,2225,2880,9_S
1789469860.268469,2167,2879,9_S
1789469860.272734,2025,2878,9_S
1789469860.273159,2447,2880,9_S
1789469860.275223,2252,2880,9_S
1789469860.276763,1841,2878,9_S
1789469860.278306,2060,2879,9_S
1789469860.2802691,2281,2880,9_S
1789469860.282602,2239,2880,9_S
1789469860.284702,2081,2880,9_S
1789469860.286007,1898,2879,9_S
1789469860.288329,2121,2880,9_S
1789469860.28963,2301,2880,9_S
1789469860.295278,2062,2879,9_S
1789469860.29619,2035,2879,9_S
1789469860.2966368,2152,2880,9_S
1789469860.298102,2363,2882,9_S
1789469860.3008142,2192,2879,9_S
1789469860.303015,1927,2879,9_S
1789469860.30564,2343,2881,9_S
1789469860.3057961,1789,2878,9_S
1789469860.308553,2069,2880,9_S
1789469860.309848,1862,2879,9_S
1789469860.312403,2187,2879,9_S
1789469860.314469,2346,2878,9_S
1789469860.315778,2249,2881,9_S
1789469860.318094,2225,2880,9_S
1789469860.3206432,2066,2879,9_S
1789469860.32169,2278,2879,9_S
1789469860.324246,2197,2880,9_S
1789469860.326549,1795,2879,9_S
1789469860.327719,1995,2880,9_S
1789469860.330268,2208,2878,9_S
1789469860.3323982,2129,2879,9_S
1789469860.333689,2060,2880,9_S
1789469860.335988,1937,2878,9_S
1789469860.338538,2126,2880,9_S
1789469860.339828,2345,2880,9_S
1789469860.342379,1961,2877,9_S
1789469860.343679,1943,2879,9_S
1789469860.3462248,2120,2880,9_S
1789469860.3476229,2290,2878,9_S
1789469860.349702,2169,2879,9_S
1789469860.352252,2133,2880,9_S
1789469860.3546722,2112,2879,9_S
1789469860.355724,2221,2879,9_S
1789469860.358274,2006,2878,9_S
1789469860.359623,2067,2878,9_S
1789469860.3616982,2170,2879,9_S
1789469860.3674738,2340,2878,9_S
1789469860.367881,2235,2880,9_S
1789469860.368354,2195,2879,9_S
1789469860.3701172,2003,2878,9_S
1789469860.371679,2268,2879,9_S
1789469860.3751838,1996,2879,9_S
1789469860.377874,1992,2879,9_S
1789469860.377971,2052,2881,9_S
1789469860.380109,2332,2879,9_S
1789469860.382424,2392,2880,9_S
1789469860.383719,2069,2879,9_S
1789469860.386024,2035,2880,9_S
1789469860.3905962,2236,2879,9_S
1789469860.391381,2181,2878,9_S
1789469860.3933399,1905,2878,9_S
1789469860.395184,2080,2879,9_S
1789469860.396811,2039,2879,9_S
1789469860.398483,2341,2879,9_S
1789469860.401025,2111,2880,9_S
1789469860.403024,2257,2880,9_S
1789469860.4043279,2106,2878,9_S
1789469860.405652,2222,2879,9_S
1789469860.408096,2037,2878,9_S
1789469860.4106722,1937,2880,9_S
1789469860.4119968,2195,2880,9_S
1789469860.414506,2183,2879,9_S
1789469860.415797,2264,2881,9_S
1789469860.418344,2004,2878,9_S
1789469860.4196339,2013,2879,9_S
1789469860.422188,1950,2879,9_S
1789469860.42449,2011,2880,9_S
1789469860.4256158,2019,2877,9_S
1789469860.4278982,2048,2878,9_S
1789469860.4304461,2182,2879,9_S
1789469860.43252,2273,2881,9_S
1789469860.433673,2163,2879,9_S
1789469860.43622,2099,2879,9_S
1789469860.4387689,2115,2879,9_S
1789469860.4398222,2102,2880,9_S
1789469860.4418812,1882,2878,9_S
1789469860.4441862,1942,2879,9_S
1789469860.4464839,2159,2879,9_S
1789469860.4476109,2140,2878,9_S
1789469860.4498482,2029,2879,9_S
1789469860.45215,1978,2879,9_S
1789469860.45446,1955,2879,9_S
1789469860.455656,2215,2879,9_S
1789469860.458218,2031,2879,9_S
1789469860.462752,1837,2879,9_S
1789469860.463161,2114,2878,9_S
1789469860.465499,2169,2879,9_S
1789469860.465746,2170,2881,9_S
1789469860.468599,1922,2879,9_S
1789469860.470745,2045,2879,9_S
1789469860.473496,2289,2879,9_S
1789469860.475619,2000,2880,9_S
1789469860.475658,1779,2879,9_S
1789469860.478208,2030,2880,9_S
1789469860.479615,2206,2880,9_S
1789469860.485578,2185,2879,9_S
1789469860.486352,1986,2880,9_S
1789469860.486748,1909,2879,9_S
1789469860.4884999,2143,2880,9_S
1789469860.490706,2161,2880,9_S
1789469860.4935098,1831,2878,9_S
1789469860.493686,1934,2880,9_S
1789469860.4962711,2138,2880,9_S
1789469860.4983392,2195,2879,9_S
1789469860.5006459,2097,2880,9_S
1789469860.501816,2121,2879,9_S
1789469860.50437,2165,2881,9_S
1789469860.50666,2106,2879,9_S
1789469860.507956,1905,2879,9_S
1789469860.510263,1901,2878,9_S
1789469860.51162,2223,2880,9_S
1789469860.514176,2226,2879,9_S
1789469860.5164359,2297,2881,9_S
1789469860.517727,1821,2879,9_S
1789469860.519941,1933,2879,9_S
1789469860.522242,2195,2879,9_S
1789469860.5236201,1981,2879,9_S
1789469860.52597,1779,2880,9_S
1789469860.5282948,1887,2880,9_S
1789469860.529639,2169,2880,9_S
1789469860.532053,2219,2881,9_S
1789469860.5345979,2143,2880,9_S
1789469860.535889,2087,2879,9_S
1789469860.538435,2192,2880,9_S
1789469860.539724,2235,2880,9_S
1789469860.542057,1986,2878,9_S
1789469860.54436,1976,2878,9_S
1789469860.54565,2148,2879,9_S
1789469860.5477068,2297,2878,9_S
1789469860.5502532,2190,2880,9_S
1789469860.551614,1885,2879,9_S
1789469860.557666,1964,2880,9_S
1789469860.5577521,2259,2879,9_S
1789469860.558178,2055,2881,9_S
1789469860.5601962,1905,2879,9_S
1789469860.563499,2039,2880,9_S
1789469860.563935,2167,2879,9_S
1789469860.567893,2246,2881,9_S
1789469860.5680158,2154,2879,9_S
1789469860.570098,2013,2880,9_S
1789469860.572654,2140,2880,9_S
1789469860.5737128,2026,2881,9_S
1789469860.576268,1895,2877,9_S
1789469860.5805728,1956,2880,9_S
1789469860.5813792,2109,2880,9_S
1789469860.583402,2286,2881,9_S
1789469860.585242,2165,2880,9_S
1789469860.586768,1885,2880,9_S
1789469860.588437,2088,2879,9_S
1789469860.591098,2212,2879,9_S
1789469860.5932548,1988,2877,9_S
1789469860.594557,1834,2879,9_S
1789469860.59585,2087,2880,9_S
1789469860.598399,2186,2878,9_S
1789469860.6004639,2147,2880,9_S
1789469860.6017768,1918,2879,9_S
1789469860.604115,2036,2880,9_S
1789469860.60625,2273,2879,9_S
1789469860.608452,1969,2878,9_S
1789469860.609747,1922,2879,9_S
1789469860.612051,1956,2880,9_S
1789469860.614348,2275,2878,9_S
1789469860.615644,2319,2880,9_S
1789469860.617857,2148,2879,9_S
1789469860.6201699,2082,2879,9_S
1789469860.6224792,2184,2880,9_S
1789469860.623768,2186,2880,9_S
1789469860.626315,1906,2879,9_S
1789469860.6283782,2035,2880,9_S
1789469860.63068,2211,2879,9_S
1789469860.631736,2208,2878,9_S
1789469860.634283,2119,2880,9_S
1789469860.636696,1897,2879,9_S
1789469860.637743,2035,2880,9_S
1789469860.64005,2195,2880,9_S
1789469860.642594,1956,2878,9_S
1789469860.643649,1875,2880,9_S
1789469860.645958,2181,2880,9_S
1789469860.652867,2180,2880,9_S
1789469860.653395,2132,2880,9_S
1789469860.653835,2145,2880,9_S
1789469860.65425,2062,2880,9_S
1789469860.657744,2063,2880,9_S
1789469860.6582038,1932,2878,9_S
1789469860.663268,1902,2879,9_S
1789469860.663389,2085,2880,9_S
1789469860.665076,2204,2879,9_S
1789469860.666356,2234,2881,9_S
1789469860.667647,2109,2879,9_S
1789469860.670084,2010,2879,9_S
1789469860.675329,2119,2879,9_S
1789469860.6757681,2019,2880,9_S
1789469860.676497,1847,2879,9_S
1789469860.6781619,2003,2880,9_S
1789469860.680135,2196,2880,9_S
1789469860.68284,2150,2879,9_S
1789469860.685336,1986,2880,9_S
1789469860.6869051,1962,2879,9_S
1789469860.687958,2079,2879,9_S
1789469860.690183,2279,2880,9_S
1789469860.692684,1943,2877,9_S
1789469860.693973,1874,2879,9_S
1789469860.696297,2137,2880,9_S
1789469860.697608,2282,2878,9_S
1789469860.6997561,2203,2880,9_S
1789469860.702058,2027,2879,9_S
1789469860.704533,1969,2879,9_S
1789469860.705827,2105,2880,9_S
1789469860.708092,2092,2880,9_S
1789469860.710402,1942,2878,9_S
1789469860.7125099,2087,2880,9_S
1789469860.713693,2268,2880,9_S
1789469860.716247,2266,2881,9_S
1789469860.718555,2122,2879,9_S
1789469860.7198431,1971,2878,9_S
1789469860.722267,2136,2880,9_S
1789469860.724378,2111,2879,9_S
1789469860.7256691,1919,2878,9_S
1789469860.727968,2039,2878,9_S
1789469860.730264,2195,2878,9_S
1789469860.732316,2129,2878,9_S
1789469860.734616,2156,2880,9_S
1789469860.735903,2072,2879,9_S
1789469860.7382069,2112,2879,9_S
1789469860.739775,2225,2878,9_S
1789469860.744318,1908,2877,9_S
1789469860.745043,1934,2878,9_S
1789469860.7465081,2157,2879,9_S
1789469860.7481768,2266,2878,9_S
1789469860.751234,2211,2880,9_S
1789469860.753799,2018,2878,9_S
1789469860.754085,2006,2878,9_S
1789469860.757069,2153,2879,9_S
1789469860.758364,1978,2878,9_S
1789469860.759657,1940,2878,9_S
1789469860.766867,2005,2880,9_S
1789469860.7672472,2158,2880,9_S
1789469860.768337,2215,2880,9_S
1789469860.7684789,2079,2879,9_S
1789469860.770199,1947,2878,9_S
1789469860.773041,2116,2880,9_S
1789469860.775701,1994,2881,9_S
1789469860.775784,1873,2878,9_S
1789469860.778365,1953,2880,9_S
1789469860.779598,2152,2878,9_S
1789469860.782155,2200,2877,9_S
1789469860.784464,2142,2880,9_S
1789469860.7856178,1953,2878,9_S
1789469860.788175,2047,2878,9_S
1789469860.7907252,2203,2880,9_S
1789469860.7920158,1925,2879,9_S
1789469860.794566,1896,2880,9_S
1789469860.7956202,2129,2880,9_S
1789469860.797993,2245,2879,9_S
1789469860.800308,2127,2881,9_S
1789469860.801624,2006,2881,9_S
1789469860.803932,2033,2878,9_S
1789469860.8062341,2205,2880,9_S
1789469860.807607,2040,2879,9_S
1789469860.810156,1972,2879,9_S
1789469860.812209,2030,2879,9_S
1789469860.8143091,2275,2879,9_S
1789469860.816463,2242,2881,9_S
1789469860.818774,2069,2879,9_S
1789469860.8198211,2017,2878,9_S
1789469860.8221262,2163,2879,9_S
1789469860.82443,2094,2880,9_S
1789469860.825593,1899,2878,9_S
1789469860.827911,1935,2879,9_S
1789469860.83021,2150,2880,9_S
1789469860.834891,2253,2879,9_S
1789469860.835006,2121,2880,9_S
1789469860.8369,1989,2880,9_S
1789469860.839554,2108,2880,9_S
1789469860.839974,2213,2880,9_S
1789469860.8421729,1986,2878,9_S
1789469860.844606,1944,2880,9_S
1789469860.84657,2160,2880,9_S
1789469860.847868,2255,2878,9_S
1789469860.850417,2145,2881,9_S
1789469860.851707,2053,2879,9_S
1789469860.856543,2055,2878,9_S
1789469860.857267,2225,2879,9_S
1789469860.85863,2025,2879,9_S
1789469860.8603652,1882,2879,9_S
1789469860.861977,2081,2879,9_S
1789469860.865945,2249,2879,9_S
1789469860.866079,2240,2881,9_S
1789469860.868043,2100,2878,9_S
1789469860.870612,2022,2880,9_S
1789469860.871663,2154,2881,9_S
1789469860.873912,2196,2880,9_S
1789469860.876482,1987,2878,9_S
1789469860.87778,2024,2880,9_S
1789469860.88033,2164,2880,9_S
1789469860.881619,2275,2880,9_S
1789469860.8841631,2200,2880,9_S
1789469860.886466,2006,2879,9_S
1789469860.887755,2044,2878,9_S
1789469860.8902988,2155,2879,9_S
1789469860.892363,2002,2878,9_S
1789469860.8936598,1933,2879,9_S
1789469860.8962061,2119,2880,9_S
1789469860.8976388,2240,2880,9_S
1789469860.899946,2209,2879,9_S
1789469860.9022489,2078,2881,9_S
1789469860.904418,2073,2879,9_S
1789469860.906471,2221,2880,9_S
1789469860.907765,2034,2880,9_S
1789469860.9098308,1914,2879,9_S
1789469860.9121459,2109,2880,9_S
1789469860.9143648,2283,2879,9_S
1789469860.9166741,2247,2880,9_S
1789469860.9177222,2053,2879,9_S
1789469860.920018,1999,2878,9_S
1789469860.9249039,2177,2880,9_S
1789469860.925292,2183,2880,9_S
1789469860.927328,1939,2877,9_S
1789469860.9291031,1998,2879,9_S
1789469860.9310021,2210,2879,9_S
1789469860.934616,2302,2881,9_S
1789469860.9347808,2169,2880,9_S
1789469860.9366,2040,2879,9_S
1789469860.937906,2129,2880,9_S
1789469860.940462,2230,2880,9_S
1789469860.941644,2002,2879,9_S
1789469860.94645,1984,2879,9_S
1789469860.9468522,2147,2879,9_S
1789469860.948488,2274,2879,9_S
1789469860.950198,2237,2881,9_S
1789469860.951621,2084,2879,9_S
1789469860.955692,2039,2879,9_S
1789469860.95596,2197,2880,9_S
1789469860.958622,2117,2880,9_S
1789469860.9599192,1853,2879,9_S
1789469860.9624698,1898,2880,9_S
1789469860.963606,2221,2879,9_S
1789469860.966173,2241,2881,9_S
1789469860.968478,2079,2880,9_S
1789469860.970598,2052,2879,9_S
1789469860.971733,2256,2881,9_S
1789469860.974277,2275,2879,9_S
1789469860.976647,1993,2878,9_S
1789469860.977938,2008,2879,9_S
1789469860.98,2299,2879,9_S
1789469860.9823081,2397,2880,9_S
1789469860.9836721,2149,2880,9_S
1789469860.9862201,1959,2879,9_S
1789469860.988527,2170,2880,9_S
1789469860.989603,2237,2881,9_S
1789469860.9921541,1860,2878,9_S
1789469860.994456,1959,2878,9_S
1789469860.995593,2114,2880,9_S
1789469860.99791,2199,2879,9_S
1789469861.000213,2112,2881,9_S
1789469861.002393,1966,2880,9_S
1789469861.004694,1973,2878,9_S
1789469861.005982,2123,2878,9_S
1789469861.008287,2022,2880,9_S
1789469861.010377,1934,2879,9_S
1789469861.015151,2158,2879,9_S
1789469861.0159302,2394,2880,9_S
1789469861.016682,2313,2881,9_S
1789469861.0179121,2112,2879,9_S
1789469861.021031,2029,2878,9_S
1789469861.022638,2107,2880,9_S
1789469861.025142,2177,2880,9_S
1789469861.027275,1882,2879,9_S
1789469861.0283341,1936,2880,9_S
1789469861.0296261,2135,2879,9_S
1789469861.032175,2242,2879,9_S
1789469861.037057,2171,2879,9_S
1789469861.037749,2063,2879,9_S
1789469861.038153,2066,2880,9_S
1789469861.0406022,2194,2879,9_S
1789469861.0420601,2009,2879,9_S
1789469861.0437639,1953,2880,9_S
1789469861.0462668,2130,2879,9_S
1789469861.0478542,2259,2878,9_S
1789469861.050418,2161,2881,9_S
1789469861.051708,2018,2878,9_S
1789469861.054157,2026,2879,9_S
1789469861.056305,2197,2880,9_S
1789469861.05761,2067,2880,9_S
1789469861.05993,1905,2878,9_S
1789469861.062239,2008,2878,9_S
1789469861.0644648,2181,2880,9_S
1789469861.066779,2237,2880,9_S
1789469861.067828,2107,2880,9_S
1789469861.069935,2044,2879,9_S
1789469861.072323,2188,2880,9_S
1789469861.073612,2133,2879,9_S
1789469861.075824,1865,2877,9_S
1789469861.078125,2007,2879,9_S
1789469861.080568,2201,2880,9_S
1789469861.0819001,2243,2878,9_S
1789469861.084214,2121,2880,9_S
1789469861.085697,2009,2880,9_S
1789469861.0880141,2021,2879,9_S
1789469861.090595,2180,2879,9_S
1789469861.091988,1984,2878,9_S
1789469861.0946162,1925,2879,9_S
1789469861.0956721,2130,2880,9_S
1789469861.0980082,2245,2879,9_S
1789469861.100234,2169,2880,9_S
1789469861.1020741,2054,2878,9_S
1789469861.104558,2045,2879,9_S
1789469861.105806,2200,2879,9_S
1789469861.1114628,2096,2880,9_S
1789469861.112427,1945,2878,9_S
1789469861.11375,2041,2879,9_S
1789469861.113913,2242,2879,9_S
1789469861.117651,2217,2881,9_S
1789469861.1194408,2066,2880,9_S
1789469861.122132,2000,2879,9_S
1789469861.1222908,2108,2879,9_S
1789469861.124322,2138,2880,9_S
1789469861.1264179,1937,2878,9_S
1789469861.128513,1954,2880,9_S
1789469861.1295629,2162,2878,9_S
1789469861.134457,2275,2881,9_S
1789469861.135697,2187,2880,9_S
1789469861.13618,2071,2879,9_S
1789469861.137751,2112,2880,9_S
1789469861.140905,2199,2880,9_S
1789469861.1428878,2003,2877,9_S
1789469861.145443,1936,2879,9_S
1789469861.147659,2090,2880,9_S
1789469861.1476989,2197,2879,9_S
1789469861.1502552,2119,2880,9_S
1789469861.152704,2005,2881,9_S
1789469861.153995,2024,2879,9_S
1789469861.1563241,2181,2881,9_S
1789469861.1576152,2077,2881,9_S
1789469861.1596959,1937,2879,9_S
1789469861.161769,2046,2880,9_S
1789469861.163842,2196,2879,9_S
1789469861.1661608,2183,2882,9_S
1789469861.168712,2086,2879,9_S
1789469861.1700091,2021,2879,9_S
1789469861.172559,2122,2880,9_S
1789469861.17385,2137,2881,9_S
1789469861.176167,1931,2878,9_S
1789469861.178717,1946,2880,9_S
1789469861.180008,2139,2880,9_S
1789469861.182177,2208,2878,9_S
1789469861.1844878,2119,2879,9_S
1789469861.1855402,2036,2879,9_S
1789469861.187617,2063,2877,9_S
1789469861.1901708,2219,2879,9_S
1789469861.1922402,2007,2877,9_S
1789469861.194581,1931,2878,9_S
1789469861.1956348,2110,2880,9_S
1789469861.1976929,2260,2879,9_S
1789469861.1997492,2202,2879,9_S
1789469861.20233,2073,2879,9_S
1789469861.203763,2006,2879,9_S
1789469861.2094028,2164,2878,9_S
1789469861.21034,2027,2880,9_S
1789469861.210863,1873,2879,9_S
1789469861.212241,2007,2879,9_S
1789469861.2140858,2192,2879,9_S
1789469861.2159429,2232,2881,9_S
1789469861.218078,2126,2880,9_S
1789469861.2208252,1986,2879,9_S
1789469861.223091,2063,2880,9_S
1789469861.224417,2115,2880,9_S
1789469861.225486,1909,2877,9_S
1789469861.227702,1989,2880,9_S
1789469861.229964,2177,2880,9_S
1789469861.237601,2211,2879,9_S
1789469861.2378821,2116,2880,9_S
1789469861.2381172,2026,2879,9_S
1789469861.24001,2050,2879,9_S
1789469861.241237,2175,2880,9_S
1789469861.2426329,2018,2878,9_S
1789469861.247038,1911,2878,9_S
1789469861.247144,2049,2879,9_S
1789469861.2494562,2220,2880,9_S
1789469861.2495182,2142,2879,9_S
1789469861.252058,2014,2880,9_S
1789469861.25439,1987,2879,9_S
1789469861.255697,2162,2881,9_S
1789469861.258163,2079,2880,9_S
1789469861.260687,1920,2880,9_S
1789469861.261773,2062,2879,9_S
1789469861.2639139,2204,2880,9_S
1789469861.266096,2241,2880,9_S
1789469861.26831,2096,2879,9_S
1789469861.269619,2022,2880,9_S
1789469861.272071,2116,2879,9_S
1789469861.2741692,2133,2879,9_S
1789469861.276268,1944,2879,9_S
1789469861.277459,1968,2879,9_S
1789469861.2795992,2151,2880,9_S
1789469861.2820091,2214,2878,9_S
1789469861.284121,2117,2880,9_S
1789469861.286304,2014,2878,9_S
1789469861.288527,2039,2879,9_S
1789469861.28972,2175,2879,9_S
1789469861.291887,1995,2877,9_S
1789469861.294007,1898,2879,9_S
1789469861.296473,2045,2879,9_S
1789469861.297624,2214,2879,9_S
1789469861.3001752,2185,2880,9_S
1789469861.301528,2060,2880,9_S
1789469861.303915,1983,2878,9_S
1789469861.3063412,2135,2880,9_S
1789469861.3074932,2055,2880,9_S
1789469861.310303,1886,2879,9_S
1789469861.3154728,1988,2880,9_S
1789469861.3163571,2179,2879,9_S
1789469861.316865,2211,2881,9_S
1789469861.318339,2089,2880,9_S
1789469861.3200939,1996,2879,9_S
1789469861.3219929,2101,2879,9_S
1789469861.3241951,2141,2880,9_S
1789469861.326928,1942,2878,9_S
1789469861.329186,1941,2879,9_S
1789469861.330488,2170,2878,9_S
1789469861.3317828,2197,2878,9_S
1789469861.334333,2063,2880,9_S
1789469861.335629,1952,2879,9_S
1789469861.3420742,2009,2880,9_S
1789469861.3421881,2242,2879,9_S
1789469861.342659,2077,2880,9_S
1789469861.344955,1931,2878,9_S
1789469861.347344,2052,2879,9_S
1789469861.347827,2217,2879,9_S
1789469861.350539,2202,2881,9_S
1789469861.355274,2021,2879,9_S
1789469861.355516,1857,2878,9_S
1789469861.355563,2125,2880,9_S
1789469861.358015,2134,2879,9_S
1789469861.360578,1902,2879,9_S
1789469861.361642,1931,2881,9_S
1789469861.363817,2114,2879,9_S
1789469861.366379,2158,2877,9_S
1789469861.367454,2087,2879,9_S
1789469861.3697631,2012,2878,9_S
1789469861.3721468,2100,2879,9_S
1789469861.3735192,2241,2880,9_S
1789469861.376075,1911,2878,9_S
1789469861.377455,1856,2880,9_S
1789469861.3797681,2050,2879,9_S
1789469861.382072,2269,2880,9_S
1789469861.38414,2106,2881,9_S
1789469861.386274,1935,2879,9_S
1789469861.38834,2106,2880,9_S
1789469861.3894558,2347,2881,9_S
1789469861.392011,1915,2876,9_S
1789469861.39456,1762,2879,9_S
1789469861.395854,1932,2880,9_S
1789469861.398161,2219,2879,9_S
1789469861.3994722,2233,2880,9_S
1789469861.402022,2037,2879,9_S
1789469861.404326,1988,2879,9_S
1789469861.4056199,2135,2880,9_S
1789469861.407925,1955,2880,9_S
1789469861.409995,1874,2878,9_S
1789469861.4120572,2100,2880,9_S
1789469861.414131,2300,2880,9_S
1789469861.4156091,2204,2879,9_S
1789469861.4202602,1903,2879,9_S
1789469861.420809,2062,2880,9_S
1789469861.422951,2195,2879,9_S
1789469861.424311,2141,2880,9_S
1789469861.4256158,1753,2878,9_S
1789469861.430857,1918,2880,9_S
1789469861.43103,2170,2880,9_S
1789469861.433204,2314,2880,9_S
1789469861.434507,2086,2880,9_S
1789469861.435804,1981,2879,9_S
1789469861.438241,2017,2879,9_S
1789469861.4395351,2110,2880,9_S
1789469861.444704,1978,2876,9_S
1789469861.4452171,1963,2880,9_S
1789469861.447458,2153,2878,9_S
1789469861.447627,2038,2879,9_S
1789469861.450542,2195,2880,9_S
1789469861.4528692,2086,2878,9_S
1789469861.455371,1784,2878,9_S
1789469861.455612,2136,2879,9_S
1789469861.4578419,2289,2881,9_S
1789469861.4604049,1963,2878,9_S
1789469861.4617028,2172,2879,9_S
1789469861.4640892,2023,2879,9_S
1789469861.4664588,2096,2878,9_S
1789469861.467527,2119,2879,9_S
1789469861.469829,1984,2880,9_S
1789469861.472379,2068,2878,9_S
1789469861.4734788,2055,2879,9_S
1789469861.476038,1846,2878,9_S
1789469861.47859,1879,2879,9_S
1789469861.479808,2122,2879,9_S
1789469861.4823549,2144,2880,9_S
1789469861.4836469,2031,2879,9_S
1789469861.4859588,1963,2879,9_S
1789469861.488265,1977,2879,9_S
1789469861.4895601,2101,2879,9_S
1789469861.491811,2014,2879,9_S
1789469861.4943628,1887,2878,9_S
1789469861.495662,1978,2879,9_S
1789469861.4981482,2104,2879,9_S
1789469861.499462,2178,2878,9_S
1789469861.5020108,2083,2880,9_S
1789469861.5045629,2047,2879,9_S
1789469861.505855,2245,2880,9_S
1789469861.507939,2215,2880,9_S
1789469861.510218,1760,2878,9_S
1789469861.512286,1736,2878,9_S
1789469861.514632,2016,2880,9_S
1789469861.515681,2169,2879,9_S
1789469861.521587,2072,2879,9_S
1789469861.52207,1946,2879,9_S
1789469861.522198,1975,2878,9_S
1789469861.5243719,1914,2879,9_S
1789469861.5258791,1809,2878,9_S
1789469861.5294132,2087,2878,9_S
1789469861.531852,2392,2880,9_S
1789469861.5319638,2266,2878,9_S
1789469861.5336199,1945,2878,9_S
1789469861.53617,1833,2880,9_S
1789469861.538487,2038,2878,9_S
1789469861.539778,2305,2880,9_S
1789469861.544644,2131,2878,9_S
1789469861.545134,1782,2878,9_S
1789469861.54721,1863,2880,9_S
1789469861.549037,2309,2881,9_S
1789469861.550859,2178,2879,9_S
1789469861.554464,2068,2879,9_S
1789469861.554634,2318,2880,9_S
1789469861.556602,2248,2879,9_S
1789469861.557899,2207,2878,9_S
1789469861.560479,1676,2879,9_S
1789469861.5616121,1528,2879,9_S
1789469861.56419,1771,2880,9_S
1789469861.565494,2271,2880,9_S
1789469861.568011,2235,2880,9_S
1789469861.570559,1973,2879,9_S
1789469861.5716128,2164,2880,9_S
1789469861.573916,2040,2880,9_S
1789469861.576462,1800,2876,9_S
1789469861.577753,1318,2878,9_S
1789469861.580299,2348,2880,9_S
1789469861.581589,2475,2882,9_S
1789469861.5841348,1870,2877,9_S
1789469861.585484,2246,2881,9_S
1789469861.587918,1779,2878,9_S
1789469861.590464,2066,2879,9_S
1789469861.5917592,1967,2877,9_S
1789469861.594272,2011,2879,9_S
1789469861.595565,1767,2880,9_S
1789469861.598117,2230,2879,9_S
1789469861.600225,1478,2878,9_S
1789469861.601517,2022,2879,9_S
1789469861.6040618,1887,2879,9_S
1789469861.6066089,2151,2880,9_S
1789469861.607818,2601,2881,9_S
1789469861.610367,1768,2877,9_S
1789469861.6114519,1772,2880,9_S
1789469861.617383,2057,2880,9_S
1789469861.617846,2129,2879,9_S
1789469861.6182342,2233,2881,9_S
1789469861.619782,1737,2878,9_S
1789469861.623001,1663,2879,9_S
1789469861.624962,2340,2881,9_S
1789469861.627549,2156,2880,9_S
1789469861.627722,1742,2879,9_S
1789469861.6298728,2005,2879,9_S
1789469861.6324391,2332,2879,9_S
1789469861.633733,2233,2881,9_S
1789469861.636171,2213,2881,9_S
1789469861.641335,1999,2879,9_S
1789469861.641772,1964,2880,9_S
1789469861.643573,1520,2877,9_S
1789469861.64372,1724,2878,9_S
1789469861.646421,2214,2880,9_S
1789469861.6485791,2191,2880,9_S
1789469861.651218,2147,2879,9_S
1789469861.6528761,1981,2879,9_S
1789469861.6546261,2212,2879,9_S
1789469861.655892,2537,2881,9_S
1789469861.658188,1717,2877,9_S
1789469861.6598651,1921,2879,9_S
1789469861.662248,1815,2880,9_S
1789469861.664572,1949,2880,9_S
1789469861.665867,2211,2878,9_S
1789469861.6681821,1899,2880,9_S
1789469861.670631,1930,2879,9_S
1789469861.671763,1882,2879,9_S
1789469861.674289,1872,2880,9_S
1789469861.6755269,1647,2878,9_S
1789469861.677597,1671,2879,9_S
1789469861.6799092,2027,2880,9_S
1789469861.682074,2264,2880,9_S
1789469861.684631,2059,2879,9_S
1789469861.685806,1902,2879,9_S
1789469861.687945,1844,2879,9_S
1789469861.6900191,2111,2881,9_S
1789469861.692584,1815,2877,9_S
1789469861.693643,1647,2880,9_S
1789469861.695946,2006,2880,9_S
1789469861.697998,2235,2879,9_S
1789469861.700306,2091,2878,9_S
1789469861.7015092,2097,2880,9_S
1789469861.703947,2031,2880,9_S
1789469861.706424,2185,2879,9_S
1789469861.707742,2092,2879,9_S
1789469861.7103019,1723,2879,9_S
1789469861.7115,1929,2880,9_S
1789469861.71604,2231,2880,9_S
1789469861.7161431,2117,2879,9_S
1789469861.71875,2185,2880,9_S
1789469861.721295,1832,2878,9_S
1789469861.722729,1986,2879,9_S
1789469861.724298,2220,2880,9_S
1789469861.726985,1884,2878,9_S
1789469861.728726,1755,2879,9_S
1789469861.7297862,2053,2880,9_S
1789469861.732343,2229,2879,9_S
1789469861.7344189,2307,2881,9_S
1789469861.735737,2194,2880,9_S
1789469861.7408,2183,2879,9_S
1789469861.741277,2054,2880,9_S
1789469861.743047,2038,2880,9_S
1789469861.7451909,1964,2879,9_S
1789469861.7467918,2104,2880,9_S
1789469861.748047,2215,2880,9_S
1789469861.750617,2397,2880,9_S
1789469861.7522838,2192,2880,9_S
1789469861.754615,2032,2879,9_S
1789469861.7556741,2185,2879,9_S
1789469861.758121,2260,2879,9_S
1789469861.7604449,1849,2877,9_S
1789469861.76175,2010,2880,9_S
1789469861.763807,2176,2880,9_S
1789469861.766114,2109,2879,9_S
1789469861.767471,2107,2880,9_S
1789469861.769794,2035,2880,9_S
1789469861.772352,2076,2881,9_S
1789469861.7736452,2365,2880,9_S
1789469861.776195,1784,2877,9_S
1789469861.777484,1688,2880,9_S
1789469861.7800372,2120,2879,9_S
1789469861.782584,2260,2880,9_S
1789469861.783872,2252,2880,9_S
1789469861.786172,2028,2879,9_S
1789469861.7874691,1966,2880,9_S
1789469861.790014,2348,2879,9_S
1789469861.792562,2070,2880,9_S
1789469861.793858,1753,2878,9_S
1789469861.796404,2009,2880,9_S
1789469861.797698,2313,2880,9_S
1789469861.800246,2343,2881,9_S
1789469861.801488,2048,2879,9_S
1789469861.803571,2083,2879,9_S
1789469861.8058848,2197,2879,9_S
1789469861.808179,1899,2878,9_S
1789469861.812629,1950,2879,9_S
1789469861.813463,2077,2879,9_S
1789469861.813921,2181,2880,9_S
1789469861.816728,2401,2879,9_S
1789469861.818623,2207,2880,9_S
1789469861.820288,1939,2879,9_S
1789469861.823058,2108,2880,9_S
1789469861.825205,2175,2881,9_S
1789469861.826506,1891,2878,9_S
1789469861.8275661,1861,2880,9_S
1789469861.829878,2090,2880,9_S
1789469861.834831,2378,2879,9_S
1789469861.835308,2032,2879,9_S
1789469861.837854,1942,2880,9_S
1789469861.8380601,2103,2879,9_S
1789469861.839898,2229,2880,9_S
1789469861.843059,1995,2880,9_S
1789469861.846009,1925,2879,9_S
1789469861.846288,1963,2879,9_S
1789469861.8478878,2222,2881,9_S
1789469861.849979,2356,2880,9_S
1789469861.851552,2089,2879,9_S
1789469861.8541481,1898,2880,9_S
1789469861.8564742,2117,2879,9_S
1789469861.857774,2215,2880,9_S
1789469861.859848,1891,2878,9_S
1789469861.8623989,1864,2880,9_S
1789469861.8637,2247,2880,9_S
1789469861.8660128,2432,2879,9_S
1789469861.868555,2176,2879,9_S
1789469861.8698611,1953,2878,9_S
1789469861.87217,2118,2879,9_S
1789469861.8742359,2321,2880,9_S
1789469861.875536,1797,2878,9_S
1789469861.877883,1825,2879,9_S
1789469861.880403,2242,2879,9_S
1789469861.881703,2423,2879,9_S
1789469861.884009,2120,2880,9_S
1789469861.8861902,1877,2879,9_S
1789469861.887481,1945,2879,9_S
1789469861.890033,2562,2880,9_S
1789469861.892258,2168,2879,9_S
1789469861.893551,1867,2879,9_S
1789469861.896099,2013,2881,9_S
1789469861.898407,2370,2880,9_S
1789469861.899698,2457,2880,9_S
1789469861.9017758,2301,2881,9_S
1789469861.904077,1976,2879,9_S
1789469861.909467,2093,2879,9_S
1789469861.909996,2374,2880,9_S
1789469861.911156,1921,2878,9_S
1789469861.914436,2090,2880,9_S
1789469861.914895,2179,2881,9_S
1789469861.917412,2373,2878,9_S
1789469861.920186,2230,2880,9_S
1789469861.920335,2001,2879,9_S
1789469861.922368,2102,2879,9_S
1789469861.9236631,2349,2881,9_S
1789469861.925973,2064,2878,9_S
1789469861.927348,1875,2879,9_S
1789469861.933623,2210,2880,9_S
1789469861.933716,2305,2879,9_S
1789469861.9341052,2286,2880,9_S
1789469861.9363258,2078,2879,9_S
1789469861.937845,1952,2879,9_S
1789469861.9394078,1878,2878,9_S
1789469861.941407,2043,2880,9_S
1789469861.944126,1923,2878,9_S
1789469861.945798,2122,2880,9_S
1789469861.9483662,2273,2880,9_S
1789469861.949664,2247,2879,9_S
1789469861.9520168,2040,2880,9_S
1789469861.9540951,2032,2880,9_S
1789469861.956373,2098,2879,9_S
1789469861.9574232,2069,2879,9_S
1789469861.959736,1894,2878,9_S
1789469861.962036,2038,2879,9_S
1789469861.964117,2274,2879,9_S
1789469861.9653811,2355,2879,9_S
1789469861.967454,2147,2880,9_S
1789469861.969525,1986,2879,9_S
1789469861.972064,2033,2880,9_S
1789469861.973353,2067,2879,9_S
1789469861.975692,1859,2877,9_S
1789469861.978009,1942,2879,9_S
1789469861.979357,2190,2879,9_S
1789469861.981722,2232,2878,9_S
1789469861.984019,2217,2881,9_S
1789469861.9853399,2110,2879,9_S
1789469861.9877682,2060,2878,9_S
1789469861.9901161,2157,2879,9_S
1789469861.9924328,2130,2879,9_S
1789469861.9934762,1764,2879,9_S
1789469861.9958131,2030,2879,9_S
1789469861.9981298,2188,2880,9_S
1789469862.0004349,2282,2879,9_S
1789469862.001481,2095,2880,9_S
1789469862.006927,2078,2878,9_S
1789469862.007467,2022,2879,9_S
1789469862.007552,2008,2879,9_S
1789469862.00973,1940,2877,9_S
1789469862.0127711,2041,2879,9_S
1789469862.0147798,2190,2880,9_S
1789469862.017629,2283,2879,9_S
1789469862.017946,2159,2880,9_S
1789469862.0197911,2003,2879,9_S
1789469862.021878,2090,2879,9_S
1789469862.024182,2110,2879,9_S
1789469862.025475,1927,2878,9_S
1789469862.030713,1867,2878,9_S
1789469862.031153,2040,2880,9_S
1789469862.0332239,2295,2879,9_S
1789469862.034539,2120,2879,9_S
1789469862.0361059,2099,2879,9_S
1789469862.0383239,1993,2878,9_S
1789469862.041039,2200,2879,9_S
1789469862.043034,2042,2880,9_S
1789469862.0443258,1818,2879,9_S
1789469862.0456169,1965,2879,9_S
1789469862.048179,2188,2880,9_S
1789469862.0494468,2223,2881,9_S
1789469862.0520132,2039,2881,9_S
1789469862.053349,2016,2880,9_S
1789469862.0556538,2196,2880,9_S
1789469862.0581188,2100,2880,9_S
1789469862.059409,1910,2878,9_S
1789469862.061954,1983,2879,9_S
1789469862.0642629,2229,2880,9_S
1789469862.06538,2245,2879,9_S
1789469862.067934,1921,2879,9_S
1789469862.070486,2014,2879,9_S
1789469862.0716531,2033,2879,9_S
1789469862.074205,2138,2879,9_S
1789469862.075338,1916,2878,9_S
1789469862.077601,1780,2879,9_S
1789469862.0798998,2018,2879,9_S
1789469862.082446,2265,2878,9_S
1789469862.083734,2185,2879,9_S
1789469862.0862799,2136,2880,9_S
1789469862.08736,2011,2879,9_S
1789469862.089658,2275,2879,9_S
1789469862.091955,2130,2879,9_S
1789469862.094269,1827,2878,9_S
1789469862.095559,1959,2881,9_S
1789469862.09762,2255,2880,9_S
1789469862.103263,2277,2880,9_S
1789469862.104512,2137,2879,9_S
1789469862.1059341,1831,2878,9_S
1789469862.106108,2011,2878,9_S
1789469862.1078699,2194,2880,9_S
1789469862.110998,1979,2878,9_S
1789469862.1137018,1939,2879,9_S
1789469862.1138492,2122,2880,9_S
1789469862.115778,2341,2879,9_S
1789469862.117952,2162,2881,9_S
1789469862.1202922,1963,2878,9_S
1789469862.121609,1903,2879,9_S
1789469862.12606,2153,2879,9_S
1789469862.126457,1990,2877,9_S
1789469862.128313,1914,2880,9_S
1789469862.130089,2152,2880,9_S
1789469862.131986,2195,2879,9_S
1789469862.135859,2091,2880,9_S
1789469862.1360378,2034,2879,9_S
1789469862.1376681,2025,2880,9_S
1789469862.1399949,2143,2880,9_S
1789469862.1423109,2072,2880,9_S
1789469862.143358,1833,2878,9_S
1789469862.145921,1994,2880,9_S
1789469862.147329,2165,2879,9_S
1789469862.1496398,2274,2881,9_S
1789469862.152189,2157,2880,9_S
1789469862.154515,1945,2879,9_S
1789469862.15556,2085,2880,9_S
1789469862.15811,2215,2881,9_S
1789469862.161309,2150,2878,9_S
1789469862.161491,2053,2878,9_S
1789469862.164048,2010,2880,9_S
1789469862.1653419,2092,2878,9_S
1789469862.167401,2166,2880,9_S
1789469862.1699169,2027,2880,9_S
1789469862.172472,1900,2877,9_S
1789469862.17353,2122,2879,9_S
1789469862.175595,1968,2879,9_S
1789469862.177908,1805,2880,9_S
1789469862.1804569,2052,2878,9_S
1789469862.181663,2254,2879,9_S
1789469862.183918,2217,2881,9_S
1789469862.186218,2068,2879,9_S
1789469862.187522,2112,2880,9_S
1789469862.190078,2289,2880,9_S
1789469862.191374,2044,2880,9_S
1789469862.193651,1794,2879,9_S
1789469862.1989179,1936,2879,9_S
1789469862.199409,2245,2880,9_S
1789469862.1994932,2337,2881,9_S
1789469862.203152,2107,2881,9_S
1789469862.204871,1977,2879,9_S
1789469862.2064981,2133,2881,9_S
1789469862.2092211,2199,2880,9_S
1789469862.209412,1757,2877,9_S
1789469862.212297,1849,2881,9_S
1789469862.21336,2315,2879,9_S
1789469862.215667,2491,2882,9_S
1789469862.222002,2086,2880,9_S
1789469862.222448,2026,2878,9_S
1789469862.22285,1999,2879,9_S
1789469862.224315,2172,2879,9_S
1789469862.2261949,1970,2878,9_S
1789469862.2277288,1937,2879,9_S
1789469862.2294168,2159,2879,9_S
1789469862.2321322,2303,2880,9_S
1789469862.234089,2161,2879,9_S
1789469862.236473,1943,2879,9_S
1789469862.237769,1979,2879,9_S
1789469862.2401018,2222,2880,9_S
1789469862.2414021,2129,2879,9_S
1789469862.243813,1816,2879,9_S
1789469862.245882,1877,2878,9_S
1789469862.2484312,2185,2879,9_S
1789469862.249721,2189,2878,9_S
1789469862.252269,2063,2881,9_S
1789469862.253322,1881,2878,9_S
1789469862.25563,2069,2879,9_S
1789469862.2578769,2315,2881,9_S
1789469862.2602282,1974,2878,9_S
1789469862.261524,1780,2879,9_S
1789469862.263593,2065,2880,9_S
1789469862.266142,2298,2880,9_S
1789469862.267432,2033,2880,9_S
1789469862.269706,1933,2880,9_S
1789469862.2722518,2146,2879,9_S
1789469862.273516,2236,2880,9_S
1789469862.276063,2063,2880,9_S
1789469862.2773519,1810,2879,9_S
1789469862.279897,2011,2880,9_S
1789469862.281247,2316,2880,9_S
1789469862.283317,2258,2881,9_S
1789469862.285865,2049,2878,9_S
1789469862.287271,2025,2880,9_S
1789469862.289576,2049,2878,9_S
1789469862.293971,2058,2879,9_S
1789469862.294344,1878,2878,9_S
1789469862.296716,1954,2879,9_S
1789469862.298825,2215,2880,9_S
1789469862.300241,2289,2882,9_S
1789469862.3019252,2133,2879,9_S
1789469862.304641,2027,2877,9_S
1789469862.3066602,2095,2880,9_S
1789469862.3079722,2119,2880,9_S
1789469862.3092391,1915,2878,9_S
1789469862.311317,1922,2880,9_S
1789469862.316923,2055,2878,9_S
1789469862.317722,2248,2878,9_S
1789469862.318183,2185,2880,9_S
1789469862.319579,2054,2879,9_S
1789469862.322643,1866,2879,9_S
1789469862.324553,2218,2880,9_S
1789469862.32742,2132,2879,9_S
1789469862.3275452,1982,2879,9_S
1789469862.3301451,2069,2878,9_S
1789469862.3314419,2159,2878,9_S
1789469862.3339891,2179,2880,9_S
1789469862.335254,2045,2879,9_S
1789469862.337582,1971,2878,9_S
1789469862.3401442,2138,2879,9_S
1789469862.341443,2079,2880,9_S
1789469862.343515,1845,2878,9_S
1789469862.34586,1973,2879,9_S
1789469862.347275,2239,2880,9_S
1789469862.3495839,2339,2881,9_S
1789469862.352129,2137,2879,9_S
1789469862.353238,1914,2879,9_S
1789469862.355788,2153,2880,9_S
1789469862.3581,2192,2880,9_S
1789469862.359235,1913,2877,9_S
1789469862.361314,1906,2879,9_S
1789469862.3636138,2175,2879,9_S
1789469862.365927,2178,2878,9_S
1789469862.367997,2164,2880,9_S
1789469862.370306,1996,2880,9_S
1789469862.371347,2023,2878,9_S
1789469862.3736541,2224,2880,9_S
1789469862.376205,1966,2879,9_S
1789469862.3774989,1827,2879,9_S
1789469862.3798,2067,2879,9_S
1789469862.3821461,2194,2878,9_S
1789469862.383444,2223,2880,9_S
1789469862.385707,2080,2879,9_S
1789469862.391348,2007,2878,9_S
1789469862.391855,2230,2880,9_S
1789469862.3926358,2133,2880,9_S
1789469862.3940191,1929,2878,9_S
1789469862.395863,1987,2881,9_S
1789469862.397452,2198,2880,9_S
1789469862.401878,2295,2881,9_S
1789469862.4020538,2157,2880,9_S
1789469862.404014,2031,2879,9_S
1789469862.405312,2090,2879,9_S
1789469862.407614,2214,2880,9_S
1789469862.4101849,1927,2878,9_S
1789469862.414253,1862,2879,9_S
1789469862.4151611,2134,2879,9_S
1789469862.415659,2256,2880,9_S
1789469862.417452,2173,2879,9_S
1789469862.4203598,2002,2879,9_S
1789469862.425048,2070,2880,9_S
1789469862.4252439,2242,2880,9_S
1789469862.42548,2060,2879,9_S
1789469862.428261,1864,2878,9_S
1789469862.429558,2051,2880,9_S
1789469862.431881,2248,2880,9_S
1789469862.433216,2216,2881,9_S
1789469862.43579,2080,2879,9_S
1789469862.4378738,1931,2878,9_S
1789469862.4392169,2151,2880,9_S
1789469862.441764,2098,2880,9_S
1789469862.444066,1913,2878,9_S
1789469862.445364,2005,2879,9_S
1789469862.4476721,2265,2880,9_S
1789469862.449974,2294,2880,9_S
1789469862.451266,2122,2880,9_S
1789469862.453812,2006,2879,9_S
1789469862.456115,2096,2879,9_S
1789469862.4574049,2179,2878,9_S
1789469862.45995,1943,2878,9_S
1789469862.4622521,1921,2879,9_S
1789469862.463542,2103,2879,9_S
1789469862.4660869,2268,2879,9_S
1789469862.4673762,2198,2880,9_S
1789469862.4699252,2005,2878,9_S
1789469862.47124,2049,2878,9_S
1789469862.473791,2254,2880,9_S
1789469862.476337,2015,2879,9_S
1789469862.477629,1866,2879,9_S
1789469862.480172,2093,2878,9_S
1789469862.4814668,2241,2880,9_S
1789469862.484014,2269,2881,9_S
1789469862.4897401,2135,2879,9_S
1789469862.4898582,1998,2879,9_S
1789469862.490654,2130,2880,9_S
1789469862.49181,2126,2880,9_S
1789469862.493391,1896,2877,9_S
1789469862.496871,2015,2879,9_S
1789469862.4995751,2181,2879,9_S
1789469862.4998121,2211,2879,9_S
1789469862.501656,2092,2880,9_S
1789469862.503977,2023,2879,9_S
1789469862.5052428,2091,2881,9_S
1789469862.511924,2202,2879,9_S
1789469862.5129101,1919,2877,9_S
1789469862.514124,1936,2880,9_S
1789469862.514272,2162,2879,9_S
1789469862.516188,2285,2880,9_S
1789469862.518927,2210,2880,9_S
1789469862.5214279,2075,2878,9_S
1789469862.5215511,2064,2879,9_S
1789469862.52351,2312,2880,9_S
1789469862.526059,2119,2879,9_S
1789469862.528157,1957,2879,9_S
1789469862.529449,2083,2879,9_S
1789469862.532023,2230,2878,9_S
1789469862.533322,2229,2880,9_S
1789469862.535464,2117,2880,9_S
1789469862.5380108,2022,2878,9_S
1789469862.540329,2256,2880,9_S
1789469862.541373,2110,2880,9_S
1789469862.54392,1794,2878,9_S
1789469862.546004,1851,2880,9_S
1789469862.548365,2180,2880,9_S
1789469862.549408,2283,2880,9_S
1789469862.551476,2176,2881,9_S
1789469862.554035,1960,2878,9_S
1789469862.555331,1966,2879,9_S
1789469862.557854,2145,2880,9_S
1789469862.559904,1966,2878,9_S
1789469862.5612679,1953,2879,9_S
1789469862.563585,2208,2879,9_S
1789469862.566082,2333,2879,9_S
1789469862.56839,2185,2880,9_S
1789469862.5694358,2042,2879,9_S
1789469862.571487,2041,2879,9_S
1789469862.5735512,2254,2880,9_S
1789469862.575864,2098,2878,9_S
1789469862.5771992,1901,2878,9_S
1789469862.5825338,2087,2880,9_S
1789469862.582984,2264,2879,9_S
1789469862.5847208,2204,2879,9_S
1789469862.5865312,2127,2879,9_S
1789469862.5884428,2081,2878,9_S
1789469862.589764,2303,2879,9_S
1789469862.592503,2164,2879,9_S
1789469862.594045,1812,2878,9_S
1789469862.5953379,1830,2880,9_S
1789469862.5976489,2179,2880,9_S
1789469862.5998368,2219,2880,9_S
1789469862.604565,2087,2880,9_S
1789469862.6053388,1982,2879,9_S
1789469862.605739,2054,2880,9_S
1789469862.608448,2165,2878,9_S
1789469862.6099799,1961,2878,9_S
1789469862.611595,1933,2878,9_S
1789469862.6141472,2251,2880,9_S
1789469862.616101,2467,2880,9_S
1789469862.617392,2314,2880,9_S
1789469862.619693,1952,2878,9_S
1789469862.621996,1934,2878,9_S
1789469862.6240919,2201,2880,9_S
1789469862.625203,2080,2879,9_S
1789469862.627765,1945,2879,9_S
1789469862.6303182,2086,2880,9_S
1789469862.631607,2265,2880,9_S
1789469862.6340852,2253,2881,9_S
1789469862.63639,2111,2879,9_S
1789469862.6376781,2031,2879,9_S
1789469862.6399791,2215,2880,9_S
1789469862.6422899,2188,2881,9_S
1789469862.643334,1937,2878,9_S
1789469862.6455538,1977,2878,9_S
1789469862.6476002,2241,2880,9_S
1789469862.650143,2304,2881,9_S
1789469862.65143,2158,2880,9_S
1789469862.653725,2006,2879,9_S
1789469862.6560378,2069,2880,9_S
1789469862.6573281,2224,2881,9_S
1789469862.659549,1993,2877,9_S
1789469862.66186,1883,2879,9_S
1789469862.663203,2066,2879,9_S
1789469862.66551,2223,2879,9_S
1789469862.6678221,2167,2880,9_S
1789469862.6742148,2010,2879,9_S
1789469862.674721,2019,2879,9_S
1789469862.6755168,2160,2880,9_S
1789469862.675915,2022,2880,9_S
1789469862.678452,1919,2879,9_S
1789469862.680266,2040,2880,9_S
1789469862.68204,2246,2879,9_S
1789469862.6845598,2218,2880,9_S
1789469862.686583,2108,2879,9_S
1789469862.6878579,2025,2879,9_S
1789469862.6891499,2175,2880,9_S
1789469862.691537,2137,2880,9_S
1789469862.6962152,1926,2879,9_S
1789469862.696991,1956,2879,9_S
1789469862.6990132,2189,2880,9_S
1789469862.700593,2246,2878,9_S
1789469862.702237,2074,2880,9_S
1789469862.704159,1975,2879,9_S
1789469862.7066948,2031,2878,9_S
1789469862.708671,2178,2879,9_S
1789469862.7099771,1984,2877,9_S
1789469862.712058,1908,2880,9_S
1789469862.713187,2105,2879,9_S
1789469862.71575,2239,2880,9_S
1789469862.718318,2154,2880,9_S
1789469862.719611,2065,2880,9_S
1789469862.7219899,2024,2880,9_S
1789469862.723231,2231,2880,9_S
1789469862.725545,2074,2880,9_S
1789469862.727852,1912,2880,9_S
1789469862.729964,2050,2879,9_S
1789469862.7320251,2266,2879,9_S
1789469862.734338,2262,2881,9_S
1789469862.7356281,2092,2880,9_S
1789469862.7380311,1982,2879,9_S
1789469862.740201,2148,2880,9_S
1789469862.741274,2108,2879,9_S
1789469862.743577,1876,2878,9_S
1789469862.7457888,1926,2879,9_S
1789469862.7483468,2155,2879,9_S
1789469862.7495182,2226,2878,9_S
1789469862.7517,2110,2881,9_S
1789469862.7542038,2029,2879,9_S
1789469862.7554939,2070,2879,9_S
1789469862.75771,2183,2879,9_S
1789469862.759081,1937,2878,9_S
1789469862.761385,1884,2879,9_S
1789469862.763901,2095,2879,9_S
1789469862.765414,2216,2879,9_S
1789469862.769863,2191,2879,9_S
1789469862.770305,2034,2879,9_S
1789469862.772505,2026,2879,9_S
1789469862.7744582,2223,2880,9_S
1789469862.776094,2067,2879,9_S
1789469862.7778182,1936,2878,9_S
1789469862.780666,2037,2880,9_S
1789469862.782259,2219,2878,9_S
1789469862.783314,2245,2881,9_S
1789469862.785389,2097,2879,9_S
1789469862.787704,2000,2878,9_S
1789469862.793509,2148,2879,9_S
1789469862.794353,2173,2880,9_S
1789469862.7947829,1948,2879,9_S
1789469862.796206,1954,2880,9_S
1789469862.797836,2196,2879,9_S
1789469862.799229,2279,2879,9_S
1789469862.80142,2177,2879,9_S
1789469862.803989,2055,2879,9_S
1789469862.806022,2081,2880,9_S
1789469862.8070788,2189,2879,9_S
1789469862.809592,1979,2878,9_S
1789469862.811865,1925,2878,9_S
1789469862.81316,2132,2879,9_S
1789469862.815778,2263,2879,9_S
1789469862.817119,2206,2880,9_S
1789469862.8194292,2051,2880,9_S
1789469862.821974,1993,2879,9_S
1789469862.823092,2164,2880,9_S
1789469862.8256261,2057,2880,9_S
1789469862.828062,1898,2878,9_S
1789469862.8291771,2021,2880,9_S
1789469862.831554,2218,2881,9_S
1789469862.834103,2207,2881,9_S
1789469862.8351538,2113,2878,9_S
1789469862.837473,2007,2879,9_S
1789469862.839971,2093,2880,9_S
1789469862.841264,2133,2879,9_S
1789469862.843811,1919,2878,9_S
1789469862.845102,1968,2879,9_S
1789469862.847648,2156,2878,9_S
1789469862.85004,2242,2879,9_S
1789469862.851328,2149,2880,9_S
1789469862.8535528,1999,2878,9_S
1789469862.856097,2040,2879,9_S
1789469862.8573859,2186,2879,9_S
1789469862.859873,1987,2878,9_S
1789469862.865381,1876,2880,9_S
1789469862.866165,2055,2879,9_S
1789469862.8665988,2232,2878,9_S
1789469862.869647,2148,2881,9_S
1789469862.870123,1999,2880,9_S
1789469862.8716779,1997,2878,9_S
1789469862.8755178,2200,2880,9_S
1789469862.875648,2028,2880,9_S
1789469862.877633,1883,2878,9_S
1789469862.87995,1982,2880,9_S
1789469862.8811011,2200,2880,9_S
1789469862.883583,2149,2877,9_S
1789469862.888809,1904,2878,9_S
1789469862.889257,2032,2880,9_S
1789469862.889379,2169,2879,9_S
1789469862.891221,2101,2879,9_S
1789469862.894001,1890,2878,9_S
1789469862.896181,1874,2879,9_S
1789469862.898738,2232,2879,9_S
1789469862.900707,2218,2880,9_S
1789469862.902014,2176,2880,9_S
1789469862.903096,2026,2880,9_S
1789469862.905587,1984,2880,9_S
1789469862.908065,2255,2880,9_S
1789469862.90913,1987,2877,9_S
1789469862.911675,1848,2879,9_S
1789469862.914067,2214,2880,9_S
1789469862.915147,2109,2879,9_S
1789469862.917696,2183,2880,9_S
1789469862.920212,2278,2881,9_S
1789469862.921511,1888,2878,9_S
1789469862.923578,2175,2880,9_S
1789469862.925825,2103,2879,9_S
1789469862.9271,1788,2879,9_S
1789469862.929645,1971,2880,9_S
1789469862.931951,2208,2878,9_S
1789469862.933095,2237,2880,9_S
1789469862.935413,2092,2879,9_S
1789469862.937969,1946,2879,9_S
1789469862.939264,2124,2880,9_S
1789469862.941576,2226,2880,9_S
1789469862.943823,1936,2879,9_S
1789469862.9451,1939,2880,9_S
1789469862.947391,2079,2880,9_S
1789469862.949766,2343,2880,9_S
1789469862.9510882,2224,2880,9_S
1789469862.9531572,1878,2877,9_S
1789469862.960546,2011,2879,9_S
1789469862.96108,2142,2879,9_S
1789469862.961581,1989,2877,9_S
1789469862.963215,1974,2879,9_S
1789469862.9634318,2064,2880,9_S
1789469862.966395,2073,2879,9_S
1789469862.968746,2195,2880,9_S
1789469862.971315,2030,2879,9_S
1789469862.971503,1967,2879,9_S
1789469862.97376,2145,2880,9_S
1789469862.975095,2043,2880,9_S
1789469862.977515,1860,2878,9_S
1789469862.983982,1978,2878,9_S
1789469862.9847538,2152,2878,9_S
1789469862.985196,2193,2879,9_S
1789469862.985294,2114,2880,9_S
1789469862.9890208,2017,2879,9_S
1789469862.989435,2089,2878,9_S
1789469862.992136,2208,2880,9_S
1789469862.994752,1990,2878,9_S
1789469862.996872,1842,2880,9_S
1789469862.997931,2179,2879,9_S
1789469862.999224,2313,2879,9_S
1789469863.0017788,2026,2881,9_S
1789469863.003864,1853,2879,9_S
1789469863.005172,1949,2878,9_S
1789469863.007502,2066,2879,9_S
1789469863.010059,1968,2876,9_S
1789469863.0111182,1871,2879,9_S
1789469863.013213,2067,2879,9_S
1789469863.015523,2261,2879,9_S
1789469863.0178292,2099,2877,9_S
1789469863.019126,2112,2880,9_S
1789469863.021269,2012,2879,9_S
1789469863.023819,2130,2878,9_S
1789469863.026124,1975,2880,9_S
1789469863.027189,1898,2878,9_S
1789469863.02933,1972,2879,9_S
1789469863.031757,2086,2879,9_S
1789469863.033112,2247,2879,9_S
1789469863.035223,2138,2880,9_S
1789469863.0375261,2071,2879,9_S
1789469863.03983,1988,2880,9_S
1789469863.04112,2203,2880,9_S
1789469863.043189,1917,2878,9_S
1789469863.045738,1878,2880,9_S
1789469863.04808,2153,2879,9_S
1789469863.049381,2339,2880,9_S
1789469863.05159,2232,2880,9_S
1789469863.0539,1904,2879,9_S
1789469863.059072,2071,2878,9_S
1789469863.059956,2165,2880,9_S
1789469863.0608552,1849,2876,9_S
1789469863.062279,1689,2878,9_S
1789469863.064298,2184,2879,9_S
1789469863.066124,2291,2879,9_S
1789469863.06781,2186,2880,9_S
1789469863.070602,2025,2879,9_S
1789469863.072601,1827,2879,9_S
1789469863.0738502,2061,2879,9_S
1789469863.075147,2314,2880,9_S
1789469863.077476,2000,2879,9_S
1789469863.083416,1958,2879,9_S
1789469863.083859,2044,2879,9_S
1789469863.084641,1817,2878,9_S
1789469863.0861828,1954,2879,9_S
1789469863.0880709,2163,2879,9_S
1789469863.090081,2215,2880,9_S
1789469863.091578,2041,2880,9_S
1789469863.094154,2126,2880,9_S
1789469863.096282,1933,2879,9_S
1789469863.097333,1912,2879,9_S
1789469863.099885,2169,2879,9_S
1789469863.102197,1698,2879,9_S
1789469863.103491,2092,2879,9_S
1789469863.105578,1825,2878,9_S
1789469863.10789,1613,2876,9_S
1789469863.109983,1721,2877,9_S
1789469863.111095,2266,2878,9_S
1789469863.1134012,1936,2878,9_S
1789469863.1159492,2004,2879,9_S
1789469863.117076,1585,2877,9_S
1789469863.11939,1782,2876,9_S
1789469863.1215758,2615,2881,9_S
1789469863.12413,2920,2882,9_S
1789469863.125174,1949,2879,9_S
1789469863.127487,1482,2878,9_S
1789469863.1295528,1550,2878,9_S
1789469863.131863,2648,2879,9_S
1789469863.133162,2469,2882,9_S
1789469863.135238,2249,2880,9_S
1789469863.137546,1855,2879,9_S
1789469863.139601,1788,2878,9_S
1789469863.1419232,1810,2879,9_S
1789469863.1432168,1721,2878,9_S
1789469863.1455302,2071,2879,9_S
1789469863.147601,2548,2882,9_S
1789469863.149908,2195,2879,9_S
1789469863.151087,1983,2879,9_S
1789469863.153396,1966,2880,9_S
1789469863.159152,1779,2879,9_S
1789469863.16005,2366,2880,9_S
1789469863.160525,2594,2881,9_S
1789469863.163303,2011,2877,9_S
1789469863.163712,1336,2878,9_S
1789469863.1657019,1649,2879,9_S
1789469863.169817,2374,2881,9_S
1789469863.17003,3674,2885,9_S
1789469863.172055,1810,2879,9_S
1789469863.17336,1439,2876,9_S
1789469863.1759129,1509,2878,9_S
1789469863.178231,1595,2878,9_S
1789469863.182844,2113,2881,9_S
1789469863.183264,2267,2879,9_S
1789469863.183738,1645,2879,9_S
1789469863.1856441,1995,2880,9_S
1789469863.187279,2038,2878,9_S
1789469863.1908631,1743,2879,9_S
1789469863.1936672,1910,2880,9_S
1789469863.1939,1874,2879,9_S
1789469863.195969,1725,2880,9_S
1789469863.197284,1664,2879,9_S
1789469863.199662,1918,2878,9_S
1789469863.201795,1694,2878,9_S
1789469863.203913,1579,2879,9_S
1789469863.206248,2038,2879,9_S
1789469863.2075431,2224,2879,9_S
1789469863.209857,1804,2879,9_S
1789469863.2111502,1694,2880,9_S
1789469863.213703,1676,2879,9_S
1789469863.2160242,2328,2880,9_S
1789469863.2173162,2283,2881,9_S
1789469863.219625,1809,2879,9_S
1789469863.221688,1460,2879,9_S
1789469863.224025,1569,2876,9_S
1789469863.225327,1707,2878,9_S
1789469863.227787,1738,2879,9_S
1789469863.230099,1682,2878,9_S
1789469863.231157,1739,2880,9_S
1789469863.233462,1974,2878,9_S
1789469863.2360132,1456,2876,9_S
1789469863.237059,1460,2877,9_S
1789469863.2393758,1571,2880,9_S
1789469863.241927,1815,2880,9_S
1789469863.2429829,1616,2878,9_S
1789469863.245044,1594,2878,9_S
1789469863.247434,1727,2878,9_S
1789469863.249751,1834,2878,9_S
1789469863.252058,2000,2880,9_S
1789469863.253118,2036,2879,9_S
1789469863.2631302,1719,2880,9_S
1789469863.263388,1809,2878,9_S
1789469863.265305,1955,2878,9_S
1789469863.265824,1732,2878,9_S
1789469863.2664058,1850,2879,9_S
1789469863.266926,2300,2879,9_S
1789469863.26745,2182,2880,9_S
1789469863.270012,2189,2880,9_S
1789469863.2729962,1831,2878,9_S
1789469863.273244,2302,2881,9_S
1789469863.276274,2257,2880,9_S
1789469863.27755,1939,2879,9_S
1789469863.279868,2003,2880,9_S
1789469863.28202,2233,2879,9_S
1789469863.286845,2232,2880,9_S
1789469863.287696,2235,2880,9_S
1789469863.288528,2206,2879,9_S
1789469863.2913542,2247,2879,9_S
1789469863.29216,2394,2879,9_S
1789469863.2939909,2109,2878,9_S
1789469863.2955258,2218,2879,9_S
1789469863.298594,2433,2881,9_S
1789469863.3005319,2291,2879,9_S
1789469863.3016,2305,2880,9_S
1789469863.3036742,1970,2879,9_S
1789469863.306002,2198,2880,9_S
1789469863.307063,2116,2880,9_S
1789469863.309396,2229,2880,9_S
1789469863.311577,1954,2878,9_S
1789469863.3141508,2075,2880,9_S
1789469863.3154519,2418,2880,9_S
1789469863.31761,2306,2880,9_S
1789469863.3197901,2135,2879,9_S
1789469863.321085,2131,2879,9_S
1789469863.323733,2319,2880,9_S
1789469863.326085,2147,2881,9_S
1789469863.3271449,1901,2878,9_S
1789469863.329698,1980,2879,9_S
1789469863.332011,2288,2879,9_S
1789469863.3333051,2259,2881,9_S
1789469863.33586,2189,2881,9_S
1789469863.337155,1986,2878,9_S
1789469863.339464,2444,2880,9_S
1789469863.341933,2039,2879,9_S
1789469863.3429918,2253,2880,9_S
1789469863.3453062,1914,2879,9_S
1789469863.347861,2118,2879,9_S
1789469863.348979,2182,2879,9_S
1789469863.351281,2145,2880,9_S
1789469863.353339,2113,2880,9_S
1789469863.355894,2135,2879,9_S
1789469863.3572009,2195,2879,9_S
1789469863.359273,1922,2876,9_S
1789469863.361823,1782,2878,9_S
1789469863.366797,2194,2879,9_S
1789469863.3673239,2666,2881,9_S
1789469863.367796,2062,2878,9_S
1789469863.3700411,2115,2879,9_S
1789469863.371794,2075,2878,9_S
1789469863.374054,2254,2879,9_S
1789469863.3758788,2209,2881,9_S
1789469863.378929,1951,2877,9_S
1789469863.37907,1998,2880,9_S
1789469863.381307,2343,2880,9_S
1789469863.383877,2219,2879,9_S
1789469863.40048,2129,2881,9_S
1789469863.403931,2138,2878,9_S
1789469863.4043689,2031,2878,9_S
1789469863.406819,2192,2879,9_S
1789469863.406941,1781,2879,9_S
1789469863.40703,1806,2879,9_S
1789469863.407095,2215,2880,9_S
1789469863.407156,2361,2880,9_S
1789469863.40722,2260,2880,9_S
1789469863.407281,2065,2878,9_S
1789469863.407341,2050,2880,9_S
1789469863.407402,2258,2879,9_S
1789469863.410254,2163,2880,9_S
1789469863.411621,1797,2879,9_S
1789469863.412989,2036,2880,9_S
1789469863.415924,2230,2879,9_S
1789469863.417736,2201,2881,9_S
1789469863.419224,2044,2879,9_S
1789469863.421865,2019,2879,9_S
1789469863.423424,2213,2880,9_S
1789469863.4260821,2144,2880,9_S
1789469863.427418,1942,2878,9_S
1789469863.43002,1891,2879,9_S
1789469863.4313679,2187,2879,9_S
1789469863.434478,2238,2878,9_S
1789469863.4358778,2208,2881,9_S
1789469863.4372458,2137,2880,9_S
1789469863.439848,2064,2878,9_S
1789469863.441442,2169,2879,9_S
1789469863.4440389,1899,2878,9_S
1789469863.4453719,1960,2878,9_S
1789469863.4478889,2122,2881,9_S
1789469863.449219,2369,2880,9_S
1789469863.4516768,2156,2879,9_S
1789469863.4530718,1935,2879,9_S
1789469863.455737,1938,2879,9_S
1789469863.4571,2248,2880,9_S
1789469863.459753,1993,2878,9_S
1789469863.461173,1944,2879,9_S
1789469863.4637911,2206,2880,9_S
1789469863.4651678,2352,2879,9_S
1789469863.467844,2255,2881,9_S
1789469863.4692822,1898,2878,9_S
1789469863.471893,2101,2880,9_S
1789469863.4780369,2225,2880,9_S
1789469863.481062,2133,2880,9_S
1789469863.481351,1795,2879,9_S
1789469863.4843578,1965,2880,9_S
1789469863.491724,2323,2878,9_S
1789469863.4920309,2256,2879,9_S
1789469863.49267,2207,2880,9_S
1789469863.495479,1855,2878,9_S
1789469863.495538,1952,2879,9_S
1789469863.495578,2257,2878,9_S
1789469863.495658,2006,2878,9_S
1789469863.4957042,1814,2880,9_S
1789469863.4970639,2088,2880,9_S
1789469863.49965,2161,2879,9_S
1789469863.5009642,2441,2881,9_S
1789469863.509162,2170,2879,9_S
1789469863.51162,2038,2879,9_S
1789469863.5217931,2237,2880,9_S
1789469863.522462,2073,2879,9_S
1789469863.525389,1831,2878,9_S
1789469863.52548,2133,2879,9_S
1789469863.52553,2286,2879,9_S
1789469863.525574,2205,2881,9_S
1789469863.5256162,2096,2880,9_S
1789469863.5256572,2103,2880,9_S
1789469863.525697,2005,2880,9_S
1789469863.525737,2185,2881,9_S
1789469863.5279202,1886,2878,9_S
1789469863.5293922,2037,2879,9_S
1789469863.532175,2282,2879,9_S
1789469863.5336041,2103,2879,9_S
1789469863.53505,2139,2880,9_S
1789469863.537633,1978,2879,9_S
1789469863.538949,2106,2880,9_S
1789469863.541677,2148,2879,9_S
1789469863.5430772,1934,2879,9_S
1789469863.545686,1959,2879,9_S
1789469863.547055,2213,2880,9_S
1789469863.549867,2214,2878,9_S
1789469863.5511749,2012,2881,9_S
1789469863.553887,1953,2878,9_S
1789469863.5555258,2017,2879,9_S
1789469863.556947,2232,2880,9_S
1789469863.559521,2097,2879,9_S
1789469863.561002,1872,2879,9_S
1789469863.5635788,1904,2879,9_S
1789469863.565082,2215,2879,9_S
1789469863.5677629,2144,2877,9_S
1789469863.569162,2106,2878,9_S
1789469863.571744,2040,2879,9_S
1789469863.573142,2145,2878,9_S
1789469863.576082,2009,2879,9_S
1789469863.577446,1792,2877,9_S
1789469863.580021,1913,2879,9_S
1789469863.581332,2290,2880,9_S
1789469863.583905,2203,2878,9_S
1789469863.585695,2061,2880,9_S
1789469863.587147,2053,2879,9_S
1789469863.590205,2016,2878,9_S
1789469863.5915961,2113,2879,9_S
1789469863.593007,1978,2876,9_S
1789469863.5962958,1919,2878,9_S
1789469863.597625,2129,2879,9_S
1789469863.598948,2292,2878,9_S
1789469863.619576,2217,2880,9_S
1789469863.619811,1877,2879,9_S
1789469863.622196,1930,2878,9_S
1789469863.6229382,2124,2879,9_S
1789469863.623022,2031,2880,9_S
1789469863.623094,1855,2878,9_S
1789469863.623158,1976,2880,9_S
1789469863.623225,2225,2879,9_S
1789469863.6232882,2211,2879,9_S
1789469863.623353,2064,2879,9_S
1789469863.623413,2014,2878,9_S
1789469863.6234722,2152,2880,9_S
1789469863.6263082,2182,2879,9_S
1789469863.627764,1826,2879,9_S
1789469863.6289752,1997,2879,9_S
1789469863.65262,2239,2879,9_S
1789469863.652928,2333,2882,9_S
1789469863.653017,2040,2879,9_S
1789469863.653145,2013,2879,9_S
1789469863.653285,2192,2879,9_S
1789469863.653444,2110,2878,9_S
1789469863.653594,1958,2879,9_S
1789469863.653663,1828,2879,9_S
1789469863.653724,2078,2878,9_S
1789469863.653785,2326,2879,9_S
1789469863.6538858,2192,2881,9_S
1789469863.654507,2051,2879,9_S
1789469863.657114,1998,2879,9_S
1789469863.657196,2200,2879,9_S
1789469863.661233,2012,2880,9_S
1789469863.662982,1979,2879,9_S
1789469863.663072,2018,2878,9_S
1789469863.665332,2210,2878,9_S
1789469863.668378,2184,2880,9_S
1789469863.669771,2036,2880,9_S
1789469863.688909,2017,2879,9_S
1789469863.689227,2183,2880,9_S
1789469863.689298,2169,2879,9_S
1789469863.6893609,1846,2879,9_S
1789469863.6908119,1932,2878,9_S
1789469863.690919,2196,2879,9_S
1789469863.6909819,2258,2880,9_S
1789469863.691042,2188,2880,9_S
1789469863.6911008,2095,2879,9_S
1789469863.6911612,2054,2879,9_S
1789469863.6912892,2148,2879,9_S
1789469863.694725,1930,2877,9_S
1789469863.69706,1791,2880,9_S
1789469863.6971478,2132,2880,9_S
1789469863.700203,2288,2880,9_S
1789469863.703202,2199,2879,9_S
1789469863.710282,1988,2878,9_S
1789469863.7103329,2106,2880,9_S
1789469863.710382,2306,2880,9_S
1789469863.7104309,2031,2879,9_S
1789469863.7132108,1770,2879,9_S
1789469863.7132668,1993,2880,9_S
1789469863.716535,2226,2879,9_S
1789469863.718326,2132,2879,9_S
1789469863.7198021,2104,2881,9_S
1789469863.721183,1971,2879,9_S
1789469863.723781,2112,2879,9_S
1789469863.7255511,2127,2880,9_S
1789469863.7269802,1841,2878,9_S
1789469863.729816,1952,2879,9_S
1789469863.731373,2143,2880,9_S
1789469863.734022,2234,2878,9_S
1789469863.735348,2119,2880,9_S
1789469863.7525241,1828,2879,9_S
1789469863.759726,1935,2879,9_S
1789469863.763514,2236,2880,9_S
1789469863.763767,1943,2878,9_S
1789469863.7638242,1926,2880,9_S
1789469863.763873,2118,2878,9_S
1789469863.7639208,2223,2880,9_S
1789469863.763968,2234,2881,9_S
1789469863.7640152,1972,2879,9_S
1789469863.764062,2059,2880,9_S
1789469863.764108,2145,2880,9_S
1789469863.76418,2017,2880,9_S
1789469863.764439,1910,2878,9_S
1789469863.764534,1908,2879,9_S
1789469863.76606,2472,2879,9_S
1789469863.767468,2526,2881,9_S
1789469863.7689862,1882,2879,9_S
1789469863.771613,1960,2878,9_S
1789469863.78717,2256,2880,9_S
1789469863.790316,2153,2879,9_S
1789469863.794861,1787,2878,9_S
1789469863.798437,1968,2880,9_S
1789469863.7985,2310,2879,9_S
1789469863.798582,2234,2878,9_S
1789469863.7987468,2035,2879,9_S
1789469863.7987998,1931,2879,9_S
1789469863.7988749,2099,2879,9_S
1789469863.799007,2205,2880,9_S
1789469863.799092,1939,2878,9_S
1789469863.7991838,1937,2879,9_S
1789469863.7992508,1878,2880,9_S
1789469863.799351,2175,2879,9_S
1789469863.80197,2278,2881,9_S
1789469863.803294,2154,2881,9_S
1789469863.8059058,2055,2879,9_S
1789469863.8072362,2168,2879,9_S
1789469863.8097951,2127,2880,9_S
1789469863.811136,1893,2879,9_S
1789469863.813809,2070,2880,9_S
1789469863.81513,2156,2880,9_S
1789469863.8177202,2268,2880,9_S
1789469863.819468,2085,2880,9_S
1789469863.822129,2017,2879,9_S
1789469863.823467,2045,2879,9_S
1789469863.824963,2110,2880,9_S
1789469863.827691,1955,2878,9_S
1789469863.829244,1992,2880,9_S
1789469863.83184,2222,2879,9_S
1789469863.833448,2332,2881,9_S
1789469863.835038,2070,2880,9_S
1789469863.83744,1913,2879,9_S
1789469863.8404639,2001,2879,9_S
1789469863.841859,2251,2880,9_S
1789469863.843006,2015,2878,9_S
1789469863.845631,1848,2879,9_S
1789469863.846998,2120,2880,9_S
1789469863.849598,2237,2879,9_S
1789469863.850969,2196,2881,9_S
1789469863.853555,2184,2881,9_S
1789469863.854934,2088,2878,9_S
1789469863.856964,2228,2880,9_S
1789469863.859597,2000,2879,9_S
1789469863.8610291,1854,2879,9_S
1789469863.863643,2010,2879,9_S
1789469863.864981,2229,2879,9_S
1789469863.868414,2345,2880,9_S
1789469863.8695931,2158,2880,9_S
1789469863.870992,1874,2877,9_S
1789469863.8735921,2068,2879,9_S
1789469863.8753521,2147,2880,9_S
1789469863.877983,2049,2877,9_S
1789469863.879529,1976,2880,9_S
1789469863.880944,2137,2880,9_S
1789469863.883732,2274,2879,9_S
1789469863.891648,2016,2880,9_S
1789469863.893718,2007,2879,9_S
1789469863.8958652,2052,2879,9_S
1789469863.8963468,2168,2879,9_S
1789469863.900123,2070,2878,9_S
1789469863.9095511,2131,2878,9_S
1789469863.912648,2090,2879,9_S
1789469863.913615,2141,2878,9_S
1789469863.9137018,2167,2880,9_S
1789469863.913768,2005,2878,9_S
1789469863.913866,2000,2878,9_S
1789469863.913971,2141,2880,9_S
1789469863.91405,1912,2880,9_S
1789469863.914114,1743,2879,9_S
1789469863.914176,1993,2880,9_S
1789469863.9158201,2257,2880,9_S
1789469863.917494,2438,2881,9_S
1789469863.92017,2013,2879,9_S
1789469863.921812,2027,2878,9_S
1789469863.923499,2264,2880,9_S
1789469863.931662,2253,2880,9_S
1789469863.934912,1953,2879,9_S
1789469863.940724,1841,2879,9_S
1789469863.941581,2110,2881,9_S
1789469863.9440188,2263,2879,9_S
1789469863.9444401,2222,2880,9_S
1789469863.9498858,1972,2879,9_S
1789469863.950656,2020,2879,9_S
1789469863.953372,2236,2879,9_S
1789469863.954444,1963,2877,9_S
1789469863.954581,1830,2878,9_S
1789469863.9546938,2066,2880,9_S
1789469863.9548259,2276,2879,9_S
1789469863.954967,2226,2879,9_S
1789469863.9550889,2066,2880,9_S
1789469863.955213,2022,2878,9_S
1789469863.9578292,2264,2880,9_S
1789469863.959161,2087,2879,9_S
1789469863.961764,1915,2880,9_S
1789469863.962871,2082,2879,9_S
1789469863.965255,2327,2879,9_S
1789469863.967558,2245,2881,9_S
1789469863.9699242,2048,2879,9_S
1789469863.9710138,1940,2878,9_S
1789469863.973608,2144,2879,9_S
1789469863.974933,2148,2880,9_S
1789469863.977034,1912,2877,9_S
1789469863.9791281,1916,2879,9_S
1789469863.981478,2161,2880,9_S
1789469863.983576,2283,2878,9_S
1789469863.985682,2201,2879,9_S
1789469863.987767,1983,2878,9_S
1789469863.989859,2032,2878,9_S
1789469863.9911911,2220,2879,9_S
1789469863.993539,1947,2878,9_S
1789469863.995643,1888,2879,9_S
1789469863.997002,2097,2879,9_S
1789469863.999347,2272,2879,9_S
1789469864.0017002,2200,2881,9_S
1789469864.0028741,2041,2879,9_S
1789469864.005215,1996,2878,9_S
1789469864.0072992,2198,2880,9_S
1789469864.009396,2047,2880,9_S
1789469864.011492,1841,2878,9_S
1789469864.01387,2053,2880,9_S
1789469864.014955,2191,2878,9_S
1789469864.017062,2271,2880,9_S
1789469864.019402,2119,2879,9_S
1789469864.021506,2007,2879,9_S
1789469864.022871,2056,2880,9_S
1789469864.024978,2159,2878,9_S
1789469864.0270998,1968,2878,9_S
1789469864.029448,1930,2879,9_S
1789469864.0315452,2242,2879,9_S
1789469864.033668,2291,2878,9_S
1789469864.0350258,2185,2880,9_S
1789469864.037123,2033,2878,9_S
1789469864.0394611,2055,2880,9_S
1789469864.047147,2139,2879,9_S
1789469864.048434,1984,2876,9_S
1789469864.051252,1847,2878,9_S
1789469864.051761,2084,2880,9_S
1789469864.054446,2248,2879,9_S
1789469864.055207,2186,2880,9_S
1789469864.057267,1971,2879,9_S
1789469864.058679,1967,2878,9_S
1789469864.061502,2227,2879,9_S
1789469864.066308,2140,2879,9_S
1789469864.067167,1903,2879,9_S
1789469864.069721,2027,2879,9_S
1789469864.070518,2158,2879,9_S
1789469864.0706959,2184,2877,9_S
1789469864.070751,2058,2880,9_S
1789469864.070863,2004,2879,9_S
1789469864.073461,2271,2879,9_S
1789469864.07581,2178,2880,9_S
1789469864.076891,1794,2877,9_S
1789469864.086794,1910,2878,9_S
1789469864.0905879,2125,2881,9_S
1789469864.09089,2251,2879,9_S
1789469864.0944152,2123,2880,9_S
1789469864.0953841,1985,2879,9_S
1789469864.096132,2017,2879,9_S
1789469864.097055,2218,2879,9_S
1789469864.097762,1968,2879,9_S
1789469864.098996,1871,2879,9_S
1789469864.101262,2057,2879,9_S
1789469864.106055,2264,2879,9_S
1789469864.106375,2192,2880,9_S
1789469864.106679,2055,2878,9_S
1789469864.106884,2001,2880,9_S
1789469864.107123,2159,2880,9_S
1789469864.110126,2057,2880,9_S
1789469864.111459,1891,2877,9_S
1789469864.113615,2006,2880,9_S
1789469864.1159658,2237,2879,9_S
1789469864.117057,2323,2881,9_S
1789469864.119497,2159,2881,9_S
1789469864.121623,2057,2879,9_S
1789469864.122943,2196,2880,9_S
1789469864.1255329,2191,2879,9_S
1789469864.126857,1906,2878,9_S
1789469864.129409,1970,2879,9_S
1789469864.131666,2182,2879,9_S
1789469864.134012,2225,2878,9_S
1789469864.1350799,2128,2880,9_S
1789469864.137434,1989,2878,9_S
1789469864.1397781,2052,2879,9_S
1789469864.140897,2216,2879,9_S
1789469864.1429949,1966,2879,9_S
1789469864.1450958,1859,2879,9_S
1789469864.147674,2079,2880,9_S
1789469864.149,2287,2879,9_S
1789469864.151335,2169,2881,9_S
1789469864.153901,2065,2880,9_S
1789469864.155209,2042,2880,9_S
1789469864.157609,2217,2879,9_S
1789469864.1599412,2065,2880,9_S
1789469864.161248,1882,2878,9_S
1789469864.1635761,2100,2879,9_S
1789469864.166768,2325,2879,9_S
1789469864.166831,2348,2880,9_S
1789469864.1695309,2124,2878,9_S
1789469864.170864,2011,2879,9_S
1789469864.17324,2081,2879,9_S
1789469864.1756318,2182,2880,9_S
1789469864.176883,1936,2878,9_S
1789469864.179254,1968,2878,9_S
1789469864.181639,2168,2879,9_S
1789469864.182977,2251,2880,9_S
1789469864.185365,2221,2879,9_S
1789469864.188033,2017,2880,9_S
1789469864.1895208,1993,2878,9_S
1789469864.197601,2178,2880,9_S
1789469864.19848,2063,2880,9_S
1789469864.201192,2016,2879,9_S
1789469864.20168,2166,2880,9_S
1789469864.2045052,2276,2878,9_S
1789469864.205472,2126,2881,9_S
1789469864.2069042,2025,2879,9_S
1789469864.207962,2030,2879,9_S
1789469864.209433,2316,2881,9_S
1789469864.211884,2153,2880,9_S
1789469864.215969,1926,2878,9_S
1789469864.216553,2032,2879,9_S
1789469864.216964,2245,2880,9_S
1789469864.217432,2338,2880,9_S
1789469864.220253,2178,2880,9_S
1789469864.221666,2070,2878,9_S
1789469864.2230499,2076,2878,9_S
1789469864.22563,2200,2880,9_S
1789469864.226974,1879,2877,9_S
1789469864.237442,1943,2879,9_S
1789469864.240084,2205,2880,9_S
1789469864.243074,2262,2879,9_S
1789469864.2451909,2125,2879,9_S
1789469864.249883,1990,2880,9_S
1789469864.254727,2054,2879,9_S
1789469864.257805,2211,2880,9_S
1789469864.258705,1978,2878,9_S
1789469864.258861,1941,2879,9_S
1789469864.258986,2077,2880,9_S
1789469864.259066,2174,2880,9_S
1789469864.25913,2150,2881,9_S
1789469864.259246,2092,2880,9_S
1789469864.2593129,2040,2880,9_S
1789469864.259376,2228,2881,9_S
1789469864.259511,2106,2880,9_S
1789469864.260864,1918,2878,9_S
1789469864.263437,1958,2880,9_S
1789469864.264997,2145,2880,9_S
1789469864.2674959,2214,2878,9_S
1789469864.268901,2065,2880,9_S
1789469864.271363,1969,2879,9_S
1789469864.2737842,2051,2879,9_S
1789469864.275129,2143,2879,9_S
1789469864.277844,1866,2877,9_S
1789469864.279094,1914,2879,9_S
1789469864.2816992,2216,2880,9_S
1789469864.283092,2271,2878,9_S
1789469864.285367,2142,2880,9_S
1789469864.287929,2077,2878,9_S
1789469864.289349,2105,2879,9_S
1789469864.2919521,2247,2880,9_S
1789469864.293304,2042,2880,9_S
1789469864.2959008,1891,2878,9_S
1789469864.297007,2098,2880,9_S
1789469864.299335,2279,2879,9_S
1789469864.301999,2261,2881,9_S
1789469864.3034282,2144,2878,9_S
1789469864.304848,2026,2878,9_S
1789469864.3074691,2143,2879,9_S
1789469864.3088372,2050,2878,9_S
1789469864.311434,1882,2878,9_S
1789469864.312824,2055,2879,9_S
1789469864.314933,2251,2879,9_S
1789469864.317296,2286,2880,9_S
1789469864.320032,2166,2879,9_S
1789469864.321153,2039,2878,9_S
1789469864.323759,2092,2878,9_S
1789469864.3250968,2173,2879,9_S
1789469864.327473,1941,2879,9_S
1789469864.329856,1892,2878,9_S
1789469864.331218,2162,2880,9_S
1789469864.333707,2285,2880,9_S
1789469864.33509,2161,2881,9_S
1789469864.337496,2035,2879,9_S
1789469864.339881,2066,2879,9_S
1789469864.340985,2229,2879,9_S
1789469864.343408,1987,2877,9_S
1789469864.344998,1827,2878,9_S
1789469864.35234,2041,2880,9_S
1789469864.356155,2250,2879,9_S
1789469864.356862,2221,2879,9_S
1789469864.359893,2060,2878,9_S
1789469864.360736,1975,2878,9_S
1789469864.362279,2226,2879,9_S
1789469864.3630211,2140,2880,9_S
1789469864.363358,1900,2879,9_S
1789469864.3668742,1985,2879,9_S
1789469864.371217,2188,2878,9_S
1789469864.3719811,2221,2877,9_S
1789469864.372562,2126,2880,9_S
1789469864.375205,1976,2878,9_S
1789469864.376292,2109,2878,9_S
1789469864.3763788,2171,2879,9_S
1789469864.3774981,1875,2878,9_S
1789469864.378859,1891,2878,9_S
1789469864.380992,2157,2880,9_S
1789469864.383647,2269,2880,9_S
1789469864.384833,2176,2880,9_S
1789469864.393311,2020,2879,9_S
1789469864.394759,2014,2878,9_S
1789469864.397276,2213,2879,9_S
1789469864.39803,2057,2880,9_S
1789469864.401761,1939,2878,9_S
1789469864.4031281,2094,2879,9_S
1789469864.405076,2241,2878,9_S
1789469864.407448,2198,2879,9_S
1789469864.407847,2067,2878,9_S
1789469864.412092,1959,2879,9_S
1789469864.412437,2142,2879,9_S
1789469864.413093,2130,2880,9_S
1789469864.413551,1933,2877,9_S
1789469864.413942,1911,2879,9_S
1789469864.417092,2183,2879,9_S
1789469864.417191,2259,2880,9_S
1789469864.4197388,2137,2879,9_S
1789469864.4208808,2018,2879,9_S
1789469864.4232519,2102,2879,9_S
1789469864.425889,2280,2881,9_S
1789469864.427157,1885,2877,9_S
1789469864.429545,1805,2879,9_S
1789469864.4308832,2170,2880,9_S
1789469864.433314,2228,2878,9_S
1789469864.4354281,2165,2881,9_S
1789469864.436914,1956,2878,9_S
1789469864.4393,2053,2879,9_S
1789469864.441643,2226,2880,9_S
1789469864.4428318,1929,2876,9_S
1789469864.445193,1791,2878,9_S
1789469864.4478238,2005,2880,9_S
1789469864.448927,2254,2879,9_S
1789469864.451555,2328,2881,9_S
1789469864.4529788,2091,2879,9_S
1789469864.455632,1942,2878,9_S
1789469864.4568388,2004,2879,9_S
1789469864.4592261,2207,2880,9_S
1789469864.4618392,2037,2878,9_S
1789469864.463192,1998,2879,9_S
1789469864.465573,2119,2878,9_S
1789469864.466908,2154,2878,9_S
1789469864.4697542,1988,2879,9_S
1789469864.471166,2012,2879,9_S
1789469864.47355,2135,2879,9_S
1789469864.474828,2136,2879,9_S
1789469864.4774232,1903,2878,9_S
1789469864.478836,2054,2879,9_S
1789469864.4812968,2090,2879,9_S
1789469864.483603,2111,2879,9_S
1789469864.484919,2162,2880,9_S
1789469864.487396,1977,2879,9_S
1789469864.488827,1901,2879,9_S
1789469864.4909718,2207,2879,9_S
1789469864.4935849,1962,2878,9_S
1789469864.494962,1947,2880,9_S
1789469864.497341,2099,2879,9_S
1789469864.499756,2431,2879,9_S
1789469864.5011358,2230,2880,9_S
1789469864.512388,2135,2880,9_S
1789469864.5145369,1633,2879,9_S
1789469864.517407,1985,2879,9_S
1789469864.52033,2153,2879,9_S
1789469864.522345,1960,2879,9_S
1789469864.524929,1816,2879,9_S
1789469864.529186,2052,2879,9_S
1789469864.529814,2053,2878,9_S
1789469864.530294,2108,2881,9_S
1789469864.530595,2259,2880,9_S
1789469864.5312488,2464,2881,9_S
1789469864.534315,2147,2880,9_S
1789469864.534697,1572,2879,9_S
1789469864.534806,1838,2878,9_S
1789469864.534869,2234,2880,9_S
1789469864.534923,2210,2878,9_S
1789469864.5349948,2021,2881,9_S
1789469864.537638,2047,2879,9_S
1789469864.538841,1822,2878,9_S
1789469864.5412962,1999,2878,9_S
1789469864.551035,1972,2877,9_S
1789469864.5524302,1983,2880,9_S
1789469864.554977,2057,2879,9_S
1789469864.557476,2158,2880,9_S
1789469864.5587919,2125,2878,9_S
1789469864.559569,2222,2880,9_S
1789469864.560502,1993,2878,9_S
1789469864.562468,2081,2879,9_S
1789469864.5650492,1973,2879,9_S
1789469864.569159,1854,2878,9_S
1789469864.569728,1944,2879,9_S
1789469864.570111,2258,2879,9_S
1789469864.570682,2233,2881,9_S
1789469864.5711539,2094,2880,9_S
1789469864.5743349,1736,2879,9_S
1789469864.5744169,2044,2879,9_S
1789469864.575765,2063,2880,9_S
1789469864.576888,1625,2878,9_S
1789469864.579252,1697,2878,9_S
1789469864.5818508,1928,2879,9_S
1789469864.583148,2322,2881,9_S
1789469864.5857952,2304,2879,9_S
1789469864.587203,2044,2880,9_S
1789469864.589789,1878,2879,9_S
1789469864.59113,2205,2880,9_S
1789469864.593728,1911,2879,9_S
1789469864.594882,1726,2879,9_S
1789469864.597491,1697,2879,9_S
1789469864.598834,2549,2881,9_S
1789469864.601127,2094,2880,9_S
1789469864.603762,1800,2879,9_S
1789469864.6051579,1488,2876,9_S
1789469864.607544,2350,2881,9_S
1789469864.608881,2482,2881,9_S
1789469864.611014,2039,2878,9_S
1789469864.6136162,1861,2878,9_S
1789469864.6148312,1973,2880,9_S
1789469864.6169658,2253,2880,9_S
1789469864.619364,1658,2876,9_S
1789469864.621737,2076,2879,9_S
1789469864.623117,2200,2880,9_S
1789469864.62547,2011,2880,9_S
1789469864.62682,1933,2879,9_S
1789469864.629459,1550,2879,9_S
1789469864.630852,2129,2879,9_S
1789469864.633368,2631,2881,9_S
1789469864.635633,2208,2881,9_S
1789469864.636974,1784,2880,9_S
1789469864.63922,2170,2881,9_S
1789469864.6418078,1937,2879,9_S
1789469864.643146,1551,2877,9_S
1789469864.645738,2180,2879,9_S
1789469864.646836,2181,2878,9_S
1789469864.649195,2121,2880,9_S
1789469864.6516,2143,2880,9_S
1789469864.65398,2042,2879,9_S
1789469864.6553988,1924,2879,9_S
1789469864.6645381,2200,2880,9_S
1789469864.665438,2252,2881,9_S
1789469864.66675,1991,2879,9_S
1789469864.669354,2034,2880,9_S
1789469864.672081,2274,2878,9_S
1789469864.6729028,2216,2880,9_S
1789469864.6743832,1807,2877,9_S
1789469864.6752262,1890,2879,9_S
1789469864.6759932,2483,2879,9_S
1789469864.677221,2150,2878,9_S
1789469864.6796439,2125,2880,9_S
1789469864.684146,1540,2880,9_S
1789469864.684748,2249,2879,9_S
1789469864.685432,2368,2879,9_S
1789469864.688315,2055,2880,9_S
1789469864.688684,1947,2878,9_S
1789469864.688829,1938,2878,9_S
1789469864.691201,2179,2878,9_S
1789469864.693554,2060,2880,9_S
1789469864.694823,1707,2879,9_S
1789469864.6973839,1678,2879,9_S
1789469864.705663,2108,2879,9_S
1789469864.706485,2416,2881,9_S
1789469864.708533,2347,2881,9_S
1789469864.70911,1923,2878,9_S
1789469864.711592,2280,2880,9_S
1789469864.71233,1793,2878,9_S
1789469864.713828,1886,2877,9_S
1789469864.716334,2036,2879,9_S
1789469864.718828,2191,2879,9_S
1789469864.7231958,2012,2877,9_S
1789469864.7239392,2011,2880,9_S
1789469864.7242482,1883,2879,9_S
1789469864.72463,1973,2880,9_S
1789469864.727425,2127,2879,9_S
1789469864.7277062,1859,2877,9_S
1789469864.728933,1877,2877,9_S
1789469864.731584,2075,2880,9_S
1789469864.7330189,2129,2880,9_S
1789469864.735737,2157,2879,9_S
1789469864.737092,2022,2879,9_S
1789469864.73953,1902,2879,9_S
1789469864.741903,2309,2880,9_S
1789469864.7432451,2234,2880,9_S
1789469864.7456582,1862,2878,9_S
1789469864.746996,1929,2880,9_S
1789469864.74911,2195,2878,9_S
1789469864.7517629,2300,2880,9_S
1789469864.7532978,2205,2880,9_S
1789469864.755924,2157,2879,9_S
1789469864.757267,2144,2879,9_S
1789469864.759854,2152,2881,9_S
1789469864.7610052,1868,2878,9_S
1789469864.763361,1929,2880,9_S
1789469864.765735,2121,2879,9_S
1789469864.767097,2351,2881,9_S
1789469864.769281,2054,2880,9_S
1789469864.771689,1914,2878,9_S
1789469864.7728488,1943,2878,9_S
1789469864.775457,2259,2880,9_S
1789469864.777814,1807,2878,9_S
1789469864.779148,1931,2878,9_S
1789469864.781533,2002,2879,9_S
1789469864.782869,2317,2880,9_S
1789469864.785464,2208,2880,9_S
1789469864.7868428,2215,2880,9_S
1789469864.789449,1893,2879,9_S
1789469864.790813,2038,2879,9_S
1789469864.7934349,2114,2880,9_S
1789469864.794823,1997,2879,9_S
1789469864.7973351,2110,2880,9_S
1789469864.7997491,2223,2879,9_S
1789469864.80108,2205,2881,9_S
1789469864.8037,2161,2879,9_S
1789469864.804877,1941,2879,9_S
1789469864.807241,1995,2879,9_S
1789469864.809856,1967,2880,9_S
1789469864.811192,1963,2878,9_S
1789469864.821433,2141,2881,9_S
1789469864.823942,2144,2879,9_S
1789469864.82419,2203,2879,9_S
1789469864.828046,2105,2880,9_S
1789469864.829469,2158,2879,9_S
1789469864.830793,2309,2880,9_S
1789469864.831587,2190,2879,9_S
1789469864.833965,1805,2878,9_S
1789469864.838794,1773,2879,9_S
1789469864.839585,2028,2880,9_S
1789469864.839929,2264,2879,9_S
1789469864.8424718,2162,2880,9_S
1789469864.843498,2047,2880,9_S
1789469864.843574,1962,2879,9_S
1789469864.843641,2326,2881,9_S
1789469864.8437362,2332,2880,9_S
1789469864.845073,1701,2879,9_S
1789469864.8472,2166,2879,9_S
1789469864.8497999,2185,2881,9_S
1789469864.850911,2219,2882,9_S
1789469864.858808,2053,2879,9_S
1789469864.8605828,2018,2879,9_S
1789469864.862273,1974,2879,9_S
1789469864.8628821,2124,2881,9_S
1789469864.8650858,1859,2879,9_S
1789469864.866517,1963,2879,9_S
1789469864.867166,2201,2880,9_S
1789469864.870455,2297,2879,9_S
1789469864.8726661,2118,2880,9_S
1789469864.872988,1953,2879,9_S
1789469864.8774168,2138,2880,9_S
1789469864.878113,2236,2880,9_S
1789469864.8787389,2024,2877,9_S
1789469864.8791628,1883,2879,9_S
1789469864.8824909,2130,2879,9_S
1789469864.883646,2260,2879,9_S
1789469864.8850272,2104,2879,9_S
1789469864.887646,2013,2880,9_S
1789469864.888982,1908,2878,9_S
1789469864.8915808,2286,2880,9_S
1789469864.892915,2000,2880,9_S
1789469864.8955112,1898,2879,9_S
1789469864.897801,1942,2880,9_S
1789469864.8990579,2138,2879,9_S
1789469864.901741,2216,2878,9_S
1789469864.903139,2163,2880,9_S
1789469864.9052858,1966,2879,9_S
1789469864.907663,2112,2879,9_S
1789469864.9088461,2265,2880,9_S
1789469864.911225,2007,2878,9_S
1789469864.91361,1979,2879,9_S
1789469864.914834,2321,2879,9_S
1789469864.917305,2346,2880,9_S
1789469864.920197,2182,2879,9_S
1789469864.9215848,1986,2879,9_S
1789469864.923861,2054,2878,9_S
1789469864.924997,2049,2879,9_S
1789469864.927267,1738,2877,9_S
1789469864.929893,1956,2879,9_S
1789469864.931,2110,2879,9_S
1789469864.933662,2374,2880,9_S
1789469864.935096,2289,2879,9_S
1789469864.9375029,2101,2879,9_S
1789469864.939643,2120,2880,9_S
1789469864.940989,2257,2879,9_S
1789469864.9435918,2094,2879,9_S
1789469864.94493,1757,2878,9_S
1789469864.947531,2009,2880,9_S
1789469864.948868,2322,2879,9_S
1789469864.951272,2251,2881,9_S
1789469864.953913,2089,2879,9_S
1789469864.955277,1978,2879,9_S
1789469864.9575,2262,2880,9_S
1789469864.958909,2164,2880,9_S
1789469864.961523,1980,2877,9_S
1789469864.962819,1950,2880,9_S
1789469864.965184,2498,2879,9_S
1789469864.9737852,2380,2881,9_S
1789469864.9755142,2084,2879,9_S
1789469864.9762099,2050,2878,9_S
1789469864.9768808,2236,2880,9_S
1789469864.978796,2269,2879,9_S
1789469864.979376,1978,2877,9_S
1789469864.981514,1951,2881,9_S
1789469864.9821749,2249,2881,9_S
1789469864.983629,2373,2880,9_S
1789469864.985582,2149,2881,9_S
1789469864.987487,2024,2879,9_S
1789469864.991145,2127,2879,9_S
1789469864.991434,2060,2879,9_S
1789469864.9941409,1937,2877,9_S
1789469864.995241,1931,2879,9_S
1789469864.997486,1950,2880,9_S
1789469864.998849,2348,2879,9_S
1789469865.001178,2299,2879,9_S
1789469865.0083299,2234,2880,9_S
1789469865.008975,1999,2879,9_S
1789469865.009137,2252,2879,9_S
1789469865.010106,2224,2880,9_S
1789469865.0119932,1963,2879,9_S
1789469865.015082,2003,2880,9_S
1789469865.016234,2240,2879,9_S
1789469865.018183,2398,2881,9_S
1789469865.0200589,2069,2877,9_S
1789469865.0238888,2098,2880,9_S
1789469865.0242188,2083,2880,9_S
1789469865.026349,2263,2880,9_S
1789469865.027924,1942,2878,9_S
1789469865.0290072,1875,2878,9_S
1789469865.0315871,2170,2880,9_S
1789469865.032913,2335,2878,9_S
1789469865.035487,2134,2880,9_S
1789469865.036872,2073,2879,9_S
1789469865.0390139,2109,2880,9_S
1789469865.041357,2131,2879,9_S
1789469865.043927,1980,2878,9_S
1789469865.0452402,1903,2879,9_S
1789469865.0473962,2017,2879,9_S
1789469865.04949,2138,2878,9_S
1789469865.050841,2243,2879,9_S
1789469865.053405,2148,2879,9_S
1789469865.055723,2001,2878,9_S
1789469865.056854,2111,2880,9_S
1789469865.059179,2247,2880,9_S
1789469865.061683,1996,2878,9_S
1789469865.062995,1970,2879,9_S
1789469865.06531,2156,2880,9_S
1789469865.067636,2209,2879,9_S
1789469865.068943,2100,2880,9_S
1789469865.071261,1910,2878,9_S
1789469865.073354,2035,2878,9_S
1789469865.0759308,2185,2881,9_S
1789469865.077237,1873,2878,9_S
1789469865.0798311,1973,2878,9_S
1789469865.0809011,2182,2880,9_S
1789469865.082976,2186,2879,9_S
1789469865.085299,2202,2881,9_S
1789469865.0878642,1952,2879,9_S
1789469865.089174,1996,2877,9_S
1789469865.091512,2245,2880,9_S
1789469865.0928278,2054,2879,9_S
1789469865.0953972,1942,2878,9_S
1789469865.097737,2082,2880,9_S
1789469865.099052,2279,2879,9_S
1789469865.101467,2334,2881,9_S
1789469865.108331,2137,2879,9_S
1789469865.109272,1943,2878,9_S
1789469865.109946,2137,2880,9_S
1789469865.112038,2147,2880,9_S
1789469865.1122,1939,2878,9_S
1789469865.114409,1827,2879,9_S
1789469865.116708,2174,2880,9_S
1789469865.1177769,2169,2879,9_S
1789469865.12331,2182,2880,9_S
1789469865.1234748,1957,2880,9_S
1789469865.1237519,1998,2878,9_S
1789469865.126661,2300,2879,9_S
1789469865.127983,1884,2878,9_S
1789469865.129299,1771,2878,9_S
1789469865.131567,2188,2880,9_S
1789469865.132837,2287,2879,9_S
1789469865.140735,2153,2880,9_S
1789469865.141452,1935,2878,9_S
1789469865.1421041,1980,2878,9_S
1789469865.143738,2268,2881,9_S
1789469865.1438642,2021,2880,9_S
1789469865.146471,1884,2879,9_S
1789469865.1479528,1872,2879,9_S
1789469865.149424,2299,2880,9_S
1789469865.154618,2259,2881,9_S
1789469865.154939,2043,2879,9_S
1789469865.155125,1985,2878,9_S
1789469865.157761,2116,2880,9_S
1789469865.159095,1957,2880,9_S
1789469865.1615202,1790,2877,9_S
1789469865.16283,1988,2880,9_S
1789469865.16491,2131,2879,9_S
1789469865.167229,2199,2879,9_S
1789469865.1698089,2109,2880,9_S
1789469865.171116,2111,2879,9_S
1789469865.17368,2021,2880,9_S
1789469865.176022,2301,2880,9_S
1789469865.177335,2002,2878,9_S
1789469865.179657,2021,2879,9_S
1789469865.181997,2064,2880,9_S
1789469865.183064,2159,2879,9_S
1789469865.18574,2142,2880,9_S
1789469865.18686,2036,2880,9_S
1789469865.189183,2051,2878,9_S
1789469865.191512,2231,2880,9_S
1789469865.1928298,2037,2880,9_S
1789469865.1953988,1848,2879,9_S
1789469865.197969,2121,2880,9_S
1789469865.199275,2289,2879,9_S
1789469865.201587,2296,2879,9_S
1789469865.203903,2065,2880,9_S
1789469865.204967,1982,2877,9_S
1789469865.207523,2081,2879,9_S
1789469865.209764,2078,2880,9_S
1789469865.2108219,1923,2878,9_S
1789469865.212893,1860,2879,9_S
1789469865.215109,2322,2881,9_S
1789469865.217435,2357,2881,9_S
1789469865.220031,1983,2879,9_S
1789469865.2213051,1825,2878,9_S
1789469865.223629,2033,2879,9_S
1789469865.224776,2286,2880,9_S
1789469865.232267,1997,2877,9_S
1789469865.232733,1947,2878,9_S
1789469865.233288,1966,2879,9_S
1789469865.235095,2270,2880,9_S
1789469865.235286,2342,2881,9_S
1789469865.2376802,2055,2879,9_S
1789469865.23933,2037,2879,9_S
1789469865.241782,2191,2880,9_S
1789469865.245146,2032,2881,9_S
1789469865.2453299,1783,2879,9_S
1789469865.247242,1994,2879,9_S
1789469865.2499242,2243,2879,9_S
1789469865.2512572,2222,2881,9_S
1789469865.25376,1997,2880,9_S
1789469865.2565298,2002,2880,9_S
1789469865.2603798,2157,2880,9_S
1789469865.263068,2174,2880,9_S
1789469865.263243,1855,2877,9_S
1789469865.2635362,1879,2879,9_S
1789469865.265335,2153,2879,9_S
1789469865.267339,2271,2879,9_S
1789469865.269844,2214,2880,9_S
1789469865.273173,2101,2878,9_S
1789469865.2734778,2199,2878,9_S
1789469865.275722,2111,2879,9_S
1789469865.2767968,2130,2879,9_S
1789469865.279116,1961,2878,9_S
1789469865.281429,2020,2879,9_S
1789469865.283746,2217,2878,9_S
1789469865.285069,2244,2880,9_S
1789469865.287671,1961,2879,9_S
1789469865.2900329,2036,2879,9_S
1789469865.291339,2272,2879,9_S
1789469865.2939022,2102,2880,9_S
1789469865.294959,1708,2878,9_S
1789469865.297486,1994,2880,9_S
1789469865.299577,2339,2880,9_S
1789469865.3008761,2219,2880,9_S
1789469865.303038,2161,2880,9_S
1789469865.3053582,1947,2879,9_S
1789469865.306734,2133,2880,9_S
1789469865.309047,2074,2880,9_S
1789469865.3112,1863,2877,9_S
1789469865.313388,1933,2879,9_S
1789469865.314742,2153,2879,9_S
1789469865.317058,2338,2882,9_S
1789469865.319616,2228,2880,9_S
1789469865.320948,1922,2879,9_S
1789469865.323508,2000,2879,9_S
1789469865.325761,2304,2880,9_S
1789469865.326823,2113,2880,9_S
1789469865.3291242,1970,2879,9_S
1789469865.3312151,2174,2880,9_S
1789469865.33372,2322,2879,9_S
1789469865.334778,2172,2881,9_S
1789469865.337337,1989,2879,9_S
1789469865.339651,1917,2879,9_S
1789469865.340738,2163,2880,9_S
1789469865.347907,2065,2881,9_S
1789469865.3484192,1880,2878,9_S
1789469865.348546,2044,2879,9_S
1789469865.349459,2256,2880,9_S
1789469865.35124,2162,2879,9_S
1789469865.35359,2084,2880,9_S
1789469865.355184,2039,2879,9_S
1789469865.3575811,2156,2879,9_S
1789469865.360946,2178,2879,9_S
1789469865.361162,1986,2878,9_S
1789469865.363719,1869,2879,9_S
1789469865.365032,2145,2880,9_S
1789469865.367593,2363,2882,9_S
1789469865.3696792,2181,2880,9_S
1789469865.376022,1965,2879,9_S
1789469865.3765619,1924,2878,9_S
1789469865.377457,2149,2880,9_S
1789469865.378898,1934,2878,9_S
1789469865.379084,1937,2879,9_S
1789469865.381609,2030,2879,9_S
1789469865.3832672,2208,2879,9_S
1789469865.3851478,2213,2880,9_S
1789469865.388597,2081,2879,9_S
1789469865.39051,1882,2878,9_S
1789469865.3917959,2276,2880,9_S
1789469865.392852,2187,2881,9_S
1789469865.39516,1928,2878,9_S
1789469865.397473,1974,2879,9_S
1789469865.398774,2212,2880,9_S
1789469865.401119,2257,2880,9_S
1789469865.403698,2036,2879,9_S
1789469865.404934,1956,2878,9_S
1789469865.407249,2259,2879,9_S
1789469865.409564,2231,2881,9_S
1789469865.410732,1812,2878,9_S
1789469865.412808,1810,2879,9_S
1789469865.4148932,2131,2879,9_S
1789469865.416972,2235,2879,9_S
1789469865.419289,2115,2878,9_S
1789469865.4217541,2038,2879,9_S
1789469865.4228249,2180,2879,9_S
1789469865.424912,2097,2879,9_S
1789469865.427237,1944,2876,9_S
1789469865.42956,1888,2878,9_S
1789469865.430735,2052,2879,9_S
1789469865.433293,2280,2879,9_S
1789469865.435658,2182,2880,9_S
1789469865.436957,2048,2879,9_S
1789469865.439271,1979,2878,9_S
1789469865.441584,2134,2879,9_S
1789469865.4428859,2100,2879,9_S
1789469865.4452102,1906,2878,9_S
1789469865.447776,2050,2880,9_S
1789469865.4490821,2010,2878,9_S
1789469865.451639,2317,2881,9_S
1789469865.452754,2215,2879,9_S
1789469865.455254,1942,2878,9_S
1789469865.4573262,2040,2880,9_S
1789469865.462827,2192,2880,9_S
1789469865.4632971,1923,2878,9_S
1789469865.463831,1959,2880,9_S
1789469865.466368,2120,2880,9_S
1789469865.468513,2221,2879,9_S
1789469865.470378,2162,2880,9_S
1789469865.472435,1988,2879,9_S
1789469865.475893,2065,2880,9_S
1789469865.476108,2204,2880,9_S
1789469865.478693,1998,2878,9_S
1789469865.478751,1896,2879,9_S
1789469865.4813209,2039,2880,9_S
1789469865.483867,2231,2880,9_S
1789469865.48517,2192,2881,9_S
1789469865.4904718,2184,2879,9_S
1789469865.4914508,1964,2880,9_S
1789469865.4919648,2027,2880,9_S
1789469865.49391,2030,2880,9_S
1789469865.496153,1908,2879,9_S
1789469865.497741,2049,2879,9_S
1789469865.500268,2252,2879,9_S
1789469865.503545,2281,2880,9_S
1789469865.503815,2010,2879,9_S
1789469865.505842,1985,2878,9_S
1789469865.507154,2056,2879,9_S
1789469865.509481,2146,2880,9_S
1789469865.511801,1979,2879,9_S
1789469865.5131142,1896,2878,9_S
1789469865.5154738,2122,2879,9_S
1789469865.516742,2220,2879,9_S
1789469865.519309,2133,2880,9_S
1789469865.521634,2021,2878,9_S
1789469865.522728,2047,2879,9_S
1789469865.525263,2271,2879,9_S
1789469865.527583,1955,2877,9_S
1789469865.528717,1857,2878,9_S
1789469865.531283,2134,2879,9_S
1789469865.533665,2259,2879,9_S
1789469865.534965,2199,2879,9_S
1789469865.537525,2068,2878,9_S
1789469865.5388238,2015,2878,9_S
1789469865.5410829,2125,2879,9_S
1789469865.543641,2091,2878,9_S
1789469865.544946,1896,2877,9_S
1789469865.547264,1960,2880,9_S
1789469865.549588,2161,2879,9_S
1789469865.550733,2261,2880,9_S
1789469865.553053,2129,2879,9_S
1789469865.555368,2023,2878,9_S
1789469865.5567229,2101,2879,9_S
1789469865.558805,2183,2880,9_S
1789469865.560889,1956,2877,9_S
1789469865.563452,1942,2879,9_S
1789469865.565523,2110,2879,9_S
1789469865.567829,2168,2878,9_S
1789469865.568888,2144,2880,9_S
1789469865.571211,1985,2878,9_S
1789469865.573738,2028,2879,9_S
1789469865.578799,2240,2879,9_S
1789469865.5793731,1986,2879,9_S
1789469865.5802848,1869,2878,9_S
1789469865.5819972,2071,2880,9_S
1789469865.5841,2242,2879,9_S
1789469865.586106,2213,2880,9_S
1789469865.588041,2079,2880,9_S
1789469865.591116,2006,2878,9_S
1789469865.591391,2200,2881,9_S
1789469865.593506,2103,2880,9_S
1789469865.594811,1913,2879,9_S
1789469865.5970502,2010,2880,9_S
1789469865.599205,2205,2880,9_S
1789469865.605073,2293,2881,9_S
1789469865.6055539,2106,2879,9_S
1789469865.606431,1940,2877,9_S
1789469865.608043,2081,2879,9_S
1789469865.609808,2160,2881,9_S
1789469865.611763,1953,2878,9_S
1789469865.613987,1957,2879,9_S
1789469865.617044,2144,2879,9_S
1789469865.617322,2259,2879,9_S
1789469865.619443,2163,2880,9_S
1789469865.6207948,2009,2878,9_S
1789469865.6233659,2013,2878,9_S
1789469865.625686,2176,2879,9_S
1789469865.626987,1999,2878,9_S
1789469865.629327,1866,2879,9_S
1789469865.630715,2069,2878,9_S
1789469865.633276,2251,2880,9_S
1789469865.6355991,2205,2880,9_S
1789469865.636896,2069,2879,9_S
1789469865.639453,1992,2879,9_S
1789469865.6407292,2157,2880,9_S
1789469865.642812,2053,2880,9_S
1789469865.6451242,1874,2879,9_S
1789469865.64744,1937,2879,9_S
1789469865.649517,2161,2879,9_S
1789469865.651844,2223,2878,9_S
1789469865.652891,2176,2880,9_S
1789469865.655452,2052,2878,9_S
1789469865.657522,2057,2880,9_S
1789469865.658817,2134,2879,9_S
1789469865.661123,1942,2879,9_S
1789469865.663439,1989,2879,9_S
1789469865.6655092,2110,2879,9_S
1789469865.6678221,2213,2879,9_S
1789469865.669118,2141,2881,9_S
1789469865.671422,2015,2879,9_S
1789469865.672865,2024,2880,9_S
1789469865.675028,2208,2880,9_S
1789469865.677585,2074,2880,9_S
1789469865.678883,1931,2878,9_S
1789469865.685193,2058,2880,9_S
1789469865.6852338,2210,2880,9_S
1789469865.685272,2205,2879,9_S
1789469865.686956,2089,2880,9_S
1789469865.69036,1988,2880,9_S
1789469865.69235,2186,2879,9_S
1789469865.6946392,2098,2879,9_S
1789469865.6976252,1894,2879,9_S
1789469865.697804,1969,2878,9_S
1789469865.700104,2215,2879,9_S
1789469865.701157,2315,2881,9_S
1789469865.703716,2067,2879,9_S
1789469865.70502,1927,2879,9_S
1789469865.713044,2105,2879,9_S
1789469865.7143512,2195,2880,9_S
1789469865.7147,1971,2878,9_S
1789469865.715999,1944,2879,9_S
1789469865.716436,2165,2878,9_S
1789469865.718155,2319,2879,9_S
1789469865.720321,2175,2880,9_S
1789469865.7232661,1988,2879,9_S
1789469865.723419,1976,2879,9_S
1789469865.725269,2174,2879,9_S
1789469865.727333,2019,2879,9_S
1789469865.7294168,1848,2879,9_S
1789469865.731758,2001,2879,9_S
1789469865.732888,2209,2879,9_S
1789469865.7352178,2268,2881,9_S
1789469865.7375512,2142,2879,9_S
1789469865.739883,2019,2879,9_S
1789469865.740941,2118,2879,9_S
1789469865.743253,2047,2881,9_S
1789469865.74546,1943,2877,9_S
1789469865.747527,2040,2880,9_S
1789469865.74986,2161,2879,9_S
1789469865.7509189,2182,2878,9_S
1789469865.753228,2093,2880,9_S
1789469865.755557,2051,2879,9_S
1789469865.756864,2125,2880,9_S
1789469865.759176,2205,2879,9_S
1789469865.761495,1953,2878,9_S
1789469865.7627919,1908,2878,9_S
1789469865.7651,2074,2880,9_S
1789469865.767416,2224,2879,9_S
1789469865.768758,2154,2880,9_S
1789469865.771061,2028,2879,9_S
1789469865.773246,2079,2878,9_S
1789469865.7753081,2241,2880,9_S
1789469865.777631,2045,2879,9_S
1789469865.77872,1865,2879,9_S
1789469865.781038,2055,2880,9_S
1789469865.783103,2255,2879,9_S
1789469865.7854102,2316,2881,9_S
1789469865.786736,2150,2879,9_S
1789469865.792097,1996,2880,9_S
1789469865.7927208,2175,2881,9_S
1789469865.793198,2175,2879,9_S
1789469865.795249,1964,2879,9_S
1789469865.798294,2010,2880,9_S
1789469865.8008,2193,2880,9_S
1789469865.800986,2247,2879,9_S
1789469865.803932,2090,2881,9_S
1789469865.805759,1999,2879,9_S
1789469865.806813,2087,2880,9_S
1789469865.809128,2182,2880,9_S
1789469865.811456,1955,2878,9_S
1789469865.81757,1944,2880,9_S
1789469865.8177018,2159,2880,9_S
1789469865.818159,2269,2880,9_S
1789469865.820554,2178,2880,9_S
1789469865.822561,2022,2879,9_S
1789469865.8239,2075,2878,9_S
1789469865.826427,2229,2881,9_S
1789469865.829289,2043,2880,9_S
1789469865.829578,1905,2878,9_S
1789469865.831839,2071,2880,9_S
1789469865.833152,2263,2879,9_S
1789469865.835673,2222,2879,9_S
1789469865.836843,2091,2880,9_S
1789469865.839164,2020,2879,9_S
1789469865.84145,2168,2879,9_S
1789469865.842797,2085,2880,9_S
1789469865.845353,1919,2877,9_S
1789469865.8476741,2012,2880,9_S
1789469865.848979,2209,2881,9_S
1789469865.851531,2250,2879,9_S
1789469865.8528352,2133,2879,9_S
1789469865.8551471,1994,2880,9_S
1789469865.8574579,2127,2879,9_S
1789469865.858755,2201,2880,9_S
1789469865.861077,1939,2878,9_S
1789469865.8633962,1910,2880,9_S
1789469865.864749,2161,2880,9_S
1789469865.86731,2265,2879,9_S
1789469865.868711,2171,2882,9_S
1789469865.8710341,2026,2879,9_S
1789469865.873594,2038,2879,9_S
1789469865.8748958,2221,2879,9_S
1789469865.877217,2059,2878,9_S
1789469865.8793101,1920,2880,9_S
1789469865.8807418,2062,2880,9_S
1789469865.8831449,2223,2879,9_S
1789469865.885453,2226,2881,9_S
1789469865.88675,2092,2879,9_S
1789469865.88908,2004,2878,9_S
1789469865.8913898,2179,2880,9_S
1789469865.892752,2140,2879,9_S
1789469865.899046,1889,2878,9_S
1789469865.899829,1942,2879,9_S
1789469865.900296,2195,2880,9_S
1789469865.903263,2270,2878,9_S
1789469865.903767,2147,2881,9_S
1789469865.905183,2018,2879,9_S
1789469865.9075022,2089,2880,9_S
1789469865.91068,2200,2879,9_S
1789469865.911017,1997,2877,9_S
1789469865.913336,1951,2879,9_S
1789469865.9147232,2131,2879,9_S
1789469865.91704,2243,2879,9_S
1789469865.919352,2180,2879,9_S
1789469865.9250271,2038,2879,9_S
1789469865.9255621,2010,2879,9_S
1789469865.926953,2173,2878,9_S
1789469865.928511,2015,2880,9_S
1789469865.930872,1859,2879,9_S
1789469865.93138,1975,2879,9_S
1789469865.93291,2176,2878,9_S
1789469865.934707,2253,2880,9_S
1789469865.937658,2090,2880,9_S
1789469865.9399328,2008,2879,9_S
1789469865.941236,2148,2880,9_S
1789469865.943802,2078,2881,9_S
1789469865.945102,1888,2877,9_S
1789469865.947398,2015,2879,9_S
1789469865.94974,2210,2880,9_S
1789469865.951044,2263,2879,9_S
1789469865.953352,2126,2879,9_S
1789469865.9547899,2011,2879,9_S
1789469865.956867,2055,2877,9_S
1789469865.959327,2153,2879,9_S
1789469865.961647,1957,2878,9_S
1789469865.962707,1915,2878,9_S
1789469865.964767,2116,2880,9_S
1789469865.966923,2210,2878,9_S
1789469865.969137,2152,2880,9_S
1789469865.971444,1992,2879,9_S
1789469865.9727511,1994,2879,9_S
1789469865.9750779,2196,2880,9_S
1789469865.9773939,2059,2880,9_S
1789469865.979472,1908,2879,9_S
1789469865.980772,2020,2880,9_S
1789469865.982841,2207,2879,9_S
1789469865.985397,2216,2880,9_S
1789469865.98772,2095,2879,9_S
1789469865.988786,1999,2879,9_S
1789469865.9910989,2153,2880,9_S
1789469865.993651,2119,2879,9_S
1789469865.9947069,1920,2877,9_S
1789469865.9970272,1953,2879,9_S
1789469865.999111,2164,2880,9_S
1789469866.001677,2228,2879,9_S
1789469866.0030668,2101,2879,9_S
1789469866.0081651,2009,2879,9_S
1789469866.009168,2063,2879,9_S
1789469866.010119,2176,2880,9_S
1789469866.011743,1944,2877,9_S
1789469866.013899,1897,2879,9_S
1789469866.015431,2120,2880,9_S
1789469866.017785,2262,2879,9_S
1789469866.020684,2182,2881,9_S
1789469866.02082,2046,2879,9_S
1789469866.023655,2004,2878,9_S
1789469866.024739,2199,2880,9_S
1789469866.026814,2056,2879,9_S
1789469866.028884,1925,2879,9_S
1789469866.0345879,2025,2879,9_S
1789469866.035166,2209,2879,9_S
1789469866.0355709,2212,2880,9_S
1789469866.037588,2095,2880,9_S
1789469866.040226,2013,2879,9_S
1789469866.041755,2152,2880,9_S
1789469866.0462599,2150,2880,9_S
1789469866.046454,1921,2879,9_S
1789469866.048654,1965,2879,9_S
1789469866.0488892,2185,2879,9_S
1789469866.051459,2266,2878,9_S
1789469866.052759,2151,2879,9_S
1789469866.055321,2032,2879,9_S
1789469866.056629,2029,2878,9_S
1789469866.0589771,2186,2878,9_S
1789469866.0615392,1967,2878,9_S
1789469866.063634,1933,2879,9_S
1789469866.064692,2130,2880,9_S
1789469866.067009,2239,2880,9_S
1789469866.0695622,2167,2881,9_S
1789469866.0707588,1999,2879,9_S
1789469866.0731158,2002,2879,9_S
1789469866.0756748,2167,2880,9_S
1789469866.076919,2064,2880,9_S
1789469866.079472,1918,2878,9_S
1789469866.080771,2044,2879,9_S
1789469866.083092,2227,2879,9_S
1789469866.085645,2231,2881,9_S
1789469866.0869398,2106,2880,9_S
1789469866.0893319,2022,2879,9_S
1789469866.091645,2107,2880,9_S
1789469866.092702,2114,2880,9_S
1789469866.09502,1933,2878,9_S
1789469866.097095,1955,2879,9_S
1789469866.0993621,2134,2879,9_S
1789469866.101432,2188,2879,9_S
1789469866.102725,2107,2880,9_S
1789469866.105033,2019,2880,9_S
1789469866.107336,2079,2878,9_S
1789469866.109418,2196,2880,9_S
1789469866.110715,1951,2877,9_S
1789469866.1163368,1893,2878,9_S
1789469866.11725,2085,2881,9_S
1789469866.1185448,2215,2879,9_S
1789469866.1199439,2181,2880,9_S
1789469866.12189,2094,2879,9_S
1789469866.123829,2046,2879,9_S
1789469866.12564,2176,2880,9_S
1789469866.128427,2075,2879,9_S
1789469866.1307929,1907,2878,9_S
1789469866.130965,2024,2880,9_S
1789469866.133285,2198,2878,9_S
1789469866.134618,2203,2881,9_S
1789469866.137069,2095,2879,9_S
1789469866.14181,1995,2878,9_S
1789469866.1422698,2130,2880,9_S
1789469866.144663,2136,2881,9_S
1789469866.146133,1947,2878,9_S
1789469866.148254,1967,2880,9_S
1789469866.150375,2176,2880,9_S
1789469866.153034,2246,2879,9_S
1789469866.153186,2101,2881,9_S
1789469866.155034,1973,2879,9_S
1789469866.1571069,2028,2878,9_S
1789469866.159425,2164,2879,9_S
1789469866.160613,1962,2878,9_S
1789469866.1629398,1899,2879,9_S
1789469866.165513,2119,2880,9_S
1789469866.166821,2230,2879,9_S
1789469866.1693802,2166,2879,9_S
1789469866.1706839,2079,2879,9_S
1789469866.172993,2026,2879,9_S
1789469866.1755478,2196,2879,9_S
1789469866.176605,2028,2879,9_S
1789469866.179134,1884,2878,9_S
1789469866.1814442,1998,2881,9_S
1789469866.182613,2212,2879,9_S
1789469866.1849961,2208,2880,9_S
1789469866.187299,2084,2879,9_S
1789469866.188631,1997,2879,9_S
1789469866.19088,2136,2880,9_S
1789469866.193233,2107,2880,9_S
1789469866.195426,1909,2879,9_S
1789469866.19662,1960,2878,9_S
1789469866.1989272,2154,2880,9_S
1789469866.201119,2233,2879,9_S
1789469866.203188,2153,2880,9_S
1789469866.2057621,2028,2880,9_S
1789469866.207058,2033,2879,9_S
1789469866.209362,2170,2879,9_S
1789469866.2116742,1953,2878,9_S
1789469866.2127302,1925,2880,9_S
1789469866.215277,2112,2879,9_S
1789469866.217582,2232,2880,9_S
1789469866.2230191,2185,2880,9_S
1789469866.223129,2048,2879,9_S
1789469866.2239401,2014,2880,9_S
1789469866.225638,2190,2881,9_S
1789469866.2275221,2076,2881,9_S
1789469866.228909,1916,2879,9_S
1789469866.230956,2013,2880,9_S
1789469866.233672,2222,2879,9_S
1789469866.235338,2237,2880,9_S
1789469866.236638,2110,2880,9_S
1789469866.2391932,1990,2880,9_S
1789469866.240597,2100,2879,9_S
1789469866.246315,2135,2879,9_S
1789469866.246749,1959,2878,9_S
1789469866.246858,1956,2879,9_S
1789469866.248968,2125,2880,9_S
1789469866.2512152,2186,2879,9_S
1789469866.252587,2148,2880,9_S
1789469866.25668,2000,2880,9_S
1789469866.2568462,2008,2878,9_S
1789469866.2588642,2159,2880,9_S
1789469866.261306,1987,2878,9_S
1789469866.2633832,1927,2880,9_S
1789469866.265459,2106,2879,9_S
1789469866.266747,2248,2879,9_S
1789469866.269063,2201,2880,9_S
1789469866.271195,2078,2879,9_S
1789469866.273495,2045,2878,9_S
1789469866.274594,2197,2880,9_S
1789469866.276909,2065,2880,9_S
1789469866.279222,1880,2878,9_S
1789469866.280564,2014,2881,9_S
1789469866.2828119,2169,2879,9_S
1789469866.285362,2210,2882,9_S
1789469866.286654,2053,2880,9_S
1789469866.289144,2021,2879,9_S
1789469866.291698,2142,2880,9_S
1789469866.292992,2154,2880,9_S
1789469866.295135,1916,2879,9_S
1789469866.297445,1949,2879,9_S
1789469866.298605,2181,2879,9_S
1789469866.30087,2284,2879,9_S
1789469866.303421,2190,2879,9_S
1789469866.304717,2077,2878,9_S
1789469866.3070312,2088,2879,9_S
1789469866.309582,2201,2879,9_S
1789469866.3106298,2004,2878,9_S
1789469866.312703,1899,2879,9_S
1789469866.315014,2073,2879,9_S
1789469866.321686,2196,2880,9_S
1789469866.3224719,2179,2881,9_S
1789469866.3229,2037,2878,9_S
1789469866.323773,1971,2879,9_S
1789469866.325004,2157,2880,9_S
1789469866.3272479,2029,2879,9_S
1789469866.328678,1878,2877,9_S
1789469866.333034,2034,2879,9_S
1789469866.3332238,2193,2879,9_S
1789469866.334846,2193,2877,9_S
1789469866.337167,2102,2880,9_S
1789469866.339247,2002,2879,9_S
1789469866.346436,2150,2879,9_S
1789469866.346872,2154,2879,9_S
1789469866.347332,1920,2877,9_S
1789469866.348465,1943,2878,9_S
1789469866.348657,2161,2879,9_S
1789469866.351819,2230,2879,9_S
1789469866.353792,2134,2880,9_S
1789469866.356278,2024,2879,9_S
1789469866.358067,2050,2878,9_S
1789469866.359366,2173,2879,9_S
1789469866.360665,1991,2877,9_S
1789469866.3627222,1925,2878,9_S
1789469866.36479,2102,2880,9_S
1789469866.3673751,2231,2879,9_S
1789469866.3686311,2196,2879,9_S
1789469866.370694,2052,2879,9_S
1789469866.373013,2003,2878,9_S
1789469866.3753312,2162,2880,9_S
1789469866.376627,2038,2879,9_S
1789469866.379178,1895,2880,9_S
1789469866.381747,1990,2879,9_S
1789469866.3828008,2183,2878,9_S
1789469866.38535,2241,2880,9_S
1789469866.386644,2113,2880,9_S
1789469866.389167,2002,2878,9_S
1789469866.3917172,2128,2879,9_S
1789469866.3930109,2149,2879,9_S
1789469866.3955588,1949,2878,9_S
1789469866.396851,1998,2879,9_S
1789469866.399404,2176,2880,9_S
1789469866.400587,2251,2879,9_S
1789469866.40289,2134,2879,9_S
1789469866.405202,1993,2879,9_S
1789469866.4075131,2032,2878,9_S
1789469866.408573,2188,2879,9_S
1789469866.411131,1996,2878,9_S
1789469866.413439,1884,2879,9_S
1789469866.4147332,2039,2879,9_S
1789469866.417283,2208,2878,9_S
1789469866.422567,2184,2881,9_S
1789469866.4230568,2052,2879,9_S
1789469866.423182,1994,2878,9_S
1789469866.425426,2154,2881,9_S
1789469866.427862,2037,2880,9_S
1789469866.429597,1912,2878,9_S
1789469866.431084,2005,2881,9_S
1789469866.4335968,2182,2880,9_S
1789469866.43569,2233,2880,9_S
1789469866.4367502,2087,2879,9_S
1789469866.4388769,2006,2879,9_S
1789469866.440947,2125,2879,9_S
1789469866.4477189,2136,2879,9_S
1789469866.447799,1929,2877,9_S
1789469866.4483058,1945,2878,9_S
1789469866.4501278,2112,2879,9_S
1789469866.45203,2206,2879,9_S
1789469866.4533749,2116,2880,9_S
1789469866.45529,2005,2879,9_S
1789469866.457821,2053,2878,9_S
1789469866.459987,2196,2879,9_S
1789469866.46129,2025,2877,9_S
1789469866.46259,1908,2878,9_S
1789469866.4651442,2087,2879,9_S
1789469866.4676979,2220,2878,9_S
1789469866.468757,2158,2879,9_S
1789469866.471317,2003,2879,9_S
1789469866.472624,1951,2877,9_S
1789469866.4749281,2124,2879,9_S
1789469866.477473,2065,2880,9_S
1789469866.478763,1907,2878,9_S
1789469866.48108,1989,2880,9_S
1789469866.483632,2197,2879,9_S
1789469866.4849222,2257,2880,9_S
1789469866.487235,2142,2880,9_S
1789469866.489543,2023,2879,9_S
1789469866.490616,2129,2879,9_S
1789469866.492934,2135,2880,9_S
1789469866.495252,1926,2878,9_S
1789469866.496584,1937,2878,9_S
1789469866.4986439,2133,2879,9_S
1789469866.5009868,2209,2879,9_S
1789469866.503534,2137,2880,9_S
1789469866.5048268,2009,2879,9_S
1789469866.507377,2013,2878,9_S
1789469866.508671,2180,2879,9_S
1789469866.5112221,1962,2878,9_S
1789469866.5134668,1894,2880,9_S
1789469866.514761,2042,2879,9_S
1789469866.5168908,2214,2880,9_S
1789469866.5215108,2204,2880,9_S
1789469866.522298,2083,2879,9_S
1789469866.524169,2028,2878,9_S
1789469866.525964,2140,2879,9_S
1789469866.527885,2024,2880,9_S
1789469866.531439,1889,2878,9_S
1789469866.5315871,2016,2878,9_S
1789469866.533259,2198,2879,9_S
1789469866.535579,2216,2881,9_S
1789469866.536635,2124,2879,9_S
1789469866.539188,2056,2880,9_S
1789469866.543999,2145,2879,9_S
1789469866.5447948,2159,2880,9_S
1789469866.546279,1914,2878,9_S
1789469866.548183,1948,2878,9_S
1789469866.549781,2135,2879,9_S
1789469866.55133,2231,2878,9_S
1789469866.553622,2157,2880,9_S
1789469866.555677,2039,2878,9_S
1789469866.556737,2064,2880,9_S
1789469866.559288,2208,2879,9_S
1789469866.560592,2005,2877,9_S
1789469866.562905,1934,2880,9_S
1789469866.56547,2098,2879,9_S
1789469866.566765,2226,2880,9_S
1789469866.569079,2148,2880,9_S
1789469866.571626,2045,2879,9_S
1789469866.5729222,1956,2879,9_S
1789469866.575475,2197,2879,9_S
1789469866.57677,2094,2879,9_S
1789469866.5792608,1914,2878,9_S
1789469866.580608,2004,2879,9_S
1789469866.5831628,2232,2879,9_S
1789469866.585711,2256,2880,9_S
1789469866.587002,2087,2878,9_S
1789469866.589549,2009,2880,9_S
1789469866.5908391,2106,2879,9_S
1789469866.593159,2158,2881,9_S
1789469866.5954719,1924,2878,9_S
1789469866.5965939,1910,2879,9_S
1789469866.598907,2089,2879,9_S
1789469866.601452,2222,2879,9_S
1789469866.602587,2120,2879,9_S
1789469866.604714,1995,2880,9_S
1789469866.607266,2011,2879,9_S
1789469866.608583,2168,2879,9_S
1789469866.610656,2016,2879,9_S
1789469866.6161122,1957,2880,9_S
1789469866.6165671,2079,2880,9_S
1789469866.61765,2227,2880,9_S
1789469866.618853,2226,2880,9_S
1789469866.622116,2075,2878,9_S
1789469866.623808,1994,2879,9_S
1789469866.6261098,2169,2879,9_S
1789469866.628128,2076,2878,9_S
1789469866.6291819,1898,2878,9_S
1789469866.6314821,2034,2879,9_S
1789469866.6327722,2198,2879,9_S
1789469866.637999,2205,2879,9_S
1789469866.6383822,2082,2881,9_S
1789469866.640775,2014,2880,9_S
1789469866.640903,2101,2880,9_S
1789469866.6435058,2137,2880,9_S
1789469866.645843,1912,2879,9_S
1789469866.64815,1906,2879,9_S
1789469866.649854,2107,2880,9_S
1789469866.651152,2229,2880,9_S
1789469866.6537018,2148,2880,9_S
1789469866.654816,2019,2879,9_S
1789469866.6571279,2035,2879,9_S
1789469866.659693,2212,2880,9_S
1789469866.660987,1990,2878,9_S
1789469866.663289,1912,2880,9_S
1789469866.665399,2079,2879,9_S
1789469866.667465,2220,2879,9_S
1789469866.668755,2214,2881,9_S
1789469866.6713028,2095,2879,9_S
1789469866.6736069,2025,2879,9_S
1789469866.674895,2167,2880,9_S
1789469866.6774452,2094,2880,9_S
1789469866.678588,1913,2878,9_S
1789469866.6808908,1982,2878,9_S
1789469866.6832068,2143,2880,9_S
1789469866.685753,2207,2879,9_S
1789469866.686805,2123,2881,9_S
1789469866.68935,1993,2879,9_S
1789469866.6906419,2116,2879,9_S
1789469866.6927118,2148,2881,9_S
1789469866.695264,1962,2878,9_S
1789469866.697344,1941,2879,9_S
1789469866.698634,2124,2879,9_S
1789469866.700948,2226,2879,9_S
1789469866.703497,2115,2879,9_S
1789469866.704791,1994,2879,9_S
1789469866.7105122,2031,2879,9_S
1789469866.710637,2214,2880,9_S
1789469866.711116,2005,2879,9_S
1789469866.7131908,1904,2880,9_S
1789469866.7150311,2092,2879,9_S
1789469866.718223,2243,2880,9_S
1789469866.720476,2221,2880,9_S
1789469866.720675,2079,2879,9_S
1789469866.723361,2010,2879,9_S
1789469866.725665,2164,2880,9_S
1789469866.726955,2068,2879,9_S
1789469866.732747,1902,2879,9_S
1789469866.732875,2028,2880,9_S
1789469866.733283,2238,2879,9_S
1789469866.7353961,2248,2881,9_S
1789469866.737598,2106,2880,9_S
1789469866.7391949,2023,2880,9_S
1789469866.742717,2082,2880,9_S
1789469866.7428858,2149,2880,9_S
1789469866.745742,1921,2878,9_S
1789469866.746787,1939,2880,9_S
1789469866.749331,2133,2878,9_S
1789469866.75062,2202,2879,9_S
1789469866.7526882,2139,2879,9_S
1789469866.755004,2031,2879,9_S
1789469866.757469,2058,2878,9_S
1789469866.7587662,2161,2880,9_S
1789469866.761288,1958,2877,9_S
1789469866.763592,1889,2879,9_S
1789469866.764898,2047,2879,9_S
1789469866.767217,2191,2880,9_S
1789469866.769411,2241,2881,9_S
1789469866.770703,2091,2879,9_S
1789469866.772775,2021,2879,9_S
1789469866.774843,2174,2880,9_S
1789469866.777162,2121,2879,9_S
1789469866.7794292,1975,2878,9_S
1789469866.780725,2025,2880,9_S
1789469866.7830322,2208,2879,9_S
1789469866.785343,2237,2879,9_S
1789469866.786548,2087,2881,9_S
1789469866.789099,1992,2880,9_S
1789469866.791426,2118,2879,9_S
1789469866.792573,2163,2879,9_S
1789469866.795128,1936,2878,9_S
1789469866.797188,1884,2879,9_S
1789469866.7995079,2118,2879,9_S
1789469866.800599,2255,2878,9_S
1789469866.8057868,2143,2880,9_S
1789469866.806952,2020,2879,9_S
1789469866.8070982,2019,2880,9_S
1789469866.810296,2163,2879,9_S
1789469866.812157,1993,2878,9_S
1789469866.813503,1868,2878,9_S
1789469866.815913,2040,2880,9_S
1789469866.8179789,2209,2878,9_S
1789469866.8192909,2199,2880,9_S
1789469866.820587,2088,2881,9_S
1789469866.822656,2008,2878,9_S
1789469866.830246,2148,2880,9_S
1789469866.831678,2110,2880,9_S
1789469866.831867,1944,2879,9_S
1789469866.833842,2013,2880,9_S
1789469866.837794,2199,2879,9_S
1789469866.840393,2224,2878,9_S
1789469866.8410099,2111,2879,9_S
1789469866.841711,2004,2879,9_S
1789469866.8437839,2032,2878,9_S
1789469866.8438709,2114,2880,9_S
1789469866.845202,1879,2878,9_S
1789469866.847291,1898,2878,9_S
1789469866.849602,2119,2880,9_S
1789469866.85068,2197,2878,9_S
1789469866.852751,2166,2880,9_S
1789469866.8548229,2023,2879,9_S
1789469866.857134,2022,2878,9_S
1789469866.859317,2228,2880,9_S
1789469866.8606231,2098,2879,9_S
1789469866.862937,1947,2879,9_S
1789469866.865006,2071,2880,9_S
1789469866.867319,2208,2878,9_S
1789469866.8694148,2213,2880,9_S
1789469866.870475,2091,2879,9_S
1789469866.872538,2023,2877,9_S
1789469866.874808,2174,2879,9_S
1789469866.876893,2097,2880,9_S
1789469866.87924,1911,2878,9_S
1789469866.881411,1970,2879,9_S
1789469866.883498,2171,2879,9_S
1789469866.884799,2203,2879,9_S
1789469866.8870568,2093,2880,9_S
1789469866.8894012,2039,2880,9_S
1789469866.891722,2087,2879,9_S
1789469866.893026,2157,2879,9_S
1789469866.895503,1958,2878,9_S
1789469866.896806,1921,2879,9_S
1789469866.8991191,2129,2880,9_S
1789469866.901609,2240,2880,9_S
1789469866.903015,2148,2879,9_S
1789469866.907829,2003,2879,9_S
1789469866.9089222,2020,2879,9_S
1789469866.909482,2195,2880,9_S
1789469866.9111638,1994,2879,9_S
1789469866.9129732,1865,2879,9_S
1789469866.917034,2033,2881,9_S
1789469866.917156,2233,2879,9_S
1789469866.91971,2222,2881,9_S
1789469866.921866,2106,2879,9_S
1789469866.92294,2007,2880,9_S
1789469866.925245,2132,2881,9_S
1789469866.927556,2108,2879,9_S
1789469866.9335868,1928,2878,9_S
1789469866.934089,1978,2880,9_S
1789469866.936409,2197,2879,9_S
1789469866.937958,2250,2881,9_S
1789469866.938435,2110,2880,9_S
1789469866.9389062,1999,2878,9_S
1789469866.941937,2077,2879,9_S
1789469866.946592,2167,2880,9_S
1789469866.94675,1938,2877,9_S
1789469866.946808,1895,2879,9_S
1789469866.949367,2118,2879,9_S
1789469866.950479,2233,2878,9_S
1789469866.952806,2163,2879,9_S
1789469866.9548988,2040,2879,9_S
1789469866.956981,2020,2879,9_S
1789469866.959328,2161,2879,9_S
1789469866.960473,2040,2881,9_S
1789469866.962785,1916,2879,9_S
1789469866.965098,2049,2880,9_S
1789469866.9664881,2241,2880,9_S
1789469866.968792,2214,2881,9_S
1789469866.971176,2082,2880,9_S
1789469866.973254,2012,2879,9_S
1789469866.975328,2163,2880,9_S
1789469866.976623,2127,2881,9_S
1789469866.978826,1934,2877,9_S
1789469866.98089,1958,2880,9_S
1789469866.983189,2126,2879,9_S
1789469866.984483,2217,2879,9_S
1789469866.9868119,2116,2880,9_S
1789469866.989134,1999,2879,9_S
1789469866.990494,2061,2880,9_S
1789469866.993046,2141,2880,9_S
1789469866.99453,1949,2877,9_S
1789469866.9970849,1918,2878,9_S
1789469866.998492,2147,2880,9_S
1789469867.0008059,2286,2878,9_S
1789469867.00316,2178,2880,9_S
1789469867.0044868,2022,2878,9_S
1789469867.011393,1987,2879,9_S
1789469867.0118341,2204,2879,9_S
1789469867.0119722,2080,2880,9_S
1789469867.013955,1937,2879,9_S
1789469867.0159512,2039,2881,9_S
1789469867.017733,2200,2880,9_S
1789469867.0194829,2185,2881,9_S
1789469867.021987,2045,2880,9_S
1789469867.024129,2012,2879,9_S
1789469867.025192,2168,2879,9_S
1789469867.026489,2103,2880,9_S
1789469867.028546,1897,2878,9_S
1789469867.035518,1952,2878,9_S
1789469867.036043,2185,2879,9_S
1789469867.03616,2221,2878,9_S
1789469867.038404,2100,2880,9_S
1789469867.038663,1988,2879,9_S
1789469867.041556,2062,2879,9_S
1789469867.04383,2160,2880,9_S
1789469867.046272,1946,2878,9_S
1789469867.048521,1953,2879,9_S
1789469867.0485601,2116,2879,9_S
1789469867.050872,2236,2880,9_S
1789469867.052995,2150,2879,9_S
1789469867.055489,2010,2879,9_S
1789469867.056569,2019,2879,9_S
1789469867.058954,2193,2879,9_S
1789469867.061506,2045,2881,9_S
1789469867.0625641,1906,2879,9_S
1789469867.06495,2021,2878,9_S
1789469867.067262,2200,2880,9_S
1789469867.068564,2199,2880,9_S
1789469867.0708978,2084,2880,9_S
1789469867.073211,1994,2879,9_S
1789469867.07451,2143,2879,9_S
1789469867.076826,2123,2881,9_S
1789469867.079378,1899,2878,9_S
1789469867.08048,1952,2879,9_S
1789469867.083036,2162,2878,9_S
1789469867.085597,2218,2879,9_S
1789469867.086889,2112,2880,9_S
1789469867.08921,1981,2879,9_S
1789469867.090504,2068,2879,9_S
1789469867.0928059,2158,2880,9_S
1789469867.094885,1960,2878,9_S
1789469867.097434,1892,2878,9_S
1789469867.098484,2112,2880,9_S
1789469867.101009,2248,2879,9_S
1789469867.1034172,2178,2880,9_S
1789469867.104725,2085,2879,9_S
1789469867.1073039,2013,2878,9_S
1789469867.111985,2174,2879,9_S
1789469867.112521,2042,2879,9_S
1789469867.113478,1904,2879,9_S
1789469867.115554,2034,2880,9_S
1789469867.117096,2199,2879,9_S
1789469867.121202,2171,2881,9_S
1789469867.123671,2080,2880,9_S
1789469867.123855,1996,2878,9_S
1789469867.125961,2156,2879,9_S
1789469867.127265,2124,2879,9_S
1789469867.128562,1910,2878,9_S
1789469867.1311228,1976,2880,9_S
1789469867.136919,2192,2879,9_S
1789469867.137795,2237,2878,9_S
1789469867.1382458,2123,2878,9_S
1789469867.1395772,2001,2879,9_S
1789469867.141247,2060,2879,9_S
1789469867.142897,2162,2879,9_S
1789469867.145094,1967,2878,9_S
1789469867.147464,1928,2879,9_S
1789469867.149748,2113,2879,9_S
1789469867.151062,2206,2878,9_S
1789469867.1532679,2178,2880,9_S
1789469867.1545799,2045,2880,9_S
1789469867.15693,1989,2878,9_S
1789469867.159508,2165,2879,9_S
1789469867.160815,2046,2879,9_S
1789469867.163137,1904,2878,9_S
1789469867.164475,2046,2878,9_S
1789469867.166552,2238,2879,9_S
1789469867.1686258,2214,2881,9_S
1789469867.170934,2086,2880,9_S
1789469867.1732512,2020,2880,9_S
1789469867.1755679,2169,2881,9_S
1789469867.176866,2143,2880,9_S
1789469867.178994,1941,2878,9_S
1789469867.181311,1958,2879,9_S
1789469867.182616,2187,2880,9_S
1789469867.184927,2246,2878,9_S
1789469867.18699,2116,2880,9_S
1789469867.189305,2021,2880,9_S
1789469867.1905978,2069,2877,9_S
1789469867.19315,2158,2879,9_S
1789469867.194479,1945,2877,9_S
1789469867.19679,1914,2878,9_S
1789469867.1991,2089,2880,9_S
1789469867.200475,2194,2879,9_S
1789469867.202701,2133,2880,9_S
1789469867.2050052,2053,2879,9_S
1789469867.2073169,2044,2878,9_S
1789469867.2088,2164,2878,9_S
1789469867.2133892,2012,2880,9_S
1789469867.21393,1866,2879,9_S
1789469867.216344,1987,2879,9_S
1789469867.2165709,2163,2879,9_S
1789469867.219318,2153,2878,9_S
1789469867.220766,2078,2879,9_S
1789469867.224749,2026,2878,9_S
1789469867.2250938,2189,2881,9_S
1789469867.2267468,2145,2879,9_S
1789469867.229068,1932,2879,9_S
1789469867.2304761,2007,2878,9_S
1789469867.2330382,2193,2881,9_S
1789469867.23816,2219,2880,9_S
1789469867.238683,2107,2881,9_S
1789469867.2391958,2022,2880,9_S
1789469867.241324,2023,2878,9_S
1789469867.243358,2152,2878,9_S
1789469867.2448099,1960,2879,9_S
1789469867.2470028,1937,2879,9_S
1789469867.249537,2131,2879,9_S
1789469867.251594,2228,2878,9_S
1789469867.252903,2121,2880,9_S
1789469867.255297,1951,2879,9_S
1789469867.256446,2031,2878,9_S
1789469867.2590091,2227,2880,9_S
1789469867.2611032,2046,2879,9_S
1789469867.2624562,1932,2879,9_S
1789469867.264829,2113,2880,9_S
1789469867.267139,2275,2879,9_S
1789469867.269212,2160,2877,9_S
1789469867.270505,2048,2880,9_S
1789469867.273057,2006,2879,9_S
1789469867.2752361,2211,2879,9_S
1789469867.2765381,2174,2879,9_S
1789469867.27861,1843,2878,9_S
1789469867.280724,1761,2878,9_S
1789469867.282788,2133,2880,9_S
1789469867.285353,2310,2879,9_S
1789469867.286648,2238,2879,9_S
1789469867.28872,2091,2879,9_S
1789469867.291274,2051,2878,9_S
1789469867.2925708,2198,2880,9_S
1789469867.2948768,2057,2877,9_S
1789469867.297429,1999,2879,9_S
1789469867.2984881,2169,2880,9_S
1789469867.3009121,2251,2879,9_S
1789469867.303475,2217,2880,9_S
1789469867.304773,1992,2880,9_S
1789469867.30708,2029,2878,9_S
1789469867.3094,2213,2880,9_S
1789469867.3104901,2107,2879,9_S
1789469867.3160121,1982,2879,9_S
1789469867.3174028,2112,2880,9_S
1789469867.3192608,2227,2879,9_S
1789469867.31938,2179,2878,9_S
1789469867.3215628,2035,2879,9_S
1789469867.3233101,2083,2878,9_S
1789469867.3250282,2162,2880,9_S
1789469867.327589,2137,2879,9_S
1789469867.329909,1661,2878,9_S
1789469867.3312168,1883,2879,9_S
1789469867.333531,2171,2879,9_S
1789469867.334593,2391,2881,9_S
1789469867.336923,2204,2880,9_S
1789469867.339513,2088,2879,9_S
1789469867.340723,2167,2879,9_S
1789469867.3432472,2260,2879,9_S
1789469867.345557,2041,2878,9_S
1789469867.3468502,1991,2879,9_S
1789469867.3491688,2193,2879,9_S
1789469867.3512802,2400,2882,9_S
1789469867.353585,2187,2880,9_S
1789469867.3548858,2081,2880,9_S
1789469867.357197,1972,2879,9_S
1789469867.358502,2188,2880,9_S
1789469867.3610601,2110,2881,9_S
1789469867.362448,1860,2878,9_S
1789469867.3650079,2033,2879,9_S
1789469867.367331,2131,2879,9_S
1789469867.368442,2182,2882,9_S
1789469867.370773,2027,2879,9_S
1789469867.3733308,1984,2880,9_S
1789469867.37443,2094,2879,9_S
1789469867.376989,2174,2881,9_S
1789469867.379298,1924,2878,9_S
1789469867.380595,2001,2880,9_S
1789469867.383148,2184,2879,9_S
1789469867.385466,2269,2879,9_S
1789469867.386761,2183,2880,9_S
1789469867.3888268,2037,2880,9_S
1789469867.395524,2111,2880,9_S
1789469867.396072,2231,2881,9_S
1789469867.396659,2010,2879,9_S
1789469867.397289,1973,2879,9_S
1789469867.399122,2131,2881,9_S
1789469867.401301,2244,2879,9_S
1789469867.402823,2140,2880,9_S
1789469867.4054441,2036,2879,9_S
1789469867.408087,2020,2879,9_S
1789469867.4106848,2140,2880,9_S
1789469867.410752,2007,2880,9_S
1789469867.413258,1861,2878,9_S
1789469867.41457,1944,2881,9_S
1789469867.4168801,2162,2880,9_S
1789469867.423109,2164,2879,9_S
1789469867.4241679,2043,2880,9_S
1789469867.4251509,2032,2879,9_S
1789469867.426547,2132,2880,9_S
1789469867.4267688,2103,2880,9_S
1789469867.428444,1911,2877,9_S
1789469867.431179,1911,2879,9_S
1789469867.432808,2141,2880,9_S
1789469867.435463,2230,2878,9_S
1789469867.437751,2123,2881,9_S
1789469867.438825,1988,2878,9_S
1789469867.4413838,1993,2878,9_S
1789469867.4426339,2125,2880,9_S
1789469867.4449449,1962,2878,9_S
1789469867.447285,1889,2878,9_S
1789469867.449378,2078,2879,9_S
1789469867.450676,2228,2878,9_S
1789469867.4532459,2221,2880,9_S
1789469867.454549,2043,2879,9_S
1789469867.4571059,2018,2877,9_S
1789469867.459418,2164,2879,9_S
1789469867.460714,1999,2878,9_S
1789469867.4632802,1865,2878,9_S
1789469867.4644969,1962,2879,9_S
1789469867.466967,2135,2879,9_S
1789469867.469252,2165,2878,9_S
1789469867.471317,2027,2880,9_S
1789469867.472448,1981,2878,9_S
1789469867.475001,2072,2879,9_S
1789469867.477322,2116,2879,9_S
1789469867.478465,1895,2877,9_S
1789469867.481028,1931,2880,9_S
1789469867.483337,2119,2879,9_S
1789469867.48443,2186,2880,9_S
1789469867.486494,2081,2880,9_S
1789469867.488628,1945,2879,9_S
1789469867.490942,2007,2879,9_S
1789469867.493263,2161,2880,9_S
1789469867.49557,1963,2878,9_S
1789469867.496626,1880,2879,9_S
1789469867.498941,2063,2880,9_S
