timestamp,ch1,ch2,label
1779865394.9826298,2060,2052,6
1779865394.982708,2037,2172,6
1779865394.9912362,2063,2249,6
1779865394.9931111,2169,2134,6
1779865394.993876,2101,2060,6
1779865394.996616,2002,2223,6
1779865394.998762,1989,2327,6
1779865395.00317,2066,2237,6
1779865395.003654,2097,2115,6
1779865395.003745,2090,2059,6
1779865395.003857,2079,2161,6
1779865395.003947,2079,2139,6
1779865395.00401,2061,2044,6
1779865395.0066812,2032,2195,6
1779865395.0080361,2013,2342,6
1779865395.028378,2085,2331,6
1779865395.0331368,2079,2131,6
1779865395.033229,2071,2103,6
1779865395.0333838,2057,2128,6
1779865395.03345,2064,2156,6
1779865395.033637,2107,2020,6
1779865395.0337641,2029,1984,6
1779865395.0338361,1985,2149,6
1779865395.0339022,2017,2263,6
1779865395.033967,2123,2073,6
1779865395.0340328,2093,1972,6
1779865395.034094,2067,1993,6
1779865395.034202,2067,1989,6
1779865395.037025,2083,1905,6
1779865395.0391161,2082,1955,6
1779865395.040399,2018,2149,6
1779865395.058951,1941,2219,6
1779865395.061832,2057,2107,6
1779865395.0651991,2081,1962,6
1779865395.065323,2047,1903,6
1779865395.065404,2020,2003,6
1779865395.0654678,2026,2049,6
1779865395.06553,2077,1960,6
1779865395.0656798,2080,2039,6
1779865395.065793,2026,2235,6
1779865395.065872,2036,2152,6
1779865395.0661829,2051,1981,6
1779865395.066273,2158,1975,6
1779865395.066412,2096,2097,6
1779865395.06779,2029,2108,6
1779865395.074645,2065,1958,6
1779865395.076436,2048,2029,6
1779865395.0791528,2039,2220,6
1779865395.085703,2006,2284,6
1779865395.085908,2078,2030,6
1779865395.089184,2089,1932,6
1779865395.089386,2096,1942,6
1779865395.089466,2027,2091,6
1779865395.08954,2039,2024,6
1779865395.089644,2026,2018,6
1779865395.0897589,2047,2138,6
1779865395.092428,2027,2277,6
1779865395.093847,2085,2140,6
1779865395.10322,2028,2087,6
1779865395.109005,2082,2020,6
1779865395.1112478,2053,2090,6
1779865395.116389,2079,2044,6
1779865395.11648,2102,1993,6
1779865395.1165462,2034,2100,6
1779865395.116656,1985,2221,6
1779865395.116739,2023,2190,6
1779865395.1168041,1994,2049,6
1779865395.116877,2106,1982,6
1779865395.1169422,2093,2035,6
1779865395.1184058,2073,2087,6
1779865395.125849,2100,2019,6
1779865395.1286778,2091,2087,6
1779865395.13358,2056,2264,6
1779865395.135595,2008,2293,6
1779865395.1357892,2116,2080,6
1779865395.135978,2093,2057,6
1779865395.1366432,2047,2066,6
1779865395.139215,2044,2134,6
1779865395.140234,2101,1978,6
1779865395.1403,2042,2033,6
1779865395.1403542,2028,2157,6
1779865395.141814,1993,2237,6
1779865395.1444721,2037,2123,6
1779865395.1458309,2053,2006,6
1779865395.15357,2015,1945,6
1779865395.157469,2046,2076,6
1779865395.157879,2089,2095,6
1779865395.161014,2094,1970,6
1779865395.162896,2009,2042,6
1779865395.16466,1946,2141,6
1779865395.164911,2059,2194,6
1779865395.168942,2094,2107,6
1779865395.169346,2073,2082,6
1779865395.1696682,2014,2097,6
1779865395.16974,2098,2098,6
1779865395.169853,2101,1921,6
1779865395.181679,2047,2044,6
1779865395.186346,1981,2278,6
1779865395.191107,1983,2369,6
1779865395.192155,2081,2072,6
1779865395.192228,2132,2019,6
1779865395.192287,2119,2115,6
1779865395.192341,1994,2105,6
1779865395.192395,2075,1949,6
1779865395.192447,2047,1988,6
1779865395.192502,2001,2184,6
1779865395.192555,1961,2333,6
1779865395.193899,2016,2116,6
1779865395.196619,2085,1978,6
1779865395.198069,2127,1979,6
1779865395.20997,2019,2018,6
1779865395.216463,1996,1991,6
1779865395.217193,2056,1958,6
1779865395.220045,2075,2108,6
1779865395.221094,2043,2248,6
1779865395.221858,2066,2130,6
1779865395.222013,2052,2006,6
1779865395.222074,2033,1981,6
1779865395.2221289,2033,2037,6
1779865395.2221792,2035,2106,6
1779865395.222229,2092,1962,6
1779865395.22232,2083,2066,6
1779865395.223692,2000,2219,6
1779865395.23579,1998,2316,6
1779865395.240553,2118,2138,6
1779865395.242618,2113,2038,6
1779865395.246186,2045,2019,6
1779865395.246679,2054,2113,6
1779865395.246786,2160,2086,6
1779865395.24686,2054,2050,6
1779865395.2469351,1959,2196,6
1779865395.2470279,1992,2314,6
1779865395.247264,2069,2174,6
1779865395.247394,2072,2058,6
1779865395.248831,2083,1977,6
1779865395.250239,2047,2031,6
1779865395.25168,2056,2012,6
1779865395.254316,2053,1971,6
1779865395.26351,2021,2090,6
1779865395.26933,2064,2235,6
1779865395.2769651,2062,2133,6
1779865395.278132,2080,2006,6
1779865395.278263,2113,1950,6
1779865395.278392,2140,2007,6
1779865395.2785358,2077,2087,6
1779865395.2786372,2031,1915,6
1779865395.278732,2086,1993,6
1779865395.2788649,2088,2159,6
1779865395.279165,2016,2213,6
1779865395.279299,2080,2014,6
1779865395.281483,2090,1994,6
1779865395.286788,2126,2011,6
1779865395.2875772,2058,2068,6
1779865395.291936,2058,1984,6
1779865395.29473,2072,1970,6
1779865395.298771,2025,2133,6
1779865395.299618,2007,2301,6
1779865395.302617,2066,2119,6
1779865395.303761,2041,2021,6
1779865395.3040519,2094,2045,6
1779865395.3042188,2056,2107,6
1779865395.3043,2028,2010,6
1779865395.304427,2104,2031,6
1779865395.30595,2072,2110,6
1779865395.308755,1990,2251,6
1779865395.31015,2032,2189,6
1779865395.32432,2054,2087,6
1779865395.327041,2028,2016,6
1779865395.333111,2027,1993,6
1779865395.333642,2042,2080,6
1779865395.333827,2135,1971,6
1779865395.3339,2120,2083,6
1779865395.333964,1988,2214,6
1779865395.33412,1952,2281,6
1779865395.3342211,2099,2057,6
1779865395.334304,2096,1986,6
1779865395.33441,2059,1990,6
1779865395.334482,2113,2099,6
1779865395.33598,2135,2042,6
1779865395.3428748,2073,2059,6
1779865395.346755,2016,2138,6
1779865395.353554,1987,2272,6
1779865395.353873,2100,2133,6
1779865395.354313,2088,1998,6
1779865395.354538,2092,1963,6
1779865395.3571231,2061,2052,6
1779865395.35818,2025,2039,6
1779865395.358243,2056,1996,6
1779865395.358294,2016,2092,6
1779865395.3583438,2009,2286,6
1779865395.359691,2064,2180,6
1779865395.362476,2113,2073,6
1779865395.363949,2099,2078,6
1779865395.375365,2004,2089,6
1779865395.37593,2076,2093,6
1779865395.3790998,2128,1974,6
1779865395.383536,2044,2108,6
1779865395.386775,1987,2267,6
1779865395.3876271,2030,2260,6
1779865395.3879302,2083,2082,6
1779865395.387993,2153,2094,6
1779865395.3884742,2111,2060,6
1779865395.388729,2020,2095,6
1779865395.3890738,2097,2034,6
1779865395.389133,2054,2041,6
1779865395.390699,2012,2167,6
1779865395.3958888,1983,2368,6
1779865395.403444,2027,2181,6
1779865395.4052439,2038,2027,6
1779865395.407298,2090,2022,6
1779865395.407438,2037,2121,6
1779865395.407653,2093,2077,6
1779865395.407867,2069,2036,6
1779865395.408455,2056,2102,6
1779865395.4087229,2027,2202,6
1779865395.4111009,2040,2186,6
1779865395.4124532,2041,2034,6
1779865395.413868,2074,1982,6
1779865395.416754,2078,2056,6
1779865395.418206,2072,2129,6
1779865395.424958,2059,2048,6
1779865395.425107,2067,2083,6
1779865395.426452,2007,2251,6
1779865395.430603,2024,2369,6
1779865395.43349,2121,2112,6
1779865395.436213,2128,2028,6
1779865395.436619,2078,2030,6
1779865395.4369018,2034,2121,6
1779865395.4392982,2103,2052,6
1779865395.440058,2071,2066,6
1779865395.4404511,2041,2150,6
1779865395.44188,2018,2264,6
1779865395.448375,2065,2119,6
1779865395.451515,2020,2028,6
1779865395.4538682,2028,2000,6
1779865395.464464,2027,2060,6
1779865395.464566,2075,2069,6
1779865395.4646232,2127,1983,6
1779865395.464673,2055,2080,6
1779865395.4647229,1999,2238,6
1779865395.464771,2079,2177,6
1779865395.464819,2131,2045,6
1779865395.464867,2085,2013,6
1779865395.4672031,2026,2046,6
1779865395.46869,2011,2095,6
1779865395.4705122,2120,1981,6
1779865395.490176,2037,2071,6
1779865395.49106,2005,2222,6
1779865395.4915562,1993,2307,6
1779865395.535779,2072,2085,6
1779865395.536344,2095,2023,6
1779865395.536566,2100,1971,6
1779865395.536675,2069,2088,6
1779865395.5367649,2089,1934,6
1779865395.536872,2061,1967,6
1779865395.537065,1991,2127,6
1779865395.5373619,1951,2279,6
1779865395.5376441,2058,2104,6
1779865395.537705,2098,2024,6
1779865395.5377579,2092,1998,6
1779865395.541368,2085,2106,6
1779865395.556523,2143,2098,6
1779865395.561188,2132,2019,6
1779865395.561569,2039,2149,6
1779865395.564641,1984,2289,6
1779865395.5657501,2045,2206,6
1779865395.5658271,2064,2088,6
1779865395.5659149,2059,2013,6
1779865395.56602,2063,2076,6
1779865395.56616,2164,2144,6
1779865395.566245,2186,1941,6
1779865395.56631,2159,2079,6
1779865395.566398,2070,2163,6
1779865395.566466,2334,2069,6
1779865395.56653,2377,1984,6
1779865395.5665972,2343,1913,6
1779865395.566659,1848,2160,6
1779865395.566721,1827,2227,6
1779865395.566782,2011,1937,6
1779865395.566842,2596,1918,6
1779865395.566907,2590,1835,6
1779865395.5669692,2066,2471,6
1779865395.567032,2415,2189,6
1779865395.567094,1504,2179,6
1779865395.567154,1636,1877,6
1779865395.567262,2022,1874,6
1779865395.567384,2457,1874,6
1779865395.5675452,1709,2220,6
1779865395.567657,1349,2114,6
1779865395.5677922,1785,2160,6
1779865395.568029,2107,2120,6
1779865395.568099,2298,1942,6
1779865395.568164,1912,2018,6
1779865395.568227,1903,2139,6
1779865395.568393,2306,2035,6
1779865395.569866,2638,1784,6
1779865395.5731761,1560,2194,6
1779865395.586529,2152,2375,6
1779865395.590932,3132,2003,6
1779865395.591382,2258,2190,6
1779865395.591561,1607,2190,6
1779865395.592114,2663,1822,6
1779865395.5951538,2829,1883,6
1779865395.595446,1392,2076,6
1779865395.5955079,830,2067,6
1779865395.595563,1361,2186,6
1779865395.595652,1968,2303,6
1779865395.595948,2099,2132,6
1779865395.5960472,1692,2114,6
1779865395.603217,2000,1992,6
1779865395.6044421,2271,2026,6
1779865395.6077921,2239,2064,6
1779865395.610529,2210,1972,6
1779865395.6123898,2258,1984,6
1779865395.6175969,1929,2311,6
1779865395.61837,1859,2250,6
1779865395.6187258,1903,1963,6
1779865395.6188219,1976,1967,6
1779865395.618952,1996,2053,6
1779865395.619082,2495,2087,6
1779865395.6204102,3315,1854,6
1779865395.623261,2442,1966,6
1779865395.6246898,1641,2387,6
1779865395.64881,1981,2136,6
1779865395.64897,2190,1964,6
1779865395.6490471,1856,2000,6
1779865395.6491132,1762,2286,6
1779865395.64918,1805,2212,6
1779865395.6492429,1970,1946,6
1779865395.649306,1961,2037,6
1779865395.649366,1865,2285,6
1779865395.649427,2053,2312,6
1779865395.649536,2248,2090,6
1779865395.649606,2265,1977,6
1779865395.64967,2336,1923,6
1779865395.656227,2184,2052,6
1779865395.668062,1987,1995,6
1779865395.672127,2033,1888,6
1779865395.672417,2016,1990,6
1779865395.6726232,2110,2202,6
1779865395.672748,2160,2138,6
1779865395.672881,2227,1825,6
1779865395.673128,2376,1740,6
1779865395.673204,2216,2007,6
1779865395.6732569,1953,1960,6
1779865395.673336,2126,1773,6
1779865395.673465,2201,1801,6
1779865395.6736069,2217,2084,6
1779865395.676345,2181,2239,6
1779865395.677807,2119,2026,6
1779865395.685895,2297,1980,6
1779865395.6885388,2385,1946,6
1779865395.695028,1755,2320,6
1779865395.697042,1832,1996,6
1779865395.700356,2176,2020,6
1779865395.704445,1961,2213,6
1779865395.705245,1943,2247,6
1779865395.705649,2106,2155,6
1779865395.705728,2001,1981,6
1779865395.7057989,2066,1991,6
1779865395.705919,2170,2074,6
1779865395.705982,2410,2041,6
1779865395.706049,2189,2173,6
1779865395.706112,2196,2164,6
1779865395.707603,2294,2362,6
1779865395.716522,2951,1995,6
1779865395.72414,1834,2199,6
1779865395.72459,1319,2007,6
1779865395.7279859,1987,1966,6
1779865395.7287989,2141,2238,6
1779865395.732057,2305,2073,6
1779865395.7322931,1786,2376,6
1779865395.732426,1681,2451,6
1779865395.7325969,1925,2489,6
1779865395.732727,2212,2287,6
1779865395.7327948,2254,2266,6
1779865395.732865,2231,2364,6
1779865395.7342231,1932,2406,6
1779865395.73565,2027,2301,6
1779865395.738621,2076,2299,6
1779865395.747518,2121,2414,6
1779865395.7492192,1928,2420,6
1779865395.7516549,2083,2244,6
1779865395.7567492,2287,2103,6
1779865395.760174,1993,2206,6
1779865395.7608168,1883,2080,6
1779865395.7639658,2226,2075,6
1779865395.76497,2365,1842,6
1779865395.7651541,1995,2144,6
1779865395.765315,1743,2215,6
1779865395.765418,1895,2059,6
1779865395.765671,2053,1819,6
1779865395.7659452,1999,1760,6
1779865395.76605,2567,1900,6
1779865395.777668,2082,2052,6
1779865395.780351,1821,1866,6
1779865395.785825,2023,1884,6
1779865395.7864802,2259,1989,6
1779865395.7903879,2055,2212,6
1779865395.790563,2069,1979,6
1779865395.790637,1967,2031,6
1779865395.790694,1977,1999,6
1779865395.790745,2520,2060,6
1779865395.790794,1861,2016,6
1779865395.790842,2346,1888,6
1779865395.791009,2272,2152,6
1779865395.7924852,1689,2420,6
1779865395.793921,1698,2105,6
1779865395.7967842,2069,2019,6
1779865395.804677,2225,2041,6
1779865395.806176,2138,1975,6
1779865395.8085608,1594,2066,6
1779865395.809029,2008,1858,6
1779865395.81774,1811,2229,6
1779865395.822448,1845,2246,6
1779865395.8225658,1989,2134,6
1779865395.822626,2040,2092,6
1779865395.8227441,2043,2071,6
1779865395.82285,2127,2129,6
1779865395.8230221,2185,2116,6
1779865395.823113,2148,2167,6
1779865395.823236,2115,2158,6
1779865395.824689,2037,2301,6
1779865395.841953,2389,2389,6
1779865395.842752,2281,2280,6
1779865395.8463712,2406,2180,6
1779865395.846561,3053,1955,6
1779865395.846744,1514,2254,6
1779865395.846914,1204,2236,6
1779865395.8471522,2208,2033,6
1779865395.84726,1926,2290,6
1779865395.847466,1758,2358,6
1779865395.847557,1848,2159,6
1779865395.8476632,1968,2149,6
1779865395.847733,2202,1945,6
1779865395.850589,2181,1927,6
1779865395.852113,2981,2159,6
1779865395.8540301,2041,2125,6
1779865395.8627279,2712,1766,6
1779865395.867855,2265,2075,6
1779865395.873848,1388,2033,6
1779865395.874511,1518,1996,6
1779865395.877991,1814,1956,6
1779865395.878088,1808,2091,6
1779865395.878222,1595,2086,6
1779865395.878316,1921,1992,6
1779865395.878384,2193,1914,6
1779865395.878572,2240,2196,6
1779865395.878645,2038,2172,6
1779865395.878708,2141,2005,6
1779865395.880091,2239,1916,6
1779865395.890578,2108,1966,6
1779865395.8909838,2026,2136,6
1779865395.8989599,2136,1960,6
1779865395.899084,2150,2117,6
1779865395.899157,1887,2272,6
1779865395.89922,1903,2264,6
1779865395.8992908,2136,2042,6
1779865395.902559,2203,2036,6
1779865395.9038541,2194,1986,6
1779865395.904023,2226,2013,6
1779865395.904129,2001,2022,6
1779865395.9045749,2035,1923,6
1779865395.905904,2243,1935,6
1779865395.908629,2318,2101,6
1779865395.910165,2095,2206,6
1779865395.930018,2475,1959,6
1779865395.930361,3351,1790,6
1779865395.9307342,2418,1990,6
1779865395.93417,1295,2172,6
1779865395.935609,2204,1867,6
1779865395.935712,2441,1836,6
1779865395.935777,1521,2329,6
1779865395.935956,1851,2246,6
1779865395.936077,2368,1896,6
1779865395.936188,1715,2205,6
1779865395.936265,1721,2027,6
1779865395.936332,1928,2080,6
1779865395.9364438,1883,1996,6
1779865395.962074,2185,2103,6
1779865395.962663,2533,2044,6
1779865395.9670029,2278,2542,6
1779865395.967104,2110,2283,6
1779865395.967169,2213,1986,6
1779865395.967229,1996,1953,6
1779865395.967289,1856,2062,6
1779865395.967526,2079,2088,6
1779865395.967791,3070,1619,6
1779865395.9679601,2076,2421,6
1779865395.968149,1719,2313,6
1779865395.968641,1655,2055,6
1779865395.968707,2310,1918,6
1779865395.968765,2894,1915,6
1779865395.9688241,1952,2229,6
1779865395.968881,2087,2189,6
1779865395.970301,2359,2008,6
1779865395.972296,1591,2361,6
1779865395.9740338,2176,2288,6
1779865395.9759092,2304,2229,6
1779865396.008234,2952,1828,6
1779865396.008759,1996,2640,6
1779865396.009174,2935,2111,6
1779865396.009291,1255,2218,6
1779865396.009364,1109,2059,6
1779865396.009535,1983,2231,6
1779865396.0096052,2034,2089,6
1779865396.009685,2140,2370,6
1779865396.009749,2140,2255,6
1779865396.0098119,2268,1999,6
1779865396.009875,1296,2255,6
1779865396.009938,2015,2346,6
1779865396.010001,2794,2414,6
1779865396.010068,2354,2112,6
1779865396.010171,2083,2281,6
1779865396.010282,1887,2493,6
1779865396.0103738,3340,1980,6
1779865396.018943,2337,2372,6
1779865396.0306602,3484,1522,6
1779865396.040336,1950,2244,6
1779865396.040766,837,2411,6
1779865396.040909,1489,1780,6
1779865396.041077,2273,1986,6
1779865396.041163,2045,2335,6
1779865396.041279,1832,2561,6
1779865396.041388,1697,2365,6
1779865396.041458,1886,2263,6
1779865396.041518,2314,2367,6
1779865396.041623,3274,2029,6
1779865396.041694,2626,2377,6
1779865396.041758,2812,2077,6
1779865396.0418181,2589,2448,6
1779865396.0419042,1225,2825,6
1779865396.0446248,1426,2143,6
1779865396.0461051,1756,2405,6
1779865396.047549,1810,2310,6
1779865396.064039,2018,2547,6
1779865396.0725389,2349,2430,6
1779865396.073514,2310,2370,6
1779865396.077868,2291,2505,6
1779865396.078125,2298,2593,6
1779865396.0783858,2420,2550,6
1779865396.078463,2378,2273,6
1779865396.0785291,2526,2193,6
1779865396.078592,1776,2572,6
1779865396.078655,2125,2473,6
1779865396.078774,2473,2386,6
1779865396.07884,3368,2232,6
1779865396.078905,2838,2398,6
1779865396.07899,1397,2448,6
1779865396.079054,1723,2325,6
1779865396.0804422,2190,2237,6
1779865396.0945559,2464,2176,6
1779865396.10353,2656,2366,6
1779865396.107872,2395,2143,6
1779865396.108423,2284,2144,6
1779865396.108626,1910,2192,6
1779865396.108725,2074,2412,6
1779865396.108931,2850,2266,6
1779865396.1091661,2411,2167,6
1779865396.109241,2235,2058,6
1779865396.1093361,2672,1940,6
1779865396.1094122,2714,1757,6
1779865396.109474,2530,2066,6
1779865396.1095328,1594,2225,6
1779865396.109591,2609,2236,6
1779865396.109647,2925,1998,6
1779865396.112491,2044,2264,6
1779865396.114008,1744,2180,6
1779865396.1156049,1875,1830,6
1779865396.13151,1728,2203,6
1779865396.131617,1879,2060,6
1779865396.131689,2426,2105,6
1779865396.131753,2368,2117,6
1779865396.1318731,2021,2331,6
1779865396.1399791,2311,1972,6
1779865396.140432,2906,1949,6
1779865396.140852,2719,2039,6
1779865396.141292,2173,2396,6
1779865396.145097,1963,2213,6
1779865396.145216,1877,2220,6
1779865396.1453598,2389,2124,6
1779865396.145499,2448,2390,6
1779865396.145656,2383,2117,6
1779865396.145804,2417,2122,6
1779865396.148513,1600,2121,6
1779865396.159437,1981,2146,6
1779865396.159917,2430,2111,6
1779865396.174958,2556,1846,6
1779865396.1764631,2242,2138,6
1779865396.1769118,2025,2294,6
1779865396.176987,1636,2181,6
1779865396.1770508,2164,2195,6
1779865396.177114,2773,2030,6
1779865396.177183,2745,2076,6
1779865396.1774101,2735,2250,6
1779865396.177523,3268,1853,6
1779865396.1777139,814,2377,6
1779865396.1777868,1152,2149,6
1779865396.177852,2085,2044,6
1779865396.1780128,1912,2101,6
1779865396.180741,1677,2082,6
1779865396.1821592,2164,1929,6
1779865396.1836731,2108,2116,6
1779865396.186391,1430,2140,6
1779865396.199284,1775,2134,6
1779865396.204545,2292,2092,6
1779865396.209296,2502,2230,6
1779865396.2119732,2324,2101,6
1779865396.218594,2095,2039,6
1779865396.219396,1776,2097,6
1779865396.224761,1714,2079,6
1779865396.224907,2114,2085,6
1779865396.225018,3076,1699,6
1779865396.225101,3071,2090,6
1779865396.225182,2495,2527,6
1779865396.2252579,1587,2012,6
1779865396.225337,1689,2013,6
1779865396.2254138,1444,2050,6
1779865396.225488,1339,2091,6
1779865396.225569,1575,2108,6
1779865396.2256482,1541,2040,6
1779865396.225724,1433,2037,6
1779865396.225803,1693,2244,6
1779865396.225874,2116,2258,6
1779865396.246494,2061,2258,6
1779865396.261766,2306,2124,6
1779865396.261912,2448,2092,6
1779865396.262121,2028,2220,6
1779865396.262233,1977,1995,6
1779865396.262353,1936,2028,6
1779865396.26244,1919,2093,6
1779865396.2627342,2229,2155,6
1779865396.262866,2055,2226,6
1779865396.262937,2807,1850,6
1779865396.2630029,2900,1928,6
1779865396.263065,1396,2241,6
1779865396.263328,1455,2061,6
1779865396.2634408,1919,2155,6
1779865396.263514,2900,2080,6
1779865396.263587,1746,2354,6
1779865396.263745,1141,2425,6
1779865396.263812,1487,2167,6
1779865396.2638772,2153,2017,6
1779865396.26662,2525,2045,6
1779865396.2680268,1856,2210,6
1779865396.269471,1953,1789,6
1779865396.2734919,2107,2010,6
1779865396.2816389,1986,2163,6
1779865396.285026,1876,2108,6
1779865396.299623,1997,1938,6
1779865396.299764,2020,1981,6
1779865396.2999191,2109,1913,6
1779865396.300009,2372,2124,6
1779865396.300147,2648,2122,6
1779865396.300243,1722,2293,6
1779865396.300472,1730,2291,6
1779865396.301236,1874,2332,6
1779865396.301326,2258,2219,6
1779865396.3015301,3181,2186,6
1779865396.3117702,2750,2019,6
1779865396.318948,1000,2103,6
1779865396.319374,902,2060,6
1779865396.3196108,1640,2006,6
1779865396.319772,1893,2199,6
1779865396.319844,1796,2319,6
1779865396.3199081,1605,2265,6
1779865396.319972,1713,2149,6
1779865396.3200378,1892,2149,6
1779865396.320111,2229,2112,6
1779865396.320269,2326,2113,6
1779865396.32034,2200,2029,6
1779865396.3403761,2356,1968,6
1779865396.342693,2362,2141,6
1779865396.351904,1892,2214,6
1779865396.352273,2567,1717,6
1779865396.3537002,1924,2242,6
1779865396.3541188,2091,2023,6
1779865396.354691,1299,2232,6
1779865396.360171,1794,1912,6
1779865396.360352,2201,1918,6
1779865396.360426,2022,2206,6
1779865396.360491,1788,2394,6
1779865396.360648,1678,2103,6
1779865396.360734,1824,2113,6
1779865396.360801,2430,1574,6
1779865396.360863,2509,2095,6
1779865396.360929,2348,2210,6
1779865396.36099,2155,1843,6
1779865396.3610501,2288,2138,6
1779865396.361111,1596,2386,6
1779865396.361171,1440,2279,6
1779865396.36256,1584,2188,6
1779865396.363903,1768,2140,6
1779865396.365484,1751,2178,6
1779865396.368284,1890,2172,6
1779865396.369768,2267,2140,6
1779865396.381979,2162,2211,6
1779865396.38604,2164,2306,6
1779865396.390945,2053,2176,6
1779865396.402456,2224,2129,6
1779865396.4082859,2677,2003,6
1779865396.4089391,1560,2221,6
1779865396.409441,1569,2123,6
1779865396.4095402,1848,2113,6
1779865396.409618,1994,1998,6
1779865396.410037,1982,2127,6
1779865396.410174,2516,2132,6
1779865396.410281,2267,2115,6
1779865396.410419,1630,2165,6
1779865396.410506,1733,2037,6
1779865396.410579,2066,2086,6
1779865396.410645,2316,1945,6
1779865396.410708,1729,2084,6
1779865396.410767,1786,2100,6
1779865396.410827,2868,1826,6
1779865396.410887,1515,2318,6
1779865396.427849,1393,1912,6
1779865396.4348009,1791,1803,6
1779865396.442503,2133,2018,6
1779865396.443197,1824,2043,6
1779865396.449109,1836,1923,6
1779865396.450144,1907,2011,6
1779865396.45039,1849,2196,6
1779865396.4504619,1957,2288,6
1779865396.4505768,2132,2018,6
1779865396.4506838,2344,1941,6
1779865396.450748,3001,1926,6
1779865396.4508102,2846,1956,6
1779865396.4508722,1977,2275,6
1779865396.450934,1565,2097,6
1779865396.450996,1553,2121,6
1779865396.4510562,1702,2088,6
1779865396.451116,2115,2057,6
1779865396.451175,2043,2132,6
1779865396.4515,1808,1993,6
1779865396.451742,1590,2083,6
1779865396.451923,1899,2054,6
1779865396.453712,2116,1871,6
1779865396.456942,2836,2062,6
1779865396.458624,1962,2404,6
1779865396.460635,1771,2272,6
1779865396.4692328,1781,2034,6
1779865396.4703429,2035,2038,6
1779865396.475029,2561,2066,6
1779865396.4755049,1896,2180,6
1779865396.4756212,1768,2059,6
1779865396.475699,3177,1808,6
1779865396.476474,2347,2200,6
1779865396.479831,1986,2407,6
1779865396.483871,1362,2157,6
1779865396.484271,1561,1950,6
1779865396.49102,1730,2077,6
1779865396.4921632,1805,2143,6
1779865396.49254,1819,2065,6
1779865396.497762,1808,2066,6
1779865396.4979122,1840,2172,6
1779865396.498073,1995,2323,6
1779865396.4981718,2435,2019,6
1779865396.498244,2211,2176,6
1779865396.4983099,2324,2085,6
1779865396.4996622,2169,2137,6
1779865396.5107489,2232,2080,6
1779865396.5234098,1897,2047,6
1779865396.540701,2611,2038,6
1779865396.54237,1931,2489,6
1779865396.54273,1623,2161,6
1779865396.542869,1638,2017,6
1779865396.542956,1822,1956,6
1779865396.543057,2031,2145,6
1779865396.543133,2095,2190,6
1779865396.543276,1982,2041,6
1779865396.5435562,1720,2073,6
1779865396.543631,1665,2214,6
1779865396.543704,2188,2293,6
1779865396.54377,2225,2073,6
1779865396.543833,2125,1968,6
1779865396.5439968,2056,1986,6
1779865396.544134,2114,2117,6
1779865396.5442078,2036,2093,6
1779865396.5444832,1837,2023,6
1779865396.5445619,1797,2063,6
1779865396.544637,1931,2251,6
1779865396.544702,2141,2113,6
1779865396.546059,2285,2036,6
1779865396.54744,2426,1973,6
1779865396.558502,1810,2210,6
1779865396.5615628,1818,2078,6
1779865396.56513,1855,2004,6
1779865396.565397,2008,2141,6
1779865396.565503,1879,2228,6
1779865396.568372,1904,2236,6
1779865396.570505,2012,2130,6
1779865396.581254,1985,2066,6
1779865396.5822551,2314,1994,6
1779865396.583145,2254,2108,6
1779865396.583916,1926,2091,6
1779865396.584058,1693,2073,6
1779865396.589795,1751,2193,6
1779865396.590114,2011,2159,6
1779865396.5902421,1979,2146,6
1779865396.590318,1850,2037,6
1779865396.59039,1837,2088,6
1779865396.5904589,1886,2113,6
1779865396.590528,1955,2057,6
1779865396.590592,2008,2100,6
1779865396.590655,2028,2142,6
1779865396.592028,1985,2299,6
1779865396.594107,1987,2164,6
1779865396.604703,1953,2092,6
1779865396.615924,1936,2060,6
1779865396.616349,1886,2033,6
1779865396.623544,1980,2050,6
1779865396.6245189,1930,2098,6
1779865396.625142,1891,2179,6
1779865396.6256251,1890,2220,6
1779865396.629569,1888,2285,6
1779865396.631257,1905,2091,6
1779865396.631486,1939,2058,6
1779865396.631569,1944,2182,6
1779865396.631634,1959,2125,6
1779865396.631696,1956,2018,6
1779865396.63176,1924,2119,6
1779865396.6318238,1885,2229,6
1779865396.631886,1909,2271,6
1779865396.631946,1957,2064,6
1779865396.632006,1948,2093,6
1779865396.6322079,1908,2184,6
1779865396.6337779,1904,2228,6
1779865396.636707,1950,2147,6
1779865396.638989,1995,2137,6
1779865396.6405299,1953,2289,6
1779865396.661367,1892,2484,6
1779865396.6721401,1937,2328,6
1779865396.6761432,1927,2282,6
1779865396.67777,1958,2264,6
1779865396.677919,1936,2302,6
1779865396.677997,1918,2271,6
1779865396.678079,1949,2205,6
1779865396.678144,1898,2318,6
1779865396.6782532,1941,2445,6
1779865396.678441,2021,2415,6
1779865396.678561,1996,2212,6
1779865396.6786351,2003,2105,6
1779865396.6787012,2005,2158,6
1779865396.678765,2021,2258,6
1779865396.678827,2034,2090,6
1779865396.679074,2015,2133,6
1779865396.679144,2020,2341,6
1779865396.679213,1999,2369,6
1779865396.679295,2103,2111,6
1779865396.67953,2114,1965,6
1779865396.6953769,2119,2046,6
1779865396.700427,2096,2111,6
1779865396.710133,2079,1950,6
1779865396.7110689,2032,1948,6
1779865396.7153962,2012,1987,6
1779865396.717196,1984,2116,6
1779865396.7173,2074,1910,6
1779865396.7173781,2029,1965,6
1779865396.7174551,2086,1968,6
1779865396.717587,2142,2028,6
1779865396.717665,2174,1916,6
1779865396.717739,2143,1924,6
1779865396.71782,2087,2065,6
1779865396.717963,2091,2104,6
1779865396.7181609,2153,2130,6
1779865396.7182689,2095,1936,6
1779865396.718424,2004,1907,6
1779865396.718571,2002,1940,6
1779865396.71874,2134,2024,6
1779865396.720136,2092,1991,6
1779865396.725013,1994,2057,6
1779865396.725177,1978,2183,6
1779865396.7271612,1902,2048,6
1779865396.737018,2094,2028,6
1779865396.867255,2153,2041,6
1779865396.8678331,2199,2084,6
1779865396.8683789,2109,2033,6
1779865396.868727,2189,1989,6
1779865396.868852,2115,1922,6
1779865396.8703182,2053,2050,6
1779865396.870571,2100,2233,6
1779865396.870682,2164,1981,6
1779865396.87088,2036,1879,6
1779865396.870948,2170,1959,6
1779865396.8710132,2049,2259,6
1779865396.8710852,2053,2264,6
1779865396.871288,2065,2054,6
1779865396.871375,2021,2117,6
1779865396.8728588,2205,2270,6
1779865396.872958,2104,2125,6
1779865396.87344,2126,1928,6
1779865396.873536,2114,1957,6
1779865396.8736022,2080,2015,6
1779865396.873944,2059,1892,6
1779865396.8743439,1948,1759,6
1779865396.87482,1950,1874,6
1779865396.87519,2067,2160,6
1779865396.8752608,2068,2454,6
1779865396.875325,2249,2361,6
1779865396.875788,2193,2289,6
1779865396.902644,2184,2231,6
1779865396.924711,2123,2252,6
1779865396.92483,2138,2099,6
1779865396.924905,2194,2289,6
1779865396.924971,2089,2530,6
1779865396.925036,1987,2563,6
1779865396.925353,1949,2367,6
1779865396.925421,2002,2215,6
1779865396.927469,2063,2131,6
1779865396.9276202,2110,2304,6
1779865396.927698,2125,2141,6
1779865396.927765,2106,2049,6
1779865396.927833,2081,2055,6
1779865396.927993,2011,1942,6
1779865396.928076,2013,1859,6
1779865396.928145,2141,1734,6
1779865396.928213,1982,1507,6
1779865396.92851,2017,1563,6
1779865396.928579,2036,1798,6
1779865396.970191,2112,1758,6
1779865396.97193,2088,1861,6
1779865396.9722428,2084,2003,6
1779865397.093398,2047,2103,6
1779865397.0948322,2052,1883,6
1779865397.094945,1977,1726,6
1779865397.095017,1979,1789,6
1779865397.095082,2031,1888,6
1779865397.174958,1974,1694,6
1779865397.17554,2101,1921,6
1779865397.175929,2172,2018,6
1779865397.2331772,2132,1994,6
1779865397.2354019,2016,1886,6
1779865397.236371,2234,1958,6
1779865397.236982,2331,1888,6
1779865397.237525,2043,2002,6
1779865397.2376041,2148,1976,6
1779865397.237689,1790,1716,6
1779865397.237761,1787,1820,6
1779865397.23816,2047,1972,6
1779865397.240947,2095,2063,6
1779865397.241046,2293,1936,6
1779865397.241261,1933,1759,6
1779865397.24151,2142,1901,6
1779865397.241814,2329,1968,6
1779865397.241908,2278,1914,6
1779865397.2420359,2125,1929,6
1779865397.242118,1900,2140,6
1779865397.242191,1771,1987,6
1779865397.242264,2243,1981,6
1779865397.242636,2187,1901,6
1779865397.242808,1995,1926,6
1779865397.242901,2165,1975,6
1779865397.2429729,2177,1849,6
1779865397.243039,1982,1879,6
1779865397.243101,2332,2057,6
1779865397.2434182,1998,2177,6
1779865397.243484,2243,2044,6
1779865397.243553,2205,2001,6
1779865397.243615,2187,1988,6
1779865397.243675,2026,2058,6
1779865397.2437341,2019,2015,6
1779865397.243794,2191,1970,6
1779865397.243855,2133,2079,6
1779865397.243917,2249,2284,6
1779865397.24398,2071,2155,6
1779865397.244585,1852,2070,6
1779865397.244668,2157,2032,6
1779865397.244854,2022,2009,6
1779865397.24594,1984,2044,6
1779865397.311937,2111,2028,6
1779865397.321074,2229,2021,6
1779865397.3229032,2073,2138,6
1779865397.323,2066,2187,6
1779865397.3230689,2121,2000,6
1779865397.323307,2124,1903,6
1779865397.323379,2081,1984,6
1779865397.324129,2064,2165,6
1779865397.324208,2129,2032,6
1779865397.4296691,2128,2074,6
1779865397.4299982,2044,2028,6
1779865397.430215,2007,2120,6
1779865397.430291,2071,1975,6
1779865397.4304152,2096,1868,6
1779865397.430491,2070,1869,6
1779865397.430557,2071,1909,6
1779865397.43062,2084,1889,6
1779865397.431233,2087,1884,6
1779865397.432256,2025,2083,6
1779865397.432662,1966,2238,6
1779865397.4327328,2050,2226,6
1779865397.432796,2073,2049,6
1779865397.4328582,2070,2045,6
1779865397.433116,2096,2303,6
1779865397.433217,2094,2352,6
1779865397.433284,2083,2217,6
1779865397.433346,2088,2275,6
1779865397.433407,2068,2481,6
1779865397.433467,2050,2478,6
1779865397.433526,2099,2291,6
1779865397.433585,2117,2188,6
1779865397.433644,2097,2092,6
1779865397.433703,2030,1928,6
1779865397.433762,2078,1730,6
1779865397.433821,2097,1759,6
1779865397.536057,1990,1901,6
1779865397.536204,1955,1950,6
1779865397.536277,2028,1831,6
1779865397.536342,2057,1830,6
1779865397.536403,2076,1890,6
1779865397.536465,2028,1935,6
1779865397.605098,2070,1891,6
1779865397.605215,2073,1880,6
1779865397.6052852,2007,2009,6
1779865397.605348,1927,2179,6
1779865397.605409,1965,2120,6
1779865397.6055858,2100,2048,6
1779865397.606942,2037,1878,6
1779865397.607094,1948,1943,6
1779865397.607199,1981,1935,6
1779865397.607265,2024,1700,6
1779865397.607326,1993,1739,6
1779865397.6073868,1958,1831,6
1779865397.6076539,2060,1765,6
1779865397.6078138,2129,1695,6
1779865397.6078799,2035,1692,6
1779865397.608216,1958,1763,6
1779865397.608278,1975,1848,6
1779865397.608351,2077,1802,6
1779865397.6084101,2036,1887,6
1779865397.6084712,2032,2047,6
1779865397.608659,1870,2154,6
1779865397.6087208,1984,2035,6
1779865397.6087801,2101,2049,6
1779865397.60884,2050,2063,6
1779865397.609013,1959,2149,6
1779865397.609077,2076,2127,6
1779865397.60916,1965,2083,6
1779865397.6092212,1991,2287,6
1779865397.609333,2047,2451,6
1779865397.609406,2053,2265,6
1779865397.609466,2004,2148,6
1779865397.609525,2049,1985,6
1779865397.609584,2008,1961,6
1779865397.609674,2052,2068,6
1779865397.609764,2079,2067,6
1779865397.609826,1999,2107,6
1779865397.609885,1920,2217,6
1779865397.609944,1950,2231,6
1779865397.610003,2000,2070,6
1779865397.610063,1982,1967,6
1779865397.610349,2027,2014,6
1779865397.610442,2038,2093,6
1779865397.6105301,2054,1918,6
1779865397.6106088,2019,2017,6
1779865397.6106691,1962,2179,6
1779865397.610751,1937,2331,6
1779865397.61081,1995,2134,6
1779865397.6108701,2093,2037,6
1779865397.610929,2164,2087,6
1779865397.611047,2043,2145,6
1779865397.611138,2045,2034,6
1779865397.611199,2052,2007,6
1779865397.61151,2060,2097,6
1779865397.6118798,1993,2150,6
1779865397.6119459,1994,2041,6
1779865397.612332,2093,1912,6
1779865397.612402,2072,1901,6
1779865397.612519,2050,1988,6
1779865397.613497,2045,2049,6
1779865397.640728,2087,1987,6
1779865397.647912,2046,2031,6
1779865397.648124,1989,2153,6
1779865397.648202,1971,2172,6
1779865397.648313,2030,2038,6
1779865397.648417,2080,1971,6
1779865397.648486,2019,1994,6
1779865397.6485481,2015,2060,6
1779865397.648608,2062,1965,6
1779865397.6486669,2027,1996,6
1779865397.649075,1968,2114,6
1779865397.649172,1954,2215,6
1779865397.649232,2063,2026,6
1779865397.649291,2081,1965,6
1779865397.6493492,2057,2052,6
1779865397.653555,1963,2025,6
1779865397.654508,2082,1933,6
1779865397.663612,2059,1558,6
1779865397.6933398,2026,1715,6
1779865397.69345,2031,1872,6
1779865397.693523,2046,1804,6
1779865397.693589,2030,1705,6
1779865397.693655,2027,1666,6
1779865397.693718,2021,1779,6
1779865397.693782,2087,1857,6
1779865397.693846,2089,1821,6
1779865397.693907,1999,1947,6
1779865397.693974,2009,2145,6
1779865397.694041,2024,2179,6
1779865397.6943061,2083,1934,6
1779865397.6944141,2062,1870,6
1779865397.705526,2054,1896,6
1779865397.7302139,2034,1961,6
1779865397.730365,2048,1878,6
1779865397.730443,2034,1986,6
1779865397.73051,2102,2191,6
1779865397.7305741,1985,2228,6
1779865397.730638,2001,2063,6
1779865397.732534,2027,2033,6
1779865397.7333708,2045,1992,6
1779865397.749217,2008,2031,6
1779865397.778435,2076,1934,6
1779865397.8228989,2036,1924,6
1779865397.8230348,2014,2050,6
1779865397.823526,2021,2189,6
1779865397.842457,2054,2152,6
1779865397.842571,2053,2010,6
1779865397.842819,2026,1959,6
1779865397.9167192,2032,2080,6
1779865397.9168158,2096,2100,6
1779865397.917066,2043,1953,6
1779865397.9171891,1960,2051,6
1779865397.917263,1930,2220,6
1779865397.917352,1968,2212,6
1779865397.918232,2068,2082,6
1779865397.91872,2036,1962,6
1779865397.9187882,2094,2007,6
1779865397.919955,2060,2069,6
1779865397.9510589,2036,1950,6
1779865397.951257,2020,1999,6
1779865397.951814,1956,2147,6
1779865397.952119,1982,2236,6
1779865397.953202,2127,2066,6
1779865397.9543931,2083,1963,6
1779865397.958852,2062,1950,6
1779865397.95929,1994,2066,6
1779865397.9594738,2101,2004,6
1779865397.959567,2084,1937,6
1779865397.959638,1995,2127,6
1779865397.959703,1975,2229,6
1779865397.959766,2065,2156,6
1779865397.959829,2052,2054,6
1779865397.959892,2037,1992,6
1779865397.9599519,2046,2022,6
1779865397.960012,2021,2031,6
1779865397.960513,2028,1982,6
1779865397.960661,1975,2079,6
1779865397.960743,1988,2167,6
1779865397.9608908,2039,2266,6
1779865397.960984,2021,2097,6
1779865397.961108,2016,2020,6
1779865397.961183,2076,1982,6
1779865397.9612532,2068,2085,6
1779865397.961319,2059,1991,6
1779865397.961426,2019,2038,6
1779865397.961534,2027,2195,6
1779865397.961709,1975,2241,6
1779865397.9618292,2048,2034,6
1779865397.9619122,2081,2008,6
1779865397.961987,2066,2001,6
1779865397.96206,2017,2076,6
1779865397.962545,2079,1993,6
1779865397.962792,2084,1981,6
1779865397.976685,1994,2090,6
1779865397.993412,1947,2214,6
1779865397.9997618,2055,2137,6
1779865397.999889,2060,2020,6
1779865398.000108,2064,1993,6
1779865398.0003068,2065,2061,6
1779865398.0004349,2060,2065,6
1779865398.002091,2105,1955,6
1779865398.002207,2001,2014,6
1779865398.0022788,1958,2187,6
1779865398.002347,2118,2219,6
1779865398.0024161,2137,2055,6
1779865398.0025752,1994,2008,6
1779865398.0027142,1987,2054,6
1779865398.0031612,2097,2172,6
1779865398.0032399,2112,2033,6
1779865398.003314,2062,2056,6
1779865398.003382,1953,2188,6
1779865398.003453,1925,2277,6
1779865398.0035222,2058,2039,6
1779865398.003596,2095,1897,6
1779865398.0036612,2086,1966,6
1779865398.0208168,2057,2036,6
1779865398.0349922,2064,1999,6
1779865398.043347,2068,1983,6
1779865398.043475,2017,2136,6
1779865398.043555,1986,2223,6
1779865398.0436218,2081,2174,6
1779865398.0436878,2048,2095,6
1779865398.043753,2050,2059,6
1779865398.043909,2027,2065,6
1779865398.043987,2097,2053,6
1779865398.044062,2108,1979,6
1779865398.045515,2081,2084,6
1779865398.045718,2002,2218,6
1779865398.048123,1997,2221,6
1779865398.0638819,2106,2069,6
1779865398.08562,2103,2026,6
1779865398.086109,2085,2113,6
1779865398.08621,2036,2143,6
1779865398.0862799,2032,1992,6
1779865398.086344,2067,2025,6
1779865398.086608,2051,2175,6
1779865398.0867,1962,2272,6
1779865398.086776,2076,2063,6
1779865398.086848,2068,2014,6
1779865398.0869188,2026,1937,6
1779865398.0869892,1978,2002,6
1779865398.087059,2042,2009,6
1779865398.087198,2085,1959,6
1779865398.087269,1996,2054,6
1779865398.12432,2056,2166,6
1779865398.124629,2160,2127,6
1779865398.1247108,2097,2031,6
1779865398.124885,2041,2018,6
1779865398.124963,2007,2001,6
1779865398.125057,2011,2063,6
1779865398.125132,2053,1975,6
1779865398.1251981,2000,2091,6
1779865398.125265,1938,2257,6
1779865398.125327,1982,2198,6
1779865398.125387,2016,2034,6
1779865398.125449,2053,1971,6
1779865398.125511,2070,1934,6
1779865398.125571,2067,2008,6
1779865398.1256618,2128,1906,6
1779865398.125723,2071,1952,6
1779865398.1257842,2017,2045,6
1779865398.1259909,2009,2185,6
1779865398.126157,2163,1981,6
1779865398.1264691,2242,1855,6
1779865398.12654,2127,1900,6
1779865398.1266031,2097,2072,6
1779865398.126722,2485,1744,6
1779865398.126784,2129,1866,6
1779865398.1268768,1765,2112,6
1779865398.127052,1699,2128,6
1779865398.1271338,1888,1927,6
1779865398.127232,2338,1717,6
1779865398.127295,2620,1733,6
1779865398.1273558,2189,2045,6
1779865398.1278012,1903,1960,6
1779865398.1279612,1765,1977,6
1779865398.1287339,2012,2004,6
1779865398.1379352,1975,2160,6
1779865398.16508,1987,2092,6
1779865398.1651998,2711,1955,6
1779865398.165281,2157,2050,6
1779865398.165358,2215,1841,6
1779865398.165441,2154,1936,6
1779865398.165515,3389,1754,6
1779865398.1657221,2424,2031,6
1779865398.1658041,890,2320,6
1779865398.165868,1204,2110,6
1779865398.16593,1649,2080,6
1779865398.1659908,1684,1989,6
1779865398.166052,1398,2107,6
1779865398.166112,1484,2175,6
1779865398.1661708,1984,1970,6
1779865398.166234,2141,2016,6
1779865398.166295,2294,2020,6
1779865398.1665778,2786,2168,6
1779865398.166676,2740,2079,6
1779865398.166754,1753,2256,6
1779865398.1668448,1802,2029,6
1779865398.166919,3126,1673,6
1779865398.166993,1927,2147,6
1779865398.167068,1649,2066,6
1779865398.1671412,1236,2329,6
1779865398.167219,1721,2098,6
1779865398.167296,1936,2178,6
1779865398.167373,2066,2048,6
1779865398.1674528,2009,2025,6
1779865398.1676102,2212,2057,6
1779865398.1686609,2070,2046,6
1779865398.1867242,1826,1971,6
1779865398.190058,2368,1762,6
1779865398.1950562,2635,1966,6
1779865398.204761,2634,2246,6
1779865398.207477,1859,2165,6
1779865398.207581,1733,2041,6
1779865398.207658,1887,2022,6
1779865398.207732,1834,2052,6
1779865398.207926,2003,2072,6
1779865398.208132,2281,1977,6
1779865398.208215,2417,2059,6
1779865398.208283,2623,2161,6
1779865398.2083468,1937,2061,6
1779865398.208412,1728,1967,6
1779865398.208479,1671,2087,6
1779865398.208545,2126,2036,6
1779865398.2086139,2156,2040,6
1779865398.208682,1703,2110,6
1779865398.208745,1621,2116,6
1779865398.208808,1662,2206,6
1779865398.2089338,2051,2149,6
1779865398.209076,2277,1875,6
1779865398.2092512,2498,1908,6
1779865398.209355,2352,2288,6
1779865398.209434,1918,2490,6
1779865398.209606,2288,2205,6
1779865398.209746,2568,2323,6
1779865398.2098298,1743,2683,6
1779865398.209908,1762,2762,6
1779865398.210064,2095,2418,6
1779865398.210146,2297,2308,6
1779865398.2103941,2279,2278,6
1779865398.210515,1767,2436,6
1779865398.210668,1828,2143,6
1779865398.211044,1963,1997,6
1779865398.2112598,2792,2080,6
1779865398.211345,2274,2560,6
1779865398.211988,1486,2421,6
1779865398.212088,2403,2057,6
1779865398.214613,2589,1953,6
1779865398.2151139,2193,2058,6
1779865398.215198,2245,2081,6
1779865398.215447,1567,2060,6
1779865398.215602,1547,2280,6
1779865398.2159019,1557,2150,6
1779865398.21751,1867,2055,6
1779865398.2175949,2179,1904,6
1779865398.217833,2146,1923,6
1779865398.218697,2050,1803,6
1779865398.2371998,1629,2083,6
1779865398.253974,2220,1863,6
1779865398.2543092,2213,1848,6
1779865398.2543979,2003,2014,6
1779865398.25523,2083,2106,6
1779865398.25539,2492,2166,6
1779865398.255471,2113,1955,6
1779865398.255958,1951,2050,6
1779865398.3370109,2210,2116,6
1779865398.337159,2316,2055,6
1779865398.3373911,2242,1987,6
1779865398.337474,2229,1972,6
1779865398.3379252,2063,2154,6
1779865398.353157,2108,2125,6
1779865398.355624,2160,1926,6
1779865398.377003,2047,1938,6
1779865398.377127,2098,2039,6
1779865398.3771992,1978,2042,6
1779865398.377262,2000,1918,6
1779865398.377332,1954,2111,6
1779865398.377394,2321,2314,6
1779865398.377494,3196,1989,6
1779865398.377568,2175,2290,6
1779865398.377632,1244,2301,6
1779865398.377693,1595,2248,6
1779865398.3777559,1849,2251,6
1779865398.3778172,1961,2085,6
1779865398.3778958,1982,2277,6
1779865398.3780348,2363,2132,6
1779865398.3781,1591,2325,6
1779865398.378161,1599,1976,6
1779865398.378355,2222,1837,6
1779865398.378481,2741,1987,6
1779865398.3785532,3324,1631,6
1779865398.3786209,1978,2261,6
1779865398.379374,1367,2010,6
1779865398.401257,1680,2012,6
1779865398.413308,1669,2277,6
1779865398.413424,1922,2154,6
1779865398.413497,1980,2102,6
1779865398.413685,1972,2006,6
1779865398.4138381,1986,2090,6
1779865398.413959,2183,2162,6
1779865398.414046,2125,2043,6
1779865398.414166,2498,2041,6
1779865398.414248,2078,2209,6
1779865398.414315,2535,2051,6
1779865398.414378,3832,1623,6
1779865398.414442,1676,2478,6
1779865398.414546,781,2088,6
1779865398.414609,2409,1939,6
1779865398.414669,2741,1952,6
1779865398.4147289,1696,2217,6
1779865398.4147909,1375,2230,6
1779865398.415024,1396,2398,6
1779865398.4151008,1677,2194,6
1779865398.415165,2203,2016,6
1779865398.415336,2177,2186,6
1779865398.415398,2081,2207,6
1779865398.415623,2078,2095,6
1779865398.4156952,2249,2164,6
1779865398.4157581,2319,2197,6
1779865398.4159229,1948,2410,6
1779865398.415989,1849,2217,6
1779865398.4160519,2186,2039,6
1779865398.416128,2145,2014,6
1779865398.4170182,2058,2058,6
1779865398.421961,2054,2058,6
1779865398.475762,2406,2004,6
1779865398.4771981,2182,2011,6
1779865398.477557,2919,2101,6
1779865398.478189,2106,2203,6
1779865398.478386,1695,2043,6
1779865398.478505,2258,1917,6
1779865398.4787352,1825,2122,6
1779865398.479979,1984,2119,6
1779865398.545534,2281,1780,6
1779865398.591064,2301,1842,6
1779865398.59132,1635,2160,6
1779865398.591438,1627,2340,6
1779865398.592951,2133,1972,6
1779865398.620152,2254,1944,6
1779865398.6204338,2705,1895,6
1779865398.620801,2830,1850,6
1779865398.6351502,1459,2225,6
1779865398.635422,1579,1933,6
1779865398.635665,1986,2021,6
1779865398.6357388,2284,2061,6
1779865398.635805,2227,2223,6
1779865398.636815,2132,1999,6
1779865398.637095,2667,1726,6
1779865398.637181,1902,2184,6
1779865398.637316,1838,2175,6
1779865398.637633,2836,1875,6
1779865398.637701,1725,2318,6
1779865398.638696,1591,2313,6
1779865398.638954,1701,2060,6
1779865398.6399202,2094,2010,6
1779865398.6400268,1807,2023,6
1779865398.6400928,2515,1879,6
1779865398.6401558,2417,1931,6
1779865398.640361,2018,2112,6
1779865398.6404412,2196,1697,6
1779865398.640506,2643,1880,6
1779865398.640568,2125,2345,6
1779865398.6410089,2233,2074,6
1779865398.6411068,2443,1996,6
1779865398.641212,1719,2332,6
1779865398.641286,2004,2101,6
1779865398.6413481,2595,2091,6
1779865398.643063,3607,2006,6
1779865398.6433501,2324,2504,6
1779865398.6434371,2999,1944,6
1779865398.643614,2461,2508,6
1779865398.643699,1391,2472,6
1779865398.643764,1481,2331,6
1779865398.64383,2167,2231,6
1779865398.686702,1870,2305,6
1779865398.686823,3377,1585,6
1779865398.6883469,3257,2201,6
1779865398.7094588,1938,2168,6
1779865398.713589,2354,2228,6
1779865398.7233632,1622,2271,6
1779865398.728647,2307,1999,6
1779865398.729292,1926,1941,6
1779865398.729392,1485,2399,6
1779865398.729525,1843,2158,6
1779865398.729978,1396,2455,6
1779865398.7300532,2177,2187,6
1779865398.7301178,2161,2425,6
1779865398.73029,2439,2168,6
1779865398.7303622,2746,2197,6
1779865398.7304268,3838,2187,6
1779865398.7304902,3370,2427,6
1779865398.730677,2236,2436,6
1779865398.730759,1749,2207,6
1779865398.730918,3071,2127,6
1779865398.751721,2051,2827,6
1779865398.794104,1747,2368,6
1779865398.7941928,2769,2050,6
1779865398.79426,2865,1918,6
1779865398.794322,2503,1931,6
1779865398.794383,2205,2052,6
1779865398.794446,2525,1816,6
1779865398.794506,2461,1871,6
1779865398.794563,2825,2373,6
1779865398.794621,2403,2059,6
1779865398.794682,2743,1799,6
1779865398.7947588,3496,2012,6
1779865398.794819,3218,2093,6
1779865398.794878,1922,2116,6
1779865398.7949362,2671,2009,6
1779865398.8683321,1325,2303,6
1779865398.868605,1402,1871,6
1779865398.868683,2056,1918,6
1779865398.874256,2276,2014,6
1779865398.874507,2798,2113,6
1779865398.875393,3559,1668,6
1779865398.8754911,1442,1971,6
1779865398.875556,1630,1664,6
1779865398.87593,2580,1658,6
1779865398.8760939,2891,1690,6
1779865398.876171,2423,2282,6
1779865398.876238,2057,2186,6
1779865398.876302,2580,1996,6
1779865398.8763661,2885,1831,6
1779865398.876427,2335,1946,6
1779865398.8765812,2381,1985,6
1779865398.876648,2345,2233,6
1779865398.876708,1948,2147,6
1779865398.876767,2906,2016,6
1779865398.876859,3026,2293,6
1779865398.87709,2468,2221,6
1779865398.909736,1387,1980,6
1779865398.9099698,1467,1896,6
1779865398.910054,2994,1617,6
1779865398.910122,2141,1930,6
1779865398.910188,3277,2151,6
1779865398.928693,2340,2536,6
1779865398.934595,2584,2070,6
1779865398.9405801,2746,1653,6
1779865398.94081,1814,2348,6
1779865398.940969,1558,2459,6
1779865398.941059,2222,2525,6
1779865398.94115,2197,2091,6
1779865398.941227,2419,1944,6
1779865398.941303,2340,2304,6
1779865398.9413671,2270,2267,6
1779865398.941432,2110,2105,6
1779865398.941495,2817,1873,6
1779865398.9415581,2279,1848,6
1779865398.941634,2356,2226,6
1779865398.941695,2584,2264,6
1779865398.941765,2721,1959,6
1779865398.941825,2780,2202,6
1779865398.941926,2488,2189,6
1779865398.942063,3471,1695,6
1779865398.942136,1830,2016,6
1779865398.9422,2453,1910,6
1779865398.942262,2266,2105,6
1779865398.9423308,2519,2116,6
1779865398.942394,2779,1940,6
1779865398.9424582,1769,2057,6
1779865398.9425259,2259,2234,6
1779865398.942681,1677,2514,6
1779865398.9429362,2744,1979,6
1779865398.943425,1706,2187,6
1779865398.943509,1749,1922,6
1779865398.943576,2510,1966,6
1779865398.94364,2505,2182,6
1779865398.943709,2372,2058,6
1779865398.9437718,2238,2066,6
1779865398.9438348,2187,2348,6
1779865398.943969,2544,2213,6
1779865398.944078,2180,2122,6
1779865398.944145,2526,1893,6
1779865398.944256,3326,1734,6
1779865398.9445188,1604,2491,6
1779865398.944607,1350,1948,6
1779865398.94497,1933,2153,6
1779865398.945333,1601,2115,6
1779865398.9457831,1619,2207,6
1779865398.945867,2260,2035,6
1779865398.961388,2597,2060,6
1779865398.978204,2448,2056,6
1779865398.97848,3390,1658,6
1779865398.97856,2968,1935,6
1779865398.9786298,1820,1980,6
1779865398.978786,1461,2131,6
1779865398.978865,1296,2223,6
1779865398.978993,1909,2145,6
1779865398.979191,1568,1916,6
1779865398.979258,1936,2111,6
1779865398.9793532,1800,2072,6
1779865398.979434,2037,2121,6
1779865398.979667,2081,2109,6
1779865398.979917,1935,2099,6
1779865398.980003,2609,2124,6
1779865398.980073,2406,2254,6
1779865398.980139,2092,2074,6
1779865398.980324,1739,1902,6
1779865398.980445,2123,2022,6
1779865398.980559,2592,2007,6
1779865398.9807942,2074,2130,6
1779865398.9810328,1735,2100,6
1779865398.981199,3106,1832,6
1779865398.981333,3275,2121,6
1779865398.9814022,1125,2328,6
1779865398.9815161,1197,1863,6
1779865398.9815848,1448,2110,6
1779865398.981648,1702,2192,6
1779865398.9817111,1919,2237,6
1779865398.9817731,1711,2090,6
1779865398.981834,1872,2112,6
1779865398.981907,1968,2194,6
1779865398.981968,2379,2074,6
1779865398.982034,2283,2021,6
1779865398.982095,2251,2002,6
1779865398.982162,2318,2031,6
1779865398.982223,2228,2056,6
1779865398.982283,2029,2008,6
1779865398.982346,3008,1718,6
1779865398.982409,2368,2333,6
1779865398.982472,1151,2328,6
1779865398.982534,1697,2108,6
1779865398.982597,2257,2048,6
1779865398.9826639,2240,2214,6
1779865399.0135648,1845,2087,6
1779865399.019288,1563,2020,6
1779865399.0196228,1890,2132,6
1779865399.019727,1860,2292,6
1779865399.019805,2368,2146,6
1779865399.019946,2126,2075,6
1779865399.02004,1930,2076,6
1779865399.020122,2049,2134,6
1779865399.020191,1881,2153,6
1779865399.020263,1914,2020,6
1779865399.020329,1728,2067,6
1779865399.02054,1920,2240,6
1779865399.020677,2401,2066,6
1779865399.021795,3004,2022,6
1779865399.022151,3009,2079,6
1779865399.0228128,2054,1907,6
1779865399.023309,1564,1968,6
1779865399.023412,1776,2143,6
1779865399.023484,1706,2115,6
1779865399.023687,1446,2121,6
1779865399.0241542,1447,2231,6
1779865399.024236,1513,2126,6
1779865399.0246248,2163,1918,6
1779865399.024748,2103,1984,6
1779865399.024829,2167,2101,6
1779865399.025378,2376,2103,6
1779865399.0254788,2330,2010,6
1779865399.0255492,2404,2007,6
1779865399.025613,3197,2060,6
1779865399.0256782,2273,2278,6
1779865399.025743,949,2010,6
1779865399.0258062,995,2044,6
1779865399.025871,1765,1972,6
1779865399.0259352,2728,1806,6
1779865399.0259998,2493,2169,6
1779865399.0261528,1561,2221,6
1779865399.026315,1602,1978,6
1779865399.026398,2511,2056,6
1779865399.026468,1831,2271,6
1779865399.0265758,2060,1910,6
1779865399.0266612,3132,1922,6
1779865399.026735,3955,1888,6
1779865399.026908,1748,2289,6
1779865399.0270112,622,2175,6
1779865399.027157,1148,2098,6
1779865399.027232,1801,2197,6
1779865399.027359,1415,2211,6
1779865399.027436,1340,2245,6
1779865399.027509,1494,2123,6
1779865399.027584,1816,2108,6
1779865399.027658,1923,2119,6
1779865399.027807,2188,2049,6
1779865399.0281758,2605,1965,6
1779865399.028311,2642,2055,6
1779865399.0285041,2471,2298,6
1779865399.028586,2057,2041,6
1779865399.028654,1615,1979,6
1779865399.028749,1999,2050,6
1779865399.0441961,2464,2065,6
1779865399.066018,2991,1847,6
1779865399.073802,2283,1898,6
1779865399.073907,1794,2060,6
1779865399.0739741,1401,2338,6
1779865399.074037,2099,2146,6
1779865399.074641,2098,2071,6
1779865399.074914,1547,2110,6
1779865399.075066,1497,2164,6
1779865399.0751429,1765,2078,6
1779865399.075265,2011,1976,6
1779865399.0753438,2120,2125,6
1779865399.075437,2359,2104,6
1779865399.075543,2635,2059,6
1779865399.075604,2693,1894,6
1779865399.075663,2158,2062,6
1779865399.075722,1570,2248,6
1779865399.075781,2786,2075,6
1779865399.075907,2157,2009,6
1779865399.076088,1381,2168,6
1779865399.076173,1412,2261,6
1779865399.076946,1673,2081,6
1779865399.0988538,1961,1985,6
1779865399.102443,1931,1964,6
1779865399.110517,2170,2036,6
1779865399.111006,3652,1845,6
1779865399.111546,2415,2073,6
1779865399.111985,569,2267,6
1779865399.112118,1634,2197,6
1779865399.112725,2334,2061,6
1779865399.1185238,2302,2027,6
1779865399.118647,2582,2007,6
1779865399.1187258,2119,2186,6
1779865399.1187992,1315,1964,6
1779865399.11887,1503,2091,6
1779865399.118946,1939,1997,6
1779865399.119025,2126,2112,6
1779865399.119097,2136,2268,6
1779865399.119167,2315,2182,6
1779865399.119236,2797,1917,6
1779865399.119308,2255,2193,6
1779865399.119379,1574,2205,6
1779865399.119448,1671,2019,6
1779865399.11952,2096,1941,6
1779865399.119591,2038,2027,6
1779865399.1196601,2102,2124,6
1779865399.119735,2347,2151,6
1779865399.119977,2195,2094,6
1779865399.120082,1621,2132,6
1779865399.1201541,1526,2130,6
1779865399.1202219,2385,2136,6
1779865399.120288,2234,2140,6
1779865399.120351,2211,2194,6
1779865399.1204128,1908,2293,6
1779865399.1205142,1946,2389,6
1779865399.1208231,2544,2023,6
1779865399.1209579,2324,2209,6
1779865399.121174,1426,2266,6
1779865399.121401,1311,2160,6
1779865399.1220422,1852,2115,6
1779865399.1222248,2153,2074,6
1779865399.122611,2342,2130,6
1779865399.123127,1585,2362,6
1779865399.123221,1753,2179,6
1779865399.123297,1952,1989,6
1779865399.1235461,2295,2103,6
1779865399.123636,1903,2123,6
1779865399.123703,2096,2113,6
1779865399.123768,2691,1984,6
1779865399.123829,1939,2398,6
1779865399.12389,1915,2380,6
1779865399.1242518,1753,2402,6
1779865399.124363,1887,2277,6
1779865399.124436,2269,2215,6
1779865399.124501,1972,2273,6
1779865399.1246421,1794,2213,6
1779865399.124906,1716,2225,6
1779865399.125005,2067,2072,6
1779865399.125083,1784,2310,6
1779865399.125155,1938,2285,6
1779865399.125227,1869,2216,6
1779865399.125299,2741,1842,6
1779865399.125369,1720,2110,6
1779865399.125448,1464,2144,6
1779865399.125518,1753,2103,6
1779865399.125684,1772,1939,6
1779865399.125767,1808,2148,6
1779865399.1258361,1789,2261,6
1779865399.1259131,1749,2300,6
1779865399.126155,1811,2380,6
1779865399.12625,1909,2334,6
1779865399.126324,2424,2190,6
1779865399.12639,2021,2477,6
1779865399.12657,1802,2383,6
1779865399.1267111,2016,2296,6
1779865399.12683,1917,2381,6
1779865399.126979,1845,2364,6
1779865399.127054,1730,2184,6
1779865399.1271229,1575,2162,6
1779865399.127188,1746,2176,6
1779865399.127255,2042,2053,6
1779865399.127319,2178,2112,6
1779865399.127382,1932,2253,6
1779865399.127445,1804,2182,6
1779865399.1275089,1828,2209,6
1779865399.1275709,1909,2112,6
1779865399.1276422,1758,2082,6
1779865399.127705,1749,2063,6
1779865399.127768,1981,2003,6
1779865399.127827,2258,2126,6
1779865399.127888,1999,2010,6
1779865399.127984,1295,2202,6
1779865399.128236,1644,2195,6
1779865399.12831,1730,2151,6
1779865399.128455,1753,2105,6
1779865399.1285279,1662,2029,6
1779865399.1286342,1644,2096,6
1779865399.128711,1690,2067,6
1779865399.128865,1776,1987,6
1779865399.130495,1854,2032,6
1779865399.146477,2025,2153,6
1779865399.149499,1936,2184,6
1779865399.160874,2101,1991,6
1779865399.161491,2031,2107,6
1779865399.161841,1586,2116,6
1779865399.1625888,1535,2203,6
1779865399.174122,1530,1967,6
1779865399.174432,1784,2140,6
1779865399.174507,1738,2208,6
1779865399.174685,1710,2205,6
1779865399.1747599,1811,2040,6
1779865399.174939,1745,2108,6
1779865399.1750169,1559,2133,6
1779865399.175133,1597,2094,6
1779865399.175197,1742,2041,6
1779865399.175306,1774,1976,6
1779865399.17539,1777,2104,6
1779865399.1754591,1743,2224,6
1779865399.1755788,1762,2094,6
1779865399.17572,1774,2033,6
1779865399.175812,1852,2112,6
1779865399.175871,1846,2218,6
1779865399.175936,1894,2216,6
1779865399.1760309,1946,2148,6
1779865399.1760929,1850,2221,6
1779865399.176252,1880,2350,6
1779865399.1763241,1910,2299,6
1779865399.176695,1930,2176,6
1779865399.176824,1994,2146,6
1779865399.1773949,2028,2139,6
1779865399.186945,2062,2164,6
1779865399.193959,2105,2104,6
1779865399.204154,2066,2105,6
1779865399.210329,2023,2189,6
1779865399.210668,2049,2267,6
1779865399.210767,2137,2163,6
1779865399.210846,2101,2112,6
1779865399.210966,2060,2052,6
1779865399.2111318,2018,2081,6
1779865399.2112079,2113,2043,6
1779865399.211273,2210,2018,6
1779865399.211339,2100,2176,6
1779865399.211405,2082,2187,6
1779865399.211475,2086,2164,6
1779865399.2116249,2152,2018,6
1779865399.2117481,2150,1966,6
1779865399.211832,2351,1911,6
1779865399.21195,2302,2175,6
1779865399.212078,1982,1962,6
1779865399.2122712,1877,2105,6
1779865399.212351,2114,2122,6
1779865399.2125921,2135,2175,6
1779865399.212811,2090,2109,6
1779865399.213093,2189,2094,6
1779865399.2133062,2291,2048,6
1779865399.2133849,1997,2192,6
1779865399.2134578,2167,2105,6
1779865399.213529,2253,2144,6
1779865399.2135959,2216,2254,6
1779865399.214111,2243,2267,6
1779865399.2142122,2171,2128,6
1779865399.214289,2085,2055,6
1779865399.214404,2077,2095,6
1779865399.2144792,2122,2220,6
1779865399.214553,2168,2196,6
1779865399.2146292,2116,2077,6
1779865399.214703,2101,2139,6
1779865399.2147799,2059,2292,6
1779865399.2148511,2101,2186,6
1779865399.2149272,2121,2133,6
1779865399.214997,2063,2111,6
1779865399.21507,2059,2164,6
1779865399.21514,2118,2141,6
1779865399.215211,2128,2040,6
1779865399.215283,2027,2171,6
1779865399.215435,1981,2301,6
1779865399.2155101,1970,2260,6
1779865399.2155771,1998,2159,6
1779865399.215643,2008,2158,6
1779865399.215755,1989,2188,6
1779865399.21583,1998,2326,6
1779865399.215915,2064,2281,6
1779865399.216039,2042,2381,6
1779865399.2161112,2012,2502,6
1779865399.216177,2000,2416,6
1779865399.2162418,2049,2234,6
1779865399.216374,2015,2178,6
1779865399.216695,2032,2131,6
1779865399.216772,2031,2154,6
1779865399.216842,2089,2077,6
1779865399.216917,2048,2036,6
1779865399.2170398,1963,2181,6
1779865399.217269,1943,2352,6
1779865399.217525,2038,2203,6
1779865399.217661,2021,2027,6
1779865399.2179132,2054,2069,6
1779865399.218005,2043,2135,6
1779865399.218125,2027,2070,6
1779865399.218206,1983,1965,6
1779865399.218275,2001,1979,6
1779865399.2183402,1986,2064,6
1779865399.218409,2051,2142,6
1779865399.2184808,2101,2084,6
1779865399.2185512,2051,2086,6
1779865399.2186198,2003,2125,6
1779865399.218687,1964,2146,6
1779865399.21876,2014,1922,6
1779865399.218868,2032,2044,6
1779865399.219,2021,2204,6
1779865399.21907,2032,2163,6
1779865399.219133,2116,1957,6
1779865399.219202,2109,1866,6
1779865399.219274,2123,1868,6
1779865399.219342,2053,1978,6
1779865399.2195709,2105,1978,6
1779865399.21979,2086,1972,6
1779865399.232161,2016,1982,6
1779865399.2373571,2009,2195,6
1779865399.252075,2058,2006,6
1779865399.2581801,1976,1934,6
1779865399.2603562,2076,1966,6
1779865399.2771552,2022,1964,6
1779865399.279737,1933,1928,6
1779865399.29427,2019,1978,6
1779865399.295,2053,2091,6
1779865399.2954838,2018,2169,6
1779865399.300359,2007,2141,6
1779865399.315047,1987,2046,6
1779865399.3152692,1988,2131,6
1779865399.315883,2105,2260,6
1779865399.3163352,2101,2272,6
1779865399.3164248,2035,2035,6
1779865399.3164952,2072,1980,6
1779865399.316564,1980,2119,6
1779865399.316633,1934,2230,6
1779865399.316703,2030,2110,6
1779865399.3168588,1997,2031,6
1779865399.317002,2024,2099,6
1779865399.317081,2003,2193,6
1779865399.317143,1980,2133,6
1779865399.31728,2020,2149,6
1779865399.3173618,2050,2203,6
1779865399.317434,1928,2434,6
1779865399.317504,2011,2303,6
1779865399.3175738,1941,2118,6
1779865399.317687,1986,2046,6
1779865399.31777,2046,2156,6
1779865399.3178391,2011,2157,6
1779865399.317912,1908,2062,6
1779865399.317992,1882,2023,6
1779865399.3180668,1925,2239,6
1779865399.3181398,2116,2326,6
1779865399.318264,2003,2236,6
1779865399.318357,2066,2176,6
1779865399.319196,1980,2094,6
1779865399.319406,2024,2115,6
1779865399.3194802,2048,2023,6
1779865399.319552,2009,2003,6
1779865399.3197372,1933,2218,6
1779865399.319865,1991,2368,6
1779865399.319943,2045,2129,6
1779865399.320169,2025,1957,6
1779865399.320373,2001,2085,6
1779865399.320448,1969,2126,6
1779865399.320759,2009,2024,6
1779865399.32141,2041,2022,6
1779865399.321685,1968,2103,6
1779865399.322552,1881,2134,6
1779865399.322793,2004,2007,6
1779865399.322984,2003,1927,6
1779865399.323491,2032,1905,6
1779865399.323852,1968,2044,6
1779865399.3244412,2020,1994,6
1779865399.324527,2098,1924,6
1779865399.324594,2058,1969,6
1779865399.3246589,2003,2137,6
1779865399.325238,1896,2245,6
1779865399.326986,1981,2197,6
1779865399.359466,2117,2157,6
1779865399.365185,2033,2194,6
1779865399.3654342,1998,2261,6
1779865399.365543,2050,2258,6
1779865399.366793,1968,2240,6
1779865399.3670778,1959,2289,6
1779865399.3673651,1963,2269,6
1779865399.3675048,2042,2170,6
1779865399.367581,2057,2149,6
1779865399.367701,2041,2226,6
1779865399.367778,2031,2224,6
1779865399.367837,2089,2188,6
1779865399.3678951,2021,2080,6
1779865399.3679519,1945,2227,6
1779865399.3680089,1906,2335,6
1779865399.368067,1974,2252,6
1779865399.3681269,2116,2076,6
1779865399.368186,2087,1992,6
1779865399.368244,2014,2084,6
1779865399.368302,1982,2089,6
1779865399.36836,2090,1974,6
1779865399.368493,2169,2145,6
1779865399.368605,2008,2213,6
1779865399.368861,1844,2162,6
1779865399.3689868,1948,2055,6
1779865399.3694248,2026,2027,6
1779865399.369714,2060,2012,6
1779865399.369782,1916,1974,6
1779865399.391582,1956,1893,6
1779865399.402263,1884,2067,6
1779865399.4024599,1957,2248,6
1779865399.402581,2081,2358,6
1779865399.402661,2182,2196,6
1779865399.402733,1984,2003,6
1779865399.402813,1982,1961,6
1779865399.402883,2021,2178,6
1779865399.4029472,2014,2176,6
1779865399.403007,2097,2085,6
1779865399.4030662,1996,2126,6
1779865399.403126,1946,2196,6
1779865399.40319,2035,2040,6
1779865399.403253,2105,1777,6
1779865399.4033148,1959,1788,6
1779865399.403376,1696,2111,6
1779865399.403486,1829,2160,6
1779865399.403656,2289,2040,6
1779865399.4038541,2213,2234,6
1779865399.403927,2071,2154,6
1779865399.404094,1863,2168,6
1779865399.404186,2072,2044,6
1779865399.404264,2009,1930,6
1779865399.4045708,2123,2078,6
1779865399.405788,2043,1985,6
1779865399.406652,2080,1795,6
1779865399.406741,2020,1824,6
1779865399.406816,1825,1985,6
1779865399.4068868,1833,2171,6
1779865399.4069571,2037,2054,6
1779865399.407132,2005,1966,6
1779865399.4082282,2071,1959,6
1779865399.40835,2073,2010,6
1779865399.408437,2048,2028,6
1779865399.4085069,2030,1889,6
1779865399.408569,1986,1946,6
1779865399.4086342,1911,1988,6
1779865399.408706,1993,1894,6
1779865399.4089391,1994,1916,6
1779865399.409088,2104,1842,6
1779865399.4091709,1992,1934,6
1779865399.409267,1962,1943,6
1779865399.40935,1989,1876,6
1779865399.409452,2010,1908,6
1779865399.41292,1925,2045,6
1779865399.4132721,1977,2005,6
1779865399.447683,1895,1812,6
1779865399.4788039,2101,1869,6
1779865399.479336,2133,2029,6
1779865399.4794161,2034,2045,6
1779865399.479897,2023,1856,6
1779865399.479964,1981,1946,6
1779865399.480025,1959,2132,6
1779865399.480085,1953,2235,6
1779865399.480192,2064,2149,6
1779865399.4803011,2087,2083,6
1779865399.48059,2038,2039,6
1779865399.4806988,1965,2020,6
1779865399.480782,2005,2008,6
1779865399.480863,2045,1968,6
1779865399.486869,1984,2141,6
1779865399.486967,1934,2230,6
1779865399.487037,2022,2086,6
1779865399.48769,2097,2045,6
1779865399.48818,2066,2141,6
1779865399.488402,2003,2172,6
1779865399.488508,2046,2056,6
1779865399.488575,1974,1880,6
1779865399.488669,1915,1934,6
1779865399.4887521,1974,2087,6
1779865399.4888132,2060,2059,6
1779865399.488893,2100,1934,6
1779865399.488953,1989,1845,6
1779865399.489014,1971,1835,6
1779865399.4890728,2022,1961,6
1779865399.4891331,2095,1912,6
1779865399.489192,2005,2030,6
1779865399.493014,1982,2193,6
1779865399.52287,1931,2264,6
1779865399.5231,1988,2074,6
1779865399.523191,2035,2060,6
1779865399.523422,2067,2068,6
1779865399.523494,1994,2145,6
1779865399.523566,2044,2060,6
1779865399.523632,2050,1998,6
1779865399.523695,1941,2106,6
1779865399.5237608,1983,2145,6
1779865399.5238268,2013,1967,6
1779865399.5238972,1993,1899,6
1779865399.523969,2064,1916,6
1779865399.524032,2083,1948,6
1779865399.5240982,2029,1898,6
1779865399.524161,1994,1933,6
1779865399.524226,2006,2055,6
1779865399.52429,1980,2164,6
1779865399.524468,2025,2146,6
1779865399.524557,2029,2030,6
1779865399.524632,2037,2015,6
1779865399.5248268,2017,2001,6
1779865399.524905,2008,2064,6
1779865399.5249689,2034,2025,6
1779865399.525101,2057,2137,6
1779865399.5251782,1986,2239,6
1779865399.5252512,2010,2286,6
1779865399.525325,2064,2060,6
1779865399.525398,1999,1966,6
1779865399.5254688,1992,1992,6
1779865399.525541,2047,2074,6
1779865399.525813,2068,1864,6
1779865399.5261598,2025,1884,6
1779865399.526249,1935,2091,6
1779865399.5263171,1907,2232,6
1779865399.55944,1991,2129,6
1779865399.559964,1941,2068,6
1779865399.560045,2034,2051,6
1779865399.56011,2059,2131,6
1779865399.560171,2028,2153,6
1779865399.560231,2054,2076,6
1779865399.560292,2018,2144,6
1779865399.560351,2022,2224,6
1779865399.560409,2063,2184,6
1779865399.560467,1943,1832,6
1779865399.560525,2080,1720,6
1779865399.560582,2038,1734,6
1779865399.560704,1981,1849,6
1779865399.560938,2059,1775,6
1779865399.5611389,1957,1799,6
1779865399.561234,1957,1940,6
1779865399.561297,2032,1999,6
1779865399.561607,2087,1827,6
1779865399.561873,2070,1848,6
1779865399.5620701,2048,1939,6
1779865399.5625489,1992,1997,6
1779865399.562714,1978,1903,6
1779865399.562948,1993,1883,6
1779865399.563019,2028,1957,6
1779865399.5631008,1993,2166,6
1779865399.563162,2006,2072,6
1779865399.563222,2021,2078,6
1779865399.563284,2024,2074,6
1779865399.5634172,2063,2139,6
1779865399.563487,2024,2064,6
1779865399.563553,2077,2018,6
1779865399.563616,2003,2113,6
1779865399.563679,1906,2231,6
1779865399.563745,1967,2158,6
1779865399.563842,2023,2074,6
1779865399.56393,2021,2015,6
1779865399.5640059,2036,2042,6
1779865399.5640671,2014,2011,6
1779865399.564126,2040,1926,6
1779865399.564215,1981,1965,6
1779865399.564302,1923,2076,6
1779865399.564363,1959,2203,6
1779865399.5644228,2075,2091,6
1779865399.5644841,2069,2028,6
1779865399.564544,2024,2043,6
1779865399.564654,2004,2150,6
1779865399.5647528,2016,2106,6
1779865399.56483,2090,2111,6
1779865399.564909,2019,2228,6
1779865399.56498,1966,2293,6
1779865399.5650508,2050,2121,6
1779865399.5651462,1971,2075,6
1779865399.56522,2016,2018,6
1779865399.5652878,1993,2090,6
1779865399.565357,2046,2088,6
1779865399.565425,2029,2004,6
1779865399.565495,1967,2097,6
1779865399.565564,1944,2168,6
1779865399.565633,1968,2217,6
1779865399.5657039,2019,2179,6
1779865399.5658398,2038,2156,6
1779865399.565923,2007,2224,6
1779865399.5660381,2008,2314,6
1779865399.566106,2097,2211,6
1779865399.566168,1999,2273,6
1779865399.566228,2012,2434,6
1779865399.566436,1993,2490,6
1779865399.566508,2023,2246,6
1779865399.566568,2070,2091,6
1779865399.566628,2092,2081,6
1779865399.566714,1984,2136,6
1779865399.566853,1992,2064,6
1779865399.566924,1991,2077,6
1779865399.5669959,1974,2207,6
1779865399.567061,1940,2290,6
1779865399.567177,2016,2051,6
1779865399.567602,2035,2065,6
1779865399.567708,2034,2099,6
1779865399.567817,1962,2175,6
1779865399.567889,2008,2115,6
1779865399.5679739,2010,2056,6
1779865399.568043,1953,2154,6
1779865399.568107,1940,2249,6
1779865399.568192,1964,2217,6
1779865399.568256,1999,2040,6
1779865399.56832,2058,1969,6
1779865399.5683808,2046,1987,6
1779865399.5684412,1998,2041,6
1779865399.568676,2044,1949,6
1779865399.568759,2051,2011,6
1779865399.568911,1991,2142,6
1779865399.569095,1998,2224,6
1779865399.56916,2051,2086,6
1779865399.569226,2051,2017,6
1779865399.56929,2024,2050,6
1779865399.5693681,1985,2133,6
1779865399.569431,2045,2060,6
1779865399.569644,2052,2060,6
1779865399.569746,1995,2154,6
1779865399.5698318,1906,2269,6
1779865399.569895,1983,2105,6
1779865399.570168,2006,2003,6
1779865399.570246,2047,1985,6
1779865399.5711942,2047,2061,6
1779865399.585751,2020,2028,6
1779865399.592096,2046,1970,6
1779865399.5950358,1957,2097,6
1779865399.595412,1942,2164,6
1779865399.600598,2018,2146,6
1779865399.601558,2045,2061,6
1779865399.6024199,2135,2040,6
1779865399.602997,2039,2081,6
1779865399.6033258,2019,2102,6
1779865399.608811,2087,1975,6
1779865399.608905,2069,2041,6
1779865399.608971,2030,2139,6
1779865399.609034,1986,2199,6
1779865399.6090949,2079,2009,6
1779865399.609154,2037,1957,6
1779865399.609356,2002,2035,6
1779865399.609453,2006,2043,6
1779865399.609529,2051,1971,6
1779865399.609644,2028,1980,6
1779865399.609834,1968,2081,6
1779865399.6099021,1945,2189,6
1779865399.609967,2015,2070,6
1779865399.610032,1955,1925,6
1779865399.610094,1995,1869,6
1779865399.610158,2005,1917,6
1779865399.610222,2004,1906,6
1779865399.610349,2094,1834,6
1779865399.6104221,2001,1883,6
1779865399.610497,1962,2082,6
1779865399.610566,2048,2033,6
1779865399.610681,2071,1943,6
1779865399.610778,2046,1947,6
1779865399.610844,2088,1973,6
1779865399.610911,2047,2017,6
1779865399.6110668,2093,1963,6
1779865399.611132,2094,2066,6
1779865399.6111948,1946,2164,6
1779865399.611258,1947,2255,6
1779865399.6114051,2092,2038,6
1779865399.611475,2032,2028,6
1779865399.611576,1989,2041,6
1779865399.611897,1960,2130,6
1779865399.613006,2054,2080,6
1779865399.61317,2006,2096,6
1779865399.613255,1978,2112,6
1779865399.623302,2042,2210,6
1779865399.623405,2092,2085,6
1779865399.623474,2064,2046,6
1779865399.623538,2056,2035,6
1779865399.629718,1996,2061,6
1779865399.63805,2038,2052,6
1779865399.650225,2088,1980,6
1779865399.651121,1986,2126,6
1779865399.65143,1928,2262,6
1779865399.651666,2009,2200,6
1779865399.651762,2054,2057,6
1779865399.651875,2053,2008,6
1779865399.651973,2019,2023,6
1779865399.652044,2165,2044,6
1779865399.652111,2207,1959,6
1779865399.652204,1979,2112,6
1779865399.6523468,1876,2208,6
1779865399.65243,1925,2179,6
1779865399.652533,2071,1954,6
1779865399.652641,2064,1981,6
1779865399.653776,2335,1951,6
1779865399.6541598,2183,2112,6
1779865399.656776,2307,2007,6
1779865399.656862,2350,1806,6
1779865399.6576052,1902,2177,6
1779865399.657705,1723,2309,6
1779865399.65789,2047,2104,6
1779865399.6582289,1956,1962,6
1779865399.658304,1586,2119,6
1779865399.658376,1781,2079,6
1779865399.658589,1766,2105,6
1779865399.658744,2692,1737,6
1779865399.658883,2481,1987,6
1779865399.6589592,1678,2269,6
1779865399.659051,2083,2235,6
1779865399.659115,2847,1774,6
1779865399.659334,1926,2049,6
1779865399.65948,1564,2149,6
1779865399.659609,1990,2060,6
1779865399.6596758,2158,1786,6
1779865399.659738,1309,2256,6
1779865399.6598,2449,2077,6
1779865399.659868,2820,1969,6
1779865399.659935,1935,2066,6
1779865399.660005,1294,2120,6
1779865399.660068,1540,1986,6
1779865399.660137,1949,2041,6
1779865399.660206,2260,1941,6
1779865399.660269,2080,2022,6
1779865399.660337,1501,2258,6
1779865399.660405,1711,2222,6
1779865399.660469,2086,2153,6
1779865399.660533,2117,2038,6
1779865399.660599,2333,1898,6
1779865399.660707,2444,1979,6
1779865399.660789,2836,1928,6
1779865399.660863,3389,1909,6
1779865399.660935,1651,2402,6
1779865399.661005,741,2269,6
1779865399.661237,1621,1932,6
1779865399.661311,2159,2024,6
1779865399.661377,2019,2088,6
1779865399.662017,1827,2036,6
1779865399.671285,1832,2049,6
1779865399.6776462,1716,2044,6
1779865399.684214,1830,2040,6
1779865399.6894872,2157,2102,6
1779865399.6938088,2155,2188,6
1779865399.6948612,2524,2018,6
1779865399.695293,2487,2005,6
1779865399.695373,2677,1837,6
1779865399.695439,2091,2182,6
1779865399.695501,1979,2053,6
1779865399.695563,2016,2084,6
1779865399.695623,1686,2175,6
1779865399.695702,1854,2108,6
1779865399.695764,2219,1907,6
1779865399.69584,2060,2066,6
1779865399.6959019,1907,1913,6
1779865399.6959622,1712,2122,6
1779865399.696023,1987,2055,6
1779865399.6960828,1922,1972,6
1779865399.696146,2002,1790,6
1779865399.69621,2107,1889,6
1779865399.696272,2142,1865,6
1779865399.696331,2313,1827,6
1779865399.6963892,2123,1853,6
1779865399.696491,2044,1767,6
1779865399.696579,2324,1744,6
1779865399.696648,2149,1867,6
1779865399.696807,2145,1958,6
1779865399.6969972,1881,2024,6
1779865399.697068,1957,2249,6
1779865399.697133,2350,1955,6
1779865399.697197,2057,2139,6
1779865399.697261,1690,2050,6
1779865399.697331,1880,1967,6
1779865399.6974442,1799,1934,6
1779865399.697518,1856,1957,6
1779865399.6975832,2327,2019,6
1779865399.69765,2052,2300,6
1779865399.697729,1998,2079,6
1779865399.697883,1873,2039,6
1779865399.6979609,2045,1902,6
1779865399.698194,2062,1998,6
1779865399.6983209,2333,1840,6
1779865399.698425,2237,1983,6
1779865399.698494,2013,2079,6
1779865399.698604,1655,2175,6
1779865399.698672,1892,2081,6
1779865399.69886,2094,1940,6
1779865399.699146,2170,1909,6
1779865399.69922,2130,1991,6
1779865399.699414,2108,2020,6
1779865399.7002392,2320,1899,6
1779865399.7005079,2190,2157,6
1779865399.7108,1938,2207,6
1779865399.711715,1895,2379,6
1779865399.7158709,2286,2238,6
1779865399.719857,2568,2103,6
1779865399.720969,2182,2156,6
1779865399.729432,1779,2257,6
1779865399.730172,1776,2223,6
1779865399.730807,1931,2209,6
1779865399.7310562,2047,2120,6
1779865399.731595,1799,2249,6
1779865399.7319622,1903,2132,6
1779865399.73222,2060,2132,6
1779865399.732498,2045,2145,6
1779865399.737248,2016,2134,6
1779865399.737401,2046,2065,6
1779865399.737489,2109,1961,6
1779865399.737563,2253,2067,6
1779865399.737637,2011,2217,6
1779865399.737716,1952,2182,6
1779865399.738452,2053,2029,6
1779865399.7385669,2061,1889,6
1779865399.739379,2090,1820,6
1779865399.7396119,2156,2099,6
1779865399.739687,2038,2241,6
1779865399.73992,2053,2255,6
1779865399.7403362,2385,1982,6
1779865399.7427998,1914,2348,6
1779865399.742896,1897,2205,6
1779865399.7459462,1995,2077,6
1779865399.747448,2213,2052,6
1779865399.763902,2066,2086,6
1779865399.7683651,2600,1874,6
1779865399.7775412,2088,1995,6
1779865399.7894158,1497,2096,6
1779865399.789622,1665,2133,6
1779865399.789703,1973,1998,6
1779865399.789807,2098,1959,6
1779865399.789972,2350,2011,6
1779865399.790195,1767,2129,6
1779865399.790269,1724,2107,6
1779865399.7904909,2007,1918,6
1779865399.790721,2237,2011,6
1779865399.790837,2223,2220,6
1779865399.790901,2114,2088,6
1779865399.790995,2199,2072,6
1779865399.791096,2219,2096,6
1779865399.791161,2081,2117,6
1779865399.7912261,1860,2129,6
1779865399.791289,2056,2126,6
1779865399.791352,2485,2041,6
1779865399.7914188,2142,2423,6
1779865399.791477,2100,2223,6
1779865399.792897,2514,1929,6
1779865399.803481,1711,2142,6
1779865399.806734,1484,2178,6
1779865399.810997,1745,2089,6
1779865399.8151329,1994,1967,6
1779865399.8253171,1945,2065,6
1779865399.831834,1834,2242,6
1779865399.8319418,1749,2337,6
1779865399.832011,1947,2213,6
1779865399.832204,2131,2007,6
1779865399.832279,2244,1986,6
1779865399.832389,2251,1976,6
1779865399.832462,2197,1987,6
1779865399.8325288,2150,1989,6
1779865399.8325918,2175,2109,6
1779865399.8327281,2069,2128,6
1779865399.8327942,1901,2047,6
1779865399.8328571,2024,2045,6
1779865399.83292,2527,1797,6
1779865399.832986,2960,1679,6
1779865399.833091,1712,2547,6
1779865399.8360682,1419,2070,6
1779865399.837719,2275,1846,6
1779865399.8394618,2188,2018,6
1779865399.841076,1498,2277,6
1779865399.843486,1743,2100,6
1779865399.845941,2067,2047,6
1779865399.862598,2022,2025,6
1779865399.875942,1968,1997,6
1779865399.87652,2018,1944,6
1779865399.877441,2841,1687,6
1779865399.877719,2204,2325,6
1779865399.884148,1322,2427,6
1779865399.8847208,1509,2137,6
1779865399.884942,2539,1766,6
1779865399.885076,2532,1932,6
1779865399.885228,1341,2402,6
1779865399.885416,1901,2074,6
1779865399.8855171,2116,1936,6
1779865399.8855848,1945,2142,6
1779865399.885653,1787,2187,6
1779865399.885717,2464,1955,6
1779865399.8857799,2310,2129,6
1779865399.885877,1488,2123,6
1779865399.885992,1534,2133,6
1779865399.8862,2041,2094,6
1779865399.8863308,1897,2039,6
1779865399.8878,2110,1868,6
1779865399.898295,2172,2139,6
1779865399.899422,2271,2184,6
1779865399.899689,1578,2109,6
1779865399.901779,1841,2003,6
1779865399.905451,2496,1971,6
1779865399.9100218,2948,2058,6
1779865399.912967,2175,2230,6
1779865399.918566,2094,1971,6
1779865399.918999,3526,1980,6
1779865399.919392,3853,1982,6
1779865399.9199371,1566,2528,6
1779865399.920348,646,2207,6
1779865399.9207501,1398,1806,6
1779865399.921356,1761,1898,6
1779865399.9262002,1107,2217,6
1779865399.926697,1783,2071,6
1779865399.9267972,1048,2328,6
1779865399.926877,1979,2329,6
1779865399.926968,2136,2362,6
1779865399.927045,3239,1979,6
1779865399.929777,1806,2614,6
1779865399.931184,1730,2047,6
1779865399.9336479,2269,1986,6
1779865399.935062,2823,2093,6
1779865399.9457011,1847,2467,6
1779865399.951135,1382,2350,6
1779865399.958695,1457,2444,6
1779865399.959235,2791,2338,6
1779865399.9652019,3263,2306,6
1779865399.966368,2104,2586,6
1779865399.966655,1565,2349,6
1779865399.972117,2345,2427,6
1779865399.9724212,2355,2323,6
1779865399.972567,2884,2050,6
1779865399.972965,1283,2643,6
1779865399.973045,1386,2087,6
1779865399.973114,2193,1992,6
1779865399.973344,2371,2031,6
1779865399.973726,2765,2233,6
1779865399.974092,3114,2415,6
1779865399.974167,2221,2252,6
1779865399.974358,1375,2399,6
1779865399.974516,1930,2420,6
1779865399.975923,2265,2368,6
1779865399.9937642,2206,2123,6
1779865399.993877,3407,2082,6
1779865399.997687,2267,2473,6
1779865400.011761,1905,2114,6
1779865400.0137658,3494,1632,6
1779865400.014698,1961,2341,6
1779865400.01481,2301,2311,6
1779865400.014882,1340,2616,6
1779865400.0149498,1470,2087,6
1779865400.015014,2140,2018,6
1779865400.015077,2088,2287,6
1779865400.015146,2147,2196,6
1779865400.0152068,1977,2270,6
1779865400.0152671,1902,2291,6
1779865400.015328,2136,2485,6
1779865400.015768,2394,2366,6
1779865400.015851,3484,1885,6
1779865400.0159209,2665,2067,6
1779865400.015986,1676,2174,6
1779865400.016052,1949,2259,6
1779865400.017462,2694,2103,6
1779865400.0188942,2164,1761,6
1779865400.022034,1573,2100,6
1779865400.023701,1975,2204,6
1779865400.025358,2878,2048,6
1779865400.035373,2291,2356,6
1779865400.040054,1865,2071,6
1779865400.040234,2756,2105,6
1779865400.043602,2502,2063,6
1779865400.0442529,2509,1933,6
1779865400.0649369,1671,1772,6
1779865400.065056,2032,1982,6
1779865400.06513,2724,2224,6
1779865400.065196,2082,1967,6
1779865400.065265,1643,1864,6
1779865400.065336,1815,2221,6
1779865400.065399,1911,2106,6
1779865400.065461,2259,1993,6
1779865400.065523,2434,1995,6
1779865400.06562,2160,2562,6
1779865400.065687,2343,2273,6
1779865400.065749,1926,2229,6
1779865400.065811,2218,1954,6
1779865400.065876,2039,2235,6
1779865400.065939,1643,2360,6
1779865400.06742,1697,1889,6
1779865400.068815,2047,2147,6
1779865400.07932,1832,2202,6
1779865400.0816472,1945,2463,6
1779865400.083075,1893,2141,6
1779865400.093109,2437,2062,6
1779865400.09669,2111,2072,6
1779865400.097158,1579,2190,6
1779865400.103677,2053,2065,6
1779865400.104234,2374,1987,6
1779865400.104432,2470,2048,6
1779865400.105889,2020,2450,6
1779865400.110446,1468,2332,6
1779865400.111989,1881,2144,6
1779865400.1125271,1601,2201,6
1779865400.112688,1808,2116,6
1779865400.112777,2150,2111,6
1779865400.1128588,2404,1929,6
1779865400.1129339,2069,2150,6
1779865400.113007,1343,2427,6
1779865400.113083,1718,2324,6
1779865400.1133592,2059,2091,6
1779865400.1134589,2034,1989,6
1779865400.1135292,2457,1924,6
1779865400.114978,2446,1977,6
1779865400.1176882,2314,2227,6
1779865400.119167,1486,2193,6
1779865400.1313121,2149,2188,6
1779865400.133413,1613,2237,6
1779865400.1344252,1678,2076,6
1779865400.134754,1993,1964,6
1779865400.135063,2127,1956,6
1779865400.139849,2060,2018,6
1779865400.140687,2757,2007,6
1779865400.1411672,1560,2251,6
1779865400.144489,1353,1986,6
1779865400.145662,1803,2149,6
1779865400.146015,2001,2235,6
1779865400.146372,2098,2159,6
1779865400.149198,2447,2065,6
1779865400.156248,2166,2114,6
1779865400.157057,1895,1937,6
1779865400.160675,1116,2030,6
1779865400.161856,1876,2147,6
1779865400.1624908,2119,2070,6
1779865400.162643,2636,2045,6
1779865400.162721,1792,2200,6
1779865400.162787,1522,2068,6
1779865400.1628559,1720,2072,6
1779865400.165576,1709,2153,6
1779865400.203613,1853,2147,6
1779865400.206225,2261,2135,6
1779865400.206717,2342,1990,6
1779865400.206912,1999,2030,6
1779865400.206998,3986,1491,6
1779865400.207134,1551,2674,6
1779865400.2072058,207,2090,6
1779865400.207391,1216,1990,6
1779865400.207621,1685,2115,6
1779865400.207707,1761,2066,6
1779865400.2077792,1635,2179,6
1779865400.20785,1548,2340,6
1779865400.20792,1440,2383,6
1779865400.207988,1759,2071,6
1779865400.2080572,2756,1956,6
1779865400.2081249,2595,1968,6
1779865400.208194,2129,2051,6
1779865400.208672,2014,2027,6
1779865400.208815,1789,1902,6
1779865400.208992,1769,2143,6
1779865400.2090628,2231,1994,6
1779865400.209128,1758,2178,6
1779865400.211704,1531,2008,6
1779865400.213195,2193,1908,6
1779865400.2282822,2036,2065,6
1779865400.228451,2855,1900,6
1779865400.228535,2196,2151,6
1779865400.2286131,1894,2145,6
1779865400.22893,1192,2155,6
1779865400.229436,1445,2183,6
1779865400.2297332,1827,2082,6
1779865400.229833,1983,2110,6
1779865400.231369,2107,2078,6
1779865400.233043,1967,2215,6
1779865400.2582788,2178,2014,6
1779865400.265729,3088,1881,6
1779865400.2658901,1760,2323,6
1779865400.26597,1736,2066,6
1779865400.2660391,2128,2007,6
1779865400.2661078,1990,2062,6
1779865400.266232,1825,2196,6
1779865400.266304,1739,2061,6
1779865400.266398,2316,2047,6
1779865400.266463,2752,1929,6
1779865400.2665658,1330,2430,6
1779865400.266662,1669,2218,6
1779865400.266753,2197,2089,6
1779865400.266826,2354,2089,6
1779865400.2669828,2574,1994,6
1779865400.2671769,3201,1982,6
1779865400.2672472,1861,2111,6
1779865400.277143,657,2148,6
1779865400.2783082,1395,1960,6
1779865400.28084,2046,2069,6
1779865400.292088,2296,2148,6
1779865400.292462,2162,2111,6
1779865400.299211,2046,1897,6
1779865400.29967,1949,2240,6
1779865400.300182,1370,2265,6
1779865400.3058639,2291,1919,6
1779865400.30685,2501,2083,6
1779865400.306937,2214,2220,6
1779865400.3072262,2185,2144,6
1779865400.307481,1959,2246,6
1779865400.307575,1645,2004,6
1779865400.3076942,1656,2015,6
1779865400.307777,1785,2132,6
1779865400.3078852,1932,2103,6
1779865400.3081222,2257,2043,6
1779865400.3082051,2462,2125,6
1779865400.308275,2547,2248,6
1779865400.30964,1981,2160,6
1779865400.311125,1849,1695,6
1779865400.313973,2138,1571,6
1779865400.3157408,1890,1677,6
1779865400.327704,1550,1679,6
1779865400.3454778,1832,1720,6
1779865400.3461199,1838,1896,6
1779865400.3465788,2044,2125,6
1779865400.34697,2187,2276,6
1779865400.347557,2011,2242,6
1779865400.3529222,2173,2378,6
1779865400.353051,2728,2275,6
1779865400.353127,2063,2337,6
1779865400.3531919,1866,2358,6
1779865400.3532538,1717,2337,6
1779865400.353315,1757,2219,6
1779865400.353376,2629,2134,6
1779865400.3535092,2037,2329,6
1779865400.353684,2289,1852,6
1779865400.353756,1718,2304,6
1779865400.354008,1451,2349,6
1779865400.3541398,1796,2184,6
1779865400.354214,2275,2247,6
1779865400.355702,2020,2104,6
1779865400.369372,1652,2403,6
1779865400.3882592,1653,2254,6
1779865400.392688,1782,2161,6
1779865400.393926,2124,2030,6
1779865400.394548,2378,2050,6
1779865400.394714,2243,2199,6
1779865400.3947861,2013,2180,6
1779865400.3948522,2077,2206,6
1779865400.3949618,2419,2188,6
1779865400.395209,1752,2381,6
1779865400.3953202,1587,2237,6
1779865400.395433,1912,2195,6
1779865400.3955278,2077,2279,6
1779865400.395597,2141,2294,6
1779865400.395808,2770,2063,6
1779865400.395888,2353,2273,6
1779865400.395966,1732,2230,6
1779865400.396112,1705,2288,6
1779865400.3963578,1847,2233,6
1779865400.396578,1964,2383,6
1779865400.396681,2558,2127,6
1779865400.3993979,2052,2309,6
1779865400.400884,1765,2318,6
1779865400.403601,1727,2263,6
1779865400.415212,2099,2345,6
1779865400.416655,2505,2307,6
1779865400.417537,2228,2305,6
1779865400.4178932,2201,1890,6
1779865400.425494,1811,2174,6
1779865400.4357681,1673,2115,6
1779865400.436466,1688,2071,6
1779865400.436683,1771,2058,6
1779865400.4374988,2041,2170,6
1779865400.438281,2146,2314,6
1779865400.442782,1889,2239,6
1779865400.4430132,1854,2022,6
1779865400.4443378,2065,2046,6
1779865400.444787,2245,1988,6
1779865400.444864,2035,2076,6
1779865400.44493,1988,1937,6
1779865400.444994,2022,2000,6
1779865400.445058,3010,1832,6
1779865400.44512,3515,2035,6
1779865400.445181,1447,2347,6
1779865400.445239,884,2040,6
1779865400.4467049,2129,1822,6
1779865400.4578402,2419,2056,6
1779865400.459929,2011,1992,6
1779865400.464231,1272,2113,6
1779865400.467675,1257,2216,6
1779865400.471786,1606,2293,6
1779865400.4792252,1951,2129,6
1779865400.4799428,2182,1983,6
1779865400.4804459,2702,1822,6
1779865400.485348,2398,2100,6
1779865400.486132,2227,2109,6
1779865400.486308,1844,2060,6
1779865400.486412,2010,1996,6
1779865400.486492,1937,2111,6
1779865400.486629,2164,2085,6
1779865400.486741,2293,2092,6
1779865400.48682,2510,1944,6
1779865400.486885,1585,2359,6
1779865400.486948,1865,2072,6
1779865400.487011,2074,1997,6
1779865400.4870741,2815,1876,6
1779865400.490121,2097,2308,6
1779865400.491522,909,2302,6
1779865400.4930089,1525,2062,6
1779865400.495657,2156,2010,6
1779865400.5075252,2093,1916,6
1779865400.516743,2116,2036,6
1779865400.520394,1807,2091,6
1779865400.521039,1987,2061,6
1779865400.52864,2187,2153,6
1779865400.5290911,1892,2232,6
1779865400.529711,2130,2063,6
1779865400.5304341,2070,2095,6
1779865400.530949,2312,2016,6
1779865400.531164,2511,2057,6
1779865400.531681,2545,1957,6
1779865400.536082,1331,2206,6
1779865400.5380428,1769,2026,6
1779865400.538773,1842,2179,6
1779865400.5388658,1875,2253,6
1779865400.542824,1926,2146,6
1779865400.543489,1916,2047,6
1779865400.543726,2287,2075,6
1779865400.5438552,1926,2232,6
1779865400.543932,1754,2086,6
1779865400.5440052,2033,2033,6
1779865400.5440772,2158,2130,6
1779865400.544176,2137,2166,6
1779865400.544267,2018,2066,6
1779865400.5810711,2264,2022,6
1779865400.586588,1868,2080,6
1779865400.587214,2025,2130,6
1779865400.587428,2102,2031,6
1779865400.587557,1870,2036,6
1779865400.5876422,2062,2168,6
1779865400.587722,2092,2281,6
1779865400.5877938,2088,2053,6
1779865400.5880241,2154,2010,6
1779865400.5882409,1933,2074,6
1779865400.588363,1774,2130,6
1779865400.588556,2333,2076,6
1779865400.588639,1798,2034,6
1779865400.588761,1891,2095,6
1779865400.5890079,2209,1970,6
1779865400.589089,2001,2147,6
1779865400.589189,1818,2142,6
1779865400.589262,1886,2117,6
1779865400.589334,1925,2082,6
1779865400.589566,2324,2103,6
1779865400.5896819,2097,2178,6
1779865400.590699,1916,2220,6
1779865400.590803,1970,2314,6
1779865400.5908768,1857,2250,6
1779865400.594081,1955,2155,6
1779865400.595503,1976,2067,6
1779865400.597085,2023,2002,6
1779865400.599964,1889,2211,6
1779865400.601419,2036,2086,6
1779865400.602727,2435,1962,6
1779865400.620013,2089,2200,6
1779865400.654197,1824,2314,6
1779865400.6557639,1929,2092,6
1779865400.655863,1763,2111,6
1779865400.655979,1724,2053,6
1779865400.6563241,1765,2105,6
1779865400.6569228,1810,2062,6
1779865400.657027,1895,2014,6
1779865400.6571121,1879,2101,6
1779865400.6571789,1991,2242,6
1779865400.659473,2131,2268,6
1779865400.663554,2073,2123,6
1779865400.6636858,2049,2072,6
1779865400.6637719,1945,2117,6
1779865400.663838,1874,2135,6
1779865400.663908,1934,2056,6
1779865400.663989,1945,2156,6
1779865400.665257,1958,2275,6
1779865400.6653519,2038,2256,6
1779865400.7011662,2043,2162,6
1779865400.710464,1990,2105,6
1779865400.710668,1954,2077,6
1779865400.710745,1913,2118,6
1779865400.7109141,1917,2059,6
1779865400.714208,1918,2070,6
1779865400.714324,1886,2166,6
1779865400.715018,1900,2302,6
1779865400.715199,2050,2222,6
1779865400.715287,2058,2074,6
1779865400.715355,2091,2075,6
1779865400.7154272,2057,2102,6
1779865400.715782,2022,2084,6
1779865400.717034,2042,1944,6
1779865400.717134,2052,1974,6
1779865400.7171998,1969,1989,6
1779865400.7177129,2008,1828,6
1779865400.717778,1993,1841,6
1779865400.717838,2015,1846,6
1779865400.717956,2030,1880,6
1779865400.7189279,2022,1974,6
1779865400.71909,2035,1961,6
1779865400.719191,2014,2006,6
1779865400.719261,1942,2163,6
1779865400.719326,1981,2217,6
1779865400.719389,2027,2124,6
1779865400.719449,2072,2069,6
1779865400.719509,2021,2070,6
1779865400.7195678,2002,2118,6
1779865400.719636,2029,2055,6
1779865400.719699,2048,2143,6
1779865400.71998,2025,2236,6
1779865400.720059,2001,2263,6
1779865400.720125,2079,2156,6
1779865400.720188,2087,2122,6
1779865400.7202501,2088,2074,6
1779865400.7207701,2030,2149,6
1779865400.7209852,2105,2061,6
1779865400.721073,2063,2048,6
1779865400.721141,2096,2176,6
1779865400.7430038,2091,2250,6
1779865400.754069,2062,2152,6
1779865400.7591949,2121,2128,6
1779865400.759308,2182,2071,6
1779865400.759375,2148,2126,6
1779865400.75944,2145,2190,6
1779865400.7595048,2132,2081,6
1779865400.759567,2111,2135,6
1779865400.7596319,2104,2254,6
1779865400.7596958,2129,2353,6
1779865400.75976,2180,2134,6
1779865400.7598238,2191,2094,6
1779865400.7599769,2220,2098,6
1779865400.7602692,2235,2154,6
1779865400.760352,2224,1995,6
1779865400.760475,2179,1975,6
1779865400.760729,2193,2166,6
1779865400.760797,2183,2285,6
1779865400.760863,2236,2134,6
1779865400.760929,2283,2075,6
1779865400.764143,2258,2051,6
1779865400.787433,2113,2110,6
1779865400.804383,2181,2085,6
1779865400.805116,2207,2006,6
1779865400.80528,2169,2034,6
1779865400.8053582,2144,2169,6
1779865400.805425,2198,2062,6
1779865400.805491,2181,1962,6
1779865400.805554,2185,1915,6
1779865400.8056161,2200,1883,6
1779865400.805831,2206,1950,6
1779865400.805907,2254,1868,6
1779865400.8062541,2198,1951,6
1779865400.811511,2082,1965,6
1779865400.811679,2072,2006,6
1779865400.811872,2272,1920,6
1779865400.812098,2249,1872,6
1779865400.812198,2091,1905,6
1779865400.812276,2047,1943,6
1779865400.8125591,2159,2086,6
1779865400.813832,2199,2185,6
1779865400.8139231,2053,2237,6
1779865400.814045,2114,2282,6
1779865400.814178,2173,2187,6
1779865400.817363,2232,2151,6
1779865400.8177779,2272,2129,6
1779865400.8178828,2084,2239,6
1779865400.8179882,2169,2132,6
1779865400.819427,2197,2004,6
1779865400.8365371,2009,2121,6
1779865400.84115,1941,2164,6
1779865400.8412411,2160,2186,6
1779865400.841439,2170,2165,6
1779865400.854442,2232,2124,6
1779865400.859819,2135,1993,6
1779865400.859932,2066,1980,6
1779865400.8600361,2198,1974,6
1779865400.8671732,2219,2152,6
1779865400.867491,2155,2277,6
1779865400.867918,2105,2223,6
1779865400.867987,2126,2017,6
1779865400.868053,2008,1931,6
1779865400.868844,2004,1897,6
1779865400.8690162,2053,1999,6
1779865400.869102,2226,1971,6
1779865400.884897,2078,2070,6
1779865400.888916,2144,2241,6
1779865400.904258,2054,2251,6
1779865400.910836,1997,2121,6
1779865400.9110641,2126,2104,6
1779865400.911506,2168,2087,6
1779865400.911584,2166,2082,6
1779865400.9118452,2154,2028,6
1779865400.911988,2088,1956,6
1779865400.912169,2085,2057,6
1779865400.912333,2104,2141,6
1779865400.912865,2054,2025,6
1779865400.912951,2110,1958,6
1779865400.913017,2067,2010,6
1779865400.913078,2023,2106,6
1779865400.913258,2109,2187,6
1779865400.913385,2196,2052,6
1779865400.9134521,2105,2018,6
1779865400.9136481,2027,2051,6
1779865400.9137542,1888,2266,6
1779865400.913825,2168,2374,6
1779865400.914591,2295,2301,6
1779865400.9147022,2147,2079,6
1779865400.9148219,1971,2156,6
1779865400.9149702,1957,2034,6
1779865400.9150531,2120,2077,6
1779865400.915195,2012,2138,6
1779865400.915259,2063,2116,6
1779865400.915345,2094,2039,6
1779865400.915443,2078,1945,6
1779865400.917701,2138,1965,6
1779865400.917993,1994,2060,6
1779865400.918089,2125,2068,6
1779865400.9196951,2112,2094,6
1779865400.921068,2056,2259,6
1779865400.9378629,1958,2242,6
1779865400.9448252,2090,2135,6
1779865400.961632,2300,2114,6
1779865400.9636412,2072,2005,6
1779865400.963855,1872,2001,6
1779865400.963934,1949,1937,6
1779865400.964003,2118,1977,6
1779865400.964067,2117,2465,6
1779865400.9641411,2181,2571,6
1779865400.964205,2112,2173,6
1779865400.964266,2092,2018,6
1779865400.964328,2073,2057,6
1779865400.964391,2021,2081,6
1779865400.9646342,2137,2221,6
1779865400.9649642,2204,2067,6
1779865400.9650528,2206,2009,6
1779865400.965119,2096,2139,6
1779865400.965182,2073,2238,6
1779865400.9652429,2091,2107,6
1779865400.965306,2048,2047,6
1779865400.965369,2166,2089,6
1779865400.96543,2129,2136,6
1779865400.96872,2153,2118,6
1779865400.969905,2164,2035,6
1779865400.9861078,2049,2106,6
1779865401.002484,2050,2215,6
1779865401.0091,2098,2119,6
1779865401.009453,2150,2010,6
1779865401.0095649,2126,1999,6
1779865401.009651,2120,2011,6
1779865401.00972,2113,1978,6
1779865401.009907,2192,1903,6
1779865401.009994,2126,1955,6
1779865401.010224,2008,2043,6
1779865401.010303,1987,2042,6
1779865401.01042,2084,1984,6
1779865401.0106082,2186,1963,6
1779865401.010699,2155,2034,6
1779865401.0107698,2003,2085,6
1779865401.010834,2193,1998,6
1779865401.010908,2109,1937,6
1779865401.0109708,2046,2020,6
1779865401.011036,2028,2097,6
1779865401.0110981,2107,2030,6
1779865401.011161,2098,1944,6
1779865401.0127318,2108,1976,6
1779865401.016116,2111,2026,6
1779865401.017617,2163,2037,6
1779865401.0194528,2140,2024,6
1779865401.020829,2041,2117,6
1779865401.034215,2023,2187,6
1779865401.0441642,2098,2069,6
1779865401.047296,2108,1991,6
1779865401.0473962,2201,1952,6
1779865401.053316,2143,2004,6
1779865401.060092,2113,2064,6
1779865401.0616362,2122,1962,6
1779865401.061729,2104,2050,6
1779865401.0617971,2031,2160,6
1779865401.061862,2052,2180,6
1779865401.0619252,2120,2022,6
1779865401.061988,2138,1997,6
1779865401.062057,2097,2011,6
1779865401.062123,2049,2075,6
1779865401.0621881,2098,2032,6
1779865401.0622568,2115,2064,6
1779865401.062382,2089,2142,6
1779865401.0624619,2101,2264,6
1779865401.062644,2101,2123,6
1779865401.062809,2092,2071,6
1779865401.063021,2087,2079,6
1779865401.066033,2071,2116,6
1779865401.076639,2108,2061,6
1779865401.080308,2100,1999,6
1779865401.08072,2046,2073,6
1779865401.081292,1989,2182,6
1779865401.100383,2045,2097,6
1779865401.100784,2048,2030,6
1779865401.1008892,2038,2002,6
1779865401.100954,2082,2040,6
1779865401.101079,2077,2047,6
1779865401.101166,2129,1990,6
1779865401.101234,2040,2089,6
1779865401.101303,1930,2205,6
1779865401.101368,1979,2240,6
1779865401.101439,2092,2106,6
1779865401.1015098,2112,2036,6
1779865401.101579,2019,2083,6
1779865401.101643,1979,2158,6
1779865401.101702,2073,2004,6
1779865401.1055748,2057,2034,6
1779865401.10578,1988,2165,6
1779865401.10726,1992,2240,6
1779865401.110414,2052,2098,6
1779865401.111965,2058,2082,6
1779865401.154259,2118,2065,6
1779865401.1545331,2019,2140,6
1779865401.1546319,2016,2114,6
1779865401.1555269,2059,2056,6
1779865401.155992,1981,2089,6
1779865401.1560771,1952,2186,6
1779865401.156157,2022,2076,6
1779865401.156291,1976,1916,6
1779865401.1564312,2021,1973,6
1779865401.156571,2076,2024,6
1779865401.1566458,2026,2005,6
1779865401.1567092,2090,1957,6
1779865401.1567721,2033,2019,6
1779865401.156833,1991,2145,6
1779865401.156897,2008,2207,6
1779865401.156957,2065,2078,6
1779865401.1570182,2075,2016,6
1779865401.157078,2073,2026,6
1779865401.157136,2056,2086,6
1779865401.157195,2129,2005,6
1779865401.157254,2006,1999,6
1779865401.157313,2022,2136,6
1779865401.157374,2073,2249,6
1779865401.162865,2076,2090,6
1779865401.1632068,2077,2024,6
1779865401.1633558,2040,2001,6
1779865401.195557,2010,2087,6
1779865401.200149,2088,2077,6
1779865401.200822,2047,2065,6
1779865401.201083,2015,2085,6
1779865401.201171,2018,2220,6
1779865401.2012951,2102,2132,6
1779865401.201389,2120,2075,6
1779865401.2014568,2076,2037,6
1779865401.2015219,2092,2059,6
1779865401.201584,2060,2008,6
1779865401.2016482,2093,1987,6
1779865401.20171,2045,2037,6
1779865401.2018209,1953,2156,6
1779865401.20189,2024,2201,6
1779865401.201953,2114,2025,6
1779865401.202018,2053,1954,6
1779865401.20209,2029,1994,6
1779865401.202243,2050,2042,6
1779865401.2023418,2080,1988,6
1779865401.2072918,2069,2024,6
1779865401.208313,2036,2169,6
1779865401.209171,1962,2227,6
1779865401.209314,2078,2061,6
1779865401.21064,2113,2072,6
1779865401.2285628,2069,1948,6
1779865401.231364,1952,1997,6
1779865401.231738,2068,2049,6
1779865401.2545679,2095,1974,6
1779865401.2554219,1988,2037,6
1779865401.255606,1937,2216,6
1779865401.255711,2011,2118,6
1779865401.25578,2029,2048,6
1779865401.256007,2039,2000,6
1779865401.256122,2083,2073,6
1779865401.256332,2122,2051,6
1779865401.2566679,2081,1964,6
1779865401.2567391,2025,2033,6
1779865401.256855,1982,2096,6
1779865401.256929,1965,2073,6
1779865401.256993,2112,1903,6
1779865401.257055,2139,1903,6
1779865401.257119,2055,1918,6
1779865401.257182,1914,2015,6
1779865401.257243,2034,1937,6
1779865401.2573051,2086,1986,6
1779865401.257369,2054,2129,6
1779865401.257459,1985,2234,6
1779865401.259517,2039,2103,6
1779865401.276296,2061,2029,6
1779865401.282669,2066,2040,6
1779865401.2859251,2074,2159,6
1779865401.287273,2052,2050,6
1779865401.299773,2121,1972,6
1779865401.311043,2061,2110,6
1779865401.3112519,1953,2227,6
1779865401.311392,1991,2110,6
1779865401.3118021,2083,1987,6
1779865401.311956,2147,1920,6
1779865401.312083,2097,1994,6
1779865401.312182,2040,2014,6
1779865401.3153348,2020,1959,6
1779865401.315967,2054,2026,6
1779865401.316673,2051,2151,6
1779865401.3172522,2036,2162,6
1779865401.3173351,2020,2022,6
1779865401.3174012,2011,2027,6
1779865401.3176599,2068,2103,6
1779865401.31836,1984,2125,6
1779865401.318718,2106,2010,6
1779865401.319107,2061,2058,6
1779865401.319842,2043,2183,6
1779865401.320095,2007,2260,6
1779865401.3334851,2106,2103,6
1779865401.348544,2106,2040,6
1779865401.3619561,2066,2022,6
1779865401.3902888,2038,2082,6
1779865401.401372,2053,2039,6
1779865401.401512,2108,1999,6
1779865401.401588,1983,2096,6
1779865401.401655,1950,2171,6
1779865401.401719,2046,2096,6
1779865401.4022222,2047,1994,6
1779865401.402295,2128,1992,6
1779865401.4024901,2100,2055,6
1779865401.402575,2068,2047,6
1779865401.402642,2117,1966,6
1779865401.402758,2028,2066,6
1779865401.4028401,1989,2162,6
1779865401.402909,2068,2171,6
1779865401.402978,2108,2017,6
1779865401.4030411,2075,1974,6
1779865401.403101,2028,1997,6
1779865401.403542,2067,2074,6
1779865401.403677,2084,1977,6
1779865401.403755,2021,2003,6
1779865401.4040499,1977,2144,6
1779865401.404279,1985,2221,6
1779865401.404661,2036,2111,6
1779865401.405004,2038,2035,6
1779865401.406111,2094,2033,6
1779865401.4113111,2051,2074,6
1779865401.436617,2071,1993,6
1779865401.451879,2108,1973,6
1779865401.452896,2051,2057,6
1779865401.4531798,2013,2180,6
1779865401.4533901,2012,2015,6
1779865401.453486,2026,1961,6
1779865401.453558,2099,1928,6
1779865401.4536572,2071,1999,6
1779865401.453727,2088,2019,6
1779865401.4548569,2085,1950,6
1779865401.456091,1973,2003,6
1779865401.4584808,1978,2130,6
1779865401.458596,2012,2129,6
1779865401.458682,2030,1980,6
1779865401.459237,2142,2007,6
1779865401.467635,2117,2019,6
1779865401.469764,2043,2048,6
1779865401.4834728,2056,1990,6
1779865401.4946098,2009,2065,6
1779865401.494731,2078,2153,6
1779865401.494806,2013,2213,6
1779865401.494872,2045,2039,6
1779865401.4949372,2052,1945,6
1779865401.495002,2050,1987,6
1779865401.495132,2023,2068,6
1779865401.49522,2031,2003,6
1779865401.495284,2048,1982,6
1779865401.4953449,2008,2136,6
1779865401.495626,2011,2271,6
1779865401.495774,2104,2144,6
1779865401.495958,2086,2036,6
1779865401.496041,2013,1966,6
1779865401.4961169,2035,2053,6
1779865401.496178,2077,2038,6
1779865401.496237,2115,1991,6
1779865401.496296,1985,2031,6
1779865401.496597,1951,2191,6
1779865401.496659,1994,2172,6
1779865401.496767,2102,2103,6
1779865401.497022,2118,2049,6
1779865401.4973571,2027,2073,6
1779865401.497421,1980,2111,6
1779865401.497479,2077,2023,6
1779865401.498307,2083,2035,6
1779865401.498603,2018,2166,6
1779865401.498753,1947,2255,6
1779865401.4988182,2020,2117,6
1779865401.498878,2061,2013,6
1779865401.498977,2097,2036,6
1779865401.4994528,2054,2107,6
1779865401.4995258,2048,2071,6
1779865401.4996228,2026,2013,6
1779865401.4997,1999,2160,6
1779865401.499766,2022,2226,6
1779865401.4998279,2054,2131,6
1779865401.499891,2080,2057,6
1779865401.499978,2100,2028,6
1779865401.500073,2055,2107,6
1779865401.500143,2010,2084,6
1779865401.5002072,2038,1929,6
1779865401.5002701,2122,2058,6
1779865401.50041,2046,2218,6
1779865401.500473,1919,2147,6
1779865401.500532,2076,2066,6
1779865401.500926,2065,1997,6
1779865401.501055,2082,2086,6
1779865401.50112,2039,2134,6
1779865401.501179,2050,2052,6
1779865401.502589,1993,2106,6
1779865401.528049,2018,2225,6
1779865401.53602,2000,2273,6
1779865401.5364869,2051,2095,6
1779865401.536576,2071,2065,6
1779865401.5366552,2086,2034,6
1779865401.53674,2058,2080,6
1779865401.5368059,2047,2026,6
1779865401.5369349,2064,1958,6
1779865401.5370119,2021,2075,6
1779865401.537081,1969,2208,6
1779865401.537144,2010,2140,6
1779865401.537208,2016,2002,6
1779865401.537272,2170,2026,6
1779865401.5373418,2078,2078,6
1779865401.537411,2043,2030,6
1779865401.537476,2079,1985,6
1779865401.5375412,2047,2107,6
1779865401.539364,1987,2226,6
1779865401.5534332,2025,2143,6
1779865401.564849,2083,2067,6
1779865401.568941,2045,2039,6
1779865401.569055,1953,2060,6
1779865401.569129,1939,2088,6
1779865401.5693219,2089,1997,6
1779865401.5693948,2155,2076,6
1779865401.5695848,2045,2204,6
1779865401.569677,1966,2243,6
1779865401.5697448,2026,2065,6
1779865401.569806,2080,2044,6
1779865401.5698712,2024,2027,6
1779865401.569984,1999,2136,6
1779865401.570078,2038,2060,6
1779865401.570179,1979,1973,6
1779865401.571552,1953,2125,6
1779865401.573073,1955,2241,6
1779865401.5745332,2001,2139,6
1779865401.577046,2018,1986,6
1779865401.578748,2075,1994,6
1779865401.5867698,2038,2070,6
1779865401.6009338,2057,2083,6
1779865401.612187,2052,2008,6
1779865401.619963,1999,2098,6
1779865401.620234,1952,2226,6
1779865401.6204522,2023,2191,6
1779865401.6206238,2141,2098,6
1779865401.620716,2207,2068,6
1779865401.62098,2132,2114,6
1779865401.621088,1982,2174,6
1779865401.621956,2016,2049,6
1779865401.680127,1982,2083,6
1779865401.685009,1944,2147,6
1779865401.685193,2033,2154,6
1779865401.6852758,2418,1903,6
1779865401.6853461,2073,2098,6
1779865401.685419,1951,2052,6
1779865401.685483,1922,2108,6
1779865401.685547,2271,2020,6
1779865401.6856132,2227,1919,6
1779865401.685677,1900,2163,6
1779865401.68574,1957,2312,6
1779865401.6858099,2345,1876,6
1779865401.685875,2790,1922,6
1779865401.6859388,2226,2138,6
1779865401.6860008,1415,2213,6
1779865401.686063,1542,2005,6
1779865401.686133,2488,1807,6
1779865401.686208,2806,2025,6
1779865401.686354,1829,2353,6
1779865401.6864462,2086,2219,6
1779865401.686514,1861,2215,6
1779865401.6865768,1300,2076,6
1779865401.686709,2722,1792,6
1779865401.686783,3244,1962,6
1779865401.686851,1420,2309,6
1779865401.6869152,956,2146,6
1779865401.6869829,1229,2185,6
1779865401.687051,2095,2153,6
1779865401.687121,2475,1869,6
1779865401.6871839,1811,2134,6
1779865401.687246,1679,2100,6
1779865401.687379,2169,2036,6
1779865401.687454,2424,2045,6
1779865401.687516,2911,1817,6
1779865401.687718,2042,2221,6
1779865401.687791,1680,2347,6
1779865401.6878989,2364,1947,6
1779865401.687962,1224,2282,6
1779865401.688021,1155,2039,6
1779865401.688458,1670,2059,6
1779865401.688855,1985,2071,6
1779865401.688937,2686,1839,6
1779865401.689004,2179,2063,6
1779865401.689111,1688,2168,6
1779865401.6920168,3142,1961,6
1779865401.70333,2838,1893,6
1779865401.730169,2535,2170,6
1779865401.730473,2815,1994,6
1779865401.7307231,2312,1842,6
1779865401.73089,2394,1944,6
1779865401.7309709,1726,2231,6
1779865401.731242,1743,2124,6
1779865401.731501,1885,2204,6
1779865401.731565,1496,2347,6
1779865401.7316248,1684,1821,6
1779865401.731738,1052,2231,6
1779865401.731818,1142,2137,6
1779865401.731889,1866,2020,6
1779865401.731953,1881,2139,6
1779865401.7320142,1561,2218,6
1779865401.732075,2317,2108,6
1779865401.7321348,2061,2234,6
1779865401.7321951,2498,2011,6
1779865401.732258,1834,2206,6
1779865401.73236,1730,2060,6
1779865401.7324219,2053,2022,6
1779865401.7668009,2145,2097,6
1779865401.775501,2510,1997,6
1779865401.775632,2239,2410,6
1779865401.7756999,1855,2364,6
1779865401.7757618,1859,2130,6
1779865401.7758222,2036,2031,6
1779865401.776098,2575,2073,6
1779865401.776221,2529,2227,6
1779865401.776294,2140,2191,6
1779865401.776791,2169,1925,6
1779865401.7769349,1427,2273,6
1779865401.777051,1443,2356,6
1779865401.7772899,2222,2140,6
1779865401.777762,2545,1869,6
1779865401.77788,1641,2025,6
1779865401.777971,2296,2019,6
1779865401.778045,2185,2089,6
1779865401.778114,2674,1944,6
1779865401.778193,1764,2233,6
1779865401.7811258,1507,2323,6
1779865401.782037,1955,2106,6
1779865401.7821062,2217,2056,6
1779865401.782194,2148,2085,6
1779865401.7822552,2081,2044,6
1779865401.783736,2074,2114,6
1779865401.7851698,2062,2012,6
1779865401.78656,3011,1899,6
1779865401.818927,1615,2311,6
1779865401.8241742,1458,2188,6
1779865401.824558,2043,2016,6
1779865401.824747,2121,1980,6
1779865401.824855,2052,2054,6
1779865401.825153,2123,2098,6
1779865401.825326,1998,1900,6
1779865401.8254569,1873,2066,6
1779865401.825655,1951,2209,6
1779865401.825739,2147,2248,6
1779865401.8258188,3010,1874,6
1779865401.826059,2271,2297,6
1779865401.826207,1694,2228,6
1779865401.826331,2035,2112,6
1779865401.8265269,2060,2200,6
1779865401.826614,2015,2202,6
1779865401.826724,1573,2286,6
1779865401.826793,1641,2337,6
1779865401.826873,1971,2036,6
1779865401.826987,2337,1958,6
1779865401.829186,1899,2202,6
1779865401.861022,2110,2246,6
1779865401.862916,2539,2128,6
1779865401.8631291,1627,2260,6
1779865401.863251,1765,2128,6
1779865401.863379,2753,2029,6
1779865401.863441,2315,2431,6
1779865401.8635032,1313,2212,6
1779865401.8636951,1548,1912,6
1779865401.8638651,1962,1968,6
1779865401.863938,2091,2065,6
1779865401.8640141,1939,2004,6
1779865401.8640819,1730,2058,6
1779865401.8641448,1848,2122,6
1779865401.864208,1993,2190,6
1779865401.864369,2266,1991,6
1779865401.8644748,2295,2028,6
1779865401.864578,2211,1950,6
1779865401.864647,2464,1865,6
1779865401.8674428,2159,1951,6
1779865401.869057,1863,1985,6
1779865401.870469,1711,1989,6
1779865401.892477,1747,2051,6
1779865401.911509,2324,1801,6
1779865401.911605,2540,1791,6
1779865401.914446,1555,1881,6
1779865401.915403,1654,1967,6
1779865401.9158242,2167,1887,6
1779865401.916495,2022,1941,6
1779865401.930866,1774,1891,6
1779865401.9534988,1876,2018,6
1779865401.9537668,1967,2025,6
1779865401.9649112,2161,1834,6
1779865401.965109,2312,1676,6
1779865401.965277,2300,1751,6
1779865401.965597,1978,1815,6
1779865401.966644,2113,1744,6
1779865401.966741,1975,1927,6
1779865401.966814,1749,1946,6
1779865401.9668832,1871,1939,6
1779865401.966959,2442,1813,6
1779865401.967027,2729,1590,6
1779865401.967097,2456,2098,6
1779865401.9671621,1684,2124,6
1779865401.967226,1170,1800,6
1779865401.9672909,1631,1786,6
1779865401.967361,1980,1823,6
1779865401.967432,2598,1851,6
1779865401.967499,2139,1887,6
1779865401.9676402,1294,1935,6
1779865401.967783,1372,1661,6
1779865401.967863,2291,1864,6
1779865401.968082,2241,1917,6
1779865401.96816,2138,1861,6
1779865401.968226,2068,1955,6
1779865401.968377,1974,2005,6
1779865401.96848,1885,1980,6
1779865401.968548,2040,1802,6
1779865401.968611,1920,1917,6
1779865401.96868,1994,1944,6
1779865401.96874,2809,1858,6
1779865401.9688,2108,1843,6
1779865401.968858,1686,1760,6
1779865401.968917,1756,2008,6
1779865401.9689758,1876,2105,6
1779865401.969035,2035,2025,6
1779865401.9690938,2078,2009,6
1779865401.969153,1745,1984,6
1779865401.969214,1743,1911,6
1779865401.969281,2625,1809,6
1779865401.969381,2041,2113,6
1779865401.9706528,1938,1945,6
1779865402.002862,2163,2066,6
1779865402.0165892,2110,1936,6
1779865402.01698,2192,1780,6
1779865402.036344,1933,1969,6
1779865402.037771,1787,1997,6
1779865402.061752,1972,1941,6
1779865402.062077,2291,1905,6
1779865402.062575,2378,1961,6
1779865402.062849,2872,1941,6
1779865402.063086,2665,2034,6
1779865402.0632908,1248,2073,6
1779865402.063478,1363,1868,6
1779865402.0635571,1715,1818,6
1779865402.0636292,1869,1945,6
1779865402.063696,1517,1951,6
1779865402.0650508,1896,2094,6
1779865402.065164,2336,1886,6
1779865402.0652318,2211,2301,6
1779865402.0655308,3290,1917,6
1779865402.065635,1965,2032,6
1779865402.065711,1163,1926,6
1779865402.0657809,1756,1865,6
1779865402.065849,2036,1884,6
1779865402.0659142,2426,2049,6
1779865402.065996,2100,2005,6
1779865402.066062,970,2361,6
1779865402.066135,1198,2027,6
1779865402.066201,2117,1990,6
1779865402.066379,2236,2001,6
1779865402.066472,2392,1997,6
1779865402.066609,2546,2147,6
1779865402.066699,2149,1934,6
1779865402.066871,2468,1715,6
1779865402.066986,1793,2233,6
1779865402.067169,1677,2174,6
1779865402.0673652,1901,1896,6
1779865402.068078,2147,2066,6
1779865402.068144,1871,2124,6
1779865402.068207,1823,2059,6
1779865402.068269,2182,1977,6
1779865402.06833,2468,2031,6
1779865402.06839,2809,2233,6
1779865402.0684512,1649,2211,6
1779865402.068511,1385,2113,6
1779865402.0685709,2375,1472,6
1779865402.068633,2477,2282,6
1779865402.068694,1833,2531,6
1779865402.068773,1634,2358,6
1779865402.068846,2051,2098,6
1779865402.074087,2425,2051,6
1779865402.0920691,1519,2265,6
1779865402.10156,1850,2196,6
1779865402.11166,2771,2128,6
1779865402.113887,1704,2080,6
1779865402.114499,1881,1944,6
1779865402.114589,3039,1989,6
1779865402.114655,1643,2036,6
1779865402.115536,1215,1970,6
1779865402.1156638,1617,2227,6
1779865402.128109,2699,1974,6
1779865402.147251,2436,2116,6
1779865402.153502,3137,1818,6
1779865402.1542609,2398,2210,6
1779865402.1544719,1214,2310,6
1779865402.162573,1940,1847,6
1779865402.162983,1805,2194,6
1779865402.163148,1747,2374,6
1779865402.1633909,2393,2361,6
1779865402.163674,1636,2449,6
1779865402.1637602,1657,2200,6
1779865402.16401,1806,2192,6
1779865402.1642041,2257,2059,6
1779865402.164352,2337,2198,6
1779865402.164427,2312,2343,6
1779865402.16452,2064,2331,6
1779865402.1645892,2028,2277,6
1779865402.164654,1938,2274,6
1779865402.164719,2521,2329,6
1779865402.1648672,2618,2162,6
1779865402.1649961,1380,2274,6
1779865402.165067,1595,2111,6
1779865402.165167,1840,1948,6
1779865402.165239,2102,1813,6
1779865402.1653051,1990,2116,6
1779865402.165388,1941,2166,6
1779865402.1654541,2079,2102,6
1779865402.165519,2118,2229,6
1779865402.166008,2243,1901,6
1779865402.166089,2352,2067,6
1779865402.166192,2377,2058,6
1779865402.166253,2264,2045,6
1779865402.166314,2010,2051,6
1779865402.166372,1984,2128,6
1779865402.1665359,2009,2336,6
1779865402.166621,2123,2145,6
1779865402.166686,1991,2062,6
1779865402.166749,2038,2247,6
1779865402.166812,2146,2119,6
1779865402.1687639,2151,2319,6
1779865402.183454,2121,2231,6
1779865402.213024,2022,2264,6
1779865402.213136,1894,2171,6
1779865402.213422,1953,1984,6
1779865402.2138062,1971,2074,6
1779865402.213897,2058,2226,6
1779865402.21397,2269,2385,6
1779865402.214032,2197,2087,6
1779865402.2143302,2015,2212,6
1779865402.21472,2186,2151,6
1779865402.215039,1804,2510,6
1779865402.215273,1711,2259,6
1779865402.215698,1903,2048,6
1779865402.216985,1940,2158,6
1779865402.217058,2052,2288,6
1779865402.2348878,2440,2011,6
1779865402.235766,2225,2195,6
1779865402.2502131,2223,2332,6
1779865402.250378,2007,2214,6
1779865402.250452,1726,2268,6
1779865402.250517,1907,2214,6
1779865402.250797,1813,2079,6
1779865402.25088,2065,2014,6
1779865402.252914,1764,2057,6
1779865402.253063,1715,2180,6
1779865402.2611918,1843,2234,6
1779865402.2615,2600,2181,6
1779865402.2647521,1953,2116,6
1779865402.265257,2184,1963,6
1779865402.265596,1906,2012,6
1779865402.2656782,1982,2130,6
1779865402.26575,2161,2102,6
1779865402.265818,1914,2123,6
1779865402.2658849,1804,2099,6
1779865402.2666829,1808,2189,6
1779865402.266769,2104,2266,6
1779865402.266836,2332,2141,6
1779865402.2668958,2191,2011,6
1779865402.267452,2731,1866,6
1779865402.267523,2490,2203,6
1779865402.26763,2338,2065,6
1779865402.267693,1217,2115,6
1779865402.267755,1681,2113,6
1779865402.267814,1765,2137,6
1779865402.267903,1749,2146,6
1779865402.2679732,1945,2186,6
1779865402.268034,2091,2058,6
1779865402.268095,1880,2150,6
1779865402.2697332,2018,2084,6
1779865402.270798,1941,2003,6
1779865402.27089,2082,2111,6
1779865402.2737348,2149,2239,6
1779865402.29581,2124,2120,6
1779865402.296618,2176,2003,6
1779865402.30259,2492,2148,6
1779865402.3030012,2341,2224,6
1779865402.303839,2736,1848,6
1779865402.3106408,1686,2375,6
1779865402.310974,1323,2136,6
1779865402.3111382,1828,2221,6
1779865402.3112671,2043,2284,6
1779865402.31135,1916,2246,6
1779865402.31154,1796,2150,6
1779865402.311614,2123,2010,6
1779865402.311703,2503,1780,6
1779865402.311869,1883,2439,6
1779865402.3120809,1818,2131,6
1779865402.312314,2386,2176,6
1779865402.312511,3056,2020,6
1779865402.312675,1689,2123,6
1779865402.312934,1261,2124,6
1779865402.3134239,1816,2139,6
1779865402.336477,1922,2157,6
1779865402.34829,1779,2106,6
1779865402.348597,1926,1802,6
1779865402.348775,2544,2059,6
1779865402.348864,2128,2366,6
1779865402.348981,2025,2114,6
1779865402.349049,1958,2063,6
1779865402.3491142,2176,1997,6
1779865402.34918,2284,2047,6
1779865402.3492448,2110,2292,6
1779865402.3493152,1391,2240,6
1779865402.3495271,1602,1920,6
1779865402.349942,2036,2074,6
1779865402.350086,2322,2207,6
1779865402.3508039,1933,2088,6
1779865402.350979,1758,2021,6
1779865402.351199,2132,1929,6
1779865402.351265,2101,2143,6
1779865402.351425,2163,1968,6
1779865402.35281,2328,2018,6
1779865402.357235,2733,1921,6
1779865402.359377,1993,2334,6
1779865402.3892028,2989,1984,6
1779865402.389293,2250,2266,6
1779865402.3893561,1299,2262,6
1779865402.389415,1638,2007,6
1779865402.3894742,2004,2098,6
1779865402.389531,2306,2133,6
1779865402.3895879,1719,2218,6
1779865402.454997,1884,2060,6
1779865402.461802,1779,1996,6
1779865402.461899,2652,2075,6
1779865402.461977,3330,1913,6
1779865402.462185,1488,2375,6
1779865402.462293,2273,2036,6
1779865402.462823,1988,2039,6
1779865402.463427,2104,2073,6
1779865402.463619,1711,2219,6
1779865402.4636989,1524,2310,6
1779865402.4637709,1613,2088,6
1779865402.463833,1836,2079,6
1779865402.463925,1948,2028,6
1779865402.464113,2043,1874,6
1779865402.465186,2232,2014,6
1779865402.4652648,2242,1996,6
1779865402.4653282,2425,2116,6
1779865402.465387,2430,2192,6
1779865402.465446,2057,2056,6
1779865402.465504,2238,1893,6
1779865402.46556,2231,2045,6
1779865402.465617,2193,2079,6
1779865402.465846,1800,2143,6
1779865402.466006,2107,2031,6
1779865402.4660769,2381,2144,6
1779865402.466429,1418,2443,6
1779865402.4665039,1448,1929,6
1779865402.466569,2211,2069,6
1779865402.466635,2282,2016,6
1779865402.4666991,1671,2076,6
1779865402.466804,1818,2143,6
1779865402.466871,2154,2057,6
1779865402.467097,2152,2096,6
1779865402.467167,2386,1826,6
1779865402.46726,2088,2058,6
1779865402.4673579,1851,2182,6
1779865402.467426,2933,1866,6
1779865402.467504,2126,2171,6
1779865402.467575,1522,1964,6
1779865402.467638,1878,1935,6
1779865402.467797,2118,2055,6
1779865402.4678662,1874,2223,6
1779865402.4685109,1821,2247,6
1779865402.468967,1831,2140,6
1779865402.469038,2209,2009,6
1779865402.469097,2015,1971,6
1779865402.469903,1914,2004,6
1779865402.4699872,2247,2063,6
1779865402.470072,2380,2035,6
1779865402.477023,2316,1991,6
1779865402.4927669,2058,2140,6
1779865402.4965298,1746,2161,6
1779865402.5040379,1767,2052,6
1779865402.508308,1825,2100,6
1779865402.510018,2021,2083,6
1779865402.510209,2048,2036,6
1779865402.5103202,2859,1974,6
1779865402.510392,2231,1992,6
1779865402.510489,1771,2155,6
1779865402.510562,1820,2233,6
1779865402.5106292,2023,2121,6
1779865402.510698,2647,1938,6
1779865402.510762,2313,2233,6
1779865402.510825,1890,2053,6
1779865402.5108879,1927,1862,6
1779865402.510955,1551,2076,6
1779865402.5110211,2125,2076,6
1779865402.511211,2318,2050,6
1779865402.511286,2028,2154,6
1779865402.511358,1971,2026,6
1779865402.512749,1958,2012,6
1779865402.541742,1988,2109,6
1779865402.543335,3717,1735,6
1779865402.5436249,2281,2308,6
1779865402.54422,1352,2208,6
1779865402.544298,1354,2126,6
1779865402.54482,1899,1956,6
1779865402.544926,2108,2033,6
1779865402.545038,1889,2064,6
1779865402.5452,1791,2078,6
1779865402.545293,1671,2031,6
1779865402.5453591,2002,1844,6
1779865402.546196,2075,2194,6
1779865402.5463018,2389,2152,6
1779865402.546808,2444,2229,6
1779865402.5468822,2321,2131,6
1779865402.546945,2167,1990,6
1779865402.547005,2429,1961,6
1779865402.548407,2013,2244,6
1779865402.552448,2205,1842,6
1779865402.552577,2023,2066,6
1779865402.556322,1486,2358,6
1779865402.569182,1678,2237,6
1779865402.575501,2144,2054,6
1779865402.582794,2096,1994,6
1779865402.582906,2153,2009,6
1779865402.582977,2053,2203,6
1779865402.583093,1718,2155,6
1779865402.58317,1870,2002,6
1779865402.5832691,2037,1986,6
1779865402.5833359,2130,2155,6
1779865402.591269,2396,2173,6
1779865402.591359,2073,2011,6
1779865402.591423,1918,2126,6
1779865402.5914822,2007,2073,6
1779865402.591569,2047,2106,6
1779865402.591632,1882,2099,6
1779865402.5916889,2388,2068,6
1779865402.591815,1888,2259,6
1779865402.591875,2019,2194,6
1779865402.593249,2351,2022,6
1779865402.594841,2169,1987,6
1779865402.60256,2592,1836,6
1779865402.607658,1798,2160,6
1779865402.619175,1487,2138,6
1779865402.619821,1958,2049,6
1779865402.6203609,2226,2192,6
1779865402.624238,2317,2033,6
1779865402.625899,2088,2069,6
1779865402.626116,1766,2124,6
1779865402.6261919,1563,2064,6
1779865402.626262,1763,2132,6
1779865402.626325,2008,2032,6
1779865402.626421,2124,2022,6
1779865402.626483,2158,2120,6
1779865402.626721,2637,2163,6
1779865402.626834,1791,2297,6
1779865402.626963,1709,2058,6
1779865402.628923,1953,1964,6
1779865402.6303098,2151,2040,6
1779865402.6332002,2038,2041,6
1779865402.635241,2039,1978,6
1779865402.6431448,2014,2105,6
1779865402.6433861,2335,2013,6
1779865402.647661,2213,2266,6
1779865402.666225,1848,2117,6
1779865402.672943,2095,2034,6
1779865402.673693,2432,1909,6
1779865402.673878,2138,2258,6
1779865402.674391,1740,2074,6
1779865402.6745238,1626,2045,6
1779865402.6748228,1913,2195,6
1779865402.6754692,2266,2164,6
1779865402.675724,1895,2162,6
1779865402.684062,1755,2050,6
1779865402.6914182,2031,2045,6
1779865402.6923132,2302,2042,6
1779865402.6932108,2197,2025,6
1779865402.702165,1967,2044,6
1779865402.703006,1895,2133,6
1779865402.707625,1889,2248,6
1779865402.707728,2140,2163,6
1779865402.707893,2524,2027,6
1779865402.708123,2099,1982,6
1779865402.70822,1866,2112,6
1779865402.708286,2267,2063,6
1779865402.70835,2067,2153,6
1779865402.708412,1837,2049,6
1779865402.7084742,1863,2185,6
1779865402.7085571,2116,2143,6
1779865402.708812,2087,2138,6
1779865402.708908,1993,2013,6
1779865402.709095,2166,2073,6
1779865402.709975,2195,2168,6
1779865402.710432,2072,1999,6
1779865402.710507,2026,2137,6
1779865402.71138,2092,2189,6
1779865402.711445,2096,2165,6
1779865402.711504,2178,1980,6
1779865402.711802,1719,2158,6
1779865402.712996,1944,1981,6
1779865402.714459,1813,2120,6
1779865402.717338,1954,2082,6
1779865402.719021,1996,2021,6
1779865402.7211452,1917,2116,6
1779865402.75833,1884,2183,6
1779865402.758703,1982,2146,6
1779865402.759105,2029,2108,6
1779865402.759189,2114,2082,6
1779865402.7592509,2160,2082,6
1779865402.75931,2212,2074,6
1779865402.759368,2180,2061,6
1779865402.759425,2086,2088,6
1779865402.7594821,2000,2200,6
1779865402.759539,1978,2167,6
1779865402.759752,2009,2070,6
1779865402.759812,2060,2045,6
1779865402.760094,2097,2066,6
1779865402.760653,2271,2102,6
1779865402.760718,2339,2039,6
1779865402.760776,2096,2050,6
1779865402.760833,1873,2093,6
1779865402.7608929,1841,2223,6
1779865402.760951,1940,2088,6
1779865402.761369,2094,1937,6
1779865402.795933,2275,2088,6
1779865402.796263,1891,2145,6
1779865402.7964318,1931,2168,6
1779865402.796631,1791,2063,6
1779865402.796861,1982,2194,6
1779865402.797133,2062,2240,6
1779865402.797288,2016,2195,6
1779865402.797428,1989,2161,6
1779865402.79751,1989,2058,6
1779865402.797714,2085,2037,6
1779865402.797794,2067,2125,6
1779865402.797859,2092,2037,6
1779865402.797923,2120,2061,6
1779865402.797986,2030,2177,6
1779865402.79806,2059,2160,6
1779865402.7981281,2105,2122,6
1779865402.798195,2199,2084,6
1779865402.7982562,2048,2124,6
1779865402.798322,1962,2066,6
1779865402.801207,2047,2013,6
1779865402.802877,2073,2050,6
1779865402.8042629,2049,2156,6
1779865402.8270779,2014,2234,6
1779865402.828565,2069,2122,6
1779865402.828772,2075,2029,6
1779865402.828912,2068,2010,6
1779865402.829109,2063,2165,6
1779865402.855051,2112,2151,6
1779865402.857101,2058,2083,6
1779865402.985832,2053,2163,6
1779865403.019274,2036,2265,6
1779865403.019368,2134,2203,6
1779865403.0194318,2091,2116,6
1779865403.0194921,2084,2073,6
1779865403.019553,2076,2084,6
1779865403.019615,2127,2063,6
1779865403.019674,2163,2015,6
1779865403.019732,2077,2005,6
1779865403.0245278,2080,2114,6
1779865403.024916,2068,2141,6
1779865403.025604,2094,2073,6
1779865403.026089,2103,2055,6
1779865403.0261602,2099,2089,6
1779865403.026858,2063,2106,6
1779865403.026934,2118,2117,6
1779865403.027356,2113,2435,6
1779865403.0275872,2116,2575,6
1779865403.027814,2120,2667,6
1779865403.028039,2149,2428,6
1779865403.0460851,2075,2404,6
1779865403.078113,2074,2407,6
1779865403.078208,2094,2386,6
1779865403.078272,2145,2259,6
1779865403.078331,2122,2201,6
1779865403.0783901,2094,2268,6
1779865403.078449,2027,2421,6
1779865403.078505,2133,2270,6
1779865403.0785642,2134,2213,6
1779865403.07862,2130,2246,6
1779865403.078806,2115,2314,6
1779865403.0791528,2163,2292,6
1779865403.0792372,2165,2219,6
1779865403.080159,2116,2176,6
1779865403.0806122,2056,2249,6
1779865403.0808342,2102,2182,6
1779865403.123133,2176,2162,6
1779865403.147694,2185,2168,6
1779865403.148264,2165,2145,6
1779865403.1726239,2096,2200,6
1779865403.177251,2164,2132,6
1779865403.178089,2086,2182,6
1779865403.1783109,2067,2239,6
1779865403.178454,2066,2261,6
1779865403.178561,2161,2095,6
1779865403.1788511,2199,2099,6
1779865403.1791968,2150,2109,6
1779865403.179307,2107,2147,6
1779865403.179397,2066,2072,6
1779865403.1794639,2120,2108,6
1779865403.1795368,2036,2224,6
1779865403.1795998,2044,2246,6
1779865403.179661,2150,2119,6
1779865403.179723,2124,1993,6
1779865403.179785,2152,2067,6
1779865403.17985,2071,2236,6
1779865403.180112,2100,2136,6
1779865403.180193,2075,2050,6
1779865403.1802602,2128,2131,6
1779865403.1803231,2045,2225,6
1779865403.180385,2026,2173,6
1779865403.180446,2095,2067,6
1779865403.1805062,1989,2089,6
1779865403.180568,2006,2099,6
1779865403.18063,2122,2131,6
1779865403.180726,2133,1969,6
1779865403.18079,1989,1964,6
1779865403.180854,1997,1998,6
1779865403.180921,2102,2481,6
1779865403.180983,2131,2431,6
1779865403.1810439,2192,2223,6
1779865403.181107,2169,2135,6
1779865403.1811688,2118,2214,6
1779865403.18123,2180,2245,6
1779865403.181291,2313,2264,6
1779865403.181352,2153,2355,6
1779865403.1814132,1977,2273,6
1779865403.1815941,2013,2147,6
1779865403.182133,2022,2078,6
1779865403.1823308,2110,1992,6
1779865403.182587,2055,2202,6
1779865403.182697,2057,2241,6
1779865403.1827672,2163,2138,6
1779865403.182833,2073,2145,6
1779865403.1828969,1954,2368,6
1779865403.18296,2104,2381,6
1779865403.1832662,2118,2352,6
1779865403.183732,2117,2259,6
1779865403.18386,2174,2305,6
1779865403.183925,2127,2330,6
1779865403.183989,2073,2241,6
1779865403.18468,2077,2335,6
1779865403.1847649,2068,2390,6
1779865403.184834,2006,2232,6
1779865403.1849,2180,2068,6
1779865403.184968,2196,1948,6
1779865403.1850328,2094,1924,6
1779865403.185096,2058,1966,6
1779865403.185163,2143,1913,6
1779865403.185227,2145,1829,6
1779865403.1852942,2268,1986,6
1779865403.185478,2162,2074,6
1779865403.186217,2033,2086,6
1779865403.194078,2030,2010,6
1779865403.196198,1944,1983,6
1779865403.199847,1689,1946,6
1779865403.200156,1942,1930,6
1779865403.200379,2385,2394,6
1779865403.203069,2229,2298,6
1779865403.21224,2090,2224,6
1779865403.2164779,2138,2109,6
1779865403.217371,2211,2117,6
1779865403.217473,2304,2099,6
1779865403.21804,2328,2062,6
1779865403.218732,2179,1979,6
1779865403.2188852,1946,1717,6
1779865403.218957,1887,1849,6
1779865403.219052,2022,1981,6
1779865403.219131,1827,1988,6
1779865403.2192068,1977,1921,6
1779865403.228396,2147,1972,6
1779865403.231095,2209,1958,6
1779865403.251412,2187,2105,6
1779865403.251988,2095,2160,6
1779865403.252158,2062,2086,6
1779865403.252247,1917,2156,6
1779865403.252316,1903,2353,6
1779865403.2524521,2205,2381,6
1779865403.2525818,2183,2343,6
1779865403.252671,2104,2245,6
1779865403.25279,1993,2253,6
1779865403.252857,1937,2235,6
1779865403.253037,2193,2131,6
1779865403.253112,2183,2260,6
1779865403.2532601,2133,2256,6
1779865403.253398,2013,2220,6
1779865403.2534778,2031,2131,6
1779865403.2535481,2129,2108,6
1779865403.25361,2204,2116,6
1779865403.254369,2075,2042,6
1779865403.2544482,2069,1980,6
1779865403.2545102,1921,2078,6
1779865403.254723,2142,2182,6
1779865403.2548559,1970,2284,6
1779865403.258559,2057,2101,6
1779865403.258733,2089,2022,6
1779865403.259008,2089,1966,6
1779865403.259081,2126,2113,6
1779865403.259465,2176,2263,6
1779865403.2595341,2103,2072,6
1779865403.259618,2010,1991,6
1779865403.259688,1931,2063,6
1779865403.259753,1925,2069,6
1779865403.259813,2150,2167,6
1779865403.259875,2102,2152,6
1779865403.259934,2049,2062,6
1779865403.260148,2187,1976,6
1779865403.260289,2179,1953,6
1779865403.260612,2077,2032,6
1779865403.2609432,2161,2309,6
1779865403.261282,2189,2348,6
1779865403.261369,2129,1988,6
1779865403.26144,1979,1793,6
1779865403.261703,2028,2079,6
1779865403.261769,2148,2231,6
1779865403.2618308,2229,2127,6
1779865403.26189,2045,2092,6
1779865403.262004,2023,2311,6
1779865403.262516,2111,2370,6
1779865403.263655,2156,2242,6
1779865403.263891,2205,2200,6
1779865403.26419,2138,2245,6
1779865403.2652879,2054,2195,6
1779865403.280674,2064,2152,6
1779865403.295744,2103,2175,6
1779865403.2963352,2070,2286,6
1779865403.2964659,2016,2319,6
1779865403.297087,2033,2118,6
1779865403.297348,2105,1969,6
1779865403.2974248,2066,1980,6
1779865403.297608,2089,2077,6
1779865403.2977011,2119,2017,6
1779865403.298362,2080,1979,6
1779865403.298501,2062,2119,6
1779865403.298831,2037,2167,6
1779865403.298972,2061,2054,6
1779865403.299057,2122,1939,6
1779865403.299125,2188,1923,6
1779865403.2992818,2099,1977,6
1779865403.299414,2055,2006,6
1779865403.345762,2107,1946,6
1779865403.3957,2126,2018,6
1779865403.395917,2017,2124,6
1779865403.396,1964,2189,6
1779865403.396063,2075,2105,6
1779865403.3961291,2133,2100,6
1779865403.3963661,2104,2100,6
1779865403.3964942,2076,2188,6
1779865403.3965619,2128,2107,6
1779865403.396626,2130,2094,6
1779865403.396716,2008,2164,6
1779865403.396926,1935,2234,6
1779865403.3970308,2042,2130,6
1779865403.397111,2103,2142,6
1779865403.397192,2133,2130,6
1779865403.397293,2075,2214,6
1779865403.3973691,2064,2156,6
1779865403.397433,2083,2094,6
1779865403.397491,2098,2156,6
1779865403.39755,2035,2232,6
1779865403.397652,2026,2159,6
1779865403.397724,2088,2040,6
1779865403.3977878,2061,2018,6
1779865403.397851,2045,2018,6
1779865403.397954,2069,2063,6
1779865403.398046,2131,1976,6
1779865403.3981252,2075,2005,6
1779865403.3981838,2072,2172,6
1779865403.398241,2011,2252,6
1779865403.398299,2026,2131,6
1779865403.3984342,2080,2060,6
1779865403.398518,2115,2108,6
1779865403.398852,2041,2174,6
1779865403.398923,2022,2075,6
1779865403.398983,2076,2080,6
1779865403.399041,2004,2173,6
1779865403.3992162,2025,2313,6
1779865403.399285,2055,2180,6
1779865403.399348,2088,2100,6
1779865403.4106328,2148,2038,6
1779865403.420047,2017,2084,6
1779865403.425366,2041,2057,6
1779865403.426037,2077,2012,6
1779865403.426608,2020,2078,6
1779865403.431179,1889,2177,6
1779865403.431295,2073,2183,6
1779865403.431367,2124,2122,6
1779865403.431572,2055,2079,6
1779865403.431662,2073,2077,6
1779865403.4318972,1955,2086,6
1779865403.4319701,2039,1987,6
1779865403.4321501,2118,2085,6
1779865403.4323049,2041,2206,6
1779865403.432368,1991,2212,6
1779865403.432426,2102,2049,6
1779865403.432847,2002,1986,6
1779865403.432927,2135,2010,6
1779865403.432995,2062,2081,6
1779865403.433059,2103,2012,6
1779865403.433126,2089,1996,6
1779865403.4333172,2020,2082,6
1779865403.433472,1948,2190,6
1779865403.433534,2093,2097,6
1779865403.433593,2110,1965,6
1779865403.433651,1995,1969,6
1779865403.433978,2001,2094,6
1779865403.434059,2074,2052,6
1779865403.434162,2123,1977,6
1779865403.434324,2032,2125,6
1779865403.434531,1931,2146,6
1779865403.434603,1989,2093,6
1779865403.434669,2049,1981,6
1779865403.4347332,2086,1960,6
1779865403.434795,2076,1972,6
1779865403.434858,2030,2031,6
1779865403.434927,2082,1944,6
1779865403.4350688,2017,1982,6
1779865403.435144,1977,2118,6
1779865403.435203,2008,2166,6
1779865403.4353468,2095,2006,6
1779865403.435429,2050,1976,6
1779865403.435499,2080,2034,6
1779865403.435582,2021,2104,6
1779865403.4356449,2143,2054,6
1779865403.43571,2113,2024,6
1779865403.435812,1971,2115,6
1779865403.43588,1951,2210,6
1779865403.435943,2068,2090,6
1779865403.436005,2088,2057,6
1779865403.4360662,2033,1998,6
1779865403.436128,2060,2052,6
1779865403.43619,2073,2035,6
1779865403.436346,2034,1976,6
1779865403.4364958,1989,2098,6
1779865403.436576,1994,2219,6
1779865403.436662,2080,2199,6
1779865403.436796,2128,2090,6
1779865403.436909,2065,2035,6
1779865403.4369779,2019,2043,6
1779865403.437126,2077,2151,6
1779865403.4374201,2138,2035,6
1779865403.43753,2011,2075,6
1779865403.4375958,2019,2186,6
1779865403.437657,2010,2282,6
1779865403.437716,2088,2121,6
1779865403.4377768,2095,2083,6
1779865403.437987,2109,2110,6
1779865403.4380631,2054,2166,6
1779865403.439726,2075,2134,6
1779865403.4398441,2040,2097,6
1779865403.440056,1975,2145,6
1779865403.4408472,1975,2246,6
1779865403.4410272,2003,2144,6
1779865403.44946,1979,2014,6
1779865403.4497669,2139,2026,6
1779865403.452776,2012,2082,6
1779865403.4566689,2019,2066,6
1779865403.460325,2100,2029,6
1779865403.465512,2058,2098,6
1779865403.4700701,1991,2175,6
1779865403.470561,2037,2195,6
1779865403.471891,2056,2082,6
1779865403.472126,2092,2053,6
1779865403.472193,2074,2082,6
1779865403.4723809,2032,2113,6
1779865403.472466,2103,1994,6
1779865403.47253,2031,2052,6
1779865403.472846,1943,2189,6
1779865403.472926,1990,2257,6
1779865403.47299,2150,2119,6
1779865403.47305,2113,2045,6
1779865403.475447,2123,2054,6
1779865403.485219,2099,2110,6
1779865403.489151,2137,2088,6
1779865403.492838,2125,2044,6
1779865403.500393,2034,2159,6
1779865403.5010738,1956,2253,6
1779865403.506064,2015,2153,6
1779865403.506836,2010,2076,6
1779865403.506963,2039,2034,6
1779865403.507044,1981,2108,6
1779865403.5075169,1984,2101,6
1779865403.507754,2020,2011,6
1779865403.507948,2020,2064,6
1779865403.50812,2009,2143,6
1779865403.508248,2065,2087,6
1779865403.508412,2075,2099,6
1779865403.5084748,2054,1911,6
1779865403.508565,1970,1933,6
1779865403.5087318,1982,1974,6
1779865403.5089579,2099,1924,6
1779865403.5090601,2083,1991,6
1779865403.509233,1997,2090,6
1779865403.509377,1985,2130,6
1779865403.509488,2094,1983,6
1779865403.5108988,2071,1965,6
1779865403.512362,2062,2008,6
1779865403.524818,2046,2101,6
1779865403.527597,2085,1970,6
1779865403.5335832,2074,1953,6
1779865403.537757,2004,2122,6
1779865403.5420449,2055,2231,6
1779865403.5422451,2187,2008,6
1779865403.542411,2076,1977,6
1779865403.5426219,2007,2025,6
1779865403.542733,2088,2032,6
1779865403.542804,2082,2084,6
1779865403.542956,2578,1793,6
1779865403.5431218,2319,2036,6
1779865403.543196,1707,2369,6
1779865403.543275,1693,2180,6
1779865403.5434382,1992,1970,6
1779865403.544908,2035,1999,6
1779865403.5537338,1910,2079,6
1779865403.557285,1841,2100,6
1779865403.557705,1905,2034,6
1779865403.560647,1893,2088,6
1779865403.567613,2054,2133,6
1779865403.568176,2283,2090,6
1779865403.5687768,2578,2039,6
1779865403.57321,2194,2061,6
1779865403.573338,1964,2026,6
1779865403.573484,2151,2030,6
1779865403.573569,2099,2162,6
1779865403.573667,1794,2187,6
1779865403.573735,1664,2147,6
1779865403.573795,2108,2113,6
1779865403.574093,2287,2147,6
1779865403.576873,1911,2244,6
1779865403.578593,1698,2127,6
1779865403.5801768,2121,1913,6
1779865403.5945249,2548,2006,6
1779865403.6044009,2169,2121,6
1779865403.609003,1962,2110,6
1779865403.610284,1737,2261,6
1779865403.61056,1855,2161,6
1779865403.6106381,2381,1974,6
1779865403.610704,1986,2096,6
1779865403.610772,1809,2194,6
1779865403.611003,2023,2024,6
1779865403.6111748,2496,1939,6
1779865403.611267,2345,2022,6
1779865403.611336,1705,2263,6
1779865403.6114,1603,2185,6
1779865403.611466,1883,2063,6
1779865403.6115289,2059,2043,6
1779865403.612884,2431,1974,6
1779865403.619828,2163,2179,6
1779865403.626583,1793,2095,6
1779865403.6323452,1816,2022,6
1779865403.6372118,2118,2054,6
1779865403.641026,2322,2185,6
1779865403.641518,2419,2107,6
1779865403.6416588,2150,2159,6
1779865403.641741,2310,1914,6
1779865403.64186,2091,2095,6
1779865403.64202,1795,2202,6
1779865403.642122,1725,2056,6
1779865403.642198,1911,2061,6
1779865403.6422698,2000,2114,6
1779865403.642365,2200,2118,6
1779865403.642433,2064,1983,6
1779865403.6439989,1939,2044,6
1779865403.646816,2191,1998,6
1779865403.6489768,2513,1911,6
1779865403.668808,2022,2129,6
1779865403.6738958,2162,2062,6
1779865403.6741319,2267,2105,6
1779865403.677909,1594,2312,6
1779865403.678325,1725,2093,6
1779865403.678433,1916,2058,6
1779865403.6785002,2169,2067,6
1779865403.678734,2363,1966,6
1779865403.678955,1985,2068,6
1779865403.6791801,1729,2157,6
1779865403.679447,1823,2131,6
1779865403.679671,2263,2209,6
1779865403.679743,2406,2142,6
1779865403.679807,2398,1844,6
1779865403.67987,2480,2007,6
1779865403.67998,2177,2005,6
1779865403.690356,1724,2157,6
1779865403.690571,1684,1903,6
1779865403.692975,1860,2059,6
1779865403.693439,1973,2159,6
1779865403.703007,1778,2188,6
1779865403.703372,1829,2042,6
1779865403.7038841,2065,1974,6
1779865403.7044868,2452,1897,6
1779865403.7087328,2286,1970,6
1779865403.70881,2311,2007,6
1779865403.7088761,2039,1989,6
1779865403.7089338,1649,2143,6
1779865403.708992,1792,2138,6
1779865403.7093172,2059,2075,6
1779865403.710755,1965,2060,6
1779865403.7124548,2023,2155,6
1779865403.7152882,1834,2062,6
1779865403.716778,2074,2059,6
1779865403.725114,2360,2120,6
1779865403.7260458,2846,1952,6
1779865403.7269151,2255,2294,6
1779865403.732759,1520,2261,6
1779865403.736083,1925,2037,6
1779865403.740725,1957,2104,6
1779865403.7409558,1701,2015,6
1779865403.7415261,2070,1944,6
1779865403.746078,1810,1982,6
1779865403.7462149,1838,1984,6
1779865403.746283,3133,1743,6
1779865403.7463439,3267,2052,6
1779865403.746403,1921,2130,6
1779865403.746458,973,1889,6
1779865403.746517,2308,1635,6
1779865403.7479181,1962,2140,6
1779865403.757441,2374,1841,6
1779865403.760731,2246,1989,6
1779865403.769616,1070,2438,6
1779865403.773626,1352,2059,6
1779865403.7748532,1837,1815,6
1779865403.7749372,2111,1815,6
1779865403.775098,2082,1883,6
1779865403.775254,1895,1940,6
1779865403.775384,1865,1896,6
1779865403.7754502,1963,1829,6
1779865403.775558,2028,1933,6
1779865403.775708,2256,1954,6
1779865403.7757728,2503,1906,6
1779865403.776115,2463,1937,6
1779865403.7792902,2294,2064,6
1779865403.7810812,1977,2044,6
1779865403.782897,1886,1971,6
1779865403.7918441,2093,1799,6
1779865403.792685,1854,2019,6
1779865403.793538,1911,2072,6
1779865403.796983,2364,1965,6
1779865403.802003,1938,1874,6
1779865403.8071449,1803,1859,6
1779865403.807591,2061,1951,6
1779865403.807814,2173,1861,6
1779865403.810807,2261,1858,6
1779865403.812122,2084,1877,6
1779865403.8122509,2243,1873,6
1779865403.81232,2080,2001,6
1779865403.812503,1872,1930,6
1779865403.812672,1991,1816,6
1779865403.812751,2164,1800,6
1779865403.814141,2141,2032,6
1779865403.821161,2137,2007,6
1779865403.8265028,1978,1961,6
1779865403.83762,1888,1963,6
1779865403.8378189,1852,1946,6
1779865403.841581,2040,1842,6
1779865403.842911,2113,1753,6
1779865403.843008,2104,1706,6
1779865403.843219,2129,1712,6
1779865403.843424,2128,1721,6
1779865403.843563,2099,1755,6
1779865403.843665,2012,1865,6
1779865403.84375,2033,1960,6
1779865403.843849,2052,1895,6
1779865403.843922,2005,1782,6
1779865403.844053,2184,1813,6
1779865403.846737,2161,1888,6
1779865403.848332,2002,1941,6
1779865403.849864,2033,1776,6
1779865403.874055,2075,1725,6
1779865403.874742,1964,1875,6
1779865403.875099,1955,1971,6
1779865403.879308,2043,1966,6
1779865403.879442,1961,2027,6
1779865403.879522,2028,1914,6
1779865403.879601,2355,1841,6
1779865403.879735,1797,1966,6
1779865403.8798761,1857,2014,6
1779865403.879971,2093,2084,6
1779865403.880113,2077,2089,6
1779865403.8801842,1947,1885,6
1779865403.880248,2016,1761,6
1779865403.88031,2021,1818,6
1779865403.8804228,1984,1830,6
1779865403.882046,2074,1980,6
1779865403.8946838,2080,2088,6
1779865403.897961,1992,2148,6
1779865403.9101949,1962,2133,6
1779865403.91037,2081,2093,6
1779865403.910618,2375,1924,6
1779865403.910805,2010,2100,6
1779865403.9109492,1780,2043,6
1779865403.911041,1935,2007,6
1779865403.9112551,2238,1921,6
1779865403.911354,2269,1954,6
1779865403.911423,2365,2050,6
1779865403.911498,1445,2219,6
1779865403.911563,1776,1977,6
1779865403.911697,2120,1924,6
1779865403.9132328,2028,1925,6
1779865403.914892,1965,2012,6
1779865403.9167922,2009,1970,6
1779865403.918478,2084,1914,6
1779865403.932226,1883,2068,6
1779865403.932982,1859,2149,6
1779865403.944319,2039,2188,6
1779865403.945487,2245,2102,6
1779865403.946469,2190,1984,6
1779865403.946926,2063,2068,6
1779865403.951099,2329,1992,6
1779865403.9519172,2481,1867,6
1779865403.952008,1811,2121,6
1779865403.9520772,1584,2065,6
1779865403.95214,2023,1938,6
1779865403.952204,2130,1865,6
1779865403.9522681,2072,1820,6
1779865403.9523299,2091,1774,6
1779865403.9527428,1882,2104,6
1779865403.953019,2076,1800,6
1779865403.953099,2039,1864,6
1779865403.9546099,2082,2038,6
1779865403.9685838,2070,2084,6
1779865403.978561,2157,2000,6
1779865403.982997,2065,2004,6
1779865403.984614,2310,1883,6
1779865403.98473,2381,2067,6
1779865403.984803,2125,2005,6
1779865403.9848661,2080,2098,6
1779865403.985031,2082,2071,6
1779865403.9851,1196,1957,6
1779865403.985163,1729,1967,6
1779865403.985224,1950,2142,6
1779865403.98529,2410,2013,6
1779865403.985354,2165,2147,6
1779865403.985418,1816,2159,6
1779865403.985483,1899,2161,6
1779865403.986918,1851,2213,6
1779865403.988938,1951,2219,6
1779865403.99034,2483,2256,6
1779865403.993679,2203,2300,6
1779865404.002648,2072,2106,6
1779865404.008637,2421,1989,6
1779865404.0173519,2945,2023,6
1779865404.023068,1823,2376,6
1779865404.023381,1102,2126,6
1779865404.023464,1880,2009,6
1779865404.0236008,2374,2097,6
1779865404.023922,2071,2105,6
1779865404.024041,2052,2098,6
1779865404.024129,1429,2130,6
1779865404.024281,1426,2068,6
1779865404.024457,1899,2072,6
1779865404.0246432,2223,1983,6
1779865404.024731,2636,2028,6
1779865404.024809,2876,2110,6
1779865404.024875,1874,2077,6
1779865404.033752,2514,1769,6
1779865404.0339022,2930,1938,6
1779865404.041043,1879,2168,6
1779865404.049139,841,2210,6
1779865404.053112,1620,1819,6
1779865404.053223,2139,2037,6
1779865404.0532951,2381,2064,6
1779865404.0540109,2275,2090,6
1779865404.054175,1286,2255,6
1779865404.0543091,1560,2016,6
1779865404.0543811,1992,1906,6
1779865404.0544481,2530,1936,6
1779865404.0545511,2650,1968,6
1779865404.0547688,3085,1659,6
1779865404.054841,2678,2265,6
1779865404.056268,1803,2244,6
1779865404.0578508,1410,2008,6
1779865404.060521,1881,1993,6
1779865404.083447,2532,1859,6
1779865404.0841641,1921,2279,6
1779865404.084566,1586,2075,6
1779865404.085223,1733,2006,6
1779865404.089406,2179,2112,6
1779865404.090473,2150,2216,6
1779865404.0906,2545,2228,6
1779865404.090743,2331,2101,6
1779865404.090826,1643,2121,6
1779865404.090896,1947,2018,6
1779865404.09101,2166,2042,6
1779865404.0911,1966,2004,6
1779865404.091166,2098,1953,6
1779865404.0912662,1625,2078,6
1779865404.091342,1938,2065,6
1779865404.103379,2356,2125,6
1779865404.115974,2966,1701,6
1779865404.116735,2366,2037,6
1779865404.1210618,1784,1998,6
1779865404.1212192,2619,1836,6
1779865404.121311,2096,2095,6
1779865404.123424,2591,2086,6
1779865404.12394,1125,2458,6
1779865404.1242292,1313,2252,6
1779865404.1244612,2141,1901,6
1779865404.124546,2105,1980,6
1779865404.1246111,2093,2339,6
1779865404.124724,2969,2246,6
1779865404.124796,1001,2204,6
1779865404.1248589,1633,2016,6
1779865404.124921,2099,2124,6
1779865404.124985,1937,2261,6
1779865404.126316,2007,2165,6
1779865404.1278028,2304,1933,6
1779865404.136099,2179,2116,6
1779865404.142038,2642,2219,6
1779865404.1461608,2913,2003,6
1779865404.152802,2324,2165,6
1779865404.153095,846,2077,6
1779865404.153598,1741,2259,6
1779865404.153968,2980,1798,6
1779865404.154517,2187,2459,6
1779865404.15791,1851,2261,6
1779865404.159009,1362,2142,6
1779865404.1590889,2268,1962,6
1779865404.1591501,2830,1840,6
1779865404.15921,2191,2415,6
1779865404.1592991,1390,2538,6
1779865404.159426,1506,2468,6
1779865404.1609259,2148,2280,6
1779865404.1624892,2565,2126,6
1779865404.1754198,1501,2321,6
1779865404.1813571,1351,2375,6
1779865404.1906612,2024,2498,6
1779865404.190869,2420,2581,6
1779865404.19099,2753,2452,6
1779865404.19106,2248,2042,6
1779865404.191123,2441,1958,6
1779865404.191186,2151,2294,6
1779865404.191247,2245,2457,6
1779865404.191309,2091,2428,6
1779865404.191369,2599,1953,6
1779865404.1914299,1773,2198,6
1779865404.191534,2138,2160,6
1779865404.191663,3069,1848,6
1779865404.191732,2305,2542,6
1779865404.19455,1699,2346,6
1779865404.196086,1789,1942,6
1779865404.1987789,1949,2114,6
1779865404.200237,2117,2179,6
1779865404.211733,2093,2406,6
1779865404.21454,2005,2429,6
1779865404.2151098,2116,2412,6
1779865404.217985,1989,2451,6
1779865404.228526,2214,2352,6
1779865404.229696,2493,2338,6
1779865404.235348,2222,2455,6
1779865404.235469,2223,2214,6
1779865404.235568,2174,2535,6
1779865404.235671,1744,2390,6
1779865404.235762,1627,2413,6
1779865404.2358541,2090,2414,6
1779865404.2359219,2174,2359,6
1779865404.235989,2082,2201,6
1779865404.2360508,2225,2223,6
1779865404.236117,2156,2338,6
1779865404.236185,1879,2351,6
1779865404.2362518,1812,2283,6
1779865404.250875,2037,2387,6
1779865404.262053,2242,2632,6
1779865404.267392,2479,2136,6
1779865404.2727969,1735,2354,6
1779865404.273139,1935,2202,6
1779865404.273241,2433,2142,6
1779865404.27332,2700,2215,6
1779865404.273385,2282,2155,6
1779865404.2734458,1310,2372,6
1779865404.2735062,1132,2433,6
1779865404.273643,1756,2131,6
1779865404.274258,1966,2118,6
1779865404.274413,1908,2193,6
1779865404.2745879,1807,2198,6
1779865404.2746618,1860,2196,6
1779865404.274726,2109,2201,6
1779865404.274858,2586,2076,6
1779865404.2749429,2184,2416,6
1779865404.275008,2171,2241,6
1779865404.276629,1922,2140,6
1779865404.278059,2235,2168,6
1779865404.2808452,1834,2284,6
1779865404.293229,2461,2040,6
1779865404.310493,2326,1870,6
1779865404.311311,1119,2392,6
1779865404.3121128,1355,2207,6
1779865404.3170938,1908,2125,6
1779865404.317191,2293,2079,6
1779865404.317261,2278,2131,6
1779865404.317326,2123,2253,6
1779865404.317389,1849,2139,6
1779865404.317451,1774,2074,6
1779865404.317513,2426,2138,6
1779865404.317612,2152,2148,6
1779865404.317743,1698,2299,6
1779865404.317852,1996,2083,6
1779865404.3179278,2048,2107,6
1779865404.317993,2049,2018,6
1779865404.318057,2193,2134,6
1779865404.3181179,2405,2056,6
1779865404.318246,2347,1932,6
1779865404.328203,1780,2269,6
1779865404.346524,1526,2303,6
1779865404.351486,1859,2133,6
1779865404.351576,2024,2085,6
1779865404.35164,1984,2202,6
1779865404.351701,1823,2136,6
1779865404.35176,1698,2218,6
1779865404.351818,1663,2064,6
1779865404.351875,2051,2087,6
1779865404.3519318,2610,2213,6
1779865404.351989,2418,2206,6
1779865404.352046,2352,2122,6
1779865404.3521018,2055,2257,6
1779865404.3521621,1933,1962,6
1779865404.3522182,1657,2017,6
1779865404.352673,2001,1851,6
1779865404.352733,2509,1907,6
1779865404.3541188,2326,1998,6
1779865404.358666,1957,2032,6
1779865404.358855,1562,1839,6
1779865404.3692758,1879,1813,6
1779865404.379479,2083,1856,6
1779865404.386915,1999,2003,6
1779865404.3921762,1764,2097,6
1779865404.392278,1585,2270,6
1779865404.3923478,1619,2244,6
1779865404.392412,2164,2145,6
1779865404.3925812,2134,2138,6
1779865404.392681,2189,2060,6
1779865404.3927958,2228,2059,6
1779865404.393026,2091,2090,6
1779865404.3931,2431,1995,6
1779865404.3931708,2233,2301,6
1779865404.393235,1580,2218,6
1779865404.393297,1894,2120,6
1779865404.39344,1981,2282,6
1779865404.3936121,2703,2092,6
1779865404.393707,1953,2112,6
1779865404.40643,1736,1975,6
1779865404.410986,2051,2106,6
1779865404.4283562,2091,1973,6
1779865404.4290938,2088,1993,6
1779865404.429236,1874,2075,6
1779865404.429398,1788,2260,6
1779865404.429491,1911,2106,6
1779865404.429624,2041,2028,6
1779865404.429815,2130,2073,6
1779865404.4299011,2104,2211,6
1779865404.4299982,2159,2113,6
1779865404.4301162,2379,1847,6
1779865404.430183,1972,2195,6
1779865404.430249,1682,2293,6
1779865404.430311,1985,2201,6
1779865404.4303732,2496,2031,6
1779865404.4304352,2615,1860,6
1779865404.430496,1875,2167,6
1779865404.43212,1481,2140,6
1779865404.434636,1746,2121,6
1779865404.4360142,2451,2149,6
1779865404.454956,2334,1970,6
1779865404.4579031,2422,2085,6
1779865404.464134,1580,2344,6
1779865404.464607,1845,2064,6
1779865404.46846,2359,1906,6
1779865404.468801,2356,2125,6
1779865404.4693089,1468,2031,6
1779865404.469388,1512,1960,6
1779865404.469453,1705,2158,6
1779865404.469734,1762,2260,6
1779865404.469821,1928,2121,6
1779865404.469886,2005,2022,6
1779865404.469953,2441,2038,6
1779865404.470017,2115,2173,6
1779865404.47008,1998,2096,6
1779865404.470191,2148,2140,6
1779865404.4702778,2633,1977,6
1779865404.482624,3026,2243,6
1779865404.4862301,1623,2323,6
1779865404.497174,1256,2022,6
1779865404.4978402,1805,1996,6
1779865404.501534,1886,2029,6
1779865404.502938,1977,2157,6
1779865404.503026,2181,2163,6
1779865404.503167,1834,2211,6
1779865404.503287,2175,2129,6
1779865404.503365,1868,2246,6
1779865404.5034392,2140,2040,6
1779865404.5035698,2269,1938,6
1779865404.503734,2689,2054,6
1779865404.503947,2782,1925,6
1779865404.504065,1202,2264,6
1779865404.5042381,1468,2100,6
1779865404.504307,1756,2112,6
1779865404.5059662,1965,2129,6
1779865404.508868,2694,1849,6
1779865404.510327,1929,2214,6
1779865404.5253701,1634,2057,6
1779865404.525602,2020,2130,6
1779865404.5290802,2122,2065,6
1779865404.53646,2112,2008,6
1779865404.537039,2008,2174,6
1779865404.537333,1872,2191,6
1779865404.5422342,2016,2203,6
1779865404.542356,2103,2192,6
1779865404.542444,2207,2118,6
1779865404.5425122,3204,1879,6
1779865404.542697,2179,2273,6
1779865404.5428228,1364,2169,6
1779865404.543044,1846,2041,6
1779865404.543113,2067,1952,6
1779865404.54321,1881,2199,6
1779865404.5433679,1999,2013,6
1779865404.5447848,1561,2115,6
1779865404.557705,1888,1987,6
1779865404.558143,2125,2070,6
1779865404.561127,2086,2033,6
1779865404.562078,2440,1999,6
1779865404.569917,2675,2165,6
1779865404.574483,1717,2329,6
1779865404.574583,1756,2015,6
1779865404.5746508,2101,1989,6
1779865404.5747159,2038,2144,6
1779865404.5747788,2348,2034,6
1779865404.574837,1816,2230,6
1779865404.5750241,2057,2041,6
1779865404.5752718,1977,2261,6
1779865404.5754108,1746,2235,6
1779865404.5756118,2072,2150,6
1779865404.57585,2048,2072,6
1779865404.5786371,1858,2110,6
1779865404.579793,1813,2042,6
1779865404.596826,2023,2067,6
1779865404.608067,2175,1979,6
1779865404.609397,2259,2120,6
1779865404.609586,1984,2212,6
1779865404.609736,2023,2133,6
1779865404.6098912,2202,2059,6
1779865404.610028,2258,2123,6
1779865404.610162,2305,2109,6
1779865404.610276,1935,2113,6
1779865404.610409,1861,2061,6
1779865404.6107872,1886,2117,6
1779865404.610848,1958,2063,6
1779865404.6109078,2103,2152,6
1779865404.610965,2870,2065,6
1779865404.6110232,1902,2144,6
1779865404.6122508,2272,1990,6
1779865404.624289,2339,2048,6
1779865404.626632,2368,1885,6
1779865404.635978,1741,2181,6
1779865404.636769,1402,2300,6
1779865404.641267,1463,2260,6
1779865404.641738,1854,2154,6
1779865404.642304,1831,2123,6
1779865404.642438,1774,2194,6
1779865404.6425018,1849,2201,6
1779865404.642565,2175,2108,6
1779865404.642751,2359,1956,6
1779865404.643096,2658,2090,6
1779865404.643182,2340,2191,6
1779865404.643243,2219,2136,6
1779865404.6433878,1923,1988,6
1779865404.6484659,2221,1983,6
1779865404.64854,1958,2079,6
1779865404.648602,1481,2260,6
1779865404.658454,1592,2035,6
1779865404.666219,1861,1987,6
1779865404.677794,1962,2202,6
1779865404.678974,1982,2240,6
1779865404.684087,2087,2168,6
1779865404.684312,2106,2112,6
1779865404.684394,2058,2074,6
1779865404.684615,2072,2119,6
1779865404.686534,2236,2094,6
1779865404.686754,2238,2087,6
1779865404.6871092,2108,2101,6
1779865404.687465,1997,2221,6
1779865404.689028,2125,2087,6
1779865404.699299,1992,2013,6
1779865404.708792,1939,2012,6
1779865404.714869,1945,2119,6
1779865404.715988,1946,2071,6
1779865404.7197921,2068,2049,6
1779865404.7199419,2200,2052,6
1779865404.720012,2078,2289,6
1779865404.7201831,1910,2154,6
1779865404.720413,2068,2058,6
1779865404.721063,2176,2020,6
1779865404.7212632,2148,2039,6
1779865404.721646,1998,2124,6
1779865404.722186,2521,1902,6
1779865404.722336,2252,2118,6
1779865404.722514,1391,2228,6
1779865404.7230752,1903,2095,6
1779865404.723213,2061,2073,6
1779865404.723356,1931,2092,6
1779865404.7236218,1942,2107,6
1779865404.723729,1925,2141,6
1779865404.7238069,2481,2051,6
1779865404.723875,2420,2047,6
1779865404.7239392,1532,2331,6
1779865404.7240052,1667,2234,6
1779865404.7240682,2089,2039,6
1779865404.726781,2237,1973,6
1779865404.7281559,2096,1960,6
1779865404.74288,1860,1857,6
1779865404.749784,1860,1799,6
1779865404.752147,2106,1696,6
1779865404.7522318,2226,1787,6
1779865404.752945,2158,1950,6
1779865404.7575092,1936,1938,6
1779865404.75778,2139,1820,6
1779865404.757946,2129,1858,6
1779865404.758063,2235,1953,6
1779865404.758131,2022,1980,6
1779865404.7581928,1767,2002,6
1779865404.7582562,1721,1978,6
1779865404.758316,2016,2000,6
1779865404.75838,2037,2141,6
1779865404.7584908,2064,2016,6
1779865404.759827,2146,1939,6
1779865404.771841,2190,1886,6
1779865404.7754,1924,2160,6
1779865404.783086,1998,2049,6
1779865404.784118,2104,2037,6
1779865404.789163,1838,2148,6
1779865404.790821,1904,2164,6
1779865404.791007,2174,2108,6
1779865404.791209,2150,2036,6
1779865404.791286,2052,2039,6
1779865404.791353,1941,2113,6
1779865404.791418,1918,2050,6
1779865404.79148,1983,2001,6
1779865404.791544,2053,2058,6
1779865404.7916548,2034,2167,6
1779865404.791723,2393,2079,6
1779865404.791787,2349,2196,6
1779865404.7947478,2006,1988,6
1779865404.796719,1801,2050,6
1779865404.808498,2096,1978,6
1779865404.808804,1999,2036,6
1779865404.8108218,1834,1972,6
1779865404.8200169,1776,2115,6
1779865404.824708,1893,2157,6
1779865404.825126,2005,1960,6
1779865404.8252149,2058,1993,6
1779865404.825294,2035,2044,6
1779865404.8253598,2015,2089,6
1779865404.825423,2125,1989,6
1779865404.8254879,2167,1996,6
1779865404.825553,2111,2211,6
1779865404.825616,1960,2212,6
1779865404.825679,2100,2039,6
1779865404.825741,2082,2067,6
1779865404.828895,2082,2041,6
1779865404.840426,2114,2084,6
1779865404.845907,2022,2077,6
1779865404.846453,2008,2030,6
1779865404.85218,2010,2095,6
1779865404.855834,1980,2162,6
1779865404.857244,1964,2149,6
1779865404.8573282,2062,2035,6
1779865404.857496,2026,2018,6
1779865404.857713,2035,1966,6
1779865404.857792,2143,1939,6
1779865404.857857,2095,1855,6
1779865404.857918,1973,1817,6
1779865404.857982,1999,1909,6
1779865404.858044,2093,1916,6
1779865404.8581061,2140,1893,6
1779865404.860773,2036,1901,6
1779865404.862466,1927,1958,6
1779865404.86389,1973,1901,6
1779865404.875304,1993,1897,6
1779865404.87829,2049,2004,6
1779865404.8893282,1998,2083,6
1779865404.892958,1944,2153,6
1779865404.8943858,2024,2005,6
1779865404.894662,2050,1926,6
1779865404.8949382,2073,1951,6
1779865404.895152,2112,2032,6
1779865404.895236,2190,2060,6
1779865404.8953018,2144,2033,6
1779865404.895369,2029,2074,6
1779865404.8955321,1956,2168,6
1779865404.8957288,1984,2091,6
1779865404.895796,2045,1947,6
1779865404.8958552,2097,1973,6
1779865404.895935,2068,2108,6
1779865404.89888,2042,2153,6
1779865404.9046102,2112,1992,6
1779865404.9075541,2095,2076,6
1779865404.921736,2038,2144,6
1779865404.926431,2078,2254,6
1779865404.92661,2134,2053,6
1779865404.9266849,2119,2032,6
1779865404.926754,2108,2016,6
1779865404.92694,2039,2118,6
1779865404.9270148,2041,2057,6
1779865404.927084,2057,2019,6
1779865404.927156,2061,2134,6
1779865404.927225,2026,2199,6
1779865404.9272928,2131,2107,6
1779865404.92747,2121,2006,6
1779865404.927584,2091,1997,6
1779865404.930291,2123,2016,6
1779865404.9317179,2120,2037,6
1779865404.934825,2129,1949,6
1779865404.941758,2089,2040,6
1779865404.946938,2071,2244,6
1779865404.957796,2058,2315,6
1779865404.958175,2090,2406,6
1779865404.958643,2117,2450,6
1779865404.958925,2113,2563,6
1779865404.959092,2122,2599,6
1779865404.9595919,2162,2494,6
1779865404.960035,2108,2470,6
1779865404.964149,2067,2543,6
1779865404.964391,2046,2531,6
1779865404.964496,2108,2353,6
1779865404.9646568,2166,2280,6
1779865404.964733,2133,2260,6
1779865404.9648309,2095,2236,6
1779865404.965947,2165,2143,6
1779865404.9747572,2122,2116,6
1779865404.978774,1982,2180,6
1779865404.982309,1971,2276,6
1779865404.985389,2096,2125,6
1779865404.9911199,2103,1969,6
1779865404.99134,2084,1925,6
1779865404.991688,2087,1905,6
1779865404.995808,2085,1932,6
1779865404.9959328,2142,1951,6
1779865404.996007,2091,2011,6
1779865404.996072,2054,2079,6
1779865404.996135,2087,2086,6
1779865404.996255,2099,2053,6
1779865404.996394,2110,2008,6
1779865404.996466,2073,2008,6
1779865404.997718,2036,2000,6
1779865405.000454,2113,2025,6
1779865405.001936,2140,2116,6
1779865405.0126028,2018,2169,6
1779865405.018048,1951,2147,6
1779865405.022111,2045,2052,6
1779865405.0274591,2055,1957,6
1779865405.028784,2069,1923,6
1779865405.0293581,2006,1939,6
1779865405.033569,2086,1897,6
1779865405.033705,2070,1980,6
1779865405.0338418,2117,2167,6
1779865405.033949,2099,2192,6
1779865405.0340202,2212,2280,6
1779865405.0341198,2240,2233,6
1779865405.034245,2204,2291,6
1779865405.034316,2091,2218,6
1779865405.034527,2083,2039,6
1779865405.034678,2066,1971,6
1779865405.0361228,2063,1970,6
1779865405.044439,2101,2096,6
1779865405.046165,1975,2110,6
1779865405.059747,2039,2009,6
1779865405.060364,2096,2005,6
1779865405.0610108,2165,2020,6
1779865405.0615191,2158,2131,6
1779865405.065622,2189,2127,6
1779865405.065711,2190,2184,6
1779865405.066017,2053,2292,6
1779865405.0661728,2032,2273,6
1779865405.0662432,2110,2048,6
1779865405.066307,2065,1980,6
1779865405.066368,2017,1942,6
1779865405.0665011,2041,1998,6
1779865405.066574,2188,2042,6
1779865405.0679302,2045,2012,6
1779865405.070386,2078,2052,6
1779865405.102655,2158,2175,6
1779865405.1055849,2237,2096,6
1779865405.106216,2192,2063,6
1779865405.1065931,2189,2065,6
1779865405.107202,2036,2438,6
1779865405.107281,2111,2611,6
1779865405.135694,2156,2519,6
1779865405.137356,2188,2389,6
1779865405.140228,2010,2353,6
1779865405.14031,1979,2324,6
1779865405.140374,1986,1916,6
1779865405.140434,2149,1807,6
1779865405.1404932,2117,1850,6
1779865405.14055,2122,1795,6
1779865405.1406069,2172,1644,6
1779865405.1406631,2008,1697,6
1779865405.1407201,2097,1881,6
1779865405.140776,2063,2163,6
1779865405.1408331,2129,2218,6
1779865405.1408892,2098,2243,6
1779865405.140946,2115,2160,6
1779865405.141002,2109,2253,6
1779865405.143147,2111,2043,6
1779865405.172564,2091,1977,6
1779865405.172807,1907,2236,6
1779865405.182234,1952,2302,6
1779865405.202338,2079,2207,6
1779865405.202471,2053,2066,6
1779865405.202624,2114,2079,6
1779865405.203389,2134,2220,6
1779865405.20353,2147,2276,6
1779865405.203625,2066,2139,6
1779865405.203695,1999,2164,6
1779865405.203757,2029,2246,6
1779865405.203894,2104,2239,6
1779865405.204164,2233,2268,6
1779865405.204226,2104,2148,6
1779865405.204427,2028,2113,6
1779865405.204491,2071,2096,6
1779865405.2047832,2080,2010,6
1779865405.206435,2075,2106,6
1779865405.207127,2082,2187,6
1779865405.207219,2047,2186,6
1779865405.207458,2112,1952,6
1779865405.207529,2085,1868,6
1779865405.2075908,1957,1912,6
1779865405.20765,2036,2108,6
1779865405.207707,2035,2002,6
1779865405.207765,2172,2043,6
1779865405.207823,2066,2209,6
1779865405.207884,1979,2494,6
1779865405.2079418,2100,2336,6
1779865405.207998,1990,2219,6
1779865405.208055,2185,2174,6
1779865405.208111,2223,2331,6
1779865405.208169,2090,2209,6
1779865405.208225,2132,2077,6
1779865405.208284,1997,2102,6
1779865405.208382,2047,2195,6
1779865405.20849,2168,2149,6
1779865405.2086139,2053,2070,6
1779865405.208818,2072,1991,6
1779865405.209025,2123,2059,6
1779865405.2091148,2185,2157,6
1779865405.209176,2144,2038,6
1779865405.209304,2011,2059,6
1779865405.209431,1972,2195,6
1779865405.2095308,1984,2215,6
1779865405.2096,2226,2141,6
1779865405.209664,2163,2062,6
1779865405.220621,2151,2056,6
1779865405.2288692,2081,2140,6
1779865405.234267,2117,2081,6
1779865405.234911,2105,2081,6
1779865405.239391,2057,2159,6
1779865405.239558,1935,2266,6
1779865405.239807,2093,2143,6
1779865405.239993,2194,2056,6
1779865405.240107,2216,2015,6
1779865405.2402,2133,2028,6
1779865405.240266,2095,2009,6
1779865405.240331,2083,1948,6
1779865405.2403939,2108,2081,6
1779865405.240475,2130,2193,6
1779865405.2405481,2055,1993,6
1779865405.241923,2133,1846,6
1779865405.2541099,2102,1838,6
1779865405.2546391,2042,1850,6
1779865405.25717,2029,1876,6
1779865405.258066,2173,1800,6
1779865405.2644072,2138,1872,6
1779865405.2657301,1961,1950,6
1779865405.2700229,2035,2070,6
1779865405.270119,2179,1979,6
1779865405.2702458,2139,1992,6
1779865405.270453,2123,2058,6
1779865405.2706041,2064,2103,6
1779865405.2706969,2130,2027,6
1779865405.270762,2126,2024,6
1779865405.270828,2064,2054,6
1779865405.272321,1993,2180,6
1779865405.273727,2108,2145,6
1779865405.2765288,2091,2062,6
1779865405.278487,2075,2009,6
1779865405.2875571,2067,2094,6
1779865405.290907,2089,2111,6
1779865405.29351,2129,2076,6
1779865405.301613,2127,2131,6
1779865405.306171,2066,2245,6
1779865405.3062882,1969,2186,6
1779865405.306635,2034,2090,6
1779865405.306905,2056,2072,6
1779865405.307033,2048,2095,6
1779865405.307106,2078,2131,6
1779865405.307648,2045,2161,6
1779865405.3077278,2085,2233,6
1779865405.307793,2112,2407,6
1779865405.307853,2021,2463,6
1779865405.307911,2061,2335,6
1779865405.317416,2136,2260,6
1779865405.3212469,2149,2318,6
1779865405.324565,2050,2355,6
1779865405.3309572,2075,2229,6
1779865405.3315861,2135,2109,6
1779865405.332387,2022,2215,6
1779865405.3355,1989,2313,6
1779865405.335576,2070,2148,6
1779865405.335642,2084,2081,6
1779865405.3357031,2124,2096,6
1779865405.335767,2086,2161,6
1779865405.335826,2097,2079,6
1779865405.335882,2040,1988,6
1779865405.3359392,2007,2036,6
1779865405.339051,1945,2129,6
1779865405.340462,2003,2079,6
1779865405.341816,2042,1941,6
1779865405.352234,2092,1881,6
1779865405.3577118,2068,1922,6
1779865405.3611038,2091,2013,6
1779865405.367531,2122,1969,6
1779865405.368454,2084,2024,6
1779865405.373323,2055,2139,6
1779865405.373452,1999,2137,6
1779865405.373686,2174,2016,6
1779865405.373853,2124,1974,6
1779865405.373944,2019,2016,6
1779865405.374013,1992,2097,6
1779865405.374167,2092,1990,6
1779865405.3742578,2100,2000,6
1779865405.374323,2002,2166,6
1779865405.374388,2014,2227,6
1779865405.374451,2127,2101,6
1779865405.37579,2127,2045,6
1779865405.384566,2073,2023,6
1779865405.391745,2052,2070,6
1779865405.393889,2151,2081,6
1779865405.401855,2165,2034,6
1779865405.403399,1952,2031,6
1779865405.403619,1919,2143,6
1779865405.40402,1999,2169,6
1779865405.407074,2069,2061,6
1779865405.407285,2040,2015,6
1779865405.407459,2035,2028,6
1779865405.4075289,2038,2068,6
1779865405.40767,2121,1975,6
1779865405.407867,2060,2028,6
1779865405.408014,1974,2231,6
1779865405.4080808,1951,2236,6
1779865405.4081438,2131,2078,6
1779865405.4094799,2064,2083,6
1779865405.426178,2067,2103,6
1779865405.427003,2066,2139,6
1779865405.427234,2081,2060,6
1779865405.437433,2057,2017,6
1779865405.437533,2026,2126,6
1779865405.437602,2020,2226,6
1779865405.437666,2094,2146,6
1779865405.4377291,2065,2083,6
1779865405.43788,2029,2043,6
1779865405.438061,2043,2093,6
1779865405.438736,2073,2055,6
1779865405.438823,2021,2035,6
1779865405.439101,1979,2126,6
1779865405.439318,1940,2182,6
1779865405.439606,2024,2161,6
1779865405.447958,2038,2052,6
1779865405.457481,2074,2017,6
1779865405.457928,2064,2055,6
1779865405.462525,2030,2101,6
1779865405.4671848,2061,1971,6
1779865405.467406,2028,2039,6
1779865405.467594,1957,2166,6
1779865405.467665,1980,2235,6
1779865405.4677289,2109,2110,6
1779865405.467829,2099,2029,6
1779865405.4678972,2085,2035,6
1779865405.468024,2013,2144,6
1779865405.468099,2069,2116,6
1779865405.468174,2047,2015,6
1779865405.469584,1999,2122,6
1779865405.473614,1999,2214,6
1779865405.473867,2027,2100,6
1779865405.488402,2064,2055,6
1779865405.494742,2142,2002,6
1779865405.49969,1996,2102,6
1779865405.503841,2040,2090,6
1779865405.504004,2109,2062,6
1779865405.50411,1991,2110,6
1779865405.5041761,1926,2226,6
1779865405.50424,1994,2183,6
1779865405.504298,2075,2002,6
1779865405.504426,2123,1986,6
1779865405.504648,2112,2059,6
1779865405.504971,2026,2095,6
1779865405.505111,2093,2012,6
1779865405.5054002,2102,2089,6
1779865405.505506,2048,2211,6
1779865405.505836,2003,2287,6
1779865405.521261,2078,2139,6
1779865405.524111,2055,2095,6
1779865405.528318,2069,2050,6
1779865405.5293498,2033,2076,6
1779865405.5300019,2096,1984,6
1779865405.534358,2071,2000,6
1779865405.534503,2003,2089,6
1779865405.534702,2011,2192,6
1779865405.5348659,2061,2082,6
1779865405.534946,1955,2042,6
1779865405.535053,2032,2063,6
1779865405.5351832,2065,2117,6
1779865405.5352588,2051,2085,6
1779865405.535436,2130,2030,6
1779865405.535508,2070,2119,6
1779865405.538953,2005,2226,6
1779865405.540534,2104,2183,6
1779865405.5416791,2064,2044,6
1779865405.551699,2080,2008,6
1779865405.5580502,2069,2059,6
1779865405.558284,2077,2118,6
1779865405.560725,2125,2063,6
1779865405.565353,2038,2155,6
1779865405.565811,2044,2208,6
1779865405.570425,1997,2174,6
1779865405.570613,2079,2056,6
1779865405.570714,2148,2038,6
1779865405.5708191,2106,2044,6
1779865405.570911,1994,2071,6
1779865405.570991,2031,1985,6
1779865405.57106,1970,1987,6
1779865405.571125,1963,2140,6
1779865405.572639,1976,2227,6
1779865405.579728,2058,2105,6
1779865405.585116,2041,2060,6
1779865405.591243,2084,2017,6
1779865405.596163,2117,2102,6
1779865405.600435,2199,2072,6
1779865405.600644,2113,2038,6
1779865405.600727,2048,2099,6
1779865405.600794,1992,2190,6
1779865405.6008892,2054,2192,6
1779865405.601026,2098,2075,6
1779865405.6011221,2038,2071,6
1779865405.601278,2019,2102,6
1779865405.6013792,2006,2108,6
1779865405.6014469,2085,2022,6
1779865405.601516,2105,2083,6
1779865405.604248,1997,2191,6
1779865405.6064541,1973,2239,6
1779865405.607886,2056,2118,6
1779865405.622907,2075,2070,6
1779865405.625689,2126,2025,6
1779865405.6298811,2053,2128,6
1779865405.630487,2087,1977,6
1779865405.635146,2044,1966,6
1779865405.63528,2033,2177,6
1779865405.635512,1996,2237,6
1779865405.635644,2088,2008,6
1779865405.6357188,2161,1971,6
1779865405.635882,2167,1988,6
1779865405.636149,2068,2036,6
1779865405.6363058,1972,1971,6
1779865405.636387,2124,1914,6
1779865405.636522,2081,2021,6
1779865405.637701,1999,2170,6
1779865405.6460092,1948,2106,6
1779865405.646122,2051,2032,6
1779865405.646296,2058,1970,6
1779865405.6602938,1994,2011,6
1779865405.665069,2027,2093,6
1779865405.665287,2092,1996,6
1779865405.6654289,2064,1991,6
1779865405.6655092,1922,2130,6
1779865405.6655738,1944,2219,6
1779865405.665746,2108,2087,6
1779865405.665833,2133,2041,6
1779865405.665897,2101,2008,6
1779865405.6660109,2096,2113,6
1779865405.6661,2115,2077,6
1779865405.667478,1986,2055,6
1779865405.669922,1968,2135,6
1779865405.6717062,1964,2230,6
1779865405.682097,2062,2078,6
1779865405.6846762,2082,2047,6
1779865405.695137,2065,2006,6
1779865405.6997561,2038,2038,6
1779865405.69985,2139,2082,6
1779865405.699944,2075,1994,6
1779865405.700008,2058,2089,6
1779865405.700211,2040,2200,6
1779865405.700311,2031,2140,6
1779865405.700578,2036,2020,6
1779865405.7008052,2059,1939,6
1779865405.7010071,2003,1924,6
1779865405.70109,1992,1959,6
1779865405.701269,2074,1875,6
1779865405.701411,2040,1920,6
1779865405.710353,1970,2027,6
1779865405.715173,2006,2116,6
1779865405.7247748,2108,1956,6
1779865405.725096,2057,1911,6
1779865405.725479,2015,1933,6
1779865405.726212,2014,2013,6
1779865405.730539,2091,1956,6
1779865405.73355,2079,1905,6
1779865405.735132,2027,2024,6
1779865405.735211,2011,2150,6
1779865405.735277,2142,2035,6
1779865405.735342,2118,1952,6
1779865405.7358458,2079,1941,6
1779865405.735925,2056,1981,6
1779865405.735991,2105,1964,6
1779865405.736075,2125,1961,6
1779865405.736206,1994,2008,6
1779865405.760938,1946,2109,6
1779865405.761785,1999,2082,6
1779865405.7661812,2051,1964,6
1779865405.7663958,2095,1974,6
1779865405.766538,2088,2023,6
1779865405.7669692,2068,2071,6
1779865405.767047,2104,1953,6
1779865405.767112,2064,2008,6
1779865405.7679071,1983,2122,6
1779865405.768182,2030,2169,6
1779865405.768317,2147,2024,6
1779865405.768447,2085,2022,6
1779865405.768517,2026,1982,6
1779865405.768597,1936,2016,6
1779865405.768796,2094,1966,6
1779865405.7689679,2154,2010,6
1779865405.777111,1967,2130,6
1779865405.7786949,1924,2263,6
1779865405.791013,2033,2122,6
1779865405.791378,2105,2036,6
1779865405.791672,2119,2072,6
1779865405.791957,2183,2115,6
1779865405.7960699,2231,2022,6
1779865405.796694,2163,2014,6
1779865405.796939,2134,2062,6
1779865405.7970219,2326,2132,6
1779865405.7970922,2660,2006,6
1779865405.7971551,1987,2087,6
1779865405.79725,1648,2013,6
1779865405.797327,1779,1944,6
1779865405.797395,1956,2026,6
1779865405.8001652,2096,1986,6
1779865405.8016052,2013,2034,6
1779865405.8042922,1849,2176,6
1779865405.818662,2157,2175,6
1779865405.819139,2044,2139,6
1779865405.820069,2090,2036,6
1779865405.8203158,2131,1976,6
1779865405.8252401,2390,2003,6
1779865405.82605,2446,2057,6
1779865405.829269,2785,1832,6
1779865405.82941,1875,2185,6
1779865405.8294988,1545,2359,6
1779865405.82958,2327,2184,6
1779865405.829644,2255,2100,6
1779865405.829706,2203,1919,6
1779865405.829768,1238,2223,6
1779865405.8423092,1297,2260,6
1779865405.842803,1744,2043,6
1779865405.8518028,1816,2092,6
1779865405.855812,1825,2138,6
1779865405.8563998,1774,2221,6
1779865405.856498,2046,1966,6
1779865405.8565671,2168,2031,6
1779865405.8566542,2257,2109,6
1779865405.8567228,2781,1864,6
1779865405.8567832,2605,1968,6
1779865405.856843,1957,2253,6
1779865405.856898,1656,2260,6
1779865405.8569658,1939,2198,6
1779865405.858314,2141,2012,6
1779865405.859709,2035,2047,6
1779865405.862127,1896,2020,6
1779865405.870075,1966,2166,6
1779865405.873798,2013,2066,6
1779865405.874211,2159,1998,6
1779865405.879086,2341,1947,6
1779865405.8829498,2006,2227,6
1779865405.886883,1914,2195,6
1779865405.887212,2268,2009,6
1779865405.887351,2470,1867,6
1779865405.887554,2331,2045,6
1779865405.8877718,2120,2101,6
1779865405.887844,1822,1997,6
1779865405.887957,1521,2068,6
1779865405.888065,1669,2287,6
1779865405.889472,1870,2111,6
1779865405.899862,1901,2018,6
1779865405.904087,1932,1980,6
1779865405.9072971,1981,2015,6
1779865405.9076202,2025,2102,6
1779865405.908024,2180,1952,6
1779865405.908271,2296,2040,6
1779865405.908704,2117,2175,6
1779865405.911675,2160,2112,6
1779865405.9118972,2288,2031,6
1779865405.9120839,2177,2015,6
1779865405.912236,2247,1992,6
1779865405.9136682,2233,2001,6
1779865405.916374,1995,2030,6
1779865405.9188852,2163,1947,6
1779865405.9277928,2180,2146,6
1779865405.9352682,1895,2273,6
1779865405.942446,2113,2098,6
1779865405.942911,2105,1942,6
1779865405.943053,2548,1801,6
1779865405.943171,1952,2256,6
1779865405.9433029,1552,2173,6
1779865405.943431,1612,2029,6
1779865405.943595,3825,1544,6
1779865405.943713,2262,2513,6
1779865405.943789,928,2293,6
1779865405.943846,1347,2024,6
1779865405.9439008,1747,1921,6
1779865405.945458,1943,2063,6
1779865405.9533598,1908,2113,6
1779865405.9534998,1869,1987,6
1779865405.957504,1804,1946,6
1779865405.960625,2064,2027,6
1779865405.9609458,2237,2114,6
1779865405.9646862,2272,2061,6
1779865405.96793,2506,1904,6
1779865405.968102,2225,2017,6
1779865405.968228,2368,2007,6
1779865405.9686038,2332,1989,6
1779865405.968864,2439,1865,6
1779865405.9702458,2014,2117,6
1779865405.972406,1366,2248,6
1779865405.973989,1784,1868,6
1779865405.975349,2429,1969,6
1779865405.992102,2070,2209,6
1779865405.998529,1785,2216,6
1779865406.002872,1826,2133,6
1779865406.003432,2329,1850,6
1779865406.003624,2257,2158,6
1779865406.0037062,1822,2387,6
1779865406.004441,1966,2312,6
1779865406.004711,2066,2024,6
1779865406.0048041,2042,1957,6
1779865406.004981,2106,2069,6
1779865406.00609,1975,2156,6
1779865406.006305,2099,2096,6
1779865406.006381,2102,2236,6
1779865406.0064452,1994,2371,6
1779865406.0066738,1851,2386,6
1779865406.0245252,2013,2183,6
1779865406.0290701,2222,2048,6
1779865406.033789,2255,2068,6
1779865406.0339022,2243,2046,6
1779865406.033974,1888,2099,6
1779865406.03404,1667,2064,6
1779865406.034105,1808,2116,6
1779865406.0341692,1983,2258,6
1779865406.0344162,2243,2190,6
1779865406.034492,2199,2206,6
1779865406.0346692,2179,2118,6
1779865406.0347462,2258,2106,6
1779865406.034818,2179,2121,6
1779865406.0348842,1929,2109,6
1779865406.036246,1779,2146,6
1779865406.037664,1888,2163,6
1779865406.039977,2075,2095,6
1779865406.041512,2121,1918,6
1779865406.0508091,2130,1893,6
1779865406.054338,2005,2015,6
1779865406.0572171,1952,2030,6
1779865406.063448,2036,1979,6
1779865406.0670998,2060,2009,6
1779865406.067574,2083,2015,6
1779865406.067656,2129,2004,6
1779865406.067793,2269,1917,6
1779865406.0679119,2178,1854,6
1779865406.068074,2072,1861,6
1779865406.068197,1995,1972,6
1779865406.068274,2065,1962,6
1779865406.068369,2112,1996,6
1779865406.069788,1995,2030,6
1779865406.077743,2158,2091,6
1779865406.08642,2199,1870,6
1779865406.086703,1936,1948,6
1779865406.086872,2002,1851,6
1779865406.087088,2106,1860,6
1779865406.090569,1905,1943,6
1779865406.090838,2032,2004,6
1779865406.0941389,2475,1958,6
1779865406.0943239,2017,1909,6
1779865406.094527,1652,2180,6
1779865406.094678,1761,2005,6
1779865406.094811,1969,1938,6
1779865406.096171,2023,2021,6
1779865406.097522,2147,1988,6
1779865406.100317,2221,1869,6
1779865406.1144068,1948,2006,6
1779865406.123244,1923,2077,6
1779865406.1235352,2166,2082,6
1779865406.123714,2132,1947,6
1779865406.123979,2243,2006,6
1779865406.124128,2096,1965,6
1779865406.124285,1979,2037,6
1779865406.128216,1873,2001,6
1779865406.128664,1955,2020,6
1779865406.128808,2031,2008,6
1779865406.128882,1984,2171,6
1779865406.128947,1884,2151,6
1779865406.129094,2045,2044,6
1779865406.129251,2260,1751,6
1779865406.129376,2583,1797,6
1779865406.138104,2010,2243,6
1779865406.142003,2132,1795,6
1779865406.1422331,1982,1965,6
1779865406.142539,1560,2263,6
1779865406.1452842,2032,2177,6
1779865406.147947,2221,1992,6
1779865406.152226,1765,1971,6
1779865406.152524,1870,2101,6
1779865406.152718,2010,2083,6
1779865406.155946,2861,1860,6
1779865406.15616,2005,2050,6
1779865406.156301,1584,2152,6
1779865406.156414,1876,2117,6
1779865406.157859,2285,2063,6
1779865406.159225,2240,2013,6
1779865406.161694,1563,2080,6
1779865406.17138,1951,1989,6
1779865406.175243,2562,1782,6
1779865406.17804,2695,1888,6
1779865406.1846771,1598,2214,6
1779865406.185569,2212,2099,6
1779865406.189826,2169,2052,6
1779865406.190049,1635,2036,6
1779865406.19017,2331,1843,6
1779865406.190343,1744,2127,6
1779865406.1904142,1571,2058,6
1779865406.190481,1621,2027,6
1779865406.1905432,1910,1983,6
1779865406.190606,2113,2011,6
1779865406.190666,2259,2084,6
1779865406.192408,2351,1900,6
1779865406.2008278,2246,2040,6
1779865406.207665,2078,2079,6
1779865406.211871,2114,1982,6
1779865406.215523,2203,1826,6
1779865406.216,2520,1658,6
1779865406.216083,2061,2093,6
1779865406.216149,1422,2280,6
1779865406.216218,2763,1895,6
1779865406.216319,2353,1955,6
1779865406.21639,2319,2137,6
1779865406.216457,2754,2152,6
1779865406.216521,1701,2023,6
1779865406.218079,1384,1920,6
1779865406.219525,1588,2064,6
1779865406.2228649,1721,2298,6
1779865406.224285,1882,2128,6
1779865406.236953,1988,1784,6
1779865406.241493,2048,1786,6
1779865406.24541,1827,2169,6
1779865406.2495308,1873,2233,6
1779865406.2496681,2553,2203,6
1779865406.24981,2492,2068,6
1779865406.250041,1951,2315,6
1779865406.250261,2155,2226,6
1779865406.250378,2533,1924,6
1779865406.250454,1884,2389,6
1779865406.2505631,2056,2296,6
1779865406.250627,1911,2273,6
1779865406.250731,1824,2078,6
1779865406.252149,2388,2078,6
1779865406.25986,2224,2579,6
1779865406.2606049,2080,2072,6
1779865406.2753139,2808,1899,6
1779865406.276274,2572,2186,6
1779865406.2763882,1861,1772,6
1779865406.276447,1301,2151,6
1779865406.2765,1509,1957,6
1779865406.2765539,1842,1973,6
1779865406.276605,2385,2025,6
1779865406.276681,1745,2399,6
1779865406.27676,2649,1890,6
1779865406.276809,1607,2053,6
1779865406.278174,1623,2026,6
1779865406.279841,2515,1809,6
1779865406.2813,4095,1499,6
1779865406.29112,2255,2324,6
1779865406.292754,607,2157,6
1779865406.2959628,1278,1913,6
1779865406.299414,1929,2026,6
1779865406.30619,2360,1906,6
1779865406.306494,2488,2091,6
1779865406.306685,2093,1983,6
1779865406.307013,1466,2048,6
1779865406.3073049,2252,1534,6
1779865406.3078122,2624,1753,6
1779865406.31118,2006,2008,6
1779865406.3116019,1843,1957,6
1779865406.3117151,1987,1740,6
1779865406.311829,1978,1964,6
1779865406.312024,2309,1685,6
1779865406.3134022,2265,1937,6
1779865406.320944,2005,1888,6
1779865406.3247502,2091,1416,6
1779865406.328426,2381,1575,6
1779865406.3307421,2330,1993,6
1779865406.335648,1931,1970,6
1779865406.339168,2149,1541,6
1779865406.339512,2932,1607,6
1779865406.3397171,1884,1996,6
1779865406.3398259,1305,1923,6
1779865406.3398888,1744,1915,6
1779865406.340075,2167,1795,6
1779865406.340136,2151,2114,6
1779865406.3401868,1994,2168,6
1779865406.341522,1849,1649,6
1779865406.344131,1810,1630,6
1779865406.346257,2050,1654,6
1779865406.354377,2289,1979,6
1779865406.358874,2378,1862,6
1779865406.362209,2648,1893,6
1779865406.369311,2059,1999,6
1779865406.369588,2197,1667,6
1779865406.373146,2141,1987,6
1779865406.373346,2667,2017,6
1779865406.37343,1637,2079,6
1779865406.373513,1161,2301,6
1779865406.373578,1520,1952,6
1779865406.373686,2042,2027,6
1779865406.3737721,2193,2396,6
1779865406.373898,1912,2566,6
1779865406.374028,1937,2253,6
1779865406.375402,1982,2326,6
1779865406.386395,2399,2162,6
1779865406.3867068,2758,2019,6
1779865406.3907478,1750,2464,6
1779865406.394881,2146,2148,6
1779865406.398148,2099,2181,6
1779865406.399019,1992,2465,6
1779865406.399102,1950,2362,6
1779865406.3991659,1725,2365,6
1779865406.3992279,1629,2015,6
1779865406.399349,1959,1903,6
1779865406.399498,2147,2097,6
1779865406.3997009,1972,2169,6
1779865406.401176,2196,2131,6
1779865406.4038131,2267,2240,6
1779865406.413429,2279,2261,6
1779865406.414405,1956,2297,6
1779865406.424233,1910,2121,6
1779865406.424553,2753,2235,6
1779865406.4324,3360,2240,6
1779865406.433711,1092,2538,6
1779865406.433792,1216,2359,6
1779865406.433862,2099,2177,6
1779865406.433953,2016,2404,6
1779865406.434037,1834,2469,6
1779865406.4340968,1708,2254,6
1779865406.43415,2045,2251,6
1779865406.434203,2711,2347,6
1779865406.4342542,1983,2371,6
1779865406.4343061,1817,2071,6
1779865406.4358091,2202,2061,6
1779865406.441889,2948,2154,6
1779865406.442762,3270,2397,6
1779865406.4430609,1125,2341,6
1779865406.447347,1421,2168,6
1779865406.451096,1657,2254,6
1779865406.457776,1794,2329,6
1779865406.457969,1920,2130,6
1779865406.4583712,1966,2105,6
1779865406.4586828,2122,2287,6
1779865406.4591,2253,2272,6
1779865406.462566,2061,2080,6
1779865406.4627562,1977,2162,6
1779865406.463233,2002,2123,6
1779865406.463404,2239,2045,6
1779865406.4662132,2267,1967,6
1779865406.46767,2330,1962,6
1779865406.469105,1842,2246,6
1779865406.475927,2660,2191,6
1779865406.4760041,1985,1979,6
1779865406.476073,1112,2019,6
1779865406.4791338,2069,1732,6
1779865406.485655,2310,1870,6
1779865406.4924831,1997,2077,6
1779865406.4928908,1905,1881,6
1779865406.493143,1884,2043,6
1779865406.493491,1621,2184,6
1779865406.496137,2166,2087,6
1779865406.497239,2049,2031,6
1779865406.49737,2181,2143,6
1779865406.4975,2188,2284,6
1779865406.4976268,1927,2279,6
1779865406.507738,2422,2117,6
1779865406.5103219,2213,2266,6
1779865406.510945,1735,2408,6
1779865406.511414,1760,2464,6
1779865406.5141919,2751,2104,6
1779865406.5208268,1751,2303,6
1779865406.5216799,1841,2248,6
1779865406.5240839,2539,2210,6
1779865406.524778,1890,2276,6
1779865406.5250041,1576,2142,6
1779865406.5250628,1709,2309,6
1779865406.525182,1852,2430,6
1779865406.525256,2124,2263,6
1779865406.525322,2103,2365,6
1779865406.527953,2056,2083,6
1779865406.529419,2564,2212,6
1779865406.5325089,2468,2067,6
1779865406.547523,2647,2108,6
1779865406.55268,1805,2302,6
1779865406.5535948,1265,2299,6
1779865406.556875,1570,2254,6
1779865406.557255,1984,2088,6
1779865406.557364,2005,2109,6
1779865406.557476,1691,2210,6
1779865406.557645,1777,2291,6
1779865406.557791,1967,2175,6
1779865406.5578518,2153,2087,6
1779865406.557954,2270,2170,6
1779865406.5580401,2337,2244,6
1779865406.558175,2232,2149,6
1779865406.559514,2231,2133,6
1779865406.567539,1897,2164,6
1779865406.574898,2007,2135,6
1779865406.5769868,2477,2122,6
1779865406.5819268,2635,2125,6
1779865406.585981,2110,2221,6
1779865406.5861042,1398,2297,6
1779865406.586188,1869,2075,6
1779865406.586257,2192,1943,6
1779865406.58632,2056,2084,6
1779865406.586442,1925,2076,6
1779865406.586567,1676,2172,6
1779865406.5866492,1716,2048,6
1779865406.586716,1880,2114,6
1779865406.588105,2065,2201,6
1779865406.589581,2156,2186,6
1779865406.591112,2366,2196,6
1779865406.6044538,2876,1923,6
1779865406.609767,1653,2149,6
1779865406.610184,1559,2112,6
1779865406.615721,1793,2030,6
1779865406.619833,2117,1911,6
1779865406.619912,2338,2159,6
1779865406.619977,1871,2330,6
1779865406.620043,1700,2094,6
1779865406.62021,1854,2188,6
1779865406.620403,1930,2179,6
1779865406.620555,1974,2162,6
1779865406.6206532,2518,2104,6
1779865406.6207218,2219,2137,6
1779865406.6207879,1830,2160,6
1779865406.6233962,1816,2237,6
1779865406.634212,2283,2078,6
1779865406.637686,2158,2201,6
1779865406.6379871,2048,2079,6
1779865406.6452239,1897,2027,6
1779865406.6501288,1951,2029,6
1779865406.650221,1894,2059,6
1779865406.650288,1970,2084,6
1779865406.65035,2140,2225,6
1779865406.65041,2030,2204,6
1779865406.650602,2000,2072,6
1779865406.650862,2070,2033,6
1779865406.65104,2065,2038,6
1779865406.6511118,2173,2277,6
1779865406.651175,2213,2038,6
1779865406.651236,1765,2170,6
1779865406.654003,2101,2093,6
1779865406.6568918,1956,2259,6
1779865406.657084,2641,2092,6
1779865406.6691241,2656,2036,6
1779865406.6748018,1965,1817,6
1779865406.675282,1367,2211,6
1779865406.680707,1520,2013,6
1779865406.685097,1759,1866,6
1779865406.685301,1806,1931,6
1779865406.685447,1775,2102,6
1779865406.685545,1794,2132,6
1779865406.685683,1890,2046,6
1779865406.685787,2163,2073,6
1779865406.6858618,2345,2115,6
1779865406.686068,2367,2127,6
1779865406.6861498,2261,1972,6
1779865406.6862788,2147,2088,6
1779865406.6876328,2058,2205,6
1779865406.694852,2045,2188,6
1779865406.696432,1885,2082,6
1779865406.7031648,2097,1982,6
1779865406.7119281,2457,1859,6
1779865406.7129972,2355,2017,6
1779865406.716193,1932,2000,6
1779865406.716285,2002,2124,6
1779865406.716382,1989,2146,6
1779865406.7165172,2305,2213,6
1779865406.7165859,2385,2065,6
1779865406.716692,1738,1916,6
1779865406.716759,1215,2026,6
1779865406.716884,1736,2030,6
1779865406.717026,2056,2082,6
1779865406.717153,2388,2101,6
1779865406.7199628,1903,2126,6
1779865406.721494,1814,2214,6
1779865406.723464,2003,2120,6
1779865406.746468,2180,2031,6
1779865406.750401,2359,2152,6
1779865406.751654,2077,2205,6
1779865406.751742,2169,2054,6
1779865406.751894,2558,1939,6
1779865406.752527,2151,2118,6
1779865406.7527318,1734,2136,6
1779865406.752964,1664,2143,6
1779865406.7530508,1910,2163,6
1779865406.753116,2149,2034,6
1779865406.753182,1935,2157,6
1779865406.753252,2189,2011,6
1779865406.753314,2307,1986,6
1779865406.753376,1741,2076,6
1779865406.753439,1970,2069,6
1779865406.761306,2036,2227,6
1779865406.7671292,2023,2053,6
1779865406.770837,2755,1782,6
1779865406.778071,2206,2154,6
1779865406.77877,1332,2184,6
1779865406.7834082,1556,2034,6
1779865406.7834911,1971,2043,6
1779865406.7835572,2217,2034,6
1779865406.7836192,2002,2309,6
1779865406.783681,2160,2161,6
1779865406.7838871,2261,2080,6
1779865406.7839518,2063,2049,6
1779865406.784014,1715,2072,6
1779865406.784075,2144,2080,6
1779865406.7841358,2245,1896,6
1779865406.785496,2275,2208,6
1779865406.7869272,1660,2255,6
1779865406.78893,1917,2130,6
1779865406.800114,1726,2088,6
1779865406.803484,1753,2071,6
1779865406.810174,2000,2013,6
1779865406.813646,2163,2110,6
1779865406.814523,2103,2058,6
1779865406.814604,2031,2080,6
1779865406.814701,2020,2156,6
1779865406.814791,2237,2188,6
1779865406.814868,2348,2093,6
1779865406.814933,2124,1988,6
1779865406.814995,1789,2118,6
1779865406.815147,1881,2112,6
1779865406.8152971,2067,2079,6
1779865406.824966,2198,2052,6
1779865406.8262348,2031,2127,6
1779865406.829141,1867,2219,6
1779865406.834208,2392,2068,6
1779865406.839147,2253,2169,6
1779865406.839471,1902,2037,6
1779865406.839724,2043,2073,6
1779865406.840001,1937,2072,6
1779865406.840292,1860,1960,6
1779865406.8405042,1859,2047,6
1779865406.840794,2067,2096,6
1779865406.841014,1911,2101,6
1779865406.844314,1798,2009,6
1779865406.8444428,1994,1942,6
1779865406.845898,2471,1985,6
1779865406.847289,2921,1947,6
1779865406.849988,2048,1987,6
1779865406.8569012,1605,2166,6
1779865406.8646688,1831,2117,6
1779865406.875541,1717,2221,6
1779865406.87571,1807,2057,6
1779865406.875869,1868,2053,6
1779865406.876139,1854,2054,6
1779865406.876309,1894,2104,6
1779865406.8764548,2041,1933,6
1779865406.876605,2222,1924,6
1779865406.876846,2322,2063,6
1779865406.8769548,2278,2243,6
1779865406.877066,2142,2041,6
1779865406.8771808,1998,1982,6
1779865406.877248,2058,1964,6
1779865406.889128,2007,2013,6
1779865406.891419,1982,2015,6
1779865406.898952,2167,1931,6
1779865406.9026098,2353,2002,6
1779865406.9033751,2475,2146,6
1779865406.903735,1843,2198,6
1779865406.9038641,1577,1984,6
1779865406.903957,1864,1944,6
1779865406.904026,2011,2060,6
1779865406.904084,1922,2138,6
1779865406.904139,1932,2004,6
1779865406.904194,1912,2059,6
1779865406.904247,1933,2135,6
1779865406.905828,2009,2196,6
1779865406.9071538,2162,2050,6
1779865406.9097412,2230,2036,6
1779865406.916675,2209,2008,6
1779865406.9208472,2090,2060,6
1779865406.924345,2072,2054,6
1779865406.926282,2165,1988,6
1779865406.926513,1999,2035,6
1779865406.9268842,1811,2165,6
1779865406.9316878,1958,2118,6
1779865406.931943,2094,1961,6
1779865406.932222,2112,2081,6
1779865406.932576,2084,2148,6
1779865406.9357061,1885,2140,6
1779865406.93601,1847,2102,6
1779865406.936067,1834,2127,6
1779865406.937477,1888,2237,6
1779865406.943275,1971,2248,6
1779865406.94386,2130,2018,6
1779865406.945497,2094,1923,6
1779865406.9504929,2026,1864,6
1779865406.9585762,2064,2015,6
1779865406.958834,2099,2007,6
1779865406.95928,2064,2014,6
1779865406.959887,2141,2043,6
1779865406.960095,1991,2116,6
1779865406.964452,2055,2123,6
1779865406.964573,2047,1998,6
1779865406.964774,1957,1951,6
1779865406.964982,1959,1976,6
1779865406.9651499,1976,1829,6
1779865406.967807,1936,1777,6
1779865406.969217,1921,1850,6
1779865406.979264,1905,1975,6
1779865406.9845371,2036,1912,6
1779865406.995936,2058,1811,6
1779865406.996861,2136,1856,6
1779865407.0010052,2060,1893,6
1779865407.001098,1992,1958,6
1779865407.001167,2008,1946,6
1779865407.0012312,1989,2001,6
1779865407.001292,1946,2117,6
1779865407.001354,1987,2081,6
1779865407.001415,2014,2102,6
1779865407.00163,2124,2111,6
1779865407.00179,2084,2034,6
1779865407.0020218,1966,2042,6
1779865407.0022268,2079,2036,6
1779865407.002358,2062,2048,6
1779865407.0037591,1998,2138,6
1779865407.011185,2030,2246,6
1779865407.0188339,2080,2113,6
1779865407.027043,2045,2027,6
1779865407.027794,2089,1950,6
1779865407.0319061,2075,2130,6
1779865407.032053,2101,2153,6
1779865407.032131,2062,2065,6
1779865407.0321972,1963,2127,6
1779865407.032475,1969,2204,6
1779865407.032547,2093,2191,6
1779865407.032609,2141,2168,6
1779865407.032812,2166,2195,6
1779865407.033008,2047,2107,6
1779865407.033151,2099,2123,6
1779865407.0332701,2203,2043,6
1779865407.036062,2174,2193,6
1779865407.037295,2009,2262,6
1779865407.040362,2021,2379,6
1779865407.047311,2068,2097,6
1779865407.052335,2087,2051,6
1779865407.0632582,2075,2140,6
1779865407.064181,2071,2246,6
1779865407.067957,2123,2110,6
1779865407.068043,2031,2106,6
1779865407.068109,2079,2150,6
1779865407.068172,2124,2192,6
1779865407.068234,2175,2196,6
1779865407.0683289,2187,2349,6
1779865407.0684001,2154,2466,6
1779865407.068464,2107,2535,6
1779865407.0685272,2192,2585,6
1779865407.068647,2130,2494,6
1779865407.068767,2035,2551,6
1779865407.078573,2150,2634,6
1779865407.085273,2155,2458,6
1779865407.094114,2101,2272,6
1779865407.094431,2037,2140,6
1779865407.0982242,2120,2230,6
1779865407.098885,2111,2216,6
1779865407.0991402,2195,2109,6
1779865407.099359,2106,2172,6
1779865407.0994618,2031,2030,6
1779865407.099536,2035,1854,6
1779865407.099769,2129,1863,6
1779865407.099873,2177,1861,6
1779865407.100008,2091,1797,6
1779865407.1001332,2071,1897,6
1779865407.1002629,2116,1822,6
1779865407.101622,2150,1942,6
1779865407.1029959,2034,2065,6
1779865407.117933,1999,2198,6
1779865407.1183438,2132,2109,6
1779865407.122405,2107,2036,6
1779865407.124662,2094,1958,6
1779865407.124992,2096,2036,6
1779865407.129815,2171,1934,6
1779865407.130095,2108,1986,6
1779865407.1307719,2001,2138,6
1779865407.134613,1962,2231,6
1779865407.134795,2140,2278,6
1779865407.134861,2135,2197,6
1779865407.135065,2099,2177,6
1779865407.135286,1998,2369,6
1779865407.1353679,2081,2563,6
1779865407.135545,2152,2550,6
1779865407.135644,2121,2640,6
1779865407.1370041,2043,2695,6
1779865407.144763,2061,2760,6
1779865407.1463199,2094,2583,6
1779865407.149318,2131,2492,6
1779865407.1516001,2072,2478,6
1779865407.152339,2034,2367,6
1779865407.1542242,2098,2148,6
1779865407.158556,2107,2173,6
1779865407.158792,2058,2291,6
1779865407.159013,2018,2342,6
1779865407.1592572,2083,2235,6
1779865407.1595788,2139,2186,6
1779865407.163358,2168,2185,6
1779865407.1635358,2063,2155,6
1779865407.1648011,2142,1984,6
1779865407.167404,2122,1947,6
1779865407.1687832,2095,2007,6
1779865407.187362,2069,2090,6
1779865407.1929212,2139,1926,6
1779865407.193883,2158,1843,6
1779865407.1984608,2177,1871,6
1779865407.198855,2144,1899,6
1779865407.199469,2104,1915,6
1779865407.199602,2128,1899,6
1779865407.1996841,2087,1994,6
1779865407.1997492,2049,2125,6
1779865407.19981,2050,2067,6
1779865407.1998699,2110,1968,6
1779865407.199929,2146,1966,6
1779865407.200118,2078,2027,6
1779865407.200187,2098,2027,6
1779865407.200246,2176,1913,6
1779865407.214119,2091,2004,6
1779865407.219702,2058,2044,6
1779865407.2255821,2061,2153,6
1779865407.2295601,2157,1969,6
1779865407.229662,2103,1824,6
1779865407.229729,2118,1857,6
1779865407.229791,2136,1978,6
1779865407.229892,2120,1869,6
1779865407.229957,2119,1853,6
1779865407.230397,2058,2025,6
1779865407.230699,2049,2123,6
1779865407.230809,2038,2116,6
1779865407.230921,2072,2064,6
1779865407.2309859,2114,1949,6
1779865407.231049,2030,2022,6
1779865407.2311108,2115,2001,6
1779865407.2338712,2170,2016,6
1779865407.2355819,2077,2091,6
1779865407.237,1987,2188,6
1779865407.2504818,1935,2158,6
1779865407.267883,2084,2063,6
1779865407.268092,2106,2089,6
1779865407.2681742,2109,2154,6
1779865407.268241,1988,2282,6
1779865407.2683032,1961,1983,6
1779865407.268435,2046,1986,6
1779865407.268647,2074,2102,6
1779865407.268759,1903,2207,6
1779865407.2688289,2106,2102,6
1779865407.268894,2118,2114,6
1779865407.268957,2108,2090,6
1779865407.269022,2153,2154,6
1779865407.269082,2109,2074,6
1779865407.269142,2108,2017,6
1779865407.269208,2082,2055,6
1779865407.279773,2106,2256,6
1779865407.2904,2079,2240,6
1779865407.290751,2050,1988,6
1779865407.296884,2071,1962,6
1779865407.300734,2095,2017,6
1779865407.300836,2040,2015,6
1779865407.300907,2000,1981,6
1779865407.301316,2062,2026,6
1779865407.301396,1996,2099,6
1779865407.301462,2031,2039,6
1779865407.301576,2110,1923,6
1779865407.3017752,2054,1849,6
1779865407.301843,2114,1921,6
1779865407.301907,2135,2002,6
1779865407.301986,2216,1958,6
1779865407.302047,2119,1948,6
1779865407.3035378,2048,2081,6
1779865407.305158,1999,2175,6
1779865407.307929,2006,1916,6
1779865407.3363771,2027,1911,6
1779865407.337936,2012,1932,6
1779865407.3859332,1885,1956,6
1779865407.386078,1993,1974,6
1779865407.386152,2098,1900,6
1779865407.3862212,2097,1963,6
1779865407.3862872,1944,2234,6
1779865407.386432,2077,2228,6
1779865407.386667,2177,2146,6
1779865407.386734,2293,2029,6
1779865407.386794,2029,2003,6
1779865407.3868558,2000,2091,6
1779865407.386973,2053,2236,6
1779865407.3870609,1983,2323,6
1779865407.387128,1897,2204,6
1779865407.387192,1896,2105,6
1779865407.3872588,2104,2079,6
1779865407.387323,2138,2214,6
1779865407.387386,1935,2299,6
1779865407.387451,2015,2120,6
1779865407.3875148,2175,2057,6
1779865407.387576,2105,2100,6
1779865407.387636,1958,2199,6
1779865407.387696,1909,2320,6
1779865407.3877592,2034,2235,6
1779865407.387824,2195,2225,6
1779865407.3879218,2241,2171,6
1779865407.388004,2091,2220,6
1779865407.3880692,1942,2280,6
1779865407.388335,2074,2365,6
1779865407.3886971,2047,2416,6
1779865407.3888361,2071,2227,6
1779865407.388902,1979,2155,6
1779865407.388963,2049,2230,6
1779865407.389023,2083,2119,6
1779865407.389081,2069,2215,6
1779865407.389142,2175,2302,6
1779865407.389441,2218,2091,6
1779865407.389504,2124,2109,6
1779865407.3897321,2051,2362,6
1779865407.389832,2082,2325,6
1779865407.39104,2097,2160,6
1779865407.409986,2040,2031,6
1779865407.412389,1962,2024,6
1779865407.4178681,1959,2258,6
1779865407.422575,2139,2213,6
1779865407.4242291,2171,1990,6
1779865407.424584,1986,2071,6
1779865407.424757,1878,2341,6
1779865407.424841,2050,2277,6
1779865407.424914,2191,2155,6
1779865407.4249852,2200,2056,6
1779865407.425059,2122,2053,6
1779865407.4251678,2013,1955,6
1779865407.425267,2017,2039,6
1779865407.425348,2072,2137,6
1779865407.4256058,2067,2167,6
1779865407.4256818,2171,2176,6
1779865407.425756,2193,2088,6
1779865407.427231,2034,2034,6
1779865407.437439,2008,2096,6
1779865407.443043,2082,2091,6
1779865407.443697,2126,2056,6
1779865407.44436,2111,2091,6
1779865407.448075,2041,2222,6
1779865407.452336,2001,2187,6
1779865407.459029,2104,2082,6
1779865407.459591,2209,2105,6
1779865407.460324,2155,2105,6
1779865407.4608388,2082,2095,6
1779865407.4615731,2124,2017,6
1779865407.467484,2161,2063,6
1779865407.467624,2070,2143,6
1779865407.467721,1960,2236,6
1779865407.467807,2088,2111,6
1779865407.4678888,2101,2036,6
1779865407.467963,2150,2038,6
1779865407.468179,2108,2143,6
1779865407.468273,2098,2100,6
1779865407.4683468,2080,2056,6
1779865407.4698932,2050,2134,6
1779865407.471251,2016,2226,6
1779865407.4727428,2101,2127,6
1779865407.4746659,2122,2055,6
1779865407.486751,2148,2010,6
1779865407.48777,2043,2054,6
1779865407.506211,2046,2079,6
1779865407.5114398,2149,2011,6
1779865407.511586,2137,2102,6
1779865407.511661,1926,2153,6
1779865407.511843,2033,2162,6
1779865407.511932,2106,2013,6
1779865407.512018,2073,1957,6
1779865407.5121741,2053,2079,6
1779865407.5124,2042,2153,6
1779865407.5126028,2039,2026,6
1779865407.5128021,2056,2041,6
1779865407.512918,2014,2200,6
1779865407.512984,2068,2312,6
1779865407.513047,2211,2151,6
1779865407.513172,2113,2047,6
1779865407.51324,2098,2058,6
1779865407.513311,2065,2129,6
1779865407.51482,2096,2047,6
1779865407.529342,2092,2009,6
1779865407.5328891,2032,2092,6
1779865407.5363562,1940,2144,6
1779865407.536706,2023,2131,6
1779865407.547853,2088,2069,6
1779865407.5491982,2068,1997,6
1779865407.549456,2132,2069,6
1779865407.549608,2021,2109,6
1779865407.549699,1987,2060,6
1779865407.549827,2080,2126,6
1779865407.549966,2038,2225,6
1779865407.550248,2022,2208,6
1779865407.5503302,2050,2135,6
1779865407.550404,2067,2100,6
1779865407.550476,2052,2083,6
1779865407.550548,2102,2159,6
1779865407.5506198,2138,2105,6
1779865407.55069,2074,2118,6
1779865407.5534332,1978,2211,6
1779865407.555789,2037,2316,6
1779865407.557656,2125,2153,6
1779865407.56815,2048,2099,6
1779865407.5682611,2000,2052,6
1779865407.574413,2034,2171,6
1779865407.58613,2151,2101,6
1779865407.586729,2095,2013,6
1779865407.587273,2015,2126,6
1779865407.5916858,1985,2237,6
1779865407.593149,2059,2123,6
1779865407.593248,2133,2059,6
1779865407.593318,2171,2043,6
1779865407.593384,2032,2061,6
1779865407.593447,2054,2057,6
1779865407.593508,2123,1974,6
1779865407.59357,2032,2055,6
1779865407.593631,2024,2105,6
1779865407.5936918,2065,2086,6
1779865407.5937548,1997,1985,6
1779865407.593815,2027,1987,6
1779865407.595416,2093,2054,6
1779865407.5971022,2082,2096,6
1779865407.6095302,2084,1994,6
1779865407.610721,2073,2079,6
1779865407.618498,1998,2199,6
1779865407.6379578,1917,2261,6
1779865407.638121,2043,2113,6
1779865407.638474,2135,2066,6
1779865407.638609,2132,2047,6
1779865407.6387,2073,2051,6
1779865407.6387782,1962,1943,6
1779865407.6388521,2137,1944,6
1779865407.6389241,2073,2030,6
1779865407.638997,1965,2104,6
1779865407.639068,2125,2061,6
1779865407.639646,2129,1978,6
1779865407.639897,2052,1975,6
1779865407.6402528,1970,2063,6
1779865407.640587,2046,2023,6
1779865407.6408849,2097,1949,6
1779865407.6411781,2045,2010,6
1779865407.64127,1960,2137,6
1779865407.64134,1980,2158,6
1779865407.641454,2088,2012,6
1779865407.643115,2068,1962,6
1779865407.646064,2058,2008,6
1779865407.658027,2042,2103,6
1779865407.661984,2076,2070,6
1779865407.679859,2019,2096,6
1779865407.680694,1974,2192,6
1779865407.6810508,1968,2233,6
1779865407.681393,2045,2137,6
1779865407.681803,2050,2053,6
1779865407.6826072,2072,2041,6
1779865407.687737,2018,2138,6
1779865407.689677,2092,2112,6
1779865407.689934,2100,2064,6
1779865407.6900322,2041,2155,6
1779865407.690109,1976,2240,6
1779865407.6902568,2047,2178,6
1779865407.69045,2090,2085,6
1779865407.690814,2062,2022,6
1779865407.690917,1986,2071,6
1779865407.690994,2045,2075,6
1779865407.691068,2162,2061,6
1779865407.6913779,2063,2119,6
1779865407.6914592,2006,2229,6
1779865407.6915278,2084,2222,6
1779865407.696286,2090,2163,6
1779865407.700115,2070,2148,6
1779865407.714946,2071,2189,6
1779865407.720059,2026,2258,6
1779865407.720253,2065,2140,6
1779865407.720613,2011,2184,6
1779865407.721217,1921,2274,6
1779865407.725934,1982,2328,6
1779865407.727317,2139,2216,6
1779865407.727405,2062,2174,6
1779865407.727506,1938,2077,6
1779865407.7275798,2043,2185,6
1779865407.7276511,2218,2169,6
1779865407.727722,2139,2145,6
1779865407.727783,2041,2154,6
1779865407.727846,1939,2264,6
1779865407.727921,2044,2210,6
1779865407.727995,2094,2090,6
1779865407.728092,2093,2060,6
1779865407.7294521,2043,2112,6
1779865407.730816,2030,2114,6
1779865407.7335622,2031,2080,6
1779865407.734943,1999,2114,6
1779865407.752171,1967,2164,6
1779865407.770209,2007,2195,6
1779865407.770847,2087,2103,6
1779865407.7750552,2125,2085,6
1779865407.776188,2056,2125,6
1779865407.776403,1994,2143,6
1779865407.7947688,2061,2013,6
1779865407.818532,2065,2057,6
1779865407.8186612,2020,2189,6
1779865407.832763,2048,2273,6
1779865407.8328938,2109,2181,6
1779865407.832986,2085,2053,6
1779865407.83306,2124,2071,6
1779865407.833232,2080,2138,6
1779865407.833657,2066,2085,6
1779865407.834046,2059,2054,6
1779865407.834184,1980,2119,6
1779865407.834264,1928,2179,6
1779865407.835127,1983,2144,6
1779865407.835566,2034,2038,6
1779865407.835644,2083,1995,6
1779865407.835718,2087,2080,6
1779865407.835788,2116,2096,6
1779865407.83586,2112,2053,6
1779865407.83593,2033,2112,6
1779865407.836158,1919,2228,6
1779865407.847407,1991,2238,6
1779865407.8551848,2072,2115,6
1779865407.868525,2055,2045,6
1779865407.869238,2090,2054,6
1779865407.869719,2049,2112,6
1779865407.8697941,2105,2070,6
1779865407.869867,2062,2058,6
1779865407.869932,2007,2147,6
1779865407.869996,2007,2228,6
1779865407.870095,2099,2116,6
1779865407.876516,2109,2046,6
1779865407.8766358,2045,2047,6
1779865407.876828,2047,2143,6
1779865407.877044,2035,2069,6
1779865407.877252,1998,2043,6
1779865407.8774269,2018,2142,6
1779865407.877533,2008,2221,6
1779865407.8777118,2034,2152,6
1779865407.877941,2055,2051,6
1779865407.878027,2095,2043,6
1779865407.87827,2003,2070,6
1779865407.8784451,2089,2069,6
1779865407.8785422,2127,2066,6
1779865407.8786628,2101,2077,6
1779865407.8788,1974,2155,6
1779865407.878975,1970,2176,6
1779865407.8792331,2060,2079,6
1779865407.879362,2101,2101,6
1779865407.879524,2049,2122,6
1779865407.8798552,2038,2159,6
1779865407.87993,2077,2032,6
1779865407.8800042,2082,2074,6
1779865407.8805141,2041,2150,6
1779865407.88071,2034,2325,6
1779865407.880904,2113,2179,6
1779865407.8810098,2076,2089,6
1779865407.881085,2106,2056,6
1779865407.881512,1957,2109,6
1779865407.881611,2043,2044,6
1779865407.882432,2084,2019,6
1779865407.8978229,2017,2072,6
1779865407.9015412,1967,2182,6
1779865407.910045,2023,2106,6
1779865407.910493,2100,2050,6
1779865407.911063,2109,1986,6
1779865407.9118001,2042,2005,6
1779865407.916641,2052,2041,6
1779865407.9169412,2066,1995,6
1779865407.9170182,2041,2102,6
1779865407.917088,2001,2232,6
1779865407.917155,2025,2218,6
1779865407.9172218,2040,2090,6
1779865407.9172869,2059,2059,6
1779865407.917352,2059,2051,6
1779865407.9174159,2082,2141,6
1779865407.917483,2136,2061,6
1779865407.917551,2088,2054,6
1779865407.917634,2068,2074,6
1779865407.917696,2026,2181,6
1779865407.917757,2033,2040,6
1779865407.9178162,1987,1936,6
1779865407.917878,2105,1920,6
1779865407.917938,2049,1985,6
1779865407.9179971,2023,1966,6
1779865407.918058,2045,1909,6
1779865407.919473,1979,2009,6
1779865407.920974,1964,2122,6
1779865407.9246871,2042,2062,6
1779865407.9248052,2090,1993,6
1779865407.942389,2030,1986,6
1779865407.94728,2101,2079,6
1779865407.961198,2104,2064,6
1779865407.9620302,2118,1993,6
1779865407.962175,2018,2088,6
1779865407.962358,1993,2172,6
1779865407.9626281,1990,2223,6
1779865407.96278,2073,2093,6
1779865407.962851,2106,2044,6
1779865407.96292,2052,2051,6
1779865407.963039,2027,2162,6
1779865407.963155,2098,2030,6
1779865407.963231,2053,2068,6
1779865407.96332,2017,2174,6
1779865407.963395,2005,2187,6
1779865407.963475,2087,2072,6
1779865407.963603,2077,2048,6
1779865407.9636962,2039,2032,6
1779865407.963768,1976,2101,6
1779865407.965281,2087,2074,6
1779865407.966988,2099,2041,6
1779865407.983747,2004,2093,6
1779865407.987173,1993,2197,6
1779865408.001904,2018,2138,6
1779865408.002035,2083,2080,6
1779865408.002111,2124,1994,6
1779865408.0023308,2065,2021,6
1779865408.002537,2059,2036,6
1779865408.002699,2126,2022,6
1779865408.0027761,2068,2119,6
1779865408.00284,1957,2193,6
1779865408.002908,1956,2176,6
1779865408.002978,2077,2007,6
1779865408.00305,2046,1931,6
1779865408.0031219,2081,1963,6
1779865408.003186,2085,2048,6
1779865408.003443,2065,1957,6
1779865408.00352,2011,1938,6
1779865408.0035892,2011,2081,6
1779865408.007509,1964,2187,6
1779865408.007605,2069,2072,6
1779865408.0090182,2084,2058,6
1779865408.0106702,2084,2060,6
1779865408.0277388,2048,2110,6
1779865408.028738,2029,2049,6
1779865408.045435,2044,1995,6
1779865408.0455549,2007,2091,6
1779865408.045631,1997,2132,6
1779865408.045936,2061,2117,6
1779865408.046161,2063,2011,6
1779865408.0463202,2079,2029,6
1779865408.0465899,2093,2093,6
1779865408.046782,2053,2073,6
1779865408.046856,2086,2011,6
1779865408.046974,2043,2061,6
1779865408.0470521,1942,2175,6
1779865408.0473049,1974,2187,6
1779865408.047636,2080,2036,6
1779865408.0477078,2109,2015,6
1779865408.0477738,2017,2056,6
1779865408.0478349,2028,2099,6
1779865408.0497038,2067,2019,6
1779865408.0662541,2063,2048,6
1779865408.07969,2006,2121,6
1779865408.080371,1955,2132,6
1779865408.081037,2070,2029,6
1779865408.081391,2155,2030,6
1779865408.081634,2049,2016,6
1779865408.0817122,2100,2091,6
1779865408.081783,2082,2079,6
1779865408.0818539,2085,2032,6
1779865408.0819242,2067,2134,6
1779865408.081996,1972,2237,6
1779865408.0820649,2026,2149,6
1779865408.082162,2098,2062,6
1779865408.082232,2137,2049,6
1779865408.082308,2075,2065,6
1779865408.082378,2021,2076,6
1779865408.082447,2018,1983,6
1779865408.085584,2056,2062,6
1779865408.088674,2016,2178,6
1779865408.1097841,2034,2188,6
1779865408.1249988,2073,2053,6
1779865408.126436,2066,2005,6
1779865408.1272378,2067,1976,6
1779865408.127848,2008,2002,6
1779865408.145259,2126,1909,6
1779865408.153353,2098,1984,6
1779865408.159449,2005,2116,6
1779865408.159629,1938,2193,6
1779865408.159822,2060,2078,6
1779865408.159959,2109,1947,6
1779865408.160037,2084,1923,6
1779865408.1601448,2003,1966,6
1779865408.160237,2047,1973,6
1779865408.160403,2126,1945,6
1779865408.1605,1969,1996,6
1779865408.160573,1997,2109,6
1779865408.160747,2081,2085,6
1779865408.1608288,2076,2057,6
1779865408.160898,2078,1989,6
1779865408.160962,2032,2052,6
1779865408.161036,2066,2051,6
1779865408.161102,2092,2002,6
1779865408.1611671,2022,2084,6
1779865408.161237,1925,2158,6
1779865408.1613,1960,2148,6
1779865408.161534,2132,2051,6
1779865408.1616,2084,2006,6
1779865408.161663,2051,2014,6
1779865408.161725,2017,2059,6
1779865408.161789,2088,1996,6
1779865408.161922,2092,2039,6
1779865408.16205,2032,2111,6
1779865408.1625652,1977,2141,6
1779865408.1626492,2036,2051,6
1779865408.162726,2048,2028,6
1779865408.1628,2096,2014,6
1779865408.162872,2055,2105,6
1779865408.1644921,2060,2062,6
1779865408.167888,2072,2012,6
1779865408.169836,2027,2150,6
1779865408.191681,1993,2252,6
1779865408.201424,2025,2151,6
1779865408.202112,2098,2083,6
1779865408.203122,2141,2074,6
1779865408.203764,2094,2081,6
1779865408.209101,2024,2061,6
1779865408.20931,2043,1963,6
1779865408.20952,2054,2041,6
1779865408.209599,2016,2167,6
1779865408.2099981,2030,2155,6
1779865408.210081,2065,1992,6
1779865408.210156,2108,1954,6
1779865408.210232,2092,1958,6
1779865408.210306,2033,2059,6
1779865408.2104461,2103,2012,6
1779865408.210523,2054,2031,6
1779865408.210598,2030,2137,6
1779865408.2106738,1987,2248,6
1779865408.210746,2051,2104,6
1779865408.210818,2024,2070,6
1779865408.2108932,2102,2035,6
1779865408.212527,1976,2111,6
1779865408.229099,2064,2037,6
1779865408.232735,2133,1995,6
1779865408.232935,2110,2064,6
1779865408.233065,2045,2153,6
1779865408.2333078,2048,2081,6
1779865408.2346072,2050,1962,6
1779865408.2376142,2077,1975,6
1779865408.2434938,2043,2022,6
1779865408.2445,2069,2033,6
1779865408.2449799,2089,1871,6
1779865408.249641,1996,1915,6
1779865408.251793,2001,2097,6
1779865408.251934,2062,2159,6
1779865408.252043,2107,2017,6
1779865408.252118,2082,1947,6
1779865408.2522209,2070,2010,6
1779865408.25229,2085,2118,6
1779865408.252411,2123,1963,6
1779865408.252484,2055,2027,6
1779865408.252604,1977,2100,6
1779865408.257032,1931,2223,6
1779865408.25756,2031,2066,6
1779865408.259798,2092,2032,6
1779865408.261344,2036,2006,6
1779865408.276598,2008,2110,6
1779865408.2805,2046,2038,6
1779865408.284863,2089,2002,6
1779865408.289438,1993,2115,6
1779865408.294624,1929,2198,6
1779865408.295082,2119,2136,6
1779865408.3007438,2160,1993,6
1779865408.300902,2099,1980,6
1779865408.300976,2098,2059,6
1779865408.301041,2071,2075,6
1779865408.301326,2070,1963,6
1779865408.301495,2094,2014,6
1779865408.301569,2045,2172,6
1779865408.301636,1946,2188,6
1779865408.3016992,2040,2046,6
1779865408.301843,2072,1960,6
1779865408.301974,2090,1910,6
1779865408.30226,2032,1980,6
1779865408.302711,2043,1937,6
1779865408.302956,1941,1971,6
1779865408.3030531,2028,2078,6
1779865408.305564,2053,2162,6
1779865408.321224,2072,1982,6
1779865408.328345,2072,1918,6
1779865408.334222,2095,1949,6
1779865408.3348532,2042,2020,6
1779865408.339809,2112,1956,6
1779865408.339922,2103,1944,6
1779865408.340467,2028,2056,6
1779865408.34054,1964,2153,6
1779865408.340607,1963,2075,6
1779865408.340671,2039,2015,6
1779865408.341084,2079,2010,6
1779865408.341162,2120,2027,6
1779865408.341271,2072,2035,6
1779865408.341353,2050,1953,6
1779865408.34142,2106,2065,6
1779865408.341486,1965,2160,6
1779865408.34155,1990,2169,6
1779865408.341613,2092,2025,6
1779865408.3432782,2140,2005,6
1779865408.344673,2064,2057,6
1779865408.34737,2020,2095,6
1779865408.3487308,2049,1994,6
1779865408.3601432,2046,1999,6
1779865408.365529,1988,2118,6
1779865408.3658829,1989,2235,6
1779865408.369282,2083,2041,6
1779865408.370757,2067,1954,6
1779865408.3797078,2042,2004,6
1779865408.380115,2037,2108,6
1779865408.3809679,2114,2104,6
1779865408.38123,2125,2001,6
1779865408.385947,2048,2069,6
1779865408.3861198,1985,2188,6
1779865408.3863318,2105,2139,6
1779865408.386704,2080,2046,6
1779865408.386925,2039,1979,6
1779865408.387012,2026,2002,6
1779865408.387091,2060,2033,6
1779865408.3873029,2102,1982,6
1779865408.3874292,2087,2065,6
1779865408.387591,1945,2173,6
1779865408.389101,2024,2219,6
1779865408.3908968,2095,2097,6
1779865408.4040809,2135,2080,6
1779865408.412288,2036,2027,6
1779865408.4180129,1994,2055,6
1779865408.4226718,2156,2008,6
1779865408.423115,2106,2032,6
1779865408.423396,1992,2089,6
1779865408.423603,1938,2231,6
1779865408.4241972,2122,2096,6
1779865408.4243789,2079,2076,6
1779865408.424546,2075,2028,6
1779865408.42463,2035,2063,6
1779865408.4247,2085,2015,6
1779865408.424862,2081,1991,6
1779865408.42499,2045,2092,6
1779865408.425078,2011,2186,6
1779865408.4251468,2022,2114,6
1779865408.425214,2123,2032,6
1779865408.4267688,2150,2009,6
1779865408.429659,2032,2065,6
1779865408.431114,2051,2102,6
1779865408.432631,2132,2023,6
1779865408.453842,2054,2063,6
1779865408.4578428,1969,2191,6
1779865408.463103,1967,2183,6
1779865408.463836,2100,2054,6
1779865408.468448,2097,2064,6
1779865408.468549,2077,2074,6
1779865408.468617,2070,2058,6
1779865408.4686809,2057,1925,6
1779865408.4687428,2033,2016,6
1779865408.4688032,2030,2184,6
1779865408.468864,1985,2217,6
1779865408.469027,2085,2089,6
1779865408.469187,2065,2011,6
1779865408.469355,2140,2062,6
1779865408.469516,2054,2115,6
1779865408.469592,2075,2096,6
1779865408.469696,2111,2067,6
1779865408.469933,2059,2157,6
1779865408.471348,1941,2201,6
1779865408.473536,2063,2138,6
1779865408.489724,2098,2046,6
1779865408.497654,2012,1945,6
1779865408.5085828,2029,2047,6
1779865408.5088131,2121,2077,6
1779865408.508898,2084,2001,6
1779865408.508974,2011,2094,6
1779865408.5090492,2039,2202,6
1779865408.5092149,2079,2241,6
1779865408.509366,2107,2064,6
1779865408.50949,2089,1961,6
1779865408.5096278,2096,2026,6
1779865408.509703,2047,2106,6
1779865408.510001,2054,2013,6
1779865408.510253,2071,1997,6
1779865408.510418,1971,2126,6
1779865408.5105338,1978,2239,6
1779865408.5106921,2025,2105,6
1779865408.510777,2075,2059,6
1779865408.510854,2122,2043,6
1779865408.514057,2047,2114,6
1779865408.515543,2038,2068,6
1779865408.51698,2033,1987,6
1779865408.5184672,2046,2087,6
1779865408.536853,1888,2180,6
1779865408.5376709,2035,2088,6
1779865408.549559,2071,2031,6
1779865408.5547788,2107,1981,6
1779865408.5555441,2069,2045,6
1779865408.5558028,2061,2109,6
1779865408.5562701,2097,2035,6
1779865408.556619,2035,2084,6
1779865408.556745,2004,2170,6
1779865408.556878,1986,2211,6
1779865408.557012,2071,2030,6
1779865408.55718,2078,1994,6
1779865408.55743,2061,2041,6
1779865408.5575218,2054,2077,6
1779865408.55759,2074,1959,6
1779865408.557655,2049,2019,6
1779865408.557726,2012,2152,6
1779865408.5578392,2031,2303,6
1779865408.557985,2095,2103,6
1779865408.579926,2093,2023,6
1779865408.584658,2065,2071,6
1779865408.586143,2045,2144,6
1779865408.592373,2034,2088,6
1779865408.5943732,2085,1995,6
1779865408.594688,1996,2098,6
1779865408.59478,1927,2183,6
1779865408.5949361,2061,2183,6
1779865408.595092,2093,2037,6
1779865408.595204,2125,2018,6
1779865408.59528,1992,2066,6
1779865408.5953522,2045,2073,6
1779865408.595687,2158,1991,6
1779865408.595932,2118,2068,6
1779865408.5960908,1996,2241,6
1779865408.596225,1999,2265,6
1779865408.5963688,2088,2084,6
1779865408.5964649,2121,2009,6
1779865408.596629,2042,2010,6
1779865408.596704,2026,2059,6
1779865408.598337,2143,1994,6
1779865408.6011379,2097,1996,6
1779865408.6126878,2014,2097,6
1779865408.617989,1897,2169,6
1779865408.618484,2053,2086,6
1779865408.626626,2108,2044,6
1779865408.63183,2095,2004,6
1779865408.632552,1931,2070,6
1779865408.633396,2008,2085,6
1779865408.63393,2172,2063,6
1779865408.635217,2075,2135,6
1779865408.6419048,1987,2200,6
1779865408.642238,2058,2139,6
1779865408.642333,2115,2068,6
1779865408.642472,2143,2014,6
1779865408.642671,2115,2106,6
1779865408.6428359,2078,2111,6
1779865408.642926,2054,1994,6
1779865408.642999,2052,2005,6
1779865408.64307,1962,2199,6
1779865408.6432111,1973,2216,6
1779865408.643292,2064,2045,6
1779865408.64353,2038,1992,6
1779865408.645206,2101,1986,6
1779865408.663181,2048,2052,6
1779865408.66742,2096,1972,6
1779865408.682539,2059,2009,6
1779865408.682729,2057,2157,6
1779865408.682921,1978,2225,6
1779865408.683024,2037,2100,6
1779865408.683244,2144,2066,6
1779865408.6833549,2113,2079,6
1779865408.683427,2041,2132,6
1779865408.683532,2054,2083,6
1779865408.683603,2084,1961,6
1779865408.6836648,2035,2076,6
1779865408.683842,2028,2241,6
1779865408.6839092,2059,2180,6
1779865408.683979,1994,2050,6
1779865408.684073,2079,1986,6
1779865408.684288,2076,2029,6
1779865408.684389,2005,2118,6
1779865408.684458,2104,2024,6
1779865408.6845272,2027,2034,6
1779865408.687428,2027,2207,6
1779865408.6889331,2047,2227,6
1779865408.6904619,2089,2042,6
1779865408.693467,2111,1993,6
1779865408.708268,2032,1992,6
1779865408.708996,2036,2098,6
1779865408.709483,2100,2006,6
1779865408.713887,2055,2055,6
1779865408.7219148,1969,2145,6
1779865408.728578,1984,2276,6
1779865408.7287,2095,2065,6
1779865408.729007,2064,2037,6
1779865408.7291992,2044,2006,6
1779865408.7294421,2091,2102,6
1779865408.72952,2023,2028,6
1779865408.729624,2050,2005,6
1779865408.7297869,2058,2064,6
1779865408.729883,2000,2193,6
1779865408.729952,2058,2155,6
1779865408.730155,2100,2044,6
1779865408.730339,2085,2011,6
1779865408.7304142,2108,2081,6
1779865408.730479,2061,2110,6
1779865408.742226,2122,1994,6
1779865408.748658,2079,2043,6
1779865408.7493272,1941,2177,6
1779865408.762058,1975,2210,6
1779865408.76292,2107,2065,6
1779865408.7633212,2090,2019,6
1779865408.767285,2052,2026,6
1779865408.768745,2023,2076,6
1779865408.7688918,2076,2038,6
1779865408.768971,2047,2062,6
1779865408.7690399,2042,2167,6
1779865408.7691069,1964,2244,6
1779865408.769173,2093,2082,6
1779865408.769239,2060,2030,6
1779865408.7693079,2077,2018,6
1779865408.7693791,2058,2082,6
1779865408.76945,2058,2065,6
1779865408.76952,2071,2015,6
1779865408.769589,1993,2090,6
1779865408.771265,1952,2190,6
1779865408.7732632,2031,2129,6
1779865408.775135,2129,2052,6
1779865408.776552,2055,1990,6
1779865408.7798731,2044,2042,6
1779865408.7962549,2076,2062,6
1779865408.797025,2192,2000,6
1779865408.809531,2092,2091,6
1779865408.810252,2004,2197,6
1779865408.811578,2068,2205,6
1779865408.812418,2084,2074,6
1779865408.812962,2055,2029,6
1779865408.817802,2008,2083,6
1779865408.818193,1992,2137,6
1779865408.818475,2133,1993,6
1779865408.8185952,2119,2031,6
1779865408.818666,1999,2184,6
1779865408.818729,1996,2306,6
1779865408.818793,2038,2102,6
1779865408.818856,2083,2035,6
1779865408.818919,2040,2024,6
1779865408.818986,1999,2072,6
1779865408.8191218,2141,2065,6
1779865408.819196,2038,1984,6
1779865408.819299,1965,2096,6
1779865408.820771,2012,2181,6
1779865408.833479,2037,2108,6
1779865408.842113,2037,2057,6
1779865408.847407,2136,2031,6
1779865408.853237,2101,2063,6
1779865408.859937,2076,2086,6
1779865408.860474,2075,1965,6
1779865408.860574,1979,2056,6
1779865408.8606458,1997,2147,6
1779865408.860712,2002,2181,6
1779865408.860777,2169,2104,6
1779865408.860893,2132,2044,6
1779865408.861004,2041,2050,6
1779865408.861204,2034,2102,6
1779865408.8612852,2121,2036,6
1779865408.861415,2065,2015,6
1779865408.861495,1985,2155,6
1779865408.861585,1983,2264,6
1779865408.86166,2065,2065,6
1779865408.861821,2070,2058,6
1779865408.86192,1999,2026,6
1779865408.863371,2092,2105,6
1779865408.864798,2156,2013,6
1779865408.866205,2097,1964,6
1779865408.884962,1994,2073,6
1779865408.892683,1977,2197,6
1779865408.901506,2093,2143,6
1779865408.902039,2091,2032,6
1779865408.9025412,2094,1987,6
1779865408.907994,2116,1996,6
1779865408.909872,2035,2067,6
1779865408.9099782,2081,2039,6
1779865408.910062,1989,2051,6
1779865408.910175,2015,2171,6
1779865408.910317,2016,2172,6
1779865408.9103942,2082,2062,6
1779865408.9105349,2043,2010,6
1779865408.910635,2118,2046,6
1779865408.9107149,2085,2120,6
1779865408.9107919,2161,2023,6
1779865408.9109561,2112,2087,6
1779865408.9110909,1949,2152,6
1779865408.9111948,1958,2290,6
1779865408.911262,2056,2101,6
1779865408.911329,2072,2045,6
1779865408.9113941,2061,2034,6
1779865408.9128692,2018,2127,6
1779865408.914915,2080,2075,6
1779865408.926955,2089,2019,6
1779865408.932535,2009,2079,6
1779865408.9445288,1974,2221,6
1779865408.9453208,2059,2172,6
1779865408.946136,2074,2013,6
1779865408.94695,2066,1959,6
1779865408.9474502,2090,2022,6
1779865408.9529889,2041,2036,6
1779865408.953505,2061,1997,6
1779865408.9537401,2085,2067,6
1779865408.954227,2030,2193,6
1779865408.9544508,1976,2221,6
1779865408.954536,2046,2094,6
1779865408.954678,2084,1980,6
1779865408.954768,2065,2027,6
1779865408.955334,2062,2134,6
1779865408.9558961,2081,2011,6
1779865408.956449,2074,2020,6
1779865408.956779,1975,2135,6
1779865408.958316,1947,2252,6
1779865408.958425,2046,2130,6
1779865408.958501,2209,2041,6
1779865408.961316,2216,2016,6
1779865408.9627242,1983,2070,6
1779865408.964237,2020,2029,6
1779865408.977333,2069,2022,6
1779865408.979458,2033,2107,6
1779865408.983279,1981,2196,6
1779865408.98686,2025,2172,6
1779865408.991053,2097,2064,6
1779865408.996157,2056,2026,6
1779865408.997174,2032,2045,6
1779865408.997563,2029,2087,6
1779865409.0033789,2082,1975,6
1779865409.003546,2059,2037,6
1779865409.003631,1986,2159,6
1779865409.0037062,1978,2206,6
1779865409.007016,2053,2038,6
1779865409.009435,2158,2007,6
1779865409.02577,2035,1988,6
1779865409.034718,2021,2122,6
1779865409.0352871,2102,2069,6
1779865409.0360692,2069,2030,6
1779865409.036556,2024,2102,6
1779865409.037411,1986,2206,6
1779865409.037927,2097,2107,6
1779865409.042084,2107,2061,6
1779865409.043405,1972,1987,6
1779865409.043637,2073,2072,6
1779865409.043761,2071,2033,6
1779865409.04389,2058,1996,6
1779865409.043985,2085,2121,6
1779865409.044136,2023,2199,6
1779865409.044228,2027,2163,6
1779865409.0443,2080,2043,6
1779865409.044383,2091,2025,6
1779865409.044489,2040,2067,6
1779865409.044582,2041,2080,6
1779865409.044725,2132,2006,6
1779865409.044822,2073,2055,6
1779865409.0449018,1940,2181,6
1779865409.044981,2035,2238,6
1779865409.045059,2062,2089,6
1779865409.045138,2059,2018,6
1779865409.045215,2111,2039,6
1779865409.04663,2091,2063,6
1779865409.048258,2087,2007,6
1779865409.051297,2042,1999,6
1779865409.052788,2039,2109,6
1779865409.0544372,2024,2241,6
1779865409.0665941,2041,2101,6
1779865409.070451,2052,2043,6
1779865409.078336,2026,1987,6
1779865409.0791628,2070,2095,6
1779865409.084167,2041,2031,6
1779865409.084477,2027,2004,6
1779865409.0849411,1979,2087,6
1779865409.085223,1873,2172,6
1779865409.08571,2045,2137,6
1779865409.086099,2162,2070,6
1779865409.087004,2132,2000,6
1779865409.092569,2056,1981,6
1779865409.0927339,2033,2013,6
1779865409.092909,2108,2051,6
1779865409.092983,2067,2101,6
1779865409.093089,2051,2149,6
1779865409.0931761,1970,2181,6
1779865409.093316,2080,2046,6
1779865409.0934348,2038,1978,6
1779865409.0948238,1987,1964,6
1779865409.105681,2046,2075,6
1779865409.110146,2120,1999,6
1779865409.1107688,2049,2012,6
1779865409.111279,2048,2111,6
1779865409.111799,2041,2200,6
1779865409.115127,2041,1981,6
1779865409.116689,2026,1919,6
1779865409.116946,2109,1956,6
1779865409.11992,2117,2005,6
1779865409.124513,2073,1937,6
1779865409.1252859,2056,1890,6
1779865409.125671,2013,1984,6
1779865409.126494,2012,2125,6
1779865409.1269639,2080,2083,6
1779865409.127712,2127,2010,6
1779865409.131681,2013,1925,6
1779865409.1335151,2064,1951,6
1779865409.1336918,2079,2015,6
1779865409.133815,2110,1926,6
1779865409.135217,2056,2000,6
1779865409.136578,1960,2135,6
1779865409.139526,1969,2167,6
1779865409.141071,2132,2063,6
1779865409.142504,2143,2012,6
1779865409.15224,2089,2031,6
1779865409.153246,1971,2099,6
1779865409.1556559,2059,1989,6
1779865409.159047,1996,2020,6
1779865409.159777,1956,2148,6
1779865409.162889,1995,2190,6
1779865409.1640089,2096,2082,6
1779865409.166582,2055,2024,6
1779865409.166671,2090,2036,6
1779865409.166736,2122,2147,6
1779865409.1667972,2094,2083,6
1779865409.1669319,2059,1992,6
1779865409.16864,2018,2091,6
1779865409.174015,1952,2109,6
1779865409.174784,1990,2086,6
1779865409.178557,2071,1984,6
1779865409.180359,2052,1958,6
1779865409.180444,2043,2020,6
1779865409.180511,2012,2017,6
1779865409.1824262,2121,1923,6
1779865409.1934688,2134,2035,6
1779865409.198168,2008,2223,6
1779865409.209671,1966,2274,6
1779865409.210268,2053,2133,6
1779865409.2115278,2093,2018,6
1779865409.216198,2064,2072,6
1779865409.2163022,2005,2107,6
1779865409.216376,2068,2004,6
1779865409.216442,2015,2031,6
1779865409.216502,1966,2118,6
1779865409.216562,2020,2262,6
1779865409.216623,2210,2087,6
1779865409.2166889,2105,2032,6
1779865409.216765,1971,1987,6
1779865409.2168262,2016,2062,6
1779865409.216894,2135,2093,6
1779865409.216959,2126,1994,6
1779865409.218352,2005,2110,6
1779865409.22107,1923,2170,6
1779865409.2241101,1996,2120,6
1779865409.22426,2092,2041,6
1779865409.227274,2060,1996,6
1779865409.242362,2033,2026,6
1779865409.246426,2056,2049,6
1779865409.254477,2121,1993,6
1779865409.2586958,2131,2095,6
1779865409.260427,1952,2189,6
1779865409.260587,2046,2130,6
1779865409.260685,1986,2005,6
1779865409.260767,2096,2024,6
1779865409.260842,2060,2048,6
1779865409.260968,2026,2071,6
1779865409.2611048,2082,2010,6
1779865409.261182,2045,2013,6
1779865409.2612522,2052,2162,6
1779865409.2613199,1985,2224,6
1779865409.261416,2062,2061,6
1779865409.2615821,2093,2020,6
1779865409.261727,2107,2009,6
1779865409.2631931,2057,2058,6
1779865409.2649999,2150,2064,6
1779865409.279435,2096,2039,6
1779865409.290878,2017,2079,6
1779865409.292191,1994,2232,6
1779865409.29603,2071,2173,6
1779865409.297877,2079,2064,6
1779865409.2980502,2080,2024,6
1779865409.2981372,2097,2058,6
1779865409.2982059,2080,2120,6
1779865409.298466,2115,1995,6
1779865409.298677,2043,2076,6
1779865409.298811,1964,2222,6
1779865409.298926,2010,2250,6
1779865409.2990122,2106,2082,6
1779865409.2990751,2104,2010,6
1779865409.299138,2043,2012,6
1779865409.2991989,1967,2067,6
1779865409.299266,2133,1993,6
1779865409.3009222,2080,2013,6
1779865409.302321,1986,2201,6
1779865409.308191,1976,2297,6
1779865409.316173,2067,2151,6
1779865409.316482,2085,2031,6
1779865409.317581,2071,2046,6
1779865409.318866,1961,2138,6
1779865409.319186,2086,2106,6
1779865409.327609,2047,2023,6
1779865409.331813,2031,2155,6
1779865409.336204,2033,2227,6
1779865409.336714,2052,2244,6
1779865409.3375418,2035,2073,6
1779865409.343015,2038,2020,6
1779865409.343211,2076,2068,6
1779865409.343602,2006,2090,6
1779865409.343675,2036,2008,6
1779865409.343791,2053,2110,6
1779865409.343894,1987,2184,6
1779865409.3439941,1955,2216,6
1779865409.344094,2056,2074,6
1779865409.344172,2108,2056,6
1779865409.3444679,2089,2051,6
1779865409.346227,2050,2170,6
1779865409.3605142,2101,2013,6
1779865409.361429,2122,1990,6
1779865409.364383,2002,2097,6
1779865409.369396,1911,2209,6
1779865409.374613,2102,2075,6
1779865409.3752162,2088,2032,6
1779865409.3762329,2073,1999,6
1779865409.380634,2077,2075,6
1779865409.3807402,2101,2058,6
1779865409.380809,2062,2009,6
1779865409.381017,1992,2102,6
1779865409.38145,1927,2240,6
1779865409.381533,2025,2163,6
1779865409.381603,2073,2070,6
1779865409.381971,2055,2019,6
1779865409.3822541,2062,2065,6
1779865409.3823411,2062,2052,6
1779865409.382428,2097,1995,6
1779865409.3850539,2066,2036,6
1779865409.386223,1992,2088,6
1779865409.391236,1980,1989,6
1779865409.400428,2103,1836,6
1779865409.4008598,2113,1801,6
1779865409.402663,2069,1823,6
1779865409.4108858,2003,1850,6
1779865409.413803,2131,1795,6
1779865409.418607,2097,1826,6
1779865409.419473,2077,1939,6
1779865409.4201422,2013,2054,6
1779865409.420633,2038,1998,6
1779865409.4258718,2063,1974,6
1779865409.426114,2110,1967,6
1779865409.426195,2051,2012,6
1779865409.4262662,2064,1995,6
1779865409.426383,2114,1970,6
1779865409.42652,2013,2069,6
1779865409.426707,1964,2196,6
1779865409.426823,2001,2121,6
1779865409.426892,2085,2061,6
1779865409.4269571,2108,2011,6
1779865409.428243,2059,2036,6
1779865409.430943,2031,2067,6
1779865409.433076,2058,1947,6
1779865409.445525,2060,2009,6
1779865409.453166,1998,2145,6
1779865409.453532,1955,2210,6
1779865409.4536371,2136,2042,6
1779865409.453717,2153,1998,6
1779865409.453795,2085,2041,6
1779865409.453992,1921,2085,6
1779865409.463258,2058,2009,6
1779865409.468837,2105,2034,6
1779865409.468959,1996,2118,6
1779865409.46903,2021,2263,6
1779865409.4693089,2109,2098,6
1779865409.469388,2108,1971,6
1779865409.469455,2140,2035,6
1779865409.469527,2072,2092,6
1779865409.46959,2009,2047,6
1779865409.469654,2116,1961,6
1779865409.4697201,2051,2095,6
1779865409.471472,1910,2230,6
1779865409.473224,1941,2174,6
1779865409.474605,2063,2053,6
1779865409.476118,2089,1973,6
1779865409.478855,2070,2046,6
1779865409.493953,2050,2102,6
1779865409.494474,2133,2030,6
1779865409.5032582,2127,2035,6
1779865409.5083299,2017,2169,6
1779865409.508839,1968,2234,6
1779865409.5093791,2058,2047,6
1779865409.513761,2152,2043,6
1779865409.515968,2084,2039,6
1779865409.516055,2000,2081,6
1779865409.5161211,2045,2025,6
1779865409.516463,2131,2029,6
1779865409.516682,2043,2112,6
1779865409.5167658,1943,2309,6
1779865409.516829,2068,2102,6
1779865409.516889,2092,2047,6
1779865409.516948,2103,1992,6
1779865409.51712,2036,2059,6
1779865409.517184,2106,2046,6
1779865409.5172448,2143,1990,6
1779865409.519083,2020,2080,6
1779865409.5293682,1968,2231,6
1779865409.5351958,2068,2174,6
1779865409.535725,2056,2099,6
1779865409.547159,2047,2011,6
1779865409.553371,2054,2057,6
1779865409.5535061,2149,2123,6
1779865409.553578,2075,2028,6
1779865409.553666,2027,2075,6
1779865409.554173,1979,2172,6
1779865409.554641,1988,2221,6
1779865409.5548139,2092,2065,6
1779865409.55567,2081,1990,6
1779865409.555917,2114,2033,6
1779865409.5559921,2090,2106,6
1779865409.556118,2126,2017,6
1779865409.556258,2005,1992,6
1779865409.556372,2012,2121,6
1779865409.556511,1965,2236,6
1779865409.556818,2110,2121,6
1779865409.558538,2125,2065,6
1779865409.559938,2050,1989,6
1779865409.5627232,2029,2087,6
1779865409.579006,2074,2123,6
1779865409.593945,2020,2021,6
1779865409.595735,2028,2112,6
1779865409.5962949,2056,2214,6
1779865409.596406,2068,2187,6
1779865409.596491,2072,2054,6
1779865409.596565,2080,2048,6
1779865409.5966358,2063,2092,6
1779865409.596778,2055,2066,6
1779865409.596877,2175,1981,6
1779865409.596949,2094,2020,6
1779865409.5970838,2020,2160,6
1779865409.597286,2020,2210,6
1779865409.5973692,2093,2067,6
1779865409.5974898,2061,1990,6
1779865409.597573,2007,1996,6
1779865409.5976388,2099,2112,6
1779865409.600136,2077,2031,6
1779865409.6003041,1959,2010,6
1779865409.619071,1995,2144,6
1779865409.62786,2025,2283,6
1779865409.6292732,2063,2138,6
1779865409.629784,2082,2024,6
1779865409.630409,2125,2051,6
1779865409.634183,2091,2126,6
1779865409.635791,2088,2103,6
1779865409.6358972,2081,2024,6
1779865409.635963,1994,2130,6
1779865409.6360269,2030,2266,6
1779865409.6360881,2076,2145,6
1779865409.636171,2069,2018,6
1779865409.63627,2038,2005,6
1779865409.636343,2034,2032,6
1779865409.636406,2044,2037,6
1779865409.636467,2100,2003,6
1779865409.636528,2043,2002,6
1779865409.636588,2028,2137,6
1779865409.640216,2018,2232,6
1779865409.641272,2137,2093,6
1779865409.642703,2127,2039,6
1779865409.644181,2141,2018,6
1779865409.669271,2039,2104,6
1779865409.675898,2080,2016,6
1779865409.6766841,2073,2050,6
1779865409.6806982,1971,2159,6
1779865409.681349,1960,2320,6
1779865409.68321,2034,2165,6
1779865409.683365,2070,2089,6
1779865409.6835,1994,2039,6
1779865409.683574,2035,2141,6
1779865409.683785,2120,2096,6
1779865409.6839921,2123,1988,6
1779865409.6841059,2044,2110,6
1779865409.684182,2000,2174,6
1779865409.684257,2022,2153,6
1779865409.68432,2084,2028,6
1779865409.684384,2098,1993,6
1779865409.684594,2026,2079,6
1779865409.6846862,2051,2124,6
1779865409.684756,2136,2020,6
1779865409.6848252,2038,2063,6
1779865409.6861792,1976,2178,6
1779865409.7014642,1922,2256,6
1779865409.708447,2073,2098,6
1779865409.709358,2131,2023,6
1779865409.71407,2093,1969,6
1779865409.718854,2034,2067,6
1779865409.7209458,2109,1989,6
1779865409.7210538,2042,2047,6
1779865409.721266,1987,2158,6
1779865409.7213361,1985,2288,6
1779865409.721884,1992,2157,6
1779865409.7221289,2089,2063,6
1779865409.7222478,2094,2046,6
1779865409.722683,1978,2084,6
1779865409.722832,2127,2074,6
1779865409.722913,2094,2049,6
1779865409.7230022,1978,2112,6
1779865409.7230961,2013,2246,6
1779865409.723169,2107,2180,6
1779865409.72512,2154,2036,6
1779865409.726662,2061,1990,6
1779865409.7280781,2022,2015,6
1779865409.7314718,2036,2060,6
1779865409.746023,2086,1999,6
1779865409.7468932,2077,2052,6
1779865409.750273,2008,2152,6
1779865409.753877,1989,2198,6
1779865409.758851,2066,2066,6
1779865409.760229,2084,2051,6
1779865409.765265,2078,2053,6
1779865409.766291,1984,2098,6
1779865409.7664158,2090,2004,6
1779865409.766495,2073,2020,6
1779865409.766561,1972,2121,6
1779865409.766628,1952,2270,6
1779865409.76669,2095,2120,6
1779865409.766753,2073,2029,6
1779865409.766857,2014,1978,6
1779865409.76703,2058,2069,6
1779865409.767139,2161,2093,6
1779865409.767207,2129,2052,6
1779865409.768637,2068,2071,6
1779865409.779275,1999,2157,6
1779865409.782974,1940,2134,6
1779865409.7842538,2068,2042,6
1779865409.792248,2065,2023,6
1779865409.800213,2006,2037,6
1779865409.806232,2066,2128,6
1779865409.806591,2103,2007,6
1779865409.8071911,2037,2018,6
1779865409.807338,2009,2146,6
1779865409.807519,1961,2226,6
1779865409.808026,2126,2097,6
1779865409.808185,2147,2028,6
1779865409.8082619,2084,2033,6
1779865409.808345,1984,2080,6
1779865409.808445,2089,2024,6
1779865409.808519,2070,2061,6
1779865409.8085911,1966,2177,6
1779865409.808803,1947,2218,6
1779865409.808871,2079,2094,6
1779865409.8090189,2113,2068,6
1779865409.810567,1997,2031,6
1779865409.812008,1980,2100,6
1779865409.814763,2102,2046,6
1779865409.82472,2073,1968,6
1779865409.832232,2023,2131,6
1779865409.837353,1996,2230,6
1779865409.84152,2061,2141,6
1779865409.8473248,2113,2056,6
1779865409.8482618,2166,2021,6
1779865409.8542562,2069,2010,6
1779865409.854492,2067,2069,6
1779865409.854628,2048,1984,6
1779865409.854718,2003,2024,6
1779865409.8550751,1916,2185,6
1779865409.856066,2017,2232,6
1779865409.8561869,2128,2072,6
1779865409.856359,2087,1988,6
1779865409.856647,2062,2030,6
1779865409.8567529,2098,2139,6
1779865409.856933,2131,2072,6
1779865409.857161,2061,2052,6
1779865409.8573382,2030,2139,6
1779865409.857543,1980,2311,6
1779865409.857704,2049,2126,6
1779865409.859318,2070,2043,6
1779865409.87578,2006,1973,6
1779865409.876149,2056,2016,6
1779865409.8840451,2143,2010,6
1779865409.884464,2080,1963,6
1779865409.885191,1986,2091,6
1779865409.8912551,2001,2228,6
1779865409.891932,1965,2150,6
1779865409.892344,2068,2045,6
1779865409.893429,2090,2037,6
1779865409.894254,2018,2070,6
1779865409.895054,2029,2089,6
1779865409.895276,2138,2007,6
1779865409.8953679,2092,2066,6
1779865409.895457,1975,2179,6
1779865409.895545,2003,2232,6
1779865409.8956878,2172,2086,6
1779865409.8958368,2080,2021,6
1779865409.895956,2072,2028,6
1779865409.897352,1969,2094,6
1779865409.89977,2004,2002,6
1779865409.90132,2088,1999,6
1779865409.9028852,2065,2134,6
1779865409.905374,1950,2250,6
1779865409.924952,2085,2079,6
1779865409.927888,2087,2018,6
1779865409.928396,2071,2004,6
1779865409.937162,2083,2068,6
1779865409.9414139,2064,2057,6
1779865409.9418728,2097,2004,6
1779865409.941968,2012,2102,6
1779865409.942059,1947,2183,6
1779865409.942292,2013,2108,6
1779865409.942518,2059,2040,6
1779865409.943051,2067,2025,6
1779865409.9432929,1992,2048,6
1779865409.950562,2037,2037,6
1779865409.953651,2125,1967,6
1779865409.9794612,2034,2057,6
1779865409.979666,1923,2136,6
1779865409.9805179,2009,2243,6
1779865409.9807,2130,2064,6
1779865409.980927,2101,2022,6
1779865409.981575,2062,2020,6
1779865409.9816802,2047,2144,6
1779865409.9880042,2098,2066,6
1779865410.0483682,2090,2044,6
1779865410.048467,1954,2152,6
1779865410.048535,1980,2270,6
1779865410.048599,1992,2106,6
1779865410.0486631,1985,1980,6
1779865410.0487611,2218,1990,6
1779865410.049189,2112,2071,6
1779865410.049385,2067,2035,6
1779865410.053059,2138,2011,6
1779865410.053149,2077,2073,6
1779865410.053223,2006,2198,6
1779865410.0532951,2039,2149,6
1779865410.053366,2128,2065,6
1779865410.0534358,2037,2007,6
1779865410.053505,2024,2055,6
1779865410.0535731,1997,2051,6
1779865410.053643,2053,1955,6
1779865410.053712,2074,2040,6
1779865410.0543082,1939,2173,6
1779865410.054402,1940,2206,6
1779865410.055341,2068,2056,6
1779865410.055497,2097,2014,6
1779865410.069932,2124,1999,6
1779865410.074328,2013,2073,6
1779865410.0748549,2093,2032,6
1779865410.0821319,2192,2035,6
1779865410.087848,2025,2116,6
1779865410.0921888,2000,2275,6
1779865410.092649,2087,2090,6
1779865410.09283,2137,2043,6
1779865410.092923,2067,2065,6
1779865410.093001,1962,2080,6
1779865410.0930822,2027,2062,6
1779865410.093194,2091,1999,6
1779865410.093272,2044,2061,6
1779865410.0933492,1934,2176,6
1779865410.0934231,2060,2164,6
1779865410.093499,2162,2049,6
1779865410.0935838,2096,1986,6
1779865410.093693,2052,2031,6
1779865410.09377,2064,2093,6
1779865410.0939891,2124,1994,6
1779865410.094165,2042,2045,6
1779865410.094347,2076,2190,6
1779865410.0945358,1986,2245,6
1779865410.094632,2024,2043,6
1779865410.094913,2067,2029,6
1779865410.095007,2007,2013,6
1779865410.095079,1988,2132,6
1779865410.095298,2153,2085,6
1779865410.0954921,2021,2041,6
1779865410.095667,1993,2174,6
1779865410.095865,1941,2252,6
1779865410.09616,1992,2139,6
1779865410.0968478,2097,2085,6
1779865410.11024,2135,2027,6
1779865410.1108868,2103,2061,6
1779865410.122205,2062,2018,6
1779865410.127313,2075,2020,6
1779865410.1274922,2015,2090,6
1779865410.127584,1990,2183,6
1779865410.1278431,2027,2144,6
1779865410.12796,2064,2054,6
1779865410.128136,2102,2028,6
1779865410.1283178,2070,2059,6
1779865410.1284869,2029,2083,6
1779865410.1286452,2029,1989,6
1779865410.128745,2137,2055,6
1779865410.1288419,1997,2191,6
1779865410.129056,1977,2241,6
1779865410.129214,2112,2088,6
1779865410.12938,2141,2025,6
1779865410.129558,2040,2006,6
1779865410.129762,2008,2109,6
1779865410.129888,1978,2032,6
1779865410.129986,2073,2061,6
1779865410.130103,2007,2105,6
1779865410.13017,1952,2212,6
1779865410.130291,2078,2141,6
1779865410.130367,2095,2050,6
1779865410.1305878,2082,2021,6
1779865410.130763,2090,2072,6
1779865410.13084,2074,2059,6
1779865410.130954,2117,2002,6
1779865410.131017,2069,2084,6
1779865410.131087,1938,2197,6
1779865410.1311932,1990,2165,6
1779865410.131259,2043,2041,6
1779865410.131489,2084,1997,6
1779865410.1315808,2052,2034,6
1779865410.131733,2009,2066,6
1779865410.1318321,2096,1964,6
1779865410.134485,2032,2050,6
1779865410.135859,2080,2199,6
1779865410.149835,2050,2246,6
1779865410.159873,2043,2061,6
1779865410.170939,2081,2030,6
1779865410.1714199,2072,2021,6
1779865410.171637,2018,2154,6
1779865410.1718788,2066,2034,6
1779865410.171952,2034,1998,6
1779865410.1720388,2072,2186,6
1779865410.172222,1983,2290,6
1779865410.172297,2028,2102,6
1779865410.172361,2096,2053,6
1779865410.172427,2090,2029,6
1779865410.172491,1980,2099,6
1779865410.1725519,2146,2058,6
1779865410.172611,2106,1997,6
1779865410.172786,2011,2097,6
1779865410.172849,1974,2214,6
1779865410.173208,2037,2151,6
1779865410.174644,2082,2022,6
1779865410.187812,2103,2010,6
1779865410.193044,2081,2028,6
1779865410.196002,2046,2051,6
1779865410.200738,2123,1975,6
1779865410.206809,2084,2029,6
1779865410.207968,2029,2162,6
1779865410.2081192,1995,2232,6
1779865410.208329,2098,2103,6
1779865410.208436,2095,2016,6
1779865410.208616,2088,2012,6
1779865410.20877,2093,2080,6
1779865410.2088761,2112,2055,6
1779865410.208981,2076,2077,6
1779865410.209103,1922,2058,6
1779865410.2091699,1975,2244,6
1779865410.209235,2142,2153,6
1779865410.209297,2098,2057,6
1779865410.210666,2082,2020,6
1779865410.212089,2077,2041,6
1779865410.2292778,2069,2077,6
1779865410.231571,2123,1989,6
1779865410.238048,2038,2040,6
1779865410.238633,1964,2199,6
1779865410.242094,2013,2190,6
1779865410.243265,2100,2035,6
1779865410.243358,2143,1972,6
1779865410.243656,2086,2044,6
1779865410.243882,2023,2106,6
1779865410.244024,2073,1995,6
1779865410.244166,2104,2064,6
1779865410.2445178,2035,2170,6
1779865410.244611,1950,2208,6
1779865410.244673,2078,2061,6
1779865410.244831,2003,1978,6
1779865410.245087,2094,2022,6
1779865410.2468019,2067,2078,6
1779865410.254764,2085,2043,6
1779865410.257911,2119,2057,6
1779865410.2581708,2080,2121,6
1779865410.2638998,2020,2250,6
1779865410.268438,2044,2134,6
1779865410.272657,2045,2022,6
1779865410.272994,2129,2040,6
1779865410.273161,2096,2085,6
1779865410.2733061,2057,2013,6
1779865410.273466,2051,1973,6
1779865410.273605,2052,2050,6
1779865410.2738078,2002,2187,6
1779865410.273878,2038,2165,6
1779865410.273942,2082,2027,6
1779865410.2765892,2087,2010,6
1779865410.2782779,2043,2048,6
1779865410.279671,2073,2079,6
1779865410.287822,2147,1956,6
1779865410.290209,2061,2068,6
1779865410.292471,1989,2175,6
1779865410.292951,2005,2220,6
1779865410.2988732,2099,2072,6
1779865410.303072,2165,2021,6
1779865410.303966,2045,2009,6
1779865410.3070521,2026,2099,6
1779865410.3082712,2010,2063,6
1779865410.3084018,2115,2066,6
1779865410.308473,2045,2218,6
1779865410.308766,1952,2242,6
1779865410.308886,2020,2090,6
1779865410.3096352,2061,2046,6
1779865410.3097441,2103,2027,6
1779865410.319788,2042,2082,6
1779865410.323874,2075,1999,6
1779865410.32767,2138,1980,6
1779865410.330017,2024,2067,6
1779865410.338442,1907,2259,6
1779865410.338619,2074,2186,6
1779865410.338759,2168,2117,6
1779865410.3389199,2086,2040,6
1779865410.339135,2069,2071,6
1779865410.339285,2041,2110,6
1779865410.3395069,2062,1964,6
1779865410.3397171,2071,1997,6
1779865410.339882,1982,2160,6
1779865410.339992,1972,2202,6
1779865410.340074,2112,1986,6
1779865410.342731,2075,1970,6
1779865410.344092,2101,2018,6
1779865410.358127,2088,2107,6
1779865410.3584902,2073,2068,6
1779865410.363942,2073,2060,6
1779865410.3678179,2030,2135,6
1779865410.367983,1996,2258,6
1779865410.369231,1972,2099,6
1779865410.372969,2022,2011,6
1779865410.373122,2113,2042,6
1779865410.373245,2004,2111,6
1779865410.3735511,2039,2070,6
1779865410.3736541,2037,1993,6
1779865410.373729,2076,2037,6
1779865410.373852,2017,2191,6
1779865410.373987,1979,2163,6
1779865410.374079,2039,2040,6
1779865410.37669,2126,1983,6
1779865410.391296,2061,2015,6
1779865410.3922281,2094,2038,6
1779865410.398644,2051,1967,6
1779865410.399282,1982,2049,6
1779865410.4031549,2016,2197,6
1779865410.4033332,2052,2245,6
1779865410.403411,2111,2072,6
1779865410.403564,2172,2029,6
1779865410.403672,2076,2043,6
1779865410.403737,1964,2112,6
1779865410.403799,2127,2033,6
1779865410.4039779,2117,2050,6
1779865410.4043462,1979,2122,6
1779865410.404541,1933,2261,6
1779865410.406392,2029,2124,6
1779865410.4079092,2115,2045,6
1779865410.4106119,2091,1995,6
1779865410.4120488,1981,2034,6
1779865410.421462,2086,2060,6
1779865410.4249442,2121,1997,6
1779865410.425185,2038,2080,6
1779865410.428409,2011,2232,6
1779865410.431942,2007,2167,6
1779865410.437906,2048,2052,6
1779865410.441639,2056,2008,6
1779865410.442765,2020,2016,6
1779865410.442836,2051,2103,6
1779865410.443038,2033,1971,6
1779865410.4431202,2079,2062,6
1779865410.4431832,2000,2156,6
1779865410.443278,1942,2242,6
1779865410.443337,2124,2098,6
1779865410.443397,2147,2037,6
1779865410.444863,2067,2078,6
1779865410.446471,2038,2110,6
1779865410.457804,2054,2041,6
1779865410.4601998,2037,2002,6
1779865410.462002,1945,2059,6
1779865410.468535,1909,2242,6
1779865410.472744,2070,2155,6
1779865410.473334,1973,2046,6
1779865410.4737742,2004,1965,6
1779865410.473866,2069,2058,6
1779865410.473953,2071,2047,6
1779865410.474018,2026,2016,6
1779865410.474081,2089,2060,6
1779865410.474144,1959,2187,6
1779865410.4742038,1950,2119,6
1779865410.4742882,2028,2037,6
1779865410.475661,2034,1987,6
1779865410.478333,2063,2023,6
1779865410.4798238,2032,2113,6
1779865410.482455,2089,2017,6
1779865410.486093,2062,2053,6
1779865410.495117,1955,2161,6
1779865410.5037062,2002,2225,6
1779865410.5081651,2205,2069,6
1779865410.509074,2044,1976,6
1779865410.5135229,1962,1972,6
1779865410.513613,2041,2089,6
1779865410.513678,2095,2050,6
1779865410.513739,2103,2051,6
1779865410.513799,2024,2129,6
1779865410.513957,1963,2249,6
1779865410.514049,2044,2141,6
1779865410.514144,2036,2045,6
1779865410.514275,2040,2047,6
1779865410.514339,2051,2100,6
1779865410.514421,2077,2069,6
1779865410.515786,2101,2003,6
1779865410.527959,2027,2076,6
1779865410.5338838,1945,2195,6
1779865410.54158,2030,2196,6
1779865410.542388,2031,2049,6
1779865410.542749,2088,2011,6
1779865410.542856,2075,2031,6
1779865410.542929,2031,2039,6
1779865410.542994,2043,1982,6
1779865410.543055,2049,2016,6
1779865410.543118,1981,2137,6
1779865410.543181,1978,2215,6
1779865410.543245,2096,2087,6
1779865410.543307,2043,2006,6
1779865410.544835,2094,2048,6
1779865410.5463371,2080,2094,6
1779865410.547719,2022,2032,6
1779865410.5505059,2018,1986,6
1779865410.551645,2072,2148,6
1779865410.5612009,1938,2259,6
1779865410.572713,2096,2123,6
1779865410.577903,2136,2090,6
1779865410.579695,2158,2049,6
1779865410.584266,2026,2067,6
1779865410.584367,2044,2044,6
1779865410.584435,2077,1997,6
1779865410.584498,2007,2144,6
1779865410.5846028,1991,2217,6
1779865410.584676,2027,2170,6
1779865410.5847402,2064,2030,6
1779865410.584803,2028,1996,6
1779865410.584907,2037,2047,6
1779865410.58498,2084,2143,6
1779865410.5850492,2119,2053,6
1779865410.585114,2083,2078,6
1779865410.586623,2044,2192,6
1779865410.599136,1953,2269,6
1779865410.6033778,2123,2115,6
1779865410.6037571,2160,2051,6
1779865410.609439,2091,2067,6
1779865410.610293,2022,2142,6
1779865410.614301,2044,2058,6
1779865410.61444,2063,1998,6
1779865410.614516,2006,2164,6
1779865410.61458,1933,2266,6
1779865410.6146739,2128,2152,6
1779865410.6147468,2068,2059,6
1779865410.6151428,2038,2044,6
1779865410.6152442,1984,2075,6
1779865410.615495,2100,2019,6
1779865410.615642,2204,1936,6
1779865410.61832,2026,2036,6
1779865410.6197078,1973,2203,6
1779865410.624013,2079,2201,6
1779865410.62415,2016,2025,6
1779865410.636735,2058,2001,6
1779865410.642216,2087,2002,6
1779865410.650644,2095,2075,6
1779865410.6508002,2117,1890,6
1779865410.6510599,2039,1990,6
1779865410.651202,1964,2128,6
1779865410.651545,1979,2210,6
1779865410.651721,2143,2021,6
1779865410.651787,2124,1975,6
1779865410.65199,2093,2032,6
1779865410.6521459,2075,2089,6
1779865410.652212,2085,2062,6
1779865410.652277,2105,2049,6
1779865410.652338,1993,2125,6
1779865410.653708,1932,2190,6
