timestamp,ch1,ch2,label
1789467837.999999,2081,2880,u
1789467838.001745,2091,2878,u
1789467838.003616,2075,2877,u
1789467838.005286,2115,2878,u
1789467838.006778,2071,2880,u
1789467838.0105941,2036,2879,u
1789467838.01085,1891,2877,u
1789467838.013416,2199,2880,u
1789467838.014705,2294,2880,u
1789467838.017086,1797,2879,u
1789467838.019398,1999,2877,u
1789467838.020685,2213,2881,u
1789467838.0232031,2148,2880,u
1789467838.024489,2133,2879,u
1789467838.02703,2011,2880,u
1789467838.02955,2088,2879,u
1789467838.0308402,2111,2878,u
1789467838.0332532,2026,2879,u
1789467838.034539,2054,2877,u
1789467838.037097,2149,2878,u
1789467838.042706,2127,2880,u
1789467838.043149,2035,2878,u
1789467838.0448,2076,2879,u
1789467838.0449128,2121,2878,u
1789467838.047518,2124,2879,u
1789467838.049172,2025,2877,u
1789467838.051614,1976,2878,u
1789467838.052743,2074,2879,u
1789467838.055059,1983,2878,u
1789467838.057145,2064,2879,u
1789467838.05943,2211,2878,u
1789467838.0604732,2007,2878,u
1789467838.062767,1918,2876,u
1789467838.065073,2099,2880,u
1789467838.06748,2148,2881,u
1789467838.068535,2112,2878,u
1789467838.070766,2064,2877,u
1789467838.0733068,2217,2880,u
1789467838.075615,2164,2879,u
1789467838.07667,1984,2878,u
1789467838.0821052,2093,2879,u
1789467838.082528,2082,2879,u
1789467838.0829551,2056,2878,u
1789467838.085896,2067,2877,u
1789467838.088438,2092,2878,u
1789467838.089191,2018,2877,u
1789467838.090613,2124,2879,u
1789467838.093158,2122,2879,u
1789467838.09548,1930,2875,u
1789467838.096777,1917,2877,u
1789467838.099322,2076,2879,u
1789467838.100607,2182,2879,u
1789467838.1026828,2107,2878,u
1789467838.1052291,2062,2878,u
1789467838.107681,2069,2879,u
1789467838.1089659,2143,2879,u
1789467838.111542,2198,2880,u
1789467838.1128268,2023,2878,u
1789467838.11489,2063,2880,u
1789467838.11743,2060,2878,u
1789467838.121398,2053,2878,u
1789467838.121841,2080,2878,u
1789467838.123523,2134,2881,u
1789467838.12531,1979,2876,u
1789467838.127705,2037,2879,u
1789467838.129757,2325,2879,u
1789467838.130819,1986,2877,u
1789467838.132881,1842,2877,u
1789467838.135065,2208,2881,u
1789467838.136385,2094,2878,u
1789467838.138686,2077,2880,u
1789467838.140754,2161,2880,u
1789467838.143293,2014,2878,u
1789467838.1445792,2057,2880,u
1789467838.1468859,2136,2880,u
1789467838.149179,2138,2880,u
1789467838.150464,2083,2877,u
1789467838.153007,2103,2878,u
1789467838.15439,2082,2877,u
1789467838.156558,2022,2878,u
1789467838.1606731,2010,2879,u
1789467838.1610181,2065,2878,u
1789467838.1631382,2089,2879,u
1789467838.164684,2032,2880,u
1789467838.167629,1993,2878,u
1789467838.170377,2147,2881,u
1789467838.1705441,2209,2882,u
1789467838.17285,2066,2881,u
1789467838.175172,1861,2877,u
1789467838.176468,2072,2879,u
1789467838.179018,2140,2879,u
1789467838.180428,2205,2878,u
1789467838.182838,1892,2877,u
1789467838.184953,1932,2877,u
1789467838.187284,2062,2877,u
1789467838.188569,2144,2880,u
1789467838.190933,2157,2879,u
1789467838.193473,2249,2879,u
1789467838.194761,2170,2878,u
1789467838.197068,2037,2879,u
1789467838.20117,2042,2879,u
1789467838.201589,2008,2878,u
1789467838.203267,2055,2878,u
1789467838.205284,2173,2881,u
1789467838.208098,2092,2880,u
1789467838.210507,2027,2878,u
1789467838.210979,2073,2879,u
1789467838.212384,1906,2878,u
1789467838.214456,2126,2879,u
1789467838.216684,2157,2880,u
1789467838.2187579,2131,2879,u
1789467838.221002,2224,2880,u
1789467838.223369,2012,2877,u
1789467838.224431,1940,2877,u
1789467838.22674,2100,2879,u
1789467838.229007,2029,2880,u
1789467838.231307,2081,2879,u
1789467838.232367,2039,2878,u
1789467838.234911,2016,2877,u
1789467838.2372391,2008,2878,u
1789467838.238374,2233,2879,u
1789467838.243638,2118,2879,u
1789467838.2441201,2050,2879,u
1789467838.2457678,2083,2878,u
1789467838.2474802,2077,2879,u
1789467838.2512991,2095,2880,u
1789467838.251515,2085,2878,u
1789467838.253131,2111,2878,u
1789467838.254433,2104,2879,u
1789467838.256693,2046,2879,u
1789467838.25943,1992,2876,u
1789467838.260503,2064,2880,u
1789467838.262906,2126,2879,u
1789467838.265215,2071,2879,u
1789467838.266439,2048,2877,u
1789467838.2687528,2017,2878,u
1789467838.271061,2089,2879,u
1789467838.272406,2105,2880,u
1789467838.274913,2155,2879,u
1789467838.277428,2155,2879,u
1789467838.278508,1887,2876,u
1789467838.2812061,2002,2878,u
1789467838.2854688,2169,2881,u
1789467838.285938,2103,2879,u
1789467838.287901,1984,2876,u
1789467838.289293,2141,2880,u
1789467838.290806,2207,2880,u
1789467838.294831,1999,2880,u
1789467838.2950249,2080,2879,u
1789467838.296387,2152,2879,u
1789467838.298849,2134,2879,u
1789467838.301381,2008,2878,u
1789467838.3059342,2040,2878,u
1789467838.3063931,2042,2877,u
1789467838.307455,2134,2880,u
1789467838.308924,2130,2879,u
1789467838.31081,2102,2880,u
1789467838.314611,2006,2878,u
1789467838.314833,1928,2877,u
1789467838.317157,1972,2879,u
1789467838.31953,2164,2881,u
1789467838.3208199,2184,2881,u
1789467838.322946,2017,2879,u
1789467838.3252559,1784,2876,u
1789467838.326547,2030,2879,u
1789467838.3286028,2017,2877,u
1789467838.330912,2396,2881,u
1789467838.333225,2122,2880,u
1789467838.3344169,2072,2877,u
1789467838.336739,1959,2877,u
1789467838.338801,1987,2878,u
1789467838.341013,2091,2879,u
1789467838.345032,1966,2876,u
1789467838.345435,2307,2879,u
1789467838.34731,2441,2880,u
1789467838.349003,1674,2877,u
1789467838.351686,1782,2878,u
1789467838.354083,2808,2881,u
1789467838.355128,1731,2877,u
1789467838.356417,1081,2877,u
1789467838.35872,2529,2879,u
1789467838.360932,2668,2879,u
1789467838.3649101,2161,2880,u
1789467838.365568,1475,2876,u
1789467838.3670678,1721,2877,u
1789467838.3685791,2362,2880,u
1789467838.371306,2432,2881,u
1789467838.373603,2228,2879,u
1789467838.374646,1859,2876,u
1789467838.37671,1516,2877,u
1789467838.3792782,1466,2877,u
1789467838.380577,2376,2880,u
1789467838.382776,3076,2883,u
1789467838.3853178,2154,2879,u
1789467838.386603,1982,2877,u
1789467838.388897,2223,2880,u
1789467838.391196,2150,2878,u
1789467838.3932521,2158,2878,u
1789467838.394481,2005,2878,u
1789467838.39654,2093,2879,u
1789467838.3993611,1917,2879,u
1789467838.4033222,1878,2876,u
1789467838.403466,2059,2880,u
1789467838.405486,1870,2878,u
1789467838.407061,2054,2878,u
1789467838.4096918,2082,2879,u
1789467838.411072,2056,2877,u
1789467838.41257,1863,2877,u
1789467838.414965,1956,2880,u
1789467838.4163861,1914,2879,u
1789467838.4189289,1839,2876,u
1789467838.422837,1940,2876,u
1789467838.4345322,2213,2879,u
1789467838.455874,2259,2881,u
1789467838.455921,2205,2881,u
1789467838.455952,2223,2879,u
1789467838.455981,1920,2876,u
1789467838.456158,1873,2877,u
1789467838.456203,2055,2878,u
1789467838.456256,1931,2877,u
1789467838.4562938,2168,2881,u
1789467838.456351,2140,2879,u
1789467838.456457,2057,2878,u
1789467838.456557,2039,2879,u
1789467838.456602,2151,2879,u
1789467838.45663,2082,2879,u
1789467838.4567292,1863,2877,u
1789467838.456827,1845,2877,u
1789467838.456856,1866,2877,u
1789467838.456919,1995,2876,u
1789467838.459292,2198,2879,u
1789467838.460781,2360,2879,u
1789467838.462518,2263,2879,u
1789467838.465029,2107,2878,u
1789467838.46641,2004,2877,u
1789467838.46909,2175,2878,u
1789467838.4704168,2392,2880,u
1789467838.47297,2134,2879,u
1789467838.475521,1928,2877,u
1789467838.4765701,1777,2876,u
1789467838.4790149,2082,2880,u
1789467838.4845839,2233,2880,u
1789467838.4847202,1519,2877,u
1789467838.485125,2038,2879,u
1789467838.4870882,2528,2881,u
1789467838.488485,2397,2880,u
1789467838.491841,2088,2879,u
1789467838.4933,1794,2876,u
1789467838.4951491,1992,2878,u
1789467838.496452,2139,2880,u
1789467838.49876,1990,2876,u
1789467838.501313,1961,2878,u
1789467838.502603,1901,2878,u
1789467838.5049012,2026,2877,u
1789467838.507452,2109,2879,u
1789467838.5087411,2229,2880,u
1789467838.5112598,2138,2879,u
1789467838.5125482,1954,2876,u
1789467838.515094,2097,2878,u
1789467838.517458,1828,2878,u
1789467838.5184991,1563,2878,u
1789467838.5208051,2341,2881,u
1789467838.526191,1888,2877,u
1789467838.528834,2283,2879,u
1789467838.529032,2797,2882,u
1789467838.529153,2385,2881,u
1789467838.5310552,1856,2878,u
1789467838.533686,1799,2878,u
1789467838.535298,1718,2878,u
1789467838.53723,2091,2878,u
1789467838.538399,1559,2877,u
1789467838.540711,1830,2879,u
1789467838.5427809,1436,2875,u
1789467838.545098,1764,2878,u
1789467838.546388,2318,2880,u
1789467838.548907,2009,2877,u
1789467838.55122,2647,2880,u
1789467838.553566,2713,2881,u
1789467838.554761,1332,2878,u
1789467838.557312,2128,2878,u
1789467838.558601,2124,2880,u
1789467838.5607371,1607,2876,u
1789467838.562808,1813,2877,u
1789467838.565085,1830,2878,u
1789467838.570147,2357,2879,u
1789467838.571012,2037,2877,u
1789467838.5711098,1776,2878,u
1789467838.572607,2209,2879,u
1789467838.5756469,1751,2877,u
1789467838.577235,2250,2879,u
1789467838.578922,2121,2879,u
1789467838.580949,1653,2877,u
1789467838.5836642,1973,2878,u
1789467838.585324,1773,2878,u
1789467838.587751,1684,2878,u
1789467838.589112,1913,2877,u
1789467838.59041,1637,2876,u
1789467838.5929432,1707,2877,u
1789467838.595499,1690,2877,u
1789467838.596789,1706,2877,u
1789467838.5991528,1660,2876,u
1789467838.600474,1686,2878,u
1789467838.6027808,1483,2878,u
1789467838.6053288,1940,2877,u
1789467838.6063921,2177,2879,u
1789467838.608961,1730,2876,u
1789467838.613935,1534,2877,u
1789467838.614341,1770,2877,u
1789467838.614837,2132,2879,u
1789467838.616676,1724,2877,u
1789467838.619314,1558,2878,u
1789467838.621439,1766,2877,u
1789467838.6232462,1916,2877,u
1789467838.6248991,2067,2879,u
1789467838.627459,1865,2875,u
1789467838.628761,1506,2876,u
1789467838.6311512,1899,2876,u
1789467838.633458,1941,2877,u
1789467838.634749,2213,2879,u
1789467838.636822,2262,2880,u
1789467838.639137,2082,2879,u
1789467838.64043,1722,2876,u
1789467838.64298,1851,2878,u
1789467838.645529,1799,2878,u
1789467838.646584,2003,2878,u
1789467838.64866,1918,2878,u
1789467838.6509938,1116,2876,u
1789467838.653305,2463,2879,u
1789467838.6576629,1983,2877,u
1789467838.658114,1609,2877,u
1789467838.659945,1862,2877,u
1789467838.661814,1462,2877,u
1789467838.663271,2403,2879,u
1789467838.665015,2529,2880,u
1789467838.667008,1659,2876,u
1789467838.669178,1794,2876,u
1789467838.6704798,2137,2879,u
1789467838.6730409,2171,2880,u
1789467838.6744761,2000,2876,u
1789467838.676796,1701,2877,u
1789467838.679104,2040,2877,u
1789467838.681391,2165,2880,u
1789467838.6824498,1537,2876,u
1789467838.685,1760,2877,u
1789467838.687368,2033,2877,u
1789467838.688427,2224,2880,u
1789467838.69073,2059,2879,u
1789467838.6930401,1795,2877,u
1789467838.694397,1881,2877,u
1789467838.69695,1804,2877,u
1789467838.702424,1994,2877,u
1789467838.702867,2259,2879,u
1789467838.703296,1813,2876,u
1789467838.705132,1387,2877,u
1789467838.7065878,2393,2880,u
1789467838.709853,2155,2880,u
1789467838.7119071,1852,2878,u
1789467838.713853,2113,2880,u
1789467838.715155,1360,2876,u
1789467838.716377,1627,2878,u
1789467838.718682,2530,2880,u
1789467838.721237,1715,2877,u
1789467838.7225301,1524,2876,u
1789467838.72484,2257,2879,u
1789467838.727386,2088,2879,u
1789467838.7286751,1885,2877,u
1789467838.731221,2237,2880,u
1789467838.7333179,1908,2877,u
1789467838.734368,1829,2877,u
1789467838.736923,2208,2880,u
1789467838.739052,2061,2879,u
1789467838.740344,1631,2876,u
1789467838.746711,2028,2879,u
1789467838.747136,1730,2876,u
1789467838.747914,1940,2878,u
1789467838.750836,2424,2879,u
1789467838.751294,1925,2877,u
1789467838.752828,1754,2878,u
1789467838.756269,1968,2878,u
1789467838.757948,1829,2877,u
1789467838.759,1954,2877,u
1789467838.761172,1801,2878,u
1789467838.762462,2006,2878,u
1789467838.76453,1920,2878,u
1789467838.766834,1337,2877,u
1789467838.76938,1874,2878,u
1789467838.7706728,2014,2877,u
1789467838.7729762,1946,2877,u
1789467838.775522,1972,2876,u
1789467838.776578,1939,2876,u
1789467838.7791228,2074,2878,u
1789467838.780412,1933,2877,u
1789467838.782958,2107,2879,u
1789467838.7850182,2064,2877,u
1789467838.786309,1837,2877,u
1789467838.791929,1426,2877,u
1789467838.792407,2501,2880,u
1789467838.792785,2276,2879,u
1789467838.795285,2052,2880,u
1789467838.79668,1914,2877,u
1789467838.7985752,2087,2880,u
1789467838.800825,2012,2878,u
1789467838.802901,2501,2880,u
1789467838.805218,2063,2877,u
1789467838.8065221,1879,2878,u
1789467838.809091,2092,2880,u
1789467838.81039,2055,2880,u
1789467838.812948,1947,2877,u
1789467838.815263,2236,2879,u
1789467838.816703,1899,2877,u
1789467838.819297,1819,2878,u
1789467838.820426,2156,2878,u
1789467838.8224971,1417,2877,u
1789467838.825044,2217,2879,u
1789467838.827368,1920,2877,u
1789467838.828665,1520,2876,u
1789467838.830973,2796,2880,u
1789467838.836499,2051,2879,u
1789467838.836971,1392,2877,u
1789467838.8373609,1966,2878,u
1789467838.838932,2057,2877,u
1789467838.840384,2069,2877,u
1789467838.8437471,2467,2880,u
1789467838.846158,2176,2878,u
1789467838.8464088,1448,2876,u
1789467838.848989,1817,2877,u
1789467838.850326,2319,2880,u
1789467838.8526561,1863,2878,u
1789467838.855211,2501,2881,u
1789467838.856284,2137,2879,u
1789467838.858603,1621,2877,u
1789467838.8611531,2037,2879,u
1789467838.862444,1843,2875,u
1789467838.864667,1924,2878,u
1789467838.867139,1885,2877,u
1789467838.868253,2480,2880,u
1789467838.870327,2011,2876,u
1789467838.872875,1993,2877,u
1789467838.875475,2296,2880,u
1789467838.876766,2116,2879,u
1789467838.8815382,2352,2879,u
1789467838.881922,1908,2878,u
1789467838.883723,1664,2877,u
1789467838.885464,2209,2878,u
1789467838.8868108,2473,2881,u
1789467838.88889,1871,2876,u
1789467838.891495,1956,2876,u
1789467838.893627,1943,2876,u
1789467838.894926,1624,2877,u
1789467838.8974888,2309,2879,u
1789467838.898785,2044,2877,u
1789467838.900854,2036,2878,u
1789467838.903169,1922,2877,u
1789467838.904253,2348,2879,u
1789467838.9068081,1912,2876,u
1789467838.909119,1848,2879,u
1789467838.9102552,2188,2880,u
1789467838.9128058,1918,2876,u
1789467838.915354,1711,2877,u
1789467838.9166431,1725,2877,u
1789467838.91919,2311,2880,u
1789467838.9203079,2344,2880,u
1789467838.922454,2306,2880,u
1789467838.926781,1258,2876,u
1789467838.9269261,1451,2877,u
1789467838.929236,2715,2880,u
1789467838.930639,2367,2881,u
1789467838.934015,1753,2877,u
1789467838.936683,1607,2877,u
1789467838.936904,1844,2877,u
1789467838.938838,2179,2881,u
1789467838.941195,1730,2876,u
1789467838.942257,2345,2880,u
1789467838.944788,1968,2877,u
1789467838.947108,2151,2879,u
1789467838.949424,1632,2877,u
1789467838.9504771,1712,2878,u
1789467838.952925,1943,2878,u
1789467838.955225,1875,2877,u
1789467838.956268,1780,2877,u
1789467838.958323,1982,2879,u
1789467838.960653,1848,2878,u
1789467838.9629672,2079,2880,u
1789467838.964258,2251,2878,u
1789467838.966584,1632,2878,u
1789467838.972398,1705,2878,u
1789467838.973651,1997,2877,u
1789467838.974858,2306,2881,u
1789467838.976237,1760,2877,u
1789467838.97696,1703,2876,u
1789467838.978852,1958,2876,u
1789467838.982951,1703,2877,u
1789467838.983201,2260,2880,u
1789467838.985169,1861,2877,u
1789467838.986312,1954,2878,u
1789467838.988389,1967,2877,u
1789467838.9941518,1968,2877,u
1789467838.9943318,1997,2878,u
1789467838.9944189,1808,2876,u
1789467838.997411,2098,2880,u
1789467838.999368,2122,2879,u
1789467839.002246,1829,2877,u
1789467839.002371,1807,2877,u
1789467839.00519,1963,2878,u
1789467839.006488,2065,2880,u
1789467839.008846,1746,2878,u
1789467839.011234,2336,2880,u
1789467839.0125031,1523,2876,u
1789467839.01489,2048,2876,u
1789467839.017439,2596,2880,u
1789467839.01876,1708,2877,u
1789467839.020847,1669,2877,u
1789467839.0232341,2493,2880,u
1789467839.02437,2218,2879,u
1789467839.026486,1918,2879,u
1789467839.028548,1836,2877,u
1789467839.031104,1694,2877,u
1789467839.032384,1979,2878,u
1789467839.0380118,2010,2878,u
1789467839.039306,2166,2879,u
1789467839.0412319,1832,2877,u
1789467839.041416,1845,2876,u
1789467839.043896,2523,2880,u
1789467839.046327,2001,2879,u
1789467839.049475,1938,2877,u
1789467839.049729,1929,2878,u
1789467839.0517051,1986,2878,u
1789467839.053003,1626,2877,u
1789467839.0542982,1843,2879,u
1789467839.058678,2007,2880,u
1789467839.05908,2091,2879,u
1789467839.06141,1952,2879,u
1789467839.063157,2043,2880,u
1789467839.064894,2440,2880,u
1789467839.0690188,1919,2878,u
1789467839.069168,1632,2878,u
1789467839.071126,2114,2879,u
1789467839.072425,2057,2878,u
1789467839.074978,1723,2876,u
1789467839.0762858,1975,2878,u
1789467839.078707,1905,2878,u
1789467839.0812569,1896,2875,u
1789467839.0824351,1851,2877,u
1789467839.084982,2432,2881,u
1789467839.0862741,2271,2880,u
1789467839.08882,1779,2877,u
1789467839.091365,1984,2876,u
1789467839.0926552,1997,2879,u
1789467839.094933,1840,2876,u
1789467839.096283,1729,2876,u
1789467839.098835,2359,2880,u
1789467839.1037939,1826,2877,u
1789467839.103879,2374,2880,u
1789467839.106195,1974,2876,u
1789467839.1063218,2250,2881,u
1789467839.109371,1781,2876,u
1789467839.111378,1819,2877,u
1789467839.114372,1912,2877,u
1789467839.114558,2171,2879,u
1789467839.1173189,2217,2879,u
1789467839.118612,1600,2876,u
1789467839.121175,2411,2879,u
1789467839.122258,2515,2879,u
1789467839.124578,2246,2879,u
1789467839.1269178,2503,2879,u
1789467839.129385,2414,2880,u
1789467839.130676,2148,2879,u
1789467839.1332102,1485,2877,u
1789467839.134285,1692,2877,u
1789467839.136831,1424,2877,u
1789467839.139018,1966,2877,u
1789467839.14031,2279,2880,u
1789467839.142858,1747,2878,u
1789467839.148633,1969,2879,u
1789467839.149004,2806,2881,u
1789467839.149416,2209,2880,u
1789467839.1514912,1843,2879,u
1789467839.1530292,2099,2879,u
1789467839.15483,2198,2879,u
1789467839.156584,1844,2878,u
1789467839.159719,1982,2879,u
1789467839.1616309,2000,2879,u
1789467839.1629288,1719,2876,u
1789467839.164278,1636,2877,u
1789467839.169108,2209,2881,u
1789467839.169503,1937,2877,u
1789467839.1711519,1849,2878,u
1789467839.172858,2351,2880,u
1789467839.174322,2243,2879,u
1789467839.1789598,1945,2879,u
1789467839.179144,1703,2876,u
1789467839.1806898,1979,2877,u
1789467839.1832478,1534,2878,u
1789467839.184546,2120,2877,u
1789467839.187107,2328,2881,u
1789467839.188405,2278,2880,u
1789467839.190955,2162,2878,u
1789467839.192333,1630,2876,u
1789467839.1948822,1963,2881,u
1789467839.196275,2035,2878,u
1789467839.1985862,2142,2877,u
1789467839.201132,1989,2878,u
1789467839.202422,2013,2878,u
1789467839.204731,1849,2876,u
1789467839.207032,1752,2876,u
1789467839.208322,1915,2878,u
1789467839.2140238,2071,2879,u
1789467839.21448,2185,2879,u
1789467839.215235,1804,2877,u
1789467839.218224,1950,2877,u
1789467839.218942,2232,2878,u
1789467839.2208471,2379,2880,u
1789467839.225365,1408,2876,u
1789467839.225517,2091,2878,u
1789467839.22721,1698,2877,u
1789467839.2285068,1968,2878,u
1789467839.23437,1835,2878,u
1789467839.234493,2165,2880,u
1789467839.2352262,2043,2878,u
1789467839.2369869,1742,2878,u
1789467839.238532,1859,2877,u
1789467839.241738,2056,2877,u
1789467839.2448761,2016,2878,u
1789467839.245065,1934,2879,u
1789467839.246701,1849,2876,u
1789467839.249254,2062,2880,u
1789467839.250623,2212,2879,u
1789467839.25289,1862,2878,u
1789467839.254275,2161,2881,u
1789467839.256585,1720,2878,u
1789467839.258903,2117,2881,u
1789467839.261209,1959,2877,u
1789467839.2625039,1738,2877,u
1789467839.264809,1821,2878,u
1789467839.267118,2177,2879,u
1789467839.2684102,1951,2877,u
1789467839.270957,2195,2880,u
1789467839.272251,2047,2876,u
1789467839.274796,2070,2877,u
1789467839.280053,2221,2880,u
1789467839.280137,2476,2880,u
1789467839.280632,2078,2879,u
1789467839.28271,1787,2877,u
1789467839.286036,1976,2877,u
1789467839.28764,2105,2877,u
1789467839.290949,2132,2879,u
1789467839.291111,2176,2879,u
1789467839.29297,2150,2880,u
1789467839.2942772,1937,2876,u
1789467839.300549,2009,2879,u
1789467839.300935,2200,2880,u
1789467839.301719,2133,2880,u
1789467839.303178,1960,2878,u
1789467839.304969,1879,2878,u
1789467839.3067641,2116,2881,u
1789467839.311177,2316,2879,u
1789467839.311302,2192,2880,u
1789467839.313314,1976,2879,u
1789467839.314473,2219,2879,u
1789467839.3170319,2191,2879,u
1789467839.318333,1749,2877,u
1789467839.3208,2066,2878,u
1789467839.323346,2077,2879,u
1789467839.324637,2296,2881,u
1789467839.327184,2134,2878,u
1789467839.328476,1830,2876,u
1789467839.3307269,2020,2878,u
1789467839.333277,1779,2877,u
1789467839.334334,2124,2879,u
1789467839.336881,2506,2881,u
1789467839.338279,2234,2880,u
1789467839.340827,2192,2880,u
1789467839.345587,2095,2879,u
1789467839.345981,2150,2879,u
1789467839.3480499,2231,2881,u
1789467839.349836,2255,2880,u
1789467839.3510778,2345,2880,u
1789467839.3529322,2365,2880,u
1789467839.3562381,2214,2880,u
1789467839.356477,2385,2879,u
1789467839.359282,2144,2879,u
1789467839.360577,2465,2880,u
1789467839.36314,2519,2881,u
1789467839.364438,2139,2880,u
1789467839.36699,2215,2879,u
1789467839.369055,2273,2880,u
1789467839.37136,2288,2880,u
1789467839.372651,2274,2879,u
1789467839.375028,2174,2879,u
1789467839.376318,2172,2880,u
1789467839.3786292,2217,2879,u
1789467839.381136,2280,2879,u
1789467839.38226,2201,2880,u
1789467839.3845708,2218,2880,u
1789467839.386878,2293,2881,u
1789467839.392703,2301,2880,u
1789467839.392777,2260,2879,u
1789467839.393219,2254,2880,u
1789467839.395317,2251,2880,u
1789467839.396862,2259,2879,u
1789467839.4001431,2265,2881,u
1789467839.400259,2267,2881,u
1789467839.403519,2343,2880,u
1789467839.405073,2376,2880,u
1789467839.4073899,2304,2881,u
1789467839.408443,2258,2879,u
1789467839.4110138,2222,2879,u
1789467839.412313,2270,2880,u
1789467839.414647,2267,2879,u
1789467839.4170601,2162,2880,u
1789467839.418644,2200,2879,u
1789467839.421317,2235,2880,u
1789467839.4231439,2242,2880,u
1789467839.4241998,2204,2880,u
1789467839.426271,2117,2879,u
1789467839.4284108,2226,2879,u
1789467839.430851,2235,2880,u
1789467839.452359,2145,2879,u
1789467839.452404,2173,2877,u
1789467839.45244,2220,2880,u
1789467839.4524841,2182,2881,u
1789467839.452522,2187,2880,u
1789467839.452555,2200,2879,u
1789467839.452587,2195,2879,u
1789467839.452621,2245,2879,u
1789467839.452655,2195,2879,u
1789467839.452689,2174,2880,u
1789467839.4527218,2172,2877,u
1789467839.455294,2249,2879,u
1789467839.4566011,2226,2879,u
1789467839.459182,2131,2879,u
1789467839.4603,2139,2880,u
1789467839.462868,2116,2879,u
1789467839.4641669,2176,2879,u
1789467839.466781,1993,2877,u
1789467839.469352,2080,2879,u
1789467839.470679,2428,2881,u
1789467839.473309,2365,2880,u
1789467839.4747179,2277,2879,u
1789467839.4772952,2219,2879,u
1789467839.478621,2259,2880,u
1789467839.4812531,2285,2880,u
1789467839.4828181,2179,2880,u
1789467839.489444,2159,2878,u
1789467839.4933581,2170,2881,u
1789467839.494139,2164,2880,u
1789467839.495821,2044,2878,u
1789467839.501662,2102,2878,u
1789467839.504194,2107,2878,u
1789467839.504263,2151,2880,u
1789467839.504329,2230,2880,u
1789467839.5043762,2228,2880,u
1789467839.504438,2219,2880,u
1789467839.50448,2223,2880,u
1789467839.507243,2141,2879,u
1789467839.518243,2077,2879,u
1789467839.519378,2353,2880,u
1789467839.5251,2275,2880,u
1789467839.527319,1869,2877,u
1789467839.5276248,2086,2878,u
1789467839.527671,2317,2880,u
1789467839.527713,2300,2880,u
1789467839.5277739,2265,2879,u
1789467839.5278149,2203,2880,u
1789467839.527852,2090,2879,u
1789467839.529153,2121,2879,u
1789467839.530468,2136,2880,u
1789467839.533036,2012,2878,u
1789467839.534345,2053,2877,u
1789467839.537029,2044,2877,u
1789467839.538196,1917,2877,u
1789467839.5407622,1889,2877,u
1789467839.542131,1957,2880,u
1789467839.544699,2206,2878,u
1789467839.5461912,2302,2880,u
1789467839.548855,2373,2880,u
1789467839.550142,1913,2878,u
1789467839.5527098,2022,2878,u
1789467839.5542011,2278,2881,u
1789467839.5568042,2303,2880,u
1789467839.558209,2124,2879,u
1789467839.560575,1947,2879,u
1789467839.563033,1950,2877,u
1789467839.5716429,2236,2879,u
1789467839.571884,2160,2880,u
1789467839.571931,2145,2880,u
1789467839.571976,1948,2877,u
1789467839.575159,2059,2877,u
1789467839.582161,2216,2880,u
1789467839.584298,2207,2879,u
1789467839.585073,2283,2879,u
1789467839.585121,2049,2878,u
1789467839.5852082,1986,2877,u
1789467839.585252,2183,2878,u
1789467839.586557,2118,2879,u
1789467839.589182,2061,2877,u
1789467839.594667,2144,2879,u
1789467839.595778,2227,2878,u
1789467839.597496,2340,2879,u
1789467839.6002262,1822,2877,u
1789467839.600928,2068,2880,u
1789467839.60423,2054,2877,u
1789467839.608056,2166,2879,u
1789467839.610594,2209,2880,u
1789467839.610993,2026,2877,u
1789467839.6110668,2195,2880,u
1789467839.611115,2267,2879,u
1789467839.612437,2012,2878,u
1789467839.6150231,2093,2879,u
1789467839.616343,1797,2877,u
1789467839.618947,2050,2878,u
1789467839.620466,2198,2879,u
1789467839.6230772,2177,2879,u
1789467839.6244202,2015,2878,u
1789467839.627029,1961,2879,u
1789467839.6283362,2056,2879,u
1789467839.630993,2113,2878,u
1789467839.632354,2055,2878,u
1789467839.634939,2086,2879,u
1789467839.636389,2237,2881,u
1789467839.638182,2170,2879,u
1789467839.6407738,2060,2878,u
1789467839.6433542,2096,2879,u
1789467839.6447349,2143,2879,u
1789467839.6461902,2116,2879,u
1789467839.6488981,1970,2877,u
1789467839.650472,1991,2880,u
1789467839.659412,2167,2879,u
1789467839.661601,2124,2878,u
1789467839.6733341,2084,2880,u
1789467839.67359,2185,2879,u
1789467839.673644,1920,2878,u
1789467839.6736882,2113,2878,u
1789467839.6737301,2132,2880,u
1789467839.673771,1982,2877,u
1789467839.673834,2341,2880,u
1789467839.673887,2294,2879,u
1789467839.67393,2023,2877,u
1789467839.67555,1868,2877,u
1789467839.676865,1970,2879,u
1789467839.6836312,2193,2879,u
1789467839.684188,2084,2879,u
1789467839.6895711,2022,2878,u
1789467839.690697,2024,2877,u
1789467839.6994472,2015,2878,u
1789467839.699979,2143,2880,u
1789467839.700095,2189,2879,u
1789467839.7001631,1977,2878,u
1789467839.7002282,2350,2878,u
1789467839.700296,2237,2880,u
1789467839.700363,1991,2878,u
1789467839.7004302,1646,2878,u
1789467839.703437,2270,2881,u
1789467839.704791,2485,2880,u
1789467839.706166,2160,2879,u
1789467839.70875,2068,2880,u
1789467839.710263,2016,2878,u
1789467839.712842,2072,2878,u
1789467839.714245,2158,2881,u
1789467839.716954,2197,2880,u
1789467839.7182841,1942,2877,u
1789467839.720955,1969,2879,u
1789467839.722263,2027,2878,u
1789467839.724834,2119,2879,u
1789467839.726151,2012,2878,u
1789467839.7287219,2505,2880,u
1789467839.730172,2628,2880,u
1789467839.732524,1465,2877,u
1789467839.735121,1487,2878,u
1789467839.7364311,2451,2881,u
1789467839.738963,2272,2879,u
1789467839.746173,1848,2877,u
1789467839.74842,1858,2879,u
1789467839.748797,2039,2878,u
1789467839.751688,1997,2879,u
1789467839.751881,2069,2877,u
1789467839.7541492,2251,2881,u
1789467839.7560709,2234,2879,u
1789467839.762709,2171,2878,u
1789467839.7631092,2203,2881,u
1789467839.7631621,2092,2880,u
1789467839.76321,2017,2879,u
1789467839.763259,2045,2879,u
1789467839.764569,2061,2879,u
1789467839.767157,2057,2879,u
1789467839.7808928,2121,2878,u
1789467839.785141,2194,2879,u
1789467839.790154,2147,2880,u
1789467839.793052,2052,2879,u
1789467839.793855,1971,2879,u
1789467839.794146,2024,2880,u
1789467839.7942169,2041,2879,u
1789467839.79428,2068,2877,u
1789467839.794349,2101,2878,u
1789467839.79441,2160,2878,u
1789467839.794476,2366,2881,u
1789467839.794537,2118,2878,u
1789467839.7945971,1828,2876,u
1789467839.794658,2032,2879,u
1789467839.797311,2134,2879,u
1789467839.798681,2090,2877,u
1789467839.801436,2009,2879,u
1789467839.8028228,2037,2879,u
1789467839.804204,2066,2878,u
1789467839.806985,2062,2879,u
1789467839.808363,2051,2879,u
1789467839.810972,2041,2878,u
1789467839.8125162,2079,2879,u
1789467839.815244,2193,2881,u
1789467839.8167481,2115,2879,u
1789467839.8181388,2107,2879,u
1789467839.820937,2191,2881,u
1789467839.822289,2183,2880,u
1789467839.8252292,2058,2878,u
1789467839.8266392,2022,2878,u
1789467839.829281,2124,2878,u
1789467839.830656,2157,2880,u
1789467839.83316,1911,2878,u
1789467839.8345459,2006,2878,u
1789467839.837164,2125,2880,u
1789467839.838565,2188,2880,u
1789467839.856965,2101,2879,u
1789467839.865162,2097,2879,u
1789467839.865243,2066,2880,u
1789467839.865301,2089,2880,u
1789467839.865373,2115,2880,u
1789467839.865427,2168,2879,u
1789467839.865547,2034,2878,u
1789467839.865637,1977,2878,u
1789467839.865689,2004,2878,u
1789467839.865819,2116,2878,u
1789467839.865963,2139,2879,u
1789467839.866024,2135,2880,u
1789467839.866074,2019,2877,u
1789467839.8661602,1993,2878,u
1789467839.868789,2127,2878,u
1789467839.8702369,2014,2879,u
1789467839.879144,2116,2880,u
1789467839.8799412,2289,2880,u
1789467839.8801641,2086,2878,u
1789467839.88222,1948,2876,u
1789467839.8827279,2120,2880,u
1789467839.885049,2065,2877,u
1789467839.8857741,2045,2878,u
1789467839.887771,2029,2879,u
1789467839.8912199,2228,2879,u
1789467839.895322,2175,2879,u
1789467839.895696,2121,2878,u
1789467839.896023,2363,2879,u
1789467839.896384,2059,2879,u
1789467839.899314,1812,2879,u
1789467839.900673,2131,2878,u
1789467839.903265,2067,2879,u
1789467839.904337,2010,2878,u
1789467839.906697,1961,2877,u
1789467839.909132,1943,2878,u
1789467839.910454,2108,2879,u
1789467839.9125571,2110,2878,u
1789467839.9148958,1967,2878,u
1789467839.917247,1983,2878,u
1789467839.918566,2205,2879,u
1789467839.9211462,2192,2880,u
1789467839.922457,2211,2879,u
1789467839.9247591,2081,2879,u
1789467839.927119,2054,2879,u
1789467839.9290009,2004,2880,u
1789467839.930361,2059,2878,u
1789467839.932875,2049,2878,u
1789467839.934412,1978,2879,u
1789467839.9371352,2129,2877,u
1789467839.938459,2154,2879,u
1789467839.941059,2068,2879,u
1789467839.9423912,2065,2878,u
1789467839.944611,2012,2878,u
1789467839.95226,2140,2880,u
1789467839.95311,2257,2880,u
1789467839.953762,1971,2877,u
1789467839.954475,2074,2878,u
1789467839.956341,2096,2877,u
1789467839.956554,2207,2879,u
1789467839.959129,1976,2878,u
1789467839.96074,1927,2878,u
1789467839.96234,2175,2877,u
1789467839.968862,2217,2880,u
1789467839.969141,2002,2877,u
1789467839.96945,2082,2878,u
1789467839.972518,2229,2883,u
1789467839.972865,2136,2879,u
1789467839.975304,2001,2879,u
1789467839.97644,2027,2879,u
1789467839.983399,2123,2880,u
1789467839.984042,2081,2878,u
1789467839.984704,2034,2877,u
1789467839.9854321,2146,2879,u
1789467839.988151,2035,2878,u
1789467839.9883058,2039,2877,u
1789467839.9911838,2144,2880,u
1789467839.992696,2106,2877,u
1789467839.9960608,2083,2877,u
1789467839.996243,2226,2878,u
1789467839.9996312,2091,2879,u
1789467840.001826,1743,2878,u
1789467840.003126,1982,2878,u
1789467840.004199,2267,2879,u
1789467840.006764,2061,2879,u
1789467840.009023,1869,2876,u
1789467840.010077,1934,2878,u
1789467840.012641,2263,2881,u
1789467840.015182,2077,2879,u
1789467840.0162508,2246,2881,u
1789467840.0190258,2191,2880,u
1789467840.0203671,2072,2879,u
1789467840.022475,2208,2880,u
1789467840.024561,2187,2879,u
1789467840.026645,2095,2879,u
1789467840.0290802,2088,2879,u
1789467840.030153,1951,2877,u
1789467840.032553,1908,2878,u
1789467840.03465,2029,2877,u
1789467840.036007,2136,2877,u
1789467840.038584,2118,2880,u
1789467840.040904,2150,2880,u
1789467840.0475159,1986,2879,u
1789467840.048227,1935,2877,u
1789467840.0510201,2172,2880,u
1789467840.0512068,2088,2880,u
1789467840.051476,1770,2879,u
1789467840.05361,2107,2878,u
1789467840.055296,2340,2881,u
1789467840.0582411,2166,2879,u
1789467840.058452,1991,2879,u
1789467840.061729,2013,2879,u
1789467840.064029,2246,2880,u
1789467840.064568,2049,2878,u
1789467840.066709,1991,2877,u
1789467840.0680199,2123,2879,u
1789467840.074783,2194,2881,u
1789467840.074909,2037,2879,u
1789467840.075464,2010,2879,u
1789467840.077787,2107,2878,u
1789467840.080526,2126,2878,u
1789467840.081116,2160,2880,u
1789467840.088177,2025,2878,u
1789467840.088419,2048,2879,u
1789467840.088615,2140,2878,u
1789467840.088803,2160,2879,u
1789467840.091512,2170,2880,u
1789467840.0928268,1888,2875,u
1789467840.094153,1974,2878,u
1789467840.0967429,2137,2880,u
1789467840.098151,2165,2881,u
1789467840.100817,2011,2877,u
1789467840.1020448,2072,2877,u
1789467840.104791,2090,2880,u
1789467840.1060538,2103,2878,u
1789467840.1087801,1998,2880,u
1789467840.110257,2033,2880,u
1789467840.1129332,2323,2880,u
1789467840.1140852,2156,2880,u
1789467840.116726,1990,2878,u
1789467840.1181078,2083,2879,u
1789467840.120471,2161,2881,u
1789467840.122779,2211,2879,u
1789467840.124164,2132,2880,u
1789467840.12689,2047,2878,u
1789467840.128271,2048,2880,u
1789467840.1306849,2104,2879,u
1789467840.137611,2043,2878,u
1789467840.138804,2045,2878,u
1789467840.141227,2120,2879,u
1789467840.141692,2146,2879,u
1789467840.145067,1995,2877,u
1789467840.146792,1916,2877,u
1789467840.152788,2131,2879,u
1789467840.153194,2201,2879,u
1789467840.1534421,2087,2880,u
1789467840.153934,1866,2878,u
1789467840.15443,1996,2878,u
1789467840.1548889,2301,2880,u
1789467840.157404,2282,2881,u
1789467840.158732,2053,2879,u
1789467840.160131,2004,2878,u
1789467840.167058,2084,2879,u
1789467840.169081,2191,2879,u
1789467840.1698308,2010,2877,u
1789467840.1717389,2070,2878,u
1789467840.172253,2164,2880,u
1789467840.17491,2072,2879,u
1789467840.175775,2058,2879,u
1789467840.178474,1997,2879,u
1789467840.181105,2054,2879,u
1789467840.1816661,2126,2879,u
1789467840.187349,1937,2877,u
1789467840.187507,1965,2878,u
1789467840.187684,2129,2879,u
1789467840.1887958,2220,2880,u
1789467840.190024,2013,2878,u
1789467840.19282,2034,2878,u
1789467840.1942542,2325,2879,u
1789467840.196655,2231,2879,u
1789467840.198056,1889,2878,u
1789467840.20074,2018,2879,u
1789467840.203139,2063,2879,u
1789467840.204264,2086,2878,u
1789467840.206764,2052,2879,u
1789467840.208051,2107,2879,u
1789467840.210717,2066,2879,u
1789467840.212134,2048,2880,u
1789467840.214624,2093,2880,u
1789467840.217821,2062,2878,u
1789467840.2423198,2085,2879,u
1789467840.245054,2218,2881,u
1789467840.2457442,2065,2879,u
1789467840.248776,2000,2880,u
1789467840.249048,1883,2876,u
1789467840.251329,2036,2880,u
1789467840.25347,2265,2880,u
1789467840.255842,1970,2877,u
1789467840.2562351,2022,2879,u
1789467840.2605581,2263,2881,u
1789467840.261089,2211,2879,u
1789467840.2614841,2175,2880,u
1789467840.2639391,1907,2877,u
1789467840.264839,2212,2880,u
1789467840.265213,2050,2878,u
1789467840.265362,1840,2878,u
1789467840.265446,1943,2878,u
1789467840.265517,2154,2881,u
1789467840.26558,2162,2879,u
1789467840.265697,2164,2879,u
1789467840.2657762,2072,2879,u
1789467840.265929,2047,2879,u
1789467840.26606,2201,2880,u
1789467840.266164,2219,2880,u
1789467840.266228,2007,2877,u
1789467840.268606,1989,2878,u
1789467840.276442,2060,2878,u
1789467840.277777,2155,2880,u
1789467840.278055,2107,2879,u
1789467840.2807932,2042,2878,u
1789467840.283895,2063,2880,u
1789467840.2858582,1964,2877,u
1789467840.286806,2022,2879,u
1789467840.287692,2259,2881,u
1789467840.288527,2250,2880,u
1789467840.295114,2037,2878,u
1789467840.295555,1974,2879,u
1789467840.296072,2033,2879,u
1789467840.2967901,2073,2879,u
1789467840.29707,2181,2880,u
1789467840.299765,2047,2877,u
1789467840.301206,2069,2878,u
1789467840.3025641,2114,2877,u
1789467840.304838,2080,2879,u
1789467840.30618,2089,2879,u
1789467840.308813,1969,2878,u
1789467840.310066,2194,2878,u
1789467840.312767,2126,2880,u
1789467840.3151748,1986,2877,u
1789467840.3165388,1943,2879,u
1789467840.318989,2085,2879,u
1789467840.320367,2182,2881,u
1789467840.322763,2167,2880,u
1789467840.324089,2150,2879,u
1789467840.32635,2023,2878,u
1789467840.328495,2032,2878,u
1789467840.331114,2201,2881,u
1789467840.3323038,2039,2878,u
1789467840.334961,2008,2879,u
1789467840.336361,2198,2881,u
1789467840.338984,2126,2879,u
1789467840.340132,1928,2876,u
1789467840.342782,1977,2880,u
1789467840.34415,2227,2879,u
1789467840.352312,2415,2879,u
1789467840.3538811,1890,2877,u
1789467840.354709,1498,2879,u
1789467840.3549929,1952,2877,u
1789467840.359972,2511,2880,u
1789467840.3612878,2627,2881,u
1789467840.362475,2009,2878,u
1789467840.36332,1894,2878,u
1789467840.3700511,1904,2877,u
1789467840.370729,2376,2881,u
1789467840.37118,2261,2880,u
1789467840.37167,2193,2880,u
1789467840.372142,2156,2880,u
1789467840.37254,1873,2876,u
1789467840.375912,1869,2876,u
1789467840.3760011,2126,2881,u
1789467840.378626,2303,2881,u
1789467840.379998,2237,2880,u
1789467840.387496,1853,2877,u
1789467840.3883789,2182,2878,u
1789467840.3892422,1972,2878,u
1789467840.3921092,2121,2880,u
1789467840.392556,2531,2881,u
1789467840.3953888,1786,2876,u
1789467840.396383,1829,2877,u
1789467840.397902,1992,2877,u
1789467840.3988638,2213,2880,u
1789467840.402494,2073,2878,u
1789467840.406114,2102,2878,u
1789467840.406709,2163,2881,u
1789467840.407609,1897,2876,u
1789467840.411159,2009,2880,u
1789467840.411264,2245,2879,u
1789467840.4126441,2553,2881,u
1789467840.4140038,2043,2880,u
1789467840.4165812,1695,2877,u
1789467840.418251,2237,2878,u
1789467840.420932,1840,2878,u
1789467840.4221928,1873,2879,u
1789467840.424148,1915,2877,u
1789467840.4267619,1777,2877,u
1789467840.4281769,2589,2879,u
1789467840.430808,2272,2880,u
1789467840.4319842,1770,2877,u
1789467840.434122,2371,2881,u
1789467840.4365,2347,2880,u
1789467840.4388669,2448,2881,u
1789467840.4402251,2625,2881,u
1789467840.442562,2308,2879,u
1789467840.4449222,1381,2877,u
1789467840.44627,1557,2878,u
1789467840.448614,1858,2878,u
1789467840.4499872,1953,2877,u
1789467840.4523451,1889,2878,u
1789467840.454473,1971,2878,u
1789467840.464789,1499,2876,u
1789467840.467958,1728,2877,u
1789467840.468502,2110,2879,u
1789467840.471762,1867,2876,u
1789467840.472215,1994,2878,u
1789467840.474823,1757,2877,u
1789467840.478391,1790,2878,u
1789467840.482671,2252,2879,u
1789467840.485321,1988,2879,u
1789467840.486322,1909,2880,u
1789467840.4867089,2103,2880,u
1789467840.48682,2372,2879,u
1789467840.486922,1896,2878,u
1789467840.487057,1669,2879,u
1789467840.4871109,1944,2878,u
1789467840.4872792,1669,2877,u
1789467840.4886348,1613,2877,u
1789467840.489996,1927,2880,u
1789467840.502529,1773,2875,u
1789467840.503068,1316,2876,u
1789467840.505624,1480,2878,u
1789467840.508258,1333,2876,u
1789467840.509532,1363,2878,u
1789467840.5119739,1609,2878,u
1789467840.516144,1475,2876,u
1789467840.51679,1757,2876,u
1789467840.520101,1355,2876,u
1789467840.5202072,1446,2876,u
1789467840.5203168,1541,2876,u
1789467840.520384,1170,2877,u
1789467840.5204842,1674,2876,u
1789467840.52056,2841,2882,u
1789467840.5206778,2583,2880,u
1789467840.521965,1163,2877,u
1789467840.524596,919,2876,u
1789467840.5272589,1258,2878,u
1789467840.528487,1690,2877,u
1789467840.5309691,2133,2877,u
1789467840.53234,1859,2877,u
1789467840.534765,786,2876,u
1789467840.5359318,1214,2877,u
1789467840.538309,2103,2879,u
1789467840.540892,2577,2880,u
1789467840.542345,2143,2879,u
1789467840.5450392,1754,2877,u
1789467840.546413,1602,2878,u
1789467840.549048,1631,2879,u
1789467840.550245,2072,2877,u
1789467840.5527759,2305,2879,u
1789467840.5541172,1131,2876,u
1789467840.55649,1398,2877,u
1789467840.559055,1879,2877,u
1789467840.5602062,1733,2878,u
1789467840.562779,2318,2879,u
1789467840.5642061,2289,2881,u
1789467840.5723479,1207,2877,u
1789467840.573805,1537,2877,u
1789467840.5764182,2071,2878,u
1789467840.5797691,1850,2876,u
1789467840.581262,1907,2879,u
1789467840.582106,1648,2877,u
1789467840.5829608,1123,2877,u
1789467840.584807,2185,2880,u
1789467840.591072,2059,2877,u
1789467840.5920131,2190,2880,u
1789467840.5923069,1659,2879,u
1789467840.59571,2356,2880,u
1789467840.595791,2167,2880,u
1789467840.595959,1563,2876,u
1789467840.596044,1873,2878,u
1789467840.5961301,2296,2880,u
1789467840.598888,1731,2879,u
1789467840.6001012,1518,2878,u
1789467840.607498,1830,2878,u
1789467840.609705,1278,2877,u
1789467840.612035,1686,2877,u
1789467840.615916,1696,2878,u
1789467840.6172779,1710,2877,u
1789467840.618619,2589,2881,u
1789467840.621731,1985,2879,u
1789467840.626046,1805,2876,u
1789467840.6288772,1801,2878,u
1789467840.630441,2376,2880,u
1789467840.630528,1363,2877,u
1789467840.630602,1076,2877,u
1789467840.63072,1784,2877,u
1789467840.630878,1819,2877,u
1789467840.630986,1539,2876,u
1789467840.632355,1268,2876,u
1789467840.6348648,1483,2876,u
1789467840.635977,1993,2878,u
1789467840.63851,2443,2880,u
1789467840.639898,1988,2877,u
1789467840.642702,1880,2878,u
1789467840.644087,1318,2877,u
1789467840.6464992,1479,2877,u
1789467840.6488771,2101,2878,u
1789467840.649981,1556,2877,u
1789467840.6526139,1915,2877,u
1789467840.653908,2016,2879,u
1789467840.656277,1803,2877,u
1789467840.658685,2475,2880,u
1789467840.6599,2502,2881,u
1789467840.662406,2051,2879,u
1789467840.6651032,2081,2878,u
1789467840.6664479,2402,2880,u
1789467840.669064,1560,2877,u
1789467840.6704,2132,2877,u
1789467840.672771,2085,2879,u
1789467840.674142,2281,2881,u
1789467840.683276,1768,2876,u
1789467840.68652,1105,2877,u
1789467840.6867101,2035,2877,u
1789467840.68753,2260,2880,u
1789467840.691404,2184,2880,u
1789467840.700329,2194,2880,u
1789467840.7010849,2089,2880,u
1789467840.70155,1766,2876,u
1789467840.701927,1993,2879,u
1789467840.70251,3268,2883,u
1789467840.702834,1559,2877,u
1789467840.705885,1778,2877,u
1789467840.706291,1907,2878,u
1789467840.706368,2394,2880,u
1789467840.706433,2078,2879,u
1789467840.706497,2315,2880,u
1789467840.707907,2143,2880,u
1789467840.710089,2418,2880,u
1789467840.718803,2260,2880,u
1789467840.722267,2392,2880,u
1789467840.7230022,2338,2880,u
1789467840.726569,1945,2879,u
1789467840.728462,2448,2880,u
1789467840.729373,2608,2881,u
1789467840.7301939,2256,2879,u
1789467840.737141,2196,2880,u
1789467840.737964,2317,2880,u
1789467840.738365,2193,2878,u
1789467840.73872,2228,2880,u
1789467840.742153,2568,2881,u
1789467840.74228,2141,2880,u
1789467840.7423549,2589,2881,u
1789467840.742474,2008,2879,u
1789467840.742572,1740,2876,u
1789467840.743932,2104,2880,u
1789467840.7467651,2608,2881,u
1789467840.748091,1827,2877,u
1789467840.750465,2102,2879,u
1789467840.751879,2392,2878,u
1789467840.7544792,2186,2880,u
1789467840.7558668,1819,2877,u
1789467840.758249,1771,2877,u
1789467840.760871,2284,2880,u
1789467840.762223,1920,2877,u
1789467840.764589,2125,2877,u
1789467840.76602,1677,2877,u
1789467840.768408,2303,2880,u
1789467840.770567,2319,2880,u
1789467840.772952,2007,2878,u
1789467840.7743812,1983,2879,u
1789467840.777076,2164,2879,u
1789467840.778335,1960,2878,u
1789467840.780994,1921,2879,u
1789467840.78226,2657,2880,u
1789467840.78491,2345,2880,u
1789467840.786207,2449,2879,u
1789467840.7963252,1446,2877,u
1789467840.799093,1672,2876,u
1789467840.802591,2339,2881,u
1789467840.80406,2027,2878,u
1789467840.805224,2662,2882,u
1789467840.812958,2667,2881,u
1789467840.814018,2664,2881,u
1789467840.817924,1893,2876,u
1789467840.818175,1945,2879,u
1789467840.818312,2057,2879,u
1789467840.818399,2369,2881,u
1789467840.818537,1926,2878,u
1789467840.818611,1914,2878,u
1789467840.818681,1937,2878,u
1789467840.8187442,2240,2880,u
1789467840.818805,1607,2877,u
1789467840.820367,1656,2878,u
1789467840.82202,2352,2880,u
1789467840.877406,2030,2878,u
1789467840.877496,2149,2881,u
1789467840.8775601,2573,2880,u
1789467840.877623,2311,2880,u
1789467840.8776839,1292,2877,u
1789467840.8824818,1878,2878,u
1789467840.882844,2009,2878,u
1789467840.8829062,2301,2879,u
1789467840.8829582,2289,2879,u
1789467840.8830101,2321,2879,u
1789467840.88306,2056,2879,u
1789467840.8831098,1908,2878,u
1789467840.883158,1688,2877,u
1789467840.8832068,1846,2877,u
1789467840.883254,2148,2877,u
1789467840.883301,2628,2882,u
1789467840.883352,1935,2877,u
1789467840.883399,2100,2879,u
1789467840.883446,1872,2877,u
1789467840.883492,2262,2880,u
1789467840.883539,2155,2878,u
1789467840.883586,2275,2880,u
1789467840.8836322,2446,2880,u
1789467840.883679,2287,2879,u
1789467840.8837261,2000,2877,u
1789467840.884597,1936,2877,u
1789467840.884662,2121,2879,u
1789467840.884712,2044,2878,u
1789467840.8847601,1670,2877,u
1789467840.8848078,1783,2877,u
1789467840.884856,2581,2880,u
1789467840.923479,2184,2879,u
1789467840.9235442,2271,2880,u
1789467840.9389079,2781,2881,u
1789467840.939373,1967,2878,u
1789467840.966697,2028,2877,u
1789467840.966773,2081,2878,u
1789467840.966827,1731,2878,u
1789467840.96688,1709,2877,u
1789467840.9669278,1753,2878,u
1789467840.966976,1833,2877,u
1789467840.967024,2510,2881,u
1789467840.967071,2019,2879,u
1789467840.9671192,2116,2880,u
1789467840.967166,2805,2882,u
1789467840.9672132,2013,2878,u
1789467840.967259,1782,2877,u
1789467840.967306,2491,2881,u
1789467840.967353,2128,2879,u
1789467840.9673998,1953,2879,u
1789467840.967447,1593,2877,u
1789467840.9674938,2126,2880,u
1789467840.96754,2402,2879,u
1789467840.967586,2456,2880,u
1789467840.967633,2177,2877,u
1789467840.96768,1959,2876,u
1789467840.973494,2436,2880,u
1789467840.97359,2322,2880,u
1789467840.973645,1951,2878,u
1789467840.973696,2233,2879,u
1789467840.9742,2159,2879,u
1789467840.974298,2339,2880,u
1789467840.974349,1876,2878,u
1789467840.974398,2065,2878,u
1789467840.9756532,2411,2880,u
1789467840.976213,2020,2877,u
1789467840.976307,2073,2879,u
1789467840.976362,2014,2878,u
1789467840.976417,2074,2879,u
1789467840.97647,2230,2880,u
1789467840.977152,1994,2878,u
1789467840.977215,1606,2878,u
1789467840.977269,2023,2879,u
1789467840.977321,2069,2877,u
1789467840.9773738,2469,2881,u
1789467840.977424,1985,2879,u
1789467840.9774752,1799,2876,u
1789467840.978821,2176,2879,u
1789467840.980358,2104,2877,u
1789467840.981994,1951,2878,u
1789467840.9846752,2246,2879,u
1789467840.986138,1862,2877,u
1789467840.9889631,1940,2876,u
1789467840.990369,1714,2876,u
1789467840.993131,2132,2878,u
1789467840.999362,2339,2880,u
1789467840.999421,1634,2877,u
1789467840.9994712,1604,2877,u
1789467841.013877,1964,2878,u
1789467841.013964,1804,2879,u
1789467841.014019,1997,2877,u
1789467841.014213,3080,2883,u
1789467841.014273,1984,2879,u
1789467841.014324,1634,2875,u
1789467841.014373,1394,2876,u
1789467841.014421,1862,2879,u
1789467841.0163012,1838,2878,u
1789467841.043447,2119,2878,u
1789467841.0435462,1495,2877,u
1789467841.043621,1857,2880,u
1789467841.0436878,1867,2877,u
1789467841.04379,2202,2880,u
1789467841.0439382,1534,2876,u
1789467841.0440042,2142,2877,u
1789467841.0440571,1982,2878,u
1789467841.044107,2129,2880,u
1789467841.044157,1982,2878,u
1789467841.0442061,2201,2879,u
1789467841.0442529,1615,2876,u
1789467841.0443032,1848,2878,u
1789467841.04435,2128,2878,u
1789467841.0467782,2102,2877,u
1789467841.048157,1966,2879,u
1789467841.05633,2209,2879,u
1789467841.060778,2498,2880,u
1789467841.064249,1555,2878,u
1789467841.0657768,1826,2877,u
1789467841.0667279,2029,2879,u
1789467841.068804,2245,2880,u
1789467841.076211,2123,2879,u
1789467841.0768828,1605,2878,u
1789467841.077027,2205,2878,u
1789467841.0773602,2300,2880,u
1789467841.077779,2141,2879,u
1789467841.078186,1640,2876,u
1789467841.078497,1783,2876,u
1789467841.078766,1929,2879,u
1789467841.0813298,1856,2877,u
1789467841.082258,1952,2878,u
1789467841.08237,1684,2877,u
1789467841.085085,2240,2880,u
1789467841.086459,2297,2881,u
1789467841.087925,2800,2881,u
1789467841.0904162,1730,2876,u
1789467841.0926862,2036,2879,u
1789467841.094187,1974,2879,u
1789467841.096576,2522,2880,u
1789467841.09793,2306,2880,u
1789467841.1003048,1205,2877,u
1789467841.102432,1855,2878,u
1789467841.104608,2459,2880,u
1789467841.105946,1958,2879,u
1789467841.109062,1921,2880,u
1789467841.11045,1776,2876,u
1789467841.111857,2271,2881,u
1789467841.1142259,2148,2880,u
1789467841.117078,1733,2877,u
1789467841.1189,2028,2878,u
1789467841.12004,1885,2877,u
1789467841.122564,2123,2879,u
1789467841.1239371,2111,2879,u
1789467841.1263978,2052,2880,u
1789467841.133785,1766,2876,u
1789467841.135475,1809,2878,u
1789467841.137058,2670,2879,u
1789467841.137784,1989,2877,u
1789467841.1399748,1950,2878,u
1789467841.140478,2611,2880,u
1789467841.1438878,2030,2879,u
1789467841.145239,2358,2878,u
1789467841.147489,1677,2877,u
1789467841.155661,1451,2877,u
1789467841.156066,1796,2879,u
1789467841.156449,1778,2878,u
1789467841.156937,1881,2877,u
1789467841.159508,1747,2877,u
1789467841.160656,1824,2879,u
1789467841.160832,1882,2878,u
1789467841.160911,1876,2876,u
1789467841.1622531,2479,2881,u
1789467841.164876,2111,2878,u
1789467841.179389,1745,2878,u
1789467841.180246,1917,2879,u
1789467841.1810088,2091,2878,u
1789467841.1861289,1933,2880,u
1789467841.192251,1806,2878,u
1789467841.1926851,2037,2877,u
1789467841.1952791,2333,2879,u
1789467841.1962051,1958,2878,u
1789467841.196353,2180,2878,u
1789467841.196419,2250,2880,u
1789467841.196471,2299,2880,u
1789467841.196521,2117,2879,u
1789467841.19661,1977,2878,u
1789467841.1967602,2436,2879,u
1789467841.196856,1887,2879,u
1789467841.1969988,2113,2880,u
1789467841.198379,2167,2878,u
1789467841.2011971,1971,2879,u
1789467841.202614,2475,2880,u
1789467841.204143,2317,2880,u
1789467841.208127,2051,2878,u
1789467841.20819,2067,2879,u
1789467841.2110531,2085,2879,u
1789467841.212446,2252,2881,u
1789467841.214018,2143,2878,u
1789467841.216923,2046,2878,u
1789467841.218251,2172,2878,u
1789467841.221021,2200,2880,u
1789467841.22293,2091,2879,u
1789467841.226173,2107,2879,u
1789467841.226259,2159,2878,u
1789467841.230193,2232,2879,u
1789467841.2302778,2169,2880,u
1789467841.232327,2026,2879,u
1789467841.233797,2099,2879,u
1789467841.236848,2218,2881,u
1789467841.238521,2166,2879,u
1789467841.240157,2047,2879,u
1789467841.250696,2004,2879,u
1789467841.253946,2049,2880,u
1789467841.258829,2081,2880,u
1789467841.283048,2010,2879,u
1789467841.2831528,2040,2879,u
1789467841.2832232,2191,2879,u
1789467841.2832901,2197,2881,u
1789467841.283424,2124,2878,u
1789467841.283576,2092,2879,u
1789467841.283885,2249,2879,u
1789467841.284147,2285,2880,u
1789467841.285125,2182,2880,u
1789467841.285217,2176,2879,u
1789467841.2852879,2265,2882,u
1789467841.285352,2371,2880,u
1789467841.285418,2316,2880,u
1789467841.285482,2262,2879,u
1789467841.2855449,2243,2878,u
1789467841.285641,2361,2880,u
1789467841.2857652,2310,2881,u
1789467841.285889,2225,2880,u
1789467841.286185,2281,2880,u
1789467841.286243,2446,2881,u
1789467841.304063,2408,2880,u
1789467841.3106718,2318,2880,u
1789467841.311082,2264,2880,u
1789467841.3201542,2342,2880,u
1789467841.321253,2347,2881,u
1789467841.321335,2265,2881,u
1789467841.321405,2274,2880,u
1789467841.3214688,2392,2881,u
1789467841.321532,2420,2881,u
1789467841.3216372,2338,2880,u
1789467841.32181,2275,2880,u
1789467841.321905,2299,2880,u
1789467841.321973,2425,2881,u
1789467841.322041,2279,2880,u
1789467841.322103,2206,2877,u
1789467841.3221629,2297,2880,u
1789467841.322507,2380,2881,u
1789467841.322645,2347,2880,u
1789467841.324532,2322,2881,u
1789467841.326208,2272,2880,u
1789467841.32882,2357,2881,u
1789467841.3301919,2398,2881,u
1789467841.332632,2244,2879,u
1789467841.334014,2304,2880,u
1789467841.3365078,2406,2879,u
1789467841.3378959,2374,2881,u
1789467841.3407419,2166,2879,u
1789467841.342172,2234,2880,u
1789467841.3457558,2325,2881,u
1789467841.3458319,2298,2881,u
1789467841.348245,2213,2881,u
1789467841.35097,2185,2878,u
1789467841.352243,2293,2881,u
1789467841.354815,2412,2880,u
1789467841.356184,2428,2879,u
1789467841.3588932,2403,2880,u
1789467841.3602822,2384,2879,u
1789467841.362922,2442,2880,u
1789467841.3640609,2314,2879,u
1789467841.36664,2250,2878,u
1789467841.367806,2454,2881,u
1789467841.3815072,2433,2879,u
1789467841.388609,2406,2881,u
1789467841.391232,2218,2879,u
1789467841.4005089,2232,2880,u
1789467841.401259,2270,2880,u
1789467841.401837,2253,2880,u
1789467841.4021351,2146,2878,u
1789467841.4066088,2111,2878,u
1789467841.406815,2283,2882,u
1789467841.406941,2417,2880,u
1789467841.407017,2194,2879,u
1789467841.407089,2118,2879,u
1789467841.407145,2215,2880,u
1789467841.407597,2434,2879,u
1789467841.407805,2055,2877,u
1789467841.407892,2271,2878,u
1789467841.408417,2546,2880,u
1789467841.4084952,2405,2881,u
1789467841.408567,2221,2879,u
1789467841.4086301,2544,2880,u
1789467841.410123,2468,2880,u
1789467841.439348,2220,2880,u
1789467841.442901,2234,2880,u
1789467841.442967,2193,2879,u
1789467841.443021,2200,2878,u
1789467841.44307,2239,2881,u
1789467841.4431202,2360,2879,u
1789467841.443168,2417,2880,u
1789467841.4432168,2186,2879,u
1789467841.443325,2184,2879,u
1789467841.443511,2280,2880,u
1789467841.4452212,2323,2882,u
1789467841.445285,2530,2881,u
1789467841.445339,2538,2881,u
1789467841.4453912,2457,2880,u
1789467841.4460502,2176,2879,u
1789467841.446114,2021,2879,u
1789467841.446168,2175,2880,u
1789467841.44622,2494,2880,u
1789467841.448956,2399,2882,u
1789467841.450442,2291,2880,u
1789467841.451831,2179,2880,u
1789467841.454549,2204,2880,u
1789467841.455911,2590,2881,u
1789467841.458671,2257,2880,u
1789467841.460149,2410,2881,u
1789467841.463003,2192,2879,u
1789467841.46457,2243,2880,u
1789467841.466141,2602,2881,u
1789467841.469036,2535,2880,u
1789467841.470421,2263,2881,u
1789467841.471824,2417,2880,u
1789467841.4748101,2460,2881,u
1789467841.476341,2246,2880,u
1789467841.477797,2477,2879,u
1789467841.480203,2478,2880,u
1789467841.482976,2135,2877,u
1789467841.4842272,2298,2880,u
1789467841.486857,2496,2881,u
1789467841.488217,1954,2877,u
1789467841.497956,2154,2879,u
1789467841.4993138,2205,2880,u
1789467841.502145,2072,2879,u
1789467841.505357,1791,2878,u
1789467841.5078988,2150,2877,u
1789467841.508171,2232,2880,u
1789467841.508854,2019,2878,u
1789467841.516814,2167,2879,u
1789467841.5173361,2196,2879,u
1789467841.521024,2265,2879,u
1789467841.522138,2163,2880,u
1789467841.522343,1997,2878,u
1789467841.522429,2077,2879,u
1789467841.522673,2103,2878,u
1789467841.522879,2034,2878,u
1789467841.5232708,2240,2880,u
1789467841.523351,2258,2880,u
1789467841.528024,2078,2879,u
1789467841.5339332,2145,2880,u
1789467841.5362291,2314,2879,u
1789467841.5375402,2207,2880,u
1789467841.540098,2077,2879,u
1789467841.548801,2267,2881,u
1789467841.554723,2243,2880,u
1789467841.558283,2299,2879,u
1789467841.558437,2261,2880,u
1789467841.558537,2427,2881,u
1789467841.5586119,2417,2880,u
1789467841.558678,2467,2881,u
1789467841.558743,2316,2880,u
1789467841.558888,2355,2880,u
1789467841.55903,2552,2881,u
1789467841.559155,2531,2880,u
1789467841.5593102,2346,2880,u
1789467841.559434,2363,2880,u
1789467841.5607748,2158,2880,u
1789467841.5621471,2257,2879,u
1789467841.5645251,2362,2881,u
1789467841.5659971,2124,2877,u
1789467841.5685918,2221,2880,u
1789467841.569966,2224,2880,u
1789467841.572565,2311,2880,u
1789467841.573906,2179,2879,u
1789467841.576007,2130,2881,u
1789467841.578463,2275,2880,u
1789467841.57989,2187,2881,u
1789467841.58273,2168,2879,u
1789467841.5841339,2129,2879,u
1789467841.58672,2163,2881,u
1789467841.5881238,2450,2881,u
1789467841.590749,1953,2880,u
1789467841.5921001,2064,2879,u
1789467841.594235,2423,2880,u
1789467841.596499,2354,2881,u
1789467841.598712,1871,2877,u
1789467841.60006,2024,2879,u
1789467841.6024902,2195,2879,u
1789467841.6107788,2239,2879,u
1789467841.6193411,2049,2879,u
1789467841.621545,2131,2879,u
1789467841.622226,2166,2878,u
1789467841.623421,2045,2879,u
1789467841.624204,2163,2880,u
1789467841.626706,2476,2880,u
1789467841.635135,2222,2878,u
1789467841.635479,2325,2880,u
1789467841.635637,2121,2879,u
1789467841.635733,2069,2879,u
1789467841.635839,2292,2878,u
1789467841.6360161,2167,2879,u
1789467841.636163,2060,2878,u
1789467841.636231,2023,2880,u
1789467841.636352,2112,2879,u
1789467841.636509,2197,2880,u
1789467841.637876,2141,2880,u
1789467841.640407,2059,2879,u
1789467841.649013,2063,2878,u
1789467841.655338,2152,2880,u
1789467841.657228,2293,2880,u
1789467841.657948,2028,2877,u
1789467841.6607099,2060,2879,u
1789467841.666007,2213,2878,u
1789467841.6668348,2144,2880,u
1789467841.670215,2283,2880,u
1789467841.670348,2012,2877,u
1789467841.6704488,2164,2880,u
1789467841.6705852,2261,2880,u
1789467841.670698,1855,2877,u
1789467841.6707861,1902,2878,u
1789467841.670859,2174,2878,u
1789467841.670951,2308,2880,u
1789467841.672333,2390,2879,u
1789467841.673834,1901,2879,u
1789467841.67661,2032,2879,u
1789467841.677963,2124,2879,u
1789467841.680317,2098,2877,u
1789467841.682966,1992,2878,u
1789467841.684373,2073,2878,u
1789467841.686804,2148,2878,u
1789467841.688286,2136,2880,u
1789467841.69062,2048,2879,u
1789467841.6919591,2020,2878,u
1789467841.694346,2109,2879,u
1789467841.695767,2167,2880,u
1789467841.698352,2013,2878,u
1789467841.70046,2113,2879,u
1789467841.702883,2161,2879,u
1789467841.704105,2207,2879,u
1789467841.70643,2080,2878,u
1789467841.708574,2053,2878,u
1789467841.7100039,2095,2879,u
1789467841.712477,2199,2879,u
1789467841.714655,2041,2877,u
1789467841.7229388,1989,2878,u
1789467841.723223,2109,2879,u
1789467841.724043,2284,2881,u
1789467841.7272499,2105,2879,u
1789467841.727447,1910,2878,u
1789467841.7280362,2045,2879,u
1789467841.73084,2293,2880,u
1789467841.731643,2170,2879,u
1789467841.733836,1954,2878,u
1789467841.737441,2135,2878,u
1789467841.7422469,2251,2880,u
1789467841.742885,2154,2879,u
1789467841.743086,2104,2878,u
1789467841.743587,2111,2878,u
1789467841.747137,2004,2880,u
1789467841.747275,2044,2877,u
1789467841.748628,1935,2878,u
1789467841.749915,2163,2879,u
1789467841.758611,2183,2880,u
1789467841.76237,2215,2880,u
1789467841.762721,2113,2878,u
1789467841.762825,2022,2879,u
1789467841.7654688,2220,2881,u
1789467841.767849,2127,2880,u
1789467841.768202,1918,2878,u
1789467841.7690449,2121,2878,u
1789467841.7702641,2169,2879,u
1789467841.772867,2115,2880,u
1789467841.77721,2029,2877,u
1789467841.77771,1948,2878,u
1789467841.777963,2209,2879,u
1789467841.778327,2428,2880,u
1789467841.781247,2235,2881,u
1789467841.782352,1951,2878,u
1789467841.783821,2078,2878,u
1789467841.786218,2230,2881,u
1789467841.7883341,2094,2880,u
1789467841.790763,1970,2878,u
1789467841.791928,2110,2879,u
1789467841.794197,2165,2878,u
1789467841.796583,2062,2880,u
1789467841.7979069,2003,2879,u
1789467841.8002958,2081,2879,u
1789467841.8023942,2187,2879,u
1789467841.80376,2180,2880,u
1789467841.80647,2087,2879,u
1789467841.8078651,2087,2877,u
1789467841.8105211,2071,2878,u
1789467841.8118348,2105,2879,u
1789467841.814461,1866,2878,u
1789467841.815914,2070,2879,u
1789467841.818519,2318,2880,u
1789467841.819893,2133,2880,u
1789467841.8220448,2150,2879,u
1789467841.824685,2154,2879,u
1789467841.826058,2064,2879,u
1789467841.8390841,2202,2879,u
1789467841.843771,2048,2878,u
1789467841.846035,1995,2879,u
1789467841.848361,2160,2880,u
1789467841.85302,2245,2881,u
1789467841.853503,2200,2879,u
1789467841.85406,2095,2879,u
1789467841.857142,2069,2878,u
1789467841.857208,2101,2879,u
1789467841.857271,2123,2880,u
1789467841.857352,1990,2878,u
1789467841.857409,1974,2878,u
1789467841.857461,2127,2878,u
1789467841.857513,2082,2880,u
1789467841.857561,2158,2879,u
1789467841.858638,2033,2878,u
1789467841.8598459,2051,2879,u
1789467841.872013,2219,2880,u
1789467841.8723269,2063,2878,u
1789467841.872593,1926,2879,u
1789467841.875077,2144,2878,u
1789467841.878276,2149,2881,u
1789467841.878891,2024,2878,u
1789467841.879615,2115,2878,u
1789467841.885995,2139,2878,u
1789467841.8863559,2010,2879,u
1789467841.886584,2144,2880,u
1789467841.88682,1972,2877,u
1789467841.887043,2139,2879,u
1789467841.887249,2434,2880,u
1789467841.890597,2172,2878,u
1789467841.890753,2025,2879,u
1789467841.8920882,2055,2877,u
1789467841.89442,2125,2878,u
1789467841.895794,2163,2880,u
1789467841.898282,1985,2878,u
1789467841.900714,2001,2879,u
1789467841.90181,2211,2881,u
1789467841.903924,2263,2879,u
1789467841.9064782,1877,2877,u
1789467841.908693,1893,2880,u
1789467841.9100108,2110,2880,u
1789467841.9121149,2392,2880,u
1789467841.9143198,1951,2878,u
1789467841.916965,1823,2879,u
1789467841.91838,2029,2879,u
1789467841.920599,2179,2879,u
1789467841.921751,2212,2880,u
1789467841.923837,2121,2879,u
1789467841.92594,2153,2879,u
1789467841.928065,2066,2879,u
1789467841.930157,1995,2877,u
1789467841.932245,2023,2878,u
1789467841.934348,2234,2878,u
1789467841.942455,2227,2881,u
1789467841.94432,2088,2880,u
1789467841.946885,1915,2879,u
1789467841.951512,2072,2879,u
1789467841.95607,2091,2879,u
1789467841.9601479,2159,2881,u
1789467841.96067,2096,2880,u
1789467841.96328,2146,2879,u
1789467841.964074,2153,2879,u
1789467841.9644039,2138,2880,u
1789467841.964531,2151,2879,u
1789467841.964662,2005,2879,u
1789467841.964857,2069,2878,u
1789467841.96503,2161,2881,u
1789467841.965162,1982,2878,u
1789467841.966615,2092,2879,u
1789467841.967958,2074,2878,u
1789467841.977254,2159,2880,u
1789467841.979713,2288,2880,u
1789467841.983915,2205,2878,u
1789467841.984669,1945,2878,u
1789467841.988658,2055,2879,u
1789467841.992567,2213,2880,u
1789467841.993109,2003,2878,u
1789467841.99346,2129,2879,u
1789467841.996793,2136,2881,u
1789467841.99695,2054,2880,u
1789467841.997081,2061,2879,u
1789467841.99719,1977,2878,u
1789467841.997325,2036,2879,u
1789467841.9974651,2067,2878,u
1789467841.9985971,2034,2879,u
1789467841.999927,2011,2879,u
1789467842.002025,2181,2881,u
1789467842.0043871,2183,2880,u
1789467842.005721,2072,2878,u
1789467842.007824,2182,2878,u
1789467842.010407,1958,2879,u
1789467842.012532,2243,2881,u
1789467842.013866,2174,2880,u
1789467842.0170538,2029,2878,u
1789467842.018595,2047,2878,u
1789467842.019777,2198,2880,u
1789467842.021906,2220,2880,u
1789467842.0242481,2075,2878,u
1789467842.0263581,2064,2879,u
1789467842.0289931,2196,2879,u
1789467842.0303202,1991,2878,u
1789467842.032869,1912,2878,u
1789467842.0339499,2092,2878,u
1789467842.036569,2219,2880,u
1789467842.03898,2020,2880,u
1789467842.04015,2042,2879,u
1789467842.042816,2070,2878,u
1789467842.054177,2144,2879,u
1789467842.05458,2200,2881,u
1789467842.057769,2025,2879,u
1789467842.058424,1995,2879,u
1789467842.060309,2155,2879,u
1789467842.0635798,2149,2880,u
1789467842.063704,2093,2879,u
1789467842.0639172,1999,2878,u
1789467842.067747,2074,2878,u
1789467842.067968,2133,2880,u
1789467842.068189,2136,2876,u
1789467842.0684102,2146,2878,u
1789467842.0686579,2115,2878,u
1789467842.071638,2232,2880,u
1789467842.0718908,2090,2878,u
1789467842.073976,1841,2875,u
1789467842.0763452,2199,2878,u
1789467842.0834088,2168,2879,u
1789467842.084634,2080,2880,u
1789467842.086615,1944,2878,u
1789467842.086913,1991,2878,u
1789467842.0872571,2121,2879,u
1789467842.090653,2237,2881,u
1789467842.0913322,2120,2879,u
1789467842.093291,1989,2878,u
1789467842.0990012,2251,2880,u
1789467842.0991628,2123,2879,u
1789467842.0993862,1918,2877,u
1789467842.102505,2054,2879,u
1789467842.102849,2152,2878,u
1789467842.104168,2255,2881,u
1789467842.106271,2209,2879,u
1789467842.107827,2066,2878,u
1789467842.110369,1981,2878,u
1789467842.1127958,2112,2879,u
1789467842.1138701,1930,2878,u
1789467842.116433,1996,2879,u
1789467842.1180348,2073,2878,u
1789467842.120749,2097,2877,u
1789467842.121846,2108,2880,u
1789467842.123957,2024,2878,u
1789467842.126324,1992,2878,u
1789467842.127767,2041,2879,u
1789467842.130115,2038,2878,u
1789467842.132243,2119,2878,u
1789467842.133725,2271,2882,u
1789467842.136128,2212,2881,u
1789467842.138769,2035,2879,u
1789467842.139976,2081,2879,u
1789467842.1425622,2154,2879,u
1789467842.1436841,2096,2879,u
1789467842.1460302,2055,2878,u
1789467842.15517,2015,2878,u
1789467842.155984,2134,2879,u
1789467842.1589289,2130,2878,u
1789467842.1593652,2103,2879,u
1789467842.161909,2033,2877,u
1789467842.162723,2024,2879,u
1789467842.1633642,2057,2880,u
1789467842.163967,2134,2878,u
1789467842.1646562,1919,2877,u
1789467842.1688309,1946,2879,u
1789467842.169099,2191,2879,u
1789467842.1724968,2282,2880,u
1789467842.172837,2125,2879,u
1789467842.1760168,1964,2878,u
1789467842.176317,2057,2878,u
1789467842.178462,2301,2880,u
1789467842.179777,2155,2881,u
1789467842.187531,2026,2878,u
1789467842.188281,2087,2879,u
1789467842.190138,2137,2880,u
1789467842.1919858,2106,2879,u
1789467842.19219,2007,2880,u
1789467842.19245,2008,2877,u
1789467842.194436,2103,2879,u
1789467842.197769,2144,2880,u
1789467842.198637,1969,2877,u
1789467842.201223,2028,2878,u
1789467842.204771,2147,2879,u
1789467842.2051861,2145,2879,u
1789467842.208407,2077,2879,u
1789467842.2084858,2068,2878,u
1789467842.210586,2082,2879,u
1789467842.2116952,2135,2879,u
1789467842.213797,2005,2876,u
1789467842.216455,2033,2878,u
1789467842.217788,2118,2880,u
1789467842.220138,2126,2880,u
1789467842.2227561,2129,2878,u
1789467842.223839,2054,2879,u
1789467842.2261848,2114,2879,u
1789467842.2285461,2264,2880,u
1789467842.229719,2106,2880,u
1789467842.232198,1816,2878,u
1789467842.234503,1935,2880,u
1789467842.235698,2184,2878,u
1789467842.238042,2136,2879,u
1789467842.240138,2196,2878,u
1789467842.2424939,2213,2878,u
1789467842.243695,1967,2879,u
1789467842.2458398,1582,2877,u
1789467842.247946,2181,2879,u
1789467842.2503521,2080,2879,u
1789467842.2516952,2319,2880,u
1789467842.2609322,2246,2880,u
1789467842.261662,1982,2878,u
1789467842.262309,2108,2878,u
1789467842.2643461,2002,2879,u
1789467842.264451,1957,2877,u
1789467842.2648242,2387,2882,u
1789467842.267141,2160,2879,u
1789467842.2693288,2141,2878,u
1789467842.273234,2169,2880,u
1789467842.273456,1973,2879,u
1789467842.27679,2021,2879,u
1789467842.2769349,2093,2879,u
1789467842.2804532,2087,2880,u
1789467842.2806022,1954,2878,u
1789467842.281834,2211,2878,u
1789467842.284447,1874,2878,u
1789467842.286052,2128,2880,u
1789467842.293202,2214,2880,u
1789467842.293858,2070,2879,u
1789467842.29632,2041,2878,u
1789467842.296482,1860,2876,u
1789467842.2968051,2191,2881,u
1789467842.299731,2268,2881,u
1789467842.300512,2111,2877,u
1789467842.302613,2161,2880,u
1789467842.3051798,2127,2879,u
1789467842.308217,2218,2879,u
1789467842.3084311,2565,2880,u
1789467842.311189,1610,2877,u
1789467842.3122828,1883,2877,u
1789467842.313687,2220,2878,u
1789467842.3161669,1803,2879,u
1789467842.318552,1933,2877,u
1789467842.3198621,2228,2879,u
1789467842.322434,2001,2879,u
1789467842.323746,1822,2877,u
1789467842.326081,1734,2876,u
1789467842.32865,2015,2878,u
1789467842.329719,2101,2879,u
1789467842.3318038,2244,2880,u
1789467842.3341498,1990,2877,u
1789467842.336519,1918,2876,u
1789467842.337667,1726,2876,u
1789467842.339753,2024,2878,u
1789467842.3423228,2301,2879,u
1789467842.344602,1678,2876,u
1789467842.345675,1774,2879,u
1789467842.348347,1991,2878,u
1789467842.357069,1658,2877,u
1789467842.358249,1540,2878,u
1789467842.359974,2125,2878,u
1789467842.360341,2250,2879,u
1789467842.3628001,1822,2879,u
1789467842.3629708,1877,2878,u
1789467842.363986,2262,2879,u
1789467842.364185,2140,2878,u
1789467842.367624,1898,2878,u
1789467842.37095,1712,2878,u
1789467842.37119,1725,2877,u
1789467842.374005,1798,2877,u
1789467842.3741188,2265,2880,u
1789467842.376448,1791,2879,u
1789467842.3777752,1538,2877,u
1789467842.3841379,1784,2878,u
1789467842.385298,1488,2878,u
1789467842.387824,1901,2878,u
1789467842.3908422,2050,2878,u
1789467842.3918688,1977,2879,u
1789467842.393377,1959,2878,u
1789467842.395356,1972,2879,u
1789467842.398608,1874,2876,u
1789467842.398895,1541,2878,u
1789467842.399152,1753,2878,u
1789467842.401519,1961,2879,u
1789467842.4022121,1782,2877,u
1789467842.404833,1434,2877,u
1789467842.4059148,1790,2879,u
1789467842.40834,1474,2876,u
1789467842.409698,1801,2876,u
1789467842.412027,1944,2878,u
1789467842.414111,1863,2878,u
1789467842.4166799,1575,2877,u
1789467842.417987,1868,2877,u
1789467842.420367,2158,2879,u
1789467842.422698,2021,2879,u
1789467842.4240189,1856,2878,u
1789467842.426352,1408,2877,u
1789467842.427657,1596,2877,u
1789467842.429993,2222,2880,u
1789467842.432318,1555,2877,u
1789467842.434397,1609,2876,u
1789467842.436725,2171,2881,u
1789467842.438038,1727,2877,u
1789467842.440326,1460,2876,u
1789467842.447137,2103,2880,u
1789467842.45068,1631,2877,u
1789467842.452967,1754,2878,u
1789467842.454081,2291,2880,u
1789467842.455173,2132,2877,u
1789467842.4558458,1340,2877,u
1789467842.4568572,1350,2878,u
1789467842.4622378,1867,2876,u
1789467842.4626958,1299,2877,u
1789467842.463107,1199,2875,u
1789467842.4654021,2171,2879,u
1789467842.466135,1817,2877,u
1789467842.466381,898,2876,u
1789467842.468482,1238,2877,u
1789467842.4696052,1604,2878,u
1789467842.476983,1711,2877,u
1789467842.479438,2141,2879,u
1789467842.4798431,1662,2876,u
1789467842.4819572,1468,2878,u
1789467842.482867,1470,2878,u
1789467842.4838011,1672,2878,u
1789467842.4845161,2092,2877,u
1789467842.48644,2123,2877,u
1789467842.491744,1899,2878,u
1789467842.492106,1557,2876,u
1789467842.49237,1338,2877,u
1789467842.495127,2037,2879,u
1789467842.4964921,1334,2876,u
1789467842.497859,1454,2877,u
1789467842.500444,2023,2878,u
1789467842.50253,1393,2878,u
1789467842.503598,1308,2877,u
1789467842.505941,1645,2877,u
1789467842.508024,1185,2877,u
1789467842.5101,2087,2879,u
1789467842.512426,2208,2880,u
1789467842.514679,1140,2876,u
1789467842.5161228,1727,2878,u
1789467842.518545,1969,2877,u
1789467842.519923,2421,2881,u
1789467842.5222971,1602,2878,u
1789467842.524687,1393,2877,u
1789467842.5258932,1530,2877,u
1789467842.528609,1656,2877,u
1789467842.529953,1462,2877,u
1789467842.532159,1500,2877,u
1789467842.534255,1803,2877,u
1789467842.5415208,1927,2877,u
1789467842.542177,2176,2879,u
1789467842.542756,1838,2877,u
1789467842.542901,1586,2878,u
1789467842.545634,1831,2875,u
1789467842.5459032,2007,2877,u
1789467842.5478458,1590,2877,u
1789467842.553279,1324,2876,u
1789467842.556903,1671,2877,u
1789467842.557215,1788,2877,u
1789467842.557388,1708,2877,u
1789467842.557725,1753,2876,u
1789467842.560257,1934,2879,u
1789467842.561532,1862,2877,u
1789467842.563881,1697,2878,u
1789467842.569678,1481,2877,u
1789467842.570199,2278,2879,u
1789467842.571908,2042,2879,u
1789467842.573892,2015,2879,u
1789467842.574344,1363,2878,u
1789467842.5765069,1766,2877,u
1789467842.5786371,2165,2879,u
1789467842.584691,1749,2878,u
1789467842.584948,2551,2880,u
1789467842.585154,1809,2878,u
1789467842.587865,1659,2878,u
1789467842.588184,2353,2879,u
1789467842.589526,2114,2878,u
1789467842.592074,2024,2880,u
1789467842.5944262,2219,2878,u
1789467842.596877,2083,2880,u
1789467842.597954,1774,2878,u
1789467842.6003041,2347,2880,u
1789467842.601616,1421,2877,u
1789467842.603948,1909,2879,u
1789467842.6062772,2298,2880,u
1789467842.60858,2207,2880,u
1789467842.609649,1779,2878,u
1789467842.612214,1546,2877,u
1789467842.61453,2028,2879,u
1789467842.616043,2184,2877,u
1789467842.6183848,2225,2880,u
1789467842.6195211,2232,2879,u
1789467842.6220958,1927,2879,u
1789467842.624189,2066,2880,u
1789467842.626506,1641,2877,u
1789467842.63455,2016,2878,u
1789467842.636377,2458,2881,u
1789467842.638256,2191,2881,u
1789467842.639262,1446,2879,u
1789467842.6398919,1674,2877,u
1789467842.641124,2333,2879,u
1789467842.641748,1534,2876,u
1789467842.642698,1949,2879,u
1789467842.644713,2150,2880,u
1789467842.648227,1701,2877,u
1789467842.648284,1867,2878,u
1789467842.6524942,2045,2878,u
1789467842.6527202,1747,2877,u
1789467842.654037,1793,2877,u
1789467842.656472,1988,2877,u
1789467842.662137,2416,2880,u
1789467842.665191,2114,2879,u
1789467842.668656,2013,2879,u
1789467842.670223,1424,2877,u
1789467842.6712708,1665,2877,u
1789467842.671819,2175,2879,u
1789467842.6739042,2297,2880,u
1789467842.677618,2122,2880,u
1789467842.678099,1727,2876,u
1789467842.68015,2195,2879,u
1789467842.680733,2285,2879,u
1789467842.681037,1475,2877,u
1789467842.682237,2046,2877,u
1789467842.684221,2374,2880,u
1789467842.6866162,2041,2878,u
1789467842.687762,1265,2877,u
1789467842.6903338,2281,2879,u
1789467842.691641,2048,2880,u
1789467842.6939678,2316,2879,u
1789467842.696531,1858,2876,u
1789467842.697837,1277,2877,u
1789467842.7004879,2580,2881,u
1789467842.701561,2442,2880,u
1789467842.7038841,1106,2876,u
1789467842.7060359,1656,2877,u
1789467842.70836,2577,2881,u
1789467842.709682,2426,2880,u
1789467842.7120209,1171,2877,u
1789467842.714346,1753,2878,u
1789467842.715658,1985,2878,u
1789467842.718017,2614,2881,u
1789467842.7202182,2237,2880,u
1789467842.725752,2151,2880,u
1789467842.7258828,1853,2879,u
1789467842.726919,1580,2876,u
1789467842.728273,2375,2880,u
1789467842.73024,2186,2879,u
1789467842.732393,1306,2877,u
1789467842.734112,2215,2878,u
1789467842.7371619,2088,2877,u
1789467842.741128,1844,2877,u
1789467842.741436,3030,2884,u
1789467842.741612,1480,2875,u
1789467842.744649,1683,2876,u
1789467842.745953,2214,2879,u
1789467842.7484531,2065,2876,u
1789467842.755739,2086,2878,u
1789467842.7560089,2252,2879,u
1789467842.756223,2103,2879,u
1789467842.756392,2444,2879,u
1789467842.758461,1479,2876,u
1789467842.759937,1807,2877,u
1789467842.765594,2058,2878,u
1789467842.765727,2128,2878,u
1789467842.76588,1610,2878,u
1789467842.767908,1722,2878,u
1789467842.770271,2091,2880,u
1789467842.772607,1787,2875,u
1789467842.773916,2076,2879,u
1789467842.776457,2106,2880,u
1789467842.777768,2419,2880,u
1789467842.780087,2180,2880,u
1789467842.782441,2429,2881,u
1789467842.783682,2317,2880,u
1789467842.7862709,1585,2878,u
1789467842.787575,2151,2880,u
1789467842.789897,2075,2880,u
1789467842.791966,2055,2878,u
1789467842.794281,1955,2879,u
1789467842.795497,2225,2879,u
1789467842.7978098,1508,2877,u
1789467842.800139,1797,2877,u
1789467842.802455,2290,2878,u
1789467842.8036218,2136,2880,u
1789467842.8087602,2073,2880,u
1789467842.8098571,2065,2878,u
1789467842.810868,1661,2876,u
1789467842.812554,2522,2881,u
1789467842.8143518,1794,2878,u
1789467842.816179,1936,2877,u
1789467842.818625,2368,2880,u
1789467842.8221939,2283,2879,u
1789467842.822304,2322,2879,u
1789467842.824624,2322,2880,u
1789467842.825691,1442,2877,u
1789467842.828025,2054,2881,u
1789467842.832907,2105,2879,u
1789467842.83344,1810,2877,u
1789467842.8339689,1998,2878,u
1789467842.8360362,2255,2881,u
1789467842.837953,1738,2876,u
1789467842.842023,1931,2880,u
1789467842.8421628,2351,2879,u
1789467842.845813,2336,2880,u
1789467842.8460412,1955,2878,u
1789467842.8485372,1852,2878,u
1789467842.849768,1945,2879,u
1789467842.8523562,2156,2878,u
1789467842.8536682,2204,2879,u
1789467842.8559968,2154,2879,u
1789467842.8583171,1551,2877,u
1789467842.859618,2090,2879,u
1789467842.861873,2315,2880,u
1789467842.8640141,2341,2880,u
1789467842.866346,2132,2877,u
1789467842.8686771,2043,2879,u
1789467842.869737,2443,2881,u
1789467842.872295,2170,2879,u
1789467842.874374,1834,2879,u
1789467842.8755798,1917,2879,u
1789467842.877665,2084,2880,u
1789467842.879992,1847,2877,u
1789467842.882095,2230,2879,u
1789467842.883488,2218,2879,u
1789467842.906742,2018,2877,u
1789467842.90684,2172,2880,u
1789467842.907132,2061,2878,u
1789467842.930528,1979,2878,u
1789467842.933792,2033,2879,u
1789467842.933887,2015,2878,u
1789467842.93401,2008,2879,u
1789467842.934102,2065,2879,u
1789467842.934172,2159,2880,u
1789467842.934239,2015,2877,u
1789467842.934311,1783,2876,u
1789467842.934382,2119,2879,u
1789467842.934452,2476,2881,u
1789467842.9345138,2215,2880,u
1789467842.934578,2067,2877,u
1789467842.9346461,1869,2879,u
1789467842.9347148,2411,2880,u
1789467842.9347851,2113,2877,u
1789467842.9348538,2062,2879,u
1789467842.9349298,1801,2876,u
1789467842.934994,2021,2878,u
1789467842.9350631,2247,2880,u
1789467842.9351969,1494,2876,u
1789467842.935355,1755,2878,u
1789467842.935435,2073,2878,u
1789467842.935502,1792,2878,u
1789467842.938394,2147,2880,u
1789467842.946391,2073,2879,u
1789467842.9464772,2341,2879,u
1789467842.946542,1854,2876,u
1789467842.946605,2173,2880,u
1789467842.948123,2381,2880,u
1789467842.950448,1852,2878,u
1789467842.952394,2343,2880,u
1789467842.953553,2267,2880,u
1789467842.955688,2059,2880,u
1789467842.957909,1522,2877,u
1789467842.9604852,2521,2881,u
1789467842.961817,1869,2877,u
1789467842.963922,1712,2878,u
1789467842.966146,1995,2877,u
1789467842.972377,2050,2878,u
1789467842.972946,2003,2878,u
1789467842.973815,2055,2879,u
1789467842.975022,1700,2876,u
1789467842.976831,1678,2876,u
1789467842.97899,2058,2881,u
1789467842.9809952,1416,2878,u
1789467842.984205,2045,2877,u
1789467842.984425,1948,2877,u
1789467842.988618,2011,2877,u
1789467842.988981,1495,2877,u
1789467842.991789,1571,2876,u
1789467842.992146,1979,2879,u
1789467842.9944751,2213,2880,u
1789467842.995542,1992,2879,u
1789467843.00163,1618,2878,u
1789467843.0022871,1849,2878,u
1789467843.003346,2205,2880,u
1789467843.005376,1745,2879,u
1789467843.0055969,1946,2878,u
1789467843.008588,2067,2878,u
1789467843.010572,2081,2879,u
1789467843.012319,1788,2877,u
1789467843.016334,1832,2877,u
1789467843.016781,2538,2881,u
1789467843.0187058,1499,2876,u
1789467843.020019,1781,2877,u
1789467843.021462,1761,2878,u
1789467843.023992,1866,2877,u
1789467843.02635,2118,2879,u
1789467843.0275578,1849,2879,u
1789467843.029886,2068,2880,u
1789467843.032205,1083,2875,u
1789467843.033509,2065,2878,u
1789467843.036072,3032,2883,u
1789467843.038391,1574,2878,u
1789467843.039458,1978,2879,u
1789467843.042017,2244,2880,u
1789467843.0434282,1523,2876,u
1789467843.045511,1790,2876,u
1789467843.0475829,1698,2877,u
1789467843.0498948,1786,2878,u
1789467843.0522082,1996,2878,u
1789467843.0535228,1517,2877,u
1789467843.0606909,1947,2879,u
1789467843.061716,2013,2880,u
1789467843.063683,1525,2877,u
1789467843.0639281,2302,2880,u
1789467843.0641458,2087,2880,u
1789467843.066526,2306,2880,u
1789467843.067991,1890,2878,u
1789467843.074156,2034,2878,u
1789467843.074432,1727,2877,u
1789467843.074668,2331,2881,u
1789467843.0769541,2156,2879,u
1789467843.078014,1994,2879,u
1789467843.079563,1979,2876,u
1789467843.0874,1949,2878,u
1789467843.089262,1919,2878,u
1789467843.089393,2099,2877,u
1789467843.089673,2054,2877,u
1789467843.0899358,2104,2880,u
1789467843.0927858,1933,2878,u
1789467843.094232,2081,2878,u
1789467843.0959628,1938,2877,u
1789467843.100105,1738,2878,u
1789467843.1003,1879,2878,u
1789467843.1026938,2046,2879,u
1789467843.103824,2247,2880,u
1789467843.1061618,2173,2880,u
1789467843.107469,2108,2879,u
1789467843.109565,2034,2877,u
1789467843.1119401,2060,2879,u
1789467843.114292,1981,2879,u
1789467843.115634,2032,2879,u
1789467843.1177971,2197,2879,u
1789467843.119981,2244,2881,u
1789467843.122553,2184,2880,u
1789467843.123741,2099,2879,u
1789467843.126071,2109,2878,u
1789467843.1274712,2204,2879,u
1789467843.130034,2060,2877,u
1789467843.132187,2006,2878,u
1789467843.133947,2171,2879,u
1789467843.135531,2245,2880,u
1789467843.137492,2212,2880,u
1789467843.162689,2109,2879,u
1789467843.163213,2085,2878,u
1789467843.1635048,2192,2880,u
1789467843.165832,2182,2879,u
1789467843.166529,2054,2878,u
1789467843.166579,2161,2879,u
1789467843.166625,2332,2880,u
1789467843.1666691,2316,2879,u
1789467843.166715,2219,2878,u
1789467843.1667578,2205,2878,u
1789467843.166802,2273,2879,u
1789467843.166892,2337,2880,u
1789467843.166937,2177,2877,u
1789467843.167031,2214,2878,u
1789467843.168093,2375,2880,u
1789467843.169426,2415,2878,u
1789467843.177942,2314,2877,u
1789467843.179657,2270,2879,u
1789467843.181546,2285,2878,u
1789467843.183684,2384,2879,u
1789467843.184441,2253,2880,u
1789467843.184984,2205,2878,u
1789467843.185175,2331,2880,u
1789467843.187335,2396,2879,u
1789467843.189316,2354,2879,u
1789467843.193734,2290,2878,u
1789467843.194138,2293,2878,u
1789467843.194468,2338,2879,u
1789467843.196954,2339,2880,u
1789467843.198027,2182,2877,u
1789467843.200369,2275,2878,u
1789467843.2016902,2340,2880,u
1789467843.20416,2410,2879,u
1789467843.205469,2305,2878,u
1789467843.208089,2199,2879,u
1789467843.209399,2297,2879,u
1789467843.211742,2363,2879,u
1789467843.2144718,2203,2880,u
1789467843.215712,2216,2878,u
1789467843.218372,2360,2880,u
1789467843.2195761,2384,2880,u
1789467843.221812,2269,2880,u
1789467843.22459,2213,2879,u
1789467843.225982,2244,2878,u
1789467843.228443,2363,2880,u
1789467843.231149,2218,2880,u
1789467843.233006,2154,2878,u
1789467843.234495,2364,2881,u
1789467843.2356439,2369,2879,u
1789467843.238267,2284,2879,u
1789467843.2512481,2193,2880,u
1789467843.253521,2263,2878,u
1789467843.255276,2304,2881,u
1789467843.2559412,2271,2879,u
1789467843.2595289,2086,2877,u
1789467843.2642639,2197,2878,u
1789467843.264731,2424,2882,u
1789467843.2653718,2307,2878,u
1789467843.2656472,2281,2879,u
1789467843.268401,2210,2879,u
1789467843.268502,2236,2879,u
1789467843.268691,2426,2879,u
1789467843.2687519,2338,2880,u
1789467843.268817,2327,2881,u
1789467843.268864,2498,2880,u
1789467843.2701912,2523,2881,u
1789467843.2716422,2475,2881,u
1789467843.2742348,2267,2879,u
1789467843.275739,2256,2879,u
1789467843.277867,2429,2880,u
1789467843.280113,2265,2880,u
1789467843.281652,2127,2878,u
1789467843.284062,2327,2879,u
1789467843.285822,2357,2880,u
1789467843.288613,2330,2879,u
1789467843.291376,2506,2880,u
1789467843.291438,2329,2880,u
1789467843.293796,2556,2881,u
1789467843.296509,2501,2880,u
1789467843.297754,2308,2879,u
1789467843.300214,2476,2880,u
1789467843.301642,2658,2879,u
1789467843.304079,2477,2880,u
1789467843.3063831,2316,2879,u
1789467843.307791,2306,2879,u
1789467843.310196,2342,2879,u
1789467843.3123689,2531,2880,u
1789467843.3136058,2718,2881,u
1789467843.316125,2556,2880,u
1789467843.317575,2488,2880,u
1789467843.31996,2512,2880,u
1789467843.3221629,2653,2882,u
1789467843.323473,2508,2881,u
1789467843.326253,2646,2881,u
1789467843.327837,2480,2880,u
1789467843.330584,2342,2881,u
1789467843.338911,2379,2880,u
1789467843.3446069,2517,2880,u
1789467843.346793,2778,2881,u
1789467843.354221,2740,2881,u
1789467843.35463,2676,2881,u
1789467843.354843,2579,2882,u
1789467843.3550878,2539,2880,u
1789467843.3552551,2232,2880,u
1789467843.357941,2544,2881,u
1789467843.358214,2693,2880,u
1789467843.358315,2701,2881,u
1789467843.358361,2366,2881,u
1789467843.3584042,2211,2879,u
1789467843.358447,2375,2879,u
1789467843.3595169,2602,2880,u
1789467843.36211,2738,2880,u
1789467843.363501,2528,2880,u
1789467843.369039,2313,2880,u
1789467843.3696609,2442,2879,u
1789467843.3698251,2487,2880,u
1789467843.372587,2487,2881,u
1789467843.3748071,2506,2880,u
1789467843.376765,2437,2880,u
1789467843.384341,2468,2880,u
1789467843.384743,2453,2880,u
1789467843.385091,2421,2879,u
1789467843.385398,2788,2882,u
1789467843.387566,2639,2880,u
1789467843.388368,2257,2879,u
1789467843.3894389,2328,2880,u
1789467843.391798,2343,2881,u
1789467843.393879,2448,2879,u
1789467843.396204,2311,2881,u
1789467843.3985379,2011,2877,u
1789467843.399847,1995,2878,u
1789467843.4020438,2465,2881,u
1789467843.4034162,2467,2879,u
1789467843.4055092,2244,2881,u
1789467843.40784,2054,2879,u
1789467843.410403,2097,2878,u
1789467843.411621,2144,2879,u
1789467843.414003,2348,2880,u
1789467843.416574,2272,2880,u
1789467843.417888,2617,2881,u
1789467843.420219,1950,2876,u
1789467843.422553,2251,2879,u
1789467843.423858,2296,2879,u
1789467843.42617,2226,2880,u
1789467843.427386,2382,2879,u
1789467843.429717,2250,2880,u
1789467843.4320362,2041,2878,u
1789467843.434344,2059,2877,u
1789467843.435413,2431,2881,u
1789467843.4377449,2201,2880,u
1789467843.440307,2049,2879,u
1789467843.441418,2097,2879,u
1789467843.443598,2308,2878,u
1789467843.4503522,2179,2881,u
1789467843.450797,2050,2877,u
1789467843.4514508,2097,2879,u
1789467843.451658,2303,2880,u
1789467843.456106,2162,2879,u
1789467843.456565,2097,2880,u
1789467843.458156,2081,2879,u
1789467843.460518,2266,2880,u
1789467843.464494,2212,2881,u
1789467843.464691,2058,2878,u
1789467843.466771,2171,2879,u
1789467843.468086,2442,2881,u
1789467843.46942,2565,2881,u
1789467843.4768288,2336,2880,u
1789467843.477747,2397,2880,u
1789467843.478252,2422,2879,u
1789467843.479788,2516,2881,u
1789467843.4800231,2288,2881,u
1789467843.482826,2185,2877,u
1789467843.484301,2210,2880,u
1789467843.489711,2327,2880,u
1789467843.4900858,2337,2879,u
1789467843.490316,2183,2879,u
1789467843.492718,2279,2880,u
1789467843.493796,2346,2880,u
1789467843.4960809,2244,2880,u
1789467843.4985442,2050,2879,u
1789467843.4996412,2188,2879,u
1789467843.50172,2330,2880,u
1789467843.5040588,2251,2880,u
1789467843.5061388,2232,2879,u
1789467843.508545,2189,2880,u
1789467843.509848,2116,2879,u
1789467843.512164,2175,2880,u
1789467843.513471,2169,2878,u
1789467843.515866,2139,2878,u
1789467843.518194,2241,2881,u
1789467843.519495,2226,2879,u
1789467843.521992,2104,2880,u
1789467843.523427,2101,2879,u
1789467843.525718,2189,2879,u
1789467843.528034,2280,2881,u
1789467843.5306392,2065,2878,u
1789467843.5317,2047,2880,u
1789467843.534029,2170,2880,u
1789467843.5353758,2219,2881,u
1789467843.5379882,2142,2880,u
1789467843.540315,1986,2879,u
1789467843.5416179,2034,2878,u
1789467843.543689,2224,2880,u
1789467843.5507798,2243,2880,u
1789467843.55188,2035,2877,u
1789467843.55405,2120,2879,u
1789467843.555986,2262,2880,u
1789467843.557313,2189,2879,u
1789467843.557756,2098,2878,u
1789467843.5591302,2097,2879,u
1789467843.564404,2201,2879,u
1789467843.564762,2195,2880,u
1789467843.5651488,2001,2877,u
1789467843.567567,1921,2878,u
1789467843.567817,2203,2878,u
1789467843.570318,2323,2881,u
1789467843.5716748,2137,2878,u
1789467843.57635,2145,2879,u
1789467843.576898,2073,2878,u
1789467843.5795,2140,2879,u
1789467843.579673,2058,2877,u
1789467843.583573,2077,2879,u
1789467843.584584,2153,2878,u
1789467843.586287,2230,2879,u
1789467843.590076,2164,2879,u
1789467843.5904052,2057,2877,u
1789467843.592841,2053,2879,u
1789467843.593902,2156,2879,u
1789467843.5960078,2087,2877,u
1789467843.5982232,2015,2879,u
1789467843.599544,2152,2879,u
1789467843.601863,2227,2880,u
1789467843.6039732,2211,2878,u
1789467843.6062982,2099,2877,u
1789467843.607409,2061,2878,u
1789467843.609976,2139,2880,u
1789467843.612472,2168,2880,u
1789467843.613533,2039,2877,u
1789467843.615985,2069,2879,u
1789467843.618304,2167,2878,u
1789467843.619414,2154,2880,u
1789467843.6219819,2068,2880,u
1789467843.624319,2027,2878,u
1789467843.625621,2062,2878,u
1789467843.6276999,2185,2879,u
1789467843.630271,2066,2877,u
1789467843.6325572,2035,2878,u
1789467843.6336231,2105,2878,u
1789467843.6361861,2183,2880,u
1789467843.6374881,2164,2879,u
1789467843.640047,2061,2878,u
1789467843.641414,2071,2878,u
1789467843.6437309,2154,2879,u
1789467843.645806,2103,2878,u
1789467843.652617,2000,2878,u
1789467843.6537862,2087,2878,u
1789467843.654279,2172,2880,u
1789467843.6548522,2126,2879,u
1789467843.6563962,2071,2878,u
1789467843.658457,2115,2879,u
1789467843.6600058,2113,2879,u
1789467843.6627798,2145,2879,u
1789467843.666164,1963,2878,u
1789467843.666307,2015,2878,u
1789467843.6687942,2284,2881,u
1789467843.670101,2279,2879,u
1789467843.671415,2098,2878,u
1789467843.6775591,2082,2878,u
1789467843.6780548,2112,2879,u
1789467843.6786518,2182,2879,u
1789467843.680863,2069,2878,u
1789467843.683501,2057,2877,u
1789467843.6835961,2151,2878,u
1789467843.687041,2161,2880,u
1789467843.6903172,2110,2878,u
1789467843.690561,2060,2879,u
1789467843.692907,2040,2878,u
1789467843.694216,2106,2879,u
1789467843.6962838,2057,2879,u
1789467843.6974468,2025,2879,u
1789467843.699556,2122,2878,u
1789467843.7018769,2129,2879,u
1789467843.7042,2029,2878,u
1789467843.7055008,1942,2878,u
1789467843.707817,2241,2879,u
1789467843.710367,2114,2879,u
1789467843.711675,2146,2879,u
1789467843.7142022,2113,2878,u
1789467843.716518,1999,2878,u
1789467843.717828,2181,2878,u
1789467843.720151,2340,2881,u
1789467843.721451,2110,2879,u
1789467843.723983,2022,2878,u
1789467843.726305,1988,2877,u
1789467843.727606,2065,2879,u
1789467843.7296839,1982,2877,u
1789467843.731782,2055,2878,u
1789467843.734109,2097,2879,u
1789467843.73542,2166,2881,u
1789467843.7377322,2112,2878,u
1789467843.740062,2040,2879,u
1789467843.742385,2067,2878,u
1789467843.743685,2160,2880,u
1789467843.74636,2082,2877,u
1789467843.751072,1998,2878,u
1789467843.752128,2073,2879,u
1789467843.7526112,2189,2879,u
1789467843.754544,2152,2879,u
1789467843.7564769,2057,2879,u
1789467843.7584782,2069,2878,u
1789467843.7607439,2095,2878,u
1789467843.763854,2137,2881,u
1789467843.7640991,2002,2878,u
1789467843.7665029,2052,2879,u
1789467843.7676768,2152,2879,u
1789467843.769989,2139,2879,u
1789467843.7746801,2073,2878,u
1789467843.775595,2054,2879,u
1789467843.776036,2114,2878,u
1789467843.77768,2201,2879,u
1789467843.7797709,2022,2878,u
1789467843.783224,1980,2878,u
1789467843.7858691,2182,2879,u
1789467843.7860851,2213,2881,u
1789467843.788378,2159,2878,u
1789467843.7894459,2061,2879,u
1789467843.791519,2060,2878,u
1789467843.7936609,2142,2878,u
1789467843.79597,2076,2877,u
1789467843.798528,2005,2878,u
1789467843.7995899,2094,2879,u
1789467843.801897,2163,2879,u
1789467843.804203,2122,2879,u
1789467843.8054998,2028,2877,u
1789467843.807807,2045,2879,u
1789467843.810358,2139,2878,u
1789467843.811425,2120,2880,u
1789467843.813977,1959,2879,u
1789467843.816288,2044,2878,u
1789467843.8174138,2191,2878,u
1789467843.819741,2171,2881,u
1789467843.822301,1966,2878,u
1789467843.823597,2040,2878,u
1789467843.825869,2212,2879,u
1789467843.828178,2207,2880,u
1789467843.830473,2140,2880,u
1789467843.831706,2055,2879,u
1789467843.834257,2149,2878,u
1789467843.835553,2223,2880,u
1789467843.841355,2151,2879,u
1789467843.8418481,2057,2877,u
1789467843.8419468,2045,2878,u
1789467843.843773,2106,2880,u
1789467843.8467689,2053,2878,u
1789467843.8492959,1983,2878,u
1789467843.8519979,2062,2878,u
1789467843.852231,2177,2878,u
1789467843.85406,2142,2880,u
1789467843.855422,2018,2877,u
1789467843.857982,2046,2878,u
1789467843.862009,2107,2880,u
1789467843.862787,2101,2879,u
1789467843.865056,1980,2878,u
1789467843.8671439,2047,2879,u
1789467843.868851,2161,2879,u
1789467843.870694,2175,2881,u
1789467843.873207,2047,2879,u
1789467843.8750389,1972,2880,u
1789467843.87611,2040,2878,u
1789467843.877408,2317,2879,u
1789467843.8799732,2118,2880,u
1789467843.8823,2019,2879,u
1789467843.883599,2211,2878,u
1789467843.886153,2206,2880,u
1789467843.888053,2148,2880,u
1789467843.8894138,2075,2877,u
1789467843.89167,2103,2879,u
1789467843.8937302,2084,2880,u
1789467843.8958452,2022,2878,u
1789467843.8979251,1942,2878,u
1789467843.90023,2076,2879,u
1789467843.902566,2227,2879,u
1789467843.9036381,2196,2880,u
1789467843.9062028,2063,2879,u
1789467843.908483,2070,2879,u
1789467843.9097788,2005,2879,u
1789467843.912097,2073,2879,u
1789467843.913423,1912,2879,u
1789467843.9158452,2107,2879,u
1789467843.9184031,2208,2881,u
1789467843.9197,2151,2880,u
1789467843.9222558,2042,2878,u
1789467843.9235551,2083,2879,u
1789467843.929696,2177,2880,u
1789467843.9311738,2103,2880,u
1789467843.9313018,1984,2878,u
1789467843.93151,2088,2879,u
1789467843.93467,2112,2879,u
1789467843.936811,2151,2881,u
1789467843.939382,2118,2879,u
1789467843.939529,1945,2879,u
1789467843.941489,2068,2879,u
1789467843.943806,2234,2880,u
1789467843.949996,2100,2881,u
1789467843.9501288,1996,2879,u
1789467843.9505658,2134,2879,u
1789467843.9526541,2227,2881,u
1789467843.955062,2071,2880,u
1789467843.958269,1954,2879,u
1789467843.958409,2119,2879,u
1789467843.9609668,2063,2879,u
1789467843.962823,2087,2880,u
1789467843.9641259,1982,2879,u
1789467843.966439,2166,2879,u
1789467843.9677372,2192,2880,u
1789467843.969823,2054,2878,u
1789467843.972131,1974,2879,u
1789467843.974446,2123,2878,u
1789467843.975494,2087,2879,u
1789467843.978046,2180,2880,u
1789467843.9803479,1992,2878,u
1789467843.981649,2000,2879,u
1789467843.9839659,2069,2880,u
1789467843.986201,2169,2880,u
1789467843.9885151,2227,2879,u
1789467843.989808,2008,2878,u
1789467843.99212,2059,2879,u
1789467843.994184,2225,2880,u
1789467843.9965,2101,2879,u
1789467843.997689,1859,2879,u
1789467844.0002508,1987,2879,u
1789467844.001547,2209,2880,u
1789467844.004102,2199,2880,u
1789467844.005396,2114,2879,u
1789467844.007947,2064,2879,u
1789467844.0140429,2008,2879,u
1789467844.014504,2099,2881,u
1789467844.014978,2141,2878,u
1789467844.01703,1935,2879,u
1789467844.018697,2129,2878,u
1789467844.020083,2320,2881,u
1789467844.022491,1982,2879,u
1789467844.0248902,1950,2878,u
1789467844.027029,2160,2878,u
1789467844.028338,2268,2880,u
1789467844.0296361,1860,2879,u
1789467844.032552,1973,2879,u
1789467844.036572,2153,2878,u
1789467844.03708,2180,2881,u
1789467844.039391,2133,2880,u
1789467844.0395598,2032,2879,u
1789467844.042725,2096,2879,u
1789467844.044859,2139,2879,u
1789467844.047184,2059,2877,u
1789467844.048962,2000,2879,u
1789467844.050108,2097,2878,u
1789467844.05142,2179,2880,u
1789467844.0539808,2134,2880,u
1789467844.0563,2037,2879,u
1789467844.057434,1997,2878,u
1789467844.059764,2100,2879,u
1789467844.0619059,2113,2881,u
1789467844.06446,1990,2878,u
1789467844.0658062,2047,2878,u
1789467844.0679731,2165,2878,u
1789467844.07053,2151,2880,u
1789467844.0718231,2052,2879,u
1789467844.0748951,2046,2878,u
1789467844.075954,2081,2878,u
1789467844.078271,2165,2879,u
1789467844.079564,2020,2878,u
1789467844.081645,2025,2879,u
1789467844.083987,2148,2879,u
1789467844.086059,2177,2880,u
1789467844.0874612,2117,2879,u
1789467844.090019,2053,2878,u
1789467844.0923378,2085,2878,u
1789467844.093632,2154,2878,u
1789467844.095978,2065,2878,u
1789467844.100532,1978,2879,u
1789467844.101461,2099,2879,u
1789467844.101962,2184,2880,u
1789467844.104915,2117,2879,u
1789467844.1065102,2052,2878,u
1789467844.10865,2042,2879,u
1789467844.11078,2103,2879,u
1789467844.1125708,2113,2879,u
1789467844.1138828,1987,2879,u
1789467844.116331,2061,2879,u
1789467844.121061,2172,2878,u
1789467844.121938,2142,2879,u
1789467844.1239831,2062,2878,u
1789467844.124106,2031,2878,u
1789467844.1260228,2096,2880,u
1789467844.1275918,2192,2879,u
1789467844.133194,2031,2878,u
1789467844.133386,2037,2878,u
1789467844.133895,2189,2878,u
1789467844.1363368,2178,2880,u
1789467844.137992,2036,2880,u
1789467844.140316,2031,2878,u
1789467844.1416152,2096,2879,u
1789467844.143952,2157,2880,u
1789467844.1465092,2044,2877,u
1789467844.147809,1997,2878,u
1789467844.150228,2073,2879,u
1789467844.1515882,2181,2880,u
1789467844.154131,2200,2880,u
1789467844.156207,2105,2877,u
1789467844.1574988,2059,2879,u
1789467844.159759,2101,2880,u
1789467844.162316,2179,2880,u
1789467844.163421,2086,2879,u
1789467844.1658728,2002,2878,u
1789467844.167969,2111,2880,u
1789467844.17052,2083,2880,u
1789467844.1718159,2043,2879,u
1789467844.174365,2049,2880,u
1789467844.175659,2087,2879,u
1789467844.1782122,2130,2879,u
1789467844.179507,1976,2879,u
1789467844.18497,2011,2879,u
1789467844.1854742,2214,2878,u
1789467844.186008,2279,2880,u
1789467844.1882172,2181,2879,u
1789467844.1903,2001,2878,u
1789467844.1917481,1979,2877,u
1789467844.193704,2055,2879,u
1789467844.1980412,2058,2877,u
1789467844.1980789,2016,2879,u
1789467844.2003899,2072,2879,u
1789467844.2017002,2167,2880,u
1789467844.206203,2107,2879,u
1789467844.2066538,2057,2878,u
1789467844.208417,2096,2879,u
1789467844.2103732,2145,2879,u
1789467844.211763,2089,2879,u
1789467844.2158349,1978,2879,u
1789467844.215986,2035,2879,u
1789467844.217727,2220,2880,u
1789467844.220049,2156,2878,u
1789467844.222365,1963,2879,u
1789467844.223661,2047,2878,u
1789467844.2259898,2130,2880,u
1789467844.2283351,2202,2880,u
1789467844.229389,1991,2877,u
1789467844.23184,1992,2880,u
1789467844.2343879,2140,2879,u
1789467844.235679,2155,2880,u
1789467844.237859,2149,2880,u
1789467844.240175,2098,2879,u
1789467844.2414699,1983,2878,u
1789467844.244019,2109,2878,u
1789467844.246237,1988,2877,u
1789467844.247535,1987,2879,u
1789467844.250033,2390,2881,u
1789467844.251442,2260,2879,u
1789467844.254001,2035,2880,u
1789467844.2561128,2057,2878,u
1789467844.258421,2061,2880,u
1789467844.259711,2258,2880,u
1789467844.262151,2231,2880,u
1789467844.26717,1922,2879,u
1789467844.267589,1967,2879,u
1789467844.268012,1952,2879,u
1789467844.270158,2011,2877,u
1789467844.2716968,2068,2880,u
1789467844.2752278,1852,2877,u
1789467844.27728,2089,2880,u
1789467844.279361,2335,2880,u
1789467844.280555,2101,2881,u
1789467844.281853,2115,2877,u
1789467844.2844071,2152,2879,u
1789467844.28547,2124,2877,u
1789467844.2877781,2274,2880,u
1789467844.290327,2062,2879,u
1789467844.29162,1785,2876,u
1789467844.2939332,2043,2879,u
1789467844.296492,2087,2879,u
1789467844.297803,1852,2878,u
1789467844.30039,1952,2879,u
1789467844.302716,2349,2881,u
1789467844.3037682,2173,2880,u
1789467844.3063219,2085,2880,u
1789467844.308456,2154,2879,u
1789467844.309761,2253,2880,u
1789467844.312316,2212,2879,u
1789467844.31361,1713,2878,u
1789467844.316169,1699,2879,u
1789467844.31826,2139,2878,u
1789467844.319556,2587,2882,u
1789467844.3221068,1788,2877,u
1789467844.324398,1527,2876,u
1789467844.32917,1986,2879,u
1789467844.3297322,1959,2878,u
1789467844.3298402,2000,2878,u
1789467844.332339,2177,2878,u
1789467844.3338912,1976,2878,u
1789467844.337447,1854,2877,u
1789467844.337565,1986,2879,u
1789467844.3397791,2046,2879,u
1789467844.341964,1855,2877,u
1789467844.3443441,1937,2877,u
1789467844.3462772,2198,2880,u
1789467844.351352,1638,2877,u
1789467844.351836,2062,2879,u
1789467844.3522718,2255,2881,u
1789467844.353975,2403,2879,u
1789467844.356808,2087,2880,u
1789467844.359458,1329,2876,u
1789467844.361734,1592,2878,u
1789467844.361968,1616,2878,u
1789467844.363497,2228,2880,u
1789467844.36557,1962,2877,u
1789467844.367875,1617,2877,u
1789467844.36995,1520,2876,u
1789467844.372268,2254,2880,u
1789467844.3745852,2102,2880,u
1789467844.375881,1380,2876,u
1789467844.378182,1511,2878,u
1789467844.3803048,2058,2878,u
1789467844.3817542,2084,2877,u
1789467844.384348,2372,2881,u
1789467844.385644,1798,2880,u
1789467844.3880708,718,2876,u
1789467844.3906188,1544,2875,u
1789467844.3919091,2599,2880,u
1789467844.394239,2327,2879,u
1789467844.396555,1702,2877,u
1789467844.397611,1745,2878,u
1789467844.400169,1669,2878,u
1789467844.402485,1534,2878,u
1789467844.403776,1827,2878,u
1789467844.406083,1941,2876,u
1789467844.411577,1814,2877,u
1789467844.412863,1795,2877,u
1789467844.4129548,1911,2879,u
1789467844.416685,1425,2877,u
1789467844.417114,1792,2877,u
1789467844.418527,1509,2876,u
1789467844.420444,1010,2876,u
1789467844.422813,1269,2876,u
1789467844.424499,1916,2878,u
1789467844.4257998,1689,2877,u
1789467844.4281301,1824,2878,u
1789467844.433028,1261,2877,u
1789467844.433548,1962,2877,u
1789467844.434731,1898,2877,u
1789467844.436265,1597,2878,u
1789467844.439222,1414,2878,u
1789467844.4411032,2015,2876,u
1789467844.4433012,1651,2877,u
1789467844.445238,1318,2876,u
1789467844.4463518,1214,2877,u
1789467844.4476511,1395,2877,u
1789467844.450037,1532,2878,u
1789467844.452111,2029,2877,u
1789467844.454666,1974,2876,u
1789467844.45596,2521,2881,u
1789467844.458283,1882,2880,u
1789467844.459578,1526,2877,u
1789467844.461887,1166,2877,u
1789467844.464438,1450,2877,u
1789467844.465835,1645,2878,u
1789467844.467968,2434,2881,u
1789467844.470519,1776,2879,u
1789467844.471571,1489,2876,u
1789467844.473817,1252,2877,u
1789467844.476127,1918,2878,u
1789467844.478457,1830,2877,u
1789467844.47974,1702,2877,u
1789467844.4820569,1016,2878,u
1789467844.484359,1575,2876,u
1789467844.48671,1631,2876,u
1789467844.487763,1484,2877,u
1789467844.493589,1475,2875,u
1789467844.4940732,1819,2877,u
1789467844.4942348,1785,2877,u
1789467844.496232,1633,2878,u
1789467844.4978821,986,2877,u
1789467844.5011258,1980,2878,u
1789467844.503501,2304,2879,u
1789467844.5036428,1244,2876,u
1789467844.506135,1131,2878,u
1789467844.508918,1141,2877,u
1789467844.512814,1189,2878,u
1789467844.513608,1787,2878,u
1789467844.514657,1366,2877,u
1789467844.517262,1181,2878,u
1789467844.518775,1253,2877,u
1789467844.52058,1196,2876,u
1789467844.522967,1564,2877,u
1789467844.524989,1591,2876,u
1789467844.526291,1991,2879,u
1789467844.52839,1677,2876,u
1789467844.5296881,1265,2877,u
1789467844.531768,1801,2877,u
1789467844.534135,1750,2878,u
1789467844.536271,1745,2876,u
1789467844.537566,1846,2880,u
1789467844.539871,1615,2876,u
1789467844.542432,1932,2880,u
1789467844.543728,2090,2880,u
1789467844.546103,1445,2877,u
1789467844.548177,1469,2877,u
1789467844.54969,1923,2878,u
1789467844.5521522,1926,2877,u
1789467844.554467,1691,2877,u
1789467844.555532,2056,2880,u
1789467844.557842,1466,2876,u
1789467844.560147,1505,2876,u
1789467844.562449,1893,2878,u
1789467844.5635252,1907,2877,u
1789467844.565737,1865,2878,u
1789467844.568249,1764,2878,u
1789467844.571757,1969,2879,u
1789467844.5726001,2518,2880,u
1789467844.5745752,1076,2877,u
1789467844.5765572,1704,2876,u
1789467844.57814,1730,2878,u
1789467844.579844,1772,2877,u
1789467844.582269,1978,2878,u
1789467844.5839841,2323,2880,u
1789467844.586546,1956,2878,u
1789467844.587631,1523,2877,u
1789467844.589942,1660,2876,u
1789467844.592245,1792,2877,u
1789467844.593535,2187,2880,u
1789467844.595739,2119,2877,u
1789467844.598047,2190,2880,u
1789467844.600354,1619,2876,u
1789467844.601643,1089,2876,u
1789467844.603956,2182,2880,u
1789467844.606267,2026,2879,u
1789467844.608565,1811,2877,u
1789467844.609854,2366,2881,u
1789467844.611996,1855,2877,u
1789467844.614296,1619,2878,u
1789467844.616361,1914,2877,u
1789467844.618724,1866,2877,u
1789467844.6197782,2030,2876,u
1789467844.622327,1933,2878,u
1789467844.6236212,1878,2879,u
1789467844.626167,2060,2879,u
1789467844.6311529,1661,2876,u
1789467844.631655,1877,2877,u
1789467844.6320698,1675,2879,u
1789467844.634002,1297,2878,u
1789467844.6368809,2257,2879,u
1789467844.638824,2212,2880,u
1789467844.641406,2094,2879,u
1789467844.643352,1451,2876,u
1789467844.6444988,1705,2878,u
1789467844.645545,1856,2878,u
1789467844.647959,2051,2879,u
1789467844.650282,1429,2877,u
1789467844.65236,1704,2877,u
1789467844.654442,1744,2876,u
1789467844.655504,2111,2879,u
1789467844.658049,2055,2878,u
1789467844.6603909,1554,2877,u
1789467844.661681,1679,2877,u
1789467844.6642292,1745,2878,u
1789467844.665518,2223,2878,u
1789467844.667975,2534,2879,u
1789467844.67052,1699,2876,u
1789467844.6718102,1788,2878,u
1789467844.674357,2035,2879,u
1789467844.675647,1952,2879,u
1789467844.6781921,1643,2878,u
1789467844.679483,1848,2878,u
1789467844.682029,2223,2879,u
1789467844.684333,1988,2878,u
1789467844.685623,2516,2880,u
1789467844.691293,2937,2882,u
1789467844.692021,1936,2878,u
1789467844.6924212,952,2875,u
1789467844.693912,2005,2877,u
1789467844.696791,2183,2879,u
1789467844.698743,1745,2878,u
1789467844.70128,1315,2878,u
1789467844.703341,2102,2879,u
1789467844.7046862,1632,2875,u
1789467844.705729,1813,2879,u
1789467844.708043,1993,2879,u
1789467844.710598,2278,2880,u
1789467844.711891,2224,2878,u
1789467844.714198,2166,2879,u
1789467844.7155058,2185,2879,u
1789467844.717823,2100,2877,u
1789467844.720371,1927,2877,u
1789467844.721663,1838,2878,u
1789467844.723729,1827,2879,u
1789467844.726275,2122,2878,u
1789467844.728338,2363,2879,u
1789467844.7296278,1695,2877,u
1789467844.731745,1958,2879,u
1789467844.734267,2151,2879,u
1789467844.736337,2253,2881,u
1789467844.73763,2478,2879,u
1789467844.740177,1852,2878,u
1789467844.742232,1999,2878,u
1789467844.743525,2400,2880,u
1789467844.74608,1971,2877,u
1789467844.7516549,2123,2879,u
1789467844.7516959,2165,2879,u
1789467844.7517319,2078,2877,u
1789467844.755454,1887,2877,u
1789467844.7555652,1857,2879,u
1789467844.7578769,2456,2880,u
1789467844.7595809,1903,2878,u
1789467844.763662,2244,2879,u
1789467844.76382,2084,2878,u
1789467844.765538,1937,2878,u
1789467844.767621,1894,2879,u
1789467844.7696881,2369,2881,u
1789467844.7739992,2187,2879,u
1789467844.7744918,2388,2880,u
1789467844.776835,1696,2875,u
1789467844.77874,1218,2877,u
1789467844.7806668,2323,2880,u
1789467844.782094,2027,2880,u
1789467844.784767,2406,2880,u
1789467844.7868538,2797,2881,u
1789467844.787921,1919,2879,u
1789467844.790763,1911,2878,u
1789467844.7920609,2664,2880,u
1789467844.794614,2610,2881,u
1789467844.795907,1885,2878,u
1789467844.7985432,2023,2879,u
1789467844.799912,2191,2879,u
1789467844.8022342,1964,2879,u
1789467844.804298,2017,2880,u
1789467844.8063848,1887,2879,u
1789467844.8075259,1984,2878,u
1789467844.8098218,1813,2876,u
1789467844.812269,1921,2878,u
1789467844.814579,1971,2878,u
1789467844.81584,1909,2879,u
1789467844.818181,2359,2880,u
1789467844.820501,2171,2879,u
1789467844.821793,1953,2878,u
1789467844.824096,2092,2878,u
1789467844.826423,2386,2880,u
1789467844.8275342,1811,2878,u
1789467844.8296099,1946,2879,u
1789467844.835679,2367,2879,u
1789467844.836498,2294,2879,u
1789467844.837002,2069,2879,u
1789467844.839882,2332,2880,u
1789467844.8403141,1759,2878,u
1789467844.842058,1960,2880,u
1789467844.845994,1956,2878,u
1789467844.846136,1951,2877,u
1789467844.848276,2081,2878,u
1789467844.8495739,2198,2879,u
1789467844.852126,2057,2879,u
1789467844.855922,2163,2878,u
1789467844.8560169,2063,2880,u
1789467844.858369,1957,2878,u
1789467844.8604338,2446,2879,u
1789467844.863158,2033,2878,u
1789467844.8659499,2480,2881,u
1789467844.8660989,1996,2879,u
1789467844.867682,1593,2877,u
1789467844.870243,2135,2881,u
1789467844.872564,1744,2875,u
1789467844.8736188,2126,2878,u
1789467844.876066,2832,2881,u
1789467844.8786209,2006,2880,u
1789467844.879911,2200,2880,u
1789467844.8821208,2316,2878,u
1789467844.883499,1613,2878,u
1789467844.885781,2080,2879,u
1789467844.888088,2205,2879,u
1789467844.8903859,2104,2879,u
1789467844.892707,1466,2875,u
1789467844.893762,2107,2879,u
1789467844.896309,2473,2881,u
1789467844.897598,1377,2878,u
1789467844.900144,2356,2879,u
1789467844.902451,2938,2881,u
1789467844.903508,1811,2876,u
1789467844.90556,1630,2877,u
1789467844.907865,1838,2877,u
1789467844.910175,2096,2879,u
1789467844.915061,1879,2877,u
1789467844.9171672,1661,2878,u
1789467844.917324,1871,2877,u
1789467844.919517,2561,2881,u
1789467844.920178,2177,2880,u
1789467844.922539,1818,2876,u
1789467844.925503,1958,2879,u
1789467844.925741,2178,2879,u
1789467844.927742,1854,2878,u
1789467844.930055,1951,2877,u
1789467844.934792,2096,2878,u
1789467844.9355588,1969,2878,u
1789467844.935971,1952,2877,u
1789467844.939072,2650,2880,u
1789467844.9408371,1781,2877,u
1789467844.942183,2058,2880,u
1789467844.945207,2117,2879,u
1789467844.947156,1941,2877,u
1789467844.9482188,1944,2878,u
1789467844.9495559,1981,2878,u
1789467844.952567,2870,2882,u
1789467844.9538682,2428,2880,u
1789467844.956416,1597,2877,u
1789467844.957707,1880,2876,u
1789467844.960006,2084,2877,u
1789467844.9621398,2276,2880,u
1789467844.963506,2170,2878,u
1789467844.965875,1761,2877,u
1789467844.9684339,1528,2876,u
1789467844.969729,2522,2879,u
1789467844.972285,2725,2881,u
1789467844.973592,2867,2881,u
1789467844.975839,1988,2879,u
1789467844.978146,1969,2877,u
1789467844.979519,2349,2879,u
1789467844.9815848,2229,2879,u
1789467844.9839082,2284,2880,u
1789467844.98646,1904,2876,u
1789467844.987753,2018,2879,u
1789467844.989912,1834,2879,u
1789467844.996096,2009,2879,u
1789467844.996616,1931,2878,u
1789467844.997503,1957,2878,u
1789467844.997956,2074,2879,u
1789467845.001577,2145,2879,u
1789467845.0016809,2368,2880,u
1789467845.004055,2241,2879,u
1789467845.00733,1872,2879,u
1789467845.009399,2107,2879,u
1789467845.0095732,2555,2880,u
1789467845.011899,1818,2878,u
1789467845.0175629,2297,2879,u
1789467845.018083,2185,2878,u
1789467845.018528,1697,2878,u
1789467845.020423,2002,2880,u
1789467845.022024,1938,2878,u
1789467845.0242062,2204,2879,u
1789467845.028555,2318,2879,u
1789467845.0287309,2099,2879,u
1789467845.0306501,2029,2879,u
1789467845.0318,1882,2878,u
1789467845.034365,2224,2879,u
1789467845.03552,2404,2880,u
1789467845.0375931,2160,2878,u
1789467845.039846,1884,2878,u
1789467845.042151,2374,2880,u
1789467845.044215,1608,2876,u
1789467845.046486,1955,2878,u
1789467845.047541,2070,2880,u
1789467845.049869,2477,2881,u
1789467845.052085,2254,2878,u
1789467845.0543911,1888,2879,u
1789467845.055682,2103,2879,u
1789467845.057745,2026,2878,u
1789467845.0600681,2342,2880,u
1789467845.0626152,2050,2877,u
1789467845.063796,1861,2879,u
1789467845.066354,1879,2879,u
1789467845.0676491,2087,2878,u
1789467845.0697012,2576,2881,u
1789467845.072254,2247,2879,u
1789467845.0735629,1148,2874,u
1789467845.07933,2318,2878,u
1789467845.0794659,2199,2881,u
1789467845.0799518,2009,2878,u
1789467845.082162,1975,2879,u
1789467845.083769,2014,2877,u
1789467845.087116,2442,2880,u
1789467845.090249,1446,2876,u
1789467845.090501,1996,2880,u
1789467845.0926368,2155,2879,u
1789467845.093945,2267,2879,u
1789467845.096298,2021,2877,u
1789467845.097599,1973,2878,u
1789467845.0999,2313,2881,u
1789467845.104192,1967,2877,u
1789467845.104279,2044,2880,u
1789467845.10568,2112,2879,u
1789467845.109427,1960,2879,u
1789467845.1098251,2097,2880,u
1789467845.112163,2126,2880,u
1789467845.115583,1926,2879,u
1789467845.115784,2044,2878,u
1789467845.117929,2263,2881,u
1789467845.120491,2306,2880,u
1789467845.1217852,2179,2879,u
1789467845.124352,1803,2875,u
1789467845.126697,1999,2879,u
1789467845.1277509,2085,2878,u
1789467845.129819,1927,2878,u
1789467845.1323771,1917,2879,u
1789467845.1336708,2101,2878,u
1789467845.136151,2126,2879,u
1789467845.137559,2041,2878,u
1789467845.140115,2028,2879,u
1789467845.1423402,2103,2878,u
1789467845.1436312,2205,2880,u
1789467845.1456928,2023,2878,u
1789467845.148195,1981,2878,u
1789467845.14952,2122,2880,u
1789467845.151846,2207,2880,u
1789467845.1539142,2139,2879,u
1789467845.15614,2052,2879,u
1789467845.1574998,2088,2879,u
1789467845.1597571,2204,2880,u
1789467845.162292,2084,2878,u
1789467845.16359,2042,2879,u
1789467845.169781,2135,2880,u
1789467845.169892,2229,2880,u
1789467845.17033,2177,2879,u
1789467845.171971,2079,2879,u
1789467845.173833,2035,2878,u
1789467845.177074,2150,2879,u
1789467845.180495,2176,2880,u
1789467845.180674,1989,2879,u
1789467845.1823518,2053,2879,u
1789467845.1835048,2216,2877,u
1789467845.185772,2240,2880,u
1789467845.190811,2192,2879,u
1789467845.192097,2134,2879,u
1789467845.192576,2233,2878,u
1789467845.1939561,2333,2880,u
1789467845.195922,2124,2877,u
1789467845.197906,2066,2878,u
1789467845.202389,2276,2879,u
1789467845.202535,2310,2880,u
1789467845.204192,2242,2880,u
1789467845.206509,2125,2879,u
1789467845.207565,2145,2879,u
1789467845.209888,2272,2879,u
1789467845.212775,2189,2880,u
1789467845.219578,2108,2879,u
1789467845.2196639,2212,2879,u
1789467845.2197618,2314,2880,u
1789467845.221641,2284,2880,u
1789467845.221984,2180,2879,u
1789467845.224573,2186,2879,u
1789467845.2258759,2233,2881,u
1789467845.228193,2275,2880,u
1789467845.229543,2076,2879,u
1789467845.2318661,2149,2879,u
1789467845.234197,2305,2882,u
1789467845.2362828,2338,2879,u
1789467845.2375739,2158,2878,u
1789467845.2401228,2151,2878,u
1789467845.2423549,2204,2880,u
1789467845.243652,2318,2879,u
1789467845.246081,2107,2878,u
1789467845.248169,2149,2878,u
1789467845.250504,2314,2881,u
1789467845.25155,2339,2881,u
1789467845.253862,2295,2879,u
1789467845.255929,2179,2880,u
1789467845.260803,2155,2879,u
1789467845.2617931,2239,2880,u
1789467845.263963,2146,2880,u
1789467845.264231,2056,2879,u
1789467845.2661629,2217,2879,u
1789467845.267872,2351,2881,u
1789467845.269544,2283,2881,u
1789467845.272852,2135,2879,u
1789467845.274886,2112,2879,u
1789467845.276204,2229,2879,u
1789467845.2784052,2256,2880,u
1789467845.2797499,2059,2879,u
1789467845.285035,2140,2879,u
1789467845.286031,2306,2881,u
1789467845.287379,2285,2880,u
1789467845.2892249,2148,2879,u
1789467845.29232,2128,2879,u
1789467845.292556,2210,2880,u
1789467845.298443,2262,2881,u
1789467845.2985668,2102,2879,u
1789467845.2986062,2101,2878,u
1789467845.299922,2286,2879,u
1789467845.302377,2424,2881,u
1789467845.3038871,2394,2880,u
1789467845.3073542,2266,2879,u
1789467845.309761,2342,2879,u
1789467845.3103402,2461,2881,u
1789467845.311798,2284,2881,u
1789467845.314472,2253,2879,u
1789467845.315837,2421,2880,u
1789467845.318605,2476,2881,u
1789467845.319979,2346,2880,u
1789467845.322363,2278,2879,u
1789467845.323745,2312,2880,u
1789467845.3263822,2719,2881,u
1789467845.327849,2492,2881,u
1789467845.330208,2142,2879,u
1789467845.332536,2327,2880,u
1789467845.3336031,2420,2881,u
1789467845.335687,2441,2881,u
1789467845.33775,2287,2879,u
1789467845.3401659,2316,2880,u
1789467845.3430011,2232,2878,u
1789467845.344179,2334,2880,u
1789467845.3533921,2257,2879,u
1789467845.353614,2453,2881,u
1789467845.355029,2517,2881,u
1789467845.356239,2574,2881,u
1789467845.363304,2543,2880,u
1789467845.363727,2485,2880,u
1789467845.364348,2430,2880,u
1789467845.36677,2507,2881,u
1789467845.366862,2394,2880,u
1789467845.3669918,2269,2880,u
1789467845.3670259,2525,2881,u
1789467845.368106,2912,2882,u
1789467845.370454,2851,2881,u
1789467845.3777761,2234,2879,u
1789467845.3804622,2499,2881,u
1789467845.38171,2705,2881,u
1789467845.383827,2960,2882,u
1789467845.387182,2854,2880,u
1789467845.387427,2388,2881,u
1789467845.387785,2535,2880,u
1789467845.38813,2598,2881,u
1789467845.389733,2318,2879,u
1789467845.3904278,2474,2880,u
1789467845.391547,2309,2880,u
1789467845.394187,2357,2879,u
1789467845.3955278,1986,2876,u
1789467845.3981152,2241,2879,u
1789467845.399503,2552,2881,u
1789467845.4018502,2732,2880,u
1789467845.404585,2356,2880,u
1789467845.405649,2178,2879,u
1789467845.408074,2243,2880,u
1789467845.4107058,2339,2880,u
1789467845.412014,2210,2880,u
1789467845.4142551,2262,2879,u
1789467845.4155788,2446,2881,u
1789467845.417669,2457,2880,u
1789467845.419743,2308,2880,u
1789467845.4224,2260,2880,u
1789467845.423729,2140,2880,u
1789467845.4260201,2561,2880,u
1789467845.428444,2084,2877,u
1789467845.4297652,1977,2879,u
1789467845.43216,2199,2880,u
1789467845.4342809,2107,2877,u
1789467845.435589,2311,2880,u
1789467845.4379919,2094,2878,u
1789467845.4403908,2201,2878,u
1789467845.441613,2324,2879,u
1789467845.450358,2160,2879,u
1789467845.45229,1817,2878,u
1789467845.452537,2306,2878,u
1789467845.4541068,2208,2878,u
1789467845.45573,2040,2878,u
1789467845.457163,1953,2878,u
1789467845.463181,2007,2878,u
1789467845.4634151,2035,2878,u
1789467845.4636412,2149,2879,u
1789467845.463847,2103,2878,u
1789467845.4640799,2031,2878,u
1789467845.466253,2209,2878,u
1789467845.467579,2210,2879,u
1789467845.469743,1899,2876,u
1789467845.4719841,2239,2879,u
1789467845.480622,2340,2879,u
1789467845.480781,2087,2880,u
1789467845.481029,2149,2879,u
1789467845.4812071,1959,2878,u
1789467845.483593,2196,2879,u
1789467845.484133,2343,2882,u
1789467845.4860978,1970,2878,u
1789467845.4918,2014,2879,u
1789467845.4920309,1981,2879,u
1789467845.494379,2036,2879,u
1789467845.494853,2181,2880,u
1789467845.4961689,1843,2879,u
1789467845.498274,1926,2879,u
1789467845.500624,2107,2879,u
1789467845.5016892,2246,2882,u
1789467845.504041,2123,2879,u
1789467845.506287,1836,2878,u
1789467845.5076008,2039,2878,u
1789467845.509959,2155,2880,u
1789467845.512337,2013,2879,u
1789467845.51364,1937,2879,u
1789467845.51602,2073,2879,u
1789467845.518673,2151,2878,u
1789467845.5200288,2213,2880,u
1789467845.522363,2105,2878,u
1789467845.524748,2052,2879,u
1789467845.525811,2168,2878,u
1789467845.528453,2148,2879,u
1789467845.5297868,1916,2877,u
1789467845.532129,2087,2878,u
1789467845.5343192,2225,2881,u
1789467845.535626,2316,2880,u
1789467845.538209,2241,2879,u
1789467845.540527,2092,2878,u
1789467845.54193,2155,2878,u
1789467845.5443451,2284,2880,u
1789467845.545523,2089,2877,u
1789467845.5504692,2148,2878,u
1789467845.551127,2248,2878,u
1789467845.553598,2261,2880,u
1789467845.5537899,2166,2879,u
1789467845.557806,2112,2879,u
1789467845.563241,2139,2878,u
1789467845.56345,2183,2879,u
1789467845.563661,2122,2877,u
1789467845.563863,2143,2878,u
1789467845.5661561,2250,2879,u
1789467845.5685272,2207,2880,u
1789467845.5695958,2013,2879,u
1789467845.577482,2119,2878,u
1789467845.577599,2229,2878,u
1789467845.579242,2165,2879,u
1789467845.5794501,2058,2878,u
1789467845.5811808,2103,2878,u
1789467845.583123,2082,2878,u
1789467845.588762,2072,2876,u
1789467845.589004,2237,2880,u
1789467845.589189,2022,2877,u
1789467845.591559,2032,2878,u
1789467845.5916958,2157,2878,u
1789467845.594038,2221,2879,u
1789467845.5964649,1772,2878,u
1789467845.597537,2107,2879,u
1789467845.5998778,2395,2882,u
1789467845.602211,2253,2880,u
1789467845.603542,2148,2879,u
1789467845.605833,2041,2879,u
1789467845.608164,2031,2879,u
1789467845.6105778,2602,2880,u
1789467845.611638,1780,2877,u
1789467845.613975,1923,2878,u
1789467845.616456,2231,2879,u
1789467845.617551,2261,2879,u
1789467845.620119,2241,2879,u
1789467845.622277,2067,2879,u
1789467845.623647,2138,2878,u
1789467845.6259232,2114,2879,u
1789467845.628122,2116,2880,u
1789467845.6296399,2036,2879,u
1789467845.632482,2126,2878,u
1789467845.633787,2215,2881,u
1789467845.635859,2204,2879,u
1789467845.638199,2073,2879,u
1789467845.6395211,2060,2879,u
1789467845.646354,2113,2879,u
1789467845.646543,2193,2880,u
1789467845.647427,2043,2878,u
1789467845.6479738,2060,2878,u
1789467845.651569,2173,2878,u
1789467845.6521542,2191,2880,u
1789467845.658918,2124,2878,u
1789467845.6591392,2034,2878,u
1789467845.65938,2052,2879,u
1789467845.661859,2169,2880,u
1789467845.661907,2099,2877,u
1789467845.664227,2004,2879,u
1789467845.6709719,2025,2879,u
1789467845.6723058,2169,2878,u
1789467845.6736388,2219,2879,u
1789467845.673818,2007,2878,u
1789467845.6740491,2036,2879,u
1789467845.675627,2252,2879,u
1789467845.683291,2252,2881,u
1789467845.684043,2005,2879,u
1789467845.6861088,2047,2879,u
1789467845.6867101,2211,2878,u
1789467845.686974,2249,2879,u
1789467845.688053,2131,2878,u
1789467845.690141,2442,2880,u
1789467845.69248,2361,2879,u
1789467845.693558,2022,2878,u
1789467845.6956968,1910,2878,u
1789467845.698036,2189,2879,u
1789467845.700146,2366,2881,u
1789467845.701535,2218,2880,u
1789467845.70419,2091,2880,u
1789467845.706645,2100,2878,u
1789467845.707948,2141,2877,u
1789467845.71027,2057,2878,u
1789467845.711573,2118,2877,u
1789467845.714135,2254,2879,u
1789467845.715591,2148,2879,u
1789467845.717689,2115,2877,u
1789467845.720007,2118,2878,u
1789467845.722324,2006,2878,u
1789467845.723583,1975,2878,u
1789467845.726132,2002,2879,u
1789467845.728263,2203,2880,u
1789467845.729544,2012,2878,u
1789467845.73211,2107,2879,u
1789467845.734679,2254,2880,u
1789467845.735981,2371,2881,u
1789467845.73855,2227,2880,u
1789467845.743882,1874,2878,u
1789467845.744409,2083,2880,u
1789467845.7445812,2231,2880,u
1789467845.747125,1966,2878,u
1789467845.751552,2090,2878,u
1789467845.752092,2253,2880,u
1789467845.754157,2182,2880,u
1789467845.7573051,2187,2879,u
1789467845.757594,2090,2878,u
1789467845.757816,2115,2878,u
1789467845.759997,2354,2879,u
1789467845.762592,2167,2881,u
1789467845.763672,1882,2879,u
1789467845.768594,2137,2878,u
1789467845.7700422,2362,2880,u
1789467845.770546,2112,2880,u
1789467845.771936,1877,2879,u
1789467845.774936,1886,2879,u
1789467845.7772968,2236,2880,u
1789467845.780307,2124,2880,u
1789467845.780552,1955,2878,u
1789467845.782772,2075,2878,u
1789467845.7838342,2238,2882,u
1789467845.786143,2219,2880,u
1789467845.788405,2056,2880,u
1789467845.789703,2004,2878,u
1789467845.7920158,2162,2879,u
1789467845.79442,2211,2879,u
1789467845.795516,2039,2877,u
1789467845.7980502,2070,2878,u
1789467845.79954,2257,2881,u
1789467845.8018692,2349,2879,u
1789467845.804436,2250,2879,u
1789467845.8056471,2093,2878,u
1789467845.8079538,2018,2879,u
1789467845.810507,2140,2879,u
1789467845.8118029,2099,2877,u
1789467845.814355,1963,2878,u
1789467845.81576,1978,2878,u
1789467845.818323,2243,2880,u
1789467845.819624,2169,2880,u
1789467845.8219461,2190,2878,u
1789467845.8242502,2169,2879,u
1789467845.8255439,2159,2879,u
1789467845.827852,2137,2880,u
1789467845.830166,2042,2878,u
1789467845.831545,1981,2879,u
1789467845.838112,2180,2878,u
1789467845.838283,2210,2879,u
1789467845.839756,2072,2878,u
1789467845.839978,1994,2878,u
1789467845.843251,2184,2879,u
1789467845.8454049,2254,2880,u
1789467845.8456352,2070,2877,u
1789467845.85056,1977,2879,u
1789467845.8511941,2156,2879,u
1789467845.852509,2303,2879,u
1789467845.853821,2120,2879,u
1789467845.858966,2131,2879,u
1789467845.85951,2294,2877,u
1789467845.859617,2126,2879,u
1789467845.8624692,2047,2878,u
1789467845.8642619,2003,2878,u
1789467845.86605,2209,2878,u
1789467845.8682392,2198,2881,u
1789467845.871268,2177,2879,u
1789467845.873618,1896,2878,u
1789467845.873696,1813,2875,u
1789467845.876267,2305,2879,u
1789467845.877552,2324,2880,u
1789467845.880113,2101,2877,u
1789467845.8822021,2153,2879,u
1789467845.8837929,2198,2877,u
1789467845.886164,2369,2879,u
1789467845.888434,2243,2879,u
1789467845.8897338,1911,2878,u
1789467845.892288,2003,2879,u
1789467845.8935838,2215,2878,u
1789467845.8961148,1916,2877,u
1789467845.898249,2101,2878,u
1789467845.899599,2191,2878,u
1789467845.9020019,2120,2879,u
1789467845.904557,2109,2879,u
1789467845.905856,1989,2878,u
1789467845.908182,2095,2879,u
1789467845.90952,2220,2879,u
1789467845.911836,2044,2877,u
1789467845.913913,2066,2878,u
1789467845.9162822,2082,2878,u
1789467845.918612,2166,2879,u
1789467845.919886,2153,2879,u
1789467845.922443,2090,2878,u
1789467845.928572,2089,2877,u
1789467845.9295092,2169,2879,u
1789467845.929664,2210,2880,u
1789467845.93111,2084,2877,u
1789467845.932467,2175,2878,u
1789467845.9343061,2178,2878,u
1789467845.9368849,2187,2879,u
1789467845.93978,2177,2878,u
1789467845.940174,1988,2877,u
1789467845.942393,2111,2879,u
1789467845.943737,2060,2879,u
1789467845.946058,2089,2877,u
1789467845.950645,2027,2877,u
1789467845.951125,2105,2879,u
1789467845.95356,2176,2879,u
1789467845.953744,2151,2878,u
1789467845.956455,2069,2877,u
1789467845.9594991,2083,2878,u
1789467845.9622881,2217,2879,u
1789467845.962521,2031,2877,u
1789467845.964467,1965,2878,u
1789467845.965546,2090,2878,u
1789467845.9678662,2152,2880,u
1789467845.97019,2169,2879,u
1789467845.972251,2074,2877,u
1789467845.974324,2015,2877,u
1789467845.97562,2111,2879,u
1789467845.977953,2156,2880,u
1789467845.980034,2077,2878,u
1789467845.9823391,1926,2879,u
1789467845.9835289,2123,2879,u
1789467845.9855921,2363,2880,u
1789467845.988149,2154,2880,u
1789467845.98954,2042,2878,u
1789467845.991866,2103,2880,u
1789467845.993948,2241,2879,u
1789467845.996259,1975,2876,u
1789467845.997558,1927,2879,u
1789467845.999864,2162,2878,u
1789467846.002281,2221,2880,u
1789467846.0044422,2105,2879,u
1789467846.005717,1945,2878,u
1789467846.008268,1966,2878,u
1789467846.010581,2179,2880,u
1789467846.0118752,2083,2878,u
1789467846.01865,1980,2877,u
1789467846.019182,2104,2877,u
1789467846.019677,2260,2881,u
1789467846.020162,2166,2879,u
1789467846.0221949,2093,2879,u
1789467846.0241559,2068,2878,u
1789467846.027723,2147,2878,u
1789467846.02793,2082,2878,u
1789467846.031286,1992,2878,u
1789467846.034771,2100,2878,u
1789467846.034867,2174,2877,u
1789467846.035966,2143,2878,u
1789467846.042367,2137,2878,u
1789467846.042899,2061,2878,u
1789467846.0434182,2110,2878,u
1789467846.0435698,2162,2879,u
1789467846.046968,2015,2879,u
1789467846.048872,2044,2878,u
1789467846.050891,2136,2878,u
1789467846.053443,2175,2879,u
1789467846.0536032,2102,2878,u
1789467846.0564969,2034,2878,u
1789467846.057565,2047,2878,u
1789467846.060058,2164,2879,u
1789467846.062618,2048,2878,u
1789467846.063679,2015,2877,u
1789467846.0658329,2148,2879,u
1789467846.06845,2202,2880,u
1789467846.0695128,2096,2878,u
1789467846.0718431,2025,2878,u
1789467846.074147,2072,2878,u
1789467846.076714,2123,2880,u
1789467846.077908,2066,2876,u
1789467846.080232,2004,2878,u
1789467846.0815418,2140,2877,u
1789467846.08404,2220,2880,u
1789467846.086593,2179,2878,u
1789467846.087643,2079,2878,u
1789467846.090153,2042,2877,u
1789467846.092465,2138,2878,u
1789467846.093756,2182,2880,u
1789467846.0960598,2032,2876,u
1789467846.0983958,2043,2878,u
1789467846.0995321,2147,2878,u
1789467846.10161,2181,2880,u
1789467846.106632,2097,2878,u
1789467846.10721,2033,2879,u
1789467846.109598,2061,2879,u
1789467846.110954,2203,2879,u
1789467846.112768,2049,2877,u
1789467846.115295,2032,2879,u
1789467846.119915,2135,2878,u
1789467846.119955,2227,2880,u
1789467846.11999,2172,2879,u
1789467846.122516,2080,2878,u
1789467846.1235719,2037,2879,u
1789467846.128505,2150,2879,u
1789467846.128963,2142,2879,u
1789467846.13066,2032,2878,u
1789467846.1326451,2124,2879,u
1789467846.134448,2223,2880,u
1789467846.136265,2166,2880,u
1789467846.1384552,2096,2878,u
1789467846.140214,2052,2878,u
1789467846.142708,2121,2879,u
1789467846.143772,2206,2880,u
1789467846.146328,2001,2879,u
1789467846.147625,2008,2879,u
1789467846.150269,2171,2878,u
1789467846.152439,2200,2881,u
1789467846.1535392,2171,2879,u
1789467846.1560981,2045,2878,u
1789467846.158175,2016,2878,u
1789467846.160481,2164,2879,u
1789467846.1615438,2049,2878,u
1789467846.163857,2058,2878,u
1789467846.166477,2191,2880,u
1789467846.167777,1941,2878,u
1789467846.1703281,2039,2879,u
1789467846.171621,2111,2878,u
1789467846.174171,2129,2879,u
1789467846.1764421,2170,2879,u
1789467846.177736,2215,2880,u
1789467846.180286,1861,2878,u
1789467846.182358,1986,2878,u
1789467846.183506,2181,2879,u
1789467846.185815,2227,2880,u
1789467846.191512,2169,2877,u
1789467846.1919591,1931,2878,u
1789467846.19287,2071,2878,u
1789467846.195921,2010,2877,u
1789467846.196804,1880,2878,u
1789467846.199378,2062,2879,u
1789467846.201765,2332,2879,u
1789467846.201963,2248,2879,u
1789467846.203657,2055,2878,u
1789467846.205971,1952,2878,u
1789467846.211968,2077,2879,u
1789467846.212425,2331,2880,u
1789467846.2125492,2387,2880,u
1789467846.21463,2288,2880,u
1789467846.2165692,2061,2879,u
1789467846.219875,1937,2878,u
1789467846.2201002,1970,2877,u
1789467846.2225301,1833,2878,u
1789467846.224861,1336,2876,u
1789467846.2259378,1968,2877,u
1789467846.2284448,2669,2880,u
1789467846.229747,1933,2877,u
1789467846.2318442,1841,2879,u
1789467846.234234,2067,2878,u
1789467846.2365592,2300,2880,u
1789467846.237858,2338,2880,u
1789467846.240253,2569,2880,u
1789467846.2415519,1895,2879,u
1789467846.244103,1500,2876,u
1789467846.245792,2170,2881,u
1789467846.248127,2083,2879,u
1789467846.2502232,1779,2878,u
1789467846.2526278,1889,2877,u
1789467846.253922,1500,2876,u
1789467846.256225,1558,2877,u
1789467846.258513,2560,2880,u
1789467846.259598,2591,2879,u
1789467846.262192,1356,2877,u
1789467846.2645051,1604,2877,u
1789467846.2656908,2460,2880,u
1789467846.2682612,2015,2877,u
1789467846.269631,1672,2878,u
1789467846.2746391,923,2877,u
1789467846.275987,1937,2876,u
1789467846.278133,2531,2881,u
1789467846.2783418,1590,2875,u
1789467846.280076,1327,2877,u
1789467846.287463,1948,2878,u
1789467846.28916,2030,2878,u
1789467846.289818,2178,2878,u
1789467846.2898629,1933,2877,u
1789467846.2899,2057,2879,u
1789467846.292226,2370,2880,u
1789467846.298387,1106,2876,u
1789467846.298861,816,2876,u
1789467846.300194,1201,2877,u
1789467846.300514,1642,2878,u
1789467846.3058,2222,2880,u
1789467846.308444,1909,2880,u
1789467846.308686,1602,2876,u
1789467846.3104792,1411,2878,u
1789467846.311101,1863,2877,u
1789467846.312408,1851,2877,u
1789467846.31354,2096,2878,u
1789467846.316075,1348,2877,u
1789467846.317507,1555,2877,u
1789467846.319819,1216,2877,u
1789467846.32214,1212,2876,u
1789467846.323536,1319,2876,u
1789467846.326092,1565,2876,u
1789467846.328397,1105,2877,u
1789467846.329537,912,2878,u
1789467846.331965,1490,2877,u
1789467846.334524,1654,2877,u
1789467846.335822,1360,2877,u
1789467846.338133,1692,2876,u
1789467846.3404438,646,2876,u
1789467846.341738,1527,2875,u
1789467846.343799,1592,2877,u
1789467846.345935,1656,2877,u
1789467846.348236,858,2876,u
1789467846.349545,1025,2877,u
1789467846.352153,1346,2876,u
1789467846.3544672,1818,2875,u
1789467846.355762,1894,2880,u
1789467846.3610072,664,2876,u
1789467846.361127,861,2876,u
1789467846.363897,1480,2877,u
1789467846.364032,1679,2877,u
1789467846.3659961,2098,2878,u
1789467846.369299,1464,2877,u
1789467846.371952,1246,2876,u
1789467846.372108,1802,2876,u
1789467846.374308,1107,2876,u
1789467846.375607,1056,2877,u
1789467846.378078,1556,2878,u
1789467846.38212,1720,2877,u
1789467846.382962,1409,2878,u
1789467846.385018,1124,2877,u
1789467846.386564,1161,2877,u
1789467846.388561,1321,2876,u
1789467846.3902678,1784,2877,u
1789467846.392839,2211,2880,u
1789467846.3945339,917,2876,u
1789467846.395723,1232,2877,u
1789467846.398033,1367,2877,u
1789467846.4005902,1059,2877,u
1789467846.40186,1632,2877,u
1789467846.4042702,1581,2877,u
1789467846.4065752,1257,2877,u
1789467846.407867,1153,2876,u
1789467846.4104168,2215,2881,u
1789467846.4117088,1641,2876,u
1789467846.414022,1103,2877,u
1789467846.416706,1788,2877,u
1789467846.418035,1411,2877,u
1789467846.420557,1544,2877,u
1789467846.421609,1482,2876,u
1789467846.423916,1583,2877,u
1789467846.426465,1597,2876,u
1789467846.4275541,2072,2879,u
1789467846.4298759,1637,2876,u
1789467846.4324322,2001,2877,u
1789467846.433727,2130,2878,u
1789467846.436071,1312,2878,u
1789467846.438633,845,2877,u
1789467846.439931,1675,2876,u
1789467846.4447849,2424,2880,u
1789467846.445756,2058,2879,u
1789467846.446561,1937,2879,u
1789467846.4481869,1899,2877,u
1789467846.450731,2022,2878,u
1789467846.452628,2638,2881,u
1789467846.4540858,1976,2877,u
1789467846.4568288,1340,2877,u
1789467846.458975,1739,2877,u
1789467846.460276,2142,2880,u
1789467846.4615521,1681,2876,u
1789467846.46678,1070,2876,u
1789467846.4672709,1866,2878,u
1789467846.469173,2480,2881,u
1789467846.47106,2104,2878,u
1789467846.4742742,2137,2880,u
1789467846.4745119,2250,2879,u
1789467846.477252,1444,2876,u
1789467846.4794939,1739,2877,u
1789467846.479572,1728,2878,u
1789467846.481895,2132,2879,u
1789467846.484216,2353,2880,u
1789467846.4855528,1978,2876,u
1789467846.488109,1740,2876,u
1789467846.490675,1678,2877,u
1789467846.4917288,2043,2877,u
1789467846.494279,2158,2880,u
1789467846.4966779,1505,2875,u
1789467846.4979699,1741,2877,u
1789467846.500036,2394,2880,u
1789467846.5023239,2053,2879,u
1789467846.504407,1559,2877,u
1789467846.505704,2125,2880,u
1789467846.508254,2249,2881,u
1789467846.510571,2282,2880,u
1789467846.511627,2244,2881,u
1789467846.513931,2120,2879,u
1789467846.516245,1223,2877,u
1789467846.517608,1876,2878,u
1789467846.5201678,2372,2881,u
1789467846.521527,2178,2879,u
1789467846.524082,2179,2879,u
1789467846.530318,1856,2877,u
1789467846.531581,1634,2877,u
1789467846.533334,2175,2880,u
1789467846.533557,2001,2877,u
1789467846.5336819,2358,2880,u
1789467846.537199,2297,2880,u
1789467846.538938,1485,2876,u
1789467846.541861,3063,2882,u
1789467846.542058,1757,2876,u
1789467846.5440588,2059,2877,u
1789467846.54662,1946,2878,u
1789467846.547934,1640,2877,u
1789467846.552137,1762,2877,u
1789467846.552632,3158,2883,u
1789467846.554995,2122,2878,u
1789467846.5569642,1331,2877,u
1789467846.558295,2439,2880,u
1789467846.560202,2105,2877,u
1789467846.563125,1929,2878,u
1789467846.565254,1934,2879,u
1789467846.566558,2153,2877,u
1789467846.567856,2343,2880,u
1789467846.570164,2127,2879,u
1789467846.5723891,1896,2878,u
1789467846.573567,1833,2877,u
1789467846.5761201,2306,2882,u
1789467846.578183,2335,2880,u
1789467846.579513,1632,2877,u
1789467846.582069,2173,2879,u
1789467846.584379,2386,2881,u
1789467846.58567,2469,2880,u
1789467846.58774,2467,2880,u
1789467846.590235,1225,2876,u
1789467846.5915258,1746,2878,u
1789467846.593844,2688,2881,u
1789467846.596149,1907,2878,u
1789467846.5984519,1805,2879,u
1789467846.599514,2704,2881,u
1789467846.601823,1753,2876,u
1789467846.603891,1902,2879,u
1789467846.605959,1958,2879,u
1789467846.6082041,2482,2880,u
1789467846.610442,2129,2877,u
1789467846.615032,1951,2878,u
1789467846.615464,1659,2878,u
1789467846.6166148,1863,2878,u
1789467846.619036,2038,2878,u
1789467846.620523,1985,2878,u
1789467846.622804,2122,2879,u
1789467846.625588,2133,2879,u
1789467846.625869,2487,2880,u
1789467846.6283898,2185,2878,u
1789467846.629684,1816,2879,u
1789467846.631763,1754,2879,u
1789467846.634078,1781,2877,u
1789467846.636541,2364,2879,u
1789467846.6377358,2233,2879,u
1789467846.639812,1884,2879,u
1789467846.642124,2233,2879,u
1789467846.643554,2124,2880,u
1789467846.646104,2021,2880,u
1789467846.648417,2256,2879,u
1789467846.6495419,2129,2878,u
1789467846.6516,2869,2881,u
1789467846.653908,1837,2878,u
1789467846.6564622,1437,2875,u
1789467846.6575549,1656,2877,u
1789467846.659853,2604,2881,u
1789467846.6621509,2286,2880,u
1789467846.664454,1679,2878,u
1789467846.665513,1864,2878,u
1789467846.667812,2530,2881,u
1789467846.670109,2089,2879,u
1789467846.674431,1888,2880,u
1789467846.675176,2218,2879,u
1789467846.676991,2028,2879,u
1789467846.678804,1786,2877,u
1789467846.684993,2051,2878,u
1789467846.685172,2464,2881,u
1789467846.6852689,2318,2879,u
1789467846.687283,1814,2877,u
1789467846.6886342,1966,2879,u
1789467846.6896799,2335,2880,u
1789467846.692001,2256,2879,u
1789467846.694557,1882,2877,u
1789467846.69585,2292,2880,u
1789467846.698155,1973,2878,u
1789467846.70047,2434,2881,u
1789467846.701534,2017,2879,u
1789467846.7035909,1618,2877,u
1789467846.7058911,1894,2879,u
1789467846.708436,2243,2879,u
1789467846.70953,2620,2880,u
1789467846.7118342,1666,2878,u
1789467846.7141461,1747,2878,u
1789467846.716226,2233,2878,u
1789467846.7175412,2170,2879,u
1789467846.720107,2053,2880,u
1789467846.722482,2416,2879,u
1789467846.723773,2309,2879,u
1789467846.72608,1810,2877,u
1789467846.728626,1919,2879,u
1789467846.729679,2549,2881,u
1789467846.734484,1946,2879,u
1789467846.73459,2349,2881,u
1789467846.736131,1942,2876,u
1789467846.7392619,2089,2879,u
1789467846.741033,1538,2877,u
1789467846.742728,2237,2879,u
1789467846.745875,1997,2877,u
1789467846.74608,1559,2878,u
1789467846.7481658,1954,2878,u
1789467846.749492,2452,2881,u
1789467846.754879,2421,2880,u
1789467846.755677,2245,2879,u
1789467846.756167,2142,2880,u
1789467846.757677,1882,2877,u
1789467846.760486,1799,2878,u
1789467846.765846,2125,2878,u
1789467846.765985,1846,2877,u
1789467846.7662349,1819,2878,u
1789467846.768527,2331,2879,u
1789467846.769836,2142,2879,u
1789467846.7724009,1931,2879,u
1789467846.7736452,2172,2880,u
1789467846.776011,2384,2880,u
1789467846.778625,2273,2880,u
1789467846.779711,1840,2878,u
1789467846.781921,2387,2881,u
1789467846.784339,1941,2878,u
1789467846.7856488,1721,2876,u
1789467846.78773,2206,2879,u
1789467846.790046,1950,2879,u
1789467846.792361,2161,2879,u
1789467846.794726,2649,2881,u
1789467846.795785,1095,2878,u
1789467846.797853,1495,2878,u
1789467846.7999191,2196,2878,u
1789467846.802152,2314,2880,u
1789467846.804301,1976,2879,u
1789467846.8066208,1773,2877,u
1789467846.8076742,2214,2879,u
1789467846.809986,1996,2880,u
1789467846.812295,1744,2877,u
1789467846.8201,1840,2878,u
1789467846.82146,2670,2882,u
1789467846.821643,2631,2881,u
1789467846.821889,1499,2878,u
1789467846.823489,2075,2880,u
1789467846.824089,2198,2880,u
1789467846.827562,2089,2880,u
1789467846.8277602,2023,2877,u
1789467846.83105,2604,2881,u
1789467846.8328052,1620,2878,u
1789467846.833866,1913,2877,u
1789467846.836421,2038,2879,u
1789467846.840828,1718,2876,u
1789467846.841259,1909,2878,u
1789467846.8433778,1913,2879,u
1789467846.845085,2208,2880,u
1789467846.847022,1999,2878,u
1789467846.848824,2483,2881,u
1789467846.852263,2040,2878,u
1789467846.852471,2293,2879,u
1789467846.854172,1947,2880,u
1789467846.856496,2307,2880,u
1789467846.857793,2209,2879,u
1789467846.860102,1785,2876,u
1789467846.862411,1946,2878,u
1789467846.8636959,2262,2878,u
1789467846.86607,2317,2879,u
1789467846.868159,1940,2878,u
1789467846.869619,1994,2879,u
1789467846.871945,1975,2880,u
1789467846.874314,1884,2878,u
1789467846.8764448,2334,2879,u
1789467846.8775418,1753,2878,u
1789467846.879599,1658,2878,u
1789467846.8819048,1886,2878,u
1789467846.884462,2340,2880,u
1789467846.885758,2292,2879,u
1789467846.887969,2318,2880,u
1789467846.890524,1898,2878,u
1789467846.891816,2474,2881,u
1789467846.8940978,2042,2878,u
1789467846.896435,1581,2879,u
1789467846.8977332,2049,2878,u
1789467846.9376152,1938,2879,u
1789467846.937672,2392,2880,u
1789467846.9377081,2245,2880,u
1789467846.937761,1614,2875,u
1789467846.937804,1958,2880,u
1789467846.9378402,2258,2880,u
1789467846.937873,2043,2877,u
1789467846.9379299,1742,2878,u
1789467846.9380322,1839,2878,u
1789467846.938138,2585,2881,u
1789467846.9381719,1666,2876,u
1789467846.938276,1940,2879,u
1789467846.9383621,2837,2881,u
1789467846.938445,1897,2879,u
1789467846.9385412,2070,2878,u
1789467846.938623,2012,2879,u
1789467846.938658,1925,2879,u
1789467846.9387069,2317,2881,u
1789467846.938745,2183,2879,u
1789467846.9387798,1750,2877,u
1789467846.9398348,1584,2875,u
1789467846.944406,1885,2879,u
1789467846.944502,1994,2877,u
1789467846.945875,2067,2878,u
1789467846.94877,2102,2878,u
1789467846.9501078,2138,2877,u
1789467846.952609,1989,2877,u
1789467846.953662,1619,2876,u
1789467846.9562151,2165,2880,u
1789467846.958524,2364,2879,u
1789467846.95983,1843,2877,u
1789467846.962141,1814,2877,u
1789467846.963546,1846,2878,u
1789467846.970293,2361,2879,u
1789467846.9703958,2222,2880,u
1789467846.9712782,2274,2879,u
1789467846.973213,2502,2880,u
1789467846.974854,1409,2876,u
1789467846.976844,1889,2877,u
1789467846.9785972,2656,2880,u
1789467846.9822102,1812,2878,u
1789467846.9823732,1792,2878,u
1789467846.984169,2183,2877,u
1789467846.9855092,1541,2877,u
1789467846.9877388,2161,2879,u
1789467846.992179,2166,2880,u
1789467846.9926069,2155,2879,u
1789467846.994737,2163,2878,u
1789467846.996282,1917,2879,u
1789467846.999742,2033,2878,u
1789467846.9999099,2463,2881,u
1789467847.0036218,2088,2877,u
1789467847.003838,1987,2880,u
1789467847.005923,2062,2879,u
1789467847.00848,2170,2878,u
1789467847.009562,1783,2877,u
1789467847.0121338,2019,2878,u
1789467847.014696,2119,2878,u
1789467847.0158238,2375,2880,u
1789467847.018285,1943,2877,u
1789467847.019611,2252,2880,u
1789467847.021678,1953,2878,u
1789467847.0237389,1753,2876,u
1789467847.02629,2176,2879,u
1789467847.028598,2046,2877,u
1789467847.0296562,2127,2880,u
1789467847.0319848,1978,2879,u
1789467847.034537,1978,2878,u
1789467847.03583,2100,2880,u
1789467847.038383,2387,2879,u
1789467847.039674,1770,2876,u
1789467847.042221,2348,2881,u
1789467847.043513,1968,2877,u
1789467847.045824,2020,2878,u
1789467847.0482051,1838,2878,u
1789467847.050507,2163,2879,u
1789467847.051554,2430,2881,u
1789467847.0562088,2100,2879,u
1789467847.056759,1922,2878,u
1789467847.0586638,2076,2879,u
1789467847.06108,2274,2881,u
1789467847.064009,2095,2878,u
1789467847.064113,2010,2878,u
1789467847.067818,2440,2881,u
1789467847.068059,2159,2878,u
1789467847.070046,2421,2879,u
1789467847.072607,1972,2878,u
1789467847.077921,2037,2878,u
1789467847.078756,2218,2879,u
1789467847.0788639,2106,2877,u
1789467847.080122,1887,2878,u
1789467847.081721,2076,2879,u
1789467847.085372,2306,2881,u
1789467847.089262,2224,2878,u
1789467847.089483,2126,2879,u
1789467847.0896242,2134,2879,u
1789467847.092324,2330,2879,u
1789467847.0943959,2128,2879,u
1789467847.0956979,1970,2878,u
1789467847.098013,2136,2879,u
1789467847.100394,2451,2881,u
1789467847.101536,2304,2879,u
1789467847.103853,2153,2879,u
1789467847.105925,2177,2879,u
1789467847.1082392,2218,2880,u
1789467847.110307,2267,2879,u
1789467847.1126158,1963,2879,u
1789467847.1139112,2110,2878,u
1789467847.116208,2276,2878,u
1789467847.117561,2326,2880,u
1789467847.1198778,2167,2878,u
1789467847.122326,2125,2878,u
1789467847.123631,2199,2879,u
1789467847.125948,2347,2879,u
1789467847.128451,2234,2879,u
1789467847.129743,2083,2878,u
1789467847.132077,1862,2877,u
1789467847.13439,2302,2880,u
1789467847.135705,2676,2881,u
1789467847.141432,2239,2879,u
1789467847.141967,1919,2878,u
1789467847.142485,2255,2880,u
1789467847.144843,2369,2880,u
1789467847.147052,2145,2878,u
1789467847.1488378,2220,2878,u
1789467847.154315,2409,2881,u
1789467847.15453,2243,2879,u
1789467847.154686,2156,2878,u
1789467847.157044,2175,2879,u
1789467847.158348,2248,2878,u
1789467847.160985,2236,2879,u
1789467847.165617,2179,2878,u
1789467847.1665,2152,2878,u
1789467847.166952,2338,2881,u
1789467847.169659,2358,2879,u
1789467847.170484,2306,2878,u
1789467847.173759,2160,2878,u
1789467847.173978,2072,2878,u
1789467847.1780329,2229,2879,u
1789467847.17824,2327,2880,u
1789467847.1804008,2108,2879,u
1789467847.181537,2286,2879,u
1789467847.184117,2268,2880,u
1789467847.185558,2335,2880,u
1789467847.18767,2231,2879,u
1789467847.190177,2098,2879,u
1789467847.192541,2326,2880,u
1789467847.1938372,2253,2880,u
1789467847.196347,2053,2878,u
1789467847.198578,2162,2878,u
1789467847.1998742,2307,2881,u
1789467847.2021859,2388,2879,u
1789467847.2035341,2250,2879,u
1789467847.2061,2249,2881,u
1789467847.208663,2022,2879,u
1789467847.209962,2224,2880,u
1789467847.212518,2254,2878,u
1789467847.2135801,2188,2879,u
1789467847.215987,2244,2879,u
1789467847.2186291,2333,2880,u
1789467847.219691,2267,2879,u
1789467847.222218,2183,2878,u
1789467847.224532,2315,2879,u
1789467847.225825,2505,2881,u
1789467847.2281442,2173,2879,u
1789467847.232524,2188,2878,u
1789467847.233815,2306,2880,u
1789467847.235243,2502,2879,u
1789467847.236705,2340,2880,u
1789467847.238652,2269,2879,u
1789467847.2407339,2357,2878,u
1789467847.245893,2399,2879,u
1789467847.2460349,2460,2880,u
1789467847.246141,2384,2880,u
1789467847.247967,2527,2881,u
1789467847.250562,2462,2881,u
1789467847.251769,2257,2878,u
1789467847.2573922,2309,2879,u
1789467847.2578769,2275,2878,u
1789467847.2599301,2292,2880,u
1789467847.260156,2413,2880,u
1789467847.2637088,2229,2879,u
1789467847.265467,2357,2880,u
1789467847.265737,2439,2880,u
1789467847.2696052,2567,2880,u
1789467847.269761,2515,2880,u
1789467847.272301,2574,2881,u
1789467847.2746382,2385,2880,u
1789467847.2760131,2462,2879,u
1789467847.278334,2618,2880,u
1789467847.280544,2381,2880,u
1789467847.2816079,2463,2879,u
1789467847.2842188,2587,2881,u
1789467847.286295,2604,2881,u
1789467847.288625,2454,2879,u
1789467847.2896729,2434,2880,u
1789467847.291997,2653,2881,u
1789467847.2940779,2451,2880,u
1789467847.29616,2358,2881,u
1789467847.298256,2283,2877,u
1789467847.3003578,2618,2881,u
1789467847.301646,2657,2881,u
1789467847.303761,2508,2881,u
1789467847.306318,2427,2879,u
1789467847.307617,2360,2880,u
1789467847.310102,2629,2881,u
1789467847.312406,2342,2880,u
1789467847.313465,2167,2879,u
1789467847.315776,2606,2881,u
1789467847.318323,2723,2882,u
1789467847.3235571,2614,2880,u
1789467847.324032,2361,2880,u
1789467847.324554,2361,2880,u
1789467847.3263009,2542,2880,u
1789467847.328347,2520,2880,u
1789467847.3300328,2296,2878,u
1789467847.331769,2270,2879,u
1789467847.335401,2530,2881,u
1789467847.335744,2477,2880,u
1789467847.337746,2082,2878,u
1789467847.340239,2116,2879,u
1789467847.3415391,2403,2879,u
1789467847.3476648,2416,2880,u
1789467847.3485599,2166,2877,u
1789467847.350942,2404,2881,u
1789467847.352299,2419,2880,u
1789467847.3526652,2659,2880,u
1789467847.354701,2412,2880,u
1789467847.35641,2514,2880,u
1789467847.359823,2289,2880,u
1789467847.360063,2483,2880,u
1789467847.3621602,2102,2878,u
1789467847.363563,2318,2878,u
1789467847.366125,2315,2880,u
1789467847.367424,2405,2879,u
1789467847.369974,2459,2879,u
1789467847.372351,2240,2879,u
1789467847.373407,2357,2880,u
1789467847.375956,2434,2880,u
1789467847.378019,2404,2880,u
1789467847.3794281,2438,2881,u
1789467847.381738,2365,2880,u
1789467847.384004,2483,2880,u
1789467847.386323,2398,2880,u
1789467847.387428,2196,2879,u
1789467847.389979,2149,2879,u
1789467847.39228,2468,2880,u
1789467847.393573,2295,2879,u
1789467847.395894,1924,2877,u
1789467847.398442,2321,2879,u
1789467847.399735,2540,2881,u
1789467847.4020438,2447,2879,u
1789467847.403413,2199,2879,u
1789467847.4059782,2183,2879,u
1789467847.4082859,2247,2880,u
1789467847.414062,2443,2881,u
1789467847.41415,2077,2878,u
1789467847.414634,2338,2881,u
1789467847.416713,2200,2878,u
1789467847.4187992,2317,2879,u
1789467847.420193,2270,2879,u
1789467847.422299,2174,2878,u
1789467847.425811,1910,2879,u
1789467847.426083,2328,2879,u
1789467847.428192,2290,2880,u
1789467847.430292,2219,2878,u
1789467847.431595,2130,2878,u
1789467847.43638,2359,2880,u
1789467847.437692,2251,2879,u
1789467847.439392,2154,2879,u
1789467847.439581,2045,2878,u
1789467847.443029,2236,2879,u
1789467847.4446678,2145,2879,u
1789467847.448168,1997,2876,u
1789467847.448428,2200,2879,u
1789467847.4504802,2405,2880,u
1789467847.45163,2353,2880,u
1789467847.454199,2224,2879,u
1789467847.456512,2136,2879,u
1789467847.4575648,2225,2879,u
1789467847.460128,2284,2880,u
1789467847.461427,2046,2878,u
1789467847.4638982,2145,2878,u
1789467847.466218,2233,2882,u
1789467847.468561,2282,2880,u
1789467847.469611,2121,2879,u
1789467847.4721658,2204,2879,u
1789467847.473463,2127,2880,u
1789467847.4757812,2288,2880,u
1789467847.477862,2185,2880,u
1789467847.480416,2060,2878,u
1789467847.482084,2163,2878,u
1789467847.4836538,2244,2880,u
1789467847.486141,2187,2879,u
1789467847.48835,2117,2877,u
1789467847.489423,2065,2877,u
1789467847.49173,2257,2879,u
1789467847.4938052,2209,2880,u
1789467847.4963698,2031,2878,u
1789467847.5009851,2101,2878,u
1789467847.501539,2255,2879,u
1789467847.5020428,2201,2879,u
1789467847.50411,2140,2878,u
1789467847.5061362,2029,2879,u
1789467847.508055,2299,2880,u
1789467847.509529,2257,2880,u
1789467847.512647,1961,2877,u
1789467847.514664,2103,2879,u
1789467847.515933,2202,2878,u
1789467847.518085,2205,2880,u
1789467847.52209,2184,2880,u
1789467847.522219,2100,2879,u
1789467847.524585,2069,2878,u
1789467847.5263228,2221,2879,u
1789467847.528055,2134,2877,u
1789467847.5323782,2032,2878,u
1789467847.532481,2191,2879,u
1789467847.534514,2216,2880,u
1789467847.53581,2234,2879,u
1789467847.538128,2081,2879,u
1789467847.539444,1960,2878,u
1789467847.541995,2134,2879,u
1789467847.544318,2351,2881,u
1789467847.545432,2077,2879,u
1789467847.547748,2299,2881,u
1789467847.5502348,2301,2881,u
1789467847.55142,1971,2876,u
1789467847.553983,2071,2879,u
1789467847.5562398,2188,2879,u
1789467847.558571,2151,2879,u
1789467847.559615,2065,2879,u
1789467847.561923,1917,2879,u
1789467847.564409,2097,2879,u
1789467847.565471,2162,2878,u
1789467847.567776,2211,2880,u
1789467847.5698361,2185,2879,u
1789467847.572149,2166,2879,u
1789467847.5734432,2130,2879,u
1789467847.575996,2221,2879,u
1789467847.5822048,2110,2878,u
1789467847.582765,2010,2878,u
1789467847.583271,2173,2878,u
1789467847.5845592,2262,2879,u
1789467847.586114,2220,2879,u
1789467847.587811,2185,2879,u
1789467847.589778,2146,2880,u
1789467847.592766,2143,2878,u
1789467847.594431,2137,2880,u
1789467847.5954812,2018,2878,u
1789467847.5980318,2104,2879,u
1789467847.6022599,2227,2881,u
1789467847.60272,2141,2879,u
1789467847.6046982,2104,2878,u
1789467847.6065779,2139,2878,u
1789467847.607841,2086,2879,u
1789467847.609681,2072,2879,u
1789467847.612569,2001,2877,u
1789467847.614466,2153,2878,u
1789467847.615525,2308,2882,u
1789467847.6180758,2261,2880,u
1789467847.620382,2145,2879,u
1789467847.6214368,2072,2878,u
1789467847.62375,2091,2879,u
1789467847.6260538,2216,2879,u
1789467847.6283572,2099,2878,u
1789467847.629684,2032,2878,u
1789467847.631744,2042,2879,u
1789467847.6340501,2205,2881,u
1789467847.636362,2156,2879,u
1789467847.637418,2057,2878,u
1789467847.639478,2027,2878,u
1789467847.6420228,2111,2880,u
1789467847.6445959,2138,2881,u
1789467847.645888,2034,2878,u
1789467847.648441,2068,2880,u
1789467847.6497312,2209,2880,u
1789467847.651938,2209,2880,u
1789467847.654485,2080,2879,u
1789467847.655776,1983,2878,u
1789467847.661185,2011,2879,u
1789467847.661918,2217,2880,u
1789467847.662383,2005,2878,u
1789467847.6638238,2134,2878,u
1789467847.6656818,2211,2880,u
1789467847.6686091,1993,2878,u
1789467847.671395,2140,2880,u
1789467847.6715178,2397,2880,u
1789467847.674104,2238,2879,u
1789467847.675402,2001,2879,u
1789467847.6777139,1997,2879,u
1789467847.680022,1881,2879,u
1789467847.682326,2101,2878,u
1789467847.683396,2250,2880,u
1789467847.685481,2168,2880,u
1789467847.687826,2074,2878,u
1789467847.6901991,2082,2879,u
1789467847.691492,2100,2879,u
1789467847.6936388,2142,2878,u
1789467847.696192,2101,2879,u
1789467847.698516,2049,2878,u
1789467847.699809,2218,2881,u
1789467847.702355,2168,2878,u
1789467847.70342,2109,2879,u
1789467847.706109,2006,2878,u
1789467847.70853,2056,2879,u
1789467847.709572,2214,2880,u
1789467847.7120252,2070,2878,u
1789467847.713422,2061,2880,u
1789467847.715488,2178,2877,u
1789467847.7211452,2182,2880,u
1789467847.7212548,2095,2879,u
1789467847.722976,2038,2878,u
1789467847.724839,2058,2879,u
1789467847.72633,2184,2879,u
1789467847.72821,2071,2878,u
1789467847.730874,2020,2878,u
1789467847.7328908,2147,2879,u
1789467847.734197,2209,2881,u
1789467847.735494,2146,2879,u
1789467847.737797,2025,2878,u
1789467847.7403462,2011,2878,u
1789467847.7414012,2120,2880,u
1789467847.743948,2045,2878,u
1789467847.746381,2068,2879,u
1789467847.7476711,2115,2879,u
1789467847.750249,2231,2881,u
1789467847.7515469,2089,2879,u
1789467847.7538471,2096,2878,u
1789467847.756164,2038,2879,u
1789467847.757459,2119,2879,u
1789467847.7600079,2224,2880,u
1789467847.762377,2012,2878,u
1789467847.763426,2122,2880,u
1789467847.765735,2215,2877,u
1789467847.767929,2174,2880,u
1789467847.769991,2147,2878,u
1789467847.772335,2061,2879,u
1789467847.773443,2091,2879,u
1789467847.775748,2176,2880,u
1789467847.780245,2056,2877,u
1789467847.7807722,1921,2879,u
1789467847.783133,2042,2879,u
1789467847.784724,2158,2880,u
1789467847.786307,2159,2880,u
1789467847.788327,2066,2878,u
1789467847.790935,2025,2879,u
1789467847.79298,2122,2880,u
1789467847.7942872,2112,2880,u
1789467847.795579,1966,2879,u
1789467847.798005,2127,2878,u
1789467847.799396,2092,2879,u
1789467847.801715,2080,2880,u
1789467847.8039339,2266,2879,u
1789467847.8062441,2069,2879,u
1789467847.807401,2001,2878,u
1789467847.8099499,2240,2880,u
1789467847.8122501,2091,2879,u
1789467847.8135412,2074,2879,u
1789467847.815849,2169,2879,u
1789467847.818153,2162,2880,u
1789467847.819444,2236,2879,u
1789467847.821755,2034,2879,u
1789467847.824299,2105,2879,u
1789467847.825589,2232,2880,u
1789467847.8276422,2009,2878,u
1789467847.8299541,1992,2879,u
1789467847.8322592,2167,2879,u
1789467847.833397,2228,2880,u
1789467847.835881,2215,2879,u
1789467847.839948,2046,2879,u
1789467847.840408,2057,2877,u
1789467847.842525,2165,2880,u
1789467847.844092,2015,2878,u
1789467847.845897,1998,2878,u
1789467847.847564,2134,2878,u
1789467847.849992,2241,2879,u
1789467847.851651,2231,2879,u
1789467847.8542101,2082,2879,u
1789467847.855503,2052,2878,u
1789467847.857811,2103,2879,u
1789467847.8603032,2235,2880,u
1789467847.8615959,2085,2879,u
1789467847.8641422,1944,2878,u
1789467847.865431,2080,2879,u
1789467847.867978,2206,2880,u
1789467847.8702872,2137,2878,u
1789467847.87142,2032,2879,u
1789467847.8739488,2017,2878,u
1789467847.8764958,2225,2879,u
1789467847.877792,2100,2878,u
1789467847.880099,2024,2879,u
1789467847.8824031,2256,2879,u
1789467847.883692,2308,2880,u
1789467847.885996,2197,2879,u
1789467847.8885682,1967,2877,u
1789467847.889857,1950,2880,u
1789467847.892163,2203,2880,u
1789467847.893452,2184,2880,u
1789467847.899161,1865,2879,u
1789467847.901471,1991,2879,u
1789467847.901746,2160,2879,u
1789467847.9018738,2177,2881,u
1789467847.903965,2056,2878,u
1789467847.90672,1995,2878,u
1789467847.90917,2121,2879,u
1789467847.911128,2111,2878,u
1789467847.9124281,2093,2877,u
1789467847.913476,2070,2879,u
1789467847.915672,2009,2879,u
1789467847.918069,2205,2880,u
1789467847.920147,2099,2879,u
1789467847.92222,2095,2879,u
1789467847.923525,2041,2878,u
1789467847.92583,2145,2880,u
1789467847.92814,2021,2877,u
1789467847.930453,1982,2878,u
1789467847.9315488,2112,2879,u
1789467847.93386,2130,2878,u
1789467847.935926,2140,2879,u
1789467847.9382489,2032,2879,u
1789467847.939438,2076,2879,u
1789467847.9417422,2107,2879,u
1789467847.944297,2087,2881,u
1789467847.945589,2048,2879,u
1789467847.947645,1893,2878,u
1789467847.9499571,2204,2879,u
1789467847.95228,2311,2881,u
1789467847.9543521,2030,2878,u
1789467847.958807,1970,2879,u
1789467847.9589171,2071,2877,u
1789467847.961216,2235,2878,u
1789467847.962647,1959,2878,u
1789467847.9638321,1853,2879,u
1789467847.968083,2286,2880,u
1789467847.968262,2215,2880,u
1789467847.970272,2129,2880,u
1789467847.971576,1917,2878,u
1789467847.9738948,1970,2878,u
1789467847.97628,2299,2880,u
1789467847.977391,2059,2877,u
1789467847.9796321,1988,2879,u
1789467847.981689,2119,2879,u
1789467847.983999,2225,2879,u
1789467847.986319,2146,2879,u
1789467847.9874141,2057,2877,u
1789467847.989731,2006,2879,u
1789467847.992037,2101,2880,u
1789467847.994453,2044,2877,u
1789467847.9957418,1996,2878,u
1789467847.99804,2200,2879,u
1789467847.9993842,2122,2878,u
1789467848.001442,1985,2877,u
1789467848.003993,2120,2879,u
1789467848.006329,2080,2879,u
1789467848.007618,2030,2877,u
1789467848.010176,2135,2879,u
1789467848.011482,1913,2878,u
1789467848.018827,1969,2878,u
1789467848.019027,2166,2878,u
1789467848.019109,2172,2880,u
1789467848.02098,2087,2878,u
1789467848.0224352,2104,2879,u
1789467848.02395,2064,2879,u
1789467848.0262651,2138,2880,u
1789467848.0283022,2017,2877,u
1789467848.029599,1963,2878,u
1789467848.03195,2162,2878,u
1789467848.034525,2219,2880,u
1789467848.0358222,2166,2879,u
1789467848.038066,2042,2878,u
1789467848.040289,2048,2879,u
1789467848.041402,2144,2879,u
1789467848.043954,2062,2878,u
1789467848.0465002,1971,2879,u
1789467848.047549,2091,2878,u
1789467848.0501308,2131,2879,u
1789467848.0524852,2051,2879,u
1789467848.053781,2102,2879,u
1789467848.056261,2006,2878,u
1789467848.057549,2137,2879,u
1789467848.060095,2204,2879,u
1789467848.06218,1945,2879,u
1789467848.063473,1937,2877,u
1789467848.065588,2173,2878,u
1789467848.068015,2186,2880,u
1789467848.069406,2155,2878,u
1789467848.0741172,2089,2878,u
1789467848.0746088,2039,2878,u
1789467848.076833,2194,2879,u
1789467848.078618,2029,2877,u
1789467848.0818172,1941,2878,u
1789467848.083932,2166,2879,u
1789467848.0844438,2265,2880,u
1789467848.0859678,2151,2879,u
1789467848.0883882,2052,2879,u
1789467848.089438,2071,2878,u
1789467848.091509,2159,2880,u
1789467848.0940611,2066,2877,u
1789467848.096365,1899,2878,u
1789467848.097426,2113,2879,u
1789467848.0999901,2305,2880,u
1789467848.10213,2085,2878,u
1789467848.103435,1982,2878,u
1789467848.105984,2111,2879,u
1789467848.108533,2145,2879,u
1789467848.1095839,2167,2879,u
1789467848.112134,1945,2878,u
1789467848.114387,1954,2878,u
1789467848.1156852,2135,2879,u
1789467848.1182568,2307,2881,u
1789467848.119553,2071,2879,u
1789467848.1221042,1826,2879,u
1789467848.123394,2043,2878,u
1789467848.125939,2372,2879,u
1789467848.128713,2169,2880,u
1789467848.132393,1763,2878,u
1789467848.132847,2108,2878,u
1789467848.1349928,2246,2879,u
1789467848.1364522,2222,2880,u
1789467848.1381178,2009,2878,u
1789467848.1399848,2176,2879,u
1789467848.1422248,2185,2880,u
1789467848.143868,1977,2877,u
1789467848.1464262,1891,2879,u
1789467848.147475,2102,2879,u
1789467848.149836,2236,2878,u
1789467848.15215,2103,2879,u
1789467848.154454,2102,2878,u
1789467848.155744,1968,2877,u
1789467848.158205,2023,2879,u
1789467848.159498,2147,2880,u
1789467848.162047,2006,2878,u
1789467848.163404,1997,2878,u
1789467848.165678,2150,2879,u
1789467848.168007,2277,2881,u
1789467848.169399,2036,2880,u
1789467848.171699,2006,2878,u
1789467848.174242,2110,2880,u
1789467848.175529,2314,2881,u
1789467848.177825,1990,2878,u
1789467848.179896,1928,2879,u
1789467848.1821702,2132,2878,u
1789467848.1844459,2228,2880,u
1789467848.185735,2204,2880,u
1789467848.189645,2000,2878,u
1789467848.190397,2018,2878,u
1789467848.1921349,2169,2878,u
1789467848.193516,2016,2877,u
1789467848.1967978,1926,2879,u
1789467848.198708,2111,2878,u
1789467848.200556,2245,2878,u
1789467848.2016158,2261,2879,u
1789467848.2041678,2089,2879,u
1789467848.2063591,1848,2878,u
1789467848.207403,2102,2879,u
1789467848.2099478,2170,2881,u
1789467848.212089,1929,2877,u
1789467848.2143848,1922,2878,u
1789467848.215426,2096,2879,u
1789467848.217531,2295,2881,u
1789467848.220074,2104,2879,u
1789467848.221378,1972,2880,u
1789467848.223448,2129,2879,u
1789467848.22575,2222,2880,u
1789467848.2282948,2140,2878,u
1789467848.22946,2040,2878,u
1789467848.231877,2015,2879,u
1789467848.234177,2317,2881,u
1789467848.236476,2171,2880,u
1789467848.237529,2099,2878,u
1789467848.2395961,1930,2878,u
1789467848.244812,2082,2879,u
1789467848.245642,2034,2877,u
1789467848.2474072,1963,2880,u
1789467848.247543,2074,2878,u
1789467848.250921,2217,2877,u
1789467848.254176,2212,2880,u
1789467848.254315,2075,2879,u
1789467848.256244,2076,2879,u
1789467848.257556,2123,2878,u
1789467848.259872,2196,2880,u
1789467848.262193,1990,2878,u
1789467848.263492,2034,2879,u
1789467848.266038,2166,2879,u
1789467848.268169,2199,2881,u
1789467848.27024,2103,2880,u
1789467848.2715268,2112,2878,u
1789467848.273824,2003,2878,u
1789467848.27613,2081,2879,u
1789467848.2784278,1884,2878,u
1789467848.2797198,1944,2878,u
1789467848.281784,2156,2879,u
1789467848.284085,2209,2880,u
1789467848.2854111,2157,2879,u
1789467848.287721,2056,2879,u
1789467848.29008,2025,2878,u
1789467848.2923808,2149,2879,u
1789467848.2934332,2026,2878,u
1789467848.29586,2003,2879,u
1789467848.2981682,2104,2878,u
1789467848.302666,2151,2877,u
1789467848.3034391,2089,2878,u
1789467848.304777,2033,2879,u
1789467848.306319,2093,2879,u
1789467848.307727,2100,2879,u
1789467848.311401,2159,2879,u
1789467848.31157,2155,2878,u
1789467848.3141031,2055,2879,u
1789467848.31542,2232,2879,u
1789467848.3176541,2316,2880,u
1789467848.3199658,1856,2877,u
1789467848.3220422,1947,2878,u
1789467848.324362,2057,2878,u
1789467848.325438,2211,2879,u
1789467848.327745,2073,2878,u
1789467848.329859,1939,2880,u
1789467848.332059,2091,2879,u
1789467848.333416,2245,2880,u
1789467848.335724,2195,2880,u
1789467848.337915,2040,2878,u
1789467848.340229,2039,2877,u
1789467848.341522,2151,2880,u
1789467848.343982,2074,2878,u
1789467848.346278,1940,2879,u
1789467848.34757,2056,2878,u
1789467848.3498812,2201,2879,u
1789467848.3522,2194,2879,u
1789467848.354484,2074,2879,u
1789467848.358428,2007,2877,u
1789467848.358877,2076,2881,u
1789467848.3608031,2081,2880,u
1789467848.3631098,1956,2878,u
1789467848.364643,2188,2878,u
1789467848.367861,2131,2879,u
1789467848.36795,2266,2880,u
1789467848.3697448,1883,2879,u
1789467848.372297,2094,2879,u
1789467848.373572,2097,2878,u
1789467848.375882,2159,2880,u
1789467848.3784351,2025,2877,u
1789467848.379545,2017,2878,u
1789467848.381856,2257,2879,u
1789467848.384405,2157,2880,u
1789467848.385459,2128,2880,u
1789467848.387771,2104,2879,u
1789467848.390234,2127,2879,u
1789467848.391522,2140,2879,u
1789467848.393981,2095,2880,u
1789467848.396298,1900,2878,u
1789467848.3975942,1972,2879,u
1789467848.399889,2250,2880,u
1789467848.402434,2196,2880,u
1789467848.40349,2110,2878,u
1789467848.405798,2024,2878,u
1789467848.408213,2120,2880,u
1789467848.4105248,2184,2880,u
1789467848.4145,1934,2878,u
1789467848.415,1996,2879,u
1789467848.416992,2165,2880,u
1789467848.41888,2151,2879,u
1789467848.420306,2080,2879,u
1789467848.421616,2066,2878,u
1789467848.423607,1951,2878,u
1789467848.426112,2235,2880,u
1789467848.427406,2116,2878,u
1789467848.429867,2087,2878,u
1789467848.432247,2106,2878,u
1789467848.433442,2001,2878,u
1789467848.435773,2172,2880,u
1789467848.4383302,2135,2879,u
1789467848.439626,1905,2878,u
1789467848.4421709,2149,2880,u
1789467848.443459,2054,2877,u
1789467848.446006,1948,2879,u
1789467848.4483368,2132,2879,u
1789467848.44964,2287,2880,u
1789467848.4517329,2228,2879,u
1789467848.454283,2010,2878,u
1789467848.455575,1961,2879,u
1789467848.457815,2054,2880,u
1789467848.460361,2056,2880,u
1789467848.461653,2037,2879,u
1789467848.463995,2107,2879,u
1789467848.4665642,2206,2879,u
1789467848.470518,2125,2880,u
1789467848.4709399,2073,2878,u
1789467848.4728582,1956,2878,u
1789467848.4747,1978,2878,u
1789467848.4764202,2131,2879,u
1789467848.479715,2077,2878,u
1789467848.479917,1961,2878,u
1789467848.481857,2081,2878,u
1789467848.484416,2172,2880,u
1789467848.485714,2295,2880,u
1789467848.48827,2203,2879,u
1789467848.489387,2011,2878,u
1789467848.4919329,2095,2879,u
1789467848.494407,2079,2877,u
1789467848.4954581,1954,2878,u
1789467848.4980018,2048,2879,u
1789467848.499472,2154,2878,u
1789467848.5019038,2140,2879,u
1789467848.504218,1989,2878,u
1789467848.505422,1968,2878,u
1789467848.5077288,2180,2879,u
1789467848.51006,2228,2881,u
1789467848.5114188,2017,2878,u
1789467848.513966,2022,2879,u
1789467848.5162659,2143,2879,u
1789467848.517569,2266,2881,u
1789467848.520122,2238,2878,u
1789467848.5224278,2065,2879,u
1789467848.5274801,2003,2878,u
1789467848.527927,2260,2881,u
1789467848.529137,2096,2879,u
1789467848.53058,2055,2879,u
1789467848.532355,2106,2879,u
1789467848.533961,2226,2881,u
1789467848.53608,2286,2878,u
1789467848.537992,2142,2879,u
1789467848.540555,2087,2878,u
1789467848.541685,2121,2879,u
1789467848.543987,2139,2880,u
1789467848.546539,2016,2878,u
1789467848.547827,2049,2878,u
1789467848.550336,2221,2880,u
1789467848.551679,2145,2879,u
1789467848.5542269,1931,2878,u
1789467848.555448,1901,2878,u
1789467848.557993,2144,2880,u
1789467848.560402,2230,2880,u
1789467848.5617,1917,2877,u
1789467848.564012,1886,2879,u
1789467848.5662851,2235,2879,u
1789467848.5673778,2290,2880,u
1789467848.569927,1940,2879,u
1789467848.572166,2122,2878,u
1789467848.574477,2204,2878,u
1789467848.575525,2226,2879,u
1789467848.5777411,2063,2876,u
1789467848.5828102,2028,2878,u
1789467848.583286,2066,2878,u
1789467848.58407,2134,2878,u
1789467848.585526,2116,2879,u
1789467848.588732,2040,2879,u
1789467848.591865,2069,2878,u
1789467848.591985,2123,2879,u
1789467848.593487,2025,2878,u
1789467848.5958111,1946,2878,u
1789467848.5983648,2204,2880,u
1789467848.5996559,2110,2878,u
1789467848.602122,2062,2878,u
1789467848.603418,1998,2878,u
1789467848.60573,2060,2879,u
1789467848.608156,2158,2879,u
1789467848.610463,2119,2878,u
1789467848.6115022,1866,2879,u
1789467848.613565,1978,2878,u
1789467848.615674,2187,2878,u
1789467848.618006,2259,2880,u
1789467848.619384,2148,2879,u
1789467848.6216938,2088,2878,u
1789467848.6242402,2013,2878,u
1789467848.626538,2137,2879,u
1789467848.627726,2043,2877,u
1789467848.6302762,2074,2879,u
1789467848.631565,2072,2879,u
1789467848.633868,2177,2880,u
1789467848.6386292,2139,2879,u
1789467848.6390378,2061,2879,u
1789467848.641053,1931,2878,u
1789467848.642946,2061,2880,u
1789467848.645951,2111,2879,u
1789467848.646059,1975,2879,u
1789467848.648061,2088,2879,u
1789467848.649625,2220,2879,u
1789467848.651943,2156,2879,u
1789467848.654117,2009,2879,u
1789467848.655424,2007,2878,u
1789467848.65797,2045,2880,u
1789467848.660392,2136,2879,u
1789467848.661442,1962,2878,u
1789467848.6637619,2046,2878,u
1789467848.666063,2093,2879,u
1789467848.668361,2313,2881,u
1789467848.669406,2377,2879,u
1789467848.671824,1893,2879,u
1789467848.6741278,1956,2878,u
1789467848.676425,2108,2878,u
1789467848.677522,2056,2878,u
1789467848.6801238,2065,2878,u
1789467848.682424,2095,2878,u
1789467848.683481,2130,2880,u
1789467848.686027,2075,2878,u
1789467848.688375,1949,2879,u
1789467848.689421,2007,2878,u
1789467848.694289,2259,2879,u
1789467848.695057,2124,2880,u
1789467848.6967309,1961,2878,u
1789467848.698706,2025,2879,u
1789467848.7000902,2150,2877,u
1789467848.703186,2175,2880,u
1789467848.705038,2064,2878,u
1789467848.70609,1954,2878,u
1789467848.707385,2157,2879,u
1789467848.7099361,2187,2880,u
1789467848.711998,1939,2878,u
1789467848.714307,1987,2878,u
1789467848.715416,1994,2879,u
1789467848.717978,2231,2881,u
1789467848.720528,2228,2878,u
1789467848.721817,2075,2879,u
1789467848.724326,2052,2878,u
1789467848.725614,2192,2879,u
1789467848.728157,2059,2879,u
1789467848.729446,1960,2879,u
1789467848.731746,2039,2878,u
1789467848.734305,2251,2881,u
1789467848.7356029,2012,2879,u
1789467848.738147,2002,2878,u
1789467848.739444,2133,2879,u
1789467848.7419908,2125,2880,u
1789467848.744056,1987,2877,u
1789467848.746376,2013,2879,u
1789467848.750887,2137,2879,u
1789467848.751626,2125,2877,u
1789467848.7520661,2108,2879,u
1789467848.753542,2076,2878,u
1789467848.756073,2037,2879,u
1789467848.758212,2040,2878,u
1789467848.760142,2069,2879,u
1789467848.762132,2006,2878,u
1789467848.763425,2110,2879,u
1789467848.76587,2132,2879,u
1789467848.768168,2232,2881,u
1789467848.769461,1969,2879,u
1789467848.771768,1957,2879,u
1789467848.77407,2164,2878,u
1789467848.775413,2185,2879,u
1789467848.777822,1972,2877,u
1789467848.7802398,2018,2879,u
1789467848.781394,2214,2878,u
1789467848.7839391,2255,2881,u
1789467848.786155,2109,2880,u
1789467848.787446,1958,2878,u
1789467848.789925,2168,2878,u
1789467848.792109,2211,2880,u
1789467848.793401,2148,2879,u
1789467848.795954,1939,2878,u
1789467848.798217,1920,2880,u
1789467848.799506,2190,2878,u
1789467848.80181,2205,2879,u
1789467848.8066292,2091,2879,u
1789467848.8070211,1926,2878,u
1789467848.809079,2021,2879,u
1789467848.810747,2085,2881,u
1789467848.812213,2041,2878,u
1789467848.813768,2146,2879,u
1789467848.8159099,2088,2879,u
1789467848.817666,2130,2881,u
1789467848.81999,2081,2880,u
1789467848.8220649,1989,2878,u
1789467848.823383,2042,2878,u
1789467848.825681,2180,2880,u
1789467848.827762,2003,2878,u
1789467848.830325,1883,2879,u
1789467848.831446,2279,2880,u
1789467848.833997,2278,2881,u
1789467848.836436,2130,2880,u
1789467848.837729,1997,2877,u
1789467848.840041,1975,2880,u
1789467848.8423512,2179,2878,u
1789467848.843435,2207,2880,u
1789467848.845761,1893,2879,u
1789467848.848073,1966,2878,u
1789467848.849397,2177,2878,u
1789467848.851944,2268,2879,u
1789467848.854253,2105,2879,u
1789467848.8553731,2064,2879,u
1789467848.857688,1955,2880,u
1789467848.8628008,2027,2877,u
1789467848.864075,2064,2878,u
1789467848.8645031,1994,2879,u
1789467848.866994,2085,2878,u
1789467848.8684978,2220,2881,u
1789467848.8704991,2055,2879,u
1789467848.872473,2103,2877,u
1789467848.874513,2119,2879,u
1789467848.875566,2188,2880,u
1789467848.878124,1965,2877,u
1789467848.880196,2030,2878,u
1789467848.8814561,2114,2880,u
1789467848.8840551,2218,2881,u
1789467848.885386,2164,2878,u
1789467848.887698,1935,2877,u
1789467848.890042,2054,2879,u
1789467848.891415,2109,2880,u
1789467848.893507,2085,2878,u
1789467848.8956108,1921,2878,u
1789467848.897998,2080,2878,u
1789467848.900312,2185,2881,u
1789467848.901377,2078,2879,u
1789467848.90381,2201,2879,u
1789467848.906362,2024,2878,u
1789467848.907659,2241,2879,u
1789467848.910136,2124,2879,u
1789467848.911476,2025,2879,u
1789467848.913549,2033,2878,u
1789467848.916119,2204,2877,u
1789467848.920419,2206,2879,u
1789467848.921321,2071,2878,u
1789467848.9222689,1836,2877,u
1789467848.923863,2046,2879,u
1789467848.926431,2118,2880,u
1789467848.929101,1973,2877,u
1789467848.9314501,1987,2879,u
1789467848.931757,2094,2880,u
1789467848.934366,2159,2880,u
1789467848.935668,2156,2878,u
1789467848.937994,2116,2878,u
1789467848.940104,1998,2879,u
1789467848.941429,2183,2880,u
1789467848.9435,2050,2877,u
1789467848.945804,2018,2879,u
1789467848.9482949,1953,2878,u
1789467848.9493818,2137,2878,u
1789467848.951991,2181,2880,u
1789467848.954305,2162,2878,u
1789467848.955606,2073,2878,u
1789467848.9579341,2189,2879,u
1789467848.96033,2213,2881,u
1789467848.96142,1982,2877,u
1789467848.963725,1917,2879,u
1789467848.966205,2152,2879,u
1789467848.967506,2198,2879,u
1789467848.969936,2032,2879,u
1789467848.972499,1956,2879,u
1789467848.973556,2110,2878,u
1789467848.975611,2174,2879,u
1789467848.9820979,2037,2878,u
1789467848.982233,2004,2880,u
1789467848.98317,2160,2879,u
1789467848.984869,2274,2880,u
1789467848.986688,2186,2880,u
1789467848.988147,1967,2879,u
1789467848.990153,1820,2879,u
1789467848.992351,2112,2879,u
1789467848.994101,2135,2881,u
1789467848.9964218,1909,2878,u
1789467848.997471,2095,2879,u
1789467849.002254,2254,2879,u
1789467849.002778,1997,2879,u
1789467849.004606,2068,2878,u
1789467849.006303,2047,2878,u
1789467849.008448,1964,2880,u
1789467849.010258,2036,2877,u
1789467849.012585,2127,2879,u
1789467849.014797,2120,2879,u
1789467849.015858,2274,2880,u
1789467849.018419,2068,2880,u
1789467849.019722,1990,2879,u
1789467849.02203,2255,2879,u
1789467849.023394,2143,2879,u
1789467849.025475,2139,2879,u
1789467849.027542,1966,2878,u
1789467849.0296361,1949,2878,u
1789467849.032198,2205,2878,u
1789467849.034506,2172,2880,u
1789467849.035562,2020,2879,u
1789467849.0378702,2010,2878,u
1789467849.03993,1997,2879,u
1789467849.042336,2192,2880,u
1789467849.0433972,1942,2877,u
1789467849.045707,1937,2878,u
1789467849.048031,2180,2879,u
1789467849.0503418,2200,2880,u
1789467849.0513952,2091,2879,u
1789467849.0537071,1963,2878,u
1789467849.056017,2086,2878,u
1789467849.0583942,2234,2880,u
1789467849.0594518,2194,2880,u
1789467849.0648372,1930,2879,u
1789467849.0652952,1975,2878,u
1789467849.0658638,2177,2879,u
1789467849.067744,2089,2880,u
1789467849.070894,2103,2878,u
1789467849.07336,2025,2877,u
1789467849.073568,2061,2879,u
1789467849.0776389,2060,2880,u
1789467849.078178,1973,2878,u
1789467849.080506,1967,2878,u
1789467849.085237,2103,2878,u
1789467849.085718,2246,2880,u
1789467849.0861871,2198,2880,u
1789467849.088577,1974,2878,u
1789467849.09089,2029,2879,u
1789467849.09627,2190,2879,u
1789467849.096334,1893,2878,u
1789467849.0965261,1940,2877,u
1789467849.09827,2150,2878,u
1789467849.099361,2212,2880,u
1789467849.101673,2113,2880,u
1789467849.107239,2047,2878,u
1789467849.107286,2078,2878,u
1789467849.10732,2198,2880,u
1789467849.117685,2159,2880,u
1789467849.1214862,1958,2878,u
1789467849.121562,2061,2879,u
1789467849.121624,2133,2879,u
1789467849.123338,2176,2880,u
1789467849.129358,2101,2878,u
1789467849.129696,1933,2878,u
1789467849.129796,2114,2878,u
1789467849.1298618,2161,2878,u
1789467849.129924,1969,2877,u
1789467849.129983,2001,2879,u
1789467849.131458,2136,2878,u
1789467849.134922,2113,2877,u
1789467849.137097,2053,2879,u
1789467849.13885,2047,2878,u
1789467849.140471,2082,2877,u
1789467849.1420538,2084,2879,u
1789467849.143575,1969,2877,u
1789467849.1466198,2060,2878,u
1789467849.1480289,2134,2878,u
1789467849.153656,2167,2877,u
1789467849.153889,2125,2879,u
1789467849.156731,2020,2878,u
1789467849.157193,2118,2879,u
1789467849.15986,2084,2878,u
1789467849.1604621,2095,2879,u
1789467849.163418,1988,2879,u
1789467849.165952,2043,2879,u
1789467849.166411,2259,2880,u
1789467849.16889,2238,2879,u
1789467849.170285,1991,2879,u
1789467849.171655,1973,2878,u
1789467849.174315,2115,2879,u
1789467849.1757052,2159,2879,u
1789467849.178524,1967,2878,u
1789467849.179851,2035,2879,u
1789467849.182461,2086,2879,u
1789467849.1839402,2180,2879,u
1789467849.186743,2031,2879,u
1789467849.1885,1962,2877,u
1789467849.18987,2099,2879,u
1789467849.1924832,2236,2879,u
1789467849.193929,2111,2880,u
1789467849.196625,2019,2877,u
1789467849.1979809,2068,2878,u
1789467849.1996212,2168,2878,u
1789467849.202263,2076,2882,u
1789467849.203609,2134,2878,u
1789467849.206262,2107,2879,u
1789467849.207646,2109,2877,u
1789467849.214505,2197,2879,u
1789467849.219852,2064,2877,u
1789467849.221538,1936,2879,u
1789467849.222292,2112,2880,u
1789467849.225158,2136,2880,u
1789467849.228401,1980,2879,u
1789467849.228909,2053,2878,u
1789467849.231282,1933,2878,u
1789467849.231671,2169,2879,u
1789467849.2317681,2026,2877,u
1789467849.231841,1955,2879,u
1789467849.2319071,2103,2879,u
1789467849.233315,2238,2881,u
1789467849.235971,2164,2880,u
