timestamp,ch1,ch2,label
1779266646.284606,2002,2063,i_S
1779266646.2851892,2153,1860,i_S
1779266646.291323,2034,1891,i_S
1779266646.295171,1972,1984,i_S
1779266646.297079,2152,1717,i_S
1779266646.298648,2145,1729,i_S
1779266646.3006852,2091,2069,i_S
1779266646.30236,1977,2456,i_S
1779266646.302953,2069,2137,i_S
1779266646.303305,2054,1910,i_S
1779266646.303762,2017,1875,i_S
1779266646.307691,2036,2053,i_S
1779266646.308007,2040,1892,i_S
1779266646.3080761,2080,1706,i_S
1779266646.3107588,2035,1993,i_S
1779266646.3123388,1985,2306,i_S
1779266646.315063,2081,2192,i_S
1779266646.317,2066,1893,i_S
1779266646.333009,2061,1791,i_S
1779266646.3349419,2021,2057,i_S
1779266646.335128,2033,2024,i_S
1779266646.336086,1999,1690,i_S
1779266646.338882,2038,1775,i_S
1779266646.339763,2046,2160,i_S
1779266646.3401558,2025,2387,i_S
1779266646.3402188,2084,2028,i_S
1779266646.340281,2047,1876,i_S
1779266646.3403451,1933,1888,i_S
1779266646.340406,1881,2023,i_S
1779266646.3404648,2178,1720,i_S
1779266646.3417878,2226,1808,i_S
1779266646.34438,2060,2233,i_S
1779266646.3469791,1999,2490,i_S
1779266646.3538601,2031,2177,i_S
1779266646.354707,2085,1884,i_S
1779266646.3561962,2077,1859,i_S
1779266646.358677,2114,2103,i_S
1779266646.363963,2095,1849,i_S
1779266646.365921,2092,1768,i_S
1779266646.3663518,2023,2037,i_S
1779266646.366635,2038,2362,i_S
1779266646.367171,2069,2261,i_S
1779266646.36745,2073,1981,i_S
1779266646.370919,2010,1811,i_S
1779266646.371225,2052,2027,i_S
1779266646.372579,2056,2025,i_S
1779266646.374242,2037,1761,i_S
1779266646.380994,1990,1876,i_S
1779266646.38181,2061,2224,i_S
1779266646.389782,2002,2391,i_S
1779266646.3925261,2083,2045,i_S
1779266646.393059,2007,1812,i_S
1779266646.393454,2030,1839,i_S
1779266646.3978329,2170,1991,i_S
1779266646.397961,2142,1697,i_S
1779266646.3980749,2052,1712,i_S
1779266646.398248,2025,2152,i_S
1779266646.398381,1994,2461,i_S
1779266646.398458,2043,2148,i_S
1779266646.399803,2056,1905,i_S
1779266646.402637,2026,1844,i_S
1779266646.404001,2019,1974,i_S
1779266646.413924,2022,1873,i_S
1779266646.4165351,2014,1741,i_S
1779266646.416621,2028,2101,i_S
1779266646.416695,2084,2477,i_S
1779266646.417142,2128,2257,i_S
1779266646.420102,2066,1821,i_S
1779266646.424979,2120,1847,i_S
1779266646.425668,2055,2028,i_S
1779266646.426351,2090,2015,i_S
1779266646.4267688,2034,1681,i_S
1779266646.430827,1954,1807,i_S
1779266646.430945,1961,2276,i_S
1779266646.431075,2065,2504,i_S
1779266646.432433,2095,2127,i_S
1779266646.433899,2034,1913,i_S
1779266646.440723,1996,1938,i_S
1779266646.444795,2054,2120,i_S
1779266646.44748,2063,1820,i_S
1779266646.45026,1973,1818,i_S
1779266646.452544,1993,2246,i_S
1779266646.453682,2016,2618,i_S
1779266646.4540732,2082,2282,i_S
1779266646.45746,2071,1988,i_S
1779266646.458854,2001,1938,i_S
1779266646.459,2000,2144,i_S
1779266646.4591098,2022,1920,i_S
1779266646.459208,2011,1794,i_S
1779266646.460566,2053,2138,i_S
1779266646.4618912,2047,2622,i_S
1779266646.464512,1998,2441,i_S
1779266646.472806,2117,2091,i_S
1779266646.473809,2056,1868,i_S
1779266646.477895,2033,2043,i_S
1779266646.481312,2070,2008,i_S
1779266646.485524,2116,1707,i_S
1779266646.486303,2052,1943,i_S
1779266646.486837,1971,2396,i_S
1779266646.487515,2049,2519,i_S
1779266646.490742,2054,2126,i_S
1779266646.491963,1993,1924,i_S
1779266646.492105,2034,1967,i_S
1779266646.4922361,1996,2137,i_S
1779266646.492355,2000,1700,i_S
1779266646.492438,1996,1783,i_S
1779266646.493786,1995,2172,i_S
1779266646.501226,2004,2578,i_S
1779266646.5038059,2057,2196,i_S
1779266646.5069408,2019,1998,i_S
1779266646.509574,2020,1917,i_S
1779266646.5105448,2046,2169,i_S
1779266646.5129201,2076,1978,i_S
1779266646.515029,2022,1706,i_S
1779266646.515587,2001,2014,i_S
1779266646.5159948,1986,2497,i_S
1779266646.519597,2026,2406,i_S
1779266646.520763,2038,2024,i_S
1779266646.520874,2007,1833,i_S
1779266646.5209951,2111,2067,i_S
1779266646.5223942,2083,2120,i_S
1779266646.523832,2029,1761,i_S
1779266646.526465,2007,1936,i_S
1779266646.5279,1962,2331,i_S
1779266646.534945,1949,2642,i_S
1779266646.540231,1983,2096,i_S
1779266646.540434,1983,1854,i_S
1779266646.5433521,2264,1986,i_S
1779266646.5488389,2489,2070,i_S
1779266646.549711,2127,1618,i_S
1779266646.550486,1918,1708,i_S
1779266646.5509288,1741,2082,i_S
1779266646.553801,1379,2688,i_S
1779266646.554848,2451,2116,i_S
1779266646.554934,3527,1586,i_S
1779266646.555006,1994,1777,i_S
1779266646.555072,571,1988,i_S
1779266646.556445,1710,2091,i_S
1779266646.557905,2387,1599,i_S
1779266646.570496,2531,1961,i_S
1779266646.574162,3195,2375,i_S
1779266646.576803,3147,2603,i_S
1779266646.577386,1536,2148,i_S
1779266646.577924,986,2024,i_S
1779266646.578728,1445,2171,i_S
1779266646.5821671,2576,1732,i_S
1779266646.582602,1551,1684,i_S
1779266646.582743,1760,1776,i_S
1779266646.582874,3596,2109,i_S
1779266646.582945,1856,2412,i_S
1779266646.583018,465,2206,i_S
1779266646.584439,1491,1808,i_S
1779266646.585872,1642,1781,i_S
1779266646.588568,2455,2015,i_S
1779266646.596971,2276,1723,i_S
1779266646.598047,889,1863,i_S
1779266646.59893,2873,2145,i_S
1779266646.602224,3087,2443,i_S
1779266646.6026208,1385,1972,i_S
1779266646.603173,622,1515,i_S
1779266646.608445,3544,1583,i_S
1779266646.611354,3304,2037,i_S
1779266646.612035,3020,1654,i_S
1779266646.612486,1303,1694,i_S
1779266646.613119,1230,1833,i_S
1779266646.616021,1422,2531,i_S
1779266646.617346,1754,2310,i_S
1779266646.617428,2058,1802,i_S
1779266646.6188061,1968,1537,i_S
1779266646.6209269,2166,1650,i_S
1779266646.631932,2391,1602,i_S
1779266646.640378,2000,1531,i_S
1779266646.641152,1958,1738,i_S
1779266646.641703,1516,2087,i_S
1779266646.642059,2141,2222,i_S
1779266646.645885,1369,1726,i_S
1779266646.6462028,1641,1362,i_S
1779266646.6465259,3991,1695,i_S
1779266646.6465979,2189,1845,i_S
1779266646.646661,1685,1438,i_S
1779266646.646723,1592,1726,i_S
1779266646.646785,2430,1889,i_S
1779266646.6468449,2681,2432,i_S
1779266646.6483378,1911,2047,i_S
1779266646.649834,2710,1554,i_S
1779266646.6526568,1601,1587,i_S
1779266646.663313,1089,1404,i_S
1779266646.713821,3830,1905,i_S
1779266646.714326,336,1613,i_S
1779266646.714415,1311,1873,i_S
1779266646.714477,3364,2292,i_S
1779266646.714535,2480,2112,i_S
1779266646.714592,2147,1964,i_S
1779266646.714648,2275,1614,i_S
1779266646.714705,2014,1866,i_S
1779266646.714761,2298,1946,i_S
1779266646.714817,1068,1478,i_S
1779266646.7148721,1636,1684,i_S
1779266646.7149272,4050,2076,i_S
1779266646.714976,19,2370,i_S
1779266646.715032,2282,1795,i_S
1779266646.7150888,3819,1295,i_S
1779266646.7151449,2215,1631,i_S
1779266646.715193,93,1773,i_S
1779266646.715248,3705,1467,i_S
1779266646.715304,2986,1718,i_S
1779266646.715359,2229,1912,i_S
1779266646.715416,1073,2282,i_S
1779266646.715473,1753,1956,i_S
1779266646.71553,3717,1286,i_S
1779266646.715682,3257,1651,i_S
1779266646.71592,1562,2123,i_S
1779266646.716214,1860,1883,i_S
1779266646.716349,1119,1510,i_S
1779266646.716444,4089,1913,i_S
1779266646.7165482,3431,2535,i_S
1779266646.7166631,1896,1946,i_S
1779266646.716749,2445,1774,i_S
1779266646.722199,2249,1627,i_S
1779266646.72227,3776,1840,i_S
1779266646.72233,1581,1989,i_S
1779266646.726366,2059,1723,i_S
1779266646.726445,1790,2014,i_S
1779266646.727964,3435,2587,i_S
1779266646.748425,2211,2405,i_S
1779266646.7531478,1985,1822,i_S
1779266646.7532248,1124,1789,i_S
1779266646.753286,2072,1972,i_S
1779266646.753345,3260,2028,i_S
1779266646.7534301,2682,1500,i_S
1779266646.7535172,2900,2269,i_S
1779266646.7537322,754,2146,i_S
1779266646.753794,3043,2460,i_S
1779266646.7538571,2993,2093,i_S
1779266646.7539158,1190,1623,i_S
1779266646.7539752,3839,1730,i_S
1779266646.754103,2851,1678,i_S
1779266646.763741,2616,1613,i_S
1779266646.7715058,1440,1592,i_S
1779266646.775323,2461,1890,i_S
1779266646.7759092,2298,2016,i_S
1779266646.7796009,2316,1803,i_S
1779266646.780874,2142,1697,i_S
1779266646.781012,2709,1288,i_S
1779266646.7811542,2210,1288,i_S
1779266646.7812212,1585,1813,i_S
1779266646.78128,453,1616,i_S
1779266646.78145,3714,1747,i_S
1779266646.781585,4095,1811,i_S
1779266646.7817159,1584,1851,i_S
1779266646.7818618,1688,1387,i_S
1779266646.784726,1690,1308,i_S
1779266646.7861161,1753,1206,i_S
1779266646.7976089,3348,1430,i_S
1779266646.8002932,2277,1496,i_S
1779266646.80081,1303,1221,i_S
1779266646.801111,2875,1509,i_S
1779266646.804482,2277,2092,i_S
1779266646.806993,1897,1307,i_S
1779266646.81129,2614,1364,i_S
1779266646.81184,595,1484,i_S
1779266646.8123012,2153,1661,i_S
1779266646.812821,3596,1876,i_S
1779266646.816494,1387,2159,i_S
1779266646.816606,1444,2137,i_S
1779266646.816702,3602,2417,i_S
1779266646.81679,2610,2007,i_S
1779266646.816909,1409,1753,i_S
1779266646.818262,2845,1389,i_S
1779266646.8262231,2561,2099,i_S
1779266646.83004,968,2487,i_S
1779266646.830486,1877,2550,i_S
1779266646.831069,1495,2447,i_S
1779266646.83448,2212,2533,i_S
1779266646.840919,2124,2566,i_S
1779266646.8417192,2472,2313,i_S
1779266646.8421462,1767,1977,i_S
1779266646.846493,1792,2320,i_S
1779266646.8469288,1720,2447,i_S
1779266646.847011,2173,2256,i_S
1779266646.84709,3488,2336,i_S
1779266646.84716,1902,2645,i_S
1779266646.847229,2061,2694,i_S
1779266646.848653,1054,2509,i_S
1779266646.850084,1171,1872,i_S
1779266646.852832,3253,2201,i_S
1779266646.861336,2113,2392,i_S
1779266646.8624032,1709,2234,i_S
1779266646.868453,2826,2346,i_S
1779266646.868705,2231,2492,i_S
1779266646.870664,2321,2524,i_S
1779266646.876322,619,2559,i_S
1779266646.880351,2488,2135,i_S
1779266646.880494,3975,2225,i_S
1779266646.8806121,1318,2354,i_S
1779266646.880678,1581,2241,i_S
1779266646.880827,1928,2184,i_S
1779266646.880922,1879,2262,i_S
1779266646.8809931,2163,2286,i_S
1779266646.8810592,1833,2467,i_S
1779266646.8830369,1097,2404,i_S
1779266646.8960462,2113,2004,i_S
1779266646.896307,3860,2231,i_S
1779266646.9038222,981,2243,i_S
1779266646.9078012,2181,2327,i_S
1779266646.908076,2512,2207,i_S
1779266646.90815,1451,2106,i_S
1779266646.9082298,1596,2484,i_S
1779266646.9082959,2244,2357,i_S
1779266646.908415,2533,2199,i_S
1779266646.9084978,1343,2319,i_S
1779266646.908563,1739,2233,i_S
1779266646.908625,1956,2319,i_S
1779266646.9086862,2395,2195,i_S
1779266646.909943,2280,2243,i_S
1779266646.912917,2542,2474,i_S
1779266646.914319,2458,2539,i_S
1779266646.930356,1487,2353,i_S
1779266646.9378428,1852,2133,i_S
1779266646.942372,1922,2213,i_S
1779266646.9424908,1899,2161,i_S
1779266646.9426382,1782,2104,i_S
1779266646.942712,2222,2183,i_S
1779266646.942841,2131,2421,i_S
1779266646.943101,1633,2190,i_S
1779266646.943755,2465,2111,i_S
1779266646.94385,1297,2124,i_S
1779266646.944351,3174,2037,i_S
1779266646.9444458,1595,2290,i_S
1779266646.944569,2166,2323,i_S
1779266646.9458292,2287,2326,i_S
1779266646.954057,1553,2326,i_S
1779266646.9594848,2559,2248,i_S
1779266646.966478,2192,2226,i_S
1779266646.9726138,1566,2142,i_S
1779266646.973383,2679,2025,i_S
1779266646.9736938,1985,2170,i_S
1779266646.9739609,1613,1926,i_S
1779266646.9743328,2643,1909,i_S
1779266646.9794428,1473,2157,i_S
1779266646.9796228,2562,2337,i_S
1779266646.9798012,1952,2471,i_S
1779266646.979904,1948,2234,i_S
1779266646.980001,1710,2120,i_S
1779266646.98019,2179,2221,i_S
1779266646.980313,1171,2145,i_S
1779266646.980451,3688,2033,i_S
1779266646.9805472,1989,2220,i_S
1779266646.9806879,441,2133,i_S
1779266646.980758,2793,2106,i_S
1779266646.9822998,3989,2016,i_S
1779266646.983758,1584,2158,i_S
1779266646.986893,916,2038,i_S
1779266646.988394,2194,2043,i_S
1779266647.014394,3683,2063,i_S
1779266647.019993,1356,2186,i_S
1779266647.02017,1859,2230,i_S
1779266647.02135,2003,2129,i_S
1779266647.021534,159,2303,i_S
1779266647.021744,2612,2025,i_S
1779266647.021941,3926,2043,i_S
1779266647.0220401,1708,2135,i_S
1779266647.022109,1591,2300,i_S
1779266647.022215,1130,2079,i_S
1779266647.022293,2090,2153,i_S
1779266647.0223649,1980,2254,i_S
1779266647.0224361,1581,2311,i_S
1779266647.022536,2739,2285,i_S
1779266647.0226061,2457,2100,i_S
1779266647.022678,1493,2139,i_S
1779266647.022749,1748,2210,i_S
1779266647.034583,2002,2008,i_S
1779266647.056395,2293,2145,i_S
1779266647.056653,2067,2232,i_S
1779266647.057003,2642,2485,i_S
1779266647.057848,283,1997,i_S
1779266647.057944,3821,1935,i_S
1779266647.0580192,2532,2266,i_S
1779266647.058091,1116,2231,i_S
1779266647.05816,1782,2173,i_S
1779266647.058231,2362,2078,i_S
1779266647.058302,1927,2129,i_S
1779266647.058372,2538,2247,i_S
1779266647.0584419,2253,2010,i_S
1779266647.05851,1556,2073,i_S
1779266647.058573,999,1783,i_S
1779266647.058642,2350,2105,i_S
1779266647.058819,2288,2064,i_S
1779266647.0590599,2149,1954,i_S
1779266647.06087,1146,2064,i_S
1779266647.062368,3427,2165,i_S
1779266647.0638201,2639,2307,i_S
1779266647.074668,2443,2261,i_S
1779266647.077323,1745,1988,i_S
1779266647.083715,2269,1907,i_S
1779266647.08405,1536,2308,i_S
1779266647.0875351,1732,2142,i_S
1779266647.09149,2089,2039,i_S
1779266647.09872,2064,2096,i_S
1779266647.099639,1822,2045,i_S
1779266647.100446,1339,2207,i_S
1779266647.1008582,1724,1996,i_S
1779266647.101115,2433,1939,i_S
1779266647.1015391,2709,2087,i_S
1779266647.105963,2248,1975,i_S
1779266647.1064792,2604,1974,i_S
1779266647.106961,1723,2157,i_S
1779266647.107049,1408,2061,i_S
1779266647.1071281,2735,2338,i_S
1779266647.1072059,2204,2107,i_S
1779266647.1072798,1402,2016,i_S
1779266647.1073458,1171,2119,i_S
1779266647.1074162,2190,2102,i_S
1779266647.1089878,3357,2078,i_S
1779266647.111975,2225,2101,i_S
1779266647.130531,2031,2103,i_S
1779266647.1406422,1857,2182,i_S
1779266647.141011,1763,2145,i_S
1779266647.1454191,996,1959,i_S
1779266647.145971,2873,1987,i_S
1779266647.1464949,3157,2178,i_S
1779266647.1465979,1769,1857,i_S
1779266647.146666,731,2153,i_S
1779266647.146731,1296,2192,i_S
1779266647.146796,3951,2193,i_S
1779266647.146859,1925,2158,i_S
1779266647.146923,2384,1884,i_S
1779266647.1469922,1617,2144,i_S
1779266647.1470551,994,2145,i_S
1779266647.147118,2107,1948,i_S
1779266647.1471858,2692,2150,i_S
1779266647.147249,1120,2403,i_S
1779266647.147308,845,2320,i_S
1779266647.148737,3875,2078,i_S
1779266647.150177,2802,2075,i_S
1779266647.152852,989,1977,i_S
1779266647.154625,2027,2030,i_S
1779266647.165057,1976,2213,i_S
1779266647.1717498,1721,2021,i_S
1779266647.172092,3402,1946,i_S
1779266647.1822689,1717,2013,i_S
1779266647.187667,1592,2198,i_S
1779266647.1885388,2246,1983,i_S
1779266647.1886358,1597,2102,i_S
1779266647.1887171,1599,2260,i_S
1779266647.188788,2689,2078,i_S
1779266647.1888561,2999,1847,i_S
1779266647.189236,1350,1968,i_S
1779266647.189409,2805,2332,i_S
1779266647.189641,1517,2215,i_S
1779266647.189826,2083,2129,i_S
1779266647.189915,1993,1937,i_S
1779266647.189995,2392,1989,i_S
1779266647.1900659,1804,2210,i_S
1779266647.190135,2223,2057,i_S
1779266647.1931908,2064,2106,i_S
1779266647.20251,1759,2061,i_S
1779266647.212965,1827,2208,i_S
1779266647.224784,2127,2213,i_S
1779266647.226051,572,2027,i_S
1779266647.2266712,4095,2084,i_S
1779266647.226762,2187,2049,i_S
1779266647.226837,2046,2018,i_S
1779266647.226909,1708,2137,i_S
1779266647.226977,1165,2080,i_S
1779266647.227041,2571,1976,i_S
1779266647.2271,1968,2154,i_S
1779266647.22716,2043,2115,i_S
1779266647.2272189,1746,2044,i_S
1779266647.2272809,1519,1999,i_S
1779266647.2273479,1465,2148,i_S
1779266647.227411,2275,2048,i_S
1779266647.227499,3452,2113,i_S
1779266647.228915,1577,2054,i_S
1779266647.231248,3010,2163,i_S
1779266647.235221,1922,2197,i_S
1779266647.235753,1980,2105,i_S
1779266647.266963,1871,2014,i_S
1779266647.27229,1927,2105,i_S
1779266647.272867,1772,2060,i_S
1779266647.272953,1889,2001,i_S
1779266647.273026,1812,2002,i_S
1779266647.273092,1517,2084,i_S
1779266647.2731571,2773,2268,i_S
1779266647.273314,2535,2114,i_S
1779266647.273386,2266,2070,i_S
1779266647.273451,1721,2114,i_S
1779266647.2735202,2370,2093,i_S
1779266647.2735832,1975,1952,i_S
1779266647.2736561,2107,1947,i_S
1779266647.2737439,1832,2161,i_S
1779266647.273807,1554,2313,i_S
1779266647.273868,1551,2034,i_S
1779266647.273995,1636,1812,i_S
1779266647.274066,3724,1820,i_S
1779266647.274132,2738,2310,i_S
1779266647.274198,1193,2098,i_S
1779266647.276652,1655,2280,i_S
1779266647.2930508,1779,2137,i_S
1779266647.3096929,2023,2204,i_S
1779266647.3098218,1986,2207,i_S
1779266647.310097,1822,2018,i_S
1779266647.3102841,2961,2030,i_S
1779266647.310362,1661,2189,i_S
1779266647.310431,1700,2207,i_S
1779266647.3105001,2078,2126,i_S
1779266647.310563,2268,2088,i_S
1779266647.310627,2476,2158,i_S
1779266647.310696,1766,2161,i_S
1779266647.310997,1689,1951,i_S
1779266647.311062,2126,1977,i_S
1779266647.3112562,1869,1975,i_S
1779266647.311334,2143,2097,i_S
1779266647.311399,1919,2024,i_S
1779266647.3114612,1921,1868,i_S
1779266647.312851,1894,2220,i_S
1779266647.314215,2667,2022,i_S
1779266647.316948,1871,2182,i_S
1779266647.327494,2114,2093,i_S
1779266647.335409,1352,1998,i_S
1779266647.351373,2162,2014,i_S
1779266647.351792,2579,1936,i_S
1779266647.351896,2283,2044,i_S
1779266647.352036,2191,2229,i_S
1779266647.352122,1970,2267,i_S
1779266647.352196,1950,2223,i_S
1779266647.3522692,2218,2137,i_S
1779266647.352343,2083,1931,i_S
1779266647.352415,1939,2194,i_S
1779266647.3525681,1657,2063,i_S
1779266647.352746,2110,1890,i_S
1779266647.352829,2211,2090,i_S
1779266647.352906,1871,2093,i_S
1779266647.352979,1903,2140,i_S
1779266647.353108,2370,2098,i_S
1779266647.35317,1948,2143,i_S
1779266647.354531,2037,2164,i_S
1779266647.36616,2190,1994,i_S
1779266647.373611,2781,1998,i_S
1779266647.3847098,1808,2015,i_S
1779266647.385855,1652,2111,i_S
1779266647.3904939,2212,2209,i_S
1779266647.390589,2752,2071,i_S
1779266647.390665,1603,1997,i_S
1779266647.3907368,1895,2062,i_S
1779266647.3908758,1969,2084,i_S
1779266647.390988,1782,2245,i_S
1779266647.3910599,2138,2258,i_S
1779266647.391166,1649,2186,i_S
1779266647.391238,2475,2131,i_S
1779266647.391307,2453,2088,i_S
1779266647.3913999,1931,1933,i_S
1779266647.391585,1665,2058,i_S
1779266647.391674,2230,2102,i_S
1779266647.3917398,1848,2164,i_S
1779266647.391801,1981,2131,i_S
1779266647.3945441,1960,2143,i_S
1779266647.395872,2058,2257,i_S
1779266647.398425,1817,2233,i_S
1779266647.4089322,1783,2179,i_S
1779266647.415488,1862,1936,i_S
1779266647.418887,2011,2096,i_S
1779266647.419372,2053,2198,i_S
1779266647.428451,1987,2083,i_S
1779266647.429271,1939,2079,i_S
1779266647.429798,2002,2172,i_S
1779266647.430314,2161,2319,i_S
1779266647.4337769,2174,2208,i_S
1779266647.434824,2121,2085,i_S
1779266647.435325,2043,2230,i_S
1779266647.435415,2036,2162,i_S
1779266647.435488,1985,2107,i_S
1779266647.435575,1963,2067,i_S
1779266647.435642,1994,2139,i_S
1779266647.435703,1984,2309,i_S
1779266647.435804,2094,2180,i_S
1779266647.435872,1935,2172,i_S
1779266647.435936,1790,2190,i_S
1779266647.439052,1873,2230,i_S
1779266647.44872,2011,2283,i_S
1779266647.458236,1911,2217,i_S
1779266647.4737039,1914,2351,i_S
1779266647.4753149,2170,2408,i_S
1779266647.4757051,2005,2298,i_S
1779266647.475816,2197,2298,i_S
1779266647.476064,2257,2317,i_S
1779266647.476201,1891,2385,i_S
1779266647.476276,1899,2453,i_S
1779266647.476342,2069,2259,i_S
1779266647.4764118,1905,2338,i_S
1779266647.4764721,1762,2564,i_S
1779266647.476554,2187,2640,i_S
1779266647.4766169,1845,2361,i_S
1779266647.476685,1630,2388,i_S
1779266647.476748,1699,2375,i_S
1779266647.47683,2210,2402,i_S
1779266647.476893,2301,2210,i_S
1779266647.4769542,2194,2328,i_S
1779266647.4787729,2263,2418,i_S
1779266647.480333,2035,2526,i_S
1779266647.4818828,1916,2424,i_S
1779266647.496605,2135,2504,i_S
1779266647.499917,2172,2877,i_S
1779266647.500405,1970,2661,i_S
1779266647.5072992,2113,2483,i_S
1779266647.507909,2238,2370,i_S
1779266647.51694,1987,2684,i_S
1779266647.5175161,2006,2957,i_S
1779266647.518423,2099,2802,i_S
1779266647.5240262,2115,2567,i_S
1779266647.524179,2119,2577,i_S
1779266647.524652,2063,2646,i_S
1779266647.524961,2222,2530,i_S
1779266647.5250602,1957,2641,i_S
1779266647.525138,2153,2764,i_S
1779266647.5252109,2344,2792,i_S
1779266647.5253272,2330,3142,i_S
1779266647.5254169,1811,3059,i_S
1779266647.525583,2006,2982,i_S
1779266647.5256572,2904,2980,i_S
1779266647.525723,2176,3157,i_S
1779266647.525793,1981,2897,i_S
1779266647.525862,2315,2850,i_S
1779266647.536439,1894,3256,i_S
1779266647.538186,1750,3345,i_S
1779266647.543325,2423,3332,i_S
1779266647.547775,2362,3087,i_S
1779266647.5588648,1587,3110,i_S
1779266647.559299,2290,3266,i_S
1779266647.559532,2297,2955,i_S
1779266647.560547,2273,2808,i_S
1779266647.564877,1867,3132,i_S
1779266647.5666099,1336,3361,i_S
1779266647.5667179,2629,3549,i_S
1779266647.5667999,2699,3426,i_S
1779266647.566881,2333,3361,i_S
1779266647.5669582,1688,3311,i_S
1779266647.567025,2099,3158,i_S
1779266647.5670989,2392,2990,i_S
1779266647.567164,2320,3118,i_S
1779266647.5672262,1788,3357,i_S
1779266647.567287,1872,3555,i_S
1779266647.56738,1878,3121,i_S
1779266647.5693781,2253,2972,i_S
1779266647.571533,2003,3219,i_S
1779266647.571672,2032,3016,i_S
1779266647.574783,1767,2546,i_S
1779266647.576546,2416,2354,i_S
1779266647.587241,2556,2601,i_S
1779266647.590622,1851,3104,i_S
1779266647.6052291,1665,2927,i_S
1779266647.605591,2452,2885,i_S
1779266647.605886,2564,2747,i_S
1779266647.606165,1780,2756,i_S
1779266647.607032,1752,2284,i_S
1779266647.6072829,1834,1780,i_S
1779266647.6078122,2226,1844,i_S
1779266647.608133,2155,2379,i_S
1779266647.608333,1871,2454,i_S
1779266647.608515,1931,2278,i_S
1779266647.608711,2149,1973,i_S
1779266647.6130948,1996,2098,i_S
1779266647.6131961,2066,1713,i_S
1779266647.6134431,2187,1273,i_S
1779266647.613558,1976,1414,i_S
1779266647.6136372,1908,1946,i_S
1779266647.6137118,1910,2124,i_S
1779266647.616714,1944,1856,i_S
1779266647.623992,2001,1620,i_S
1779266647.625104,1860,1568,i_S
1779266647.626045,1954,1372,i_S
1779266647.627003,1959,1129,i_S
1779266647.630684,1979,1447,i_S
1779266647.631086,1929,1247,i_S
1779266647.6315808,1898,1924,i_S
1779266647.6339998,1876,1633,i_S
1779266647.6342368,2256,1333,i_S
1779266647.6462321,2045,1291,i_S
1779266647.6465018,1931,1396,i_S
1779266647.6471481,1927,919,i_S
1779266647.647498,1945,1490,i_S
1779266647.647779,2002,1263,i_S
1779266647.647993,1911,1688,i_S
1779266647.653308,1971,1793,i_S
1779266647.653492,1993,1605,i_S
1779266647.65359,1859,1420,i_S
1779266647.653665,1796,1432,i_S
1779266647.6561038,1893,1082,i_S
1779266647.658829,1866,1454,i_S
1779266647.660334,1917,1500,i_S
1779266647.661719,1924,1462,i_S
1779266647.6725702,1957,2023,i_S
1779266647.677082,1958,1802,i_S
1779266647.680883,1938,1535,i_S
1779266647.682225,1883,1481,i_S
1779266647.685382,1861,1337,i_S
1779266647.693883,1894,1309,i_S
1779266647.6942232,1868,1668,i_S
1779266647.695165,1876,1212,i_S
1779266647.695791,1859,2079,i_S
1779266647.700222,1778,1893,i_S
1779266647.700693,2072,1595,i_S
1779266647.700774,1881,1525,i_S
1779266647.7008462,2102,1733,i_S
1779266647.700916,2081,1091,i_S
1779266647.7009878,1895,1739,i_S
1779266647.701057,1900,1515,i_S
1779266647.701119,1884,2147,i_S
1779266647.701182,1934,2240,i_S
1779266647.701243,1909,1879,i_S
1779266647.7025878,1793,1683,i_S
1779266647.704384,1927,1800,i_S
1779266647.7133062,1921,1551,i_S
1779266647.713635,2072,1669,i_S
1779266647.7196102,1864,1777,i_S
1779266647.7203689,1867,2025,i_S
1779266647.720909,1769,2390,i_S
1779266647.724878,1914,2017,i_S
1779266647.728319,2368,1792,i_S
1779266647.736446,2113,1807,i_S
1779266647.7368371,2039,1848,i_S
1779266647.737092,1960,1452,i_S
1779266647.737369,1921,1926,i_S
1779266647.7378392,1999,1731,i_S
1779266647.7382941,1862,2556,i_S
1779266647.742274,2090,2218,i_S
1779266647.744087,2082,1993,i_S
1779266647.7457201,1883,1847,i_S
1779266647.746016,1983,2073,i_S
1779266647.74612,1989,1592,i_S
1779266647.7462,1961,1962,i_S
1779266647.746319,2053,1760,i_S
1779266647.7463949,1902,2455,i_S
1779266647.747752,1992,2506,i_S
1779266647.750576,1925,2101,i_S
1779266647.752007,1915,1901,i_S
1779266647.764566,1710,1959,i_S
1779266647.7679858,2006,1726,i_S
1779266647.775705,2015,1854,i_S
1779266647.784342,1869,2019,i_S
1779266647.784915,1705,2150,i_S
1779266647.785984,1843,2554,i_S
1779266647.786273,1953,2165,i_S
1779266647.791285,2029,1880,i_S
1779266647.791578,1672,1952,i_S
1779266647.791677,2089,2040,i_S
1779266647.79175,1985,1551,i_S
1779266647.7918148,1953,2138,i_S
1779266647.791879,1998,1941,i_S
1779266647.791942,2031,2729,i_S
1779266647.792005,2068,2334,i_S
1779266647.792068,2170,1920,i_S
1779266647.792135,1936,1799,i_S
1779266647.792233,1702,2011,i_S
1779266647.792313,1716,1703,i_S
1779266647.792383,1790,2075,i_S
1779266647.793865,1946,1937,i_S
1779266647.8042061,1903,2602,i_S
1779266647.805784,2077,2550,i_S
1779266647.809671,2008,2033,i_S
1779266647.810205,1996,1791,i_S
1779266647.8139992,1949,2016,i_S
1779266647.816138,1953,1866,i_S
1779266647.8196118,1984,1875,i_S
1779266647.82758,2014,2087,i_S
1779266647.828863,1995,2365,i_S
1779266647.8336341,1951,2724,i_S
1779266647.834343,1965,2260,i_S
1779266647.834504,2009,1899,i_S
1779266647.83465,1973,1977,i_S
1779266647.834738,1979,2101,i_S
1779266647.834961,2012,1573,i_S
1779266647.835086,2004,2182,i_S
1779266647.835171,1979,2113,i_S
1779266647.83525,1992,2832,i_S
1779266647.835423,2027,2447,i_S
1779266647.835598,1951,1887,i_S
1779266647.835736,1998,1894,i_S
1779266647.838412,1965,2165,i_S
1779266647.8399098,1906,1807,i_S
1779266647.842589,2167,2100,i_S
1779266647.8592849,2040,1934,i_S
1779266647.8643,1886,2693,i_S
1779266647.867133,2016,2597,i_S
1779266647.87568,2087,2011,i_S
1779266647.877089,2006,1852,i_S
1779266647.877617,1698,2075,i_S
1779266647.877762,1865,1937,i_S
1779266647.882756,2295,1889,i_S
1779266647.883203,2093,2123,i_S
1779266647.883363,1844,2334,i_S
1779266647.883538,1731,2727,i_S
1779266647.883627,1947,2259,i_S
1779266647.883704,2207,1907,i_S
1779266647.883772,2433,1918,i_S
1779266647.883841,2149,1980,i_S
1779266647.8839061,1657,1582,i_S
1779266647.8839948,2135,2201,i_S
1779266647.884059,1980,2030,i_S
1779266647.884238,2211,2810,i_S
1779266647.884741,1861,2346,i_S
1779266647.885215,1627,1878,i_S
1779266647.894457,2078,1844,i_S
1779266647.894578,2140,2076,i_S
1779266647.894658,2066,1664,i_S
1779266647.9010549,1933,2116,i_S
1779266647.908424,2121,1943,i_S
1779266647.916789,1923,2697,i_S
1779266647.91814,2215,2578,i_S
1779266647.9233322,2191,2010,i_S
1779266647.923669,2111,1913,i_S
1779266647.92384,2092,2098,i_S
1779266647.92392,1951,1958,i_S
1779266647.9239879,1945,1899,i_S
1779266647.924129,1905,2144,i_S
1779266647.9242282,1945,2383,i_S
1779266647.9243379,2140,2795,i_S
1779266647.924428,2030,2252,i_S
1779266647.924504,1973,1887,i_S
1779266647.924582,2117,1982,i_S
1779266647.92466,1909,2139,i_S
1779266647.9248252,1982,1571,i_S
1779266647.926361,2043,2215,i_S
1779266647.927989,2043,2162,i_S
1779266647.929754,1859,2834,i_S
1779266647.9327931,2096,2403,i_S
1779266647.9430468,2110,1876,i_S
1779266647.9480991,1980,1916,i_S
1779266647.948807,1960,2161,i_S
1779266647.9677582,2078,1752,i_S
1779266647.968089,2064,2112,i_S
1779266647.96828,1997,1964,i_S
1779266647.968374,2003,2696,i_S
1779266647.968457,2054,2594,i_S
1779266647.9685388,2055,2016,i_S
1779266647.9686599,2012,1892,i_S
1779266647.968749,1979,2078,i_S
1779266647.9688299,2083,1952,i_S
1779266647.9689422,2102,1885,i_S
1779266647.9690728,2022,2149,i_S
1779266647.9691389,1965,2431,i_S
1779266647.9692018,2037,2878,i_S
1779266647.969264,1999,2264,i_S
1779266647.9693282,1979,1891,i_S
1779266647.9707782,2113,2045,i_S
1779266647.986461,2036,2212,i_S
1779266647.992757,2047,1587,i_S
1779266648.000025,2023,2216,i_S
1779266648.000614,1999,2017,i_S
1779266648.001436,2073,2743,i_S
1779266648.002034,2189,2391,i_S
1779266648.002295,1992,1867,i_S
1779266648.005656,2061,1866,i_S
1779266648.0069811,2036,2040,i_S
1779266648.0071812,2069,1655,i_S
1779266648.0072682,2119,2115,i_S
1779266648.007442,1977,1982,i_S
1779266648.007628,2015,2660,i_S
1779266648.0077639,2125,2630,i_S
1779266648.008001,2092,2017,i_S
1779266648.008141,1912,1885,i_S
1779266648.0082371,1710,2100,i_S
1779266648.0083158,2140,1924,i_S
1779266648.008429,1965,1883,i_S
1779266648.010137,2275,2164,i_S
1779266648.011521,2158,2330,i_S
1779266648.014179,2044,2777,i_S
1779266648.015711,2169,2271,i_S
1779266648.0245728,2287,1870,i_S
1779266648.0270169,1884,2012,i_S
1779266648.0307882,1930,2153,i_S
1779266648.03311,2279,1558,i_S
1779266648.038443,2133,2223,i_S
1779266648.038898,1599,2113,i_S
1779266648.039197,1776,2931,i_S
1779266648.039789,1888,2559,i_S
1779266648.0402508,2232,1862,i_S
1779266648.043249,2136,1954,i_S
1779266648.044429,1838,2188,i_S
1779266648.0445812,1964,1859,i_S
1779266648.0447202,2160,2114,i_S
1779266648.0449002,2075,2004,i_S
1779266648.046292,1437,2729,i_S
1779266648.053775,2294,2759,i_S
1779266648.055186,2595,2012,i_S
1779266648.057559,2166,1935,i_S
1779266648.058104,1928,2260,i_S
1779266648.060369,2069,2153,i_S
1779266648.0638661,2144,1865,i_S
1779266648.06416,2060,2193,i_S
1779266648.069299,1951,2354,i_S
1779266648.069744,1962,2853,i_S
1779266648.070272,2126,2303,i_S
1779266648.070706,2011,1858,i_S
1779266648.0737762,1938,1990,i_S
1779266648.074633,2019,2170,i_S
1779266648.075061,2136,1524,i_S
1779266648.076424,2020,2233,i_S
1779266648.077858,1975,2131,i_S
1779266648.08048,2096,2896,i_S
1779266648.081983,2041,2537,i_S
1779266648.088864,2015,1864,i_S
1779266648.089203,2051,1978,i_S
1779266648.090156,1971,2253,i_S
1779266648.0940402,2005,1832,i_S
1779266648.096475,2099,2108,i_S
1779266648.0975518,2095,2036,i_S
1779266648.099699,2053,2648,i_S
1779266648.109399,1915,2765,i_S
1779266648.111079,1974,2030,i_S
1779266648.111199,1943,1903,i_S
1779266648.1112761,2100,2079,i_S
1779266648.1114619,2166,1992,i_S
1779266648.11154,2088,1857,i_S
1779266648.111681,2040,2194,i_S
1779266648.111758,1970,2390,i_S
1779266648.1208901,2056,2896,i_S
1779266648.12113,2142,2309,i_S
1779266648.12583,2031,1863,i_S
1779266648.1294239,1994,2007,i_S
1779266648.131655,1998,2108,i_S
1779266648.137641,1958,1529,i_S
1779266648.138698,2107,2233,i_S
1779266648.141734,2038,2020,i_S
1779266648.143083,2006,2816,i_S
1779266648.143209,2094,2518,i_S
1779266648.143394,2035,1855,i_S
1779266648.1434891,2078,1963,i_S
1779266648.1437309,1999,2159,i_S
1779266648.1438432,2052,1795,i_S
1779266648.143945,2077,2115,i_S
1779266648.144015,1982,2041,i_S
1779266648.146652,1946,2700,i_S
1779266648.148018,2037,2799,i_S
1779266648.160931,2108,2023,i_S
1779266648.16385,1834,1894,i_S
1779266648.1649432,1935,2114,i_S
1779266648.172056,2268,1889,i_S
1779266648.172606,2155,1877,i_S
1779266648.173343,2016,2197,i_S
1779266648.173776,2009,2358,i_S
1779266648.174274,2068,2889,i_S
1779266648.1747131,2127,2288,i_S
1779266648.178485,2077,1855,i_S
1779266648.178615,2030,2059,i_S
1779266648.1788049,1994,2164,i_S
1779266648.1789608,1988,1525,i_S
1779266648.179043,1832,2245,i_S
1779266648.179188,1920,2009,i_S
1779266648.180543,2241,2846,i_S
1779266648.19216,2381,2522,i_S
1779266648.1928341,2005,1844,i_S
1779266648.193214,1771,1983,i_S
1779266648.198139,1700,2176,i_S
1779266648.198542,1960,1718,i_S
1779266648.203826,2725,2135,i_S
1779266648.204407,2801,2052,i_S
1779266648.205079,1175,2623,i_S
1779266648.2055502,1608,2666,i_S
1779266648.2087061,2288,2019,i_S
1779266648.209127,1993,1861,i_S
1779266648.210262,1846,2142,i_S
1779266648.210411,3117,1847,i_S
1779266648.210502,2016,1874,i_S
1779266648.210604,1382,2209,i_S
1779266648.2119849,1816,2411,i_S
1779266648.214617,1538,2908,i_S
1779266648.2159722,3017,2285,i_S
1779266648.22386,2500,1854,i_S
1779266648.226474,1865,2130,i_S
1779266648.229821,1866,1974,i_S
1779266648.230268,2412,1539,i_S
1779266648.2331169,1227,2253,i_S
1779266648.2362602,2219,1852,i_S
1779266648.241708,2022,2967,i_S
1779266648.242465,2195,2557,i_S
1779266648.2429461,3585,1819,i_S
1779266648.2436218,1647,1975,i_S
1779266648.243975,1354,2219,i_S
1779266648.247221,1587,1873,i_S
1779266648.248364,1887,2142,i_S
1779266648.248574,2798,2067,i_S
1779266648.2486908,1917,2488,i_S
1779266648.2487721,1608,2563,i_S
1779266648.250189,1163,2034,i_S
1779266648.25773,525,1816,i_S
1779266648.262362,2893,2053,i_S
1779266648.262989,3424,1861,i_S
1779266648.2664819,1799,1854,i_S
1779266648.268773,1488,2213,i_S
1779266648.269244,1958,2371,i_S
1779266648.2750359,2289,2961,i_S
1779266648.275881,2097,2298,i_S
1779266648.2765481,1729,1849,i_S
1779266648.276729,1851,1894,i_S
1779266648.280983,2036,2070,i_S
1779266648.281527,2361,1512,i_S
1779266648.281635,1789,2232,i_S
1779266648.2817101,2122,1864,i_S
1779266648.2818408,2422,2796,i_S
1779266648.281919,2170,2541,i_S
1779266648.2845702,2027,1839,i_S
1779266648.2859678,2209,2032,i_S
1779266648.289026,1942,2207,i_S
1779266648.2974021,1916,1739,i_S
1779266648.299925,2030,2135,i_S
1779266648.3004959,1478,2076,i_S
1779266648.303206,2473,2513,i_S
1779266648.306508,2807,2810,i_S
1779266648.307173,1716,2013,i_S
1779266648.31283,1945,1867,i_S
1779266648.313371,2218,2107,i_S
1779266648.313749,2102,2012,i_S
1779266648.314168,2114,1857,i_S
1779266648.314537,2879,2229,i_S
1779266648.315043,1766,2358,i_S
1779266648.317982,1353,2795,i_S
1779266648.319294,2724,2320,i_S
1779266648.31949,2462,1836,i_S
1779266648.3195992,1734,1879,i_S
1779266648.322486,1735,2073,i_S
1779266648.329172,2920,1559,i_S
1779266648.333426,1724,2229,i_S
1779266648.333992,1969,1795,i_S
1779266648.3361979,3956,2589,i_S
1779266648.337774,1336,2258,i_S
1779266648.339925,1828,1858,i_S
1779266648.340131,2304,1557,i_S
1779266648.340417,2274,1539,i_S
1779266648.3463821,2782,1385,i_S
1779266648.347394,771,2087,i_S
1779266648.348172,189,1985,i_S
1779266648.351796,4047,1875,i_S
1779266648.352093,2755,2095,i_S
1779266648.352579,624,1860,i_S
1779266648.352695,284,1306,i_S
1779266648.354051,4095,1615,i_S
1779266648.3554041,3861,1837,i_S
1779266648.358026,1536,1693,i_S
1779266648.359379,1973,2060,i_S
1779266648.367574,2327,2077,i_S
1779266648.371255,1741,2268,i_S
1779266648.372127,1012,1964,i_S
1779266648.374974,893,1458,i_S
1779266648.377891,4034,1526,i_S
1779266648.3837671,2667,1812,i_S
1779266648.3844638,0,1565,i_S
1779266648.384931,2083,1956,i_S
1779266648.385337,3469,1746,i_S
1779266648.388159,2620,2364,i_S
1779266648.389385,1829,2499,i_S
1779266648.389707,2323,1442,i_S
1779266648.389877,3244,1438,i_S
1779266648.390056,1901,1900,i_S
1779266648.39023,1879,1808,i_S
1779266648.391628,2381,1828,i_S
1779266648.3990881,1421,2034,i_S
1779266648.4012392,3745,2428,i_S
1779266648.403761,2767,2424,i_S
1779266648.40414,1554,1694,i_S
1779266648.407918,2177,1474,i_S
1779266648.410225,2343,1537,i_S
1779266648.4162781,2564,1841,i_S
1779266648.417202,2485,1551,i_S
1779266648.417681,544,1914,i_S
1779266648.421091,1994,2175,i_S
1779266648.421538,4015,2079,i_S
1779266648.4217741,2555,1603,i_S
1779266648.421972,1841,1151,i_S
1779266648.422056,1979,1379,i_S
1779266648.4222238,2282,1800,i_S
1779266648.4235141,2589,1437,i_S
1779266648.4261801,2461,1614,i_S
1779266648.427635,1989,1701,i_S
1779266648.434651,485,2115,i_S
1779266648.440238,3385,1390,i_S
1779266648.4440992,3144,1212,i_S
1779266648.446594,2376,803,i_S
1779266648.4527411,1936,1029,i_S
1779266648.453857,2686,1218,i_S
1779266648.45715,2037,1353,i_S
1779266648.458485,1629,1604,i_S
1779266648.458657,1727,1400,i_S
1779266648.458782,3249,1322,i_S
1779266648.45886,2873,915,i_S
1779266648.458934,1332,676,i_S
1779266648.459014,1422,949,i_S
1779266648.4590988,2606,1441,i_S
1779266648.4591758,2572,1614,i_S
1779266648.459399,2234,1822,i_S
1779266648.468322,2748,2213,i_S
1779266648.4693198,1777,2275,i_S
1779266648.47062,2486,1637,i_S
1779266648.473341,1524,1686,i_S
1779266648.4739342,1078,1785,i_S
1779266648.4764931,2010,1927,i_S
1779266648.485122,4076,2292,i_S
1779266648.4894269,2010,2325,i_S
1779266648.489563,1045,2513,i_S
1779266648.489729,977,2460,i_S
1779266648.48985,3629,2261,i_S
1779266648.489989,1778,2144,i_S
1779266648.4901571,1462,2120,i_S
1779266648.490288,1768,2214,i_S
1779266648.490409,3327,1892,i_S
1779266648.49186,2046,2705,i_S
1779266648.493408,818,2476,i_S
1779266648.495949,2813,2434,i_S
1779266648.5043252,1979,2454,i_S
1779266648.5079098,1445,2233,i_S
1779266648.508384,2445,1847,i_S
1779266648.508703,2004,2281,i_S
1779266648.513728,399,2448,i_S
1779266648.5200372,4043,2099,i_S
1779266648.520481,2447,2494,i_S
1779266648.520876,1283,2442,i_S
1779266648.521471,2206,2384,i_S
1779266648.522038,1964,2197,i_S
1779266648.522644,2147,2152,i_S
1779266648.5266051,1573,2133,i_S
1779266648.5268512,2100,2469,i_S
1779266648.5269382,1365,2434,i_S
1779266648.5270011,1264,2229,i_S
1779266648.5283551,3900,2392,i_S
1779266648.53727,2174,2573,i_S
1779266648.540062,1260,2465,i_S
1779266648.540429,2001,2171,i_S
1779266648.543755,2318,2200,i_S
1779266648.552085,2116,2198,i_S
1779266648.5526989,2211,2222,i_S
1779266648.553185,1669,2264,i_S
1779266648.553918,1966,2205,i_S
1779266648.55448,1813,2366,i_S
1779266648.559096,1260,2456,i_S
1779266648.5593102,2710,2246,i_S
1779266648.559455,2593,2077,i_S
1779266648.559697,2461,2231,i_S
1779266648.5601048,1635,2442,i_S
1779266648.56017,2371,2343,i_S
1779266648.560231,1960,2205,i_S
1779266648.561789,1587,2497,i_S
1779266648.563443,2018,2534,i_S
1779266648.6101298,2384,2339,i_S
1779266648.6110091,1920,2180,i_S
1779266648.6110878,2586,2114,i_S
1779266648.611226,1899,2169,i_S
1779266648.6114051,3187,2367,i_S
1779266648.6115541,1376,2315,i_S
1779266648.6116219,1919,2430,i_S
1779266648.61168,2099,2726,i_S
1779266648.6117399,1623,2494,i_S
1779266648.6118011,1981,2277,i_S
1779266648.611865,1750,2261,i_S
1779266648.611943,2749,2176,i_S
1779266648.6120021,2020,2298,i_S
1779266648.6120589,1893,2233,i_S
1779266648.612115,2253,2248,i_S
1779266648.612171,2220,2492,i_S
1779266648.612227,2006,2261,i_S
1779266648.612282,1733,2035,i_S
1779266648.6123378,2890,2108,i_S
1779266648.612394,2392,2017,i_S
1779266648.6124501,1481,2234,i_S
1779266648.6125052,2699,2349,i_S
1779266648.612564,1862,2126,i_S
1779266648.612625,2011,2340,i_S
1779266648.614559,1499,2208,i_S
1779266648.624245,3471,2086,i_S
1779266648.63447,2153,2282,i_S
1779266648.64088,1287,2204,i_S
1779266648.641545,1724,2117,i_S
1779266648.641839,1864,2182,i_S
1779266648.642074,1751,2206,i_S
1779266648.642603,2051,2238,i_S
1779266648.645579,1389,2074,i_S
1779266648.647072,4077,2444,i_S
1779266648.647166,1301,2269,i_S
1779266648.647339,1432,2039,i_S
1779266648.647409,1812,2242,i_S
1779266648.647475,2249,2075,i_S
1779266648.647542,2157,1978,i_S
1779266648.6476061,2374,2073,i_S
1779266648.647674,1916,2218,i_S
1779266648.6477382,1867,2129,i_S
1779266648.665896,1946,2078,i_S
1779266648.673625,2165,2080,i_S
1779266648.673989,2233,2099,i_S
1779266648.6747332,1308,2237,i_S
1779266648.675267,2665,2249,i_S
1779266648.675796,2767,2146,i_S
1779266648.680497,1764,2180,i_S
1779266648.680633,1994,2332,i_S
1779266648.680712,1955,2244,i_S
1779266648.680784,2524,2313,i_S
1779266648.680853,2136,1952,i_S
1779266648.680916,2083,2355,i_S
1779266648.6809778,1438,2097,i_S
1779266648.681039,2313,2052,i_S
1779266648.681099,2081,2082,i_S
1779266648.681172,1714,2342,i_S
1779266648.682538,2415,2229,i_S
1779266648.6838999,934,2105,i_S
1779266648.6854231,3346,1990,i_S
1779266648.6881669,3621,2077,i_S
1779266648.697552,1427,2192,i_S
1779266648.698603,1646,2200,i_S
1779266648.699598,2072,2159,i_S
1779266648.700588,2165,2346,i_S
1779266648.703753,1973,2202,i_S
1779266648.7039528,1947,2146,i_S
1779266648.707047,1787,1990,i_S
1779266648.708127,1748,2085,i_S
1779266648.711046,1452,2169,i_S
1779266648.718783,2551,2083,i_S
1779266648.719266,3371,1966,i_S
1779266648.719883,2129,2315,i_S
1779266648.720257,1085,2515,i_S
1779266648.720583,1823,2168,i_S
1779266648.725597,2015,1928,i_S
1779266648.72623,418,1949,i_S
1779266648.7263181,3796,2141,i_S
1779266648.726391,1494,2180,i_S
1779266648.726463,1984,1820,i_S
1779266648.727819,2372,2121,i_S
1779266648.736945,1493,2239,i_S
1779266648.73807,2323,2063,i_S
1779266648.740017,1678,2075,i_S
1779266648.743467,1478,2063,i_S
1779266648.743776,3331,2236,i_S
1779266648.744119,1967,2165,i_S
1779266648.744401,1321,1958,i_S
1779266648.744592,1783,1965,i_S
1779266648.750911,2309,2271,i_S
1779266648.751254,1990,2236,i_S
1779266648.7515771,2098,2150,i_S
1779266648.7594821,2367,2124,i_S
1779266648.759818,978,1974,i_S
1779266648.760489,2929,2141,i_S
1779266648.76122,2382,2054,i_S
1779266648.761772,2183,2109,i_S
1779266648.766196,1826,2063,i_S
1779266648.766735,1496,2316,i_S
1779266648.7668211,1568,1860,i_S
1779266648.768182,4095,2038,i_S
1779266648.769535,1158,2038,i_S
1779266648.7721758,1372,2290,i_S
1779266648.773578,989,2207,i_S
1779266648.784398,1590,2116,i_S
1779266648.7862039,2689,2118,i_S
1779266648.790129,1943,2270,i_S
1779266648.797108,2770,2110,i_S
1779266648.797536,2280,2056,i_S
1779266648.805428,1967,1954,i_S
1779266648.806151,1969,2089,i_S
1779266648.806575,1981,2172,i_S
1779266648.810082,2072,2037,i_S
1779266648.811142,1504,2045,i_S
1779266648.8117518,2293,2130,i_S
1779266648.81184,2080,2091,i_S
1779266648.811913,2109,2359,i_S
1779266648.811983,1545,2107,i_S
1779266648.812053,2337,1934,i_S
1779266648.8121212,2016,1943,i_S
1779266648.812184,2424,2167,i_S
1779266648.812246,1924,2115,i_S
1779266648.812308,1740,2108,i_S
1779266648.8136802,1524,2170,i_S
1779266648.821834,1340,2084,i_S
1779266648.823916,4095,2088,i_S
1779266648.825802,1792,1940,i_S
1779266648.826119,1700,2050,i_S
1779266648.831245,1640,2080,i_S
1779266648.843839,1932,1976,i_S
1779266648.8442109,2067,1973,i_S
1779266648.8445609,2566,2286,i_S
1779266648.848403,1968,2149,i_S
1779266648.850029,1927,1954,i_S
1779266648.8502479,1453,1991,i_S
1779266648.850354,1874,2101,i_S
1779266648.850425,2203,2225,i_S
1779266648.850494,2128,1962,i_S
1779266648.850558,2337,2031,i_S
1779266648.850623,1567,2034,i_S
1779266648.850689,2957,2179,i_S
1779266648.850754,1889,2186,i_S
1779266648.852124,1369,2060,i_S
1779266648.853486,2969,2090,i_S
1779266648.857731,2413,1797,i_S
1779266648.857825,1018,2183,i_S
1779266648.867896,2380,2075,i_S
1779266648.873002,3209,1961,i_S
1779266648.8886359,1946,2365,i_S
1779266648.8936708,1048,2314,i_S
1779266648.895369,1737,1976,i_S
1779266648.895787,1972,2139,i_S
1779266648.895869,2933,2197,i_S
1779266648.895942,1810,2258,i_S
1779266648.896011,1690,2178,i_S
1779266648.896117,1996,2049,i_S
1779266648.896276,1883,2066,i_S
1779266648.8963468,1866,2169,i_S
1779266648.896489,2397,1856,i_S
1779266648.89664,2358,1952,i_S
1779266648.896708,1882,2088,i_S
1779266648.897002,1113,2076,i_S
1779266648.897099,2772,2022,i_S
1779266648.897165,2458,2146,i_S
1779266648.897269,1637,2257,i_S
1779266648.8973901,1237,2396,i_S
1779266648.9080682,2738,2183,i_S
1779266648.909188,2472,2211,i_S
1779266648.909434,2143,2158,i_S
1779266648.910507,1630,2195,i_S
1779266648.911399,1828,2149,i_S
1779266648.9143941,1718,1967,i_S
1779266648.930389,2515,2208,i_S
1779266648.931461,1783,2219,i_S
1779266648.939519,2471,2114,i_S
1779266648.939635,2562,2136,i_S
1779266648.939837,1886,2086,i_S
1779266648.9399118,2036,2103,i_S
1779266648.9399738,1835,2201,i_S
1779266648.940036,2016,2394,i_S
1779266648.940125,2112,2286,i_S
1779266648.9402041,2285,2127,i_S
1779266648.940268,1522,2065,i_S
1779266648.94033,1814,1963,i_S
1779266648.940713,2265,1981,i_S
1779266648.940779,1805,1921,i_S
1779266648.940841,2852,2075,i_S
1779266648.942614,1737,1904,i_S
1779266648.944221,2713,1932,i_S
1779266648.9623628,1902,2050,i_S
1779266648.964703,2017,2396,i_S
1779266648.967829,1826,2045,i_S
1779266648.9769778,2214,2177,i_S
1779266648.977736,1696,2000,i_S
1779266648.978026,2507,2237,i_S
1779266648.978647,1893,2039,i_S
1779266648.984158,2013,2093,i_S
1779266648.984393,1696,2065,i_S
1779266648.9844968,1800,2157,i_S
1779266648.9846709,3046,2202,i_S
1779266648.9847412,1749,2105,i_S
1779266648.98491,1753,2036,i_S
1779266648.985116,2169,2117,i_S
1779266648.9854028,2215,2194,i_S
1779266648.985516,2289,1920,i_S
1779266648.985643,2043,2098,i_S
1779266648.9857652,2356,2180,i_S
1779266648.985834,1802,2544,i_S
1779266648.985892,777,2061,i_S
1779266648.985955,2391,1997,i_S
1779266648.987958,2801,2118,i_S
1779266649.017942,1813,2048,i_S
1779266649.026103,2721,2088,i_S
1779266649.0263329,2338,2057,i_S
1779266649.026468,1753,2186,i_S
1779266649.0268018,1588,2319,i_S
1779266649.026964,2177,2141,i_S
1779266649.027211,2029,2132,i_S
1779266649.027303,1665,2054,i_S
1779266649.027377,2622,2061,i_S
1779266649.0274408,1907,2226,i_S
1779266649.027662,1575,2099,i_S
1779266649.02976,2024,2019,i_S
1779266649.029851,2061,2102,i_S
1779266649.0299242,1980,2104,i_S
1779266649.030041,2776,2088,i_S
1779266649.0302532,1997,2020,i_S
1779266649.030432,1705,2210,i_S
1779266649.030516,1102,2082,i_S
1779266649.0306828,3456,1941,i_S
1779266649.0307589,1942,2003,i_S
1779266649.030981,1854,2287,i_S
1779266649.032714,1842,2256,i_S
1779266649.034517,2029,1988,i_S
1779266649.035996,1740,2049,i_S
1779266649.059287,2594,2127,i_S
1779266649.072932,2054,2205,i_S
1779266649.0732741,1662,2046,i_S
1779266649.073426,1475,2004,i_S
1779266649.073517,1844,2196,i_S
1779266649.0735848,2886,2332,i_S
1779266649.07365,2056,2009,i_S
1779266649.073819,2420,2076,i_S
1779266649.073919,2416,2036,i_S
1779266649.0741189,2129,2052,i_S
1779266649.074303,2194,1908,i_S
1779266649.074383,1928,2106,i_S
1779266649.074462,1776,2164,i_S
1779266649.074532,2032,2178,i_S
1779266649.074656,2207,2018,i_S
1779266649.074811,1302,2216,i_S
1779266649.075109,1258,1894,i_S
1779266649.075274,3493,2138,i_S
1779266649.0753431,2368,2288,i_S
1779266649.075406,1692,2199,i_S
1779266649.088026,1688,2240,i_S
1779266649.0922098,2132,2085,i_S
1779266649.0924642,2424,2168,i_S
1779266649.0927958,2238,2161,i_S
1779266649.093298,1808,2014,i_S
1779266649.093673,1704,2086,i_S
1779266649.096256,1793,2102,i_S
1779266649.100769,2005,2043,i_S
1779266649.1089962,1987,2095,i_S
1779266649.109759,1868,2208,i_S
1779266649.110152,2586,2183,i_S
1779266649.110521,2003,2162,i_S
1779266649.1111622,1895,2092,i_S
1779266649.111628,1545,2174,i_S
1779266649.112171,2686,2211,i_S
1779266649.1168,2030,2059,i_S
1779266649.116947,2338,2162,i_S
1779266649.1170208,1450,2150,i_S
1779266649.117116,1976,2095,i_S
1779266649.117633,2425,2113,i_S
1779266649.117835,1782,2166,i_S
1779266649.1193101,2117,1995,i_S
1779266649.122017,2072,2034,i_S
1779266649.1237838,1434,2162,i_S
1779266649.1252549,2194,1980,i_S
1779266649.1397781,3460,2061,i_S
1779266649.155156,1668,2226,i_S
1779266649.16165,1775,2263,i_S
1779266649.161757,1782,2128,i_S
1779266649.161834,2542,2047,i_S
1779266649.1620622,2153,2054,i_S
1779266649.1622999,1977,2062,i_S
1779266649.162418,1726,2106,i_S
1779266649.162501,1851,2119,i_S
1779266649.162567,1895,2171,i_S
1779266649.162719,2081,2132,i_S
1779266649.1627898,2188,2100,i_S
1779266649.162878,2190,2006,i_S
1779266649.163035,2052,2136,i_S
1779266649.163247,1889,2162,i_S
1779266649.1633751,1858,2037,i_S
1779266649.163458,1965,2024,i_S
1779266649.1635242,2022,2105,i_S
1779266649.163615,2046,2189,i_S
1779266649.1740448,2142,2096,i_S
1779266649.175464,2219,2028,i_S
1779266649.179861,2153,2092,i_S
1779266649.1833448,2090,2108,i_S
1779266649.184586,2015,2110,i_S
1779266649.187497,1910,2097,i_S
1779266649.195796,1818,2083,i_S
1779266649.196519,1712,2237,i_S
1779266649.196866,2046,2241,i_S
1779266649.197045,2213,2169,i_S
1779266649.2019122,1826,2123,i_S
1779266649.202085,2088,2159,i_S
1779266649.202179,2321,2043,i_S
1779266649.202305,2209,2002,i_S
1779266649.2024179,2062,2018,i_S
1779266649.202488,1933,2208,i_S
1779266649.202664,1960,2245,i_S
1779266649.2027771,2064,2193,i_S
1779266649.2028449,2249,2222,i_S
1779266649.204413,2105,2259,i_S
1779266649.205816,1877,2219,i_S
1779266649.2074292,1843,2231,i_S
1779266649.210196,2091,2314,i_S
1779266649.2175949,1952,2254,i_S
1779266649.2196999,1889,2216,i_S
1779266649.224721,1987,2421,i_S
1779266649.2251132,2047,2541,i_S
1779266649.2323241,2092,2360,i_S
1779266649.232579,1974,2234,i_S
1779266649.2408152,1932,2248,i_S
1779266649.241898,1909,2347,i_S
1779266649.247168,1956,2476,i_S
1779266649.247363,1934,2586,i_S
1779266649.247447,2049,2586,i_S
1779266649.2475169,2189,2458,i_S
1779266649.247581,1962,2449,i_S
1779266649.247642,1899,2471,i_S
1779266649.247707,2186,2537,i_S
1779266649.24777,2388,2484,i_S
1779266649.247831,2080,2533,i_S
1779266649.247893,2100,2489,i_S
1779266649.247958,2149,2539,i_S
1779266649.249311,2162,2473,i_S
1779266649.2585971,2098,2369,i_S
1779266649.2598028,1973,2371,i_S
1779266649.265013,2065,2430,i_S
1779266649.2654521,2130,2404,i_S
1779266649.2658508,2066,2403,i_S
1779266649.270041,2034,2524,i_S
1779266649.280682,2045,2550,i_S
1779266649.280973,2124,2473,i_S
1779266649.281584,2295,2436,i_S
1779266649.281926,2116,2421,i_S
1779266649.282688,2010,2507,i_S
1779266649.2831202,2005,2453,i_S
1779266649.2832818,2245,2382,i_S
1779266649.288297,2168,2473,i_S
1779266649.288393,2050,2620,i_S
1779266649.288461,2104,2633,i_S
1779266649.288526,2244,2545,i_S
1779266649.288589,2052,2453,i_S
1779266649.2886488,1872,2495,i_S
1779266649.290289,2131,2570,i_S
1779266649.291765,2316,2486,i_S
1779266649.294314,2027,2462,i_S
1779266649.296117,1958,2484,i_S
1779266649.30566,1977,2591,i_S
1779266649.306754,2185,2540,i_S
1779266649.3149388,2193,2489,i_S
1779266649.326027,2169,2571,i_S
1779266649.3304949,2090,2689,i_S
1779266649.330782,2161,2450,i_S
1779266649.330889,2275,2324,i_S
1779266649.330967,1827,2434,i_S
1779266649.331038,1511,2706,i_S
1779266649.331237,2111,2687,i_S
1779266649.33133,2414,2559,i_S
1779266649.331696,2178,2391,i_S
1779266649.331883,2029,2306,i_S
1779266649.331952,2087,2250,i_S
1779266649.332015,2188,2142,i_S
1779266649.3320801,2001,2205,i_S
1779266649.332144,1944,2479,i_S
1779266649.332212,2105,2572,i_S
1779266649.345066,2030,2468,i_S
1779266649.351344,1999,2346,i_S
1779266649.351849,1925,2380,i_S
1779266649.359376,1902,2392,i_S
1779266649.359626,2101,2216,i_S
1779266649.360061,2020,2161,i_S
1779266649.3604338,2010,2379,i_S
1779266649.360791,1985,2612,i_S
1779266649.3612711,2001,2534,i_S
1779266649.3617332,2053,2392,i_S
1779266649.3664289,1981,2323,i_S
1779266649.366921,1872,2390,i_S
1779266649.3671622,2018,2167,i_S
1779266649.3672519,2014,2155,i_S
1779266649.367326,2019,2462,i_S
1779266649.367396,1940,2733,i_S
1779266649.367459,2016,2605,i_S
1779266649.367522,2025,2532,i_S
1779266649.370156,1907,2456,i_S
1779266649.371624,1919,2577,i_S
1779266649.374261,1977,2420,i_S
1779266649.3760839,1927,2244,i_S
1779266649.383604,1901,2325,i_S
1779266649.3846881,1887,2636,i_S
1779266649.3863769,1918,2726,i_S
1779266649.3872588,1928,2503,i_S
1779266649.394263,1987,2415,i_S
1779266649.398473,1959,2429,i_S
1779266649.3988569,1910,2360,i_S
1779266649.4060328,1900,1967,i_S
1779266649.411056,1897,2080,i_S
1779266649.412622,1931,2384,i_S
1779266649.412719,2010,2671,i_S
1779266649.413229,1977,2480,i_S
1779266649.413343,1907,2274,i_S
1779266649.414067,1978,2211,i_S
1779266649.414151,1904,2467,i_S
1779266649.414219,1952,2308,i_S
1779266649.414285,1893,2203,i_S
1779266649.41435,1889,2418,i_S
1779266649.414412,1919,2744,i_S
1779266649.430314,1993,2459,i_S
1779266649.432558,2025,2395,i_S
1779266649.4352481,1917,2382,i_S
1779266649.435511,1897,2313,i_S
1779266649.4482539,2006,2027,i_S
1779266649.448351,1929,1677,i_S
1779266649.448421,1924,1808,i_S
1779266649.448562,1913,2175,i_S
1779266649.448786,1910,2179,i_S
1779266649.448863,1921,2001,i_S
1779266649.4492118,2030,2102,i_S
1779266649.4493032,2129,2185,i_S
1779266649.44977,2031,2076,i_S
1779266649.4499562,1986,1615,i_S
1779266649.451205,1917,1705,i_S
1779266649.4512908,2161,2243,i_S
1779266649.451356,1972,2541,i_S
1779266649.4514182,1847,2199,i_S
1779266649.451482,2213,1675,i_S
1779266649.455007,2281,1745,i_S
1779266649.455145,1923,1964,i_S
1779266649.4639812,1663,1583,i_S
1779266649.471074,1835,1450,i_S
1779266649.484777,1464,1794,i_S
1779266649.489465,2127,2218,i_S
1779266649.490013,2443,2052,i_S
1779266649.490108,2141,1795,i_S
1779266649.4901829,1771,1815,i_S
1779266649.490422,2102,1831,i_S
1779266649.490585,1915,1695,i_S
1779266649.4907131,1879,1643,i_S
1779266649.4908428,2269,1716,i_S
1779266649.4910789,2012,2183,i_S
1779266649.4911602,1994,2333,i_S
1779266649.491227,2086,1863,i_S
1779266649.491292,1734,1816,i_S
1779266649.491355,1416,1958,i_S
1779266649.4914181,2235,1922,i_S
1779266649.491536,2261,1825,i_S
1779266649.499899,1925,1580,i_S
1779266649.500913,1663,2051,i_S
1779266649.505617,2165,2411,i_S
1779266649.509326,2270,2062,i_S
1779266649.509529,2081,1828,i_S
1779266649.520446,1592,1902,i_S
1779266649.525769,2185,1917,i_S
1779266649.526443,2449,1415,i_S
1779266649.526599,2035,1497,i_S
1779266649.52668,2055,2045,i_S
1779266649.526746,2176,2498,i_S
1779266649.526811,2140,2211,i_S
1779266649.5268748,1742,1956,i_S
1779266649.527049,1891,1929,i_S
1779266649.527201,1755,2182,i_S
1779266649.527267,2044,1893,i_S
1779266649.527327,1991,1581,i_S
1779266649.5273879,1820,1857,i_S
1779266649.529618,1791,2489,i_S
1779266649.532427,2491,2599,i_S
1779266649.533865,2118,1957,i_S
1779266649.535875,1656,1798,i_S
1779266649.549952,1862,1933,i_S
1779266649.550625,1995,2060,i_S
1779266649.563688,1792,1528,i_S
1779266649.564366,2307,1653,i_S
1779266649.567913,2718,2193,i_S
1779266649.5693681,1968,2691,i_S
1779266649.5694551,1774,2216,i_S
1779266649.5695271,1774,2013,i_S
1779266649.569643,2503,1910,i_S
1779266649.569716,2324,2058,i_S
1779266649.569824,2029,1641,i_S
1779266649.5699499,1984,1788,i_S
1779266649.570011,1643,2023,i_S
1779266649.57007,1881,2449,i_S
1779266649.5701919,1767,2275,i_S
1779266649.570265,2007,1910,i_S
1779266649.5703292,1651,2035,i_S
1779266649.571674,1903,2264,i_S
1779266649.573121,2748,1837,i_S
1779266649.58977,2338,1750,i_S
1779266649.601577,2214,1742,i_S
1779266649.6021838,1620,2457,i_S
1779266649.602418,2561,2674,i_S
1779266649.609044,2444,2280,i_S
1779266649.61008,1827,1853,i_S
1779266649.6112242,1954,1941,i_S
1779266649.611327,2283,1898,i_S
1779266649.611941,1920,1651,i_S
1779266649.612226,1876,1959,i_S
1779266649.612308,1634,1882,i_S
1779266649.6126,1727,2537,i_S
1779266649.6128361,2107,2150,i_S
1779266649.61313,2345,1873,i_S
1779266649.6132128,1822,1836,i_S
1779266649.613288,2736,1969,i_S
1779266649.6133618,2222,1376,i_S
1779266649.6135192,2319,2049,i_S
1779266649.613594,1941,1656,i_S
1779266649.613667,2000,2639,i_S
1779266649.6157172,2075,2424,i_S
1779266649.643618,2235,1982,i_S
1779266649.644371,2250,1874,i_S
1779266649.645152,2444,1972,i_S
1779266649.650099,1660,1543,i_S
1779266649.650207,1411,2011,i_S
1779266649.650285,2043,1960,i_S
1779266649.6503549,3036,2154,i_S
1779266649.650423,1987,2526,i_S
1779266649.6504881,1716,2130,i_S
1779266649.650553,2451,1888,i_S
1779266649.65062,2301,1959,i_S
1779266649.6507132,2048,1820,i_S
1779266649.6507788,1999,1777,i_S
1779266649.6508439,2121,2155,i_S
1779266649.65104,2351,1881,i_S
1779266649.651171,1878,2830,i_S
1779266649.651242,1839,2382,i_S
1779266649.651304,2405,1852,i_S
1779266649.675169,2394,1938,i_S
1779266649.6822872,2523,1999,i_S
1779266649.683241,1759,1445,i_S
1779266649.683702,1772,2226,i_S
1779266649.684246,2066,1808,i_S
1779266649.684625,2257,2591,i_S
1779266649.6899898,2005,2514,i_S
1779266649.690269,1977,1863,i_S
1779266649.690469,1903,1957,i_S
1779266649.690699,1800,2110,i_S
1779266649.6907709,2340,1546,i_S
1779266649.690835,2173,2115,i_S
1779266649.6910741,2129,2110,i_S
1779266649.6911418,2157,2283,i_S
1779266649.691208,2168,2734,i_S
1779266649.6913002,2066,2058,i_S
1779266649.6913972,2020,1873,i_S
1779266649.6915998,1995,2039,i_S
1779266649.692053,2056,1821,i_S
1779266649.692271,2016,1825,i_S
1779266649.694509,1996,2254,i_S
1779266649.6959271,2188,1875,i_S
1779266649.698056,1976,2923,i_S
1779266649.732678,2088,2379,i_S
1779266649.734294,2071,1778,i_S
1779266649.7343922,2083,2008,i_S
1779266649.7345011,1985,2108,i_S
1779266649.734634,2024,1433,i_S
1779266649.7349608,1976,2288,i_S
1779266649.7353752,1973,1902,i_S
1779266649.735492,1929,2774,i_S
1779266649.735661,2007,2739,i_S
1779266649.735735,2051,1806,i_S
1779266649.7358,2008,2021,i_S
1779266649.735865,1991,2180,i_S
1779266649.735926,2052,1573,i_S
1779266649.735987,2012,2159,i_S
1779266649.736084,1884,2176,i_S
1779266649.73615,1803,2347,i_S
1779266649.7362182,2092,2873,i_S
1779266649.73628,2029,2023,i_S
1779266649.736342,1892,1834,i_S
1779266649.746967,1938,2130,i_S
1779266649.751319,1912,1854,i_S
1779266649.752289,2081,1842,i_S
1779266649.7558799,2038,2298,i_S
1779266649.757189,1825,1945,i_S
1779266649.7665029,1897,2966,i_S
1779266649.767613,2010,2371,i_S
1779266649.768184,1831,1755,i_S
1779266649.768605,1850,2215,i_S
1779266649.7693708,1856,2185,i_S
1779266649.769994,1888,1421,i_S
1779266649.774855,1876,2325,i_S
1779266649.775088,1916,1964,i_S
1779266649.775174,1625,2794,i_S
1779266649.775243,1808,2818,i_S
1779266649.775306,2163,1786,i_S
1779266649.775367,2045,1993,i_S
1779266649.775689,2126,2171,i_S
1779266649.775872,1654,1657,i_S
1779266649.775965,2176,2161,i_S
1779266649.777536,2301,2212,i_S
1779266649.780423,1849,2391,i_S
1779266649.781892,1907,2968,i_S
1779266649.7838578,1971,2022,i_S
1779266649.7977412,2041,1818,i_S
1779266649.8010602,2112,2236,i_S
1779266649.8024142,1802,1985,i_S
1779266649.817152,1990,1821,i_S
1779266649.8173928,1926,2322,i_S
1779266649.817483,2097,1981,i_S
1779266649.8175519,2044,3073,i_S
1779266649.817616,1533,2392,i_S
1779266649.81768,1983,1743,i_S
1779266649.817961,2076,2140,i_S
1779266649.818034,1902,2151,i_S
1779266649.8181,1975,1404,i_S
1779266649.818252,1924,2324,i_S
1779266649.8185012,1966,1978,i_S
1779266649.818843,1961,2843,i_S
1779266649.8190231,2123,2803,i_S
1779266649.819157,2112,1791,i_S
1779266649.819221,2038,1997,i_S
1779266649.837457,1990,2246,i_S
1779266649.8473558,1981,1611,i_S
1779266649.853699,2018,2158,i_S
1779266649.8539011,1934,2222,i_S
1779266649.854075,1815,2382,i_S
1779266649.854146,1966,3009,i_S
1779266649.8542101,2274,2025,i_S
1779266649.8542972,2095,1810,i_S
1779266649.854362,1946,2293,i_S
1779266649.854421,2050,1978,i_S
1779266649.854482,2014,1816,i_S
1779266649.854541,1976,2332,i_S
1779266649.8546,2320,2020,i_S
1779266649.85466,2134,3098,i_S
1779266649.854722,1859,2397,i_S
1779266649.854784,2140,1740,i_S
1779266649.8548439,2023,2245,i_S
1779266649.856274,1984,2188,i_S
1779266649.857684,2010,1392,i_S
1779266649.859117,1979,2335,i_S
1779266649.862092,1951,2003,i_S
1779266649.877711,1971,2854,i_S
1779266649.878491,2051,2829,i_S
1779266649.891594,1935,1785,i_S
1779266649.892509,1898,1983,i_S
1779266649.893901,1880,2284,i_S
1779266649.8992379,2040,1733,i_S
1779266649.899353,2352,2144,i_S
1779266649.8994749,1975,2238,i_S
1779266649.899554,1939,2449,i_S
1779266649.899634,2108,2957,i_S
1779266649.899709,2091,2048,i_S
1779266649.899783,2253,1805,i_S
1779266649.899843,2236,2228,i_S
1779266649.89991,1970,1940,i_S
1779266649.89998,2319,1795,i_S
1779266649.90004,1948,2326,i_S
1779266649.900202,2083,2028,i_S
1779266649.900331,1992,3116,i_S
1779266649.900403,1777,2417,i_S
1779266649.901632,1293,1748,i_S
1779266649.92913,2239,2246,i_S
1779266649.930315,2525,2246,i_S
1779266649.934996,1854,1372,i_S
1779266649.935194,1725,2329,i_S
1779266649.935294,1807,2010,i_S
1779266649.9354858,1998,2853,i_S
1779266649.935561,2396,2864,i_S
1779266649.935627,2295,1792,i_S
1779266649.9357362,2104,1978,i_S
1779266649.9358091,1851,2329,i_S
1779266649.9359949,1915,1658,i_S
1779266649.936085,2014,2144,i_S
1779266649.93615,2146,2245,i_S
1779266649.936216,2119,2385,i_S
1779266649.936306,2111,3023,i_S
1779266649.936445,2134,2045,i_S
1779266649.93664,1943,1796,i_S
1779266649.938067,1919,2345,i_S
1779266649.9394119,1989,2040,i_S
1779266649.9420888,1873,1783,i_S
1779266649.943779,1966,2344,i_S
1779266649.9708228,2031,1946,i_S
1779266649.9714189,2355,3046,i_S
1779266649.9716659,1940,2442,i_S
1779266649.971891,1983,1730,i_S
1779266649.9722161,2144,2193,i_S
1779266649.97253,2001,2201,i_S
1779266649.9761112,2035,1349,i_S
1779266649.9774,2058,2333,i_S
1779266649.977841,1996,2042,i_S
1779266649.977916,1889,2911,i_S
1779266649.978036,2074,2880,i_S
1779266649.978104,2100,1797,i_S
1779266649.9783309,2149,1957,i_S
1779266649.978393,1800,2260,i_S
1779266649.980603,1634,1707,i_S
1779266649.980791,2340,2130,i_S
1779266649.9817479,2133,2249,i_S
1779266649.9965088,1999,2373,i_S
1779266650.009604,2143,3146,i_S
1779266650.011034,2241,2047,i_S
1779266650.016138,2032,1795,i_S
1779266650.016256,1998,2273,i_S
1779266650.016333,2059,2080,i_S
1779266650.016438,2255,1776,i_S
1779266650.016512,1878,2340,i_S
1779266650.016578,2124,1922,i_S
1779266650.0166411,1896,3078,i_S
1779266650.0167308,1940,2442,i_S
1779266650.01692,1995,1731,i_S
1779266650.017108,2107,2171,i_S
1779266650.0171819,2097,2184,i_S
1779266650.017247,1927,1357,i_S
1779266650.01731,2221,2329,i_S
1779266650.017372,2134,2036,i_S
1779266650.0174348,1883,2845,i_S
1779266650.017497,1775,2890,i_S
1779266650.017559,2327,1796,i_S
1779266650.020279,1807,1954,i_S
1779266650.0217059,2123,2300,i_S
1779266650.023166,2203,1749,i_S
1779266650.036095,2095,2121,i_S
1779266650.0410838,1897,2253,i_S
1779266650.041302,1819,2357,i_S
1779266650.042235,1784,2957,i_S
1779266650.0450392,2456,2078,i_S
1779266650.056704,2492,1786,i_S
1779266650.057822,1888,2226,i_S
1779266650.058262,2058,2049,i_S
1779266650.062965,2112,1748,i_S
1779266650.063423,2110,2333,i_S
1779266650.063584,1902,1939,i_S
1779266650.0637481,1663,3071,i_S
1779266650.063891,2234,2469,i_S
1779266650.064075,2474,1744,i_S
1779266650.0641868,1679,2199,i_S
1779266650.064256,1586,2190,i_S
1779266650.0643232,2160,1360,i_S
1779266650.0644522,2316,2320,i_S
1779266650.0645251,2088,2048,i_S
1779266650.0645912,1926,2842,i_S
1779266650.074046,2015,2896,i_S
1779266650.076017,2054,1808,i_S
1779266650.085381,1987,1952,i_S
1779266650.085591,2068,2377,i_S
1779266650.1018162,2115,1704,i_S
1779266650.102041,2096,2110,i_S
1779266650.102131,1949,2265,i_S
1779266650.102206,1866,2373,i_S
1779266650.102277,1907,3018,i_S
1779266650.102346,2160,2087,i_S
1779266650.102415,2364,1785,i_S
1779266650.102487,1935,2245,i_S
1779266650.1029818,2136,2068,i_S
1779266650.1030772,2050,1736,i_S
1779266650.10331,2034,2338,i_S
1779266650.103654,1716,1953,i_S
1779266650.103768,1884,3116,i_S
1779266650.1038918,2500,2477,i_S
1779266650.1040971,1676,1738,i_S
1779266650.104172,2012,2191,i_S
1779266650.105581,2226,2183,i_S
1779266650.108326,2075,1319,i_S
1779266650.1097841,1951,2321,i_S
1779266650.111784,2087,2053,i_S
1779266650.1235368,2113,2840,i_S
1779266650.127968,2105,2911,i_S
1779266650.142026,1945,1809,i_S
1779266650.142564,1852,1950,i_S
1779266650.143071,2529,2354,i_S
1779266650.143641,1972,1753,i_S
1779266650.1443121,1917,2106,i_S
1779266650.145067,1900,2266,i_S
1779266650.149224,2306,2369,i_S
1779266650.150581,2090,3079,i_S
1779266650.15066,2452,2087,i_S
1779266650.150744,1502,1784,i_S
1779266650.1508648,1522,2318,i_S
1779266650.150996,2465,2097,i_S
1779266650.151063,2141,1734,i_S
1779266650.151221,2121,2346,i_S
1779266650.151358,2190,1979,i_S
1779266650.151456,2125,3154,i_S
1779266650.151576,1892,2481,i_S
1779266650.151653,1680,1736,i_S
1779266650.161568,2541,2190,i_S
1779266650.162791,2340,2220,i_S
1779266650.16531,1623,1480,i_S
1779266650.16852,1493,2306,i_S
1779266650.172065,2526,2060,i_S
1779266650.1734731,1736,2913,i_S
1779266650.176428,2033,2944,i_S
1779266650.183563,2515,1820,i_S
1779266650.1841018,2392,1954,i_S
1779266650.184525,1710,2271,i_S
1779266650.185059,1973,1788,i_S
1779266650.185473,2000,2091,i_S
1779266650.1861691,2164,2254,i_S
1779266650.1912,2215,2380,i_S
1779266650.191763,1953,3000,i_S
1779266650.19201,1956,2106,i_S
1779266650.192109,2024,1797,i_S
1779266650.192256,2047,2258,i_S
1779266650.1923661,1935,2063,i_S
1779266650.192488,1957,1722,i_S
1779266650.193857,2268,2331,i_S
1779266650.19521,2320,1927,i_S
1779266650.1978528,2129,3157,i_S
1779266650.199311,1781,2488,i_S
1779266650.210173,2106,1743,i_S
1779266650.213742,2344,2207,i_S
1779266650.214297,2126,2215,i_S
1779266650.2168581,2127,1405,i_S
1779266650.2201889,2128,2309,i_S
1779266650.226492,2069,2058,i_S
1779266650.227135,2014,2760,i_S
1779266650.227911,2051,2900,i_S
1779266650.2322829,2053,1824,i_S
1779266650.2323909,2174,1937,i_S
1779266650.232501,2190,2184,i_S
1779266650.2325718,2074,1530,i_S
1779266650.232636,1800,2113,i_S
1779266650.232725,1912,2255,i_S
1779266650.2328598,2027,2393,i_S
1779266650.233026,2231,3010,i_S
1779266650.233108,2513,2082,i_S
1779266650.2411299,2242,1794,i_S
1779266650.2438452,1383,2328,i_S
1779266650.2462451,1353,2214,i_S
1779266650.2468128,3095,1728,i_S
1779266650.24739,3126,2341,i_S
1779266650.253236,1720,1948,i_S
1779266650.259979,1602,3092,i_S
1779266650.264609,1600,2490,i_S
1779266650.264778,1962,1738,i_S
1779266650.265034,2530,2162,i_S
1779266650.265276,2554,2239,i_S
1779266650.2653508,2165,1354,i_S
1779266650.265541,1973,2313,i_S
1779266650.26591,2306,2064,i_S
1779266650.265986,1540,2780,i_S
1779266650.266145,2369,2863,i_S
1779266650.2675788,2246,1828,i_S
1779266650.270258,1750,1935,i_S
1779266650.271668,1650,2371,i_S
1779266650.282505,2768,1844,i_S
1779266650.285642,1386,2073,i_S
1779266650.286342,1381,2274,i_S
1779266650.288501,2962,2022,i_S
1779266650.2901802,2513,2928,i_S
1779266650.298225,1559,2139,i_S
1779266650.299058,2564,1753,i_S
1779266650.299639,1825,2170,i_S
1779266650.303665,2699,1948,i_S
1779266650.303804,2301,1683,i_S
1779266650.3038862,1686,2349,i_S
1779266650.30396,1266,1789,i_S
1779266650.3040261,2119,3055,i_S
1779266650.304089,2906,2539,i_S
1779266650.304151,2484,1719,i_S
1779266650.304213,1772,2043,i_S
1779266650.305624,1532,1974,i_S
1779266650.307159,1860,1337,i_S
1779266650.3160698,1016,2304,i_S
1779266650.3205109,2521,2079,i_S
1779266650.3210611,2364,2592,i_S
1779266650.3253279,2068,2735,i_S
1779266650.328012,2118,1854,i_S
1779266650.334846,1889,1878,i_S
1779266650.338609,1550,1978,i_S
1779266650.339137,1801,1741,i_S
1779266650.3392699,2227,2046,i_S
1779266650.33968,1886,2248,i_S
1779266650.339823,1978,2163,i_S
1779266650.3398972,1881,2914,i_S
1779266650.3399732,1986,2157,i_S
1779266650.34004,2104,1784,i_S
1779266650.3401148,2016,2096,i_S
1779266650.340191,1659,1891,i_S
1779266650.341554,2519,1685,i_S
1779266650.344193,2543,2317,i_S
1779266650.345531,1933,1791,i_S
1779266650.353337,1822,2937,i_S
1779266650.355099,1860,2525,i_S
1779266650.360679,1990,1743,i_S
1779266650.361245,1615,1852,i_S
1779266650.366495,2597,2063,i_S
1779266650.36714,1997,1539,i_S
1779266650.3732831,1691,2248,i_S
1779266650.373914,2353,2034,i_S
1779266650.3742878,2648,2249,i_S
1779266650.374939,2456,2784,i_S
1779266650.378575,1426,1892,i_S
1779266650.378975,2598,1766,i_S
1779266650.379155,1880,2044,i_S
1779266650.37929,1794,1820,i_S
1779266650.3793762,2189,1988,i_S
1779266650.379589,2432,2230,i_S
1779266650.37967,1391,2210,i_S
1779266650.3810189,2810,2314,i_S
1779266650.390203,2280,2252,i_S
1779266650.394188,1776,1789,i_S
1779266650.394735,1981,1835,i_S
1779266650.394918,1975,1924,i_S
1779266650.400196,3149,1571,i_S
1779266650.400598,2545,2259,i_S
1779266650.406875,1510,1953,i_S
1779266650.4074671,1305,2799,i_S
1779266650.4079309,1866,2312,i_S
1779266650.4084108,3417,1830,i_S
1779266650.40864,2444,1659,i_S
1779266650.409245,2575,1919,i_S
1779266650.4130292,2088,1480,i_S
1779266650.4132009,2102,2135,i_S
1779266650.4132822,2142,1993,i_S
1779266650.4134028,2723,2778,i_S
1779266650.416063,2226,2690,i_S
1779266650.417425,2204,1984,i_S
1779266650.420606,1951,1594,i_S
1779266650.427238,2416,1743,i_S
1779266650.4317389,2387,2025,i_S
1779266650.431995,2558,1880,i_S
1779266650.432163,1836,2085,i_S
1779266650.432639,2364,2249,i_S
1779266650.433154,3346,2458,i_S
1779266650.436609,1885,2077,i_S
1779266650.4493692,1451,1858,i_S
1779266650.449515,2218,1945,i_S
1779266650.449739,2297,2240,i_S
1779266650.449919,2225,1699,i_S
1779266650.450002,2415,2133,i_S
1779266650.450067,1963,2339,i_S
1779266650.45013,2107,2711,i_S
1779266650.450192,1702,2238,i_S
1779266650.451694,2129,1557,i_S
1779266650.465198,3689,1515,i_S
1779266650.465492,944,2082,i_S
1779266650.466017,2495,1969,i_S
1779266650.468768,3087,1887,i_S
1779266650.478821,1916,1980,i_S
1779266650.483868,2033,2491,i_S
1779266650.484684,1642,2374,i_S
1779266650.48499,2098,1679,i_S
1779266650.485155,2454,1431,i_S
1779266650.485286,2179,1577,i_S
1779266650.485373,1159,1879,i_S
1779266650.485443,2009,1597,i_S
1779266650.485517,2283,1998,i_S
1779266650.485586,2277,2118,i_S
1779266650.4856498,2643,2477,i_S
1779266650.485727,1600,1811,i_S
1779266650.4858701,2167,1402,i_S
1779266650.487218,2359,1602,i_S
1779266650.489829,2262,1683,i_S
1779266650.4923232,1852,2040,i_S
1779266650.5007098,1568,1982,i_S
1779266650.507553,2547,2259,i_S
1779266650.5217102,2013,2083,i_S
1779266650.5279832,2504,1795,i_S
1779266650.528247,2106,1515,i_S
1779266650.528399,1523,1202,i_S
1779266650.5284832,1195,1656,i_S
1779266650.528575,2875,1730,i_S
1779266650.5287292,3384,1788,i_S
1779266650.528887,2036,2134,i_S
1779266650.529176,1716,2371,i_S
1779266650.529282,1153,2277,i_S
1779266650.5293598,2163,1606,i_S
1779266650.529433,3459,1548,i_S
1779266650.529577,2084,1744,i_S
1779266650.5297291,1354,1638,i_S
1779266650.52981,2446,1526,i_S
1779266650.529878,2033,1688,i_S
1779266650.5301068,1611,1801,i_S
1779266650.54631,1834,1855,i_S
1779266650.558224,2311,1356,i_S
1779266650.559238,3065,1191,i_S
1779266650.559585,2039,1545,i_S
1779266650.5643241,2097,1731,i_S
1779266650.564532,2151,2054,i_S
1779266650.56461,1859,1789,i_S
1779266650.564734,3047,2703,i_S
1779266650.564956,778,2453,i_S
1779266650.565038,2628,2305,i_S
1779266650.565109,2388,2028,i_S
1779266650.5651798,2406,1998,i_S
1779266650.5652428,1521,1863,i_S
1779266650.565304,2653,2045,i_S
1779266650.565451,2020,2181,i_S
1779266650.5656,1153,2303,i_S
1779266650.565679,3730,2160,i_S
1779266650.5657449,2745,2469,i_S
1779266650.5670981,423,2086,i_S
1779266650.569925,2254,1845,i_S
1779266650.5717912,2209,1947,i_S
1779266650.573424,3496,2267,i_S
1779266650.632638,1072,2170,i_S
1779266650.6379662,2277,2312,i_S
1779266650.638081,1734,2640,i_S
1779266650.6382778,2721,2327,i_S
1779266650.638579,2104,2293,i_S
1779266650.639186,775,2020,i_S
1779266650.639571,2389,1867,i_S
1779266650.63969,1772,2247,i_S
1779266650.640013,928,2180,i_S
1779266650.640775,3738,2292,i_S
1779266650.6747441,1153,2520,i_S
1779266650.676181,3031,2426,i_S
1779266650.676362,2949,2163,i_S
1779266650.676438,2312,2047,i_S
1779266650.6765141,1882,2021,i_S
1779266650.6765828,2706,2199,i_S
1779266650.676651,1648,2324,i_S
1779266650.6767192,1621,2244,i_S
1779266650.67678,1927,2239,i_S
1779266650.6768372,668,2513,i_S
1779266650.676898,3091,2321,i_S
1779266650.676957,3250,2140,i_S
1779266650.677017,1490,2004,i_S
1779266650.677078,1544,2201,i_S
1779266650.677137,3426,2367,i_S
1779266650.677197,1273,2151,i_S
1779266650.6772852,1902,2282,i_S
1779266650.67739,3944,2417,i_S
1779266650.677452,919,2678,i_S
1779266650.67754,1152,2392,i_S
1779266650.677603,1881,2291,i_S
1779266650.677672,2028,2141,i_S
1779266650.677738,2234,2227,i_S
1779266650.677803,2165,2181,i_S
1779266650.677865,2251,2042,i_S
1779266650.677927,2134,2213,i_S
1779266650.677994,1268,2608,i_S
1779266650.6780522,1467,2317,i_S
1779266650.678111,1595,1948,i_S
1779266650.6782122,3620,2201,i_S
1779266650.678275,2028,2290,i_S
1779266650.678337,2083,2240,i_S
1779266650.678394,311,2150,i_S
1779266650.6784582,4095,2360,i_S
1779266650.678518,2605,2568,i_S
1779266650.6786659,1184,2328,i_S
1779266650.678729,1393,2301,i_S
1779266650.678862,2292,2082,i_S
1779266650.6789918,2828,2299,i_S
1779266650.679054,1238,2333,i_S
1779266650.679151,1877,2290,i_S
1779266650.6792262,1504,2078,i_S
1779266650.679477,2594,2427,i_S
1779266650.6879628,2727,2288,i_S
1779266650.688283,1677,2300,i_S
1779266650.689306,1471,2004,i_S
1779266650.6932979,2296,2182,i_S
1779266650.693792,2657,2373,i_S
1779266650.6943538,2498,2018,i_S
1779266650.698495,1611,2017,i_S
1779266650.700939,2507,2261,i_S
1779266650.701254,1728,2360,i_S
1779266650.7093928,2165,2139,i_S
1779266650.709931,1956,2117,i_S
1779266650.7101922,1756,2107,i_S
1779266650.710609,1833,2128,i_S
1779266650.711169,1864,1925,i_S
1779266650.7158341,1700,2037,i_S
1779266650.716473,3020,2319,i_S
1779266650.7165608,2054,2266,i_S
1779266650.716636,1494,2455,i_S
1779266650.718067,2319,2088,i_S
1779266650.71944,3101,1733,i_S
1779266650.7220879,770,2205,i_S
1779266650.723459,2029,2181,i_S
1779266650.734271,2335,1975,i_S
1779266650.735542,2023,2073,i_S
1779266650.7390442,1913,2501,i_S
1779266650.743297,1619,2636,i_S
1779266650.743558,1889,2348,i_S
1779266650.754459,2983,1928,i_S
1779266650.7551072,2296,1887,i_S
1779266650.7556129,1478,2235,i_S
1779266650.756125,2485,1941,i_S
1779266650.75632,2404,2001,i_S
1779266650.763177,1449,2255,i_S
1779266650.7633762,2283,2276,i_S
1779266650.763456,1885,2225,i_S
1779266650.7635279,2135,2227,i_S
1779266650.763741,3129,2154,i_S
1779266650.7639802,1352,2230,i_S
1779266650.764126,2549,2100,i_S
1779266650.764752,2097,1970,i_S
1779266650.7731268,1752,2008,i_S
1779266650.781606,1847,2341,i_S
1779266650.795158,2048,2206,i_S
1779266650.799527,1917,1921,i_S
1779266650.7996328,1062,1925,i_S
1779266650.799708,2915,2130,i_S
1779266650.799781,2674,2270,i_S
1779266650.799846,895,1979,i_S
1779266650.7999082,2898,1962,i_S
1779266650.799967,2995,2319,i_S
1779266650.8000262,1934,2529,i_S
1779266650.800092,1548,2285,i_S
1779266650.8001542,2030,1824,i_S
1779266650.800215,2159,2017,i_S
1779266650.800276,1644,2093,i_S
1779266650.8003352,844,2163,i_S
1779266650.800395,3036,1803,i_S
1779266650.8004532,3189,2012,i_S
1779266650.800514,1173,2516,i_S
1779266650.8005812,1729,2312,i_S
1779266650.801973,2548,1938,i_S
1779266650.80339,1839,2029,i_S
1779266650.80603,2021,2054,i_S
1779266650.807449,2687,2099,i_S
1779266650.816462,1685,2036,i_S
1779266650.816693,1657,2164,i_S
1779266650.817852,1549,2314,i_S
1779266650.8181279,2401,2114,i_S
1779266650.81899,2491,2096,i_S
1779266650.822266,1915,2031,i_S
1779266650.822668,1413,1862,i_S
1779266650.829751,4000,2080,i_S
1779266650.83025,1887,2018,i_S
1779266650.830581,1532,2047,i_S
1779266650.830844,1731,2306,i_S
1779266650.839263,2039,2273,i_S
1779266650.8398342,2364,2178,i_S
1779266650.840414,1715,2186,i_S
1779266650.840895,2144,2045,i_S
1779266650.841407,2390,2065,i_S
1779266650.8417,1772,2026,i_S
1779266650.846349,2476,1962,i_S
1779266650.846467,1840,2232,i_S
1779266650.847866,2130,2316,i_S
1779266650.849104,1872,2201,i_S
1779266650.856724,1831,2024,i_S
1779266650.859307,2004,1893,i_S
1779266650.8629088,2346,2093,i_S
1779266650.865528,1744,1979,i_S
1779266650.867163,2017,1945,i_S
1779266650.877725,1639,2030,i_S
1779266650.878509,2465,2136,i_S
1779266650.879446,2428,2432,i_S
1779266650.879863,1515,2100,i_S
1779266650.8800828,1651,1766,i_S
1779266650.880285,3491,2226,i_S
1779266650.880664,918,2036,i_S
1779266650.8810549,2918,2041,i_S
1779266650.8843908,1395,2089,i_S
1779266650.8856719,2289,2331,i_S
1779266650.885907,2076,2318,i_S
1779266650.886334,2222,2009,i_S
1779266650.886442,2075,2234,i_S
1779266650.887806,1770,1996,i_S
1779266650.889159,1177,2095,i_S
1779266650.892503,3377,2072,i_S
1779266650.8941061,1722,2089,i_S
1779266650.895684,1431,2152,i_S
1779266650.9226398,2010,2320,i_S
1779266650.927926,2073,2234,i_S
1779266650.928442,1958,2063,i_S
1779266650.9287019,2385,1768,i_S
1779266650.928821,2222,2206,i_S
1779266650.929034,1542,2052,i_S
1779266650.9292002,2757,2046,i_S
1779266650.929292,1712,2180,i_S
1779266650.9293618,2188,2173,i_S
1779266650.929506,2022,2119,i_S
1779266650.9295738,2336,1936,i_S
1779266650.929712,1776,2165,i_S
1779266650.929775,1987,2027,i_S
1779266650.929837,3109,2349,i_S
1779266650.929899,1196,2022,i_S
1779266650.929962,1604,1926,i_S
1779266650.930103,2267,2165,i_S
1779266650.931684,1646,2405,i_S
1779266650.945069,2593,2244,i_S
1779266650.9598222,3066,1837,i_S
1779266650.960598,1890,2058,i_S
1779266650.9613729,1321,2057,i_S
1779266650.965798,1929,2063,i_S
1779266650.966402,2158,1924,i_S
1779266650.966572,1986,2171,i_S
1779266650.966648,2138,2420,i_S
1779266650.966719,2066,2230,i_S
1779266650.966788,2270,1986,i_S
1779266650.966938,1676,2066,i_S
1779266650.9670851,1170,2009,i_S
1779266650.9671621,3995,2130,i_S
1779266650.9672241,1996,1968,i_S
1779266650.967286,1706,1884,i_S
1779266650.9673479,2041,2296,i_S
1779266650.967412,2265,2339,i_S
1779266650.9674802,2201,1967,i_S
1779266650.970218,1588,1995,i_S
1779266650.9715872,1234,2047,i_S
1779266650.974318,2200,2085,i_S
1779266650.983028,2009,1964,i_S
1779266650.983876,3070,1762,i_S
1779266650.9891331,2102,2373,i_S
1779266650.98954,990,2513,i_S
1779266650.989943,2250,2031,i_S
1779266650.9902651,2159,1968,i_S
1779266650.990575,2505,2008,i_S
1779266650.9911401,1685,2251,i_S
1779266650.997439,1867,2096,i_S
1779266650.997972,1714,2040,i_S
1779266651.005829,1927,2048,i_S
1779266651.006449,1731,2004,i_S
1779266651.0071082,3856,2306,i_S
1779266651.0074282,850,2181,i_S
1779266651.007798,2356,2012,i_S
1779266651.008202,2188,2098,i_S
1779266651.0128791,2588,1959,i_S
1779266651.0130439,1143,2159,i_S
1779266651.0131269,1862,2106,i_S
1779266651.013199,2569,2299,i_S
1779266651.0159109,1810,2412,i_S
1779266651.026347,1719,2226,i_S
1779266651.032831,2186,2039,i_S
1779266651.044258,2258,2077,i_S
1779266651.044637,2158,2126,i_S
1779266651.0450869,2309,1905,i_S
1779266651.045842,1870,1893,i_S
1779266651.0463119,1809,2199,i_S
1779266651.0524101,1610,2088,i_S
1779266651.052504,2916,2081,i_S
1779266651.0525692,2097,2090,i_S
1779266651.0526311,1558,1930,i_S
1779266651.052693,2074,2051,i_S
1779266651.052754,2224,2050,i_S
1779266651.0528152,2445,1948,i_S
1779266651.052876,1706,2224,i_S
1779266651.0529861,1898,2445,i_S
1779266651.053059,1850,2195,i_S
1779266651.0531259,2162,1898,i_S
1779266651.05319,2012,1849,i_S
1779266651.056127,1065,2088,i_S
1779266651.057528,3228,1960,i_S
1779266651.0694919,2625,2003,i_S
1779266651.075994,1512,2355,i_S
1779266651.087361,1938,2253,i_S
1779266651.087919,1955,2220,i_S
1779266651.088542,2576,1821,i_S
1779266651.088918,1956,1730,i_S
1779266651.0892742,2223,1981,i_S
1779266651.08957,1390,2105,i_S
1779266651.089771,1833,1806,i_S
1779266651.0951638,2208,1862,i_S
1779266651.095519,1851,2280,i_S
1779266651.0960739,2616,2414,i_S
1779266651.096281,2593,2325,i_S
1779266651.096359,1742,2047,i_S
1779266651.0964322,2111,2091,i_S
1779266651.096512,2394,2226,i_S
1779266651.0966249,1395,2068,i_S
1779266651.096729,2344,1996,i_S
1779266651.096798,1981,2075,i_S
1779266651.098159,1517,2268,i_S
1779266651.105613,1553,2245,i_S
1779266651.1078908,2016,2019,i_S
1779266651.109098,2470,1991,i_S
1779266651.1137311,2438,2345,i_S
1779266651.113939,1156,2126,i_S
1779266651.1143198,2762,1917,i_S
1779266651.114578,2367,2128,i_S
1779266651.114902,1422,2443,i_S
1779266651.118072,1570,2439,i_S
1779266651.1214788,1969,2192,i_S
1779266651.121771,2345,1971,i_S
1779266651.12204,2408,2009,i_S
1779266651.1339011,1885,2132,i_S
1779266651.1350899,1883,1957,i_S
1779266651.135766,2176,1855,i_S
1779266651.135851,1991,2162,i_S
1779266651.135922,1753,2300,i_S
1779266651.135991,2028,2006,i_S
1779266651.1360588,2540,1895,i_S
1779266651.137434,1921,2038,i_S
1779266651.1401951,1803,2132,i_S
1779266651.141651,1994,2094,i_S
1779266651.143137,1932,2042,i_S
1779266651.160265,2107,2268,i_S
1779266651.161005,2187,2413,i_S
1779266651.164713,1916,2296,i_S
1779266651.165029,1718,2142,i_S
1779266651.166187,2012,2004,i_S
1779266651.168916,2079,2070,i_S
1779266651.169264,2343,2081,i_S
1779266651.1774411,2258,1887,i_S
1779266651.17808,2031,2132,i_S
1779266651.178668,2125,2131,i_S
1779266651.178944,2089,2177,i_S
1779266651.179253,2058,2013,i_S
1779266651.1795998,2093,1945,i_S
1779266651.179917,1881,2032,i_S
1779266651.18589,1887,2204,i_S
1779266651.186257,2069,2083,i_S
1779266651.186476,2064,2129,i_S
1779266651.1865559,2049,2224,i_S
1779266651.18662,1945,2269,i_S
1779266651.186683,1840,2091,i_S
1779266651.186782,2181,2004,i_S
1779266651.189593,2073,2095,i_S
1779266651.1897311,2059,2149,i_S
1779266651.198505,2010,1890,i_S
1779266651.200898,1915,1876,i_S
1779266651.201238,2059,2198,i_S
1779266651.2048588,2094,2427,i_S
1779266651.20833,2136,2247,i_S
1779266651.212738,2162,2180,i_S
1779266651.221626,2174,2181,i_S
1779266651.222019,1878,2228,i_S
1779266651.2226171,1815,2190,i_S
1779266651.223207,2099,2063,i_S
1779266651.223774,2020,2155,i_S
1779266651.228833,1823,2409,i_S
1779266651.229082,2175,2460,i_S
1779266651.229375,2356,2284,i_S
1779266651.229455,1752,2130,i_S
1779266651.229868,1455,2129,i_S
1779266651.230134,1659,2274,i_S
1779266651.2302132,2052,2295,i_S
1779266651.2302809,2183,2243,i_S
1779266651.230345,2244,2553,i_S
1779266651.2319932,2003,2719,i_S
1779266651.233516,2054,2502,i_S
1779266651.2363079,2254,2386,i_S
1779266651.2376819,2042,2301,i_S
1779266651.248074,1887,2349,i_S
1779266651.249353,2443,2304,i_S
1779266651.250336,1681,2223,i_S
1779266651.251292,1016,2437,i_S
1779266651.255258,2171,2659,i_S
1779266651.258114,2759,2513,i_S
1779266651.260481,2401,2387,i_S
1779266651.2723851,1639,2166,i_S
1779266651.273365,1929,2377,i_S
1779266651.274291,2439,2384,i_S
1779266651.279456,2204,2346,i_S
1779266651.2800262,1963,2419,i_S
1779266651.280235,1833,2732,i_S
1779266651.280359,2011,2683,i_S
1779266651.280461,2146,2490,i_S
1779266651.2806149,1785,2508,i_S
1779266651.280721,1152,2655,i_S
1779266651.280797,2633,2748,i_S
1779266651.280861,2896,2485,i_S
1779266651.280961,2304,2414,i_S
1779266651.281049,2053,2705,i_S
1779266651.281151,2204,2869,i_S
1779266651.2919219,1899,2585,i_S
1779266651.297834,1165,2436,i_S
1779266651.298361,2735,2461,i_S
1779266651.298871,2475,2569,i_S
1779266651.301583,2094,2337,i_S
1779266651.3032682,2155,2072,i_S
1779266651.306047,1883,2240,i_S
1779266651.321064,1628,2568,i_S
1779266651.3212202,2014,2563,i_S
1779266651.321292,2297,2437,i_S
1779266651.3213592,2337,2312,i_S
1779266651.321522,2322,2338,i_S
1779266651.321685,1631,2367,i_S
1779266651.321766,1441,2116,i_S
1779266651.3218381,1834,2379,i_S
1779266651.321909,2623,2740,i_S
1779266651.322077,2227,2686,i_S
1779266651.322172,2146,2438,i_S
1779266651.322282,2088,2411,i_S
1779266651.322355,2236,2560,i_S
1779266651.323786,2215,2536,i_S
1779266651.325216,2279,2247,i_S
1779266651.328172,1540,2190,i_S
1779266651.329725,1645,2509,i_S
1779266651.339555,1407,2878,i_S
1779266651.346124,2046,2816,i_S
1779266651.349928,1939,2532,i_S
1779266651.3542578,1674,2672,i_S
1779266651.363492,1181,2739,i_S
1779266651.3642519,1859,2347,i_S
1779266651.364883,2795,2238,i_S
1779266651.36545,1655,2732,i_S
1779266651.3694458,1766,3181,i_S
1779266651.371059,2068,3001,i_S
1779266651.371258,1870,2784,i_S
1779266651.3714292,2522,2725,i_S
1779266651.371535,1667,2901,i_S
1779266651.3716311,1676,2563,i_S
1779266651.371735,2241,2225,i_S
1779266651.37184,1726,2541,i_S
1779266651.371912,1786,2999,i_S
1779266651.3720052,1797,2992,i_S
1779266651.372184,1751,2588,i_S
1779266651.3722801,2350,2329,i_S
1779266651.3723571,2080,2377,i_S
1779266651.3737721,1830,2337,i_S
1779266651.37532,1249,1982,i_S
1779266651.3858502,2111,1893,i_S
1779266651.3899572,2274,2292,i_S
1779266651.3909,2024,2790,i_S
1779266651.394064,2228,2502,i_S
1779266651.406705,1837,2304,i_S
1779266651.412502,1971,2230,i_S
1779266651.412662,1818,2450,i_S
1779266651.412819,1988,1918,i_S
1779266651.4131231,1673,1718,i_S
1779266651.4134521,1980,2085,i_S
1779266651.413544,2267,2500,i_S
1779266651.413716,2110,2418,i_S
1779266651.4138849,1918,2086,i_S
1779266651.41403,2067,1978,i_S
1779266651.4141152,2261,2047,i_S
1779266651.414227,2057,1700,i_S
1779266651.414337,1970,1458,i_S
1779266651.4145122,1759,1582,i_S
1779266651.4146152,2086,2285,i_S
1779266651.416082,1968,2396,i_S
1779266651.417566,1846,1975,i_S
1779266651.420109,1824,1758,i_S
1779266651.42238,1891,1882,i_S
1779266651.43377,1979,1844,i_S
1779266651.437292,2011,1371,i_S
1779266651.44061,1985,1694,i_S
1779266651.441895,1895,1956,i_S
1779266651.4444191,1842,2457,i_S
1779266651.444842,1827,2082,i_S
1779266651.4544058,1812,1837,i_S
1779266651.45889,1841,1741,i_S
1779266651.46034,1853,1857,i_S
1779266651.4604301,1923,1319,i_S
1779266651.4606621,2028,1792,i_S
1779266651.4609349,1990,1555,i_S
1779266651.461146,1866,2350,i_S
1779266651.4612741,1892,2189,i_S
1779266651.461356,1944,1732,i_S
1779266651.461424,1949,1635,i_S
1779266651.4615622,2022,1816,i_S
1779266651.461637,1973,1433,i_S
1779266651.461786,2010,1744,i_S
1779266651.461857,1852,1715,i_S
1779266651.463218,1771,1993,i_S
1779266651.472146,2030,2390,i_S
1779266651.475196,1947,1981,i_S
1779266651.4784708,2011,1742,i_S
1779266651.48206,1918,1832,i_S
1779266651.482414,1947,1724,i_S
1779266651.4939451,1990,1573,i_S
1779266651.4946802,1961,1913,i_S
1779266651.495081,1960,1743,i_S
1779266651.498264,1907,2546,i_S
1779266651.499454,2036,2254,i_S
1779266651.499566,1782,1891,i_S
1779266651.49964,1933,1720,i_S
1779266651.499748,2037,1791,i_S
1779266651.4998589,1965,1325,i_S
1779266651.499945,1610,2019,i_S
1779266651.50014,2514,1628,i_S
1779266651.5002172,2582,1541,i_S
1779266651.500282,1791,1600,i_S
1779266651.501617,1894,1327,i_S
1779266651.504218,2040,1221,i_S
1779266651.505582,1994,1453,i_S
1779266651.507413,1945,1044,i_S
1779266651.5296519,2007,1752,i_S
1779266651.530057,1979,1793,i_S
1779266651.5303402,1602,1963,i_S
1779266651.5305521,2056,2293,i_S
1779266651.5309582,1921,2125,i_S
1779266651.533737,2213,1901,i_S
1779266651.535787,1906,1820,i_S
1779266651.5358999,2203,1738,i_S
1779266651.5359712,2068,1558,i_S
1779266651.5360372,1981,1989,i_S
1779266651.536103,1840,1885,i_S
1779266651.5361679,2102,2772,i_S
1779266651.536257,2390,2491,i_S
1779266651.536334,1970,1994,i_S
1779266651.5376818,1797,2035,i_S
1779266651.560965,1888,2213,i_S
1779266651.565092,2158,1571,i_S
1779266651.565581,1963,2084,i_S
1779266651.565784,1791,1802,i_S
1779266651.565873,1937,2851,i_S
1779266651.56595,2005,2723,i_S
1779266651.566016,2087,1975,i_S
1779266651.566095,2014,2121,i_S
1779266651.566184,2056,2245,i_S
1779266651.566336,2209,1792,i_S
1779266651.566426,2048,2007,i_S
1779266651.566582,1820,2087,i_S
1779266651.5667331,2119,2645,i_S
1779266651.566827,2045,3042,i_S
1779266651.568253,1957,2119,i_S
1779266651.569804,2046,1942,i_S
1779266651.5711732,2052,2300,i_S
1779266651.5870311,2025,2199,i_S
1779266651.589029,2053,1740,i_S
1779266651.5952508,2008,2230,i_S
1779266651.59626,1971,2181,i_S
1779266651.596778,2103,3019,i_S
1779266651.597035,1740,2432,i_S
1779266651.597334,1665,1833,i_S
1779266651.600938,2302,2017,i_S
1779266651.601011,2417,2182,i_S
1779266651.60113,2254,1506,i_S
1779266651.6013088,1804,2230,i_S
1779266651.601381,1868,1887,i_S
1779266651.601473,2081,2820,i_S
1779266651.601616,1999,2816,i_S
1779266651.601677,1997,1851,i_S
1779266651.603106,1779,2042,i_S
1779266651.609935,1924,2200,i_S
1779266651.6119459,1955,1782,i_S
1779266651.614675,2002,2100,i_S
1779266651.6176372,2041,2159,i_S
1779266651.6204832,2041,2443,i_S
1779266651.630754,1954,2919,i_S
1779266651.63142,1973,2068,i_S
1779266651.6315699,2255,1867,i_S
1779266651.6317508,2103,2251,i_S
1779266651.6318479,1889,2109,i_S
1779266651.631914,2126,1776,i_S
1779266651.631976,1971,2286,i_S
1779266651.632135,1975,1921,i_S
1779266651.6322,1856,2961,i_S
1779266651.633554,1778,2436,i_S
1779266651.636235,2024,1768,i_S
1779266651.6376,1807,2151,i_S
1779266651.650878,1853,2222,i_S
1779266651.651635,1992,1445,i_S
1779266651.663001,2223,2294,i_S
1779266651.66362,2092,1987,i_S
1779266651.664045,2052,2824,i_S
1779266651.664462,2274,2801,i_S
1779266651.665118,2399,1826,i_S
1779266651.665687,2003,1969,i_S
1779266651.669086,1972,2176,i_S
1779266651.6691709,2061,1746,i_S
1779266651.66924,1973,2106,i_S
1779266651.6694021,2020,2212,i_S
1779266651.6694841,1951,2434,i_S
1779266651.669548,1704,3017,i_S
1779266651.6696901,1982,2069,i_S
1779266651.669827,2182,1827,i_S
1779266651.679629,2263,2169,i_S
1779266651.6829271,2042,1957,i_S
1779266651.6833751,1852,1779,i_S
1779266651.686356,1926,2304,i_S
1779266651.689802,2076,1872,i_S
1779266651.696149,2163,3007,i_S
1779266651.696702,2008,2435,i_S
1779266651.697402,2012,1750,i_S
1779266651.700431,1992,2166,i_S
1779266651.701393,2016,2209,i_S
1779266651.701741,2089,1404,i_S
1779266651.702239,2146,2311,i_S
1779266651.7023401,2036,2008,i_S
1779266651.702483,2088,2835,i_S
1779266651.702571,2091,2882,i_S
1779266651.7026849,2206,1806,i_S
1779266651.704031,1981,1977,i_S
1779266651.7054029,1934,2288,i_S
1779266651.708062,1938,1648,i_S
1779266651.70975,1996,2131,i_S
1779266651.718501,2218,2238,i_S
1779266651.722035,1980,2352,i_S
1779266651.7249951,2041,2965,i_S
1779266651.728087,2100,2062,i_S
1779266651.734138,2162,1798,i_S
1779266651.7345011,2139,2106,i_S
1779266651.735009,1779,1968,i_S
1779266651.735481,1762,1778,i_S
1779266651.735828,2082,2318,i_S
1779266651.7362628,1972,1899,i_S
1779266651.739116,2116,3004,i_S
1779266651.740337,2152,2442,i_S
1779266651.740459,2218,1743,i_S
1779266651.7405481,2057,2252,i_S
1779266651.740706,1883,2230,i_S
1779266651.742111,2075,1343,i_S
1779266651.750819,2038,2329,i_S
1779266651.754248,2138,2036,i_S
1779266651.757256,2057,2792,i_S
1779266651.7604601,1981,2774,i_S
1779266651.760889,1699,1807,i_S
1779266651.7670898,2047,1930,i_S
1779266651.767801,2296,2092,i_S
1779266651.768399,2200,1520,i_S
1779266651.7720032,1885,2133,i_S
1779266651.772516,1996,2233,i_S
1779266651.7726579,2036,2192,i_S
1779266651.7728288,1835,2938,i_S
1779266651.772901,1836,2065,i_S
1779266651.7730298,2035,1786,i_S
1779266651.7731452,2582,2089,i_S
1779266651.77321,2368,1911,i_S
1779266651.775847,2207,1778,i_S
1779266651.777204,1895,2325,i_S
1779266651.788023,1944,1868,i_S
1779266651.793142,2102,3039,i_S
1779266651.79695,2108,2443,i_S
1779266651.797322,2035,1736,i_S
1779266651.803082,1944,2221,i_S
1779266651.8035572,1860,2226,i_S
1779266651.80427,1900,1389,i_S
1779266651.804693,1873,2327,i_S
1779266651.80803,2176,2038,i_S
1779266651.8092391,2311,2972,i_S
1779266651.809332,2118,2882,i_S
1779266651.809487,1949,1800,i_S
1779266651.809632,2088,1970,i_S
1779266651.809715,1972,2380,i_S
1779266651.8098402,1926,1810,i_S
1779266651.809916,1961,2116,i_S
1779266651.8113458,2042,2254,i_S
1779266651.8200462,2059,2377,i_S
1779266651.820874,2254,3021,i_S
1779266651.823693,1829,2078,i_S
1779266651.827255,1979,1794,i_S
1779266651.8295722,1899,2305,i_S
1779266651.8357701,1724,2000,i_S
1779266651.836222,2096,1755,i_S
1779266651.8365371,2314,2341,i_S
1779266651.836969,1995,1875,i_S
1779266651.837541,2020,3171,i_S
1779266651.841331,2323,2456,i_S
1779266651.841783,2145,1728,i_S
1779266651.841899,2212,2219,i_S
1779266651.841969,2114,2272,i_S
1779266651.8420942,2241,1361,i_S
1779266651.843301,1930,2331,i_S
1779266651.8460732,1831,2062,i_S
1779266651.847455,1899,2748,i_S
1779266651.8598669,2055,2905,i_S
1779266651.863012,2044,1806,i_S
1779266651.8644,2079,1933,i_S
1779266651.866912,2028,2342,i_S
1779266651.8734238,2005,1735,i_S
1779266651.874063,2033,2107,i_S
1779266651.874329,1963,2276,i_S
1779266651.8747032,1982,2422,i_S
1779266651.877992,2033,3107,i_S
1779266651.8793159,1848,2083,i_S
1779266651.879403,1901,1783,i_S
1779266651.879479,2221,2271,i_S
1779266651.87962,2071,2001,i_S
1779266651.879696,2110,1745,i_S
1779266651.879788,2132,2343,i_S
1779266651.879877,2192,1753,i_S
1779266651.881284,2140,3058,i_S
1779266651.888641,2177,2481,i_S
1779266651.89363,2118,1716,i_S
1779266651.8959339,1879,2180,i_S
1779266651.8995452,1921,2184,i_S
1779266651.900029,2083,1322,i_S
1779266651.905681,2142,2335,i_S
1779266651.906568,2068,2081,i_S
1779266651.9070342,1726,2964,i_S
1779266651.907619,2031,2928,i_S
1779266651.9077928,2221,1805,i_S
1779266651.908395,2109,1939,i_S
1779266651.9125152,1903,2310,i_S
1779266651.91262,2065,1719,i_S
1779266651.9127092,2076,2115,i_S
1779266651.9128268,1959,2270,i_S
1779266651.914185,2208,2306,i_S
1779266651.9155278,2069,3054,i_S
1779266651.9181561,2093,2085,i_S
1779266651.925676,2042,1776,i_S
1779266651.931021,1999,2322,i_S
1779266651.931817,2190,2080,i_S
1779266651.934633,2064,1737,i_S
1779266651.943007,1750,2353,i_S
1779266651.943543,1617,2048,i_S
1779266651.944216,1887,3172,i_S
1779266651.944936,2353,2478,i_S
1779266651.947753,2232,1739,i_S
1779266651.9490728,1906,2215,i_S
1779266651.949261,1797,2231,i_S
1779266651.9493551,2274,1344,i_S
1779266651.949667,2158,2323,i_S
1779266651.9498298,2378,2061,i_S
1779266651.949903,2167,2824,i_S
1779266651.9499688,2034,2929,i_S
1779266651.951322,1774,1807,i_S
1779266651.96625,1990,1938,i_S
1779266651.972449,2023,2232,i_S
1779266651.97357,2051,1662,i_S
1779266651.9775739,2144,2115,i_S
1779266651.977827,1983,2259,i_S
1779266651.9779892,1872,2218,i_S
1779266651.9780638,1945,2989,i_S
1779266651.978128,2054,2085,i_S
1779266651.9781911,2090,1776,i_S
1779266651.978337,2114,2241,i_S
1779266651.978492,1964,1889,i_S
1779266651.978571,2048,1754,i_S
1779266651.9786859,1984,2346,i_S
1779266651.980142,1814,1800,i_S
1779266651.9815328,1814,3119,i_S
1779266651.98452,2374,2466,i_S
1779266651.992855,2222,1718,i_S
1779266651.99473,2136,2200,i_S
1779266651.9975371,2080,2282,i_S
1779266652.001024,2306,1369,i_S
1779266652.008754,2095,2333,i_S
1779266652.0094779,2115,2080,i_S
1779266652.009957,2008,2848,i_S
1779266652.010526,2002,2935,i_S
1779266652.014632,2138,1807,i_S
1779266652.015164,1888,1928,i_S
1779266652.0153012,1686,2359,i_S
1779266652.015394,2046,1694,i_S
1779266652.0154612,2266,2110,i_S
1779266652.015541,2014,2280,i_S
1779266652.0157812,1885,2226,i_S
1779266652.0159638,1751,3091,i_S
1779266652.017417,2249,2087,i_S
1779266652.026061,2205,1763,i_S
1779266652.0291991,1976,2319,i_S
1779266652.040477,2040,2065,i_S
1779266652.041049,2104,1728,i_S
1779266652.041524,2159,2362,i_S
1779266652.042014,1856,1945,i_S
1779266652.042547,1893,3193,i_S
1779266652.0465238,2126,2489,i_S
1779266652.046968,2277,1722,i_S
1779266652.04719,2079,2181,i_S
1779266652.0472572,1923,2277,i_S
1779266652.047318,2005,1375,i_S
1779266652.047376,2128,2323,i_S
1779266652.047486,2021,2086,i_S
1779266652.047627,1910,2757,i_S
1779266652.0491462,2076,2974,i_S
1779266652.051832,2006,1814,i_S
1779266652.0532138,1918,1918,i_S
1779266652.06547,2070,2359,i_S
1779266652.0662432,2118,1822,i_S
1779266652.066772,2135,2083,i_S
1779266652.0687602,2059,2287,i_S
1779266652.072523,2022,2289,i_S
1779266652.073209,2269,3158,i_S
1779266652.0795882,2232,2127,i_S
1779266652.079765,1928,1767,i_S
1779266652.083796,1706,2351,i_S
1779266652.0844219,1935,2062,i_S
1779266652.084636,2243,1711,i_S
1779266652.084738,2043,2362,i_S
1779266652.084832,1960,1847,i_S
1779266652.084945,2144,3193,i_S
1779266652.085092,2151,2505,i_S
1779266652.085166,1921,1718,i_S
1779266652.094778,1925,2162,i_S
1779266652.0991309,1712,2205,i_S
1779266652.1046531,1988,1331,i_S
1779266652.110881,2241,2327,i_S
1779266652.111737,1955,2099,i_S
1779266652.112158,1929,2848,i_S
1779266652.115832,2008,2970,i_S
1779266652.115989,1946,1813,i_S
1779266652.1162539,2193,1918,i_S
1779266652.116329,2239,2386,i_S
1779266652.116398,2165,1781,i_S
1779266652.116687,2022,2089,i_S
1779266652.1169221,1980,2290,i_S
1779266652.117218,1913,2236,i_S
1779266652.117325,2096,3187,i_S
1779266652.11746,2219,2103,i_S
1779266652.1201742,2240,1759,i_S
1779266652.121577,1888,2436,i_S
1779266652.130837,1980,2150,i_S
1779266652.133499,2033,1701,i_S
1779266652.133776,2166,2374,i_S
1779266652.1405811,1881,1873,i_S
1779266652.14093,1973,3192,i_S
1779266652.144484,2082,2520,i_S
1779266652.1514502,2040,1710,i_S
1779266652.1518679,1908,2161,i_S
1779266652.152498,2215,2306,i_S
1779266652.15277,2129,1337,i_S
1779266652.1532109,1946,2325,i_S
1779266652.1534872,1990,2123,i_S
1779266652.158398,1995,2798,i_S
1779266652.158554,2156,2993,i_S
1779266652.1586702,2089,1824,i_S
1779266652.158766,2101,1897,i_S
1779266652.1588879,1931,2347,i_S
1779266652.15913,2106,1776,i_S
1779266652.159212,2082,2074,i_S
1779266652.162209,2021,2300,i_S
1779266652.1721768,1919,2195,i_S
1779266652.172435,2010,3142,i_S
1779266652.182488,2023,2125,i_S
1779266652.182962,2056,1749,i_S
1779266652.1833081,2157,2374,i_S
1779266652.19019,2190,2074,i_S
1779266652.1911838,2088,1684,i_S
1779266652.194601,1985,2371,i_S
1779266652.196228,2041,1824,i_S
1779266652.1963258,2051,3231,i_S
1779266652.1964002,2071,2533,i_S
1779266652.19647,2053,1711,i_S
1779266652.196577,1894,2169,i_S
1779266652.196685,1798,2298,i_S
1779266652.196748,2254,1345,i_S
1779266652.196809,2086,2323,i_S
1779266652.1968708,1962,2134,i_S
1779266652.1982348,1995,2698,i_S
1779266652.199467,2160,3003,i_S
1779266652.2020879,2190,1830,i_S
1779266652.203546,2106,1882,i_S
1779266652.213717,2178,2319,i_S
1779266652.21788,2120,1754,i_S
1779266652.21854,1829,2064,i_S
1779266652.218731,2082,2308,i_S
1779266652.218942,1976,2186,i_S
1779266652.222187,2007,3085,i_S
1779266652.225588,1984,2146,i_S
1779266652.232887,1972,1748,i_S
1779266652.2336268,1965,2267,i_S
1779266652.238071,2040,2027,i_S
1779266652.238562,2163,1670,i_S
1779266652.238676,2044,2364,i_S
1779266652.238747,2054,1805,i_S
1779266652.238815,2116,3016,i_S
1779266652.2388842,2111,2566,i_S
1779266652.238979,2078,1716,i_S
1779266652.2390962,1943,2123,i_S
1779266652.2391691,1793,2248,i_S
1779266652.2422478,2314,1345,i_S
1779266652.250101,2010,2308,i_S
1779266652.258773,2067,2141,i_S
1779266652.260143,2072,2700,i_S
1779266652.2698328,2064,3002,i_S
1779266652.270655,2021,1847,i_S
1779266652.27121,2173,1878,i_S
1779266652.27586,2039,2333,i_S
1779266652.276294,2016,1728,i_S
1779266652.276413,1982,2049,i_S
1779266652.276486,1968,2310,i_S
1779266652.27659,1948,2142,i_S
1779266652.2766662,2004,3072,i_S
1779266652.27673,2108,2163,i_S
1779266652.276792,1948,1743,i_S
1779266652.276855,1935,2341,i_S
1779266652.276928,2244,2141,i_S
1779266652.277022,2269,1638,i_S
1779266652.2770839,2062,2371,i_S
1779266652.279752,1975,1849,i_S
1779266652.2811918,1937,3459,i_S
1779266652.283951,2086,2555,i_S
1779266652.29335,2063,1718,i_S
1779266652.294455,1974,2132,i_S
1779266652.29475,1944,2163,i_S
1779266652.296712,2048,1235,i_S
1779266652.299372,2178,2324,i_S
1779266652.3000839,2177,2121,i_S
1779266652.303112,1772,2603,i_S
1779266652.3066711,2033,2897,i_S
1779266652.307091,2657,1836,i_S
1779266652.314016,2204,1883,i_S
1779266652.319398,1347,2517,i_S
1779266652.31951,1132,1720,i_S
1779266652.319587,2280,2058,i_S
1779266652.31965,2903,2326,i_S
1779266652.319711,1994,2020,i_S
1779266652.319772,2252,3018,i_S
1779266652.319834,1505,2166,i_S
1779266652.319893,528,1720,i_S
1779266652.3212569,3380,2343,i_S
1779266652.331738,3921,1800,i_S
1779266652.3388631,1750,1663,i_S
1779266652.354262,529,2387,i_S
1779266652.354385,1750,1843,i_S
1779266652.3544629,2421,3264,i_S
1779266652.3545349,2084,2558,i_S
1779266652.3546062,2243,1706,i_S
1779266652.3546932,1844,2122,i_S
1779266652.3548539,1705,2187,i_S
1779266652.3549829,2793,1512,i_S
1779266652.3551512,1798,2302,i_S
1779266652.355242,1938,2141,i_S
1779266652.3553112,1655,2743,i_S
1779266652.355411,1908,3040,i_S
1779266652.355521,1466,1847,i_S
1779266652.3555908,3055,1883,i_S
1779266652.35566,2207,2421,i_S
1779266652.3571231,1831,1851,i_S
1779266652.359802,1835,2034,i_S
1779266652.361208,2714,2314,i_S
1779266652.3818061,2300,2207,i_S
1779266652.389369,1515,3165,i_S
1779266652.394919,2955,2169,i_S
1779266652.3952,2042,1745,i_S
1779266652.395322,1786,2504,i_S
1779266652.395422,1218,2250,i_S
1779266652.3955379,1343,1619,i_S
1779266652.39562,2042,2382,i_S
1779266652.395773,2217,1873,i_S
1779266652.39608,2619,3209,i_S
1779266652.396226,3154,2603,i_S
1779266652.396301,1670,1717,i_S
1779266652.3964858,1333,2100,i_S
1779266652.396557,2314,2417,i_S
1779266652.396618,2181,1434,i_S
1779266652.396678,2112,2287,i_S
1779266652.396859,1528,2179,i_S
1779266652.407896,1273,2725,i_S
1779266652.410869,2563,3029,i_S
1779266652.415512,1403,1877,i_S
1779266652.4272041,3917,1855,i_S
1779266652.431694,2030,2407,i_S
1779266652.432461,1484,1746,i_S
1779266652.4326231,1826,2007,i_S
1779266652.4327521,2691,2328,i_S
1779266652.4329321,2037,2015,i_S
1779266652.433138,1319,3277,i_S
1779266652.433215,1343,2190,i_S
1779266652.4332778,1489,1723,i_S
1779266652.4333398,3671,2409,i_S
1779266652.433443,1820,2107,i_S
1779266652.43358,2277,1607,i_S
1779266652.433655,1265,2387,i_S
1779266652.433866,2400,1891,i_S
1779266652.43394,1852,3064,i_S
1779266652.434104,1808,2632,i_S
1779266652.4355001,3665,1718,i_S
1779266652.4385412,2110,2034,i_S
1779266652.4400861,1509,2375,i_S
1779266652.4416819,1434,1411,i_S
1779266652.452398,2982,2278,i_S
1779266652.455588,1731,2188,i_S
1779266652.46,2028,2470,i_S
1779266652.470429,3110,2932,i_S
1779266652.4709911,1218,1901,i_S
1779266652.475488,3007,1829,i_S
1779266652.4768288,2766,2166,i_S
1779266652.477013,1590,1786,i_S
1779266652.477249,1929,1970,i_S
1779266652.477343,2466,2323,i_S
1779266652.477412,2524,2213,i_S
1779266652.477605,2125,3065,i_S
1779266652.477686,1738,2242,i_S
1779266652.477786,2377,1750,i_S
1779266652.477856,1804,1982,i_S
1779266652.477921,2232,1980,i_S
1779266652.478064,1945,1578,i_S
1779266652.478131,2560,2324,i_S
1779266652.479672,1898,1867,i_S
1779266652.494048,4095,3037,i_S
1779266652.494688,1645,2628,i_S
1779266652.5011258,2640,1759,i_S
1779266652.513807,2953,2092,i_S
1779266652.5140831,1460,2421,i_S
1779266652.514156,2074,1578,i_S
1779266652.514219,2590,2232,i_S
1779266652.5142798,2601,2151,i_S
1779266652.5143402,2198,2590,i_S
1779266652.514401,1871,2682,i_S
1779266652.5144598,2232,1956,i_S
1779266652.5145202,2117,1798,i_S
1779266652.514579,2343,1817,i_S
1779266652.51482,2273,1891,i_S
1779266652.514882,2124,1910,i_S
1779266652.515015,2519,2245,i_S
1779266652.51541,1511,2352,i_S
1779266652.5154922,3773,2818,i_S
1779266652.518296,2680,2267,i_S
1779266652.5198562,1292,1804,i_S
1779266652.521395,2071,1656,i_S
1779266652.55644,2152,1926,i_S
1779266652.5566652,2810,1549,i_S
1779266652.556758,2490,2231,i_S
1779266652.556823,1699,2102,i_S
1779266652.556931,1478,2796,i_S
1779266652.557,2768,2342,i_S
1779266652.557151,1535,1642,i_S
1779266652.557639,483,1655,i_S
1779266652.557747,3160,1791,i_S
1779266652.557811,3913,2010,i_S
1779266652.557877,1406,2023,i_S
1779266652.5579379,1798,1974,i_S
1779266652.558762,2344,2559,i_S
1779266652.558833,1851,2274,i_S
1779266652.5588942,1864,1775,i_S
1779266652.5591,1792,1227,i_S
1779266652.5900428,3542,1741,i_S
1779266652.601336,1245,1957,i_S
1779266652.6017652,1527,1719,i_S
1779266652.601846,2010,1949,i_S
1779266652.601918,1571,2201,i_S
1779266652.602304,3518,2664,i_S
1779266652.603233,2026,2089,i_S
1779266652.603588,1456,1656,i_S
1779266652.604666,2268,1757,i_S
1779266652.604973,2044,2173,i_S
1779266652.6050482,785,2038,i_S
1779266652.6058,2146,2030,i_S
1779266652.618242,4095,2493,i_S
1779266652.618575,999,2667,i_S
1779266652.626081,2154,2097,i_S
1779266652.6345768,2056,1720,i_S
1779266652.639487,1545,1856,i_S
1779266652.640042,2245,2197,i_S
1779266652.64014,2201,2081,i_S
1779266652.640217,2029,2002,i_S
1779266652.640286,1526,2158,i_S
1779266652.640352,2803,2573,i_S
1779266652.640416,1526,2407,i_S
1779266652.640478,2417,2091,i_S
1779266652.640546,1498,1839,i_S
1779266652.640613,2591,2102,i_S
1779266652.6406772,2805,2095,i_S
1779266652.6408079,2254,1832,i_S
1779266652.640949,2941,2303,i_S
1779266652.641025,1045,2896,i_S
1779266652.641141,1854,2847,i_S
1779266652.641214,2707,2302,i_S
1779266652.6412768,1896,1913,i_S
1779266652.641338,1894,2030,i_S
1779266652.641398,1660,2364,i_S
1779266652.64146,1789,2030,i_S
1779266652.641524,2930,1987,i_S
1779266652.641592,2345,2379,i_S
1779266652.641655,1352,2807,i_S
1779266652.641718,1106,2443,i_S
1779266652.6417851,4017,1679,i_S
1779266652.641848,2769,2312,i_S
1779266652.641911,270,2151,i_S
1779266652.641977,2233,2046,i_S
1779266652.6436741,2138,2020,i_S
1779266652.6712,1874,2235,i_S
1779266652.671535,2613,2705,i_S
1779266652.671763,2176,2377,i_S
1779266652.672249,1714,2027,i_S
1779266652.672829,1791,1965,i_S
1779266652.676457,1406,1979,i_S
1779266652.677977,2479,2138,i_S
1779266652.678884,3534,1921,i_S
1779266652.67922,1595,1795,i_S
1779266652.6795368,2498,2279,i_S
1779266652.6798568,1340,2665,i_S
1779266652.680012,1680,2172,i_S
1779266652.680253,2310,1901,i_S
1779266652.6807349,1951,1943,i_S
1779266652.680966,2036,2088,i_S
1779266652.681129,2538,1881,i_S
1779266652.681272,2075,1876,i_S
1779266652.682472,1718,2284,i_S
1779266652.682681,1823,2586,i_S
1779266652.6840389,2016,2105,i_S
1779266652.685507,2935,1931,i_S
1779266652.696033,2043,2010,i_S
1779266652.6992629,2250,2047,i_S
1779266652.699563,3120,2089,i_S
1779266652.702733,521,1907,i_S
1779266652.702991,500,2213,i_S
1779266652.703305,3794,2362,i_S
1779266652.70627,2248,2444,i_S
1779266652.707466,1953,1948,i_S
1779266652.7102861,2119,1944,i_S
1779266652.710628,1548,1981,i_S
1779266652.7195048,1563,1976,i_S
1779266652.7203882,3292,1769,i_S
1779266652.721077,2291,2104,i_S
1779266652.72559,1686,2662,i_S
1779266652.726995,2010,2625,i_S
1779266652.7271738,1342,2137,i_S
1779266652.727245,2897,1734,i_S
1779266652.727386,3010,1903,i_S
1779266652.7275488,1969,2080,i_S
1779266652.727626,1620,1822,i_S
1779266652.727694,1687,1798,i_S
1779266652.729125,2808,2120,i_S
1779266652.73894,2814,2384,i_S
1779266652.739975,1696,2261,i_S
1779266652.740343,257,1873,i_S
1779266652.7441,3033,1664,i_S
1779266652.758037,3451,2004,i_S
1779266652.758732,1168,2088,i_S
1779266652.758966,739,1863,i_S
1779266652.762537,4040,2155,i_S
1779266652.7636101,2461,2595,i_S
1779266652.7637382,1515,2419,i_S
1779266652.76388,2299,1994,i_S
1779266652.763956,2093,1844,i_S
1779266652.764024,1673,1880,i_S
1779266652.764087,2070,1965,i_S
1779266652.764151,1913,1738,i_S
1779266652.764212,1831,1889,i_S
1779266652.764274,1898,2440,i_S
1779266652.765625,2099,2554,i_S
1779266652.768248,2118,2101,i_S
1779266652.76978,1761,1966,i_S
1779266652.771324,1778,1796,i_S
1779266652.780763,2713,2086,i_S
1779266652.7891252,3682,1926,i_S
1779266652.8076649,731,2014,i_S
1779266652.8080351,2043,2248,i_S
1779266652.8085408,1673,2669,i_S
1779266652.808646,2228,2175,i_S
1779266652.8087628,2627,1985,i_S
1779266652.808835,2221,2020,i_S
1779266652.8088992,1585,2307,i_S
1779266652.808962,2717,2009,i_S
1779266652.809023,1637,1848,i_S
1779266652.809124,1566,2045,i_S
1779266652.809196,2034,2420,i_S
1779266652.8092601,2563,2306,i_S
1779266652.8093219,1812,1965,i_S
1779266652.809383,809,1990,i_S
1779266652.809451,1816,1855,i_S
1779266652.809512,3737,2011,i_S
1779266652.8095732,3428,2149,i_S
1779266652.818728,810,1964,i_S
1779266652.8214028,980,2576,i_S
1779266652.825869,1971,2661,i_S
1779266652.8260999,2442,2162,i_S
1779266652.826638,2163,1957,i_S
1779266652.826998,1837,2053,i_S
1779266652.8304121,1820,2248,i_S
1779266652.8317492,1033,2095,i_S
1779266652.8342369,1369,1720,i_S
1779266652.8425689,2009,1981,i_S
1779266652.8429928,3991,2408,i_S
1779266652.8432481,2003,2362,i_S
1779266652.8439791,1923,1920,i_S
1779266652.844339,1319,1843,i_S
1779266652.8450491,1322,2135,i_S
1779266652.845674,3568,2052,i_S
1779266652.845995,1520,1801,i_S
1779266652.850754,1791,2183,i_S
1779266652.851063,3072,2281,i_S
1779266652.851149,1204,2700,i_S
1779266652.851213,732,2113,i_S
1779266652.85392,3588,1911,i_S
1779266652.855283,2720,2134,i_S
1779266652.857877,2038,2098,i_S
1779266652.859259,1640,1799,i_S
1779266652.8729842,1740,1939,i_S
1779266652.873585,2003,2438,i_S
1779266652.877293,2062,2646,i_S
1779266652.879215,2567,2084,i_S
1779266652.8820171,2028,1797,i_S
1779266652.891339,1041,1975,i_S
1779266652.8922508,3789,2068,i_S
1779266652.892682,919,2066,i_S
1779266652.893064,1641,1858,i_S
1779266652.898391,2186,2200,i_S
1779266652.8991208,2217,2595,i_S
1779266652.8993459,1455,2318,i_S
1779266652.899478,3354,1879,i_S
1779266652.899554,2107,1689,i_S
1779266652.899627,1963,2190,i_S
1779266652.899693,1694,2149,i_S
1779266652.899765,2083,1917,i_S
1779266652.89983,1713,2151,i_S
1779266652.899932,2151,2467,i_S
1779266652.900021,2594,2510,i_S
1779266652.90141,2423,2042,i_S
1779266652.914624,1888,1862,i_S
1779266652.9149911,1364,2197,i_S
1779266652.9228108,816,2127,i_S
1779266652.934459,2404,1713,i_S
1779266652.935797,3966,1934,i_S
1779266652.940376,1715,2454,i_S
1779266652.9407942,1546,2572,i_S
1779266652.940885,1670,2267,i_S
1779266652.941003,861,1875,i_S
1779266652.941084,3631,1972,i_S
1779266652.941155,2173,2278,i_S
1779266652.9412181,1821,1749,i_S
1779266652.941279,1717,1614,i_S
1779266652.9413571,1536,2125,i_S
1779266652.941448,2453,2444,i_S
1779266652.941514,1339,2031,i_S
1779266652.941577,4095,1862,i_S
1779266652.941639,1834,1832,i_S
1779266652.941696,812,2142,i_S
1779266652.941757,1984,2000,i_S
1779266652.94313,2777,1991,i_S
1779266652.9459321,1944,2256,i_S
1779266652.947268,1946,2323,i_S
1779266652.968721,2013,2351,i_S
1779266652.978157,1678,2028,i_S
1779266652.9794161,2422,1779,i_S
1779266652.983572,1688,1741,i_S
1779266652.9841611,581,1948,i_S
1779266652.984257,4065,1762,i_S
1779266652.9843562,1517,1793,i_S
1779266652.9844701,1617,2292,i_S
1779266652.984607,1610,2490,i_S
1779266652.9847171,1541,2209,i_S
1779266652.984789,2529,2029,i_S
1779266652.9848819,2563,1964,i_S
1779266652.984985,1666,2089,i_S
1779266652.985195,1412,2036,i_S
1779266652.9853702,1953,1886,i_S
1779266652.985436,2023,2207,i_S
1779266652.985497,2279,2583,i_S
1779266652.9855602,2281,2225,i_S
1779266652.985622,2178,1884,i_S
1779266652.996943,1991,1852,i_S
1779266653.000747,2044,2240,i_S
1779266653.00158,1969,1978,i_S
1779266653.0050461,2642,1701,i_S
1779266653.006191,2016,2193,i_S
1779266653.017762,1320,2478,i_S
1779266653.0187562,1892,2429,i_S
1779266653.019893,1777,1992,i_S
1779266653.025132,1543,2019,i_S
1779266653.025381,3523,2225,i_S
1779266653.025654,1991,2257,i_S
1779266653.025943,1620,1971,i_S
1779266653.026079,2039,1785,i_S
1779266653.026156,2283,2342,i_S
1779266653.026219,1852,2587,i_S
1779266653.026601,687,2104,i_S
1779266653.0267541,3708,1951,i_S
1779266653.0268538,2323,1959,i_S
1779266653.026932,2016,2107,i_S
1779266653.0270379,2015,1887,i_S
1779266653.027275,1725,2054,i_S
1779266653.030567,2018,2221,i_S
1779266653.032455,2101,2411,i_S
1779266653.034645,1896,2290,i_S
1779266653.0487528,3214,1793,i_S
1779266653.064682,1980,2091,i_S
1779266653.0649931,723,2206,i_S
1779266653.065522,1388,1989,i_S
1779266653.066286,1949,1872,i_S
1779266653.066853,3085,2016,i_S
1779266653.0672178,2979,2471,i_S
1779266653.071002,1474,2400,i_S
1779266653.072258,2740,1954,i_S
1779266653.0723479,1915,1849,i_S
1779266653.072465,1298,1905,i_S
1779266653.072633,2276,2173,i_S
1779266653.0728052,1795,1797,i_S
1779266653.072958,2258,1948,i_S
1779266653.073177,1951,2468,i_S
1779266653.073256,1467,2474,i_S
1779266653.0734248,954,2061,i_S
1779266653.073514,3934,1698,i_S
1779266653.073667,2026,2136,i_S
1779266653.073735,1130,2187,i_S
1779266653.075116,1382,1766,i_S
1779266653.085213,2715,1741,i_S
1779266653.08898,3110,2290,i_S
1779266653.089741,1760,2701,i_S
1779266653.090281,1894,2503,i_S
1779266653.09486,2020,2192,i_S
1779266653.0978,1791,1882,i_S
1779266653.108066,1423,1879,i_S
1779266653.109014,3199,1841,i_S
1779266653.109615,2560,1938,i_S
1779266653.112986,1408,2189,i_S
1779266653.114105,1699,2417,i_S
1779266653.114547,2357,2331,i_S
1779266653.114629,2515,2056,i_S
1779266653.114799,1697,2051,i_S
1779266653.1148841,1982,2131,i_S
1779266653.1150541,1976,2238,i_S
1779266653.115212,2525,1630,i_S
1779266653.1153631,2276,2143,i_S
1779266653.115509,1139,2309,i_S
1779266653.115615,2146,2407,i_S
1779266653.11827,1185,2096,i_S
1779266653.1196449,2508,1877,i_S
1779266653.121115,2733,1845,i_S
1779266653.130456,2742,2178,i_S
1779266653.133725,2111,1800,i_S
1779266653.140269,1381,1997,i_S
1779266653.141629,2109,2054,i_S
1779266653.1535292,1895,2456,i_S
1779266653.153996,2312,2125,i_S
1779266653.154616,2210,1957,i_S
1779266653.1554198,1525,2095,i_S
1779266653.155957,1552,2021,i_S
1779266653.160267,2586,1708,i_S
1779266653.1604018,1836,1717,i_S
1779266653.160492,2265,2117,i_S
1779266653.160573,1416,2385,i_S
1779266653.160641,1632,2289,i_S
1779266653.160754,3658,1864,i_S
1779266653.160943,2548,1850,i_S
1779266653.1610932,709,1899,i_S
1779266653.16117,888,2183,i_S
1779266653.161301,1914,1824,i_S
1779266653.161418,3561,1976,i_S
1779266653.1697059,2088,2424,i_S
1779266653.171078,2683,2509,i_S
1779266653.174104,1507,2195,i_S
1779266653.174619,1695,2027,i_S
1779266653.177065,2190,1986,i_S
1779266653.188555,1838,2217,i_S
1779266653.191781,2132,1824,i_S
1779266653.192904,2379,1834,i_S
1779266653.193065,1507,2298,i_S
1779266653.193134,1552,2506,i_S
1779266653.193297,2074,2400,i_S
1779266653.193413,1882,2051,i_S
1779266653.1935701,1966,1915,i_S
1779266653.1937761,2512,2079,i_S
1779266653.194077,2021,2056,i_S
1779266653.194154,2156,1878,i_S
1779266653.19555,1825,2120,i_S
1779266653.1982772,2060,2260,i_S
1779266653.199636,2201,2558,i_S
1779266653.22845,2213,2072,i_S
1779266653.2285519,2164,2100,i_S
1779266653.2286348,1803,1986,i_S
1779266653.228702,2237,2233,i_S
1779266653.2288551,1958,1877,i_S
1779266653.2290938,2186,1936,i_S
1779266653.229439,2102,2346,i_S
1779266653.2299469,2114,2543,i_S
1779266653.236143,1091,2133,i_S
1779266653.236918,1776,1750,i_S
1779266653.2382998,3052,2013,i_S
1779266653.2410681,2004,2228,i_S
1779266653.2415721,2016,1947,i_S
1779266653.241827,1911,1960,i_S
1779266653.2451751,2269,2144,i_S
1779266653.2473578,2249,2534,i_S
1779266653.255948,1741,2203,i_S
1779266653.259202,3160,1864,i_S
1779266653.2604868,1734,1862,i_S
1779266653.2605922,1627,2063,i_S
1779266653.260766,2018,1952,i_S
1779266653.260872,2214,1589,i_S
1779266653.261142,1623,1963,i_S
1779266653.261324,2387,2329,i_S
1779266653.261517,2244,2440,i_S
1779266653.2615948,1865,2126,i_S
1779266653.261659,1662,1816,i_S
1779266653.261753,1684,2024,i_S
1779266653.261822,2773,2084,i_S
1779266653.261983,2141,1836,i_S
1779266653.262073,1937,1864,i_S
1779266653.263476,1797,2331,i_S
1779266653.26618,1928,2450,i_S
1779266653.267575,2348,2176,i_S
1779266653.279478,2053,1839,i_S
1779266653.282764,2109,1879,i_S
1779266653.285995,1950,2107,i_S
1779266653.294045,2180,1894,i_S
1779266653.295073,1939,1930,i_S
1779266653.295721,1537,2163,i_S
1779266653.2962718,2159,2579,i_S
1779266653.300053,2273,2242,i_S
1779266653.300139,2073,1975,i_S
1779266653.300259,1826,2035,i_S
1779266653.300344,1797,2138,i_S
1779266653.30041,2171,1976,i_S
1779266653.300469,2443,1756,i_S
1779266653.30053,2187,2055,i_S
1779266653.300591,1918,2473,i_S
1779266653.300651,1910,2466,i_S
1779266653.3020291,2026,2046,i_S
1779266653.311862,1997,1859,i_S
1779266653.3146,2002,1957,i_S
1779266653.318327,1941,2058,i_S
1779266653.328398,1878,1822,i_S
1779266653.329356,2345,1785,i_S
1779266653.329979,1985,2204,i_S
1779266653.333633,1809,2468,i_S
1779266653.334142,2004,2194,i_S
1779266653.334223,2074,1817,i_S
1779266653.334327,2062,1856,i_S
1779266653.334406,2120,2185,i_S
1779266653.334471,2199,1967,i_S
1779266653.334532,1861,1943,i_S
1779266653.33459,1829,2211,i_S
1779266653.334651,2135,2509,i_S
1779266653.334708,2069,2293,i_S
1779266653.336072,1889,1910,i_S
1779266653.337269,2210,1874,i_S
1779266653.339954,2028,2079,i_S
1779266653.341773,2071,2026,i_S
1779266653.347785,1856,1958,i_S
1779266653.3495018,1966,2049,i_S
1779266653.355977,2011,2383,i_S
1779266653.366372,1934,2442,i_S
1779266653.367229,2073,2063,i_S
1779266653.367841,2004,2000,i_S
1779266653.368425,1880,2098,i_S
1779266653.3725948,1673,2167,i_S
1779266653.372728,2319,1865,i_S
1779266653.3728461,2274,1979,i_S
1779266653.372916,1854,2462,i_S
1779266653.373059,1918,2587,i_S
1779266653.373135,2087,2188,i_S
1779266653.373198,2086,1959,i_S
1779266653.373285,2050,1929,i_S
1779266653.37346,1969,2211,i_S
1779266653.3817,1941,2074,i_S
1779266653.3862221,1828,1966,i_S
1779266653.391958,1726,2237,i_S
1779266653.392388,2007,2549,i_S
1779266653.399922,2405,2292,i_S
1779266653.400415,1871,1971,i_S
1779266653.40129,1913,1887,i_S
1779266653.4016378,1728,1966,i_S
1779266653.4055822,2684,1854,i_S
1779266653.4060779,2249,1783,i_S
1779266653.406192,1851,2005,i_S
1779266653.406315,1844,2279,i_S
1779266653.40639,1919,2308,i_S
1779266653.406472,2064,1960,i_S
1779266653.40655,2048,1643,i_S
1779266653.406635,2150,1772,i_S
1779266653.407994,1968,1934,i_S
1779266653.409287,1869,1635,i_S
1779266653.412102,2117,1726,i_S
1779266653.419473,2012,2161,i_S
1779266653.420991,2094,2468,i_S
1779266653.425109,1900,2200,i_S
1779266653.427558,2282,1911,i_S
1779266653.429237,2280,1851,i_S
1779266653.431702,2199,2169,i_S
1779266653.442587,1929,1993,i_S
1779266653.44353,1931,2017,i_S
1779266653.4436579,1963,2220,i_S
1779266653.4437718,1770,2533,i_S
1779266653.443845,2074,2188,i_S
1779266653.4440188,2390,1844,i_S
1779266653.444184,1892,1675,i_S
1779266653.444324,1863,2036,i_S
1779266653.444399,2057,2413,i_S
1779266653.4444668,2164,1910,i_S
1779266653.445811,2294,1977,i_S
1779266653.455123,2311,2432,i_S
1779266653.460429,2272,2648,i_S
1779266653.4635189,2023,2445,i_S
1779266653.4640572,1978,2114,i_S
1779266653.471243,2074,2281,i_S
1779266653.4716082,2566,2342,i_S
1779266653.4721122,1787,1992,i_S
1779266653.4728,1527,2066,i_S
1779266653.475776,2039,2451,i_S
1779266653.476844,2240,2823,i_S
1779266653.477,2232,2524,i_S
1779266653.4771369,2000,2318,i_S
1779266653.4774442,1970,2234,i_S
1779266653.4776058,2092,2490,i_S
1779266653.4777431,2323,2173,i_S
1779266653.477813,2167,2118,i_S
1779266653.479241,2027,2362,i_S
1779266653.481925,2142,2873,i_S
1779266653.4836092,2245,2723,i_S
1779266653.491775,2082,2353,i_S
1779266653.496458,1902,2317,i_S
1779266653.500118,1991,2416,i_S
1779266653.5023448,2033,2306,i_S
1779266653.509454,2426,1958,i_S
1779266653.50989,2253,2216,i_S
1779266653.5106409,1888,2651,i_S
1779266653.51456,2047,2760,i_S
1779266653.5150442,2140,2421,i_S
1779266653.5151942,2266,2234,i_S
1779266653.515315,2258,2325,i_S
1779266653.515421,2043,2393,i_S
1779266653.5155299,2038,2164,i_S
1779266653.515608,2208,2147,i_S
1779266653.515743,2282,2566,i_S
1779266653.515855,1902,2773,i_S
1779266653.5172029,2128,2499,i_S
1779266653.5247989,2089,2429,i_S
1779266653.5262709,2144,2337,i_S
1779266653.529463,2249,2522,i_S
1779266653.530356,1866,2110,i_S
1779266653.532737,2138,2040,i_S
1779266653.535548,2142,2364,i_S
1779266653.536055,2105,3009,i_S
1779266653.5428631,1848,2642,i_S
1779266653.5433779,2240,2202,i_S
1779266653.5438778,2145,2041,i_S
1779266653.5447721,2020,2159,i_S
1779266653.548382,2184,2031,i_S
1779266653.548877,2045,1846,i_S
1779266653.549,1854,2114,i_S
1779266653.549153,1798,2509,i_S
1779266653.5492249,2151,2618,i_S
1779266653.551834,1988,2222,i_S
1779266653.553174,2091,2082,i_S
1779266653.561156,2146,2121,i_S
1779266653.562094,1452,2137,i_S
1779266653.563912,1472,1766,i_S
1779266653.567749,2027,1829,i_S
1779266653.5681999,2115,2230,i_S
1779266653.571381,2084,2634,i_S
1779266653.573588,2113,2489,i_S
1779266653.580479,2073,2276,i_S
1779266653.580954,1847,2223,i_S
1779266653.582123,1920,2370,i_S
1779266653.582751,2096,1933,i_S
1779266653.586664,2178,1938,i_S
1779266653.586792,1900,2310,i_S
1779266653.586894,1780,2809,i_S
1779266653.587014,1383,2627,i_S
1779266653.587147,1974,2111,i_S
1779266653.58725,2274,1908,i_S
1779266653.596072,2185,2352,i_S
1779266653.596939,1720,2157,i_S
1779266653.598519,1808,1676,i_S
1779266653.601269,1960,1943,i_S
1779266653.602012,1776,2336,i_S
1779266653.604497,2173,2473,i_S
1779266653.614072,1858,2174,i_S
1779266653.614408,1797,1861,i_S
1779266653.6148841,1820,2159,i_S
1779266653.615307,2025,2148,i_S
1779266653.615917,2051,1651,i_S
1779266653.619454,1994,1915,i_S
1779266653.6198158,1933,2434,i_S
1779266653.619915,1878,2848,i_S
1779266653.619989,1950,2353,i_S
1779266653.620061,1940,2023,i_S
1779266653.621415,1811,1999,i_S
1779266653.624054,1953,2242,i_S
1779266653.625421,2068,1796,i_S
1779266653.635202,1896,1914,i_S
1779266653.6362638,2003,2109,i_S
1779266653.638654,1815,2859,i_S
1779266653.63913,1827,2575,i_S
1779266653.651469,1965,2088,i_S
1779266653.65251,2059,1919,i_S
1779266653.652947,2098,2081,i_S
1779266653.6534479,2221,1822,i_S
1779266653.6571908,1997,1820,i_S
1779266653.6573088,1872,1903,i_S
1779266653.657387,1995,2330,i_S
1779266653.657512,2017,2571,i_S
1779266653.6575859,2001,2175,i_S
1779266653.6576939,2091,1947,i_S
1779266653.657846,1874,1954,i_S
1779266653.6579719,1820,1982,i_S
1779266653.65932,1902,1603,i_S
1779266653.668515,1897,2069,i_S
1779266653.6720488,1898,2110,i_S
1779266653.67749,2009,2734,i_S
1779266653.684358,1950,2244,i_S
1779266653.6848378,1924,1910,i_S
1779266653.6885939,1914,1805,i_S
1779266653.6891031,1874,2034,i_S
1779266653.689198,1933,1604,i_S
1779266653.689322,1934,2056,i_S
1779266653.689488,1996,1773,i_S
1779266653.6895978,1887,2576,i_S
1779266653.689672,2055,2434,i_S
1779266653.689782,1959,1976,i_S
1779266653.689902,2006,1728,i_S
1779266653.6900349,2006,1944,i_S
1779266653.691387,1897,1641,i_S
1779266653.694056,1869,1926,i_S
1779266653.695461,2009,2000,i_S
1779266653.7032351,1917,2102,i_S
1779266653.7046368,1988,2530,i_S
1779266653.704981,2218,2099,i_S
1779266653.708836,1964,1701,i_S
1779266653.711266,2146,1743,i_S
1779266653.712113,2020,1712,i_S
1779266653.714303,2008,1651,i_S
1779266653.7245271,1967,2104,i_S
1779266653.724726,1950,1687,i_S
1779266653.724884,1950,2561,i_S
1779266653.7250502,2099,2177,i_S
1779266653.725198,2026,1834,i_S
1779266653.725284,1855,1730,i_S
1779266653.725397,1917,1891,i_S
1779266653.725593,2022,1379,i_S
1779266653.733707,2002,2114,i_S
1779266653.734692,2052,1815,i_S
1779266653.7360818,1888,2445,i_S
1779266653.738591,1924,2500,i_S
1779266653.739112,1814,1976,i_S
1779266653.7415402,1925,1836,i_S
1779266653.745162,1989,2037,i_S
1779266653.75208,2157,1818,i_S
1779266653.752404,2162,1955,i_S
1779266653.752686,1947,2078,i_S
1779266653.75313,1854,2380,i_S
1779266653.7572072,1738,2757,i_S
1779266653.7587898,2411,2194,i_S
1779266653.758893,2172,1919,i_S
1779266653.759119,2154,1960,i_S
1779266653.759208,2051,2038,i_S
1779266653.7592802,2037,1672,i_S
1779266653.761927,1738,2196,i_S
1779266653.7636402,1977,2037,i_S
1779266653.76634,2147,2776,i_S
1779266653.7825432,1996,2478,i_S
1779266653.79354,2012,1852,i_S
1779266653.798416,1917,2005,i_S
1779266653.7989702,1921,2131,i_S
1779266653.7991831,1826,1546,i_S
1779266653.799264,1722,2190,i_S
1779266653.799336,2102,1917,i_S
1779266653.799398,2239,2634,i_S
1779266653.7994618,2122,2544,i_S
1779266653.799524,1787,1931,i_S
1779266653.7996402,1710,1919,i_S
1779266653.799733,2228,2068,i_S
1779266653.799807,2202,1737,i_S
1779266653.79994,1910,2004,i_S
1779266653.800144,1898,2148,i_S
1779266653.8002188,2024,2314,i_S
1779266653.800282,2029,2698,i_S
1779266653.801641,1857,2166,i_S
1779266653.8152168,2138,1867,i_S
1779266653.828864,2042,1976,i_S
1779266653.8296409,1964,1986,i_S
1779266653.834264,1928,1674,i_S
1779266653.834947,1877,2240,i_S
1779266653.83511,2020,2106,i_S
1779266653.835197,2052,2909,i_S
1779266653.835268,1961,2495,i_S
1779266653.83534,1937,1826,i_S
1779266653.835408,1923,1998,i_S
1779266653.8354728,2038,2206,i_S
1779266653.835534,2059,1644,i_S
1779266653.835597,1969,2196,i_S
1779266653.8356638,1747,1952,i_S
1779266653.8357801,2021,2859,i_S
1779266653.835867,2331,2697,i_S
1779266653.835999,2189,1920,i_S
1779266653.837483,2066,1971,i_S
1779266653.8404129,1995,2209,i_S
1779266653.841794,1924,1891,i_S
1779266653.843748,1971,2003,i_S
1779266653.854208,1919,2173,i_S
1779266653.8544378,1928,2497,i_S
1779266653.857573,1934,2827,i_S
1779266653.861989,1975,2171,i_S
1779266653.864568,1925,1865,i_S
1779266653.871899,1900,2043,i_S
1779266653.872499,1881,2116,i_S
1779266653.8733351,2034,1666,i_S
1779266653.873837,2119,2248,i_S
1779266653.8743,2137,2058,i_S
1779266653.8748312,2013,2902,i_S
1779266653.8781881,2034,2523,i_S
1779266653.87951,2030,1815,i_S
1779266653.879638,1930,1928,i_S
1779266653.879714,1897,2060,i_S
1779266653.879785,2080,1568,i_S
1779266653.8798552,2039,2205,i_S
1779266653.8799171,1976,1949,i_S
1779266653.881464,2177,2615,i_S
1779266653.88353,1937,2668,i_S
1779266653.891571,2020,1916,i_S
1779266653.894083,2144,1965,i_S
1779266653.900355,2019,2066,i_S
1779266653.9014971,1626,1788,i_S
1779266653.9018612,2284,2014,i_S
1779266653.904358,2149,2177,i_S
1779266653.911558,2074,2355,i_S
1779266653.911919,2128,2859,i_S
1779266653.916749,1867,2165,i_S
1779266653.917366,1932,1849,i_S
1779266653.91747,2187,2029,i_S
1779266653.9176269,2132,2064,i_S
1779266653.9176939,2015,1678,i_S
1779266653.917758,1991,2260,i_S
1779266653.91782,1752,2158,i_S
1779266653.91788,1736,2904,i_S
1779266653.917963,1925,2440,i_S
1779266653.919745,2036,1822,i_S
1779266653.921165,2292,1904,i_S
1779266653.924108,2317,2081,i_S
1779266653.9256089,1955,1537,i_S
1779266653.93455,2095,2200,i_S
1779266653.934741,1994,1941,i_S
1779266653.936364,1795,2678,i_S
1779266653.940206,1940,2631,i_S
1779266653.9406238,2361,1919,i_S
1779266653.946869,2143,1941,i_S
1779266653.9553962,1922,2135,i_S
1779266653.960577,1990,1911,i_S
1779266653.960923,2103,1995,i_S
1779266653.961102,2078,2169,i_S
1779266653.961175,2039,2417,i_S
1779266653.961238,2125,2843,i_S
1779266653.961356,2059,2183,i_S
1779266653.96158,1924,1866,i_S
1779266653.961696,1977,2156,i_S
1779266653.961775,2184,2180,i_S
1779266653.961917,1798,1652,i_S
1779266653.962089,1775,2261,i_S
1779266653.963629,2196,2017,i_S
1779266653.990376,2299,2879,i_S
1779266653.991161,2021,2516,i_S
1779266653.991426,2021,1806,i_S
1779266653.991679,1953,1888,i_S
1779266653.99181,1933,2109,i_S
1779266653.9919841,2158,1651,i_S
1779266653.9921799,2092,2191,i_S
1779266653.992382,2056,1977,i_S
1779266653.9974778,2034,2819,i_S
1779266653.9979389,2050,2832,i_S
1779266653.9981172,2029,1918,i_S
1779266653.998191,1936,1943,i_S
1779266653.99826,1847,2140,i_S
1779266653.998327,2157,1897,i_S
1779266653.998393,2028,1995,i_S
1779266653.9984589,2055,2180,i_S
1779266653.9985201,2146,2632,i_S
1779266654.0,1835,3062,i_S
1779266654.0014179,1860,2161,i_S
1779266654.004102,2375,1878,i_S
1779266654.005547,2458,2211,i_S
1779266654.0214021,2124,2093,i_S
1779266654.021863,1952,1689,i_S
1779266654.022251,2072,2261,i_S
1779266654.025814,2104,2088,i_S
1779266654.0269618,1943,2924,i_S
1779266654.041385,2010,2508,i_S
1779266654.041536,1935,1806,i_S
1779266654.041698,2009,2100,i_S
1779266654.041829,1910,2263,i_S
1779266654.0419059,2010,1716,i_S
1779266654.041981,2106,2213,i_S
1779266654.042124,2163,1987,i_S
1779266654.042222,2010,2715,i_S
1779266654.0423071,2118,2702,i_S
1779266654.042382,2122,1912,i_S
1779266654.042507,1984,1928,i_S
1779266654.042624,2061,2248,i_S
1779266654.042749,1891,1936,i_S
1779266654.0442398,2009,1986,i_S
1779266654.070334,2076,2203,i_S
1779266654.070741,1800,2367,i_S
1779266654.0712378,2091,2804,i_S
1779266654.071692,2297,2201,i_S
1779266654.07201,2071,1838,i_S
1779266654.0723891,1850,2060,i_S
1779266654.0727098,2020,2119,i_S
1779266654.072992,2182,1624,i_S
1779266654.0772831,2094,2267,i_S
1779266654.077929,1997,2012,i_S
1779266654.078015,2222,2895,i_S
1779266654.07809,2115,2533,i_S
1779266654.078165,2028,1814,i_S
1779266654.0782678,2013,2018,i_S
1779266654.078389,1857,2173,i_S
1779266654.078455,2106,1689,i_S
1779266654.078519,2239,2192,i_S
1779266654.079872,1804,2023,i_S
1779266654.0812109,1736,2806,i_S
1779266654.083859,2294,2784,i_S
1779266654.0852082,1959,1937,i_S
1779266654.095177,2137,1901,i_S
1779266654.0961301,2246,2022,i_S
1779266654.096483,2080,1813,i_S
1779266654.097484,2033,1974,i_S
1779266654.097846,1951,2187,i_S
1779266654.101685,1846,2217,i_S
1779266654.102071,2126,2837,i_S
1779266654.102287,2170,2213,i_S
1779266654.105394,1839,1837,i_S
1779266654.106841,2162,2064,i_S
1779266654.1093109,2125,2116,i_S
1779266654.109642,2087,1620,i_S
1779266654.116652,2031,2269,i_S
1779266654.116986,2032,1999,i_S
1779266654.1175601,2074,2932,i_S
1779266654.117972,2071,2571,i_S
1779266654.122537,2052,1803,i_S
1779266654.1227038,2014,2028,i_S
1779266654.12413,1944,2246,i_S
1779266654.1255538,2093,1712,i_S
1779266654.132792,1953,2194,i_S
1779266654.133823,2019,2035,i_S
1779266654.134818,2116,2721,i_S
1779266654.135775,1995,2798,i_S
1779266654.135995,2096,1939,i_S
1779266654.139554,1960,1900,i_S
1779266654.139921,1964,2064,i_S
1779266654.1439831,2039,1738,i_S
1779266654.1471272,2150,1976,i_S
1779266654.1474502,1956,2204,i_S
1779266654.148056,2044,2227,i_S
1779266654.1548429,2083,2775,i_S
1779266654.155127,2205,2215,i_S
1779266654.1554601,2099,1828,i_S
1779266654.1558669,2079,2014,i_S
1779266654.159948,2092,1988,i_S
1779266654.161162,2101,1619,i_S
1779266654.161515,1970,2270,i_S
1779266654.164168,1968,2002,i_S
1779266654.165545,1989,2894,i_S
1779266654.168284,2101,2438,i_S
1779266654.169673,2117,1817,i_S
1779266654.184499,2020,1970,i_S
1779266654.2023659,1931,2192,i_S
1779266654.202484,2082,1648,i_S
1779266654.202556,2079,2181,i_S
1779266654.202689,2013,2024,i_S
1779266654.202755,2056,2626,i_S
1779266654.202817,2035,2688,i_S
1779266654.202877,2121,1958,i_S
1779266654.202983,2001,1896,i_S
1779266654.20327,1765,2014,i_S
1779266654.203371,2245,1814,i_S
1779266654.203434,1997,1944,i_S
1779266654.203495,1873,2196,i_S
1779266654.203556,2138,2299,i_S
1779266654.203616,2244,2931,i_S
1779266654.2036748,2167,2237,i_S
1779266654.203737,1869,1844,i_S
1779266654.205201,2146,2169,i_S
1779266654.216825,2142,2212,i_S
1779266654.220831,1869,1588,i_S
1779266654.224419,2134,2274,i_S
1779266654.2247832,2009,2145,i_S
1779266654.235208,2087,3122,i_S
1779266654.235924,2047,2597,i_S
1779266654.236599,2105,1817,i_S
1779266654.2370791,1987,2173,i_S
1779266654.2376451,1976,2377,i_S
1779266654.2427452,2126,1772,i_S
1779266654.2433789,2098,2190,i_S
1779266654.2436469,1938,2057,i_S
1779266654.243731,1847,2818,i_S
1779266654.243795,1842,2866,i_S
1779266654.243862,2186,1949,i_S
1779266654.243928,2169,1931,i_S
1779266654.24474,2151,2182,i_S
1779266654.2452412,2102,1906,i_S
1779266654.24531,2065,1954,i_S
1779266654.245384,2108,2225,i_S
1779266654.248544,2001,2359,i_S
1779266654.2508879,2014,3010,i_S
1779266654.251482,2052,2231,i_S
1779266654.2739441,2012,1829,i_S
1779266654.274591,1936,2207,i_S
1779266654.286384,1952,2217,i_S
1779266654.287891,2245,1592,i_S
1779266654.287992,2150,2289,i_S
1779266654.288074,2058,2062,i_S
1779266654.2881489,2094,2968,i_S
1779266654.288215,2006,2613,i_S
1779266654.28831,2053,1799,i_S
1779266654.2883892,1991,2094,i_S
1779266654.2884579,1961,2226,i_S
1779266654.288634,2084,1646,i_S
1779266654.288886,1966,2206,i_S
1779266654.2890391,1860,2069,i_S
1779266654.289114,2155,2704,i_S
1779266654.2891772,2133,2754,i_S
1779266654.289239,2115,1948,i_S
1779266654.2893,2117,1897,i_S
1779266654.289369,2056,2100,i_S
1779266654.301676,2112,1845,i_S
1779266654.3097448,2149,1952,i_S
1779266654.320962,2025,2229,i_S
1779266654.32668,1963,2248,i_S
1779266654.326813,2061,2899,i_S
1779266654.326913,2013,2241,i_S
1779266654.3269901,1916,1817,i_S
1779266654.327067,2078,2105,i_S
1779266654.32713,2127,2169,i_S
1779266654.3271942,2025,1576,i_S
1779266654.3272572,1928,2286,i_S
1779266654.327318,1944,2053,i_S
1779266654.32738,2020,2942,i_S
1779266654.327441,2005,2627,i_S
1779266654.327615,2155,1801,i_S
1779266654.327691,2101,2020,i_S
1779266654.327761,2015,2231,i_S
1779266654.327832,2003,1700,i_S
1779266654.3279,2070,2187,i_S
1779266654.329323,2035,2068,i_S
1779266654.332055,2013,2712,i_S
1779266654.333645,2084,2815,i_S
1779266654.335135,2075,1957,i_S
1779266654.347454,2066,1924,i_S
1779266654.351469,2034,2149,i_S
1779266654.352808,2048,1966,i_S
1779266654.355934,2016,1929,i_S
1779266654.357285,2035,2232,i_S
1779266654.3577,2042,2273,i_S
1779266654.360636,2093,2975,i_S
1779266654.3673651,2119,2260,i_S
1779266654.368208,1996,1818,i_S
1779266654.3696032,1963,2165,i_S
1779266654.369836,2092,2193,i_S
1779266654.3703208,2051,1558,i_S
1779266654.370752,2108,2288,i_S
1779266654.3756402,2060,2123,i_S
1779266654.3758552,1832,3029,i_S
1779266654.376481,2034,2549,i_S
1779266654.3765771,2630,1817,i_S
1779266654.376658,1623,2157,i_S
1779266654.376742,1448,2243,i_S
1779266654.376959,2458,1807,i_S
1779266654.378431,2910,2171,i_S
1779266654.379957,1974,2084,i_S
1779266654.4307961,1578,2851,i_S
1779266654.4309912,1760,2845,i_S
1779266654.431137,1619,1980,i_S
1779266654.4312088,1812,1939,i_S
1779266654.431381,2301,2159,i_S
1779266654.4314501,1810,1792,i_S
1779266654.431511,3349,1935,i_S
1779266654.4315698,1971,2232,i_S
1779266654.431693,786,2523,i_S
1779266654.4317582,2179,2714,i_S
1779266654.432409,3353,2270,i_S
1779266654.432527,1790,1837,i_S
1779266654.4325912,1812,2261,i_S
1779266654.432652,1766,2155,i_S
1779266654.432711,1739,1548,i_S
1779266654.4329941,1891,2278,i_S
1779266654.43311,1227,1933,i_S
1779266654.433173,1105,2817,i_S
1779266654.433342,3169,2552,i_S
1779266654.433407,3258,1812,i_S
1779266654.433581,2335,1970,i_S
1779266654.433704,1399,2110,i_S
1779266654.434648,1346,1800,i_S
1779266654.434963,1651,2153,i_S
1779266654.4350662,2216,2079,i_S
1779266654.4351301,1959,2465,i_S
1779266654.435478,2415,2687,i_S
1779266654.4355788,1123,2016,i_S
1779266654.4371278,655,1904,i_S
1779266654.439332,2574,2125,i_S
1779266654.442276,2719,1774,i_S
1779266654.444242,2430,1887,i_S
1779266654.4457111,1341,2244,i_S
1779266654.447187,1900,2288,i_S
1779266654.475811,3140,3002,i_S
1779266654.480741,2451,2300,i_S
1779266654.4808378,1484,1815,i_S
1779266654.481034,1643,2030,i_S
1779266654.481138,2294,2005,i_S
1779266654.4812028,2263,1536,i_S
1779266654.481271,2127,2272,i_S
1779266654.481334,2052,1840,i_S
1779266654.481398,2013,2843,i_S
1779266654.481458,1791,2594,i_S
1779266654.4815202,2026,1804,i_S
1779266654.4816809,2182,1961,i_S
1779266654.481889,2080,2103,i_S
1779266654.4819572,2091,1423,i_S
1779266654.4820201,1919,2197,i_S
1779266654.48209,1665,2088,i_S
1779266654.48235,2622,2417,i_S
1779266654.484205,2581,2715,i_S
1779266654.500938,1867,1966,i_S
1779266654.501308,2282,1818,i_S
1779266654.5015628,2071,1947,i_S
1779266654.5052228,2158,1948,i_S
1779266654.51742,1629,1901,i_S
1779266654.518034,2012,2232,i_S
1779266654.518517,2212,2008,i_S
1779266654.518941,929,2717,i_S
1779266654.519049,2439,2307,i_S
1779266654.519129,3391,1794,i_S
1779266654.5193112,2254,1763,i_S
1779266654.519395,2186,2209,i_S
1779266654.5194619,1581,1692,i_S
1779266654.519525,2510,2236,i_S
1779266654.519587,2199,2182,i_S
1779266654.5196779,1776,3027,i_S
1779266654.51981,2526,2585,i_S
1779266654.519888,1945,1885,i_S
1779266654.521285,1319,2130,i_S
1779266654.524082,2093,2158,i_S
1779266654.52564,2288,1633,i_S
1779266654.534388,2148,2134,i_S
1779266654.537396,2220,2065,i_S
1779266654.541735,2832,2494,i_S
1779266654.545613,1254,2626,i_S
1779266654.556492,2203,2037,i_S
1779266654.5617669,3058,1884,i_S
1779266654.561888,1162,2094,i_S
1779266654.5619671,1756,1859,i_S
1779266654.562115,1974,1860,i_S
1779266654.562262,2907,2224,i_S
1779266654.5623538,1788,2440,i_S
1779266654.562443,2738,2950,i_S
1779266654.5625112,1690,2298,i_S
1779266654.5626109,2828,1761,i_S
1779266654.5627341,2471,1939,i_S
1779266654.562886,562,2577,i_S
1779266654.5631292,545,1450,i_S
1779266654.563266,4095,2225,i_S
1779266654.563342,1884,1916,i_S
1779266654.5723479,3296,2592,i_S
1779266654.5768151,2281,2714,i_S
1779266654.580263,678,1848,i_S
1779266654.58228,1514,2113,i_S
1779266654.5834508,2700,2355,i_S
1779266654.587334,4095,1878,i_S
1779266654.587612,2043,2108,i_S
1779266654.5945501,1381,2139,i_S
1779266654.599206,2077,2612,i_S
1779266654.601133,2761,2642,i_S
1779266654.601226,1717,2079,i_S
1779266654.6013608,1660,1608,i_S
1779266654.601439,2576,1739,i_S
1779266654.601514,4056,1655,i_S
1779266654.601589,3238,1802,i_S
1779266654.60176,1734,2178,i_S
1779266654.601826,2384,2342,i_S
1779266654.601888,2042,2732,i_S
1779266654.602026,2515,2076,i_S
1779266654.6034482,2783,1821,i_S
1779266654.6061819,2603,1705,i_S
1779266654.607478,2429,1985,i_S
1779266654.6170628,2117,1679,i_S
1779266654.6208441,1776,2122,i_S
1779266654.6220129,3368,2017,i_S
1779266654.622407,2182,2929,i_S
1779266654.626869,2125,2548,i_S
1779266654.630974,1889,1936,i_S
1779266654.6347551,1824,1493,i_S
1779266654.642539,3369,1609,i_S
1779266654.643444,3611,1969,i_S
1779266654.644025,392,1974,i_S
1779266654.6448588,1582,1928,i_S
1779266654.645528,2688,2415,i_S
1779266654.6505651,2959,2469,i_S
1779266654.651041,1233,2128,i_S
1779266654.651232,1912,1834,i_S
1779266654.651314,2019,1950,i_S
1779266654.651464,1851,2038,i_S
1779266654.6519492,2378,1791,i_S
1779266654.652461,1772,2061,i_S
1779266654.65255,1664,2209,i_S
1779266654.652676,2768,2687,i_S
1779266654.6537411,2114,2065,i_S
1779266654.654179,1828,1557,i_S
1779266654.66457,2244,1640,i_S
1779266654.666687,2322,2192,i_S
1779266654.6699898,1580,1825,i_S
1779266654.673426,723,1992,i_S
1779266654.677601,3917,1941,i_S
1779266654.685863,2069,2710,i_S
1779266654.68656,1734,2065,i_S
1779266654.687017,2121,1707,i_S
1779266654.688054,1441,1724,i_S
1779266654.6937358,3589,1911,i_S
1779266654.693902,2211,1982,i_S
1779266654.694005,2568,1961,i_S
1779266654.6940858,936,2150,i_S
1779266654.694168,1536,2737,i_S
1779266654.694243,2185,2319,i_S
1779266654.6943202,1597,2093,i_S
1779266654.694484,2454,1633,i_S
1779266654.69458,2637,1814,i_S
1779266654.69475,2582,2314,i_S
1779266654.69502,1186,2035,i_S
1779266654.695317,1991,1986,i_S
1779266654.698124,2070,2506,i_S
1779266654.699548,2100,2566,i_S
1779266654.702225,2052,2087,i_S
1779266654.7263439,1651,1779,i_S
1779266654.7434309,1166,1783,i_S
1779266654.7756002,3557,2048,i_S
1779266654.77596,2963,1902,i_S
1779266654.776673,2098,1861,i_S
1779266654.776768,2007,2540,i_S
1779266654.776845,1589,2650,i_S
1779266654.776916,2820,2333,i_S
1779266654.7769878,2110,1889,i_S
1779266654.7770538,623,1996,i_S
1779266654.7771251,1636,1950,i_S
1779266654.777194,3430,2310,i_S
1779266654.777262,1937,1875,i_S
1779266654.7773309,1961,2036,i_S
1779266654.777399,1148,2809,i_S
1779266654.816604,2325,2547,i_S
1779266654.81673,2799,2257,i_S
1779266654.816972,1375,1947,i_S
1779266654.81847,2665,2039,i_S
1779266654.81857,1418,2143,i_S
1779266654.820487,1263,2069,i_S
1779266654.8205702,3075,2201,i_S
1779266654.8206441,1521,2511,i_S
1779266654.820715,2363,2503,i_S
1779266654.8207848,2504,1983,i_S
1779266654.820853,2451,1998,i_S
1779266654.8209221,2684,2025,i_S
1779266654.820992,1570,2311,i_S
1779266654.8210611,1100,2085,i_S
1779266654.82113,2171,2049,i_S
1779266654.821198,2407,2311,i_S
1779266654.821265,2016,2662,i_S
1779266654.821332,1939,2322,i_S
1779266654.821399,2586,1808,i_S
1779266654.821467,2643,1820,i_S
1779266654.821541,1500,2026,i_S
1779266654.821609,2263,2047,i_S
1779266654.821676,2480,1952,i_S
1779266654.822931,2868,2168,i_S
1779266654.823199,1275,2445,i_S
1779266654.823292,2097,2466,i_S
1779266654.8233669,1849,2155,i_S
1779266654.823879,2112,1950,i_S
1779266654.823952,2810,1997,i_S
1779266654.824021,1879,2117,i_S
1779266654.82409,1813,1877,i_S
1779266654.824159,1669,2042,i_S
1779266654.824228,1478,2190,i_S
1779266654.824296,2647,2441,i_S
1779266654.824364,2307,2194,i_S
1779266654.8244321,3017,2153,i_S
1779266654.824499,1813,2006,i_S
1779266654.8245661,1599,2181,i_S
1779266654.824634,2418,1923,i_S
1779266654.8247008,2377,2082,i_S
1779266654.825755,1801,2291,i_S
1779266654.825832,1851,2489,i_S
1779266654.826099,2090,2149,i_S
1779266654.82619,2284,1802,i_S
1779266654.826266,1931,1814,i_S
1779266654.8297322,1158,1981,i_S
1779266654.8299131,1730,1873,i_S
1779266654.830136,3488,1816,i_S
1779266654.830378,1564,2009,i_S
1779266654.8317719,3213,2424,i_S
1779266654.83498,2078,2530,i_S
1779266654.8351932,1992,2049,i_S
1779266654.8381371,1545,1918,i_S
1779266654.8688588,1305,1942,i_S
1779266654.8690062,3015,2169,i_S
1779266654.869097,1976,2003,i_S
1779266654.869167,972,2056,i_S
1779266654.869239,2240,2553,i_S
1779266654.869308,2922,2413,i_S
1779266654.869497,2364,2030,i_S
1779266654.869834,2169,1728,i_S
1779266654.869906,2212,1631,i_S
1779266654.8699992,2300,2403,i_S
1779266654.870067,1126,2166,i_S
1779266654.870135,1672,2033,i_S
1779266654.870204,2785,2333,i_S
1779266654.870466,1637,2764,i_S
1779266654.870629,1472,2500,i_S
1779266654.871327,1729,2263,i_S
1779266654.900852,2081,1981,i_S
1779266654.900962,3590,2305,i_S
1779266654.901037,2373,2204,i_S
1779266654.9011068,2146,1922,i_S
1779266654.901168,1749,2056,i_S
1779266654.90529,1943,2403,i_S
1779266654.905422,1787,2516,i_S
1779266654.905492,2070,2037,i_S
1779266654.905555,2296,1956,i_S
1779266654.9056158,2055,2204,i_S
1779266654.905673,795,2118,i_S
1779266654.905733,2189,1852,i_S
1779266654.905793,3361,1879,i_S
1779266654.905851,1874,2643,i_S
1779266654.905911,1410,2601,i_S
1779266654.9059699,2316,2133,i_S
1779266654.906029,1871,2142,i_S
1779266654.9060879,1575,1955,i_S
1779266654.9078872,3307,2187,i_S
1779266654.927209,1831,2082,i_S
1779266654.972877,1296,1973,i_S
1779266654.978261,1957,2326,i_S
1779266654.978546,2741,2486,i_S
1779266654.978751,1985,2193,i_S
1779266654.978828,2322,1809,i_S
1779266654.979119,1587,1865,i_S
1779266654.979241,1771,2038,i_S
1779266654.9793642,2886,1973,i_S
1779266654.979467,1932,1977,i_S
1779266654.979542,1189,2024,i_S
1779266654.979745,2075,2200,i_S
1779266654.979851,2148,2333,i_S
1779266654.979917,2696,2216,i_S
1779266654.980017,2057,1956,i_S
1779266654.980143,2155,1860,i_S
1779266654.980224,1908,2068,i_S
1779266654.9802911,1722,1579,i_S
1779266654.9803798,2661,1798,i_S
1779266654.9805021,1866,2331,i_S
1779266654.9805691,1791,2654,i_S
1779266654.9807,1660,2189,i_S
1779266654.980834,1597,1980,i_S
1779266654.9809248,2575,1973,i_S
1779266654.981015,2404,2099,i_S
1779266654.981188,1412,2033,i_S
1779266654.981256,2751,1941,i_S
1779266654.9813209,3181,2129,i_S
1779266654.981407,1594,2739,i_S
1779266654.981475,1240,2441,i_S
1779266654.9815402,2029,1966,i_S
1779266654.9816031,1574,1993,i_S
1779266654.9816802,3659,2496,i_S
1779266654.9817832,1636,2233,i_S
1779266654.9818492,1527,1971,i_S
1779266654.9819121,2365,2008,i_S
1779266654.9819741,2002,2424,i_S
1779266654.9833422,936,2223,i_S
1779266654.9859898,2253,2028,i_S
1779266654.994661,3091,1773,i_S
1779266655.00093,3627,2009,i_S
1779266655.001782,972,2173,i_S
1779266655.016984,1473,1952,i_S
1779266655.017736,1987,2001,i_S
1779266655.021785,2132,2412,i_S
1779266655.0234828,2610,2546,i_S
1779266655.023613,1803,2275,i_S
1779266655.023732,1959,2004,i_S
1779266655.023802,1713,2077,i_S
1779266655.023865,1952,2166,i_S
1779266655.023932,2335,1965,i_S
1779266655.0240052,1653,2070,i_S
1779266655.0241191,1532,2168,i_S
1779266655.0241978,2405,2247,i_S
1779266655.024279,3634,2314,i_S
1779266655.024352,1574,2062,i_S
1779266655.024468,1505,1906,i_S
1779266655.02458,2043,2025,i_S
1779266655.025928,2044,1937,i_S
1779266655.0402691,2045,1680,i_S
1779266655.041307,2369,2037,i_S
1779266655.045671,1997,2427,i_S
1779266655.0482008,2472,2538,i_S
1779266655.0571551,1689,2058,i_S
1779266655.058097,1199,1783,i_S
1779266655.058692,3070,1988,i_S
1779266655.059272,2810,2203,i_S
1779266655.0597131,1683,2026,i_S
1779266655.060452,1464,1994,i_S
1779266655.064961,2271,1964,i_S
1779266655.0653849,2126,2589,i_S
1779266655.065793,840,2209,i_S
1779266655.065891,1593,1951,i_S
1779266655.06607,3884,1886,i_S
1779266655.066166,1439,2120,i_S
1779266655.06623,1108,1981,i_S
1779266655.066292,1493,1816,i_S
1779266655.066586,3797,2081,i_S
1779266655.066684,2518,2426,i_S
1779266655.068088,1521,2476,i_S
1779266655.069516,1587,1970,i_S
1779266655.072156,2296,2050,i_S
1779266655.0735528,2009,2153,i_S
1779266655.0827641,1875,2070,i_S
1779266655.0848389,1992,1632,i_S
1779266655.0871282,2085,2082,i_S
1779266655.090476,1376,2109,i_S
1779266655.091396,2506,2312,i_S
1779266655.093875,2028,2226,i_S
1779266655.0965528,2075,2076,i_S
1779266655.099591,1628,2016,i_S
1779266655.108385,1879,2007,i_S
1779266655.1089768,1949,1924,i_S
1779266655.109798,3430,2066,i_S
1779266655.1103191,1978,2398,i_S
1779266655.115529,1588,2577,i_S
1779266655.11622,1385,2088,i_S
1779266655.116377,2406,1740,i_S
1779266655.116468,2383,1899,i_S
1779266655.116582,1614,2199,i_S
1779266655.1166751,2405,1866,i_S
1779266655.116805,2318,1890,i_S
1779266655.11694,1041,2336,i_S
1779266655.1170728,1413,2495,i_S
1779266655.117151,3547,2351,i_S
1779266655.1195688,2354,2126,i_S
1779266655.1312761,1670,1996,i_S
1779266655.134551,1918,1930,i_S
1779266655.135421,2074,2240,i_S
1779266655.139019,1739,1843,i_S
1779266655.1416252,1739,1916,i_S
1779266655.142007,1361,2400,i_S
1779266655.149088,2808,2392,i_S
1779266655.1501791,2445,2139,i_S
1779266655.1511612,1723,1862,i_S
1779266655.154336,1513,1762,i_S
1779266655.155394,2994,2067,i_S
1779266655.155485,2423,1893,i_S
1779266655.155617,1788,1817,i_S
1779266655.155782,2190,2434,i_S
1779266655.155939,1330,2471,i_S
1779266655.156074,1778,2089,i_S
1779266655.1562428,1615,1912,i_S
1779266655.156474,2997,2015,i_S
1779266655.157862,2325,2150,i_S
1779266655.1593862,1834,2059,i_S
1779266655.162184,1816,1870,i_S
1779266655.170718,2171,2146,i_S
1779266655.1724858,2153,2421,i_S
1779266655.175355,1893,2381,i_S
1779266655.1805282,2130,2108,i_S
1779266655.188075,1643,1916,i_S
1779266655.189019,2220,2116,i_S
1779266655.189416,1952,1971,i_S
1779266655.193269,1759,1917,i_S
1779266655.193485,1656,1936,i_S
1779266655.1936362,2161,2444,i_S
1779266655.193772,3705,2340,i_S
1779266655.1938848,2294,2134,i_S
1779266655.194023,884,1949,i_S
1779266655.194168,1837,2172,i_S
1779266655.1943219,1870,2082,i_S
1779266655.1944058,3690,1746,i_S
1779266655.19564,2178,2011,i_S
1779266655.202102,1113,2547,i_S
1779266655.207403,1666,2565,i_S
1779266655.210335,1995,2203,i_S
1779266655.211593,1952,2005,i_S
1779266655.22051,2326,1853,i_S
1779266655.221262,2477,2213,i_S
1779266655.221762,1717,2194,i_S
1779266655.222087,1624,1949,i_S
1779266655.222429,1981,1969,i_S
1779266655.225914,2513,2265,i_S
1779266655.227231,2134,2326,i_S
1779266655.2274802,2022,1963,i_S
1779266655.227983,1832,1860,i_S
1779266655.22813,2632,1958,i_S
1779266655.2284522,2103,2276,i_S
1779266655.2286239,2061,2022,i_S
1779266655.230026,1652,2060,i_S
1779266655.231411,1700,2447,i_S
1779266655.2344499,2773,2359,i_S
1779266655.2423701,2387,2196,i_S
1779266655.246482,1582,2148,i_S
1779266655.249113,2068,2034,i_S
1779266655.258687,2282,2158,i_S
1779266655.2593799,1669,1732,i_S
1779266655.2600188,1887,1915,i_S
1779266655.260503,2752,2311,i_S
1779266655.261437,1773,2689,i_S
1779266655.2643578,1822,2392,i_S
1779266655.26559,2468,1995,i_S
1779266655.265727,1461,1981,i_S
1779266655.2658298,1751,2148,i_S
1779266655.265933,2999,2055,i_S
1779266655.266054,1446,1961,i_S
1779266655.2661812,1894,2135,i_S
1779266655.266294,1971,2592,i_S
1779266655.2676961,1756,2291,i_S
1779266655.275681,2446,1850,i_S
1779266655.277257,2506,1971,i_S
1779266655.277557,2224,2192,i_S
1779266655.280255,1597,2362,i_S
1779266655.283654,2204,1881,i_S
1779266655.2860742,2281,1918,i_S
1779266655.293291,1768,2560,i_S
1779266655.293685,1873,2499,i_S
1779266655.294081,2023,2156,i_S
1779266655.2947142,2074,1999,i_S
1779266655.295269,2067,1889,i_S
1779266655.2983549,2221,2059,i_S
1779266655.299433,1954,1712,i_S
1779266655.299587,1569,1862,i_S
1779266655.299716,1956,2327,i_S
1779266655.299854,2540,2603,i_S
1779266655.301204,2136,2120,i_S
1779266655.3038201,1788,1922,i_S
1779266655.3051789,2447,1885,i_S
1779266655.314538,2020,2257,i_S
1779266655.3214269,1124,1969,i_S
1779266655.323478,3310,1780,i_S
1779266655.323945,2404,1982,i_S
1779266655.331106,1578,2465,i_S
1779266655.331688,1706,2289,i_S
1779266655.3320231,2423,1983,i_S
1779266655.332629,2494,1738,i_S
1779266655.333266,1633,2178,i_S
1779266655.333683,2168,2208,i_S
1779266655.337238,1231,1795,i_S
1779266655.337766,1299,1859,i_S
1779266655.3378801,3670,2271,i_S
1779266655.337949,1915,2400,i_S
1779266655.338033,1684,2019,i_S
1779266655.338121,901,1816,i_S
1779266655.339526,3057,1857,i_S
1779266655.348216,3014,2282,i_S
1779266655.351613,1759,1807,i_S
1779266655.352161,1869,2005,i_S
1779266655.3547058,1838,2311,i_S
1779266655.355728,2004,2538,i_S
1779266655.358625,2196,2169,i_S
1779266655.367538,2043,1917,i_S
1779266655.368264,1565,1983,i_S
1779266655.368563,1706,2192,i_S
1779266655.369035,1435,1969,i_S
1779266655.369465,2260,1757,i_S
1779266655.369923,3638,2210,i_S
1779266655.370256,1191,2655,i_S
1779266655.374172,1860,2340,i_S
1779266655.374563,2232,1991,i_S
1779266655.374698,2162,1901,i_S
1779266655.374856,2153,1950,i_S
1779266655.374988,2121,2027,i_S
1779266655.3775842,1889,1812,i_S
1779266655.37906,1741,1840,i_S
1779266655.387276,2081,2276,i_S
1779266655.389652,1913,2629,i_S
1779266655.395114,2064,2172,i_S
1779266655.397059,2084,2088,i_S
1779266655.406165,2157,1985,i_S
1779266655.407038,2176,2310,i_S
1779266655.4075131,2192,1938,i_S
1779266655.408052,1914,2009,i_S
1779266655.4083672,1891,2306,i_S
1779266655.4088352,2400,2455,i_S
1779266655.409203,1995,2240,i_S
1779266655.4097338,1839,1990,i_S
1779266655.413515,2036,1790,i_S
1779266655.413682,2595,2053,i_S
1779266655.4138072,2225,1887,i_S
1779266655.4139168,1876,2010,i_S
1779266655.414031,1452,2101,i_S
1779266655.415342,1801,2224,i_S
1779266655.4228532,2660,2264,i_S
1779266655.4272242,2217,2030,i_S
1779266655.432714,1818,1887,i_S
1779266655.433365,1926,2053,i_S
1779266655.440586,2149,2092,i_S
1779266655.441291,1958,1680,i_S
1779266655.4418728,2171,1976,i_S
1779266655.4426649,2044,2296,i_S
1779266655.446177,1854,2305,i_S
1779266655.447395,2138,2054,i_S
1779266655.4478989,1817,1904,i_S
1779266655.4480388,2102,1940,i_S
1779266655.448143,2050,2129,i_S
1779266655.44822,2383,1892,i_S
1779266655.4482849,2000,1924,i_S
1779266655.448399,1482,2293,i_S
1779266655.449944,2276,2571,i_S
1779266655.451433,2333,2190,i_S
1779266655.4541419,1991,1902,i_S
1779266655.455534,1981,1898,i_S
1779266655.464965,1918,2161,i_S
1779266655.467981,2029,2013,i_S
1779266655.468554,2136,1824,i_S
1779266655.468867,2020,2088,i_S
1779266655.4751139,2070,2408,i_S
1779266655.484468,1834,2370,i_S
1779266655.485454,2439,2131,i_S
1779266655.485715,1741,1923,i_S
1779266655.486068,1328,2049,i_S
1779266655.4895391,3007,2124,i_S
1779266655.4912739,2276,1826,i_S
1779266655.49139,2487,2118,i_S
1779266655.491466,1528,2413,i_S
1779266655.491536,2070,2500,i_S
1779266655.491605,2172,2163,i_S
1779266655.491673,2173,1988,i_S
1779266655.491738,2075,2108,i_S
1779266655.491799,1877,2276,i_S
1779266655.493182,1862,1964,i_S
1779266655.504825,1953,1911,i_S
1779266655.5140648,1968,2260,i_S
1779266655.522797,2022,2601,i_S
1779266655.527634,2141,2344,i_S
1779266655.528297,2048,2119,i_S
1779266655.5285451,2241,1981,i_S
1779266655.52871,2118,2214,i_S
1779266655.5288372,1861,1963,i_S
1779266655.529026,2016,1836,i_S
1779266655.529092,2044,2050,i_S
1779266655.5291588,2037,2505,i_S
1779266655.529226,1907,2413,i_S
1779266655.529292,2162,2136,i_S
1779266655.529375,2102,2006,i_S
1779266655.529443,1922,2117,i_S
1779266655.529599,2011,2150,i_S
1779266655.529724,1912,1980,i_S
1779266655.529848,2014,2112,i_S
1779266655.531307,1913,2459,i_S
1779266655.534046,1747,2714,i_S
1779266655.535372,1941,2305,i_S
1779266655.546026,2535,1876,i_S
1779266655.555924,2213,2148,i_S
1779266655.568495,2089,2383,i_S
1779266655.569845,2078,2061,i_S
1779266655.569938,2079,1972,i_S
1779266655.570008,2149,2164,i_S
1779266655.5700748,2149,2651,i_S
1779266655.5701408,2042,2389,i_S
1779266655.570204,1939,2046,i_S
1779266655.570272,1946,2080,i_S
1779266655.570334,2023,2345,i_S
1779266655.5704,2092,2144,i_S
1779266655.570462,1993,1971,i_S
1779266655.570529,1983,2268,i_S
1779266655.570774,2017,2521,i_S
1779266655.570893,2015,2408,i_S
1779266655.5709682,2134,2094,i_S
1779266655.5710778,2215,2001,i_S
1779266655.586755,2092,2114,i_S
1779266655.601095,1884,2125,i_S
1779266655.601373,1959,1723,i_S
1779266655.6064498,2171,1901,i_S
1779266655.6066382,1997,2497,i_S
1779266655.606853,1973,2664,i_S
1779266655.606961,2134,2325,i_S
1779266655.607028,2014,2023,i_S
1779266655.607092,1826,2151,i_S
1779266655.6071548,2002,2310,i_S
1779266655.6072278,1910,1930,i_S
1779266655.607293,1858,1968,i_S
1779266655.6073542,2028,2246,i_S
1779266655.6074162,2149,2786,i_S
1779266655.607478,1953,2513,i_S
1779266655.607538,2196,2106,i_S
1779266655.6076329,2213,2197,i_S
1779266655.60771,2065,2331,i_S
1779266655.609078,2184,2054,i_S
1779266655.6118882,2136,1821,i_S
1779266655.613287,2044,2180,i_S
1779266655.621815,1941,2798,i_S
1779266655.622866,1995,2663,i_S
1779266655.6260118,2163,2291,i_S
1779266655.626178,2170,2276,i_S
1779266655.629258,2001,2436,i_S
1779266655.633527,1986,2408,i_S
1779266655.635975,2122,2022,i_S
1779266655.643751,2215,2136,i_S
1779266655.644537,2096,2679,i_S
1779266655.6450639,1953,2882,i_S
1779266655.6453938,1814,2434,i_S
1779266655.646102,2115,2157,i_S
1779266655.646406,2190,2328,i_S
1779266655.649732,2201,2508,i_S
1779266655.651215,1997,2187,i_S
1779266655.651325,1829,2029,i_S
1779266655.6514041,1755,2371,i_S
1779266655.651596,2008,2883,i_S
1779266655.651673,2968,2724,i_S
1779266655.653036,2396,2233,i_S
1779266655.6640708,1857,2002,i_S
1779266655.665028,1796,2361,i_S
1779266655.668579,2123,2208,i_S
1779266655.668812,2157,1842,i_S
1779266655.669198,2508,2026,i_S
1779266655.67237,2193,2729,i_S
1779266655.673422,2067,2764,i_S
1779266655.676018,1991,2384,i_S
1779266655.676488,1692,2313,i_S
1779266655.6843479,1822,2561,i_S
1779266655.684957,2048,2383,i_S
1779266655.6852438,2311,1712,i_S
1779266655.6855738,1868,1904,i_S
1779266655.6858728,2103,2524,i_S
1779266655.6861298,1910,2750,i_S
1779266655.686435,2232,2386,i_S
1779266655.691165,2143,2149,i_S
1779266655.691294,1961,2103,i_S
1779266655.691377,2063,2317,i_S
1779266655.694098,2084,1808,i_S
1779266655.6954749,1735,1895,i_S
1779266655.696867,1793,2314,i_S
1779266655.699841,1837,2835,i_S
1779266655.7085812,1847,2469,i_S
1779266655.709887,1898,2184,i_S
1779266655.711026,1816,2109,i_S
1779266655.714018,1886,2218,i_S
1779266655.7143471,1928,1883,i_S
1779266655.714638,1704,1830,i_S
1779266655.7150831,1902,2086,i_S
1779266655.734272,1887,2587,i_S
1779266655.734398,1686,2686,i_S
1779266655.7344809,1692,2070,i_S
1779266655.7345998,2052,1878,i_S
1779266655.7348108,2167,2149,i_S
1779266655.734949,1998,2075,i_S
1779266655.735119,2038,1607,i_S
1779266655.7353652,1844,2010,i_S
1779266655.735548,1725,2371,i_S
1779266655.7357152,1737,3176,i_S
1779266655.7358432,1961,2427,i_S
1779266655.737738,2179,2011,i_S
1779266655.754661,1755,2072,i_S
1779266655.7649941,1975,2231,i_S
1779266655.770147,1929,1555,i_S
1779266655.7702541,1863,2096,i_S
1779266655.7703302,1704,1947,i_S
1779266655.770401,1843,2628,i_S
1779266655.77047,2271,2345,i_S
1779266655.770538,1879,1983,i_S
1779266655.770607,2040,1829,i_S
1779266655.770675,1864,2053,i_S
1779266655.770896,1817,1735,i_S
1779266655.771046,2138,1983,i_S
1779266655.771127,1895,1966,i_S
1779266655.771193,1723,2499,i_S
1779266655.771256,2216,2700,i_S
1779266655.771322,2176,2116,i_S
1779266655.771412,1699,1967,i_S
1779266655.773844,1875,2178,i_S
1779266655.775233,2101,2053,i_S
1779266655.7779899,1881,1753,i_S
1779266655.7853298,1885,2158,i_S
1779266655.786303,1961,2028,i_S
1779266655.787443,1974,2834,i_S
1779266655.788358,1730,2365,i_S
1779266655.792966,1877,1870,i_S
1779266655.793366,2261,2001,i_S
1779266655.793827,2124,2106,i_S
1779266655.79408,1672,1409,i_S
1779266655.8006709,1705,2215,i_S
1779266655.801054,2166,1824,i_S
1779266655.808576,2236,2643,i_S
1779266655.809144,1848,2595,i_S
1779266655.809397,1568,1866,i_S
1779266655.8097339,1858,1894,i_S
1779266655.810081,1997,2066,i_S
1779266655.810496,2121,1574,i_S
1779266655.814892,2104,2099,i_S
1779266655.815349,1999,2100,i_S
1779266655.815532,1986,2300,i_S
1779266655.816902,2002,2672,i_S
1779266655.827716,1833,2073,i_S
1779266655.828022,2088,1862,i_S
1779266655.829094,1880,1947,i_S
1779266655.832837,1816,1690,i_S
1779266655.836552,2012,1822,i_S
1779266655.840375,2185,2233,i_S
1779266655.8479161,2068,1808,i_S
1779266655.848403,2007,2739,i_S
1779266655.8485508,1968,2378,i_S
1779266655.849167,2009,1786,i_S
1779266655.849869,1990,1887,i_S
1779266655.850208,1961,1824,i_S
1779266655.855065,2138,1449,i_S
1779266655.855165,1747,2267,i_S
1779266655.855244,1575,1861,i_S
1779266655.855315,1953,2649,i_S
1779266655.855385,1879,2637,i_S
1779266655.8554502,2290,1829,i_S
1779266655.8555148,2234,2036,i_S
1779266655.856961,1707,2066,i_S
1779266655.8596559,1860,1410,i_S
1779266655.8610198,2119,2166,i_S
1779266655.86373,2123,2150,i_S
1779266655.872212,2013,2202,i_S
1779266655.873146,1967,2828,i_S
1779266655.873425,1943,2013,i_S
1779266655.87462,1870,1840,i_S
1779266655.87488,2060,2212,i_S
1779266655.876162,2000,1849,i_S
1779266655.8825479,1921,1853,i_S
1779266655.886314,2172,2304,i_S
1779266655.886625,2041,1772,i_S
1779266655.886909,1891,2970,i_S
1779266655.8879519,1981,2368,i_S
1779266655.8943412,1857,1733,i_S
1779266655.895055,1943,2131,i_S
1779266655.895455,2072,2141,i_S
1779266655.8957179,2149,1426,i_S
1779266655.899311,1984,2333,i_S
1779266655.900933,1924,1971,i_S
1779266655.901022,1996,2883,i_S
1779266655.9010959,2164,2804,i_S
1779266655.9039261,2123,1779,i_S
1779266655.9130292,1859,2005,i_S
1779266655.913915,1902,2265,i_S
1779266655.915638,2179,1491,i_S
1779266655.918972,1788,2185,i_S
1779266655.921568,1690,2220,i_S
1779266655.9225411,2078,2336,i_S
1779266655.922823,1882,3011,i_S
1779266655.924005,1751,2000,i_S
1779266655.927045,2220,1805,i_S
1779266655.9342232,1995,2313,i_S
1779266655.934541,1736,1875,i_S
1779266655.935137,1849,1853,i_S
1779266655.935554,2126,2342,i_S
1779266655.9362528,1980,1846,i_S
1779266655.936546,1905,3129,i_S
1779266655.941521,2175,2366,i_S
1779266655.941695,2149,1715,i_S
1779266655.941778,1925,2282,i_S
1779266655.941901,1871,2239,i_S
1779266655.9433029,2053,1413,i_S
1779266655.946097,1905,2362,i_S
1779266655.947572,1854,2021,i_S
1779266655.948983,1920,2847,i_S
1779266655.960921,2117,2837,i_S
1779266655.9703832,2055,1767,i_S
1779266655.9710028,1850,1968,i_S
1779266655.9785118,1528,2490,i_S
1779266655.979824,2277,1556,i_S
1779266655.9859478,2393,2176,i_S
1779266655.986202,2043,2271,i_S
1779266655.986571,1866,2316,i_S
1779266655.98676,1920,3137,i_S
1779266655.9870248,2133,2012,i_S
1779266655.9871418,2064,1771,i_S
1779266655.9872158,1953,2405,i_S
1779266655.9872808,2042,1986,i_S
1779266655.987349,1836,1813,i_S
1779266655.9876108,1790,2373,i_S
1779266655.9876878,1932,1900,i_S
1779266655.9877608,2039,3251,i_S
1779266655.98786,2264,2404,i_S
1779266655.9884229,1902,1703,i_S
1779266655.996589,2077,2247,i_S
1779266655.997828,1884,2254,i_S
1779266656.006562,2167,1370,i_S
1779266656.017687,2025,2363,i_S
1779266656.018285,1776,2059,i_S
1779266656.0190852,1930,2855,i_S
1779266656.024311,1927,2880,i_S
1779266656.024849,1931,1776,i_S
1779266656.024947,2106,1944,i_S
1779266656.0250309,2095,2352,i_S
1779266656.025109,2001,1456,i_S
1779266656.025182,1955,2173,i_S
1779266656.025307,1862,2276,i_S
1779266656.0254989,1873,2166,i_S
1779266656.0256379,2203,3115,i_S
1779266656.025701,2078,2023,i_S
1779266656.0258172,1942,1753,i_S
1779266656.025908,2002,2396,i_S
1779266656.026062,2164,1832,i_S
1779266656.027515,2072,1816,i_S
1779266656.0288892,2052,2383,i_S
1779266656.031573,1991,1707,i_S
1779266656.033024,2368,3136,i_S
1779266656.048379,1986,2419,i_S
1779266656.0631192,1923,1677,i_S
1779266656.068272,2063,2208,i_S
1779266656.068952,1897,2287,i_S
1779266656.0690439,1996,1343,i_S
1779266656.0691211,1934,2374,i_S
1779266656.069196,1949,2097,i_S
1779266656.069271,1908,2954,i_S
1779266656.069344,1973,2901,i_S
1779266656.069412,1983,1779,i_S
1779266656.0694761,2036,1927,i_S
1779266656.069538,1992,2546,i_S
1779266656.0696,2029,1585,i_S
1779266656.069665,1986,2152,i_S
1779266656.069727,2028,2307,i_S
1779266656.069789,1994,2297,i_S
1779266656.069851,1957,3278,i_S
1779266656.0699131,2091,2036,i_S
1779266656.071279,2016,1744,i_S
1779266656.0729501,1922,2481,i_S
1779266656.084834,2017,1965,i_S
1779266656.088623,1946,1785,i_S
1779266656.08924,2001,2395,i_S
1779266656.0929868,2039,1749,i_S
1779266656.09411,1953,3121,i_S
1779266656.096742,2010,2452,i_S
1779266656.097065,2086,1678,i_S
1779266656.097253,2032,2171,i_S
1779266656.097446,2078,2213,i_S
1779266656.1049259,2074,1315,i_S
1779266656.105553,2020,2367,i_S
1779266656.10659,1957,2112,i_S
1779266656.1121259,1941,2766,i_S
1779266656.112371,2019,2946,i_S
1779266656.112469,2026,1786,i_S
1779266656.112714,1981,1899,i_S
1779266656.1128309,1967,2424,i_S
1779266656.113,2071,1546,i_S
1779266656.11307,1995,2139,i_S
1779266656.113137,1821,2312,i_S
1779266656.1159701,2138,2270,i_S
1779266656.118645,2054,3307,i_S
1779266656.119125,1971,2042,i_S
1779266656.121601,2190,1744,i_S
1779266656.132148,2038,2515,i_S
1779266656.133205,2003,2086,i_S
1779266656.1342971,2179,1757,i_S
1779266656.1375191,2210,2399,i_S
1779266656.138344,1987,1779,i_S
1779266656.142394,2024,3212,i_S
1779266656.145447,2044,2472,i_S
1779266656.153234,1906,1680,i_S
1779266656.1582332,1965,2159,i_S
1779266656.1597528,2187,2247,i_S
1779266656.159895,2243,1293,i_S
1779266656.159978,1772,2362,i_S
1779266656.160042,1881,2123,i_S
1779266656.160105,2015,2791,i_S
1779266656.160264,2204,2962,i_S
1779266656.160426,2426,1790,i_S
1779266656.160495,2024,1892,i_S
1779266656.1606688,1870,2393,i_S
1779266656.1608162,1746,1510,i_S
1779266656.160907,2091,2134,i_S
1779266656.163935,2114,2312,i_S
1779266656.174315,1836,1965,i_S
1779266656.178598,1892,3098,i_S
1779266656.179599,2206,2076,i_S
1779266656.183926,2041,1715,i_S
1779266656.187329,2030,2451,i_S
1779266656.187671,2064,1966,i_S
1779266656.195389,2142,1730,i_S
1779266656.1962812,2068,2408,i_S
1779266656.1968892,2051,1815,i_S
1779266656.197469,2108,3252,i_S
1779266656.197908,1949,2500,i_S
1779266656.202197,1878,1680,i_S
1779266656.202834,1918,2142,i_S
1779266656.202944,2054,2336,i_S
1779266656.203024,2056,1259,i_S
1779266656.203192,2050,2358,i_S
1779266656.203292,1985,2147,i_S
1779266656.203367,1999,2896,i_S
1779266656.203438,2076,2984,i_S
1779266656.203509,2084,1800,i_S
1779266656.204923,2053,1889,i_S
1779266656.207828,2106,2591,i_S
1779266656.209289,1932,1652,i_S
1779266656.2108412,1972,2105,i_S
1779266656.222933,1970,2334,i_S
1779266656.2252538,2037,2303,i_S
1779266656.2332218,2127,3399,i_S
1779266656.243343,2070,2078,i_S
1779266656.2485702,1986,1735,i_S
1779266656.25311,1836,2571,i_S
1779266656.2535381,1997,2196,i_S
1779266656.25366,2306,1712,i_S
1779266656.254391,2264,2407,i_S
1779266656.255407,1909,1829,i_S
1779266656.271827,1811,3274,i_S
1779266656.287035,2080,2517,i_S
1779266656.292639,2195,1685,i_S
1779266656.2931101,1968,2135,i_S
1779266656.293237,2002,2392,i_S
1779266656.2933471,1916,1265,i_S
1779266656.293503,1926,2350,i_S
1779266656.293599,2173,2157,i_S
1779266656.2936761,2012,2901,i_S
1779266656.2937841,2063,3005,i_S
1779266656.293911,1919,1807,i_S
1779266656.294064,1928,1886,i_S
1779266656.294247,2231,2577,i_S
1779266656.294333,2199,1660,i_S
1779266656.294401,2205,2094,i_S
1779266656.294472,2014,2335,i_S
1779266656.294555,1926,2135,i_S
1779266656.2947252,2098,3249,i_S
1779266656.2948182,2208,2107,i_S
1779266656.294942,2094,1720,i_S
1779266656.295014,1800,2515,i_S
1779266656.295079,1566,2095,i_S
1779266656.295145,2387,1687,i_S
1779266656.2953012,2039,2409,i_S
1779266656.295372,1856,1852,i_S
1779266656.295441,2006,3252,i_S
1779266656.2959402,1960,2542,i_S
1779266656.2963269,2185,1688,i_S
1779266656.296457,2240,2118,i_S
1779266656.296681,2131,2390,i_S
1779266656.29677,1900,1288,i_S
1779266656.296923,1935,2338,i_S
1779266656.2970428,1924,2169,i_S
1779266656.2998059,2071,2762,i_S
1779266656.301229,2088,3051,i_S
1779266656.310205,1964,1820,i_S
1779266656.3164349,1830,1863,i_S
1779266656.320832,2173,2554,i_S
1779266656.324769,2166,1646,i_S
1779266656.3319948,2018,2075,i_S
1779266656.332936,2109,2345,i_S
1779266656.3340218,2042,2220,i_S
1779266656.3346329,2020,3391,i_S
1779266656.339424,1983,2117,i_S
1779266656.339607,2160,1723,i_S
1779266656.3397,1985,2520,i_S
1779266656.339829,2000,2157,i_S
1779266656.340035,1818,1676,i_S
1779266656.34012,1824,2407,i_S
1779266656.340309,2111,1858,i_S
1779266656.34054,2224,3191,i_S
1779266656.340781,2169,2561,i_S
1779266656.3409228,2136,1694,i_S
1779266656.341003,1995,2106,i_S
1779266656.341077,1988,2355,i_S
1779266656.352541,2070,1202,i_S
1779266656.355805,1922,2341,i_S
1779266656.356123,1831,2173,i_S
1779266656.3584,2190,2682,i_S
1779266656.359314,2053,3057,i_S
1779266656.3678331,2043,1820,i_S
1779266656.368403,1958,1854,i_S
1779266656.368715,2026,2538,i_S
1779266656.36923,2158,1710,i_S
1779266656.3695612,2142,2067,i_S
1779266656.3736808,2002,2351,i_S
1779266656.373847,2027,2015,i_S
1779266656.3739269,2004,3323,i_S
1779266656.373993,1950,2134,i_S
1779266656.374058,2033,1702,i_S
1779266656.3741179,2075,2437,i_S
1779266656.3754508,2032,2087,i_S
1779266656.376828,2064,1657,i_S
1779266656.379511,2023,2412,i_S
1779266656.3809679,1993,1881,i_S
1779266656.3881578,1999,3214,i_S
1779266656.389739,2065,2576,i_S
1779266656.392989,1996,1693,i_S
1779266656.3934138,2016,2093,i_S
1779266656.396151,2030,2397,i_S
1779266656.39905,2081,1191,i_S
1779266656.405195,1898,2336,i_S
1779266656.405966,1858,2186,i_S
1779266656.408923,2425,2760,i_S
1779266656.409992,2227,3076,i_S
1779266656.410166,1973,1826,i_S
1779266656.410301,2070,1854,i_S
1779266656.41044,2054,2588,i_S
1779266656.410508,2109,1713,i_S
1779266656.411927,2172,2058,i_S
1779266656.443556,2091,2356,i_S
1779266656.444167,1977,2035,i_S
1779266656.4442382,1877,3320,i_S
1779266656.444299,1944,2145,i_S
1779266656.4443588,2228,1702,i_S
1779266656.444417,2085,2451,i_S
1779266656.4444742,2036,2071,i_S
1779266656.445215,1987,1648,i_S
1779266656.445958,1950,2412,i_S
1779266656.446101,2070,1890,i_S
1779266656.4461608,2054,3110,i_S
1779266656.446558,2101,2597,i_S
1779266656.476253,1914,1694,i_S
1779266656.476369,1967,2075,i_S
1779266656.476445,2166,2323,i_S
1779266656.476577,2072,1210,i_S
1779266656.476834,1940,2327,i_S
1779266656.4769018,2113,2190,i_S
1779266656.4770062,2115,2745,i_S
1779266656.477089,1961,3091,i_S
1779266656.4771829,1999,1837,i_S
1779266656.477279,2039,1848,i_S
1779266656.477338,2013,2669,i_S
1779266656.477677,1945,1794,i_S
1779266656.478326,2097,2039,i_S
1779266656.488301,2171,2364,i_S
1779266656.502956,1904,2051,i_S
1779266656.5081139,1830,3376,i_S
1779266656.5086908,2249,2163,i_S
1779266656.508827,2176,1698,i_S
1779266656.508896,1962,2450,i_S
1779266656.50896,2264,2188,i_S
1779266656.509023,2100,1619,i_S
1779266656.509114,1958,2412,i_S
1779266656.5091882,1865,1914,i_S
1779266656.5092638,2072,3126,i_S
1779266656.5093288,2030,2625,i_S
1779266656.509435,2076,1701,i_S
1779266656.5095859,1979,2063,i_S
1779266656.50966,1979,2383,i_S
1779266656.509842,2053,1193,i_S
1779266656.5099788,2120,2318,i_S
1779266656.510085,2060,2205,i_S
1779266656.510211,1930,2687,i_S
1779266656.5102808,2105,3125,i_S
1779266656.510346,2151,1847,i_S
1779266656.510421,1964,1833,i_S
1779266656.510484,2015,2526,i_S
1779266656.510547,2027,1687,i_S
1779266656.512063,2015,2036,i_S
1779266656.5135128,2140,2360,i_S
1779266656.514934,2149,1926,i_S
1779266656.524158,1796,3275,i_S
1779266656.531198,2043,2173,i_S
1779266656.5336242,2119,1691,i_S
1779266656.5400221,2047,2412,i_S
1779266656.540432,1830,2006,i_S
1779266656.540948,2131,1622,i_S
1779266656.541654,2057,2413,i_S
1779266656.542165,2106,1913,i_S
1779266656.545701,2126,3113,i_S
1779266656.546366,1785,2622,i_S
1779266656.546452,2254,1700,i_S
1779266656.546593,2043,2062,i_S
1779266656.546728,1971,2393,i_S
1779266656.546814,2027,1180,i_S
1779266656.546915,2442,2320,i_S
1779266656.546995,2163,2206,i_S
1779266656.556184,1888,2555,i_S
1779266656.5600781,1990,3137,i_S
1779266656.562817,2019,1845,i_S
1779266656.56581,1824,1821,i_S
1779266656.5721269,2047,2631,i_S
1779266656.5727448,2216,1759,i_S
1779266656.57298,1974,2023,i_S
1779266656.5735848,1931,2379,i_S
1779266656.57438,1984,1994,i_S
1779266656.5782201,2149,3397,i_S
1779266656.578329,2168,2181,i_S
1779266656.5785012,2151,1685,i_S
1779266656.578699,2055,2419,i_S
1779266656.57889,1989,2239,i_S
1779266656.57903,1984,1589,i_S
1779266656.5791302,1944,2416,i_S
1779266656.5817611,1987,1945,i_S
1779266656.583117,2011,3144,i_S
1779266656.594095,2087,2654,i_S
1779266656.596969,2080,1702,i_S
1779266656.599921,2066,2042,i_S
1779266656.602754,2076,2442,i_S
1779266656.608995,2021,1237,i_S
1779266656.609577,1985,2302,i_S
1779266656.6101959,2009,2224,i_S
1779266656.61083,2018,2580,i_S
1779266656.61135,2091,3180,i_S
1779266656.615202,2031,1865,i_S
1779266656.615381,2020,1813,i_S
1779266656.615545,2165,2534,i_S
1779266656.615616,2067,1733,i_S
1779266656.6157482,2054,2005,i_S
1779266656.6158772,2022,2373,i_S
1779266656.615956,2038,1886,i_S
1779266656.617404,2056,3327,i_S
1779266656.624706,2087,2204,i_S
1779266656.629127,2047,1681,i_S
1779266656.629753,1994,2385,i_S
1779266656.633256,2081,2117,i_S
1779266656.641393,2078,1576,i_S
1779266656.6418262,1983,2413,i_S
1779266656.6424818,1911,1952,i_S
1779266656.642992,1937,3092,i_S
1779266656.6433659,2085,2672,i_S
1779266656.643809,2155,1707,i_S
1779266656.647916,2153,2034,i_S
1779266656.648204,1989,2423,i_S
1779266656.64841,2023,1183,i_S
1779266656.6487648,2027,2301,i_S
1779266656.648844,1937,2228,i_S
1779266656.6489038,2030,2565,i_S
1779266656.651604,2193,3188,i_S
1779266656.653012,2022,1864,i_S
1779266656.663521,2031,1806,i_S
1779266656.66673,2062,2646,i_S
1779266656.66715,2146,1784,i_S
1779266656.667556,2006,1994,i_S
1779266656.667916,1967,2385,i_S
1779266656.670558,2101,1806,i_S
1779266656.6796339,2110,3387,i_S
1779266656.6801012,2056,2215,i_S
1779266656.6807501,2000,1665,i_S
1779266656.6810298,1967,2363,i_S
1779266656.6814919,2040,2187,i_S
1779266656.681838,2109,1555,i_S
1779266656.682202,2069,2420,i_S
1779266656.685854,1929,1980,i_S
1779266656.686201,1880,3097,i_S
1779266656.6862988,2348,2694,i_S
1779266656.687691,2189,1708,i_S
1779266656.6893299,1911,2016,i_S
1779266656.6960618,2034,2402,i_S
1779266656.697134,2038,1157,i_S
1779266656.6986802,2108,2297,i_S
1779266656.701215,2067,2240,i_S
1779266656.703894,1963,2415,i_S
1779266656.7047648,2033,3216,i_S
1779266656.706909,2040,1872,i_S
1779266656.713366,2050,1789,i_S
1779266656.713911,2008,2586,i_S
1779266656.714319,2087,1805,i_S
1779266656.71504,2008,1979,i_S
1779266656.715465,2024,2395,i_S
1779266656.718741,2017,1757,i_S
1779266656.7199051,2083,3342,i_S
1779266656.720025,2063,2237,i_S
1779266656.7213912,2196,1657,i_S
1779266656.722743,2050,2332,i_S
1779266656.7254279,1817,2238,i_S
1779266656.726801,2264,1522,i_S
1779266656.736028,2140,2421,i_S
1779266656.739393,1826,2008,i_S
1779266656.739728,1996,3069,i_S
1779266656.7453718,2206,2729,i_S
1779266656.751987,2090,1714,i_S
1779266656.753123,1915,1991,i_S
1779266656.75357,2065,2423,i_S
1779266656.754071,2208,1183,i_S
1779266656.754348,1853,2280,i_S
1779266656.759037,1902,2256,i_S
1779266656.7594838,2125,2440,i_S
1779266656.759687,2166,3247,i_S
1779266656.759763,2015,1892,i_S
1779266656.759917,2015,1780,i_S
1779266656.760585,2020,2654,i_S
1779266656.76083,1962,1794,i_S
1779266656.7609081,2097,1958,i_S
1779266656.769485,2184,2403,i_S
1779266656.772614,2052,1784,i_S
1779266656.775569,2024,3343,i_S
1779266656.7767959,1999,2261,i_S
1779266656.7859259,1941,1654,i_S
1779266656.786762,2299,2317,i_S
1779266656.787415,2052,2198,i_S
1779266656.7913642,1979,1503,i_S
1779266656.791473,2050,2417,i_S
1779266656.7916229,2118,2021,i_S
1779266656.7917068,2101,3016,i_S
1779266656.791772,2097,2751,i_S
1779266656.791834,2110,1719,i_S
1779266656.791925,1990,1981,i_S
1779266656.7922492,1920,2434,i_S
1779266656.793699,2105,1187,i_S
1779266656.795205,2084,2270,i_S
1779266656.796614,2040,2266,i_S
1779266656.8061461,1959,2278,i_S
1779266656.810255,2048,3251,i_S
1779266656.813332,1962,1903,i_S
1779266656.81625,2035,1761,i_S
1779266656.823321,2026,2590,i_S
1779266656.8239942,2052,1780,i_S
1779266656.824838,2026,1937,i_S
1779266656.828588,2011,2409,i_S
1779266656.828832,1951,1784,i_S
1779266656.829042,1867,3432,i_S
1779266656.829186,2059,2276,i_S
1779266656.829383,2112,1653,i_S
1779266656.82946,2173,2298,i_S
1779266656.8296692,2231,2278,i_S
1779266656.82975,2130,1480,i_S
1779266656.8298602,2204,2416,i_S
1779266656.831583,1984,2037,i_S
1779266656.837812,2030,3138,i_S
1779266656.842259,1989,2764,i_S
1779266656.845414,1818,1723,i_S
1779266656.854605,2106,1982,i_S
1779266656.855393,2013,2589,i_S
1779266656.856003,1939,1387,i_S
1779266656.8566642,2006,2241,i_S
1779266656.861852,2110,2279,i_S
1779266656.861973,1955,2420,i_S
1779266656.862083,2187,3336,i_S
1779266656.862314,2144,1929,i_S
1779266656.863151,2165,1768,i_S
1779266656.863441,2082,2707,i_S
1779266656.863581,2005,1903,i_S
1779266656.863651,2076,1903,i_S
1779266656.863714,2090,2413,i_S
1779266656.8651688,2019,1904,i_S
1779266656.874366,2084,3709,i_S
1779266656.876252,1995,2278,i_S
1779266656.880699,1873,1663,i_S
1779266656.884244,2001,2314,i_S
1779266656.895583,2073,2322,i_S
1779266656.896147,2047,1476,i_S
1779266656.896703,2066,2408,i_S
1779266656.900803,2038,2031,i_S
1779266656.9020889,2043,3019,i_S
1779266656.902205,2182,2781,i_S
1779266656.9023,2101,1729,i_S
1779266656.902396,2057,1974,i_S
1779266656.902543,2005,2625,i_S
1779266656.902665,1983,1324,i_S
1779266656.9027672,1846,2240,i_S
1779266656.902886,1972,2286,i_S
1779266656.902997,2058,2328,i_S
1779266656.903075,1927,3354,i_S
1779266656.903199,2093,1930,i_S
1779266656.904948,2241,1756,i_S
1779266656.913461,2097,2654,i_S
1779266656.9167511,2185,1910,i_S
1779266656.920372,2107,1896,i_S
1779266656.92407,2052,2417,i_S
1779266656.9326122,2093,1710,i_S
1779266656.933297,2134,3457,i_S
1779266656.933771,1901,2312,i_S
1779266656.938224,1869,1646,i_S
1779266656.938323,1941,2254,i_S
1779266656.938391,2094,2368,i_S
1779266656.938625,2081,1426,i_S
1779266656.9387221,1967,2412,i_S
1779266656.938797,1973,2078,i_S
1779266656.938869,2066,3021,i_S
1779266656.938945,2102,2827,i_S
1779266656.939008,2070,1737,i_S
1779266656.9390998,1969,1942,i_S
1779266656.942144,2128,2555,i_S
1779266656.943754,2080,1276,i_S
1779266656.95226,1978,2227,i_S
1779266656.9583821,2031,2301,i_S
1779266656.974087,1938,2320,i_S
1779266656.974679,2041,3358,i_S
1779266656.974935,2194,1951,i_S
1779266656.975308,2063,1745,i_S
1779266656.980269,1926,2689,i_S
1779266656.980383,2101,1908,i_S
1779266656.980608,2114,1875,i_S
1779266656.9807491,2007,2425,i_S
1779266656.98082,1988,1752,i_S
1779266656.980884,2098,3424,i_S
1779266656.981031,2038,2344,i_S
1779266656.9811468,1923,1649,i_S
1779266656.981278,2006,2231,i_S
1779266656.981469,2161,2282,i_S
1779266656.981667,2130,1409,i_S
1779266656.9817421,2037,2407,i_S
1779266656.981809,1896,2086,i_S
1779266656.9835362,2019,2989,i_S
1779266657.000035,2197,2846,i_S
1779266657.011911,2233,1742,i_S
1779266657.0172129,1964,1934,i_S
1779266657.0173109,1946,2621,i_S
1779266657.017505,1921,1318,i_S
1779266657.017601,1965,2213,i_S
1779266657.017675,2001,2311,i_S
1779266657.017746,2021,2290,i_S
1779266657.017916,2061,3413,i_S
1779266657.0179882,2142,1962,i_S
1779266657.0181508,2287,1739,i_S
1779266657.0184891,2015,2670,i_S
1779266657.018639,1871,1870,i_S
1779266657.018733,1838,1864,i_S
1779266657.018873,1932,2428,i_S
1779266657.0190232,2071,1727,i_S
1779266657.0191958,2245,3384,i_S
1779266657.01927,2028,2361,i_S
1779266657.0206861,1995,1643,i_S
1779266657.023406,2149,2215,i_S
1779266657.0248399,2124,2378,i_S
1779266657.039551,2207,1381,i_S
1779266657.054663,2000,2405,i_S
1779266657.05504,2049,2107,i_S
1779266657.055396,2093,2985,i_S
1779266657.0562282,1905,2871,i_S
1779266657.056533,2058,1749,i_S
1779266657.061683,2047,1918,i_S
1779266657.063275,2105,2546,i_S
1779266657.063376,2185,1332,i_S
1779266657.063447,2011,2201,i_S
1779266657.06351,1987,2314,i_S
1779266657.063575,1951,2236,i_S
1779266657.063715,1918,3411,i_S
1779266657.063781,2082,1976,i_S
1779266657.063842,2192,1733,i_S
1779266657.063949,2026,2644,i_S
1779266657.0641239,1955,1912,i_S
1779266657.064219,2079,1844,i_S
1779266657.06429,2149,2428,i_S
1779266657.071759,2023,1744,i_S
1779266657.072853,2088,3383,i_S
1779266657.074083,2170,2380,i_S
1779266657.075265,1906,1648,i_S
1779266657.079193,1824,2200,i_S
1779266657.079626,1829,2378,i_S
1779266657.07999,2178,1363,i_S
1779266657.0829802,2312,2399,i_S
1779266657.084044,1987,2115,i_S
1779266657.0842109,1972,2969,i_S
1779266657.086956,2062,2891,i_S
1779266657.094023,2083,1755,i_S
1779266657.095521,2201,1914,i_S
1779266657.099245,2009,2548,i_S
1779266657.100287,2071,1277,i_S
1779266657.100814,2040,2199,i_S
1779266657.100895,1969,2318,i_S
1779266657.100965,1966,2183,i_S
1779266657.101034,2071,3424,i_S
1779266657.103774,1971,1979,i_S
1779266657.105134,2177,1726,i_S
1779266657.107844,2037,2643,i_S
1779266657.109282,2056,2052,i_S
1779266657.117219,1948,1823,i_S
1779266657.12035,2142,2432,i_S
1779266657.1238139,2119,1768,i_S
1779266657.1241379,1982,3371,i_S
1779266657.126921,1780,2403,i_S
1779266657.13114,1893,1651,i_S
1779266657.1390688,2034,2183,i_S
1779266657.139912,2078,2290,i_S
1779266657.140364,1911,1350,i_S
1779266657.140882,2063,2394,i_S
1779266657.1459079,2270,2119,i_S
1779266657.146087,2165,2798,i_S
1779266657.1464078,2156,2920,i_S
1779266657.146796,2278,1759,i_S
1779266657.146952,2116,1897,i_S
1779266657.147042,2033,2497,i_S
1779266657.1471171,1998,1306,i_S
1779266657.147187,1936,2184,i_S
1779266657.1472561,1887,2325,i_S
1779266657.148801,1954,2071,i_S
1779266657.1625652,1960,3401,i_S
1779266657.1663759,1969,2002,i_S
1779266657.166711,2019,1711,i_S
1779266657.1676888,1995,2589,i_S
1779266657.167936,2086,1899,i_S
1779266657.170617,2098,1815,i_S
1779266657.1710012,1978,2435,i_S
1779266657.179161,1941,1778,i_S
1779266657.179404,1861,3326,i_S
1779266657.179651,2115,2418,i_S
1779266657.180143,2218,1649,i_S
1779266657.1846669,2073,2173,i_S
1779266657.1858308,2034,2361,i_S
1779266657.1861691,2144,1329,i_S
1779266657.18652,2052,2391,i_S
1779266657.186639,2058,2133,i_S
1779266657.1868238,2008,2898,i_S
1779266657.1870499,2068,2928,i_S
1779266657.187178,2124,1767,i_S
1779266657.188587,2033,1896,i_S
1779266657.191339,1985,2667,i_S
1779266657.19271,2011,1388,i_S
1779266657.203305,2064,2168,i_S
1779266657.203578,2098,2340,i_S
1779266657.205934,2048,2057,i_S
1779266657.210125,1926,3443,i_S
1779266657.2107468,2060,2018,i_S
1779266657.211055,2036,1700,i_S
1779266657.214537,2105,2580,i_S
1779266657.214703,2049,2005,i_S
1779266657.2157068,2177,1783,i_S
1779266657.2265868,2022,2438,i_S
1779266657.231606,1895,1810,i_S
1779266657.231715,1965,3474,i_S
1779266657.231791,2380,2433,i_S
1779266657.232202,2139,1653,i_S
1779266657.232306,1935,2163,i_S
1779266657.232376,1996,2438,i_S
1779266657.232536,2072,1304,i_S
1779266657.232699,2008,2386,i_S
1779266657.232765,1912,2146,i_S
1779266657.232828,2118,2803,i_S
1779266657.2440681,2074,2960,i_S
1779266657.245419,2023,1776,i_S
1779266657.249174,1976,1878,i_S
1779266657.249872,2057,2646,i_S
1779266657.2533681,2071,1384,i_S
1779266657.257281,2013,2154,i_S
1779266657.265373,2137,2349,i_S
1779266657.271453,1962,2164,i_S
1779266657.271606,1951,3474,i_S
1779266657.271737,1944,2030,i_S
1779266657.271882,2121,1707,i_S
1779266657.2719538,2063,2578,i_S
1779266657.272021,2146,2108,i_S
1779266657.2722108,2159,1762,i_S
1779266657.272279,1908,2433,i_S
1779266657.272341,1812,1822,i_S
1779266657.2724018,1906,3328,i_S
1779266657.272543,2444,2470,i_S
1779266657.2726111,2266,1661,i_S
1779266657.272747,2002,2140,i_S
1779266657.2755442,2133,2431,i_S
1779266657.27722,2083,1273,i_S
1779266657.278792,2064,2375,i_S
1779266657.288904,2034,2159,i_S
1779266657.300999,1795,2936,i_S
1779266657.316522,2080,2975,i_S
1779266657.316981,2085,1787,i_S
1779266657.3174012,1964,1886,i_S
1779266657.317597,1933,2768,i_S
1779266657.31829,2001,1498,i_S
1779266657.319351,2254,2131,i_S
1779266657.3196049,2227,2356,i_S
1779266657.339869,2036,2183,i_S
1779266657.3531232,1966,3511,i_S
1779266657.3532941,2088,2052,i_S
1779266657.353463,1941,1704,i_S
1779266657.3535528,2132,2558,i_S
1779266657.35362,2011,2056,i_S
1779266657.3536818,2043,1746,i_S
1779266657.3537421,2047,2429,i_S
1779266657.353802,1966,1830,i_S
1779266657.3538618,2040,3407,i_S
1779266657.3539221,2125,2477,i_S
1779266657.353982,1919,1666,i_S
1779266657.354041,1868,2146,i_S
1779266657.3541,2042,2387,i_S
1779266657.35416,2119,1274,i_S
1779266657.35422,2024,2372,i_S
1779266657.354384,1982,2153,i_S
1779266657.3544939,2120,2804,i_S
1779266657.3545651,2241,2988,i_S
1779266657.354629,2075,1780,i_S
1779266657.354691,2092,1876,i_S
1779266657.354753,2030,2602,i_S
1779266657.3548641,1986,1425,i_S
1779266657.355032,2060,2135,i_S
1779266657.3551092,2012,2345,i_S
1779266657.355256,1827,2033,i_S
1779266657.355354,2187,3452,i_S
1779266657.355456,2015,2050,i_S
1779266657.35552,2190,1699,i_S
1779266657.3570821,1915,2549,i_S
1779266657.38867,1972,2145,i_S
1779266657.404063,2345,1733,i_S
1779266657.406467,2101,2432,i_S
1779266657.406582,1933,1845,i_S
1779266657.4069781,2069,3339,i_S
1779266657.407074,2129,2497,i_S
1779266657.407149,2151,1668,i_S
1779266657.40725,1936,2128,i_S
1779266657.407321,2004,2419,i_S
1779266657.407391,1907,1250,i_S
1779266657.4074602,2008,2367,i_S
1779266657.407527,2142,2168,i_S
1779266657.407594,1909,2657,i_S
1779266657.4076622,1864,3025,i_S
1779266657.4078772,2091,1795,i_S
1779266657.407949,2193,1852,i_S
1779266657.4081862,2109,2621,i_S
1779266657.4082618,2160,1491,i_S
1779266657.408331,2183,2113,i_S
1779266657.4083982,1901,2362,i_S
1779266657.408919,2056,1890,i_S
1779266657.4091089,2149,3467,i_S
1779266657.409471,2035,2079,i_S
1779266657.4095519,1968,1676,i_S
1779266657.409654,1990,2495,i_S
1779266657.414151,1965,2151,i_S
1779266657.448898,1885,1697,i_S
1779266657.450013,1973,2440,i_S
1779266657.450231,2060,1886,i_S
1779266657.450569,1963,3371,i_S
1779266657.450651,2182,2533,i_S
1779266657.4507258,2157,1670,i_S
1779266657.451103,2056,2105,i_S
1779266657.4514098,1954,2440,i_S
1779266657.451565,2047,1214,i_S
1779266657.451648,2146,2360,i_S
1779266657.452123,1954,2188,i_S
1779266657.452205,2149,2779,i_S
1779266657.452375,2118,3045,i_S
1779266657.452516,2038,1806,i_S
1779266657.452589,2240,1852,i_S
1779266657.4526532,1954,2812,i_S
1779266657.452716,2082,1525,i_S
1779266657.452906,2024,2096,i_S
1779266657.452977,1781,2380,i_S
1779266657.453502,2044,1893,i_S
1779266657.453665,2168,3529,i_S
1779266657.45373,2085,2096,i_S
1779266657.455199,2037,1666,i_S
1779266657.4567628,1973,2468,i_S
1779266657.468308,2133,2125,i_S
1779266657.489195,2255,1680,i_S
1779266657.515608,2018,2443,i_S
1779266657.533578,2017,1904,i_S
1779266657.539389,1944,3402,i_S
1779266657.539587,1990,2547,i_S
1779266657.539837,2077,1671,i_S
1779266657.5399308,2032,2094,i_S
1779266657.539998,2009,2488,i_S
1779266657.540061,2051,1195,i_S
1779266657.5401459,2023,2356,i_S
1779266657.540307,2069,2198,i_S
1779266657.540603,2094,2634,i_S
1779266657.540731,2080,3075,i_S
1779266657.5409222,1981,1810,i_S
1779266657.5410008,2029,1831,i_S
1779266657.541104,2054,2617,i_S
1779266657.541366,2090,1535,i_S
1779266657.541434,2039,2084,i_S
1779266657.541499,2000,2375,i_S
1779266657.5415611,2108,1861,i_S
1779266657.5417862,2164,3476,i_S
1779266657.541852,2121,2110,i_S
1779266657.542016,2043,1667,i_S
1779266657.542442,2077,2458,i_S
1779266657.5426428,2048,2133,i_S
1779266657.542712,2045,1663,i_S
1779266657.54286,2049,2438,i_S
1779266657.543338,1985,1913,i_S
1779266657.5437171,1988,3296,i_S
1779266657.543799,2055,2572,i_S
1779266657.543932,2068,1677,i_S
1779266657.5448241,1965,2078,i_S
1779266657.545558,2039,2433,i_S
1779266657.546277,2088,1176,i_S
1779266657.546529,2022,2347,i_S
1779266657.5466409,2040,2203,i_S
1779266657.546894,2122,2537,i_S
1779266657.547198,1898,3104,i_S
1779266657.547503,1919,1820,i_S
1779266657.5477,2422,1821,i_S
1779266657.548667,2295,2620,i_S
1779266657.5622551,1861,1608,i_S
1779266657.569288,1971,2064,i_S
1779266657.582565,2174,2383,i_S
1779266657.583253,2143,1773,i_S
1779266657.58335,1884,3492,i_S
1779266657.5834188,1910,2131,i_S
1779266657.583789,2107,1659,i_S
1779266657.5838661,2095,2423,i_S
1779266657.5839748,1977,2147,i_S
1779266657.5842822,2026,1637,i_S
1779266657.584623,1994,2441,i_S
1779266657.584734,2070,1938,i_S
1779266657.584984,2053,3144,i_S
1779266657.5851882,1927,2617,i_S
1779266657.585278,2192,1679,i_S
1779266657.585495,2412,2048,i_S
1779266657.585581,2035,2547,i_S
1779266657.58565,1958,1122,i_S
1779266657.585804,2028,2337,i_S
1779266657.5859149,2111,2235,i_S
1779266657.586,2063,2540,i_S
1779266657.5863109,2023,3154,i_S
1779266657.612968,1992,1838,i_S
1779266657.613589,2043,1799,i_S
1779266657.614273,1935,2715,i_S
1779266657.614659,1783,1613,i_S
1779266657.615029,1979,2039,i_S
1779266657.6198661,2445,2404,i_S
1779266657.619963,1940,1806,i_S
1779266657.620034,1923,3473,i_S
1779266657.620097,2516,2167,i_S
1779266657.620455,2170,1652,i_S
1779266657.620564,1393,2381,i_S
1779266657.620641,2555,2136,i_S
1779266657.620712,2769,1602,i_S
1779266657.6207821,1712,2439,i_S
1779266657.6208498,1577,1966,i_S
1779266657.62096,2030,3255,i_S
1779266657.6210299,2647,2638,i_S
1779266657.621098,2065,1687,i_S
1779266657.62253,1963,2036,i_S
1779266657.625382,1887,2650,i_S
1779266657.626902,1426,1236,i_S
1779266657.640329,2059,2313,i_S
1779266657.644097,2537,2249,i_S
1779266657.655274,2183,2617,i_S
1779266657.656045,1699,3192,i_S
1779266657.656769,1617,1861,i_S
1779266657.657223,2243,1800,i_S
1779266657.657537,2574,2801,i_S
1779266657.657815,1793,1667,i_S
1779266657.658056,2038,2007,i_S
1779266657.662708,2163,2409,i_S
1779266657.663033,2003,1972,i_S
1779266657.663111,1701,3594,i_S
1779266657.663178,1944,2186,i_S
1779266657.663261,2140,1665,i_S
1779266657.66333,2021,2387,i_S
1779266657.6633952,2268,2100,i_S
1779266657.663459,2226,1593,i_S
1779266657.663521,2416,2428,i_S
1779266657.664869,2264,1958,i_S
1779266657.67987,1781,3095,i_S
1779266657.699979,1792,2659,i_S
1779266657.700097,2186,1696,i_S
1779266657.700174,1275,2030,i_S
1779266657.700247,1820,2492,i_S
1779266657.7004359,2800,1089,i_S
1779266657.700577,1819,2320,i_S
1779266657.700641,1360,2240,i_S
1779266657.700703,2303,2420,i_S
1779266657.700764,2922,3197,i_S
1779266657.70083,2009,1853,i_S
1779266657.7008908,1986,1786,i_S
1779266657.700952,2030,2799,i_S
1779266657.701014,1932,1723,i_S
1779266657.701076,1908,2006,i_S
1779266657.701138,1879,2418,i_S
1779266657.701199,1874,1764,i_S
1779266657.701261,2007,3525,i_S
1779266657.703397,2391,2200,i_S
1779266657.704803,2065,1639,i_S
1779266657.707762,2134,2341,i_S
1779266657.709313,1931,2259,i_S
1779266657.7209332,1879,1552,i_S
1779266657.733833,2388,2439,i_S
1779266657.748066,2053,2008,i_S
1779266657.7484732,2277,3243,i_S
1779266657.748884,2009,2689,i_S
1779266657.7489548,2085,1696,i_S
1779266657.7490182,2230,2009,i_S
1779266657.749079,2050,2633,i_S
1779266657.749439,1824,1189,i_S
1779266657.749516,2230,2298,i_S
1779266657.749633,2880,2267,i_S
1779266657.749745,1940,2470,i_S
1779266657.7502432,2010,3241,i_S
1779266657.7505019,2092,1876,i_S
1779266657.750782,1625,1774,i_S
1779266657.752392,2252,2613,i_S
1779266657.776076,2445,1660,i_S
1779266657.7920792,2349,1984,i_S
1779266657.7922208,2036,2406,i_S
1779266657.792375,2339,1659,i_S
1779266657.792511,2013,3462,i_S
1779266657.792591,1957,2225,i_S
1779266657.79266,2445,1641,i_S
1779266657.792732,2423,2320,i_S
1779266657.792795,2313,2222,i_S
1779266657.7928588,2095,1532,i_S
1779266657.7929878,1926,2433,i_S
1779266657.79306,2093,2018,i_S
1779266657.793131,1787,3083,i_S
1779266657.793261,2489,2723,i_S
1779266657.793376,2029,1704,i_S
1779266657.7934542,2421,1987,i_S
1779266657.793582,2013,2536,i_S
1779266657.793725,1802,1179,i_S
1779266657.79381,2437,2286,i_S
1779266657.7939079,1980,2272,i_S
1779266657.7940202,2138,2431,i_S
1779266657.79409,2032,3273,i_S
1779266657.79425,2021,1884,i_S
1779266657.794385,2204,1768,i_S
1779266657.7946181,2134,2702,i_S
1779266657.7949262,2273,1815,i_S
1779266657.795059,1991,1953,i_S
1779266657.796566,1983,2416,i_S
1779266657.800854,1768,1877,i_S
1779266657.801339,2055,3457,i_S
1779266657.813766,2156,2258,i_S
1779266657.838668,2123,1656,i_S
1779266657.83886,2075,2299,i_S
1779266657.838947,2035,1993,i_S
1779266657.839016,1969,1530,i_S
1779266657.8390772,2065,2417,i_S
1779266657.839137,2084,1996,i_S
1779266657.839196,1658,2879,i_S
1779266657.839257,2619,2740,i_S
1779266657.839318,2129,1715,i_S
1779266657.8393779,1908,1981,i_S
1779266657.839438,1860,2368,i_S
1779266657.839499,2230,1315,i_S
1779266657.83956,2331,2262,i_S
1779266657.839621,2204,2257,i_S
1779266657.8396852,1941,2269,i_S
1779266657.8397481,1991,3192,i_S
1779266657.839809,1908,1915,i_S
1779266657.839871,2053,1766,i_S
1779266657.841457,2079,2199,i_S
1779266657.851945,2398,1679,i_S
1779266657.852205,1807,1945,i_S
1779266657.8601768,2182,2368,i_S
1779266657.872611,1733,1577,i_S
1779266657.8784409,2389,2872,i_S
1779266657.878664,2308,2316,i_S
1779266657.878963,1991,1660,i_S
1779266657.8792791,1853,1842,i_S
1779266657.879512,2449,1664,i_S
1779266657.879665,2274,1514,i_S
1779266657.879761,2072,2363,i_S
1779266657.87984,1837,1937,i_S
1779266657.879955,2043,2642,i_S
1779266657.880107,1782,2530,i_S
1779266657.8802729,2105,1767,i_S
1779266657.880367,2516,1827,i_S
1779266657.880503,1960,1704,i_S
1779266657.880616,2025,1244,i_S
1779266657.880737,2017,2211,i_S
1779266657.880842,2069,2147,i_S
1779266657.883905,2069,1745,i_S
1779266657.8854988,2075,2321,i_S
1779266657.8871539,1968,1948,i_S
1779266657.902377,2178,1508,i_S
1779266657.905935,1841,1477,i_S
1779266657.907339,2439,1694,i_S
1779266657.918497,2223,1811,i_S
1779266657.9239008,2122,2217,i_S
1779266657.924028,2143,1763,i_S
1779266657.924105,2026,2391,i_S
1779266657.9244502,2245,1982,i_S
1779266657.924525,1940,1608,i_S
1779266657.9247181,1662,1526,i_S
1779266657.9249558,2504,1751,i_S
1779266657.925233,2118,1340,i_S
1779266657.925493,1736,2150,i_S
1779266657.9255738,1911,1794,i_S
1779266657.92567,2030,1939,i_S
1779266657.925741,2359,1695,i_S
1779266657.925806,2120,1227,i_S
1779266657.9258728,1884,1170,i_S
1779266657.925937,2466,1738,i_S
1779266657.935667,1825,1764,i_S
1779266657.940306,1859,1728,i_S
1779266657.943934,2117,2001,i_S
1779266657.9452329,1982,2498,i_S
1779266657.9487228,2234,2362,i_S
1779266657.957471,2192,1772,i_S
1779266657.9580748,2149,1535,i_S
1779266657.958366,2002,1704,i_S
1779266657.9587252,1921,2001,i_S
1779266657.959093,1870,1729,i_S
1779266657.9595132,2343,2039,i_S
1779266657.964659,2235,2510,i_S
1779266657.9652128,1925,2722,i_S
1779266657.9653509,2047,2132,i_S
1779266657.965633,2071,1816,i_S
1779266657.965707,2093,1788,i_S
1779266657.965773,2082,2075,i_S
1779266657.9658382,2024,1920,i_S
1779266657.9659,1963,1815,i_S
1779266657.9659631,1952,2286,i_S
1779266657.9673421,1967,2548,i_S
1779266657.968749,2119,2183,i_S
1779266657.972012,2065,1723,i_S
1779266657.973273,1945,1585,i_S
1779266658.0034502,2177,2008,i_S
1779266658.003677,2223,2208,i_S
1779266658.0040152,2056,2050,i_S
1779266658.0043268,1931,2324,i_S
1779266658.004647,2096,2672,i_S
1779266658.0090759,2125,2478,i_S
1779266658.0093281,2188,1941,i_S
1779266658.010706,1908,1801,i_S
1779266658.010795,2004,1985,i_S
1779266658.01087,2254,2270,i_S
1779266658.010941,2017,2085,i_S
1779266658.011015,1963,2320,i_S
1779266658.0110831,1926,2624,i_S
1779266658.011144,1990,2775,i_S
1779266658.011206,2146,2301,i_S
1779266658.0112672,1955,2025,i_S
1779266658.011334,2206,2036,i_S
1779266658.011394,2540,2427,i_S
1779266658.011465,1797,2420,i_S
1779266658.0128582,1933,2439,i_S
1779266658.030307,2087,2735,i_S
1779266658.0317068,2189,2984,i_S
1779266658.042007,2234,2610,i_S
1779266658.042506,1924,2210,i_S
1779266658.0427752,2081,2055,i_S
1779266658.043029,2005,2217,i_S
1779266658.043277,2238,2385,i_S
1779266658.043513,1919,2247,i_S
1779266658.0437949,1781,2366,i_S
1779266658.044208,2046,2554,i_S
1779266658.0447118,2375,2543,i_S
1779266658.045185,2289,2200,i_S
1779266658.045773,1870,2059,i_S
1779266658.049185,1839,2142,i_S
1779266658.0503979,2208,2349,i_S
1779266658.0508978,2006,2188,i_S
1779266658.050986,2289,2234,i_S
1779266658.0510569,2187,2312,i_S
1779266658.051171,1940,2492,i_S
1779266658.05343,2030,2213,i_S
1779266658.054849,2016,2000,i_S
1779266658.057589,1962,2021,i_S
1779266658.058976,2243,2220,i_S
1779266658.067512,2073,2192,i_S
1779266658.069629,2012,2161,i_S
1779266658.069943,1902,2291,i_S
1779266658.081676,1935,2482,i_S
1779266658.081991,2222,2355,i_S
1779266658.090661,1945,2061,i_S
1779266658.091506,1850,1903,i_S
1779266658.091996,2551,2007,i_S
1779266658.092521,2090,2145,i_S
1779266658.0928261,1969,2134,i_S
1779266658.093042,1992,2221,i_S
1779266658.097526,2100,2447,i_S
1779266658.098103,2111,2492,i_S
1779266658.098251,2090,2226,i_S
1779266658.0984151,2047,2043,i_S
1779266658.098488,2003,2082,i_S
1779266658.098608,2044,2196,i_S
1779266658.09871,2079,2159,i_S
1779266658.098801,2066,2229,i_S
1779266658.098868,2047,2428,i_S
1779266658.102587,1996,2570,i_S
1779266658.1027148,2097,2369,i_S
1779266658.137228,2142,2184,i_S
1779266658.138572,2008,2175,i_S
1779266658.138887,1987,2380,i_S
1779266658.138967,1999,2318,i_S
1779266658.1390452,2002,2248,i_S
1779266658.139116,2061,2312,i_S
1779266658.139188,2200,2486,i_S
1779266658.1392598,2152,2363,i_S
1779266658.139323,2034,2109,i_S
1779266658.139383,2018,2007,i_S
1779266658.1394439,2016,2108,i_S
1779266658.1395059,2107,2126,i_S
1779266658.13957,2098,1978,i_S
1779266658.139642,1914,2046,i_S
1779266658.139717,1910,2294,i_S
1779266658.139779,2119,2273,i_S
1779266658.1398442,2004,1957,i_S
1779266658.139906,2628,1913,i_S
1779266658.141265,1974,1967,i_S
1779266658.1437829,1909,2018,i_S
1779266658.1453671,2259,1770,i_S
1779266658.146951,1955,1834,i_S
1779266658.149467,1891,2096,i_S
1779266658.1833768,2150,2228,i_S
1779266658.184343,2114,2026,i_S
1779266658.18447,2016,1804,i_S
1779266658.1845498,2015,1766,i_S
1779266658.184623,2014,1981,i_S
1779266658.1846972,1841,1973,i_S
1779266658.1847591,2139,1840,i_S
1779266658.184823,2235,1998,i_S
1779266658.184923,2029,2210,i_S
1779266658.1850822,1962,2111,i_S
1779266658.1851652,1946,1918,i_S
1779266658.1852381,1816,1851,i_S
1779266658.1856158,2179,1920,i_S
1779266658.1857831,2377,1991,i_S
1779266658.1859798,1913,1897,i_S
1779266658.1861088,2019,2019,i_S
1779266658.1862211,2107,2238,i_S
1779266658.186393,1979,2293,i_S
1779266658.1864681,2299,2058,i_S
1779266658.189992,2076,1956,i_S
1779266658.2045782,1839,2045,i_S
1779266658.224975,2123,2192,i_S
1779266658.2252579,2184,2027,i_S
1779266658.2298229,2019,2034,i_S
1779266658.229959,2022,2243,i_S
1779266658.2301598,2053,2396,i_S
1779266658.230467,2060,2228,i_S
1779266658.230597,2075,2061,i_S
1779266658.230672,2059,2093,i_S
1779266658.23086,2019,2208,i_S
1779266658.231035,2082,2090,i_S
1779266658.231167,2067,2015,i_S
1779266658.2313,1993,2191,i_S
1779266658.2316742,1989,2351,i_S
1779266658.231772,2126,2255,i_S
1779266658.231841,2224,2021,i_S
1779266658.231912,2130,1952,i_S
1779266658.231979,2027,2037,i_S
1779266658.232043,2151,2122,i_S
1779266658.232106,2144,1942,i_S
1779266658.2322402,2019,2017,i_S
1779266658.2324622,1970,2189,i_S
1779266658.235199,2128,2276,i_S
1779266658.236672,2128,2080,i_S
1779266658.257848,2115,1920,i_S
1779266658.2583191,1920,1949,i_S
1779266658.269846,1983,2065,i_S
1779266658.27003,2123,1945,i_S
1779266658.271292,2112,1955,i_S
1779266658.27195,2058,2111,i_S
1779266658.275993,2037,2239,i_S
1779266658.277698,2079,2037,i_S
1779266658.2778828,2050,1928,i_S
1779266658.2779799,1997,1838,i_S
1779266658.278064,2003,1956,i_S
1779266658.280729,2093,1968,i_S
1779266658.280985,2195,1877,i_S
1779266658.28108,1980,2095,i_S
1779266658.281264,1953,2283,i_S
1779266658.281793,2309,2199,i_S
1779266658.282505,2099,1994,i_S
1779266658.282603,1891,2000,i_S
1779266658.2833369,2007,2109,i_S
1779266658.283496,1974,2096,i_S
1779266658.297358,2381,2008,i_S
1779266658.298029,2249,2024,i_S
1779266658.301599,1789,2248,i_S
1779266658.3054311,1944,2285,i_S
1779266658.3134642,2119,2144,i_S
1779266658.314421,2130,2042,i_S
1779266658.3152041,2081,2103,i_S
1779266658.320588,2038,2149,i_S
1779266658.32074,1972,2045,i_S
1779266658.320838,1962,2127,i_S
1779266658.3209321,2089,2246,i_S
1779266658.3209999,1676,2386,i_S
1779266658.3211641,2293,2217,i_S
1779266658.321296,2645,2074,i_S
1779266658.321474,2172,1988,i_S
1779266658.321547,2021,2175,i_S
1779266658.321685,1986,2104,i_S
1779266658.321876,2043,2004,i_S
1779266658.322044,2102,2084,i_S
1779266658.3222258,2050,2335,i_S
1779266658.322316,1935,2286,i_S
1779266658.322423,1977,2097,i_S
1779266658.322488,1975,2010,i_S
1779266658.3259258,1899,2127,i_S
1779266658.3286111,1995,2093,i_S
1779266658.3289769,2335,2019,i_S
1779266658.330944,2053,2102,i_S
1779266658.358846,2045,2247,i_S
1779266658.365068,2239,2294,i_S
1779266658.365233,2082,2124,i_S
1779266658.3653061,2104,1994,i_S
1779266658.3653681,1997,1991,i_S
1779266658.365431,2016,2084,i_S
1779266658.365912,2081,1909,i_S
1779266658.366003,2041,1997,i_S
1779266658.3661819,1957,2210,i_S
1779266658.3665411,1994,2307,i_S
1779266658.366626,2108,2193,i_S
1779266658.366695,2055,2000,i_S
1779266658.366784,2056,2028,i_S
1779266658.366869,2039,2087,i_S
1779266658.366936,2109,2052,i_S
1779266658.367002,2105,1965,i_S
1779266658.367069,2037,2087,i_S
1779266658.367135,1846,2277,i_S
1779266658.382157,1703,2209,i_S
1779266658.396673,2305,2024,i_S
1779266658.3969018,2558,2032,i_S
1779266658.397861,1900,2178,i_S
1779266658.398287,1903,2103,i_S
1779266658.398804,2098,2022,i_S
1779266658.39889,1975,2202,i_S
1779266658.3991868,1835,2357,i_S
1779266658.3993301,2456,2396,i_S
1779266658.3994281,2401,2212,i_S
1779266658.399497,1746,2115,i_S
1779266658.399563,1838,2103,i_S
1779266658.399626,2047,2337,i_S
1779266658.399731,2096,2248,i_S
1779266658.3998039,1922,2207,i_S
1779266658.39993,1985,2299,i_S
1779266658.401314,2514,2456,i_S
1779266658.402671,2076,2310,i_S
1779266658.4191759,1787,2165,i_S
1779266658.431249,1989,2199,i_S
1779266658.434531,1659,2233,i_S
1779266658.435827,2104,2142,i_S
1779266658.4360619,2895,2163,i_S
1779266658.436289,1857,2324,i_S
1779266658.43636,1956,2394,i_S
1779266658.436494,2197,2337,i_S
1779266658.43666,2060,2124,i_S
1779266658.436816,2073,2157,i_S
1779266658.436887,1766,2356,i_S
1779266658.437048,2151,2270,i_S
1779266658.4371998,2296,2126,i_S
1779266658.437334,1777,2227,i_S
1779266658.43748,1884,2427,i_S
1779266658.437595,1862,2403,i_S
1779266658.4377348,2522,2206,i_S
1779266658.439734,2116,2124,i_S
1779266658.4523351,2036,2085,i_S
1779266658.455498,2108,2170,i_S
1779266658.4672482,2140,2078,i_S
1779266658.467801,2018,2092,i_S
1779266658.4680629,1940,2256,i_S
1779266658.4681358,1858,2359,i_S
1779266658.468284,1900,2215,i_S
1779266658.468344,2180,2035,i_S
1779266658.468587,2035,2032,i_S
1779266658.468954,2142,2104,i_S
1779266658.469014,2173,2102,i_S
1779266658.4690728,1832,2026,i_S
1779266658.46913,2035,2032,i_S
1779266658.469187,2541,2329,i_S
1779266658.469244,1837,2321,i_S
1779266658.470732,1940,2110,i_S
1779266658.473397,1993,2122,i_S
1779266658.4748101,2272,2269,i_S
1779266658.476832,2010,2371,i_S
1779266658.485464,1756,2214,i_S
1779266658.489064,2400,2249,i_S
1779266658.492586,2108,2331,i_S
1779266658.5051289,1317,2308,i_S
1779266658.5054011,2613,2092,i_S
1779266658.505538,2625,2126,i_S
1779266658.5056949,1658,2078,i_S
1779266658.505766,1970,2212,i_S
1779266658.505973,2094,1882,i_S
1779266658.506149,2021,2033,i_S
1779266658.506329,2031,2360,i_S
1779266658.506512,2002,2303,i_S
1779266658.506869,1702,1983,i_S
1779266658.507029,1486,2012,i_S
1779266658.507097,3184,1985,i_S
1779266658.508685,2048,1983,i_S
1779266658.522891,1761,2039,i_S
1779266658.523175,2120,1862,i_S
1779266658.52853,2001,1999,i_S
1779266658.5352361,1878,2124,i_S
1779266658.5394182,2282,2077,i_S
1779266658.5399659,2575,1763,i_S
1779266658.540192,1819,1591,i_S
1779266658.540434,1738,1707,i_S
1779266658.5405571,1928,1933,i_S
1779266658.540695,2041,2042,i_S
1779266658.5407639,2173,1902,i_S
1779266658.540823,1957,1922,i_S
1779266658.540969,2127,1828,i_S
1779266658.5410821,2328,1894,i_S
1779266658.541238,1621,1806,i_S
1779266658.542013,1510,1835,i_S
1779266658.543421,2780,2015,i_S
1779266658.5460649,2497,1990,i_S
1779266658.547418,1874,2029,i_S
1779266658.549403,1959,2186,i_S
1779266658.556333,1973,2229,i_S
1779266658.5571442,2023,2132,i_S
1779266658.557218,2071,1870,i_S
1779266658.5572832,1960,1895,i_S
1779266658.5672011,1846,1979,i_S
1779266658.578818,1926,2055,i_S
1779266658.578977,2219,2158,i_S
1779266658.579177,2045,2079,i_S
1779266658.579396,2008,2113,i_S
1779266658.579461,2088,2055,i_S
1779266658.579731,2077,2003,i_S
1779266658.580364,1863,1951,i_S
1779266658.5804422,2190,1978,i_S
1779266658.580538,2240,2154,i_S
1779266658.5806458,1890,2343,i_S
1779266658.581009,2008,2338,i_S
1779266658.583313,2151,2346,i_S
1779266658.595305,2060,2293,i_S
1779266658.598067,1805,2224,i_S
1779266658.6023219,2033,1924,i_S
1779266658.609299,2009,1994,i_S
1779266658.613376,1778,2237,i_S
1779266658.6135628,2329,2378,i_S
1779266658.613642,1915,2322,i_S
1779266658.6137059,2080,2256,i_S
1779266658.614321,2536,2030,i_S
1779266658.614403,1943,2126,i_S
1779266658.614466,2015,2011,i_S
1779266658.614524,1774,1933,i_S
1779266658.614581,2344,2069,i_S
1779266658.614774,2970,2275,i_S
1779266658.6148322,1590,2416,i_S
1779266658.61489,1324,2296,i_S
1779266658.616485,2082,2153,i_S
1779266658.619273,2140,2268,i_S
1779266658.629059,2298,2289,i_S
1779266658.631134,2127,2360,i_S
1779266658.63394,1929,2241,i_S
1779266658.634621,1951,2293,i_S
1779266658.6382122,2011,2469,i_S
1779266658.640895,1957,2388,i_S
1779266658.647,2067,2209,i_S
1779266658.647628,2225,2178,i_S
1779266658.648233,2127,2224,i_S
1779266658.648567,1979,2218,i_S
1779266658.653526,1997,2297,i_S
1779266658.6536992,2017,2219,i_S
1779266658.6537821,2118,2327,i_S
1779266658.65385,2041,2406,i_S
1779266658.653919,2070,2354,i_S
1779266658.653978,2015,2287,i_S
1779266658.65404,2100,2382,i_S
1779266658.655396,2093,2367,i_S
1779266658.6664572,1951,2177,i_S
1779266658.666997,1987,2230,i_S
1779266658.669953,2138,2380,i_S
1779266658.671835,1978,2336,i_S
1779266658.6796422,1813,2232,i_S
1779266658.680355,1966,2056,i_S
1779266658.68085,2793,2067,i_S
1779266658.681233,2071,2189,i_S
1779266658.6816268,1845,2231,i_S
1779266658.685926,2004,2247,i_S
1779266658.686392,2084,2350,i_S
1779266658.6864798,2123,2564,i_S
1779266658.6865568,2044,2585,i_S
1779266658.686701,1963,2499,i_S
1779266658.686839,1961,2497,i_S
1779266658.686909,1897,2730,i_S
1779266658.688278,2027,2949,i_S
1779266658.691482,2375,3029,i_S
1779266658.694133,2134,3093,i_S
1779266658.694491,1973,3269,i_S
1779266658.703893,1889,3335,i_S
1779266658.7131772,2336,3247,i_S
1779266658.722718,2094,3167,i_S
1779266658.722922,1934,3078,i_S
1779266658.7230232,2091,2963,i_S
1779266658.723937,2168,2754,i_S
1779266658.7240179,1992,2617,i_S
1779266658.724462,2046,2576,i_S
1779266658.7245598,2004,2476,i_S
1779266658.724628,2179,2488,i_S
1779266658.724729,2023,2111,i_S
1779266658.724811,1987,2213,i_S
1779266658.724925,2086,2259,i_S
1779266658.7251809,1975,1974,i_S
1779266658.725247,2194,1977,i_S
1779266658.732883,2053,2108,i_S
1779266658.737979,1951,2174,i_S
1779266658.738747,1903,1782,i_S
1779266658.741997,2406,1838,i_S
1779266658.744444,1936,1852,i_S
1779266658.754278,2024,1796,i_S
1779266658.754391,2310,1938,i_S
1779266658.7544692,1957,1780,i_S
1779266658.754542,2052,1853,i_S
1779266658.7546592,2067,1899,i_S
1779266658.754731,2015,1899,i_S
1779266658.7548642,2067,1886,i_S
1779266658.7549381,2053,1763,i_S
1779266658.755003,2000,1759,i_S
1779266658.7550662,2001,1939,i_S
1779266658.756433,2032,1952,i_S
1779266658.759378,1975,1896,i_S
1779266658.76079,2090,2095,i_S
1779266658.768447,2155,2116,i_S
1779266658.7714298,2001,2032,i_S
1779266658.779518,1912,1793,i_S
1779266658.788773,1890,1897,i_S
1779266658.7925792,2082,2027,i_S
1779266658.793906,2354,2039,i_S
1779266658.79405,2343,1946,i_S
1779266658.794231,1925,2020,i_S
1779266658.794305,1946,2189,i_S
1779266658.794372,2024,2112,i_S
1779266658.794464,2205,2376,i_S
1779266658.7945302,1998,1951,i_S
1779266658.7946,1807,2065,i_S
1779266658.794673,1817,2201,i_S
1779266658.7949,2265,2106,i_S
1779266658.795035,2149,2145,i_S
1779266658.795199,1947,2126,i_S
1779266658.797386,1808,2137,i_S
1779266658.8480299,1534,2143,i_S
1779266658.8481731,3057,1981,i_S
1779266658.8482418,2523,2043,i_S
1779266658.8483021,1797,2147,i_S
1779266658.8483589,1923,2136,i_S
1779266658.848416,2035,2174,i_S
1779266658.848472,2045,2167,i_S
1779266658.848528,2081,2225,i_S
1779266658.848585,2039,2068,i_S
1779266658.84864,1990,1918,i_S
1779266658.851552,1967,1868,i_S
1779266658.851628,1838,1998,i_S
1779266658.8517492,1932,2063,i_S
1779266658.852862,2061,2037,i_S
1779266658.8529449,1938,2025,i_S
1779266658.8531861,2744,2187,i_S
1779266658.853267,2120,1975,i_S
1779266658.8533309,1873,1806,i_S
1779266658.85339,2022,1745,i_S
1779266658.853446,2090,1913,i_S
1779266658.853504,1998,1896,i_S
1779266658.8535612,2051,1908,i_S
1779266658.853617,2299,1830,i_S
1779266658.853673,1957,1924,i_S
1779266658.853728,1966,1906,i_S
1779266658.853784,2004,1901,i_S
1779266658.8538392,2109,1772,i_S
1779266658.853895,2172,1870,i_S
1779266658.88204,1849,2088,i_S
1779266658.883739,1606,1963,i_S
1779266658.8838358,2461,1774,i_S
1779266658.883901,2887,1930,i_S
1779266658.8839612,1774,2121,i_S
1779266658.884019,1720,2057,i_S
1779266658.8842409,2170,2011,i_S
1779266658.8843362,2168,2003,i_S
1779266658.884406,2141,2049,i_S
1779266658.884639,2050,2131,i_S
1779266658.884714,1928,2143,i_S
1779266658.884883,1922,2137,i_S
1779266658.884963,1963,2214,i_S
1779266658.885105,1997,2168,i_S
1779266658.8851688,1983,1981,i_S
1779266658.885231,2107,1939,i_S
1779266658.8869472,2201,2207,i_S
1779266658.908083,2135,2263,i_S
1779266658.912506,2023,2293,i_S
1779266658.912611,1952,2117,i_S
1779266658.912687,2043,2327,i_S
1779266658.9127522,1968,2379,i_S
1779266658.912812,2088,2114,i_S
1779266658.912871,1989,1917,i_S
1779266658.912929,2044,2037,i_S
1779266658.912988,2175,2174,i_S
1779266658.913047,2035,2135,i_S
1779266658.9131079,2170,2046,i_S
1779266658.913166,2095,2138,i_S
1779266658.913225,1971,2290,i_S
1779266658.914585,1843,2220,i_S
1779266658.917566,2016,2050,i_S
1779266658.920164,2242,1965,i_S
1779266658.928642,2062,2185,i_S
1779266658.942108,1931,2281,i_S
1779266658.946354,1951,2188,i_S
1779266658.946537,2133,2255,i_S
1779266658.946618,2123,2328,i_S
1779266658.946688,2068,2237,i_S
1779266658.94675,1983,2092,i_S
1779266658.946861,2004,2067,i_S
1779266658.946926,2133,2264,i_S
1779266658.946987,2104,2211,i_S
1779266658.947047,2072,2097,i_S
1779266658.947107,2033,2148,i_S
1779266658.947168,2008,2368,i_S
1779266658.9472268,2027,2182,i_S
1779266658.948571,2014,2053,i_S
1779266658.962292,2027,1848,i_S
1779266658.963296,1990,2038,i_S
1779266658.9745228,2108,2166,i_S
1779266658.974612,2283,2103,i_S
1779266658.974675,2058,2003,i_S
1779266658.974735,1996,2153,i_S
1779266658.974792,2026,2282,i_S
1779266658.974986,2033,2272,i_S
1779266658.975107,1918,2054,i_S
1779266658.975274,1942,1956,i_S
1779266658.975348,2206,2039,i_S
1779266658.9754088,2044,1965,i_S
1779266658.9755578,2040,2009,i_S
1779266658.977016,2009,2149,i_S
1779266658.978749,2294,2323,i_S
1779266658.98019,2303,2241,i_S
1779266658.994982,1972,2030,i_S
1779266658.998822,2083,1995,i_S
1779266659.002646,2090,2022,i_S
1779266659.008373,1903,2099,i_S
1779266659.0092402,2118,2328,i_S
1779266659.01427,2233,1950,i_S
1779266659.014603,1708,2301,i_S
1779266659.0149891,1797,2434,i_S
1779266659.015095,1855,2119,i_S
1779266659.015164,2542,2083,i_S
1779266659.015229,2382,2192,i_S
1779266659.015293,1859,2153,i_S
1779266659.015414,1820,2148,i_S
1779266659.0161521,2096,2146,i_S
1779266659.016445,2137,2044,i_S
1779266659.0165482,2074,2388,i_S
1779266659.0168378,1945,2033,i_S
1779266659.017066,2090,1738,i_S
1779266659.028447,1961,1935,i_S
1779266659.031779,1986,2078,i_S
1779266659.034465,2368,2048,i_S
1779266659.0436978,2182,1993,i_S
1779266659.047581,2017,2215,i_S
1779266659.0477629,2098,2264,i_S
1779266659.047942,1944,2185,i_S
1779266659.048394,2140,2025,i_S
1779266659.048964,2061,1871,i_S
1779266659.049214,1935,2075,i_S
1779266659.0493598,1952,2389,i_S
1779266659.0496252,2152,2137,i_S
1779266659.0497909,2061,1961,i_S
1779266659.0502,2146,2179,i_S
1779266659.0505369,2087,2143,i_S
1779266659.050729,1700,1962,i_S
1779266659.0508218,2039,1606,i_S
1779266659.0533361,2547,1624,i_S
1779266659.05475,2380,1991,i_S
1779266659.063352,1664,2112,i_S
1779266659.0646641,1890,1824,i_S
1779266659.066966,2086,1983,i_S
1779266659.0706,2287,2078,i_S
1779266659.0751219,2039,2102,i_S
1779266659.086569,2184,2003,i_S
1779266659.087423,1698,1871,i_S
1779266659.087511,1765,2048,i_S
1779266659.087647,2857,2099,i_S
1779266659.087788,2108,2194,i_S
1779266659.093314,2079,1957,i_S
1779266659.093996,2063,2318,i_S
1779266659.100982,1705,2048,i_S
1779266659.1187599,2243,1882,i_S
1779266659.119563,2030,1822,i_S
1779266659.125094,2016,1915,i_S
1779266659.125376,1883,1997,i_S
1779266659.125516,1786,2082,i_S
1779266659.1255941,2014,2074,i_S
1779266659.12566,2170,2017,i_S
1779266659.1257238,1660,2094,i_S
1779266659.1257868,1269,1891,i_S
1779266659.125851,4095,1795,i_S
1779266659.125914,2251,1772,i_S
1779266659.126115,1231,1865,i_S
1779266659.126192,1736,1917,i_S
1779266659.126268,2272,1885,i_S
1779266659.1263402,2236,2051,i_S
1779266659.126404,1257,2086,i_S
1779266659.126509,2834,1871,i_S
1779266659.1266649,2336,1697,i_S
1779266659.126784,1612,1679,i_S
1779266659.1268969,1856,1644,i_S
1779266659.127202,2218,1749,i_S
1779266659.12735,2042,1616,i_S
1779266659.1274781,2188,1730,i_S
1779266659.128878,2199,1954,i_S
1779266659.130155,1765,1980,i_S
1779266659.132854,1738,1754,i_S
1779266659.141967,2304,1642,i_S
1779266659.1512902,1852,1859,i_S
1779266659.159899,2462,1959,i_S
1779266659.165088,1825,1967,i_S
1779266659.16523,2014,1806,i_S
1779266659.1653109,2182,2214,i_S
1779266659.16544,2349,2267,i_S
1779266659.165744,2023,2135,i_S
1779266659.165847,1516,1870,i_S
1779266659.1659222,2007,1891,i_S
1779266659.165994,2344,2018,i_S
1779266659.166058,1991,2040,i_S
1779266659.166123,2020,2025,i_S
1779266659.166189,2083,2147,i_S
1779266659.166259,2150,2359,i_S
1779266659.166326,1963,2015,i_S
1779266659.166396,1806,1635,i_S
1779266659.185427,1827,1642,i_S
1779266659.1945531,2435,2082,i_S
1779266659.19507,2157,2139,i_S
1779266659.195389,2032,1811,i_S
1779266659.195785,2114,2108,i_S
1779266659.196036,1608,2588,i_S
1779266659.196355,2018,2545,i_S
1779266659.196783,2782,2303,i_S
1779266659.2001338,1918,1696,i_S
1779266659.201364,1602,2064,i_S
1779266659.2018392,2216,2281,i_S
1779266659.2019358,2106,2395,i_S
1779266659.202067,2005,2069,i_S
1779266659.2021482,2026,2362,i_S
1779266659.202216,2215,2594,i_S
1779266659.2022789,2414,2320,i_S
1779266659.202341,1863,1646,i_S
1779266659.202404,1800,1954,i_S
1779266659.205107,1995,2117,i_S
1779266659.206317,2514,2137,i_S
1779266659.208989,1975,2162,i_S
1779266659.210331,1972,2307,i_S
1779266659.21821,2208,2533,i_S
1779266659.219393,2142,2278,i_S
1779266659.2220201,1984,2124,i_S
1779266659.2252889,2031,1877,i_S
1779266659.2256482,2081,2062,i_S
1779266659.225995,2058,2239,i_S
1779266659.229013,2030,2283,i_S
1779266659.2300649,2023,2355,i_S
1779266659.232554,2126,2633,i_S
1779266659.232895,2133,2591,i_S
1779266659.238636,2055,1906,i_S
1779266659.2389839,1959,1783,i_S
1779266659.239569,2038,2016,i_S
1779266659.2403998,2126,2057,i_S
1779266659.2408268,2069,2149,i_S
1779266659.24535,2035,1984,i_S
1779266659.2461069,2071,2341,i_S
1779266659.2462022,2155,2538,i_S
1779266659.248153,1892,2174,i_S
1779266659.257843,1844,1630,i_S
1779266659.259798,2240,1943,i_S
1779266659.26425,2284,2162,i_S
1779266659.2648299,1969,2346,i_S
1779266659.271455,2000,2075,i_S
1779266659.2718358,2114,2345,i_S
1779266659.282031,2141,2593,i_S
1779266659.2821288,2068,2249,i_S
1779266659.282201,1985,1998,i_S
1779266659.28227,1993,1919,i_S
1779266659.282332,2080,2401,i_S
1779266659.2823958,2027,2444,i_S
1779266659.282461,1981,2375,i_S
1779266659.2825239,2095,2263,i_S
1779266659.282594,2086,2655,i_S
1779266659.282658,2051,2507,i_S
1779266659.282801,1982,2335,i_S
1779266659.284209,2045,2203,i_S
1779266659.287318,2218,2301,i_S
1779266659.2886882,1982,2578,i_S
1779266659.290085,2025,2381,i_S
1779266659.3072908,2115,2513,i_S
1779266659.3172271,2034,2529,i_S
1779266659.32235,1981,2408,i_S
1779266659.32269,2116,2065,i_S
1779266659.322765,2075,1717,i_S
1779266659.322895,2017,1908,i_S
1779266659.3230789,2140,2227,i_S
1779266659.323294,2156,2488,i_S
1779266659.323422,2224,2270,i_S
1779266659.323576,2063,2454,i_S
1779266659.32374,2025,2701,i_S
1779266659.323885,1999,2287,i_S
1779266659.3240068,1996,2031,i_S
1779266659.3240802,2087,1802,i_S
1779266659.324169,2045,1968,i_S
1779266659.3242528,1921,2340,i_S
1779266659.324348,1944,2324,i_S
1779266659.350132,2319,2149,i_S
1779266659.35094,2173,2591,i_S
1779266659.3516328,2025,2467,i_S
1779266659.356329,2137,2441,i_S
1779266659.3567889,1851,1771,i_S
1779266659.356951,2180,1861,i_S
1779266659.3570712,2074,2194,i_S
1779266659.3571799,2003,2108,i_S
1779266659.357259,2133,1933,i_S
1779266659.357384,1942,2448,i_S
1779266659.357501,2055,2422,i_S
1779266659.357622,2297,2118,i_S
1779266659.3577049,2077,1781,i_S
1779266659.357863,2031,1976,i_S
1779266659.358003,2150,2346,i_S
1779266659.35808,2121,2513,i_S
1779266659.358201,1925,2200,i_S
1779266659.3611012,1912,2239,i_S
1779266659.362487,2209,2489,i_S
1779266659.3640199,2131,2127,i_S
1779266659.372451,2061,2005,i_S
1779266659.372687,1838,1928,i_S
1779266659.374676,1980,2539,i_S
1779266659.374822,2315,2608,i_S
1779266659.375886,2207,2137,i_S
1779266659.3822029,2134,2292,i_S
1779266659.3834682,2033,2671,i_S
1779266659.3837252,1857,2342,i_S
1779266659.386206,1991,2116,i_S
1779266659.386442,1847,1691,i_S
1779266659.392262,1894,1977,i_S
1779266659.3927932,2523,2159,i_S
1779266659.393282,2171,2150,i_S
1779266659.394054,2170,2187,i_S
1779266659.397527,1964,2523,i_S
1779266659.398705,2034,2458,i_S
1779266659.399039,2102,2007,i_S
1779266659.40039,2097,1850,i_S
1779266659.41152,2070,2027,i_S
1779266659.4127061,2001,2371,i_S
1779266659.4140038,1929,2468,i_S
1779266659.4168918,1880,2141,i_S
1779266659.420151,1914,2240,i_S
1779266659.4204748,2138,2544,i_S
1779266659.421404,2089,2162,i_S
1779266659.4346461,2005,1625,i_S
1779266659.43485,2174,1657,i_S
1779266659.4349608,2211,2114,i_S
1779266659.4352052,2037,2234,i_S
1779266659.435322,1953,2221,i_S
1779266659.435402,1956,2224,i_S
1779266659.435565,1932,2536,i_S
1779266659.435702,1894,2369,i_S
1779266659.435837,2174,1960,i_S
1779266659.4359722,2405,1632,i_S
1779266659.436068,2229,2052,i_S
1779266659.438865,1859,2375,i_S
1779266659.440237,1801,2406,i_S
1779266659.442048,1861,2117,i_S
1779266659.460879,2192,2362,i_S
1779266659.473116,2376,2498,i_S
1779266659.474517,1968,2049,i_S
1779266659.4752269,2052,1698,i_S
1779266659.475329,1888,1839,i_S
1779266659.475416,2045,2091,i_S
1779266659.475488,2067,2416,i_S
1779266659.4755578,2133,2275,i_S
1779266659.475627,2217,2301,i_S
1779266659.4757602,2145,2545,i_S
1779266659.4758751,1910,2255,i_S
1779266659.475947,1886,1971,i_S
1779266659.476022,1911,1763,i_S
1779266659.476099,2164,2132,i_S
1779266659.4762812,2336,2064,i_S
1779266659.4763641,2262,2129,i_S
1779266659.476437,1883,2214,i_S
1779266659.491449,1935,2448,i_S
1779266659.508851,2021,2270,i_S
1779266659.509054,2136,1994,i_S
1779266659.509196,1995,1832,i_S
1779266659.50928,2089,2448,i_S
1779266659.509357,2140,2302,i_S
1779266659.509432,1927,2370,i_S
1779266659.509534,1933,2286,i_S
1779266659.5096588,2309,2444,i_S
1779266659.509739,2146,2467,i_S
1779266659.509811,1903,2044,i_S
1779266659.509987,1958,1745,i_S
1779266659.5100899,2079,1822,i_S
1779266659.510554,1766,2156,i_S
1779266659.510858,2494,2485,i_S
1779266659.5109298,2122,2427,i_S
1779266659.510994,1948,2363,i_S
1779266659.5124118,2057,2548,i_S
1779266659.515112,2045,2108,i_S
1779266659.516545,1991,1955,i_S
1779266659.5258172,2062,1904,i_S
1779266659.542625,2286,2299,i_S
1779266659.5428522,2096,2485,i_S
1779266659.543298,1889,2426,i_S
1779266659.54397,1996,2180,i_S
1779266659.544707,2051,2510,i_S
1779266659.5450082,2056,2367,i_S
1779266659.5453608,1982,1969,i_S
1779266659.549876,2007,1802,i_S
1779266659.549983,2068,2002,i_S
1779266659.550066,1971,2153,i_S
1779266659.550189,2100,1962,i_S
1779266659.550295,2095,1745,i_S
1779266659.5503712,2068,2010,i_S
1779266659.5504892,1958,2340,i_S
1779266659.550699,1771,1783,i_S
1779266659.550951,2315,1524,i_S
1779266659.552813,2241,1581,i_S
1779266659.554772,2032,2408,i_S
1779266659.574046,2040,2269,i_S
1779266659.574472,2077,1769,i_S
1779266659.574784,1787,2147,i_S
1779266659.5806131,2105,2088,i_S
1779266659.586426,2224,1850,i_S
1779266659.586679,1933,1592,i_S
1779266659.586792,1973,1450,i_S
1779266659.586907,2069,1612,i_S
1779266659.587071,2066,1842,i_S
1779266659.587141,1962,1942,i_S
1779266659.587206,1982,1867,i_S
1779266659.587268,2113,2243,i_S
1779266659.58733,2056,2242,i_S
1779266659.587392,2155,1591,i_S
1779266659.5874538,2004,1252,i_S
1779266659.5875149,1972,1605,i_S
1779266659.588696,1855,2119,i_S
1779266659.590239,1999,1875,i_S
1779266659.592843,2558,1908,i_S
1779266659.59429,1923,2504,i_S
1779266659.5971231,1769,2252,i_S
1779266659.5987682,2343,1803,i_S
1779266659.607856,1820,1557,i_S
1779266659.612948,1795,1760,i_S
1779266659.616823,2521,2353,i_S
1779266659.617318,1978,2081,i_S
1779266659.626388,2015,1570,i_S
1779266659.6267169,2182,1930,i_S
1779266659.627108,2106,2201,i_S
1779266659.627977,1963,1820,i_S
1779266659.628329,1914,1382,i_S
1779266659.6321769,1720,929,i_S
1779266659.633444,2172,1839,i_S
1779266659.633569,2548,1747,i_S
1779266659.6336472,2196,1928,i_S
1779266659.633718,1504,2009,i_S
1779266659.633835,2363,2031,i_S
1779266659.633926,2493,2136,i_S
1779266659.634007,1774,1854,i_S
1779266659.634084,1963,1377,i_S
1779266659.637248,1577,1737,i_S
1779266659.650265,2288,2088,i_S
1779266659.654062,2820,1911,i_S
1779266659.6542,1640,2073,i_S
1779266659.655195,1774,1841,i_S
1779266659.657901,2025,1914,i_S
1779266659.658307,2107,1932,i_S
1779266659.658488,2248,1478,i_S
1779266659.658753,2319,1207,i_S
1779266659.659041,2067,1797,i_S
1779266659.6652029,1803,2182,i_S
1779266659.6658611,1808,1942,i_S
1779266659.6663702,1997,1825,i_S
1779266659.671422,2156,2217,i_S
1779266659.6715221,2021,2156,i_S
1779266659.6715891,2045,1780,i_S
1779266659.671691,2045,1628,i_S
1779266659.671765,2048,1882,i_S
1779266659.673138,1962,1986,i_S
1779266659.6744971,1835,2095,i_S
1779266659.677293,2072,1869,i_S
1779266659.678786,2330,2183,i_S
1779266659.680268,1923,2139,i_S
1779266659.682975,1977,1946,i_S
1779266659.690888,1920,1632,i_S
1779266659.692721,2094,1722,i_S
1779266659.6975958,2423,1958,i_S
1779266659.69799,2353,1994,i_S
1779266659.698315,1516,1730,i_S
1779266659.701365,2604,1993,i_S
1779266659.701653,1699,2442,i_S
1779266659.70301,1900,1803,i_S
1779266659.7061021,1866,1389,i_S
1779266659.712333,3736,1400,i_S
1779266659.712907,1311,1937,i_S
1779266659.7131908,1645,2163,i_S
1779266659.7134972,1983,1903,i_S
1779266659.7141151,2140,2133,i_S
1779266659.7144,2215,2225,i_S
1779266659.719605,2028,2133,i_S
1779266659.7197561,1802,1568,i_S
1779266659.7201788,2159,1682,i_S
1779266659.720254,2152,1793,i_S
1779266659.722014,1969,2124,i_S
