timestamp,ch1,ch2,label
1778660636.612715,2255,0,10
1778660636.61276,2174,0,10
1778660636.6127858,2034,0,10
1778660636.612809,1998,0,10
1778660636.612834,2095,0,10
1778660636.612857,2084,0,10
1778660636.612879,1930,0,10
1778660636.6129029,1983,0,10
1778660636.6129248,2175,0,10
1778660636.61295,2246,0,10
1778660636.612973,2131,0,10
1778660636.612997,2023,0,10
1778660636.613019,2029,0,10
1778660636.6130428,2054,0,10
1778660636.613066,1923,0,10
1778660636.613089,1958,0,10
1778660636.613111,2179,0,10
1778660636.613133,2268,0,10
1778660636.613157,2134,0,10
1778660636.613179,2031,0,10
1778660636.6132321,1990,0,10
1778660636.6132622,2089,0,10
1778660636.61329,2017,0,10
1778660636.6133142,1920,0,10
1778660636.613339,2045,0,10
1778660636.613363,2260,0,10
1778660636.613386,2194,0,10
1778660636.613409,2049,0,10
1778660636.6134322,2042,0,10
1778660636.6134558,2099,0,10
1778660636.613478,2004,0,10
1778660636.613502,1899,0,10
1778660636.613525,2004,0,10
1778660636.613548,2234,0,10
1778660636.6135712,2263,0,10
1778660636.6135948,2061,0,10
1778660636.613617,2026,0,10
1778660636.6136398,2065,0,10
1778660636.613664,2074,0,10
1778660636.613707,1957,0,10
1778660636.613739,1973,0,10
1778660636.613766,2120,0,10
1778660636.61379,2316,0,10
1778660636.613815,2139,0,10
1778660636.6138391,2055,0,10
1778660636.6138618,1976,0,10
1778660636.6138859,2126,0,10
1778660636.613909,2019,0,10
1778660636.6139321,1939,0,10
1778660636.6139562,2047,0,10
1778660636.6139789,2244,0,10
1778660636.6152651,2227,0,10
1778660636.621241,2097,0,10
1778660636.6234298,1970,0,10
1778660636.6236632,2042,0,10
1778660636.6255329,2008,0,10
1778660636.625928,1943,0,10
1778660636.628698,2026,0,10
1778660636.629672,2235,0,10
1778660636.631545,2266,0,10
1778660636.63284,2143,0,10
1778660636.635465,2065,0,10
1778660636.636769,2034,0,10
1778660636.639362,2047,0,10
1778660636.643877,1970,0,10
1778660636.64434,1985,0,10
1778660636.646307,2120,0,10
1778660636.648829,2282,0,10
1778660636.648916,2165,0,10
1778660636.651307,2074,0,10
1778660636.653644,2030,0,10
1778660636.6549408,2059,0,10
1778660636.657407,2024,0,10
1778660636.658711,1971,0,10
1778660636.661257,2068,0,10
1778660636.665728,2270,0,10
1778660636.666434,2180,0,10
1778660636.6682959,2123,0,10
1778660636.669945,2005,0,10
1778660636.673037,2005,0,10
1778660636.67314,1994,0,10
1778660636.67539,1940,0,10
1778660636.6769931,2007,0,10
1778660636.6797051,2193,0,10
1778660636.681033,2282,0,10
1778660636.683584,2122,0,10
1778660636.688166,2014,0,10
1778660636.688846,1991,0,10
1778660636.689535,2098,0,10
1778660636.692294,1973,0,10
1778660636.6939971,1960,0,10
1778660636.6961331,2126,0,10
1778660636.697984,2272,0,10
1778660636.699275,2108,0,10
1778660636.700635,2081,0,10
1778660636.70319,2026,0,10
1778660636.705775,2059,0,10
1778660636.710173,1954,0,10
1778660636.710832,1937,0,10
1778660636.710954,2077,0,10
1778660636.7128801,2227,0,10
1778660636.717252,2138,0,10
1778660636.718303,2063,0,10
1778660636.720103,2006,0,10
1778660636.721411,2051,0,10
1778660636.7227252,2050,0,10
1778660636.725292,1957,0,10
1778660636.726642,2022,0,10
1778660636.731723,2210,0,10
1778660636.73264,2269,0,10
1778660636.734455,2095,0,10
1778660636.7358952,2061,0,10
1778660636.737801,2024,0,10
1778660636.73935,2028,0,10
1778660636.7416902,1945,0,10
1778660636.743065,1937,0,10
1778660636.745619,2109,0,10
1778660636.746907,2259,0,10
1778660636.749461,2111,0,10
1778660636.754848,2020,0,10
1778660636.756512,1989,0,10
1778660636.75673,2076,0,10
1778660636.756799,2001,0,10
1778660636.759993,1932,0,10
1778660636.7622862,2058,0,10
1778660636.763801,2258,0,10
1778660636.765101,2163,0,10
1778660636.76767,2066,0,10
1778660636.768996,2026,0,10
1778660636.771551,2042,0,10
1778660636.776135,1979,0,10
1778660636.776597,1883,0,10
1778660636.7770271,1962,0,10
1778660636.778788,2166,0,10
1778660636.784838,2234,0,10
1778660636.78513,2055,0,10
1778660636.7854521,1985,0,10
1778660636.7873979,1973,0,10
1778660636.788772,2070,0,10
1778660636.7914581,1957,0,10
1778660636.7928388,1943,0,10
1778660636.7955918,2098,0,10
1778660636.804662,2310,0,10
1778660636.8052428,2128,0,10
1778660636.806467,2009,0,10
1778660636.807041,1964,0,10
1778660636.8076851,2110,0,10
1778660636.810742,1982,0,10
1778660636.811334,1858,0,10
1778660636.8119009,1980,0,10
1778660636.813802,2253,0,10
1778660636.815188,2205,0,10
1778660636.8166451,2046,0,10
1778660636.821395,1941,0,10
1778660636.824055,2032,0,10
1778660636.824439,2009,0,10
1778660636.829941,1915,0,10
1778660636.830273,1968,0,10
1778660636.831674,2144,0,10
1778660636.8320808,2262,0,10
1778660636.834167,2039,0,10
1778660636.8355699,1981,0,10
1778660636.836983,2001,0,10
1778660636.839606,2085,0,10
1778660636.841047,1912,0,10
1778660636.844177,1897,0,10
1778660636.84902,2052,0,10
1778660636.850933,2293,0,10
1778660636.8513432,2110,0,10
1778660636.8517,2024,0,10
1778660636.854812,1938,0,10
1778660636.8552508,2069,0,10
1778660636.857355,1981,0,10
1778660636.860688,1896,0,10
1778660636.86076,1997,0,10
1778660636.863892,2214,0,10
1778660636.8710861,2194,0,10
1778660636.871414,2074,0,10
1778660636.8715572,1966,0,10
1778660636.875125,2028,0,10
1778660636.8757389,2008,0,10
1778660636.8787289,1921,0,10
1778660636.879067,1919,0,10
1778660636.8793018,2118,0,10
1778660636.881357,2241,0,10
1778660636.882747,2081,0,10
1778660636.886237,1957,0,10
1778660636.8876212,1964,0,10
1778660636.8889961,2069,0,10
1778660636.890659,1939,0,10
1778660636.898586,1959,0,10
1778660636.902307,2072,0,10
1778660636.908084,2218,0,10
1778660636.908353,2136,0,10
1778660636.90843,2020,0,10
1778660636.908531,1965,0,10
1778660636.908625,2040,0,10
1778660636.908683,2008,0,10
1778660636.9087338,1927,0,10
1778660636.9114702,1987,0,10
1778660636.9128478,2210,0,10
1778660636.930596,2159,0,10
1778660636.930689,2071,0,10
1778660636.930743,1967,0,10
1778660636.930832,2000,0,10
1778660636.930916,1992,0,10
1778660636.931796,1852,0,10
1778660636.9318788,1995,0,10
1778660636.9319339,2113,0,10
1778660636.9325309,2236,0,10
1778660636.932941,2074,0,10
1778660636.934703,1981,0,10
1778660636.937631,1943,0,10
1778660636.939008,2093,0,10
1778660636.9707,1963,0,10
1778660636.9712262,1890,0,10
1778660636.971265,2034,0,10
1778660636.971293,2265,0,10
1778660636.971322,2135,0,10
1778660636.971349,2016,0,10
1778660636.971375,1925,0,10
1778660636.9714,2040,0,10
1778660636.971425,1986,0,10
1778660636.971544,1854,0,10
1778660636.9716601,1987,0,10
1778660636.9717498,2237,0,10
1778660636.971835,2219,0,10
1778660636.971872,2070,0,10
1778660636.9719,1965,0,10
1778660636.971925,1974,0,10
1778660636.973224,1948,0,10
1778660636.974613,1846,0,10
1778660636.980007,1935,0,10
1778660636.980055,2162,0,10
1778660636.9819121,2284,0,10
1778660636.983375,2079,0,10
1778660636.9851599,1981,0,10
1778660636.989486,1965,0,10
1778660636.9895182,2032,0,10
1778660636.9908988,1958,0,10
1778660636.996268,1941,0,10
1778660636.996841,2060,0,10
1778660636.997068,2252,0,10
1778660636.9994829,2136,0,10
1778660637.0038981,2045,0,10
1778660637.005625,1982,0,10
1778660637.007187,2041,0,10
1778660637.007504,1957,0,10
1778660637.009996,1878,0,10
1778660637.011348,1949,0,10
1778660637.012707,2188,0,10
1778660637.019914,2203,0,10
1778660637.020949,2038,0,10
1778660637.022445,1940,0,10
1778660637.022851,2015,0,10
1778660637.025058,2065,0,10
1778660637.027215,1953,0,10
1778660637.029542,1995,0,10
1778660637.031162,2139,0,10
1778660637.03155,2261,0,10
1778660637.033945,2064,0,10
1778660637.035291,1993,0,10
1778660637.036598,1998,0,10
1778660637.039268,2066,0,10
1778660637.040631,1939,0,10
1778660637.042992,1955,0,10
1778660637.050851,2097,0,10
1778660637.0518389,2233,0,10
1778660637.05346,2058,0,10
1778660637.053675,1978,0,10
1778660637.0539122,1987,0,10
1778660637.055986,2069,0,10
1778660637.0597792,1983,0,10
1778660637.060074,1872,0,10
1778660637.0619469,2001,0,10
1778660637.064259,2207,0,10
1778660637.0656068,2223,0,10
1778660637.066942,2079,0,10
1778660637.073236,1979,0,10
1778660637.073356,1989,0,10
1778660637.07508,2035,0,10
1778660637.076695,1905,0,10
1778660637.079998,1962,0,10
1778660637.081043,2203,0,10
1778660637.083602,2273,0,10
1778660637.085311,2046,0,10
1778660637.0856519,1952,0,10
1778660637.087677,1994,0,10
1778660637.08949,2105,0,10
1778660637.090883,1952,0,10
1778660637.093886,1919,0,10
1778660637.095265,2067,0,10
1778660637.096647,2248,0,10
1778660637.104222,2121,0,10
1778660637.105325,2055,0,10
1778660637.1055439,2033,0,10
1778660637.106178,2066,0,10
1778660637.108267,1954,0,10
1778660637.110153,1894,0,10
1778660637.113076,1997,0,10
1778660637.1148958,2183,0,10
1778660637.1168818,2213,0,10
1778660637.117453,2105,0,10
1778660637.11981,1975,0,10
1778660637.1212,2023,0,10
1778660637.122705,1992,0,10
1778660637.1302788,1905,0,10
1778660637.131275,1933,0,10
1778660637.13135,2126,0,10
1778660637.1328268,2265,0,10
1778660637.133009,2134,0,10
1778660637.136149,1976,0,10
1778660637.137882,1939,0,10
1778660637.1397288,2058,0,10
1778660637.141532,1976,0,10
1778660637.144191,1966,0,10
1778660637.145577,2070,0,10
1778660637.146927,2246,0,10
1778660637.149608,2140,0,10
1778660637.150943,2036,0,10
1778660637.153566,1974,0,10
1778660637.155095,2077,0,10
1778660637.160001,2017,0,10
1778660637.160665,1900,0,10
1778660637.160906,2008,0,10
1778660637.1655838,2198,0,10
1778660637.1662269,2202,0,10
1778660637.168627,2060,0,10
1778660637.170357,1960,0,10
1778660637.172832,2006,0,10
1778660637.175633,2039,0,10
1778660637.175904,1884,0,10
1778660637.177265,1929,0,10
1778660637.1786098,2130,0,10
1778660637.185591,2275,0,10
1778660637.1870139,2109,0,10
1778660637.189305,1996,0,10
1778660637.189471,1983,0,10
1778660637.191861,2046,0,10
1778660637.1929338,1926,0,10
1778660637.1931221,1905,0,10
1778660637.196502,2042,0,10
1778660637.198543,2297,0,10
1778660637.1987991,2142,0,10
1778660637.200774,2047,0,10
1778660637.2035232,1970,0,10
1778660637.204855,2028,0,10
1778660637.2074392,1985,0,10
1778660637.2087739,1872,0,10
1778660637.211422,1943,0,10
1778660637.218789,2143,0,10
1778660637.220329,2150,0,10
1778660637.220566,2037,0,10
1778660637.220928,1979,0,10
1778660637.223774,2066,0,10
1778660637.2253308,2062,0,10
1778660637.2264938,1965,0,10
1778660637.2304692,2000,0,10
1778660637.230928,2144,0,10
1778660637.231153,2280,0,10
1778660637.233676,2098,0,10
1778660637.2350562,1948,0,10
1778660637.23771,1939,0,10
1778660637.239133,2045,0,10
1778660637.2451148,1947,0,10
1778660637.2474828,1909,0,10
1778660637.247898,2056,0,10
1778660637.248176,2244,0,10
1778660637.2505999,2129,0,10
1778660637.251652,2005,0,10
1778660637.254884,1966,0,10
1778660637.255101,2040,0,10
1778660637.257131,1943,0,10
1778660637.2597911,1912,0,10
1778660637.261163,2013,0,10
1778660637.26378,2176,0,10
1778660637.265106,2098,0,10
1778660637.267709,1993,0,10
1778660637.269033,1932,0,10
1778660637.277153,2031,0,10
1778660637.279753,2104,0,10
1778660637.28018,1922,0,10
1778660637.280494,1940,0,10
1778660637.282013,2120,0,10
1778660637.2826722,2236,0,10
1778660637.283197,1872,0,10
1778660637.285373,1692,0,10
1778660637.287593,1971,0,10
1778660637.2904162,2006,0,10
1778660637.293202,2047,0,10
1778660637.293453,2096,0,10
1778660637.2958012,2151,0,10
1778660637.2971861,2246,0,10
1778660637.298638,1847,0,10
1778660637.3044622,1504,0,10
1778660637.3057458,1821,0,10
1778660637.30849,2150,0,10
1778660637.31137,2265,0,10
1778660637.311563,1994,0,10
1778660637.3127449,1941,0,10
1778660637.3134358,2200,0,10
1778660637.316727,2343,0,10
1778660637.316881,2282,0,10
1778660637.319618,2305,0,10
1778660637.322409,2264,0,10
1778660637.323932,1475,0,10
1778660637.32533,929,0,10
1778660637.326705,2076,0,10
1778660637.329282,2516,0,10
1778660637.330654,2587,0,10
1778660637.3332942,2309,0,10
1778660637.334678,2155,0,10
1778660637.34155,2157,0,10
1778660637.342637,2247,0,10
1778660637.344296,2063,0,10
1778660637.3446221,1697,0,10
1778660637.3449118,1704,0,10
1778660637.3475358,2067,0,10
1778660637.3496802,1784,0,10
1778660637.354594,1698,0,10
1778660637.354808,1677,0,10
1778660637.355155,1916,0,10
1778660637.357416,2097,0,10
1778660637.358752,2300,0,10
1778660637.3614888,2167,0,10
1778660637.362837,2150,0,10
1778660637.368703,2254,0,10
1778660637.3696902,2149,0,10
1778660637.3702772,1969,0,10
1778660637.372256,2078,0,10
1778660637.374149,1918,0,10
1778660637.375825,1722,0,10
1778660637.378623,1737,0,10
1778660637.378727,1998,0,10
1778660637.381081,2127,0,10
1778660637.383064,2084,0,10
1778660637.3856268,2048,0,10
1778660637.386977,1892,0,10
1778660637.389552,1953,0,10
1778660637.3908532,1866,0,10
1778660637.393417,1827,0,10
1778660637.400096,2004,0,10
1778660637.4002602,2145,0,10
1778660637.401408,1951,0,10
1778660637.402992,1821,0,10
1778660637.40528,1906,0,10
1778660637.4058082,1901,0,10
1778660637.4076061,1940,0,10
1778660637.4100008,1815,0,10
1778660637.4122949,1918,0,10
1778660637.414912,2011,0,10
1778660637.415162,1878,0,10
1778660637.4177,2198,0,10
1778660637.419061,2263,0,10
1778660637.424775,2121,0,10
1778660637.425876,2073,0,10
1778660637.427955,1768,0,10
1778660637.4305332,1750,0,10
1778660637.432126,1961,0,10
1778660637.4327538,2201,0,10
1778660637.433661,1977,0,10
1778660637.437647,1885,0,10
1778660637.4378638,1839,0,10
1778660637.440757,1847,0,10
1778660637.4408681,1913,0,10
1778660637.443487,1958,0,10
1778660637.444811,2060,0,10
1778660637.447459,2092,0,10
1778660637.448799,1867,0,10
1778660637.451658,2034,0,10
1778660637.4567769,1978,0,10
1778660637.457686,1904,0,10
1778660637.4595358,1824,0,10
1778660637.4597929,1657,0,10
1778660637.46191,1572,0,10
1778660637.4638982,2260,0,10
1778660637.465781,2233,0,10
1778660637.4685981,2026,0,10
1778660637.469163,1587,0,10
1778660637.471541,1776,0,10
1778660637.472904,2212,0,10
1778660637.4757628,2026,0,10
1778660637.476917,1843,0,10
1778660637.479545,1979,0,10
1778660637.490303,2115,0,10
1778660637.491929,1892,0,10
1778660637.4920452,1881,0,10
1778660637.492553,1835,0,10
1778660637.4931672,1875,0,10
1778660637.493706,1791,0,10
1778660637.495521,1719,0,10
1778660637.4980118,1616,0,10
1778660637.498369,1872,0,10
1778660637.500742,1969,0,10
1778660637.500844,2092,0,10
1778660637.503411,1877,0,10
1778660637.5047119,1500,0,10
1778660637.5072792,1941,0,10
1778660637.508577,1781,0,10
1778660637.511163,2384,0,10
1778660637.516503,2382,0,10
1778660637.5177119,2125,0,10
1778660637.519228,1792,0,10
1778660637.521142,1828,0,10
1778660637.52163,1189,0,10
1778660637.523231,2568,0,10
1778660637.5256472,2513,0,10
1778660637.527982,1937,0,10
1778660637.5303638,2001,0,10
1778660637.531685,2178,0,10
1778660637.532992,2215,0,10
1778660637.539042,2098,0,10
1778660637.539583,2166,0,10
1778660637.5407481,2015,0,10
1778660637.542422,1688,0,10
1778660637.544234,1057,0,10
1778660637.5456681,1914,0,10
1778660637.548233,2314,0,10
1778660637.5504792,2023,0,10
1778660637.550612,1864,0,10
1778660637.553652,2060,0,10
1778660637.5549471,2163,0,10
1778660637.55743,1995,0,10
1778660637.558723,1568,0,10
1778660637.561271,1374,0,10
1778660637.562597,2118,0,10
1778660637.567359,2301,0,10
1778660637.567797,1984,0,10
1778660637.569869,1945,0,10
1778660637.571844,1958,0,10
1778660637.577986,1929,0,10
1778660637.5801091,2017,0,10
1778660637.580825,1969,0,10
1778660637.5809321,2034,0,10
1778660637.5810401,2073,0,10
1778660637.5837162,1944,0,10
1778660637.5850618,1831,0,10
1778660637.594288,1839,0,10
1778660637.5963619,1891,0,10
1778660637.59883,1502,0,10
1778660637.601471,1565,0,10
1778660637.60186,1799,0,10
1778660637.6038358,1819,0,10
1778660637.604521,2037,0,10
1778660637.604668,2288,0,10
1778660637.6048582,2070,0,10
1778660637.6049988,2129,0,10
1778660637.610073,1911,0,10
1778660637.610305,1960,0,10
1778660637.611587,2212,0,10
1778660637.612942,2272,0,10
1778660637.6157289,2149,0,10
1778660637.6173482,1924,0,10
1778660637.6263978,1837,0,10
1778660637.627764,1719,0,10
1778660637.6291919,1731,0,10
1778660637.631744,1951,0,10
1778660637.6358552,1970,0,10
1778660637.6362429,1540,0,10
1778660637.636517,2074,0,10
1778660637.6365492,2124,0,10
1778660637.6365771,1976,0,10
1778660637.636683,1752,0,10
1778660637.6392808,1652,0,10
1778660637.640575,1952,0,10
1778660637.6454709,2379,0,10
1778660637.646722,2218,0,10
1778660637.646809,2137,0,10
1778660637.649958,2468,0,10
1778660637.6534998,2119,0,10
1778660637.6558971,1766,0,10
1778660637.656044,1953,0,10
1778660637.658825,2008,0,10
1778660637.659102,1723,0,10
1778660637.6604931,2015,0,10
1778660637.6630578,1905,0,10
1778660637.664532,2003,0,10
1778660637.667147,2235,0,10
1778660637.668493,2120,0,10
1778660637.676533,2042,0,10
1778660637.676696,2035,0,10
1778660637.677533,1678,0,10
1778660637.6792068,1701,0,10
1778660637.6809568,1509,0,10
1778660637.681849,2377,0,10
1778660637.683671,2334,0,10
1778660637.6877608,1908,0,10
1778660637.687993,1838,0,10
1778660637.690089,2024,0,10
1778660637.6914601,2082,0,10
1778660637.692766,2034,0,10
1778660637.698893,2006,0,10
1778660637.699738,2161,0,10
1778660637.701298,1901,0,10
1778660637.7014542,1687,0,10
1778660637.7035499,1808,0,10
1778660637.705386,1990,0,10
1778660637.709447,1865,0,10
1778660637.7099829,1902,0,10
1778660637.712064,2240,0,10
1778660637.713363,2294,0,10
1778660637.714656,2194,0,10
1778660637.717292,2009,0,10
1778660637.718591,2026,0,10
1778660637.721142,1946,0,10
1778660637.726851,1756,0,10
1778660637.729266,1717,0,10
1778660637.729367,1534,0,10
1778660637.731256,2130,0,10
1778660637.7318301,2234,0,10
1778660637.733935,2225,0,10
1778660637.735362,2169,0,10
1778660637.737781,2034,0,10
1778660637.739969,2057,0,10
1778660637.741327,2061,0,10
1778660637.742623,2172,0,10
1778660637.748758,2229,0,10
1778660637.7503161,2087,0,10
1778660637.751628,1995,0,10
1778660637.7518258,1775,0,10
1778660637.754951,1497,0,10
1778660637.75568,1685,0,10
1778660637.7597382,2189,0,10
1778660637.7598422,2078,0,10
1778660637.7621481,1762,0,10
1778660637.763455,1574,0,10
1778660637.764756,2166,0,10
1778660637.767309,2353,0,10
1778660637.7686038,2070,0,10
1778660637.771161,2051,0,10
1778660637.776876,2025,0,10
1778660637.777792,1235,0,10
1778660637.7794921,1981,0,10
1778660637.779713,2470,0,10
1778660637.782016,2445,0,10
1778660637.783551,2039,0,10
1778660637.785402,1830,0,10
1778660637.7879272,1744,0,10
1778660637.789845,1998,0,10
1778660637.7911448,1937,0,10
1778660637.7924988,1626,0,10
1778660637.797914,1733,0,10
1778660637.798892,2192,0,10
1778660637.8001049,2052,0,10
1778660637.801943,1819,0,10
1778660637.8038242,1882,0,10
1778660637.807371,1807,0,10
1778660637.8074481,1944,0,10
1778660637.809186,1833,0,10
1778660637.810525,1573,0,10
1778660637.813001,1832,0,10
1778660637.815561,2185,0,10
1778660637.816864,1896,0,10
1778660637.823072,1660,0,10
1778660637.8231301,2013,0,10
1778660637.823638,2164,0,10
1778660637.825562,1721,0,10
1778660637.827399,1245,0,10
1778660637.8293068,1618,0,10
1778660637.83065,2809,0,10
1778660637.833178,2355,0,10
1778660637.835205,1986,0,10
1778660637.836527,1844,0,10
1778660637.839106,2063,0,10
1778660637.84414,2095,0,10
1778660637.845812,1978,0,10
1778660637.845973,1789,0,10
1778660637.8478222,1950,0,10
1778660637.849513,1619,0,10
1778660637.853437,1778,0,10
1778660637.853697,1628,0,10
1778660637.855917,2088,0,10
1778660637.857226,2413,0,10
1778660637.8585181,2113,0,10
1778660637.861075,2176,0,10
1778660637.863633,2224,0,10
1778660637.864927,2243,0,10
1778660637.8704362,1972,0,10
1778660637.871009,1846,0,10
1778660637.8725939,1710,0,10
1778660637.874951,1684,0,10
1778660637.8753762,1638,0,10
1778660637.8780181,1948,0,10
1778660637.880406,1845,0,10
1778660637.880844,2245,0,10
1778660637.8835998,2281,0,10
1778660637.884893,2195,0,10
1778660637.891414,2122,0,10
1778660637.8932679,2048,0,10
1778660637.895596,2043,0,10
1778660637.8963609,2083,0,10
1778660637.8970938,2154,0,10
1778660637.897621,2177,0,10
1778660637.901185,2123,0,10
1778660637.901294,2006,0,10
1778660637.903473,1964,0,10
1778660637.904767,1840,0,10
1778660637.907346,1689,0,10
1778660637.908642,2011,0,10
1778660637.9111948,2114,0,10
1778660637.912489,2076,0,10
1778660637.9173179,2240,0,10
1778660637.918079,2270,0,10
1778660637.91975,2067,0,10
1778660637.9215941,2009,0,10
1778660637.923543,2145,0,10
1778660637.927165,2072,0,10
1778660637.927409,1973,0,10
1778660637.929783,2108,0,10
1778660637.931263,2152,0,10
1778660637.9326432,2138,0,10
1778660637.938047,2018,0,10
1778660637.9390929,1963,0,10
1778660637.9400141,2063,0,10
1778660637.9435132,2067,0,10
1778660637.9448051,1963,0,10
1778660637.946072,2056,0,10
1778660637.947642,2213,0,10
1778660637.950376,2282,0,10
1778660637.950624,2175,0,10
1778660637.9535282,2076,0,10
1778660637.954859,2010,0,10
1778660637.9574752,2034,0,10
1778660637.9587991,1905,0,10
1778660637.961525,1768,0,10
1778660637.9629838,2138,0,10
1778660637.9706361,2399,0,10
1778660637.971017,2244,0,10
1778660637.973404,2178,0,10
1778660637.975067,2073,0,10
1778660637.975701,2218,0,10
1778660637.975839,2147,0,10
1778660637.980692,2113,0,10
1778660637.981188,2111,0,10
1778660637.9813619,2200,0,10
1778660637.98354,1972,0,10
1778660637.984874,2089,0,10
1778660637.9875011,2071,0,10
1778660637.9930692,2117,0,10
1778660637.9940538,2011,0,10
1778660637.99585,1973,0,10
1778660637.996128,2090,0,10
1778660637.998325,2323,0,10
1778660637.999147,2298,0,10
1778660638.002135,2131,0,10
1778660638.0051851,1986,0,10
1778660638.005378,2009,0,10
1778660638.007753,2031,0,10
1778660638.0091221,1929,0,10
1778660638.0104709,1964,0,10
1778660638.0130072,2154,0,10
1778660638.0143812,2059,0,10
1778660638.0170271,2157,0,10
1778660638.0231218,2318,0,10
1778660638.025731,2156,0,10
1778660638.025936,1975,0,10
1778660638.02618,2094,0,10
1778660638.0284648,2154,0,10
1778660638.030057,2380,0,10
1778660638.035132,2476,0,10
1778660638.0355341,2297,0,10
1778660638.035699,2088,0,10
1778660638.038228,1947,0,10
1778660638.038387,2005,0,10
1778660638.040996,2029,0,10
1778660638.04239,1951,0,10
1778660638.046952,2105,0,10
1778660638.047151,2223,0,10
1778660638.0486898,2133,0,10
1778660638.051699,2077,0,10
1778660638.0544388,2036,0,10
1778660638.0546508,2041,0,10
1778660638.058688,1991,0,10
1778660638.0588531,1856,0,10
1778660638.061344,1998,0,10
1778660638.0627131,2244,0,10
1778660638.06521,2326,0,10
1778660638.066543,2164,0,10
1778660638.069094,2044,0,10
1778660638.070421,1963,0,10
1778660638.077771,2125,0,10
1778660638.080203,1975,0,10
1778660638.08184,1906,0,10
1778660638.0824199,2176,0,10
1778660638.0828931,2516,0,10
1778660638.083453,2341,0,10
1778660638.085054,1997,0,10
1778660638.087254,1541,0,10
1778660638.0902731,1965,0,10
1778660638.091108,2386,0,10
1778660638.0933812,2240,0,10
1778660638.094711,2002,0,10
1778660638.097345,1903,0,10
1778660638.104188,2049,0,10
1778660638.106668,2320,0,10
1778660638.108673,2142,0,10
1778660638.109729,2164,0,10
1778660638.11028,2159,0,10
1778660638.1105468,1902,0,10
1778660638.111068,2062,0,10
1778660638.11681,2285,0,10
1778660638.117121,2332,0,10
1778660638.117381,2157,0,10
1778660638.119476,2093,0,10
1778660638.120896,2056,0,10
1778660638.122436,2075,0,10
1778660638.125206,1931,0,10
1778660638.1267788,1878,0,10
1778660638.1283982,1977,0,10
1778660638.1360881,2206,0,10
1778660638.13794,2120,0,10
1778660638.139599,2089,0,10
1778660638.1398551,1986,0,10
1778660638.141717,2070,0,10
1778660638.142803,1994,0,10
1778660638.1433978,1857,0,10
1778660638.1468868,1870,0,10
1778660638.1498601,2205,0,10
1778660638.149966,2195,0,10
1778660638.1526191,2158,0,10
1778660638.152935,2073,0,10
1778660638.155574,2084,0,10
1778660638.156977,2070,0,10
1778660638.16303,1913,0,10
1778660638.16656,1953,0,10
1778660638.1683881,2168,0,10
1778660638.168876,2320,0,10
1778660638.170021,2162,0,10
1778660638.1710641,2005,0,10
1778660638.171689,2001,0,10
1778660638.17423,2070,0,10
1778660638.177462,1965,0,10
1778660638.1778939,1975,0,10
1778660638.1803951,2128,0,10
1778660638.180456,2258,0,10
1778660638.183088,2177,0,10
1778660638.1844108,2079,0,10
1778660638.1870809,1996,0,10
1778660638.18841,2078,0,10
1778660638.191367,2043,0,10
1778660638.198271,1941,0,10
1778660638.199811,2042,0,10
1778660638.200054,2168,0,10
1778660638.200246,2114,0,10
1778660638.202503,2013,0,10
1778660638.20322,1853,0,10
1778660638.2048929,1943,0,10
1778660638.207554,2017,0,10
1778660638.2103522,2000,0,10
1778660638.210578,2179,0,10
1778660638.2129102,2267,0,10
1778660638.215565,2312,0,10
1778660638.216897,2127,0,10
1778660638.218637,2077,0,10
1778660638.224517,2096,0,10
1778660638.224756,2150,0,10
1778660638.227335,1983,0,10
1778660638.227562,1875,0,10
1778660638.230011,1997,0,10
1778660638.232013,2259,0,10
1778660638.236971,2195,0,10
1778660638.237331,2099,0,10
1778660638.237679,2046,0,10
1778660638.239699,2072,0,10
1778660638.241045,1985,0,10
1778660638.2423942,1931,0,10
1778660638.245037,1947,0,10
1778660638.2464159,2132,0,10
1778660638.249046,2185,0,10
1778660638.250387,2084,0,10
1778660638.256958,2018,0,10
1778660638.257665,2043,0,10
1778660638.257795,2105,0,10
1778660638.260538,1910,0,10
1778660638.2622468,1931,0,10
1778660638.2632508,2108,0,10
1778660638.265451,2305,0,10
1778660638.270695,2110,0,10
1778660638.2713091,2025,0,10
1778660638.271617,1951,0,10
1778660638.273664,2028,0,10
1778660638.27482,1983,0,10
1778660638.277256,1900,0,10
1778660638.278624,2077,0,10
1778660638.284729,2293,0,10
1778660638.2863019,2249,0,10
1778660638.286913,2120,0,10
1778660638.2887511,2061,0,10
1778660638.291256,2158,0,10
1778660638.291831,2082,0,10
1778660638.293482,1987,0,10
1778660638.295499,2060,0,10
1778660638.2985559,2259,0,10
1778660638.2988338,2223,0,10
1778660638.301186,1998,0,10
1778660638.3025029,1945,0,10
1778660638.305061,1970,0,10
1778660638.306453,2096,0,10
1778660638.3090181,1987,0,10
1778660638.312014,1936,0,10
1778660638.3170712,2121,0,10
1778660638.317609,2237,0,10
1778660638.3181272,2149,0,10
1778660638.3202372,2115,0,10
1778660638.3232372,2096,0,10
1778660638.324436,2308,0,10
1778660638.3255198,2102,0,10
1778660638.327938,1895,0,10
1778660638.331157,2047,0,10
1778660638.331587,2267,0,10
1778660638.3343291,2213,0,10
1778660638.334403,2036,0,10
1778660638.337065,2000,0,10
1778660638.338441,1966,0,10
1778660638.343992,2078,0,10
1778660638.347127,2008,0,10
1778660638.3499,2123,0,10
1778660638.350507,2197,0,10
1778660638.351668,2054,0,10
1778660638.352248,2115,0,10
1778660638.3532171,2237,0,10
1778660638.354912,2219,0,10
1778660638.357884,1903,0,10
1778660638.360746,1720,0,10
1778660638.360786,1945,0,10
1778660638.363426,2243,0,10
1778660638.364531,2407,0,10
1778660638.367154,2123,0,10
1778660638.3684878,2000,0,10
1778660638.3715122,1951,0,10
1778660638.378092,2194,0,10
1778660638.380219,2031,0,10
1778660638.382733,1881,0,10
1778660638.383856,2043,0,10
1778660638.384046,2260,0,10
1778660638.3851452,2219,0,10
1778660638.385407,2143,0,10
1778660638.390953,2008,0,10
1778660638.391197,2022,0,10
1778660638.391346,2006,0,10
1778660638.394016,1933,0,10
1778660638.395427,2084,0,10
1778660638.3967621,2207,0,10
1778660638.404775,2190,0,10
1778660638.405411,2059,0,10
1778660638.407409,2015,0,10
1778660638.4078321,1973,0,10
1778660638.4080372,2053,0,10
1778660638.409693,1904,0,10
1778660638.411746,1979,0,10
1778660638.414151,2163,0,10
1778660638.4171362,2283,0,10
1778660638.417281,2061,0,10
1778660638.4195871,2029,0,10
1778660638.4209,1996,0,10
1778660638.423489,2090,0,10
1778660638.424791,1972,0,10
1778660638.427349,1863,0,10
1778660638.428649,2001,0,10
1778660638.435552,2229,0,10
1778660638.4360561,2205,0,10
1778660638.4383419,2051,0,10
1778660638.4385269,1984,0,10
1778660638.438689,2018,0,10
1778660638.4410949,2060,0,10
1778660638.4430459,1980,0,10
1778660638.444774,2086,0,10
1778660638.447737,2188,0,10
1778660638.450092,2248,0,10
1778660638.451395,2122,0,10
1778660638.4528608,2009,0,10
1778660638.45948,1986,0,10
1778660638.459983,2032,0,10
1778660638.4624279,1929,0,10
1778660638.462647,1955,0,10
1778660638.4645529,2093,0,10
1778660638.46575,2342,0,10
1778660638.467286,2158,0,10
1778660638.47137,2087,0,10
1778660638.471589,2054,0,10
1778660638.473591,2050,0,10
1778660638.4748979,2076,0,10
1778660638.4775648,1997,0,10
1778660638.478966,2166,0,10
1778660638.480296,2318,0,10
1778660638.4828842,2210,0,10
1778660638.489717,2112,0,10
1778660638.491211,1961,0,10
1778660638.491738,2064,0,10
1778660638.4938612,2121,0,10
1778660638.494796,1933,0,10
1778660638.495279,2048,0,10
1778660638.4978912,2127,0,10
1778660638.500494,2255,0,10
1778660638.500625,2191,0,10
1778660638.502795,2069,0,10
1778660638.505376,2076,0,10
1778660638.5066712,2094,0,10
1778660638.511408,1914,0,10
1778660638.5129972,1984,0,10
1778660638.514394,2103,0,10
1778660638.5161972,2297,0,10
1778660638.517941,2186,0,10
1778660638.522453,2044,0,10
1778660638.522681,2022,0,10
1778660638.523031,2178,0,10
1778660638.525268,2092,0,10
1778660638.526598,2069,0,10
1778660638.529061,2195,0,10
1778660638.530358,2267,0,10
1778660638.532919,2188,0,10
1778660638.539328,2131,0,10
1778660638.542156,2075,0,10
1778660638.5423648,2106,0,10
1778660638.542654,2105,0,10
1778660638.544627,1899,0,10
1778660638.5451021,1922,0,10
1778660638.546896,2217,0,10
1778660638.550751,2277,0,10
1778660638.550881,2254,0,10
1778660638.553077,2108,0,10
1778660638.554388,1980,0,10
1778660638.55698,1986,0,10
1778660638.561616,1901,0,10
1778660638.56244,2004,0,10
1778660638.563324,2104,0,10
1778660638.5669389,2214,0,10
1778660638.5676968,2186,0,10
1778660638.570127,2083,0,10
1778660638.572696,2113,0,10
1778660638.5730739,2239,0,10
1778660638.575348,2187,0,10
1778660638.576679,1844,0,10
1778660638.579255,2128,0,10
1778660638.580556,2373,0,10
1778660638.583211,2335,0,10
1778660638.584509,2121,0,10
1778660638.588897,1683,0,10
1778660638.589368,2087,0,10
1778660638.590864,2008,0,10
1778660638.594172,1902,0,10
1778660638.594955,2133,0,10
1778660638.597814,2125,0,10
1778660638.600405,2114,0,10
1778660638.600638,2021,0,10
1778660638.602846,2089,0,10
1778660638.6042838,2031,0,10
1778660638.610952,1932,0,10
1778660638.611389,1955,0,10
1778660638.6114821,2215,0,10
1778660638.613727,2258,0,10
1778660638.6164281,2241,0,10
1778660638.6173282,2040,0,10
1778660638.621679,1958,0,10
1778660638.622108,2040,0,10
1778660638.6223218,1931,0,10
1778660638.6244018,1916,0,10
1778660638.626966,2047,0,10
1778660638.628267,2093,0,10
1778660638.630823,2179,0,10
1778660638.6333802,2068,0,10
1778660638.6386402,2080,0,10
1778660638.638784,2073,0,10
1778660638.6392179,2041,0,10
1778660638.6414988,1956,0,10
1778660638.643529,1808,0,10
1778660638.6456718,1878,0,10
1778660638.649407,2072,0,10
1778660638.649601,2230,0,10
1778660638.651764,2081,0,10
1778660638.6530628,1957,0,10
1778660638.6543539,2115,0,10
1778660638.660474,2141,0,10
1778660638.660921,1998,0,10
1778660638.661429,1934,0,10
1778660638.663405,2070,0,10
1778660638.66538,2102,0,10
1778660638.6672251,2029,0,10
1778660638.668972,2036,0,10
1778660638.6713111,1978,0,10
1778660638.67346,2047,0,10
1778660638.674772,1913,0,10
1778660638.6773329,1925,0,10
1778660638.678668,1982,0,10
1778660638.6812549,2250,0,10
1778660638.682552,2172,0,10
1778660638.687862,2043,0,10
1778660638.687998,1937,0,10
1778660638.691487,1978,0,10
1778660638.692339,2073,0,10
1778660638.692748,1876,0,10
1778660638.695037,1901,0,10
1778660638.697151,2104,0,10
1778660638.6993248,2241,0,10
1778660638.700626,2130,0,10
1778660638.703367,2026,0,10
1778660638.70679,1951,0,10
1778660638.707263,2029,0,10
1778660638.709634,1893,0,10
1778660638.711458,1901,0,10
1778660638.713154,2073,0,10
1778660638.714772,2323,0,10
1778660638.716971,2109,0,10
1778660638.718622,2011,0,10
1778660638.7211819,1993,0,10
1778660638.722475,2028,0,10
1778660638.725038,1945,0,10
1778660638.72633,1917,0,10
1778660638.728876,1967,0,10
1778660638.735415,2175,0,10
1778660638.736713,2152,0,10
1778660638.736918,1992,0,10
1778660638.73837,1984,0,10
1778660638.738914,2061,0,10
1778660638.7408571,2039,0,10
1778660638.744396,1880,0,10
1778660638.7446258,1891,0,10
1778660638.746742,2106,0,10
1778660638.749313,2215,0,10
1778660638.7506292,2085,0,10
1778660638.75426,2024,0,10
1778660638.755341,1951,0,10
1778660638.75706,2046,0,10
1778660638.758533,1907,0,10
1778660638.764158,1932,0,10
1778660638.7643971,2125,0,10
1778660638.7645838,2177,0,10
1778660638.767313,2046,0,10
1778660638.768611,1991,0,10
1778660638.771214,1975,0,10
1778660638.772529,2025,0,10
1778660638.7750971,1952,0,10
1778660638.780001,1847,0,10
1778660638.780434,1986,0,10
1778660638.780905,2188,0,10
1778660638.7831612,2215,0,10
1778660638.784992,2075,0,10
1778660638.786884,1969,0,10
1778660638.7882729,1986,0,10
1778660638.790398,2038,0,10
1778660638.793329,1880,0,10
1778660638.794631,1952,0,10
1778660638.7971861,2138,0,10
1778660638.798479,2218,0,10
1778660638.801034,1998,0,10
1778660638.805892,1930,0,10
1778660638.8063302,2032,0,10
1778660638.808267,2075,0,10
1778660638.808367,1914,0,10
1778660638.8116338,1922,0,10
1778660638.815385,2038,0,10
1778660638.8156538,2178,0,10
1778660638.8172119,2038,0,10
1778660638.81852,2021,0,10
1778660638.8210702,1870,0,10
1778660638.8256168,1941,0,10
1778660638.826101,1999,0,10
1778660638.826538,1875,0,10
1778660638.828289,1985,0,10
1778660638.831448,2153,0,10
1778660638.8335428,2199,0,10
1778660638.835655,2069,0,10
1778660638.837743,1978,0,10
1778660638.839048,2000,0,10
1778660638.840339,1980,0,10
1778660638.842891,1949,0,10
1778660638.8441799,2009,0,10
1778660638.846739,2084,0,10
1778660638.848325,2147,0,10
1778660638.852691,2056,0,10
1778660638.853559,2027,0,10
1778660638.855598,1972,0,10
1778660638.857468,1987,0,10
1778660638.859205,1961,0,10
1778660638.8649,1902,0,10
1778660638.8661828,2060,0,10
1778660638.86625,2220,0,10
1778660638.8662999,2124,0,10
1778660638.868831,2010,0,10
1778660638.870204,2079,0,10
1778660638.877425,2058,0,10
1778660638.879794,1948,0,10
1778660638.881075,1887,0,10
1778660638.8820438,1978,0,10
1778660638.8826072,2183,0,10
1778660638.8827431,2250,0,10
1778660638.8866649,2026,0,10
1778660638.886848,1928,0,10
1778660638.889218,1967,0,10
1778660638.890561,2012,0,10
1778660638.893232,1924,0,10
1778660638.894625,1916,0,10
1778660638.8976152,2070,0,10
1778660638.898953,2202,0,10
1778660638.905806,2168,0,10
1778660638.907223,2020,0,10
1778660638.907378,1968,0,10
1778660638.907694,2103,0,10
1778660638.909544,1923,0,10
1778660638.911415,1932,0,10
1778660638.916245,2090,0,10
1778660638.916537,2246,0,10
1778660638.91694,2093,0,10
1778660638.919371,1923,0,10
1778660638.9207838,1943,0,10
1778660638.9239,2015,0,10
1778660638.929888,2007,0,10
1778660638.931412,1870,0,10
1778660638.932852,1970,0,10
1778660638.933434,2122,0,10
1778660638.9369721,2154,0,10
1778660638.939769,2081,0,10
1778660638.942424,1974,0,10
1778660638.942921,1990,0,10
1778660638.9432478,2027,0,10
1778660638.9456608,1922,0,10
1778660638.945751,2027,0,10
1778660638.947073,2160,0,10
1778660638.9484348,2198,0,10
1778660638.951529,2075,0,10
1778660638.952894,2050,0,10
1778660638.9547362,2046,0,10
1778660638.956171,2032,0,10
1778660638.9616818,1881,0,10
1778660638.962829,1873,0,10
1778660638.963475,2003,0,10
1778660638.965452,2247,0,10
1778660638.96877,2131,0,10
1778660638.969337,2010,0,10
1778660638.97189,1980,0,10
1778660638.974314,2100,0,10
1778660638.974725,1976,0,10
1778660638.977171,1866,0,10
1778660638.978504,1887,0,10
1778660638.981097,2192,0,10
1778660638.9824672,2188,0,10
1778660638.988817,2049,0,10
1778660638.990256,2012,0,10
1778660638.990525,2041,0,10
1778660638.990749,1992,0,10
1778660638.995445,1863,0,10
1778660638.996992,1955,0,10
1778660638.999467,2145,0,10
1778660638.999726,2266,0,10
1778660639.0027368,2107,0,10
1778660639.002839,1966,0,10
1778660639.004205,1943,0,10
1778660639.0068,2012,0,10
1778660639.008275,1950,0,10
1778660639.010923,1881,0,10
1778660639.012259,2078,0,10
1778660639.0185091,2254,0,10
1778660639.019646,2123,0,10
1778660639.021773,1996,0,10
1778660639.0220108,1984,0,10
1778660639.022272,2064,0,10
1778660639.025739,2007,0,10
1778660639.031348,1943,0,10
1778660639.031873,2017,0,10
1778660639.034629,2217,0,10
1778660639.034678,2199,0,10
1778660639.034713,2026,0,10
1778660639.037455,1938,0,10
1778660639.039291,1968,0,10
1778660639.045669,2014,0,10
1778660639.046842,1909,0,10
1778660639.047552,1904,0,10
1778660639.0492768,2094,0,10
1778660639.052147,2220,0,10
1778660639.053364,2101,0,10
1778660639.0534961,1965,0,10
1778660639.056354,1975,0,10
1778660639.056565,2077,0,10
1778660639.059226,1937,0,10
1778660639.0614169,1929,0,10
1778660639.0627909,2061,0,10
1778660639.064119,2228,0,10
1778660639.0667908,2145,0,10
1778660639.068235,2045,0,10
1778660639.070894,1969,0,10
1778660639.072333,2043,0,10
1778660639.080554,1964,0,10
1778660639.081134,1890,0,10
1778660639.0812879,1972,0,10
1778660639.08381,2174,0,10
1778660639.086401,2189,0,10
1778660639.0881631,2009,0,10
1778660639.0888,1985,0,10
1778660639.093525,2023,0,10
1778660639.093772,2031,0,10
1778660639.094336,1925,0,10
1778660639.094677,1953,0,10
1778660639.097184,2099,0,10
1778660639.0985339,2242,0,10
1778660639.101162,2072,0,10
1778660639.102496,1946,0,10
1778660639.108195,1967,0,10
1778660639.108806,2096,0,10
1778660639.109364,2012,0,10
1778660639.111218,1931,0,10
1778660639.1144671,2063,0,10
1778660639.115159,2251,0,10
1778660639.117926,2153,0,10
1778660639.1203809,2017,0,10
1778660639.1206348,1968,0,10
1778660639.122677,1995,0,10
1778660639.1253738,1995,0,10
1778660639.126733,1885,0,10
1778660639.1281438,1977,0,10
1778660639.130839,2174,0,10
1778660639.1321878,2219,0,10
1778660639.134994,2058,0,10
1778660639.140689,2001,0,10
1778660639.140846,2001,0,10
1778660639.1414368,2075,0,10
1778660639.143733,1841,0,10
1778660639.146925,1877,0,10
1778660639.147615,2037,0,10
1778660639.150522,2320,0,10
1778660639.1506948,2143,0,10
1778660639.153297,2031,0,10
1778660639.155852,2017,0,10
1778660639.1572008,2098,0,10
1778660639.15853,1999,0,10
1778660639.1664572,1945,0,10
1778660639.168941,2022,0,10
1778660639.1693099,1999,0,10
1778660639.171034,2009,0,10
1778660639.1714969,2063,0,10
1778660639.1726239,2120,0,10
1778660639.17412,2116,0,10
1778660639.174666,2017,0,10
1778660639.176831,1937,0,10
1778660639.179577,1997,0,10
1778660639.182135,2180,0,10
1778660639.182205,2048,0,10
1778660639.184829,1911,0,10
1778660639.187215,1848,0,10
1778660639.188643,1961,0,10
1778660639.191139,2030,0,10
1778660639.192461,1869,0,10
1778660639.198762,1901,0,10
1778660639.201675,2318,0,10
1778660639.201955,2441,0,10
1778660639.204152,2319,0,10
1778660639.204745,2113,0,10
1778660639.205834,2005,0,10
1778660639.209444,1999,0,10
1778660639.2118678,1851,0,10
1778660639.212259,1707,0,10
1778660639.212503,2044,0,10
1778660639.214551,2258,0,10
1778660639.217205,2248,0,10
1778660639.218532,1910,0,10
1778660639.224789,1698,0,10
1778660639.2254589,2149,0,10
1778660639.2283509,2275,0,10
1778660639.228699,1947,0,10
1778660639.2289789,1984,0,10
1778660639.231023,2195,0,10
1778660639.2361321,2349,0,10
1778660639.239007,1491,0,10
1778660639.239357,1819,0,10
1778660639.2398999,2496,0,10
1778660639.2418802,2160,0,10
1778660639.243257,1829,0,10
1778660639.244637,1945,0,10
1778660639.247395,2023,0,10
1778660639.2487931,1997,0,10
1778660639.250255,2056,0,10
1778660639.252925,2340,0,10
1778660639.2545862,2262,0,10
1778660639.259845,2037,0,10
1778660639.2608051,1651,0,10
1778660639.2609768,1620,0,10
1778660639.263225,2043,0,10
1778660639.26547,2243,0,10
1778660639.267371,2470,0,10
1778660639.26938,2206,0,10
1778660639.2719328,1924,0,10
1778660639.273948,1743,0,10
1778660639.275257,1923,0,10
1778660639.276556,2136,0,10
1778660639.2791371,2315,0,10
1778660639.28435,2277,0,10
1778660639.284819,2244,0,10
1778660639.287147,1942,0,10
1778660639.287508,1740,0,10
1778660639.289769,1809,0,10
1778660639.2914188,1921,0,10
1778660639.293785,1709,0,10
1778660639.296452,2015,0,10
1778660639.2991402,2163,0,10
1778660639.299259,2343,0,10
1778660639.3007019,2137,0,10
1778660639.302088,2099,0,10
1778660639.305123,2067,0,10
1778660639.30653,2148,0,10
1778660639.3091562,1964,0,10
1778660639.310752,1780,0,10
1778660639.317014,1858,0,10
1778660639.318954,2059,0,10
1778660639.320908,2062,0,10
1778660639.321045,2097,0,10
1778660639.323749,2007,0,10
1778660639.328599,2105,0,10
1778660639.32884,2073,0,10
1778660639.32921,1840,0,10
1778660639.3314712,1947,0,10
1778660639.331824,2200,0,10
1778660639.333164,2296,0,10
1778660639.334908,2065,0,10
1778660639.336422,1898,0,10
1778660639.342519,1936,0,10
1778660639.342726,1991,0,10
1778660639.343712,1918,0,10
1778660639.347824,1877,0,10
1778660639.349306,2151,0,10
1778660639.354732,2242,0,10
1778660639.3549151,2046,0,10
1778660639.355316,1955,0,10
1778660639.355562,1990,0,10
1778660639.358203,2096,0,10
1778660639.3585222,1992,0,10
1778660639.3611789,1919,0,10
1778660639.362499,1980,0,10
1778660639.365081,2135,0,10
1778660639.366459,2267,0,10
1778660639.36928,2127,0,10
1778660639.374655,1927,0,10
1778660639.374922,2007,0,10
1778660639.376281,2030,0,10
1778660639.376396,1917,0,10
1778660639.378304,1974,0,10
1778660639.380394,2083,0,10
1778660639.387033,2162,0,10
1778660639.3876579,2043,0,10
1778660639.387867,2114,0,10
1778660639.390272,2068,0,10
1778660639.3903098,2034,0,10
1778660639.392883,1900,0,10
1778660639.394194,1847,0,10
1778660639.400322,1729,0,10
1778660639.400854,2252,0,10
1778660639.402137,2251,0,10
1778660639.4037719,2008,0,10
1778660639.406972,1899,0,10
1778660639.407517,1968,0,10
1778660639.412192,1963,0,10
1778660639.4125109,2047,0,10
1778660639.412844,1985,0,10
1778660639.414648,2337,0,10
1778660639.4160058,2262,0,10
1778660639.418504,1940,0,10
1778660639.421082,1850,0,10
1778660639.422388,1838,0,10
1778660639.424951,1966,0,10
1778660639.4301598,1841,0,10
1778660639.43084,1952,0,10
1778660639.430937,2335,0,10
1778660639.433276,2121,0,10
1778660639.435374,2035,0,10
1778660639.4388852,2060,0,10
1778660639.441244,2058,0,10
1778660639.441358,2169,0,10
1778660639.443873,2133,0,10
1778660639.445177,2008,0,10
1778660639.446489,2107,0,10
1778660639.455977,2228,0,10
1778660639.458657,1975,0,10
1778660639.4595609,1831,0,10
1778660639.4604301,1666,0,10
1778660639.461003,1943,0,10
1778660639.466756,2065,0,10
1778660639.467445,1682,0,10
1778660639.467521,1980,0,10
1778660639.467573,2436,0,10
1778660639.4676218,1888,0,10
1778660639.4689658,2132,0,10
1778660639.470334,2021,0,10
1778660639.473322,1866,0,10
1778660639.476543,2280,0,10
1778660639.476577,2248,0,10
1778660639.478204,1952,0,10
1778660639.485745,1760,0,10
1778660639.4907289,2376,0,10
1778660639.4926772,2322,0,10
1778660639.495161,2186,0,10
1778660639.495308,2089,0,10
1778660639.495501,2095,0,10
1778660639.495735,1856,0,10
1778660639.4959092,1785,0,10
1778660639.497612,1971,0,10
1778660639.498954,2212,0,10
1778660639.500256,2131,0,10
1778660639.502951,2025,0,10
1778660639.50723,1882,0,10
1778660639.508142,1957,0,10
1778660639.508349,1978,0,10
1778660639.510305,1909,0,10
1778660639.512749,1986,0,10
1778660639.514604,2083,0,10
1778660639.516181,1762,0,10
1778660639.518848,2001,0,10
1778660639.52094,1756,0,10
1778660639.5223591,1977,0,10
1778660639.524935,1696,0,10
1778660639.526294,1735,0,10
1778660639.528887,2195,0,10
1778660639.530188,2481,0,10
1778660639.536872,2656,0,10
1778660639.537664,2430,0,10
1778660639.5390131,2204,0,10
1778660639.539152,2044,0,10
1778660639.541038,1812,0,10
1778660639.543513,2000,0,10
1778660639.549634,2223,0,10
1778660639.549922,2067,0,10
1778660639.549958,2088,0,10
1778660639.5500538,1883,0,10
1778660639.5526478,2071,0,10
1778660639.5541692,2065,0,10
1778660639.558292,2039,0,10
1778660639.55926,2031,0,10
1778660639.562764,1822,0,10
1778660639.5635478,1851,0,10
1778660639.5649338,1873,0,10
1778660639.567081,1987,0,10
1778660639.5692842,1346,0,10
1778660639.571593,1796,0,10
1778660639.57283,2561,0,10
1778660639.574296,2273,0,10
1778660639.5768902,1877,0,10
1778660639.578187,1731,0,10
1778660639.580745,2078,0,10
1778660639.5857239,1809,0,10
1778660639.5862012,2592,0,10
1778660639.587104,2546,0,10
1778660639.588869,2404,0,10
1778660639.5912168,1753,0,10
1778660639.594612,1784,0,10
1778660639.5947788,2027,0,10
1778660639.597356,2199,0,10
1778660639.599489,2393,0,10
1778660639.600797,2118,0,10
1778660639.6020951,1874,0,10
1778660639.60772,1654,0,10
1778660639.609046,1883,0,10
1778660639.609547,2027,0,10
1778660639.61268,1832,0,10
1778660639.613149,1878,0,10
1778660639.616218,1968,0,10
1778660639.6164422,2107,0,10
1778660639.6188102,2121,0,10
1778660639.6209338,2007,0,10
1778660639.6222699,2142,0,10
1778660639.6248372,1824,0,10
1778660639.626139,1968,0,10
1778660639.628706,1943,0,10
1778660639.630039,2170,0,10
1778660639.635235,2154,0,10
1778660639.635977,1887,0,10
1778660639.63644,2034,0,10
1778660639.639648,1373,0,10
1778660639.6413271,1979,0,10
1778660639.643353,1778,0,10
1778660639.6459048,2332,0,10
1778660639.6461709,2411,0,10
1778660639.6483898,2399,0,10
1778660639.6509461,2122,0,10
1778660639.652247,1756,0,10
1778660639.656748,1995,0,10
1778660639.656996,2292,0,10
1778660639.659669,2124,0,10
1778660639.661389,1719,0,10
1778660639.6632252,1825,0,10
1778660639.665438,2076,0,10
1778660639.669423,2118,0,10
1778660639.670023,2006,0,10
1778660639.670059,1906,0,10
1778660639.6726131,1889,0,10
1778660639.674015,1768,0,10
1778660639.676599,1890,0,10
1778660639.682886,1898,0,10
1778660639.6836128,2171,0,10
1778660639.683745,2321,0,10
1778660639.686008,2159,0,10
1778660639.687914,2020,0,10
1778660639.688329,1914,0,10
1778660639.691287,1810,0,10
1778660639.693535,1851,0,10
1778660639.69571,1675,0,10
1778660639.697021,1372,0,10
1778660639.698314,2094,0,10
1778660639.704021,2068,0,10
1778660639.704417,1973,0,10
1778660639.706336,2092,0,10
1778660639.706511,2003,0,10
1778660639.708405,1839,0,10
1778660639.713741,1832,0,10
1778660639.714113,2482,0,10
1778660639.7143838,2463,0,10
1778660639.717099,2222,0,10
1778660639.718407,1957,0,10
1778660639.7209752,1947,0,10
1778660639.722284,1990,0,10
1778660639.724853,1989,0,10
1778660639.7298748,1709,0,10
1778660639.729952,1659,0,10
1778660639.730736,1976,0,10
1778660639.732262,2254,0,10
1778660639.735759,2116,0,10
1778660639.7375412,1986,0,10
1778660639.7418492,1998,0,10
1778660639.741908,1772,0,10
1778660639.741993,1777,0,10
1778660639.744564,2077,0,10
1778660639.750937,2153,0,10
1778660639.752447,2148,0,10
1778660639.7526422,2121,0,10
1778660639.7527769,1813,0,10
1778660639.7549639,1585,0,10
1778660639.757799,2364,0,10
1778660639.760103,2446,0,10
1778660639.7603252,2008,0,10
1778660639.762914,1955,0,10
1778660639.764208,2081,0,10
1778660639.766758,2192,0,10
1778660639.7680519,2068,0,10
1778660639.7706082,2035,0,10
1778660639.772019,2085,0,10
1778660639.776635,1951,0,10
1778660639.776774,1858,0,10
1778660639.778629,1892,0,10
1778660639.7808452,2128,0,10
1778660639.78252,2269,0,10
1778660639.7861319,2163,0,10
1778660639.786195,2047,0,10
1778660639.78847,1979,0,10
1778660639.7910259,2040,0,10
1778660639.7923148,1886,0,10
1778660639.796905,1794,0,10
1778660639.7973492,1941,0,10
1778660639.801182,2268,0,10
1778660639.80204,2282,0,10
1778660639.8025138,2050,0,10
1778660639.807384,2004,0,10
1778660639.807905,2119,0,10
1778660639.808086,2049,0,10
1778660639.81088,1912,0,10
1778660639.8121731,2025,0,10
1778660639.814743,2316,0,10
1778660639.8160472,2274,0,10
1778660639.8185978,2077,0,10
1778660639.8232162,1968,0,10
1778660639.824739,1988,0,10
1778660639.8263092,2073,0,10
1778660639.826446,2072,0,10
1778660639.8295958,2017,0,10
1778660639.833975,2125,0,10
1778660639.834357,2251,0,10
1778660639.8365629,2180,0,10
1778660639.8366468,2097,0,10
1778660639.837954,1971,0,10
1778660639.8406389,2108,0,10
1778660639.84672,2031,0,10
1778660639.848182,1959,0,10
1778660639.850473,2140,0,10
1778660639.852642,2247,0,10
1778660639.8527749,2006,0,10
1778660639.85481,2014,0,10
1778660639.8549702,2029,0,10
1778660639.857294,2163,0,10
1778660639.8597,2060,0,10
1778660639.861069,1838,0,10
1778660639.862426,1880,0,10
1778660639.865111,2214,0,10
1778660639.866506,2276,0,10
1778660639.8679838,2000,0,10
1778660639.874858,1937,0,10
1778660639.8763268,2053,0,10
1778660639.8780348,2177,0,10
1778660639.8804421,1860,0,10
1778660639.882586,1994,0,10
1778660639.8847518,2270,0,10
1778660639.887572,2403,0,10
1778660639.887944,2069,0,10
1778660639.8903658,1847,0,10
1778660639.89063,2054,0,10
1778660639.890688,2157,0,10
1778660639.893177,2029,0,10
1778660639.8945699,2011,0,10
1778660639.9023108,2160,0,10
1778660639.9026382,2226,0,10
1778660639.902854,2268,0,10
1778660639.905534,2160,0,10
1778660639.906029,2020,0,10
1778660639.907489,2067,0,10
1778660639.911555,1931,0,10
1778660639.9143171,1873,0,10
1778660639.914515,2056,0,10
1778660639.914943,2246,0,10
1778660639.917364,2228,0,10
1778660639.918824,2092,0,10
1778660639.920318,1989,0,10
1778660639.92289,2042,0,10
1778660639.924202,2080,0,10
1778660639.926847,1999,0,10
1778660639.932142,1970,0,10
1778660639.932768,2046,0,10
1778660639.933381,2168,0,10
1778660639.9358752,2006,0,10
1778660639.938266,1880,0,10
1778660639.939726,1948,0,10
1778660639.9448352,2241,0,10
1778660639.9451609,2232,0,10
1778660639.945587,2033,0,10
1778660639.947849,2112,0,10
1778660639.948172,2385,0,10
1778660639.9507608,2329,0,10
1778660639.952229,2143,0,10
1778660639.958743,2058,0,10
1778660639.9629068,2081,0,10
1778660639.96358,1960,0,10
1778660639.9666471,1823,0,10
1778660639.971606,1753,0,10
1778660639.971931,1854,0,10
1778660639.9719949,2003,0,10
1778660639.972045,1904,0,10
1778660639.972092,2131,0,10
1778660639.972196,2302,0,10
1778660639.974854,2241,0,10
1778660639.976288,2015,0,10
1778660639.978933,2084,0,10
1778660639.980271,2253,0,10
1778660639.987638,2436,0,10
1778660639.9889688,2231,0,10
1778660639.9896781,2083,0,10
1778660639.99169,2000,0,10
1778660639.992001,1841,0,10
1778660639.9927611,1821,0,10
1778660639.994781,1905,0,10
1778660639.997868,2097,0,10
1778660639.9999292,2409,0,10
1778660640.002866,2282,0,10
1778660640.005706,2098,0,10
1778660640.005763,1985,0,10
1778660640.005919,1967,0,10
1778660640.0087712,1849,0,10
1778660640.01129,1908,0,10
1778660640.0204039,1990,0,10
1778660640.020586,2078,0,10
1778660640.020963,2228,0,10
1778660640.021277,2254,0,10
1778660640.0235798,2076,0,10
1778660640.0240698,1935,0,10
1778660640.0242088,2049,0,10
1778660640.029879,2081,0,10
1778660640.030484,2068,0,10
1778660640.031144,2163,0,10
1778660640.033555,2059,0,10
1778660640.034901,1987,0,10
1778660640.036244,2178,0,10
1778660640.038877,1996,0,10
1778660640.040231,1908,0,10
1778660640.0428932,1973,0,10
1778660640.044288,2059,0,10
1778660640.0501041,2146,0,10
1778660640.05137,2240,0,10
1778660640.052047,2057,0,10
1778660640.0526688,2101,0,10
1778660640.0543559,2111,0,10
1778660640.057487,2008,0,10
1778660640.059655,1996,0,10
1778660640.061544,1974,0,10
1778660640.064383,1900,0,10
1778660640.064613,2097,0,10
1778660640.067127,2232,0,10
1778660640.068487,2109,0,10
1778660640.069918,2064,0,10
1778660640.0788789,2110,0,10
1778660640.081017,2076,0,10
1778660640.0833158,1914,0,10
1778660640.0838919,1828,0,10
1778660640.0841238,1923,0,10
1778660640.0867221,2288,0,10
1778660640.0886881,2220,0,10
1778660640.088834,2049,0,10
1778660640.089063,1955,0,10
1778660640.092064,2024,0,10
1778660640.092321,1969,0,10
1778660640.095038,1782,0,10
1778660640.096386,1998,0,10
1778660640.099055,2436,0,10
1778660640.100824,2249,0,10
1778660640.102268,1994,0,10
1778660640.104938,1916,0,10
1778660640.1062772,1987,0,10
1778660640.114037,2038,0,10
1778660640.1158762,2026,0,10
1778660640.116294,2060,0,10
1778660640.1193311,2110,0,10
1778660640.120946,2096,0,10
1778660640.126566,1894,0,10
1778660640.127007,1941,0,10
1778660640.1272058,2001,0,10
1778660640.127433,2001,0,10
1778660640.1276941,1997,0,10
1778660640.130122,1934,0,10
1778660640.130364,2077,0,10
1778660640.1329641,2385,0,10
1778660640.1342878,2212,0,10
1778660640.1433458,2111,0,10
1778660640.146106,2032,0,10
1778660640.148802,2103,0,10
1778660640.14899,2007,0,10
1778660640.149236,1922,0,10
1778660640.1511838,2067,0,10
1778660640.1540558,2241,0,10
1778660640.154382,2162,0,10
1778660640.154927,1968,0,10
1778660640.155285,1735,0,10
1778660640.157633,1820,0,10
1778660640.158983,2163,0,10
1778660640.160085,2029,0,10
1778660640.162719,1950,0,10
1778660640.164083,2089,0,10
1778660640.1667469,2230,0,10
1778660640.168086,2142,0,10
1778660640.1755478,2104,0,10
1778660640.1796339,2090,0,10
1778660640.180744,2072,0,10
1778660640.184342,1919,0,10
1778660640.187448,1935,0,10
1778660640.1881442,2090,0,10
1778660640.1882722,2249,0,10
1778660640.1902049,2103,0,10
1778660640.191015,1991,0,10
1778660640.191087,1894,0,10
1778660640.191139,2032,0,10
1778660640.1926541,2032,0,10
1778660640.193996,1883,0,10
1778660640.203852,2046,0,10
1778660640.20418,2305,0,10
1778660640.204427,2260,0,10
1778660640.2046552,2133,0,10
1778660640.206142,1978,0,10
1778660640.206727,2048,0,10
1778660640.2092621,2063,0,10
1778660640.21157,1905,0,10
1778660640.214654,1990,0,10
1778660640.215256,2187,0,10
1778660640.217365,2235,0,10
1778660640.218787,2053,0,10
1778660640.2226932,1927,0,10
1778660640.222929,2027,0,10
1778660640.224559,2108,0,10
1778660640.2268429,1975,0,10
1778660640.229214,1938,0,10
1778660640.2491782,2033,0,10
1778660640.2509,2239,0,10
1778660640.254059,2052,0,10
1778660640.254258,2006,0,10
1778660640.254891,2026,0,10
1778660640.255064,2047,0,10
1778660640.255637,1934,0,10
1778660640.255855,1921,0,10
1778660640.256453,2052,0,10
1778660640.257552,2175,0,10
1778660640.262205,2212,0,10
1778660640.262517,2174,0,10
1778660640.2628212,2161,0,10
1778660640.2629828,2166,0,10
1778660640.263375,1880,0,10
1778660640.265345,1815,0,10
1778660640.2662451,2052,0,10
1778660640.266324,2293,0,10
1778660640.266377,2241,0,10
1778660640.269093,2042,0,10
1778660640.270473,1989,0,10
1778660640.2781491,2009,0,10
1778660640.280174,2032,0,10
1778660640.2831302,1868,0,10
1778660640.283711,1954,0,10
1778660640.284158,2175,0,10
1778660640.284808,2284,0,10
1778660640.285732,2164,0,10
1778660640.290571,1995,0,10
1778660640.290807,2006,0,10
1778660640.291195,2253,0,10
1778660640.29383,2029,0,10
1778660640.293865,1953,0,10
1778660640.296618,1943,0,10
1778660640.297995,2197,0,10
1778660640.300559,2100,0,10
1778660640.3027651,1991,0,10
1778660640.30393,2002,0,10
1778660640.312504,2000,0,10
1778660640.314411,1809,0,10
1778660640.317184,1908,0,10
1778660640.317921,1974,0,10
1778660640.3193119,2084,0,10
1778660640.320065,2385,0,10
1778660640.3253062,2374,0,10
1778660640.325907,2016,0,10
1778660640.328806,1824,0,10
1778660640.328927,2218,0,10
1778660640.3289878,2093,0,10
1778660640.329055,1842,0,10
1778660640.3304489,2034,0,10
1778660640.331834,2203,0,10
1778660640.339678,2011,0,10
1778660640.340787,1947,0,10
1778660640.342834,2143,0,10
1778660640.344905,2090,0,10
1778660640.345411,1932,0,10
1778660640.346816,1961,0,10
1778660640.3473642,1972,0,10
1778660640.3497741,2113,0,10
1778660640.352523,2308,0,10
1778660640.3528252,2209,0,10
1778660640.355511,1773,0,10
1778660640.35687,1722,0,10
1778660640.3582,1915,0,10
1778660640.360804,2074,0,10
1778660640.3621771,1891,0,10
1778660640.364803,2296,0,10
1778660640.366143,2218,0,10
1778660640.372712,1983,0,10
1778660640.374819,1987,0,10
1778660640.37515,2095,0,10
1778660640.3779469,2076,0,10
1778660640.378512,1914,0,10
1778660640.379863,1916,0,10
1778660640.384893,2149,0,10
1778660640.385213,2239,0,10
1778660640.387611,2091,0,10
1778660640.387855,1926,0,10
1778660640.387891,1936,0,10
1778660640.3905659,1878,0,10
1778660640.3919098,1859,0,10
1778660640.396481,1930,0,10
1778660640.398479,1992,0,10
1778660640.400317,2179,0,10
1778660640.402349,2283,0,10
1778660640.4028952,2159,0,10
1778660640.405005,1992,0,10
1778660640.407419,2135,0,10
1778660640.4103649,1970,0,10
1778660640.410687,2032,0,10
1778660640.413034,2109,0,10
1778660640.414352,2166,0,10
1778660640.4169269,2172,0,10
1778660640.4182332,1883,0,10
1778660640.420796,2045,0,10
1778660640.422231,2048,0,10
1778660640.428224,1852,0,10
1778660640.429087,1898,0,10
1778660640.430069,1967,0,10
1778660640.431861,1931,0,10
1778660640.4319758,2165,0,10
1778660640.434884,2214,0,10
1778660640.4378948,2285,0,10
1778660640.438166,1915,0,10
1778660640.4410691,2131,0,10
1778660640.44339,1960,0,10
1778660640.444709,1890,0,10
1778660640.446017,2197,0,10
1778660640.4548879,2180,0,10
1778660640.455055,2114,0,10
1778660640.455182,1965,0,10
1778660640.456547,1844,0,10
1778660640.457273,1975,0,10
1778660640.4586601,1918,0,10
1778660640.460816,1912,0,10
1778660640.4631748,2036,0,10
1778660640.465472,2046,0,10
1778660640.466774,2173,0,10
1778660640.468077,2093,0,10
1778660640.470634,1984,0,10
1778660640.471945,2001,0,10
1778660640.474588,2158,0,10
1778660640.482523,1954,0,10
1778660640.4845388,1865,0,10
1778660640.485868,2065,0,10
1778660640.4876301,2233,0,10
1778660640.4920828,2018,0,10
1778660640.4926379,2013,0,10
1778660640.494555,1948,0,10
1778660640.494851,2035,0,10
1778660640.494886,2038,0,10
1778660640.4949162,1901,0,10
1778660640.496216,1997,0,10
1778660640.49894,2290,0,10
1778660640.503381,2203,0,10
1778660640.50418,2045,0,10
1778660640.507654,1958,0,10
1778660640.5084522,2045,0,10
1778660640.5097442,2000,0,10
1778660640.510176,1900,0,10
1778660640.512074,1997,0,10
1778660640.5166368,2124,0,10
1778660640.516673,2161,0,10
1778660640.517982,2147,0,10
1778660640.52054,2002,0,10
1778660640.521833,1923,0,10
1778660640.524389,2060,0,10
1778660640.525794,1980,0,10
1778660640.530987,1929,0,10
1778660640.5318131,2097,0,10
1778660640.532334,2258,0,10
1778660640.5354009,2145,0,10
1778660640.537915,2040,0,10
1778660640.539565,1974,0,10
1778660640.542091,2074,0,10
1778660640.5422819,1958,0,10
1778660640.544553,1848,0,10
1778660640.545851,2047,0,10
1778660640.5484002,2184,0,10
1778660640.553552,2217,0,10
1778660640.55408,2057,0,10
1778660640.554556,1996,0,10
1778660640.5560992,2013,0,10
1778660640.558059,2056,0,10
1778660640.561534,1936,0,10
1778660640.563976,2023,0,10
1778660640.56414,2074,0,10
1778660640.5663831,2261,0,10
1778660640.569004,2084,0,10
1778660640.5702999,1958,0,10
1778660640.5728881,1961,0,10
1778660640.574226,2009,0,10
1778660640.580677,1992,0,10
1778660640.581833,2047,0,10
1778660640.582367,2153,0,10
1778660640.583859,2341,0,10
1778660640.587327,2167,0,10
1778660640.5877419,2016,0,10
1778660640.5882251,1977,0,10
1778660640.592314,2084,0,10
1778660640.5926468,1999,0,10
1778660640.594908,1889,0,10
1778660640.596214,1946,0,10
1778660640.59878,2125,0,10
1778660640.603148,2141,0,10
1778660640.603242,2050,0,10
1778660640.606047,2037,0,10
1778660640.608196,2069,0,10
1778660640.6087198,2016,0,10
1778660640.6119208,1906,0,10
1778660640.614207,1948,0,10
1778660640.614481,2104,0,10
1778660640.616808,2192,0,10
1778660640.618111,2088,0,10
1778660640.620841,1960,0,10
1778660640.62215,1981,0,10
1778660640.6247108,2108,0,10
1778660640.6260412,1919,0,10
1778660640.6308732,1907,0,10
1778660640.63136,2090,0,10
1778660640.633711,2297,0,10
1778660640.635019,2164,0,10
1778660640.637332,2052,0,10
1778660640.641718,1993,0,10
1778660640.6420128,2048,0,10
1778660640.6421518,2023,0,10
1778660640.6442869,1940,0,10
1778660640.646859,1983,0,10
1778660640.648155,2161,0,10
1778660640.65288,2199,0,10
1778660640.653663,2109,0,10
1778660640.654508,1977,0,10
1778660640.657695,1939,0,10
1778660640.658964,2002,0,10
1778660640.663522,1925,0,10
1778660640.663764,2002,0,10
1778660640.6641002,2118,0,10
1778660640.666265,2206,0,10
1778660640.668847,2040,0,10
1778660640.670223,1980,0,10
1778660640.6727822,2014,0,10
1778660640.674081,2043,0,10
1778660640.680423,1912,0,10
1778660640.6812081,2015,0,10
1778660640.682871,2054,0,10
1778660640.684505,2217,0,10
1778660640.685296,2134,0,10
1778660640.687048,2054,0,10
1778660640.69104,2081,0,10
1778660640.691205,2079,0,10
1778660640.693289,1983,0,10
1778660640.694703,1861,0,10
1778660640.696003,1996,0,10
1778660640.702512,2172,0,10
1778660640.7039812,2188,0,10
1778660640.705913,2013,0,10
1778660640.7063522,1952,0,10
1778660640.7067661,2014,0,10
1778660640.70802,2048,0,10
1778660640.711638,1946,0,10
1778660640.7117581,1962,0,10
1778660640.714606,2192,0,10
1778660640.715897,2239,0,10
1778660640.7184498,2095,0,10
1778660640.719746,2037,0,10
1778660640.722301,1947,0,10
1778660640.7271612,1999,0,10
1778660640.727906,1979,0,10
1778660640.729509,1944,0,10
1778660640.7318552,2053,0,10
1778660640.7319748,2213,0,10
1778660640.736939,2131,0,10
1778660640.7372632,2061,0,10
1778660640.7388391,2022,0,10
1778660640.740198,2037,0,10
1778660640.742961,2037,0,10
1778660640.744301,1940,0,10
1778660640.746992,2026,0,10
1778660640.753449,2194,0,10
1778660640.755734,2221,0,10
1778660640.757942,2066,0,10
1778660640.7588859,1938,0,10
1778660640.764228,2004,0,10
1778660640.7648342,2057,0,10
1778660640.766926,1925,0,10
1778660640.767257,1934,0,10
1778660640.767353,2124,0,10
1778660640.7674398,2248,0,10
1778660640.7688231,2100,0,10
1778660640.770192,1988,0,10
1778660640.776509,1945,0,10
1778660640.777287,2063,0,10
1778660640.7785358,1955,0,10
1778660640.778712,1914,0,10
1778660640.780593,2072,0,10
1778660640.783825,2274,0,10
1778660640.7859871,2162,0,10
1778660640.786145,2068,0,10
1778660640.7884421,2000,0,10
1778660640.7907982,2061,0,10
1778660640.7921011,1976,0,10
1778660640.7944791,1881,0,10
1778660640.795773,1956,0,10
1778660640.806407,2195,0,10
1778660640.810231,2226,0,10
1778660640.812674,2096,0,10
1778660640.8133209,1992,0,10
1778660640.815414,2066,0,10
1778660640.815532,2088,0,10
1778660640.815647,1960,0,10
1778660640.8157618,1957,0,10
1778660640.815861,2107,0,10
1778660640.815965,2249,0,10
1778660640.81853,2122,0,10
1778660640.824218,2013,0,10
1778660640.826625,1970,0,10
1778660640.828663,2090,0,10
1778660640.82957,1988,0,10
1778660640.831226,1919,0,10
1778660640.835018,2042,0,10
1778660640.8357298,2228,0,10
1778660640.83779,2136,0,10
1778660640.837903,2052,0,10
1778660640.838015,1983,0,10
1778660640.840676,1979,0,10
1778660640.841878,1976,0,10
1778660640.8444622,1903,0,10
1778660640.845835,2012,0,10
1778660640.853091,2184,0,10
1778660640.855227,2200,0,10
1778660640.8577971,2075,0,10
1778660640.8589308,1987,0,10
1778660640.859437,2011,0,10
1778660640.859811,2089,0,10
1778660640.861234,1953,0,10
1778660640.863717,1960,0,10
1778660640.863909,2164,0,10
1778660640.866704,2230,0,10
1778660640.868008,2163,0,10
1778660640.874442,2024,0,10
1778660640.87655,1980,0,10
1778660640.876658,2082,0,10
1778660640.8768709,2056,0,10
1778660640.878397,1946,0,10
1778660640.880451,2096,0,10
1778660640.8842409,2291,0,10
1778660640.88609,2188,0,10
1778660640.886621,2025,0,10
1778660640.8879302,1963,0,10
1778660640.890657,2050,0,10
1778660640.892046,2020,0,10
1778660640.894958,1927,0,10
1778660640.896254,2014,0,10
1778660640.901991,2148,0,10
1778660640.903053,2166,0,10
1778660640.9032252,2082,0,10
1778660640.907926,2038,0,10
1778660640.9085681,2075,0,10
1778660640.909648,2048,0,10
1778660640.910211,1894,0,10
1778660640.914746,1958,0,10
1778660640.917214,2159,0,10
1778660640.917334,2255,0,10
1778660640.918724,2092,0,10
1778660640.920046,2111,0,10
1778660640.9275022,2024,0,10
1778660640.930963,2076,0,10
1778660640.931961,1995,0,10
1778660640.932086,1914,0,10
1778660640.932333,2014,0,10
1778660640.9332569,2215,0,10
1778660640.9358091,2201,0,10
1778660640.936079,2065,0,10
1778660640.938408,1999,0,10
1778660640.94095,2053,0,10
1778660640.9422789,2095,0,10
1778660640.943634,1911,0,10
1778660640.9463491,1964,0,10
1778660640.94769,2096,0,10
1778660640.95029,2238,0,10
1778660640.956795,2084,0,10
1778660640.957723,1944,0,10
1778660640.9593978,2032,0,10
1778660640.961324,2070,0,10
1778660640.962357,1922,0,10
1778660640.9634,1939,0,10
1778660640.966104,2123,0,10
1778660640.968482,2316,0,10
1778660640.968825,2123,0,10
1778660640.971167,2035,0,10
1778660640.972502,2003,0,10
1778660640.9738398,2089,0,10
1778660640.981374,1918,0,10
1778660640.9819698,1997,0,10
1778660640.983361,2050,0,10
1778660640.9836328,2179,0,10
1778660640.983872,2167,0,10
1778660640.9873228,2109,0,10
1778660640.991988,2010,0,10
1778660640.992361,2075,0,10
1778660640.992435,2036,0,10
1778660640.9947882,1918,0,10
1778660640.996154,1992,0,10
1778660640.99878,2217,0,10
1778660641.0001369,2250,0,10
1778660641.0028841,2062,0,10
1778660641.0043619,1961,0,10
1778660641.0097558,2000,0,10
1778660641.0109088,2041,0,10
1778660641.013636,1936,0,10
1778660641.0156128,1954,0,10
1778660641.016227,2104,0,10
1778660641.016868,2346,0,10
1778660641.0205498,2110,0,10
1778660641.0207,2004,0,10
1778660641.0233212,2001,0,10
1778660641.0259368,2096,0,10
1778660641.025998,1980,0,10
1778660641.02836,1923,0,10
1778660641.0296938,2051,0,10
1778660641.036096,2260,0,10
1778660641.0366871,2161,0,10
1778660641.0387058,2075,0,10
1778660641.0390809,2001,0,10
1778660641.041434,2019,0,10
1778660641.043535,1998,0,10
1778660641.0481222,1897,0,10
1778660641.048649,2038,0,10
1778660641.04883,2167,0,10
1778660641.051316,2252,0,10
1778660641.052643,2040,0,10
1778660641.0539038,1932,0,10
1778660641.056523,2039,0,10
1778660641.0580301,2107,0,10
1778660641.0596402,1960,0,10
1778660641.062369,1959,0,10
1778660641.068674,2075,0,10
1778660641.070543,2307,0,10
1778660641.0707579,2163,0,10
1778660641.071019,2057,0,10
1778660641.073419,2014,0,10
1778660641.075051,2088,0,10
1778660641.080203,2006,0,10
1778660641.0808342,1956,0,10
1778660641.083345,2030,0,10
1778660641.083415,2181,0,10
1778660641.084784,2162,0,10
1778660641.0861309,2068,0,10
1778660641.095788,1946,0,10
1778660641.098111,1996,0,10
1778660641.0986052,1974,0,10
1778660641.099216,1798,0,10
1778660641.103057,1983,0,10
1778660641.105684,2204,0,10
1778660641.10606,2334,0,10
1778660641.1062982,2106,0,10
1778660641.1066282,1918,0,10
1778660641.1069922,1895,0,10
1778660641.108941,2022,0,10
1778660641.110278,1935,0,10
1778660641.111665,1586,0,10
1778660641.114281,1782,0,10
1778660641.115634,2527,0,10
1778660641.1182358,2358,0,10
1778660641.119864,1900,0,10
1778660641.132419,1985,0,10
1778660641.133631,2284,0,10
1778660641.134729,2407,0,10
1778660641.1371741,2219,0,10
1778660641.139702,2115,0,10
1778660641.140339,2195,0,10
1778660641.140602,1733,0,10
1778660641.140901,1621,0,10
1778660641.141032,1937,0,10
1778660641.141116,1969,0,10
1778660641.143082,1648,0,10
1778660641.144453,1639,0,10
1778660641.145824,1044,0,10
1778660641.152651,2461,0,10
1778660641.153304,3322,0,10
1778660641.155211,2590,0,10
1778660641.1567621,2296,0,10
1778660641.1570299,2151,0,10
1778660641.160773,2435,0,10
1778660641.161907,2367,0,10
1778660641.162554,2111,0,10
1778660641.1643279,2022,0,10
1778660641.167027,2183,0,10
1778660641.169479,1945,0,10
1778660641.170816,1300,0,10
1778660641.1720068,1779,0,10
1778660641.174628,2304,0,10
1778660641.175978,2315,0,10
1778660641.1785889,1927,0,10
1778660641.1799018,1768,0,10
1778660641.185687,2293,0,10
1778660641.1876721,2406,0,10
1778660641.189387,2122,0,10
1778660641.1919832,1810,0,10
1778660641.194863,1926,0,10
1778660641.1993542,2013,0,10
1778660641.199727,1797,0,10
1778660641.199827,1814,0,10
1778660641.199956,2176,0,10
1778660641.200198,2207,0,10
1778660641.202819,2019,0,10
1778660641.204175,1986,0,10
1778660641.205566,2031,0,10
1778660641.213154,2147,0,10
1778660641.213683,1912,0,10
1778660641.216131,1773,0,10
1778660641.216349,2032,0,10
1778660641.2165911,2359,0,10
1778660641.219108,2148,0,10
1778660641.220783,1896,0,10
1778660641.223307,1832,0,10
1778660641.2281148,1949,0,10
1778660641.228819,1978,0,10
1778660641.2291148,1853,0,10
1778660641.2304819,2005,0,10
1778660641.231821,2267,0,10
1778660641.234442,2019,0,10
1778660641.2358022,2017,0,10
1778660641.238455,1923,0,10
1778660641.239818,1618,0,10
1778660641.246866,1988,0,10
1778660641.247064,1708,0,10
1778660641.247705,1587,0,10
1778660641.247926,2397,0,10
1778660641.2507598,2601,0,10
1778660641.252909,2423,0,10
1778660641.255033,2238,0,10
1778660641.257836,2130,0,10
1778660641.260577,2205,0,10
1778660641.260963,1864,0,10
1778660641.263595,1754,0,10
1778660641.2636821,1694,0,10
1778660641.265842,2192,0,10
1778660641.268639,2378,0,10
1778660641.2772422,2098,0,10
1778660641.2792141,2029,0,10
1778660641.280385,2166,0,10
1778660641.28191,2160,0,10
1778660641.282518,1711,0,10
1778660641.288469,1800,0,10
1778660641.291028,2517,0,10
1778660641.291171,1792,0,10
1778660641.29123,1777,0,10
1778660641.29136,1988,0,10
1778660641.291473,2095,0,10
1778660641.2916,2069,0,10
1778660641.294111,1999,0,10
1778660641.2965891,2289,0,10
1778660641.297987,2424,0,10
1778660641.300415,2377,0,10
1778660641.301847,1837,0,10
1778660641.313041,1554,0,10
1778660641.313111,1838,0,10
1778660641.313979,2047,0,10
1778660641.315806,1995,0,10
1778660641.316759,1927,0,10
1778660641.321089,2004,0,10
1778660641.321488,2243,0,10
1778660641.321783,2424,0,10
1778660641.32437,2180,0,10
1778660641.324799,2040,0,10
1778660641.3249469,2100,0,10
1778660641.326456,2037,0,10
1778660641.327803,1929,0,10
1778660641.330575,1961,0,10
1778660641.341759,2060,0,10
1778660641.345151,2038,0,10
1778660641.348292,1741,0,10
1778660641.350791,1404,0,10
1778660641.350946,1794,0,10
1778660641.351027,2133,0,10
1778660641.351081,2071,0,10
1778660641.351132,2120,0,10
1778660641.351182,1959,0,10
1778660641.351268,2265,0,10
1778660641.352618,2335,0,10
1778660641.3539681,2003,0,10
1778660641.356572,1791,0,10
1778660641.358099,1853,0,10
1778660641.360331,1802,0,10
1778660641.362016,1770,0,10
1778660641.372998,2177,0,10
1778660641.3732421,2221,0,10
1778660641.3751948,2153,0,10
1778660641.3832781,2087,0,10
1778660641.3834372,1972,0,10
1778660641.383478,1843,0,10
1778660641.383585,1644,0,10
1778660641.383667,2000,0,10
1778660641.383723,2245,0,10
1778660641.383774,1914,0,10
1778660641.3838239,1639,0,10
1778660641.386485,1671,0,10
1778660641.388934,2049,0,10
1778660641.396002,2330,0,10
1778660641.3976681,2333,0,10
1778660641.397931,2031,0,10
1778660641.400308,1960,0,10
1778660641.408732,2053,0,10
1778660641.409503,1977,0,10
1778660641.409622,865,0,10
1778660641.409682,2359,0,10
1778660641.409733,2695,0,10
1778660641.40978,2013,0,10
1778660641.409826,1641,0,10
1778660641.411653,1847,0,10
1778660641.414376,1973,0,10
1778660641.415732,2383,0,10
1778660641.418293,2598,0,10
1778660641.419627,2198,0,10
1778660641.425969,1595,0,10
1778660641.429169,1733,0,10
1778660641.4321332,1829,0,10
1778660641.433065,1812,0,10
1778660641.433665,1789,0,10
1778660641.434269,1086,0,10
1778660641.434913,2577,0,10
1778660641.436697,2549,0,10
1778660641.4419782,2239,0,10
1778660641.442113,1930,0,10
1778660641.442194,1926,0,10
1778660641.443518,1890,0,10
1778660641.445961,1638,0,10
1778660641.451275,1265,0,10
1778660641.453207,1970,0,10
1778660641.454845,2794,0,10
1778660641.4551308,2415,0,10
1778660641.457462,1830,0,10
1778660641.457628,1923,0,10
1778660641.4616861,1717,0,10
1778660641.461836,1698,0,10
1778660641.4645278,1870,0,10
1778660641.467051,2172,0,10
1778660641.468361,1585,0,10
1778660641.4696572,1826,0,10
1778660641.472246,1613,0,10
1778660641.473612,1991,0,10
1778660641.4761758,1865,0,10
1778660641.477618,833,0,10
1778660641.485607,3047,0,10
1778660641.487781,3419,0,10
1778660641.489686,2624,0,10
1778660641.4899359,1732,0,10
1778660641.490517,1730,0,10
1778660641.493362,1830,0,10
1778660641.4963222,2079,0,10
1778660641.4968462,1566,0,10
1778660641.499,1713,0,10
1778660641.499305,2430,0,10
1778660641.500633,2071,0,10
1778660641.501939,1468,0,10
1778660641.507945,1085,0,10
1778660641.5091891,2010,0,10
1778660641.509355,2146,0,10
1778660641.511193,2028,0,10
1778660641.512819,1885,0,10
1778660641.514731,1521,0,10
1778660641.516864,1297,0,10
1778660641.5194361,2451,0,10
1778660641.519766,1891,0,10
1778660641.521861,1920,0,10
1778660641.524422,1957,0,10
1778660641.525721,1976,0,10
1778660641.5282729,1953,0,10
1778660641.5295649,2020,0,10
1778660641.538539,1703,0,10
1778660641.5386639,1945,0,10
1778660641.538816,1952,0,10
1778660641.538961,1912,0,10
1778660641.541004,1604,0,10
1778660641.5444212,1581,0,10
1778660641.5444999,1779,0,10
1778660641.547188,1780,0,10
1778660641.5494301,2026,0,10
1778660641.549655,2330,0,10
1778660641.552214,1974,0,10
1778660641.553507,1713,0,10
1778660641.557722,1544,0,10
1778660641.558208,1566,0,10
1778660641.5607538,1497,0,10
1778660641.5628512,1576,0,10
1778660641.564939,1537,0,10
1778660641.569611,2258,0,10
1778660641.57125,2163,0,10
1778660641.571858,1826,0,10
1778660641.571897,2197,0,10
1778660641.574456,1974,0,10
1778660641.57576,1848,0,10
1778660641.578337,1806,0,10
1778660641.579633,2142,0,10
1778660641.587051,2231,0,10
1778660641.58759,2022,0,10
1778660641.587648,1801,0,10
1778660641.5894961,1841,0,10
1778660641.5895748,1814,0,10
1778660641.592863,1708,0,10
1778660641.59744,1177,0,10
1778660641.5978482,2519,0,10
1778660641.598138,2907,0,10
1778660641.600228,2648,0,10
1778660641.601537,2221,0,10
1778660641.6041338,2271,0,10
1778660641.60906,2250,0,10
1778660641.609858,2410,0,10
1778660641.61154,2282,0,10
1778660641.611783,2501,0,10
1778660641.615416,2308,0,10
1778660641.617294,2352,0,10
1778660641.619989,2697,0,10
1778660641.6201909,2516,0,10
1778660641.6223948,2527,0,10
1778660641.6237,2530,0,10
1778660641.626251,2559,0,10
1778660641.627545,2110,0,10
1778660641.630107,1864,0,10
1778660641.631499,2628,0,10
1778660641.637735,2575,0,10
1778660641.638433,2218,0,10
1778660641.6404061,2095,0,10
1778660641.6405919,2309,0,10
1778660641.643722,2480,0,10
1778660641.64479,2375,0,10
1778660641.649934,2460,0,10
1778660641.650455,2577,0,10
1778660641.650711,2356,0,10
1778660641.652936,2029,0,10
1778660641.654284,2190,0,10
1778660641.655634,2664,0,10
1778660641.6654341,2690,0,10
1778660641.665716,2443,0,10
1778660641.667632,2284,0,10
1778660641.6681159,2481,0,10
1778660641.6691132,2684,0,10
1778660641.670989,2386,0,10
1778660641.67269,2340,0,10
1778660641.6757472,2338,0,10
1778660641.676088,2317,0,10
1778660641.67645,2318,0,10
1778660641.678389,2282,0,10
1778660641.679733,2275,0,10
1778660641.682338,2533,0,10
1778660641.6836648,2555,0,10
1778660641.686215,2534,0,10
1778660641.687547,2524,0,10
1778660641.6938372,2404,0,10
1778660641.694858,2314,0,10
1778660641.6990259,2184,0,10
1778660641.7005,2175,0,10
1778660641.701489,2252,0,10
1778660641.702584,2404,0,10
1778660641.704154,2262,0,10
1778660641.70434,2155,0,10
1778660641.707196,2006,0,10
1778660641.7092962,2041,0,10
1778660641.709985,1947,0,10
1778660641.7114072,2029,0,10
1778660641.7143219,2271,0,10
1778660641.719139,2464,0,10
1778660641.7204502,2159,0,10
1778660641.7221298,1861,0,10
1778660641.72226,2177,0,10
1778660641.724003,2361,0,10
1778660641.726636,2175,0,10
1778660641.728808,1973,0,10
1778660641.732073,2090,0,10
1778660641.732482,2292,0,10
1778660641.7347221,2253,0,10
1778660641.736038,2036,0,10
1778660641.737422,1902,0,10
1778660641.739873,2148,0,10
1778660641.741405,2220,0,10
1778660641.743815,2018,0,10
1778660641.746592,1953,0,10
1778660641.754729,2042,0,10
1778660641.7550159,2188,0,10
1778660641.75523,2233,0,10
1778660641.7554078,2290,0,10
1778660641.755635,2231,0,10
1778660641.75959,2060,0,10
1778660641.76058,1759,0,10
1778660641.765304,2007,0,10
1778660641.765574,2326,0,10
1778660641.765759,2486,0,10
1778660641.7678201,2338,0,10
1778660641.770444,2177,0,10
1778660641.771778,2000,0,10
1778660641.778709,2010,0,10
1778660641.780184,1976,0,10
1778660641.78173,1833,0,10
1778660641.7820458,2088,0,10
1778660641.78217,1548,0,10
1778660641.784037,2270,0,10
1778660641.786102,2679,0,10
1778660641.788615,2265,0,10
1778660641.791979,2135,0,10
1778660641.7922208,2097,0,10
1778660641.794685,2254,0,10
1778660641.7960792,2125,0,10
1778660641.797447,2121,0,10
1778660641.7999969,2082,0,10
1778660641.801413,1898,0,10
1778660641.8040562,2142,0,10
1778660641.8057148,2167,0,10
1778660641.811614,2250,0,10
1778660641.812709,2124,0,10
1778660641.814216,2090,0,10
1778660641.814559,2208,0,10
1778660641.819315,2420,0,10
1778660641.821175,2249,0,10
1778660641.824459,1971,0,10
1778660641.824616,1724,0,10
1778660641.825024,1793,0,10
1778660641.827822,2070,0,10
1778660641.82789,2048,0,10
1778660641.830559,2068,0,10
1778660641.831891,2267,0,10
1778660641.837707,2356,0,10
1778660641.8426619,2148,0,10
1778660641.844654,2049,0,10
1778660641.8449652,2161,0,10
1778660641.847577,1941,0,10
1778660641.8532019,1530,0,10
1778660641.8535979,1941,0,10
1778660641.853769,2361,0,10
1778660641.853865,2496,0,10
1778660641.8540459,1986,0,10
1778660641.8542159,2166,0,10
1778660641.855551,2153,0,10
1778660641.8582048,2174,0,10
1778660641.859549,2017,0,10
1778660641.862124,1939,0,10
1778660641.863467,2071,0,10
1778660641.869815,2277,0,10
1778660641.871003,2224,0,10
1778660641.871566,1959,0,10
1778660641.873376,1735,0,10
1778660641.875454,1890,0,10
1778660641.876238,2044,0,10
1778660641.880414,1895,0,10
1778660641.883759,1845,0,10
1778660641.884306,2000,0,10
1778660641.884728,2036,0,10
1778660641.887103,2326,0,10
1778660641.888437,2206,0,10
1778660641.88976,1966,0,10
1778660641.898508,1988,0,10
1778660641.900119,1909,0,10
1778660641.900453,1887,0,10
1778660641.9027572,1959,0,10
1778660641.904104,2132,0,10
1778660641.904717,2002,0,10
1778660641.907433,1857,0,10
1778660641.90764,1695,0,10
1778660641.9109151,1635,0,10
1778660641.911191,2194,0,10
1778660641.9133189,2134,0,10
1778660641.9138482,2182,0,10
1778660641.916589,2244,0,10
1778660641.917908,2182,0,10
1778660641.920647,2064,0,10
1778660641.921885,2065,0,10
1778660641.924482,2122,0,10
1778660641.926172,1994,0,10
1778660641.9335198,1861,0,10
1778660641.9353018,1861,0,10
1778660641.935601,2031,0,10
1778660641.938677,2112,0,10
1778660641.939898,2041,0,10
1778660641.940447,2035,0,10
1778660641.940552,1978,0,10
1778660641.942739,1981,0,10
1778660641.9462788,1717,0,10
1778660641.94645,1806,0,10
1778660641.949533,2060,0,10
1778660641.949609,2188,0,10
1778660641.9520829,1966,0,10
1778660641.953414,1676,0,10
1778660641.9607859,2018,0,10
1778660641.961482,2096,0,10
1778660641.964152,2134,0,10
1778660641.9645581,1980,0,10
1778660641.9674518,2133,0,10
1778660641.968137,2241,0,10
1778660641.968765,2229,0,10
1778660641.975952,2124,0,10
1778660641.976074,2044,0,10
1778660641.976466,1986,0,10
1778660641.9765491,1953,0,10
1778660641.9794428,1764,0,10
1778660641.979525,1801,0,10
1778660641.982125,1995,0,10
1778660641.983464,1920,0,10
1778660641.986083,1968,0,10
1778660641.987433,2169,0,10
1778660641.9900422,2073,0,10
1778660641.991426,1952,0,10
1778660641.997185,1945,0,10
1778660641.99849,1702,0,10
1778660641.99917,2106,0,10
1778660642.004141,2420,0,10
1778660642.0064452,2256,0,10
1778660642.007591,1937,0,10
1778660642.009581,1829,0,10
1778660642.013223,1971,0,10
1778660642.013367,1917,0,10
1778660642.013556,1787,0,10
1778660642.0141351,1834,0,10
1778660642.0169668,2036,0,10
1778660642.0183291,1950,0,10
1778660642.019692,1867,0,10
1778660642.022511,1804,0,10
1778660642.0284622,1927,0,10
1778660642.029582,1908,0,10
1778660642.029815,1810,0,10
1778660642.0320508,1914,0,10
1778660642.03235,2035,0,10
1778660642.035077,2155,0,10
1778660642.043524,2031,0,10
1778660642.0438058,1972,0,10
1778660642.04425,1967,0,10
1778660642.0444238,2016,0,10
1778660642.0446348,1914,0,10
1778660642.0475578,1879,0,10
1778660642.047632,1988,0,10
1778660642.050273,2181,0,10
1778660642.0516381,2071,0,10
1778660642.0540302,1899,0,10
1778660642.056426,1858,0,10
1778660642.057748,1999,0,10
1778660642.0637388,1919,0,10
1778660642.06383,1843,0,10
1778660642.0638652,1878,0,10
1778660642.065684,2127,0,10
1778660642.0679412,2250,0,10
1778660642.0700438,2066,0,10
1778660642.072032,1913,0,10
1778660642.0739799,1950,0,10
1778660642.077188,1949,0,10
1778660642.0774882,1835,0,10
1778660642.0801249,1931,0,10
1778660642.081428,2059,0,10
1778660642.083949,2073,0,10
1778660642.0852742,1914,0,10
1778660642.091071,1853,0,10
1778660642.091824,1817,0,10
1778660642.09482,1892,0,10
1778660642.095336,1778,0,10
1778660642.095575,1788,0,10
1778660642.097924,2018,0,10
1778660642.102201,2207,0,10
1778660642.1056058,1966,0,10
1778660642.10766,1868,0,10
1778660642.108248,1874,0,10
1778660642.108576,1940,0,10
1778660642.109997,1896,0,10
1778660642.111449,1789,0,10
1778660642.114248,1881,0,10
1778660642.116103,2078,0,10
1778660642.119454,2081,0,10
1778660642.124631,1958,0,10
1778660642.126246,1891,0,10
1778660642.1269162,1985,0,10
1778660642.1285791,1971,0,10
1778660642.128691,1848,0,10
1778660642.13111,1795,0,10
1778660642.1317928,1972,0,10
1778660642.138657,2266,0,10
1778660642.1390562,2036,0,10
1778660642.139273,1848,0,10
1778660642.1404202,1861,0,10
1778660642.142414,2024,0,10
1778660642.143786,1942,0,10
1778660642.146385,1885,0,10
1778660642.147712,2031,0,10
1778660642.1557472,2157,0,10
1778660642.1575391,2158,0,10
1778660642.159746,2165,0,10
1778660642.160407,1952,0,10
1778660642.160966,2011,0,10
1778660642.163588,1978,0,10
1778660642.165609,1927,0,10
1778660642.1658309,1959,0,10
1778660642.1693492,2142,0,10
1778660642.1699169,2055,0,10
1778660642.1704168,2019,0,10
1778660642.172992,1935,0,10
1778660642.174319,1990,0,10
1778660642.175642,1983,0,10
1778660642.178266,1773,0,10
1778660642.1793761,1857,0,10
1778660642.181995,2171,0,10
1778660642.183318,2303,0,10
1778660642.1915588,2087,0,10
1778660642.1943848,1910,0,10
1778660642.1973279,1966,0,10
1778660642.197887,2140,0,10
1778660642.198571,1939,0,10
1778660642.198715,1898,0,10
1778660642.19929,2071,0,10
1778660642.199432,2178,0,10
1778660642.202741,2050,0,10
1778660642.20625,1827,0,10
1778660642.206389,1938,0,10
1778660642.2093,2156,0,10
1778660642.209367,2082,0,10
1778660642.21201,1853,0,10
1778660642.213373,2045,0,10
1778660642.221499,2183,0,10
1778660642.223211,2209,0,10
1778660642.223522,2165,0,10
1778660642.223809,1941,0,10
1778660642.223968,1930,0,10
1778660642.2255511,2050,0,10
1778660642.228204,1943,0,10
1778660642.231009,1755,0,10
1778660642.23447,1966,0,10
1778660642.234679,2385,0,10
1778660642.237529,2126,0,10
1778660642.2375958,1868,0,10
1778660642.240184,1921,0,10
1778660642.2415512,2158,0,10
1778660642.244159,1975,0,10
1778660642.245493,1940,0,10
1778660642.2481,2058,0,10
1778660642.2494452,2213,0,10
1778660642.258726,2155,0,10
1778660642.2612102,2197,0,10
1778660642.263346,1899,0,10
1778660642.264013,2006,0,10
1778660642.264212,2028,0,10
1778660642.265271,2006,0,10
1778660642.270336,2033,0,10
1778660642.270916,2109,0,10
1778660642.27141,2102,0,10
1778660642.271561,1845,0,10
1778660642.271817,1981,0,10
1778660642.274542,2136,0,10
1778660642.275883,2103,0,10
1778660642.277217,1910,0,10
1778660642.279914,1949,0,10
1778660642.286148,2131,0,10
1778660642.287387,2215,0,10
1778660642.289289,2125,0,10
1778660642.291404,1954,0,10
1778660642.292182,2009,0,10
1778660642.292816,2061,0,10
1778660642.2946482,1946,0,10
1778660642.300525,2067,0,10
1778660642.300642,2047,0,10
1778660642.300817,2246,0,10
1778660642.303654,2389,0,10
1778660642.3037288,2083,0,10
1778660642.306314,2001,0,10
1778660642.307683,2078,0,10
1778660642.3103302,2211,0,10
1778660642.3117151,1821,0,10
1778660642.3143601,2013,0,10
1778660642.321656,2223,0,10
1778660642.322426,2286,0,10
1778660642.325057,2061,0,10
1778660642.3254652,1974,0,10
1778660642.327142,1900,0,10
1778660642.328181,1966,0,10
1778660642.3288682,1870,0,10
1778660642.332862,1744,0,10
1778660642.333125,2139,0,10
1778660642.336787,2461,0,10
1778660642.337288,2125,0,10
1778660642.339977,1935,0,10
1778660642.3407512,2037,0,10
1778660642.3421388,2097,0,10
1778660642.3434792,1948,0,10
1778660642.3463502,1870,0,10
1778660642.352437,2036,0,10
1778660642.3536892,2153,0,10
1778660642.3560011,2128,0,10
1778660642.356255,2035,0,10
1778660642.3586938,1984,0,10
1778660642.359885,2040,0,10
1778660642.3601038,2052,0,10
1778660642.3620448,1926,0,10
1778660642.367838,2007,0,10
1778660642.368551,2036,0,10
1778660642.370928,2089,0,10
1778660642.3715641,2227,0,10
1778660642.3719208,2056,0,10
1778660642.373261,1942,0,10
1778660642.375871,1998,0,10
1778660642.377203,1887,0,10
1778660642.3798451,1977,0,10
1778660642.382553,2183,0,10
1778660642.384088,2150,0,10
1778660642.391926,2026,0,10
1778660642.394819,1883,0,10
1778660642.395255,1912,0,10
1778660642.395542,2160,0,10
1778660642.397894,2094,0,10
1778660642.3986292,1883,0,10
1778660642.3993611,1946,0,10
1778660642.400535,2306,0,10
1778660642.403729,2237,0,10
1778660642.407271,2036,0,10
1778660642.407614,2108,0,10
1778660642.407975,2036,0,10
1778660642.410719,1980,0,10
1778660642.412359,1955,0,10
1778660642.413722,2081,0,10
1778660642.415191,2109,0,10
1778660642.4233658,2090,0,10
1778660642.4244878,2140,0,10
1778660642.425136,2001,0,10
1778660642.426877,1928,0,10
1778660642.427238,1965,0,10
1778660642.4291751,1826,0,10
1778660642.430364,1904,0,10
1778660642.435172,2134,0,10
1778660642.438485,2257,0,10
1778660642.439084,2160,0,10
1778660642.439549,1971,0,10
1778660642.4400141,1944,0,10
1778660642.442883,2217,0,10
1778660642.444272,2094,0,10
1778660642.445639,1925,0,10
1778660642.448104,2050,0,10
1778660642.4493282,2200,0,10
1778660642.451908,2168,0,10
1778660642.453376,2091,0,10
1778660642.478506,2021,0,10
1778660642.4789069,2050,0,10
1778660642.479554,1938,0,10
1778660642.4797509,1769,0,10
1778660642.479903,1954,0,10
1778660642.480039,2229,0,10
1778660642.48016,2266,0,10
1778660642.480303,2109,0,10
1778660642.480513,2022,0,10
1778660642.4809191,2059,0,10
1778660642.4815192,2052,0,10
1778660642.481984,1920,0,10
1778660642.482358,1970,0,10
1778660642.4825191,2088,0,10
1778660642.4836679,2280,0,10
1778660642.5046668,2093,0,10
1778660642.509824,2000,0,10
1778660642.5099251,1961,0,10
1778660642.510684,2014,0,10
1778660642.510753,1970,0,10
1778660642.5107899,1970,0,10
1778660642.510849,2076,0,10
1778660642.510989,2224,0,10
1778660642.5110881,2121,0,10
1778660642.5111492,2023,0,10
1778660642.511202,1956,0,10
1778660642.511254,2044,0,10
1778660642.511308,2069,0,10
1778660642.511359,1911,0,10
1778660642.514037,1925,0,10
1778660642.515441,2141,0,10
1778660642.518137,2186,0,10
1778660642.519511,1965,0,10
1778660642.522343,1946,0,10
1778660642.528806,2032,0,10
1778660642.531766,2090,0,10
1778660642.5320058,1937,0,10
1778660642.533893,1949,0,10
1778660642.5339782,2102,0,10
1778660642.5346,2252,0,10
1778660642.537144,2136,0,10
1778660642.53907,2059,0,10
1778660642.539266,2004,0,10
1778660642.542042,2087,0,10
1778660642.544845,1985,0,10
1778660642.546231,1865,0,10
1778660642.547578,2014,0,10
1778660642.55053,2240,0,10
1778660642.555443,2244,0,10
1778660642.5561721,2070,0,10
1778660642.556376,1939,0,10
1778660642.559936,1946,0,10
1778660642.562457,2027,0,10
1778660642.564623,1852,0,10
1778660642.565322,1915,0,10
1778660642.5659468,2140,0,10
1778660642.56815,2170,0,10
1778660642.571305,2048,0,10
1778660642.571635,1980,0,10
1778660642.574295,2051,0,10
1778660642.5756779,2070,0,10
1778660642.578311,1940,0,10
1778660642.5796502,1966,0,10
1778660642.582272,2102,0,10
1778660642.58362,2262,0,10
1778660642.5907378,2110,0,10
1778660642.591808,2009,0,10
1778660642.5920289,1982,0,10
1778660642.594333,2094,0,10
1778660642.594676,1997,0,10
1778660642.597604,1912,0,10
1778660642.598631,2063,0,10
1778660642.601632,2260,0,10
1778660642.602096,2211,0,10
1778660642.6052501,2075,0,10
1778660642.6054778,1954,0,10
1778660642.6084921,2003,0,10
1778660642.609853,2020,0,10
1778660642.611233,1911,0,10
1778660642.613892,1979,0,10
1778660642.620714,2159,0,10
1778660642.623384,2248,0,10
1778660642.623638,2078,0,10
1778660642.623935,2021,0,10
1778660642.6265228,2008,0,10
1778660642.626652,2000,0,10
1778660642.628638,1940,0,10
1778660642.6318889,1929,0,10
1778660642.63241,2092,0,10
1778660642.635273,2248,0,10
1778660642.6353111,2095,0,10
1778660642.638571,2025,0,10
1778660642.639926,2035,0,10
1778660642.641336,2111,0,10
1778660642.643914,2012,0,10
1778660642.645244,1976,0,10
1778660642.647834,2025,0,10
1778660642.649211,2179,0,10
1778660642.655568,2200,0,10
1778660642.656075,2156,0,10
1778660642.656666,1975,0,10
1778660642.65889,1995,0,10
1778660642.660749,2028,0,10
1778660642.6627111,1975,0,10
1778660642.665148,1959,0,10
1778660642.665293,2156,0,10
1778660642.667918,2239,0,10
1778660642.6702871,1994,0,10
1778660642.671596,1972,0,10
1778660642.6741672,2052,0,10
1778660642.675547,2104,0,10
1778660642.68007,1932,0,10
1778660642.6806579,1911,0,10
1778660642.683456,2057,0,10
1778660642.6871119,2268,0,10
1778660642.688349,2168,0,10
1778660642.68849,2051,0,10
1778660642.693782,1986,0,10
1778660642.694359,2060,0,10
1778660642.696415,2001,0,10
1778660642.697195,1857,0,10
1778660642.697311,1945,0,10
1778660642.699969,2156,0,10
1778660642.701344,2187,0,10
1778660642.7040372,2098,0,10
1778660642.705436,1928,0,10
1778660642.708527,1996,0,10
1778660642.716913,2015,0,10
1778660642.717293,1909,0,10
1778660642.719875,2045,0,10
1778660642.7206311,2229,0,10
1778660642.721257,2299,0,10
1778660642.722336,2108,0,10
1778660642.723024,1997,0,10
1778660642.725234,2018,0,10
1778660642.725487,2102,0,10
1778660642.728401,1919,0,10
1778660642.731154,1905,0,10
1778660642.73122,2076,0,10
1778660642.7336268,2309,0,10
1778660642.7417989,2111,0,10
1778660642.744564,2002,0,10
1778660642.746612,1959,0,10
1778660642.748661,2066,0,10
1778660642.749294,2012,0,10
1778660642.749843,1923,0,10
1778660642.750087,2019,0,10
1778660642.751076,2187,0,10
1778660642.751341,2196,0,10
1778660642.753552,2029,0,10
1778660642.756428,1980,0,10
1778660642.7592041,2030,0,10
1778660642.759278,2048,0,10
1778660642.7619689,1957,0,10
1778660642.763315,2021,0,10
1778660642.766071,2116,0,10
1778660642.767464,2213,0,10
1778660642.7699049,2113,0,10
1778660642.775088,2013,0,10
1778660642.775608,2006,0,10
1778660642.7766888,2038,0,10
1778660642.77885,1901,0,10
1778660642.781245,1902,0,10
1778660642.7819,2085,0,10
1778660642.786089,2269,0,10
1778660642.788998,2144,0,10
1778660642.789189,2019,0,10
1778660642.789532,2012,0,10
1778660642.7917829,2077,0,10
1778660642.793109,2013,0,10
1778660642.7957308,1927,0,10
1778660642.7970529,2020,0,10
1778660642.804068,2204,0,10
1778660642.804686,2200,0,10
1778660642.806783,2104,0,10
1778660642.807075,2014,0,10
1778660642.809648,2060,0,10
1778660642.809758,2027,0,10
1778660642.812734,1807,0,10
1778660642.8145092,1936,0,10
1778660642.817701,2088,0,10
1778660642.817947,2231,0,10
1778660642.8207731,2072,0,10
1778660642.822135,2019,0,10
1778660642.8234959,2019,0,10
1778660642.826163,2071,0,10
1778660642.827528,1926,0,10
1778660642.8301702,1959,0,10
1778660642.8315258,2072,0,10
1778660642.838764,2206,0,10
1778660642.839565,2156,0,10
1778660642.8397708,2052,0,10
1778660642.842844,1963,0,10
1778660642.843252,2069,0,10
1778660642.843446,2024,0,10
1778660642.8467672,1929,0,10
1778660642.848741,2064,0,10
1778660642.850572,2253,0,10
1778660642.853366,2238,0,10
1778660642.853547,2074,0,10
1778660642.856267,1967,0,10
1778660642.857512,1999,0,10
1778660642.860127,2010,0,10
1778660642.861467,1927,0,10
1778660642.8671181,1999,0,10
1778660642.868223,2181,0,10
1778660642.8689091,2260,0,10
1778660642.870891,2081,0,10
1778660642.8712409,1965,0,10
1778660642.874261,1997,0,10
1778660642.875674,2063,0,10
1778660642.881106,2004,0,10
1778660642.881727,1944,0,10
1778660642.882168,2077,0,10
1778660642.884619,2237,0,10
1778660642.8859708,2077,0,10
1778660642.887321,2031,0,10
1778660642.8899689,2005,0,10
1778660642.891316,2115,0,10
1778660642.893931,1990,0,10
1778660642.895273,1894,0,10
1778660642.90415,2020,0,10
1778660642.905903,2214,0,10
1778660642.9061,2257,0,10
1778660642.906281,2061,0,10
1778660642.908424,1954,0,10
1778660642.9095008,2001,0,10
1778660642.9096582,2041,0,10
1778660642.9116,1943,0,10
1778660642.917033,1984,0,10
1778660642.919184,2127,0,10
1778660642.919981,2251,0,10
1778660642.920108,2084,0,10
1778660642.921487,1986,0,10
1778660642.9241211,1990,0,10
1778660642.932529,2097,0,10
1778660642.932649,1948,0,10
1778660642.934436,1918,0,10
1778660642.9346812,2074,0,10
1778660642.937307,2255,0,10
1778660642.937571,2086,0,10
1778660642.94468,2038,0,10
1778660642.9447339,2043,0,10
1778660642.944771,2093,0,10
1778660642.9492009,1992,0,10
1778660642.9495091,1927,0,10
1778660642.949706,2064,0,10
1778660642.9498188,2267,0,10
1778660642.951274,2271,0,10
1778660642.9539268,2082,0,10
1778660642.955264,1994,0,10
1778660642.957984,1996,0,10
1778660642.959326,2059,0,10
1778660642.966109,1881,0,10
1778660642.967829,1919,0,10
1778660642.967996,2115,0,10
1778660642.969771,2228,0,10
1778660642.9702048,2075,0,10
1778660642.985847,1930,0,10
1778660642.985953,1971,0,10
1778660642.9859982,2139,0,10
1778660642.986033,2001,0,10
1778660642.986067,1952,0,10
1778660642.9861,2047,0,10
1778660642.986132,2276,0,10
1778660642.987353,2192,0,10
1778660642.987396,2170,0,10
1778660643.027214,2010,0,10
1778660643.027306,2078,0,10
1778660643.027364,2028,0,10
1778660643.027431,1928,0,10
1778660643.027478,2021,0,10
1778660643.027518,2219,0,10
1778660643.027555,2203,0,10
1778660643.027591,2070,0,10
1778660643.027627,1956,0,10
1778660643.027662,1973,0,10
1778660643.0277,2008,0,10
1778660643.027734,1846,0,10
1778660643.027767,1919,0,10
1778660643.027803,2060,0,10
1778660643.027838,2222,0,10
1778660643.027872,2129,0,10
1778660643.027904,2075,0,10
1778660643.0279412,1974,0,10
1778660643.027974,2035,0,10
1778660643.028008,1952,0,10
1778660643.0293279,1958,0,10
1778660643.0319092,2138,0,10
1778660643.0333078,2286,0,10
1778660643.0388129,2133,0,10
1778660643.038849,2030,0,10
1778660643.051539,1944,0,10
1778660643.051735,2021,0,10
1778660643.05296,1937,0,10
1778660643.053545,1934,0,10
1778660643.055467,1975,0,10
1778660643.055617,1978,0,10
1778660643.058392,2193,0,10
1778660643.0586529,1996,0,10
1778660643.0590699,1914,0,10
1778660643.059405,2049,0,10
1778660643.0618958,2174,0,10
1778660643.06197,2078,0,10
1778660643.063364,2066,0,10
1778660643.0659919,2150,0,10
1778660643.067418,2077,0,10
1778660643.0752509,2060,0,10
1778660643.076468,2219,0,10
1778660643.0780659,2039,0,10
1778660643.078314,1934,0,10
1778660643.0802932,1880,0,10
1778660643.0812988,1963,0,10
1778660643.082401,2187,0,10
1778660643.0852008,2364,0,10
1778660643.085471,2043,0,10
1778660643.0882182,1861,0,10
1778660643.091022,2139,0,10
1778660643.091331,2288,0,10
1778660643.094026,1872,0,10
1778660643.095401,804,0,10
1778660643.098048,1832,0,10
1778660643.09938,2398,0,10
1778660643.102043,2466,0,10
1778660643.109428,2378,0,10
1778660643.1100538,2296,0,10
1778660643.11067,2177,0,10
1778660643.1125,2285,0,10
1778660643.115508,2236,0,10
1778660643.118324,2276,0,10
1778660643.118976,2223,0,10
1778660643.121058,2219,0,10
1778660643.124125,1950,0,10
1778660643.124487,1504,0,10
1778660643.124972,1540,0,10
1778660643.127274,1713,0,10
1778660643.1282141,2231,0,10
1778660643.129588,2263,0,10
1778660643.1321979,2235,0,10
1778660643.141935,2357,0,10
1778660643.144633,2106,0,10
1778660643.145808,2178,0,10
1778660643.146514,2048,0,10
1778660643.1477299,2096,0,10
1778660643.150264,1891,0,10
1778660643.150487,1670,0,10
1778660643.15067,1807,0,10
1778660643.150814,1920,0,10
1778660643.156437,2145,0,10
1778660643.156487,2024,0,10
1778660643.1565251,1980,0,10
1778660643.157888,1961,0,10
1778660643.1592262,2133,0,10
1778660643.161819,2104,0,10
1778660643.163143,2037,0,10
1778660643.1657548,2121,0,10
1778660643.167084,2166,0,10
1778660643.174415,2094,0,10
1778660643.174573,2086,0,10
1778660643.175709,1990,0,10
1778660643.176469,2052,0,10
1778660643.18153,1955,0,10
1778660643.1826618,1909,0,10
1778660643.183337,1956,0,10
1778660643.1839921,2223,0,10
1778660643.189664,1963,0,10
1778660643.189861,1988,0,10
1778660643.190177,1901,0,10
1778660643.1931221,2079,0,10
1778660643.1931899,1920,0,10
1778660643.195801,1942,0,10
1778660643.197181,2256,0,10
1778660643.204176,2270,0,10
1778660643.206239,2205,0,10
1778660643.208343,2148,0,10
1778660643.2109241,2071,0,10
1778660643.2115998,1998,0,10
1778660643.213043,2125,0,10
1778660643.213658,2043,0,10
1778660643.214265,1956,0,10
1778660643.216141,2094,0,10
1778660643.218833,2318,0,10
1778660643.219209,1972,0,10
1778660643.221699,1802,0,10
1778660643.2231019,1691,0,10
1778660643.22556,2236,0,10
1778660643.226914,2132,0,10
1778660643.229504,1701,0,10
1778660643.232071,1679,0,10
1778660643.238146,2463,0,10
1778660643.238687,2502,0,10
1778660643.23967,2259,0,10
1778660643.241367,2126,0,10
1778660643.2435598,2122,0,10
1778660643.244262,2005,0,10
1778660643.246293,1864,0,10
1778660643.247992,1673,0,10
1778660643.250456,2187,0,10
1778660643.252903,2561,0,10
1778660643.25297,2257,0,10
1778660643.255573,1917,0,10
1778660643.256949,1840,0,10
1778660643.2625039,2158,0,10
1778660643.263202,2240,0,10
1778660643.2651992,1886,0,10
1778660643.26688,1913,0,10
1778660643.269273,2318,0,10
1778660643.26944,2218,0,10
1778660643.271647,1679,0,10
1778660643.273674,1703,0,10
1778660643.276465,1970,0,10
1778660643.279381,1723,0,10
1778660643.279495,1518,0,10
1778660643.282012,2310,0,10
1778660643.283367,2841,0,10
1778660643.2859678,2520,0,10
1778660643.2873302,2103,0,10
1778660643.289846,2040,0,10
1778660643.29666,2125,0,10
1778660643.2993448,2321,0,10
1778660643.2997959,2226,0,10
1778660643.302476,1733,0,10
1778660643.304,2049,0,10
1778660643.304676,1987,0,10
1778660643.305711,1979,0,10
1778660643.30585,2025,0,10
1778660643.310406,2386,0,10
1778660643.310826,2405,0,10
1778660643.311153,1984,0,10
1778660643.3137631,2090,0,10
1778660643.3151581,2125,0,10
1778660643.317804,2171,0,10
1778660643.325001,2001,0,10
1778660643.327605,1857,0,10
1778660643.327872,1099,0,10
1778660643.330467,1804,0,10
1778660643.331646,2446,0,10
1778660643.333243,2329,0,10
1778660643.3358169,1975,0,10
1778660643.3390121,2281,0,10
1778660643.3393111,2216,0,10
1778660643.339713,1716,0,10
1778660643.33996,2027,0,10
1778660643.34234,1930,0,10
1778660643.343724,1715,0,10
1778660643.345081,1808,0,10
1778660643.347792,1814,0,10
1778660643.349005,2258,0,10
1778660643.351467,2354,0,10
1778660643.35409,2176,0,10
1778660643.3609831,2087,0,10
1778660643.3630998,2244,0,10
1778660643.363494,2147,0,10
1778660643.363672,1983,0,10
1778660643.365665,1829,0,10
1778660643.3666859,1759,0,10
1778660643.36884,1873,0,10
1778660643.369493,1962,0,10
1778660643.371331,2304,0,10
1778660643.374712,2214,0,10
1778660643.375424,2083,0,10
1778660643.37797,1874,0,10
1778660643.379404,1862,0,10
1778660643.380955,1830,0,10
1778660643.387634,2130,0,10
1778660643.388732,2159,0,10
1778660643.389876,1565,0,10
1778660643.390593,1635,0,10
1778660643.392858,2298,0,10
1778660643.395067,2210,0,10
1778660643.3957162,1660,0,10
1778660643.40047,1850,0,10
1778660643.4007978,2247,0,10
1778660643.403859,2104,0,10
1778660643.40428,2409,0,10
1778660643.4069571,1891,0,10
1778660643.407202,1804,0,10
1778660643.4098072,1973,0,10
1778660643.411212,1831,0,10
1778660643.413684,1951,0,10
1778660643.415025,2298,0,10
1778660643.417648,2312,0,10
1778660643.4189801,2174,0,10
1778660643.425886,1924,0,10
1778660643.42753,1810,0,10
1778660643.4277031,1870,0,10
1778660643.429674,1921,0,10
1778660643.430746,1862,0,10
1778660643.437686,1613,0,10
1778660643.440751,1879,0,10
1778660643.441026,1514,0,10
1778660643.441267,1902,0,10
1778660643.4417548,2005,0,10
1778660643.442185,2319,0,10
1778660643.444721,2131,0,10
1778660643.446416,1892,0,10
1778660643.447822,2297,0,10
1778660643.449294,2323,0,10
1778660643.456151,2281,0,10
1778660643.4563699,1864,0,10
1778660643.457439,2049,0,10
1778660643.45909,2045,0,10
1778660643.4593449,1060,0,10
1778660643.4665768,1178,0,10
1778660643.466924,1774,0,10
1778660643.469921,1908,0,10
1778660643.470218,2770,0,10
1778660643.4704251,2532,0,10
1778660643.473351,2213,0,10
1778660643.473411,1765,0,10
1778660643.476038,1928,0,10
1778660643.477377,2090,0,10
1778660643.480004,2499,0,10
1778660643.481339,2071,0,10
1778660643.483952,2101,0,10
1778660643.485327,2038,0,10
1778660643.494525,1781,0,10
1778660643.494795,1559,0,10
1778660643.4970849,2081,0,10
1778660643.5023282,2232,0,10
1778660643.5027258,1879,0,10
1778660643.5058079,1942,0,10
1778660643.505997,1956,0,10
1778660643.506491,2150,0,10
1778660643.506762,2067,0,10
1778660643.507015,2141,0,10
1778660643.5098722,1725,0,10
1778660643.509942,2029,0,10
1778660643.511351,2145,0,10
1778660643.512871,1788,0,10
1778660643.515745,1795,0,10
1778660643.5215712,1870,0,10
1778660643.522412,1779,0,10
1778660643.523542,1773,0,10
1778660643.525561,1484,0,10
1778660643.527842,1999,0,10
1778660643.529036,2112,0,10
1778660643.529168,1598,0,10
1778660643.5339258,1661,0,10
1778660643.537201,2222,0,10
1778660643.537345,2016,0,10
1778660643.5376499,2052,0,10
1778660643.5401978,2110,0,10
1778660643.541593,1984,0,10
1778660643.5429509,2107,0,10
1778660643.545603,2003,0,10
1778660643.546958,1773,0,10
1778660643.54958,1921,0,10
1778660643.550925,2021,0,10
1778660643.558957,1897,0,10
1778660643.5595899,2300,0,10
1778660643.5624268,2349,0,10
1778660643.5627,2346,0,10
1778660643.5651798,2189,0,10
1778660643.5683851,2166,0,10
1778660643.570341,2469,0,10
1778660643.570571,2495,0,10
1778660643.573822,2409,0,10
1778660643.574177,2441,0,10
1778660643.574483,2280,0,10
1778660643.577016,2524,0,10
1778660643.577282,2576,0,10
1778660643.580035,2541,0,10
1778660643.5814688,2580,0,10
1778660643.5884092,2637,0,10
1778660643.589056,2653,0,10
1778660643.590142,2716,0,10
1778660643.591854,2556,0,10
1778660643.5921311,2488,0,10
1778660643.596276,2223,0,10
1778660643.5996659,2028,0,10
1778660643.599932,1926,0,10
1778660643.603085,2474,0,10
1778660643.603511,2677,0,10
1778660643.603816,2605,0,10
1778660643.606134,2410,0,10
1778660643.6074739,2545,0,10
1778660643.608871,2486,0,10
1778660643.61163,2129,0,10
1778660643.61299,2283,0,10
1778660643.615648,2594,0,10
1778660643.617001,2716,0,10
1778660643.628273,2381,0,10
1778660643.629996,2044,0,10
1778660643.63116,1683,0,10
1778660643.632447,2118,0,10
1778660643.633712,2246,0,10
1778660643.633804,2066,0,10
1778660643.634408,2266,0,10
1778660643.635157,2281,0,10
1778660643.6402402,2388,0,10
1778660643.64039,2330,0,10
1778660643.6407712,2125,0,10
1778660643.64106,1954,0,10
1778660643.644031,2032,0,10
1778660643.645377,2000,0,10
1778660643.646815,2216,0,10
1778660643.64944,2173,0,10
1778660643.656495,2363,0,10
1778660643.658761,2143,0,10
1778660643.659112,2132,0,10
1778660643.661216,2087,0,10
1778660643.663247,1778,0,10
1778660643.664028,2172,0,10
1778660643.665205,2185,0,10
1778660643.66721,2126,0,10
1778660643.670378,1973,0,10
1778660643.670733,2231,0,10
1778660643.6709702,2391,0,10
1778660643.673792,2317,0,10
1778660643.67512,2282,0,10
1778660643.67778,2149,0,10
1778660643.679423,1995,0,10
1778660643.680798,2027,0,10
1778660643.683394,2231,0,10
1778660643.684777,2251,0,10
1778660643.6924958,2094,0,10
1778660643.693293,1990,0,10
1778660643.69338,1925,0,10
1778660643.6945019,1995,0,10
1778660643.696813,1939,0,10
1778660643.6992698,2082,0,10
1778660643.701289,2258,0,10
1778660643.7015018,2368,0,10
1778660643.707977,2152,0,10
1778660643.708257,2049,0,10
1778660643.7086651,2058,0,10
1778660643.709086,2064,0,10
1778660643.7119071,1939,0,10
1778660643.7132459,1927,0,10
1778660643.7157938,2161,0,10
1778660643.722,2394,0,10
1778660643.722732,2244,0,10
1778660643.7234309,2064,0,10
1778660643.724145,2044,0,10
1778660643.7269928,2069,0,10
1778660643.727404,2015,0,10
1778660643.730622,2033,0,10
1778660643.7313,2091,0,10
1778660643.734991,2181,0,10
1778660643.735174,2117,0,10
1778660643.7386198,2100,0,10
1778660643.738789,2089,0,10
1778660643.74122,2228,0,10
1778660643.743904,2229,0,10
1778660643.745271,2059,0,10
1778660643.747932,2049,0,10
1778660643.7492962,2163,0,10
1778660643.751817,2259,0,10
1778660643.753778,2029,0,10
1778660643.7602508,2057,0,10
1778660643.760884,2127,0,10
1778660643.7614112,2172,0,10
1778660643.761537,1928,0,10
1778660643.7640681,1930,0,10
1778660643.765742,2155,0,10
1778660643.7674088,2429,0,10
1778660643.769046,2215,0,10
1778660643.7709599,2051,0,10
1778660643.774094,1991,0,10
1778660643.776864,1932,0,10
1778660643.77719,1924,0,10
1778660643.779784,2026,0,10
1778660643.781089,2153,0,10
1778660643.788376,2361,0,10
1778660643.7884429,2289,0,10
1778660643.789068,2108,0,10
1778660643.7916942,2043,0,10
1778660643.7918699,2127,0,10
1778660643.794196,2148,0,10
1778660643.7967339,2053,0,10
1778660643.798462,1937,0,10
1778660643.80145,2155,0,10
1778660643.801619,2253,0,10
1778660643.8037388,1852,0,10
1778660643.805067,2002,0,10
1778660643.807636,2077,0,10
1778660643.808842,2242,0,10
1778660643.8114932,2220,0,10
1778660643.812862,2093,0,10
1778660643.815357,2185,0,10
1778660643.821304,2323,0,10
1778660643.8227992,2202,0,10
1778660643.824505,1993,0,10
1778660643.8262012,1987,0,10
1778660643.827712,2145,0,10
1778660643.828298,2022,0,10
1778660643.8316422,1787,0,10
1778660643.831947,1817,0,10
1778660643.835073,1958,0,10
1778660643.835412,1756,0,10
1778660643.837806,2088,0,10
1778660643.839156,2288,0,10
1778660643.841742,2147,0,10
1778660643.848584,2009,0,10
1778660643.8497658,1872,0,10
1778660643.850361,1974,0,10
1778660643.850622,2171,0,10
1778660643.852528,2224,0,10
1778660643.8528352,1950,0,10
1778660643.856261,1890,0,10
1778660643.860204,1969,0,10
1778660643.8605251,1842,0,10
1778660643.863826,1733,0,10
1778660643.864136,1663,0,10
1778660643.8670368,1946,0,10
1778660643.867311,1970,0,10
1778660643.868664,1732,0,10
1778660643.871253,1781,0,10
1778660643.873708,1484,0,10
1778660643.875057,2017,0,10
1778660643.878148,2066,0,10
1778660643.8796039,2141,0,10
1778660643.8888981,2092,0,10
1778660643.889059,2168,0,10
1778660643.8891551,2260,0,10
1778660643.889389,2107,0,10
1778660643.8898098,1981,0,10
1778660643.892759,1851,0,10
1778660643.893439,1764,0,10
1778660643.895238,1589,0,10
1778660643.897341,1626,0,10
1778660643.900775,1872,0,10
1778660643.900956,2111,0,10
1778660643.903682,2023,0,10
1778660643.9050229,1883,0,10
1778660643.9075809,1802,0,10
1778660643.908909,1877,0,10
1778660643.914144,1621,0,10
1778660643.914861,1591,0,10
1778660643.91544,1667,0,10
1778660643.9180522,2022,0,10
1778660643.922694,2138,0,10
1778660643.923472,2105,0,10
1778660643.9241369,1666,0,10
1778660643.929208,2096,0,10
1778660643.929734,2010,0,10
1778660643.929982,1796,0,10
1778660643.932657,1844,0,10
1778660643.932711,2085,0,10
1778660643.935155,2217,0,10
1778660643.93779,1855,0,10
1778660643.939125,1771,0,10
1778660643.941717,1982,0,10
1778660643.943052,1906,0,10
1778660643.951416,1792,0,10
1778660643.952082,1829,0,10
1778660643.9542909,1945,0,10
1778660643.954593,2113,0,10
1778660643.956599,2069,0,10
1778660643.958833,1974,0,10
1778660643.9594371,1936,0,10
1778660643.960174,1976,0,10
1778660643.966182,1894,0,10
1778660643.966578,1873,0,10
1778660643.966916,1964,0,10
1778660643.9671009,1995,0,10
1778660643.969252,1962,0,10
1778660643.970679,2059,0,10
1778660643.9734888,2040,0,10
1778660643.9748511,2004,0,10
1778660643.981156,1953,0,10
1778660643.984134,1781,0,10
1778660643.9843001,1986,0,10
1778660643.984842,2349,0,10
1778660643.985,2310,0,10
1778660643.991721,2124,0,10
1778660643.9920352,1986,0,10
1778660643.9921558,1998,0,10
1778660643.995693,2121,0,10
1778660643.996145,1973,0,10
1778660643.99827,1913,0,10
1778660643.9996018,2081,0,10
1778660644.0009222,2183,0,10
1778660644.0035331,2051,0,10
1778660644.00487,1884,0,10
1778660644.007481,1795,0,10
1778660644.00881,1853,0,10
1778660644.017617,1901,0,10
1778660644.018732,2035,0,10
1778660644.020449,2185,0,10
1778660644.0228841,2270,0,10
1778660644.02405,2206,0,10
1778660644.026057,2105,0,10
1778660644.0266821,2045,0,10
1778660644.0286899,2066,0,10
1778660644.028949,2018,0,10
1778660644.032133,1825,0,10
1778660644.032354,1869,0,10
1778660644.03472,2021,0,10
1778660644.0354612,2250,0,10
1778660644.0367942,2140,0,10
1778660644.039414,2069,0,10
1778660644.040813,2033,0,10
1778660644.046755,1870,0,10
1778660644.0469398,1770,0,10
1778660644.0499892,1953,0,10
1778660644.050595,2168,0,10
1778660644.054482,2330,0,10
1778660644.0561438,2099,0,10
1778660644.058791,1944,0,10
1778660644.062498,2024,0,10
1778660644.0627358,2166,0,10
1778660644.063036,2073,0,10
1778660644.063301,1990,0,10
1778660644.066037,2028,0,10
1778660644.0674229,2170,0,10
1778660644.068769,2104,0,10
1778660644.071388,2046,0,10
1778660644.0727339,1930,0,10
1778660644.0753531,2004,0,10
1778660644.0766919,2002,0,10
1778660644.0838358,1874,0,10
1778660644.085035,1983,0,10
1778660644.0852008,2152,0,10
1778660644.0877461,2216,0,10
1778660644.0881898,2059,0,10
1778660644.090923,2018,0,10
1778660644.0911071,2061,0,10
1778660644.0959418,2128,0,10
1778660644.0993521,1956,0,10
1778660644.099631,1935,0,10
1778660644.1000051,2085,0,10
1778660644.103044,2337,0,10
1778660644.103213,2138,0,10
1778660644.105812,2008,0,10
1778660644.107146,1975,0,10
1778660644.113516,2042,0,10
1778660644.1171489,1981,0,10
1778660644.117516,1933,0,10
1778660644.1177118,2046,0,10
1778660644.12109,2204,0,10
1778660644.123169,2177,0,10
1778660644.125569,2027,0,10
1778660644.1288269,2003,0,10
1778660644.129355,2010,0,10
1778660644.129739,1978,0,10
1778660644.1301901,1897,0,10
1778660644.1328819,1966,0,10
1778660644.1329448,2192,0,10
1778660644.1355479,2203,0,10
1778660644.1368818,2038,0,10
1778660644.139508,1948,0,10
1778660644.140851,1997,0,10
1778660644.1434722,2121,0,10
1778660644.1448262,2069,0,10
1778660644.15441,2024,0,10
1778660644.1546571,2072,0,10
1778660644.157035,2232,0,10
1778660644.159313,2117,0,10
1778660644.160052,2013,0,10
1778660644.160189,1987,0,10
1778660644.161379,2082,0,10
1778660644.161511,2001,0,10
1778660644.166851,1963,0,10
1778660644.167139,2075,0,10
1778660644.167486,2215,0,10
1778660644.170256,2172,0,10
1778660644.1716428,2115,0,10
1778660644.173032,2076,0,10
1778660644.17588,2071,0,10
1778660644.1832802,1992,0,10
1778660644.183927,1895,0,10
1778660644.185575,1951,0,10
1778660644.1875641,2116,0,10
1778660644.188192,2219,0,10
1778660644.189944,2065,0,10
1778660644.191547,1992,0,10
1778660644.191756,2035,0,10
1778660644.194449,2132,0,10
1778660644.1981618,2024,0,10
1778660644.1985679,1969,0,10
1778660644.202029,2149,0,10
1778660644.202113,2255,0,10
1778660644.203476,2073,0,10
1778660644.204888,2142,0,10
1778660644.207546,2045,0,10
1778660644.208915,2029,0,10
1778660644.211649,2018,0,10
1778660644.2130492,1925,0,10
1778660644.2222989,2042,0,10
1778660644.224672,2185,0,10
1778660644.227408,2137,0,10
1778660644.229085,2060,0,10
1778660644.229362,1961,0,10
1778660644.230505,2018,0,10
1778660644.231195,1986,0,10
1778660644.233124,1969,0,10
1778660644.236424,2086,0,10
1778660644.236674,2206,0,10
1778660644.2369869,2321,0,10
1778660644.237382,2183,0,10
1778660644.240075,2065,0,10
1778660644.241456,1986,0,10
1778660644.242838,2081,0,10
1778660644.250827,1889,0,10
1778660644.2509718,2076,0,10
1778660644.2521741,2087,0,10
1778660644.252392,2179,0,10
1778660644.257029,2127,0,10
1778660644.257684,2142,0,10
1778660644.258871,1940,0,10
1778660644.2600582,2004,0,10
1778660644.2654982,2017,0,10
1778660644.265695,1987,0,10
1778660644.265912,2057,0,10
1778660644.268692,2332,0,10
1778660644.2687738,2108,0,10
1778660644.2714171,2185,0,10
1778660644.272811,2114,0,10
1778660644.275594,1955,0,10
1778660644.276953,2060,0,10
1778660644.2845628,1830,0,10
1778660644.286237,1812,0,10
1778660644.2873468,2194,0,10
1778660644.289118,2232,0,10
1778660644.291112,2058,0,10
1778660644.2922292,2007,0,10
1778660644.292861,1972,0,10
1778660644.293526,2069,0,10
1778660644.297652,2019,0,10
1778660644.300946,1945,0,10
1778660644.301301,2103,0,10
1778660644.301773,2218,0,10
1778660644.304794,2157,0,10
1778660644.304846,2065,0,10
1778660644.3073359,2017,0,10
1778660644.3086588,2218,0,10
1778660644.3198779,1971,0,10
1778660644.320309,1828,0,10
1778660644.322175,1970,0,10
1778660644.322805,2264,0,10
1778660644.324167,2223,0,10
1778660644.326462,2006,0,10
1778660644.328707,1913,0,10
1778660644.329092,2014,0,10
1778660644.332155,2197,0,10
1778660644.332421,1950,0,10
1778660644.33264,1852,0,10
1778660644.332939,2058,0,10
1778660644.335488,2260,0,10
1778660644.33684,2237,0,10
1778660644.339597,2044,0,10
1778660644.340992,1990,0,10
1778660644.343881,2060,0,10
1778660644.345242,1970,0,10
1778660644.346577,1925,0,10
1778660644.354582,2111,0,10
1778660644.3558452,2207,0,10
1778660644.356617,2165,0,10
1778660644.3584058,2020,0,10
1778660644.3586261,1906,0,10
1778660644.358819,2004,0,10
1778660644.3616252,2020,0,10
1778660644.3639848,1913,0,10
1778660644.3668349,2044,0,10
1778660644.3699021,2239,0,10
1778660644.370189,2217,0,10
1778660644.3725162,2074,0,10
1778660644.373055,1941,0,10
1778660644.37456,2009,0,10
1778660644.3775098,2101,0,10
1778660644.383701,1939,0,10
1778660644.385319,2073,0,10
1778660644.389858,2165,0,10
1778660644.390513,2312,0,10
1778660644.392211,2098,0,10
1778660644.392373,2003,0,10
1778660644.393554,1985,0,10
1778660644.394161,1965,0,10
1778660644.3961039,1901,0,10
1778660644.399443,1924,0,10
1778660644.399918,2042,0,10
1778660644.40258,2284,0,10
1778660644.4026399,2229,0,10
1778660644.4052532,2063,0,10
1778660644.4065979,2017,0,10
1778660644.4092119,2076,0,10
1778660644.410547,1988,0,10
1778660644.4131598,1986,0,10
1778660644.414756,2073,0,10
1778660644.4239209,2075,0,10
1778660644.426141,2000,0,10
1778660644.426801,2045,0,10
1778660644.426976,2195,0,10
1778660644.4271832,2148,0,10
1778660644.4298382,1975,0,10
1778660644.432222,1778,0,10
1778660644.435267,2019,0,10
1778660644.43558,2230,0,10
1778660644.435776,2310,0,10
1778660644.4386592,2021,0,10
1778660644.438719,1972,0,10
1778660644.441372,1983,0,10
1778660644.442711,2040,0,10
1778660644.449976,1963,0,10
1778660644.451241,1932,0,10
1778660644.453002,2061,0,10
1778660644.453459,2276,0,10
1778660644.458365,2106,0,10
1778660644.459247,1952,0,10
1778660644.4640582,1847,0,10
1778660644.4644759,2033,0,10
1778660644.464899,1987,0,10
1778660644.46518,2033,0,10
1778660644.468116,2139,0,10
1778660644.4681978,2274,0,10
1778660644.469436,2302,0,10
1778660644.470747,2042,0,10
1778660644.4754062,1907,0,10
1778660644.4755452,1990,0,10
1778660644.47684,2068,0,10
1778660644.479327,1939,0,10
1778660644.4861372,2032,0,10
1778660644.4911501,1945,0,10
1778660644.493396,2182,0,10
1778660644.495171,2247,0,10
1778660644.49533,2043,0,10
1778660644.49734,2031,0,10
1778660644.5003898,2141,0,10
1778660644.5006561,1966,0,10
1778660644.501157,1907,0,10
1778660644.501363,2082,0,10
1778660644.501597,2298,0,10
1778660644.504322,2182,0,10
1778660644.504447,1973,0,10
1778660644.507946,1974,0,10
1778660644.509313,2079,0,10
1778660644.515583,2023,0,10
1778660644.515753,2041,0,10
1778660644.516458,2015,0,10
1778660644.519246,2178,0,10
1778660644.521698,2133,0,10
1778660644.522392,2146,0,10
1778660644.523063,2000,0,10
1778660644.52728,2022,0,10
1778660644.5275068,2183,0,10
1778660644.5306828,1961,0,10
1778660644.530905,1887,0,10
1778660644.533818,2047,0,10
1778660644.5351481,2069,0,10
1778660644.5364711,1972,0,10
1778660644.539169,2062,0,10
1778660644.540503,1993,0,10
1778660644.543102,2053,0,10
1778660644.5444548,2017,0,10
1778660644.5533981,1946,0,10
1778660644.5558321,2106,0,10
1778660644.55874,2300,0,10
1778660644.561362,2298,0,10
1778660644.566771,2192,0,10
1778660644.567179,2021,0,10
1778660644.567553,1991,0,10
1778660644.567859,2025,0,10
1778660644.568115,1863,0,10
1778660644.5684412,1988,0,10
1778660644.57089,2151,0,10
1778660644.5712352,2171,0,10
1778660644.57129,2110,0,10
1778660644.572636,2088,0,10
1778660644.575265,2038,0,10
1778660644.576776,1920,0,10
1778660644.5820959,1909,0,10
1778660644.582677,1981,0,10
1778660644.582914,2112,0,10
1778660644.586101,2222,0,10
1778660644.5892181,2100,0,10
1778660644.591423,1975,0,10
1778660644.5964942,2017,0,10
1778660644.596672,2157,0,10
1778660644.59686,1915,0,10
1778660644.597028,1942,0,10
1778660644.600055,2108,0,10
1778660644.601574,2220,0,10
1778660644.603053,2195,0,10
1778660644.6059148,2013,0,10
1778660644.607278,1976,0,10
1778660644.608641,2139,0,10
1778660644.6112761,2026,0,10
1778660644.613013,1938,0,10
1778660644.619335,2045,0,10
1778660644.6210501,2189,0,10
1778660644.622734,2141,0,10
1778660644.622872,2093,0,10
1778660644.6233852,1989,0,10
1778660644.626664,2047,0,10
1778660644.6268969,1992,0,10
1778660644.628768,1904,0,10
1778660644.63127,2061,0,10
1778660644.6342442,2099,0,10
1778660644.636856,2260,0,10
1778660644.637472,2085,0,10
1778660644.638827,1967,0,10
1778660644.641443,1987,0,10
1778660644.6428401,2056,0,10
1778660644.648777,1988,0,10
1778660644.651975,1903,0,10
1778660644.6548438,2061,0,10
1778660644.6560278,2227,0,10
1778660644.658158,2152,0,10
1778660644.660034,2053,0,10
1778660644.660397,1973,0,10
1778660644.663339,2057,0,10
1778660644.6636212,2032,0,10
1778660644.663797,1883,0,10
1778660644.666122,2009,0,10
1778660644.667464,2210,0,10
1778660644.668853,2145,0,10
1778660644.67152,2041,0,10
1778660644.6728709,2031,0,10
1778660644.675494,2033,0,10
1778660644.676724,2046,0,10
1778660644.688349,1979,0,10
1778660644.691093,1983,0,10
1778660644.691776,2135,0,10
1778660644.692416,2293,0,10
1778660644.693116,2135,0,10
1778660644.693868,2072,0,10
1778660644.693978,1993,0,10
1778660644.695125,2023,0,10
1778660644.697196,1980,0,10
1778660644.699976,1909,0,10
1778660644.700289,2000,0,10
1778660644.700446,2264,0,10
1778660644.7032902,2208,0,10
1778660644.704643,2098,0,10
1778660644.706828,2024,0,10
1778660644.714443,2026,0,10
1778660644.7151082,2013,0,10
1778660644.716318,1884,0,10
1778660644.7170691,1950,0,10
1778660644.718932,2142,0,10
1778660644.7193532,2257,0,10
1778660644.722731,2127,0,10
1778660644.7244601,2026,0,10
1778660644.7251232,2009,0,10
1778660644.727815,2112,0,10
1778660644.730864,1901,0,10
1778660644.733556,1960,0,10
1778660644.734376,2095,0,10
1778660644.734433,2240,0,10
1778660644.737068,2070,0,10
1778660644.7384162,2069,0,10
1778660644.741056,1914,0,10
1778660644.7423801,2074,0,10
1778660644.744972,1991,0,10
1778660644.751483,1938,0,10
1778660644.752,2137,0,10
1778660644.752154,2253,0,10
1778660644.75535,2141,0,10
1778660644.7555158,2077,0,10
1778660644.757683,1993,0,10
1778660644.759477,2023,0,10
1778660644.762454,1940,0,10
1778660644.765047,1888,0,10
1778660644.7653382,2072,0,10
1778660644.767639,2241,0,10
1778660644.7689621,2216,0,10
1778660644.770302,2046,0,10
1778660644.777288,1982,0,10
1778660644.777826,2035,0,10
1778660644.777937,2111,0,10
1778660644.779656,1938,0,10
1778660644.783104,1912,0,10
1778660644.784142,2037,0,10
1778660644.7850869,2189,0,10
1778660644.790674,2200,0,10
1778660644.790953,2070,0,10
1778660644.79137,1947,0,10
1778660644.794202,1964,0,10
1778660644.794347,2009,0,10
1778660644.79698,1992,0,10
1778660644.798353,2117,0,10
1778660644.8009632,2203,0,10
1778660644.802314,2127,0,10
1778660644.804933,2078,0,10
1778660644.812035,2024,0,10
1778660644.8140008,2088,0,10
1778660644.81659,2044,0,10
1778660644.819052,1905,0,10
1778660644.821399,2069,0,10
1778660644.821611,2117,0,10
1778660644.821816,2183,0,10
1778660644.8243861,2052,0,10
1778660644.8252811,1975,0,10
1778660644.825818,2016,0,10
1778660644.8277571,2054,0,10
1778660644.8291142,1947,0,10
1778660644.830443,1921,0,10
1778660644.833153,2092,0,10
1778660644.838805,2250,0,10
1778660644.8393269,2115,0,10
1778660644.841762,2098,0,10
1778660644.841988,2045,0,10
1778660644.844736,1994,0,10
1778660644.847112,1942,0,10
1778660644.8517509,1933,0,10
1778660644.8519459,2087,0,10
1778660644.852329,2252,0,10
1778660644.852463,2096,0,10
1778660644.8553889,2074,0,10
1778660644.8567219,2055,0,10
1778660644.8593228,2108,0,10
1778660644.860647,2074,0,10
1778660644.863252,1907,0,10
1778660644.864578,1944,0,10
1778660644.867467,2160,0,10
1778660644.873384,2214,0,10
1778660644.873593,2087,0,10
1778660644.8742652,1998,0,10
1778660644.874996,1922,0,10
1778660644.8769689,1974,0,10
1778660644.880171,1920,0,10
1778660644.880779,1979,0,10
1778660644.887475,2152,0,10
1778660644.887736,2301,0,10
1778660644.887872,2137,0,10
1778660644.8905962,1993,0,10
1778660644.8906848,1974,0,10
1778660644.8932219,2087,0,10
1778660644.894568,2031,0,10
1778660644.901999,1965,0,10
1778660644.903088,1995,0,10
1778660644.905262,2109,0,10
1778660644.905461,2167,0,10
1778660644.905664,2091,0,10
1778660644.908926,1928,0,10
1778660644.909087,2077,0,10
1778660644.911337,1980,0,10
1778660644.91345,1796,0,10
1778660644.916492,1889,0,10
1778660644.916824,2183,0,10
1778660644.9190788,2198,0,10
1778660644.9204211,1731,0,10
1778660644.922882,1962,0,10
1778660644.924205,2170,0,10
1778660644.926827,2269,0,10
1778660644.92945,2087,0,10
1778660644.9308019,1986,0,10
1778660644.938217,2072,0,10
1778660644.939351,2393,0,10
1778660644.941143,2362,0,10
1778660644.94356,2221,0,10
1778660644.944215,2045,0,10
1778660644.9448068,2036,0,10
1778660644.94497,1902,0,10
1778660644.9518259,1748,0,10
1778660644.9521039,1863,0,10
1778660644.952372,2016,0,10
1778660644.9527931,2026,0,10
1778660644.9556181,1996,0,10
1778660644.956984,1937,0,10
1778660644.958325,1952,0,10
1778660644.966017,1969,0,10
1778660644.967131,2127,0,10
1778660644.9681458,2355,0,10
1778660644.969928,2285,0,10
1778660644.970331,2314,0,10
1778660644.972925,2162,0,10
1778660644.974064,2064,0,10
1778660644.980287,1823,0,10
1778660644.980462,2054,0,10
1778660644.981296,1937,0,10
1778660644.981537,1822,0,10
1778660644.9840908,2024,0,10
1778660644.985506,2235,0,10
1778660644.9867468,2036,0,10
1778660644.989523,1798,0,10
1778660644.9908748,1791,0,10
1778660644.99222,2266,0,10
1778660644.994685,2148,0,10
1778660645.002767,1872,0,10
1778660645.003516,2112,0,10
1778660645.0057228,2368,0,10
1778660645.0078368,2274,0,10
1778660645.010454,2147,0,10
1778660645.0115001,1918,0,10
1778660645.014061,1851,0,10
1778660645.0170429,1775,0,10
1778660645.017534,1644,0,10
1778660645.018107,1946,0,10
1778660645.0202591,2154,0,10
1778660645.021344,2217,0,10
1778660645.021419,2119,0,10
1778660645.022965,2142,0,10
1778660645.0243368,2072,0,10
1778660645.026456,2132,0,10
1778660645.037098,2032,0,10
1778660645.038334,1803,0,10
1778660645.039465,1953,0,10
1778660645.039778,2169,0,10
1778660645.040582,2112,0,10
1778660645.041264,1938,0,10
1778660645.042409,1975,0,10
1778660645.043262,2067,0,10
1778660645.0478752,1994,0,10
1778660645.0482502,1903,0,10
1778660645.048752,1997,0,10
1778660645.051507,2053,0,10
1778660645.0529,2072,0,10
1778660645.054247,2103,0,10
1778660645.056882,2035,0,10
1778660645.058489,2111,0,10
1778660645.0610402,2046,0,10
1778660645.0623722,1895,0,10
1778660645.0697489,1899,0,10
1778660645.070337,2208,0,10
1778660645.070569,2310,0,10
1778660645.0716429,2117,0,10
1778660645.075566,1903,0,10
1778660645.076533,1966,0,10
1778660645.077237,1977,0,10
1778660645.078989,1956,0,10
1778660645.0837429,1910,0,10
1778660645.084099,2075,0,10
1778660645.084775,2339,0,10
1778660645.086956,2145,0,10
1778660645.088361,2037,0,10
1778660645.090868,2102,0,10
1778660645.0922828,2097,0,10
1778660645.100111,1678,0,10
1778660645.1007092,1728,0,10
1778660645.1009002,2146,0,10
1778660645.102166,2150,0,10
1778660645.104288,2202,0,10
1778660645.104523,2095,0,10
1778660645.1073909,1983,0,10
1778660645.11022,2149,0,10
1778660645.112221,2141,0,10
1778660645.1150122,2183,0,10
1778660645.115278,2265,0,10
1778660645.118208,2261,0,10
1778660645.11828,2252,0,10
1778660645.120908,1929,0,10
1778660645.1222458,1996,0,10
1778660645.1248798,2037,0,10
1778660645.1262121,1972,0,10
1778660645.128614,1723,0,10
1778660645.1365602,1811,0,10
1778660645.137771,2111,0,10
1778660645.137929,2338,0,10
1778660645.140009,2135,0,10
1778660645.1401222,2158,0,10
1778660645.140398,2279,0,10
1778660645.1446888,2251,0,10
1778660645.1454341,2160,0,10
1778660645.147684,1717,0,10
1778660645.150857,1976,0,10
1778660645.150986,2146,0,10
1778660645.154028,2177,0,10
1778660645.1541781,2091,0,10
1778660645.156843,2044,0,10
1778660645.1582239,2039,0,10
1778660645.164939,1910,0,10
1778660645.1667268,1902,0,10
1778660645.168888,2072,0,10
1778660645.169049,2128,0,10
1778660645.1708002,2003,0,10
1778660645.171435,1740,0,10
1778660645.173236,1892,0,10
1778660645.179567,2133,0,10
1778660645.180031,2244,0,10
1778660645.1803288,2159,0,10
1778660645.1823769,2218,0,10
1778660645.1831539,2281,0,10
1778660645.184504,2315,0,10
1778660645.187131,2057,0,10
1778660645.1886148,2123,0,10
1778660645.191347,2116,0,10
1778660645.192493,2075,0,10
1778660645.201232,1872,0,10
1778660645.204405,1787,0,10
1778660645.206954,1577,0,10
1778660645.207618,2182,0,10
1778660645.208308,2291,0,10
1778660645.209538,2151,0,10
1778660645.2112472,1939,0,10
1778660645.221164,1978,0,10
1778660645.221316,2192,0,10
1778660645.221411,2042,0,10
1778660645.221471,1945,0,10
1778660645.2215219,2353,0,10
1778660645.22157,2550,0,10
1778660645.222207,2239,0,10
1778660645.22226,1951,0,10
1778660645.244579,1871,0,10
1778660645.245169,1960,0,10
1778660645.24595,2042,0,10
1778660645.250509,1871,0,10
1778660645.250826,1901,0,10
1778660645.250877,2018,0,10
1778660645.251334,2192,0,10
1778660645.2518349,2182,0,10
1778660645.251918,2088,0,10
1778660645.252023,1994,0,10
1778660645.2521222,1629,0,10
1778660645.2521589,1762,0,10
1778660645.2521951,1987,0,10
1778660645.252299,2482,0,10
1778660645.2523851,2578,0,10
1778660645.255258,2102,0,10
1778660645.258392,1828,0,10
1778660645.260003,1938,0,10
1778660645.260173,2250,0,10
1778660645.2628381,2068,0,10
1778660645.2842848,1916,0,10
1778660645.287322,2117,0,10
1778660645.288094,2228,0,10
1778660645.288138,2011,0,10
1778660645.291706,1890,0,10
1778660645.29185,1911,0,10
1778660645.2922409,1966,0,10
1778660645.2924118,2000,0,10
1778660645.292453,1922,0,10
1778660645.2925482,2052,0,10
1778660645.292583,2179,0,10
1778660645.294293,1975,0,10
1778660645.305674,1819,0,10
1778660645.321514,1531,0,10
1778660645.321682,2191,0,10
1778660645.32175,2562,0,10
1778660645.3218062,2296,0,10
1778660645.321858,1990,0,10
1778660645.323871,1944,0,10
1778660645.324238,2042,0,10
1778660645.324325,2363,0,10
1778660645.324587,2406,0,10
1778660645.324915,2184,0,10
1778660645.325674,1968,0,10
1778660645.325751,1810,0,10
1778660645.3271549,1875,0,10
1778660645.327322,2157,0,10
1778660645.327384,2280,0,10
1778660645.327436,1994,0,10
1778660645.3274848,2056,0,10
1778660645.328466,1610,0,10
1778660645.328536,1875,0,10
1778660645.3286579,2198,0,10
1778660645.355795,2152,0,10
1778660645.358926,2109,0,10
1778660645.359096,2191,0,10
1778660645.360794,2046,0,10
1778660645.360839,1913,0,10
1778660645.360966,2014,0,10
1778660645.361088,2138,0,10
1778660645.36263,2300,0,10
1778660645.362729,1895,0,10
1778660645.362772,1980,0,10
1778660645.362807,2066,0,10
1778660645.362889,2323,0,10
1778660645.363015,2439,0,10
1778660645.3630521,2232,0,10
1778660645.3631659,2067,0,10
1778660645.3640718,1892,0,10
1778660645.3641868,1693,0,10
1778660645.364249,1742,0,10
1778660645.39949,2055,0,10
1778660645.410175,2305,0,10
1778660645.410321,1966,0,10
1778660645.410492,2146,0,10
1778660645.4107368,1759,0,10
1778660645.410978,1772,0,10
1778660645.411059,1651,0,10
1778660645.411236,2167,0,10
1778660645.411272,2009,0,10
1778660645.4113972,2216,0,10
1778660645.411668,2613,0,10
1778660645.41213,2425,0,10
1778660645.412246,2368,0,10
1778660645.4123719,2325,0,10
1778660645.412516,2171,0,10
1778660645.4126961,1807,0,10
1778660645.412776,1852,0,10
1778660645.412836,2316,0,10
1778660645.412887,1933,0,10
1778660645.412937,1638,0,10
1778660645.4129841,1790,0,10
1778660645.413124,2155,0,10
1778660645.413176,2253,0,10
1778660645.413224,2123,0,10
1778660645.420992,1916,0,10
1778660645.42754,2116,0,10
1778660645.434867,2694,0,10
1778660645.4354281,2348,0,10
1778660645.438133,1924,0,10
1778660645.4381812,1810,0,10
1778660645.438266,2100,0,10
1778660645.438327,2124,0,10
1778660645.438359,1840,0,10
1778660645.438389,1851,0,10
1778660645.438418,2216,0,10
1778660645.438532,1899,0,10
1778660645.438646,1925,0,10
1778660645.440074,1836,0,10
1778660645.442952,1919,0,10
1778660645.448069,2363,0,10
1778660645.4494138,2058,0,10
1778660645.451062,1902,0,10
1778660645.455612,2237,0,10
1778660645.459795,2778,0,10
1778660645.462613,2531,0,10
1778660645.462653,1976,0,10
1778660645.4626849,2051,0,10
1778660645.4627142,1670,0,10
1778660645.462743,1875,0,10
1778660645.464148,2010,0,10
1778660645.466717,2261,0,10
1778660645.468228,2458,0,10
1778660645.470805,2110,0,10
1778660645.472102,1864,0,10
1778660645.474899,1990,0,10
1778660645.4811149,2086,0,10
1778660645.4831302,1726,0,10
1778660645.4852102,1844,0,10
1778660645.485876,2320,0,10
1778660645.486988,1792,0,10
1778660645.49052,1610,0,10
1778660645.493608,1909,0,10
1778660645.496518,2215,0,10
1778660645.496581,1985,0,10
1778660645.4966888,2549,0,10
1778660645.497088,2284,0,10
1778660645.498497,2010,0,10
1778660645.50124,2108,0,10
1778660645.5069609,2349,0,10
1778660645.508851,2325,0,10
1778660645.510551,2139,0,10
1778660645.5107079,1946,0,10
1778660645.5135128,1826,0,10
1778660645.5159192,1768,0,10
1778660645.5179908,2070,0,10
1778660645.521191,2280,0,10
1778660645.521609,2242,0,10
1778660645.523402,2251,0,10
1778660645.5241091,2165,0,10
1778660645.524255,2014,0,10
1778660645.5269592,1956,0,10
1778660645.528386,1918,0,10
1778660645.5312362,1887,0,10
1778660645.532641,2215,0,10
1778660645.5351171,2374,0,10
1778660645.541874,2330,0,10
1778660645.5449028,1974,0,10
1778660645.545273,2006,0,10
1778660645.549095,2178,0,10
1778660645.554844,2455,0,10
1778660645.555069,2118,0,10
1778660645.555388,2241,0,10
1778660645.5580642,2235,0,10
1778660645.558115,2295,0,10
1778660645.558184,2314,0,10
1778660645.5582678,2258,0,10
1778660645.558321,2370,0,10
1778660645.561003,2285,0,10
1778660645.56246,2057,0,10
1778660645.5686111,1978,0,10
1778660645.57184,2208,0,10
1778660645.572006,2382,0,10
1778660645.572171,2166,0,10
1778660645.5722601,2177,0,10
1778660645.576639,2320,0,10
1778660645.5769038,2300,0,10
1778660645.5824928,2154,0,10
1778660645.582808,2069,0,10
1778660645.583147,2175,0,10
1778660645.585696,2458,0,10
1778660645.5872588,2336,0,10
1778660645.588653,2273,0,10
1778660645.590288,2108,0,10
1778660645.592958,2120,0,10
1778660645.5946,2169,0,10
1778660645.597286,1921,0,10
1778660645.604794,1939,0,10
1778660645.606524,2012,0,10
1778660645.608641,2245,0,10
1778660645.609271,2475,0,10
1778660645.610965,2269,0,10
1778660645.611593,2099,0,10
1778660645.611711,2197,0,10
1778660645.614435,2218,0,10
1778660645.614621,2157,0,10
1778660645.617651,2065,0,10
1778660645.620556,2387,0,10
1778660645.620626,2277,0,10
1778660645.6219578,2158,0,10
1778660645.624563,2076,0,10
1778660645.633798,1836,0,10
1778660645.634122,1891,0,10
1778660645.634423,2152,0,10
1778660645.637422,2261,0,10
1778660645.638434,2588,0,10
1778660645.6394932,2397,0,10
1778660645.640069,2100,0,10
1778660645.641841,2098,0,10
1778660645.644747,2177,0,10
1778660645.64523,2164,0,10
1778660645.6472561,2055,0,10
1778660645.648615,2072,0,10
1778660645.649947,2160,0,10
1778660645.652437,2181,0,10
1778660645.6550431,2053,0,10
1778660645.656359,1947,0,10
1778660645.666749,2059,0,10
1778660645.666974,2159,0,10
1778660645.6671731,1976,0,10
1778660645.667604,1926,0,10
1778660645.6678,2229,0,10
1778660645.6701388,2346,0,10
1778660645.6702468,2122,0,10
1778660645.674382,2053,0,10
1778660645.674593,2131,0,10
1778660645.678231,2247,0,10
1778660645.6785028,2061,0,10
1778660645.6811001,2073,0,10
1778660645.682457,2146,0,10
1778660645.684059,2365,0,10
1778660645.6920152,2319,0,10
1778660645.694473,2082,0,10
1778660645.6970801,1928,0,10
1778660645.698248,2096,0,10
1778660645.698806,2186,0,10
1778660645.698933,2067,0,10
1778660645.6994739,2022,0,10
1778660645.7021718,2198,0,10
1778660645.7049239,2258,0,10
1778660645.705506,2112,0,10
1778660645.708267,2143,0,10
1778660645.7083368,2090,0,10
1778660645.709993,2048,0,10
1778660645.712636,1861,0,10
1778660645.713989,1926,0,10
1778660645.716612,2202,0,10
1778660645.717961,2251,0,10
1778660645.724753,2090,0,10
1778660645.724951,2197,0,10
1778660645.727215,1985,0,10
1778660645.7274969,2287,0,10
1778660645.730481,2215,0,10
1778660645.7315469,2103,0,10
1778660645.737203,2071,0,10
1778660645.737688,2249,0,10
1778660645.7379332,2227,0,10
1778660645.738168,2034,0,10
1778660645.7407339,1850,0,10
1778660645.742072,1850,0,10
1778660645.744684,2009,0,10
1778660645.750439,1836,0,10
1778660645.751843,1931,0,10
1778660645.751971,2284,0,10
1778660645.753493,2177,0,10
1778660645.755071,1945,0,10
1778660645.756667,2290,0,10
1778660645.759986,2364,0,10
1778660645.7600799,2308,0,10
1778660645.763146,1992,0,10
1778660645.7651682,1964,0,10
1778660645.7665,2030,0,10
1778660645.7678368,2309,0,10
1778660645.7705312,2256,0,10
1778660645.771931,2091,0,10
1778660645.774627,1981,0,10
1778660645.775968,1955,0,10
1778660645.782309,2030,0,10
1778660645.782987,1927,0,10
1778660645.7835252,1975,0,10
1778660645.7851038,2196,0,10
1778660645.788085,2185,0,10
1778660645.788882,2071,0,10
1778660645.790271,1653,0,10
1778660645.7926002,1992,0,10
1778660645.796257,2392,0,10
1778660645.7988229,2116,0,10
1778660645.798947,2104,0,10
1778660645.800308,2226,0,10
1778660645.803017,2340,0,10
1778660645.809935,2275,0,10
1778660645.810621,2117,0,10
1778660645.81164,1982,0,10
1778660645.8133602,1893,0,10
1778660645.813535,1785,0,10
1778660645.8172522,1841,0,10
1778660645.8179042,1845,0,10
1778660645.8190641,2220,0,10
1778660645.8213801,2333,0,10
1778660645.824576,2033,0,10
1778660645.825259,1971,0,10
1778660645.8280761,1929,0,10
1778660645.8281338,2112,0,10
1778660645.830559,2131,0,10
1778660645.832963,2041,0,10
1778660645.834296,2224,0,10
1778660645.836763,2322,0,10
1778660645.838084,2004,0,10
1778660645.8407192,1906,0,10
1778660645.847209,2016,0,10
1778660645.847944,1924,0,10
1778660645.8490791,1964,0,10
1778660645.849299,1806,0,10
1778660645.853259,1958,0,10
1778660645.8552608,2344,0,10
1778660645.85635,2323,0,10
1778660645.857007,2182,0,10
1778660645.862438,2027,0,10
1778660645.862707,2125,0,10
1778660645.862853,2115,0,10
1778660645.8650272,1970,0,10
1778660645.8664372,1990,0,10
1778660645.86783,2219,0,10
1778660645.870432,2196,0,10
1778660645.877146,1996,0,10
1778660645.877377,1988,0,10
1778660645.878071,2035,0,10
1778660645.878763,2011,0,10
1778660645.88164,1942,0,10
1778660645.88389,2008,0,10
1778660645.884643,2094,0,10
1778660645.88739,2060,0,10
1778660645.892429,1964,0,10
1778660645.892768,1966,0,10
1778660645.893467,1988,0,10
1778660645.89611,1938,0,10
1778660645.8961751,1982,0,10
1778660645.898824,2099,0,10
1778660645.900202,2221,0,10
1778660645.902706,2284,0,10
1778660645.904107,2138,0,10
1778660645.906881,2085,0,10
1778660645.915714,2007,0,10
1778660645.917623,1928,0,10
1778660645.91794,1764,0,10
1778660645.920723,1889,0,10
1778660645.9233458,2132,0,10
1778660645.924047,2148,0,10
1778660645.926044,2136,0,10
1778660645.929535,2193,0,10
1778660645.9296992,2036,0,10
1778660645.9299781,2018,0,10
1778660645.930343,2106,0,10
1778660645.930732,2013,0,10
1778660645.933404,2139,0,10
1778660645.93474,2257,0,10
1778660645.936061,2128,0,10
1778660645.938696,1977,0,10
1778660645.944204,2073,0,10
1778660645.947922,2050,0,10
1778660645.950958,2063,0,10
1778660645.951135,1891,0,10
1778660645.953274,1845,0,10
1778660645.9557178,2069,0,10
1778660645.956001,2244,0,10
1778660645.956287,2062,0,10
1778660645.959438,1882,0,10
1778660645.959778,2001,0,10
1778660645.960042,2084,0,10
1778660645.962781,2116,0,10
1778660645.963947,2056,0,10
1778660645.96655,2134,0,10
1778660645.9678788,2243,0,10
1778660645.970645,2122,0,10
1778660645.97199,2066,0,10
1778660645.9747589,1998,0,10
1778660645.981125,2055,0,10
1778660645.984334,1925,0,10
1778660645.9847429,1801,0,10
1778660645.9850838,2006,0,10
1778660645.9869702,2207,0,10
1778660645.987623,2194,0,10
1778660645.990261,2100,0,10
1778660645.990546,2020,0,10
1778660645.9965482,1993,0,10
1778660645.996934,2014,0,10
1778660645.997168,1931,0,10
1778660646.000257,1883,0,10
1778660646.0003421,2066,0,10
1778660646.003074,2236,0,10
1778660646.0044422,2089,0,10
1778660646.0112672,2000,0,10
1778660646.012799,2035,0,10
1778660646.01488,2051,0,10
1778660646.01503,2042,0,10
1778660646.01529,1851,0,10
1778660646.017357,2140,0,10
1778660646.019519,2333,0,10
1778660646.02242,2250,0,10
1778660646.025532,2016,0,10
1778660646.02603,2072,0,10
1778660646.026206,2069,0,10
1778660646.028576,1984,0,10
1778660646.0298848,1923,0,10
1778660646.033526,2004,0,10
1778660646.034899,2137,0,10
1778660646.036196,2140,0,10
1778660646.03878,2061,0,10
1778660646.0401862,2017,0,10
1778660646.046636,2003,0,10
1778660646.047613,2125,0,10
1778660646.048202,2001,0,10
1778660646.049912,1997,0,10
1778660646.0503669,2122,0,10
1778660646.052759,2097,0,10
1778660646.055501,1807,0,10
1778660646.057228,2137,0,10
1778660646.0600462,2160,0,10
1778660646.0603871,2077,0,10
1778660646.0626922,1976,0,10
1778660646.0641012,2079,0,10
1778660646.066696,2231,0,10
1778660646.073768,2370,0,10
1778660646.074754,2275,0,10
1778660646.0782342,2017,0,10
1778660646.078849,1788,0,10
1778660646.079045,1894,0,10
1778660646.080537,1987,0,10
1778660646.080738,1908,0,10
1778660646.08372,1972,0,10
1778660646.0866911,2105,0,10
1778660646.0870929,2114,0,10
1778660646.089503,2043,0,10
1778660646.090843,1971,0,10
1778660646.092167,2087,0,10
1778660646.0948071,1957,0,10
1778660646.096271,1885,0,10
1778660646.09888,1886,0,10
1778660646.10027,2145,0,10
1778660646.1069481,2336,0,10
1778660646.109071,2328,0,10
1778660646.1137018,2162,0,10
1778660646.116118,2012,0,10
1778660646.1195168,2165,0,10
1778660646.119872,2036,0,10
1778660646.1204228,1938,0,10
1778660646.120615,1977,0,10
1778660646.120859,2188,0,10
1778660646.121203,2235,0,10
1778660646.1238332,1915,0,10
1778660646.123913,1834,0,10
1778660646.126453,2059,0,10
1778660646.1277828,2297,0,10
1778660646.135252,1890,0,10
1778660646.136482,2018,0,10
1778660646.138788,2132,0,10
1778660646.139215,2246,0,10
1778660646.142982,2018,0,10
1778660646.144094,2026,0,10
1778660646.144369,1926,0,10
1778660646.147161,2162,0,10
1778660646.150389,1923,0,10
1778660646.151253,2006,0,10
1778660646.15375,2131,0,10
1778660646.154082,2257,0,10
1778660646.154145,1917,0,10
1778660646.156799,2056,0,10
1778660646.158116,2070,0,10
1778660646.160714,1845,0,10
1778660646.1618738,1803,0,10
1778660646.1645498,1793,0,10
1778660646.165793,2149,0,10
1778660646.1721458,2097,0,10
1778660646.1755662,1962,0,10
1778660646.177397,1943,0,10
1778660646.178448,2047,0,10
1778660646.18001,2153,0,10
1778660646.181087,2095,0,10
1778660646.1816351,1947,0,10
1778660646.187187,1872,0,10
1778660646.19019,1874,0,10
1778660646.190269,2221,0,10
1778660646.190321,2179,0,10
1778660646.19037,1981,0,10
1778660646.1927738,1896,0,10
1778660646.1941178,1976,0,10
1778660646.200468,1834,0,10
1778660646.200595,1676,0,10
1778660646.20267,1971,0,10
1778660646.204365,2276,0,10
1778660646.204864,1940,0,10
1778660646.207066,1685,0,10
1778660646.209396,1931,0,10
1778660646.2123032,1904,0,10
1778660646.215489,1807,0,10
1778660646.215662,1745,0,10
1778660646.2159739,1948,0,10
1778660646.21888,2152,0,10
1778660646.220156,2161,0,10
1778660646.2228858,1958,0,10
1778660646.224098,1836,0,10
1778660646.226704,2028,0,10
1778660646.22805,2356,0,10
1778660646.230714,2204,0,10
1778660646.238443,2130,0,10
1778660646.2407098,2523,0,10
1778660646.241108,2750,0,10
1778660646.2434182,2410,0,10
1778660646.2450361,2316,0,10
1778660646.24514,2594,0,10
1778660646.245322,2789,0,10
1778660646.2472901,2296,0,10
1778660646.252138,2354,0,10
1778660646.252455,2660,0,10
1778660646.253453,3052,0,10
1778660646.2560189,2852,0,10
1778660646.2573419,2716,0,10
1778660646.2592971,2528,0,10
1778660646.260946,2583,0,10
1778660646.27107,2579,0,10
1778660646.271402,2428,0,10
1778660646.273767,2331,0,10
1778660646.274518,2374,0,10
1778660646.275153,2441,0,10
1778660646.276351,2245,0,10
1778660646.2780879,2109,0,10
1778660646.280334,2028,0,10
1778660646.2835588,2109,0,10
1778660646.2840462,1982,0,10
1778660646.284371,2022,0,10
1778660646.284561,2035,0,10
1778660646.287285,2200,0,10
1778660646.288676,2057,0,10
1778660646.2900128,2003,0,10
1778660646.292629,1941,0,10
1778660646.293949,2044,0,10
1778660646.296535,1928,0,10
1778660646.300661,1824,0,10
1778660646.3007832,2125,0,10
1778660646.3021839,2222,0,10
1778660646.313452,2172,0,10
1778660646.31358,2051,0,10
1778660646.313646,1946,0,10
1778660646.3137002,1894,0,10
1778660646.313754,1857,0,10
1778660646.313805,1897,0,10
1778660646.317587,2015,0,10
1778660646.31866,2089,0,10
1778660646.3204422,2050,0,10
1778660646.3264792,2102,0,10
1778660646.326633,1975,0,10
1778660646.3274949,2035,0,10
1778660646.329567,2119,0,10
1778660646.3303978,2050,0,10
1778660646.331743,1934,0,10
1778660646.334337,2094,0,10
1778660646.3356721,2326,0,10
1778660646.341783,2011,0,10
1778660646.341953,1895,0,10
1778660646.3425338,1860,0,10
1778660646.3451362,2065,0,10
1778660646.34781,2023,0,10
1778660646.348043,1878,0,10
1778660646.349807,2050,0,10
1778660646.355587,2180,0,10
1778660646.355933,2085,0,10
1778660646.3561652,2039,0,10
1778660646.359138,2155,0,10
1778660646.360641,2078,0,10
1778660646.361984,2012,0,10
1778660646.364606,1900,0,10
1778660646.365945,1989,0,10
1778660646.368577,2235,0,10
1778660646.3699389,2094,0,10
1778660646.378423,1985,0,10
1778660646.3792,2001,0,10
1778660646.3815758,2020,0,10
1778660646.383683,2006,0,10
1778660646.385223,1921,0,10
1778660646.3859148,1894,0,10
1778660646.386422,2175,0,10
1778660646.388253,2236,0,10
1778660646.39328,2118,0,10
1778660646.393636,2017,0,10
1778660646.394046,2050,0,10
1778660646.394218,2003,0,10
1778660646.397192,2006,0,10
1778660646.398568,2000,0,10
1778660646.399893,2056,0,10
1778660646.4026508,2172,0,10
1778660646.4094238,2193,0,10
1778660646.411639,2077,0,10
1778660646.413676,2030,0,10
1778660646.414752,2023,0,10
1778660646.4174988,2009,0,10
1778660646.4229739,1940,0,10
1778660646.4232562,2051,0,10
1778660646.423434,2214,0,10
1778660646.4236412,2156,0,10
1778660646.423854,2110,0,10
1778660646.4240792,1988,0,10
1778660646.4261608,2012,0,10
1778660646.428758,2007,0,10
1778660646.430101,1939,0,10
1778660646.4327,1946,0,10
1778660646.434026,2257,0,10
1778660646.436682,2266,0,10
1778660646.438122,2065,0,10
1778660646.4461398,1993,0,10
1778660646.4484322,1995,0,10
1778660646.448672,2082,0,10
1778660646.4490612,1911,0,10
1778660646.451294,1962,0,10
1778660646.452808,2085,0,10
1778660646.45395,2279,0,10
1778660646.4611158,2168,0,10
1778660646.4613929,2038,0,10
1778660646.461617,2024,0,10
1778660646.461792,2072,0,10
1778660646.464407,1953,0,10
1778660646.464483,1892,0,10
1778660646.465813,2054,0,10
1778660646.468307,2259,0,10
1778660646.469669,2252,0,10
1778660646.480008,2190,0,10
1778660646.4801311,1975,0,10
1778660646.4804611,1971,0,10
1778660646.480748,2029,0,10
1778660646.480851,1979,0,10
1778660646.483056,2008,0,10
1778660646.486478,2121,0,10
1778660646.488708,2231,0,10
1778660646.49166,2104,0,10
1778660646.492328,2061,0,10
1778660646.49255,2087,0,10
1778660646.495301,2065,0,10
1778660646.49669,1969,0,10
1778660646.498065,1965,0,10
1778660646.500747,2060,0,10
1778660646.5021272,2261,0,10
1778660646.503581,2131,0,10
1778660646.50623,2032,0,10
1778660646.507623,2036,0,10
1778660646.513916,2084,0,10
1778660646.5146601,2115,0,10
1778660646.515311,2012,0,10
1778660646.5179362,2035,0,10
1778660646.518177,2139,0,10
1778660646.520515,2182,0,10
1778660646.52248,2124,0,10
1778660646.525343,1979,0,10
1778660646.5278778,2009,0,10
1778660646.527912,2119,0,10
1778660646.5325692,2035,0,10
1778660646.532758,1879,0,10
1778660646.534069,2118,0,10
1778660646.541131,2302,0,10
1778660646.541758,2064,0,10
1778660646.542725,1916,0,10
1778660646.544061,1903,0,10
1778660646.544318,2018,0,10
1778660646.546627,1921,0,10
1778660646.548853,1945,0,10
1778660646.5510468,2165,0,10
1778660646.55608,2404,0,10
1778660646.556154,2256,0,10
1778660646.556418,2175,0,10
1778660646.557781,2118,0,10
1778660646.560385,2159,0,10
1778660646.561772,2053,0,10
1778660646.5642712,1980,0,10
1778660646.565618,2096,0,10
1778660646.5745761,2198,0,10
1778660646.576965,2143,0,10
1778660646.579783,2066,0,10
1778660646.5804422,2008,0,10
1778660646.581078,2020,0,10
1778660646.582198,2050,0,10
1778660646.582888,1955,0,10
1778660646.587192,1987,0,10
1778660646.58756,2136,0,10
1778660646.587868,2273,0,10
1778660646.58829,2053,0,10
1778660646.590959,1940,0,10
1778660646.59232,2126,0,10
1778660646.5936809,2282,0,10
1778660646.601884,2052,0,10
1778660646.605788,1892,0,10
1778660646.607646,1963,0,10
1778660646.608284,2218,0,10
1778660646.6089642,2187,0,10
1778660646.609668,2112,0,10
1778660646.609808,1968,0,10
1778660646.6140711,2104,0,10
1778660646.614414,2051,0,10
1778660646.614631,1881,0,10
1778660646.617064,2070,0,10
1778660646.618452,2252,0,10
1778660646.619763,2293,0,10
1778660646.622494,2167,0,10
1778660646.625799,2095,0,10
1778660646.626606,2087,0,10
1778660646.628151,2053,0,10
1778660646.637363,1894,0,10
1778660646.6381319,1947,0,10
1778660646.639671,2171,0,10
1778660646.6399481,2270,0,10
1778660646.640918,2012,0,10
1778660646.641163,2054,0,10
1778660646.643737,2024,0,10
1778660646.646435,2074,0,10
1778660646.646826,2019,0,10
1778660646.649654,1984,0,10
1778660646.6497412,2123,0,10
1778660646.65238,2238,0,10
1778660646.653718,2151,0,10
1778660646.660608,2064,0,10
1778660646.6626098,1939,0,10
1778660646.6630359,2059,0,10
1778660646.664609,2002,0,10
1778660646.665102,1958,0,10
1778660646.667635,1965,0,10
1778660646.669974,2170,0,10
1778660646.67258,2265,0,10
1778660646.672812,2182,0,10
1778660646.675306,2056,0,10
1778660646.676664,2023,0,10
1778660646.678018,2010,0,10
1778660646.679734,1947,0,10
1778660646.682372,2051,0,10
1778660646.683712,2148,0,10
1778660646.686215,2259,0,10
1778660646.6932638,2102,0,10
1778660646.695009,2023,0,10
1778660646.695267,2052,0,10
1778660646.6974552,2139,0,10
1778660646.698165,2053,0,10
1778660646.699127,1884,0,10
1778660646.700418,2137,0,10
1778660646.7024908,2260,0,10
1778660646.705211,2149,0,10
1778660646.7077389,2041,0,10
1778660646.7080588,1977,0,10
1778660646.710575,2007,0,10
1778660646.7119281,2008,0,10
1778660646.7180438,1937,0,10
1778660646.720343,2062,0,10
1778660646.720504,2280,0,10
1778660646.720958,2195,0,10
1778660646.7238872,2095,0,10
1778660646.725743,2058,0,10
1778660646.727964,2122,0,10
1778660646.72822,2121,0,10
1778660646.733078,1928,0,10
1778660646.733366,1965,0,10
1778660646.7334661,2078,0,10
1778660646.736136,2381,0,10
1778660646.737487,2143,0,10
1778660646.740118,1997,0,10
1778660646.7428741,2001,0,10
1778660646.7442172,2007,0,10
1778660646.7504919,1995,0,10
1778660646.7524679,2006,0,10
1778660646.754237,2104,0,10
1778660646.756171,2307,0,10
1778660646.756764,2152,0,10
1778660646.757407,2098,0,10
1778660646.7580879,1999,0,10
1778660646.761303,2047,0,10
1778660646.764189,2014,0,10
1778660646.7644212,1971,0,10
1778660646.766903,2029,0,10
1778660646.7682738,2221,0,10
1778660646.769783,2232,0,10
1778660646.7764769,2030,0,10
1778660646.777455,2036,0,10
1778660646.779968,1973,0,10
1778660646.781973,2032,0,10
1778660646.783027,2056,0,10
1778660646.783256,2000,0,10
1778660646.786828,2156,0,10
1778660646.789836,2232,0,10
1778660646.7903402,2036,0,10
1778660646.792348,2052,0,10
1778660646.793154,2176,0,10
1778660646.794571,2189,0,10
1778660646.795975,2097,0,10
1778660646.798684,2067,0,10
1778660646.800108,1903,0,10
1778660646.802794,2110,0,10
1778660646.809145,2068,0,10
1778660646.81112,2084,0,10
1778660646.8129401,2034,0,10
1778660646.813194,2020,0,10
1778660646.8159611,1821,0,10
1778660646.816731,1812,0,10
1778660646.817363,2089,0,10
1778660646.8234382,2318,0,10
1778660646.823901,2391,0,10
1778660646.8242838,2208,0,10
1778660646.824606,1989,0,10
1778660646.8273542,2035,0,10
1778660646.828758,2035,0,10
1778660646.830109,1832,0,10
1778660646.8315141,1906,0,10
1778660646.8415701,2141,0,10
1778660646.844516,2256,0,10
1778660646.846389,2132,0,10
1778660646.8492858,2079,0,10
1778660646.851891,2027,0,10
1778660646.852454,1997,0,10
1778660646.852973,2086,0,10
1778660646.855582,2098,0,10
1778660646.855708,2099,0,10
1778660646.85577,2200,0,10
1778660646.855857,1960,0,10
1778660646.855925,1866,0,10
1778660646.8586109,1932,0,10
1778660646.8600268,1773,0,10
1778660646.8625019,2151,0,10
1778660646.863901,2191,0,10
1778660646.866552,2228,0,10
1778660646.873763,2026,0,10
1778660646.874455,2225,0,10
1778660646.874636,2086,0,10
1778660646.877537,2234,0,10
1778660646.877762,2163,0,10
1778660646.8805492,1933,0,10
1778660646.882155,1859,0,10
1778660646.882323,1878,0,10
1778660646.885684,1988,0,10
1778660646.888381,2069,0,10
1778660646.889044,2213,0,10
1778660646.8920121,2161,0,10
1778660646.892082,2169,0,10
1778660646.893449,2157,0,10
1778660646.8960152,1967,0,10
1778660646.9029062,1956,0,10
1778660646.906044,2004,0,10
1778660646.906385,2127,0,10
1778660646.910402,2196,0,10
1778660646.9106581,2075,0,10
1778660646.911243,2027,0,10
1778660646.9118369,2204,0,10
1778660646.912503,1614,0,10
1778660646.914436,1628,0,10
1778660646.917312,2191,0,10
1778660646.917589,2224,0,10
1778660646.920751,2137,0,10
1778660646.92232,2089,0,10
1778660646.923693,2006,0,10
1778660646.9261491,1940,0,10
1778660646.9276779,2089,0,10
1778660646.930356,1997,0,10
1778660646.9316962,2080,0,10
1778660646.939413,2086,0,10
1778660646.942728,2258,0,10
1778660646.945045,2018,0,10
1778660646.947652,2025,0,10
1778660646.9487019,1993,0,10
1778660646.953543,1977,0,10
1778660646.9536908,1970,0,10
1778660646.95396,1978,0,10
1778660646.954318,2071,0,10
1778660646.954462,2131,0,10
1778660646.954612,2152,0,10
1778660646.957286,2021,0,10
1778660646.9575338,1888,0,10
1778660646.960172,1883,0,10
1778660646.961538,1985,0,10
1778660646.967834,2060,0,10
1778660646.967989,2119,0,10
1778660646.9690602,2112,0,10
1778660646.9717388,2168,0,10
1778660646.9735591,2075,0,10
1778660646.9746199,2054,0,10
1778660646.9764092,2021,0,10
1778660646.97917,2083,0,10
1778660646.981874,1889,0,10
1778660646.982348,1894,0,10
1778660646.985122,2092,0,10
1778660646.98649,2246,0,10
1778660646.9878058,2110,0,10
1778660646.9904199,1924,0,10
1778660646.9917629,1836,0,10
1778660646.994347,2116,0,10
1778660646.995569,2241,0,10
1778660647.0069451,1874,0,10
1778660647.00916,1992,0,10
1778660647.010259,2201,0,10
1778660647.010983,2239,0,10
1778660647.012126,1922,0,10
1778660647.0128598,1837,0,10
1778660647.015361,2221,0,10
1778660647.015575,2288,0,10
1778660647.018392,1990,0,10
1778660647.01861,2011,0,10
1778660647.018962,2227,0,10
1778660647.0211892,2258,0,10
1778660647.022539,2196,0,10
1778660647.0238888,1864,0,10
1778660647.026573,2212,0,10
1778660647.0337548,2241,0,10
1778660647.0363038,2014,0,10
1778660647.0403981,1829,0,10
1778660647.041464,2045,0,10
1778660647.047041,2202,0,10
1778660647.049536,1720,0,10
1778660647.0497952,2112,0,10
1778660647.0498428,2337,0,10
1778660647.04988,2161,0,10
1778660647.0499148,1937,0,10
1778660647.049949,1883,0,10
1778660647.049982,1924,0,10
1778660647.052628,2347,0,10
1778660647.054105,2407,0,10
1778660647.0555048,2197,0,10
1778660647.058144,1978,0,10
1778660647.0594828,2068,0,10
1778660647.067971,1957,0,10
1778660647.068702,1831,0,10
1778660647.0715148,1961,0,10
1778660647.072,2184,0,10
1778660647.072237,2054,0,10
1778660647.073787,1862,0,10
1778660647.074311,1901,0,10
1778660647.0757189,1945,0,10
1778660647.0824351,1909,0,10
1778660647.082816,1723,0,10
1778660647.083339,2058,0,10
1778660647.0855649,2557,0,10
1778660647.086389,2585,0,10
1778660647.087748,2284,0,10
1778660647.0904288,2147,0,10
1778660647.0917609,2075,0,10
1778660647.0980291,2088,0,10
1778660647.099285,1853,0,10
1778660647.101938,1398,0,10
1778660647.103832,1743,0,10
1778660647.1049511,2471,0,10
1778660647.106091,1887,0,10
1778660647.1072252,2008,0,10
1778660647.112732,2329,0,10
1778660647.113199,2207,0,10
1778660647.11368,2092,0,10
1778660647.113899,2069,0,10
1778660647.11663,2127,0,10
1778660647.1179662,2288,0,10
1778660647.1193988,2167,0,10
1778660647.12263,1901,0,10
1778660647.124005,2087,0,10
1778660647.125473,2116,0,10
1778660647.128165,2120,0,10
1778660647.138289,1995,0,10
1778660647.138605,1880,0,10
1778660647.138876,1987,0,10
1778660647.139165,2159,0,10
1778660647.142368,2133,0,10
1778660647.14315,2100,0,10
1778660647.1438909,1955,0,10
1778660647.1504881,1946,0,10
1778660647.1531122,1948,0,10
1778660647.1538491,1989,0,10
1778660647.1539142,2014,0,10
1778660647.153964,2040,0,10
1778660647.154015,2227,0,10
1778660647.156606,2132,0,10
1778660647.1579552,1957,0,10
1778660647.165994,2108,0,10
1778660647.168393,2167,0,10
1778660647.170409,2003,0,10
1778660647.171057,2022,0,10
1778660647.171638,2199,0,10
1778660647.172351,2275,0,10
1778660647.173057,2020,0,10
1778660647.174836,1954,0,10
1778660647.1767402,1948,0,10
1778660647.179709,1963,0,10
1778660647.179917,1871,0,10
1778660647.182108,1964,0,10
1778660647.183448,1966,0,10
1778660647.1860821,2242,0,10
1778660647.187436,2280,0,10
1778660647.190037,2141,0,10
1778660647.191361,2015,0,10
1778660647.193608,2088,0,10
1778660647.199914,1993,0,10
1778660647.2000132,1911,0,10
1778660647.200078,1988,0,10
1778660647.206513,2262,0,10
1778660647.2071629,2074,0,10
1778660647.2085052,1922,0,10
1778660647.21242,1934,0,10
1778660647.212561,2092,0,10
1778660647.2127411,2059,0,10
1778660647.215678,1872,0,10
1778660647.215924,2066,0,10
1778660647.218951,2216,0,10
1778660647.220292,2347,0,10
1778660647.221633,2200,0,10
1778660647.229842,1975,0,10
1778660647.2309399,1997,0,10
1778660647.231124,2116,0,10
1778660647.233106,1974,0,10
1778660647.233294,1877,0,10
1778660647.236727,2031,0,10
1778660647.237786,2199,0,10
1778660647.237945,2147,0,10
1778660647.2438452,1936,0,10
1778660647.244097,1660,0,10
1778660647.2443242,2154,0,10
1778660647.247328,2020,0,10
1778660647.247422,1981,0,10
1778660647.250149,2164,0,10
1778660647.25265,2220,0,10
1778660647.254153,2239,0,10
1778660647.255523,2185,0,10
1778660647.258165,1905,0,10
1778660647.259516,1779,0,10
1778660647.268181,2088,0,10
1778660647.2703412,2118,0,10
1778660647.272257,1880,0,10
1778660647.2738712,1938,0,10
1778660647.27459,1801,0,10
1778660647.276649,2031,0,10
1778660647.2787971,2157,0,10
1778660647.281939,1905,0,10
1778660647.282183,1219,0,10
1778660647.2824068,2179,0,10
1778660647.2827141,2675,0,10
1778660647.285322,2289,0,10
1778660647.285368,2286,0,10
1778660647.287935,2318,0,10
1778660647.2893472,2270,0,10
1778660647.295771,2108,0,10
1778660647.296889,2269,0,10
1778660647.2970319,1820,0,10
1778660647.299544,1453,0,10
1778660647.29972,1573,0,10
1778660647.302224,1880,0,10
1778660647.304429,2116,0,10
1778660647.309401,2080,0,10
1778660647.309567,1995,0,10
1778660647.309958,2134,0,10
1778660647.312507,2407,0,10
1778660647.313819,2086,0,10
1778660647.316446,2091,0,10
1778660647.3179572,1878,0,10
1778660647.319371,2245,0,10
1778660647.322077,1830,0,10
1778660647.323497,1550,0,10
1778660647.3352032,2223,0,10
1778660647.3368452,2422,0,10
1778660647.3375611,2034,0,10
1778660647.3382678,1918,0,10
1778660647.340559,2310,0,10
1778660647.343333,2539,0,10
1778660647.3437371,2185,0,10
1778660647.3441558,1768,0,10
1778660647.344418,2114,0,10
1778660647.346592,1970,0,10
1778660647.3472059,1634,0,10
1778660647.347471,1180,0,10
1778660647.350111,2135,0,10
1778660647.351454,2548,0,10
1778660647.3579142,2347,0,10
1778660647.358615,2141,0,10
1778660647.3591669,2057,0,10
1778660647.361311,2399,0,10
1778660647.3614998,2117,0,10
1778660647.3639581,1901,0,10
1778660647.366098,1884,0,10
1778660647.371213,1919,0,10
1778660647.3715148,2014,0,10
1778660647.3719318,1967,0,10
1778660647.374798,2134,0,10
1778660647.376132,2188,0,10
1778660647.377471,2035,0,10
1778660647.3801332,1609,0,10
1778660647.3814578,1758,0,10
1778660647.384196,2246,0,10
1778660647.3855429,1741,0,10
1778660647.3959591,1172,0,10
1778660647.3965409,2309,0,10
1778660647.396905,2681,0,10
1778660647.399477,2184,0,10
1778660647.40117,2005,0,10
1778660647.401812,2024,0,10
1778660647.402557,2088,0,10
1778660647.405153,2379,0,10
1778660647.408352,2408,0,10
1778660647.4087481,1807,0,10
1778660647.409589,1438,0,10
1778660647.409909,1859,0,10
1778660647.412693,2050,0,10
1778660647.414042,1639,0,10
1778660647.415363,1479,0,10
1778660647.418148,2188,0,10
1778660647.4236119,2774,0,10
1778660647.42532,2115,0,10
1778660647.42752,1346,0,10
1778660647.4276311,1226,0,10
1778660647.427954,2208,0,10
1778660647.430485,2362,0,10
1778660647.438159,2462,0,10
1778660647.438679,2174,0,10
1778660647.438868,2355,0,10
1778660647.43905,1930,0,10
1778660647.44173,2320,0,10
1778660647.441796,2385,0,10
1778660647.443352,2257,0,10
1778660647.4459672,1933,0,10
1778660647.447328,1529,0,10
1778660647.449805,1413,0,10
1778660647.452426,1921,0,10
1778660647.45865,2014,0,10
1778660647.46134,1866,0,10
1778660647.463287,1967,0,10
1778660647.4636931,2109,0,10
1778660647.466242,2029,0,10
1778660647.467057,1932,0,10
1778660647.468757,1891,0,10
1778660647.4716501,1977,0,10
1778660647.4718459,2268,0,10
1778660647.472001,2147,0,10
1778660647.4753401,1856,0,10
1778660647.475723,1669,0,10
1778660647.4778671,1718,0,10
1778660647.480389,1607,0,10
1778660647.481761,1758,0,10
1778660647.490326,2088,0,10
1778660647.491041,2050,0,10
1778660647.493257,1948,0,10
1778660647.493414,2298,0,10
1778660647.496876,2067,0,10
1778660647.4975529,1795,0,10
1778660647.497694,1781,0,10
1778660647.5042958,1773,0,10
1778660647.504699,2248,0,10
1778660647.5050051,2025,0,10
1778660647.505159,2141,0,10
1778660647.5079749,1660,0,10
1778660647.5080378,1468,0,10
1778660647.509377,2325,0,10
1778660647.512031,2298,0,10
1778660647.513383,2102,0,10
1778660647.516021,2101,0,10
1778660647.517354,2287,0,10
1778660647.519967,2640,0,10
1778660647.5256782,2166,0,10
1778660647.527812,2124,0,10
1778660647.531041,2245,0,10
1778660647.532816,2203,0,10
1778660647.533463,1931,0,10
1778660647.534679,1690,0,10
1778660647.535715,1769,0,10
1778660647.5359519,2143,0,10
1778660647.538032,2113,0,10
1778660647.541642,1783,0,10
1778660647.5420868,1940,0,10
1778660647.544843,2164,0,10
1778660647.5462139,1682,0,10
1778660647.5476952,1326,0,10
1778660647.55534,2120,0,10
1778660647.556098,2589,0,10
1778660647.5572438,2743,0,10
1778660647.557889,2259,0,10
1778660647.559665,2026,0,10
1778660647.559981,2115,0,10
1778660647.563615,2132,0,10
1778660647.565679,1980,0,10
1778660647.565823,1717,0,10
1778660647.5709062,1957,0,10
1778660647.571242,2050,0,10
1778660647.5715709,1974,0,10
1778660647.574528,1996,0,10
1778660647.5758982,2055,0,10
1778660647.577218,2088,0,10
1778660647.5798779,1809,0,10
1778660647.58248,2059,0,10
1778660647.583796,2051,0,10
1778660647.586399,2135,0,10
1778660647.588088,2317,0,10
1778660647.594439,2113,0,10
1778660647.595058,2027,0,10
1778660647.596075,2080,0,10
1778660647.597833,2050,0,10
1778660647.598054,1482,0,10
1778660647.6036658,1588,0,10
1778660647.605751,2323,0,10
1778660647.605841,2481,0,10
1778660647.609182,2188,0,10
1778660647.609683,1993,0,10
1778660647.6097841,2179,0,10
1778660647.612173,2307,0,10
1778660647.6135428,1936,0,10
1778660647.6162071,2023,0,10
1778660647.61746,2369,0,10
1778660647.619444,2320,0,10
1778660647.6260438,1929,0,10
1778660647.626188,1816,0,10
1778660647.627823,1906,0,10
1778660647.632836,2049,0,10
1778660647.634057,2161,0,10
1778660647.6351922,2079,0,10
1778660647.6353889,1795,0,10
1778660647.6381178,2077,0,10
1778660647.638497,2234,0,10
1778660647.642049,2185,0,10
1778660647.642526,2071,0,10
1778660647.645301,2035,0,10
1778660647.645359,1997,0,10
1778660647.6480079,2082,0,10
1778660647.64936,2216,0,10
1778660647.651902,2333,0,10
1778660647.6533508,2234,0,10
1778660647.656359,2049,0,10
1778660647.662706,1930,0,10
1778660647.6639628,1988,0,10
1778660647.668343,2154,0,10
1778660647.66909,2023,0,10
1778660647.6711721,1873,0,10
1778660647.6725,2071,0,10
1778660647.673058,2279,0,10
1778660647.6751812,2091,0,10
1778660647.678684,2029,0,10
1778660647.679153,1914,0,10
1778660647.679734,1742,0,10
1778660647.682243,1854,0,10
1778660647.682553,2374,0,10
1778660647.6839948,2437,0,10
1778660647.685341,2400,0,10
1778660647.6937191,2222,0,10
1778660647.6944032,2197,0,10
1778660647.6970801,2153,0,10
1778660647.697292,2123,0,10
1778660647.697561,2105,0,10
1778660647.6977432,1941,0,10
1778660647.699821,1958,0,10
1778660647.701632,2092,0,10
1778660647.704764,2151,0,10
1778660647.7082949,2028,0,10
1778660647.70847,2023,0,10
1778660647.711311,2032,0,10
1778660647.711371,2105,0,10
1778660647.713973,1968,0,10
1778660647.715364,1987,0,10
1778660647.718001,2131,0,10
1778660647.7192671,2098,0,10
1778660647.7218938,2032,0,10
1778660647.728641,1972,0,10
1778660647.729872,2108,0,10
1778660647.7303958,2118,0,10
1778660647.7305589,1920,0,10
1778660647.733054,2047,0,10
1778660647.7352881,2244,0,10
1778660647.736104,2256,0,10
1778660647.7390442,2090,0,10
1778660647.741256,2097,0,10
1778660647.744768,1979,0,10
1778660647.7452009,2227,0,10
1778660647.745614,2158,0,10
1778660647.748585,1918,0,10
1778660647.7499678,1888,0,10
1778660647.7513258,2101,0,10
1778660647.759812,1793,0,10
1778660647.763293,2133,0,10
1778660647.765497,2514,0,10
1778660647.766229,2238,0,10
1778660647.767762,2088,0,10
1778660647.7684338,2061,0,10
1778660647.768987,2115,0,10
1778660647.7695858,2265,0,10
1778660647.771557,2372,0,10
1778660647.7748759,2015,0,10
1778660647.77507,1931,0,10
1778660647.775302,1950,0,10
1778660647.778313,2039,0,10
1778660647.77967,1959,0,10
1778660647.7822511,1985,0,10
1778660647.78356,2031,0,10
1778660647.786138,2331,0,10
1778660647.7875772,2382,0,10
1778660647.790439,2134,0,10
1778660647.796146,1762,0,10
1778660647.797345,1829,0,10
1778660647.797493,1950,0,10
1778660647.799456,2024,0,10
1778660647.800003,1922,0,10
1778660647.802876,2086,0,10
1778660647.805054,2199,0,10
1778660647.809948,2343,0,10
1778660647.810339,2256,0,10
1778660647.8108082,2134,0,10
1778660647.813044,2114,0,10
1778660647.813217,1978,0,10
1778660647.815886,1968,0,10
1778660647.818323,2069,0,10
1778660647.82406,2207,0,10
1778660647.824773,2183,0,10
1778660647.827768,2045,0,10
1778660647.828125,1976,0,10
1778660647.828314,2040,0,10
1778660647.830257,1963,0,10
1778660647.8350239,1950,0,10
1778660647.83542,2098,0,10
1778660647.838613,2260,0,10
1778660647.838791,2239,0,10
1778660647.841544,1877,0,10
1778660647.8415859,1832,0,10
1778660647.844193,1979,0,10
1778660647.8455539,2002,0,10
1778660647.848226,1715,0,10
1778660647.849615,1979,0,10
1778660647.852494,2481,0,10
1778660647.85825,2564,0,10
1778660647.8594549,2151,0,10
1778660647.860137,2126,0,10
1778660647.861778,2095,0,10
1778660647.86219,2146,0,10
1778660647.8647318,2020,0,10
1778660647.8674,1930,0,10
1778660647.869188,2039,0,10
1778660647.869438,2097,0,10
1778660647.872714,1976,0,10
1778660647.875432,1917,0,10
1778660647.875496,1984,0,10
1778660647.878082,2098,0,10
1778660647.879406,1956,0,10
1778660647.886973,1952,0,10
1778660647.890906,2117,0,10
1778660647.891575,2345,0,10
1778660647.8922,2305,0,10
1778660647.893278,2069,0,10
1778660647.893501,1968,0,10
1778660647.8947031,2069,0,10
1778660647.9003441,1937,0,10
1778660647.9007318,2031,0,10
1778660647.901161,2110,0,10
1778660647.90136,2121,0,10
1778660647.9033759,2174,0,10
1778660647.9060092,2141,0,10
1778660647.9073431,2094,0,10
1778660647.909935,2004,0,10
1778660647.911257,2087,0,10
1778660647.913846,1948,0,10
1778660647.915295,1894,0,10
1778660647.9221601,2010,0,10
1778660647.922327,2226,0,10
1778660647.923578,2135,0,10
1778660647.92594,2053,0,10
1778660647.926212,2051,0,10
1778660647.9282858,2147,0,10
1778660647.9301782,2114,0,10
1778660647.937067,2003,0,10
1778660647.937554,2049,0,10
1778660647.9378,2146,0,10
1778660647.938011,2158,0,10
1778660647.940546,1909,0,10
1778660647.941893,1949,0,10
1778660647.943403,2127,0,10
1778660647.951381,2208,0,10
1778660647.9549901,2040,0,10
1778660647.9554381,2056,0,10
1778660647.959969,2185,0,10
1778660647.960106,2230,0,10
1778660647.9612648,2109,0,10
1778660647.9635122,2034,0,10
1778660647.966982,2017,0,10
1778660647.9671512,2038,0,10
1778660647.9675362,1902,0,10
1778660647.9677298,1833,0,10
1778660647.96801,2075,0,10
1778660647.970706,2280,0,10
1778660647.972812,2176,0,10
1778660647.974174,2131,0,10
1778660647.975637,2063,0,10
1778660647.9770901,2089,0,10
1778660647.97969,2045,0,10
1778660647.981079,1953,0,10
1778660647.989883,2021,0,10
1778660647.9906182,2231,0,10
1778660647.992351,2161,0,10
1778660647.992744,2073,0,10
1778660647.99549,2067,0,10
1778660647.9961128,2113,0,10
1778660647.996392,2082,0,10
1778660647.997854,1934,0,10
1778660648.003894,1975,0,10
1778660648.004558,2136,0,10
1778660648.004951,2256,0,10
1778660648.005183,2140,0,10
1778660648.007828,2039,0,10
1778660648.0091789,2000,0,10
1778660648.011798,2016,0,10
1778660648.018625,1919,0,10
1778660648.019799,1946,0,10
1778660648.019897,2061,0,10
1778660648.021945,2247,0,10
1778660648.022332,2167,0,10
1778660648.025478,2072,0,10
1778660648.0266318,2030,0,10
1778660648.029732,2097,0,10
1778660648.0299451,2058,0,10
1778660648.0334709,1941,0,10
1778660648.033639,2025,0,10
1778660648.0365381,2209,0,10
1778660648.037837,2220,0,10
1778660648.039278,2094,0,10
1778660648.042209,1996,0,10
1778660648.04356,2075,0,10
1778660648.046188,2052,0,10
1778660648.0476139,1897,0,10
1778660648.055487,2084,0,10
1778660648.059073,2215,0,10
1778660648.059254,2257,0,10
1778660648.062273,2004,0,10
1778660648.062957,1984,0,10
1778660648.065772,1975,0,10
1778660648.067644,2078,0,10
1778660648.071147,1989,0,10
1778660648.071805,1974,0,10
1778660648.0741792,2132,0,10
1778660648.07448,2284,0,10
1778660648.075098,2179,0,10
1778660648.075299,2046,0,10
1778660648.075351,1956,0,10
1778660648.078037,2033,0,10
1778660648.0794182,2044,0,10
1778660648.085803,1991,0,10
1778660648.0869792,2031,0,10
1778660648.088088,2161,0,10
1778660648.089751,2160,0,10
1778660648.090132,2133,0,10
1778660648.09274,2052,0,10
1778660648.094611,2001,0,10
1778660648.097443,1987,0,10
1778660648.100744,2001,0,10
1778660648.100977,2037,0,10
1778660648.101472,2235,0,10
1778660648.104362,2323,0,10
1778660648.105769,2244,0,10
1778660648.1071491,2189,0,10
1778660648.109807,2221,0,10
1778660648.1111722,2378,0,10
1778660648.113893,2162,0,10
1778660648.1152909,2140,0,10
1778660648.123115,2143,0,10
1778660648.1237812,2295,0,10
1778660648.124471,2398,0,10
1778660648.12682,2489,0,10
1778660648.1272268,2420,0,10
1778660648.127397,2354,0,10
1778660648.12988,2331,0,10
1778660648.132033,2319,0,10
1778660648.137805,2362,0,10
1778660648.138031,2345,0,10
1778660648.138412,2471,0,10
1778660648.140648,2274,0,10
1778660648.1420338,2099,0,10
1778660648.1433809,2119,0,10
1778660648.1460521,2167,0,10
1778660648.151739,2004,0,10
1778660648.152988,2066,0,10
1778660648.155741,2227,0,10
1778660648.1579578,2390,0,10
1778660648.1586711,2226,0,10
1778660648.160713,1974,0,10
1778660648.1613498,1961,0,10
1778660648.161588,2080,0,10
1778660648.1671832,2005,0,10
1778660648.167897,1913,0,10
1778660648.168054,2138,0,10
1778660648.170837,2389,0,10
1778660648.171971,2314,0,10
1778660648.173298,2067,0,10
1778660648.175943,1975,0,10
1778660648.177275,2046,0,10
1778660648.179874,2087,0,10
1778660648.181205,2058,0,10
1778660648.189791,1984,0,10
1778660648.190389,2210,0,10
1778660648.194766,2229,0,10
1778660648.195012,2127,0,10
1778660648.2002869,2129,0,10
1778660648.200587,2094,0,10
1778660648.2042181,2126,0,10
1778660648.207365,1860,0,10
1778660648.207458,1924,0,10
1778660648.2075121,2108,0,10
1778660648.207562,2232,0,10
1778660648.2076108,1950,0,10
1778660648.207663,1918,0,10
1778660648.209007,2054,0,10
1778660648.2114,2130,0,10
1778660648.2215161,2001,0,10
1778660648.221905,1881,0,10
1778660648.2241762,2094,0,10
1778660648.227136,2164,0,10
1778660648.2272792,2120,0,10
1778660648.2302458,1971,0,10
1778660648.2339342,1907,0,10
1778660648.234184,2010,0,10
1778660648.2344341,1866,0,10
1778660648.234698,2034,0,10
1778660648.234976,1996,0,10
1778660648.2354538,2128,0,10
1778660648.237553,2138,0,10
1778660648.240148,2148,0,10
1778660648.24149,1994,0,10
1778660648.243982,1941,0,10
1778660648.2453382,2016,0,10
1778660648.247989,2017,0,10
1778660648.249413,2020,0,10
1778660648.257767,2034,0,10
1778660648.259242,2271,0,10
1778660648.2615218,2126,0,10
1778660648.263857,1897,0,10
1778660648.26513,1900,0,10
1778660648.265753,2066,0,10
1778660648.266529,2105,0,10
1778660648.266758,1864,0,10
1778660648.2734761,2024,0,10
1778660648.273661,2131,0,10
1778660648.27423,2050,0,10
1778660648.274573,2224,0,10
1778660648.277396,2041,0,10
1778660648.277442,1874,0,10
1778660648.280021,2035,0,10
1778660648.2814069,1872,0,10
1778660648.288992,2039,0,10
1778660648.2897222,2170,0,10
1778660648.290317,2159,0,10
1778660648.290889,2058,0,10
1778660648.29521,2011,0,10
1778660648.295868,1937,0,10
1778660648.297484,1886,0,10
1778660648.297718,1869,0,10
1778660648.300559,1898,0,10
1778660648.303859,2140,0,10
1778660648.3039901,2319,0,10
1778660648.306447,2242,0,10
1778660648.307787,1936,0,10
1778660648.3090858,1960,0,10
1778660648.311739,2042,0,10
1778660648.313067,1949,0,10
1778660648.31571,2078,0,10
1778660648.317036,2023,0,10
1778660648.3237062,2012,0,10
1778660648.3243861,2121,0,10
1778660648.327447,2055,0,10
1778660648.32774,1955,0,10
1778660648.327911,2114,0,10
1778660648.330466,2036,0,10
1778660648.334796,1877,0,10
1778660648.335221,1879,0,10
1778660648.340779,1927,0,10
1778660648.3408818,2178,0,10
1778660648.340964,2182,0,10
1778660648.341022,2030,0,10
1778660648.34365,2046,0,10
1778660648.3450098,2016,0,10
1778660648.347594,1872,0,10
1778660648.357159,1963,0,10
1778660648.3575199,2054,0,10
1778660648.3603,2178,0,10
1778660648.361363,2038,0,10
1778660648.3648798,2015,0,10
1778660648.3682098,2030,0,10
1778660648.3707478,1992,0,10
1778660648.371331,1954,0,10
1778660648.3713942,1872,0,10
1778660648.371448,2037,0,10
1778660648.3714979,2189,0,10
1778660648.371549,2061,0,10
1778660648.373035,1946,0,10
1778660648.37603,1968,0,10
1778660648.378686,2077,0,10
1778660648.380245,2001,0,10
1778660648.3822222,1932,0,10
1778660648.389279,1979,0,10
1778660648.391268,2058,0,10
1778660648.3917172,2182,0,10
1778660648.398172,2096,0,10
1778660648.398473,1966,0,10
1778660648.40131,1958,0,10
1778660648.401686,2042,0,10
1778660648.401984,1851,0,10
1778660648.402456,1856,0,10
1778660648.404584,2088,0,10
1778660648.405432,2232,0,10
1778660648.4056242,2151,0,10
1778660648.407008,2058,0,10
1778660648.409725,1891,0,10
1778660648.415624,1975,0,10
1778660648.4188192,1898,0,10
1778660648.4221172,1890,0,10
1778660648.424722,2034,0,10
1778660648.4302878,2166,0,10
1778660648.4305978,2103,0,10
1778660648.432853,1960,0,10
1778660648.43352,1856,0,10
1778660648.433801,1965,0,10
1778660648.433867,2037,0,10
1778660648.433905,1896,0,10
1778660648.433939,1941,0,10
1778660648.435307,2062,0,10
1778660648.4369469,2092,0,10
1778660648.4394681,1974,0,10
1778660648.442106,1912,0,10
1778660648.443443,2009,0,10
1778660648.446402,2019,0,10
1778660648.45539,1844,0,10
1778660648.4557362,1903,0,10
1778660648.4559848,2009,0,10
1778660648.458741,2259,0,10
1778660648.463924,2105,0,10
1778660648.466939,2003,0,10
1778660648.4673338,1957,0,10
1778660648.467475,1997,0,10
1778660648.4676769,1918,0,10
1778660648.467998,1927,0,10
1778660648.4681358,2009,0,10
1778660648.4709902,2151,0,10
1778660648.471096,2125,0,10
1778660648.473752,2026,0,10
1778660648.475093,1980,0,10
1778660648.4827142,1965,0,10
1778660648.4853,1991,0,10
1778660648.4855611,1933,0,10
1778660648.4857569,1975,0,10
1778660648.486075,2070,0,10
1778660648.4911628,2167,0,10
1778660648.493189,2082,0,10
1778660648.49349,2062,0,10
1778660648.496545,2009,0,10
1778660648.49685,1962,0,10
1778660648.4970062,1911,0,10
1778660648.4998689,1870,0,10
1778660648.501215,1988,0,10
1778660648.503841,2219,0,10
1778660648.50518,2107,0,10
1778660648.50781,2009,0,10
1778660648.509156,1922,0,10
1778660648.51211,1979,0,10
1778660648.519416,2040,0,10
1778660648.52117,1876,0,10
1778660648.52174,2025,0,10
1778660648.5219378,2220,0,10
1778660648.524992,2143,0,10
1778660648.526253,2004,0,10
1778660648.52778,1982,0,10
1778660648.532651,1980,0,10
1778660648.532937,1999,0,10
1778660648.533102,1880,0,10
1778660648.533199,1981,0,10
1778660648.535578,2123,0,10
1778660648.5369248,2144,0,10
1778660648.539565,2111,0,10
1778660648.5409012,2033,0,10
1778660648.547143,1977,0,10
1778660648.550571,2069,0,10
1778660648.55382,1959,0,10
1778660648.555024,1944,0,10
1778660648.561228,2080,0,10
1778660648.561861,2294,0,10
1778660648.562109,2062,0,10
1778660648.5622962,1949,0,10
1778660648.56247,1998,0,10
1778660648.565574,2030,0,10
1778660648.56566,1933,0,10
1778660648.5657148,1881,0,10
1778660648.567105,2031,0,10
1778660648.569825,2290,0,10
1778660648.5711849,2111,0,10
1778660648.573977,1981,0,10
1778660648.575262,1968,0,10
1778660648.578393,2024,0,10
1778660648.584571,2019,0,10
1778660648.585352,1907,0,10
1778660648.588576,1931,0,10
1778660648.5887492,2106,0,10
1778660648.590821,2270,0,10
1778660648.5936809,2089,0,10
1778660648.596811,2064,0,10
1778660648.599678,1972,0,10
1778660648.5999842,2027,0,10
1778660648.600472,1889,0,10
1778660648.6008298,1948,0,10
1778660648.603769,2053,0,10
1778660648.6038551,2211,0,10
1778660648.605184,2057,0,10
1778660648.606983,2016,0,10
1778660648.6143308,2067,0,10
1778660648.615432,2011,0,10
1778660648.6184099,1992,0,10
1778660648.618631,1981,0,10
1778660648.61895,2073,0,10
1778660648.6192389,2202,0,10
1778660648.623513,2057,0,10
1778660648.624623,1967,0,10
1778660648.626558,1975,0,10
1778660648.629646,2050,0,10
1778660648.629983,2041,0,10
1778660648.6327648,1911,0,10
1778660648.634145,1997,0,10
1778660648.635477,2156,0,10
1778660648.638108,2213,0,10
1778660648.6394491,2127,0,10
1778660648.642045,2025,0,10
1778660648.643389,1937,0,10
1778660648.6510808,2044,0,10
1778660648.6517508,1944,0,10
1778660648.652895,1884,0,10
1778660648.654807,2061,0,10
1778660648.6550348,2264,0,10
1778660648.6583822,2127,0,10
1778660648.658609,2115,0,10
1778660648.6609778,2030,0,10
1778660648.662932,1988,0,10
1778660648.6657631,1961,0,10
1778660648.666027,1923,0,10
1778660648.668931,1999,0,10
1778660648.669024,2149,0,10
1778660648.671647,2141,0,10
1778660648.6728609,2151,0,10
1778660648.683977,2044,0,10
1778660648.6840289,2042,0,10
1778660648.6840808,2026,0,10
1778660648.684439,1942,0,10
1778660648.684729,1967,0,10
1778660648.6848378,2100,0,10
1778660648.6920462,2172,0,10
1778660648.692095,2068,0,10
1778660648.692132,2052,0,10
1778660648.699084,2002,0,10
1778660648.6993668,2067,0,10
1778660648.701206,2001,0,10
1778660648.7025468,1960,0,10
1778660648.702661,2056,0,10
1778660648.706382,2342,0,10
1778660648.70661,2167,0,10
1778660648.711273,2037,0,10
1778660648.711315,1917,0,10
1778660648.71135,2031,0,10
1778660648.7381601,2020,0,10
1778660648.7382221,1896,0,10
1778660648.73826,2039,0,10
1778660648.738327,2139,0,10
1778660648.738993,2175,0,10
1778660648.739037,2077,0,10
1778660648.739073,2032,0,10
1778660648.739108,2035,0,10
1778660648.739439,2056,0,10
1778660648.739475,1973,0,10
1778660648.739509,1982,0,10
1778660648.7395442,2120,0,10
1778660648.739866,2184,0,10
1778660648.739905,2128,0,10
1778660648.7415822,1969,0,10
1778660648.743343,1977,0,10
1778660648.770371,2037,0,10
1778660648.770437,1915,0,10
1778660648.7715468,1901,0,10
1778660648.7948,2094,0,10
1778660648.795348,2265,0,10
1778660648.795417,2143,0,10
1778660648.795468,2053,0,10
1778660648.795517,1992,0,10
1778660648.7955651,2053,0,10
1778660648.795611,2010,0,10
1778660648.795657,1918,0,10
1778660648.7957041,2043,0,10
1778660648.79575,2199,0,10
1778660648.795795,2220,0,10
1778660648.795841,2016,0,10
1778660648.795887,1921,0,10
1778660648.795933,1962,0,10
1778660648.796868,2071,0,10
1778660648.796928,1950,0,10
1778660648.796978,1995,0,10
1778660648.7970262,2150,0,10
1778660648.797073,2225,0,10
1778660648.797125,2079,0,10
1778660648.797173,2065,0,10
1778660648.79722,2031,0,10
1778660648.797266,2051,0,10
1778660648.797312,1928,0,10
1778660648.805374,1981,0,10
1778660648.8077319,2055,0,10
1778660648.807915,2116,0,10
1778660648.808044,2155,0,10
1778660648.8081868,2095,0,10
1778660648.809994,2016,0,10
1778660648.811986,2074,0,10
1778660648.8144372,1999,0,10
1778660648.81677,1895,0,10
1778660648.817038,2038,0,10
1778660648.819523,2269,0,10
1778660648.820841,2219,0,10
1778660648.823444,2017,0,10
1778660648.824916,1885,0,10
1778660648.82757,1991,0,10
1778660648.828941,2092,0,10
1778660648.836969,1997,0,10
1778660648.8432739,1952,0,10
1778660648.845091,2034,0,10
1778660648.84681,2218,0,10
1778660648.849272,2131,0,10
1778660648.8495512,2002,0,10
1778660648.849895,1986,0,10
1778660648.8501189,2062,0,10
1778660648.852973,1922,0,10
1778660648.853332,1935,0,10
1778660648.8533912,2016,0,10
1778660648.85344,2254,0,10
1778660648.854812,2172,0,10
1778660648.8572989,2034,0,10
1778660648.863725,1992,0,10
1778660648.864343,1968,0,10
1778660648.865057,1989,0,10
1778660648.8678432,1916,0,10
1778660648.868293,2011,0,10
1778660648.870807,2162,0,10
1778660648.8725178,2177,0,10
1778660648.875796,2037,0,10
1778660648.875972,2054,0,10
1778660648.878863,2009,0,10
1778660648.8791208,2024,0,10
1778660648.8822248,1899,0,10
1778660648.8835719,1997,0,10
1778660648.884912,2114,0,10
1778660648.887624,2222,0,10
1778660648.888952,2045,0,10
1778660648.891626,1981,0,10
1778660648.892975,2000,0,10
1778660648.900984,2046,0,10
1778660648.9016929,1959,0,10
1778660648.9024,1870,0,10
1778660648.9047198,1972,0,10
1778660648.9049711,2167,0,10
1778660648.90526,2134,0,10
1778660648.9079108,2068,0,10
1778660648.9126909,2002,0,10
1778660648.912887,2082,0,10
1778660648.915551,1980,0,10
1778660648.916137,1935,0,10
1778660648.918842,2043,0,10
1778660648.9189692,2178,0,10
1778660648.921577,2202,0,10
1778660648.9229598,2069,0,10
1778660648.930141,1978,0,10
1778660648.93085,1998,0,10
1778660648.931533,2007,0,10
1778660648.934103,1894,0,10
1778660648.936179,1898,0,10
1778660648.9367082,2067,0,10
1778660648.936844,2272,0,10
1778660648.939798,2117,0,10
1778660648.942243,1883,0,10
1778660648.945279,2006,0,10
1778660648.9455879,2104,0,10
1778660648.9482229,1981,0,10
1778660648.94961,1905,0,10
1778660648.950956,2044,0,10
1778660648.9534929,2250,0,10
1778660648.954818,2109,0,10
1778660648.957331,2037,0,10
1778660648.960028,2011,0,10
1778660648.965685,2063,0,10
1778660648.966719,1937,0,10
1778660648.967204,1950,0,10
1778660648.96777,1992,0,10
1778660648.9692988,2110,0,10
1778660648.9712021,2235,0,10
1778660648.975283,2063,0,10
1778660648.975436,2024,0,10
1778660648.977685,1956,0,10
1778660648.980203,2028,0,10
1778660648.981525,1930,0,10
1778660648.9828238,1963,0,10
1778660648.991065,2135,0,10
1778660648.992115,2315,0,10
1778660648.9938529,2105,0,10
1778660648.996097,1966,0,10
1778660648.996638,1974,0,10
1778660648.996763,2063,0,10
1778660648.996929,1944,0,10
1778660649.003237,1870,0,10
1778660649.0037608,2096,0,10
1778660649.003995,2300,0,10
1778660649.0068622,2214,0,10
1778660649.006927,1993,0,10
1778660649.009564,1869,0,10
1778660649.010972,2048,0,10
1778660649.013671,2140,0,10
1778660649.015075,1985,0,10
1778660649.0179992,2063,0,10
1778660649.024458,2147,0,10
1778660649.026786,2166,0,10
1778660649.027124,2096,0,10
1778660649.028811,2043,0,10
1778660649.0300019,2043,0,10
1778660649.031561,2052,0,10
1778660649.0316842,1923,0,10
1778660649.034552,1888,0,10
1778660649.037407,2040,0,10
1778660649.037859,2192,0,10
1778660649.040544,2055,0,10
1778660649.0419111,2012,0,10
1778660649.04487,2027,0,10
1778660649.044906,2092,0,10
1778660649.051235,2019,0,10
1778660649.051399,1912,0,10
1778660649.052654,2029,0,10
1778660649.053262,2249,0,10
1778660649.055198,2191,0,10
1778660649.0585039,2088,0,10
1778660649.0646,1976,0,10
1778660649.0650299,2017,0,10
1778660649.065429,1985,0,10
1778660649.065755,1915,0,10
1778660649.0683389,1998,0,10
1778660649.06975,2105,0,10
1778660649.0710819,2198,0,10
1778660649.0737128,2104,0,10
1778660649.075072,2003,0,10
1778660649.0777202,2049,0,10
1778660649.084743,2076,0,10
1778660649.085981,1941,0,10
1778660649.0882938,1907,0,10
1778660649.088695,2055,0,10
1778660649.090949,2223,0,10
1778660649.092115,2074,0,10
1778660649.0928042,1983,0,10
1778660649.093778,2005,0,10
1778660649.096112,2090,0,10
1778660649.098596,2067,0,10
1778660649.0990698,1913,0,10
1778660649.101781,1999,0,10
1778660649.1031199,2316,0,10
1778660649.105727,2206,0,10
1778660649.1069329,2000,0,10
1778660649.113704,1942,0,10
1778660649.11392,2032,0,10
1778660649.114482,1991,0,10
1778660649.117803,1929,0,10
1778660649.11833,1969,0,10
1778660649.120128,2143,0,10
1778660649.125626,2229,0,10
1778660649.126165,2062,0,10
1778660649.126663,1942,0,10
1778660649.127077,1970,0,10
1778660649.1295092,2070,0,10
1778660649.130858,2010,0,10
1778660649.1335812,1998,0,10
1778660649.1349308,2102,0,10
1778660649.137631,2253,0,10
1778660649.1390789,2127,0,10
1778660649.148042,2047,0,10
1778660649.149869,1992,0,10
1778660649.1520371,2013,0,10
1778660649.154763,2015,0,10
1778660649.159652,1934,0,10
1778660649.16208,2047,0,10
1778660649.162358,2243,0,10
1778660649.162424,2157,0,10
1778660649.162485,2075,0,10
1778660649.162567,1943,0,10
1778660649.162635,2022,0,10
1778660649.162714,2019,0,10
1778660649.165438,1863,0,10
1778660649.16682,2004,0,10
1778660649.1724741,2132,0,10
1778660649.174135,2191,0,10
1778660649.1758358,2147,0,10
1778660649.178838,2025,0,10
1778660649.179317,2003,0,10
1778660649.1805902,2043,0,10
1778660649.181229,1946,0,10
1778660649.1834261,1918,0,10
1778660649.186084,2097,0,10
1778660649.188656,2228,0,10
1778660649.188802,2147,0,10
1778660649.191443,2074,0,10
1778660649.193024,1945,0,10
1778660649.195619,2042,0,10
1778660649.196776,2038,0,10
1778660649.199499,1909,0,10
1778660649.208669,2021,0,10
1778660649.2155159,2224,0,10
1778660649.2180321,2168,0,10
1778660649.218316,2105,0,10
1778660649.218922,1967,0,10
1778660649.2192278,2092,0,10
1778660649.219674,2047,0,10
1778660649.2220612,1915,0,10
1778660649.222188,1981,0,10
1778660649.222273,2172,0,10
1778660649.222315,2246,0,10
1778660649.2236512,2051,0,10
1778660649.2250051,1967,0,10
1778660649.231671,2013,0,10
1778660649.232685,2075,0,10
1778660649.2346828,2012,0,10
1778660649.2350452,1955,0,10
1778660649.237018,2053,0,10
1778660649.237976,2195,0,10
1778660649.2400708,2130,0,10
1778660649.241798,2049,0,10
1778660649.244334,2031,0,10
1778660649.246974,2054,0,10
1778660649.247038,2002,0,10
1778660649.249692,1930,0,10
1778660649.251022,2006,0,10
1778660649.2536309,2216,0,10
1778660649.25497,2173,0,10
1778660649.257832,2013,0,10
1778660649.263041,1973,0,10
1778660649.26422,2072,0,10
1778660649.264353,2069,0,10
1778660649.266815,1979,0,10
1778660649.267073,1936,0,10
1778660649.268846,2226,0,10
1778660649.273563,2358,0,10
1778660649.2759821,2207,0,10
1778660649.276271,2108,0,10
1778660649.2787461,2137,0,10
1778660649.278869,2198,0,10
1778660649.281044,2087,0,10
1778660649.291381,1970,0,10
1778660649.293582,2141,0,10
1778660649.294664,2288,0,10
1778660649.2953038,2191,0,10
1778660649.296353,2122,0,10
1778660649.296992,1991,0,10
1778660649.299063,2086,0,10
1778660649.299336,1965,0,10
1778660649.301713,1906,0,10
1778660649.301943,2024,0,10
1778660649.304517,2244,0,10
1778660649.305888,2201,0,10
1778660649.307254,2055,0,10
1778660649.30992,2062,0,10
1778660649.31105,2016,0,10
1778660649.3137438,2015,0,10
1778660649.315118,1960,0,10
1778660649.3210392,1992,0,10
1778660649.321623,2173,0,10
1778660649.3221729,2221,0,10
1778660649.3242052,2106,0,10
1778660649.32613,2016,0,10
1778660649.3282719,1936,0,10
1778660649.333178,2116,0,10
1778660649.333354,2098,0,10
1778660649.333774,2001,0,10
1778660649.336143,2063,0,10
1778660649.337497,2229,0,10
1778660649.3389068,2141,0,10
1778660649.3413901,2069,0,10
1778660649.347017,1980,0,10
1778660649.3475919,2059,0,10
1778660649.348191,1972,0,10
1778660649.349634,1841,0,10
1778660649.352022,1956,0,10
1778660649.353693,2187,0,10
1778660649.356142,2189,0,10
1778660649.358733,2086,0,10
1778660649.358953,1964,0,10
1778660649.361498,2041,0,10
1778660649.362945,2030,0,10
1778660649.365448,1959,0,10
1778660649.3667772,1983,0,10
1778660649.369431,2188,0,10
1778660649.370754,2284,0,10
1778660649.377526,2068,0,10
1778660649.378161,1929,0,10
1778660649.3809001,2005,0,10
1778660649.38343,2039,0,10
1778660649.3840241,2001,0,10
1778660649.38464,1936,0,10
1778660649.385099,2041,0,10
1778660649.390305,2257,0,10
1778660649.390615,2158,0,10
1778660649.390989,2045,0,10
1778660649.393347,2006,0,10
1778660649.394758,2040,0,10
1778660649.397451,1966,0,10
1778660649.403261,1906,0,10
1778660649.4034822,2058,0,10
1778660649.404036,2328,0,10
1778660649.406681,2215,0,10
1778660649.407022,1951,0,10
1778660649.410623,2021,0,10
1778660649.41127,2092,0,10
1778660649.416658,2045,0,10
1778660649.4169338,1943,0,10
1778660649.4173381,1926,0,10
1778660649.419568,2094,0,10
1778660649.4209678,2224,0,10
1778660649.4236422,2099,0,10
1778660649.425038,2054,0,10
1778660649.427685,1994,0,10
1778660649.429079,2076,0,10
1778660649.436704,1956,0,10
1778660649.43774,1952,0,10
1778660649.439692,2084,0,10
1778660649.439826,2154,0,10
1778660649.4402292,2187,0,10
1778660649.4425862,2101,0,10
1778660649.444052,1965,0,10
1778660649.446943,2008,0,10
1778660649.449297,1944,0,10
1778660649.449606,1932,0,10
1778660649.453096,2052,0,10
1778660649.4532092,2166,0,10
1778660649.454806,2191,0,10
1778660649.465315,2076,0,10
1778660649.465603,1992,0,10
1778660649.465852,1990,0,10
1778660649.469318,2051,0,10
1778660649.470121,1921,0,10
1778660649.47139,1994,0,10
1778660649.474528,2173,0,10
1778660649.4745831,2140,0,10
1778660649.4746199,2039,0,10
1778660649.474655,1996,0,10
1778660649.480428,2004,0,10
1778660649.480601,1980,0,10
1778660649.4806762,1970,0,10
1778660649.483287,1936,0,10
1778660649.4859462,2064,0,10
1778660649.4873888,2225,0,10
1778660649.48872,2133,0,10
1778660649.491385,2071,0,10
1778660649.497777,1961,0,10
1778660649.4979122,2039,0,10
1778660649.498579,2013,0,10
1778660649.4998348,1893,0,10
1778660649.5043,1975,0,10
1778660649.5055501,2169,0,10
1778660649.5062678,2206,0,10
1778660649.512762,2060,0,10
1778660649.5130439,2004,0,10
1778660649.513356,2042,0,10
1778660649.5135849,2002,0,10
1778660649.516232,1905,0,10
1778660649.517665,1999,0,10
1778660649.519043,2150,0,10
1778660649.527682,2255,0,10
1778660649.528329,2062,0,10
1778660649.5284638,1980,0,10
1778660649.53003,1949,0,10
1778660649.530298,2060,0,10
1778660649.532711,1992,0,10
1778660649.5338,1968,0,10
1778660649.537073,2057,0,10
1778660649.539711,2272,0,10
1778660649.539952,2165,0,10
1778660649.542849,2066,0,10
1778660649.542947,2023,0,10
1778660649.5456052,2052,0,10
1778660649.546939,2055,0,10
1778660649.549543,1909,0,10
1778660649.550874,2009,0,10
1778660649.553483,2138,0,10
1778660649.5551229,2193,0,10
1778660649.560655,2062,0,10
1778660649.561289,1920,0,10
1778660649.56476,2025,0,10
1778660649.565036,2071,0,10
1778660649.565221,1882,0,10
1778660649.569858,1919,0,10
1778660649.570155,2092,0,10
1778660649.576073,2294,0,10
1778660649.576353,2111,0,10
1778660649.578951,2026,0,10
1778660649.579051,2044,0,10
1778660649.579175,2054,0,10
1778660649.580608,1973,0,10
1778660649.583307,1940,0,10
1778660649.584661,2092,0,10
1778660649.5899498,2222,0,10
1778660649.59231,2065,0,10
1778660649.594115,1988,0,10
1778660649.5963268,1943,0,10
1778660649.597952,2151,0,10
1778660649.599099,2063,0,10
1778660649.6001039,1952,0,10
1778660649.60204,1988,0,10
1778660649.604684,2166,0,10
1778660649.6050298,2187,0,10
1778660649.607956,2115,0,10
1778660649.6092951,2020,0,10
1778660649.6106272,1918,0,10
1778660649.613315,1953,0,10
1778660649.614673,1992,0,10
1778660649.6173031,1978,0,10
1778660649.618657,2126,0,10
1778660649.628896,2224,0,10
1778660649.6292,2110,0,10
1778660649.62948,2066,0,10
1778660649.631142,2081,0,10
1778660649.632787,2058,0,10
1778660649.635265,1952,0,10
1778660649.637386,1931,0,10
1778660649.637695,2085,0,10
1778660649.64045,2246,0,10
1778660649.640846,2189,0,10
1778660649.641176,2063,0,10
1778660649.643987,1905,0,10
1778660649.645301,1987,0,10
1778660649.646643,2024,0,10
1778660649.654806,1920,0,10
1778660649.656458,1996,0,10
1778660649.658112,2226,0,10
1778660649.658378,2241,0,10
1778660649.6611662,2111,0,10
1778660649.6613429,2016,0,10
1778660649.661525,2020,0,10
1778660649.6643121,2009,0,10
1778660649.666296,1874,0,10
1778660649.669023,2002,0,10
1778660649.6693802,2118,0,10
1778660649.672351,2221,0,10
1778660649.673719,2020,0,10
1778660649.674985,2019,0,10
1778660649.6775339,1959,0,10
1778660649.6789272,2140,0,10
1778660649.681962,1971,0,10
1778660649.683239,1941,0,10
1778660649.6845922,2017,0,10
1778660649.6925418,2214,0,10
1778660649.694759,2177,0,10
1778660649.694839,2087,0,10
1778660649.704244,2014,0,10
1778660649.704577,2067,0,10
1778660649.705058,2032,0,10
1778660649.705205,1861,0,10
1778660649.70754,1959,0,10
1778660649.7081861,2199,0,10
1778660649.708521,2198,0,10
1778660649.708582,2054,0,10
1778660649.7086341,1971,0,10
1778660649.711324,2033,0,10
1778660649.7126908,2100,0,10
1778660649.720886,1944,0,10
1778660649.7233899,1983,0,10
1778660649.7259781,2088,0,10
1778660649.726654,2196,0,10
1778660649.7275038,2104,0,10
1778660649.728079,2008,0,10
1778660649.729655,1957,0,10
1778660649.732125,2046,0,10
1778660649.732352,1983,0,10
1778660649.7352908,1956,0,10
1778660649.7382941,2051,0,10
1778660649.73837,2183,0,10
1778660649.739703,2180,0,10
1778660649.741027,2112,0,10
1778660649.7436779,1982,0,10
1778660649.745024,2044,0,10
1778660649.747672,2021,0,10
1778660649.7497752,1887,0,10
1778660649.751329,2002,0,10
1778660649.75267,2242,0,10
1778660649.755787,2157,0,10
1778660649.757149,1977,0,10
1778660649.7597299,1899,0,10
1778660649.7610502,2042,0,10
1778660649.765755,2034,0,10
1778660649.765791,1954,0,10
1778660649.767584,1927,0,10
