timestamp,ch1,ch2,label
1778659832.330527,1903,0,a_S
1778659832.3319712,2071,0,a_S
1778659832.3346372,2321,0,a_S
1778659832.3347561,2214,0,a_S
1778659832.3348181,2091,0,a_S
1778659832.334848,1998,0,a_S
1778659832.3348758,2038,0,a_S
1778659832.334903,1958,0,a_S
1778659832.3349319,1890,0,a_S
1778659832.336288,1984,0,a_S
1778659832.337657,2205,0,a_S
1778659832.3391948,2263,0,a_S
1778659832.341793,2200,0,a_S
1778659832.343153,1996,0,a_S
1778659832.345751,1947,0,a_S
1778659832.3473961,1967,0,a_S
1778659832.351851,1880,0,a_S
1778659832.352494,1907,0,a_S
1778659832.357895,2087,0,a_S
1778659832.3589382,2283,0,a_S
1778659832.3598132,2111,0,a_S
1778659832.359925,1957,0,a_S
1778659832.3629131,2030,0,a_S
1778659832.36504,2055,0,a_S
1778659832.365304,1967,0,a_S
1778659832.367958,1924,0,a_S
1778659832.369332,2050,0,a_S
1778659832.3719292,2335,0,a_S
1778659832.373355,2134,0,a_S
1778659832.381373,2020,0,a_S
1778659832.382433,1976,0,a_S
1778659832.384467,2114,0,a_S
1778659832.386445,2047,0,a_S
1778659832.3870451,1860,0,a_S
1778659832.389694,1961,0,a_S
1778659832.392425,2198,0,a_S
1778659832.393217,2205,0,a_S
1778659832.395456,2007,0,a_S
1778659832.395722,1931,0,a_S
1778659832.395831,2056,0,a_S
1778659832.397163,2071,0,a_S
1778659832.3998349,1896,0,a_S
1778659832.407982,1940,0,a_S
1778659832.408291,2205,0,a_S
1778659832.408451,2365,0,a_S
1778659832.410644,2087,0,a_S
1778659832.411351,1985,0,a_S
1778659832.4124742,1938,0,a_S
1778659832.416833,2087,0,a_S
1778659832.41709,1980,0,a_S
1778659832.417645,1905,0,a_S
1778659832.419826,2083,0,a_S
1778659832.421292,2300,0,a_S
1778659832.424018,2167,0,a_S
1778659832.425361,2132,0,a_S
1778659832.427999,1965,0,a_S
1778659832.429367,2004,0,a_S
1778659832.4364731,1980,0,a_S
1778659832.4444768,1919,0,a_S
1778659832.444887,2015,0,a_S
1778659832.446091,2180,0,a_S
1778659832.446337,2272,0,a_S
1778659832.446581,2073,0,a_S
1778659832.446877,2019,0,a_S
1778659832.447005,2005,0,a_S
1778659832.44929,2037,0,a_S
1778659832.449447,1915,0,a_S
1778659832.452103,1969,0,a_S
1778659832.4534981,2102,0,a_S
1778659832.459981,2277,0,a_S
1778659832.464055,2160,0,a_S
1778659832.464688,2080,0,a_S
1778659832.465822,1982,0,a_S
1778659832.465951,2026,0,a_S
1778659832.466812,1941,0,a_S
1778659832.471391,1846,0,a_S
1778659832.471974,2106,0,a_S
1778659832.472057,2339,0,a_S
1778659832.4733598,2160,0,a_S
1778659832.475932,1996,0,a_S
1778659832.4773781,1966,0,a_S
1778659832.479979,2073,0,a_S
1778659832.4812758,2029,0,a_S
1778659832.486836,1925,0,a_S
1778659832.488477,1997,0,a_S
1778659832.489913,2247,0,a_S
1778659832.4902332,2349,0,a_S
1778659832.492186,2108,0,a_S
1778659832.49393,1955,0,a_S
1778659832.4956422,1988,0,a_S
1778659832.49891,2079,0,a_S
1778659832.500206,1952,0,a_S
1778659832.501514,1909,0,a_S
1778659832.506465,2106,0,a_S
1778659832.507633,2314,0,a_S
1778659832.509519,2028,0,a_S
1778659832.509757,1972,0,a_S
1778659832.511613,1955,0,a_S
1778659832.5148008,2038,0,a_S
1778659832.5181031,1942,0,a_S
1778659832.518267,2059,0,a_S
1778659832.519617,2085,0,a_S
1778659832.5212212,2270,0,a_S
1778659832.523795,2131,0,a_S
1778659832.525099,2016,0,a_S
1778659832.5278,2035,0,a_S
1778659832.5324821,2129,0,a_S
1778659832.532949,1981,0,a_S
1778659832.533395,1858,0,a_S
1778659832.5368261,2005,0,a_S
1778659832.538702,2252,0,a_S
1778659832.540417,2255,0,a_S
1778659832.54186,2048,0,a_S
1778659832.543809,1958,0,a_S
1778659832.545079,2035,0,a_S
1778659832.5476322,2019,0,a_S
1778659832.552319,1871,0,a_S
1778659832.553052,1903,0,a_S
1778659832.5546072,2125,0,a_S
1778659832.556618,2398,0,a_S
1778659832.558451,2103,0,a_S
1778659832.5601122,1945,0,a_S
1778659832.561568,2022,0,a_S
1778659832.5634089,2133,0,a_S
1778659832.565977,1983,0,a_S
1778659832.567273,1862,0,a_S
1778659832.569823,2080,0,a_S
1778659832.571332,2238,0,a_S
1778659832.577379,2188,0,a_S
1778659832.5778198,2047,0,a_S
1778659832.5779321,1944,0,a_S
1778659832.579682,2026,0,a_S
1778659832.5812988,1987,0,a_S
1778659832.5832078,1897,0,a_S
1778659832.586179,2031,0,a_S
1778659832.5884001,2233,0,a_S
1778659832.5897,2315,0,a_S
1778659832.5910468,2068,0,a_S
1778659832.593482,1976,0,a_S
1778659832.596051,1961,0,a_S
1778659832.597344,2029,0,a_S
1778659832.601911,1895,0,a_S
1778659832.60239,1902,0,a_S
1778659832.606751,2147,0,a_S
1778659832.60717,2351,0,a_S
1778659832.607585,2073,0,a_S
1778659832.610205,2022,0,a_S
1778659832.611719,1983,0,a_S
1778659832.613685,2084,0,a_S
1778659832.615017,2008,0,a_S
1778659832.617568,1854,0,a_S
1778659832.620696,1988,0,a_S
1778659832.622116,2285,0,a_S
1778659832.628144,2147,0,a_S
1778659832.628997,2026,0,a_S
1778659832.6290839,1953,0,a_S
1778659832.630369,2029,0,a_S
1778659832.6319518,1975,0,a_S
1778659832.633874,1888,0,a_S
1778659832.635627,2013,0,a_S
1778659832.636959,2191,0,a_S
1778659832.639817,2264,0,a_S
1778659832.641116,2082,0,a_S
1778659832.643666,1963,0,a_S
1778659832.645091,1995,0,a_S
1778659832.647521,2057,0,a_S
1778659832.65318,2008,0,a_S
1778659832.653593,1962,0,a_S
1778659832.653694,2083,0,a_S
1778659832.6562629,2269,0,a_S
1778659832.657971,2110,0,a_S
1778659832.659538,2002,0,a_S
1778659832.6628811,1923,0,a_S
1778659832.665059,2083,0,a_S
1778659832.665096,1921,0,a_S
1778659832.667645,1932,0,a_S
1778659832.670051,2053,0,a_S
1778659832.671228,2279,0,a_S
1778659832.673915,2200,0,a_S
1778659832.678585,2033,0,a_S
1778659832.6797922,1963,0,a_S
1778659832.681289,2053,0,a_S
1778659832.681442,2046,0,a_S
1778659832.6851819,1908,0,a_S
1778659832.686624,2016,0,a_S
1778659832.6899729,2185,0,a_S
1778659832.690638,2190,0,a_S
1778659832.6920562,2067,0,a_S
1778659832.693351,2031,0,a_S
1778659832.699147,2004,0,a_S
1778659832.699232,2064,0,a_S
1778659832.6996,1858,0,a_S
1778659832.7012548,1877,0,a_S
1778659832.7065432,2133,0,a_S
1778659832.7067351,2305,0,a_S
1778659832.708267,2131,0,a_S
1778659832.711037,2020,0,a_S
1778659832.711066,1954,0,a_S
1778659832.713726,2080,0,a_S
1778659832.715036,1944,0,a_S
1778659832.71759,1956,0,a_S
1778659832.718892,2085,0,a_S
1778659832.724607,2309,0,a_S
1778659832.7246752,2226,0,a_S
1778659832.7269208,2059,0,a_S
1778659832.727069,1941,0,a_S
1778659832.732098,2075,0,a_S
1778659832.733637,1997,0,a_S
1778659832.7337558,1873,0,a_S
1778659832.7357829,2059,0,a_S
1778659832.737082,2205,0,a_S
1778659832.7397041,2239,0,a_S
1778659832.741292,2018,0,a_S
1778659832.7493079,1964,0,a_S
1778659832.750148,1970,0,a_S
1778659832.750655,2048,0,a_S
1778659832.751455,1901,0,a_S
1778659832.751582,1907,0,a_S
1778659832.755432,2122,0,a_S
1778659832.7572742,2311,0,a_S
1778659832.757709,2167,0,a_S
1778659832.759016,2034,0,a_S
1778659832.762037,1968,0,a_S
1778659832.763333,2045,0,a_S
1778659832.7659469,2070,0,a_S
1778659832.76729,1866,0,a_S
1778659832.773831,2057,0,a_S
1778659832.775189,2267,0,a_S
1778659832.7753868,2250,0,a_S
1778659832.777161,2029,0,a_S
1778659832.7772548,1997,0,a_S
1778659832.7809122,2047,0,a_S
1778659832.78241,2012,0,a_S
1778659832.7841122,1884,0,a_S
1778659832.785461,1981,0,a_S
1778659832.786877,2196,0,a_S
1778659832.788888,2238,0,a_S
1778659832.7938151,2057,0,a_S
1778659832.7938602,2032,0,a_S
1778659832.796077,1994,0,a_S
1778659832.797887,2110,0,a_S
1778659832.799743,1914,0,a_S
1778659832.802593,1929,0,a_S
1778659832.804621,2119,0,a_S
1778659832.80592,2327,0,a_S
1778659832.8072162,2111,0,a_S
1778659832.810016,2039,0,a_S
1778659832.81133,1918,0,a_S
1778659832.813954,2092,0,a_S
1778659832.8180952,1956,0,a_S
1778659832.818536,1852,0,a_S
1778659832.8205729,2054,0,a_S
1778659832.8222358,2343,0,a_S
1778659832.8242,2221,0,a_S
1778659832.826921,2038,0,a_S
1778659832.827075,1956,0,a_S
1778659832.8300312,2083,0,a_S
1778659832.8313248,2034,0,a_S
1778659832.833879,1898,0,a_S
1778659832.835166,1950,0,a_S
1778659832.8378618,2206,0,a_S
1778659832.8427699,2316,0,a_S
1778659832.842837,2100,0,a_S
1778659832.843294,2003,0,a_S
1778659832.845181,2018,0,a_S
1778659832.847214,2026,0,a_S
1778659832.848842,1895,0,a_S
1778659832.851826,1901,0,a_S
1778659832.8539991,2130,0,a_S
1778659832.855328,2313,0,a_S
1778659832.857881,2055,0,a_S
1778659832.859197,1938,0,a_S
1778659832.861762,1884,0,a_S
1778659832.862947,2024,0,a_S
1778659832.866699,2058,0,a_S
1778659832.8679922,1961,0,a_S
1778659832.8717482,2080,0,a_S
1778659832.872462,2231,0,a_S
1778659832.874333,2184,0,a_S
1778659832.875883,2080,0,a_S
1778659832.877504,1978,0,a_S
1778659832.878797,2043,0,a_S
1778659832.881393,2055,0,a_S
1778659832.883958,1907,0,a_S
1778659832.8852549,1990,0,a_S
1778659832.891232,2182,0,a_S
1778659832.891642,2259,0,a_S
1778659832.8920362,2058,0,a_S
1778659832.893503,1963,0,a_S
1778659832.8953102,1969,0,a_S
1778659832.8968809,2050,0,a_S
1778659832.899976,1946,0,a_S
1778659832.901598,1870,0,a_S
1778659832.9028978,2097,0,a_S
1778659832.9055738,2325,0,a_S
1778659832.906872,2137,0,a_S
1778659832.909441,2036,0,a_S
1778659832.915622,1974,0,a_S
1778659832.9160619,2065,0,a_S
1778659832.916162,2036,0,a_S
1778659832.917651,1898,0,a_S
1778659832.919256,2035,0,a_S
1778659832.9223502,2256,0,a_S
1778659832.923873,2154,0,a_S
1778659832.9254332,2001,0,a_S
1778659832.926783,2031,0,a_S
1778659832.929339,2123,0,a_S
1778659832.9318972,2045,0,a_S
1778659832.9331882,1826,0,a_S
1778659832.938803,1977,0,a_S
1778659832.939478,2217,0,a_S
1778659832.940531,2285,0,a_S
1778659832.942379,2153,0,a_S
1778659832.944095,1939,0,a_S
1778659832.9467552,1918,0,a_S
1778659832.9468958,2068,0,a_S
1778659832.9494789,1938,0,a_S
1778659832.950767,1918,0,a_S
1778659832.9533088,2117,0,a_S
1778659832.9558778,2305,0,a_S
1778659832.957165,2096,0,a_S
1778659832.961378,2072,0,a_S
1778659832.961802,1976,0,a_S
1778659832.963434,2019,0,a_S
1778659832.9651031,1943,0,a_S
1778659832.968013,1935,0,a_S
1778659832.9695392,2064,0,a_S
1778659832.971553,2263,0,a_S
1778659832.972845,2204,0,a_S
1778659832.975399,2080,0,a_S
1778659832.976774,1913,0,a_S
1778659832.979318,2060,0,a_S
1778659832.983859,1981,0,a_S
1778659832.9846048,1874,0,a_S
1778659832.986309,1990,0,a_S
1778659832.988652,2220,0,a_S
1778659832.9890308,2282,0,a_S
1778659832.991209,2064,0,a_S
1778659832.992817,1996,0,a_S
1778659832.994805,2016,0,a_S
1778659832.997351,2089,0,a_S
1778659832.9999082,1971,0,a_S
1778659833.001211,1941,0,a_S
1778659833.0073578,2182,0,a_S
1778659833.0074382,2253,0,a_S
1778659833.007796,2071,0,a_S
1778659833.0096781,2015,0,a_S
1778659833.011155,1980,0,a_S
1778659833.014362,2049,0,a_S
1778659833.0158389,1969,0,a_S
1778659833.017447,1899,0,a_S
1778659833.018799,2077,0,a_S
1778659833.021518,2282,0,a_S
1778659833.0228548,2196,0,a_S
1778659833.0254238,2133,0,a_S
1778659833.030724,1994,0,a_S
1778659833.0311959,2025,0,a_S
1778659833.032604,2063,0,a_S
1778659833.034413,1857,0,a_S
1778659833.036185,1872,0,a_S
1778659833.0389829,2182,0,a_S
1778659833.039104,2278,0,a_S
1778659833.0410008,2150,0,a_S
1778659833.043562,1989,0,a_S
1778659833.0454452,2074,0,a_S
1778659833.046742,2075,0,a_S
1778659833.0496142,1937,0,a_S
1778659833.055902,1940,0,a_S
1778659833.057503,2144,0,a_S
1778659833.057667,2345,0,a_S
1778659833.059106,2147,0,a_S
1778659833.059229,1979,0,a_S
1778659833.06142,1908,0,a_S
1778659833.065999,2000,0,a_S
1778659833.066168,1933,0,a_S
1778659833.067512,1947,0,a_S
1778659833.068832,2026,0,a_S
1778659833.075223,2246,0,a_S
1778659833.0753422,2186,0,a_S
1778659833.075708,2066,0,a_S
1778659833.084359,1993,0,a_S
1778659833.084491,2066,0,a_S
1778659833.084597,2032,0,a_S
1778659833.084703,1980,0,a_S
1778659833.0867891,1980,0,a_S
1778659833.087144,2194,0,a_S
1778659833.0904052,2255,0,a_S
1778659833.091713,2067,0,a_S
1778659833.093018,2043,0,a_S
1778659833.0955882,1944,0,a_S
1778659833.097582,2014,0,a_S
1778659833.1029959,1852,0,a_S
1778659833.1056,1926,0,a_S
1778659833.107108,2188,0,a_S
1778659833.107219,2377,0,a_S
1778659833.107643,2116,0,a_S
1778659833.109138,1953,0,a_S
1778659833.110768,1947,0,a_S
1778659833.114702,2070,0,a_S
1778659833.11477,1999,0,a_S
1778659833.117273,1944,0,a_S
1778659833.118739,2065,0,a_S
1778659833.1239722,2287,0,a_S
1778659833.124068,2137,0,a_S
1778659833.127533,2040,0,a_S
1778659833.128204,1938,0,a_S
1778659833.135232,2064,0,a_S
1778659833.1356878,2032,0,a_S
1778659833.135894,1837,0,a_S
1778659833.1359239,1899,0,a_S
1778659833.137294,2253,0,a_S
1778659833.138735,2252,0,a_S
1778659833.141485,1965,0,a_S
1778659833.142953,2009,0,a_S
1778659833.145631,2036,0,a_S
1778659833.1514912,2064,0,a_S
1778659833.152836,1940,0,a_S
1778659833.152967,1921,0,a_S
1778659833.1530502,2153,0,a_S
1778659833.156311,2356,0,a_S
1778659833.158633,2159,0,a_S
1778659833.160466,2018,0,a_S
1778659833.162144,2039,0,a_S
1778659833.163712,2080,0,a_S
1778659833.165167,1997,0,a_S
1778659833.167041,1925,0,a_S
1778659833.172354,2051,0,a_S
1778659833.1731808,2213,0,a_S
1778659833.173292,2163,0,a_S
1778659833.1765492,2082,0,a_S
1778659833.1769369,2014,0,a_S
1778659833.1799738,2022,0,a_S
1778659833.1818528,1977,0,a_S
1778659833.183529,1861,0,a_S
1778659833.184822,2012,0,a_S
1778659833.187385,2201,0,a_S
1778659833.188681,2258,0,a_S
1778659833.191396,2039,0,a_S
1778659833.192746,2051,0,a_S
1778659833.197491,1997,0,a_S
1778659833.198453,1981,0,a_S
1778659833.200323,1861,0,a_S
1778659833.2020469,1936,0,a_S
1778659833.207024,2181,0,a_S
1778659833.2072089,2404,0,a_S
1778659833.207399,2143,0,a_S
1778659833.209428,2032,0,a_S
1778659833.2108421,1946,0,a_S
1778659833.2137952,2042,0,a_S
1778659833.226583,2025,0,a_S
1778659833.231266,1901,0,a_S
1778659833.231353,2072,0,a_S
1778659833.2314398,2304,0,a_S
1778659833.231487,2177,0,a_S
1778659833.2315562,2027,0,a_S
1778659833.23158,1979,0,a_S
1778659833.231613,2069,0,a_S
1778659833.231772,2065,0,a_S
1778659833.2331111,1923,0,a_S
1778659833.235774,1954,0,a_S
1778659833.237206,2184,0,a_S
1778659833.238919,2236,0,a_S
1778659833.241646,2031,0,a_S
1778659833.249562,2066,0,a_S
1778659833.2515352,2064,0,a_S
1778659833.257289,2063,0,a_S
1778659833.259319,1915,0,a_S
1778659833.259398,1867,0,a_S
1778659833.259449,2134,0,a_S
1778659833.259498,2296,0,a_S
1778659833.259546,2134,0,a_S
1778659833.2595918,1974,0,a_S
1778659833.260968,1967,0,a_S
1778659833.278517,2097,0,a_S
1778659833.278964,1993,0,a_S
1778659833.279207,1938,0,a_S
1778659833.279392,2042,0,a_S
1778659833.281489,2271,0,a_S
1778659833.281836,2254,0,a_S
1778659833.281923,2093,0,a_S
1778659833.282013,1947,0,a_S
1778659833.282068,2028,0,a_S
1778659833.282123,1987,0,a_S
1778659833.2834618,1867,0,a_S
1778659833.2848,1985,0,a_S
1778659833.28754,2174,0,a_S
1778659833.288769,2219,0,a_S
1778659833.2997582,2111,0,a_S
1778659833.299974,2007,0,a_S
1778659833.302748,1962,0,a_S
1778659833.302988,2077,0,a_S
1778659833.304606,1937,0,a_S
1778659833.3075688,1920,0,a_S
1778659833.310048,2122,0,a_S
1778659833.310591,2327,0,a_S
1778659833.312615,2148,0,a_S
1778659833.312654,2036,0,a_S
1778659833.31268,1927,0,a_S
1778659833.312704,2091,0,a_S
1778659833.3154812,1978,0,a_S
1778659833.326229,1882,0,a_S
1778659833.3318,2039,0,a_S
1778659833.3341491,2314,0,a_S
1778659833.33423,2210,0,a_S
1778659833.334293,2063,0,a_S
1778659833.334327,2060,0,a_S
1778659833.334391,2050,0,a_S
1778659833.334433,1960,0,a_S
1778659833.334477,1882,0,a_S
1778659833.3346088,2010,0,a_S
1778659833.3372679,2204,0,a_S
1778659833.338706,2207,0,a_S
1778659833.3413692,2150,0,a_S
1778659833.342835,1960,0,a_S
1778659833.357845,2000,0,a_S
1778659833.360626,2084,0,a_S
1778659833.362866,1955,0,a_S
1778659833.3629382,1957,0,a_S
1778659833.362998,2120,0,a_S
1778659833.36309,2324,0,a_S
1778659833.363128,2110,0,a_S
1778659833.363168,1988,0,a_S
1778659833.3631942,1946,0,a_S
1778659833.3632598,2122,0,a_S
1778659833.36464,1976,0,a_S
1778659833.376489,1997,0,a_S
1778659833.378206,2044,0,a_S
1778659833.3829062,2225,0,a_S
1778659833.383745,2242,0,a_S
1778659833.384,2039,0,a_S
1778659833.386094,1933,0,a_S
1778659833.386206,2021,0,a_S
1778659833.386278,1979,0,a_S
1778659833.386334,1866,0,a_S
1778659833.386444,1996,0,a_S
1778659833.386529,2213,0,a_S
1778659833.3891761,2290,0,a_S
1778659833.3905432,2131,0,a_S
1778659833.393138,2024,0,a_S
1778659833.394512,1992,0,a_S
1778659833.400577,2025,0,a_S
1778659833.4037309,1954,0,a_S
1778659833.405625,1912,0,a_S
1778659833.406879,2088,0,a_S
1778659833.407583,2324,0,a_S
1778659833.407736,2112,0,a_S
1778659833.410174,2021,0,a_S
1778659833.412891,1986,0,a_S
1778659833.413116,2091,0,a_S
1778659833.4154859,1947,0,a_S
1778659833.416839,1859,0,a_S
1778659833.419627,2046,0,a_S
1778659833.423881,2318,0,a_S
1778659833.425447,2197,0,a_S
1778659833.425635,2019,0,a_S
1778659833.427444,1952,0,a_S
1778659833.429513,2007,0,a_S
1778659833.435306,2024,0,a_S
1778659833.435634,1898,0,a_S
1778659833.4358919,2028,0,a_S
1778659833.438165,2196,0,a_S
1778659833.439899,2293,0,a_S
1778659833.441515,2060,0,a_S
1778659833.442821,1983,0,a_S
1778659833.445655,1982,0,a_S
1778659833.4469051,2212,0,a_S
1778659833.455771,1939,0,a_S
1778659833.45584,1951,0,a_S
1778659833.45587,2193,0,a_S
1778659833.455897,2314,0,a_S
1778659833.464055,2074,0,a_S
1778659833.4661,2019,0,a_S
1778659833.466727,1970,0,a_S
1778659833.4668632,2084,0,a_S
1778659833.466923,1933,0,a_S
1778659833.466961,1862,0,a_S
1778659833.469693,2045,0,a_S
1778659833.4754,2298,0,a_S
1778659833.476393,2216,0,a_S
1778659833.478268,2067,0,a_S
1778659833.480879,1968,0,a_S
1778659833.481942,2058,0,a_S
1778659833.48285,1980,0,a_S
1778659833.483412,1942,0,a_S
1778659833.4871,1943,0,a_S
1778659833.487631,2185,0,a_S
1778659833.489834,2266,0,a_S
1778659833.4912121,2070,0,a_S
1778659833.4926028,1983,0,a_S
1778659833.4952698,2024,0,a_S
1778659833.4974668,2140,0,a_S
1778659833.498806,1966,0,a_S
1778659833.505994,1849,0,a_S
1778659833.5065951,2073,0,a_S
1778659833.507116,2291,0,a_S
1778659833.5072598,2123,0,a_S
1778659833.5113568,2026,0,a_S
1778659833.51191,1965,0,a_S
1778659833.514626,2070,0,a_S
1778659833.5171032,1974,0,a_S
1778659833.517358,1845,0,a_S
1778659833.519722,2065,0,a_S
1778659833.521056,2317,0,a_S
1778659833.5234702,2171,0,a_S
1778659833.5287309,2026,0,a_S
1778659833.529185,1982,0,a_S
1778659833.53018,2027,0,a_S
1778659833.531657,2050,0,a_S
1778659833.533379,1873,0,a_S
1778659833.535647,1956,0,a_S
1778659833.5397592,2221,0,a_S
1778659833.539979,2273,0,a_S
1778659833.5423229,2059,0,a_S
1778659833.542448,1986,0,a_S
1778659833.545016,2007,0,a_S
1778659833.546423,2151,0,a_S
1778659833.5489862,1895,0,a_S
1778659833.5504131,1921,0,a_S
1778659833.556632,2171,0,a_S
1778659833.557175,2332,0,a_S
1778659833.557673,2126,0,a_S
1778659833.560055,2042,0,a_S
1778659833.56218,1967,0,a_S
1778659833.564047,2071,0,a_S
1778659833.5657878,1986,0,a_S
1778659833.5686028,1872,0,a_S
1778659833.568776,2018,0,a_S
1778659833.571172,2226,0,a_S
1778659833.572521,2194,0,a_S
1778659833.575211,2022,0,a_S
1778659833.580387,1993,0,a_S
1778659833.580827,2059,0,a_S
1778659833.581548,2035,0,a_S
1778659833.583064,1843,0,a_S
1778659833.585108,1968,0,a_S
1778659833.5888078,2112,0,a_S
1778659833.5912309,2328,0,a_S
1778659833.59144,2172,0,a_S
1778659833.593672,1967,0,a_S
1778659833.594975,1916,0,a_S
1778659833.5975308,2023,0,a_S
1778659833.5988228,1974,0,a_S
1778659833.601386,1953,0,a_S
1778659833.602695,2107,0,a_S
1778659833.608446,2274,0,a_S
1778659833.609018,2124,0,a_S
1778659833.6104288,2027,0,a_S
1778659833.611873,1987,0,a_S
1778659833.613535,2066,0,a_S
1778659833.615459,2031,0,a_S
1778659833.620285,1890,0,a_S
1778659833.620777,2014,0,a_S
1778659833.6233,2211,0,a_S
1778659833.6233752,2211,0,a_S
1778659833.624715,2103,0,a_S
1778659833.6271691,1973,0,a_S
1778659833.633177,2035,0,a_S
1778659833.634955,2027,0,a_S
1778659833.635232,1889,0,a_S
1778659833.635426,1969,0,a_S
1778659833.637841,2207,0,a_S
1778659833.639099,2307,0,a_S
1778659833.641612,2027,0,a_S
1778659833.6439528,1999,0,a_S
1778659833.646316,1938,0,a_S
1778659833.646349,2052,0,a_S
1778659833.648984,1909,0,a_S
1778659833.651607,1887,0,a_S
1778659833.6529121,2134,0,a_S
1778659833.655484,2301,0,a_S
1778659833.65682,2131,0,a_S
1778659833.662177,2030,0,a_S
1778659833.6622741,1963,0,a_S
1778659833.662699,2110,0,a_S
1778659833.664491,2013,0,a_S
1778659833.6685288,1882,0,a_S
1778659833.669076,2061,0,a_S
1778659833.67082,2300,0,a_S
1778659833.6734562,2193,0,a_S
1778659833.67605,2054,0,a_S
1778659833.677453,1926,0,a_S
1778659833.678931,2002,0,a_S
1778659833.680449,1992,0,a_S
1778659833.687693,1863,0,a_S
1778659833.689826,1931,0,a_S
1778659833.69054,2171,0,a_S
1778659833.691582,2338,0,a_S
1778659833.692482,2102,0,a_S
1778659833.6948721,1984,0,a_S
1778659833.695067,2049,0,a_S
1778659833.697888,2144,0,a_S
1778659833.700274,1924,0,a_S
1778659833.700429,1934,0,a_S
1778659833.70309,2116,0,a_S
1778659833.7044601,2330,0,a_S
1778659833.7070851,2121,0,a_S
1778659833.708432,1963,0,a_S
1778659833.715633,1944,0,a_S
1778659833.716241,2079,0,a_S
1778659833.716825,1940,0,a_S
1778659833.718675,1820,0,a_S
1778659833.720256,1976,0,a_S
1778659833.7207859,2305,0,a_S
1778659833.722753,2268,0,a_S
1778659833.7274292,2097,0,a_S
1778659833.727774,2015,0,a_S
1778659833.730182,2049,0,a_S
1778659833.730303,2064,0,a_S
1778659833.7329721,1924,0,a_S
1778659833.734499,1971,0,a_S
1778659833.738813,2179,0,a_S
1778659833.7397912,2334,0,a_S
1778659833.742224,2074,0,a_S
1778659833.7441049,1939,0,a_S
1778659833.745488,1943,0,a_S
1778659833.748516,2035,0,a_S
1778659833.7511091,1909,0,a_S
1778659833.751341,1925,0,a_S
1778659833.75367,2012,0,a_S
1778659833.755243,2367,0,a_S
1778659833.7566578,2215,0,a_S
1778659833.75934,2060,0,a_S
1778659833.760759,1996,0,a_S
1778659833.763253,2076,0,a_S
1778659833.7686982,2031,0,a_S
1778659833.7697222,1873,0,a_S
1778659833.770237,2049,0,a_S
1778659833.7719822,2237,0,a_S
1778659833.7737012,2179,0,a_S
1778659833.7755551,2059,0,a_S
1778659833.778018,1958,0,a_S
1778659833.780535,1987,0,a_S
1778659833.780905,2001,0,a_S
1778659833.783469,1955,0,a_S
1778659833.784854,1936,0,a_S
1778659833.787474,2130,0,a_S
1778659833.792896,2286,0,a_S
1778659833.79566,2088,0,a_S
1778659833.79582,1990,0,a_S
1778659833.796084,2048,0,a_S
1778659833.7998772,2119,0,a_S
1778659833.805008,1948,0,a_S
1778659833.805228,2009,0,a_S
1778659833.8058429,2177,0,a_S
1778659833.8082619,2283,0,a_S
1778659833.8083541,2081,0,a_S
1778659833.8083909,2024,0,a_S
1778659833.811018,1901,0,a_S
1778659833.812372,2029,0,a_S
1778659833.815018,1957,0,a_S
1778659833.816412,1852,0,a_S
1778659833.822858,2049,0,a_S
1778659833.824068,2236,0,a_S
1778659833.824641,2204,0,a_S
1778659833.828913,1957,0,a_S
1778659833.8294919,1934,0,a_S
1778659833.830868,2015,0,a_S
1778659833.8323982,2046,0,a_S
1778659833.834093,1906,0,a_S
1778659833.8366358,1973,0,a_S
1778659833.836952,2325,0,a_S
1778659833.839458,2339,0,a_S
1778659833.840856,1991,0,a_S
1778659833.8421981,1924,0,a_S
1778659833.851243,1982,0,a_S
1778659833.853547,2028,0,a_S
1778659833.8559391,2049,0,a_S
1778659833.85649,2057,0,a_S
1778659833.85836,2144,0,a_S
1778659833.8609111,2281,0,a_S
1778659833.861279,2010,0,a_S
1778659833.8614662,1801,0,a_S
1778659833.8635101,2011,0,a_S
1778659833.864224,2089,0,a_S
1778659833.8643289,1745,0,a_S
1778659833.866884,1752,0,a_S
1778659833.868265,2058,0,a_S
1778659833.8708649,2322,0,a_S
1778659833.872302,2424,0,a_S
1778659833.880089,1494,0,a_S
1778659833.8816571,1823,0,a_S
1778659833.8843179,2037,0,a_S
1778659833.886136,2195,0,a_S
1778659833.88722,1574,0,a_S
1778659833.8908648,1604,0,a_S
1778659833.891134,2529,0,a_S
1778659833.893674,2838,0,a_S
1778659833.894239,1959,0,a_S
1778659833.8945239,1980,0,a_S
1778659833.89495,2002,0,a_S
1778659833.8967922,1528,0,a_S
1778659833.898164,2004,0,a_S
1778659833.900778,2198,0,a_S
1778659833.9069078,2360,0,a_S
1778659833.9095511,2013,0,a_S
1778659833.912158,1266,0,a_S
1778659833.9132118,2268,0,a_S
1778659833.9146209,2826,0,a_S
1778659833.9152262,1753,0,a_S
1778659833.916797,1168,0,a_S
1778659833.9170141,904,0,a_S
1778659833.919798,2796,0,a_S
1778659833.922379,3267,0,a_S
1778659833.9225118,2897,0,a_S
1778659833.9254668,2598,0,a_S
1778659833.926825,2357,0,a_S
1778659833.928261,2538,0,a_S
1778659833.93117,2614,0,a_S
1778659833.938478,1840,0,a_S
1778659833.940119,1861,0,a_S
1778659833.9425359,2105,0,a_S
1778659833.943139,1997,0,a_S
1778659833.9444292,1391,0,a_S
1778659833.945429,1463,0,a_S
1778659833.946923,1878,0,a_S
1778659833.947118,1882,0,a_S
1778659833.949806,2054,0,a_S
1778659833.9521248,2054,0,a_S
1778659833.952396,1919,0,a_S
1778659833.9553878,2012,0,a_S
1778659833.956775,1895,0,a_S
1778659833.9686358,1996,0,a_S
1778659833.970582,2125,0,a_S
1778659833.973639,2298,0,a_S
1778659833.9739032,2162,0,a_S
1778659833.9741518,1650,0,a_S
1778659833.974186,1860,0,a_S
1778659833.974215,1972,0,a_S
1778659833.974244,2040,0,a_S
1778659833.9742742,1919,0,a_S
1778659833.9768162,1888,0,a_S
1778659833.978218,1879,0,a_S
1778659833.9809039,1952,0,a_S
1778659833.982304,1863,0,a_S
1778659833.984812,1956,0,a_S
1778659833.986167,1858,0,a_S
1778659833.9947362,2081,0,a_S
1778659833.996355,1840,0,a_S
1778659833.99809,1765,0,a_S
1778659833.998688,1840,0,a_S
1778659833.9991848,1995,0,a_S
1778659834.00015,1937,0,a_S
1778659834.001964,1829,0,a_S
1778659834.00666,2010,0,a_S
1778659834.0073779,2278,0,a_S
1778659834.007475,2007,0,a_S
1778659834.0088398,1920,0,a_S
1778659834.0101702,1853,0,a_S
1778659834.015842,1991,0,a_S
1778659834.016348,1851,0,a_S
1778659834.016917,1625,0,a_S
1778659834.019258,1538,0,a_S
1778659834.020894,1751,0,a_S
1778659834.022679,1773,0,a_S
1778659834.024915,2309,0,a_S
1778659834.0273879,2215,0,a_S
1778659834.029539,2021,0,a_S
1778659834.030839,1878,0,a_S
1778659834.032133,1847,0,a_S
1778659834.0346959,2307,0,a_S
1778659834.0372632,2557,0,a_S
1778659834.0385752,2626,0,a_S
1778659834.044018,1722,0,a_S
1778659834.044823,969,0,a_S
1778659834.045273,1352,0,a_S
1778659834.047002,2122,0,a_S
1778659834.048656,2189,0,a_S
1778659834.05032,1678,0,a_S
1778659834.055213,1708,0,a_S
1778659834.055338,2128,0,a_S
1778659834.057145,2388,0,a_S
1778659834.0583959,2248,0,a_S
1778659834.061034,2519,0,a_S
1778659834.066268,2589,0,a_S
1778659834.066805,2033,0,a_S
1778659834.067589,1856,0,a_S
1778659834.06922,1975,0,a_S
1778659834.072033,2188,0,a_S
1778659834.0721972,2003,0,a_S
1778659834.075212,994,0,a_S
1778659834.077569,1725,0,a_S
1778659834.079821,2350,0,a_S
1778659834.081224,2055,0,a_S
1778659834.082518,1710,0,a_S
1778659834.085071,1865,0,a_S
1778659834.0863621,2145,0,a_S
1778659834.088885,2630,0,a_S
1778659834.09446,2499,0,a_S
1778659834.095307,2175,0,a_S
1778659834.095415,1842,0,a_S
1778659834.097419,1985,0,a_S
1778659834.099329,1721,0,a_S
1778659834.1010618,1553,0,a_S
1778659834.102875,1669,0,a_S
1778659834.1055691,1807,0,a_S
1778659834.108031,1841,0,a_S
1778659834.108075,1546,0,a_S
1778659834.110636,1854,0,a_S
1778659834.112063,1743,0,a_S
1778659834.115566,1399,0,a_S
1778659834.11823,1866,0,a_S
1778659834.119657,3071,0,a_S
1778659834.1237361,2667,0,a_S
1778659834.1238458,2722,0,a_S
1778659834.126285,2424,0,a_S
1778659834.126431,2359,0,a_S
1778659834.12849,2191,0,a_S
1778659834.130872,2192,0,a_S
1778659834.1321652,1680,0,a_S
1778659834.134565,1580,0,a_S
1778659834.136116,2121,0,a_S
1778659834.142744,2290,0,a_S
1778659834.1431098,1520,0,a_S
1778659834.143637,1876,0,a_S
1778659834.1452851,1933,0,a_S
1778659834.146795,1978,0,a_S
1778659834.148745,1872,0,a_S
1778659834.150551,2165,0,a_S
1778659834.15304,2230,0,a_S
1778659834.155168,2248,0,a_S
1778659834.1564841,1535,0,a_S
1778659834.159054,1136,0,a_S
1778659834.163038,2225,0,a_S
1778659834.1634638,2886,0,a_S
1778659834.165465,2186,0,a_S
1778659834.1670778,1731,0,a_S
1778659834.1694562,1764,0,a_S
1778659834.173221,2257,0,a_S
1778659834.173569,2113,0,a_S
1778659834.175725,1868,0,a_S
1778659834.1770198,2269,0,a_S
1778659834.1783092,1984,0,a_S
1778659834.180854,1384,0,a_S
1778659834.1821399,1738,0,a_S
1778659834.184688,2137,0,a_S
1778659834.189213,2408,0,a_S
1778659834.189999,2613,0,a_S
1778659834.190409,2105,0,a_S
1778659834.193663,1779,0,a_S
1778659834.196846,1946,0,a_S
1778659834.197076,2207,0,a_S
1778659834.199548,1679,0,a_S
1778659834.2012658,1285,0,a_S
1778659834.202566,1967,0,a_S
1778659834.205176,2499,0,a_S
1778659834.2097979,2697,0,a_S
1778659834.212599,2271,0,a_S
1778659834.2126799,2207,0,a_S
1778659834.212777,2095,0,a_S
1778659834.214853,1790,0,a_S
1778659834.216533,1606,0,a_S
1778659834.223021,1728,0,a_S
1778659834.2234461,1545,0,a_S
1778659834.2237198,2247,0,a_S
1778659834.2250261,2076,0,a_S
1778659834.226343,1890,0,a_S
1778659834.228912,2431,0,a_S
1778659834.2302039,2512,0,a_S
1778659834.2327611,2158,0,a_S
1778659834.238731,2275,0,a_S
1778659834.240055,2560,0,a_S
1778659834.240216,2118,0,a_S
1778659834.24037,2040,0,a_S
1778659834.2435951,2009,0,a_S
1778659834.2451992,1973,0,a_S
1778659834.2475572,1924,0,a_S
1778659834.249233,1729,0,a_S
1778659834.2505238,1742,0,a_S
1778659834.253076,1906,0,a_S
1778659834.2567732,2157,0,a_S
1778659834.256819,1441,0,a_S
1778659834.258743,2270,0,a_S
1778659834.261346,2352,0,a_S
1778659834.264659,2053,0,a_S
1778659834.264766,1695,0,a_S
1778659834.267374,1930,0,a_S
1778659834.269473,2452,0,a_S
1778659834.270862,2706,0,a_S
1778659834.272332,2430,0,a_S
1778659834.2748969,2044,0,a_S
1778659834.276282,2043,0,a_S
1778659834.2788181,1988,0,a_S
1778659834.282965,1825,0,a_S
1778659834.283793,1694,0,a_S
1778659834.2882502,1623,0,a_S
1778659834.293463,1977,0,a_S
1778659834.293738,2624,0,a_S
1778659834.293958,2432,0,a_S
1778659834.294069,1785,0,a_S
1778659834.294168,1688,0,a_S
1778659834.296772,1841,0,a_S
1778659834.317704,2030,0,a_S
1778659834.3193011,2031,0,a_S
1778659834.3193312,2494,0,a_S
1778659834.31992,2618,0,a_S
1778659834.3199518,2292,0,a_S
1778659834.3199759,2017,0,a_S
1778659834.32,1764,0,a_S
1778659834.320023,2016,0,a_S
1778659834.320485,1721,0,a_S
1778659834.3205109,1663,0,a_S
1778659834.320533,2225,0,a_S
1778659834.320562,2494,0,a_S
1778659834.321921,2301,0,a_S
1778659834.366459,2227,0,a_S
1778659834.366505,2098,0,a_S
1778659834.366533,2256,0,a_S
1778659834.366559,2246,0,a_S
1778659834.366585,1999,0,a_S
1778659834.3666098,1941,0,a_S
1778659834.367027,2135,0,a_S
1778659834.3670568,1942,0,a_S
1778659834.3670819,1958,0,a_S
1778659834.367108,2103,0,a_S
1778659834.367132,1906,0,a_S
1778659834.367157,2075,0,a_S
1778659834.367182,2062,0,a_S
1778659834.3672068,2044,0,a_S
1778659834.367231,2035,0,a_S
1778659834.3672562,2025,0,a_S
1778659834.3672802,2196,0,a_S
1778659834.3673038,2057,0,a_S
1778659834.367328,1706,0,a_S
1778659834.36736,1836,0,a_S
1778659834.367558,2298,0,a_S
1778659834.367661,2192,0,a_S
1778659834.3690271,2210,0,a_S
1778659834.3707242,2227,0,a_S
1778659834.372206,2189,0,a_S
1778659834.3895838,1954,0,a_S
1778659834.3896608,1982,0,a_S
1778659834.389696,2276,0,a_S
1778659834.389725,2245,0,a_S
1778659834.389751,1761,0,a_S
1778659834.389858,1651,0,a_S
1778659834.389983,1869,0,a_S
1778659834.3900092,2480,0,a_S
1778659834.390034,2432,0,a_S
1778659834.392592,2104,0,a_S
1778659834.397695,1685,0,a_S
1778659834.40237,1805,0,a_S
1778659834.403635,2177,0,a_S
1778659834.406185,2219,0,a_S
1778659834.4090471,2336,0,a_S
1778659834.409321,2383,0,a_S
1778659834.409603,2064,0,a_S
1778659834.409838,2060,0,a_S
1778659834.411459,1860,0,a_S
1778659834.4131231,1939,0,a_S
1778659834.414448,2214,0,a_S
1778659834.4171362,2169,0,a_S
1778659834.418433,1932,0,a_S
1778659834.421113,2127,0,a_S
1778659834.4267619,2408,0,a_S
1778659834.426881,2264,0,a_S
1778659834.4277399,2218,0,a_S
1778659834.429365,2026,0,a_S
1778659834.4346318,1940,0,a_S
1778659834.439679,1844,0,a_S
1778659834.439735,1904,0,a_S
1778659834.440081,1913,0,a_S
1778659834.4401128,2298,0,a_S
1778659834.44014,2035,0,a_S
1778659834.442817,1915,0,a_S
1778659834.44792,2159,0,a_S
1778659834.448713,2270,0,a_S
1778659834.449458,2166,0,a_S
1778659834.452497,1949,0,a_S
1778659834.4531252,2140,0,a_S
1778659834.4561899,2329,0,a_S
1778659834.45634,2203,0,a_S
1778659834.459046,2096,0,a_S
1778659834.4612212,2085,0,a_S
1778659834.462525,2179,0,a_S
1778659834.4650218,1836,0,a_S
1778659834.466313,1953,0,a_S
1778659834.468858,2015,0,a_S
1778659834.4702878,2208,0,a_S
1778659834.4752681,2241,0,a_S
1778659834.475323,2063,0,a_S
1778659834.477932,2057,0,a_S
1778659834.478087,2026,0,a_S
1778659834.481984,2026,0,a_S
1778659834.48602,1857,0,a_S
1778659834.4862652,1933,0,a_S
1778659834.486668,2163,0,a_S
1778659834.48926,2372,0,a_S
1778659834.490556,2165,0,a_S
1778659834.491922,1958,0,a_S
1778659834.4969852,1987,0,a_S
1778659834.498066,2161,0,a_S
1778659834.499278,1833,0,a_S
1778659834.501566,1809,0,a_S
1778659834.5074391,2083,0,a_S
1778659834.507902,2268,0,a_S
1778659834.5081742,2337,0,a_S
1778659834.50847,2304,0,a_S
1778659834.510051,2122,0,a_S
1778659834.5127602,2121,0,a_S
1778659834.514146,2034,0,a_S
1778659834.516924,2043,0,a_S
1778659834.5182972,2091,0,a_S
1778659834.521922,2259,0,a_S
1778659834.5255911,2266,0,a_S
1778659834.5260632,1891,0,a_S
1778659834.5265548,1906,0,a_S
1778659834.528163,2038,0,a_S
1778659834.539361,2204,0,a_S
1778659834.539513,1993,0,a_S
1778659834.539603,1942,0,a_S
1778659834.539815,2205,0,a_S
1778659834.539876,2479,0,a_S
1778659834.539964,2175,0,a_S
1778659834.54277,2048,0,a_S
1778659834.5499809,1932,0,a_S
1778659834.550276,2102,0,a_S
1778659834.552106,2060,0,a_S
1778659834.5526688,1993,0,a_S
1778659834.55309,2167,0,a_S
1778659834.55875,2392,0,a_S
1778659834.5588741,2163,0,a_S
1778659834.559118,2041,0,a_S
1778659834.561326,1926,0,a_S
1778659834.562639,1966,0,a_S
1778659834.563933,1899,0,a_S
1778659834.566427,1908,0,a_S
1778659834.567845,2020,0,a_S
1778659834.570665,2130,0,a_S
1778659834.576983,2161,0,a_S
1778659834.5818398,2150,0,a_S
1778659834.582866,2131,0,a_S
1778659834.585112,2187,0,a_S
1778659834.5907772,2131,0,a_S
1778659834.590899,1956,0,a_S
1778659834.591014,2005,0,a_S
1778659834.591102,2239,0,a_S
1778659834.5911849,2457,0,a_S
1778659834.591289,2118,0,a_S
1778659834.59265,1995,0,a_S
1778659834.594008,1924,0,a_S
1778659834.602122,2028,0,a_S
1778659834.60557,1977,0,a_S
1778659834.606158,1916,0,a_S
1778659834.606764,2087,0,a_S
1778659834.6086972,2293,0,a_S
1778659834.6114318,2154,0,a_S
1778659834.611687,2035,0,a_S
1778659834.6118379,1999,0,a_S
1778659834.612015,2097,0,a_S
1778659834.6140769,2024,0,a_S
1778659834.616609,1859,0,a_S
1778659834.618114,2074,0,a_S
1778659834.6210089,2289,0,a_S
1778659834.622165,2334,0,a_S
1778659834.632967,2120,0,a_S
1778659834.6336498,2015,0,a_S
1778659834.635112,2017,0,a_S
1778659834.640855,2065,0,a_S
1778659834.641674,1950,0,a_S
1778659834.641932,2000,0,a_S
1778659834.6442509,2201,0,a_S
1778659834.644363,2377,0,a_S
1778659834.644459,2166,0,a_S
1778659834.6445482,2013,0,a_S
1778659834.644628,2045,0,a_S
1778659834.6460109,2142,0,a_S
1778659834.6540642,1915,0,a_S
1778659834.655963,1896,0,a_S
1778659834.6584141,2132,0,a_S
1778659834.664955,2358,0,a_S
1778659834.6654541,2217,0,a_S
1778659834.6657999,2094,0,a_S
1778659834.666071,1985,0,a_S
1778659834.666209,2073,0,a_S
1778659834.666473,2051,0,a_S
1778659834.668882,1875,0,a_S
1778659834.668965,2053,0,a_S
1778659834.670369,2272,0,a_S
1778659834.671687,2271,0,a_S
1778659834.674289,1993,0,a_S
1778659834.6767612,1917,0,a_S
1778659834.6782131,2042,0,a_S
1778659834.682961,2078,0,a_S
1778659834.683412,1923,0,a_S
1778659834.685657,1994,0,a_S
1778659834.685765,2210,0,a_S
1778659834.6892889,2403,0,a_S
1778659834.691007,2084,0,a_S
1778659834.6937652,2022,0,a_S
1778659834.694129,2007,0,a_S
1778659834.696061,2058,0,a_S
1778659834.6986399,1945,0,a_S
1778659834.699989,1910,0,a_S
1778659834.705516,2151,0,a_S
1778659834.706793,2376,0,a_S
1778659834.706891,2220,0,a_S
1778659834.7084968,2095,0,a_S
1778659834.710252,1995,0,a_S
1778659834.712349,2092,0,a_S
1778659834.714986,2033,0,a_S
1778659834.71694,1921,0,a_S
1778659834.718234,1975,0,a_S
1778659834.720812,2217,0,a_S
1778659834.722111,2214,0,a_S
1778659834.724544,2050,0,a_S
1778659834.729572,1992,0,a_S
1778659834.73039,2075,0,a_S
1778659834.7307782,2101,0,a_S
1778659834.732523,1914,0,a_S
1778659834.734293,1923,0,a_S
1778659834.735862,2191,0,a_S
1778659834.739787,2341,0,a_S
1778659834.7399669,2042,0,a_S
1778659834.741899,2020,0,a_S
1778659834.744458,1995,0,a_S
1778659834.7456589,2053,0,a_S
1778659834.7482119,1955,0,a_S
1778659834.750953,1909,0,a_S
1778659834.754831,2144,0,a_S
1778659834.755299,2347,0,a_S
1778659834.757387,2181,0,a_S
1778659834.759202,2023,0,a_S
1778659834.760787,1936,0,a_S
1778659834.762395,2052,0,a_S
1778659834.764936,2037,0,a_S
1778659834.7668679,1867,0,a_S
1778659834.768162,1967,0,a_S
1778659834.770601,2171,0,a_S
1778659834.77206,2245,0,a_S
1778659834.7746189,2099,0,a_S
1778659834.7796988,1989,0,a_S
1778659834.7812328,1991,0,a_S
1778659834.782816,2036,0,a_S
1778659834.7828999,1895,0,a_S
1778659834.7846751,1948,0,a_S
1778659834.7864802,2187,0,a_S
1778659834.787853,2362,0,a_S
1778659834.790463,2043,0,a_S
1778659834.7921028,2009,0,a_S
1778659834.794661,1970,0,a_S
1778659834.795949,2065,0,a_S
1778659834.798506,1956,0,a_S
1778659834.7997959,1874,0,a_S
1778659834.8061771,2154,0,a_S
1778659834.8066041,2368,0,a_S
1778659834.807843,2223,0,a_S
1778659834.809371,2069,0,a_S
1778659834.810842,1969,0,a_S
1778659834.812669,2051,0,a_S
1778659834.815142,2016,0,a_S
1778659834.817138,1883,0,a_S
1778659834.818432,2000,0,a_S
1778659834.8197901,2206,0,a_S
1778659834.822356,2261,0,a_S
1778659834.823657,2049,0,a_S
1778659834.8262742,1957,0,a_S
1778659834.8304589,2035,0,a_S
1778659834.8312619,2041,0,a_S
1778659834.832722,1824,0,a_S
1778659834.834261,1909,0,a_S
1778659834.8360379,2275,0,a_S
1778659834.8401752,2218,0,a_S
1778659834.840266,2152,0,a_S
1778659834.84234,2078,0,a_S
1778659834.843771,1945,0,a_S
1778659834.846288,2103,0,a_S
1778659834.8488479,1958,0,a_S
1778659834.850137,1923,0,a_S
1778659834.855503,2041,0,a_S
1778659834.856343,2201,0,a_S
1778659834.8579211,2045,0,a_S
1778659834.85801,1961,0,a_S
1778659834.8598132,1926,0,a_S
1778659834.8629901,2006,0,a_S
1778659834.865484,1915,0,a_S
1778659834.865551,1805,0,a_S
1778659834.868428,2121,0,a_S
1778659834.869787,2218,0,a_S
1778659834.8723662,2162,0,a_S
1778659834.873659,2063,0,a_S
1778659834.876214,1860,0,a_S
1778659834.8802931,2063,0,a_S
1778659834.880734,2065,0,a_S
1778659834.882803,1741,0,a_S
1778659834.8844821,1916,0,a_S
1778659834.886113,2161,0,a_S
1778659834.887817,2291,0,a_S
1778659834.892342,2087,0,a_S
1778659834.8923788,1935,0,a_S
1778659834.893667,1933,0,a_S
1778659834.896244,2018,0,a_S
1778659834.897567,1938,0,a_S
1778659834.900136,1848,0,a_S
1778659834.905667,2047,0,a_S
1778659834.906105,2266,0,a_S
1778659834.906163,2100,0,a_S
1778659834.9077299,1938,0,a_S
1778659834.910601,1923,0,a_S
1778659834.912438,2016,0,a_S
1778659834.914742,1968,0,a_S
1778659834.916652,1872,0,a_S
1778659834.917942,1968,0,a_S
1778659834.920533,2183,0,a_S
1778659834.921864,2213,0,a_S
1778659834.924504,2044,0,a_S
1778659834.9291909,1966,0,a_S
1778659834.929615,2036,0,a_S
1778659834.929984,2018,0,a_S
1778659834.939029,1874,0,a_S
1778659834.939181,1912,0,a_S
1778659834.939521,2170,0,a_S
1778659834.939703,2286,0,a_S
1778659834.941519,2030,0,a_S
1778659834.941687,1983,0,a_S
1778659834.9442508,1942,0,a_S
1778659834.9455822,2030,0,a_S
1778659834.9481401,1986,0,a_S
1778659834.954761,1866,0,a_S
1778659834.956783,2038,0,a_S
1778659834.956953,2168,0,a_S
1778659834.957085,2175,0,a_S
1778659834.959315,2015,0,a_S
1778659834.961778,1993,0,a_S
1778659834.961901,2029,0,a_S
1778659834.9641778,1917,0,a_S
1778659834.9661372,1772,0,a_S
1778659834.96877,1984,0,a_S
1778659834.9701278,2194,0,a_S
1778659834.97153,2260,0,a_S
1778659834.974097,2046,0,a_S
1778659834.9755452,1998,0,a_S
1778659834.979757,1955,0,a_S
1778659834.979842,2047,0,a_S
1778659834.982338,1979,0,a_S
1778659834.983671,1961,0,a_S
1778659834.990238,2129,0,a_S
1778659834.990371,2313,0,a_S
1778659834.990587,2088,0,a_S
1778659834.9924061,1913,0,a_S
1778659834.993827,1982,0,a_S
1778659834.996446,2046,0,a_S
1778659835.007497,2029,0,a_S
1778659835.009661,1955,0,a_S
1778659835.012417,2047,0,a_S
1778659835.012608,2170,0,a_S
1778659835.012963,2127,0,a_S
1778659835.013332,2141,0,a_S
1778659835.0137138,1944,0,a_S
1778659835.015757,2087,0,a_S
1778659835.016011,2008,0,a_S
1778659835.016088,1925,0,a_S
1778659835.017452,1933,0,a_S
1778659835.020115,2211,0,a_S
1778659835.02151,2308,0,a_S
1778659835.023962,2079,0,a_S
1778659835.0314062,1971,0,a_S
1778659835.032085,1963,0,a_S
1778659835.0338922,2088,0,a_S
1778659835.034136,1838,0,a_S
1778659835.03423,1978,0,a_S
1778659835.0374908,2138,0,a_S
1778659835.040235,2298,0,a_S
1778659835.043046,2198,0,a_S
1778659835.0433931,2061,0,a_S
1778659835.0437272,1998,0,a_S
1778659835.046918,2081,0,a_S
1778659835.048293,1982,0,a_S
1778659835.0496929,1959,0,a_S
1778659835.053853,2139,0,a_S
1778659835.053977,2259,0,a_S
1778659835.056946,2108,0,a_S
1778659835.0588832,2054,0,a_S
1778659835.06094,1878,0,a_S
1778659835.064791,2042,0,a_S
1778659835.065182,1919,0,a_S
1778659835.067486,1730,0,a_S
1778659835.06756,1919,0,a_S
1778659835.070412,2231,0,a_S
1778659835.0718122,2493,0,a_S
1778659835.07448,2252,0,a_S
1778659835.0758772,2103,0,a_S
1778659835.083957,2087,0,a_S
1778659835.0842729,1984,0,a_S
1778659835.085741,1873,0,a_S
1778659835.090188,1997,0,a_S
1778659835.0932422,2232,0,a_S
1778659835.095387,2272,0,a_S
1778659835.095449,2144,0,a_S
1778659835.095479,1827,0,a_S
1778659835.095505,1912,0,a_S
1778659835.095531,2100,0,a_S
1778659835.098212,2003,0,a_S
1778659835.106559,1960,0,a_S
1778659835.1082082,2130,0,a_S
1778659835.108706,2270,0,a_S
1778659835.110107,2105,0,a_S
1778659835.110682,2090,0,a_S
1778659835.11122,1967,0,a_S
1778659835.117006,2072,0,a_S
1778659835.117503,2000,0,a_S
1778659835.117923,1929,0,a_S
1778659835.11803,2014,0,a_S
1778659835.119416,2282,0,a_S
1778659835.122039,2250,0,a_S
1778659835.123412,2063,0,a_S
1778659835.1258502,1992,0,a_S
1778659835.132242,2033,0,a_S
1778659835.135175,1993,0,a_S
1778659835.136988,1956,0,a_S
1778659835.144216,1953,0,a_S
1778659835.144471,2154,0,a_S
1778659835.148067,2297,0,a_S
1778659835.148105,2065,0,a_S
1778659835.148133,1965,0,a_S
1778659835.148159,1883,0,a_S
1778659835.148185,2075,0,a_S
1778659835.148211,2076,0,a_S
1778659835.150481,1926,0,a_S
1778659835.1584089,2042,0,a_S
1778659835.160382,2201,0,a_S
1778659835.1614661,2110,0,a_S
1778659835.162893,2032,0,a_S
1778659835.1655328,1906,0,a_S
1778659835.1682692,2200,0,a_S
1778659835.168697,2236,0,a_S
1778659835.169138,1973,0,a_S
1778659835.169495,2078,0,a_S
1778659835.171884,2161,0,a_S
1778659835.1721642,2318,0,a_S
1778659835.17362,2077,0,a_S
1778659835.176272,2002,0,a_S
1778659835.177658,1979,0,a_S
1778659835.1802602,1996,0,a_S
1778659835.181684,1718,0,a_S
1778659835.1899688,1750,0,a_S
1778659835.1922612,2341,0,a_S
1778659835.19326,2404,0,a_S
1778659835.199358,2069,0,a_S
1778659835.199692,2119,0,a_S
1778659835.20014,2038,0,a_S
1778659835.201901,2114,0,a_S
1778659835.202642,2079,0,a_S
1778659835.202715,1895,0,a_S
1778659835.202771,2033,0,a_S
1778659835.204011,2351,0,a_S
1778659835.2053719,2277,0,a_S
1778659835.219096,1971,0,a_S
1778659835.2235022,1949,0,a_S
1778659835.226091,2126,0,a_S
1778659835.226134,2056,0,a_S
1778659835.2261639,1925,0,a_S
1778659835.2261918,1949,0,a_S
1778659835.226219,2162,0,a_S
1778659835.2262459,2228,0,a_S
1778659835.226273,2113,0,a_S
1778659835.2262988,2078,0,a_S
1778659835.227603,2011,0,a_S
1778659835.23008,1990,0,a_S
1778659835.231553,1798,0,a_S
1778659835.23412,1893,0,a_S
1778659835.235734,2301,0,a_S
1778659835.243295,2378,0,a_S
1778659835.24547,2090,0,a_S
1778659835.254394,2055,0,a_S
1778659835.257812,1976,0,a_S
1778659835.260185,2099,0,a_S
1778659835.260396,2031,0,a_S
1778659835.260486,1883,0,a_S
1778659835.2606232,2051,0,a_S
1778659835.283808,2351,0,a_S
1778659835.355681,2209,0,a_S
1778659835.355737,2034,0,a_S
1778659835.3557708,1947,0,a_S
1778659835.355802,2008,0,a_S
1778659835.3559191,2042,0,a_S
1778659835.356004,1910,0,a_S
1778659835.356064,1996,0,a_S
1778659835.363936,2195,0,a_S
1778659835.3947158,2268,0,a_S
1778659835.406527,2099,0,a_S
1778659835.41023,2029,0,a_S
1778659835.410532,2064,0,a_S
1778659835.411414,2014,0,a_S
1778659835.411506,1964,0,a_S
1778659835.411563,1928,0,a_S
1778659835.412246,2127,0,a_S
1778659835.412278,2275,0,a_S
1778659835.412304,2075,0,a_S
1778659835.41233,1988,0,a_S
1778659835.4123552,1926,0,a_S
1778659835.41238,2057,0,a_S
1778659835.412405,1991,0,a_S
1778659835.41243,1961,0,a_S
1778659835.412457,2113,0,a_S
1778659835.412606,2302,0,a_S
1778659835.412666,2223,0,a_S
1778659835.412715,2045,0,a_S
1778659835.4127629,2036,0,a_S
1778659835.412811,2072,0,a_S
1778659835.412857,2062,0,a_S
1778659835.4129019,1837,0,a_S
1778659835.412948,1909,0,a_S
1778659835.4131148,2144,0,a_S
1778659835.413163,2365,0,a_S
1778659835.4131908,2106,0,a_S
1778659835.413217,1980,0,a_S
1778659835.413321,1992,0,a_S
1778659835.4133482,2073,0,a_S
1778659835.413374,1899,0,a_S
1778659835.413399,1881,0,a_S
1778659835.413424,2143,0,a_S
1778659835.413449,2320,0,a_S
1778659835.4134731,1990,0,a_S
1778659835.4134989,1972,0,a_S
1778659835.413524,2130,0,a_S
1778659835.413549,2127,0,a_S
1778659835.413573,1989,0,a_S
1778659835.413598,1871,0,a_S
1778659835.413622,2155,0,a_S
1778659835.4136472,2345,0,a_S
1778659835.413671,2251,0,a_S
1778659835.413697,2086,0,a_S
1778659835.413721,1945,0,a_S
1778659835.4137459,1980,0,a_S
1778659835.41377,1993,0,a_S
1778659835.413846,1932,0,a_S
1778659835.4139168,2044,0,a_S
1778659835.4139688,2135,0,a_S
1778659835.414023,2230,0,a_S
1778659835.41408,2107,0,a_S
1778659835.414125,1984,0,a_S
1778659835.4141529,1972,0,a_S
1778659835.41418,2027,0,a_S
1778659835.414206,1922,0,a_S
1778659835.414232,1935,0,a_S
1778659835.414258,2108,0,a_S
1778659835.414284,2331,0,a_S
1778659835.414311,2072,0,a_S
1778659835.41435,1995,0,a_S
1778659835.414376,1977,0,a_S
1778659835.414401,2075,0,a_S
1778659835.4144268,1928,0,a_S
1778659835.414471,1837,0,a_S
1778659835.4145012,2030,0,a_S
1778659835.414527,2278,0,a_S
1778659835.414554,2291,0,a_S
1778659835.414602,2062,0,a_S
1778659835.4146292,1938,0,a_S
1778659835.414656,2036,0,a_S
1778659835.414814,2075,0,a_S
1778659835.4161952,1956,0,a_S
1778659835.417601,1975,0,a_S
1778659835.425439,2207,0,a_S
1778659835.426621,2288,0,a_S
1778659835.428384,2079,0,a_S
1778659835.430439,1991,0,a_S
1778659835.435206,1980,0,a_S
1778659835.437612,2000,0,a_S
1778659835.4377222,1895,0,a_S
1778659835.43814,1943,0,a_S
1778659835.440885,2169,0,a_S
1778659835.4410172,2352,0,a_S
1778659835.441088,2073,0,a_S
1778659835.4411688,1938,0,a_S
1778659835.443833,1921,0,a_S
1778659835.445308,2063,0,a_S
1778659835.4562838,2009,0,a_S
1778659835.458368,1917,0,a_S
1778659835.462496,2058,0,a_S
1778659835.46297,2322,0,a_S
1778659835.4631932,2208,0,a_S
1778659835.465006,2046,0,a_S
1778659835.465676,1999,0,a_S
1778659835.465763,2044,0,a_S
1778659835.4657972,2006,0,a_S
1778659835.465827,1899,0,a_S
1778659835.4681768,1943,0,a_S
1778659835.4694889,2168,0,a_S
1778659835.472321,2251,0,a_S
1778659835.474118,2080,0,a_S
1778659835.4754062,2011,0,a_S
1778659835.487482,2019,0,a_S
1778659835.4952781,2054,0,a_S
1778659835.496004,1872,0,a_S
1778659835.496133,1895,0,a_S
1778659835.496208,2162,0,a_S
1778659835.496284,2357,0,a_S
1778659835.496336,2101,0,a_S
1778659835.496386,1993,0,a_S
1778659835.496473,2011,0,a_S
1778659835.4965608,2150,0,a_S
1778659835.4980018,2013,0,a_S
1778659835.49941,1841,0,a_S
1778659835.5086699,2049,0,a_S
1778659835.511046,2290,0,a_S
1778659835.5128808,2197,0,a_S
1778659835.518219,2037,0,a_S
1778659835.518672,1969,0,a_S
1778659835.5213451,2032,0,a_S
1778659835.5213969,2005,0,a_S
1778659835.52158,1880,0,a_S
1778659835.521657,1955,0,a_S
1778659835.521712,2194,0,a_S
1778659835.522182,2256,0,a_S
1778659835.5235689,2108,0,a_S
1778659835.5262349,1998,0,a_S
1778659835.527553,2001,0,a_S
1778659835.52933,2107,0,a_S
1778659835.536932,1954,0,a_S
1778659835.537705,1935,0,a_S
1778659835.5406709,2143,0,a_S
1778659835.540788,2310,0,a_S
1778659835.5409439,2143,0,a_S
1778659835.541134,2051,0,a_S
1778659835.545347,1972,0,a_S
1778659835.5471182,2080,0,a_S
1778659835.549568,1983,0,a_S
1778659835.549867,1897,0,a_S
1778659835.5521789,2048,0,a_S
1778659835.553504,2297,0,a_S
1778659835.5561311,2219,0,a_S
1778659835.561555,2036,0,a_S
1778659835.562536,1932,0,a_S
1778659835.563002,1951,0,a_S
1778659835.564289,1996,0,a_S
1778659835.566525,1860,0,a_S
1778659835.570282,1954,0,a_S
1778659835.572764,2171,0,a_S
1778659835.572994,2260,0,a_S
1778659835.57327,2084,0,a_S
1778659835.575416,1973,0,a_S
1778659835.577983,1950,0,a_S
1778659835.5794718,2098,0,a_S
1778659835.582079,1956,0,a_S
1778659835.583377,1916,0,a_S
1778659835.591705,2122,0,a_S
1778659835.592287,2340,0,a_S
1778659835.593802,2126,0,a_S
1778659835.5939782,1992,0,a_S
1778659835.599925,1929,0,a_S
1778659835.600093,2125,0,a_S
1778659835.6023948,1987,0,a_S
1778659835.6027148,1892,0,a_S
1778659835.6029298,2039,0,a_S
1778659835.603193,2289,0,a_S
1778659835.605477,2213,0,a_S
1778659835.608088,2066,0,a_S
1778659835.6094022,1949,0,a_S
1778659835.6138508,2024,0,a_S
1778659835.614688,2023,0,a_S
1778659835.617219,1871,0,a_S
1778659835.617391,1965,0,a_S
1778659835.619852,2220,0,a_S
1778659835.6218,2291,0,a_S
1778659835.623432,2097,0,a_S
1778659835.625961,1956,0,a_S
1778659835.628226,2003,0,a_S
1778659835.629438,2098,0,a_S
1778659835.6319911,1915,0,a_S
1778659835.633286,1894,0,a_S
1778659835.635843,2126,0,a_S
1778659835.637193,2309,0,a_S
1778659835.6444118,2124,0,a_S
1778659835.64528,1965,0,a_S
1778659835.646654,1840,0,a_S
1778659835.646932,2028,0,a_S
1778659835.647083,2063,0,a_S
1778659835.65069,1970,0,a_S
1778659835.653078,2075,0,a_S
1778659835.655499,2085,0,a_S
1778659835.6561081,1832,0,a_S
1778659835.658446,1803,0,a_S
1778659835.65981,2181,0,a_S
1778659835.661108,2411,0,a_S
1778659835.6669672,2183,0,a_S
1778659835.667468,1800,0,a_S
1778659835.6683252,1933,0,a_S
1778659835.670128,2190,0,a_S
1778659835.672319,2299,0,a_S
1778659835.673805,1273,0,a_S
1778659835.678333,1451,0,a_S
1778659835.678575,2337,0,a_S
1778659835.680937,2758,0,a_S
1778659835.681049,2287,0,a_S
1778659835.683618,2029,0,a_S
1778659835.686186,2241,0,a_S
1778659835.687614,2707,0,a_S
1778659835.688965,2600,0,a_S
1778659835.6960168,2267,0,a_S
1778659835.6965408,2025,0,a_S
1778659835.698716,1922,0,a_S
1778659835.6989481,1673,0,a_S
1778659835.699127,1578,0,a_S
1778659835.7014751,1912,0,a_S
1778659835.703422,2345,0,a_S
1778659835.707338,2358,0,a_S
1778659835.7076411,2148,0,a_S
1778659835.709505,1949,0,a_S
1778659835.711264,1757,0,a_S
1778659835.713848,1787,0,a_S
1778659835.722602,1738,0,a_S
1778659835.723043,1937,0,a_S
1778659835.7257721,2228,0,a_S
1778659835.726346,2272,0,a_S
1778659835.7272692,2087,0,a_S
1778659835.72961,2099,0,a_S
1778659835.7298229,2071,0,a_S
1778659835.732373,1995,0,a_S
1778659835.732623,1577,0,a_S
1778659835.7347908,1836,0,a_S
1778659835.7350268,2014,0,a_S
1778659835.7377799,2164,0,a_S
1778659835.7393332,2236,0,a_S
1778659835.742013,2150,0,a_S
1778659835.743317,2221,0,a_S
1778659835.752054,2311,0,a_S
1778659835.7541718,2054,0,a_S
1778659835.756232,1854,0,a_S
1778659835.7573361,2029,0,a_S
1778659835.758419,2306,0,a_S
1778659835.759132,2330,0,a_S
1778659835.761823,1966,0,a_S
1778659835.762024,1208,0,a_S
1778659835.764493,1191,0,a_S
1778659835.764857,2491,0,a_S
1778659835.765104,2583,0,a_S
1778659835.767551,2000,0,a_S
1778659835.7689312,2213,0,a_S
1778659835.7717109,2594,0,a_S
1778659835.777672,2412,0,a_S
1778659835.7801611,1816,0,a_S
1778659835.783061,1903,0,a_S
1778659835.7839942,2211,0,a_S
1778659835.78667,1474,0,a_S
1778659835.789567,1377,0,a_S
1778659835.790058,1725,0,a_S
1778659835.790377,2177,0,a_S
1778659835.792515,2623,0,a_S
1778659835.792864,2515,0,a_S
1778659835.7929459,2132,0,a_S
1778659835.7956119,2215,0,a_S
1778659835.7971892,1982,0,a_S
1778659835.799915,1477,0,a_S
1778659835.8013198,1773,0,a_S
1778659835.807948,2576,0,a_S
1778659835.808553,2285,0,a_S
1778659835.8090649,1786,0,a_S
1778659835.809775,1664,0,a_S
1778659835.813519,2007,0,a_S
1778659835.814856,2184,0,a_S
1778659835.815867,2149,0,a_S
1778659835.82054,2104,0,a_S
1778659835.820908,2215,0,a_S
1778659835.823798,1435,0,a_S
1778659835.823926,1498,0,a_S
1778659835.8253021,2266,0,a_S
1778659835.8281338,2352,0,a_S
1778659835.841286,2102,0,a_S
1778659835.8416011,1896,0,a_S
1778659835.844682,2002,0,a_S
1778659835.84745,2204,0,a_S
1778659835.8477561,2426,0,a_S
1778659835.847882,2171,0,a_S
1778659835.847915,1929,0,a_S
1778659835.847944,1656,0,a_S
1778659835.847971,1943,0,a_S
1778659835.847998,1941,0,a_S
1778659835.8492968,1905,0,a_S
1778659835.851914,1931,0,a_S
1778659835.85329,2071,0,a_S
1778659835.8560362,1941,0,a_S
1778659835.857613,2188,0,a_S
1778659835.8651562,2149,0,a_S
1778659835.8654542,2144,0,a_S
1778659835.867757,1950,0,a_S
1778659835.8678882,1782,0,a_S
1778659835.868573,1874,0,a_S
1778659835.8747609,2063,0,a_S
1778659835.874985,2234,0,a_S
1778659835.875443,2188,0,a_S
1778659835.87586,2005,0,a_S
1778659835.878052,1735,0,a_S
1778659835.879446,1551,0,a_S
1778659835.881376,1708,0,a_S
1778659835.888284,2175,0,a_S
1778659835.891795,2284,0,a_S
1778659835.892352,2341,0,a_S
1778659835.8932748,2387,0,a_S
1778659835.893874,2290,0,a_S
1778659835.895274,2051,0,a_S
1778659835.895803,1919,0,a_S
1778659835.897467,1761,0,a_S
1778659835.9002419,1899,0,a_S
1778659835.90253,2033,0,a_S
1778659835.903998,2118,0,a_S
1778659835.9053729,2023,0,a_S
1778659835.908077,2078,0,a_S
1778659835.90926,2125,0,a_S
1778659835.911732,2076,0,a_S
1778659835.913333,1796,0,a_S
1778659835.9195452,1753,0,a_S
1778659835.922996,1935,0,a_S
1778659835.923548,2228,0,a_S
1778659835.924608,2223,0,a_S
1778659835.9255738,1949,0,a_S
1778659835.92617,1790,0,a_S
1778659835.9307132,2111,0,a_S
1778659835.93096,2152,0,a_S
1778659835.9312131,2044,0,a_S
1778659835.933512,2026,0,a_S
1778659835.9349692,1930,0,a_S
1778659835.938293,2259,0,a_S
1778659835.9433432,2099,0,a_S
1778659835.944679,1610,0,a_S
1778659835.945199,1937,0,a_S
1778659835.946629,2313,0,a_S
1778659835.9469361,2154,0,a_S
1778659835.9510121,1479,0,a_S
1778659835.953203,1942,0,a_S
1778659835.956018,2529,0,a_S
1778659835.95651,2572,0,a_S
1778659835.9588978,2209,0,a_S
1778659835.95921,1925,0,a_S
1778659835.961796,2030,0,a_S
1778659835.9631228,2101,0,a_S
1778659835.965686,1944,0,a_S
1778659835.96698,1970,0,a_S
1778659835.969741,2141,0,a_S
1778659835.97446,2063,0,a_S
1778659835.975321,1893,0,a_S
1778659835.976254,1491,0,a_S
1778659835.9779332,1725,0,a_S
1778659835.980027,2159,0,a_S
1778659835.981428,1958,0,a_S
1778659835.9835432,2068,0,a_S
1778659835.986182,2076,0,a_S
1778659835.9880881,2467,0,a_S
1778659835.989393,2002,0,a_S
1778659835.9919791,1694,0,a_S
1778659835.996889,1566,0,a_S
1778659835.9974,2066,0,a_S
1778659835.998184,2118,0,a_S
1778659835.999821,1673,0,a_S
1778659836.001903,1691,0,a_S
1778659836.0033128,2298,0,a_S
1778659836.0055208,2580,0,a_S
1778659836.008117,2299,0,a_S
1778659836.0105128,1716,0,a_S
1778659836.01181,655,0,a_S
1778659836.0131042,1620,0,a_S
1778659836.0156648,2395,0,a_S
1778659836.0169652,2365,0,a_S
1778659836.019517,2232,0,a_S
1778659836.024904,2248,0,a_S
1778659836.025358,2243,0,a_S
1778659836.026647,2073,0,a_S
1778659836.0280662,2010,0,a_S
1778659836.02958,2211,0,a_S
1778659836.031156,1901,0,a_S
1778659836.033181,1749,0,a_S
1778659836.035844,1957,0,a_S
1778659836.038053,2281,0,a_S
1778659836.039397,2049,0,a_S
1778659836.0408478,1774,0,a_S
1778659836.046508,1698,0,a_S
1778659836.04731,2380,0,a_S
1778659836.047421,1898,0,a_S
1778659836.048915,1403,0,a_S
1778659836.052314,1853,0,a_S
1778659836.056339,2440,0,a_S
1778659836.0565782,2233,0,a_S
1778659836.058295,2286,0,a_S
1778659836.059624,2251,0,a_S
1778659836.060917,2348,0,a_S
1778659836.063467,2160,0,a_S
1778659836.064755,1604,0,a_S
1778659836.0673,1635,0,a_S
1778659836.072216,1584,0,a_S
1778659836.072313,1674,0,a_S
1778659836.074807,1992,0,a_S
1778659836.074943,1934,0,a_S
1778659836.078387,1753,0,a_S
1778659836.080102,2066,0,a_S
1778659836.082467,2266,0,a_S
1778659836.08461,2159,0,a_S
1778659836.085902,2201,0,a_S
1778659836.087189,2320,0,a_S
1778659836.0921779,2085,0,a_S
1778659836.0929432,2113,0,a_S
1778659836.0933928,1966,0,a_S
1778659836.0953128,2037,0,a_S
1778659836.098371,1819,0,a_S
1778659836.100348,1657,0,a_S
1778659836.102794,1798,0,a_S
1778659836.1030521,1858,0,a_S
1778659836.1058612,2055,0,a_S
1778659836.107156,1746,0,a_S
1778659836.109731,1446,0,a_S
1778659836.1110332,1962,0,a_S
1778659836.113454,1817,0,a_S
1778659836.1148648,2481,0,a_S
1778659836.1183438,2657,0,a_S
1778659836.121344,2556,0,a_S
1778659836.121444,2418,0,a_S
1778659836.1232798,2207,0,a_S
1778659836.126653,2061,0,a_S
1778659836.126791,2051,0,a_S
1778659836.129287,1977,0,a_S
1778659836.131349,1715,0,a_S
1778659836.133915,1387,0,a_S
1778659836.135375,1852,0,a_S
1778659836.1401331,1982,0,a_S
1778659836.140938,1796,0,a_S
1778659836.142176,2280,0,a_S
1778659836.1437461,1993,0,a_S
1778659836.145702,2097,0,a_S
1778659836.147265,2285,0,a_S
1778659836.149697,1922,0,a_S
1778659836.151857,1902,0,a_S
1778659836.1532679,2339,0,a_S
1778659836.154686,2399,0,a_S
1778659836.1572428,2319,0,a_S
1778659836.159648,2224,0,a_S
1778659836.164812,2167,0,a_S
1778659836.165205,2181,0,a_S
1778659836.165269,1870,0,a_S
1778659836.1673422,1889,0,a_S
1778659836.169564,2063,0,a_S
1778659836.1725361,2120,0,a_S
1778659836.174955,1985,0,a_S
1778659836.175282,1733,0,a_S
1778659836.177228,1124,0,a_S
1778659836.1797838,2216,0,a_S
1778659836.181259,2231,0,a_S
1778659836.1852171,2208,0,a_S
1778659836.185607,2194,0,a_S
1778659836.18903,2386,0,a_S
1778659836.18944,2226,0,a_S
1778659836.19121,2124,0,a_S
1778659836.194849,1854,0,a_S
1778659836.1949282,1963,0,a_S
1778659836.197068,1968,0,a_S
1778659836.199574,1791,0,a_S
1778659836.200861,1777,0,a_S
1778659836.2034938,2098,0,a_S
1778659836.204684,2319,0,a_S
1778659836.210212,2238,0,a_S
1778659836.210593,1927,0,a_S
1778659836.211025,1962,0,a_S
1778659836.213873,1067,0,a_S
1778659836.215639,1549,0,a_S
1778659836.21967,2462,0,a_S
1778659836.220355,2735,0,a_S
1778659836.222525,2130,0,a_S
1778659836.223831,1990,0,a_S
1778659836.225129,2271,0,a_S
1778659836.230922,2291,0,a_S
1778659836.232759,2397,0,a_S
1778659836.232824,1920,0,a_S
1778659836.234069,1956,0,a_S
1778659836.235866,1881,0,a_S
1778659836.240254,1530,0,a_S
1778659836.240323,1858,0,a_S
1778659836.242006,2212,0,a_S
1778659836.2431328,2112,0,a_S
1778659836.245684,2568,0,a_S
1778659836.246975,2449,0,a_S
1778659836.2495291,1962,0,a_S
1778659836.250824,2141,0,a_S
1778659836.255855,2521,0,a_S
1778659836.255908,2262,0,a_S
1778659836.258291,2127,0,a_S
1778659836.260483,2063,0,a_S
1778659836.2633018,1926,0,a_S
1778659836.263477,1853,0,a_S
1778659836.267692,1710,0,a_S
1778659836.267874,1696,0,a_S
1778659836.2691782,1901,0,a_S
1778659836.271771,2376,0,a_S
1778659836.273071,2252,0,a_S
1778659836.275648,2154,0,a_S
1778659836.277021,2060,0,a_S
1778659836.2809799,1995,0,a_S
1778659836.281497,1821,0,a_S
1778659836.283621,2077,0,a_S
1778659836.285454,2229,0,a_S
1778659836.288619,2415,0,a_S
1778659836.288822,2058,0,a_S
1778659836.2913,1233,0,a_S
1778659836.293459,1104,0,a_S
1778659836.2947562,2177,0,a_S
1778659836.297438,2279,0,a_S
1778659836.3010612,2319,0,a_S
1778659836.301484,2374,0,a_S
1778659836.303655,2444,0,a_S
1778659836.305645,2440,0,a_S
1778659836.3073149,2327,0,a_S
1778659836.3110552,2160,0,a_S
1778659836.3111548,2115,0,a_S
1778659836.313121,1885,0,a_S
1778659836.315679,1662,0,a_S
1778659836.3169699,1758,0,a_S
1778659836.319533,2063,0,a_S
1778659836.320829,2182,0,a_S
1778659836.3256,2006,0,a_S
1778659836.3260689,2079,0,a_S
1778659836.3280158,2229,0,a_S
1778659836.329959,1727,0,a_S
1778659836.332593,1673,0,a_S
1778659836.3326669,2136,0,a_S
1778659836.3351119,2000,0,a_S
1778659836.33704,2347,0,a_S
1778659836.3396218,2348,0,a_S
1778659836.340922,2384,0,a_S
1778659836.343474,2155,0,a_S
1778659836.3447611,2159,0,a_S
1778659836.349482,2043,0,a_S
1778659836.3499,1985,0,a_S
1778659836.351582,1994,0,a_S
1778659836.353224,2114,0,a_S
1778659836.35618,2044,0,a_S
1778659836.358618,1792,0,a_S
1778659836.358793,1781,0,a_S
1778659836.361392,1906,0,a_S
1778659836.362682,1539,0,a_S
1778659836.36524,1974,0,a_S
1778659836.367788,2609,0,a_S
1778659836.372122,2648,0,a_S
1778659836.372513,2392,0,a_S
1778659836.372908,2078,0,a_S
1778659836.3750021,2132,0,a_S
1778659836.3775601,2205,0,a_S
1778659836.379488,2249,0,a_S
1778659836.3817961,2042,0,a_S
1778659836.3836951,1830,0,a_S
1778659836.3849862,1877,0,a_S
1778659836.3875442,2051,0,a_S
1778659836.3888378,2013,0,a_S
1778659836.3913999,2000,0,a_S
1778659836.3958158,2087,0,a_S
1778659836.396215,2082,0,a_S
1778659836.398505,2082,0,a_S
1778659836.398665,1859,0,a_S
1778659836.401751,1980,0,a_S
1778659836.403268,2269,0,a_S
1778659836.405687,2249,0,a_S
1778659836.4076319,2136,0,a_S
1778659836.408942,1999,0,a_S
1778659836.4115021,2084,0,a_S
1778659836.4127629,2101,0,a_S
1778659836.415306,1890,0,a_S
1778659836.4198558,1881,0,a_S
1778659836.422163,2120,0,a_S
1778659836.4222531,2181,0,a_S
1778659836.424125,1975,0,a_S
1778659836.425577,1917,0,a_S
1778659836.427042,2075,0,a_S
1778659836.429618,1897,0,a_S
1778659836.4314508,1964,0,a_S
1778659836.432739,2040,0,a_S
1778659836.435283,2231,0,a_S
1778659836.436745,2386,0,a_S
1778659836.43932,2172,0,a_S
1778659836.44357,2186,0,a_S
1778659836.443965,2136,0,a_S
1778659836.445913,2165,0,a_S
1778659836.4474921,1967,0,a_S
1778659836.449048,1833,0,a_S
1778659836.450591,1991,0,a_S
1778659836.452936,2204,0,a_S
1778659836.4550002,2025,0,a_S
1778659836.457561,1758,0,a_S
1778659836.45886,1494,0,a_S
1778659836.461418,1792,0,a_S
1778659836.4627059,2208,0,a_S
1778659836.4668422,2194,0,a_S
1778659836.4669461,2354,0,a_S
1778659836.469174,2462,0,a_S
1778659836.470928,2321,0,a_S
1778659836.4738612,2349,0,a_S
1778659836.476189,2192,0,a_S
1778659836.478148,2189,0,a_S
1778659836.479437,2161,0,a_S
1778659836.480722,1721,0,a_S
1778659836.483285,1689,0,a_S
1778659836.48458,1841,0,a_S
1778659836.4909492,2332,0,a_S
1778659836.491366,2127,0,a_S
1778659836.4917629,2080,0,a_S
1778659836.493734,2098,0,a_S
1778659836.495102,2195,0,a_S
1778659836.4965582,2036,0,a_S
1778659836.500705,1879,0,a_S
1778659836.500795,1956,0,a_S
1778659836.5034308,2214,0,a_S
1778659836.504906,2161,0,a_S
1778659836.5074828,2092,0,a_S
1778659836.508779,1971,0,a_S
1778659836.515702,2073,0,a_S
1778659836.5160599,2020,0,a_S
1778659836.517204,1947,0,a_S
1778659836.517355,2079,0,a_S
1778659836.51899,2146,0,a_S
1778659836.524498,2370,0,a_S
1778659836.5246358,2157,0,a_S
1778659836.524791,2040,0,a_S
1778659836.527573,2021,0,a_S
1778659836.528878,2138,0,a_S
1778659836.531432,1934,0,a_S
1778659836.532745,1819,0,a_S
1778659836.535212,2078,0,a_S
1778659836.541445,2155,0,a_S
1778659836.542144,1950,0,a_S
1778659836.5438368,1943,0,a_S
1778659836.543954,2004,0,a_S
1778659836.54538,2192,0,a_S
1778659836.547215,2129,0,a_S
1778659836.548769,1941,0,a_S
1778659836.551112,2008,0,a_S
1778659836.5526981,2306,0,a_S
1778659836.55515,2395,0,a_S
1778659836.5564532,2200,0,a_S
1778659836.5590038,1991,0,a_S
1778659836.5647528,1993,0,a_S
1778659836.5654552,2064,0,a_S
1778659836.5661461,1899,0,a_S
1778659836.5677068,1940,0,a_S
1778659836.56941,2144,0,a_S
1778659836.572295,2375,0,a_S
1778659836.574712,2071,0,a_S
1778659836.5748658,1955,0,a_S
1778659836.576907,2012,0,a_S
1778659836.5794601,2199,0,a_S
1778659836.580745,1908,0,a_S
1778659836.583301,1848,0,a_S
1778659836.5845912,2151,0,a_S
1778659836.589535,2442,0,a_S
1778659836.5903318,2294,0,a_S
1778659836.590688,2195,0,a_S
1778659836.594016,1851,0,a_S
1778659836.5964649,2154,0,a_S
1778659836.59879,2055,0,a_S
1778659836.598892,1799,0,a_S
1778659836.6007721,1966,0,a_S
1778659836.603328,2318,0,a_S
1778659836.604675,2314,0,a_S
1778659836.6072729,2175,0,a_S
1778659836.6085708,2012,0,a_S
1778659836.6129029,2080,0,a_S
1778659836.6132338,2069,0,a_S
1778659836.615472,1897,0,a_S
1778659836.617265,1969,0,a_S
1778659836.6200142,2155,0,a_S
1778659836.622373,2278,0,a_S
1778659836.622599,2080,0,a_S
1778659836.625537,1974,0,a_S
1778659836.626685,1957,0,a_S
1778659836.629235,2080,0,a_S
1778659836.630521,1971,0,a_S
1778659836.636959,1925,0,a_S
1778659836.6373389,2064,0,a_S
1778659836.638803,2338,0,a_S
1778659836.638908,2173,0,a_S
1778659836.640457,2049,0,a_S
1778659836.645474,1987,0,a_S
1778659836.645529,2087,0,a_S
1778659836.6474109,2023,0,a_S
1778659836.6487072,1916,0,a_S
1778659836.6512508,2015,0,a_S
1778659836.652534,2279,0,a_S
1778659836.655191,2239,0,a_S
1778659836.6589592,2117,0,a_S
1778659836.659005,2026,0,a_S
1778659836.6615198,2078,0,a_S
1778659836.663449,2057,0,a_S
1778659836.664889,1920,0,a_S
1778659836.668245,1989,0,a_S
1778659836.670155,2263,0,a_S
1778659836.671484,2331,0,a_S
1778659836.672788,2100,0,a_S
1778659836.675342,1998,0,a_S
1778659836.676476,2049,0,a_S
1778659836.685055,2149,0,a_S
1778659836.685216,2003,0,a_S
1778659836.685361,1981,0,a_S
1778659836.68676,2103,0,a_S
1778659836.687159,2329,0,a_S
1778659836.690024,2144,0,a_S
1778659836.69246,2016,0,a_S
1778659836.6927402,1959,0,a_S
1778659836.695263,2082,0,a_S
1778659836.6965508,2023,0,a_S
1778659836.699098,1953,0,a_S
1778659836.7003882,2110,0,a_S
1778659836.706191,2346,0,a_S
1778659836.706928,2282,0,a_S
1778659836.7076411,2135,0,a_S
1778659836.710322,2038,0,a_S
1778659836.710676,2112,0,a_S
1778659836.7153301,2033,0,a_S
1778659836.715604,1887,0,a_S
1778659836.71736,2026,0,a_S
1778659836.718663,2281,0,a_S
1778659836.721235,2334,0,a_S
1778659836.722523,2128,0,a_S
1778659836.725065,2022,0,a_S
1778659836.7293591,1991,0,a_S
1778659836.7298062,2111,0,a_S
1778659836.7315671,1839,0,a_S
1778659836.732998,1864,0,a_S
1778659836.7343879,2093,0,a_S
1778659836.738386,2324,0,a_S
1778659836.738602,2183,0,a_S
1778659836.741392,2028,0,a_S
1778659836.742694,2056,0,a_S
1778659836.7450051,2106,0,a_S
1778659836.746333,2062,0,a_S
1778659836.752544,1871,0,a_S
1778659836.753022,2036,0,a_S
1778659836.7536929,2271,0,a_S
1778659836.756106,2252,0,a_S
1778659836.7577841,2057,0,a_S
1778659836.761429,1953,0,a_S
1778659836.76151,2036,0,a_S
1778659836.7634292,2014,0,a_S
1778659836.764728,1853,0,a_S
1778659836.767272,1944,0,a_S
1778659836.768578,2196,0,a_S
1778659836.77121,2386,0,a_S
1778659836.775255,2143,0,a_S
1778659836.7756748,2000,0,a_S
1778659836.777802,1970,0,a_S
1778659836.7791371,2112,0,a_S
1778659836.7808719,1984,0,a_S
1778659836.784414,1936,0,a_S
1778659836.7844732,2083,0,a_S
1778659836.787238,2326,0,a_S
1778659836.788575,2181,0,a_S
1778659836.791147,2046,0,a_S
1778659836.792477,2010,0,a_S
1778659836.798511,2115,0,a_S
1778659836.800394,1953,0,a_S
1778659836.8004968,1869,0,a_S
1778659836.800601,2015,0,a_S
1778659836.807081,2217,0,a_S
1778659836.807168,2199,0,a_S
1778659836.807276,2063,0,a_S
1778659836.809079,1885,0,a_S
1778659836.8104,1942,0,a_S
1778659836.812974,2018,0,a_S
1778659836.814307,1850,0,a_S
1778659836.816855,1936,0,a_S
1778659836.821239,2165,0,a_S
1778659836.8219259,2274,0,a_S
1778659836.8235378,2009,0,a_S
1778659836.825173,1968,0,a_S
1778659836.8269598,1976,0,a_S
1778659836.830164,2117,0,a_S
1778659836.8321438,1959,0,a_S
1778659836.833451,1955,0,a_S
1778659836.834738,2098,0,a_S
1778659836.837373,2342,0,a_S
1778659836.838749,2167,0,a_S
1778659836.8438,2013,0,a_S
1778659836.8455958,1925,0,a_S
1778659836.846785,2003,0,a_S
1778659836.847959,1914,0,a_S
1778659836.849393,1774,0,a_S
1778659836.851417,1994,0,a_S
1778659836.8535502,2278,0,a_S
1778659836.866869,2223,0,a_S
1778659836.8669481,2033,0,a_S
1778659836.866973,1950,0,a_S
1778659836.86721,2006,0,a_S
1778659836.8672352,2025,0,a_S
1778659836.867258,1843,0,a_S
1778659836.867297,1938,0,a_S
1778659836.8894389,2192,0,a_S
1778659836.889481,2325,0,a_S
1778659836.889506,2055,0,a_S
1778659836.922333,1934,0,a_S
1778659836.926456,1989,0,a_S
1778659836.926498,2055,0,a_S
1778659836.926523,1919,0,a_S
1778659836.9265459,1880,0,a_S
1778659836.926569,2028,0,a_S
1778659836.926591,2324,0,a_S
1778659836.926613,2136,0,a_S
1778659836.926635,2045,0,a_S
1778659836.926657,1901,0,a_S
1778659836.926678,1998,0,a_S
1778659836.9267,1982,0,a_S
1778659836.926722,1914,0,a_S
1778659836.926743,2004,0,a_S
1778659836.926767,2245,0,a_S
1778659836.9267929,2195,0,a_S
1778659836.926819,2018,0,a_S
1778659836.9268448,2061,0,a_S
1778659836.926867,2023,0,a_S
1778659836.92693,1959,0,a_S
1778659836.926955,1814,0,a_S
1778659836.926979,1884,0,a_S
1778659836.9270022,2153,0,a_S
1778659836.927037,2276,0,a_S
1778659836.92707,2060,0,a_S
1778659836.927094,1972,0,a_S
1778659836.927119,1964,0,a_S
1778659836.928416,2108,0,a_S
1778659836.9309921,1975,0,a_S
1778659836.938818,1900,0,a_S
1778659836.9389281,2146,0,a_S
1778659836.940187,2339,0,a_S
1778659836.940402,2086,0,a_S
1778659836.941602,2040,0,a_S
1778659836.9434009,1903,0,a_S
1778659836.9451652,2078,0,a_S
1778659836.9474308,1968,0,a_S
1778659836.949347,1872,0,a_S
1778659836.9506502,2070,0,a_S
1778659836.953248,2273,0,a_S
1778659836.9547079,2260,0,a_S
1778659836.957273,2083,0,a_S
1778659836.95881,1952,0,a_S
1778659836.963845,1986,0,a_S
1778659836.964638,1996,0,a_S
1778659836.9658968,1872,0,a_S
1778659836.967872,1925,0,a_S
1778659836.974129,2168,0,a_S
1778659836.9765272,2294,0,a_S
1778659836.976562,2093,0,a_S
1778659836.976588,1972,0,a_S
1778659836.976613,1924,0,a_S
1778659836.979188,2091,0,a_S
1778659836.980717,2011,0,a_S
1778659836.990224,1991,0,a_S
1778659836.993834,1889,0,a_S
1778659836.9989178,2255,0,a_S
1778659836.9990232,2200,0,a_S
1778659836.999079,2084,0,a_S
1778659836.999128,1903,0,a_S
1778659836.9991791,2055,0,a_S
1778659836.9992268,1921,0,a_S
1778659836.999273,1909,0,a_S
1778659837.0006442,1984,0,a_S
1778659837.003378,2236,0,a_S
1778659837.004873,2198,0,a_S
1778659837.006253,2069,0,a_S
1778659837.013331,1944,0,a_S
1778659837.0139241,1999,0,a_S
1778659837.014485,1982,0,a_S
1778659837.016112,1902,0,a_S
1778659837.0163982,1960,0,a_S
1778659837.019455,2281,0,a_S
1778659837.024469,2316,0,a_S
1778659837.025047,1995,0,a_S
1778659837.026756,1943,0,a_S
1778659837.0273411,1983,0,a_S
1778659837.0288682,2149,0,a_S
1778659837.03025,1972,0,a_S
1778659837.040879,1858,0,a_S
1778659837.0418801,2049,0,a_S
1778659837.0442162,2332,0,a_S
1778659837.046632,2135,0,a_S
1778659837.046955,1982,0,a_S
1778659837.047154,1989,0,a_S
1778659837.0490031,2193,0,a_S
1778659837.049623,1903,0,a_S
1778659837.0499089,1912,0,a_S
1778659837.0512729,2097,0,a_S
1778659837.052623,2286,0,a_S
1778659837.055291,2281,0,a_S
1778659837.056673,2034,0,a_S
1778659837.064773,1979,0,a_S
1778659837.066713,2008,0,a_S
1778659837.0669272,2094,0,a_S
1778659837.067177,1897,0,a_S
1778659837.071195,1856,0,a_S
1778659837.072955,2074,0,a_S
1778659837.0730932,2229,0,a_S
1778659837.073438,2178,0,a_S
1778659837.078667,1939,0,a_S
1778659837.078824,1930,0,a_S
1778659837.0789251,2099,0,a_S
1778659837.08018,1997,0,a_S
1778659837.0825548,1993,0,a_S
1778659837.090067,2122,0,a_S
1778659837.091577,2367,0,a_S
1778659837.091903,2171,0,a_S
1778659837.092154,2076,0,a_S
1778659837.100503,2068,0,a_S
1778659837.1007302,2117,0,a_S
1778659837.100898,1833,0,a_S
1778659837.101163,1850,0,a_S
1778659837.101349,2014,0,a_S
1778659837.1031091,2246,0,a_S
1778659837.1044962,2290,0,a_S
1778659837.1071591,2147,0,a_S
1778659837.1085389,1990,0,a_S
1778659837.111093,1948,0,a_S
1778659837.112443,2113,0,a_S
1778659837.1194692,1824,0,a_S
1778659837.123193,1761,0,a_S
1778659837.1238751,2179,0,a_S
1778659837.124505,2408,0,a_S
1778659837.128223,2014,0,a_S
1778659837.1312141,1880,0,a_S
1778659837.133178,1939,0,a_S
1778659837.1338,2090,0,a_S
1778659837.133876,2037,0,a_S
1778659837.133941,1945,0,a_S
1778659837.135144,2041,0,a_S
1778659837.1365151,2273,0,a_S
1778659837.143508,2136,0,a_S
1778659837.144614,2015,0,a_S
1778659837.1477828,1894,0,a_S
1778659837.148824,2033,0,a_S
1778659837.1501162,2060,0,a_S
1778659837.1507158,1930,0,a_S
1778659837.152721,2105,0,a_S
1778659837.155401,2185,0,a_S
1778659837.155766,2209,0,a_S
1778659837.158141,2241,0,a_S
1778659837.158242,2000,0,a_S
1778659837.160718,2089,0,a_S
1778659837.162105,2083,0,a_S
1778659837.1646678,1848,0,a_S
1778659837.1672971,1954,0,a_S
1778659837.173159,2191,0,a_S
1778659837.173742,2223,0,a_S
1778659837.176203,2078,0,a_S
1778659837.176503,2040,0,a_S
1778659837.180637,1995,0,a_S
1778659837.185215,2050,0,a_S
1778659837.185598,1934,0,a_S
1778659837.185822,1889,0,a_S
1778659837.186059,2135,0,a_S
1778659837.186201,2275,0,a_S
1778659837.1886132,2134,0,a_S
1778659837.1913211,2012,0,a_S
1778659837.192854,1913,0,a_S
1778659837.198016,2045,0,a_S
1778659837.1990411,1967,0,a_S
1778659837.200777,1894,0,a_S
1778659837.201174,2018,0,a_S
1778659837.2031748,2305,0,a_S
1778659837.20515,2284,0,a_S
1778659837.2097201,2091,0,a_S
1778659837.210207,1919,0,a_S
1778659837.2103949,2081,0,a_S
1778659837.2129312,2139,0,a_S
1778659837.214355,1918,0,a_S
1778659837.217,1990,0,a_S
1778659837.218364,2133,0,a_S
1778659837.220906,2402,0,a_S
1778659837.222348,2140,0,a_S
1778659837.233734,1968,0,a_S
1778659837.235091,2039,0,a_S
1778659837.2365062,2070,0,a_S
1778659837.241212,1880,0,a_S
1778659837.241815,1905,0,a_S
1778659837.242037,2027,0,a_S
1778659837.242167,2240,0,a_S
1778659837.242429,2236,0,a_S
1778659837.2447171,2101,0,a_S
1778659837.244815,1929,0,a_S
1778659837.24485,2104,0,a_S
1778659837.246252,2042,0,a_S
1778659837.2489998,1895,0,a_S
1778659837.2531872,1996,0,a_S
1778659837.2546828,2222,0,a_S
1778659837.2557042,2312,0,a_S
1778659837.257049,2082,0,a_S
1778659837.2587981,1969,0,a_S
1778659837.260739,1948,0,a_S
1778659837.262878,2002,0,a_S
1778659837.265271,1873,0,a_S
1778659837.267203,1964,0,a_S
1778659837.268546,2185,0,a_S
1778659837.271334,2350,0,a_S
1778659837.272664,2123,0,a_S
1778659837.274081,1981,0,a_S
1778659837.2766411,1999,0,a_S
1778659837.282201,2135,0,a_S
1778659837.282847,1988,0,a_S
1778659837.283782,1881,0,a_S
1778659837.285598,2111,0,a_S
1778659837.2884061,2376,0,a_S
1778659837.288974,2157,0,a_S
1778659837.2919521,2023,0,a_S
1778659837.294467,1949,0,a_S
1778659837.2946649,2080,0,a_S
1778659837.2965848,1991,0,a_S
1778659837.2991538,1846,0,a_S
1778659837.3004968,2078,0,a_S
1778659837.3065522,2275,0,a_S
1778659837.307053,2290,0,a_S
1778659837.307998,2088,0,a_S
1778659837.3094451,2025,0,a_S
1778659837.311542,1992,0,a_S
1778659837.3128982,2020,0,a_S
1778659837.315104,1896,0,a_S
1778659837.317594,1997,0,a_S
1778659837.3195379,2235,0,a_S
1778659837.320918,2337,0,a_S
1778659837.3222332,2062,0,a_S
1778659837.324796,2024,0,a_S
1778659837.326106,2020,0,a_S
1778659837.3286688,2091,0,a_S
1778659837.3343801,1898,0,a_S
1778659837.334846,1893,0,a_S
1778659837.335378,2075,0,a_S
1778659837.339686,2301,0,a_S
1778659837.3403058,2156,0,a_S
1778659837.341181,2050,0,a_S
1778659837.342616,1910,0,a_S
1778659837.344219,2037,0,a_S
1778659837.346679,1983,0,a_S
1778659837.34863,1932,0,a_S
1778659837.351234,2023,0,a_S
1778659837.352542,2199,0,a_S
1778659837.358148,2218,0,a_S
1778659837.359482,2084,0,a_S
1778659837.359547,2007,0,a_S
1778659837.361038,2029,0,a_S
1778659837.36274,1978,0,a_S
1778659837.364575,1880,0,a_S
1778659837.366862,1916,0,a_S
1778659837.369312,2154,0,a_S
1778659837.3717859,2385,0,a_S
1778659837.3731,2032,0,a_S
1778659837.374414,1932,0,a_S
1778659837.376985,2001,0,a_S
1778659837.378291,2112,0,a_S
1778659837.3808498,1947,0,a_S
1778659837.386899,1925,0,a_S
1778659837.388063,2048,0,a_S
1778659837.3885791,2263,0,a_S
1778659837.389968,2160,0,a_S
1778659837.390107,2094,0,a_S
1778659837.393333,1962,0,a_S
1778659837.3959832,2015,0,a_S
1778659837.3960562,1942,0,a_S
1778659837.398419,1841,0,a_S
1778659837.400349,2019,0,a_S
1778659837.402928,2259,0,a_S
1778659837.4042602,2249,0,a_S
1778659837.409994,2039,0,a_S
1778659837.41089,1951,0,a_S
1778659837.412611,2111,0,a_S
1778659837.412842,2042,0,a_S
1778659837.4150279,1788,0,a_S
1778659837.41682,1914,0,a_S
1778659837.418577,2190,0,a_S
1778659837.421181,2310,0,a_S
1778659837.423535,1965,0,a_S
1778659837.424845,2025,0,a_S
1778659837.426144,1998,0,a_S
1778659837.428711,2169,0,a_S
1778659837.431277,1976,0,a_S
1778659837.432568,1871,0,a_S
1778659837.439848,2078,0,a_S
1778659837.441853,2371,0,a_S
1778659837.4420679,2129,0,a_S
1778659837.444144,2028,0,a_S
1778659837.444708,1960,0,a_S
1778659837.4459388,2086,0,a_S
1778659837.446434,1975,0,a_S
1778659837.451595,1879,0,a_S
1778659837.4517791,2058,0,a_S
1778659837.454294,2290,0,a_S
1778659837.454452,2197,0,a_S
1778659837.4572039,2036,0,a_S
1778659837.4633,2026,0,a_S
1778659837.464711,1963,0,a_S
1778659837.464894,1981,0,a_S
1778659837.4665222,1875,0,a_S
1778659837.468904,1952,0,a_S
1778659837.469447,2158,0,a_S
1778659837.472981,2333,0,a_S
1778659837.473203,2091,0,a_S
1778659837.475809,1999,0,a_S
1778659837.475998,1947,0,a_S
1778659837.478389,2070,0,a_S
1778659837.481011,1940,0,a_S
1778659837.482131,1896,0,a_S
1778659837.4847732,2082,0,a_S
1778659837.486103,2435,0,a_S
1778659837.493502,2147,0,a_S
1778659837.4944901,2021,0,a_S
1778659837.494739,1973,0,a_S
1778659837.4977229,2078,0,a_S
1778659837.4978838,1996,0,a_S
1778659837.499846,1914,0,a_S
1778659837.50037,1988,0,a_S
1778659837.506803,2217,0,a_S
1778659837.507276,2230,0,a_S
1778659837.507547,2074,0,a_S
1778659837.509821,1953,0,a_S
1778659837.5099661,1930,0,a_S
1778659837.512565,2009,0,a_S
1778659837.5140522,1887,0,a_S
1778659837.521945,1894,0,a_S
1778659837.522157,2195,0,a_S
1778659837.5241961,2351,0,a_S
1778659837.52532,2128,0,a_S
1778659837.525988,1992,0,a_S
1778659837.5265532,1982,0,a_S
1778659837.529502,2121,0,a_S
1778659837.532011,1911,0,a_S
1778659837.532458,1973,0,a_S
1778659837.534726,2114,0,a_S
1778659837.536108,2256,0,a_S
1778659837.538836,2099,0,a_S
1778659837.540353,2004,0,a_S
1778659837.5430222,1941,0,a_S
1778659837.544373,2039,0,a_S
1778659837.550066,1982,0,a_S
1778659837.551142,1888,0,a_S
1778659837.55346,1989,0,a_S
1778659837.5538309,2271,0,a_S
1778659837.554209,2244,0,a_S
1778659837.5567129,2069,0,a_S
1778659837.5587142,1968,0,a_S
1778659837.5603461,2053,0,a_S
1778659837.56285,2058,0,a_S
1778659837.5651689,1805,0,a_S
1778659837.566688,1921,0,a_S
1778659837.5680408,2269,0,a_S
1778659837.575037,2332,0,a_S
1778659837.575596,1965,0,a_S
1778659837.577538,1961,0,a_S
1778659837.577707,1969,0,a_S
1778659837.579286,2129,0,a_S
1778659837.581774,1991,0,a_S
1778659837.582443,1922,0,a_S
1778659837.586596,2059,0,a_S
1778659837.587023,2313,0,a_S
1778659837.58971,2146,0,a_S
1778659837.591149,1998,0,a_S
1778659837.592566,1949,0,a_S
1778659837.5939782,2076,0,a_S
1778659837.5987022,2017,0,a_S
1778659837.598798,1809,0,a_S
1778659837.605201,1986,0,a_S
1778659837.6065202,2254,0,a_S
1778659837.608518,2277,0,a_S
1778659837.608764,2114,0,a_S
1778659837.608914,1987,0,a_S
1778659837.6111622,2005,0,a_S
1778659837.6147158,2140,0,a_S
1778659837.614935,1903,0,a_S
1778659837.6174982,1934,0,a_S
1778659837.619927,2134,0,a_S
1778659837.6202571,2329,0,a_S
1778659837.6230679,2130,0,a_S
1778659837.6245492,2022,0,a_S
1778659837.629964,1948,0,a_S
1778659837.631837,2133,0,a_S
1778659837.632062,1999,0,a_S
1778659837.632284,1869,0,a_S
1778659837.6353989,2102,0,a_S
1778659837.638487,2273,0,a_S
1778659837.641303,2187,0,a_S
1778659837.641567,2048,0,a_S
1778659837.643958,1939,0,a_S
1778659837.64407,2024,0,a_S
1778659837.64681,2016,0,a_S
1778659837.648285,1873,0,a_S
1778659837.650911,1995,0,a_S
1778659837.6522958,2216,0,a_S
1778659837.659507,2221,0,a_S
1778659837.6612952,2003,0,a_S
1778659837.66289,1949,0,a_S
1778659837.66468,2010,0,a_S
1778659837.666076,2024,0,a_S
1778659837.667541,1870,0,a_S
1778659837.667707,1932,0,a_S
1778659837.672178,2175,0,a_S
1778659837.6727018,2350,0,a_S
1778659837.67313,2167,0,a_S
1778659837.6752121,2041,0,a_S
1778659837.6765802,1941,0,a_S
1778659837.677921,1902,0,a_S
1778659837.684546,1911,0,a_S
1778659837.688573,1947,0,a_S
1778659837.6898901,2142,0,a_S
1778659837.6909409,2195,0,a_S
1778659837.691479,1991,0,a_S
1778659837.691969,2077,0,a_S
1778659837.69415,2115,0,a_S
1778659837.696877,2194,0,a_S
1778659837.6971421,2116,0,a_S
1778659837.699554,1977,0,a_S
1778659837.700927,1729,0,a_S
1778659837.7022562,1721,0,a_S
1778659837.704968,2173,0,a_S
1778659837.706325,2352,0,a_S
1778659837.7089589,2158,0,a_S
1778659837.714539,2129,0,a_S
1778659837.715051,2119,0,a_S
1778659837.715481,1520,0,a_S
1778659837.7176268,1486,0,a_S
1778659837.719698,2686,0,a_S
1778659837.723476,2933,0,a_S
1778659837.723587,1737,0,a_S
1778659837.726007,1309,0,a_S
1778659837.72619,2171,0,a_S
1778659837.72847,2615,0,a_S
1778659837.729834,2132,0,a_S
1778659837.7323909,1726,0,a_S
1778659837.7369118,2096,0,a_S
1778659837.738359,2406,0,a_S
1778659837.738912,2261,0,a_S
1778659837.740385,2250,0,a_S
1778659837.742452,2131,0,a_S
1778659837.74416,2060,0,a_S
1778659837.745989,1938,0,a_S
1778659837.7485461,1739,0,a_S
1778659837.750698,1928,0,a_S
1778659837.7520099,2276,0,a_S
1778659837.754922,2280,0,a_S
1778659837.756225,1970,0,a_S
1778659837.758778,1829,0,a_S
1778659837.760075,1784,0,a_S
1778659837.765784,1916,0,a_S
1778659837.765855,1909,0,a_S
1778659837.766788,2031,0,a_S
1778659837.768571,2149,0,a_S
1778659837.770972,2396,0,a_S
1778659837.7725,2129,0,a_S
1778659837.774369,1899,0,a_S
1778659837.776792,1822,0,a_S
1778659837.778978,1902,0,a_S
1778659837.780289,1845,0,a_S
1778659837.782969,1898,0,a_S
1778659837.7867498,2126,0,a_S
1778659837.78827,2310,0,a_S
1778659837.789515,2150,0,a_S
1778659837.791148,2010,0,a_S
1778659837.7934551,1821,0,a_S
1778659837.79491,1977,0,a_S
1778659837.79711,1984,0,a_S
1778659837.799145,1924,0,a_S
1778659837.800226,1964,0,a_S
1778659837.802787,2075,0,a_S
1778659837.8041081,2059,0,a_S
1778659837.806699,2066,0,a_S
1778659837.8079948,2047,0,a_S
1778659837.812734,2078,0,a_S
1778659837.813215,2039,0,a_S
1778659837.815538,1746,0,a_S
1778659837.8170738,1843,0,a_S
1778659837.819388,2108,0,a_S
1778659837.8229,2308,0,a_S
1778659837.8229928,2066,0,a_S
1778659837.824747,2154,0,a_S
1778659837.8260999,1787,0,a_S
1778659837.828649,1804,0,a_S
1778659837.833903,2129,0,a_S
1778659837.8342788,2164,0,a_S
1778659837.834651,2250,0,a_S
1778659837.839773,2416,0,a_S
1778659837.8398888,2165,0,a_S
1778659837.84129,1966,0,a_S
1778659837.843594,1821,0,a_S
1778659837.8438249,1997,0,a_S
1778659837.846686,1942,0,a_S
1778659837.847979,1807,0,a_S
1778659837.850537,1921,0,a_S
1778659837.85183,2084,0,a_S
1778659837.854383,2183,0,a_S
1778659837.859445,2076,0,a_S
1778659837.85953,2018,0,a_S
1778659837.860341,1732,0,a_S
1778659837.8621938,1679,0,a_S
1778659837.86403,2043,0,a_S
1778659837.869388,2270,0,a_S
1778659837.869498,2294,0,a_S
1778659837.871784,2241,0,a_S
1778659837.8718789,2017,0,a_S
1778659837.874447,1767,0,a_S
1778659837.875875,1844,0,a_S
1778659837.8797388,2140,0,a_S
1778659837.8801558,1810,0,a_S
1778659837.882161,1637,0,a_S
1778659837.884969,1489,0,a_S
1778659837.889417,2124,0,a_S
1778659837.889719,2266,0,a_S
1778659837.889786,2410,0,a_S
1778659837.892522,1697,0,a_S
1778659837.893813,2345,0,a_S
1778659837.8963652,2393,0,a_S
1778659837.897702,1966,0,a_S
1778659837.90046,2178,0,a_S
1778659837.904358,2328,0,a_S
1778659837.904769,2192,0,a_S
1778659837.906919,2041,0,a_S
1778659837.9087949,1620,0,a_S
1778659837.910293,1734,0,a_S
1778659837.911871,2220,0,a_S
1778659837.91402,2098,0,a_S
1778659837.916008,1932,0,a_S
1778659837.9185688,2032,0,a_S
1778659837.919863,2279,0,a_S
1778659837.922507,2162,0,a_S
1778659837.923813,2021,0,a_S
1778659837.929884,1971,0,a_S
1778659837.9302962,2060,0,a_S
1778659837.931699,1919,0,a_S
1778659837.931861,1788,0,a_S
1778659837.935144,1721,0,a_S
1778659837.938986,2003,0,a_S
1778659837.9391491,2122,0,a_S
1778659837.9411762,2186,0,a_S
1778659837.9424949,2186,0,a_S
1778659837.9437912,2189,0,a_S
1778659837.946368,2050,0,a_S
1778659837.947896,1829,0,a_S
1778659837.955391,2027,0,a_S
1778659837.95546,2160,0,a_S
1778659837.956688,2247,0,a_S
1778659837.9568331,2093,0,a_S
1778659837.958318,1819,0,a_S
1778659837.9599402,1759,0,a_S
1778659837.961766,2046,0,a_S
1778659837.963928,1923,0,a_S
1778659837.965961,1780,0,a_S
1778659837.968513,2108,0,a_S
1778659837.970064,2426,0,a_S
1778659837.972658,2131,0,a_S
1778659837.9739552,1909,0,a_S
1778659837.978988,1951,0,a_S
1778659837.979462,1989,0,a_S
1778659837.981537,1755,0,a_S
1778659837.983087,1775,0,a_S
1778659837.9849658,1969,0,a_S
1778659837.988703,2220,0,a_S
1778659837.988794,2091,0,a_S
1778659837.99086,1964,0,a_S
1778659837.992161,1643,0,a_S
1778659837.99471,1839,0,a_S
1778659837.996,2241,0,a_S
1778659837.998556,1964,0,a_S
1778659837.999846,2064,0,a_S
1778659838.005195,2371,0,a_S
1778659838.0065122,2204,0,a_S
1778659838.006606,1891,0,a_S
1778659838.008551,1845,0,a_S
1778659838.009989,2266,0,a_S
1778659838.013688,2378,0,a_S
1778659838.013791,1957,0,a_S
1778659838.0166311,1684,0,a_S
1778659838.017935,1855,0,a_S
1778659838.020588,2402,0,a_S
1778659838.021918,2453,0,a_S
1778659838.024481,1948,0,a_S
1778659838.029236,1563,0,a_S
1778659838.0293179,2106,0,a_S
1778659838.0313458,2091,0,a_S
1778659838.032931,1792,0,a_S
1778659838.0347788,2037,0,a_S
1778659838.036426,2014,0,a_S
1778659838.0387561,1979,0,a_S
1778659838.040436,2401,0,a_S
1778659838.041882,2058,0,a_S
1778659838.044537,1770,0,a_S
1778659838.0458398,1898,0,a_S
1778659838.0483892,1904,0,a_S
1778659838.049836,2064,0,a_S
1778659838.053607,2295,0,a_S
1778659838.056256,2204,0,a_S
1778659838.056393,2254,0,a_S
1778659838.0577888,2145,0,a_S
1778659838.061379,2084,0,a_S
1778659838.063595,1975,0,a_S
1778659838.063668,1741,0,a_S
1778659838.066551,1757,0,a_S
1778659838.067843,2024,0,a_S
1778659838.070385,2268,0,a_S
1778659838.071699,2059,0,a_S
1778659838.07426,1954,0,a_S
1778659838.078033,1952,0,a_S
1778659838.07846,2057,0,a_S
1778659838.080419,1929,0,a_S
1778659838.082187,1814,0,a_S
1778659838.083918,2043,0,a_S
1778659838.0886889,2287,0,a_S
1778659838.089119,2106,0,a_S
1778659838.090423,1914,0,a_S
1778659838.091713,1849,0,a_S
1778659838.094294,2008,0,a_S
1778659838.0955808,2001,0,a_S
1778659838.101454,1716,0,a_S
1778659838.102458,2220,0,a_S
1778659838.105172,2411,0,a_S
1778659838.105867,2388,0,a_S
1778659838.10656,2214,0,a_S
1778659838.108981,2088,0,a_S
1778659838.1111932,2092,0,a_S
1778659838.1127412,2118,0,a_S
1778659838.114035,1922,0,a_S
1778659838.1165838,1962,0,a_S
1778659838.117874,1782,0,a_S
1778659838.1204228,1676,0,a_S
1778659838.1219242,2125,0,a_S
1778659838.125823,2455,0,a_S
1778659838.1279092,2187,0,a_S
1778659838.1280372,2111,0,a_S
1778659838.131094,1906,0,a_S
1778659838.1325388,1661,0,a_S
1778659838.1346638,2151,0,a_S
1778659838.1366909,2724,0,a_S
1778659838.138301,2459,0,a_S
1778659838.139658,2013,0,a_S
1778659838.1422248,1867,0,a_S
1778659838.143649,1985,0,a_S
1778659838.1492648,1965,0,a_S
1778659838.149982,1857,0,a_S
1778659838.150423,2077,0,a_S
1778659838.15284,2406,0,a_S
1778659838.15434,2315,0,a_S
1778659838.156224,2048,0,a_S
1778659838.158344,1864,0,a_S
1778659838.1602392,1928,0,a_S
1778659838.1615539,1973,0,a_S
1778659838.1641102,1789,0,a_S
1778659838.166661,1919,0,a_S
1778659838.167947,2181,0,a_S
1778659838.1738539,2496,0,a_S
1778659838.1739872,2045,0,a_S
1778659838.174381,1883,0,a_S
1778659838.176071,1898,0,a_S
1778659838.179044,2311,0,a_S
1778659838.182692,2177,0,a_S
1778659838.182796,1964,0,a_S
1778659838.184382,2016,0,a_S
1778659838.186126,2267,0,a_S
1778659838.1886148,2209,0,a_S
1778659838.1899211,1859,0,a_S
1778659838.192487,1801,0,a_S
1778659838.1979961,2086,0,a_S
1778659838.199459,2175,0,a_S
1778659838.199629,2012,0,a_S
1778659838.199689,2031,0,a_S
1778659838.20248,2258,0,a_S
1778659838.2064068,2254,0,a_S
1778659838.206492,2168,0,a_S
1778659838.2083452,1993,0,a_S
1778659838.209816,1866,0,a_S
1778659838.212363,1458,0,a_S
1778659838.213658,1029,0,a_S
1778659838.2162051,2310,0,a_S
1778659838.222871,2840,0,a_S
1778659838.223068,2703,0,a_S
1778659838.2231429,2128,0,a_S
1778659838.224858,1960,0,a_S
1778659838.227846,2264,0,a_S
1778659838.23022,2501,0,a_S
1778659838.230402,2326,0,a_S
1778659838.232286,1809,0,a_S
1778659838.233602,1902,0,a_S
1778659838.2361732,2054,0,a_S
1778659838.2375019,1873,0,a_S
1778659838.240155,1843,0,a_S
1778659838.24495,1878,0,a_S
1778659838.245014,2115,0,a_S
1778659838.247624,2173,0,a_S
1778659838.2489972,1942,0,a_S
1778659838.250855,2010,0,a_S
1778659838.252696,2225,0,a_S
1778659838.255444,2210,0,a_S
1778659838.255787,2140,0,a_S
1778659838.2585511,2002,0,a_S
1778659838.259873,2061,0,a_S
1778659838.265194,2104,0,a_S
1778659838.265704,1874,0,a_S
1778659838.266401,1724,0,a_S
1778659838.267861,1804,0,a_S
1778659838.2731469,1879,0,a_S
1778659838.2732742,1964,0,a_S
1778659838.275539,2169,0,a_S
1778659838.2757928,2214,0,a_S
1778659838.278531,2353,0,a_S
1778659838.2798269,2068,0,a_S
1778659838.282388,2000,0,a_S
1778659838.283694,2298,0,a_S
1778659838.286262,2458,0,a_S
1778659838.2903092,2269,0,a_S
1778659838.2914371,2018,0,a_S
1778659838.2930481,1820,0,a_S
1778659838.295035,1905,0,a_S
1778659838.29778,1843,0,a_S
1778659838.297878,1671,0,a_S
1778659838.3005161,2016,0,a_S
1778659838.302263,2385,0,a_S
1778659838.30369,2318,0,a_S
1778659838.306253,2060,0,a_S
1778659838.3075452,2037,0,a_S
1778659838.310107,1953,0,a_S
1778659838.3152058,1962,0,a_S
1778659838.316245,1669,0,a_S
1778659838.317463,1702,0,a_S
1778659838.317523,2227,0,a_S
1778659838.320231,2472,0,a_S
1778659838.322165,2108,0,a_S
1778659838.324377,2156,0,a_S
1778659838.326293,2068,0,a_S
1778659838.3275971,2075,0,a_S
1778659838.330026,1908,0,a_S
1778659838.33142,1872,0,a_S
1778659838.333965,2076,0,a_S
1778659838.339125,2412,0,a_S
1778659838.339885,2073,0,a_S
1778659838.33997,1672,0,a_S
1778659838.3426392,1685,0,a_S
1778659838.3440351,1982,0,a_S
1778659838.3482418,2351,0,a_S
1778659838.348448,2427,0,a_S
1778659838.350219,2320,0,a_S
1778659838.351511,2339,0,a_S
1778659838.35433,2321,0,a_S
1778659838.355743,2155,0,a_S
1778659838.3582919,2061,0,a_S
1778659838.3629959,2029,0,a_S
1778659838.36339,2032,0,a_S
1778659838.3637319,1781,0,a_S
1778659838.3664372,1730,0,a_S
1778659838.368469,1905,0,a_S
1778659838.371805,2254,0,a_S
1778659838.371905,1996,0,a_S
1778659838.37352,2078,0,a_S
1778659838.376085,1966,0,a_S
1778659838.377377,2127,0,a_S
1778659838.379924,2174,0,a_S
1778659838.386142,2066,0,a_S
1778659838.3865888,2108,0,a_S
1778659838.388704,2226,0,a_S
1778659838.3888571,2221,0,a_S
1778659838.390651,2148,0,a_S
1778659838.3923662,2017,0,a_S
1778659838.395714,2020,0,a_S
1778659838.395879,1947,0,a_S
1778659838.39768,1835,0,a_S
1778659838.400233,1908,0,a_S
1778659838.4015338,2187,0,a_S
1778659838.404107,2300,0,a_S
1778659838.4054122,2080,0,a_S
1778659838.410822,1964,0,a_S
1778659838.41151,2002,0,a_S
1778659838.4125881,1987,0,a_S
1778659838.414581,1817,0,a_S
1778659838.4171252,1936,0,a_S
1778659838.419332,2074,0,a_S
1778659838.419531,2355,0,a_S
1778659838.42215,2209,0,a_S
1778659838.423438,2174,0,a_S
1778659838.425987,2074,0,a_S
1778659838.427375,2112,0,a_S
1778659838.43349,1931,0,a_S
1778659838.4339032,1764,0,a_S
1778659838.433942,1994,0,a_S
1778659838.4358678,2232,0,a_S
1778659838.438381,2081,0,a_S
1778659838.440775,2111,0,a_S
1778659838.443019,2089,0,a_S
1778659838.445032,1855,0,a_S
1778659838.446541,1890,0,a_S
1778659838.447835,1995,0,a_S
1778659838.450384,2137,0,a_S
1778659838.4517481,2442,0,a_S
1778659838.457377,2514,0,a_S
1778659838.458165,2229,0,a_S
1778659838.459875,2058,0,a_S
1778659838.459986,2071,0,a_S
1778659838.461612,2127,0,a_S
1778659838.464515,1963,0,a_S
1778659838.466816,1930,0,a_S
1778659838.468723,2070,0,a_S
1778659838.470146,2211,0,a_S
1778659838.471336,2027,0,a_S
1778659838.473901,1947,0,a_S
1778659838.476465,1837,0,a_S
1778659838.48119,1937,0,a_S
1778659838.481963,1861,0,a_S
1778659838.4837902,1967,0,a_S
1778659838.483853,2201,0,a_S
1778659838.486911,2360,0,a_S
1778659838.490672,2076,0,a_S
1778659838.490744,2101,0,a_S
1778659838.492689,2124,0,a_S
1778659838.493985,2249,0,a_S
1778659838.495326,2145,0,a_S
1778659838.497922,1954,0,a_S
1778659838.499357,1985,0,a_S
1778659838.5049238,2196,0,a_S
1778659838.505664,2237,0,a_S
1778659838.5071418,2073,0,a_S
1778659838.508744,1960,0,a_S
1778659838.511447,1972,0,a_S
1778659838.511551,2006,0,a_S
1778659838.5136771,1598,0,a_S
1778659838.5163698,1808,0,a_S
1778659838.517659,2257,0,a_S
1778659838.520308,2458,0,a_S
1778659838.52163,2134,0,a_S
1778659838.527183,2027,0,a_S
1778659838.527883,2055,0,a_S
1778659838.528525,2064,0,a_S
1778659838.531025,2054,0,a_S
1778659838.532532,1999,0,a_S
1778659838.534024,2151,0,a_S
1778659838.53616,2264,0,a_S
1778659838.5379782,2116,0,a_S
1778659838.5392902,1998,0,a_S
1778659838.5418382,1987,0,a_S
1778659838.5433679,2084,0,a_S
1778659838.545964,2084,0,a_S
1778659838.549838,1928,0,a_S
1778659838.550261,2023,0,a_S
1778659838.5521688,2220,0,a_S
1778659838.554129,2170,0,a_S
1778659838.558857,2037,0,a_S
1778659838.5589728,1960,0,a_S
1778659838.5604439,2009,0,a_S
1778659838.5617301,2071,0,a_S
1778659838.564288,1967,0,a_S
1778659838.5655801,2008,0,a_S
1778659838.5681229,2205,0,a_S
1778659838.572298,2391,0,a_S
1778659838.57273,2194,0,a_S
1778659838.575001,2070,0,a_S
1778659838.5764039,2016,0,a_S
1778659838.577808,2113,0,a_S
1778659838.579541,1981,0,a_S
1778659838.581677,1879,0,a_S
1778659838.583599,2006,0,a_S
1778659838.586153,2264,0,a_S
1778659838.587618,2173,0,a_S
1778659838.590185,2070,0,a_S
1778659838.591247,1946,0,a_S
1778659838.595307,2033,0,a_S
1778659838.59566,2013,0,a_S
1778659838.5978172,1867,0,a_S
1778659838.600271,1997,0,a_S
1778659838.602348,2257,0,a_S
1778659838.604696,2331,0,a_S
1778659838.6064389,2100,0,a_S
1778659838.6077352,2012,0,a_S
1778659838.6102982,2050,0,a_S
1778659838.611595,2112,0,a_S
1778659838.614149,1901,0,a_S
1778659838.618756,1933,0,a_S
1778659838.618815,2156,0,a_S
1778659838.622174,2324,0,a_S
1778659838.622546,2102,0,a_S
1778659838.6254022,1994,0,a_S
1778659838.6255271,1976,0,a_S
1778659838.627811,2094,0,a_S
1778659838.6295419,1984,0,a_S
1778659838.632092,1888,0,a_S
1778659838.633389,2053,0,a_S
1778659838.6359339,2303,0,a_S
1778659838.637316,2236,0,a_S
1778659838.6413498,2085,0,a_S
1778659838.641432,1965,0,a_S
1778659838.6436071,1991,0,a_S
1778659838.646268,1994,0,a_S
1778659838.647965,1915,0,a_S
1778659838.6501372,1998,0,a_S
1778659838.651906,2183,0,a_S
1778659838.6532412,2204,0,a_S
1778659838.655854,2059,0,a_S
1778659838.657184,2004,0,a_S
1778659838.65974,2056,0,a_S
1778659838.6645,2122,0,a_S
1778659838.664918,1979,0,a_S
1778659838.666924,1944,0,a_S
1778659838.66838,2137,0,a_S
1778659838.6716878,2375,0,a_S
1778659838.6741881,2177,0,a_S
1778659838.6743438,2058,0,a_S
1778659838.67637,1972,0,a_S
1778659838.677762,2151,0,a_S
1778659838.67919,2024,0,a_S
1778659838.681758,1896,0,a_S
1778659838.684319,2057,0,a_S
1778659838.689893,2292,0,a_S
1778659838.692147,2176,0,a_S
1778659838.692294,1975,0,a_S
1778659838.693952,1945,0,a_S
1778659838.6946828,2073,0,a_S
1778659838.697684,2059,0,a_S
1778659838.697784,1904,0,a_S
1778659838.700275,2023,0,a_S
1778659838.702096,2279,0,a_S
1778659838.703489,2368,0,a_S
1778659838.711702,2131,0,a_S
1778659838.7123241,1986,0,a_S
1778659838.713614,1990,0,a_S
1778659838.715471,2047,0,a_S
1778659838.716148,1869,0,a_S
1778659838.717291,1885,0,a_S
1778659838.723072,2165,0,a_S
1778659838.723606,2423,0,a_S
1778659838.7236748,2146,0,a_S
1778659838.723727,2047,0,a_S
1778659838.726311,1977,0,a_S
1778659838.7277398,2081,0,a_S
1778659838.73044,2038,0,a_S
1778659838.731791,1926,0,a_S
1778659838.743602,2104,0,a_S
1778659838.745833,2355,0,a_S
1778659838.745981,2246,0,a_S
1778659838.7462022,2115,0,a_S
1778659838.7463171,2022,0,a_S
1778659838.746575,2083,0,a_S
1778659838.7466571,2104,0,a_S
1778659838.74865,1931,0,a_S
1778659838.749951,1965,0,a_S
1778659838.751243,2247,0,a_S
1778659838.75379,2304,0,a_S
1778659838.7552278,2097,0,a_S
1778659838.7623281,2002,0,a_S
1778659838.762752,1936,0,a_S
1778659838.7639098,2075,0,a_S
1778659838.764241,1958,0,a_S
1778659838.767091,1992,0,a_S
1778659838.7678552,2164,0,a_S
1778659838.771741,2321,0,a_S
1778659838.773542,2113,0,a_S
1778659838.773817,2009,0,a_S
1778659838.775112,2018,0,a_S
1778659838.777577,2164,0,a_S
1778659838.781237,2029,0,a_S
1778659838.781613,1933,0,a_S
1778659838.785631,2040,0,a_S
1778659838.7863271,2290,0,a_S
1778659838.791009,2261,0,a_S
1778659838.791182,2087,0,a_S
1778659838.791338,2000,0,a_S
1778659838.794168,2079,0,a_S
1778659838.795459,2042,0,a_S
1778659838.798028,1895,0,a_S
1778659838.7993422,2012,0,a_S
1778659838.801911,2227,0,a_S
1778659838.81151,2274,0,a_S
1778659838.815593,2108,0,a_S
1778659838.815815,2042,0,a_S
1778659838.818409,2052,0,a_S
1778659838.81882,2093,0,a_S
1778659838.819276,1899,0,a_S
1778659838.819564,1918,0,a_S
1778659838.821795,2109,0,a_S
1778659838.8219159,2252,0,a_S
1778659838.822036,2099,0,a_S
1778659838.823433,1949,0,a_S
1778659838.82611,1963,0,a_S
1778659838.8316102,2131,0,a_S
1778659838.8334742,2021,0,a_S
1778659838.833869,1873,0,a_S
1778659838.834034,2008,0,a_S
1778659838.83764,2312,0,a_S
1778659838.84268,2240,0,a_S
1778659838.843195,2083,0,a_S
1778659838.8435042,1976,0,a_S
1778659838.845408,2056,0,a_S
1778659838.845621,1959,0,a_S
1778659838.847101,1843,0,a_S
1778659838.849592,1967,0,a_S
1778659838.85204,2179,0,a_S
1778659838.853353,2283,0,a_S
1778659838.864619,2052,0,a_S
1778659838.866124,1923,0,a_S
1778659838.8700988,1952,0,a_S
1778659838.8707461,2050,0,a_S
1778659838.872875,1896,0,a_S
1778659838.872939,1973,0,a_S
1778659838.872988,2160,0,a_S
1778659838.873018,2383,0,a_S
1778659838.8730822,2136,0,a_S
1778659838.873108,1982,0,a_S
1778659838.875801,1957,0,a_S
1778659838.886154,2033,0,a_S
1778659838.88966,1928,0,a_S
1778659838.892402,1880,0,a_S
1778659838.894312,2016,0,a_S
1778659838.895038,2281,0,a_S
1778659838.895081,2198,0,a_S
1778659838.8951092,2042,0,a_S
1778659838.8951921,1935,0,a_S
1778659838.895226,2032,0,a_S
1778659838.8952541,2043,0,a_S
1778659838.897932,1913,0,a_S
1778659838.8992798,1972,0,a_S
1778659838.901876,2141,0,a_S
1778659838.903198,2200,0,a_S
1778659838.910945,2059,0,a_S
1778659838.912545,1982,0,a_S
1778659838.914197,1996,0,a_S
1778659838.9147022,2050,0,a_S
1778659838.915762,1859,0,a_S
1778659838.916362,1852,0,a_S
1778659838.921648,2083,0,a_S
1778659838.9222798,2288,0,a_S
1778659838.924118,2111,0,a_S
1778659838.924292,1990,0,a_S
1778659838.926189,1957,0,a_S
1778659838.927584,2090,0,a_S
1778659838.934172,1991,0,a_S
1778659838.935045,1945,0,a_S
1778659838.935622,2108,0,a_S
1778659838.935791,2395,0,a_S
1778659838.939851,2267,0,a_S
1778659838.9409,2034,0,a_S
1778659838.941847,1912,0,a_S
1778659838.943777,1988,0,a_S
1778659838.946486,2023,0,a_S
1778659838.948842,1843,0,a_S
1778659838.950218,1864,0,a_S
1778659838.951553,2185,0,a_S
1778659838.9541912,2246,0,a_S
1778659838.955416,2119,0,a_S
1778659838.9580958,1993,0,a_S
1778659838.963445,1945,0,a_S
1778659838.963624,2128,0,a_S
1778659838.9645078,1926,0,a_S
1778659838.966125,1738,0,a_S
1778659838.9681349,2044,0,a_S
1778659838.97191,2405,0,a_S
1778659838.972377,2234,0,a_S
1778659838.976795,1971,0,a_S
1778659838.977026,1832,0,a_S
1778659838.977161,2051,0,a_S
1778659838.979734,1998,0,a_S
1778659838.985419,2075,0,a_S
1778659838.985548,2291,0,a_S
1778659838.9867399,2215,0,a_S
1778659838.99052,2095,0,a_S
1778659838.9914,2115,0,a_S
1778659838.992537,2050,0,a_S
1778659838.994004,1941,0,a_S
1778659838.9965749,1919,0,a_S
1778659838.998697,1921,0,a_S
1778659839.000009,1889,0,a_S
1778659839.001303,2163,0,a_S
1778659839.003995,2155,0,a_S
1778659839.005336,2112,0,a_S
1778659839.007891,2141,0,a_S
1778659839.013841,1997,0,a_S
1778659839.014294,2078,0,a_S
1778659839.015794,1951,0,a_S
1778659839.0159209,1930,0,a_S
1778659839.0183969,2188,0,a_S
1778659839.02003,2346,0,a_S
1778659839.0238972,2038,0,a_S
1778659839.024218,1905,0,a_S
1778659839.026248,1963,0,a_S
1778659839.027542,2175,0,a_S
1778659839.030093,1961,0,a_S
1778659839.034452,1807,0,a_S
1778659839.0357609,2102,0,a_S
1778659839.036163,2292,0,a_S
1778659839.0395892,2213,0,a_S
1778659839.040113,2042,0,a_S
1778659839.04203,1990,0,a_S
1778659839.045999,2066,0,a_S
1778659839.04613,2045,0,a_S
1778659839.04847,1755,0,a_S
1778659839.049781,1834,0,a_S
1778659839.051084,2152,0,a_S
1778659839.053646,2328,0,a_S
1778659839.055167,2083,0,a_S
1778659839.057765,2073,0,a_S
1778659839.0632908,1997,0,a_S
1778659839.0637171,2041,0,a_S
1778659839.064959,1907,0,a_S
1778659839.06637,1977,0,a_S
1778659839.0689359,2164,0,a_S
1778659839.069493,2353,0,a_S
1778659839.0710971,2119,0,a_S
1778659839.07523,1982,0,a_S
1778659839.07532,1922,0,a_S
1778659839.077593,2063,0,a_S
1778659839.078986,1925,0,a_S
1778659839.081559,1813,0,a_S
1778659839.086227,2121,0,a_S
1778659839.086748,2362,0,a_S
1778659839.0893068,2217,0,a_S
1778659839.0895061,1969,0,a_S
1778659839.0916638,1932,0,a_S
1778659839.093123,2121,0,a_S
1778659839.095314,2055,0,a_S
1778659839.0980968,1881,0,a_S
1778659839.135947,1950,0,a_S
1778659839.136032,2198,0,a_S
1778659839.136085,2277,0,a_S
1778659839.1418948,2045,0,a_S
1778659839.146338,1988,0,a_S
1778659839.146601,2001,0,a_S
1778659839.1466901,2092,0,a_S
1778659839.146791,1980,0,a_S
1778659839.146834,1992,0,a_S
1778659839.14688,2039,0,a_S
1778659839.14694,2294,0,a_S
1778659839.147042,2188,0,a_S
1778659839.147149,2016,0,a_S
1778659839.147208,1961,0,a_S
1778659839.147276,2140,0,a_S
1778659839.1473138,2130,0,a_S
1778659839.147342,1947,0,a_S
1778659839.14737,2036,0,a_S
1778659839.147397,2317,0,a_S
1778659839.147423,2271,0,a_S
1778659839.147451,2067,0,a_S
1778659839.147479,1959,0,a_S
1778659839.147508,2018,0,a_S
1778659839.147537,2023,0,a_S
1778659839.147567,1871,0,a_S
1778659839.150145,1900,0,a_S
1778659839.151464,2207,0,a_S
1778659839.152952,2307,0,a_S
1778659839.163174,2130,0,a_S
1778659839.165638,1989,0,a_S
1778659839.1661272,2035,0,a_S
1778659839.166702,2106,0,a_S
1778659839.167159,1999,0,a_S
1778659839.1684291,1945,0,a_S
1778659839.170063,2196,0,a_S
1778659839.17027,2278,0,a_S
1778659839.1731,2120,0,a_S
1778659839.173416,2095,0,a_S
1778659839.1758568,1981,0,a_S
1778659839.1772668,2158,0,a_S
1778659839.17996,1929,0,a_S
1778659839.185209,1843,0,a_S
1778659839.187952,2027,0,a_S
1778659839.188378,2271,0,a_S
1778659839.190155,2208,0,a_S
1778659839.190729,2153,0,a_S
1778659839.192595,2043,0,a_S
1778659839.196967,1996,0,a_S
1778659839.19724,1969,0,a_S
1778659839.1975832,2020,0,a_S
1778659839.200017,2097,0,a_S
1778659839.201451,2266,0,a_S
1778659839.204177,2267,0,a_S
1778659839.205593,2126,0,a_S
1778659839.2070851,1957,0,a_S
1778659839.209883,1931,0,a_S
1778659839.216487,2029,0,a_S
1778659839.217901,1828,0,a_S
1778659839.21799,1918,0,a_S
1778659839.218347,2070,0,a_S
1778659839.220735,2247,0,a_S
1778659839.255902,2104,0,a_S
1778659839.256434,2087,0,a_S
1778659839.256831,1968,0,a_S
1778659839.259286,2192,0,a_S
1778659839.2593658,2068,0,a_S
1778659839.2594292,1985,0,a_S
1778659839.259582,2145,0,a_S
1778659839.2596722,2295,0,a_S
1778659839.259732,2192,0,a_S
1778659839.259858,2063,0,a_S
1778659839.259996,1915,0,a_S
1778659839.260045,2070,0,a_S
1778659839.2601101,1965,0,a_S
1778659839.260177,1823,0,a_S
1778659839.260226,2132,0,a_S
1778659839.260285,2203,0,a_S
1778659839.260333,2238,0,a_S
1778659839.2603788,2152,0,a_S
1778659839.2604558,2034,0,a_S
1778659839.2605162,2004,0,a_S
1778659839.261856,2013,0,a_S
1778659839.2634351,1865,0,a_S
1778659839.266193,1921,0,a_S
1778659839.267576,2223,0,a_S
1778659839.268945,2426,0,a_S
1778659839.2777169,2143,0,a_S
1778659839.278101,2040,0,a_S
1778659839.278374,2057,0,a_S
1778659839.280104,2067,0,a_S
1778659839.2810729,2063,0,a_S
1778659839.281591,2010,0,a_S
1778659839.284645,1944,0,a_S
1778659839.287924,2208,0,a_S
1778659839.290109,2247,0,a_S
1778659839.290236,2172,0,a_S
1778659839.291643,1983,0,a_S
1778659839.2929778,2026,0,a_S
1778659839.299984,2082,0,a_S
1778659839.301235,1886,0,a_S
1778659839.30141,1978,0,a_S
1778659839.302805,2137,0,a_S
1778659839.303061,2269,0,a_S
1778659839.305845,2126,0,a_S
1778659839.307769,1989,0,a_S
1778659839.309448,1850,0,a_S
1778659839.312163,2119,0,a_S
1778659839.314519,2068,0,a_S
1778659839.315891,1946,0,a_S
1778659839.317296,2097,0,a_S
1778659839.319832,2343,0,a_S
1778659839.321159,2257,0,a_S
1778659839.323894,2074,0,a_S
1778659839.3324878,1947,0,a_S
1778659839.3328052,2041,0,a_S
1778659839.3330822,2013,0,a_S
1778659839.334976,1838,0,a_S
1778659839.335923,2131,0,a_S
1778659839.336467,2353,0,a_S
1778659839.339724,2158,0,a_S
1778659839.339901,2081,0,a_S
1778659839.342592,2032,0,a_S
1778659839.3449621,2126,0,a_S
1778659839.345105,2028,0,a_S
1778659839.347784,1873,0,a_S
1778659839.349322,1888,0,a_S
1778659839.354435,2187,0,a_S
1778659839.3554711,2296,0,a_S
1778659839.3559968,2147,0,a_S
1778659839.359214,2043,0,a_S
1778659839.360522,1976,0,a_S
1778659839.3619552,2070,0,a_S
1778659839.365654,1914,0,a_S
1778659839.366008,1896,0,a_S
1778659839.368119,2131,0,a_S
1778659839.36947,2233,0,a_S
1778659839.370847,2159,0,a_S
1778659839.37359,2083,0,a_S
1778659839.375017,1981,0,a_S
1778659839.377635,2138,0,a_S
1778659839.385699,2023,0,a_S
1778659839.38717,1970,0,a_S
1778659839.3913758,2111,0,a_S
1778659839.396343,2268,0,a_S
1778659839.398366,2148,0,a_S
1778659839.3991292,1991,0,a_S
1778659839.399202,1926,0,a_S
1778659839.3992882,2056,0,a_S
1778659839.399359,2079,0,a_S
1778659839.399391,1892,0,a_S
1778659839.39942,1982,0,a_S
1778659839.4007611,2194,0,a_S
1778659839.403454,2310,0,a_S
1778659839.4092789,2122,0,a_S
1778659839.41135,1986,0,a_S
1778659839.411731,1924,0,a_S
1778659839.4156291,1971,0,a_S
1778659839.418141,1939,0,a_S
1778659839.421073,1888,0,a_S
1778659839.423281,2125,0,a_S
1778659839.4239979,2283,0,a_S
1778659839.424067,2163,0,a_S
1778659839.4241211,2036,0,a_S
1778659839.42539,1965,0,a_S
1778659839.4280498,2090,0,a_S
1778659839.429544,2024,0,a_S
1778659839.4309409,1895,0,a_S
1778659839.433571,1996,0,a_S
1778659839.44492,2257,0,a_S
1778659839.446777,2231,0,a_S
1778659839.446902,2064,0,a_S
1778659839.447443,1891,0,a_S
1778659839.451745,2000,0,a_S
1778659839.4520361,2043,0,a_S
1778659839.452255,1913,0,a_S
1778659839.45249,1992,0,a_S
1778659839.4550421,2153,0,a_S
1778659839.455172,2301,0,a_S
1778659839.455233,2131,0,a_S
1778659839.4577532,1945,0,a_S
1778659839.459085,1949,0,a_S
1778659839.464541,2084,0,a_S
1778659839.464673,1919,0,a_S
1778659839.465584,1866,0,a_S
1778659839.470082,2092,0,a_S
1778659839.470311,2255,0,a_S
1778659839.47243,2199,0,a_S
1778659839.476397,2060,0,a_S
1778659839.476852,2004,0,a_S
1778659839.477077,2070,0,a_S
1778659839.479423,2002,0,a_S
1778659839.4808152,1869,0,a_S
1778659839.483797,2046,0,a_S
1778659839.484992,2308,0,a_S
1778659839.487448,2218,0,a_S
1778659839.488941,2058,0,a_S
1778659839.500063,1941,0,a_S
1778659839.5005,2029,0,a_S
1778659839.502509,2082,0,a_S
1778659839.5031,1889,0,a_S
1778659839.503673,1902,0,a_S
1778659839.5059059,2126,0,a_S
1778659839.5076249,2267,0,a_S
1778659839.510398,2082,0,a_S
1778659839.510636,1989,0,a_S
1778659839.5110998,2000,0,a_S
1778659839.5113962,2052,0,a_S
1778659839.514539,1917,0,a_S
1778659839.5159569,1955,0,a_S
1778659839.517341,2126,0,a_S
1778659839.5197718,2374,0,a_S
1778659839.5289102,2152,0,a_S
1778659839.532057,1949,0,a_S
1778659839.532983,1959,0,a_S
1778659839.5359921,2158,0,a_S
1778659839.538736,2000,0,a_S
1778659839.539079,1846,0,a_S
1778659839.5393438,1955,0,a_S
1778659839.539975,2340,0,a_S
1778659839.542463,2245,0,a_S
1778659839.5425222,2046,0,a_S
1778659839.5425549,1965,0,a_S
1778659839.542707,1990,0,a_S
1778659839.5453131,2062,0,a_S
1778659839.5473611,1925,0,a_S
1778659839.548789,1922,0,a_S
1778659839.551476,2211,0,a_S
1778659839.552937,2306,0,a_S
1778659839.565004,2081,0,a_S
1778659839.566122,2020,0,a_S
1778659839.566289,2037,0,a_S
1778659839.566931,2114,0,a_S
1778659839.567925,1901,0,a_S
1778659839.568953,1922,0,a_S
1778659839.5705862,2113,0,a_S
1778659839.573378,2325,0,a_S
1778659839.5738199,2111,0,a_S
1778659839.5741582,1988,0,a_S
1778659839.576542,2036,0,a_S
1778659839.576664,2084,0,a_S
1778659839.579307,1951,0,a_S
1778659839.581252,1894,0,a_S
1778659839.5881972,2060,0,a_S
1778659839.589003,2298,0,a_S
1778659839.590521,2254,0,a_S
1778659839.5906932,2048,0,a_S
1778659839.59108,1929,0,a_S
1778659839.5995362,1989,0,a_S
1778659839.599995,2015,0,a_S
1778659839.600178,1903,0,a_S
1778659839.600394,1962,0,a_S
1778659839.602766,2189,0,a_S
1778659839.6028612,2322,0,a_S
1778659839.605592,2112,0,a_S
1778659839.607279,2015,0,a_S
1778659839.6086159,1981,0,a_S
1778659839.6109738,2057,0,a_S
1778659839.6142862,1892,0,a_S
1778659839.6224189,1888,0,a_S
1778659839.624351,1982,0,a_S
1778659839.624558,2184,0,a_S
1778659839.625647,2181,0,a_S
1778659839.626796,2041,0,a_S
1778659839.628122,1979,0,a_S
1778659839.6298409,1929,0,a_S
1778659839.632603,1680,0,a_S
1778659839.6329222,1842,0,a_S
1778659839.6330712,1970,0,a_S
1778659839.63544,1999,0,a_S
1778659839.636765,2443,0,a_S
1778659839.6394172,2412,0,a_S
1778659839.645679,2157,0,a_S
1778659839.647855,2187,0,a_S
1778659839.6479628,2282,0,a_S
1778659839.6481678,2135,0,a_S
1778659839.649539,1751,0,a_S
1778659839.651288,1837,0,a_S
1778659839.656309,1852,0,a_S
1778659839.6567738,2196,0,a_S
1778659839.656863,2313,0,a_S
1778659839.659114,2238,0,a_S
1778659839.662507,2242,0,a_S
1778659839.662644,1509,0,a_S
1778659839.665211,1913,0,a_S
1778659839.6676202,2757,0,a_S
1778659839.668915,2539,0,a_S
1778659839.67397,1804,0,a_S
1778659839.674004,1885,0,a_S
1778659839.6762009,1804,0,a_S
1778659839.67775,1930,0,a_S
1778659839.680114,1541,0,a_S
1778659839.6815438,1317,0,a_S
1778659839.683415,2244,0,a_S
1778659839.685793,2689,0,a_S
1778659839.688637,2771,0,a_S
1778659839.688791,2262,0,a_S
1778659839.6913779,1833,0,a_S
1778659839.6926951,1962,0,a_S
1778659839.697911,2192,0,a_S
1778659839.698364,2203,0,a_S
1778659839.699757,2075,0,a_S
1778659839.701631,2189,0,a_S
1778659839.7051609,2169,0,a_S
1778659839.7053041,1707,0,a_S
1778659839.707721,1730,0,a_S
1778659839.7099829,1958,0,a_S
1778659839.7112918,2131,0,a_S
1778659839.7125912,1981,0,a_S
1778659839.7151418,1757,0,a_S
1778659839.717696,1795,0,a_S
1778659839.718988,2236,0,a_S
1778659839.723592,2212,0,a_S
1778659839.723973,1997,0,a_S
1778659839.726291,1640,0,a_S
1778659839.728435,1651,0,a_S
1778659839.7300968,2370,0,a_S
1778659839.7316961,2291,0,a_S
1778659839.734014,2171,0,a_S
1778659839.7360919,2323,0,a_S
1778659839.7374122,2302,0,a_S
1778659839.738708,2072,0,a_S
1778659839.743954,1856,0,a_S
1778659839.744385,2073,0,a_S
1778659839.7470012,1916,0,a_S
1778659839.747166,1737,0,a_S
1778659839.749016,1943,0,a_S
1778659839.752244,1858,0,a_S
1778659839.7547278,1974,0,a_S
1778659839.7550058,2222,0,a_S
1778659839.756568,2054,0,a_S
1778659839.759128,2098,0,a_S
1778659839.761687,2068,0,a_S
1778659839.7629912,1919,0,a_S
1778659839.765541,1505,0,a_S
1778659839.770416,2120,0,a_S
1778659839.77195,2646,0,a_S
1778659839.772081,2272,0,a_S
1778659839.7734559,2151,0,a_S
1778659839.7753768,2085,0,a_S
1778659839.777319,2093,0,a_S
1778659839.778682,1994,0,a_S
1778659839.781018,2001,0,a_S
1778659839.7828329,2036,0,a_S
1778659839.784576,2181,0,a_S
1778659839.7871392,1850,0,a_S
1778659839.792254,1921,0,a_S
1778659839.793441,1894,0,a_S
1778659839.7939389,2104,0,a_S
1778659839.795234,2142,0,a_S
1778659839.798113,1902,0,a_S
1778659839.801134,1939,0,a_S
1778659839.803978,2168,0,a_S
1778659839.805954,2277,0,a_S
1778659839.8063731,2104,0,a_S
1778659839.807775,1661,0,a_S
1778659839.809359,1646,0,a_S
1778659839.810693,2215,0,a_S
1778659839.8132448,2284,0,a_S
1778659839.814534,1920,0,a_S
1778659839.817131,2160,0,a_S
1778659839.818445,2542,0,a_S
1778659839.8210938,2446,0,a_S
1778659839.823099,1838,0,a_S
1778659839.824447,1542,0,a_S
1778659839.827009,2127,0,a_S
1778659839.8295848,2015,0,a_S
1778659839.830955,1834,0,a_S
1778659839.8335161,1995,0,a_S
1778659839.834816,2260,0,a_S
1778659839.837239,2043,0,a_S
1778659839.838569,1225,0,a_S
1778659839.841269,1613,0,a_S
1778659839.842516,2617,0,a_S
1778659839.847782,2477,0,a_S
1778659839.850993,1796,0,a_S
1778659839.85104,1673,0,a_S
1778659839.85107,2214,0,a_S
1778659839.856975,2497,0,a_S
1778659839.857103,2255,0,a_S
1778659839.859391,2030,0,a_S
1778659839.859423,1655,0,a_S
1778659839.8774111,1650,0,a_S
1778659839.886731,1795,0,a_S
1778659839.88701,1140,0,a_S
1778659839.8871942,1594,0,a_S
1778659839.887254,3083,0,a_S
1778659839.8873322,2749,0,a_S
1778659839.8876219,2371,0,a_S
1778659839.887706,2331,0,a_S
1778659839.887837,2363,0,a_S
1778659839.8880699,2094,0,a_S
1778659839.888198,1738,0,a_S
1778659839.888515,2016,0,a_S
1778659839.8887,2029,0,a_S
1778659839.888853,2197,0,a_S
1778659839.889011,1878,0,a_S
1778659839.891275,1820,0,a_S
1778659839.8925738,1772,0,a_S
1778659839.894948,1891,0,a_S
1778659839.8975081,1709,0,a_S
1778659839.898892,1922,0,a_S
1778659839.90148,2172,0,a_S
1778659839.908264,2123,0,a_S
1778659839.908352,1920,0,a_S
1778659839.910929,1798,0,a_S
1778659839.9131541,1954,0,a_S
1778659839.915141,1695,0,a_S
1778659839.919926,1651,0,a_S
1778659839.9202912,2212,0,a_S
1778659839.9206212,2419,0,a_S
1778659839.923239,1980,0,a_S
1778659839.923342,1889,0,a_S
1778659839.923404,2186,0,a_S
1778659839.924713,1928,0,a_S
1778659839.927361,1823,0,a_S
1778659839.928715,1742,0,a_S
1778659839.931059,1845,0,a_S
1778659839.932426,1869,0,a_S
1778659839.934978,2486,0,a_S
1778659839.937548,2455,0,a_S
1778659839.9388878,2168,0,a_S
1778659839.94164,1649,0,a_S
1778659839.9431481,1811,0,a_S
1778659839.9445271,2399,0,a_S
1778659839.95927,2211,0,a_S
1778659839.96068,1928,0,a_S
1778659839.963231,1573,0,a_S
1778659839.964242,1748,0,a_S
1778659839.9649222,2009,0,a_S
1778659839.966532,2454,0,a_S
1778659839.966568,2505,0,a_S
1778659839.966594,2214,0,a_S
1778659839.9666188,2072,0,a_S
1778659839.966642,1946,0,a_S
1778659839.966666,2142,0,a_S
1778659839.970287,2322,0,a_S
1778659839.9727669,2218,0,a_S
1778659839.9730382,1846,0,a_S
1778659839.975622,1217,0,a_S
1778659839.977123,1969,0,a_S
1778659839.9791949,2230,0,a_S
1778659839.984286,1855,0,a_S
1778659839.9843872,2016,0,a_S
1778659839.985687,2294,0,a_S
1778659839.9898639,1998,0,a_S
1778659839.9902341,1691,0,a_S
1778659839.992933,2296,0,a_S
1778659839.9930198,2351,0,a_S
1778659839.9958851,2023,0,a_S
1778659839.9981408,1867,0,a_S
1778659839.999443,1775,0,a_S
1778659840.0007439,2080,0,a_S
1778659840.003356,2414,0,a_S
1778659840.005259,2230,0,a_S
1778659840.006562,1973,0,a_S
1778659840.012944,1916,0,a_S
1778659840.016052,2089,0,a_S
1778659840.0161548,1819,0,a_S
1778659840.016636,1917,0,a_S
1778659840.016768,2079,0,a_S
1778659840.022447,2474,0,a_S
1778659840.022583,2255,0,a_S
1778659840.022727,2098,0,a_S
1778659840.024836,1955,0,a_S
1778659840.027483,1939,0,a_S
1778659840.028787,1923,0,a_S
1778659840.0347252,1559,0,a_S
1778659840.034797,1819,0,a_S
1778659840.036038,2357,0,a_S
1778659840.038656,2438,0,a_S
1778659840.038789,2158,0,a_S
1778659840.041325,1542,0,a_S
1778659840.043799,1526,0,a_S
1778659840.0456161,1585,0,a_S
1778659840.047481,1946,0,a_S
1778659840.048824,2366,0,a_S
1778659840.051317,2470,0,a_S
1778659840.0526059,2430,0,a_S
1778659840.05542,2378,0,a_S
1778659840.060645,2339,0,a_S
1778659840.061444,2263,0,a_S
1778659840.0615838,1424,0,a_S
1778659840.065325,1809,0,a_S
1778659840.066139,2530,0,a_S
1778659840.068672,2422,0,a_S
1778659840.068813,2188,0,a_S
1778659840.072934,2008,0,a_S
1778659840.073356,2079,0,a_S
1778659840.074657,2195,0,a_S
1778659840.077376,2023,0,a_S
1778659840.081117,1866,0,a_S
1778659840.081577,1819,0,a_S
1778659840.084036,2068,0,a_S
1778659840.086137,2148,0,a_S
1778659840.0890298,1786,0,a_S
1778659840.091469,1544,0,a_S
1778659840.09351,1480,0,a_S
1778659840.0937011,2504,0,a_S
1778659840.094996,2969,0,a_S
1778659840.096406,2342,0,a_S
1778659840.0989618,1918,0,a_S
1778659840.100351,2108,0,a_S
1778659840.1029031,2339,0,a_S
1778659840.109956,2169,0,a_S
1778659840.110053,2029,0,a_S
1778659840.1101792,1916,0,a_S
1778659840.112447,2111,0,a_S
1778659840.113235,1916,0,a_S
1778659840.115534,1724,0,a_S
1778659840.117897,1739,0,a_S
1778659840.119665,2225,0,a_S
1778659840.121665,2211,0,a_S
1778659840.122963,2114,0,a_S
1778659840.1248388,1928,0,a_S
1778659840.129675,2027,0,a_S
1778659840.130441,1926,0,a_S
1778659840.133683,1821,0,a_S
1778659840.134084,1644,0,a_S
1778659840.135631,2122,0,a_S
1778659840.1369689,2565,0,a_S
1778659840.1394129,2297,0,a_S
1778659840.141162,1580,0,a_S
1778659840.1428092,1729,0,a_S
1778659840.1454248,1878,0,a_S
1778659840.14675,1088,0,a_S
1778659840.149108,2325,0,a_S
1778659840.150401,3210,0,a_S
1778659840.1551201,2801,0,a_S
1778659840.1559591,2285,0,a_S
1778659840.159616,2303,0,a_S
1778659840.1596632,2354,0,a_S
1778659840.162457,2300,0,a_S
1778659840.164895,2061,0,a_S
1778659840.165453,1745,0,a_S
1778659840.167011,1852,0,a_S
1778659840.168312,1960,0,a_S
1778659840.170683,1725,0,a_S
1778659840.175412,1791,0,a_S
1778659840.1761868,2030,0,a_S
1778659840.177883,2268,0,a_S
1778659840.1829581,2179,0,a_S
1778659840.1831481,1961,0,a_S
1778659840.183241,1974,0,a_S
1778659840.185617,1832,0,a_S
1778659840.18819,1901,0,a_S
1778659840.18829,1875,0,a_S
1778659840.190876,2001,0,a_S
1778659840.193436,1926,0,a_S
1778659840.194731,1828,0,a_S
1778659840.200672,1930,0,a_S
1778659840.201089,2258,0,a_S
1778659840.2014651,2356,0,a_S
1778659840.202973,2457,0,a_S
1778659840.206023,2283,0,a_S
1778659840.208118,2242,0,a_S
1778659840.210679,2182,0,a_S
1778659840.212851,2196,0,a_S
1778659840.21294,2002,0,a_S
1778659840.214313,1858,0,a_S
1778659840.2227998,1908,0,a_S
1778659840.22299,1988,0,a_S
1778659840.224247,1990,0,a_S
1778659840.2249641,2027,0,a_S
1778659840.226027,1975,0,a_S
1778659840.231106,2007,0,a_S
1778659840.231305,1720,0,a_S
1778659840.231606,1950,0,a_S
1778659840.233494,2183,0,a_S
1778659840.2347898,2402,0,a_S
1778659840.2365131,2016,0,a_S
1778659840.239124,1727,0,a_S
1778659840.240418,1935,0,a_S
1778659840.242987,2516,0,a_S
1778659840.247989,2258,0,a_S
1778659840.2503428,1909,0,a_S
1778659840.250483,2044,0,a_S
1778659840.250599,2332,0,a_S
1778659840.253367,2398,0,a_S
1778659840.258066,2135,0,a_S
1778659840.258246,1913,0,a_S
1778659840.258467,1628,0,a_S
1778659840.260361,1514,0,a_S
1778659840.262998,1893,0,a_S
1778659840.268251,2207,0,a_S
1778659840.2683141,2226,0,a_S
1778659840.269061,2472,0,a_S
1778659840.2719731,2325,0,a_S
1778659840.275061,2233,0,a_S
1778659840.279577,2154,0,a_S
1778659840.279883,2200,0,a_S
1778659840.279914,1966,0,a_S
1778659840.281292,1807,0,a_S
1778659840.282579,1807,0,a_S
1778659840.285172,1847,0,a_S
1778659840.286474,2101,0,a_S
1778659840.292751,2163,0,a_S
1778659840.2932029,2147,0,a_S
1778659840.293309,2177,0,a_S
1778659840.295862,2137,0,a_S
1778659840.298219,1928,0,a_S
1778659840.2982678,1807,0,a_S
1778659840.303234,2183,0,a_S
1778659840.303612,2245,0,a_S
1778659840.3052301,1967,0,a_S
1778659840.306876,2027,0,a_S
1778659840.308202,2001,0,a_S
1778659840.3141482,2110,0,a_S
1778659840.315209,1778,0,a_S
1778659840.315423,1909,0,a_S
1778659840.318544,2255,0,a_S
1778659840.322581,2482,0,a_S
1778659840.322722,2111,0,a_S
1778659840.322856,1930,0,a_S
1778659840.3244731,1952,0,a_S
1778659840.327026,1759,0,a_S
1778659840.328321,1693,0,a_S
1778659840.3308742,1817,0,a_S
1778659840.3322308,1885,0,a_S
1778659840.3398132,2486,0,a_S
1778659840.3400042,2587,0,a_S
1778659840.3401432,2145,0,a_S
1778659840.3416011,2003,0,a_S
1778659840.343064,2183,0,a_S
1778659840.345175,2342,0,a_S
1778659840.3475132,2107,0,a_S
1778659840.349487,1989,0,a_S
1778659840.3507872,2043,0,a_S
1778659840.353366,2117,0,a_S
1778659840.354686,1967,0,a_S
1778659840.35726,1750,0,a_S
1778659840.358617,1657,0,a_S
1778659840.3630238,2157,0,a_S
1778659840.3638048,2276,0,a_S
1778659840.366635,2159,0,a_S
1778659840.367032,2189,0,a_S
1778659840.372189,2385,0,a_S
1778659840.3723001,2243,0,a_S
1778659840.3724082,2125,0,a_S
1778659840.3752441,1972,0,a_S
1778659840.37647,1556,0,a_S
1778659840.379019,2000,0,a_S
1778659840.380309,1970,0,a_S
1778659840.383042,1743,0,a_S
1778659840.386362,2089,0,a_S
1778659840.3864489,2536,0,a_S
1778659840.391123,2546,0,a_S
1778659840.391538,2325,0,a_S
1778659840.3939998,2180,0,a_S
1778659840.396353,2209,0,a_S
1778659840.396585,1981,0,a_S
1778659840.399323,1935,0,a_S
1778659840.400612,2064,0,a_S
1778659840.403169,2199,0,a_S
1778659840.404568,1944,0,a_S
1778659840.4070551,1889,0,a_S
1778659840.41084,1896,0,a_S
1778659840.410913,1895,0,a_S
1778659840.413373,1839,0,a_S
1778659840.4154701,1895,0,a_S
1778659840.416988,1989,0,a_S
1778659840.4208121,2248,0,a_S
1778659840.4228039,2194,0,a_S
1778659840.422879,2059,0,a_S
1778659840.424169,2030,0,a_S
1778659840.426728,2128,0,a_S
1778659840.4281,2159,0,a_S
1778659840.4306428,2031,0,a_S
1778659840.4355662,2086,0,a_S
1778659840.435631,2253,0,a_S
1778659840.4388502,2216,0,a_S
1778659840.439622,2137,0,a_S
1778659840.4414191,2050,0,a_S
1778659840.444897,2025,0,a_S
1778659840.4450119,1859,0,a_S
1778659840.446929,1442,0,a_S
1778659840.448226,1697,0,a_S
1778659840.450788,2341,0,a_S
1778659840.452112,2575,0,a_S
1778659840.454685,2094,0,a_S
1778659840.459486,1852,0,a_S
1778659840.4608839,2169,0,a_S
1778659840.462107,2441,0,a_S
1778659840.462164,2295,0,a_S
1778659840.4650612,2106,0,a_S
1778659840.466625,2149,0,a_S
1778659840.468949,2239,0,a_S
1778659840.4711208,2099,0,a_S
1778659840.472451,1990,0,a_S
1778659840.475005,1824,0,a_S
1778659840.476346,1914,0,a_S
1778659840.4788952,1853,0,a_S
1778659840.482786,1786,0,a_S
1778659840.483526,1861,0,a_S
1778659840.485609,2232,0,a_S
1778659840.4876301,2320,0,a_S
1778659840.490667,2217,0,a_S
1778659840.490765,2003,0,a_S
1778659840.4933052,2016,0,a_S
1778659840.4952111,2123,0,a_S
1778659840.496502,2031,0,a_S
1778659840.499062,1978,0,a_S
1778659840.50035,2126,0,a_S
1778659840.502893,2326,0,a_S
1778659840.507434,2052,0,a_S
1778659840.508229,1935,0,a_S
1778659840.508919,1907,0,a_S
1778659840.510358,2063,0,a_S
1778659840.513195,1974,0,a_S
1778659840.51499,1966,0,a_S
1778659840.5174599,2118,0,a_S
1778659840.519391,2207,0,a_S
1778659840.520691,1790,0,a_S
1778659840.522065,1911,0,a_S
1778659840.5246148,2127,0,a_S
1778659840.527162,2247,0,a_S
1778659840.5333812,2048,0,a_S
1778659840.5337868,1865,0,a_S
1778659840.535251,2130,0,a_S
1778659840.5354922,2374,0,a_S
1778659840.5387552,2322,0,a_S
1778659840.539485,1955,0,a_S
1778659840.543073,1880,0,a_S
1778659840.543346,2028,0,a_S
1778659840.545412,2029,0,a_S
1778659840.546753,1676,0,a_S
1778659840.548058,1942,0,a_S
1778659840.553195,2345,0,a_S
1778659840.553258,2457,0,a_S
1778659840.5573928,2121,0,a_S
1778659840.557941,1953,0,a_S
1778659840.560874,1919,0,a_S
1778659840.563555,2047,0,a_S
1778659840.5637262,1902,0,a_S
1778659840.56539,1923,0,a_S
1778659840.5667012,2126,0,a_S
1778659840.568089,2397,0,a_S
1778659840.570789,2204,0,a_S
1778659840.572108,2017,0,a_S
1778659840.574869,1958,0,a_S
1778659840.580682,2096,0,a_S
1778659840.581595,1988,0,a_S
1778659840.582989,1741,0,a_S
1778659840.584875,2053,0,a_S
1778659840.585501,2191,0,a_S
1778659840.591111,2046,0,a_S
1778659840.591469,2213,0,a_S
1778659840.592132,2223,0,a_S
1778659840.5942578,2179,0,a_S
1778659840.5943859,2080,0,a_S
1778659840.598359,1899,0,a_S
1778659840.598502,1971,0,a_S
1778659840.606684,2201,0,a_S
1778659840.607292,2388,0,a_S
1778659840.608293,2093,0,a_S
1778659840.60941,1918,0,a_S
1778659840.6096241,1954,0,a_S
1778659840.6143,2081,0,a_S
1778659840.6144938,1932,0,a_S
1778659840.6148648,1889,0,a_S
1778659840.6170309,2117,0,a_S
1778659840.618442,2367,0,a_S
1778659840.621233,2219,0,a_S
1778659840.622603,2057,0,a_S
1778659840.6253529,1950,0,a_S
1778659840.630974,2040,0,a_S
1778659840.632193,2010,0,a_S
1778659840.633779,1858,0,a_S
1778659840.6357021,1998,0,a_S
1778659840.6366348,2193,0,a_S
1778659840.6395662,2195,0,a_S
1778659840.642475,2091,0,a_S
1778659840.642797,2095,0,a_S
1778659840.643081,2168,0,a_S
1778659840.645084,2133,0,a_S
1778659840.646474,1919,0,a_S
1778659840.649127,1788,0,a_S
1778659840.6556249,2112,0,a_S
1778659840.657621,2443,0,a_S
1778659840.657778,2061,0,a_S
1778659840.6579041,2007,0,a_S
1778659840.659138,2045,0,a_S
1778659840.664085,2200,0,a_S
1778659840.664442,2071,0,a_S
1778659840.664858,1912,0,a_S
1778659840.666899,2184,0,a_S
1778659840.6681468,2450,0,a_S
1778659840.670795,2198,0,a_S
1778659840.6721432,1952,0,a_S
1778659840.674773,1943,0,a_S
1778659840.676126,2057,0,a_S
1778659840.681865,1987,0,a_S
1778659840.683219,1870,0,a_S
1778659840.6846771,2028,0,a_S
1778659840.6881971,2282,0,a_S
1778659840.691086,2358,0,a_S
1778659840.6912751,1980,0,a_S
1778659840.694193,1793,0,a_S
1778659840.6946619,2055,0,a_S
1778659840.695147,2194,0,a_S
1778659840.6974201,1946,0,a_S
1778659840.698793,2030,0,a_S
1778659840.7001998,2303,0,a_S
1778659840.706975,2454,0,a_S
1778659840.707555,2175,0,a_S
1778659840.708132,2082,0,a_S
1778659840.708797,2039,0,a_S
1778659840.710371,2098,0,a_S
1778659840.7126179,1956,0,a_S
1778659840.7141278,1818,0,a_S
1778659840.719122,2002,0,a_S
1778659840.719536,2263,0,a_S
1778659840.721956,2261,0,a_S
1778659840.72212,2091,0,a_S
1778659840.724612,1924,0,a_S
1778659840.727016,2005,0,a_S
1778659840.728395,2014,0,a_S
1778659840.731002,1963,0,a_S
1778659840.7392,2026,0,a_S
1778659840.7394261,2274,0,a_S
1778659840.7397041,2293,0,a_S
1778659840.741738,2107,0,a_S
1778659840.7482262,2035,0,a_S
1778659840.75075,2010,0,a_S
1778659840.7508612,2087,0,a_S
1778659840.7509172,1910,0,a_S
1778659840.751022,1857,0,a_S
1778659840.751106,2109,0,a_S
1778659840.752473,2310,0,a_S
1778659840.762309,1982,0,a_S
1778659840.7625332,2003,0,a_S
1778659840.762849,2068,0,a_S
1778659840.765238,2095,0,a_S
1778659840.766638,1997,0,a_S
1778659840.76814,1912,0,a_S
1778659840.7697191,2106,0,a_S
1778659840.772802,2428,0,a_S
1778659840.77338,2211,0,a_S
1778659840.773736,2081,0,a_S
1778659840.7757561,2070,0,a_S
1778659840.777289,2053,0,a_S
1778659840.778631,1901,0,a_S
1778659840.780003,1711,0,a_S
1778659840.782639,1948,0,a_S
1778659840.7840462,2289,0,a_S
1778659840.791202,2351,0,a_S
1778659840.793,2115,0,a_S
1778659840.7947268,1963,0,a_S
1778659840.7949922,2002,0,a_S
1778659840.7973492,2100,0,a_S
1778659840.7983549,1926,0,a_S
1778659840.798801,2041,0,a_S
1778659840.801783,2220,0,a_S
1778659840.8049788,2222,0,a_S
1778659840.805176,2066,0,a_S
1778659840.807586,2049,0,a_S
1778659840.8089569,1936,0,a_S
1778659840.810292,2005,0,a_S
1778659840.817626,1912,0,a_S
1778659840.820411,1943,0,a_S
1778659840.820715,2101,0,a_S
1778659840.822912,2314,0,a_S
1778659840.823371,2054,0,a_S
1778659840.823911,2004,0,a_S
1778659840.8240252,1975,0,a_S
1778659840.82739,2030,0,a_S
1778659840.8301618,2013,0,a_S
1778659840.830267,1853,0,a_S
1778659840.832627,1909,0,a_S
1778659840.835238,2316,0,a_S
1778659840.836543,2291,0,a_S
1778659840.837952,2063,0,a_S
1778659840.840582,2016,0,a_S
1778659840.841929,2053,0,a_S
1778659840.848486,2028,0,a_S
1778659840.848643,1876,0,a_S
1778659840.849226,1934,0,a_S
1778659840.8509881,2157,0,a_S
1778659840.853191,2334,0,a_S
1778659840.8554392,2044,0,a_S
1778659840.856947,1967,0,a_S
1778659840.859951,1995,0,a_S
1778659840.860157,2079,0,a_S
1778659840.86248,1983,0,a_S
1778659840.863872,1959,0,a_S
1778659840.866435,2026,0,a_S
1778659840.874223,2308,0,a_S
1778659840.8743029,2251,0,a_S
1778659840.874503,1990,0,a_S
1778659840.874712,1901,0,a_S
1778659840.876796,2004,0,a_S
1778659840.8789701,1977,0,a_S
1778659840.88314,1874,0,a_S
1778659840.8834372,1965,0,a_S
1778659840.885677,2178,0,a_S
1778659840.8858829,2213,0,a_S
1778659840.888574,2016,0,a_S
1778659840.889917,1976,0,a_S
1778659840.892491,1918,0,a_S
1778659840.893872,2088,0,a_S
1778659840.90146,1956,0,a_S
1778659840.903726,1912,0,a_S
1778659840.905996,2071,0,a_S
1778659840.906451,2450,0,a_S
1778659840.9070451,1993,0,a_S
1778659840.908248,1905,0,a_S
1778659840.9087958,2011,0,a_S
1778659840.91043,2271,0,a_S
1778659840.9132102,2013,0,a_S
1778659840.915477,1931,0,a_S
1778659840.916776,2012,0,a_S
1778659840.9181042,2253,0,a_S
1778659840.92399,2176,0,a_S
1778659840.924865,2109,0,a_S
1778659840.92496,1945,0,a_S
1778659840.927561,2120,0,a_S
1778659840.931079,1946,0,a_S
1778659840.933244,1774,0,a_S
1778659840.933461,1982,0,a_S
1778659840.936331,2243,0,a_S
1778659840.936502,2392,0,a_S
1778659840.938709,2084,0,a_S
1778659840.940012,2011,0,a_S
1778659840.9425669,2022,0,a_S
1778659840.94387,2028,0,a_S
1778659840.9464252,1931,0,a_S
1778659840.953141,1997,0,a_S
1778659840.953225,2127,0,a_S
1778659840.9555168,2268,0,a_S
1778659840.957002,2041,0,a_S
1778659840.957181,1955,0,a_S
1778659840.9587772,2036,0,a_S
1778659840.960795,2177,0,a_S
1778659840.9629922,1844,0,a_S
1778659840.965833,1833,0,a_S
1778659840.966055,2063,0,a_S
1778659840.968399,2353,0,a_S
1778659840.971097,2218,0,a_S
1778659840.972427,2169,0,a_S
1778659840.978187,2061,0,a_S
1778659840.978652,1988,0,a_S
1778659840.979124,1894,0,a_S
1778659840.980459,1843,0,a_S
1778659840.982141,2013,0,a_S
1778659840.986027,2251,0,a_S
1778659840.986187,2200,0,a_S
1778659840.988966,2105,0,a_S
1778659840.99123,2085,0,a_S
1778659840.9925299,2114,0,a_S
1778659840.993858,2086,0,a_S
1778659840.9964259,1933,0,a_S
1778659840.999001,2017,0,a_S
1778659841.000297,2206,0,a_S
1778659841.0057092,2314,0,a_S
1778659841.0062551,2104,0,a_S
1778659841.0083148,1967,0,a_S
1778659841.0085208,1890,0,a_S
1778659841.0101938,2119,0,a_S
1778659841.0118558,2024,0,a_S
1778659841.014001,1909,0,a_S
1778659841.0172448,2024,0,a_S
1778659841.0198588,2412,0,a_S
1778659841.0198998,2121,0,a_S
1778659841.02256,1946,0,a_S
1778659841.02399,1904,0,a_S
1778659841.029633,2074,0,a_S
1778659841.030171,2086,0,a_S
1778659841.031944,1853,0,a_S
1778659841.0323782,2038,0,a_S
1778659841.033911,2190,0,a_S
1778659841.036292,2262,0,a_S
1778659841.041002,2122,0,a_S
1778659841.0413408,2006,0,a_S
1778659841.043916,2091,0,a_S
1778659841.044211,2054,0,a_S
1778659841.046891,1767,0,a_S
1778659841.0482051,1933,0,a_S
1778659841.050873,2255,0,a_S
1778659841.052192,2514,0,a_S
1778659841.059465,2182,0,a_S
1778659841.061356,1938,0,a_S
1778659841.0614212,1997,0,a_S
1778659841.061926,2114,0,a_S
1778659841.06352,1963,0,a_S
1778659841.067126,1888,0,a_S
1778659841.0677052,2044,0,a_S
1778659841.072695,2342,0,a_S
1778659841.073067,2188,0,a_S
1778659841.0750709,2092,0,a_S
1778659841.0757818,2028,0,a_S
1778659841.075968,2096,0,a_S
1778659841.078479,1954,0,a_S
1778659841.0855439,1785,0,a_S
1778659841.086528,2070,0,a_S
1778659841.088416,2367,0,a_S
1778659841.088768,2189,0,a_S
1778659841.0907142,2012,0,a_S
1778659841.092103,1989,0,a_S
1778659841.092633,2117,0,a_S
1778659841.095253,2115,0,a_S
1778659841.0978858,1984,0,a_S
1778659841.098449,1907,0,a_S
1778659841.100197,2151,0,a_S
1778659841.102887,2266,0,a_S
1778659841.104249,2070,0,a_S
1778659841.106892,1979,0,a_S
1778659841.108288,2000,0,a_S
1778659841.1112142,2078,0,a_S
1778659841.115874,1990,0,a_S
1778659841.117322,1957,0,a_S
1778659841.1179361,2088,0,a_S
1778659841.1216488,2349,0,a_S
1778659841.122457,2199,0,a_S
1778659841.1229281,2072,0,a_S
1778659841.12605,1990,0,a_S
1778659841.1288152,1969,0,a_S
1778659841.128957,1956,0,a_S
1778659841.1313138,1827,0,a_S
1778659841.1328351,1981,0,a_S
1778659841.134322,2353,0,a_S
1778659841.1420538,2325,0,a_S
1778659841.1439638,2049,0,a_S
1778659841.1442938,1975,0,a_S
1778659841.1445692,2016,0,a_S
1778659841.146328,2115,0,a_S
1778659841.1479838,1981,0,a_S
1778659841.1508071,1938,0,a_S
1778659841.151005,2149,0,a_S
1778659841.154016,2288,0,a_S
1778659841.154474,1976,0,a_S
1778659841.156644,1912,0,a_S
1778659841.1580522,1899,0,a_S
1778659841.160751,1972,0,a_S
1778659841.162082,1956,0,a_S
1778659841.164591,1992,0,a_S
1778659841.1659489,2098,0,a_S
1778659841.172214,2326,0,a_S
1778659841.172336,2209,0,a_S
1778659841.1724958,2068,0,a_S
1778659841.174718,2054,0,a_S
1778659841.176938,2125,0,a_S
1778659841.1790059,2005,0,a_S
1778659841.181153,1789,0,a_S
1778659841.183878,1840,0,a_S
1778659841.184396,2216,0,a_S
1778659841.186618,2281,0,a_S
1778659841.188011,2126,0,a_S
1778659841.190639,2129,0,a_S
1778659841.19538,1928,0,a_S
1778659841.196398,1985,0,a_S
1778659841.1970508,2032,0,a_S
1778659841.199102,2024,0,a_S
1778659841.2019892,2159,0,a_S
1778659841.203774,2264,0,a_S
1778659841.205626,2077,0,a_S
1778659841.208349,1998,0,a_S
1778659841.2086442,1949,0,a_S
1778659841.2112021,2032,0,a_S
1778659841.212607,1974,0,a_S
1778659841.213977,1887,0,a_S
1778659841.216588,2023,0,a_S
1778659841.217969,2308,0,a_S
1778659841.220573,2154,0,a_S
1778659841.229292,2001,0,a_S
1778659841.231498,2023,0,a_S
1778659841.232188,2102,0,a_S
1778659841.233279,1985,0,a_S
1778659841.2339132,1851,0,a_S
1778659841.234099,1925,0,a_S
1778659841.236948,2257,0,a_S
1778659841.23722,2249,0,a_S
1778659841.2400792,1976,0,a_S
1778659841.240503,2069,0,a_S
1778659841.242708,2039,0,a_S
1778659841.244119,2062,0,a_S
1778659841.247277,1885,0,a_S
1778659841.252693,1986,0,a_S
1778659841.2532191,2152,0,a_S
1778659841.255302,2328,0,a_S
1778659841.2556381,2111,0,a_S
1778659841.2581701,1938,0,a_S
1778659841.2583208,1968,0,a_S
1778659841.2617228,2138,0,a_S
1778659841.2643719,1965,0,a_S
1778659841.264776,1869,0,a_S
1778659841.266551,2098,0,a_S
1778659841.267964,2316,0,a_S
1778659841.270715,2133,0,a_S
1778659841.2721238,2004,0,a_S
1778659841.274731,1935,0,a_S
1778659841.276039,2013,0,a_S
1778659841.28292,1938,0,a_S
1778659841.283044,1820,0,a_S
1778659841.283576,2015,0,a_S
1778659841.285342,2244,0,a_S
1778659841.287405,2310,0,a_S
1778659841.288932,2057,0,a_S
1778659841.291216,1983,0,a_S
1778659841.293876,2026,0,a_S
1778659841.294307,1982,0,a_S
1778659841.29598,1902,0,a_S
1778659841.298537,1987,0,a_S
1778659841.299838,2155,0,a_S
1778659841.304862,2319,0,a_S
1778659841.3058019,2087,0,a_S
1778659841.306238,2044,0,a_S
1778659841.3078852,1998,0,a_S
1778659841.3113868,2117,0,a_S
1778659841.313024,1956,0,a_S
1778659841.315337,1924,0,a_S
1778659841.317369,2047,0,a_S
1778659841.3187,2275,0,a_S
1778659841.31999,2167,0,a_S
1778659841.322547,2060,0,a_S
1778659841.3238962,2001,0,a_S
1778659841.326509,2110,0,a_S
1778659841.330656,2067,0,a_S
1778659841.331188,1784,0,a_S
1778659841.3326101,1912,0,a_S
1778659841.335265,2251,0,a_S
1778659841.336881,2268,0,a_S
1778659841.3389199,2025,0,a_S
1778659841.341196,1965,0,a_S
1778659841.3429918,1998,0,a_S
1778659841.344301,2085,0,a_S
1778659841.346857,1993,0,a_S
1778659841.3512058,1973,0,a_S
1778659841.3512971,2088,0,a_S
1778659841.3554611,2313,0,a_S
1778659841.355955,2063,0,a_S
1778659841.3560572,1967,0,a_S
1778659841.359245,1954,0,a_S
1778659841.363126,2074,0,a_S
1778659841.363606,1959,0,a_S
1778659841.363659,1786,0,a_S
1778659841.366206,2050,0,a_S
1778659841.3687549,2257,0,a_S
1778659841.370047,2179,0,a_S
1778659841.372598,2172,0,a_S
1778659841.377077,2036,0,a_S
1778659841.377163,2106,0,a_S
1778659841.379591,2021,0,a_S
1778659841.380876,1830,0,a_S
1778659841.38241,1950,0,a_S
1778659841.3848162,2201,0,a_S
1778659841.387104,2221,0,a_S
1778659841.3892832,2041,0,a_S
1778659841.390581,1953,0,a_S
1778659841.39187,1978,0,a_S
1778659841.397561,2059,0,a_S
1778659841.3983061,1918,0,a_S
1778659841.399005,1920,0,a_S
1778659841.40238,2155,0,a_S
1778659841.402845,2381,0,a_S
1778659841.4055629,2171,0,a_S
1778659841.405686,1961,0,a_S
1778659841.407864,1859,0,a_S
1778659841.409973,2067,0,a_S
1778659841.412553,1949,0,a_S
1778659841.413846,2009,0,a_S
1778659841.41631,2054,0,a_S
1778659841.417614,2240,0,a_S
1778659841.423158,2278,0,a_S
1778659841.423539,2132,0,a_S
1778659841.424702,1920,0,a_S
1778659841.426124,1993,0,a_S
1778659841.428211,2056,0,a_S
1778659841.429739,1819,0,a_S
1778659841.433832,1909,0,a_S
1778659841.433943,2209,0,a_S
1778659841.435932,2345,0,a_S
1778659841.438487,2030,0,a_S
1778659841.4397812,1929,0,a_S
1778659841.444025,1978,0,a_S
1778659841.444424,2005,0,a_S
1778659841.4466581,1856,0,a_S
1778659841.448805,1984,0,a_S
1778659841.4516218,2206,0,a_S
1778659841.451776,2328,0,a_S
1778659841.462272,2097,0,a_S
1778659841.462312,1987,0,a_S
1778659841.462337,1950,0,a_S
1778659841.462362,2108,0,a_S
1778659841.462385,1989,0,a_S
1778659841.465461,1882,0,a_S
1778659841.509021,2044,0,a_S
1778659841.509092,2216,0,a_S
1778659841.509123,2069,0,a_S
1778659841.509152,2030,0,a_S
1778659841.5091789,1991,0,a_S
1778659841.509231,2099,0,a_S
1778659841.5093372,2049,0,a_S
1778659841.50945,1844,0,a_S
1778659841.509577,1825,0,a_S
1778659841.5096729,2041,0,a_S
1778659841.509759,2216,0,a_S
1778659841.509815,2135,0,a_S
1778659841.50987,1592,0,a_S
1778659841.509969,1355,0,a_S
1778659841.510019,1940,0,a_S
1778659841.510078,2448,0,a_S
1778659841.510148,2425,0,a_S
1778659841.5102122,2407,0,a_S
1778659841.510272,2511,0,a_S
1778659841.510352,2238,0,a_S
1778659841.510381,2152,0,a_S
1778659841.510408,2112,0,a_S
1778659841.5104342,2194,0,a_S
1778659841.51173,2010,0,a_S
1778659841.515994,1726,0,a_S
1778659841.516059,1829,0,a_S
1778659841.518806,1885,0,a_S
1778659841.520148,1843,0,a_S
1778659841.5216398,1996,0,a_S
1778659841.524333,2164,0,a_S
1778659841.525653,2069,0,a_S
1778659841.528207,2105,0,a_S
1778659841.533695,1842,0,a_S
1778659841.534273,1867,0,a_S
1778659841.535124,2251,0,a_S
1778659841.5382988,2557,0,a_S
1778659841.539037,2269,0,a_S
1778659841.540417,2039,0,a_S
1778659841.542321,1988,0,a_S
1778659841.5445561,2036,0,a_S
1778659841.546595,1840,0,a_S
1778659841.547882,1911,0,a_S
1778659841.5555599,2198,0,a_S
1778659841.5568042,2355,0,a_S
1778659841.556928,2115,0,a_S
1778659841.5570471,2026,0,a_S
1778659841.558769,1948,0,a_S
1778659841.560619,2002,0,a_S
1778659841.5638962,1884,0,a_S
1778659841.5640802,1810,0,a_S
1778659841.565896,1946,0,a_S
1778659841.568463,2125,0,a_S
1778659841.569789,2114,0,a_S
1778659841.572255,1967,0,a_S
1778659841.57355,2038,0,a_S
1778659841.579496,2147,0,a_S
1778659841.5798788,2057,0,a_S
1778659841.5802948,1865,0,a_S
1778659841.5817869,1944,0,a_S
1778659841.584866,2223,0,a_S
1778659841.588507,2296,0,a_S
1778659841.588597,2039,0,a_S
1778659841.590338,1937,0,a_S
1778659841.5916438,1956,0,a_S
1778659841.594199,2050,0,a_S
1778659841.595503,1868,0,a_S
1778659841.598051,1885,0,a_S
1778659841.603991,2134,0,a_S
1778659841.605193,2328,0,a_S
1778659841.6064699,2043,0,a_S
1778659841.606573,1954,0,a_S
1778659841.608063,2043,0,a_S
1778659841.610234,2139,0,a_S
1778659841.6135192,1951,0,a_S
1778659841.613614,1875,0,a_S
1778659841.6164749,2105,0,a_S
1778659841.617769,2349,0,a_S
1778659841.6205199,2199,0,a_S
1778659841.6218188,2014,0,a_S
1778659841.624557,1737,0,a_S
1778659841.628438,2016,0,a_S
1778659841.628536,2061,0,a_S
1778659841.630796,1938,0,a_S
1778659841.632465,1926,0,a_S
1778659841.635592,2194,0,a_S
1778659841.635723,2345,0,a_S
1778659841.6380339,2139,0,a_S
1778659841.6396859,1981,0,a_S
1778659841.642261,1987,0,a_S
1778659841.643585,2064,0,a_S
1778659841.6461408,1914,0,a_S
1778659841.648692,1717,0,a_S
1778659841.652701,2071,0,a_S
1778659841.653142,2464,0,a_S
1778659841.655273,2316,0,a_S
1778659841.65712,2145,0,a_S
1778659841.6586728,2050,0,a_S
1778659841.662368,2123,0,a_S
1778659841.662415,2019,0,a_S
1778659841.664455,1938,0,a_S
1778659841.665754,2010,0,a_S
1778659841.668311,2222,0,a_S
1778659841.669611,2117,0,a_S
1778659841.6722162,2032,0,a_S
1778659841.673644,1959,0,a_S
1778659841.677911,2058,0,a_S
1778659841.6786728,1979,0,a_S
1778659841.6801229,1803,0,a_S
1778659841.6818292,1919,0,a_S
1778659841.684916,2225,0,a_S
1778659841.6870139,2157,0,a_S
1778659841.688982,1900,0,a_S
1778659841.690284,1984,0,a_S
1778659841.691605,2131,0,a_S
1778659841.694166,2139,0,a_S
1778659841.695504,1923,0,a_S
1778659841.698236,1933,0,a_S
1778659841.703156,2184,0,a_S
1778659841.7043788,2378,0,a_S
1778659841.705987,2073,0,a_S
1778659841.706065,1845,0,a_S
1778659841.707906,1864,0,a_S
1778659841.711369,2044,0,a_S
1778659841.7115169,1966,0,a_S
1778659841.714144,1907,0,a_S
1778659841.7154932,2062,0,a_S
1778659841.718046,2287,0,a_S
1778659841.72063,1967,0,a_S
1778659841.725889,1726,0,a_S
1778659841.728116,1863,0,a_S
1778659841.728207,2245,0,a_S
1778659841.728338,2170,0,a_S
1778659841.73029,1639,0,a_S
1778659841.732915,1554,0,a_S
1778659841.734931,2180,0,a_S
1778659841.736842,2678,0,a_S
1778659841.738213,2402,0,a_S
1778659841.739514,2081,0,a_S
1778659841.7420712,2000,0,a_S
1778659841.743455,2061,0,a_S
1778659841.7500548,1888,0,a_S
1778659841.750772,1949,0,a_S
1778659841.7519832,2150,0,a_S
1778659841.752127,2213,0,a_S
1778659841.754457,1965,0,a_S
1778659841.756886,1763,0,a_S
1778659841.759008,1676,0,a_S
1778659841.7606,1768,0,a_S
1778659841.7618911,2086,0,a_S
1778659841.76445,2040,0,a_S
1778659841.765739,1907,0,a_S
1778659841.768103,2469,0,a_S
1778659841.769505,2638,0,a_S
1778659841.7731562,2249,0,a_S
1778659841.775435,2011,0,a_S
1778659841.776715,1993,0,a_S
1778659841.7782059,2044,0,a_S
1778659841.782274,1888,0,a_S
1778659841.7825851,1993,0,a_S
1778659841.784338,2125,0,a_S
1778659841.78564,2143,0,a_S
1778659841.788596,1461,0,a_S
1778659841.789887,1718,0,a_S
1778659841.792431,2113,0,a_S
1778659841.7969868,2062,0,a_S
1778659841.797426,1877,0,a_S
1778659841.798126,1919,0,a_S
1778659841.799516,2099,0,a_S
1778659841.802339,2385,0,a_S
1778659841.806143,2249,0,a_S
1778659841.8062751,2110,0,a_S
1778659841.807913,2070,0,a_S
1778659841.8105412,1975,0,a_S
1778659841.8118389,1811,0,a_S
1778659841.8142688,1832,0,a_S
1778659841.815559,1729,0,a_S
1778659841.82029,2053,0,a_S
1778659841.820396,2248,0,a_S
1778659841.822576,2129,0,a_S
1778659841.824322,1917,0,a_S
1778659841.82589,2045,0,a_S
1778659841.8293178,2078,0,a_S
1778659841.831297,1895,0,a_S
1778659841.832617,1844,0,a_S
1778659841.833903,2209,0,a_S
1778659841.8364449,2335,0,a_S
1778659841.837743,2112,0,a_S
1778659841.8442721,1765,0,a_S
1778659841.8447008,1914,0,a_S
1778659841.8454971,2163,0,a_S
1778659841.8478131,1994,0,a_S
1778659841.848191,1789,0,a_S
1778659841.849664,1937,0,a_S
1778659841.8515992,2086,0,a_S
1778659841.8535948,1705,0,a_S
1778659841.855582,1709,0,a_S
1778659841.858135,2064,0,a_S
1778659841.859421,2420,0,a_S
1778659841.8619678,2386,0,a_S
1778659841.8642912,1617,0,a_S
1778659841.868377,2017,0,a_S
1778659841.868813,2449,0,a_S
1778659841.872222,2415,0,a_S
1778659841.872341,2218,0,a_S
1778659841.874003,1816,0,a_S
1778659841.877377,1621,0,a_S
1778659841.877507,1872,0,a_S
1778659841.8802571,1598,0,a_S
1778659841.881545,2170,0,a_S
1778659841.8841019,2509,0,a_S
1778659841.886652,2502,0,a_S
1778659841.891446,2079,0,a_S
1778659841.892858,2071,0,a_S
1778659841.894442,2055,0,a_S
1778659841.894526,1592,0,a_S
1778659841.896862,1426,0,a_S
1778659841.899183,1180,0,a_S
1778659841.9013078,2213,0,a_S
1778659841.903168,2612,0,a_S
1778659841.904683,2517,0,a_S
1778659841.905984,2235,0,a_S
1778659841.9085581,2100,0,a_S
1778659841.909868,2150,0,a_S
1778659841.9157782,2058,0,a_S
1778659841.9161391,1936,0,a_S
1778659841.9165618,2066,0,a_S
1778659841.917943,2195,0,a_S
1778659841.919898,1949,0,a_S
1778659841.9227378,1582,0,a_S
1778659841.924993,1653,0,a_S
1778659841.926969,2087,0,a_S
1778659841.928261,2226,0,a_S
1778659841.929547,1899,0,a_S
1778659841.932099,1934,0,a_S
1778659841.933391,2129,0,a_S
1778659841.939469,1882,0,a_S
1778659841.940183,1777,0,a_S
1778659841.941577,1861,0,a_S
1778659841.941781,1669,0,a_S
1778659841.9446049,2271,0,a_S
1778659841.946341,2361,0,a_S
1778659841.9484868,2034,0,a_S
1778659841.95031,1975,0,a_S
1778659841.951603,2418,0,a_S
1778659841.954189,2074,0,a_S
1778659841.955461,2039,0,a_S
1778659841.9580128,1765,0,a_S
1778659841.96243,2190,0,a_S
1778659841.9631739,2020,0,a_S
1778659841.965018,1888,0,a_S
1778659841.966353,2126,0,a_S
1778659841.968061,2356,0,a_S
1778659841.969503,2250,0,a_S
1778659841.972045,2077,0,a_S
1778659841.9738991,1774,0,a_S
1778659841.976467,1668,0,a_S
1778659841.9777558,1973,0,a_S
1778659841.980305,1916,0,a_S
1778659841.98159,1639,0,a_S
1778659841.986453,1906,0,a_S
1778659841.987398,2298,0,a_S
1778659841.989015,2150,0,a_S
1778659841.99139,1906,0,a_S
1778659841.991795,2147,0,a_S
1778659841.9938781,1989,0,a_S
1778659841.9959989,2023,0,a_S
1778659841.997946,2194,0,a_S
1778659841.9993548,2276,0,a_S
1778659842.001919,2244,0,a_S
1778659842.004618,1843,0,a_S
1778659842.0059361,2070,0,a_S
1778659842.010647,2206,0,a_S
1778659842.011391,2133,0,a_S
1778659842.012766,1858,0,a_S
1778659842.01437,1721,0,a_S
1778659842.0160089,1998,0,a_S
1778659842.01915,2319,0,a_S
1778659842.021145,2160,0,a_S
1778659842.022475,2017,0,a_S
1778659842.023768,2081,0,a_S
1778659842.0263412,2127,0,a_S
1778659842.0276392,1813,0,a_S
1778659842.033372,1647,0,a_S
1778659842.033783,1685,0,a_S
1778659842.034422,1931,0,a_S
1778659842.036681,2525,0,a_S
1778659842.038357,2473,0,a_S
1778659842.039788,2093,0,a_S
1778659842.041908,1932,0,a_S
1778659842.043713,2157,0,a_S
1778659842.046271,2018,0,a_S
1778659842.0475578,1995,0,a_S
1778659842.050099,2146,0,a_S
1778659842.051381,2272,0,a_S
1778659842.056514,1963,0,a_S
1778659842.058159,1906,0,a_S
1778659842.058313,1927,0,a_S
1778659842.060321,1941,0,a_S
1778659842.061847,1952,0,a_S
1778659842.065057,2022,0,a_S
1778659842.066916,1722,0,a_S
1778659842.068216,2111,0,a_S
1778659842.0695171,2318,0,a_S
1778659842.071904,2325,0,a_S
1778659842.0745258,2003,0,a_S
1778659842.079874,1820,0,a_S
1778659842.080263,2040,0,a_S
1778659842.0815942,2084,0,a_S
1778659842.0816588,1865,0,a_S
1778659842.084681,2332,0,a_S
1778659842.086237,2477,0,a_S
1778659842.0883,2037,0,a_S
1778659842.090121,2029,0,a_S
1778659842.091418,1850,0,a_S
1778659842.0939672,1636,0,a_S
1778659842.096297,1952,0,a_S
1778659842.0975811,2322,0,a_S
1778659842.101542,2368,0,a_S
1778659842.101899,2410,0,a_S
1778659842.1042292,2046,0,a_S
1778659842.1072938,2035,0,a_S
1778659842.1088169,1919,0,a_S
1778659842.110979,2214,0,a_S
1778659842.112768,2085,0,a_S
1778659842.114058,1780,0,a_S
1778659842.1153421,1999,0,a_S
1778659842.1178849,2288,0,a_S
1778659842.120435,1834,0,a_S
1778659842.124575,1325,0,a_S
1778659842.1252851,2210,0,a_S
1778659842.1269279,2638,0,a_S
1778659842.128567,2343,0,a_S
1778659842.1300411,1901,0,a_S
1778659842.131542,2018,0,a_S
1778659842.133631,2334,0,a_S
1778659842.1363971,2416,0,a_S
1778659842.137811,2135,0,a_S
1778659842.140447,1945,0,a_S
1778659842.141739,1819,0,a_S
1778659842.147698,1942,0,a_S
1778659842.147795,1820,0,a_S
1778659842.148192,1815,0,a_S
1778659842.149847,1991,0,a_S
1778659842.151434,2419,0,a_S
1778659842.154345,2240,0,a_S
1778659842.156703,2143,0,a_S
1778659842.158528,1987,0,a_S
1778659842.1598809,1881,0,a_S
1778659842.161252,1676,0,a_S
1778659842.163806,1881,0,a_S
1778659842.165292,2168,0,a_S
1778659842.171888,2532,0,a_S
1778659842.173116,2318,0,a_S
1778659842.174798,2059,0,a_S
1778659842.1757598,2028,0,a_S
1778659842.176399,2021,0,a_S
1778659842.177817,1823,0,a_S
1778659842.1799748,1821,0,a_S
1778659842.181767,2177,0,a_S
1778659842.1843169,2321,0,a_S
1778659842.185605,2257,0,a_S
1778659842.188185,1936,0,a_S
1778659842.189526,1923,0,a_S
1778659842.1933591,2178,0,a_S
1778659842.194048,2229,0,a_S
1778659842.19582,1971,0,a_S
1778659842.197692,1895,0,a_S
1778659842.202153,2061,0,a_S
1778659842.202209,2264,0,a_S
1778659842.204097,2096,0,a_S
1778659842.205394,2048,0,a_S
1778659842.2079518,1976,0,a_S
1778659842.209244,1839,0,a_S
1778659842.2117178,1675,0,a_S
1778659842.2162921,1747,0,a_S
1778659842.216725,2265,0,a_S
1778659842.218316,2529,0,a_S
1778659842.221604,2365,0,a_S
1778659842.225131,2091,0,a_S
1778659842.227385,2040,0,a_S
1778659842.2274702,2224,0,a_S
1778659842.2275698,2235,0,a_S
1778659842.230279,1970,0,a_S
1778659842.231628,1901,0,a_S
1778659842.2342432,1991,0,a_S
1778659842.2355998,2042,0,a_S
1778659842.240461,1830,0,a_S
1778659842.242384,1838,0,a_S
1778659842.2425332,2016,0,a_S
1778659842.244559,2226,0,a_S
1778659842.247178,2053,0,a_S
1778659842.249436,1972,0,a_S
1778659842.249516,2122,0,a_S
1778659842.251494,2333,0,a_S
1778659842.254381,1921,0,a_S
1778659842.255785,1875,0,a_S
1778659842.2572439,2125,0,a_S
1778659842.26,2023,0,a_S
1778659842.265645,2123,0,a_S
1778659842.266379,1973,0,a_S
1778659842.266484,2117,0,a_S
1778659842.271324,2433,0,a_S
1778659842.273091,2348,0,a_S
1778659842.275451,1996,0,a_S
1778659842.275649,1854,0,a_S
1778659842.275904,2073,0,a_S
1778659842.277942,2133,0,a_S
1778659842.27932,1955,0,a_S
1778659842.288646,1913,0,a_S
1778659842.29031,2141,0,a_S
1778659842.290784,2290,0,a_S
1778659842.291957,2225,0,a_S
1778659842.293123,2055,0,a_S
1778659842.294569,1825,0,a_S
1778659842.297044,1908,0,a_S
1778659842.297447,1947,0,a_S
1778659842.297631,2039,0,a_S
1778659842.3003578,2135,0,a_S
1778659842.301648,2376,0,a_S
1778659842.30426,2191,0,a_S
1778659842.3055649,2061,0,a_S
1778659842.3081212,2097,0,a_S
1778659842.3152268,2204,0,a_S
1778659842.317882,2000,0,a_S
1778659842.317989,1779,0,a_S
1778659842.3186939,1852,0,a_S
1778659842.318818,2003,0,a_S
1778659842.323736,2214,0,a_S
1778659842.3238888,2172,0,a_S
1778659842.324067,1930,0,a_S
1778659842.3260171,1862,0,a_S
1778659842.327311,2147,0,a_S
1778659842.329752,2011,0,a_S
1778659842.334069,2032,0,a_S
1778659842.334168,2236,0,a_S
1778659842.335951,2319,0,a_S
1778659842.338153,2186,0,a_S
1778659842.341007,2132,0,a_S
1778659842.3432572,2077,0,a_S
1778659842.3435361,2102,0,a_S
1778659842.346273,1879,0,a_S
1778659842.347562,1825,0,a_S
1778659842.350107,2047,0,a_S
1778659842.3513951,2309,0,a_S
1778659842.354048,2121,0,a_S
1778659842.35792,1948,0,a_S
1778659842.3583438,1906,0,a_S
1778659842.36047,2093,0,a_S
1778659842.3622122,2030,0,a_S
1778659842.363948,1795,0,a_S
1778659842.367339,1970,0,a_S
1778659842.36739,2225,0,a_S
1778659842.369246,2194,0,a_S
1778659842.371846,2157,0,a_S
1778659842.3731399,2178,0,a_S
1778659842.3755121,2182,0,a_S
1778659842.381871,2075,0,a_S
1778659842.382601,1905,0,a_S
1778659842.384005,2009,0,a_S
1778659842.3841841,2317,0,a_S
1778659842.3856509,2210,0,a_S
1778659842.389108,1928,0,a_S
1778659842.389249,1855,0,a_S
1778659842.3917801,2050,0,a_S
1778659842.393993,2079,0,a_S
1778659842.395416,1904,0,a_S
1778659842.3980749,2000,0,a_S
1778659842.399442,2196,0,a_S
1778659842.402059,2390,0,a_S
1778659842.4121978,2204,0,a_S
1778659842.413443,2081,0,a_S
1778659842.416003,1967,0,a_S
1778659842.4162612,1986,0,a_S
1778659842.416378,1943,0,a_S
1778659842.41897,1878,0,a_S
1778659842.419338,2053,0,a_S
1778659842.419542,2258,0,a_S
1778659842.41975,2061,0,a_S
1778659842.421939,1651,0,a_S
1778659842.423284,1792,0,a_S
1778659842.42594,2185,0,a_S
1778659842.4296892,2256,0,a_S
1778659842.43119,2024,0,a_S
1778659842.432993,2013,0,a_S
1778659842.4333591,2348,0,a_S
1778659842.438642,2512,0,a_S
1778659842.443603,2292,0,a_S
1778659842.4437199,2117,0,a_S
1778659842.443778,2008,0,a_S
1778659842.443834,2011,0,a_S
1778659842.445119,1850,0,a_S
1778659842.44825,1834,0,a_S
1778659842.449717,2065,0,a_S
1778659842.451185,2322,0,a_S
1778659842.4604669,2163,0,a_S
1778659842.468451,2062,0,a_S
1778659842.468492,2002,0,a_S
1778659842.4685209,2105,0,a_S
1778659842.468849,1947,0,a_S
1778659842.468983,1697,0,a_S
1778659842.469016,1888,0,a_S
1778659842.469053,2223,0,a_S
1778659842.469132,2348,0,a_S
1778659842.4716558,2069,0,a_S
1778659842.474477,1991,0,a_S
1778659842.489435,2121,0,a_S
1778659842.489762,2084,0,a_S
1778659842.4916108,1733,0,a_S
1778659842.492196,2063,0,a_S
1778659842.492258,2308,0,a_S
1778659842.492308,2299,0,a_S
1778659842.4924018,1931,0,a_S
1778659842.4924648,2033,0,a_S
1778659842.4925172,2129,0,a_S
1778659842.493859,2080,0,a_S
1778659842.4952772,1825,0,a_S
1778659842.497819,2100,0,a_S
1778659842.500323,2212,0,a_S
1778659842.517347,2172,0,a_S
1778659842.519819,2175,0,a_S
1778659842.5199602,2210,0,a_S
1778659842.5200698,2116,0,a_S
1778659842.5202088,2124,0,a_S
1778659842.520284,1985,0,a_S
1778659842.5203478,1876,0,a_S
1778659842.520415,2061,0,a_S
1778659842.5204961,2047,0,a_S
1778659842.520637,2044,0,a_S
1778659842.521773,2086,0,a_S
1778659842.5232189,2042,0,a_S
1778659842.5363252,1986,0,a_S
1778659842.539097,1968,0,a_S
1778659842.5394838,1940,0,a_S
1778659842.5416179,1991,0,a_S
1778659842.5419772,2214,0,a_S
1778659842.542052,2299,0,a_S
1778659842.542117,2009,0,a_S
1778659842.5421739,2031,0,a_S
1778659842.542237,2035,0,a_S
1778659842.543558,2140,0,a_S
1778659842.5462122,1977,0,a_S
1778659842.54757,1979,0,a_S
1778659842.550217,2191,0,a_S
1778659842.5518138,2335,0,a_S
1778659842.558432,2172,0,a_S
1778659842.5598981,2056,0,a_S
1778659842.560212,1963,0,a_S
1778659842.5615602,2003,0,a_S
1778659842.561976,1915,0,a_S
1778659842.563925,1873,0,a_S
1778659842.568185,2012,0,a_S
1778659842.568486,2315,0,a_S
1778659842.5710552,2289,0,a_S
1778659842.571321,2028,0,a_S
1778659842.574031,1844,0,a_S
1778659842.575544,1959,0,a_S
1778659842.584007,1993,0,a_S
1778659842.5844522,1786,0,a_S
1778659842.585815,1970,0,a_S
1778659842.586708,2261,0,a_S
1778659842.591634,2347,0,a_S
1778659842.59197,2155,0,a_S
1778659842.592204,2071,0,a_S
1778659842.592442,2023,0,a_S
1778659842.594812,2083,0,a_S
1778659842.5950122,1876,0,a_S
1778659842.597677,1928,0,a_S
1778659842.599065,2124,0,a_S
1778659842.601696,2326,0,a_S
1778659842.603193,2140,0,a_S
1778659842.61024,2028,0,a_S
1778659842.612581,1960,0,a_S
1778659842.6128151,2120,0,a_S
1778659842.614966,2017,0,a_S
1778659842.61551,1914,0,a_S
1778659842.616579,2067,0,a_S
1778659842.619614,2314,0,a_S
1778659842.619874,2254,0,a_S
1778659842.622936,2043,0,a_S
1778659842.623196,1969,0,a_S
1778659842.6255412,2153,0,a_S
1778659842.626982,2032,0,a_S
1778659842.629854,1890,0,a_S
1778659842.635869,1943,0,a_S
1778659842.637443,2207,0,a_S
1778659842.637781,2310,0,a_S
1778659842.640702,2090,0,a_S
1778659842.641263,2084,0,a_S
1778659842.6426911,2024,0,a_S
1778659842.644667,2079,0,a_S
1778659842.647538,1967,0,a_S
1778659842.647995,1908,0,a_S
1778659842.650202,2129,0,a_S
1778659842.6516218,2409,0,a_S
1778659842.653036,2202,0,a_S
1778659842.65572,2043,0,a_S
1778659842.657105,2005,0,a_S
1778659842.6597261,2103,0,a_S
1778659842.665925,2029,0,a_S
1778659842.668164,1881,0,a_S
1778659842.67024,2004,0,a_S
1778659842.673162,2299,0,a_S
1778659842.674897,2259,0,a_S
1778659842.677902,2098,0,a_S
1778659842.678473,2054,0,a_S
1778659842.678654,2061,0,a_S
1778659842.67886,1983,0,a_S
1778659842.679189,1916,0,a_S
1778659842.6820931,1951,0,a_S
1778659842.6834712,2146,0,a_S
1778659842.693432,2321,0,a_S
1778659842.693779,2235,0,a_S
1778659842.696179,2012,0,a_S
1778659842.697029,1974,0,a_S
1778659842.700352,2123,0,a_S
1778659842.7030761,2027,0,a_S
1778659842.703367,1953,0,a_S
1778659842.703563,2088,0,a_S
1778659842.7037802,2369,0,a_S
1778659842.7041762,2153,0,a_S
1778659842.706395,1975,0,a_S
1778659842.707725,1944,0,a_S
1778659842.710604,2037,0,a_S
1778659842.71204,1947,0,a_S
1778659842.713378,1962,0,a_S
1778659842.71587,2113,0,a_S
1778659842.7172742,2320,0,a_S
1778659842.724351,2224,0,a_S
1778659842.726191,2003,0,a_S
1778659842.726354,1947,0,a_S
1778659842.7265952,2144,0,a_S
1778659842.73061,2004,0,a_S
1778659842.733239,1948,0,a_S
1778659842.736257,2008,0,a_S
1778659842.737092,2229,0,a_S
1778659842.739454,2350,0,a_S
1778659842.7397718,2092,0,a_S
1778659842.739896,1993,0,a_S
1778659842.7413251,2050,0,a_S
1778659842.744023,2095,0,a_S
1778659842.749293,1880,0,a_S
1778659842.751772,1852,0,a_S
1778659842.751914,2112,0,a_S
1778659842.75207,2351,0,a_S
1778659842.755625,2132,0,a_S
1778659842.7563488,1961,0,a_S
1778659842.758699,1929,0,a_S
1778659842.7616,2092,0,a_S
1778659842.764287,1896,0,a_S
1778659842.764378,1815,0,a_S
1778659842.7655091,2016,0,a_S
1778659842.768192,2357,0,a_S
1778659842.769582,2260,0,a_S
1778659842.770952,2063,0,a_S
1778659842.773652,1893,0,a_S
1778659842.780386,1971,0,a_S
1778659842.782497,2041,0,a_S
1778659842.7844548,1858,0,a_S
1778659842.785154,1845,0,a_S
1778659842.7862341,2084,0,a_S
1778659842.7880309,2253,0,a_S
1778659842.7925062,2215,0,a_S
1778659842.792875,2002,0,a_S
1778659842.7932632,1995,0,a_S
1778659842.7934542,2078,0,a_S
1778659842.795329,1915,0,a_S
1778659842.7977889,1907,0,a_S
1778659842.799142,2149,0,a_S
1778659842.80748,2329,0,a_S
1778659842.809302,2080,0,a_S
1778659842.811169,1977,0,a_S
1778659842.8141701,1893,0,a_S
1778659842.814525,2036,0,a_S
1778659842.81728,1901,0,a_S
1778659842.8176079,1848,0,a_S
1778659842.818057,2029,0,a_S
1778659842.8183548,2372,0,a_S
1778659842.821496,2206,0,a_S
1778659842.821641,1974,0,a_S
1778659842.8229692,1917,0,a_S
1778659842.825564,2087,0,a_S
1778659842.8269062,2071,0,a_S
1778659842.8295512,1814,0,a_S
1778659842.835217,1879,0,a_S
1778659842.8357818,2213,0,a_S
1778659842.83665,2317,0,a_S
1778659842.8388212,2179,0,a_S
1778659842.84201,2086,0,a_S
1778659842.842967,1973,0,a_S
1778659842.843169,1961,0,a_S
1778659842.8454888,1854,0,a_S
1778659842.848275,1915,0,a_S
1778659842.850684,2184,0,a_S
1778659842.852252,2342,0,a_S
1778659842.853615,2084,0,a_S
1778659842.855285,1894,0,a_S
1778659842.8606029,1986,0,a_S
1778659842.8615968,2096,0,a_S
1778659842.863511,1963,0,a_S
1778659842.8654232,1904,0,a_S
1778659842.865885,2059,0,a_S
1778659842.869963,2254,0,a_S
1778659842.870355,2142,0,a_S
1778659842.875618,2038,0,a_S
1778659842.875749,1970,0,a_S
1778659842.87583,2010,0,a_S
1778659842.877179,2014,0,a_S
1778659842.879897,1937,0,a_S
1778659842.881279,1984,0,a_S
1778659842.883907,2179,0,a_S
1778659842.8852391,2330,0,a_S
1778659842.890902,2073,0,a_S
1778659842.893826,2009,0,a_S
1778659842.8953578,2010,0,a_S
1778659842.896832,2139,0,a_S
1778659842.897839,1926,0,a_S
1778659842.8988538,1859,0,a_S
1778659842.901122,2113,0,a_S
1778659842.904292,2296,0,a_S
1778659842.9067872,2037,0,a_S
1778659842.907624,2028,0,a_S
1778659842.90769,2006,0,a_S
1778659842.909042,2107,0,a_S
1778659842.911662,2048,0,a_S
1778659842.916876,1967,0,a_S
1778659842.918775,2101,0,a_S
1778659842.920187,2307,0,a_S
1778659842.9205608,2257,0,a_S
1778659842.923677,2092,0,a_S
1778659842.924007,1981,0,a_S
1778659842.930702,1957,0,a_S
1778659842.931136,2054,0,a_S
1778659842.931299,1855,0,a_S
1778659842.931555,1863,0,a_S
1778659842.934036,2251,0,a_S
1778659842.935355,2287,0,a_S
1778659842.937932,2058,0,a_S
1778659842.939424,1994,0,a_S
1778659842.942027,2043,0,a_S
1778659842.94321,2119,0,a_S
1778659842.951414,1966,0,a_S
1778659842.952972,1883,0,a_S
1778659842.9568589,2169,0,a_S
1778659842.958692,2259,0,a_S
1778659842.962275,2112,0,a_S
1778659842.965176,2001,0,a_S
1778659842.965874,2004,0,a_S
1778659842.966203,2064,0,a_S
1778659842.966379,1974,0,a_S
1778659842.9689028,1902,0,a_S
1778659842.969161,2089,0,a_S
1778659842.969238,2280,0,a_S
1778659842.969324,2236,0,a_S
1778659842.972069,2108,0,a_S
1778659842.979537,1978,0,a_S
1778659842.982074,1968,0,a_S
1778659842.9849432,2045,0,a_S
1778659842.985705,1882,0,a_S
1778659842.9928489,1940,0,a_S
1778659842.993137,2246,0,a_S
1778659842.993741,2391,0,a_S
1778659842.9940429,2059,0,a_S
1778659842.994247,2064,0,a_S
1778659842.994656,2058,0,a_S
1778659842.997059,2204,0,a_S
1778659842.9973729,1864,0,a_S
1778659842.997445,1877,0,a_S
1778659842.9988291,2035,0,a_S
1778659843.001483,2346,0,a_S
1778659843.0028381,2169,0,a_S
1778659843.005568,2035,0,a_S
1778659843.007006,1889,0,a_S
1778659843.0140328,1965,0,a_S
1778659843.0152042,2009,0,a_S
1778659843.0168068,1896,0,a_S
1778659843.017163,2043,0,a_S
1778659843.019831,2245,0,a_S
1778659843.02147,2306,0,a_S
1778659843.02277,2167,0,a_S
1778659843.024559,2005,0,a_S
1778659843.0276859,2008,0,a_S
1778659843.02829,2056,0,a_S
1778659843.03015,1947,0,a_S
1778659843.0315351,2046,0,a_S
1778659843.03289,2167,0,a_S
1778659843.041496,2287,0,a_S
1778659843.041718,2126,0,a_S
1778659843.044054,1930,0,a_S
1778659843.044381,2001,0,a_S
1778659843.046883,2008,0,a_S
1778659843.049348,1857,0,a_S
1778659843.049937,1909,0,a_S
1778659843.054338,2113,0,a_S
1778659843.054861,2375,0,a_S
1778659843.0553658,2170,0,a_S
1778659843.057707,1993,0,a_S
1778659843.058057,1966,0,a_S
1778659843.059422,2087,0,a_S
1778659843.060778,2041,0,a_S
1778659843.06346,1915,0,a_S
1778659843.0648582,2032,0,a_S
1778659843.0673668,2252,0,a_S
1778659843.069107,2325,0,a_S
1778659843.075957,2004,0,a_S
1778659843.076141,1870,0,a_S
1778659843.077767,2118,0,a_S
1778659843.080178,2137,0,a_S
1778659843.081275,1866,0,a_S
1778659843.081881,1970,0,a_S
1778659843.08505,2180,0,a_S
1778659843.087886,2349,0,a_S
1778659843.088303,2098,0,a_S
1778659843.0908139,1855,0,a_S
1778659843.090928,2007,0,a_S
1778659843.0935528,2139,0,a_S
1778659843.094916,1876,0,a_S
1778659843.1000268,1871,0,a_S
1778659843.1006951,2130,0,a_S
1778659843.101367,2348,0,a_S
1778659843.10381,2034,0,a_S
1778659843.10631,2044,0,a_S
1778659843.108323,2129,0,a_S
1778659843.1103191,2101,0,a_S
1778659843.1129391,1991,0,a_S
1778659843.113298,1913,0,a_S
1778659843.115712,1992,0,a_S
1778659843.1170838,2222,0,a_S
1778659843.1198668,2190,0,a_S
1778659843.121284,2063,0,a_S
1778659843.123956,1986,0,a_S
1778659843.1253319,2030,0,a_S
1778659843.132512,2040,0,a_S
1778659843.1335528,1877,0,a_S
1778659843.135108,1985,0,a_S
1778659843.135243,2217,0,a_S
1778659843.1354702,2295,0,a_S
1778659843.139442,2087,0,a_S
1778659843.140078,2016,0,a_S
1778659843.1421912,1982,0,a_S
1778659843.145267,2107,0,a_S
1778659843.145534,1908,0,a_S
1778659843.147271,1848,0,a_S
1778659843.1486778,2250,0,a_S
1778659843.15132,2415,0,a_S
1778659843.159692,2131,0,a_S
1778659843.159907,1942,0,a_S
1778659843.1601322,2010,0,a_S
1778659843.160436,2160,0,a_S
1778659843.162441,2047,0,a_S
1778659843.164886,1904,0,a_S
1778659843.166545,2049,0,a_S
1778659843.1692789,2250,0,a_S
1778659843.169528,2138,0,a_S
1778659843.172312,2077,0,a_S
1778659843.173524,2005,0,a_S
1778659843.174856,1935,0,a_S
1778659843.17748,1984,0,a_S
1778659843.178803,1907,0,a_S
1778659843.1813602,2042,0,a_S
1778659843.182793,2231,0,a_S
1778659843.188394,2211,0,a_S
1778659843.1889632,2069,0,a_S
1778659843.189452,2009,0,a_S
1778659843.190838,1969,0,a_S
1778659843.1939352,2191,0,a_S
1778659843.196434,1973,0,a_S
1778659843.198881,1898,0,a_S
1778659843.199283,2121,0,a_S
1778659843.201408,2317,0,a_S
1778659843.202718,2134,0,a_S
1778659843.205285,2018,0,a_S
1778659843.210349,2012,0,a_S
1778659843.210817,2212,0,a_S
1778659843.211252,1954,0,a_S
1778659843.213116,1807,0,a_S
1778659843.215266,2070,0,a_S
1778659843.2167292,2270,0,a_S
1778659843.218858,2184,0,a_S
1778659843.221587,2066,0,a_S
1778659843.223823,1963,0,a_S
1778659843.225128,1972,0,a_S
1778659843.227941,2024,0,a_S
1778659843.229246,1833,0,a_S
1778659843.231873,1910,0,a_S
1778659843.2332952,2203,0,a_S
1778659843.244359,2328,0,a_S
1778659843.245312,2191,0,a_S
1778659843.245782,2087,0,a_S
1778659843.246376,1957,0,a_S
1778659843.247908,1988,0,a_S
1778659843.248058,1926,0,a_S
1778659843.250678,1994,0,a_S
1778659843.250964,2100,0,a_S
1778659843.25113,2353,0,a_S
1778659843.253302,2195,0,a_S
1778659843.254772,2033,0,a_S
1778659843.257431,1961,0,a_S
1778659843.261394,2051,0,a_S
1778659843.2618968,1948,0,a_S
1778659843.264662,1876,0,a_S
1778659843.2649379,2035,0,a_S
1778659843.268354,2223,0,a_S
1778659843.2733572,2231,0,a_S
1778659843.273618,2036,0,a_S
1778659843.273838,1991,0,a_S
1778659843.276116,2046,0,a_S
1778659843.277621,2175,0,a_S
1778659843.2789462,1839,0,a_S
1778659843.2815402,1828,0,a_S
1778659843.282839,2242,0,a_S
1778659843.285401,2432,0,a_S
1778659843.2931101,2206,0,a_S
1778659843.296203,1922,0,a_S
1778659843.296502,1988,0,a_S
1778659843.298454,2042,0,a_S
1778659843.2994492,1958,0,a_S
1778659843.300431,1955,0,a_S
1778659843.302777,2038,0,a_S
1778659843.305258,2249,0,a_S
1778659843.30546,2147,0,a_S
1778659843.305745,2024,0,a_S
1778659843.307798,1974,0,a_S
1778659843.309149,2099,0,a_S
1778659843.3106382,2002,0,a_S
1778659843.317099,1897,0,a_S
1778659843.317199,2062,0,a_S
1778659843.317277,2315,0,a_S
1778659843.319783,2286,0,a_S
1778659843.321939,2055,0,a_S
1778659843.3238301,1975,0,a_S
1778659843.3255858,2059,0,a_S
1778659843.3278358,2069,0,a_S
1778659843.330063,1843,0,a_S
1778659843.331358,1919,0,a_S
1778659843.332648,2238,0,a_S
1778659843.335197,2332,0,a_S
1778659843.3377678,2053,0,a_S
1778659843.339072,2016,0,a_S
1778659843.343445,2053,0,a_S
1778659843.343925,2146,0,a_S
1778659843.346227,1950,0,a_S
1778659843.348063,1914,0,a_S
1778659843.349896,2048,0,a_S
1778659843.351361,2325,0,a_S
1778659843.3535528,2074,0,a_S
1778659843.355705,2053,0,a_S
1778659843.357012,1952,0,a_S
1778659843.359615,2063,0,a_S
1778659843.3637571,2014,0,a_S
1778659843.364165,1856,0,a_S
1778659843.3663738,2034,0,a_S
1778659843.3679008,2259,0,a_S
1778659843.3700302,2181,0,a_S
1778659843.3737228,2047,0,a_S
1778659843.373913,1971,0,a_S
1778659843.375962,2107,0,a_S
1778659843.377279,2108,0,a_S
1778659843.37857,1922,0,a_S
1778659843.3811479,1899,0,a_S
1778659843.3837,2142,0,a_S
1778659843.384991,2315,0,a_S
1778659843.389342,2101,0,a_S
1778659843.390818,2049,0,a_S
1778659843.392413,1940,0,a_S
1778659843.3943229,2033,0,a_S
1778659843.396304,1931,0,a_S
1778659843.397729,1899,0,a_S
1778659843.3999841,2120,0,a_S
1778659843.402035,2353,0,a_S
1778659843.4033449,2209,0,a_S
1778659843.4046478,2002,0,a_S
1778659843.4103198,1987,0,a_S
1778659843.410689,2003,0,a_S
1778659843.4108238,1990,0,a_S
1778659843.412974,1927,0,a_S
1778659843.416356,2027,0,a_S
1778659843.418048,2262,0,a_S
1778659843.420407,2245,0,a_S
1778659843.422719,2036,0,a_S
1778659843.422755,2009,0,a_S
1778659843.4253151,2011,0,a_S
1778659843.4265249,2043,0,a_S
1778659843.42908,1916,0,a_S
1778659843.4316318,1925,0,a_S
1778659843.436199,2229,0,a_S
1778659843.4378061,2297,0,a_S
1778659843.4391198,2105,0,a_S
1778659843.439233,2041,0,a_S
1778659843.4411678,1941,0,a_S
1778659843.444454,2043,0,a_S
1778659843.446632,2005,0,a_S
1778659843.446711,1969,0,a_S
1778659843.449646,2095,0,a_S
1778659843.450943,2231,0,a_S
1778659843.456154,2189,0,a_S
1778659843.456563,2047,0,a_S
1778659843.45698,1968,0,a_S
1778659843.458974,2068,0,a_S
1778659843.463656,2004,0,a_S
1778659843.4637408,1865,0,a_S
1778659843.465834,2001,0,a_S
1778659843.4678679,2278,0,a_S
1778659843.469158,2269,0,a_S
1778659843.471744,2171,0,a_S
1778659843.472864,1971,0,a_S
1778659843.475421,1964,0,a_S
1778659843.476732,2030,0,a_S
1778659843.481363,1871,0,a_S
1778659843.481743,1935,0,a_S
1778659843.483379,2146,0,a_S
1778659843.4848168,2335,0,a_S
1778659843.4903429,2128,0,a_S
1778659843.490466,2062,0,a_S
1778659843.49056,1996,0,a_S
1778659843.4934762,2059,0,a_S
1778659843.494766,1971,0,a_S
1778659843.4973152,1931,0,a_S
1778659843.498604,2046,0,a_S
1778659843.5011652,2336,0,a_S
1778659843.506057,2176,0,a_S
1778659843.506482,2079,0,a_S
1778659843.5069098,1987,0,a_S
1778659843.509367,2039,0,a_S
1778659843.511292,2067,0,a_S
1778659843.512804,1863,0,a_S
1778659843.514976,2008,0,a_S
1778659843.5169,2222,0,a_S
1778659843.519459,2290,0,a_S
1778659843.520758,2068,0,a_S
1778659843.523325,1996,0,a_S
1778659843.524618,1984,0,a_S
1778659843.530462,2010,0,a_S
1778659843.5312068,1884,0,a_S
1778659843.531285,1968,0,a_S
1778659843.532723,2250,0,a_S
1778659843.535773,2318,0,a_S
1778659843.539841,2052,0,a_S
1778659843.5399601,1958,0,a_S
1778659843.54203,1971,0,a_S
1778659843.5433228,2108,0,a_S
1778659843.5446122,1966,0,a_S
1778659843.547314,1870,0,a_S
1778659843.548537,2000,0,a_S
1778659843.5557919,2365,0,a_S
1778659843.55586,2215,0,a_S
1778659843.5574589,1987,0,a_S
1778659843.557615,1941,0,a_S
1778659843.559455,2006,0,a_S
1778659843.560996,1951,0,a_S
1778659843.562631,1919,0,a_S
1778659843.56479,2062,0,a_S
1778659843.566744,2248,0,a_S
1778659843.569302,2240,0,a_S
1778659843.570616,2090,0,a_S
1778659843.573181,1966,0,a_S
1778659843.574495,2002,0,a_S
1778659843.579392,2123,0,a_S
1778659843.5797708,1915,0,a_S
1778659843.582022,1982,0,a_S
1778659843.5839128,2202,0,a_S
1778659843.585603,2325,0,a_S
1778659843.589251,2053,0,a_S
1778659843.5894039,2117,0,a_S
1778659843.591525,1928,0,a_S
1778659843.592819,2010,0,a_S
1778659843.595364,1922,0,a_S
1778659843.596752,1959,0,a_S
1778659843.599293,2103,0,a_S
1778659843.6050591,2308,0,a_S
1778659843.606275,2169,0,a_S
1778659843.606403,2078,0,a_S
1778659843.606543,1971,0,a_S
1778659843.609704,2074,0,a_S
1778659843.61131,2055,0,a_S
1778659843.613329,1916,0,a_S
1778659843.614895,2054,0,a_S
1778659843.617464,2226,0,a_S
1778659843.6187541,2184,0,a_S
1778659843.621108,2092,0,a_S
1778659843.6224818,2002,0,a_S
1778659843.6275651,2020,0,a_S
1778659843.627952,2086,0,a_S
1778659843.629996,1972,0,a_S
1778659843.631653,1993,0,a_S
1778659843.634547,2146,0,a_S
1778659843.6347032,2260,0,a_S
1778659843.6366441,2077,0,a_S
1778659843.6392362,1982,0,a_S
1778659843.640533,1946,0,a_S
1778659843.6430779,2021,0,a_S
1778659843.645659,2018,0,a_S
1778659843.64706,1972,0,a_S
1778659843.6510668,2152,0,a_S
1778659843.6514812,2418,0,a_S
1778659843.653297,2213,0,a_S
1778659843.709831,2069,0,a_S
1778659843.7099679,1962,0,a_S
1778659843.71,2101,0,a_S
1778659843.710048,1996,0,a_S
1778659843.710208,1905,0,a_S
1778659843.7104151,1963,0,a_S
1778659843.710451,2221,0,a_S
1778659843.710478,2205,0,a_S
1778659843.7105029,2073,0,a_S
1778659843.710528,1998,0,a_S
1778659843.710552,2061,0,a_S
1778659843.710576,2088,0,a_S
1778659843.7106,1880,0,a_S
1778659843.710624,1909,0,a_S
1778659843.710648,2145,0,a_S
1778659843.710672,2341,0,a_S
1778659843.710696,2025,0,a_S
1778659843.7107189,2093,0,a_S
1778659843.710743,2030,0,a_S
1778659843.710808,2007,0,a_S
1778659843.7108412,1939,0,a_S
1778659843.710879,1940,0,a_S
1778659843.710907,2140,0,a_S
1778659843.710931,2413,0,a_S
1778659843.710956,2203,0,a_S
1778659843.7109802,2025,0,a_S
1778659843.7110028,1962,0,a_S
1778659843.711027,2010,0,a_S
1778659843.71105,1986,0,a_S
1778659843.715708,1880,0,a_S
1778659843.715745,2010,0,a_S
1778659843.727385,2268,0,a_S
1778659843.729583,2239,0,a_S
1778659843.7296991,2042,0,a_S
1778659843.729752,1957,0,a_S
1778659843.729889,2037,0,a_S
1778659843.730029,2066,0,a_S
1778659843.730158,1903,0,a_S
1778659843.732065,1945,0,a_S
1778659843.7333639,2146,0,a_S
1778659843.734665,2306,0,a_S
1778659843.740145,2044,0,a_S
1778659843.742163,1970,0,a_S
1778659843.7422779,1962,0,a_S
1778659843.742429,2047,0,a_S
1778659843.745516,1974,0,a_S
1778659843.749496,2001,0,a_S
1778659843.7495732,2087,0,a_S
1778659843.751625,2343,0,a_S
1778659843.754397,2203,0,a_S
1778659843.7544682,2052,0,a_S
1778659843.760236,1977,0,a_S
1778659843.7605572,2086,0,a_S
1778659843.76059,1972,0,a_S
1778659843.7638772,1828,0,a_S
1778659843.7653399,1977,0,a_S
1778659843.766722,2225,0,a_S
1778659843.772374,2243,0,a_S
1778659843.7728279,2124,0,a_S
1778659843.773519,2023,0,a_S
1778659843.7762449,1961,0,a_S
1778659843.776802,2024,0,a_S
1778659843.779932,1840,0,a_S
1778659843.782136,1962,0,a_S
1778659843.78423,2173,0,a_S
1778659843.7843788,2334,0,a_S
1778659843.786939,2075,0,a_S
1778659843.791549,2005,0,a_S
1778659843.7923782,2031,0,a_S
1778659843.792765,2081,0,a_S
1778659843.794552,2030,0,a_S
1778659843.7973351,1998,0,a_S
1778659843.799411,2202,0,a_S
1778659843.801315,2263,0,a_S
1778659843.803359,2021,0,a_S
1778659843.804703,1975,0,a_S
1778659843.807252,1980,0,a_S
1778659843.8085482,2062,0,a_S
1778659843.811431,1936,0,a_S
1778659843.8170629,1878,0,a_S
1778659843.820053,2043,0,a_S
1778659843.820429,2248,0,a_S
1778659843.8222451,2301,0,a_S
1778659843.822384,2079,0,a_S
1778659843.82278,1920,0,a_S
1778659843.826118,2034,0,a_S
1778659843.8279831,2100,0,a_S
1778659843.829282,1890,0,a_S
1778659843.8305678,1904,0,a_S
1778659843.833125,2111,0,a_S
1778659843.8344262,2314,0,a_S
1778659843.840872,2131,0,a_S
1778659843.8415658,2021,0,a_S
1778659843.841669,2056,0,a_S
1778659843.843349,2085,0,a_S
1778659843.8451562,1916,0,a_S
1778659843.8468711,1851,0,a_S
1778659843.849928,2069,0,a_S
1778659843.851948,2285,0,a_S
1778659843.853256,2153,0,a_S
1778659843.8545542,1992,0,a_S
1778659843.8570082,2056,0,a_S
1778659843.8595479,2074,0,a_S
1778659843.864079,1994,0,a_S
1778659843.8641798,1845,0,a_S
1778659843.8666172,2018,0,a_S
1778659843.8666902,2212,0,a_S
1778659843.869725,2237,0,a_S
1778659843.873267,2126,0,a_S
1778659843.873336,2045,0,a_S
1778659843.8752441,2007,0,a_S
1778659843.876554,2003,0,a_S
1778659843.8788962,1945,0,a_S
1778659843.88144,2011,0,a_S
1778659843.882723,2183,0,a_S
1778659843.888632,2346,0,a_S
1778659843.889052,2057,0,a_S
1778659843.890165,1996,0,a_S
1778659843.892235,1997,0,a_S
1778659843.892576,2067,0,a_S
1778659843.894872,1982,0,a_S
1778659843.8968651,1864,0,a_S
1778659843.898895,2086,0,a_S
1778659843.901454,2316,0,a_S
1778659843.902751,2157,0,a_S
1778659843.905157,2039,0,a_S
1778659843.906454,2015,0,a_S
1778659843.910839,2066,0,a_S
1778659843.911572,1998,0,a_S
1778659843.913375,1925,0,a_S
1778659843.915104,2048,0,a_S
1778659843.918041,2244,0,a_S
1778659843.920049,2226,0,a_S
1778659843.922123,2062,0,a_S
1778659843.92331,2020,0,a_S
1778659843.924607,2036,0,a_S
1778659843.9270139,2038,0,a_S
1778659843.929367,1845,0,a_S
1778659843.930749,1920,0,a_S
1778659843.934962,2191,0,a_S
1778659843.9357061,2302,0,a_S
1778659843.93909,2079,0,a_S
1778659843.939472,1916,0,a_S
1778659843.942179,1949,0,a_S
1778659843.944295,2129,0,a_S
1778659843.944432,2006,0,a_S
1778659843.9471629,1965,0,a_S
1778659843.9484491,2090,0,a_S
1778659843.9509969,2402,0,a_S
1778659843.952409,2189,0,a_S
1778659843.959591,2004,0,a_S
1778659843.9600089,1966,0,a_S
1778659843.961052,2049,0,a_S
1778659843.961241,1987,0,a_S
1778659843.962891,1872,0,a_S
1778659843.964658,2028,0,a_S
1778659843.967652,2231,0,a_S
1778659843.969228,2304,0,a_S
1778659843.9705348,2148,0,a_S
1778659843.972953,1956,0,a_S
1778659843.974245,1934,0,a_S
1778659843.976799,2092,0,a_S
1778659843.981933,1904,0,a_S
1778659843.982333,1953,0,a_S
1778659843.983062,2210,0,a_S
1778659843.98445,2372,0,a_S
1778659843.9888918,2134,0,a_S
1778659843.989017,2032,0,a_S
1778659843.991082,1999,0,a_S
1778659843.9931169,2062,0,a_S
1778659843.9943712,1918,0,a_S
1778659843.996921,1879,0,a_S
1778659843.998267,2078,0,a_S
1778659844.0008152,2300,0,a_S
1778659844.005385,2176,0,a_S
1778659844.006124,2065,0,a_S
1778659844.006964,1949,0,a_S
1778659844.0094762,1976,0,a_S
1778659844.011293,2048,0,a_S
1778659844.012932,1865,0,a_S
1778659844.014861,1932,0,a_S
1778659844.016821,2259,0,a_S
1778659844.019373,2308,0,a_S
1778659844.020747,2158,0,a_S
1778659844.023344,2014,0,a_S
1778659844.024652,2030,0,a_S
1778659844.033047,2109,0,a_S
1778659844.033151,1902,0,a_S
1778659844.033658,1988,0,a_S
1778659844.033749,2149,0,a_S
1778659844.036447,2333,0,a_S
1778659844.038569,2035,0,a_S
1778659844.03862,1945,0,a_S
1778659844.04026,1988,0,a_S
1778659844.042919,2140,0,a_S
1778659844.0443861,1999,0,a_S
1778659844.046981,1840,0,a_S
1778659844.04828,2173,0,a_S
1778659844.0532732,2315,0,a_S
1778659844.0541089,2085,0,a_S
1778659844.056145,1965,0,a_S
1778659844.056283,1945,0,a_S
1778659844.059701,2081,0,a_S
1778659844.061237,1986,0,a_S
1778659844.0633988,1897,0,a_S
1778659844.065422,2052,0,a_S
1778659844.066724,2241,0,a_S
1778659844.0692768,2255,0,a_S
1778659844.0707562,2099,0,a_S
1778659844.072238,1980,0,a_S
1778659844.074847,2039,0,a_S
1778659844.082033,2053,0,a_S
1778659844.082654,1887,0,a_S
1778659844.083349,1943,0,a_S
1778659844.083499,2165,0,a_S
1778659844.088309,2349,0,a_S
1778659844.088673,2032,0,a_S
1778659844.088872,2093,0,a_S
1778659844.0907881,2085,0,a_S
1778659844.093348,2103,0,a_S
1778659844.09464,1927,0,a_S
1778659844.097188,1949,0,a_S
1778659844.098474,2128,0,a_S
1778659844.1030881,2327,0,a_S
1778659844.105557,2159,0,a_S
1778659844.105668,2018,0,a_S
1778659844.107459,1944,0,a_S
1778659844.109231,2090,0,a_S
1778659844.112465,1983,0,a_S
1778659844.112618,1877,0,a_S
1778659844.115208,2042,0,a_S
1778659844.116503,2274,0,a_S
1778659844.119054,2268,0,a_S
1778659844.120346,2069,0,a_S
1778659844.1227431,1975,0,a_S
1778659844.1268349,2021,0,a_S
1778659844.127279,2040,0,a_S
1778659844.129162,1910,0,a_S
1778659844.1306949,1962,0,a_S
1778659844.132771,2075,0,a_S
1778659844.1358771,2402,0,a_S
1778659844.1377878,2182,0,a_S
1778659844.1390872,1996,0,a_S
1778659844.140376,1976,0,a_S
1778659844.142931,2078,0,a_S
1778659844.144238,1966,0,a_S
1778659844.1504169,1947,0,a_S
1778659844.1508448,2067,0,a_S
1778659844.151241,2336,0,a_S
1778659844.152757,2189,0,a_S
1778659844.155364,2065,0,a_S
1778659844.157463,1986,0,a_S
1778659844.159468,2110,0,a_S
1778659844.161363,2089,0,a_S
1778659844.162665,1865,0,a_S
1778659844.1652129,1918,0,a_S
1778659844.166502,2250,0,a_S
1778659844.169152,2282,0,a_S
1778659844.1765802,1976,0,a_S
1778659844.1817758,1922,0,a_S
1778659844.1819851,2015,0,a_S
1778659844.184222,2068,0,a_S
1778659844.184504,1969,0,a_S
1778659844.1847382,1964,0,a_S
1778659844.185001,2240,0,a_S
1778659844.187165,2326,0,a_S
1778659844.187626,2043,0,a_S
1778659844.1889741,1985,0,a_S
1778659844.190301,1928,0,a_S
1778659844.196657,2159,0,a_S
1778659844.197273,1956,0,a_S
1778659844.200468,1916,0,a_S
1778659844.20132,2088,0,a_S
1778659844.2061398,2341,0,a_S
1778659844.206403,2121,0,a_S
1778659844.206862,2010,0,a_S
1778659844.207127,2037,0,a_S
1778659844.209227,2075,0,a_S
1778659844.210586,2009,0,a_S
1778659844.213391,1804,0,a_S
1778659844.214765,1976,0,a_S
1778659844.2161431,2247,0,a_S
1778659844.22276,2279,0,a_S
1778659844.223382,2107,0,a_S
1778659844.224674,1999,0,a_S
1778659844.226611,1986,0,a_S
1778659844.228766,2021,0,a_S
1778659844.234617,1898,0,a_S
1778659844.23503,1903,0,a_S
1778659844.235275,2200,0,a_S
1778659844.23705,2328,0,a_S
1778659844.2378418,2049,0,a_S
1778659844.2392619,2011,0,a_S
1778659844.240617,2028,0,a_S
1778659844.248437,2100,0,a_S
1778659844.25384,1917,0,a_S
1778659844.256661,1831,0,a_S
1778659844.2583091,2154,0,a_S
1778659844.258477,2341,0,a_S
1778659844.259079,2196,0,a_S
1778659844.25916,2056,0,a_S
1778659844.25922,2002,0,a_S
1778659844.2592719,2034,0,a_S
1778659844.2605991,1992,0,a_S
1778659844.263238,1875,0,a_S
1778659844.264577,2043,0,a_S
1778659844.267221,2305,0,a_S
1778659844.268533,2228,0,a_S
1778659844.275498,1957,0,a_S
1778659844.278294,2004,0,a_S
1778659844.27918,1984,0,a_S
1778659844.283506,2068,0,a_S
1778659844.283865,1917,0,a_S
1778659844.284072,2006,0,a_S
1778659844.284349,2199,0,a_S
1778659844.2864268,2291,0,a_S
1778659844.28668,2116,0,a_S
1778659844.2881439,1992,0,a_S
1778659844.2956412,1973,0,a_S
1778659844.300799,2122,0,a_S
1778659844.301829,1974,0,a_S
1778659844.302291,1799,0,a_S
1778659844.302834,1997,0,a_S
1778659844.307008,2276,0,a_S
1778659844.307179,2211,0,a_S
1778659844.3075368,2025,0,a_S
1778659844.3078332,2031,0,a_S
1778659844.310307,2076,0,a_S
1778659844.310418,2012,0,a_S
1778659844.3129852,1911,0,a_S
1778659844.314401,2037,0,a_S
1778659844.316888,2243,0,a_S
1778659844.318223,2287,0,a_S
1778659844.328982,2077,0,a_S
1778659844.3302422,1952,0,a_S
1778659844.330878,2016,0,a_S
1778659844.331446,2078,0,a_S
1778659844.334346,1888,0,a_S
1778659844.33458,1918,0,a_S
1778659844.336899,2160,0,a_S
1778659844.3370938,2300,0,a_S
1778659844.3375092,2042,0,a_S
1778659844.339988,1946,0,a_S
1778659844.340105,1965,0,a_S
1778659844.3426938,2110,0,a_S
1778659844.349142,1951,0,a_S
1778659844.350689,1915,0,a_S
1778659844.352229,2096,0,a_S
1778659844.352596,2399,0,a_S
1778659844.352808,2167,0,a_S
1778659844.356525,2110,0,a_S
1778659844.3587682,1982,0,a_S
1778659844.358995,2012,0,a_S
1778659844.3611488,1936,0,a_S
1778659844.362443,1811,0,a_S
1778659844.364994,2010,0,a_S
1778659844.366283,2195,0,a_S
1778659844.3688478,2262,0,a_S
1778659844.3703501,2053,0,a_S
1778659844.375247,1902,0,a_S
1778659844.375922,2088,0,a_S
1778659844.378044,2094,0,a_S
1778659844.378227,1929,0,a_S
1778659844.381971,1999,0,a_S
1778659844.382425,2190,0,a_S
1778659844.385951,2321,0,a_S
1778659844.388436,2096,0,a_S
1778659844.3885329,1998,0,a_S
1778659844.3909929,1955,0,a_S
1778659844.392287,2071,0,a_S
1778659844.396676,2010,0,a_S
1778659844.397546,1931,0,a_S
1778659844.399434,2094,0,a_S
1778659844.401856,2248,0,a_S
1778659844.40527,2116,0,a_S
1778659844.4054,2009,0,a_S
1778659844.407607,2010,0,a_S
1778659844.4099112,2089,0,a_S
1778659844.4112089,1967,0,a_S
1778659844.4125152,1884,0,a_S
1778659844.415073,1986,0,a_S
1778659844.416369,2214,0,a_S
1778659844.418925,2280,0,a_S
1778659844.424004,2068,0,a_S
1778659844.425505,1975,0,a_S
1778659844.425647,2010,0,a_S
1778659844.428483,2055,0,a_S
1778659844.428879,1912,0,a_S
1778659844.430347,1872,0,a_S
1778659844.432441,2176,0,a_S
1778659844.4346051,2404,0,a_S
1778659844.436805,2106,0,a_S
1778659844.438178,2008,0,a_S
1778659844.440801,2043,0,a_S
1778659844.445916,2205,0,a_S
1778659844.4459798,1965,0,a_S
1778659844.448235,1853,0,a_S
1778659844.448422,2057,0,a_S
1778659844.4508312,2357,0,a_S
1778659844.45376,2188,0,a_S
1778659844.456032,2072,0,a_S
1778659844.4564219,1963,0,a_S
1778659844.458612,2042,0,a_S
1778659844.460026,1987,0,a_S
1778659844.462594,1891,0,a_S
1778659844.463985,2059,0,a_S
1778659844.466552,2198,0,a_S
1778659844.472594,2215,0,a_S
1778659844.473545,2008,0,a_S
1778659844.473637,1928,0,a_S
1778659844.475519,2017,0,a_S
1778659844.477498,2007,0,a_S
1778659844.480903,1850,0,a_S
1778659844.4810612,1925,0,a_S
1778659844.483347,2135,0,a_S
1778659844.4856992,2326,0,a_S
1778659844.486999,2110,0,a_S
1778659844.4883242,2040,0,a_S
1778659844.493709,2031,0,a_S
1778659844.494923,2205,0,a_S
1778659844.49702,1988,0,a_S
1778659844.4971719,1828,0,a_S
1778659844.5006762,2075,0,a_S
1778659844.5010781,2359,0,a_S
1778659844.5024981,2199,0,a_S
1778659844.5051572,1997,0,a_S
1778659844.506888,1909,0,a_S
1778659844.508508,2086,0,a_S
1778659844.5110972,1961,0,a_S
1778659844.5124931,1880,0,a_S
1778659844.515177,1961,0,a_S
1778659844.516473,2278,0,a_S
1778659844.5227299,2313,0,a_S
1778659844.523322,2059,0,a_S
1778659844.5234601,1997,0,a_S
1778659844.5248919,1991,0,a_S
1778659844.526751,2106,0,a_S
1778659844.528872,1894,0,a_S
1778659844.532918,1940,0,a_S
1778659844.533154,2137,0,a_S
1778659844.535624,2302,0,a_S
1778659844.5370328,2037,0,a_S
1778659844.538528,1974,0,a_S
1778659844.5457091,1980,0,a_S
1778659844.546197,2120,0,a_S
1778659844.546311,1946,0,a_S
1778659844.5501142,1867,0,a_S
1778659844.550642,2043,0,a_S
1778659844.551677,2320,0,a_S
1778659844.557261,2219,0,a_S
1778659844.557517,2107,0,a_S
1778659844.557981,1923,0,a_S
1778659844.558229,2007,0,a_S
1778659844.561159,2042,0,a_S
1778659844.562581,1932,0,a_S
1778659844.563947,2063,0,a_S
1778659844.5666602,2214,0,a_S
1778659844.568056,2253,0,a_S
1778659844.570602,2093,0,a_S
1778659844.57644,1948,0,a_S
1778659844.577028,1982,0,a_S
1778659844.578888,2054,0,a_S
1778659844.579233,1930,0,a_S
1778659844.5809002,1920,0,a_S
1778659844.582892,2087,0,a_S
1778659844.587617,2355,0,a_S
1778659844.588361,2126,0,a_S
1778659844.588892,2009,0,a_S
1778659844.5910342,1970,0,a_S
1778659844.5923998,2055,0,a_S
1778659844.5952299,1974,0,a_S
1778659844.600665,1964,0,a_S
1778659844.603034,2084,0,a_S
1778659844.605679,2227,0,a_S
1778659844.607888,2106,0,a_S
1778659844.6095831,2076,0,a_S
1778659844.609659,1976,0,a_S
1778659844.60975,2042,0,a_S
1778659844.6121888,1952,0,a_S
1778659844.6123788,1834,0,a_S
1778659844.614551,1949,0,a_S
1778659844.615965,2221,0,a_S
1778659844.618649,2307,0,a_S
1778659844.6199858,2111,0,a_S
1778659844.622557,2005,0,a_S
1778659844.631285,2060,0,a_S
1778659844.633487,2122,0,a_S
1778659844.636121,1882,0,a_S
1778659844.636647,1875,0,a_S
1778659844.6401029,2124,0,a_S
1778659844.6450071,2344,0,a_S
1778659844.645632,2062,0,a_S
1778659844.64573,2009,0,a_S
1778659844.645782,1924,0,a_S
1778659844.645965,2033,0,a_S
1778659844.646024,1942,0,a_S
1778659844.646116,1974,0,a_S
1778659844.6488252,2117,0,a_S
1778659844.6557581,2385,0,a_S
1778659844.657421,2188,0,a_S
1778659844.659353,2038,0,a_S
1778659844.660434,1941,0,a_S
1778659844.660651,2068,0,a_S
1778659844.662008,1994,0,a_S
1778659844.66456,1840,0,a_S
1778659844.6670249,2003,0,a_S
1778659844.667233,2209,0,a_S
1778659844.6695511,2202,0,a_S
1778659844.6710331,2121,0,a_S
1778659844.672447,1985,0,a_S
1778659844.6739452,2016,0,a_S
1778659844.676546,2063,0,a_S
1778659844.677897,1902,0,a_S
1778659844.684499,1892,0,a_S
1778659844.685172,2114,0,a_S
1778659844.686476,2311,0,a_S
1778659844.6903858,2098,0,a_S
1778659844.690878,1931,0,a_S
1778659844.691021,1943,0,a_S
1778659844.694413,2091,0,a_S
1778659844.6969962,2062,0,a_S
1778659844.6972742,1933,0,a_S
1778659844.699179,2049,0,a_S
1778659844.700588,2288,0,a_S
1778659844.7029812,2211,0,a_S
1778659844.70974,2112,0,a_S
1778659844.711992,2080,0,a_S
1778659844.712149,2105,0,a_S
1778659844.7124438,1974,0,a_S
1778659844.714663,1778,0,a_S
1778659844.715626,1939,0,a_S
1778659844.7185438,2210,0,a_S
1778659844.721163,2313,0,a_S
1778659844.721709,2077,0,a_S
1778659844.723944,1946,0,a_S
1778659844.724288,1941,0,a_S
1778659844.7269871,2069,0,a_S
1778659844.728322,2002,0,a_S
1778659844.731461,1957,0,a_S
1778659844.732897,2167,0,a_S
1778659844.734483,2318,0,a_S
1778659844.7391412,2092,0,a_S
1778659844.740633,1945,0,a_S
1778659844.7411342,1956,0,a_S
1778659844.744119,2100,0,a_S
1778659844.745423,1982,0,a_S
1778659844.748519,1889,0,a_S
1778659844.751133,2104,0,a_S
1778659844.751421,2308,0,a_S
1778659844.753716,2253,0,a_S
1778659844.7540228,2041,0,a_S
1778659844.756734,1928,0,a_S
1778659844.75822,2087,0,a_S
1778659844.763728,2006,0,a_S
1778659844.7662551,1883,0,a_S
1778659844.766464,1971,0,a_S
1778659844.766794,2216,0,a_S
1778659844.7685518,2278,0,a_S
1778659844.772678,2075,0,a_S
1778659844.775384,1919,0,a_S
1778659844.7756212,1963,0,a_S
1778659844.778034,2085,0,a_S
1778659844.7781188,1880,0,a_S
1778659844.780761,1944,0,a_S
1778659844.782188,2147,0,a_S
1778659844.784867,2313,0,a_S
1778659844.786195,2134,0,a_S
1778659844.793524,2026,0,a_S
1778659844.796306,2005,0,a_S
1778659844.79649,2065,0,a_S
1778659844.798896,2003,0,a_S
1778659844.799768,1897,0,a_S
1778659844.800014,2043,0,a_S
1778659844.800548,2235,0,a_S
1778659844.805849,2180,0,a_S
1778659844.806112,2104,0,a_S
1778659844.8063931,1987,0,a_S
1778659844.8087978,2016,0,a_S
1778659844.8103302,1983,0,a_S
1778659844.813066,1879,0,a_S
1778659844.8181078,1996,0,a_S
1778659844.8191092,2225,0,a_S
1778659844.820053,2268,0,a_S
1778659844.823621,2132,0,a_S
1778659844.8250859,1948,0,a_S
1778659844.825601,1954,0,a_S
1778659844.827845,2079,0,a_S
1778659844.830384,2014,0,a_S
1778659844.83099,1933,0,a_S
1778659844.833327,2101,0,a_S
1778659844.835333,2331,0,a_S
1778659844.8367622,2140,0,a_S
1778659844.838191,2028,0,a_S
1778659844.840821,2001,0,a_S
1778659844.84212,2119,0,a_S
1778659844.847643,2007,0,a_S
1778659844.8482518,1859,0,a_S
1778659844.8495328,2032,0,a_S
1778659844.851296,2251,0,a_S
1778659844.8532999,2155,0,a_S
1778659844.855248,2050,0,a_S
1778659844.8572328,1923,0,a_S
1778659844.8595672,2016,0,a_S
1778659844.861973,2000,0,a_S
1778659844.862005,1895,0,a_S
1778659844.8645551,2036,0,a_S
1778659844.8658628,2236,0,a_S
1778659844.872103,2266,0,a_S
1778659844.873396,2100,0,a_S
1778659844.8735921,2045,0,a_S
1778659844.87378,1980,0,a_S
1778659844.876759,2023,0,a_S
1778659844.8792372,1883,0,a_S
1778659844.88172,1985,0,a_S
1778659844.881839,2200,0,a_S
1778659844.884809,2322,0,a_S
1778659844.886105,2092,0,a_S
1778659844.888732,2046,0,a_S
1778659844.890037,1999,0,a_S
1778659844.8925881,2091,0,a_S
1778659844.898061,1944,0,a_S
1778659844.898147,1886,0,a_S
1778659844.8986418,2039,0,a_S
1778659844.9012742,2268,0,a_S
1778659844.9031832,2159,0,a_S
1778659844.9045749,2095,0,a_S
1778659844.907149,1983,0,a_S
1778659844.9094882,2073,0,a_S
1778659844.911849,2033,0,a_S
1778659844.9119911,1878,0,a_S
1778659844.914571,1999,0,a_S
1778659844.916051,2206,0,a_S
1778659844.920278,2282,0,a_S
1778659844.920366,2044,0,a_S
1778659844.922613,1932,0,a_S
1778659844.924514,1982,0,a_S
1778659844.926086,2057,0,a_S
1778659844.927833,1920,0,a_S
1778659844.93009,1931,0,a_S
1778659844.931788,2123,0,a_S
1778659844.934342,2340,0,a_S
1778659844.936951,2105,0,a_S
1778659844.938266,1946,0,a_S
1778659844.940823,1985,0,a_S
1778659844.945726,2171,0,a_S
1778659844.9469051,2008,0,a_S
1778659844.947011,1896,0,a_S
1778659844.948585,2022,0,a_S
1778659844.9501472,2244,0,a_S
1778659844.9520261,2179,0,a_S
1778659844.9538078,2105,0,a_S
1778659844.9560618,1980,0,a_S
1778659844.958147,1972,0,a_S
1778659844.960736,1961,0,a_S
1778659844.962191,1895,0,a_S
1778659844.9660108,2065,0,a_S
1778659844.966382,2233,0,a_S
1778659844.968493,2258,0,a_S
1778659844.970984,2019,0,a_S
1778659844.972306,1999,0,a_S
1778659844.974029,2000,0,a_S
1778659844.9761379,2071,0,a_S
1778659844.977891,1904,0,a_S
1778659844.980448,1848,0,a_S
1778659844.981738,2111,0,a_S
1778659844.984288,2365,0,a_S
1778659844.9869802,2138,0,a_S
1778659844.991458,2003,0,a_S
1778659844.9922519,2000,0,a_S
1778659844.9923131,2087,0,a_S
1778659844.994433,1993,0,a_S
1778659844.9962409,1862,0,a_S
1778659844.998187,2113,0,a_S
1778659845.001895,2235,0,a_S
1778659845.002048,2172,0,a_S
1778659845.004256,2066,0,a_S
1778659845.0068748,1976,0,a_S
1778659845.008183,2048,0,a_S
1778659845.012488,1983,0,a_S
1778659845.0132742,1815,0,a_S
1778659845.014734,1962,0,a_S
1778659845.0163462,2251,0,a_S
1778659845.0179358,2316,0,a_S
1778659845.019905,2123,0,a_S
1778659845.022034,1995,0,a_S
1778659845.024105,2040,0,a_S
1778659845.026668,2115,0,a_S
1778659845.027957,1906,0,a_S
1778659845.0305028,1882,0,a_S
1778659845.031849,2062,0,a_S
1778659845.038454,2296,0,a_S
1778659845.040092,2092,0,a_S
1778659845.0402088,2011,0,a_S
1778659845.040334,1973,0,a_S
1778659845.042033,2111,0,a_S
1778659845.043893,1973,0,a_S
1778659845.0472052,1867,0,a_S
1778659845.049113,2074,0,a_S
1778659845.050414,2320,0,a_S
1778659845.051712,2260,0,a_S
1778659845.054368,2101,0,a_S
1778659845.055667,1945,0,a_S
1778659845.0583968,1990,0,a_S
1778659845.062773,2004,0,a_S
1778659845.063294,1854,0,a_S
1778659845.0647721,1988,0,a_S
1778659845.066577,2186,0,a_S
1778659845.0683541,2269,0,a_S
1778659845.071914,2102,0,a_S
1778659845.072033,1977,0,a_S
1778659845.074205,1998,0,a_S
1778659845.0767648,2087,0,a_S
1778659845.078063,1929,0,a_S
1778659845.0806122,1971,0,a_S
1778659845.081899,2155,0,a_S
1778659845.089707,2314,0,a_S
1778659845.089825,2084,0,a_S
1778659845.089966,1996,0,a_S
1778659845.090076,1998,0,a_S
1778659845.093549,2087,0,a_S
1778659845.0969212,2003,0,a_S
1778659845.097027,1973,0,a_S
1778659845.09901,2035,0,a_S
1778659845.1003299,2262,0,a_S
1778659845.1016371,2161,0,a_S
1778659845.104295,2068,0,a_S
1778659845.105619,1954,0,a_S
1778659845.10829,2003,0,a_S
1778659845.112393,1961,0,a_S
1778659845.1124742,1862,0,a_S
1778659845.114798,1966,0,a_S
1778659845.116238,2228,0,a_S
1778659845.117995,2235,0,a_S
1778659845.1196811,1969,0,a_S
1778659845.1218822,1857,0,a_S
1778659845.1246212,1915,0,a_S
1778659845.125918,1966,0,a_S
1778659845.128402,1579,0,a_S
1778659845.129693,1102,0,a_S
1778659845.132241,1178,0,a_S
1778659845.1366642,2519,0,a_S
1778659845.1393569,2297,0,a_S
1778659845.139511,2376,0,a_S
1778659845.141387,2548,0,a_S
1778659845.143261,2586,0,a_S
1778659845.146506,2054,0,a_S
1778659845.1466398,1597,0,a_S
1778659845.148609,2701,0,a_S
1778659845.1499279,3024,0,a_S
1778659845.152481,2256,0,a_S
1778659845.153632,1559,0,a_S
1778659845.156196,1564,0,a_S
1778659845.161545,2186,0,a_S
1778659845.1619358,2286,0,a_S
1778659845.1627169,2063,0,a_S
1778659845.164215,2200,0,a_S
1778659845.165673,2332,0,a_S
1778659845.1691542,2400,0,a_S
1778659845.171572,2029,0,a_S
1778659845.171681,1847,0,a_S
1778659845.1742878,1726,0,a_S
1778659845.175628,1933,0,a_S
1778659845.178189,1879,0,a_S
1778659845.180736,1934,0,a_S
1778659845.18203,2013,0,a_S
1778659845.1864278,2139,0,a_S
1778659845.1885262,1881,0,a_S
1778659845.188652,1972,0,a_S
1778659845.190484,2108,0,a_S
1778659845.1934478,1791,0,a_S
1778659845.1955671,1500,0,a_S
1778659845.19571,1986,0,a_S
1778659845.198455,2395,0,a_S
1778659845.1997461,2435,0,a_S
1778659845.202291,2262,0,a_S
1778659845.203579,2073,0,a_S
1778659845.206014,1951,0,a_S
1778659845.209988,2064,0,a_S
1778659845.21042,2089,0,a_S
1778659845.212432,1891,0,a_S
1778659845.214466,1878,0,a_S
1778659845.217113,2135,0,a_S
1778659845.2191339,2198,0,a_S
1778659845.221119,2004,0,a_S
1778659845.222432,1934,0,a_S
1778659845.223721,1939,0,a_S
1778659845.2262678,2045,0,a_S
1778659845.2275672,1907,0,a_S
1778659845.232824,1888,0,a_S
1778659845.233552,2119,0,a_S
1778659845.2342248,2303,0,a_S
1778659845.2356339,2097,0,a_S
1778659845.240028,1957,0,a_S
1778659845.242135,1965,0,a_S
1778659845.2423658,2102,0,a_S
1778659845.2441978,1992,0,a_S
1778659845.245683,1919,0,a_S
1778659845.24823,1996,0,a_S
1778659845.249516,2261,0,a_S
1778659845.252065,2197,0,a_S
1778659845.2564878,2111,0,a_S
1778659845.256906,1965,0,a_S
1778659845.25915,2049,0,a_S
1778659845.260718,2006,0,a_S
1778659845.264197,1853,0,a_S
1778659845.2642949,2001,0,a_S
1778659845.267791,2261,0,a_S
1778659845.26787,2276,0,a_S
1778659845.270601,2040,0,a_S
1778659845.271904,1973,0,a_S
1778659845.274459,2003,0,a_S
1778659845.275753,2089,0,a_S
1778659845.2807732,1934,0,a_S
1778659845.281159,1983,0,a_S
1778659845.283106,2139,0,a_S
1778659845.284788,2318,0,a_S
1778659845.287607,2142,0,a_S
1778659845.287761,2044,0,a_S
1778659845.289799,2022,0,a_S
1778659845.2918808,2095,0,a_S
1778659845.294431,2040,0,a_S
1778659845.295716,1953,0,a_S
1778659845.298271,2116,0,a_S
1778659845.299558,2329,0,a_S
1778659845.305172,2229,0,a_S
1778659845.30645,2106,0,a_S
1778659845.306529,2025,0,a_S
1778659845.3083699,2100,0,a_S
1778659845.310209,2082,0,a_S
1778659845.313484,1958,0,a_S
1778659845.313649,1978,0,a_S
1778659845.316433,2203,0,a_S
1778659845.3177228,2296,0,a_S
1778659845.320346,2101,0,a_S
1778659845.321685,1996,0,a_S
1778659845.3242471,1951,0,a_S
1778659845.328054,2098,0,a_S
1778659845.3284311,1948,0,a_S
1778659845.330684,1995,0,a_S
1778659845.3322802,2140,0,a_S
1778659845.334071,2350,0,a_S
1778659845.337397,2201,0,a_S
1778659845.339366,2084,0,a_S
1778659845.3395462,2010,0,a_S
1778659845.34212,2086,0,a_S
1778659845.34348,1997,0,a_S
1778659845.3460429,1899,0,a_S
1778659845.348591,2056,0,a_S
1778659845.3498769,2294,0,a_S
1778659845.352541,2226,0,a_S
