timestamp,ch1,ch2,label
1778659769.700722,2048,0,ɑ
1778659769.700759,2006,0,ɑ
1778659769.700793,1890,0,ɑ
1778659769.705478,1984,0,ɑ
1778659769.705993,2147,0,ɑ
1778659769.707476,2172,0,ɑ
1778659769.709409,2083,0,ɑ
1778659769.712663,2011,0,ɑ
1778659769.7127428,2011,0,ɑ
1778659769.715293,2031,0,ɑ
1778659769.716579,1896,0,ɑ
1778659769.7191548,1937,0,ɑ
1778659769.720553,2156,0,ɑ
1778659769.7231538,2301,0,ɑ
1778659769.72876,2093,0,ɑ
1778659769.7293189,2033,0,ɑ
1778659769.73102,1953,0,ɑ
1778659769.7311912,2081,0,ɑ
1778659769.734269,2030,0,ɑ
1778659769.735002,1902,0,ɑ
1778659769.7378051,2058,0,ɑ
1778659769.7395542,2259,0,ɑ
1778659769.741329,2160,0,ɑ
1778659769.742672,2034,0,ɑ
1778659769.745343,1955,0,ɑ
1778659769.746729,2033,0,ɑ
1778659769.7532852,1995,0,ɑ
1778659769.754334,1890,0,ɑ
1778659769.755908,1994,0,ɑ
1778659769.75631,2206,0,ɑ
1778659769.7578602,2268,0,ɑ
1778659769.7601202,2090,0,ɑ
1778659769.7626948,2033,0,ɑ
1778659769.763201,2007,0,ɑ
1778659769.765156,2041,0,ɑ
1778659769.766562,1879,0,ɑ
1778659769.773621,1934,0,ɑ
1778659769.774992,2103,0,ɑ
1778659769.7763011,2294,0,ɑ
1778659769.776481,2076,0,ɑ
1778659769.7767198,1984,0,ɑ
1778659769.78177,1978,0,ɑ
1778659769.783133,2086,0,ɑ
1778659769.783465,2004,0,ɑ
1778659769.785435,1916,0,ɑ
1778659769.786805,2086,0,ɑ
1778659769.7895198,2254,0,ɑ
1778659769.790897,2206,0,ɑ
1778659769.79354,2011,0,ɑ
1778659769.800012,1975,0,ɑ
1778659769.8009129,2067,0,ɑ
1778659769.80216,2044,0,ɑ
1778659769.8024309,1894,0,ɑ
1778659769.804961,1926,0,ɑ
1778659769.805488,2139,0,ɑ
1778659769.807873,2238,0,ɑ
1778659769.811027,2050,0,ɑ
1778659769.811104,1974,0,ɑ
1778659769.8125231,1980,0,ɑ
1778659769.8151832,2046,0,ɑ
1778659769.816395,1879,0,ɑ
1778659769.819115,1942,0,ɑ
1778659769.8204758,2117,0,ɑ
1778659769.826266,2356,0,ɑ
1778659769.8268428,2140,0,ɑ
1778659769.831506,2052,0,ɑ
1778659769.832855,1931,0,ɑ
1778659769.834516,2079,0,ɑ
1778659769.8359108,1970,0,ɑ
1778659769.836234,1892,0,ɑ
1778659769.8381429,2035,0,ɑ
1778659769.839262,2277,0,ɑ
1778659769.840645,2211,0,ɑ
1778659769.84785,2079,0,ɑ
1778659769.848795,1959,0,ɑ
1778659769.850555,1990,0,ɑ
1778659769.853663,1977,0,ɑ
1778659769.856533,1873,0,ɑ
1778659769.857734,1982,0,ɑ
1778659769.8581839,2118,0,ɑ
1778659769.858509,2265,0,ɑ
1778659769.860233,2119,0,ɑ
1778659769.860972,2005,0,ɑ
1778659769.8624809,1963,0,ɑ
1778659769.865254,2082,0,ɑ
1778659769.866616,1953,0,ɑ
1778659769.8692741,1967,0,ɑ
1778659769.8755462,2125,0,ɑ
1778659769.87648,2290,0,ɑ
1778659769.8781362,2118,0,ɑ
1778659769.878356,2001,0,ɑ
1778659769.880228,1957,0,ɑ
1778659769.881978,2085,0,ɑ
1778659769.8845341,2015,0,ɑ
1778659769.884848,1886,0,ɑ
1778659769.888323,2039,0,ɑ
1778659769.888644,2306,0,ɑ
1778659769.891298,2180,0,ɑ
1778659769.892803,2046,0,ɑ
1778659769.896972,1912,0,ɑ
1778659769.897944,1955,0,ɑ
1778659769.899877,2063,0,ɑ
1778659769.9019,1911,0,ɑ
1778659769.90406,1988,0,ɑ
1778659769.908724,2168,0,ɑ
1778659769.9088159,2274,0,ɑ
1778659769.908855,2102,0,ɑ
1778659769.911776,1991,0,ɑ
1778659769.913182,2018,0,ɑ
1778659769.9145339,2101,0,ɑ
1778659769.917171,1849,0,ɑ
1778659769.9225779,1952,0,ɑ
1778659769.9252648,2105,0,ɑ
1778659769.9255512,2254,0,ɑ
1778659769.925766,2092,0,ɑ
1778659769.930169,2018,0,ɑ
1778659769.934551,1944,0,ɑ
1778659769.935116,2054,0,ɑ
1778659769.935148,2008,0,ɑ
1778659769.935176,1907,0,ɑ
1778659769.936563,2015,0,ɑ
1778659769.9392378,2248,0,ɑ
1778659769.9471622,2218,0,ɑ
1778659769.9497101,2012,0,ɑ
1778659769.951165,1943,0,ɑ
1778659769.95214,2035,0,ɑ
1778659769.953793,2019,0,ɑ
1778659769.955363,1856,0,ɑ
1778659769.955659,1923,0,ɑ
1778659769.9561548,2154,0,ɑ
1778659769.957967,2239,0,ɑ
1778659769.9599319,2083,0,ɑ
1778659769.961306,2012,0,ɑ
1778659769.962678,1963,0,ɑ
1778659769.965324,2026,0,ɑ
1778659769.966672,1952,0,ɑ
1778659769.9700549,1927,0,ɑ
1778659769.9774332,2094,0,ɑ
1778659769.9794,2295,0,ɑ
1778659769.980281,2108,0,ɑ
1778659769.9803588,2034,0,ɑ
1778659769.980412,1976,0,ɑ
1778659769.981483,2064,0,ɑ
1778659769.9845629,1991,0,ɑ
1778659769.986138,1960,0,ɑ
1778659769.98877,2003,0,ɑ
1778659769.988847,2247,0,ɑ
1778659769.9914849,2192,0,ɑ
1778659769.992854,2066,0,ɑ
1778659769.998983,1963,0,ɑ
1778659770.001484,2021,0,ɑ
1778659770.001906,2043,0,ɑ
1778659770.004479,1857,0,ɑ
1778659770.005918,1972,0,ɑ
1778659770.008328,2163,0,ɑ
1778659770.009981,2273,0,ɑ
1778659770.010297,2092,0,ɑ
1778659770.010529,1982,0,ɑ
1778659770.013026,2012,0,ɑ
1778659770.015585,2091,0,ɑ
1778659770.018164,1906,0,ɑ
1778659770.019563,1889,0,ɑ
1778659770.020905,2121,0,ɑ
1778659770.023587,2332,0,ɑ
1778659770.032675,2141,0,ɑ
1778659770.033022,2009,0,ɑ
1778659770.0349581,1953,0,ɑ
1778659770.035456,2065,0,ɑ
1778659770.035983,2011,0,ɑ
1778659770.037888,1915,0,ɑ
1778659770.0384388,2028,0,ɑ
1778659770.040143,2219,0,ɑ
1778659770.0415711,2220,0,ɑ
1778659770.0438871,2069,0,ɑ
1778659770.045194,1894,0,ɑ
1778659770.0465212,2046,0,ɑ
1778659770.049174,2066,0,ɑ
1778659770.057015,1887,0,ɑ
1778659770.0571342,1947,0,ɑ
1778659770.0572789,2188,0,ɑ
1778659770.057426,2347,0,ɑ
1778659770.0591319,2083,0,ɑ
1778659770.060561,1951,0,ɑ
1778659770.064994,1979,0,ɑ
1778659770.0654452,2103,0,ɑ
1778659770.0670662,1905,0,ɑ
1778659770.068376,1919,0,ɑ
1778659770.071021,2085,0,ɑ
1778659770.0723178,2365,0,ɑ
1778659770.0749362,2134,0,ɑ
1778659770.077512,2012,0,ɑ
1778659770.0856068,1967,0,ɑ
1778659770.0894668,2065,0,ɑ
1778659770.090382,2053,0,ɑ
1778659770.093309,1868,0,ɑ
1778659770.093434,2014,0,ɑ
1778659770.093576,2216,0,ɑ
1778659770.093811,2188,0,ɑ
1778659770.093956,2095,0,ɑ
1778659770.0960221,2007,0,ɑ
1778659770.0974212,2027,0,ɑ
1778659770.098727,2059,0,ɑ
1778659770.101302,1831,0,ɑ
1778659770.106617,1919,0,ɑ
1778659770.10706,2188,0,ɑ
1778659770.108747,2261,0,ɑ
1778659770.108889,2089,0,ɑ
1778659770.112125,2005,0,ɑ
1778659770.112545,1987,0,ɑ
1778659770.1160572,2055,0,ɑ
1778659770.1164181,1923,0,ɑ
1778659770.119211,1947,0,ɑ
1778659770.120754,2106,0,ɑ
1778659770.123389,2312,0,ɑ
1778659770.124706,2159,0,ɑ
1778659770.1272619,2145,0,ɑ
1778659770.128562,1956,0,ɑ
1778659770.1333709,1985,0,ɑ
1778659770.133944,1939,0,ɑ
1778659770.136193,1893,0,ɑ
1778659770.1363578,2015,0,ɑ
1778659770.1393878,2221,0,ɑ
1778659770.141778,2174,0,ɑ
1778659770.143219,2049,0,ɑ
1778659770.145597,1973,0,ɑ
1778659770.1469288,2023,0,ɑ
1778659770.1482391,2075,0,ɑ
1778659770.15503,1944,0,ɑ
1778659770.155485,1990,0,ɑ
1778659770.1559072,2183,0,ɑ
1778659770.157554,2303,0,ɑ
1778659770.159492,2066,0,ɑ
1778659770.1628969,2009,0,ɑ
1778659770.16307,1932,0,ɑ
1778659770.164511,2108,0,ɑ
1778659770.1669068,1956,0,ɑ
1778659770.168313,1936,0,ɑ
1778659770.17103,2094,0,ɑ
1778659770.172415,2273,0,ɑ
1778659770.174998,2142,0,ɑ
1778659770.1765382,2044,0,ɑ
1778659770.180725,1972,0,ɑ
1778659770.18118,2053,0,ɑ
1778659770.18359,2066,0,ɑ
1778659770.185499,1898,0,ɑ
1778659770.187878,1993,0,ɑ
1778659770.189576,2154,0,ɑ
1778659770.191115,2215,0,ɑ
1778659770.1932428,2075,0,ɑ
1778659770.1943748,1990,0,ɑ
1778659770.196949,2012,0,ɑ
1778659770.2017999,1971,0,ɑ
1778659770.2018921,1862,0,ɑ
1778659770.206315,1997,0,ɑ
1778659770.206773,2223,0,ɑ
1778659770.207231,2346,0,ɑ
1778659770.2099788,2092,0,ɑ
1778659770.2116191,1994,0,ɑ
1778659770.2137249,2011,0,ɑ
1778659770.215033,2093,0,ɑ
1778659770.21633,1932,0,ɑ
1778659770.2188952,1881,0,ɑ
1778659770.220323,2076,0,ɑ
1778659770.2229319,2344,0,ɑ
1778659770.227085,2171,0,ɑ
1778659770.227813,1962,0,ɑ
1778659770.230577,2046,0,ɑ
1778659770.231894,2040,0,ɑ
1778659770.233536,2032,0,ɑ
1778659770.235745,1890,0,ɑ
1778659770.239448,2021,0,ɑ
1778659770.239653,2213,0,ɑ
1778659770.240905,2218,0,ɑ
1778659770.242241,2090,0,ɑ
1778659770.24803,1990,0,ɑ
1778659770.2484,2021,0,ɑ
1778659770.24886,2027,0,ɑ
1778659770.25234,1889,0,ɑ
1778659770.254452,1947,0,ɑ
1778659770.254598,2115,0,ɑ
1778659770.2578812,2249,0,ɑ
1778659770.2596889,2038,0,ɑ
1778659770.260992,1976,0,ɑ
1778659770.262285,1999,0,ɑ
1778659770.264853,2108,0,ɑ
1778659770.267421,1941,0,ɑ
1778659770.272994,1912,0,ɑ
1778659770.2734149,2112,0,ɑ
1778659770.2745569,2299,0,ɑ
1778659770.275775,2156,0,ɑ
1778659770.2810628,2070,0,ɑ
1778659770.282917,2006,0,ɑ
1778659770.285011,2106,0,ɑ
1778659770.285223,1989,0,ɑ
1778659770.285255,1840,0,ɑ
1778659770.2865689,2086,0,ɑ
1778659770.289342,2221,0,ɑ
1778659770.29361,2247,0,ɑ
1778659770.294037,2071,0,ɑ
1778659770.295969,1948,0,ɑ
1778659770.297397,1975,0,ɑ
1778659770.2988338,2048,0,ɑ
1778659770.300864,1957,0,ɑ
1778659770.302351,1938,0,ɑ
1778659770.3058612,2135,0,ɑ
1778659770.307171,2324,0,ɑ
1778659770.308473,2121,0,ɑ
1778659770.3110259,1973,0,ɑ
1778659770.312313,1957,0,ɑ
1778659770.317652,2041,0,ɑ
1778659770.317769,1951,0,ɑ
1778659770.3206358,1913,0,ɑ
1778659770.322487,2109,0,ɑ
1778659770.323654,2312,0,ɑ
1778659770.326137,2149,0,ɑ
1778659770.326261,2029,0,ɑ
1778659770.329948,1976,0,ɑ
1778659770.331265,2028,0,ɑ
1778659770.332563,1983,0,ɑ
1778659770.339992,1878,0,ɑ
1778659770.340464,2049,0,ɑ
1778659770.3408341,2279,0,ɑ
1778659770.3437362,2179,0,ɑ
1778659770.343866,2036,0,ɑ
1778659770.3490791,1986,0,ɑ
1778659770.34919,2035,0,ɑ
1778659770.349503,2028,0,ɑ
1778659770.351779,1894,0,ɑ
1778659770.353075,1941,0,ɑ
1778659770.3545458,2076,0,ɑ
1778659770.3573399,2274,0,ɑ
1778659770.3585851,2161,0,ɑ
1778659770.361512,2046,0,ɑ
1778659770.366729,1995,0,ɑ
1778659770.371737,2093,0,ɑ
1778659770.3731751,1988,0,ɑ
1778659770.3749492,1931,0,ɑ
1778659770.376943,2072,0,ɑ
1778659770.377184,2303,0,ɑ
1778659770.379626,2165,0,ɑ
1778659770.379704,2022,0,ɑ
1778659770.3798,1976,0,ɑ
1778659770.3811562,2054,0,ɑ
1778659770.382602,2033,0,ɑ
1778659770.384618,1887,0,ɑ
1778659770.391541,2015,0,ɑ
1778659770.3944561,2246,0,ɑ
1778659770.401165,2216,0,ɑ
1778659770.403135,2022,0,ɑ
1778659770.403782,1995,0,ɑ
1778659770.403893,2033,0,ɑ
1778659770.403969,2053,0,ɑ
1778659770.404331,1890,0,ɑ
1778659770.404675,1851,0,ɑ
1778659770.404707,2082,0,ɑ
1778659770.408454,2326,0,ɑ
1778659770.40856,2080,0,ɑ
1778659770.412042,2018,0,ɑ
1778659770.415076,1983,0,ɑ
1778659770.4151459,2102,0,ɑ
1778659770.427538,1990,0,ɑ
1778659770.435107,1945,0,ɑ
1778659770.4353259,2090,0,ɑ
1778659770.4354172,2338,0,ɑ
1778659770.435534,2176,0,ɑ
1778659770.4356039,2023,0,ɑ
1778659770.43573,1991,0,ɑ
1778659770.4358048,2052,0,ɑ
1778659770.435872,2008,0,ɑ
1778659770.435924,1881,0,ɑ
1778659770.4386182,1975,0,ɑ
1778659770.438654,2171,0,ɑ
1778659770.440928,2263,0,ɑ
1778659770.448977,2114,0,ɑ
1778659770.450409,1952,0,ɑ
1778659770.4523442,1910,0,ɑ
1778659770.457175,2084,0,ɑ
1778659770.45759,1894,0,ɑ
1778659770.4577641,1968,0,ɑ
1778659770.4601521,2137,0,ɑ
1778659770.4602299,2379,0,ɑ
1778659770.460309,2083,0,ɑ
1778659770.460373,1964,0,ɑ
1778659770.463157,1970,0,ɑ
1778659770.464502,2076,0,ɑ
1778659770.4670699,1963,0,ɑ
1778659770.46838,1889,0,ɑ
1778659770.473856,2127,0,ɑ
1778659770.474699,2263,0,ɑ
1778659770.4752908,2183,0,ɑ
1778659770.4766989,2069,0,ɑ
1778659770.4787369,1967,0,ɑ
1778659770.482084,2088,0,ɑ
1778659770.483867,2025,0,ɑ
1778659770.4854872,1830,0,ɑ
1778659770.48706,1954,0,ɑ
1778659770.488367,2205,0,ɑ
1778659770.49424,2256,0,ɑ
1778659770.496446,2122,0,ɑ
1778659770.496567,2006,0,ɑ
1778659770.496649,2061,0,ɑ
1778659770.498224,2039,0,ɑ
1778659770.501581,1936,0,ɑ
1778659770.5055501,1939,0,ɑ
1778659770.505632,2109,0,ɑ
1778659770.507051,2253,0,ɑ
1778659770.5083451,2103,0,ɑ
1778659770.510891,1994,0,ɑ
1778659770.512487,1971,0,ɑ
1778659770.51862,2055,0,ɑ
1778659770.519083,1990,0,ɑ
1778659770.5214589,1952,0,ɑ
1778659770.521651,2065,0,ɑ
1778659770.523811,2234,0,ɑ
1778659770.52654,2118,0,ɑ
1778659770.5303621,2028,0,ɑ
1778659770.530854,1993,0,ɑ
1778659770.5309088,2042,0,ɑ
1778659770.5321972,2024,0,ɑ
1778659770.534789,1948,0,ɑ
1778659770.5362089,1991,0,ɑ
1778659770.53885,2162,0,ɑ
1778659770.543723,2252,0,ɑ
1778659770.544176,2113,0,ɑ
1778659770.544267,1958,0,ɑ
1778659770.546646,1956,0,ɑ
1778659770.549035,2033,0,ɑ
1778659770.551581,1900,0,ɑ
1778659770.55354,1973,0,ɑ
1778659770.5551229,2216,0,ɑ
1778659770.5564191,2349,0,ɑ
1778659770.558968,2154,0,ɑ
1778659770.560321,2013,0,ɑ
1778659770.562864,1961,0,ɑ
1778659770.56415,2056,0,ɑ
1778659770.568476,1906,0,ɑ
1778659770.568874,1937,0,ɑ
1778659770.572662,2020,0,ɑ
1778659770.5734038,2270,0,ɑ
1778659770.574896,2158,0,ɑ
1778659770.578016,2068,0,ɑ
1778659770.57841,1996,0,ɑ
1778659770.58113,2088,0,ɑ
1778659770.582418,2029,0,ɑ
1778659770.584966,1917,0,ɑ
1778659770.586259,1998,0,ɑ
1778659770.588827,2149,0,ɑ
1778659770.593894,2208,0,ɑ
1778659770.5943391,2089,0,ɑ
1778659770.595126,2029,0,ɑ
1778659770.5980449,2028,0,ɑ
1778659770.5991092,2083,0,ɑ
1778659770.601324,1905,0,ɑ
1778659770.603263,1907,0,ɑ
1778659770.60539,2148,0,ɑ
1778659770.606685,2286,0,ɑ
1778659770.6092448,2081,0,ɑ
1778659770.610541,2007,0,ɑ
1778659770.613086,1958,0,ɑ
1778659770.6145449,2099,0,ɑ
1778659770.618397,2008,0,ɑ
1778659770.6188002,1861,0,ɑ
1778659770.6223931,1987,0,ɑ
1778659770.623199,2336,0,ɑ
1778659770.6248121,2242,0,ɑ
1778659770.628078,2040,0,ɑ
1778659770.628248,1909,0,ɑ
1778659770.6309981,2080,0,ɑ
1778659770.6322901,1984,0,ɑ
1778659770.6348338,1881,0,ɑ
1778659770.6361222,1964,0,ɑ
1778659770.6387148,2167,0,ɑ
1778659770.64357,2234,0,ɑ
1778659770.6440058,2074,0,ɑ
1778659770.6447291,2041,0,ɑ
1778659770.647578,1997,0,ɑ
1778659770.649384,2048,0,ɑ
1778659770.6526132,1885,0,ɑ
1778659770.652735,1953,0,ɑ
1778659770.654746,2133,0,ɑ
1778659770.6562119,2361,0,ɑ
1778659770.6588311,2118,0,ɑ
1778659770.660011,1962,0,ɑ
1778659770.662384,1952,0,ɑ
1778659770.668752,2093,0,ɑ
1778659770.669281,1978,0,ɑ
1778659770.669667,1851,0,ɑ
1778659770.6733708,2028,0,ɑ
1778659770.67443,2254,0,ɑ
1778659770.674487,2209,0,ɑ
1778659770.676126,2103,0,ɑ
1778659770.68015,2004,0,ɑ
1778659770.6801841,2095,0,ɑ
1778659770.6827362,2036,0,ɑ
1778659770.6850471,1870,0,ɑ
1778659770.68634,1958,0,ɑ
1778659770.68904,2186,0,ɑ
1778659770.6961348,2289,0,ɑ
1778659770.697699,2082,0,ɑ
1778659770.698087,2002,0,ɑ
1778659770.6990669,1921,0,ɑ
1778659770.699212,2027,0,ɑ
1778659770.701487,1951,0,ɑ
1778659770.704185,1932,0,ɑ
1778659770.705636,2115,0,ɑ
1778659770.7069309,2316,0,ɑ
1778659770.70822,2092,0,ɑ
1778659770.7139661,2017,0,ɑ
1778659770.71435,1967,0,ɑ
1778659770.715061,2115,0,ɑ
1778659770.7176352,1998,0,ɑ
1778659770.7194262,1933,0,ɑ
1778659770.721111,2025,0,ɑ
1778659770.723147,2288,0,ɑ
1778659770.725098,2192,0,ɑ
1778659770.7263942,2071,0,ɑ
1778659770.7289531,2002,0,ɑ
1778659770.730248,2037,0,ɑ
1778659770.7327979,2020,0,ɑ
1778659770.734133,1833,0,ɑ
1778659770.738027,2025,0,ɑ
1778659770.738483,2206,0,ɑ
1778659770.7407072,2275,0,ɑ
1778659770.742916,2111,0,ɑ
1778659770.745805,2004,0,ɑ
1778659770.7478662,2017,0,ɑ
1778659770.74991,2055,0,ɑ
1778659770.751203,1987,0,ɑ
1778659770.752728,1930,0,ɑ
1778659770.754056,2069,0,ɑ
1778659770.75662,2231,0,ɑ
1778659770.763083,2119,0,ɑ
1778659770.763836,2024,0,ɑ
1778659770.763938,1981,0,ɑ
1778659770.7654321,2087,0,ɑ
1778659770.767189,2001,0,ɑ
1778659770.772146,1896,0,ɑ
1778659770.772245,2039,0,ɑ
1778659770.772334,2274,0,ɑ
1778659770.7750988,2198,0,ɑ
1778659770.7763882,2035,0,ɑ
1778659770.778937,1920,0,ɑ
1778659770.780221,2041,0,ɑ
1778659770.782772,2037,0,ɑ
1778659770.786437,1946,0,ɑ
1778659770.787945,1988,0,ɑ
1778659770.7891042,2172,0,ɑ
1778659770.790817,2330,0,ɑ
1778659770.7937238,2073,0,ɑ
1778659770.795711,1945,0,ɑ
1778659770.79725,1934,0,ɑ
1778659770.798552,2008,0,ɑ
1778659770.801099,1930,0,ɑ
1778659770.8024478,1871,0,ɑ
1778659770.805115,2117,0,ɑ
1778659770.8102689,2305,0,ɑ
1778659770.810902,2121,0,ɑ
1778659770.811331,2035,0,ɑ
1778659770.81367,2031,0,ɑ
1778659770.815852,2182,0,ɑ
1778659770.818903,2093,0,ɑ
1778659770.81903,1944,0,ɑ
1778659770.8209121,2047,0,ɑ
1778659770.8221388,2282,0,ɑ
1778659770.824718,2252,0,ɑ
1778659770.826014,2055,0,ɑ
1778659770.8285592,1961,0,ɑ
1778659770.833706,1973,0,ɑ
1778659770.8337972,1973,0,ɑ
1778659770.835635,1838,0,ɑ
1778659770.8381581,1880,0,ɑ
1778659770.8385978,2130,0,ɑ
1778659770.840949,2193,0,ɑ
1778659770.842947,1947,0,ɑ
1778659770.8450181,1874,0,ɑ
1778659770.8463411,1935,0,ɑ
1778659770.848895,1950,0,ɑ
1778659770.850107,1928,0,ɑ
1778659770.8526561,1931,0,ɑ
1778659770.854232,2243,0,ɑ
1778659770.858737,2444,0,ɑ
1778659770.859144,2255,0,ɑ
1778659770.860688,2145,0,ɑ
1778659770.862808,1969,0,ɑ
1778659770.8655849,1685,0,ɑ
1778659770.867696,2005,0,ɑ
1778659770.869663,2077,0,ɑ
1778659770.871231,2205,0,ɑ
1778659770.873078,2173,0,ɑ
1778659770.8745081,2092,0,ɑ
1778659770.877089,2072,0,ɑ
1778659770.878659,2094,0,ɑ
1778659770.8845792,2236,0,ɑ
1778659770.888242,2171,0,ɑ
1778659770.88898,1962,0,ɑ
1778659770.8890612,1905,0,ɑ
1778659770.8891678,2084,0,ɑ
1778659770.893306,2230,0,ɑ
1778659770.893632,2117,0,ɑ
1778659770.89566,2108,0,ɑ
1778659770.89698,1926,0,ɑ
1778659770.8983831,1930,0,ɑ
1778659770.915167,1872,0,ɑ
1778659770.9158459,1876,0,ɑ
1778659770.916019,2102,0,ɑ
1778659770.916057,2229,0,ɑ
1778659770.9160829,1944,0,ɑ
1778659770.916136,1940,0,ɑ
1778659770.916231,2036,0,ɑ
1778659770.916357,2229,0,ɑ
1778659770.916457,2160,0,ɑ
1778659770.9191418,2000,0,ɑ
1778659770.920531,1981,0,ɑ
1778659770.922224,2061,0,ɑ
1778659770.9251578,2136,0,ɑ
1778659770.930414,2298,0,ɑ
1778659770.931007,2125,0,ɑ
1778659770.932551,2054,0,ɑ
1778659770.932837,2005,0,ɑ
1778659770.9346938,1843,0,ɑ
1778659770.938354,1626,0,ɑ
1778659770.940489,1896,0,ɑ
1778659770.9406688,2311,0,ɑ
1778659770.942642,2305,0,ɑ
1778659770.944169,2071,0,ɑ
1778659770.950994,1982,0,ɑ
1778659770.951364,2060,0,ɑ
1778659770.951744,2038,0,ɑ
1778659770.954539,1733,0,ɑ
1778659770.955002,1889,0,ɑ
1778659770.958047,2444,0,ɑ
1778659770.958154,2254,0,ɑ
1778659770.960119,2058,0,ɑ
1778659770.963042,1929,0,ɑ
1778659770.9643369,2014,0,ɑ
1778659770.9668841,1999,0,ɑ
1778659770.9680052,1959,0,ɑ
1778659770.970838,2091,0,ɑ
1778659770.9758,2268,0,ɑ
1778659770.977018,2178,0,ɑ
1778659770.977418,1850,0,ɑ
1778659770.9799092,1625,0,ɑ
1778659770.980344,1931,0,ɑ
1778659770.982272,2080,0,ɑ
1778659770.9856699,1859,0,ɑ
1778659770.987922,2009,0,ɑ
1778659770.988161,2230,0,ɑ
1778659770.990726,2197,0,ɑ
1778659770.9920928,2185,0,ɑ
1778659770.994669,2061,0,ɑ
1778659770.996016,2022,0,ɑ
1778659771.0005949,2119,0,ɑ
1778659771.0014222,2068,0,ɑ
1778659771.005462,1931,0,ɑ
1778659771.005924,2109,0,ɑ
1778659771.0063832,2319,0,ɑ
1778659771.0093288,2087,0,ɑ
1778659771.0114062,1876,0,ɑ
1778659771.0136168,1779,0,ɑ
1778659771.014921,2048,0,ɑ
1778659771.016213,1998,0,ɑ
1778659771.021972,1900,0,ɑ
1778659771.022824,2048,0,ɑ
1778659771.024082,2259,0,ɑ
1778659771.0242848,2288,0,ɑ
1778659771.027411,2172,0,ɑ
1778659771.0293682,1954,0,ɑ
1778659771.03137,1963,0,ɑ
1778659771.033269,2030,0,ɑ
1778659771.0345652,1844,0,ɑ
1778659771.037272,1734,0,ɑ
1778659771.0386171,1865,0,ɑ
1778659771.039914,2114,0,ɑ
1778659771.042469,1918,0,ɑ
1778659771.046823,1696,0,ɑ
1778659771.046904,2003,0,ɑ
1778659771.049475,2359,0,ɑ
1778659771.0513558,2186,0,ɑ
1778659771.052723,2000,0,ɑ
1778659771.054867,2211,0,ɑ
1778659771.05703,2675,0,ɑ
1778659771.059026,2398,0,ɑ
1778659771.060328,2093,0,ɑ
1778659771.062975,1984,0,ɑ
1778659771.0667572,1974,0,ɑ
1778659771.067162,1860,0,ɑ
1778659771.069209,1572,0,ɑ
1778659771.071176,1607,0,ɑ
1778659771.073067,2112,0,ɑ
1778659771.076282,2068,0,ɑ
1778659771.076425,1797,0,ɑ
1778659771.07802,2001,0,ɑ
1778659771.0805771,2023,0,ɑ
1778659771.0831208,2065,0,ɑ
1778659771.084406,2016,0,ɑ
1778659771.091439,1920,0,ɑ
1778659771.091533,2213,0,ɑ
1778659771.0919092,2322,0,ɑ
1778659771.092001,2052,0,ɑ
1778659771.095007,1668,0,ɑ
1778659771.096452,1712,0,ɑ
1778659771.098068,2197,0,ɑ
1778659771.101799,1749,0,ɑ
1778659771.1030872,873,0,ɑ
1778659771.104553,1539,0,ɑ
1778659771.1071098,2694,0,ɑ
1778659771.108397,2649,0,ɑ
1778659771.1142359,2011,0,ɑ
1778659771.114604,1837,0,ɑ
1778659771.115032,2047,0,ɑ
1778659771.116784,2097,0,ɑ
1778659771.1181939,1861,0,ɑ
1778659771.1214771,1878,0,ɑ
1778659771.123446,1116,0,ɑ
1778659771.125385,854,0,ɑ
1778659771.1266801,2088,0,ɑ
1778659771.127903,2284,0,ɑ
1778659771.13045,2073,0,ɑ
1778659771.132991,2165,0,ɑ
1778659771.137513,1612,0,ɑ
1778659771.137984,2138,0,ɑ
1778659771.1386502,2332,0,ɑ
1778659771.1400309,2490,0,ɑ
1778659771.142903,1881,0,ɑ
1778659771.144585,401,0,ɑ
1778659771.146541,1252,0,ɑ
1778659771.148314,2546,0,ɑ
1778659771.15086,2258,0,ɑ
1778659771.152148,1819,0,ɑ
1778659771.154709,1950,0,ɑ
1778659771.1560042,2358,0,ɑ
1778659771.160684,2310,0,ɑ
1778659771.161002,2205,0,ɑ
1778659771.162903,1778,0,ɑ
1778659771.16431,1425,0,ɑ
1778659771.1694138,1323,0,ɑ
1778659771.16956,1232,0,ɑ
1778659771.171575,1632,0,ɑ
1778659771.172868,1849,0,ɑ
1778659771.1741672,1959,0,ɑ
1778659771.1767108,1857,0,ɑ
1778659771.177993,1411,0,ɑ
1778659771.18376,1651,0,ɑ
1778659771.184164,1436,0,ɑ
1778659771.184868,1165,0,ɑ
1778659771.1880178,1272,0,ɑ
1778659771.188328,1967,0,ɑ
1778659771.191067,2005,0,ɑ
1778659771.195149,2779,0,ɑ
1778659771.1952279,2376,0,ɑ
1778659771.196838,2283,0,ɑ
1778659771.198136,1830,0,ɑ
1778659771.200734,1811,0,ɑ
1778659771.204715,1983,0,ɑ
1778659771.205069,2356,0,ɑ
1778659771.206642,2360,0,ɑ
1778659771.208391,1754,0,ɑ
1778659771.211065,2174,0,ɑ
1778659771.2130098,2217,0,ɑ
1778659771.214859,2679,0,ɑ
1778659771.216152,1827,0,ɑ
1778659771.2186959,1903,0,ɑ
1778659771.219979,1921,0,ɑ
1778659771.2225258,2023,0,ɑ
1778659771.226618,1665,0,ɑ
1778659771.22701,1415,0,ɑ
1778659771.228797,1420,0,ɑ
1778659771.23052,1871,0,ɑ
1778659771.2321448,1947,0,ɑ
1778659771.235179,1059,0,ɑ
1778659771.237041,939,0,ɑ
1778659771.238338,2187,0,ɑ
1778659771.240887,2748,0,ɑ
1778659771.242153,2060,0,ɑ
1778659771.244697,2076,0,ɑ
1778659771.249378,1957,0,ɑ
1778659771.250064,2174,0,ɑ
1778659771.251483,2137,0,ɑ
1778659771.252967,1743,0,ɑ
1778659771.25481,1715,0,ɑ
1778659771.256293,2177,0,ɑ
1778659771.258472,1982,0,ɑ
1778659771.2604108,1634,0,ɑ
1778659771.2629728,1567,0,ɑ
1778659771.2642949,1697,0,ɑ
1778659771.267622,1473,0,ɑ
1778659771.269022,1641,0,ɑ
1778659771.2750568,1836,0,ɑ
1778659771.280997,1481,0,ɑ
1778659771.285459,1609,0,ɑ
1778659771.2855868,1772,0,ɑ
1778659771.285619,2050,0,ɑ
1778659771.285642,2263,0,ɑ
1778659771.285664,2147,0,ɑ
1778659771.285686,1753,0,ɑ
1778659771.288057,2001,0,ɑ
1778659771.2882261,2461,0,ɑ
1778659771.2913961,2485,0,ɑ
1778659771.292903,2167,0,ɑ
1778659771.2942688,1801,0,ɑ
1778659771.301468,1619,0,ɑ
1778659771.301698,1666,0,ɑ
1778659771.309612,1060,0,ɑ
1778659771.3100429,944,0,ɑ
1778659771.312045,2175,0,ɑ
1778659771.31212,3125,0,ɑ
1778659771.3121731,1569,0,ɑ
1778659771.312222,1821,0,ɑ
1778659771.3122718,2638,0,ɑ
1778659771.315341,2370,0,ɑ
1778659771.3269958,2227,0,ɑ
1778659771.332492,2306,0,ɑ
1778659771.33268,2441,0,ɑ
1778659771.3328671,2363,0,ɑ
1778659771.333004,2102,0,ɑ
1778659771.333909,1948,0,ɑ
1778659771.334028,1844,0,ɑ
1778659771.334084,1878,0,ɑ
1778659771.334142,1884,0,ɑ
1778659771.33428,1824,0,ɑ
1778659771.3368618,1982,0,ɑ
1778659771.3380952,2136,0,ɑ
1778659771.342339,2133,0,ɑ
1778659771.349163,1743,0,ɑ
1778659771.35263,1714,0,ɑ
1778659771.356714,1663,0,ɑ
1778659771.356797,2103,0,ɑ
1778659771.359037,2376,0,ɑ
1778659771.359145,2283,0,ɑ
1778659771.3592,2360,0,ɑ
1778659771.3592498,2459,0,ɑ
1778659771.3592992,2402,0,ɑ
1778659771.36064,1305,0,ɑ
1778659771.374542,1951,0,ɑ
1778659771.377735,2574,0,ɑ
1778659771.379884,2270,0,ɑ
1778659771.379968,1819,0,ɑ
1778659771.380022,1813,0,ɑ
1778659771.3800719,2175,0,ɑ
1778659771.380121,2368,0,ɑ
1778659771.380169,2113,0,ɑ
1778659771.380217,1621,0,ɑ
1778659771.380264,2043,0,ɑ
1778659771.383342,2019,0,ɑ
1778659771.384869,1870,0,ɑ
1778659771.3862212,1905,0,ɑ
1778659771.399074,2283,0,ɑ
1778659771.400743,2620,0,ɑ
1778659771.403081,2434,0,ɑ
1778659771.4033458,2321,0,ɑ
1778659771.405361,2130,0,ɑ
1778659771.405455,2056,0,ɑ
1778659771.40558,1768,0,ɑ
1778659771.405654,1658,0,ɑ
1778659771.4056802,1899,0,ɑ
1778659771.407456,2236,0,ɑ
1778659771.409045,2210,0,ɑ
1778659771.425048,2198,0,ɑ
1778659771.425259,2059,0,ɑ
1778659771.425372,2081,0,ɑ
1778659771.425498,2034,0,ɑ
1778659771.425581,1859,0,ɑ
1778659771.425664,1953,0,ɑ
1778659771.4257548,2210,0,ɑ
1778659771.425778,2371,0,ɑ
1778659771.425866,2236,0,ɑ
1778659771.428441,2114,0,ɑ
1778659771.4310012,2095,0,ɑ
1778659771.432291,2102,0,ɑ
1778659771.463674,1966,0,ɑ
1778659771.474741,1897,0,ɑ
1778659771.475492,2144,0,ɑ
1778659771.493245,2435,0,ɑ
1778659771.494623,2310,0,ɑ
1778659771.496733,2191,0,ɑ
1778659771.497599,2070,0,ɑ
1778659771.4976609,2203,0,ɑ
1778659771.497707,2090,0,ɑ
1778659771.4977531,2032,0,ɑ
1778659771.4986129,2071,0,ɑ
1778659771.498858,2290,0,ɑ
1778659771.4990258,2139,0,ɑ
1778659771.506143,2117,0,ɑ
1778659771.506206,2337,0,ɑ
1778659771.506243,2205,0,ɑ
1778659771.506269,2147,0,ɑ
1778659771.5062962,1976,0,ɑ
1778659771.5063198,2096,0,ɑ
1778659771.506343,2351,0,ɑ
1778659771.506508,2449,0,ɑ
1778659771.506592,2229,0,ɑ
1778659771.506716,2113,0,ɑ
1778659771.506861,2097,0,ɑ
1778659771.5070138,2147,0,ɑ
1778659771.5070798,2001,0,ɑ
1778659771.5071979,2021,0,ɑ
1778659771.5072489,2193,0,ɑ
1778659771.5072792,2452,0,ɑ
1778659771.507304,2222,0,ɑ
1778659771.50733,2128,0,ɑ
1778659771.507354,2057,0,ɑ
1778659771.5073779,2148,0,ɑ
1778659771.507401,2044,0,ɑ
1778659771.507425,1963,0,ɑ
1778659771.5074492,2137,0,ɑ
1778659771.507473,2412,0,ɑ
1778659771.524183,2334,0,ɑ
1778659771.5264409,2163,0,ɑ
1778659771.526668,2052,0,ɑ
1778659771.526724,2091,0,ɑ
1778659771.526773,2112,0,ɑ
1778659771.547741,1992,0,ɑ
1778659771.578589,2093,0,ɑ
1778659771.5787442,2303,0,ɑ
1778659771.578903,2389,0,ɑ
1778659771.5789702,2193,0,ɑ
1778659771.579021,2080,0,ɑ
1778659771.579079,2104,0,ɑ
1778659771.5791411,2188,0,ɑ
1778659771.579166,2023,0,ɑ
1778659771.579191,2010,0,ɑ
1778659771.579214,2186,0,ɑ
1778659771.579238,2351,0,ɑ
1778659771.5792608,2169,0,ɑ
1778659771.579438,2111,0,ɑ
1778659771.5795012,2040,0,ɑ
1778659771.5795531,2182,0,ɑ
1778659771.579602,2093,0,ɑ
1778659771.579651,1999,0,ɑ
1778659771.579699,2137,0,ɑ
1778659771.5797482,2365,0,ɑ
1778659771.579799,2284,0,ɑ
1778659771.579852,2158,0,ɑ
1778659771.5798998,2078,0,ɑ
1778659771.579947,2137,0,ɑ
1778659771.579995,2142,0,ɑ
1778659771.58004,1961,0,ɑ
1778659771.5800881,2020,0,ɑ
1778659771.580134,2309,0,ɑ
1778659771.580182,2371,0,ɑ
1778659771.5802329,2196,0,ɑ
1778659771.58028,2148,0,ɑ
1778659771.580328,2084,0,ɑ
1778659771.5881972,2178,0,ɑ
1778659771.588588,2005,0,ɑ
1778659771.589946,2003,0,ɑ
1778659771.590202,2225,0,ɑ
1778659771.5903502,2376,0,ɑ
1778659771.600917,2149,0,ɑ
1778659771.601055,2089,0,ɑ
1778659771.601278,2050,0,ɑ
1778659771.601378,2139,0,ɑ
1778659771.601461,2071,0,ɑ
1778659771.602994,1961,0,ɑ
1778659771.606339,2116,0,ɑ
1778659771.60703,2304,0,ɑ
1778659771.608219,2265,0,ɑ
1778659771.6163242,2120,0,ɑ
1778659771.6192262,2012,0,ɑ
1778659771.623015,2087,0,ɑ
1778659771.6257012,2088,0,ɑ
1778659771.625854,1924,0,ɑ
1778659771.6261609,1976,0,ɑ
1778659771.6262348,2244,0,ɑ
1778659771.6278021,2332,0,ɑ
1778659771.62835,2138,0,ɑ
1778659771.628622,1990,0,ɑ
1778659771.6299121,1963,0,ɑ
1778659771.638942,2051,0,ɑ
1778659771.639076,1897,0,ɑ
1778659771.639348,1912,0,ɑ
1778659771.643103,2139,0,ɑ
1778659771.647614,2368,0,ɑ
1778659771.647885,2197,0,ɑ
1778659771.648146,2085,0,ɑ
1778659771.648305,2005,0,ɑ
1778659771.648463,2101,0,ɑ
1778659771.650251,2037,0,ɑ
1778659771.6528351,1922,0,ɑ
1778659771.731196,2073,0,ɑ
1778659771.731355,2256,0,ɑ
1778659771.7314281,2239,0,ɑ
1778659771.731482,2076,0,ɑ
1778659771.731597,1976,0,ɑ
1778659771.73165,2024,0,ɑ
1778659771.731679,1939,0,ɑ
1778659771.7317052,1747,0,ɑ
1778659771.731732,1962,0,ɑ
1778659771.7317572,2310,0,ɑ
1778659771.7317839,2374,0,ɑ
1778659771.7318091,2078,0,ɑ
1778659771.731835,2050,0,ɑ
1778659771.73186,2155,0,ɑ
1778659771.7318861,2241,0,ɑ
1778659771.7319129,2041,0,ɑ
1778659771.731942,1967,0,ɑ
1778659771.731968,2116,0,ɑ
1778659771.732032,2299,0,ɑ
1778659771.7321322,2104,0,ɑ
1778659771.732193,2011,0,ɑ
1778659771.732254,1958,0,ɑ
1778659771.732307,1951,0,ɑ
1778659771.73236,1918,0,ɑ
1778659771.7324102,1933,0,ɑ
1778659771.732471,2098,0,ɑ
1778659771.732503,2356,0,ɑ
1778659771.732529,2259,0,ɑ
1778659771.732554,2043,0,ɑ
1778659771.7325811,1948,0,ɑ
1778659771.732657,2127,0,ɑ
1778659771.732716,2146,0,ɑ
1778659771.732773,1935,0,ɑ
1778659771.732826,1914,0,ɑ
1778659771.732876,2197,0,ɑ
1778659771.7329311,2380,0,ɑ
1778659771.732987,2080,0,ɑ
1778659771.7330408,1846,0,ɑ
1778659771.733098,1869,0,ɑ
1778659771.733153,2052,0,ɑ
1778659771.7345212,2087,0,ɑ
1778659771.73591,2099,0,ɑ
1778659771.764684,2240,0,ɑ
1778659771.764727,2406,0,ɑ
1778659771.764755,2243,0,ɑ
1778659771.7648199,2166,0,ɑ
1778659771.76486,2116,0,ɑ
1778659771.764887,2174,0,ɑ
1778659771.7649128,2006,0,ɑ
1778659771.764937,1872,0,ɑ
1778659771.7649632,1953,0,ɑ
1778659771.764987,2159,0,ɑ
1778659771.7650108,2153,0,ɑ
1778659771.765035,2052,0,ɑ
1778659771.7650602,2005,0,ɑ
1778659771.7650838,2082,0,ɑ
1778659771.7695801,2100,0,ɑ
1778659771.769678,1933,0,ɑ
1778659771.769823,1941,0,ɑ
1778659771.7730381,2168,0,ɑ
1778659771.7744708,2314,0,ɑ
1778659771.775774,2080,0,ɑ
1778659771.78287,2028,0,ɑ
1778659771.783445,2031,0,ɑ
1778659771.784331,2094,0,ɑ
1778659771.786113,1937,0,ɑ
1778659771.797288,1927,0,ɑ
1778659771.7991319,2063,0,ɑ
1778659771.799207,2318,0,ɑ
1778659771.7992609,2166,0,ɑ
1778659771.799314,2018,0,ɑ
1778659771.7993631,1832,0,ɑ
1778659771.799457,2043,0,ɑ
1778659771.8008451,2018,0,ɑ
1778659771.810173,1940,0,ɑ
1778659771.810501,2068,0,ɑ
1778659771.8108091,2258,0,ɑ
1778659771.820228,2244,0,ɑ
1778659771.823819,2108,0,ɑ
1778659771.82389,2047,0,ɑ
1778659771.823998,2094,0,ɑ
1778659771.8243148,2087,0,ɑ
1778659771.824426,1897,0,ɑ
1778659771.8244622,1901,0,ɑ
1778659771.8244889,2173,0,ɑ
1778659771.824657,2285,0,ɑ
1778659771.8263948,2070,0,ɑ
1778659771.828893,2015,0,ɑ
1778659771.830658,2034,0,ɑ
1778659771.832286,2148,0,ɑ
1778659771.83393,2034,0,ɑ
1778659771.8392022,1955,0,ɑ
1778659771.842391,2130,0,ɑ
1778659771.84262,2332,0,ɑ
1778659771.846807,2188,0,ɑ
1778659771.851999,2060,0,ɑ
1778659771.855248,1981,0,ɑ
1778659771.855304,2093,0,ɑ
1778659771.8554041,2004,0,ɑ
1778659771.8555782,1900,0,ɑ
1778659771.8556108,2016,0,ɑ
1778659771.856983,2261,0,ɑ
1778659771.85827,2276,0,ɑ
1778659771.862745,2113,0,ɑ
1778659771.865856,2001,0,ɑ
1778659771.8660321,2006,0,ɑ
1778659771.8661299,2034,0,ɑ
1778659771.8769212,1917,0,ɑ
1778659771.8770392,1991,0,ɑ
1778659771.8771358,2179,0,ɑ
1778659771.877267,2335,0,ɑ
1778659771.877368,2117,0,ɑ
1778659771.878709,2031,0,ɑ
1778659771.880012,2044,0,ɑ
1778659771.882723,2119,0,ɑ
1778659771.883931,2006,0,ɑ
1778659771.8865669,1946,0,ɑ
1778659771.892382,2120,0,ɑ
1778659771.895565,2320,0,ɑ
1778659771.898828,2180,0,ɑ
1778659771.901464,2065,0,ɑ
1778659771.901568,2022,0,ɑ
1778659771.9072661,2116,0,ɑ
1778659771.9084082,2054,0,ɑ
1778659771.908536,1927,0,ɑ
1778659771.90944,2021,0,ɑ
1778659771.9100668,2252,0,ɑ
1778659771.910218,2283,0,ɑ
1778659771.9103081,2114,0,ɑ
1778659771.930069,2009,0,ɑ
1778659771.9302552,2031,0,ɑ
1778659771.930301,2056,0,ɑ
1778659771.930329,1905,0,ɑ
1778659771.9303548,1980,0,ɑ
1778659771.93038,2188,0,ɑ
1778659771.9304042,2352,0,ɑ
1778659771.930429,2114,0,ɑ
1778659771.930453,2015,0,ɑ
1778659771.930478,2002,0,ɑ
1778659771.93182,2083,0,ɑ
1778659771.934564,1941,0,ɑ
1778659771.935859,1912,0,ɑ
1778659771.9393458,2118,0,ɑ
1778659771.9413602,2390,0,ɑ
1778659771.946211,2221,0,ɑ
1778659771.947071,2079,0,ɑ
1778659771.9528582,2026,0,ɑ
1778659771.954098,2109,0,ɑ
1778659771.95561,2054,0,ɑ
1778659771.960165,1927,0,ɑ
1778659771.9602728,2013,0,ɑ
1778659771.96103,2202,0,ɑ
1778659771.961493,2229,0,ɑ
1778659771.963059,2072,0,ɑ
1778659771.9630878,1997,0,ɑ
1778659771.965217,2031,0,ɑ
1778659771.966697,2059,0,ɑ
1778659771.975895,1916,0,ɑ
1778659771.976445,1933,0,ɑ
1778659771.979188,2163,0,ɑ
1778659771.984378,2315,0,ɑ
1778659771.9846,2072,0,ɑ
1778659771.9846752,1988,0,ɑ
1778659771.9847481,1966,0,ɑ
1778659771.984784,2077,0,ɑ
1778659771.984811,1983,0,ɑ
1778659771.98616,1942,0,ɑ
1778659771.99009,2077,0,ɑ
1778659771.9918342,2311,0,ɑ
1778659771.9919171,2182,0,ɑ
1778659771.995563,2055,0,ɑ
1778659771.9998238,1950,0,ɑ
1778659771.999905,2081,0,ɑ
1778659772.025616,2031,0,ɑ
1778659772.025682,1907,0,ɑ
1778659772.025716,2031,0,ɑ
1778659772.025743,2159,0,ɑ
1778659772.02586,2244,0,ɑ
1778659772.025888,2058,0,ɑ
1778659772.025912,2001,0,ɑ
1778659772.0259368,2071,0,ɑ
1778659772.025963,2070,0,ɑ
1778659772.02603,1871,0,ɑ
1778659772.0260549,1952,0,ɑ
1778659772.026079,2205,0,ɑ
1778659772.026103,2390,0,ɑ
1778659772.026264,2145,0,ɑ
1778659772.034179,2057,0,ɑ
1778659772.03459,2024,0,ɑ
1778659772.0350358,2104,0,ɑ
1778659772.036014,1988,0,ɑ
1778659772.037885,1941,0,ɑ
1778659772.0396988,2105,0,ɑ
1778659772.040103,2328,0,ɑ
1778659772.041912,2175,0,ɑ
1778659772.043822,2062,0,ɑ
1778659772.046487,1971,0,ɑ
1778659772.0486028,2089,0,ɑ
1778659772.050069,2036,0,ɑ
1778659772.055383,1903,0,ɑ
1778659772.055498,2029,0,ɑ
1778659772.0567942,2243,0,ɑ
1778659772.058086,2271,0,ɑ
1778659772.060561,2107,0,ɑ
1778659772.0672462,2064,0,ɑ
1778659772.068942,2030,0,ɑ
1778659772.069089,2093,0,ɑ
1778659772.069345,1914,0,ɑ
1778659772.07478,1952,0,ɑ
1778659772.077365,2192,0,ɑ
1778659772.077405,2364,0,ɑ
1778659772.077433,2128,0,ɑ
1778659772.083832,2020,0,ɑ
1778659772.083925,1998,0,ɑ
1778659772.0843232,2116,0,ɑ
1778659772.084863,1997,0,ɑ
1778659772.090369,1892,0,ɑ
1778659772.108051,2045,0,ɑ
1778659772.1081002,2305,0,ɑ
1778659772.108128,2206,0,ɑ
1778659772.108154,2072,0,ɑ
1778659772.1081789,1999,0,ɑ
1778659772.108278,2062,0,ɑ
1778659772.108305,2025,0,ɑ
1778659772.108329,1898,0,ɑ
1778659772.108354,2025,0,ɑ
1778659772.1083782,2251,0,ɑ
1778659772.108402,2240,0,ɑ
1778659772.1097221,2062,0,ɑ
1778659772.112382,1998,0,ɑ
1778659772.130538,2018,0,ɑ
1778659772.130647,2046,0,ɑ
1778659772.130783,1853,0,ɑ
1778659772.1308842,1959,0,ɑ
1778659772.131111,2177,0,ɑ
1778659772.1314182,2344,0,ɑ
1778659772.131451,2101,0,ɑ
1778659772.131645,2003,0,ɑ
1778659772.131697,1949,0,ɑ
1778659772.131834,2088,0,ɑ
1778659772.134295,1956,0,ɑ
1778659772.137295,1859,0,ɑ
1778659772.144199,2050,0,ɑ
1778659772.1456351,2273,0,ɑ
1778659772.145885,2162,0,ɑ
1778659772.147466,2034,0,ɑ
1778659772.147989,1959,0,ɑ
1778659772.1484249,2014,0,ɑ
1778659772.149933,2009,0,ɑ
1778659772.15452,1941,0,ɑ
1778659772.1560981,2037,0,ɑ
1778659772.156173,2185,0,ɑ
1778659772.1587598,2216,0,ɑ
1778659772.1600661,2091,0,ɑ
1778659772.162632,2009,0,ɑ
1778659772.163937,2045,0,ɑ
1778659772.173716,2059,0,ɑ
1778659772.175748,1892,0,ɑ
1778659772.17623,1951,0,ɑ
1778659772.176919,2117,0,ɑ
1778659772.179551,2334,0,ɑ
1778659772.182004,2207,0,ɑ
1778659772.182316,2006,0,ɑ
1778659772.182452,1947,0,ɑ
1778659772.182528,2042,0,ɑ
1778659772.184486,1968,0,ɑ
1778659772.185815,1891,0,ɑ
1778659772.188689,2053,0,ɑ
1778659772.195348,2295,0,ɑ
1778659772.195576,2154,0,ɑ
1778659772.1979861,1999,0,ɑ
1778659772.199178,1954,0,ɑ
1778659772.201223,2031,0,ɑ
1778659772.204236,2069,0,ɑ
1778659772.2063549,1953,0,ɑ
1778659772.2063968,1976,0,ɑ
1778659772.2064252,2215,0,ɑ
1778659772.207793,2298,0,ɑ
1778659772.210572,2072,0,ɑ
1778659772.211881,2010,0,ɑ
1778659772.2143419,2023,0,ɑ
1778659772.222732,2065,0,ɑ
1778659772.222822,1909,0,ɑ
1778659772.2253,1898,0,ɑ
1778659772.2264278,2069,0,ɑ
1778659772.2331991,2304,0,ɑ
1778659772.2333472,2167,0,ɑ
1778659772.2333791,1957,0,ɑ
1778659772.2335281,1986,0,ɑ
1778659772.23363,2091,0,ɑ
1778659772.233783,1935,0,ɑ
1778659772.236392,1868,0,ɑ
1778659772.2418492,2068,0,ɑ
1778659772.2430751,2314,0,ɑ
1778659772.244745,2229,0,ɑ
1778659772.247348,2018,0,ɑ
1778659772.248126,1943,0,ɑ
1778659772.248516,2066,0,ɑ
1778659772.252408,2037,0,ɑ
1778659772.254724,1895,0,ɑ
1778659772.254861,1986,0,ɑ
1778659772.256184,2168,0,ɑ
1778659772.258757,2231,0,ɑ
1778659772.260054,2050,0,ɑ
1778659772.2623968,1980,0,ɑ
1778659772.2636878,2018,0,ɑ
1778659772.2686021,2088,0,ɑ
1778659772.273213,1890,0,ɑ
1778659772.274273,1869,0,ɑ
1778659772.2750669,2113,0,ɑ
1778659772.275893,2296,0,ɑ
1778659772.2774148,2102,0,ɑ
1778659772.2814121,2004,0,ɑ
1778659772.281973,1962,0,ɑ
1778659772.2820082,2063,0,ɑ
1778659772.284559,1955,0,ɑ
1778659772.291313,1872,0,ɑ
1778659772.295656,2045,0,ɑ
1778659772.296502,2297,0,ɑ
1778659772.300253,2210,0,ɑ
1778659772.300428,2066,0,ɑ
1778659772.300829,1938,0,ɑ
1778659772.312564,2030,0,ɑ
1778659772.312603,2065,0,ɑ
1778659772.317323,1908,0,ɑ
1778659772.317759,1985,0,ɑ
1778659772.318557,2170,0,ɑ
1778659772.319886,2273,0,ɑ
1778659772.3218188,2085,0,ɑ
1778659772.322657,1959,0,ɑ
1778659772.323138,2003,0,ɑ
1778659772.323214,2109,0,ɑ
1778659772.323982,1963,0,ɑ
1778659772.324339,1964,0,ɑ
1778659772.324884,2154,0,ɑ
1778659772.324973,2378,0,ɑ
1778659772.326412,2142,0,ɑ
1778659772.328574,2015,0,ɑ
1778659772.330621,1935,0,ɑ
1778659772.331915,2083,0,ɑ
1778659772.334593,1980,0,ɑ
1778659772.338898,1943,0,ɑ
1778659772.33902,2019,0,ɑ
1778659772.341503,2227,0,ɑ
1778659772.34322,2151,0,ɑ
1778659772.344509,2151,0,ɑ
1778659772.346763,1986,0,ɑ
1778659772.348969,2008,0,ɑ
1778659772.351019,2033,0,ɑ
1778659772.352437,1902,0,ɑ
1778659772.3537412,1982,0,ɑ
1778659772.3563058,2282,0,ɑ
1778659772.357808,2269,0,ɑ
1778659772.360466,2042,0,ɑ
1778659772.3642418,1907,0,ɑ
1778659772.365089,1793,0,ɑ
1778659772.367015,2134,0,ɑ
1778659772.3688262,2040,0,ɑ
1778659772.371941,2013,0,ɑ
1778659772.372032,2154,0,ɑ
1778659772.376651,2435,0,ɑ
1778659772.377223,2189,0,ɑ
1778659772.378674,2063,0,ɑ
1778659772.3799958,1963,0,ɑ
1778659772.3859541,2087,0,ɑ
1778659772.390066,1956,0,ɑ
1778659772.390514,1850,0,ɑ
1778659772.390985,1984,0,ɑ
1778659772.39182,2197,0,ɑ
1778659772.392241,2137,0,ɑ
1778659772.394283,2004,0,ɑ
1778659772.396304,2011,0,ɑ
1778659772.398283,2141,0,ɑ
1778659772.399662,2127,0,ɑ
1778659772.402219,1974,0,ɑ
1778659772.403688,2026,0,ɑ
1778659772.4062662,2259,0,ɑ
1778659772.411904,2297,0,ɑ
1778659772.4122849,2069,0,ɑ
1778659772.4127638,2111,0,ɑ
1778659772.41453,2041,0,ɑ
1778659772.4160361,2072,0,ɑ
1778659772.4180212,1907,0,ɑ
1778659772.4196212,1919,0,ɑ
1778659772.4217112,2123,0,ɑ
1778659772.42462,2278,0,ɑ
1778659772.4259121,2156,0,ɑ
1778659772.428621,2052,0,ɑ
1778659772.429931,2022,0,ɑ
1778659772.4324942,2150,0,ɑ
1778659772.436218,2010,0,ɑ
1778659772.436617,1867,0,ɑ
1778659772.439234,2026,0,ɑ
1778659772.441452,2308,0,ɑ
1778659772.4430232,2219,0,ɑ
1778659772.444368,2078,0,ɑ
1778659772.4463391,1947,0,ɑ
1778659772.4483142,1987,0,ɑ
1778659772.449655,2035,0,ɑ
1778659772.452349,1909,0,ɑ
1778659772.454735,1993,0,ɑ
1778659772.4562728,2279,0,ɑ
1778659772.4577138,2352,0,ɑ
1778659772.465164,2086,0,ɑ
1778659772.4670851,2063,0,ɑ
1778659772.468123,2041,0,ɑ
1778659772.469837,2132,0,ɑ
1778659772.474026,1924,0,ɑ
1778659772.474525,1885,0,ɑ
1778659772.474955,2009,0,ɑ
1778659772.477288,2305,0,ɑ
1778659772.4774458,2107,0,ɑ
1778659772.478844,2066,0,ɑ
1778659772.480233,2037,0,ɑ
1778659772.486395,2112,0,ɑ
1778659772.487391,2003,0,ɑ
1778659772.491616,1898,0,ɑ
1778659772.492697,2032,0,ɑ
1778659772.492903,2238,0,ɑ
1778659772.493867,2220,0,ɑ
1778659772.494119,2035,0,ɑ
1778659772.501686,1978,0,ɑ
1778659772.5017831,2045,0,ɑ
1778659772.5018392,2028,0,ɑ
1778659772.501895,1943,0,ɑ
1778659772.5046568,1883,0,ɑ
1778659772.506068,2127,0,ɑ
1778659772.508744,2308,0,ɑ
1778659772.510168,2074,0,ɑ
1778659772.522391,1961,0,ɑ
1778659772.527432,1992,0,ɑ
1778659772.5278752,2021,0,ɑ
1778659772.5302458,1981,0,ɑ
1778659772.530335,1952,0,ɑ
1778659772.53039,2169,0,ɑ
1778659772.5304399,2371,0,ɑ
1778659772.5304892,2167,0,ɑ
1778659772.530536,2122,0,ɑ
1778659772.5305831,1904,0,ɑ
1778659772.531966,2031,0,ɑ
1778659772.5403972,1995,0,ɑ
1778659772.549954,1941,0,ɑ
1778659772.550316,2104,0,ɑ
1778659772.550592,2283,0,ɑ
1778659772.550663,2302,0,ɑ
1778659772.550718,2052,0,ɑ
1778659772.5507681,1969,0,ɑ
1778659772.550816,1982,0,ɑ
1778659772.550909,2124,0,ɑ
1778659772.554214,1880,0,ɑ
1778659772.554667,1907,0,ɑ
1778659772.5572941,2136,0,ɑ
1778659772.558687,2263,0,ɑ
1778659772.560374,2098,0,ɑ
1778659772.561783,2014,0,ɑ
1778659772.574054,1975,0,ɑ
1778659772.577353,2090,0,ɑ
1778659772.57986,1984,0,ɑ
1778659772.5801349,1939,0,ɑ
1778659772.5804129,2158,0,ɑ
1778659772.580854,2323,0,ɑ
1778659772.583214,2162,0,ɑ
1778659772.5832949,2003,0,ɑ
1778659772.583348,1946,0,ɑ
1778659772.5834382,2056,0,ɑ
1778659772.584811,2025,0,ɑ
1778659772.586195,1944,0,ɑ
1778659772.5881128,2029,0,ɑ
1778659772.5989928,2176,0,ɑ
1778659772.599181,2193,0,ɑ
1778659772.6004648,2051,0,ɑ
1778659772.604792,2080,0,ɑ
1778659772.607005,2011,0,ɑ
1778659772.607096,2062,0,ɑ
1778659772.6071522,1900,0,ɑ
1778659772.607218,1934,0,ɑ
1778659772.607268,2152,0,ɑ
1778659772.608641,2275,0,ɑ
1778659772.610063,2039,0,ɑ
1778659772.61286,1905,0,ɑ
1778659772.614353,2027,0,ɑ
1778659772.615825,2114,0,ɑ
1778659772.6188731,1953,0,ɑ
1778659772.628698,2001,0,ɑ
1778659772.628902,2128,0,ɑ
1778659772.630889,2327,0,ɑ
1778659772.63373,2142,0,ɑ
1778659772.636085,2080,0,ɑ
1778659772.6387851,2052,0,ɑ
1778659772.638926,2114,0,ɑ
1778659772.639053,2038,0,ɑ
1778659772.639117,1843,0,ɑ
1778659772.639296,1981,0,ɑ
1778659772.6405818,2146,0,ɑ
1778659772.641904,2167,0,ɑ
1778659772.652009,2082,0,ɑ
1778659772.6526248,2024,0,ɑ
1778659772.653111,2035,0,ɑ
1778659772.653263,2058,0,ɑ
1778659772.656356,1886,0,ɑ
1778659772.658976,1931,0,ɑ
1778659772.659414,2158,0,ɑ
1778659772.659522,2237,0,ɑ
1778659772.659559,2089,0,ɑ
1778659772.662796,2016,0,ɑ
1778659772.6641972,1986,0,ɑ
1778659772.666828,2112,0,ɑ
1778659772.668159,1928,0,ɑ
1778659772.670874,1949,0,ɑ
1778659772.672339,2143,0,ɑ
1778659772.683906,2350,0,ɑ
1778659772.685956,2200,0,ɑ
1778659772.691648,2116,0,ɑ
1778659772.692235,2007,0,ɑ
1778659772.694358,2050,0,ɑ
1778659772.695018,1970,0,ɑ
1778659772.695277,1844,0,ɑ
1778659772.695337,1966,0,ɑ
1778659772.695391,2235,0,ɑ
1778659772.6954398,2221,0,ɑ
1778659772.695551,2078,0,ɑ
1778659772.6956,1966,0,ɑ
1778659772.698208,1969,0,ɑ
1778659772.699772,2017,0,ɑ
1778659772.7112849,1877,0,ɑ
1778659772.712266,1947,0,ɑ
1778659772.712495,2164,0,ɑ
1778659772.7159522,2308,0,ɑ
1778659772.718434,2112,0,ɑ
1778659772.7186172,2025,0,ɑ
1778659772.718891,1992,0,ɑ
1778659772.719179,2053,0,ɑ
1778659772.7215638,1933,0,ɑ
1778659772.721632,1921,0,ɑ
1778659772.721795,2096,0,ɑ
1778659772.7245371,2324,0,ɑ
1778659772.7259939,2108,0,ɑ
1778659772.728608,1982,0,ɑ
1778659772.72999,1933,0,ɑ
1778659772.7383711,2121,0,ɑ
1778659772.7400022,1986,0,ɑ
1778659772.74049,1853,0,ɑ
1778659772.742362,1975,0,ɑ
1778659772.7432919,2239,0,ɑ
1778659772.744218,2285,0,ɑ
1778659772.745738,2084,0,ɑ
1778659772.747315,1975,0,ɑ
1778659772.749844,2024,0,ɑ
1778659772.750056,2038,0,ɑ
1778659772.752608,1938,0,ɑ
1778659772.753994,1932,0,ɑ
1778659772.7566762,2159,0,ɑ
1778659772.763032,2312,0,ɑ
1778659772.765985,2103,0,ɑ
1778659772.7675352,1990,0,ɑ
1778659772.768446,2006,0,ɑ
1778659772.7701252,2070,0,ɑ
1778659772.771256,1973,0,ɑ
1778659772.775558,1915,0,ɑ
1778659772.775862,2073,0,ɑ
1778659772.776024,2308,0,ɑ
1778659772.776494,2179,0,ɑ
1778659772.778229,2038,0,ɑ
1778659772.7796302,1940,0,ɑ
1778659772.782356,2086,0,ɑ
1778659772.7836878,1989,0,ɑ
1778659772.786253,1839,0,ɑ
1778659772.787586,1992,0,ɑ
1778659772.794948,2184,0,ɑ
1778659772.7975712,2182,0,ɑ
1778659772.8006558,2078,0,ɑ
1778659772.802201,1990,0,ɑ
1778659772.8067358,2017,0,ɑ
1778659772.807081,2077,0,ɑ
1778659772.807204,1900,0,ɑ
1778659772.8075252,1945,0,ɑ
1778659772.807691,2127,0,ɑ
1778659772.807842,2309,0,ɑ
1778659772.810085,2054,0,ɑ
1778659772.8127968,1926,0,ɑ
1778659772.814351,1926,0,ɑ
1778659772.819096,2118,0,ɑ
1778659772.820575,1947,0,ɑ
1778659772.8219452,1832,0,ɑ
1778659772.82224,2054,0,ɑ
1778659772.824377,2317,0,ɑ
1778659772.82804,2220,0,ɑ
1778659772.828243,2088,0,ɑ
1778659772.830533,1976,0,ɑ
1778659772.8328252,2102,0,ɑ
1778659772.834197,2044,0,ɑ
1778659772.835542,1912,0,ɑ
1778659772.838232,2012,0,ɑ
1778659772.839545,2157,0,ɑ
1778659772.842113,2237,0,ɑ
1778659772.843724,2093,0,ɑ
1778659772.8487098,1979,0,ɑ
1778659772.849358,2041,0,ɑ
1778659772.849854,2010,0,ɑ
1778659772.853717,1845,0,ɑ
1778659772.8556402,1920,0,ɑ
1778659772.856509,2204,0,ɑ
1778659772.860598,2308,0,ɑ
1778659772.860903,2058,0,ɑ
1778659772.863242,1945,0,ɑ
1778659772.864615,1934,0,ɑ
1778659772.866016,2088,0,ɑ
1778659772.873146,2009,0,ɑ
1778659772.873813,1884,0,ɑ
1778659772.874294,2057,0,ɑ
1778659772.875873,2290,0,ɑ
1778659772.8760462,2171,0,ɑ
1778659772.8776908,2068,0,ɑ
1778659772.880567,1987,0,ɑ
1778659772.8819818,2046,0,ɑ
1778659772.884429,2000,0,ɑ
1778659772.88705,1875,0,ɑ
1778659772.8882072,1971,0,ɑ
1778659772.889514,2165,0,ɑ
1778659772.892098,2285,0,ɑ
1778659772.894662,2133,0,ɑ
1778659772.895961,1957,0,ɑ
1778659772.902483,1981,0,ɑ
1778659772.904923,2040,0,ɑ
1778659772.9050949,1941,0,ɑ
1778659772.9052339,1917,0,ɑ
1778659772.906964,2095,0,ɑ
1778659772.908468,2317,0,ɑ
1778659772.911019,2120,0,ɑ
1778659772.9133,1985,0,ɑ
1778659772.915436,1949,0,ɑ
1778659772.915595,2078,0,ɑ
1778659772.918167,1969,0,ɑ
1778659772.919574,1902,0,ɑ
1778659772.9244952,2074,0,ɑ
1778659772.927542,2321,0,ɑ
1778659772.927696,2148,0,ɑ
1778659772.929122,2021,0,ɑ
1778659772.930989,1970,0,ɑ
1778659772.9335392,2059,0,ɑ
1778659772.936032,2004,0,ɑ
1778659772.9364321,1896,0,ɑ
1778659772.938668,1966,0,ɑ
1778659772.939969,2199,0,ɑ
1778659772.94254,2263,0,ɑ
1778659772.9438999,2061,0,ɑ
1778659772.946351,1975,0,ɑ
1778659772.947644,1971,0,ɑ
1778659772.954894,2066,0,ɑ
1778659772.956342,1964,0,ɑ
1778659772.956623,1965,0,ɑ
1778659772.958383,2151,0,ɑ
1778659772.958844,2247,0,ɑ
1778659772.960879,2005,0,ɑ
1778659772.962683,1873,0,ɑ
1778659772.965217,1929,0,ɑ
1778659772.967551,2117,0,ɑ
1778659772.9676511,2035,0,ɑ
1778659772.970298,1752,0,ɑ
1778659772.9716191,1338,0,ɑ
1778659772.976406,1848,0,ɑ
1778659772.977003,2843,0,ɑ
1778659772.9795861,2694,0,ɑ
1778659772.979724,2062,0,ɑ
1778659772.9831848,2042,0,ɑ
1778659772.988539,1872,0,ɑ
1778659772.98887,2107,0,ɑ
1778659772.989148,1914,0,ɑ
1778659772.991991,2189,0,ɑ
1778659772.99206,2234,0,ɑ
1778659772.994706,1809,0,ɑ
1778659772.9961011,2187,0,ɑ
1778659772.997509,2223,0,ɑ
1778659773.0003572,2202,0,ɑ
1778659773.001956,1557,0,ɑ
1778659773.007096,1979,0,ɑ
1778659773.0081,2615,0,ɑ
1778659773.00877,2700,0,ɑ
1778659773.010261,2105,0,ɑ
1778659773.012734,1651,0,ɑ
1778659773.014774,1682,0,ɑ
1778659773.016295,1905,0,ɑ
1778659773.019073,1726,0,ɑ
1778659773.02152,1713,0,ɑ
1778659773.021711,2316,0,ɑ
1778659773.024758,2530,0,ɑ
1778659773.030832,2283,0,ɑ
1778659773.031348,2026,0,ɑ
1778659773.0337121,1830,0,ɑ
1778659773.034071,2092,0,ɑ
1778659773.0367491,2184,0,ɑ
1778659773.037916,2022,0,ɑ
1778659773.039365,1962,0,ɑ
1778659773.043381,2062,0,ɑ
1778659773.043592,2082,0,ɑ
1778659773.04403,1820,0,ɑ
1778659773.046358,1836,0,ɑ
1778659773.047755,2023,0,ɑ
1778659773.050234,2054,0,ɑ
1778659773.0515609,1880,0,ɑ
1778659773.054178,1949,0,ɑ
1778659773.055542,2113,0,ɑ
1778659773.062712,2254,0,ɑ
1778659773.064597,2029,0,ɑ
1778659773.0647821,1937,0,ɑ
1778659773.06704,1852,0,ɑ
1778659773.0676029,1997,0,ɑ
1778659773.06827,1877,0,ɑ
1778659773.071518,1823,0,ɑ
1778659773.073904,2038,0,ɑ
1778659773.074134,2280,0,ɑ
1778659773.076436,2212,0,ɑ
1778659773.077871,2030,0,ɑ
1778659773.080592,1923,0,ɑ
1778659773.085805,2017,0,ɑ
1778659773.086756,2009,0,ɑ
1778659773.0886521,1887,0,ɑ
1778659773.089066,1969,0,ɑ
1778659773.091052,2125,0,ɑ
1778659773.09482,2132,0,ɑ
1778659773.097282,2016,0,ɑ
1778659773.097739,1932,0,ɑ
1778659773.098009,1876,0,ɑ
1778659773.10022,1896,0,ɑ
1778659773.1016262,1663,0,ɑ
1778659773.104362,1843,0,ɑ
1778659773.105817,2153,0,ɑ
1778659773.108474,2480,0,ɑ
1778659773.109855,2179,0,ɑ
1778659773.116742,1955,0,ɑ
1778659773.118783,1781,0,ɑ
1778659773.1190772,2175,0,ɑ
1778659773.1221278,2151,0,ɑ
1778659773.122814,1922,0,ɑ
1778659773.122945,2003,0,ɑ
1778659773.128101,2229,0,ɑ
1778659773.128385,2125,0,ɑ
1778659773.128753,1873,0,ɑ
1778659773.131017,1808,0,ɑ
1778659773.132339,2089,0,ɑ
1778659773.133745,2064,0,ɑ
1778659773.141639,1831,0,ɑ
1778659773.144154,1600,0,ɑ
1778659773.144425,1470,0,ɑ
1778659773.145897,2400,0,ɑ
1778659773.1476932,2526,0,ɑ
1778659773.14817,2185,0,ɑ
1778659773.149127,1998,0,ɑ
1778659773.1537762,2049,0,ɑ
1778659773.153965,2030,0,ɑ
1778659773.154418,2168,0,ɑ
1778659773.156644,2203,0,ɑ
1778659773.15802,2059,0,ɑ
1778659773.159437,1800,0,ɑ
1778659773.1620748,2029,0,ɑ
1778659773.1634429,2067,0,ɑ
1778659773.1660979,2036,0,ɑ
1778659773.172813,1976,0,ɑ
1778659773.17402,1910,0,ɑ
1778659773.17568,2055,0,ɑ
1778659773.178773,2268,0,ɑ
1778659773.178976,2199,0,ɑ
1778659773.180193,1979,0,ɑ
1778659773.182891,1709,0,ɑ
1778659773.185785,1764,0,ɑ
1778659773.186211,1190,0,ɑ
1778659773.18863,1135,0,ɑ
1778659773.18873,1932,0,ɑ
1778659773.190088,2765,0,ɑ
1778659773.191457,2586,0,ɑ
1778659773.198625,2206,0,ɑ
1778659773.199659,1966,0,ɑ
1778659773.201371,2101,0,ɑ
1778659773.209891,2332,0,ɑ
1778659773.210598,2130,0,ɑ
1778659773.210859,1931,0,ɑ
1778659773.211068,1885,0,ɑ
1778659773.213536,1862,0,ɑ
1778659773.213632,1538,0,ɑ
1778659773.213685,1695,0,ɑ
1778659773.213734,1797,0,ɑ
1778659773.2165709,1880,0,ɑ
1778659773.218782,1913,0,ɑ
1778659773.22003,1824,0,ɑ
1778659773.221466,1657,0,ɑ
1778659773.223825,1776,0,ɑ
1778659773.234994,2319,0,ɑ
1778659773.235255,2258,0,ɑ
1778659773.237372,1660,0,ɑ
1778659773.24239,1993,0,ɑ
1778659773.24269,2044,0,ɑ
1778659773.243333,2117,0,ɑ
1778659773.2437592,2013,0,ɑ
1778659773.244519,2075,0,ɑ
1778659773.246811,2273,0,ɑ
1778659773.246956,1962,0,ɑ
1778659773.2471292,1831,0,ɑ
1778659773.2485151,1603,0,ɑ
1778659773.249872,1917,0,ɑ
1778659773.256615,1832,0,ɑ
1778659773.257151,1590,0,ɑ
1778659773.257447,1812,0,ɑ
1778659773.259409,2311,0,ɑ
1778659773.259707,2000,0,ɑ
1778659773.2644658,1764,0,ɑ
1778659773.268648,1763,0,ɑ
1778659773.269278,1957,0,ɑ
1778659773.269664,2047,0,ɑ
1778659773.272171,1895,0,ɑ
1778659773.272269,1977,0,ɑ
1778659773.273571,2217,0,ɑ
1778659773.2760751,2010,0,ɑ
1778659773.2774138,1849,0,ɑ
1778659773.280133,1776,0,ɑ
1778659773.281491,1650,0,ɑ
1778659773.2902458,1926,0,ɑ
1778659773.290737,1145,0,ɑ
1778659773.292583,1257,0,ɑ
1778659773.29321,2343,0,ɑ
1778659773.2942562,2420,0,ɑ
1778659773.295536,1983,0,ɑ
1778659773.297512,2102,0,ɑ
1778659773.297733,2327,0,ɑ
1778659773.300473,2363,0,ɑ
1778659773.303711,2100,0,ɑ
1778659773.3038259,2041,0,ɑ
1778659773.30653,2190,0,ɑ
1778659773.313708,2161,0,ɑ
1778659773.315697,1961,0,ɑ
1778659773.316161,1933,0,ɑ
1778659773.318053,1858,0,ɑ
1778659773.320568,1913,0,ɑ
1778659773.3229141,1836,0,ɑ
1778659773.325609,1581,0,ɑ
1778659773.3258948,2004,0,ɑ
1778659773.326119,2276,0,ɑ
1778659773.326453,2110,0,ɑ
1778659773.3287208,1857,0,ɑ
1778659773.330147,1225,0,ɑ
1778659773.331638,1181,0,ɑ
1778659773.334285,2459,0,ɑ
1778659773.335673,2524,0,ɑ
1778659773.3383129,2314,0,ɑ
1778659773.344136,2268,0,ɑ
1778659773.3451362,2398,0,ɑ
1778659773.34773,2264,0,ɑ
1778659773.3480089,2176,0,ɑ
1778659773.34834,2037,0,ɑ
1778659773.3506749,2068,0,ɑ
1778659773.352352,1887,0,ɑ
1778659773.354891,1585,0,ɑ
1778659773.3579268,1677,0,ɑ
1778659773.358143,2188,0,ɑ
1778659773.360497,2206,0,ɑ
1778659773.361933,2065,0,ɑ
1778659773.3633192,1891,0,ɑ
1778659773.370573,2074,0,ɑ
1778659773.3720691,2123,0,ɑ
1778659773.373641,1916,0,ɑ
1778659773.374037,1736,0,ɑ
1778659773.374264,2042,0,ɑ
1778659773.37662,2165,0,ɑ
1778659773.378307,2243,0,ɑ
1778659773.383317,2123,0,ɑ
1778659773.383523,2098,0,ɑ
1778659773.3836858,2090,0,ɑ
1778659773.3859122,1939,0,ɑ
1778659773.388542,1950,0,ɑ
1778659773.389845,2222,0,ɑ
1778659773.3923998,2308,0,ɑ
1778659773.393693,1986,0,ɑ
1778659773.4011798,1847,0,ɑ
1778659773.401622,1940,0,ɑ
1778659773.4016829,2062,0,ɑ
1778659773.403455,2024,0,ɑ
1778659773.405202,1981,0,ɑ
1778659773.407032,2193,0,ɑ
1778659773.40917,2392,0,ɑ
1778659773.4115999,2180,0,ɑ
1778659773.411982,2133,0,ɑ
1778659773.4139981,2010,0,ɑ
1778659773.4165702,2082,0,ɑ
1778659773.4178612,1838,0,ɑ
1778659773.422813,1803,0,ɑ
1778659773.423268,2032,0,ɑ
1778659773.424088,2308,0,ɑ
1778659773.42595,2290,0,ɑ
1778659773.427836,2057,0,ɑ
1778659773.4315038,1998,0,ɑ
1778659773.43397,1940,0,ɑ
1778659773.4342132,1687,0,ɑ
1778659773.436351,1505,0,ɑ
1778659773.437603,2140,0,ɑ
1778659773.440599,2494,0,ɑ
1778659773.441949,2491,0,ɑ
1778659773.444322,2021,0,ɑ
1778659773.445617,1534,0,ɑ
1778659773.456411,2028,0,ɑ
1778659773.458501,2641,0,ɑ
1778659773.4586082,2397,0,ɑ
1778659773.459197,2141,0,ɑ
1778659773.46385,1979,0,ɑ
1778659773.464013,2176,0,ɑ
1778659773.464155,2155,0,ɑ
1778659773.464288,2183,0,ɑ
1778659773.464555,2131,0,ɑ
1778659773.466871,2118,0,ɑ
1778659773.468267,1869,0,ɑ
1778659773.469574,1417,0,ɑ
1778659773.475793,1920,0,ɑ
1778659773.477136,2423,0,ɑ
1778659773.478973,2404,0,ɑ
1778659773.47923,2077,0,ɑ
1778659773.481358,2060,0,ɑ
1778659773.482201,2030,0,ɑ
1778659773.485058,1886,0,ɑ
1778659773.4882402,1713,0,ɑ
1778659773.488619,2076,0,ɑ
1778659773.490726,2257,0,ɑ
1778659773.492061,2285,0,ɑ
1778659773.493396,2016,0,ɑ
1778659773.495984,1977,0,ɑ
1778659773.4985752,2103,0,ɑ
1778659773.4998772,2325,0,ɑ
1778659773.5055869,2180,0,ɑ
1778659773.505707,1986,0,ɑ
1778659773.506305,2011,0,ɑ
1778659773.508874,2213,0,ɑ
1778659773.510902,2067,0,ɑ
1778659773.512318,1977,0,ɑ
1778659773.514564,1910,0,ɑ
1778659773.51722,1997,0,ɑ
1778659773.5173051,1948,0,ɑ
1778659773.520305,1864,0,ɑ
1778659773.521661,2127,0,ɑ
1778659773.527922,2292,0,ɑ
1778659773.5283892,2292,0,ɑ
1778659773.528786,2111,0,ɑ
1778659773.530298,2056,0,ɑ
1778659773.532216,2128,0,ɑ
1778659773.53377,2203,0,ɑ
1778659773.535413,1984,0,ɑ
1778659773.538309,1934,0,ɑ
1778659773.539826,2079,0,ɑ
1778659773.542382,2208,0,ɑ
1778659773.543799,2004,0,ɑ
1778659773.546408,2017,0,ɑ
1778659773.547702,2044,0,ɑ
1778659773.55527,2139,0,ɑ
1778659773.5553799,1969,0,ɑ
1778659773.555897,1779,0,ɑ
1778659773.557087,2229,0,ɑ
1778659773.5589929,2481,0,ɑ
1778659773.560972,2322,0,ɑ
1778659773.562398,2049,0,ɑ
1778659773.564935,2010,0,ɑ
1778659773.5670881,2099,0,ɑ
1778659773.5683892,2092,0,ɑ
1778659773.56968,1992,0,ɑ
1778659773.575252,2052,0,ɑ
1778659773.575723,2188,0,ɑ
1778659773.57581,2223,0,ɑ
1778659773.577951,2057,0,ɑ
1778659773.579844,1999,0,ɑ
1778659773.5817769,2041,0,ɑ
1778659773.5855958,2098,0,ɑ
1778659773.585716,1881,0,ɑ
1778659773.587479,1906,0,ɑ
1778659773.590042,2144,0,ɑ
1778659773.5913332,2379,0,ɑ
1778659773.593924,2098,0,ɑ
1778659773.595275,2020,0,ɑ
1778659773.6013088,1902,0,ɑ
1778659773.601727,2084,0,ɑ
1778659773.602591,2066,0,ɑ
1778659773.606066,2061,0,ɑ
1778659773.6067998,2177,0,ɑ
1778659773.609503,2346,0,ɑ
1778659773.612072,2109,0,ɑ
1778659773.612362,1989,0,ɑ
1778659773.614352,2056,0,ɑ
1778659773.615647,2201,0,ɑ
1778659773.618403,2081,0,ɑ
1778659773.622453,1849,0,ɑ
1778659773.623275,2027,0,ɑ
1778659773.623662,2227,0,ɑ
1778659773.627257,2250,0,ɑ
1778659773.627407,2128,0,ɑ
1778659773.63325,1951,0,ɑ
1778659773.6335151,2046,0,ɑ
1778659773.633745,2171,0,ɑ
1778659773.635856,1914,0,ɑ
1778659773.637303,1955,0,ɑ
1778659773.639915,2139,0,ɑ
1778659773.641259,2340,0,ɑ
1778659773.643828,2133,0,ɑ
1778659773.649504,2052,0,ɑ
1778659773.650037,2008,0,ɑ
1778659773.651346,2128,0,ɑ
1778659773.6514409,1980,0,ɑ
1778659773.655662,1907,0,ɑ
1778659773.656111,2093,0,ɑ
1778659773.658258,2319,0,ɑ
1778659773.660853,2207,0,ɑ
1778659773.662615,1953,0,ɑ
1778659773.663916,1765,0,ɑ
1778659773.665269,1950,0,ɑ
1778659773.6714811,1629,0,ɑ
1778659773.6738298,1121,0,ɑ
1778659773.674022,2228,0,ɑ
1778659773.675179,3037,0,ɑ
1778659773.675571,2841,0,ɑ
1778659773.67933,2338,0,ɑ
1778659773.6817322,2261,0,ɑ
1778659773.681906,2380,0,ɑ
1778659773.684187,2442,0,ɑ
1778659773.6854851,2206,0,ɑ
1778659773.688064,1968,0,ɑ
1778659773.689356,1991,0,ɑ
1778659773.691835,2066,0,ɑ
1778659773.698254,1842,0,ɑ
1778659773.6986508,1857,0,ɑ
1778659773.6990578,1966,0,ɑ
1778659773.701664,2202,0,ɑ
1778659773.7023811,2139,0,ɑ
1778659773.703889,1968,0,ɑ
1778659773.707535,2026,0,ɑ
1778659773.707669,2168,0,ɑ
1778659773.709759,2099,0,ɑ
1778659773.7123158,2010,0,ɑ
1778659773.713608,1984,0,ɑ
1778659773.718664,2089,0,ɑ
1778659773.719101,2011,0,ɑ
1778659773.7228239,1753,0,ɑ
1778659773.7231941,1876,0,ɑ
1778659773.723309,2276,0,ɑ
1778659773.726361,2337,0,ɑ
1778659773.7286541,2155,0,ɑ
1778659773.7306392,1896,0,ɑ
1778659773.731937,1754,0,ɑ
1778659773.733224,2231,0,ɑ
1778659773.7357938,2234,0,ɑ
1778659773.738372,2151,0,ɑ
1778659773.743147,2180,0,ɑ
1778659773.7435782,2231,0,ɑ
1778659773.744071,2129,0,ɑ
1778659773.746188,2070,0,ɑ
1778659773.747956,2073,0,ɑ
1778659773.749494,2189,0,ɑ
1778659773.755092,2042,0,ɑ
1778659773.755625,1934,0,ɑ
1778659773.7556999,1927,0,ɑ
1778659773.758247,2202,0,ɑ
1778659773.7595441,2215,0,ɑ
1778659773.762263,2128,0,ɑ
1778659773.7635598,2055,0,ɑ
1778659773.766229,2104,0,ɑ
1778659773.769425,2073,0,ɑ
1778659773.769619,1944,0,ɑ
1778659773.775435,1995,0,ɑ
1778659773.781232,2232,0,ɑ
1778659773.7820501,2308,0,ɑ
1778659773.7853801,1993,0,ɑ
1778659773.789663,1958,0,ɑ
1778659773.7898262,1964,0,ɑ
1778659773.789964,2021,0,ɑ
1778659773.792329,2019,0,ɑ
1778659773.7924302,2094,0,ɑ
1778659773.792583,2245,0,ɑ
1778659773.792806,2415,0,ɑ
1778659773.7943869,2208,0,ɑ
1778659773.795685,2126,0,ɑ
1778659773.798239,2037,0,ɑ
1778659773.799534,2141,0,ɑ
1778659773.8020961,2028,0,ɑ
1778659773.803552,1877,0,ɑ
1778659773.8084,1389,0,ɑ
1778659773.809149,1782,0,ɑ
1778659773.810745,2321,0,ɑ
1778659773.812602,2534,0,ɑ
1778659773.814324,2280,0,ɑ
1778659773.816077,2100,0,ɑ
1778659773.818412,2131,0,ɑ
1778659773.8206909,2084,0,ɑ
1778659773.822017,2231,0,ɑ
1778659773.8233118,2372,0,ɑ
1778659773.828285,2339,0,ɑ
1778659773.829412,2022,0,ɑ
1778659773.829507,1836,0,ɑ
1778659773.832605,1847,0,ɑ
1778659773.8343282,1999,0,ɑ
1778659773.8380318,1903,0,ɑ
1778659773.838272,1974,0,ɑ
1778659773.840342,2174,0,ɑ
1778659773.841711,2310,0,ɑ
1778659773.844262,2053,0,ɑ
1778659773.845587,1853,0,ɑ
1778659773.848137,1875,0,ɑ
1778659773.8530838,2000,0,ɑ
1778659773.8539698,2031,0,ɑ
1778659773.855993,2031,0,ɑ
1778659773.8561652,2149,0,ɑ
1778659773.857708,2338,0,ɑ
1778659773.861061,2273,0,ɑ
1778659773.863429,2117,0,ɑ
1778659773.863762,1971,0,ɑ
1778659773.866393,1952,0,ɑ
1778659773.8676832,1955,0,ɑ
1778659773.8728268,1857,0,ɑ
1778659773.87392,1936,0,ɑ
1778659773.8739982,2180,0,ɑ
1778659773.8757818,2284,0,ɑ
1778659773.8775811,2088,0,ɑ
1778659773.880661,1951,0,ɑ
1778659773.8829708,1940,0,ɑ
1778659773.8845792,2026,0,ɑ
1778659773.8858821,1914,0,ɑ
1778659773.8871849,1971,0,ɑ
1778659773.889761,2133,0,ɑ
1778659773.8911932,2252,0,ɑ
1778659773.897187,2097,0,ɑ
1778659773.897604,1968,0,ɑ
1778659773.8976681,1996,0,ɑ
1778659773.8998752,2187,0,ɑ
1778659773.901922,2111,0,ɑ
1778659773.904733,1937,0,ɑ
1778659773.908486,2069,0,ɑ
1778659773.9089,2320,0,ɑ
1778659773.9101892,2297,0,ɑ
1778659773.911474,2102,0,ɑ
1778659773.9140291,2027,0,ɑ
1778659773.915157,2062,0,ɑ
1778659773.9176981,2029,0,ɑ
1778659773.922048,1870,0,ɑ
1778659773.9225368,1925,0,ɑ
1778659773.9258702,2160,0,ɑ
1778659773.9262478,2314,0,ɑ
1778659773.9286551,2155,0,ɑ
1778659773.930856,2058,0,ɑ
1778659773.9324238,1960,0,ɑ
1778659773.933771,1977,0,ɑ
1778659773.9351602,1926,0,ɑ
1778659773.937721,1963,0,ɑ
1778659773.940279,2120,0,ɑ
1778659773.945311,2320,0,ɑ
1778659773.945719,2159,0,ɑ
1778659773.945825,2039,0,ɑ
1778659773.947853,2002,0,ɑ
1778659773.949604,2040,0,ɑ
1778659773.9549592,1931,0,ɑ
1778659773.9550872,1894,0,ɑ
1778659773.955244,2042,0,ɑ
1778659773.957846,2299,0,ɑ
1778659773.9591732,2291,0,ɑ
1778659773.961731,2128,0,ɑ
1778659773.964279,2011,0,ɑ
1778659773.965495,2099,0,ɑ
1778659773.9691231,2103,0,ɑ
1778659773.9692202,1914,0,ɑ
1778659773.971532,1953,0,ɑ
1778659773.974714,2151,0,ɑ
1778659773.9762518,2268,0,ɑ
1778659773.978484,2073,0,ɑ
1778659773.98029,1995,0,ɑ
1778659773.9815848,2003,0,ɑ
1778659773.9841542,2066,0,ɑ
1778659773.985446,1835,0,ɑ
1778659773.988092,1851,0,ɑ
1778659773.9935749,2082,0,ɑ
1778659773.994048,2352,0,ɑ
1778659773.994442,2191,0,ɑ
1778659773.996931,2082,0,ɑ
1778659773.998354,2008,0,ɑ
1778659774.0001678,2136,0,ɑ
1778659774.002343,2053,0,ɑ
1778659774.004367,1929,0,ɑ
1778659774.005669,1909,0,ɑ
1778659774.008225,2074,0,ɑ
1778659774.009513,1975,0,ɑ
1778659774.012059,2145,0,ɑ
1778659774.016386,2166,0,ɑ
1778659774.016895,2136,0,ɑ
1778659774.018788,2091,0,ɑ
1778659774.021356,2004,0,ɑ
1778659774.021759,2077,0,ɑ
1778659774.023922,2303,0,ɑ
1778659774.026089,2366,0,ɑ
1778659774.0280771,2111,0,ɑ
1778659774.029344,1963,0,ɑ
1778659774.0319,1916,0,ɑ
1778659774.0331788,2021,0,ɑ
1778659774.0357492,1919,0,ɑ
1778659774.053175,1935,0,ɑ
1778659774.053209,2106,0,ɑ
1778659774.053233,2320,0,ɑ
1778659774.053256,2137,0,ɑ
1778659774.0534122,1965,0,ɑ
1778659774.053438,1912,0,ɑ
1778659774.053461,1979,0,ɑ
1778659774.053482,1997,0,ɑ
1778659774.0535092,1955,0,ɑ
1778659774.0575628,2106,0,ɑ
1778659774.0578601,2257,0,ɑ
1778659774.059232,2230,0,ɑ
1778659774.0969422,2109,0,ɑ
1778659774.097135,2066,0,ɑ
1778659774.097234,2078,0,ɑ
1778659774.0972621,2042,0,ɑ
1778659774.0972888,1915,0,ɑ
1778659774.097321,1965,0,ɑ
1778659774.097366,2187,0,ɑ
1778659774.097405,2365,0,ɑ
1778659774.0975301,2196,0,ɑ
1778659774.097677,2008,0,ɑ
1778659774.097703,1982,0,ɑ
1778659774.097727,2129,0,ɑ
1778659774.0977511,1993,0,ɑ
1778659774.097846,1970,0,ɑ
1778659774.0979571,2164,0,ɑ
1778659774.098013,2358,0,ɑ
1778659774.098067,2209,0,ɑ
1778659774.098136,2079,0,ɑ
1778659774.09816,2004,0,ɑ
1778659774.099465,2052,0,ɑ
1778659774.102127,2045,0,ɑ
1778659774.119209,1903,0,ɑ
1778659774.119533,1998,0,ɑ
1778659774.119634,2259,0,ɑ
1778659774.1198149,2276,0,ɑ
1778659774.1199381,2098,0,ɑ
1778659774.1216052,1991,0,ɑ
1778659774.12214,1920,0,ɑ
1778659774.1223109,1957,0,ɑ
1778659774.122344,1838,0,ɑ
1778659774.122369,2046,0,ɑ
1778659774.123664,2339,0,ɑ
1778659774.130026,2470,0,ɑ
1778659774.130429,2187,0,ɑ
1778659774.130516,2070,0,ɑ
1778659774.132438,2096,0,ɑ
1778659774.1343832,2190,0,ɑ
1778659774.135985,2083,0,ɑ
1778659774.1398022,1973,0,ɑ
1778659774.13987,2063,0,ɑ
1778659774.1415832,2253,0,ɑ
1778659774.144159,2130,0,ɑ
1778659774.145449,2038,0,ɑ
1778659774.1480021,1999,0,ɑ
1778659774.149291,2103,0,ɑ
1778659774.155452,2068,0,ɑ
1778659774.155981,1892,0,ɑ
1778659774.156692,2010,0,ɑ
1778659774.1599329,2199,0,ɑ
1778659774.163769,2153,0,ɑ
1778659774.1661701,2008,0,ɑ
1778659774.166274,1996,0,ɑ
1778659774.166441,2074,0,ɑ
1778659774.168594,2055,0,ɑ
1778659774.169745,1942,0,ɑ
1778659774.171211,1951,0,ɑ
1778659774.177671,2230,0,ɑ
1778659774.178148,2374,0,ɑ
1778659774.1789792,2110,0,ɑ
1778659774.182292,1990,0,ɑ
1778659774.1831522,1996,0,ɑ
1778659774.184157,2072,0,ɑ
1778659774.188381,1933,0,ɑ
1778659774.188812,1930,0,ɑ
1778659774.1907358,2097,0,ɑ
1778659774.1920362,2295,0,ɑ
1778659774.193326,2152,0,ɑ
1778659774.19587,2051,0,ɑ
1778659774.197174,1961,0,ɑ
1778659774.199878,2068,0,ɑ
1778659774.206295,2006,0,ɑ
1778659774.2064629,1853,0,ɑ
1778659774.2085571,2014,0,ɑ
1778659774.2094588,2234,0,ɑ
1778659774.210528,2233,0,ɑ
1778659774.214606,2098,0,ɑ
1778659774.214802,1995,0,ɑ
1778659774.2167091,2044,0,ɑ
1778659774.2181451,2083,0,ɑ
1778659774.219446,1911,0,ɑ
1778659774.225603,1903,0,ɑ
1778659774.226484,2133,0,ɑ
1778659774.226942,2310,0,ɑ
1778659774.229857,2063,0,ɑ
1778659774.230637,2013,0,ɑ
1778659774.23317,2026,0,ɑ
1778659774.235362,2136,0,ɑ
1778659774.235472,1986,0,ɑ
1778659774.237762,1956,0,ɑ
1778659774.239097,2096,0,ɑ
1778659774.241666,2370,0,ɑ
1778659774.244224,2173,0,ɑ
1778659774.245526,2049,0,ɑ
1778659774.250428,1971,0,ɑ
1778659774.250921,2035,0,ɑ
1778659774.253101,1995,0,ɑ
1778659774.253183,1889,0,ɑ
1778659774.2563882,1991,0,ɑ
1778659774.258028,2188,0,ɑ
1778659774.260339,2324,0,ɑ
1778659774.261989,2084,0,ɑ
1778659774.263296,1907,0,ɑ
1778659774.265863,1977,0,ɑ
1778659774.267173,2092,0,ɑ
1778659774.2697768,1913,0,ɑ
1778659774.271174,1962,0,ɑ
1778659774.2765791,2122,0,ɑ
1778659774.2766569,2339,0,ɑ
1778659774.2789109,2073,0,ɑ
1778659774.28124,1968,0,ɑ
1778659774.281291,1952,0,ɑ
1778659774.284332,2103,0,ɑ
1778659774.2888389,1996,0,ɑ
1778659774.289526,1906,0,ɑ
1778659774.289647,2070,0,ɑ
1778659774.292254,2270,0,ɑ
1778659774.298503,2186,0,ɑ
1778659774.300611,2019,0,ɑ
1778659774.302133,1969,0,ɑ
1778659774.303319,2118,0,ɑ
1778659774.305571,2000,0,ɑ
1778659774.309493,1925,0,ɑ
1778659774.310029,1963,0,ɑ
1778659774.31041,2215,0,ɑ
1778659774.310617,2302,0,ɑ
1778659774.312586,2130,0,ɑ
1778659774.3139572,2010,0,ɑ
1778659774.3152761,2020,0,ɑ
1778659774.3179169,2068,0,ɑ
1778659774.319299,1865,0,ɑ
1778659774.322199,1943,0,ɑ
1778659774.328176,2166,0,ɑ
1778659774.329609,2297,0,ɑ
1778659774.333097,2085,0,ɑ
1778659774.337933,2006,0,ɑ
1778659774.3403761,1969,0,ɑ
1778659774.340471,2134,0,ɑ
1778659774.340506,2010,0,ɑ
1778659774.3405309,1951,0,ɑ
1778659774.340584,2058,0,ɑ
1778659774.34189,2296,0,ɑ
1778659774.3432581,2199,0,ɑ
1778659774.349796,2033,0,ɑ
1778659774.3510962,1963,0,ɑ
1778659774.352521,2041,0,ɑ
1778659774.3556669,2054,0,ɑ
1778659774.359377,1922,0,ɑ
1778659774.3596401,1948,0,ɑ
1778659774.359881,2190,0,ɑ
1778659774.360144,2287,0,ɑ
1778659774.362208,2129,0,ɑ
1778659774.363532,2020,0,ɑ
1778659774.366241,2026,0,ɑ
1778659774.3675961,2105,0,ɑ
1778659774.370175,1875,0,ɑ
1778659774.376095,1849,0,ɑ
1778659774.3790238,2141,0,ɑ
1778659774.379123,2370,0,ɑ
1778659774.381967,2056,0,ɑ
1778659774.385013,1927,0,ɑ
1778659774.390136,2058,0,ɑ
1778659774.390274,2165,0,ɑ
1778659774.390336,1807,0,ɑ
1778659774.3904052,1893,0,ɑ
1778659774.390471,2114,0,ɑ
1778659774.3918662,2290,0,ɑ
1778659774.393274,2196,0,ɑ
1778659774.4017138,2020,0,ɑ
1778659774.402028,1916,0,ɑ
1778659774.404018,2115,0,ɑ
1778659774.406237,2021,0,ɑ
1778659774.406889,1869,0,ɑ
1778659774.40902,1974,0,ɑ
1778659774.411644,2255,0,ɑ
1778659774.41187,2339,0,ɑ
1778659774.4120839,2099,0,ɑ
1778659774.4145112,1952,0,ɑ
1778659774.416152,2035,0,ɑ
1778659774.417526,2054,0,ɑ
1778659774.419921,1886,0,ɑ
1778659774.421327,1954,0,ɑ
1778659774.4239738,2137,0,ɑ
1778659774.429688,2276,0,ɑ
1778659774.43235,2041,0,ɑ
1778659774.4345238,2071,0,ɑ
1778659774.4351308,2052,0,ɑ
1778659774.4356961,2096,0,ɑ
1778659774.437023,1977,0,ɑ
1778659774.441519,1936,0,ɑ
1778659774.442255,2136,0,ɑ
1778659774.442534,2258,0,ɑ
1778659774.4447072,2138,0,ɑ
1778659774.446063,2101,0,ɑ
1778659774.447456,2013,0,ɑ
1778659774.4564102,2083,0,ɑ
1778659774.456604,2085,0,ɑ
1778659774.456755,1904,0,ɑ
1778659774.456955,2018,0,ɑ
1778659774.458528,2204,0,ɑ
1778659774.460598,2250,0,ɑ
1778659774.4622679,1993,0,ɑ
1778659774.464556,1969,0,ɑ
1778659774.4668212,1979,0,ɑ
1778659774.468122,2083,0,ɑ
1778659774.46945,1911,0,ɑ
1778659774.4720361,2035,0,ɑ
1778659774.473344,2138,0,ɑ
1778659774.475904,2349,0,ɑ
1778659774.48096,2096,0,ɑ
1778659774.481861,2149,0,ɑ
1778659774.4827368,2054,0,ɑ
1778659774.4863842,2108,0,ɑ
1778659774.487009,1920,0,ɑ
1778659774.48797,1848,0,ɑ
1778659774.490131,2036,0,ɑ
1778659774.492373,2178,0,ɑ
1778659774.4941351,2288,0,ɑ
1778659774.495441,2150,0,ɑ
1778659774.497993,2107,0,ɑ
1778659774.5030851,2138,0,ɑ
1778659774.505763,2117,0,ɑ
1778659774.506163,1843,0,ɑ
1778659774.5075111,2015,0,ɑ
1778659774.5079622,2272,0,ɑ
1778659774.509574,2353,0,ɑ
1778659774.5118,2238,0,ɑ
1778659774.514128,1984,0,ɑ
1778659774.5158348,1868,0,ɑ
1778659774.5171359,2031,0,ɑ
1778659774.5197902,1979,0,ɑ
1778659774.521125,1996,0,ɑ
1778659774.523697,2203,0,ɑ
1778659774.52514,2380,0,ɑ
1778659774.531258,2105,0,ɑ
1778659774.531344,1974,0,ɑ
1778659774.531907,1972,0,ɑ
1778659774.534831,2113,0,ɑ
1778659774.5366452,1947,0,ɑ
1778659774.541101,1859,0,ɑ
1778659774.54128,2132,0,ɑ
1778659774.541692,2304,0,ɑ
1778659774.543635,2251,0,ɑ
1778659774.545053,2008,0,ɑ
1778659774.547683,1911,0,ɑ
1778659774.552423,2191,0,ɑ
1778659774.55333,2064,0,ɑ
1778659774.555064,1874,0,ɑ
1778659774.5551841,2124,0,ɑ
1778659774.5583339,2222,0,ɑ
1778659774.560419,2248,0,ɑ
1778659774.562691,2079,0,ɑ
1778659774.564866,2109,0,ɑ
1778659774.5650072,2013,0,ɑ
1778659774.567571,2097,0,ɑ
1778659774.570233,1905,0,ɑ
1778659774.571579,1927,0,ɑ
1778659774.574141,2090,0,ɑ
1778659774.57888,2361,0,ɑ
1778659774.579416,2159,0,ɑ
1778659774.5802932,2100,0,ɑ
1778659774.5825868,1981,0,ɑ
1778659774.5847921,2007,0,ɑ
1778659774.5887191,2052,0,ɑ
1778659774.588941,1880,0,ɑ
1778659774.591257,2207,0,ɑ
1778659774.591499,2371,0,ɑ
1778659774.593817,2178,0,ɑ
1778659774.595138,1973,0,ɑ
1778659774.597713,1949,0,ɑ
1778659774.602653,1959,0,ɑ
1778659774.6039932,2164,0,ɑ
1778659774.60588,1895,0,ɑ
1778659774.606143,1942,0,ɑ
1778659774.608005,2145,0,ɑ
1778659774.609714,2262,0,ɑ
1778659774.6114209,2135,0,ɑ
1778659774.613769,2072,0,ɑ
1778659774.616003,1949,0,ɑ
1778659774.6173089,1997,0,ɑ
1778659774.619869,2006,0,ɑ
1778659774.621262,1977,0,ɑ
1778659774.623863,2152,0,ɑ
1778659774.625176,2301,0,ɑ
1778659774.631296,2203,0,ɑ
1778659774.631828,2088,0,ɑ
1778659774.632267,1939,0,ɑ
1778659774.6341171,2113,0,ɑ
1778659774.636364,2093,0,ɑ
1778659774.6386838,1969,0,ɑ
1778659774.640181,1931,0,ɑ
1778659774.64273,2129,0,ɑ
1778659774.645034,2217,0,ɑ
1778659774.645068,2124,0,ɑ
1778659774.6478279,2024,0,ɑ
1778659774.6492438,2046,0,ɑ
1778659774.656517,2038,0,ɑ
1778659774.656683,1901,0,ɑ
1778659774.65836,2027,0,ɑ
1778659774.6586618,2139,0,ɑ
1778659774.661599,2271,0,ɑ
1778659774.661806,2103,0,ɑ
1778659774.664757,2001,0,ɑ
1778659774.667435,1945,0,ɑ
1778659774.667839,2094,0,ɑ
1778659774.6700008,1969,0,ɑ
1778659774.671381,1924,0,ɑ
1778659774.674099,2056,0,ɑ
1778659774.6754339,2241,0,ɑ
1778659774.678165,2179,0,ɑ
1778659774.6794162,2032,0,ɑ
1778659774.685636,1912,0,ɑ
1778659774.6865401,2128,0,ɑ
1778659774.688724,2055,0,ɑ
1778659774.688978,1910,0,ɑ
1778659774.692823,2051,0,ɑ
1778659774.695298,2316,0,ɑ
1778659774.695387,2233,0,ɑ
1778659774.698072,2010,0,ɑ
1778659774.698376,1944,0,ɑ
1778659774.700638,2019,0,ɑ
1778659774.7020469,1998,0,ɑ
1778659774.703626,1822,0,ɑ
1778659774.7053068,1869,0,ɑ
1778659774.7111151,2153,0,ɑ
1778659774.711654,2315,0,ɑ
1778659774.713244,2099,0,ɑ
1778659774.7134879,1988,0,ɑ
1778659774.716843,1976,0,ɑ
1778659774.719108,2092,0,ɑ
1778659774.721537,1939,0,ɑ
1778659774.721893,1903,0,ɑ
1778659774.724071,2089,0,ɑ
1778659774.725454,2307,0,ɑ
1778659774.728129,2137,0,ɑ
1778659774.7294872,1964,0,ɑ
1778659774.732158,1932,0,ɑ
1778659774.733515,2054,0,ɑ
1778659774.741647,1999,0,ɑ
1778659774.742999,1887,0,ɑ
1778659774.74315,2018,0,ɑ
1778659774.746654,2242,0,ɑ
1778659774.747288,2218,0,ɑ
1778659774.749772,2038,0,ɑ
1778659774.752269,1966,0,ɑ
1778659774.75294,2014,0,ɑ
1778659774.7531981,1996,0,ɑ
1778659774.755213,1871,0,ɑ
1778659774.75542,1896,0,ɑ
1778659774.758097,2163,0,ɑ
1778659774.759444,2309,0,ɑ
1778659774.765495,2104,0,ɑ
1778659774.7684128,1967,0,ɑ
1778659774.7685812,1942,0,ɑ
1778659774.7689102,2063,0,ɑ
1778659774.770838,1921,0,ɑ
1778659774.772678,1900,0,ɑ
1778659774.7756422,2117,0,ɑ
1778659774.77806,2246,0,ɑ
1778659774.778455,2121,0,ɑ
1778659774.7806988,2080,0,ɑ
1778659774.782176,1999,0,ɑ
1778659774.78355,2073,0,ɑ
1778659774.785002,2016,0,ɑ
1778659774.7875772,1849,0,ɑ
1778659774.788948,2012,0,ɑ
1778659774.797038,2220,0,ɑ
1778659774.798881,2231,0,ɑ
1778659774.7992268,2081,0,ɑ
1778659774.801028,1994,0,ɑ
1778659774.801617,2002,0,ɑ
1778659774.8021061,2032,0,ɑ
1778659774.80585,1888,0,ɑ
1778659774.806158,1932,0,ɑ
1778659774.8088808,2176,0,ɑ
1778659774.809197,2319,0,ɑ
1778659774.811517,2056,0,ɑ
1778659774.813319,1999,0,ɑ
1778659774.816133,2017,0,ɑ
1778659774.8218398,2096,0,ɑ
1778659774.824028,1948,0,ɑ
1778659774.8259342,1926,0,ɑ
1778659774.82647,2073,0,ɑ
1778659774.82777,2269,0,ɑ
1778659774.830673,2109,0,ɑ
1778659774.833146,2037,0,ɑ
1778659774.83335,1959,0,ɑ
1778659774.833878,2046,0,ɑ
1778659774.835986,1995,0,ɑ
1778659774.83747,1878,0,ɑ
1778659774.840158,2023,0,ɑ
1778659774.8415208,2215,0,ɑ
1778659774.8429382,2218,0,ɑ
1778659774.845603,2075,0,ɑ
1778659774.851557,1959,0,ɑ
1778659774.852837,1985,0,ɑ
1778659774.856447,2044,0,ɑ
1778659774.857059,1907,0,ɑ
1778659774.8580108,1949,0,ɑ
1778659774.859497,2154,0,ɑ
1778659774.8614972,2314,0,ɑ
1778659774.864172,2117,0,ɑ
1778659774.864461,1957,0,ɑ
1778659774.866841,1959,0,ɑ
1778659774.8669991,2064,0,ɑ
1778659774.8698502,1932,0,ɑ
1778659774.871426,1969,0,ɑ
1778659774.8764632,2148,0,ɑ
1778659774.877739,2337,0,ɑ
1778659774.879224,2103,0,ɑ
1778659774.879454,1995,0,ɑ
1778659774.88143,1929,0,ɑ
1778659774.883517,2044,0,ɑ
1778659774.8854442,2050,0,ɑ
1778659774.8883588,1847,0,ɑ
1778659774.890649,1887,0,ɑ
1778659774.892041,2180,0,ɑ
1778659774.8934631,2289,0,ɑ
1778659774.894945,2125,0,ɑ
1778659774.897661,2044,0,ɑ
1778659774.8990111,2011,0,ɑ
1778659774.906244,2053,0,ɑ
1778659774.909004,1852,0,ɑ
1778659774.909177,1907,0,ɑ
1778659774.909345,2128,0,ɑ
1778659774.911964,2344,0,ɑ
1778659774.913227,2117,0,ɑ
1778659774.914176,1999,0,ɑ
1778659774.915649,1968,0,ɑ
1778659774.918386,2102,0,ɑ
1778659774.920924,1984,0,ɑ
1778659774.921055,1865,0,ɑ
1778659774.923718,2068,0,ɑ
1778659774.925293,2333,0,ɑ
1778659774.931505,2114,0,ɑ
1778659774.931712,1994,0,ɑ
1778659774.933727,1941,0,ɑ
1778659774.935581,2037,0,ɑ
1778659774.936515,1996,0,ɑ
1778659774.939934,1891,0,ɑ
1778659774.94232,1992,0,ɑ
1778659774.942403,2186,0,ɑ
1778659774.9448252,2255,0,ɑ
1778659774.9449458,2044,0,ɑ
1778659774.947501,1903,0,ɑ
1778659774.9500952,1974,0,ɑ
1778659774.9513931,2071,0,ɑ
1778659774.95396,1962,0,ɑ
1778659774.9593751,1983,0,ɑ
1778659774.960125,2140,0,ɑ
1778659774.960255,2297,0,ɑ
1778659774.962107,2094,0,ɑ
1778659774.964271,2012,0,ɑ
1778659774.9656372,2001,0,ɑ
1778659774.967795,2085,0,ɑ
1778659774.972137,1966,0,ɑ
1778659774.972682,1876,0,ɑ
1778659774.973988,2058,0,ɑ
1778659774.9752882,2266,0,ɑ
1778659774.981048,2192,0,ɑ
1778659774.981906,2099,0,ɑ
1778659774.982031,1950,0,ɑ
1778659774.984216,2050,0,ɑ
1778659774.986357,2015,0,ɑ
1778659774.9901361,1909,0,ɑ
1778659774.990317,2003,0,ɑ
1778659774.9926322,2241,0,ɑ
1778659774.994745,2229,0,ɑ
1778659774.9961998,2046,0,ɑ
1778659774.997491,1965,0,ɑ
1778659775.0000389,1979,0,ɑ
1778659775.001337,2073,0,ɑ
1778659775.003989,1949,0,ɑ
1778659775.0088599,1988,0,ɑ
1778659775.009349,2158,0,ɑ
1778659775.0094259,2307,0,ɑ
1778659775.0115268,2074,0,ɑ
1778659775.0129962,1967,0,ɑ
1778659775.015418,1994,0,ɑ
1778659775.01894,2073,0,ɑ
1778659775.019074,1938,0,ɑ
1778659775.021329,1889,0,ɑ
1778659775.0238998,2105,0,ɑ
1778659775.025235,2346,0,ɑ
1778659775.029548,2234,0,ɑ
1778659775.0300071,2104,0,ɑ
1778659775.031873,2050,0,ɑ
1778659775.03376,2039,0,ɑ
1778659775.035361,1926,0,ɑ
1778659775.037123,1884,0,ɑ
1778659775.039296,1976,0,ɑ
1778659775.04102,2166,0,ɑ
1778659775.043582,2279,0,ɑ
1778659775.0449228,2076,0,ɑ
1778659775.047484,2011,0,ɑ
1778659775.0500329,2061,0,ɑ
1778659775.055347,2108,0,ɑ
1778659775.0557508,1911,0,ɑ
1778659775.055852,1987,0,ɑ
1778659775.057865,2144,0,ɑ
1778659775.059809,2199,0,ɑ
1778659775.06179,2094,0,ɑ
1778659775.063204,2059,0,ɑ
1778659775.0654259,2064,0,ɑ
1778659775.06746,2063,0,ɑ
1778659775.07004,1889,0,ɑ
1778659775.071409,1903,0,ɑ
1778659775.07547,2101,0,ɑ
1778659775.076231,2232,0,ɑ
1778659775.078188,2154,0,ɑ
1778659775.07977,2120,0,ɑ
1778659775.0817301,2070,0,ɑ
1778659775.083446,2094,0,ɑ
1778659775.085599,2048,0,ɑ
1778659775.087884,1862,0,ɑ
1778659775.089212,1917,0,ɑ
1778659775.0918012,2238,0,ɑ
1778659775.093169,2199,0,ɑ
1778659775.0957792,1979,0,ɑ
1778659775.0970502,1747,0,ɑ
1778659775.1116958,1820,0,ɑ
1778659775.113895,2205,0,ɑ
1778659775.113966,2164,0,ɑ
1778659775.114018,1841,0,ɑ
1778659775.114068,1938,0,ɑ
1778659775.1141171,2322,0,ɑ
1778659775.1141639,2341,0,ɑ
1778659775.114211,2181,0,ɑ
1778659775.115627,2087,0,ɑ
1778659775.116959,2086,0,ɑ
1778659775.122921,1962,0,ɑ
1778659775.123559,1848,0,ɑ
1778659775.1240032,1939,0,ɑ
1778659775.127264,2412,0,ɑ
1778659775.1276858,2311,0,ɑ
1778659775.1294668,2020,0,ɑ
1778659775.1329012,1957,0,ɑ
1778659775.133296,2069,0,ɑ
1778659775.1359968,2033,0,ɑ
1778659775.137426,2029,0,ɑ
1778659775.140029,2162,0,ɑ
1778659775.141342,2294,0,ɑ
1778659775.1437,2140,0,ɑ
1778659775.1483068,1747,0,ɑ
1778659775.148343,2006,0,ɑ
1778659775.149921,2102,0,ɑ
1778659775.151565,2166,0,ɑ
1778659775.155403,1947,0,ɑ
1778659775.1572428,1957,0,ɑ
1778659775.157417,2175,0,ɑ
1778659775.1618218,2398,0,ɑ
1778659775.162067,2189,0,ɑ
1778659775.163579,1985,0,ɑ
1778659775.164903,1821,0,ɑ
1778659775.175809,1721,0,ɑ
1778659775.176639,1742,0,ɑ
1778659775.177085,1930,0,ɑ
1778659775.177175,2225,0,ɑ
1778659775.1788769,2342,0,ɑ
1778659775.1811461,2190,0,ɑ
1778659775.1815748,2069,0,ɑ
1778659775.181769,1992,0,ɑ
1778659775.18364,2060,0,ɑ
1778659775.185065,2032,0,ɑ
1778659775.188513,1923,0,ɑ
1778659775.1898408,1970,0,ɑ
1778659775.19117,2089,0,ɑ
1778659775.197876,2224,0,ɑ
1778659775.1979861,2082,0,ɑ
1778659775.198685,2032,0,ɑ
1778659775.2001002,2019,0,ɑ
1778659775.201817,2017,0,ɑ
1778659775.204866,1786,0,ɑ
1778659775.205002,1747,0,ɑ
1778659775.207307,2040,0,ɑ
1778659775.209306,2127,0,ɑ
1778659775.2118568,1828,0,ɑ
1778659775.213142,1900,0,ɑ
1778659775.215703,2089,0,ɑ
1778659775.216991,2120,0,ɑ
1778659775.224137,1713,0,ɑ
1778659775.225687,1902,0,ɑ
1778659775.227427,2241,0,ɑ
1778659775.228491,2429,0,ɑ
1778659775.229152,2330,0,ɑ
1778659775.2308118,2063,0,ɑ
1778659775.233192,1954,0,ɑ
1778659775.23382,2019,0,ɑ
1778659775.308327,2087,0,ɑ
1778659775.3085911,1925,0,ɑ
1778659775.308789,1946,0,ɑ
1778659775.30929,2085,0,ɑ
1778659775.31336,2123,0,ɑ
1778659775.313465,1977,0,ɑ
1778659775.315758,2057,0,ɑ
1778659775.31645,2032,0,ɑ
1778659775.31672,2088,0,ɑ
1778659775.317133,1867,0,ɑ
1778659775.3172941,1906,0,ɑ
1778659775.317539,2085,0,ɑ
1778659775.317761,2274,0,ɑ
1778659775.317867,2008,0,ɑ
1778659775.31812,1863,0,ɑ
1778659775.318327,1939,0,ɑ
1778659775.318697,2033,0,ɑ
1778659775.3189068,1887,0,ɑ
1778659775.3189728,1797,0,ɑ
1778659775.3192189,2091,0,ɑ
1778659775.319294,2398,0,ɑ
1778659775.321339,2137,0,ɑ
1778659775.321439,1911,0,ɑ
1778659775.321571,1922,0,ɑ
1778659775.321669,1898,0,ɑ
1778659775.321737,1956,0,ɑ
1778659775.321766,1371,0,ɑ
1778659775.321793,1774,0,ɑ
1778659775.3218188,2516,0,ɑ
1778659775.3218439,2628,0,ɑ
1778659775.3219368,2196,0,ɑ
1778659775.3219998,1763,0,ɑ
1778659775.3246012,1772,0,ɑ
1778659775.324816,2281,0,ɑ
1778659775.325195,2304,0,ɑ
1778659775.3252249,2192,0,ɑ
1778659775.325252,2027,0,ɑ
1778659775.325279,2149,0,ɑ
1778659775.325303,2037,0,ɑ
1778659775.3253288,1950,0,ɑ
1778659775.325356,2202,0,ɑ
1778659775.3255858,1904,0,ɑ
1778659775.325613,1744,0,ɑ
1778659775.32564,1948,0,ɑ
1778659775.325674,1881,0,ɑ
1778659775.3257039,2155,0,ɑ
1778659775.327014,2260,0,ɑ
1778659775.3294451,2131,0,ɑ
1778659775.335901,2032,0,ɑ
1778659775.3372748,2094,0,ɑ
1778659775.3500428,2055,0,ɑ
1778659775.3511522,1837,0,ɑ
1778659775.3515651,1778,0,ɑ
1778659775.3517811,1974,0,ɑ
1778659775.3519008,2212,0,ɑ
1778659775.353031,1800,0,ɑ
1778659775.3532412,1583,0,ɑ
1778659775.353451,1703,0,ɑ
1778659775.35358,2177,0,ɑ
1778659775.41533,1820,0,ɑ
1778659775.4159622,1389,0,ɑ
1778659775.416286,2027,0,ɑ
1778659775.416481,2632,0,ɑ
1778659775.4166842,2499,0,ɑ
1778659775.417001,2195,0,ɑ
1778659775.417119,1996,0,ɑ
1778659775.417171,2103,0,ɑ
1778659775.418033,2078,0,ɑ
1778659775.418161,1835,0,ɑ
1778659775.418365,1928,0,ɑ
1778659775.4184499,2072,0,ɑ
1778659775.418663,1875,0,ɑ
1778659775.419064,558,0,ɑ
1778659775.4191658,1316,0,ɑ
1778659775.419542,2621,0,ɑ
1778659775.419662,2581,0,ɑ
1778659775.419872,1989,0,ɑ
1778659775.419999,1703,0,ɑ
1778659775.420815,2061,0,ɑ
1778659775.421076,2401,0,ɑ
1778659775.4211462,2313,0,ɑ
1778659775.421196,2297,0,ɑ
1778659775.421327,2023,0,ɑ
1778659775.4213812,1806,0,ɑ
1778659775.421568,1777,0,ɑ
1778659775.422473,1803,0,ɑ
1778659775.422614,2026,0,ɑ
1778659775.428873,2333,0,ɑ
1778659775.431933,2214,0,ɑ
1778659775.432093,1955,0,ɑ
1778659775.432182,1871,0,ɑ
1778659775.4322822,1914,0,ɑ
1778659775.43239,1833,0,ɑ
1778659775.432541,1717,0,ɑ
1778659775.467584,1820,0,ɑ
1778659775.484302,2115,0,ɑ
1778659775.494189,2141,0,ɑ
1778659775.500392,2042,0,ɑ
1778659775.5004458,1982,0,ɑ
1778659775.500475,1938,0,ɑ
1778659775.500504,1950,0,ɑ
1778659775.50053,1784,0,ɑ
1778659775.500606,2031,0,ɑ
1778659775.500663,2329,0,ɑ
1778659775.5006988,2264,0,ɑ
1778659775.504041,2126,0,ɑ
1778659775.5049841,1993,0,ɑ
1778659775.505018,1911,0,ɑ
1778659775.505044,1836,0,ɑ
1778659775.505068,1996,0,ɑ
1778659775.5050921,1988,0,ɑ
1778659775.505183,2030,0,ɑ
1778659775.5052109,2089,0,ɑ
1778659775.505235,1977,0,ɑ
1778659775.505259,1991,0,ɑ
1778659775.505284,2004,0,ɑ
1778659775.505835,2157,0,ɑ
1778659775.505876,2005,0,ɑ
1778659775.5059001,1718,0,ɑ
1778659775.506059,1987,0,ɑ
1778659775.5061572,2335,0,ɑ
1778659775.506189,2198,0,ɑ
1778659775.506214,1974,0,ɑ
1778659775.506381,1922,0,ɑ
1778659775.506498,2038,0,ɑ
1778659775.506583,1945,0,ɑ
1778659775.506647,1819,0,ɑ
1778659775.5067148,1899,0,ɑ
1778659775.5067809,2079,0,ɑ
1778659775.5068521,2226,0,ɑ
1778659775.5069172,2040,0,ɑ
1778659775.506977,1973,0,ɑ
1778659775.5070322,1924,0,ɑ
1778659775.5072331,2139,0,ɑ
1778659775.507602,1969,0,ɑ
1778659775.515779,1959,0,ɑ
1778659775.516167,2052,0,ɑ
1778659775.517979,2241,0,ɑ
1778659775.518495,1675,0,ɑ
1778659775.520957,1901,0,ɑ
1778659775.523241,2082,0,ɑ
1778659775.5234492,2209,0,ɑ
1778659775.523684,2140,0,ɑ
1778659775.523819,2027,0,ɑ
1778659775.5240672,2160,0,ɑ
1778659775.5259871,2399,0,ɑ
1778659775.527443,2414,0,ɑ
1778659775.528821,2225,0,ɑ
1778659775.531397,2081,0,ɑ
1778659775.534136,2001,0,ɑ
1778659775.535717,1897,0,ɑ
1778659775.540761,1742,0,ɑ
1778659775.541514,1643,0,ɑ
1778659775.5428119,2078,0,ɑ
1778659775.5429492,2462,0,ɑ
1778659775.546035,2140,0,ɑ
1778659775.5499048,1978,0,ɑ
1778659775.5505211,2040,0,ɑ
1778659775.5524611,2204,0,ɑ
1778659775.554163,2086,0,ɑ
1778659775.555542,1963,0,ɑ
1778659775.561672,2160,0,ɑ
1778659775.562542,2335,0,ɑ
1778659775.56537,2232,0,ɑ
1778659775.56613,2061,0,ɑ
1778659775.573403,1982,0,ɑ
1778659775.5740402,2044,0,ɑ
1778659775.574198,1982,0,ɑ
1778659775.574264,1875,0,ɑ
1778659775.5743191,1991,0,ɑ
1778659775.575691,2233,0,ɑ
1778659775.5771441,2293,0,ɑ
1778659775.579736,2118,0,ɑ
1778659775.581032,1972,0,ɑ
1778659775.587371,2036,0,ɑ
1778659775.599895,2014,0,ɑ
1778659775.6018329,1885,0,ɑ
1778659775.601867,1952,0,ɑ
1778659775.601933,2189,0,ɑ
1778659775.601957,2352,0,ɑ
1778659775.6020238,2108,0,ɑ
1778659775.6022248,2087,0,ɑ
1778659775.602253,2094,0,ɑ
1778659775.602278,2160,0,ɑ
1778659775.634563,2003,0,ɑ
1778659775.634957,1995,0,ɑ
1778659775.635118,2188,0,ɑ
1778659775.635159,2352,0,ɑ
1778659775.635186,2182,0,ɑ
1778659775.63521,2100,0,ɑ
1778659775.635234,2023,0,ɑ
1778659775.635257,2076,0,ɑ
1778659775.63528,2038,0,ɑ
1778659775.635304,1914,0,ɑ
1778659775.6353269,2042,0,ɑ
1778659775.63535,2298,0,ɑ
1778659775.635373,2285,0,ɑ
1778659775.635396,2154,0,ɑ
1778659775.635419,2040,0,ɑ
1778659775.635442,2057,0,ɑ
1778659775.635464,2040,0,ɑ
1778659775.6377358,1915,0,ɑ
1778659775.655487,2005,0,ɑ
1778659775.6571279,2183,0,ɑ
1778659775.657336,2353,0,ɑ
1778659775.657414,2136,0,ɑ
1778659775.657538,2080,0,ɑ
1778659775.6577652,2045,0,ɑ
1778659775.657973,2145,0,ɑ
1778659775.658014,1962,0,ɑ
1778659775.658092,1913,0,ɑ
1778659775.6581209,2093,0,ɑ
1778659775.659536,2359,0,ɑ
1778659775.683094,2211,0,ɑ
1778659775.683137,2090,0,ɑ
1778659775.683164,2059,0,ɑ
1778659775.68319,2131,0,ɑ
1778659775.6832142,1987,0,ɑ
1778659775.6832561,1914,0,ɑ
1778659775.683419,2014,0,ɑ
1778659775.683445,2254,0,ɑ
1778659775.68347,2285,0,ɑ
1778659775.6834939,2120,0,ɑ
1778659775.683518,2006,0,ɑ
1778659775.683542,2058,0,ɑ
1778659775.684936,2097,0,ɑ
1778659775.68918,1928,0,ɑ
1778659775.689249,2020,0,ɑ
1778659775.7021708,2300,0,ɑ
1778659775.716435,2379,0,ɑ
1778659775.716474,2097,0,ɑ
1778659775.716501,2026,0,ɑ
1778659775.7165282,2025,0,ɑ
1778659775.716554,2113,0,ɑ
1778659775.716578,1956,0,ɑ
1778659775.7166028,1854,0,ɑ
1778659775.716628,2136,0,ɑ
1778659775.716652,2369,0,ɑ
1778659775.7166772,2216,0,ɑ
1778659775.721442,2073,0,ɑ
1778659775.733421,2017,0,ɑ
1778659775.733536,2076,0,ɑ
1778659775.786381,2067,0,ɑ
1778659775.786467,1964,0,ɑ
1778659775.790134,2060,0,ɑ
1778659775.843337,2253,0,ɑ
1778659775.843389,2261,0,ɑ
1778659775.8434188,2103,0,ɑ
1778659775.843446,2017,0,ɑ
1778659775.843473,2018,0,ɑ
1778659775.843499,2096,0,ɑ
1778659775.8435252,1945,0,ɑ
1778659775.843551,1967,0,ɑ
1778659775.843576,2168,0,ɑ
1778659775.843601,2325,0,ɑ
1778659775.843626,2129,0,ɑ
1778659775.843651,2044,0,ɑ
1778659775.8436759,1991,0,ɑ
1778659775.843701,2096,0,ɑ
1778659775.8437262,2016,0,ɑ
1778659775.84375,1978,0,ɑ
1778659775.843775,2108,0,ɑ
1778659775.8449101,2324,0,ɑ
1778659775.84499,2171,0,ɑ
1778659775.845043,2049,0,ɑ
1778659775.845091,2004,0,ɑ
1778659775.845137,2075,0,ɑ
1778659775.845183,2020,0,ɑ
1778659775.84523,1887,0,ɑ
1778659775.845275,2012,0,ɑ
1778659775.84532,2211,0,ɑ
1778659775.845366,2304,0,ɑ
1778659775.845414,2119,0,ɑ
1778659775.845462,2012,0,ɑ
1778659775.8455071,2056,0,ɑ
1778659775.845553,2100,0,ɑ
1778659775.845598,1958,0,ɑ
1778659775.845643,1980,0,ɑ
1778659775.8456872,2167,0,ɑ
1778659775.846436,2363,0,ɑ
1778659775.8622038,2131,0,ɑ
1778659775.865258,2038,0,ɑ
1778659775.8653388,1990,0,ɑ
1778659775.86554,2077,0,ɑ
1778659775.8656452,1966,0,ɑ
1778659775.865818,1980,0,ɑ
1778659775.865848,2075,0,ɑ
1778659775.865875,2303,0,ɑ
1778659775.8659499,2199,0,ɑ
1778659775.865985,2071,0,ɑ
1778659775.8660119,1955,0,ɑ
1778659775.866094,1962,0,ɑ
1778659775.866158,1953,0,ɑ
1778659775.866328,1910,0,ɑ
1778659775.866424,2069,0,ɑ
1778659775.866452,2273,0,ɑ
1778659775.866477,2289,0,ɑ
1778659775.866503,2107,0,ɑ
1778659775.866605,2049,0,ɑ
1778659775.866722,2069,0,ɑ
1778659775.866747,2119,0,ɑ
1778659775.866772,1928,0,ɑ
1778659775.866796,1958,0,ɑ
1778659775.86682,2106,0,ɑ
1778659775.866844,2274,0,ɑ
1778659775.866869,2096,0,ɑ
1778659775.866893,2022,0,ɑ
1778659775.8669171,1976,0,ɑ
1778659775.866941,2093,0,ɑ
1778659775.8669639,2004,0,ɑ
1778659775.8669891,1894,0,ɑ
1778659775.867095,2064,0,ɑ
1778659775.86712,2259,0,ɑ
1778659775.8672168,2169,0,ɑ
1778659775.867242,2054,0,ɑ
1778659775.867337,1975,0,ɑ
1778659775.86737,2065,0,ɑ
1778659775.868726,2029,0,ɑ
1778659775.886775,1894,0,ɑ
1778659775.886923,1985,0,ɑ
1778659775.887106,2259,0,ɑ
1778659775.887188,2270,0,ɑ
1778659775.887244,2086,0,ɑ
1778659775.887294,2012,0,ɑ
1778659775.8873432,2033,0,ɑ
1778659775.887393,2105,0,ɑ
1778659775.887512,1910,0,ɑ
1778659775.888906,1935,0,ɑ
1778659775.891603,2132,0,ɑ
1778659775.8932722,2334,0,ɑ
1778659775.8948102,2131,0,ɑ
1778659775.9178722,1992,0,ɑ
1778659775.918002,1971,0,ɑ
1778659775.918102,2091,0,ɑ
1778659775.918178,1986,0,ɑ
1778659775.918281,1920,0,ɑ
1778659775.918349,2081,0,ɑ
1778659775.918425,2284,0,ɑ
1778659775.9184792,2192,0,ɑ
1778659775.918507,2076,0,ɑ
1778659775.9186602,1972,0,ɑ
1778659775.918727,2012,0,ɑ
1778659775.918755,2028,0,ɑ
1778659775.922834,1907,0,ɑ
1778659775.9299352,2014,0,ɑ
1778659775.940973,2237,0,ɑ
1778659775.9437141,2278,0,ɑ
1778659775.9438,2093,0,ɑ
1778659775.9438531,2030,0,ɑ
1778659775.9438999,2042,0,ɑ
1778659775.943947,2084,0,ɑ
1778659775.944203,1918,0,ɑ
1778659775.9442492,1938,0,ɑ
1778659775.944337,2133,0,ɑ
1778659775.9443982,2289,0,ɑ
1778659775.946676,2100,0,ɑ
1778659775.9467552,2000,0,ɑ
1778659775.949404,1964,0,ɑ
1778659775.9508328,2108,0,ɑ
1778659775.9532921,2000,0,ɑ
1778659775.9681149,1962,0,ɑ
1778659775.968252,2064,0,ɑ
1778659775.973545,2245,0,ɑ
1778659775.9737449,2195,0,ɑ
1778659775.9739141,2057,0,ɑ
1778659775.974012,2026,0,ɑ
1778659775.9740748,2102,0,ɑ
1778659775.974358,2019,0,ɑ
1778659775.974422,1878,0,ɑ
1778659775.974499,1983,0,ɑ
1778659775.97581,2171,0,ɑ
1778659775.9773288,2280,0,ɑ
1778659775.983346,2102,0,ɑ
1778659775.983851,1921,0,ɑ
1778659775.985439,1950,0,ɑ
1778659775.987102,2058,0,ɑ
1778659775.991701,1947,0,ɑ
1778659775.994325,1981,0,ɑ
1778659775.9972239,2140,0,ɑ
1778659775.997293,2353,0,ɑ
1778659775.997337,2150,0,ɑ
1778659775.9973671,2053,0,ɑ
1778659775.9989362,1993,0,ɑ
1778659776.0017972,2062,0,ɑ
1778659776.003243,1950,0,ɑ
1778659776.004704,1833,0,ɑ
1778659776.0075772,2031,0,ɑ
1778659776.0122938,2257,0,ɑ
1778659776.012745,2199,0,ɑ
1778659776.013278,2063,0,ɑ
1778659776.015486,1984,0,ɑ
1778659776.0176609,2026,0,ɑ
1778659776.019469,2010,0,ɑ
1778659776.023583,1877,0,ɑ
1778659776.023921,1948,0,ɑ
1778659776.0259268,2194,0,ɑ
1778659776.027272,2267,0,ɑ
1778659776.0287192,2071,0,ɑ
1778659776.041524,1986,0,ɑ
1778659776.048194,1995,0,ɑ
1778659776.048388,2019,0,ɑ
1778659776.04845,1799,0,ɑ
1778659776.048554,1843,0,ɑ
1778659776.0486138,2086,0,ɑ
1778659776.048666,2358,0,ɑ
1778659776.048716,2164,0,ɑ
1778659776.048769,2011,0,ɑ
1778659776.0488162,1967,0,ɑ
1778659776.0514922,2131,0,ɑ
1778659776.052883,2056,0,ɑ
1778659776.056166,1957,0,ɑ
1778659776.0578141,2084,0,ɑ
1778659776.059177,2240,0,ɑ
1778659776.069865,2162,0,ɑ
1778659776.0766451,2006,0,ɑ
1778659776.076977,1924,0,ɑ
1778659776.079332,2013,0,ɑ
1778659776.079527,2023,0,ɑ
1778659776.079586,1893,0,ɑ
1778659776.079637,1942,0,ɑ
1778659776.079691,2180,0,ɑ
1778659776.0798569,2289,0,ɑ
1778659776.079914,2064,0,ɑ
1778659776.0812411,1980,0,ɑ
1778659776.083942,1966,0,ɑ
1778659776.093601,2064,0,ɑ
1778659776.0995572,1917,0,ɑ
1778659776.10011,1938,0,ɑ
1778659776.102349,2111,0,ɑ
1778659776.1026719,2276,0,ɑ
1778659776.102731,2094,0,ɑ
1778659776.102784,2024,0,ɑ
1778659776.102914,2016,0,ɑ
1778659776.1029792,2141,0,ɑ
1778659776.103029,2039,0,ɑ
1778659776.105976,1949,0,ɑ
1778659776.1073658,2044,0,ɑ
1778659776.1086998,2266,0,ɑ
1778659776.111349,2218,0,ɑ
1778659776.112704,2061,0,ɑ
1778659776.1233358,1948,0,ɑ
1778659776.124801,1994,0,ɑ
1778659776.124914,1976,0,ɑ
1778659776.125769,1861,0,ɑ
1778659776.127855,1935,0,ɑ
1778659776.1304781,2181,0,ɑ
1778659776.130702,2280,0,ɑ
1778659776.13093,2103,0,ɑ
1778659776.13111,1991,0,ɑ
1778659776.1334221,1986,0,ɑ
1778659776.134735,2075,0,ɑ
1778659776.137695,1918,0,ɑ
1778659776.142598,1935,0,ɑ
1778659776.1434639,2116,0,ɑ
1778659776.1450722,2328,0,ɑ
1778659776.145299,2135,0,ɑ
1778659776.147182,2014,0,ɑ
1778659776.150527,1968,0,ɑ
1778659776.150679,2106,0,ɑ
1778659776.152992,2000,0,ɑ
1778659776.155319,1892,0,ɑ
1778659776.15663,2058,0,ɑ
1778659776.159182,2275,0,ɑ
1778659776.1617348,2266,0,ɑ
1778659776.163027,2098,0,ɑ
1778659776.1687639,1971,0,ɑ
1778659776.169549,2033,0,ɑ
1778659776.171391,2054,0,ɑ
1778659776.171511,1900,0,ɑ
1778659776.173852,1926,0,ɑ
1778659776.1767418,2139,0,ɑ
1778659776.1768608,2296,0,ɑ
1778659776.1791098,2113,0,ɑ
1778659776.180835,2008,0,ɑ
1778659776.1834052,2021,0,ɑ
1778659776.1847281,2126,0,ɑ
1778659776.18977,1984,0,ɑ
1778659776.189875,1957,0,ɑ
1778659776.192301,2099,0,ɑ
1778659776.1941571,2352,0,ɑ
1778659776.1961868,2165,0,ɑ
1778659776.199713,2065,0,ɑ
1778659776.1999738,2018,0,ɑ
1778659776.202027,2055,0,ɑ
1778659776.203361,1984,0,ɑ
1778659776.204715,1879,0,ɑ
1778659776.207285,2021,0,ɑ
1778659776.208589,2211,0,ɑ
1778659776.2111528,2212,0,ɑ
1778659776.218486,2060,0,ɑ
1778659776.2235,1988,0,ɑ
1778659776.223986,2032,0,ɑ
1778659776.226016,1992,0,ɑ
1778659776.228543,1900,0,ɑ
1778659776.228819,2002,0,ɑ
1778659776.229098,2217,0,ɑ
1778659776.230984,2290,0,ɑ
1778659776.2311308,2072,0,ɑ
1778659776.23184,2005,0,ɑ
1778659776.233154,1988,0,ɑ
1778659776.234564,2087,0,ɑ
1778659776.243735,1923,0,ɑ
1778659776.244125,1911,0,ɑ
1778659776.246132,2040,0,ɑ
1778659776.246664,2288,0,ɑ
1778659776.2468338,2169,0,ɑ
1778659776.247262,2013,0,ɑ
1778659776.252618,1952,0,ɑ
1778659776.2529511,2043,0,ɑ
1778659776.253271,1957,0,ɑ
1778659776.255608,1908,0,ɑ
1778659776.256991,2065,0,ɑ
1778659776.259617,2250,0,ɑ
1778659776.260731,2210,0,ɑ
1778659776.263416,2052,0,ɑ
1778659776.264738,1965,0,ɑ
1778659776.2731972,2051,0,ɑ
1778659776.275831,2055,0,ɑ
1778659776.279252,1936,0,ɑ
1778659776.281912,1973,0,ɑ
1778659776.28223,2185,0,ɑ
1778659776.28254,2303,0,ɑ
1778659776.2843058,2102,0,ɑ
1778659776.285032,1963,0,ɑ
1778659776.285132,1988,0,ɑ
1778659776.285187,2092,0,ɑ
1778659776.2865632,1933,0,ɑ
1778659776.2894669,1912,0,ɑ
1778659776.295617,2051,0,ɑ
1778659776.297289,2287,0,ɑ
1778659776.3008351,2123,0,ɑ
1778659776.301503,2021,0,ɑ
1778659776.308525,1987,0,ɑ
1778659776.308794,2079,0,ɑ
1778659776.3089411,2010,0,ɑ
1778659776.3090858,1904,0,ɑ
1778659776.309163,2059,0,ɑ
1778659776.309231,2242,0,ɑ
1778659776.310615,2274,0,ɑ
1778659776.3132632,2086,0,ɑ
1778659776.314622,1989,0,ɑ
1778659776.31713,1970,0,ɑ
1778659776.323921,2014,0,ɑ
1778659776.32594,1903,0,ɑ
1778659776.327601,1937,0,ɑ
1778659776.3291688,2165,0,ɑ
1778659776.331125,2340,0,ɑ
1778659776.332059,2105,0,ɑ
1778659776.33268,2007,0,ɑ
1778659776.33489,2025,0,ɑ
1778659776.337866,2093,0,ɑ
1778659776.338388,1954,0,ɑ
1778659776.3406131,1826,0,ɑ
1778659776.340715,2030,0,ɑ
1778659776.343389,2314,0,ɑ
1778659776.344966,2157,0,ɑ
1778659776.349848,2029,0,ɑ
1778659776.351611,1980,0,ɑ
1778659776.3517199,2045,0,ɑ
1778659776.357263,1954,0,ɑ
1778659776.357424,1870,0,ɑ
1778659776.358046,2009,0,ɑ
1778659776.362366,2229,0,ɑ
1778659776.362433,2211,0,ɑ
1778659776.362689,2038,0,ɑ
1778659776.364694,1976,0,ɑ
1778659776.3672588,1994,0,ɑ
1778659776.36858,2048,0,ɑ
1778659776.371191,1911,0,ɑ
1778659776.3725371,1963,0,ɑ
1778659776.37521,2141,0,ɑ
1778659776.380011,2284,0,ɑ
1778659776.381501,2073,0,ɑ
1778659776.3828611,1974,0,ɑ
1778659776.3830621,1894,0,ɑ
1778659776.384869,2029,0,ɑ
1778659776.3891468,1884,0,ɑ
1778659776.391488,1872,0,ɑ
1778659776.39171,2104,0,ɑ
1778659776.3940978,2343,0,ɑ
1778659776.3954,2135,0,ɑ
1778659776.396694,2029,0,ɑ
1778659776.402932,1972,0,ɑ
1778659776.403049,2076,0,ɑ
1778659776.403187,1977,0,ɑ
1778659776.4055839,1846,0,ɑ
1778659776.407721,1978,0,ɑ
1778659776.4102552,2177,0,ɑ
1778659776.4140558,2234,0,ɑ
1778659776.414488,2008,0,ɑ
1778659776.41477,1901,0,ɑ
1778659776.4175858,1964,0,ɑ
1778659776.418881,2046,0,ɑ
1778659776.421504,1975,0,ɑ
1778659776.422813,1972,0,ɑ
1778659776.4253702,2156,0,ɑ
1778659776.42679,2294,0,ɑ
1778659776.4320571,2028,0,ɑ
1778659776.4326222,1970,0,ɑ
1778659776.4351602,1980,0,ɑ
1778659776.435294,2108,0,ɑ
1778659776.4386702,2034,0,ɑ
1778659776.4392781,1857,0,ɑ
1778659776.4468238,2107,0,ɑ
1778659776.447498,2371,0,ɑ
1778659776.4475331,2232,0,ɑ
1778659776.447561,2013,0,ɑ
1778659776.450986,1926,0,ɑ
1778659776.451072,2008,0,ɑ
1778659776.469594,1889,0,ɑ
1778659776.473275,1770,0,ɑ
1778659776.4734578,1881,0,ɑ
1778659776.473501,2168,0,ɑ
1778659776.4741278,2296,0,ɑ
1778659776.474327,2117,0,ɑ
1778659776.476468,2010,0,ɑ
1778659776.4773161,2040,0,ɑ
1778659776.4774919,2104,0,ɑ
1778659776.4775512,1948,0,ɑ
1778659776.4776042,1933,0,ɑ
1778659776.477654,2162,0,ɑ
1778659776.477706,2478,0,ɑ
1778659776.4816818,2060,0,ɑ
1778659776.4817438,1907,0,ɑ
1778659776.5111501,1915,0,ɑ
1778659776.5112069,2142,0,ɑ
1778659776.5112371,2019,0,ɑ
1778659776.511265,1903,0,ɑ
1778659776.511292,1985,0,ɑ
1778659776.5117161,2230,0,ɑ
1778659776.511761,2104,0,ɑ
1778659776.5118349,2143,0,ɑ
1778659776.52723,2005,0,ɑ
1778659776.542293,2075,0,ɑ
1778659776.5424151,2028,0,ɑ
1778659776.542469,1948,0,ɑ
1778659776.542502,1978,0,ɑ
1778659776.542602,2195,0,ɑ
1778659776.542634,2283,0,ɑ
1778659776.5426629,2124,0,ɑ
1778659776.542691,2056,0,ɑ
1778659776.54272,2101,0,ɑ
1778659776.5427961,2089,0,ɑ
1778659776.5428858,1787,0,ɑ
1778659776.542943,1848,0,ɑ
1778659776.543,2145,0,ɑ
1778659776.543072,2429,0,ɑ
1778659776.543116,2122,0,ɑ
1778659776.543162,1938,0,ɑ
1778659776.5435321,1976,0,ɑ
1778659776.544943,2113,0,ɑ
1778659776.5449789,2058,0,ɑ
1778659776.545009,2116,0,ɑ
1778659776.545037,2168,0,ɑ
1778659776.545064,2259,0,ɑ
1778659776.5450912,2254,0,ɑ
1778659776.551709,2018,0,ɑ
1778659776.562054,1908,0,ɑ
1778659776.5780952,2032,0,ɑ
1778659776.578398,2096,0,ɑ
1778659776.579888,1919,0,ɑ
1778659776.580265,1996,0,ɑ
1778659776.58061,2210,0,ɑ
1778659776.580713,2273,0,ɑ
1778659776.580856,2104,0,ɑ
1778659776.580965,2057,0,ɑ
1778659776.581165,2014,0,ɑ
1778659776.581203,2083,0,ɑ
1778659776.581232,1911,0,ɑ
1778659776.581287,1968,0,ɑ
1778659776.581745,2238,0,ɑ
1778659776.599765,2320,0,ɑ
1778659776.600393,2112,0,ɑ
1778659776.601408,2074,0,ɑ
1778659776.6014879,2016,0,ɑ
1778659776.601546,2097,0,ɑ
1778659776.601598,1992,0,ɑ
1778659776.6016462,2020,0,ɑ
1778659776.6016939,2025,0,ɑ
1778659776.601742,2282,0,ɑ
1778659776.60179,2222,0,ɑ
1778659776.601836,2110,0,ɑ
1778659776.6018848,1998,0,ɑ
1778659776.601932,2059,0,ɑ
1778659776.603353,1993,0,ɑ
1778659776.604823,1781,0,ɑ
1778659776.6133041,1900,0,ɑ
1778659776.6350238,2304,0,ɑ
1778659776.656173,2380,0,ɑ
1778659776.656275,2113,0,ɑ
1778659776.6563258,2117,0,ɑ
1778659776.6563551,2107,0,ɑ
1778659776.657656,2166,0,ɑ
1778659776.657696,1934,0,ɑ
1778659776.657724,1964,0,ɑ
1778659776.6578329,2185,0,ɑ
1778659776.6580439,2380,0,ɑ
1778659776.6596968,2146,0,ɑ
1778659776.659738,1923,0,ɑ
1778659776.659766,1952,0,ɑ
1778659776.659792,2180,0,ɑ
1778659776.659817,2055,0,ɑ
1778659776.659843,1955,0,ɑ
1778659776.6598668,2108,0,ɑ
1778659776.659891,2192,0,ɑ
1778659776.659916,2204,0,ɑ
1778659776.65994,2191,0,ɑ
1778659776.659965,1980,0,ɑ
1778659776.6599889,2057,0,ɑ
1778659776.6600142,2024,0,ɑ
1778659776.660039,1951,0,ɑ
1778659776.6625931,2092,0,ɑ
1778659776.662685,2311,0,ɑ
1778659776.6628108,2366,0,ɑ
1778659776.664771,2052,0,ɑ
1778659776.664804,1878,0,ɑ
1778659776.690679,1967,0,ɑ
1778659776.6912599,2142,0,ɑ
1778659776.691382,2018,0,ɑ
1778659776.691464,2025,0,ɑ
1778659776.691523,2171,0,ɑ
1778659776.6915991,2339,0,ɑ
1778659776.691664,2161,0,ɑ
1778659776.691697,2104,0,ɑ
1778659776.6917498,2087,0,ɑ
1778659776.692009,2123,0,ɑ
1778659776.692297,1946,0,ɑ
1778659776.6924229,1828,0,ɑ
1778659776.6928241,2053,0,ɑ
1778659776.6929102,2242,0,ɑ
1778659776.72068,2080,0,ɑ
1778659776.721329,2093,0,ɑ
1778659776.721717,2108,0,ɑ
1778659776.7218611,2125,0,ɑ
1778659776.721919,2000,0,ɑ
1778659776.721969,1880,0,ɑ
1778659776.722039,2005,0,ɑ
1778659776.7221298,2261,0,ɑ
1778659776.72233,2309,0,ɑ
1778659776.722431,2017,0,ɑ
1778659776.722483,2009,0,ɑ
1778659776.722659,1988,0,ɑ
1778659776.722709,2033,0,ɑ
1778659776.7227561,1863,0,ɑ
1778659776.7228842,1942,0,ɑ
1778659776.725587,2126,0,ɑ
1778659776.726752,2336,0,ɑ
1778659776.7516,2153,0,ɑ
1778659776.7518091,2085,0,ɑ
1778659776.751881,2079,0,ɑ
1778659776.751934,2082,0,ɑ
1778659776.751992,1973,0,ɑ
1778659776.752046,2005,0,ɑ
1778659776.7520971,2066,0,ɑ
1778659776.752152,2238,0,ɑ
1778659776.752199,2214,0,ɑ
1778659776.752245,2119,0,ɑ
1778659776.752291,1981,0,ɑ
1778659776.752461,2023,0,ɑ
1778659776.752519,2028,0,ɑ
1778659776.7552829,1944,0,ɑ
1778659776.763627,1972,0,ɑ
1778659776.766019,2288,0,ɑ
1778659776.766662,2302,0,ɑ
1778659776.770692,2073,0,ɑ
1778659776.7756412,1984,0,ɑ
1778659776.77572,2029,0,ɑ
1778659776.775779,2071,0,ɑ
1778659776.775848,1953,0,ɑ
1778659776.77596,1977,0,ɑ
1778659776.776022,2109,0,ɑ
1778659776.777405,2318,0,ɑ
1778659776.778789,2162,0,ɑ
1778659776.781464,2011,0,ɑ
1778659776.782877,1917,0,ɑ
1778659776.785928,2033,0,ɑ
1778659776.794114,1968,0,ɑ
1778659776.7946439,1876,0,ɑ
1778659776.7973912,1999,0,ɑ
1778659776.799619,2282,0,ɑ
1778659776.8022468,2251,0,ɑ
1778659776.80692,2125,0,ɑ
1778659776.8077319,1965,0,ɑ
1778659776.807832,2071,0,ɑ
1778659776.807889,2078,0,ɑ
1778659776.807939,1923,0,ɑ
1778659776.807992,2056,0,ɑ
1778659776.809403,2203,0,ɑ
1778659776.810766,2252,0,ɑ
1778659776.818541,2056,0,ɑ
1778659776.824045,2001,0,ɑ
1778659776.826623,2027,0,ɑ
1778659776.829584,2076,0,ɑ
1778659776.8322382,1964,0,ɑ
1778659776.832358,1893,0,ɑ
1778659776.8324878,2080,0,ɑ
1778659776.832555,2340,0,ɑ
1778659776.832617,2115,0,ɑ
1778659776.832745,1986,0,ɑ
1778659776.8328059,2022,0,ɑ
1778659776.835857,2087,0,ɑ
1778659776.838261,1953,0,ɑ
1778659776.839689,1886,0,ɑ
1778659776.8412302,2034,0,ɑ
1778659776.8427231,2242,0,ɑ
1778659776.856587,2255,0,ɑ
1778659776.8590631,2101,0,ɑ
1778659776.859554,1967,0,ɑ
1778659776.859796,2061,0,ɑ
1778659776.862334,2062,0,ɑ
1778659776.862475,1943,0,ɑ
1778659776.862537,1950,0,ɑ
1778659776.8625941,2179,0,ɑ
1778659776.862645,2261,0,ɑ
1778659776.862727,2073,0,ɑ
1778659776.865453,1993,0,ɑ
1778659776.873467,1967,0,ɑ
1778659776.878392,2092,0,ɑ
1778659776.8799732,1874,0,ɑ
1778659776.881838,1941,0,ɑ
1778659776.884619,2162,0,ɑ
1778659776.88497,2335,0,ɑ
1778659776.88718,2133,0,ɑ
1778659776.887688,1989,0,ɑ
1778659776.8879302,1956,0,ɑ
1778659776.8879921,2101,0,ɑ
1778659776.888045,2020,0,ɑ
1778659776.889434,1841,0,ɑ
1778659776.890808,2003,0,ɑ
1778659776.893534,2229,0,ɑ
1778659776.8949492,2223,0,ɑ
1778659776.89746,2086,0,ɑ
1778659776.9082901,2021,0,ɑ
1778659776.910463,2017,0,ɑ
1778659776.913459,1984,0,ɑ
1778659776.916081,1854,0,ɑ
1778659776.916447,1934,0,ɑ
1778659776.91695,2145,0,ɑ
1778659776.919232,2297,0,ɑ
1778659776.919532,2102,0,ɑ
1778659776.919626,1999,0,ɑ
1778659776.919682,1984,0,ɑ
1778659776.919758,2122,0,ɑ
1778659776.9212859,1969,0,ɑ
1778659776.922654,1930,0,ɑ
1778659776.927723,2093,0,ɑ
1778659776.928798,2316,0,ɑ
1778659776.933429,2088,0,ɑ
1778659776.9349551,2025,0,ɑ
1778659776.935952,2007,0,ɑ
1778659776.93855,2066,0,ɑ
1778659776.941194,1978,0,ɑ
1778659776.94138,1902,0,ɑ
1778659776.941783,2020,0,ɑ
1778659776.944206,2282,0,ɑ
1778659776.9443462,2203,0,ɑ
1778659776.94694,2049,0,ɑ
1778659776.9483352,1962,0,ɑ
1778659776.9508429,2079,0,ɑ
1778659776.9539049,2017,0,ɑ
1778659776.960852,1864,0,ɑ
1778659776.9618099,1995,0,ɑ
1778659776.966391,2260,0,ɑ
1778659776.96788,2339,0,ɑ
1778659776.975274,2073,0,ɑ
1778659776.975649,1985,0,ɑ
1778659776.975717,1981,0,ɑ
1778659776.975766,2103,0,ɑ
1778659776.975816,1956,0,ɑ
1778659776.97587,1914,0,ɑ
1778659776.975918,2048,0,ɑ
1778659776.9772742,2279,0,ɑ
1778659776.978647,2140,0,ɑ
1778659776.9899662,2088,0,ɑ
1778659776.992403,1988,0,ɑ
1778659776.996903,2067,0,ɑ
1778659776.9974558,2015,0,ɑ
1778659776.997636,1884,0,ɑ
1778659776.997995,2038,0,ɑ
1778659777.000232,2294,0,ɑ
1778659777.000345,2256,0,ɑ
1778659777.000503,2057,0,ɑ
1778659777.000643,1922,0,ɑ
1778659777.000705,1965,0,ɑ
1778659777.00318,2092,0,ɑ
1778659777.004624,1917,0,ɑ
1778659777.007357,1906,0,ɑ
1778659777.0087948,2108,0,ɑ
1778659777.016495,2364,0,ɑ
1778659777.0176058,2110,0,ɑ
1778659777.0223072,2021,0,ɑ
1778659777.0243578,1992,0,ɑ
1778659777.0246022,2067,0,ɑ
1778659777.0269,1929,0,ɑ
1778659777.029681,1854,0,ɑ
1778659777.030124,2084,0,ɑ
1778659777.030428,2333,0,ɑ
1778659777.032685,2152,0,ɑ
1778659777.032746,2007,0,ɑ
1778659777.032779,1982,0,ɑ
1778659777.0354738,2040,0,ɑ
1778659777.037117,2002,0,ɑ
1778659777.041549,1878,0,ɑ
1778659777.042469,2024,0,ɑ
1778659777.043537,2249,0,ɑ
1778659777.048161,2254,0,ɑ
1778659777.049185,2066,0,ɑ
1778659777.050101,1965,0,ɑ
1778659777.054534,2016,0,ɑ
1778659777.059093,2048,0,ɑ
1778659777.059186,1891,0,ɑ
1778659777.0592792,1948,0,ɑ
1778659777.059341,2147,0,ɑ
1778659777.0621939,2381,0,ɑ
1778659777.062303,2125,0,ɑ
1778659777.0643241,2021,0,ɑ
1778659777.0663319,2008,0,ɑ
1778659777.0927382,2090,0,ɑ
1778659777.1008692,1964,0,ɑ
1778659777.100918,1939,0,ɑ
1778659777.101023,2085,0,ɑ
1778659777.101196,2242,0,ɑ
1778659777.101484,2156,0,ɑ
1778659777.101515,1996,0,ɑ
1778659777.101544,1960,0,ɑ
1778659777.101571,2013,0,ɑ
1778659777.1015968,1957,0,ɑ
1778659777.1018062,1936,0,ɑ
1778659777.10197,2059,0,ɑ
1778659777.101999,2188,0,ɑ
1778659777.102026,2159,0,ɑ
1778659777.1020522,2066,0,ɑ
1778659777.102079,2091,0,ɑ
1778659777.1021051,2127,0,ɑ
1778659777.106004,2092,0,ɑ
1778659777.106724,1911,0,ɑ
1778659777.106753,1904,0,ɑ
1778659777.110773,2144,0,ɑ
1778659777.11081,2252,0,ɑ
1778659777.1270301,1980,0,ɑ
1778659777.134363,1810,0,ɑ
1778659777.134442,1891,0,ɑ
1778659777.134494,2171,0,ɑ
1778659777.134544,2128,0,ɑ
1778659777.134592,1890,0,ɑ
1778659777.134639,1454,0,ɑ
1778659777.134685,2334,0,ɑ
1778659777.13473,2419,0,ɑ
1778659777.134775,1868,0,ɑ
1778659777.1348212,1818,0,ɑ
1778659777.1348648,2328,0,ɑ
1778659777.157853,2239,0,ɑ
1778659777.158017,1744,0,ɑ
1778659777.1580741,1017,0,ɑ
1778659777.1582239,1249,0,ɑ
1778659777.158329,3004,0,ɑ
1778659777.158431,3150,0,ɑ
1778659777.158539,2310,0,ɑ
1778659777.158588,2138,0,ɑ
1778659777.158635,1990,0,ɑ
1778659777.1586812,1563,0,ɑ
1778659777.158832,2162,0,ɑ
1778659777.158999,2929,0,ɑ
1778659777.160722,2788,0,ɑ
1778659777.162325,1667,0,ɑ
1778659777.16498,1297,0,ɑ
1778659777.166399,1094,0,ɑ
1778659777.169079,1857,0,ɑ
1778659777.177135,2763,0,ɑ
1778659777.1801002,2575,0,ɑ
1778659777.180257,2268,0,ɑ
1778659777.182153,2409,0,ɑ
1778659777.184403,2292,0,ɑ
1778659777.185398,2171,0,ɑ
1778659777.189735,2018,0,ɑ
1778659777.190322,2043,0,ɑ
1778659777.190727,1611,0,ɑ
1778659777.192726,1258,0,ɑ
1778659777.193482,1986,0,ɑ
1778659777.1935492,2398,0,ɑ
1778659777.194911,2403,0,ɑ
1778659777.196285,2123,0,ɑ
1778659777.2032168,2028,0,ɑ
1778659777.204289,2079,0,ɑ
1778659777.2062678,2147,0,ɑ
1778659777.206669,1937,0,ɑ
1778659777.209292,1904,0,ɑ
1778659777.210193,2034,0,ɑ
1778659777.210736,2157,0,ɑ
1778659777.213142,1902,0,ɑ
1778659777.215924,1844,0,ɑ
1778659777.218173,1928,0,ɑ
1778659777.218397,2038,0,ɑ
1778659777.221296,2004,0,ɑ
1778659777.222712,1980,0,ɑ
1778659777.2253609,2071,0,ɑ
1778659777.226757,2184,0,ɑ
1778659777.229613,1975,0,ɑ
1778659777.234699,2073,0,ɑ
1778659777.23491,2046,0,ɑ
1778659777.238483,2017,0,ɑ
1778659777.238739,2080,0,ɑ
1778659777.241173,1956,0,ɑ
1778659777.242584,2001,0,ɑ
1778659777.243955,2244,0,ɑ
1778659777.247964,2295,0,ɑ
1778659777.248128,2066,0,ɑ
1778659777.250697,1960,0,ɑ
1778659777.250735,1948,0,ɑ
1778659777.2532601,2089,0,ɑ
1778659777.254507,1910,0,ɑ
1778659777.261811,1748,0,ɑ
1778659777.263503,2043,0,ɑ
1778659777.265472,2177,0,ɑ
1778659777.268184,1768,0,ɑ
1778659777.268665,1685,0,ɑ
1778659777.272991,2141,0,ɑ
1778659777.273164,2288,0,ɑ
1778659777.273273,2061,0,ɑ
1778659777.2735791,1904,0,ɑ
1778659777.275977,2099,0,ɑ
1778659777.277372,2298,0,ɑ
1778659777.278713,2159,0,ɑ
1778659777.2814422,2093,0,ɑ
1778659777.28279,1919,0,ɑ
1778659777.285451,2009,0,ɑ
1778659777.291637,1912,0,ɑ
1778659777.292337,1119,0,ɑ
1778659777.29296,951,0,ɑ
1778659777.295147,2356,0,ɑ
1778659777.297822,2993,0,ɑ
1778659777.298841,2427,0,ɑ
1778659777.299506,2022,0,ɑ
1778659777.304789,1996,0,ɑ
1778659777.305244,2000,0,ɑ
1778659777.305621,2033,0,ɑ
1778659777.308234,2274,0,ɑ
1778659777.308349,2246,0,ɑ
1778659777.311032,2240,0,ɑ
1778659777.31265,1917,0,ɑ
1778659777.318614,1866,0,ɑ
1778659777.32079,1866,0,ɑ
1778659777.3243861,2004,0,ɑ
1778659777.325443,2051,0,ɑ
1778659777.32567,1934,0,ɑ
1778659777.3303869,2091,0,ɑ
1778659777.3307881,2218,0,ɑ
1778659777.33115,2087,0,ɑ
1778659777.331517,1885,0,ɑ
1778659777.3339431,1766,0,ɑ
1778659777.335367,1974,0,ɑ
1778659777.336811,1923,0,ɑ
1778659777.339502,1771,0,ɑ
1778659777.341034,1710,0,ɑ
1778659777.3424041,1931,0,ɑ
1778659777.3500988,1878,0,ɑ
1778659777.3507001,2027,0,ɑ
1778659777.3527548,2077,0,ɑ
1778659777.3531442,2070,0,ɑ
1778659777.355558,2110,0,ɑ
1778659777.357326,1992,0,ɑ
1778659777.358755,2165,0,ɑ
1778659777.3633,2294,0,ɑ
1778659777.36389,2386,0,ɑ
1778659777.364144,2068,0,ɑ
1778659777.366107,1906,0,ɑ
1778659777.367976,1791,0,ɑ
1778659777.369338,1945,0,ɑ
1778659777.370731,1802,0,ɑ
1778659777.378332,1783,0,ɑ
1778659777.380013,1981,0,ɑ
1778659777.3821728,2176,0,ɑ
1778659777.382833,1906,0,ɑ
1778659777.383859,1856,0,ɑ
1778659777.384487,1937,0,ɑ
1778659777.385001,1979,0,ɑ
1778659777.3901188,1774,0,ɑ
1778659777.3904572,1686,0,ɑ
1778659777.390817,1859,0,ɑ
1778659777.3933492,2117,0,ɑ
1778659777.394701,2357,0,ɑ
1778659777.397204,2089,0,ɑ
1778659777.3985898,1880,0,ɑ
1778659777.4011981,2005,0,ɑ
1778659777.4025862,1889,0,ɑ
1778659777.410677,1990,0,ɑ
1778659777.412662,2155,0,ɑ
1778659777.4129221,2197,0,ɑ
1778659777.414268,2265,0,ɑ
1778659777.4150689,2077,0,ɑ
1778659777.415669,1926,0,ɑ
1778659777.419102,1830,0,ɑ
1778659777.422131,2141,0,ɑ
1778659777.422397,2022,0,ɑ
1778659777.422548,1560,0,ɑ
1778659777.42484,1839,0,ɑ
1778659777.426212,2302,0,ɑ
1778659777.4289,2294,0,ɑ
1778659777.4368699,2126,0,ɑ
1778659777.4373639,1994,0,ɑ
1778659777.439952,1990,0,ɑ
1778659777.441016,1978,0,ɑ
1778659777.441246,1856,0,ɑ
1778659777.4445992,1908,0,ɑ
1778659777.447679,2147,0,ɑ
1778659777.44781,2157,0,ɑ
1778659777.4481611,1976,0,ɑ
1778659777.448355,1833,0,ɑ
1778659777.4505558,1614,0,ɑ
1778659777.453231,1902,0,ɑ
1778659777.4545972,1979,0,ɑ
1778659777.4573162,2127,0,ɑ
1778659777.4586592,2161,0,ɑ
1778659777.461293,2306,0,ɑ
1778659777.466608,1990,0,ɑ
1778659777.467694,2010,0,ɑ
1778659777.467819,2137,0,ɑ
1778659777.46964,2259,0,ɑ
1778659777.472935,2069,0,ɑ
1778659777.473529,1926,0,ɑ
1778659777.4765189,1981,0,ɑ
1778659777.47678,2230,0,ɑ
1778659777.479742,2214,0,ɑ
1778659777.482273,1775,0,ɑ
1778659777.482496,1634,0,ɑ
1778659777.4851599,2182,0,ɑ
1778659777.486609,2265,0,ɑ
1778659777.492359,1976,0,ɑ
1778659777.494698,1944,0,ɑ
1778659777.494911,2268,0,ɑ
1778659777.495172,2469,0,ɑ
1778659777.498612,2246,0,ɑ
1778659777.499192,2096,0,ɑ
1778659777.501322,1992,0,ɑ
1778659777.504288,2035,0,ɑ
1778659777.504719,1809,0,ɑ
1778659777.506804,1796,0,ɑ
1778659777.5082119,1973,0,ɑ
1778659777.510803,2205,0,ɑ
1778659777.5122051,2095,0,ɑ
1778659777.5147572,2134,0,ɑ
1778659777.5223439,2047,0,ɑ
1778659777.5228229,1954,0,ɑ
1778659777.5228758,1913,0,ɑ
1778659777.522951,1718,0,ɑ
1778659777.524374,2123,0,ɑ
1778659777.527669,2442,0,ɑ
1778659777.52977,2455,0,ɑ
1778659777.532235,2170,0,ɑ
1778659777.5323362,1978,0,ɑ
1778659777.534534,2112,0,ɑ
1778659777.537112,2096,0,ɑ
1778659777.5384262,1877,0,ɑ
1778659777.5432472,1967,0,ɑ
1778659777.543709,2120,0,ɑ
1778659777.546103,2232,0,ɑ
1778659777.54631,2038,0,ɑ
1778659777.5496619,1924,0,ɑ
1778659777.55182,1949,0,ɑ
1778659777.554749,2172,0,ɑ
1778659777.555024,2004,0,ɑ
1778659777.557077,1918,0,ɑ
1778659777.5583801,2096,0,ɑ
1778659777.560956,2372,0,ɑ
1778659777.562253,2042,0,ɑ
1778659777.5648158,1982,0,ɑ
1778659777.566338,1976,0,ɑ
1778659777.57273,2100,0,ɑ
1778659777.5732381,1880,0,ɑ
1778659777.57371,1828,0,ɑ
1778659777.575702,2030,0,ɑ
1778659777.5776901,2264,0,ɑ
1778659777.57984,2237,0,ɑ
1778659777.581356,2091,0,ɑ
1778659777.583931,2014,0,ɑ
1778659777.58574,2070,0,ɑ
1778659777.587109,2088,0,ɑ
1778659777.5885298,1953,0,ɑ
1778659777.595076,1981,0,ɑ
1778659777.59518,2182,0,ɑ
1778659777.596125,2354,0,ɑ
1778659777.596586,2112,0,ɑ
1778659777.599835,2005,0,ɑ
1778659777.6015732,2010,0,ɑ
1778659777.603366,2103,0,ɑ
1778659777.605849,2013,0,ɑ
1778659777.607632,1882,0,ɑ
1778659777.608822,2035,0,ɑ
1778659777.610164,2239,0,ɑ
1778659777.612778,2147,0,ɑ
1778659777.615673,2062,0,ɑ
1778659777.617053,2028,0,ɑ
1778659777.62355,2088,0,ɑ
1778659777.624897,1976,0,ɑ
1778659777.6250722,1958,0,ɑ
1778659777.625283,2135,0,ɑ
1778659777.630304,2309,0,ɑ
1778659777.630472,2265,0,ɑ
1778659777.632826,2100,0,ɑ
1778659777.6331,1998,0,ɑ
1778659777.635196,2053,0,ɑ
1778659777.63655,1986,0,ɑ
1778659777.643224,1781,0,ɑ
1778659777.644017,1971,0,ɑ
1778659777.644821,2271,0,ɑ
1778659777.646095,2391,0,ɑ
1778659777.6476748,2078,0,ɑ
1778659777.6497111,2045,0,ɑ
1778659777.651562,2047,0,ɑ
1778659777.656748,2137,0,ɑ
1778659777.656896,1976,0,ɑ
1778659777.656963,1957,0,ɑ
1778659777.6583428,2092,0,ɑ
1778659777.660973,2275,0,ɑ
1778659777.662286,2114,0,ɑ
1778659777.664842,2002,0,ɑ
1778659777.6667001,1987,0,ɑ
1778659777.673684,2105,0,ɑ
1778659777.673877,2026,0,ɑ
1778659777.675922,1916,0,ɑ
1778659777.676692,2065,0,ɑ
1778659777.677598,2277,0,ɑ
1778659777.6797178,2245,0,ɑ
1778659777.6821902,2079,0,ɑ
1778659777.6826181,1990,0,ɑ
1778659777.684503,2036,0,ɑ
1778659777.6869671,2053,0,ɑ
1778659777.688501,1915,0,ɑ
1778659777.693866,1962,0,ɑ
1778659777.694421,2166,0,ɑ
1778659777.6948748,2318,0,ɑ
1778659777.697922,2103,0,ɑ
1778659777.701371,1984,0,ɑ
1778659777.701466,2050,0,ɑ
1778659777.7059588,2141,0,ɑ
1778659777.706551,1971,0,ɑ
1778659777.706702,1958,0,ɑ
1778659777.7092779,2086,0,ɑ
1778659777.710577,2260,0,ɑ
1778659777.713193,2165,0,ɑ
1778659777.714483,2082,0,ɑ
1778659777.720952,2031,0,ɑ
1778659777.723545,2109,0,ɑ
1778659777.7249322,2053,0,ɑ
1778659777.726292,1951,0,ɑ
1778659777.726881,2034,0,ɑ
1778659777.727285,2226,0,ɑ
1778659777.729339,2233,0,ɑ
1778659777.7317362,2079,0,ɑ
1778659777.733792,2008,0,ɑ
1778659777.735115,2023,0,ɑ
1778659777.736414,2044,0,ɑ
1778659777.742891,1921,0,ɑ
1778659777.743361,1997,0,ɑ
1778659777.743742,2204,0,ɑ
1778659777.746803,2342,0,ɑ
1778659777.747236,2127,0,ɑ
1778659777.7500548,1986,0,ɑ
1778659777.7501261,1943,0,ɑ
1778659777.752387,2068,0,ɑ
1778659777.75453,1975,0,ɑ
1778659777.7568939,1944,0,ɑ
1778659777.758186,2115,0,ɑ
1778659777.760743,2323,0,ɑ
1778659777.763312,2138,0,ɑ
1778659777.767939,2069,0,ɑ
1778659777.769139,1988,0,ɑ
1778659777.770784,2062,0,ɑ
1778659777.770915,2016,0,ɑ
1778659777.773302,1905,0,ɑ
1778659777.776303,2027,0,ɑ
1778659777.77642,2276,0,ɑ
1778659777.778754,2208,0,ɑ
1778659777.7807949,1916,0,ɑ
1778659777.783222,1878,0,ɑ
1778659777.784522,2103,0,ɑ
1778659777.789502,2226,0,ɑ
1778659777.7902899,1998,0,ɑ
1778659777.790354,2016,0,ɑ
1778659777.793859,2221,0,ɑ
1778659777.7967749,2422,0,ɑ
1778659777.799053,2209,0,ɑ
1778659777.7991428,2090,0,ɑ
1778659777.801242,2020,0,ɑ
1778659777.8025742,2068,0,ɑ
1778659777.805207,1936,0,ɑ
1778659777.806506,1862,0,ɑ
1778659777.809655,2001,0,ɑ
1778659777.815797,2287,0,ɑ
1778659777.8174112,2174,0,ɑ
1778659777.817616,2053,0,ɑ
1778659777.8194969,1972,0,ɑ
1778659777.8195798,2079,0,ɑ
1778659777.822931,1993,0,ɑ
1778659777.825275,1844,0,ɑ
1778659777.825578,1967,0,ɑ
1778659777.8275049,2226,0,ɑ
1778659777.828813,2274,0,ɑ
1778659777.830102,2079,0,ɑ
1778659777.835399,1996,0,ɑ
1778659777.836132,1978,0,ɑ
1778659777.836193,2010,0,ɑ
1778659777.839726,1860,0,ɑ
1778659777.841264,1908,0,ɑ
1778659777.8426611,2167,0,ɑ
1778659777.846653,2391,0,ɑ
1778659777.846838,2144,0,ɑ
1778659777.848139,2049,0,ɑ
1778659777.850689,2075,0,ɑ
1778659777.8521228,2138,0,ɑ
1778659777.854677,2008,0,ɑ
1778659777.860075,1932,0,ɑ
1778659777.86048,2070,0,ɑ
1778659777.860884,2292,0,ɑ
1778659777.863795,2154,0,ɑ
1778659777.865678,2031,0,ɑ
1778659777.8694131,1992,0,ɑ
1778659777.8695,2080,0,ɑ
1778659777.871583,1966,0,ɑ
1778659777.872876,1847,0,ɑ
1778659777.874165,1992,0,ɑ
1778659777.87674,2223,0,ɑ
1778659777.878079,2305,0,ɑ
1778659777.884747,2141,0,ɑ
1778659777.885414,2039,0,ɑ
1778659777.885813,2057,0,ɑ
1778659777.8887491,2050,0,ɑ
1778659777.889191,1920,0,ɑ
1778659777.890731,1972,0,ɑ
1778659777.892278,2142,0,ɑ
1778659777.8944829,2305,0,ɑ
1778659777.896468,2043,0,ɑ
1778659777.899019,1967,0,ɑ
1778659777.900307,1989,0,ɑ
1778659777.902858,2113,0,ɑ
1778659777.904288,2003,0,ɑ
1778659777.909523,1925,0,ɑ
1778659777.9102879,2101,0,ɑ
1778659777.910348,2275,0,ɑ
1778659777.9120839,2129,0,ɑ
1778659777.915205,1923,0,ɑ
1778659777.9167428,1910,0,ɑ
1778659777.9189289,2138,0,ɑ
1778659777.9210958,2175,0,ɑ
1778659777.922389,1965,0,ɑ
1778659777.924948,2047,0,ɑ
1778659777.9262478,2260,0,ɑ
1778659777.928797,2349,0,ɑ
1778659777.930054,2136,0,ɑ
1778659777.93392,2023,0,ɑ
1778659777.934334,2031,0,ɑ
1778659777.93638,2008,0,ɑ
1778659777.9386299,1840,0,ɑ
1778659777.941463,1897,0,ɑ
1778659777.943618,2079,0,ɑ
1778659777.945593,2337,0,ɑ
1778659777.9468951,2099,0,ɑ
1778659777.9481852,2007,0,ɑ
1778659777.9507442,1926,0,ɑ
1778659777.952215,2077,0,ɑ
1778659777.954985,1996,0,ɑ
1778659777.959172,1945,0,ɑ
1778659777.959615,2062,0,ɑ
1778659777.9613829,2283,0,ɑ
1778659777.9630668,2209,0,ɑ
1778659777.964931,2107,0,ɑ
1778659777.9683032,2032,0,ɑ
1778659777.968535,2070,0,ɑ
1778659777.9704661,1983,0,ɑ
1778659777.973017,1864,0,ɑ
1778659777.9743192,1934,0,ɑ
1778659777.976701,2131,0,ɑ
1778659777.97808,2233,0,ɑ
1778659777.9829388,2107,0,ɑ
1778659777.984312,2018,0,ɑ
1778659777.988632,2033,0,ɑ
1778659777.992657,2076,0,ɑ
1778659777.9927769,1929,0,ɑ
1778659777.993075,1937,0,ɑ
1778659777.99323,2139,0,ɑ
1778659777.995171,2338,0,ɑ
1778659777.9964778,2119,0,ɑ
1778659777.999043,1979,0,ɑ
1778659778.000344,1948,0,ɑ
1778659778.002974,2049,0,ɑ
1778659778.004329,1942,0,ɑ
1778659778.009045,1915,0,ɑ
1778659778.0091462,2079,0,ɑ
1778659778.011225,2297,0,ɑ
1778659778.0125818,2189,0,ɑ
1778659778.0144188,2038,0,ɑ
1778659778.016358,1962,0,ɑ
1778659778.018676,2036,0,ɑ
1778659778.020975,2018,0,ɑ
1778659778.0223181,1817,0,ɑ
1778659778.024889,1986,0,ɑ
1778659778.026189,2219,0,ɑ
1778659778.0286632,2285,0,ɑ
1778659778.0340302,2087,0,ɑ
1778659778.034477,1981,0,ɑ
1778659778.035063,1989,0,ɑ
1778659778.03904,2077,0,ɑ
1778659778.0401862,1905,0,ɑ
1778659778.041025,1889,0,ɑ
1778659778.045303,2117,0,ɑ
1778659778.045732,2308,0,ɑ
1778659778.047151,2148,0,ɑ
1778659778.048463,2000,0,ɑ
1778659778.051038,1969,0,ɑ
1778659778.055897,2030,0,ɑ
1778659778.056295,1934,0,ɑ
1778659778.056704,1870,0,ɑ
1778659778.058121,2038,0,ɑ
1778659778.061476,2278,0,ɑ
1778659778.062979,2208,0,ɑ
1778659778.065303,2028,0,ɑ
1778659778.067248,1948,0,ɑ
1778659778.068576,2056,0,ɑ
1778659778.071098,2045,0,ɑ
1778659778.072581,1879,0,ɑ
1778659778.075163,1984,0,ɑ
1778659778.0766149,2199,0,ɑ
1778659778.080678,2289,0,ɑ
1778659778.0818079,2060,0,ɑ
1778659778.0833101,1979,0,ɑ
1778659778.0852292,1976,0,ɑ
1778659778.0910022,2098,0,ɑ
1778659778.091156,1942,0,ɑ
1778659778.091268,1966,0,ɑ
1778659778.0932128,2147,0,ɑ
1778659778.0945122,2280,0,ɑ
1778659778.0971851,2057,0,ɑ
1778659778.100773,2004,0,ɑ
1778659778.101144,1986,0,ɑ
1778659778.105727,2112,0,ɑ
1778659778.106504,1995,0,ɑ
1778659778.106844,1861,0,ɑ
1778659778.108449,2027,0,ɑ
1778659778.110912,2250,0,ɑ
1778659778.11256,2197,0,ɑ
1778659778.1141891,2062,0,ɑ
1778659778.116897,1965,0,ɑ
1778659778.1182542,2020,0,ɑ
1778659778.120981,1991,0,ɑ
1778659778.122284,1891,0,ɑ
1778659778.137804,1987,0,ɑ
1778659778.140178,2195,0,ɑ
1778659778.140258,2301,0,ɑ
1778659778.140358,2079,0,ɑ
1778659778.1405241,1947,0,ɑ
1778659778.140555,1999,0,ɑ
1778659778.1405802,2102,0,ɑ
1778659778.140605,1917,0,ɑ
1778659778.1406279,1946,0,ɑ
1778659778.1420128,2146,0,ɑ
1778659778.148557,2357,0,ɑ
1778659778.1494532,2158,0,ɑ
1778659778.1517382,2034,0,ɑ
1778659778.151958,1992,0,ɑ
1778659778.152095,2109,0,ɑ
1778659778.155356,1987,0,ɑ
1778659778.157917,1857,0,ɑ
1778659778.160636,1993,0,ɑ
1778659778.161084,2256,0,ɑ
1778659778.163075,2216,0,ɑ
1778659778.164512,2071,0,ɑ
1778659778.167209,2001,0,ɑ
1778659778.168594,2038,0,ɑ
1778659778.170028,2007,0,ɑ
1778659778.178445,1876,0,ɑ
1778659778.180353,1970,0,ɑ
1778659778.180502,2181,0,ɑ
1778659778.18292,2231,0,ɑ
1778659778.1835442,2028,0,ɑ
1778659778.184535,2000,0,ɑ
1778659778.18516,1962,0,ɑ
1778659778.189802,2028,0,ɑ
1778659778.19024,1845,0,ɑ
1778659778.190465,1900,0,ɑ
1778659778.192582,2102,0,ɑ
1778659778.1939929,2343,0,ɑ
1778659778.1966221,2184,0,ɑ
1778659778.200876,2030,0,ɑ
1778659778.206967,1971,0,ɑ
1778659778.211227,2137,0,ɑ
1778659778.21342,2061,0,ɑ
1778659778.213498,1917,0,ɑ
1778659778.213557,2054,0,ɑ
1778659778.213643,2245,0,ɑ
1778659778.213679,2201,0,ɑ
1778659778.215073,2020,0,ɑ
1778659778.2164538,1963,0,ɑ
1778659778.21908,2010,0,ɑ
1778659778.2204459,2059,0,ɑ
1778659778.22778,1928,0,ɑ
1778659778.2296782,1970,0,ɑ
1778659778.231285,2166,0,ɑ
1778659778.233552,2238,0,ɑ
1778659778.234863,2101,0,ɑ
1778659778.237993,2021,0,ɑ
1778659778.240705,1972,0,ɑ
1778659778.241224,2027,0,ɑ
1778659778.243665,1875,0,ɑ
1778659778.243776,1916,0,ɑ
1778659778.243825,2138,0,ɑ
1778659778.243958,2316,0,ɑ
1778659778.246655,2078,0,ɑ
1778659778.255154,2011,0,ɑ
1778659778.2581592,1968,0,ɑ
1778659778.261131,2071,0,ɑ
1778659778.264056,1997,0,ɑ
1778659778.266398,1923,0,ɑ
1778659778.26652,2063,0,ɑ
1778659778.266651,2239,0,ɑ
1778659778.266737,2214,0,ɑ
1778659778.266813,2092,0,ɑ
1778659778.2668412,2043,0,ɑ
1778659778.268196,2065,0,ɑ
1778659778.27096,2048,0,ɑ
1778659778.272429,1888,0,ɑ
1778659778.274008,1961,0,ɑ
1778659778.280946,2183,0,ɑ
1778659778.281514,2303,0,ɑ
1778659778.282057,2082,0,ɑ
1778659778.2825751,1952,0,ɑ
1778659778.284024,1928,0,ɑ
1778659778.289597,2093,0,ɑ
1778659778.2919,1902,0,ɑ
1778659778.29231,1909,0,ɑ
1778659778.292573,2111,0,ɑ
1778659778.294157,2275,0,ɑ
1778659778.296787,2143,0,ɑ
1778659778.298081,2043,0,ɑ
1778659778.3030632,2018,0,ɑ
1778659778.305485,2137,0,ɑ
1778659778.305681,2067,0,ɑ
1778659778.307621,1912,0,ɑ
1778659778.309494,2012,0,ɑ
1778659778.311255,2220,0,ɑ
1778659778.313455,2239,0,ɑ
1778659778.3156009,2068,0,ɑ
1778659778.3169,1950,0,ɑ
1778659778.3182058,2007,0,ɑ
1778659778.32086,2023,0,ɑ
1778659778.322162,1853,0,ɑ
1778659778.324759,1939,0,ɑ
1778659778.329796,2179,0,ɑ
1778659778.3304121,2304,0,ɑ
1778659778.331365,2084,0,ɑ
1778659778.3329139,1962,0,ɑ
1778659778.334507,1993,0,ɑ
1778659778.3382761,2093,0,ɑ
1778659778.3383648,1980,0,ɑ
1778659778.340675,1926,0,ɑ
1778659778.342946,2101,0,ɑ
1778659778.344241,2316,0,ɑ
1778659778.346791,2117,0,ɑ
1778659778.351561,2037,0,ɑ
1778659778.351637,1990,0,ɑ
1778659778.3558242,2080,0,ɑ
1778659778.356405,1988,0,ɑ
1778659778.356534,1862,0,ɑ
1778659778.359811,1950,0,ɑ
1778659778.362123,2182,0,ɑ
1778659778.362489,2232,0,ɑ
1778659778.364532,2099,0,ɑ
1778659778.3671281,1987,0,ɑ
1778659778.3684192,1983,0,ɑ
1778659778.371076,2021,0,ɑ
1778659778.372394,1895,0,ɑ
1778659778.379054,1965,0,ɑ
1778659778.380314,2148,0,ɑ
1778659778.381519,2235,0,ɑ
1778659778.381676,2086,0,ɑ
1778659778.3837812,1976,0,ɑ
1778659778.38984,1946,0,ɑ
1778659778.390097,2067,0,ɑ
1778659778.390351,1938,0,ɑ
1778659778.39057,1925,0,ɑ
1778659778.39265,2077,0,ɑ
1778659778.393949,2286,0,ɑ
1778659778.396518,2184,0,ɑ
1778659778.400872,2024,0,ɑ
1778659778.401748,1929,0,ɑ
1778659778.404512,2003,0,ɑ
1778659778.406369,1966,0,ɑ
1778659778.407268,1844,0,ɑ
1778659778.409183,2004,0,ɑ
1778659778.4106681,2201,0,ɑ
1778659778.4130719,2222,0,ɑ
1778659778.4149399,2048,0,ɑ
1778659778.4162402,1947,0,ɑ
1778659778.418804,1980,0,ɑ
1778659778.4202728,1989,0,ɑ
1778659778.422865,1880,0,ɑ
1778659778.4242089,1931,0,ɑ
1778659778.429727,2108,0,ɑ
1778659778.430253,2265,0,ɑ
1778659778.4307961,2095,0,ɑ
1778659778.433405,2021,0,ɑ
1778659778.435331,1942,0,ɑ
1778659778.439019,2084,0,ɑ
1778659778.439244,1984,0,ɑ
1778659778.4415889,1951,0,ɑ
1778659778.443892,2007,0,ɑ
1778659778.4439921,2256,0,ɑ
1778659778.446555,2238,0,ɑ
1778659778.447863,2118,0,ɑ
1778659778.4524028,1983,0,ɑ
1778659778.45412,2032,0,ɑ
1778659778.456201,2000,0,ɑ
1778659778.456382,1826,0,ɑ
1778659778.458519,1981,0,ɑ
1778659778.462485,2224,0,ɑ
1778659778.465049,2162,0,ɑ
1778659778.465554,2122,0,ɑ
1778659778.468386,1991,0,ɑ
1778659778.4684238,2003,0,ɑ
1778659778.469976,2094,0,ɑ
1778659778.4727008,1969,0,ɑ
1778659778.4742038,1961,0,ɑ
1778659778.476869,2153,0,ɑ
1778659778.483121,2320,0,ɑ
1778659778.487183,2163,0,ɑ
1778659778.491072,2025,0,ɑ
1778659778.4916868,1935,0,ɑ
1778659778.494485,2119,0,ɑ
1778659778.4971688,1992,0,ɑ
1778659778.4976661,1876,0,ɑ
1778659778.4996018,2084,0,ɑ
1778659778.500437,2458,0,ɑ
1778659778.500567,2069,0,ɑ
1778659778.50076,2014,0,ɑ
1778659778.501322,1944,0,ɑ
1778659778.502883,2003,0,ɑ
1778659778.504286,2021,0,ɑ
1778659778.5127199,2011,0,ɑ
1778659778.512913,2108,0,ɑ
1778659778.5132039,2332,0,ɑ
1778659778.515214,2308,0,ɑ
1778659778.515848,2120,0,ɑ
1778659778.5174248,2017,0,ɑ
1778659778.522796,2073,0,ɑ
1778659778.523267,2161,0,ɑ
1778659778.523586,1796,0,ɑ
1778659778.5261528,1847,0,ɑ
1778659778.526251,2051,0,ɑ
1778659778.528896,2152,0,ɑ
1778659778.530306,2214,0,ɑ
1778659778.532948,2128,0,ɑ
1778659778.5342028,2121,0,ɑ
1778659778.5427709,2169,0,ɑ
1778659778.5442638,2048,0,ɑ
1778659778.544616,1821,0,ɑ
1778659778.546483,2378,0,ɑ
1778659778.548509,2351,0,ɑ
1778659778.5491168,2293,0,ɑ
1778659778.554435,2046,0,ɑ
1778659778.5568929,1943,0,ɑ
1778659778.557164,1918,0,ɑ
1778659778.557249,2073,0,ɑ
1778659778.557319,1904,0,ɑ
1778659778.5586681,1970,0,ɑ
1778659778.560013,2359,0,ɑ
1778659778.566493,2586,0,ɑ
1778659778.567059,2096,0,ɑ
1778659778.5676749,1905,0,ɑ
1778659778.569514,2052,0,ɑ
1778659778.572651,2098,0,ɑ
1778659778.574325,1956,0,ɑ
1778659778.575938,1892,0,ɑ
1778659778.5761862,2062,0,ɑ
1778659778.5807989,2317,0,ɑ
1778659778.5810702,2052,0,ɑ
1778659778.58244,1956,0,ɑ
1778659778.5838442,2038,0,ɑ
1778659778.586549,2212,0,ɑ
1778659778.5879118,2049,0,ɑ
1778659778.590622,1988,0,ɑ
1778659778.5951722,2085,0,ɑ
1778659778.596102,2124,0,ɑ
1778659778.597008,2211,0,ɑ
1778659778.598964,2077,0,ɑ
1778659778.6010501,1894,0,ɑ
1778659778.60564,2020,0,ɑ
1778659778.608256,2064,0,ɑ
1778659778.6087391,1893,0,ɑ
1778659778.609121,1860,0,ɑ
1778659778.611108,2172,0,ɑ
1778659778.612468,2505,0,ɑ
1778659778.613816,2245,0,ɑ
1778659778.623883,1795,0,ɑ
1778659778.62547,1985,0,ɑ
1778659778.626307,2430,0,ɑ
1778659778.6278589,2120,0,ɑ
1778659778.628522,1835,0,ɑ
1778659778.629475,2157,0,ɑ
1778659778.631145,2372,0,ɑ
1778659778.631391,2015,0,ɑ
1778659778.6344619,1942,0,ɑ
1778659778.6347141,1944,0,ɑ
1778659778.6370308,2013,0,ɑ
1778659778.638419,2081,0,ɑ
1778659778.6397781,1919,0,ɑ
1778659778.646393,1897,0,ɑ
1778659778.646431,2197,0,ɑ
1778659778.6464598,2232,0,ɑ
1778659778.656833,2105,0,ɑ
1778659778.65921,2050,0,ɑ
1778659778.663436,1994,0,ɑ
1778659778.666045,2032,0,ɑ
1778659778.6662312,1948,0,ɑ
1778659778.666384,2017,0,ɑ
1778659778.6664672,2237,0,ɑ
1778659778.6665359,2332,0,ɑ
1778659778.666616,2069,0,ɑ
1778659778.666674,2001,0,ɑ
1778659778.66803,1973,0,ɑ
1778659778.6782012,1974,0,ɑ
1778659778.680327,1936,0,ɑ
1778659778.6817532,2055,0,ɑ
1778659778.682358,2234,0,ɑ
1778659778.685406,2351,0,ɑ
1778659778.68802,2073,0,ɑ
1778659778.688676,1980,0,ɑ
1778659778.688986,1972,0,ɑ
1778659778.689142,2075,0,ɑ
1778659778.691008,2043,0,ɑ
1778659778.691639,1878,0,ɑ
1778659778.693009,2034,0,ɑ
1778659778.694347,2271,0,ɑ
1778659778.696995,2220,0,ɑ
1778659778.698381,2067,0,ɑ
1778659778.701056,1994,0,ɑ
1778659778.7069702,2084,0,ɑ
1778659778.707927,1998,0,ɑ
1778659778.708578,1824,0,ɑ
1778659778.71066,1924,0,ɑ
1778659778.710847,2157,0,ɑ
1778659778.7131362,2235,0,ɑ
1778659778.715447,2077,0,ɑ
1778659778.71695,2022,0,ɑ
1778659778.7195342,2000,0,ɑ
1778659778.719798,2112,0,ɑ
1778659778.722165,1915,0,ɑ
1778659778.724807,1914,0,ɑ
1778659778.726162,2113,0,ɑ
1778659778.731193,2322,0,ɑ
1778659778.7326121,2151,0,ɑ
1778659778.732746,2015,0,ɑ
1778659778.734553,1955,0,ɑ
1778659778.736632,2069,0,ɑ
1778659778.740505,2020,0,ɑ
1778659778.74075,1879,0,ɑ
1778659778.743548,2083,0,ɑ
1778659778.74557,2279,0,ɑ
1778659778.7461178,2218,0,ɑ
1778659778.748696,2097,0,ɑ
1778659778.750029,1999,0,ɑ
1778659778.752506,2094,0,ɑ
1778659778.7538502,2047,0,ɑ
1778659778.7610612,1916,0,ɑ
1778659778.7622678,1996,0,ɑ
1778659778.763171,2194,0,ɑ
1778659778.7666209,2260,0,ɑ
1778659778.76669,2054,0,ɑ
1778659778.768147,1918,0,ɑ
1778659778.768781,1933,0,ɑ
1778659778.774266,2199,0,ɑ
1778659778.776534,1958,0,ɑ
1778659778.776704,1993,0,ɑ
1778659778.776785,2116,0,ɑ
1778659778.778234,2328,0,ɑ
1778659778.7809741,2118,0,ɑ
1778659778.785621,2019,0,ɑ
1778659778.786596,1988,0,ɑ
1778659778.788985,2039,0,ɑ
1778659778.789293,1875,0,ɑ
1778659778.7926989,1876,0,ɑ
1778659778.793303,2007,0,ɑ
1778659778.797954,2214,0,ɑ
1778659778.798398,2278,0,ɑ
1778659778.79872,2093,0,ɑ
1778659778.800898,2021,0,ɑ
1778659778.8023229,2032,0,ɑ
1778659778.804659,2016,0,ɑ
1778659778.806049,1925,0,ɑ
1778659778.808751,1940,0,ɑ
1778659778.810116,2116,0,ɑ
1778659778.8193421,2241,0,ɑ
1778659778.8215559,2086,0,ɑ
1778659778.822081,1989,0,ɑ
1778659778.823122,1998,0,ɑ
1778659778.823219,2073,0,ɑ
1778659778.8241842,1853,0,ɑ
1778659778.825071,1888,0,ɑ
1778659778.8267798,2093,0,ɑ
1778659778.829311,2333,0,ɑ
1778659778.8318112,2111,0,ɑ
1778659778.831973,2029,0,ɑ
1778659778.8345332,1993,0,ɑ
1778659778.835828,2091,0,ɑ
1778659778.840703,2016,0,ɑ
1778659778.845259,1836,0,ɑ
1778659778.855562,2033,0,ɑ
1778659778.8581388,2282,0,ɑ
1778659778.858231,2250,0,ɑ
1778659778.858288,2110,0,ɑ
1778659778.858409,1952,0,ɑ
1778659778.858482,1978,0,ɑ
1778659778.85857,1957,0,ɑ
1778659778.858668,1910,0,ɑ
1778659778.858696,1952,0,ɑ
1778659778.859993,2169,0,ɑ
1778659778.8625631,2244,0,ɑ
1778659778.863873,2090,0,ɑ
1778659778.866529,2005,0,ɑ
1778659778.867847,2064,0,ɑ
1778659778.8745012,2125,0,ɑ
1778659778.875869,1941,0,ɑ
1778659778.876044,1914,0,ɑ
1778659778.877393,2108,0,ɑ
1778659778.879755,2343,0,ɑ
1778659778.88177,2105,0,ɑ
1778659778.884258,1978,0,ɑ
1778659778.884512,1989,0,ɑ
1778659778.8872771,2091,0,ɑ
1778659778.889001,1976,0,ɑ
1778659778.890392,1894,0,ɑ
1778659778.896144,2041,0,ɑ
1778659778.89786,2197,0,ɑ
1778659778.89956,2194,0,ɑ
1778659778.8998258,2076,0,ɑ
1778659778.9016588,1992,0,ɑ
1778659778.902184,2037,0,ɑ
1778659778.9061031,2075,0,ɑ
1778659778.9086468,1864,0,ɑ
1778659778.909162,1919,0,ɑ
1778659778.9115572,2149,0,ɑ
1778659778.911696,2308,0,ɑ
1778659778.914376,2065,0,ɑ
1778659778.9156742,2025,0,ɑ
1778659778.918091,2000,0,ɑ
1778659778.92078,2079,0,ɑ
1778659778.9270542,1977,0,ɑ
1778659778.9283578,1930,0,ɑ
1778659778.9317498,2094,0,ɑ
1778659778.932207,2285,0,ɑ
1778659778.933184,2112,0,ɑ
1778659778.9333088,1977,0,ɑ
1778659778.9347641,1975,0,ɑ
1778659778.936249,2009,0,ɑ
1778659778.938744,1984,0,ɑ
1778659778.94109,1950,0,ɑ
1778659778.942564,1995,0,ɑ
1778659778.944057,2227,0,ɑ
1778659778.951373,2155,0,ɑ
1778659778.9552472,2076,0,ɑ
1778659778.9560268,2021,0,ɑ
1778659778.956309,2020,0,ɑ
1778659778.959842,1991,0,ɑ
1778659778.964733,1887,0,ɑ
1778659778.965065,1907,0,ɑ
1778659778.965162,2187,0,ɑ
1778659778.9652338,2345,0,ɑ
1778659778.9652858,2121,0,ɑ
1778659778.9666638,1983,0,ɑ
1778659778.9680178,1977,0,ɑ
1778659778.970753,2069,0,ɑ
1778659778.972171,1897,0,ɑ
1778659778.975029,1843,0,ɑ
1778659778.990622,2105,0,ɑ
1778659778.991082,2312,0,ɑ
1778659778.993603,2192,0,ɑ
1778659778.993925,2072,0,ɑ
1778659778.994113,1933,0,ɑ
1778659778.994221,2037,0,ɑ
1778659778.994385,2007,0,ɑ
1778659778.9944499,1893,0,ɑ
1778659778.994501,2023,0,ɑ
1778659778.9946501,2199,0,ɑ
1778659778.9958029,2188,0,ɑ
1778659779.005566,2066,0,ɑ
1778659779.0056908,2006,0,ɑ
1778659779.005868,2013,0,ɑ
1778659779.007561,2032,0,ɑ
1778659779.0081038,1887,0,ɑ
1778659779.008978,1951,0,ɑ
1778659779.012002,2171,0,ɑ
1778659779.01212,2384,0,ɑ
1778659779.0143979,2084,0,ɑ
1778659779.0167239,1955,0,ɑ
1778659779.018145,1923,0,ɑ
1778659779.021059,2043,0,ɑ
1778659779.022857,1959,0,ɑ
1778659779.024251,1919,0,ɑ
1778659779.025716,2100,0,ɑ
1778659779.035001,2276,0,ɑ
1778659779.035192,2097,0,ɑ
1778659779.038461,2050,0,ɑ
1778659779.03951,1984,0,ɑ
1778659779.040051,2036,0,ɑ
1778659779.04052,1978,0,ɑ
1778659779.040593,1882,0,ɑ
1778659779.042059,2016,0,ɑ
1778659779.0444381,2142,0,ɑ
1778659779.046266,2210,0,ɑ
1778659779.0479512,2074,0,ɑ
1778659779.050505,2012,0,ɑ
1778659779.054894,2025,0,ɑ
1778659779.055347,2050,0,ɑ
1778659779.057672,1911,0,ɑ
1778659779.059371,1932,0,ɑ
1778659779.0611799,2153,0,ɑ
1778659779.065561,2320,0,ɑ
1778659779.0661492,2050,0,ɑ
1778659779.0663838,1876,0,ɑ
1778659779.068175,1966,0,ɑ
1778659779.0708532,2096,0,ɑ
1778659779.072311,1997,0,ɑ
1778659779.073654,1900,0,ɑ
1778659779.076399,2106,0,ɑ
1778659779.077831,2340,0,ɑ
1778659779.089361,2209,0,ɑ
1778659779.08988,2069,0,ɑ
1778659779.091111,1911,0,ɑ
1778659779.0932648,1921,0,ɑ
1778659779.0934122,1817,0,ɑ
1778659779.09352,1890,0,ɑ
1778659779.0956402,2046,0,ɑ
1778659779.0959082,2175,0,ɑ
1778659779.096046,2201,0,ɑ
1778659779.097754,2057,0,ɑ
1778659779.0995572,2020,0,ɑ
1778659779.1021729,2127,0,ɑ
1778659779.1072,2171,0,ɑ
1778659779.108012,2014,0,ɑ
1778659779.109327,1938,0,ɑ
1778659779.11293,1973,0,ɑ
1778659779.1148238,1940,0,ɑ
1778659779.1169121,1821,0,ɑ
1778659779.117221,1945,0,ɑ
1778659779.11933,2275,0,ɑ
1778659779.1206532,2271,0,ɑ
1778659779.121949,1967,0,ɑ
1778659779.124533,1671,0,ɑ
1778659779.125885,1925,0,ɑ
1778659779.128391,2403,0,ɑ
1778659779.133615,2230,0,ɑ
1778659779.134173,2304,0,ɑ
1778659779.1349819,2149,0,ɑ
1778659779.138442,2159,0,ɑ
1778659779.138981,1987,0,ɑ
1778659779.140377,1877,0,ɑ
1778659779.141951,1490,0,ɑ
1778659779.144083,2039,0,ɑ
1778659779.146262,2485,0,ɑ
1778659779.147659,2312,0,ɑ
1778659779.150295,2037,0,ɑ
1778659779.155275,2059,0,ɑ
1778659779.155404,2124,0,ɑ
1778659779.1570618,1837,0,ɑ
1778659779.159009,2045,0,ɑ
1778659779.161053,1929,0,ɑ
1778659779.16248,1887,0,ɑ
1778659779.164721,1968,0,ɑ
1778659779.16684,2348,0,ɑ
1778659779.168134,2269,0,ɑ
1778659779.1707299,1987,0,ɑ
1778659779.1720388,1781,0,ɑ
1778659779.1744032,2150,0,ɑ
1778659779.1756978,2492,0,ɑ
1778659779.181032,2652,0,ɑ
1778659779.181112,2365,0,ɑ
1778659779.183419,1972,0,ɑ
1778659779.183627,1744,0,ɑ
1778659779.1866071,1770,0,ɑ
1778659779.188707,1801,0,ɑ
1778659779.190987,1878,0,ɑ
1778659779.192682,2093,0,ɑ
1778659779.193986,2276,0,ɑ
1778659779.196557,2232,0,ɑ
1778659779.200763,1920,0,ɑ
1778659779.201587,1800,0,ɑ
1778659779.202016,1800,0,ɑ
1778659779.2056801,1929,0,ɑ
1778659779.206209,1832,0,ɑ
1778659779.207865,1772,0,ɑ
1778659779.214025,2149,0,ɑ
1778659779.214082,2490,0,ɑ
1778659779.21411,2201,0,ɑ
1778659779.216665,1970,0,ɑ
1778659779.2179651,1818,0,ɑ
1778659779.2206342,1892,0,ɑ
1778659779.2219572,1781,0,ɑ
1778659779.227707,1753,0,ɑ
1778659779.22822,2105,0,ɑ
1778659779.228715,2453,0,ɑ
1778659779.230637,2369,0,ɑ
1778659779.232449,2058,0,ɑ
1778659779.234352,1947,0,ɑ
1778659779.23791,2094,0,ɑ
1778659779.23806,1981,0,ɑ
1778659779.239908,1697,0,ɑ
1778659779.2424672,1735,0,ɑ
1778659779.243849,1961,0,ɑ
1778659779.247492,2104,0,ɑ
1778659779.247922,1921,0,ɑ
1778659779.2498932,1691,0,ɑ
1778659779.254776,2135,0,ɑ
1778659779.256823,2302,0,ɑ
1778659779.257071,2167,0,ɑ
1778659779.25861,1911,0,ɑ
1778659779.259917,2151,0,ɑ
1778659779.262466,2428,0,ɑ
1778659779.263757,2152,0,ɑ
1778659779.266342,2009,0,ɑ
1778659779.267893,1734,0,ɑ
1778659779.271936,1729,0,ɑ
1778659779.272747,1869,0,ɑ
1778659779.27442,2034,0,ɑ
1778659779.276258,2192,0,ɑ
1778659779.2781498,2204,0,ɑ
1778659779.281398,2040,0,ɑ
1778659779.282968,1943,0,ɑ
1778659779.28427,1355,0,ɑ
1778659779.285561,1791,0,ɑ
1778659779.288258,1475,0,ɑ
1778659779.28955,925,0,ɑ
1778659779.2921028,1900,0,ɑ
1778659779.2965388,2141,0,ɑ
1778659779.2969542,2099,0,ɑ
1778659779.299055,2367,0,ɑ
1778659779.300937,1808,0,ɑ
1778659779.3060968,1745,0,ɑ
1778659779.306206,2797,0,ɑ
1778659779.306314,3126,0,ɑ
1778659779.308307,2478,0,ɑ
1778659779.310669,2162,0,ɑ
1778659779.3119621,2081,0,ɑ
1778659779.314465,1232,0,ɑ
1778659779.315756,2152,0,ɑ
1778659779.359164,2301,0,ɑ
1778659779.372193,2202,0,ɑ
1778659779.372242,2021,0,ɑ
1778659779.372376,1893,0,ɑ
1778659779.3724139,1972,0,ɑ
1778659779.372513,2113,0,ɑ
1778659779.372593,2015,0,ɑ
1778659779.372693,2016,0,ɑ
1778659779.37278,1739,0,ɑ
1778659779.3728251,1691,0,ɑ
1778659779.37285,1275,0,ɑ
1778659779.3728929,937,0,ɑ
1778659779.3729842,1967,0,ɑ
1778659779.373038,2513,0,ɑ
1778659779.3731189,2200,0,ɑ
1778659779.373146,1941,0,ɑ
1778659779.373169,1819,0,ɑ
1778659779.373193,2180,0,ɑ
1778659779.373247,1892,0,ɑ
1778659779.373276,1353,0,ɑ
1778659779.373333,1290,0,ɑ
1778659779.3733592,2093,0,ɑ
1778659779.373385,2347,0,ɑ
1778659779.373409,2079,0,ɑ
1778659779.373438,1906,0,ɑ
1778659779.373465,1621,0,ɑ
1778659779.3734899,1768,0,ɑ
1778659779.373512,664,0,ɑ
1778659779.373537,1592,0,ɑ
1778659779.3761091,2346,0,ɑ
1778659779.377492,2327,0,ɑ
1778659779.380849,2170,0,ɑ
1778659779.382303,2140,0,ɑ
1778659779.3836522,2152,0,ɑ
1778659779.386386,2032,0,ɑ
1778659779.38774,1823,0,ɑ
1778659779.390334,1007,0,ɑ
1778659779.395282,2040,0,ɑ
1778659779.39609,2652,0,ɑ
1778659779.39656,2115,0,ɑ
1778659779.398071,1715,0,ɑ
1778659779.399542,0,0,ɑ
1778659779.401673,974,0,ɑ
1778659779.405264,3559,0,ɑ
1778659779.407329,1514,0,ɑ
1778659779.4074922,747,0,ɑ
1778659779.4100611,2206,0,ɑ
1778659779.4114501,3082,0,ɑ
1778659779.413999,2735,0,ɑ
1778659779.4215539,2372,0,ɑ
1778659779.42309,2363,0,ɑ
1778659779.4231198,2449,0,ɑ
1778659779.423145,2150,0,ɑ
1778659779.4256399,2029,0,ɑ
1778659779.4260612,1834,0,ɑ
1778659779.428528,1399,0,ɑ
1778659779.431181,1430,0,ɑ
1778659779.432822,1876,0,ɑ
1778659779.4341261,2067,0,ɑ
1778659779.435488,2269,0,ɑ
1778659779.4415638,2243,0,ɑ
1778659779.441992,2127,0,ɑ
1778659779.443522,2168,0,ɑ
1778659779.4436312,2200,0,ɑ
1778659779.4469771,2104,0,ɑ
1778659779.4507232,1636,0,ɑ
1778659779.450899,1732,0,ɑ
1778659779.452978,2076,0,ɑ
1778659779.454326,2031,0,ɑ
1778659779.455629,2061,0,ɑ
1778659779.4581828,2277,0,ɑ
1778659779.45947,1885,0,ɑ
1778659779.462223,2400,0,ɑ
1778659779.466433,3047,0,ɑ
1778659779.466849,2912,0,ɑ
1778659779.468757,2492,0,ɑ
1778659779.472546,2576,0,ɑ
1778659779.473858,2484,0,ɑ
1778659779.47399,2402,0,ɑ
1778659779.476374,2442,0,ɑ
1778659779.4783309,2400,0,ɑ
1778659779.479635,2219,0,ɑ
1778659779.4821959,1974,0,ɑ
1778659779.4834838,1860,0,ɑ
1778659779.486036,1966,0,ɑ
1778659779.491879,2148,0,ɑ
1778659779.4922838,2071,0,ɑ
1778659779.492373,2124,0,ɑ
1778659779.493759,2269,0,ɑ
1778659779.4966981,2212,0,ɑ
1778659779.4985778,2127,0,ɑ
1778659779.501089,1899,0,ɑ
1778659779.502941,1422,0,ɑ
1778659779.5041459,2280,0,ɑ
1778659779.5054379,2470,0,ɑ
1778659779.5079858,2393,0,ɑ
1778659779.509469,2320,0,ɑ
1778659779.512042,2536,0,ɑ
1778659779.5156748,2383,0,ɑ
1778659779.516403,2256,0,ɑ
1778659779.518004,2144,0,ɑ
1778659779.519773,2217,0,ɑ
1778659779.522839,1952,0,ɑ
1778659779.525054,1916,0,ɑ
1778659779.5266292,1867,0,ɑ
1778659779.5279202,2041,0,ɑ
1778659779.530475,2312,0,ɑ
1778659779.531768,2252,0,ɑ
1778659779.534313,2102,0,ɑ
1778659779.535769,2071,0,ɑ
1778659779.540332,2123,0,ɑ
1778659779.541833,1967,0,ɑ
1778659779.5429509,1934,0,ɑ
1778659779.544746,1774,0,ɑ
1778659779.545918,2342,0,ɑ
1778659779.547758,2272,0,ɑ
1778659779.54999,2110,0,ɑ
1778659779.551973,2180,0,ɑ
1778659779.554378,2195,0,ɑ
1778659779.555676,1976,0,ɑ
1778659779.5582569,2073,0,ɑ
1778659779.559582,2365,0,ɑ
1778659779.564091,2576,0,ɑ
1778659779.5648608,2155,0,ɑ
1778659779.566526,1938,0,ɑ
1778659779.567907,1878,0,ɑ
1778659779.57118,1931,0,ɑ
1778659779.573565,1757,0,ɑ
1778659779.573657,1984,0,ɑ
1778659779.575541,2388,0,ɑ
1778659779.578111,2443,0,ɑ
1778659779.579405,2006,0,ɑ
1778659779.581951,1566,0,ɑ
1778659779.584496,2298,0,ɑ
1778659779.589119,2688,0,ɑ
1778659779.58988,2413,0,ɑ
1778659779.590284,2024,0,ɑ
1778659779.591732,2014,0,ɑ
1778659779.5951538,2431,0,ɑ
1778659779.5985432,2548,0,ɑ
1778659779.598699,2178,0,ɑ
1778659779.600584,1931,0,ɑ
1778659779.601891,1062,0,ɑ
1778659779.604447,1565,0,ɑ
1778659779.6056478,2504,0,ɑ
1778659779.6082828,2242,0,ɑ
1778659779.6131861,1931,0,ɑ
1778659779.613923,2128,0,ɑ
1778659779.614313,2200,0,ɑ
1778659779.615751,2601,0,ɑ
1778659779.6191292,2406,0,ɑ
1778659779.62042,2239,0,ɑ
1778659779.622901,1885,0,ɑ
1778659779.624507,1811,0,ɑ
1778659779.625806,1990,0,ɑ
1778659779.6283672,2226,0,ɑ
1778659779.629874,2239,0,ɑ
1778659779.632472,2121,0,ɑ
1778659779.635179,2095,0,ɑ
1778659779.638906,2154,0,ɑ
1778659779.639404,2050,0,ɑ
1778659779.63979,1696,0,ɑ
1778659779.643678,1943,0,ɑ
1778659779.6441338,2159,0,ɑ
1778659779.646039,2311,0,ɑ
1778659779.650333,2053,0,ɑ
1778659779.650366,1884,0,ɑ
1778659779.651666,1791,0,ɑ
1778659779.658419,1802,0,ɑ
1778659779.658529,2011,0,ɑ
1778659779.659457,2123,0,ɑ
1778659779.6609762,2103,0,ɑ
1778659779.663038,2464,0,ɑ
1778659779.664701,2416,0,ɑ
1778659779.668365,2238,0,ɑ
1778659779.6685991,2121,0,ɑ
1778659779.670611,2253,0,ɑ
1778659779.671937,2061,0,ɑ
1778659779.6733298,1853,0,ɑ
1778659779.676068,1925,0,ɑ
1778659779.677438,2166,0,ɑ
1778659779.685098,2148,0,ɑ
1778659779.686634,2020,0,ɑ
1778659779.688728,1970,0,ɑ
1778659779.690038,2110,0,ɑ
1778659779.690897,2150,0,ɑ
1778659779.6910012,1956,0,ɑ
1778659779.6950452,2021,0,ɑ
1778659779.6955898,2093,0,ɑ
1778659779.6970189,2212,0,ɑ
1778659779.6983612,2128,0,ɑ
1778659779.6996522,1993,0,ɑ
1778659779.705015,1394,0,ɑ
1778659779.70592,1824,0,ɑ
1778659779.705997,2353,0,ɑ
1778659779.707721,2369,0,ɑ
1778659779.711346,2210,0,ɑ
1778659779.712638,2415,0,ɑ
1778659779.715051,2301,0,ɑ
1778659779.717068,2285,0,ɑ
1778659779.7183712,2212,0,ɑ
1778659779.719667,2218,0,ɑ
1778659779.722032,2033,0,ɑ
1778659779.723325,1836,0,ɑ
1778659779.725885,1872,0,ɑ
1778659779.73061,2076,0,ɑ
1778659779.730669,2033,0,ɑ
1778659779.734148,1855,0,ɑ
1778659779.734644,1440,0,ɑ
1778659779.739903,877,0,ɑ
1778659779.7401369,2449,0,ɑ
1778659779.740427,2758,0,ɑ
1778659779.743096,2454,0,ɑ
1778659779.744384,2364,0,ɑ
1778659779.745685,2537,0,ɑ
1778659779.748278,2446,0,ɑ
1778659779.752733,2431,0,ɑ
1778659779.753864,2400,0,ɑ
1778659779.7568378,2276,0,ɑ
1778659779.758568,1866,0,ɑ
1778659779.759866,1618,0,ɑ
1778659779.764225,1758,0,ɑ
1778659779.766655,2084,0,ɑ
1778659779.766738,2157,0,ɑ
1778659779.766769,2191,0,ɑ
1778659779.7682471,2192,0,ɑ
1778659779.769671,2154,0,ɑ
1778659779.772393,1811,0,ɑ
1778659779.773748,1479,0,ɑ
1778659779.776242,1908,0,ɑ
1778659779.777395,2383,0,ɑ
1778659779.780189,2334,0,ɑ
1778659779.788552,2078,0,ɑ
1778659779.788814,2147,0,ɑ
1778659779.788967,2267,0,ɑ
1778659779.7891479,2391,0,ɑ
1778659779.792934,1872,0,ɑ
1778659779.794989,1855,0,ɑ
1778659779.798534,1999,0,ɑ
1778659779.7987,2121,0,ɑ
1778659779.798749,2110,0,ɑ
1778659779.8011541,2121,0,ɑ
1778659779.8028228,2125,0,ɑ
1778659779.804223,2201,0,ɑ
1778659779.8056781,1942,0,ɑ
1778659779.808237,1817,0,ɑ
1778659779.809481,2091,0,ɑ
1778659779.812874,2157,0,ɑ
1778659779.818879,2190,0,ɑ
1778659779.827965,2090,0,ɑ
1778659779.8311691,2108,0,ɑ
1778659779.832837,2228,0,ɑ
1778659779.8335779,2204,0,ɑ
1778659779.833664,1998,0,ɑ
1778659779.833695,2051,0,ɑ
1778659779.833784,2310,0,ɑ
1778659779.833864,2319,0,ɑ
1778659779.833945,2005,0,ɑ
1778659779.8340092,1666,0,ɑ
1778659779.83532,1938,0,ɑ
1778659779.837915,2172,0,ɑ
1778659779.839236,2109,0,ɑ
1778659779.8419259,1919,0,ɑ
1778659779.843272,2166,0,ɑ
1778659779.845823,2458,0,ɑ
1778659779.848431,2223,0,ɑ
1778659779.849747,2039,0,ɑ
1778659779.852372,1957,0,ɑ
1778659779.853757,2038,0,ɑ
1778659779.856386,1920,0,ɑ
1778659779.8575501,1876,0,ɑ
1778659779.8602722,2053,0,ɑ
1778659779.861652,2270,0,ɑ
1778659779.869537,2203,0,ɑ
1778659779.869694,2084,0,ɑ
1778659779.869762,1964,0,ɑ
1778659779.876332,2032,0,ɑ
1778659779.8772612,1972,0,ɑ
1778659779.87815,1874,0,ɑ
1778659779.880129,1645,0,ɑ
1778659779.883338,1778,0,ɑ
1778659779.883371,2498,0,ɑ
1778659779.8833961,2372,0,ɑ
1778659779.8837981,2135,0,ɑ
1778659779.886197,2039,0,ɑ
1778659779.8882618,2201,0,ɑ
1778659779.889995,2108,0,ɑ
1778659779.8941178,2150,0,ɑ
1778659779.894148,2289,0,ɑ
1778659779.895655,2451,0,ɑ
1778659779.9026592,2099,0,ɑ
1778659779.905369,1953,0,ɑ
1778659779.90837,1900,0,ɑ
1778659779.90934,2007,0,ɑ
1778659779.9111521,1969,0,ɑ
1778659779.916057,1885,0,ɑ
1778659779.916476,2030,0,ɑ
1778659779.918164,2276,0,ɑ
1778659779.918876,2177,0,ɑ
1778659779.918984,2036,0,ɑ
1778659779.919015,1896,0,ɑ
1778659779.920309,2004,0,ɑ
1778659779.921777,1950,0,ɑ
1778659779.9232209,1786,0,ɑ
1778659779.9261189,2014,0,ɑ
1778659779.927583,2319,0,ɑ
1778659779.9301498,2337,0,ɑ
1778659779.931566,2068,0,ɑ
1778659779.934178,1985,0,ɑ
1778659779.935523,1995,0,ɑ
1778659779.938498,2066,0,ɑ
1778659779.9513469,1904,0,ɑ
1778659779.9577029,1956,0,ɑ
1778659779.958142,2197,0,ɑ
1778659779.958723,2352,0,ɑ
1778659779.9590468,2122,0,ɑ
1778659779.961494,2001,0,ɑ
1778659779.9615622,1980,0,ɑ
1778659779.96159,2118,0,ɑ
1778659779.9616158,2048,0,ɑ
1778659779.961642,1950,0,ɑ
1778659779.962112,2078,0,ɑ
1778659779.96224,2285,0,ɑ
1778659779.964103,2197,0,ɑ
1778659779.965489,2062,0,ɑ
1778659779.974675,1881,0,ɑ
1778659779.975033,2092,0,ɑ
1778659779.97765,2088,0,ɑ
1778659779.978236,2006,0,ɑ
1778659779.978847,2021,0,ɑ
1778659779.9802392,2217,0,ɑ
1778659779.98189,2292,0,ɑ
1778659779.982087,2077,0,ɑ
1778659779.987179,1994,0,ɑ
1778659779.987335,1973,0,ɑ
1778659779.987421,2129,0,ɑ
1778659779.990154,2022,0,ɑ
1778659779.992078,1988,0,ɑ
1778659779.993451,2128,0,ɑ
1778659779.996077,2327,0,ɑ
1778659779.998146,2212,0,ɑ
1778659780.005703,2143,0,ɑ
1778659780.007797,2040,0,ɑ
1778659780.011513,2041,0,ɑ
1778659780.012222,1937,0,ɑ
1778659780.0129259,1856,0,ɑ
1778659780.015072,2005,0,ɑ
1778659780.017962,2226,0,ɑ
1778659780.018056,2168,0,ɑ
1778659780.01843,2025,0,ɑ
1778659780.018772,1980,0,ɑ
1778659780.0208519,2049,0,ɑ
1778659780.022221,2046,0,ɑ
1778659780.0235178,1890,0,ɑ
1778659780.0252538,1950,0,ɑ
1778659780.031787,2229,0,ɑ
1778659780.032192,2347,0,ɑ
1778659780.033552,2162,0,ɑ
1778659780.033707,2056,0,ɑ
1778659780.036444,2025,0,ɑ
1778659780.039239,2114,0,ɑ
1778659780.039406,1990,0,ɑ
1778659780.042327,2004,0,ɑ
1778659780.044672,2231,0,ɑ
1778659780.046088,2424,0,ɑ
1778659780.047457,2132,0,ɑ
1778659780.0500212,1930,0,ɑ
1778659780.051373,1913,0,ɑ
1778659780.054098,2086,0,ɑ
1778659780.0554502,1972,0,ɑ
1778659780.0605671,1864,0,ɑ
1778659780.0616262,2020,0,ɑ
1778659780.062526,2213,0,ɑ
1778659780.0640728,2174,0,ɑ
1778659780.06603,2046,0,ɑ
1778659780.069941,1944,0,ɑ
1778659780.0731251,2037,0,ɑ
1778659780.075855,2042,0,ɑ
1778659780.075965,1870,0,ɑ
1778659780.076072,1911,0,ɑ
1778659780.077423,2125,0,ɑ
1778659780.080383,2273,0,ɑ
1778659780.089633,2127,0,ɑ
1778659780.089736,2052,0,ɑ
1778659780.0905411,2077,0,ɑ
1778659780.090676,2180,0,ɑ
1778659780.091305,1995,0,ɑ
1778659780.099468,1933,0,ɑ
1778659780.100209,2117,0,ɑ
1778659780.100329,2309,0,ɑ
1778659780.100438,2132,0,ɑ
1778659780.100508,2002,0,ɑ
1778659780.101831,1991,0,ɑ
1778659780.103185,2085,0,ɑ
1778659780.105917,2040,0,ɑ
1778659780.107254,1910,0,ɑ
1778659780.1099331,2071,0,ɑ
1778659780.1189299,2295,0,ɑ
1778659780.1193652,2243,0,ɑ
1778659780.119971,2063,0,ɑ
1778659780.1208231,1942,0,ɑ
1778659780.1217432,2031,0,ɑ
1778659780.12239,2062,0,ɑ
1778659780.1268249,1829,0,ɑ
1778659780.126935,1870,0,ɑ
1778659780.12948,2158,0,ɑ
1778659780.129597,2334,0,ɑ
1778659780.132263,2063,0,ɑ
1778659780.133431,1999,0,ɑ
1778659780.1419368,1974,0,ɑ
1778659780.143732,2143,0,ɑ
1778659780.145673,1980,0,ɑ
1778659780.1461499,1898,0,ɑ
1778659780.150648,2075,0,ɑ
1778659780.150989,2312,0,ɑ
1778659780.1511402,2170,0,ɑ
1778659780.151392,2007,0,ɑ
1778659780.152927,1987,0,ɑ
1778659780.154319,2100,0,ɑ
1778659780.155675,1959,0,ɑ
1778659780.158149,1824,0,ɑ
1778659780.159464,2030,0,ɑ
1778659780.162095,2316,0,ɑ
1778659780.163902,2275,0,ɑ
1778659780.169164,2046,0,ɑ
1778659780.1705642,1942,0,ɑ
1778659780.1725938,2020,0,ɑ
1778659780.172877,2029,0,ɑ
1778659780.177361,1866,0,ɑ
1778659780.181966,1898,0,ɑ
1778659780.182559,2153,0,ɑ
1778659780.1828558,2271,0,ɑ
1778659780.18313,2050,0,ɑ
1778659780.185118,1967,0,ɑ
1778659780.1853771,2027,0,ɑ
1778659780.188033,2117,0,ɑ
1778659780.1893451,1966,0,ɑ
1778659780.195643,1962,0,ɑ
1778659780.1980958,2138,0,ɑ
1778659780.199979,2369,0,ɑ
1778659780.200924,2176,0,ɑ
1778659780.202219,2081,0,ɑ
1778659780.202346,1984,0,ɑ
1778659780.207853,2074,0,ɑ
1778659780.208117,2020,0,ɑ
1778659780.208582,1884,0,ɑ
1778659780.210769,2077,0,ɑ
1778659780.21213,2261,0,ɑ
1778659780.213498,2262,0,ɑ
1778659780.216213,2072,0,ɑ
1778659780.2175481,1948,0,ɑ
1778659780.2200582,2024,0,ɑ
1778659780.2264519,2087,0,ɑ
1778659780.227128,1931,0,ɑ
1778659780.231982,2002,0,ɑ
1778659780.2333598,2213,0,ɑ
1778659780.2345521,2314,0,ɑ
1778659780.239052,2108,0,ɑ
1778659780.2394319,2004,0,ɑ
1778659780.239857,2005,0,ɑ
1778659780.240098,2103,0,ɑ
1778659780.240362,1993,0,ɑ
1778659780.2424362,1915,0,ɑ
1778659780.243973,2107,0,ɑ
1778659780.2453508,2312,0,ɑ
1778659780.252883,2166,0,ɑ
1778659780.25379,2052,0,ɑ
1778659780.2556312,1990,0,ɑ
1778659780.258111,2087,0,ɑ
1778659780.258255,2034,0,ɑ
1778659780.259417,1890,0,ɑ
1778659780.260851,2005,0,ɑ
1778659780.266001,2184,0,ɑ
1778659780.266376,2203,0,ɑ
1778659780.266777,1993,0,ɑ
1778659780.268971,1802,0,ɑ
1778659780.269255,1893,0,ɑ
1778659780.2718148,1922,0,ɑ
1778659780.2731872,1699,0,ɑ
1778659780.276059,1628,0,ɑ
1778659780.2774248,1791,0,ɑ
1778659780.280202,1942,0,ɑ
1778659780.288265,1762,0,ɑ
1778659780.290721,1724,0,ɑ
1778659780.290902,1699,0,ɑ
1778659780.292398,1778,0,ɑ
1778659780.293396,1719,0,ɑ
1778659780.293916,1669,0,ɑ
1778659780.2984939,1869,0,ɑ
1778659780.3006132,2163,0,ɑ
1778659780.301368,2040,0,ɑ
1778659780.3014998,1943,0,ɑ
1778659780.301613,1888,0,ɑ
1778659780.30307,1986,0,ɑ
1778659780.305705,1975,0,ɑ
1778659780.310832,1891,0,ɑ
1778659780.312413,1985,0,ɑ
1778659780.314558,2199,0,ɑ
1778659780.3179488,2225,0,ɑ
1778659780.31892,2060,0,ɑ
1778659780.321339,1957,0,ɑ
1778659780.324467,1950,0,ɑ
1778659780.3248472,1960,0,ɑ
1778659780.325087,1857,0,ɑ
1778659780.3254452,1921,0,ɑ
1778659780.327704,2134,0,ɑ
1778659780.329055,2307,0,ɑ
1778659780.332254,2151,0,ɑ
1778659780.333539,1996,0,ɑ
1778659780.3361769,1992,0,ɑ
1778659780.3375092,2101,0,ɑ
1778659780.344176,1983,0,ɑ
1778659780.344809,1874,0,ɑ
1778659780.345597,2003,0,ɑ
1778659780.347596,2267,0,ɑ
1778659780.3496478,2127,0,ɑ
1778659780.350216,2063,0,ɑ
1778659780.352226,1973,0,ɑ
1778659780.357307,2036,0,ɑ
1778659780.360136,1970,0,ɑ
1778659780.360426,1877,0,ɑ
1778659780.360529,1969,0,ɑ
1778659780.362035,2242,0,ɑ
1778659780.3632371,2263,0,ɑ
1778659780.365033,2050,0,ɑ
1778659780.371813,1930,0,ɑ
1778659780.374167,2004,0,ɑ
1778659780.377085,2091,0,ɑ
1778659780.378325,1925,0,ɑ
1778659780.383528,1939,0,ɑ
1778659780.383871,2151,0,ɑ
1778659780.384041,2323,0,ɑ
1778659780.38422,2143,0,ɑ
1778659780.384655,1995,0,ɑ
1778659780.387028,1914,0,ɑ
1778659780.387108,2067,0,ɑ
1778659780.39001,1968,0,ɑ
1778659780.3921978,1881,0,ɑ
1778659780.3935869,2061,0,ɑ
1778659780.396208,2284,0,ɑ
1778659780.3975549,2137,0,ɑ
1778659780.4036732,2067,0,ɑ
1778659780.406314,2035,0,ɑ
1778659780.406754,2085,0,ɑ
1778659780.408916,2011,0,ɑ
1778659780.409489,1905,0,ɑ
1778659780.4096692,1990,0,ɑ
1778659780.411582,2228,0,ɑ
1778659780.413305,2271,0,ɑ
1778659780.416102,2035,0,ɑ
1778659780.4185119,1997,0,ɑ
1778659780.419858,2016,0,ɑ
1778659780.421203,2107,0,ɑ
1778659780.429796,1949,0,ɑ
1778659780.431241,1973,0,ɑ
1778659780.4315531,2170,0,ɑ
1778659780.431699,2332,0,ɑ
1778659780.433383,2077,0,ɑ
1778659780.433974,2005,0,ɑ
1778659780.435619,1987,0,ɑ
1778659780.4409442,2106,0,ɑ
1778659780.441345,2027,0,ɑ
1778659780.4417112,1853,0,ɑ
1778659780.444236,2023,0,ɑ
1778659780.445693,2279,0,ɑ
1778659780.447028,2194,0,ɑ
1778659780.449742,2069,0,ɑ
1778659780.45105,1968,0,ɑ
1778659780.453623,2038,0,ɑ
1778659780.4611058,1985,0,ɑ
1778659780.4632561,1867,0,ɑ
1778659780.463638,1999,0,ɑ
1778659780.4668312,2230,0,ɑ
1778659780.468056,2295,0,ɑ
1778659780.468679,2086,0,ɑ
1778659780.473056,1957,0,ɑ
1778659780.473475,2006,0,ɑ
1778659780.476109,2016,0,ɑ
1778659780.476423,1895,0,ɑ
1778659780.4764721,1931,0,ɑ
1778659780.4778721,2115,0,ɑ
1778659780.479244,2310,0,ɑ
1778659780.485465,2104,0,ɑ
1778659780.4885771,2020,0,ɑ
1778659780.4917839,1958,0,ɑ
1778659780.492341,2055,0,ɑ
1778659780.493866,1968,0,ɑ
1778659780.495605,1917,0,ɑ
1778659780.495948,2051,0,ɑ
1778659780.498539,2291,0,ɑ
1778659780.4988632,2204,0,ɑ
1778659780.499103,2027,0,ɑ
1778659780.501548,1919,0,ɑ
1778659780.503216,2119,0,ɑ
1778659780.505884,2059,0,ɑ
1778659780.507334,1914,0,ɑ
1778659780.50995,2010,0,ɑ
1778659780.511294,2150,0,ɑ
1778659780.5166879,2212,0,ɑ
1778659780.517751,2077,0,ɑ
1778659780.5213702,1995,0,ɑ
1778659780.525269,1993,0,ɑ
1778659780.527803,2133,0,ɑ
1778659780.530665,1905,0,ɑ
1778659780.530881,1882,0,ɑ
1778659780.531313,1999,0,ɑ
1778659780.533213,2290,0,ɑ
1778659780.533429,2155,0,ɑ
1778659780.534142,2026,0,ɑ
1778659780.535501,1899,0,ɑ
1778659780.5369742,2022,0,ɑ
1778659780.543593,1911,0,ɑ
1778659780.5465631,1901,0,ɑ
1778659780.546837,2124,0,ɑ
1778659780.54941,2270,0,ɑ
1778659780.550132,2225,0,ɑ
1778659780.550773,2075,0,ɑ
1778659780.556005,1958,0,ɑ
1778659780.556486,2030,0,ɑ
1778659780.5569012,2002,0,ɑ
1778659780.55711,1880,0,ɑ
1778659780.560129,1949,0,ɑ
1778659780.561407,2138,0,ɑ
1778659780.564126,2258,0,ɑ
1778659780.5655072,2106,0,ɑ
1778659780.568219,1983,0,ɑ
1778659780.5744681,2001,0,ɑ
1778659780.577369,2082,0,ɑ
1778659780.5800362,1964,0,ɑ
1778659780.581128,1922,0,ɑ
1778659780.583935,2097,0,ɑ
1778659780.5869079,2331,0,ɑ
1778659780.587271,2072,0,ɑ
1778659780.5894458,1982,0,ɑ
1778659780.590125,1961,0,ɑ
1778659780.59026,2116,0,ɑ
1778659780.590374,1982,0,ɑ
1778659780.5918038,1895,0,ɑ
1778659780.593241,2005,0,ɑ
1778659780.602161,2277,0,ɑ
1778659780.602592,2183,0,ɑ
1778659780.604515,2119,0,ɑ
1778659780.6067169,2052,0,ɑ
1778659780.611636,2071,0,ɑ
1778659780.612205,2025,0,ɑ
1778659780.614613,1816,0,ɑ
1778659780.61467,1933,0,ɑ
1778659780.614701,2192,0,ɑ
1778659780.614729,2287,0,ɑ
1778659780.616077,2080,0,ɑ
1778659780.617381,1974,0,ɑ
1778659780.6200588,1895,0,ɑ
1778659780.621461,2108,0,ɑ
1778659780.6241548,1955,0,ɑ
1778659780.631398,1965,0,ɑ
1778659780.632921,2097,0,ɑ
1778659780.633182,2318,0,ɑ
1778659780.634807,2145,0,ɑ
1778659780.635394,2070,0,ɑ
1778659780.635989,1985,0,ɑ
1778659780.63776,2033,0,ɑ
1778659780.640557,2019,0,ɑ
1778659780.643261,1857,0,ɑ
1778659780.643521,2048,0,ɑ
1778659780.6458912,2237,0,ɑ
1778659780.647409,2143,0,ɑ
1778659780.650469,2010,0,ɑ
1778659780.65618,1959,0,ɑ
1778659780.6570969,2010,0,ɑ
1778659780.6576169,1939,0,ɑ
1778659780.659157,1822,0,ɑ
1778659780.659482,1951,0,ɑ
1778659780.6635141,2196,0,ɑ
1778659780.666883,2241,0,ɑ
1778659780.6700191,2116,0,ɑ
1778659780.6726668,2001,0,ɑ
1778659780.672797,2001,0,ɑ
1778659780.6729128,2069,0,ɑ
1778659780.6729999,1927,0,ɑ
1778659780.675642,1952,0,ɑ
1778659780.6774158,2198,0,ɑ
1778659780.678869,2307,0,ɑ
1778659780.681717,2120,0,ɑ
1778659780.683126,1978,0,ɑ
1778659780.6894798,1895,0,ɑ
1778659780.689636,2053,0,ɑ
1778659780.6901429,1953,0,ɑ
1778659780.6919198,1880,0,ɑ
1778659780.694266,2026,0,ɑ
1778659780.698038,2224,0,ɑ
1778659780.69824,2237,0,ɑ
1778659780.701262,2090,0,ɑ
1778659780.701458,1976,0,ɑ
1778659780.70397,2042,0,ɑ
1778659780.705295,2028,0,ɑ
1778659780.708179,1886,0,ɑ
1778659780.715144,1987,0,ɑ
1778659780.7166982,2130,0,ɑ
1778659780.7182279,2272,0,ɑ
1778659780.719404,2042,0,ɑ
1778659780.720992,1930,0,ɑ
1778659780.7229598,2018,0,ɑ
1778659780.723111,2110,0,ɑ
1778659780.7232609,1949,0,ɑ
1778659780.728014,1874,0,ɑ
1778659780.72834,2099,0,ɑ
1778659780.7297978,2294,0,ɑ
1778659780.731206,2167,0,ɑ
1778659780.732908,2019,0,ɑ
1778659780.735569,1886,0,ɑ
1778659780.7369301,2032,0,ɑ
1778659780.743777,2043,0,ɑ
1778659780.744289,1886,0,ɑ
1778659780.7460659,2028,0,ɑ
1778659780.747638,2263,0,ɑ
1778659780.749703,2261,0,ɑ
1778659780.750991,2100,0,ɑ
1778659780.7522292,2029,0,ɑ
1778659780.753823,2086,0,ɑ
1778659780.756358,1984,0,ɑ
1778659780.75875,1765,0,ɑ
1778659780.758902,1852,0,ɑ
1778659780.761437,2096,0,ɑ
1778659780.762832,2260,0,ɑ
1778659780.768071,2035,0,ɑ
1778659780.7688608,2007,0,ɑ
1778659780.769342,1967,0,ɑ
1778659780.772716,2066,0,ɑ
1778659780.773896,2139,0,ɑ
1778659780.776673,2001,0,ɑ
1778659780.780971,2096,0,ɑ
1778659780.7811341,2247,0,ɑ
1778659780.781247,2164,0,ɑ
1778659780.7838001,1983,0,ɑ
1778659780.785106,1932,0,ɑ
1778659780.787789,2064,0,ɑ
1778659780.789115,1974,0,ɑ
1778659780.795321,1844,0,ɑ
1778659780.798172,2005,0,ɑ
1778659780.79833,2315,0,ɑ
1778659780.7984982,2380,0,ɑ
1778659780.800805,2082,0,ɑ
1778659780.800949,1906,0,ɑ
1778659780.806099,1991,0,ɑ
1778659780.806688,2069,0,ɑ
1778659780.806902,1959,0,ɑ
1778659780.809624,1978,0,ɑ
1778659780.810923,2214,0,ɑ
1778659780.817018,2306,0,ɑ
1778659780.8178592,2053,0,ɑ
1778659780.8182652,1911,0,ɑ
1778659780.8235462,1976,0,ɑ
1778659780.824081,2153,0,ɑ
1778659780.825553,2005,0,ɑ
1778659780.825633,1976,0,ɑ
1778659780.827842,2074,0,ɑ
1778659780.8300931,2389,0,ɑ
1778659780.8314052,2224,0,ɑ
1778659780.833964,2061,0,ɑ
1778659780.83506,1978,0,ɑ
1778659780.8378072,2111,0,ɑ
1778659780.8391721,2033,0,ɑ
1778659780.845196,1899,0,ɑ
1778659780.845668,1968,0,ɑ
1778659780.846972,2171,0,ɑ
1778659780.847091,2232,0,ɑ
1778659780.849986,2109,0,ɑ
1778659780.852202,2062,0,ɑ
1778659780.855029,2065,0,ɑ
1778659780.856684,2033,0,ɑ
1778659780.857993,1947,0,ɑ
1778659780.8592908,1990,0,ɑ
1778659780.865401,2151,0,ɑ
1778659780.8654778,2237,0,ɑ
1778659780.865901,2074,0,ɑ
1778659780.8682141,2019,0,ɑ
1778659780.869709,2013,0,ɑ
1778659780.8735192,2065,0,ɑ
1778659780.873638,1993,0,ɑ
1778659780.875819,2150,0,ɑ
1778659780.877929,2041,0,ɑ
1778659780.879447,2297,0,ɑ
1778659780.882026,2165,0,ɑ
1778659780.883323,2072,0,ɑ
1778659780.885874,1989,0,ɑ
1778659780.8873448,2123,0,ɑ
1778659780.893408,2067,0,ɑ
1778659780.893912,1817,0,ɑ
1778659780.8969228,1921,0,ɑ
1778659780.8973608,2149,0,ɑ
1778659780.897829,2278,0,ɑ
1778659780.900722,2128,0,ɑ
1778659780.900921,2035,0,ɑ
1778659780.9031649,1973,0,ɑ
1778659780.905283,2053,0,ɑ
1778659780.907852,1898,0,ɑ
1778659780.9091961,1991,0,ɑ
1778659780.9133701,2261,0,ɑ
1778659780.9141152,2398,0,ɑ
1778659780.9158158,2145,0,ɑ
1778659780.917443,2045,0,ɑ
1778659780.919334,2005,0,ɑ
1778659780.922965,2129,0,ɑ
1778659780.923115,1962,0,ɑ
1778659780.92634,1880,0,ɑ
1778659780.9276319,2050,0,ɑ
1778659780.928919,2267,0,ɑ
1778659780.9314728,2195,0,ɑ
1778659780.932802,2145,0,ɑ
1778659780.938731,2010,0,ɑ
1778659780.940563,2092,0,ɑ
1778659780.940765,2038,0,ɑ
1778659780.9424288,1964,0,ɑ
1778659780.9443939,2048,0,ɑ
1778659780.945943,2265,0,ɑ
1778659780.948001,2228,0,ɑ
1778659780.950043,2090,0,ɑ
1778659780.951336,1943,0,ɑ
1778659780.9536982,1913,0,ɑ
1778659780.955006,2051,0,ɑ
1778659780.9575732,1965,0,ɑ
1778659780.9588711,2015,0,ɑ
1778659780.9634821,2185,0,ɑ
1778659780.963891,2237,0,ɑ
1778659780.9702258,2144,0,ɑ
1778659780.974526,2093,0,ɑ
1778659780.9749389,2064,0,ɑ
1778659780.9769018,2129,0,ɑ
1778659780.9769862,1994,0,ɑ
1778659780.977508,1939,0,ɑ
1778659780.977571,2081,0,ɑ
1778659780.97888,2250,0,ɑ
1778659780.981067,2205,0,ɑ
1778659780.98561,2170,0,ɑ
1778659780.9860191,2039,0,ɑ
1778659780.9887009,2142,0,ɑ
1778659780.9887738,2072,0,ɑ
1778659780.991761,1851,0,ɑ
1778659780.993848,2007,0,ɑ
1778659780.995896,2282,0,ɑ
1778659780.99816,2267,0,ɑ
1778659780.999465,2041,0,ɑ
1778659781.000756,2009,0,ɑ
1778659781.003306,2048,0,ɑ
1778659781.004746,2095,0,ɑ
1778659781.0119019,1949,0,ɑ
1778659781.012625,2076,0,ɑ
1778659781.014233,2301,0,ɑ
1778659781.016365,2453,0,ɑ
1778659781.0164201,2223,0,ɑ
1778659781.0178711,2033,0,ɑ
1778659781.02177,1986,0,ɑ
1778659781.0240252,2059,0,ɑ
1778659781.0240588,1961,0,ɑ
1778659781.025441,1913,0,ɑ
1778659781.026795,2110,0,ɑ
1778659781.032387,2247,0,ɑ
1778659781.032886,2176,0,ɑ
1778659781.033289,2122,0,ɑ
1778659781.035203,2072,0,ɑ
1778659781.038749,2058,0,ɑ
1778659781.042209,2018,0,ɑ
1778659781.042353,1968,0,ɑ
1778659781.044304,2078,0,ɑ
1778659781.045717,2347,0,ɑ
1778659781.047051,2348,0,ɑ
1778659781.049649,2095,0,ɑ
1778659781.0509372,2066,0,ɑ
1778659781.053834,2143,0,ɑ
1778659781.05863,2110,0,ɑ
1778659781.0587661,1777,0,ɑ
1778659781.060027,1938,0,ɑ
1778659781.0664551,2242,0,ɑ
1778659781.066564,2466,0,ɑ
1778659781.06881,2238,0,ɑ
1778659781.069002,1991,0,ɑ
1778659781.0692549,1969,0,ɑ
1778659781.07165,2229,0,ɑ
1778659781.072958,2168,0,ɑ
1778659781.075763,1890,0,ɑ
1778659781.082606,2062,0,ɑ
1778659781.084555,2305,0,ɑ
1778659781.0849888,2216,0,ɑ
1778659781.085481,2130,0,ɑ
1778659781.088212,2037,0,ɑ
1778659781.0905468,2109,0,ɑ
1778659781.090773,2113,0,ɑ
1778659781.090996,1884,0,ɑ
1778659781.093927,2043,0,ɑ
1778659781.095458,2320,0,ɑ
1778659781.097845,2401,0,ɑ
1778659781.099326,2052,0,ɑ
1778659781.1007302,1949,0,ɑ
1778659781.119489,2049,0,ɑ
1778659781.119959,2234,0,ɑ
1778659781.1202571,2003,0,ɑ
1778659781.120373,2093,0,ɑ
1778659781.120478,2202,0,ɑ
1778659781.120513,2370,0,ɑ
1778659781.120539,2134,0,ɑ
1778659781.120564,2048,0,ɑ
1778659781.120594,2086,0,ɑ
1778659781.1207192,2157,0,ɑ
1778659781.1233761,2046,0,ɑ
1778659781.133177,1975,0,ɑ
1778659781.1336231,2167,0,ɑ
1778659781.13521,2370,0,ɑ
1778659781.139267,2270,0,ɑ
1778659781.139446,2081,0,ɑ
1778659781.1396601,2039,0,ɑ
1778659781.139796,2108,0,ɑ
1778659781.140058,2073,0,ɑ
1778659781.142051,2015,0,ɑ
1778659781.143577,2014,0,ɑ
1778659781.144725,2201,0,ɑ
1778659781.1474078,2336,0,ɑ
1778659781.14874,2162,0,ɑ
1778659781.151708,2056,0,ɑ
1778659781.1565351,2107,0,ɑ
1778659781.1572611,2164,0,ɑ
1778659781.1573918,2052,0,ɑ
1778659781.159182,1986,0,ɑ
1778659781.1663969,2209,0,ɑ
1778659781.166856,2399,0,ɑ
1778659781.1672761,2186,0,ɑ
1778659781.169128,2116,0,ɑ
1778659781.169368,2086,0,ɑ
1778659781.170728,2176,0,ɑ
1778659781.1734211,2087,0,ɑ
1778659781.179331,1974,0,ɑ
1778659781.180817,2096,0,ɑ
1778659781.181201,2257,0,ɑ
1778659781.183573,2282,0,ɑ
1778659781.183965,2155,0,ɑ
1778659781.188669,2077,0,ɑ
1778659781.189135,2045,0,ɑ
1778659781.189337,2088,0,ɑ
1778659781.191356,1966,0,ɑ
1778659781.192714,2026,0,ɑ
1778659781.195343,2384,0,ɑ
1778659781.1970801,2388,0,ɑ
1778659781.199671,2078,0,ɑ
1778659781.2081401,1970,0,ɑ
1778659781.208243,2039,0,ɑ
1778659781.2084851,2120,0,ɑ
1778659781.2103832,2077,0,ɑ
1778659781.210786,2022,0,ɑ
1778659781.214101,2124,0,ɑ
1778659781.216883,2408,0,ɑ
1778659781.217272,2259,0,ɑ
1778659781.217456,2056,0,ɑ
1778659781.219598,2020,0,ɑ
1778659781.221018,2127,0,ɑ
1778659781.223606,1990,0,ɑ
1778659781.229059,1856,0,ɑ
1778659781.232085,2058,0,ɑ
1778659781.232181,2285,0,ɑ
1778659781.233015,2426,0,ɑ
1778659781.2334442,2226,0,ɑ
1778659781.235874,2045,0,ɑ
1778659781.241003,2096,0,ɑ
1778659781.241193,2146,0,ɑ
1778659781.241222,2004,0,ɑ
1778659781.243773,2074,0,ɑ
1778659781.245077,2233,0,ɑ
1778659781.247683,2273,0,ɑ
1778659781.2489731,2096,0,ɑ
1778659781.255338,2028,0,ɑ
1778659781.2564092,2044,0,ɑ
1778659781.258048,2161,0,ɑ
1778659781.2582881,1981,0,ɑ
1778659781.260076,1923,0,ɑ
1778659781.261694,2190,0,ɑ
1778659781.2654982,2426,0,ɑ
1778659781.265921,2189,0,ɑ
1778659781.2676868,2066,0,ɑ
1778659781.2689989,2031,0,ɑ
1778659781.271869,2170,0,ɑ
1778659781.276696,2047,0,ɑ
1778659781.27752,1959,0,ɑ
1778659781.2790751,2085,0,ɑ
1778659781.279382,2276,0,ɑ
1778659781.28162,2249,0,ɑ
1778659781.284433,2107,0,ɑ
1778659781.2865112,1993,0,ɑ
1778659781.2886112,2004,0,ɑ
1778659781.2886531,2090,0,ɑ
1778659781.291206,1919,0,ɑ
1778659781.293764,2049,0,ɑ
1778659781.295066,2172,0,ɑ
1778659781.2979681,2299,0,ɑ
1778659781.3019269,2047,0,ɑ
1778659781.306119,1977,0,ɑ
1778659781.3065531,2073,0,ɑ
1778659781.307298,2133,0,ɑ
1778659781.307791,1968,0,ɑ
1778659781.3123991,1988,0,ɑ
1778659781.314313,2149,0,ɑ
1778659781.314937,2335,0,ɑ
1778659781.315018,2159,0,ɑ
1778659781.31757,2033,0,ɑ
1778659781.3188741,2039,0,ɑ
1778659781.3236532,2144,0,ɑ
1778659781.325889,2027,0,ɑ
1778659781.3259678,1928,0,ɑ
1778659781.327789,1979,0,ɑ
1778659781.3330078,2253,0,ɑ
1778659781.333065,2237,0,ɑ
1778659781.333159,2111,0,ɑ
1778659781.3351018,2009,0,ɑ
1778659781.337774,2031,0,ɑ
1778659781.33888,2028,0,ɑ
1778659781.34145,1921,0,ɑ
1778659781.3427489,1999,0,ɑ
1778659781.347751,2261,0,ɑ
1778659781.348595,2394,0,ɑ
1778659781.349376,2106,0,ɑ
1778659781.350862,1938,0,ɑ
1778659781.3559208,2011,0,ɑ
1778659781.356117,2031,0,ɑ
1778659781.3581471,1929,0,ɑ
1778659781.359765,1948,0,ɑ
1778659781.361065,2199,0,ɑ
1778659781.363622,2426,0,ɑ
1778659781.364913,2103,0,ɑ
1778659781.36746,1942,0,ɑ
1778659781.3687491,2009,0,ɑ
1778659781.374624,2090,0,ɑ
1778659781.375007,1955,0,ɑ
1778659781.3762078,1919,0,ɑ
1778659781.378117,1962,0,ɑ
1778659781.3796349,2187,0,ɑ
1778659781.381381,2173,0,ɑ
1778659781.383395,2107,0,ɑ
1778659781.385039,2047,0,ɑ
1778659781.3877928,2071,0,ɑ
1778659781.3891048,2058,0,ɑ
1778659781.39166,1872,0,ɑ
1778659781.392954,1979,0,ɑ
1778659781.402445,2189,0,ɑ
1778659781.402869,2199,0,ɑ
1778659781.403368,2038,0,ɑ
1778659781.404841,2076,0,ɑ
1778659781.406993,2034,0,ɑ
1778659781.4071429,2071,0,ɑ
1778659781.4092312,1950,0,ɑ
1778659781.409781,1911,0,ɑ
1778659781.4115899,2059,0,ɑ
1778659781.412891,2253,0,ɑ
1778659781.415464,2102,0,ɑ
1778659781.419474,2018,0,ɑ
1778659781.420379,1952,0,ɑ
1778659781.422625,2064,0,ɑ
1778659781.4228501,2020,0,ɑ
1778659781.426291,1887,0,ɑ
1778659781.428034,2021,0,ɑ
1778659781.4301481,2300,0,ɑ
1778659781.432393,2235,0,ɑ
1778659781.433732,2032,0,ɑ
1778659781.43503,1970,0,ɑ
1778659781.437948,2031,0,ɑ
1778659781.439276,2109,0,ɑ
1778659781.440673,1916,0,ɑ
1778659781.447805,1932,0,ɑ
1778659781.4478898,2179,0,ɑ
1778659781.449106,2314,0,ɑ
1778659781.450407,2035,0,ɑ
1778659781.4514828,1960,0,ɑ
1778659781.454477,1995,0,ɑ
1778659781.4565911,2115,0,ɑ
1778659781.456776,1928,0,ɑ
1778659781.45966,1827,0,ɑ
1778659781.460953,2121,0,ɑ
1778659781.467367,2304,0,ɑ
1778659781.467833,2196,0,ɑ
1778659781.4678981,2024,0,ɑ
1778659781.4708102,1977,0,ɑ
1778659781.471678,2072,0,ɑ
1778659781.474328,1982,0,ɑ
1778659781.476372,1881,0,ɑ
1778659781.478306,2045,0,ɑ
1778659781.4796019,2259,0,ɑ
1778659781.480891,2225,0,ɑ
1778659781.483459,1915,0,ɑ
1778659781.48475,2038,0,ɑ
1778659781.487438,2091,0,ɑ
1778659781.491764,2030,0,ɑ
1778659781.492676,1808,0,ɑ
1778659781.493144,1963,0,ɑ
1778659781.4954162,2266,0,ɑ
1778659781.4968488,2395,0,ɑ
1778659781.498945,2016,0,ɑ
1778659781.501003,2030,0,ɑ
1778659781.5029728,1979,0,ɑ
1778659781.505598,2066,0,ɑ
1778659781.50689,1869,0,ɑ
1778659781.5094452,1849,0,ɑ
1778659781.5107388,2071,0,ɑ
1778659781.515827,2244,0,ɑ
1778659781.5158908,2121,0,ɑ
1778659781.518333,2078,0,ɑ
1778659781.520055,1967,0,ɑ
1778659781.523465,2088,0,ɑ
1778659781.525585,2002,0,ɑ
1778659781.525693,1886,0,ɑ
1778659781.527391,2053,0,ɑ
1778659781.528585,2229,0,ɑ
1778659781.5311518,2258,0,ɑ
1778659781.5336452,2037,0,ɑ
1778659781.535022,1928,0,ɑ
1778659781.542349,2004,0,ɑ
1778659781.543263,2083,0,ɑ
1778659781.548117,1911,0,ɑ
1778659781.549698,1957,0,ɑ
1778659781.555275,2159,0,ɑ
1778659781.555391,2295,0,ɑ
1778659781.555516,1993,0,ɑ
1778659781.555563,1950,0,ɑ
1778659781.555593,1974,0,ɑ
1778659781.555618,2097,0,ɑ
1778659781.5570078,1964,0,ɑ
1778659781.5596569,1914,0,ɑ
1778659781.564364,2098,0,ɑ
1778659781.5649679,2314,0,ɑ
1778659781.5694962,2187,0,ɑ
1778659781.5712829,1999,0,ɑ
1778659781.573642,1948,0,ɑ
1778659781.5761878,2170,0,ɑ
1778659781.577895,2036,0,ɑ
1778659781.5784872,1832,0,ɑ
1778659781.578623,1950,0,ɑ
1778659781.578691,2213,0,ɑ
1778659781.581548,2186,0,ɑ
1778659781.582906,2065,0,ɑ
1778659781.585542,1984,0,ɑ
1778659781.586936,2042,0,ɑ
1778659781.598604,2048,0,ɑ
1778659781.60109,1892,0,ɑ
1778659781.603601,1954,0,ɑ
1778659781.6038988,2163,0,ɑ
1778659781.606289,2380,0,ɑ
1778659781.6063821,2104,0,ɑ
1778659781.606443,1995,0,ɑ
1778659781.606516,1973,0,ɑ
1778659781.606624,2127,0,ɑ
1778659781.606657,1999,0,ɑ
1778659781.6092968,1924,0,ɑ
1778659781.6106188,2112,0,ɑ
1778659781.632442,2211,0,ɑ
1778659781.632607,2296,0,ɑ
1778659781.632803,2133,0,ɑ
1778659781.6328619,1930,0,ɑ
1778659781.6329758,2050,0,ɑ
1778659781.633037,2064,0,ɑ
1778659781.63312,1844,0,ɑ
1778659781.633169,1984,0,ɑ
1778659781.633579,2220,0,ɑ
1778659781.636862,2306,0,ɑ
1778659781.6369112,2089,0,ɑ
1778659781.636939,2010,0,ɑ
1778659781.636964,2092,0,ɑ
1778659781.63947,2172,0,ɑ
1778659781.641265,1864,0,ɑ
1778659781.6773171,1857,0,ɑ
1778659781.6774778,2145,0,ɑ
1778659781.6775522,2429,0,ɑ
1778659781.6776829,2146,0,ɑ
1778659781.677793,2019,0,ɑ
1778659781.6778722,1974,0,ɑ
1778659781.67791,2081,0,ɑ
1778659781.6784441,2015,0,ɑ
1778659781.67848,1968,0,ɑ
1778659781.678508,2124,0,ɑ
1778659781.678535,2312,0,ɑ
1778659781.678561,2182,0,ɑ
1778659781.678586,2039,0,ɑ
1778659781.678612,2008,0,ɑ
1778659781.678637,2063,0,ɑ
1778659781.6786618,2001,0,ɑ
1778659781.678748,1943,0,ɑ
1778659781.678846,2012,0,ɑ
1778659781.6789382,2187,0,ɑ
1778659781.681577,2281,0,ɑ
1778659781.683628,2069,0,ɑ
1778659781.685118,1959,0,ɑ
1778659781.686568,1966,0,ɑ
1778659781.696903,2078,0,ɑ
1778659781.6979651,1935,0,ɑ
1778659781.6986701,1971,0,ɑ
1778659781.6988611,2141,0,ɑ
1778659781.70062,2386,0,ɑ
1778659781.7029278,2132,0,ɑ
1778659781.7031438,2059,0,ɑ
1778659781.7034938,2074,0,ɑ
1778659781.705633,2075,0,ɑ
1778659781.70698,1980,0,ɑ
1778659781.7097359,1934,0,ɑ
1778659781.715691,2094,0,ɑ
1778659781.717223,2320,0,ɑ
1778659781.71913,2235,0,ɑ
1778659781.719991,2040,0,ɑ
1778659781.7236931,1985,0,ɑ
1778659781.725989,2110,0,ɑ
1778659781.726472,2060,0,ɑ
1778659781.7267652,1919,0,ɑ
1778659781.72705,1972,0,ɑ
1778659781.728954,2179,0,ɑ
1778659781.7315211,2314,0,ɑ
1778659781.732814,2117,0,ɑ
1778659781.7354481,1975,0,ɑ
1778659781.736741,2017,0,ɑ
1778659781.743158,2081,0,ɑ
1778659781.744069,1940,0,ɑ
1778659781.746058,1972,0,ɑ
1778659781.7464478,2146,0,ɑ
1778659781.748534,2397,0,ɑ
1778659781.748669,2129,0,ɑ
1778659781.751938,1972,0,ɑ
1778659781.754781,1981,0,ɑ
1778659781.755104,2112,0,ɑ
1778659781.7566998,1983,0,ɑ
1778659781.759296,1961,0,ɑ
1778659781.760592,2068,0,ɑ
1778659781.766207,2273,0,ɑ
1778659781.768304,2136,0,ɑ
1778659781.768409,2116,0,ɑ
1778659781.7685602,2054,0,ɑ
1778659781.771816,2038,0,ɑ
1778659781.773822,2035,0,ɑ
1778659781.77602,1894,0,ɑ
1778659781.778217,1997,0,ɑ
1778659781.779526,2247,0,ɑ
1778659781.78082,2267,0,ɑ
1778659781.783455,2140,0,ɑ
1778659781.784773,2035,0,ɑ
1778659781.787422,2063,0,ɑ
1778659781.792725,2150,0,ɑ
1778659781.7955992,1945,0,ɑ
1778659781.795769,1925,0,ɑ
1778659781.7959812,2121,0,ɑ
1778659781.797447,2278,0,ɑ
1778659781.7989912,2152,0,ɑ
1778659781.8015192,1986,0,ɑ
1778659781.804309,1964,0,ɑ
1778659781.8061671,2090,0,ɑ
1778659781.807478,2060,0,ɑ
1778659781.808888,1968,0,ɑ
1778659781.814868,2095,0,ɑ
1778659781.817526,2320,0,ɑ
1778659781.817736,2241,0,ɑ
1778659781.819273,2071,0,ɑ
1778659781.821435,2004,0,ɑ
1778659781.8233778,2060,0,ɑ
1778659781.823467,2021,0,ɑ
1778659781.825672,1962,0,ɑ
1778659781.827769,2015,0,ɑ
1778659781.82908,2252,0,ɑ
1778659781.83156,2323,0,ɑ
1778659781.8328671,2121,0,ɑ
1778659781.835423,2021,0,ɑ
1778659781.8367229,2081,0,ɑ
1778659781.84534,2002,0,ɑ
1778659781.847316,1846,0,ɑ
1778659781.8481321,1989,0,ɑ
1778659781.848983,2172,0,ɑ
1778659781.849497,2303,0,ɑ
1778659781.8513558,2149,0,ɑ
1778659781.85372,2047,0,ɑ
1778659781.854193,2059,0,ɑ
1778659781.856547,2117,0,ɑ
1778659781.85677,1951,0,ɑ
1778659781.8593779,1915,0,ɑ
1778659781.8609211,2128,0,ɑ
1778659781.865393,2333,0,ɑ
1778659781.8662558,2266,0,ɑ
1778659781.86815,2115,0,ɑ
1778659781.870356,1963,0,ɑ
1778659781.872243,2078,0,ɑ
1778659781.876449,2048,0,ɑ
1778659781.876849,1958,0,ɑ
1778659781.877022,2003,0,ɑ
1778659781.879053,2231,0,ɑ
1778659781.881613,2339,0,ɑ
1778659781.8829162,2072,0,ɑ
1778659781.885469,2002,0,ɑ
1778659781.886786,2003,0,ɑ
1778659781.889232,2105,0,ɑ
1778659781.89437,1967,0,ɑ
1778659781.89533,1988,0,ɑ
1778659781.897241,2152,0,ɑ
1778659781.897459,2350,0,ɑ
1778659781.89955,2132,0,ɑ
1778659781.901085,2052,0,ɑ
1778659781.903349,2028,0,ɑ
1778659781.905898,2149,0,ɑ
1778659781.908276,2077,0,ɑ
1778659781.909587,1951,0,ɑ
1778659781.910885,2067,0,ɑ
1778659781.916606,2266,0,ɑ
1778659781.917514,2193,0,ɑ
1778659781.918414,2082,0,ɑ
1778659781.9185102,2083,0,ɑ
1778659781.9218812,2019,0,ɑ
1778659781.9243698,2030,0,ɑ
1778659781.926473,1923,0,ɑ
1778659781.926707,1998,0,ɑ
1778659781.9291961,2211,0,ɑ
1778659781.931639,2323,0,ɑ
1778659781.933055,2143,0,ɑ
1778659781.9344661,1992,0,ɑ
1778659781.9371789,2020,0,ɑ
1778659781.938547,2138,0,ɑ
1778659781.941243,2011,0,ɑ
1778659781.946763,2031,0,ɑ
1778659781.947835,2171,0,ɑ
1778659781.9499872,2316,0,ɑ
1778659781.9519281,2147,0,ɑ
1778659781.95247,2067,0,ɑ
1778659781.953996,1952,0,ɑ
1778659781.9567108,2083,0,ɑ
1778659781.959109,2003,0,ɑ
1778659781.959519,2019,0,ɑ
1778659781.961799,2077,0,ɑ
1778659781.963264,2286,0,ɑ
1778659781.9646752,2265,0,ɑ
1778659781.973985,2099,0,ɑ
1778659781.976033,2013,0,ɑ
1778659781.9769862,2076,0,ɑ
1778659781.9775538,2078,0,ɑ
1778659781.978545,1938,0,ɑ
1778659781.9793549,1944,0,ɑ
1778659781.9810581,2132,0,ɑ
1778659781.983437,2265,0,ɑ
1778659781.983604,2114,0,ɑ
1778659781.986101,2132,0,ɑ
1778659781.987496,2065,0,ɑ
1778659781.988844,2092,0,ɑ
1778659781.991491,1995,0,ɑ
1778659781.9928162,1954,0,ɑ
1778659781.995409,2133,0,ɑ
1778659782.002034,2353,0,ɑ
1778659782.003927,2136,0,ɑ
1778659782.00733,2058,0,ɑ
1778659782.0089478,2022,0,ɑ
1778659782.010584,2079,0,ɑ
1778659782.0129988,2031,0,ɑ
1778659782.01316,1945,0,ɑ
1778659782.01357,2086,0,ɑ
1778659782.013655,2276,0,ɑ
1778659782.016014,2264,0,ɑ
1778659782.017447,2086,0,ɑ
1778659782.0187762,1991,0,ɑ
1778659782.022506,2089,0,ɑ
1778659782.0225909,2008,0,ɑ
1778659782.0253382,1953,0,ɑ
1778659782.026658,2042,0,ɑ
1778659782.029324,2187,0,ɑ
1778659782.031067,2282,0,ɑ
1778659782.032402,2110,0,ɑ
