timestamp,ch1,ch2,label
1779264723.568131,2012,2109,0_S
1779264723.568203,2065,2128,0_S
1779264723.5698078,1988,2109,0_S
1779264723.57351,1965,2107,0_S
1779264723.575584,2051,2103,0_S
1779264723.5775082,2178,2074,0_S
1779264723.577881,2154,2053,0_S
1779264723.5816698,2054,2064,0_S
1779264723.5819788,2016,2094,0_S
1779264723.585613,2041,2102,0_S
1779264723.585831,2042,2030,0_S
1779264723.588414,1968,2107,0_S
1779264723.5897222,2007,2095,0_S
1779264723.594651,2142,2083,0_S
1779264723.596957,2172,2090,0_S
1779264723.598279,2085,2051,0_S
1779264723.599463,2029,2074,0_S
1779264723.6003032,2043,2037,0_S
1779264723.602088,2060,2063,0_S
1779264723.604162,1994,2113,0_S
1779264723.605471,1997,2103,0_S
1779264723.6080441,2110,2081,0_S
1779264723.609458,2189,2071,0_S
1779264723.614772,2098,2064,0_S
1779264723.615505,2037,2046,0_S
1779264723.615953,2018,2084,0_S
1779264723.61777,2073,2062,0_S
1779264723.620702,1992,2080,0_S
1779264723.622658,1977,2082,0_S
1779264723.6239622,2065,2079,0_S
1779264723.626623,2178,2050,0_S
1779264723.627768,2127,2061,0_S
1779264723.630354,2027,2124,0_S
1779264723.63166,1997,2101,0_S
1779264723.636829,2073,2098,0_S
1779264723.637919,2043,2101,0_S
1779264723.6381462,1994,2058,0_S
1779264723.640306,2019,2085,0_S
1779264723.642975,2152,2071,0_S
1779264723.644466,2168,2050,0_S
1779264723.6458392,2085,2108,0_S
1779264723.648417,2015,2082,0_S
1779264723.64972,2044,2068,0_S
1779264723.652294,2052,2112,0_S
1779264723.6558259,1982,2098,0_S
1779264723.656207,2005,2140,0_S
1779264723.65802,2100,2129,0_S
1779264723.660269,2204,2078,0_S
1779264723.662868,2103,2095,0_S
1779264723.66418,2025,2083,0_S
1779264723.665471,2017,2077,0_S
1779264723.668031,2064,2043,0_S
1779264723.6694221,2008,2062,0_S
1779264723.6719701,1973,2091,0_S
1779264723.6772768,2056,2078,0_S
1779264723.679599,2171,2067,0_S
1779264723.679992,2118,2107,0_S
1779264723.6810381,2042,2113,0_S
1779264723.683599,1998,2066,0_S
1779264723.683635,2050,2110,0_S
1779264723.686207,2039,2135,0_S
1779264723.687427,2002,2094,0_S
1779264723.689992,2038,2056,0_S
1779264723.692543,2147,2057,0_S
1779264723.6938398,2175,2124,0_S
1779264723.6967602,2077,2049,0_S
1779264723.6986618,2009,2053,0_S
1779264723.700759,2030,2074,0_S
1779264723.703121,2073,2078,0_S
1779264723.704418,1981,2116,0_S
1779264723.705717,2010,2060,0_S
1779264723.708069,2077,2020,0_S
1779264723.70945,2163,2139,0_S
1779264723.7120261,2090,2092,0_S
1779264723.713469,2045,1995,0_S
1779264723.717937,2012,1981,0_S
1779264723.718271,2045,2066,0_S
1779264723.721827,1988,2086,0_S
1779264723.722604,1976,2061,0_S
1779264723.7240808,2042,2080,0_S
1779264723.725478,2168,2104,0_S
1779264723.7280378,2134,2102,0_S
1779264723.729444,2057,2085,0_S
1779264723.732009,2008,2080,0_S
1779264723.737376,2049,2103,0_S
1779264723.737725,2035,2079,0_S
1779264723.7384489,1974,2034,0_S
1779264723.740038,2038,2029,0_S
1779264723.743119,2131,2065,0_S
1779264723.745161,2158,2094,0_S
1779264723.746463,2075,2057,0_S
1779264723.747766,2001,2073,0_S
1779264723.750164,2039,2088,0_S
1779264723.751456,2060,2058,0_S
1779264723.754008,1992,2052,0_S
1779264723.759007,1998,2084,0_S
1779264723.759338,2093,2058,0_S
1779264723.760705,2180,2075,0_S
1779264723.764152,2097,2045,0_S
1779264723.764377,2027,2081,0_S
1779264723.7657568,2019,2117,0_S
1779264723.768331,2054,2080,0_S
1779264723.769522,1989,2071,0_S
1779264723.772081,1981,2101,0_S
1779264723.773448,2060,2103,0_S
1779264723.776028,2173,2065,0_S
1779264723.779896,2136,2038,0_S
1779264723.781257,2032,2077,0_S
1779264723.783447,1994,2093,0_S
1779264723.783519,2063,2072,0_S
1779264723.7860649,2037,2042,0_S
1779264723.787431,1983,2107,0_S
1779264723.789995,2008,2075,0_S
1779264723.792568,2129,2014,0_S
1779264723.793866,2154,2057,0_S
1779264723.7963111,2070,2070,0_S
1779264723.7997818,2014,2086,0_S
1779264723.8001301,2024,2026,0_S
1779264723.8019998,2047,2096,0_S
1779264723.803468,1981,2098,0_S
1779264723.8068311,1989,2093,0_S
1779264723.808146,2095,2122,0_S
1779264723.809502,2177,2133,0_S
1779264723.8118389,2108,2067,0_S
1779264723.8144698,2048,2024,0_S
1779264723.815845,1989,2033,0_S
1779264723.820668,2045,2092,0_S
1779264723.821056,2005,2048,0_S
1779264723.823016,1984,2013,0_S
1779264723.826383,2047,1993,0_S
1779264723.826615,2165,2055,0_S
1779264723.828376,2148,2109,0_S
1779264723.829716,2039,2013,0_S
1779264723.8321369,2020,2038,0_S
1779264723.8335161,2035,2097,0_S
1779264723.8360908,2030,2067,0_S
1779264723.837456,1974,2134,0_S
1779264723.841517,2009,2059,0_S
1779264723.841877,2151,2071,0_S
1779264723.843602,2163,2170,0_S
1779264723.845742,2046,2087,0_S
1779264723.848393,2021,1981,0_S
1779264723.849694,2052,2044,0_S
1779264723.852253,2056,2075,0_S
1779264723.8535879,1978,2019,0_S
1779264723.856191,1987,2023,0_S
1779264723.857488,2084,2014,0_S
1779264723.860123,2189,2056,0_S
1779264723.8635578,2107,2066,0_S
1779264723.864013,2011,2113,0_S
1779264723.8654878,1997,2114,0_S
1779264723.867609,2064,2114,0_S
1779264723.87025,2013,2084,0_S
1779264723.871555,1979,2076,0_S
1779264723.874115,2050,2059,0_S
1779264723.8754802,2158,2103,0_S
1779264723.8781571,2143,2120,0_S
1779264723.879456,2050,2066,0_S
1779264723.884077,2016,2014,0_S
1779264723.884486,2059,2060,0_S
1779264723.885979,2034,2065,0_S
1779264723.888862,1978,2080,0_S
1779264723.890571,2020,2091,0_S
1779264723.891875,2135,2059,0_S
1779264723.894439,2140,2062,0_S
1779264723.895741,2075,2065,0_S
1779264723.8984,2011,2057,0_S
1779264723.899785,2031,2053,0_S
1779264723.9049118,2056,2140,0_S
1779264723.905565,1974,2136,0_S
1779264723.907423,2004,2051,0_S
1779264723.907531,2067,2071,0_S
1779264723.910742,2167,2068,0_S
1779264723.912701,2098,2059,0_S
1779264723.914003,2030,2068,0_S
1779264723.91633,2024,2132,0_S
1779264723.917655,2076,2101,0_S
1779264723.920293,2013,2048,0_S
1779264723.921649,1992,2046,0_S
1779264723.92505,2054,2053,0_S
1779264723.927139,2152,2101,0_S
1779264723.929665,2155,2078,0_S
1779264723.929825,2048,2081,0_S
1779264723.932456,1986,2074,0_S
1779264723.933759,2056,2068,0_S
1779264723.9361851,2043,2060,0_S
1779264723.9375129,1977,2041,0_S
1779264723.9401312,2008,2069,0_S
1779264723.941426,2138,2043,0_S
1779264723.953742,2187,2076,0_S
1779264723.954587,2095,2107,0_S
1779264723.9554188,2027,2036,0_S
1779264723.955452,2007,1993,0_S
1779264723.955478,2010,2067,0_S
1779264723.955831,1976,2122,0_S
1779264723.955863,1992,2040,0_S
1779264723.958278,2109,2052,0_S
1779264723.959692,2191,2099,0_S
1779264723.9623349,2099,2095,0_S
1779264723.963864,2030,2046,0_S
1779264723.974109,2026,2047,0_S
1779264723.974154,2042,2142,0_S
1779264723.974795,2021,2160,0_S
1779264723.975162,1991,2043,0_S
1779264723.9751968,2064,2095,0_S
1779264723.976506,2152,2064,0_S
1779264723.977869,2119,2098,0_S
1779264723.9811661,2053,2039,0_S
1779264723.98259,1986,2011,0_S
1779264723.983948,2057,1959,0_S
1779264723.988021,1998,2076,0_S
1779264723.9881148,1985,2140,0_S
1779264723.989975,2034,2067,0_S
1779264723.992608,2123,2202,0_S
1779264723.9955342,2169,2103,0_S
1779264723.995669,2112,2075,0_S
1779264723.998234,2024,2033,0_S
1779264723.999553,1987,2077,0_S
1779264724.002143,2038,2051,0_S
1779264724.0034611,2015,2042,0_S
1779264724.00896,2015,1795,0_S
1779264724.01085,2040,2235,0_S
1779264724.0109599,2167,2134,0_S
1779264724.013097,2150,1941,0_S
1779264724.015946,2052,2090,0_S
1779264724.015978,2047,2176,0_S
1779264724.018523,2088,1997,0_S
1779264724.019818,2020,1867,0_S
1779264724.0223858,1993,2016,0_S
1779264724.0236921,2103,1866,0_S
1779264724.026303,2110,2095,0_S
1779264724.029998,2140,2237,0_S
1779264724.030603,2038,2107,0_S
1779264724.032037,2010,2004,0_S
1779264724.0351932,1995,2200,0_S
1779264724.037063,2017,2198,0_S
1779264724.038404,1982,2181,0_S
1779264724.039691,1992,2094,0_S
1779264724.042013,2055,2149,0_S
1779264724.0446332,2157,1958,0_S
1779264724.045939,2059,1822,0_S
1779264724.051361,2005,2282,0_S
1779264724.052785,2054,2145,0_S
1779264724.0550442,2099,2284,0_S
1779264724.055177,2001,2111,0_S
1779264724.058021,1971,2186,0_S
1779264724.058054,2075,2024,0_S
1779264724.059486,2159,2147,0_S
1779264724.062295,2060,2122,0_S
1779264724.063605,1996,2203,0_S
1779264724.065941,1997,2103,0_S
1779264724.068767,2005,2107,0_S
1779264724.071685,1961,1759,0_S
1779264724.072662,1955,2254,0_S
1779264724.075105,2104,2238,0_S
1779264724.077868,2214,2148,0_S
1779264724.079741,2149,2174,0_S
1779264724.079991,2010,1931,0_S
1779264724.082579,1938,2140,0_S
1779264724.083822,2048,2275,0_S
1779264724.086195,2001,2158,0_S
1779264724.087484,1912,2043,0_S
1779264724.093118,1932,2077,0_S
1779264724.0943518,2079,2046,0_S
1779264724.095402,2055,2295,0_S
1779264724.0970318,2115,2206,0_S
1779264724.098445,1846,2092,0_S
1779264724.1001248,1912,2111,0_S
1779264724.1014369,2103,2116,0_S
1779264724.1039848,2047,2169,0_S
1779264724.105323,2095,2284,0_S
1779264724.1078742,2142,2095,0_S
1779264724.113151,2266,2243,0_S
1779264724.1138089,2178,2125,0_S
1779264724.11418,2030,2068,0_S
1779264724.116399,2016,2154,0_S
1779264724.1185138,2081,2168,0_S
1779264724.12027,2017,2182,0_S
1779264724.121563,1939,2252,0_S
1779264724.123959,1939,2115,0_S
1779264724.1253161,2074,2088,0_S
1779264724.127885,2131,2097,0_S
1779264724.130466,2066,2201,0_S
1779264724.1344929,2013,2148,0_S
1779264724.136408,2013,2120,0_S
1779264724.1366122,2047,2160,0_S
1779264724.138743,1981,2352,0_S
1779264724.1401029,2018,2351,0_S
1779264724.1416519,2160,2379,0_S
1779264724.144207,2158,2396,0_S
1779264724.14551,2122,2617,0_S
1779264724.148065,2094,2527,0_S
1779264724.1493618,2079,2530,0_S
1779264724.15471,2069,2623,0_S
1779264724.154807,1952,2660,0_S
1779264724.156607,1892,2559,0_S
1779264724.1600199,2054,2527,0_S
1779264724.160288,2126,2595,0_S
1779264724.1621041,2102,2402,0_S
1779264724.1634371,1992,2360,0_S
1779264724.1660118,1967,2507,0_S
1779264724.167338,2034,2456,0_S
1779264724.169884,2020,2463,0_S
1779264724.171288,1827,2463,0_S
1779264724.176352,1877,2403,0_S
1779264724.176714,2089,2501,0_S
1779264724.1816971,2000,2551,0_S
1779264724.183285,1955,2400,0_S
1779264724.1835032,1987,2252,0_S
1779264724.18355,2132,2343,0_S
1779264724.186265,2101,2614,0_S
1779264724.187587,2086,2379,0_S
1779264724.19014,2125,2265,0_S
1779264724.1914382,2235,2171,0_S
1779264724.1977432,2274,2328,0_S
1779264724.1990411,2093,2408,0_S
1779264724.200026,1980,2328,0_S
1779264724.200383,1928,2192,0_S
1779264724.2027001,1940,2260,0_S
1779264724.204274,1905,2239,0_S
1779264724.205581,1970,2218,0_S
1779264724.208199,2067,2180,0_S
1779264724.2095082,2150,2236,0_S
1779264724.212081,2124,2191,0_S
1779264724.2133849,2103,2092,0_S
1779264724.2165499,2071,2081,0_S
1779264724.218347,2200,2087,0_S
1779264724.220405,2134,2240,0_S
1779264724.221935,2021,2099,0_S
1779264724.223489,1973,2187,0_S
1779264724.226062,2214,2086,0_S
1779264724.227365,2246,1931,0_S
1779264724.229975,1634,2139,0_S
1779264724.231337,1596,1981,0_S
1779264724.233963,2047,1714,0_S
1779264724.237812,2331,2356,0_S
1779264724.2379,2154,2067,0_S
1779264724.239987,1855,2027,0_S
1779264724.242081,2095,2059,0_S
1779264724.243453,2232,2151,0_S
1779264724.2463639,2197,2296,0_S
1779264724.2476711,1998,2228,0_S
1779264724.25011,1960,2038,0_S
1779264724.251311,2036,2091,0_S
1779264724.253919,2056,2089,0_S
1779264724.25529,2002,2031,0_S
1779264724.2592561,2080,2143,0_S
1779264724.260299,2159,2205,0_S
1779264724.2627652,2165,2085,0_S
1779264724.264884,2148,1869,0_S
1779264724.266258,2119,2193,0_S
1779264724.267572,1822,2061,0_S
1779264724.270129,1752,2347,0_S
1779264724.271497,1789,2052,0_S
1779264724.2741,1946,2412,0_S
1779264724.275439,2106,2263,0_S
1779264724.279715,2160,2199,0_S
1779264724.2798002,2085,2354,0_S
1779264724.281764,2075,2588,0_S
1779264724.285035,2017,2498,0_S
1779264724.286804,2017,2193,0_S
1779264724.2881331,2009,2293,0_S
1779264724.289439,1865,2728,0_S
1779264724.29205,1866,2049,0_S
1779264724.293359,2018,2334,0_S
1779264724.295926,1779,2334,0_S
1779264724.2973282,1628,2274,0_S
1779264724.300965,1711,1964,0_S
1779264724.30259,2235,2391,0_S
1779264724.3045928,2543,2511,0_S
1779264724.306068,2554,2404,0_S
1779264724.307926,2401,2133,0_S
1779264724.309344,2484,2213,0_S
1779264724.31197,2470,2336,0_S
1779264724.3133419,2334,2397,0_S
1779264724.31587,2174,2293,0_S
1779264724.321454,2034,2345,0_S
1779264724.322117,1845,2430,0_S
1779264724.323489,1760,2461,0_S
1779264724.324713,1792,2235,0_S
1779264724.3275928,1892,2322,0_S
1779264724.3277729,1909,2236,0_S
1779264724.329647,2117,2256,0_S
1779264724.332215,2106,2261,0_S
1779264724.3333728,2078,2300,0_S
1779264724.336,2063,2210,0_S
1779264724.337353,2009,2281,0_S
1779264724.342228,1968,2279,0_S
1779264724.343925,1995,2366,0_S
1779264724.3440719,2111,2116,0_S
1779264724.3464608,2205,2340,0_S
1779264724.3479218,2208,2269,0_S
1779264724.349684,2126,2226,0_S
1779264724.352253,2059,2184,0_S
1779264724.353479,1951,2253,0_S
1779264724.356106,1934,2288,0_S
1779264724.35743,2072,2227,0_S
1779264724.362987,2211,2186,0_S
1779264724.36401,2149,2234,0_S
1779264724.3651578,2080,2256,0_S
1779264724.3653371,2057,2238,0_S
1779264724.3673978,2078,2156,0_S
1779264724.37048,2033,2319,0_S
1779264724.371781,1985,2381,0_S
1779264724.3741372,2077,2215,0_S
1779264724.375478,2219,2241,0_S
1779264724.3781161,2218,2370,0_S
1779264724.379422,2144,2130,0_S
1779264724.383264,2090,2315,0_S
1779264724.3839848,2107,2502,0_S
1779264724.385393,2114,2409,0_S
1779264724.387417,2039,2221,0_S
1779264724.390385,2035,2275,0_S
1779264724.391695,2127,2233,0_S
1779264724.394173,2206,2300,0_S
1779264724.395487,2136,2373,0_S
1779264724.399232,2085,2332,0_S
1779264724.399298,2043,2476,0_S
1779264724.40469,2093,2149,0_S
1779264724.405473,2009,2437,0_S
1779264724.4086819,1988,2577,0_S
1779264724.409345,2088,2587,0_S
1779264724.4121978,2222,2501,0_S
1779264724.414065,2145,2274,0_S
1779264724.414119,1980,2224,0_S
1779264724.41553,1981,2399,0_S
1779264724.418165,2091,2706,0_S
1779264724.419484,2163,2492,0_S
1779264724.424777,2088,2400,0_S
1779264724.426531,2093,2424,0_S
1779264724.427796,2122,2060,0_S
1779264724.428818,2158,2169,0_S
1779264724.432089,2064,2466,0_S
1779264724.43234,2026,2468,0_S
1779264724.434535,2161,2737,0_S
1779264724.435976,2088,2469,0_S
1779264724.437383,2068,2578,0_S
1779264724.4399722,2181,2649,0_S
1779264724.44141,2195,2617,0_S
1779264724.451296,2257,2480,0_S
1779264724.451491,2148,2634,0_S
1779264724.4519172,2034,2768,0_S
1779264724.45381,2057,2502,0_S
1779264724.453944,1964,2430,0_S
1779264724.454047,1836,2751,0_S
1779264724.455457,1896,2930,0_S
1779264724.4580648,2043,2817,0_S
1779264724.459462,2256,2632,0_S
1779264724.462137,2221,2804,0_S
1779264724.463516,2123,2788,0_S
1779264724.4704409,1990,2801,0_S
1779264724.471829,2059,2861,0_S
1779264724.473614,1928,2786,0_S
1779264724.474184,2007,2850,0_S
1779264724.474773,2126,2882,0_S
1779264724.4765701,2171,2792,0_S
1779264724.478013,2150,2813,0_S
1779264724.479408,2072,2748,0_S
1779264724.482183,2080,2675,0_S
1779264724.483519,2101,2678,0_S
1779264724.48853,2162,2795,0_S
1779264724.489943,2051,2837,0_S
1779264724.490328,1964,2759,0_S
1779264724.49414,2014,2525,0_S
1779264724.494678,2148,2573,0_S
1779264724.496568,2060,2649,0_S
1779264724.497928,2007,2771,0_S
1779264724.499346,2023,2643,0_S
1779264724.501933,2033,2531,0_S
1779264724.503257,1968,2693,0_S
1779264724.513189,1924,2812,0_S
1779264724.513487,1963,2625,0_S
1779264724.515275,2093,2502,0_S
1779264724.51581,2039,2670,0_S
1779264724.516078,1978,2596,0_S
1779264724.517707,1980,2631,0_S
1779264724.517837,2063,2626,0_S
1779264724.5202801,2044,2657,0_S
1779264724.521597,1951,2676,0_S
1779264724.524201,1986,2534,0_S
1779264724.525537,2127,2560,0_S
1779264724.5311291,2132,2443,0_S
1779264724.532448,2046,2667,0_S
1779264724.5355232,1990,2611,0_S
1779264724.53599,2027,2378,0_S
1779264724.536299,2044,2452,0_S
1779264724.538084,1974,2635,0_S
1779264724.539409,1966,2608,0_S
1779264724.542017,2080,2392,0_S
1779264724.543322,2183,2243,0_S
1779264724.546008,2089,2264,0_S
1779264724.54978,1988,2259,0_S
1779264724.5514162,2031,2264,0_S
1779264724.553868,2072,2204,0_S
1779264724.5559108,2011,2337,0_S
1779264724.556256,2007,2295,0_S
1779264724.557973,2073,2145,0_S
1779264724.559461,2185,1971,0_S
1779264724.562221,2149,2100,0_S
1779264724.5635269,2026,2126,0_S
1779264724.566093,1992,2034,0_S
1779264724.5725539,2055,1978,0_S
1779264724.573872,2022,2179,0_S
1779264724.577465,1959,2230,0_S
1779264724.5792818,2020,1960,0_S
1779264724.579912,2125,1891,0_S
1779264724.580054,2168,1885,0_S
1779264724.580197,2075,2196,0_S
1779264724.581522,2010,2110,0_S
1779264724.584128,2033,2068,0_S
1779264724.58543,2064,2074,0_S
1779264724.5932019,1987,2327,0_S
1779264724.593621,1995,2145,0_S
1779264724.5954182,2111,1997,0_S
1779264724.59644,2185,1943,0_S
1779264724.5983229,2087,2015,0_S
1779264724.598627,1972,2127,0_S
1779264724.600492,1985,2084,0_S
1779264724.60189,2067,2102,0_S
1779264724.603209,2009,2237,0_S
1779264724.6058722,1971,2194,0_S
1779264724.6072671,2045,2191,0_S
1779264724.614069,2165,2094,0_S
1779264724.618069,2157,2316,0_S
1779264724.6184828,2041,2356,0_S
1779264724.6188622,1997,2429,0_S
1779264724.620534,2049,2273,0_S
1779264724.620626,2031,2366,0_S
1779264724.621969,1955,2457,0_S
1779264724.6233401,1987,2384,0_S
1779264724.625927,2121,2187,0_S
1779264724.6272361,2146,2263,0_S
1779264724.633184,2068,2291,0_S
1779264724.636595,2000,2338,0_S
1779264724.639573,2021,2386,0_S
1779264724.640064,2059,2474,0_S
1779264724.64049,1999,2548,0_S
1779264724.64237,1994,2463,0_S
1779264724.6425102,2085,2290,0_S
1779264724.6438458,2191,2309,0_S
1779264724.6455412,2091,2396,0_S
1779264724.648111,2040,2437,0_S
1779264724.649431,2044,2431,0_S
1779264724.6576269,2083,2321,0_S
1779264724.659605,2016,2403,0_S
1779264724.659934,2014,2334,0_S
1779264724.6601758,2044,2205,0_S
1779264724.660403,2172,2070,0_S
1779264724.663501,2151,2152,0_S
1779264724.663539,2041,2260,0_S
1779264724.6660428,1998,2138,0_S
1779264724.66734,2052,2015,0_S
1779264724.6699011,2023,2141,0_S
1779264724.673861,1973,2184,0_S
1779264724.675704,2026,2139,0_S
1779264724.678327,2120,1910,0_S
1779264724.680365,2164,1974,0_S
1779264724.680848,2081,2072,0_S
1779264724.68272,2026,2132,0_S
1779264724.684014,2056,2044,0_S
1779264724.685317,2057,2012,0_S
1779264724.6877341,1983,2208,0_S
1779264724.6902971,1974,2005,0_S
1779264724.694092,2115,1901,0_S
1779264724.694567,2186,1905,0_S
1779264724.6965692,2094,2035,0_S
1779264724.698,2012,2128,0_S
1779264724.700598,2036,2107,0_S
1779264724.702351,2096,2029,0_S
1779264724.703663,2054,2151,0_S
1779264724.706223,1989,2152,0_S
1779264724.7075431,2082,2006,0_S
1779264724.71011,2189,2020,0_S
1779264724.7114382,2164,2126,0_S
1779264724.7155719,2083,2045,0_S
1779264724.716854,2026,2098,0_S
1779264724.720768,2063,2109,0_S
1779264724.721062,2040,2206,0_S
1779264724.721235,1970,2156,0_S
1779264724.724069,2059,2090,0_S
1779264724.725447,2166,1968,0_S
1779264724.72806,2180,1924,0_S
1779264724.7293901,2104,2030,0_S
1779264724.731942,2036,2099,0_S
1779264724.735641,2036,2085,0_S
1779264724.735769,2057,2116,0_S
1779264724.7373152,1994,2266,0_S
1779264724.7410402,1989,2137,0_S
1779264724.741285,2080,2007,0_S
1779264724.74338,2180,1948,0_S
1779264724.745933,2098,2057,0_S
1779264724.747218,2040,2066,0_S
1779264724.749784,2007,2095,0_S
1779264724.751244,2031,2017,0_S
1779264724.760055,1974,2128,0_S
1779264724.760237,1964,2109,0_S
1779264724.762957,2040,1934,0_S
1779264724.7635899,2118,1927,0_S
1779264724.7651489,2097,1973,0_S
1779264724.76575,2007,2088,0_S
1779264724.765784,1963,2171,0_S
1779264724.767253,2027,2140,0_S
1779264724.769865,2033,2089,0_S
1779264724.7711859,1958,2086,0_S
1779264724.7769332,1996,2059,0_S
1779264724.77795,2088,2030,0_S
1779264724.779547,2136,1885,0_S
1779264724.779768,2018,2098,0_S
1779264724.781822,1961,2154,0_S
1779264724.7837021,1971,2131,0_S
1779264724.7855182,2016,2015,0_S
1779264724.788109,1954,2024,0_S
1779264724.7892659,1911,2040,0_S
1779264724.791821,2020,1910,0_S
1779264724.794177,2169,1903,0_S
1779264724.799113,2070,2026,0_S
1779264724.799299,1964,2181,0_S
1779264724.799428,1978,2136,0_S
1779264724.8032398,2029,1983,0_S
1779264724.803422,1972,2042,0_S
1779264724.806182,1900,2045,0_S
1779264724.80748,1968,1935,0_S
1779264724.810051,2060,2053,0_S
1779264724.811361,2139,2289,0_S
1779264724.813921,2092,2145,0_S
1779264724.818748,2034,2102,0_S
1779264724.820058,2071,2109,0_S
1779264724.822297,2024,2196,0_S
1779264724.822407,1967,2206,0_S
1779264724.824506,2013,2081,0_S
1779264724.8265889,2132,1991,0_S
1779264724.827929,2101,2119,0_S
1779264724.829341,2017,2373,0_S
1779264724.831928,1993,2125,0_S
1779264724.8332212,2032,1983,0_S
1779264724.835851,2062,2292,0_S
1779264724.839713,1970,2320,0_S
1779264724.8409972,1958,2108,0_S
1779264724.8411698,2056,2065,0_S
1779264724.8475242,2168,1982,0_S
1779264724.847716,2057,1914,0_S
1779264724.84783,1957,2195,0_S
1779264724.8494878,1959,2345,0_S
1779264724.852247,2019,2125,0_S
1779264724.853575,2003,2135,0_S
1779264724.856148,1975,2158,0_S
1779264724.860186,2058,2126,0_S
1779264724.861032,2140,2058,0_S
1779264724.865068,2144,2065,0_S
1779264724.86707,2084,1971,0_S
1779264724.867229,1972,2101,0_S
1779264724.867431,1956,1969,0_S
1779264724.870173,1970,2159,0_S
1779264724.8716202,1938,2061,0_S
1779264724.8742862,1999,1974,0_S
1779264724.875653,2112,1977,0_S
1779264724.877175,2149,1912,0_S
1779264724.8801122,2089,1939,0_S
1779264724.882245,1996,2158,0_S
1779264724.886416,2005,2172,0_S
1779264724.8869581,2052,1943,0_S
1779264724.888659,2057,1885,0_S
1779264724.890073,1982,1788,0_S
1779264724.891493,2014,1878,0_S
1779264724.893961,2109,1914,0_S
1779264724.895421,2087,1987,0_S
1779264724.901044,2008,1968,0_S
1779264724.901404,1976,2139,0_S
1779264724.901836,2069,1851,0_S
1779264724.903465,2008,1974,0_S
1779264724.90546,1982,1883,0_S
1779264724.907247,2078,1870,0_S
1779264724.909931,2185,1816,0_S
1779264724.911239,2169,1902,0_S
1779264724.9138129,2065,2021,0_S
1779264724.915104,2017,2120,0_S
1779264724.9176462,2065,1981,0_S
1779264724.9212182,2042,1970,0_S
1779264724.921598,1989,1935,0_S
1779264724.923337,1996,2069,0_S
1779264724.9252732,2006,2059,0_S
1779264724.927167,2098,1911,0_S
1779264724.930232,2080,2008,0_S
1779264724.93153,2034,2105,0_S
1779264724.934067,2010,2013,0_S
1779264724.935371,2044,2081,0_S
1779264724.937925,1989,2132,0_S
1779264724.942699,2006,1882,0_S
1779264724.9431648,2110,1825,0_S
1779264724.945676,2211,1912,0_S
1779264724.946034,2144,1944,0_S
1779264724.948834,2012,1977,0_S
1779264724.950489,2021,2000,0_S
1779264724.951808,2032,1804,0_S
1779264724.953113,1977,1787,0_S
1779264724.955668,1948,1649,0_S
1779264724.958219,2020,1342,0_S
1779264724.959519,2159,1482,0_S
1779264724.9630048,2149,1482,0_S
1779264724.963435,2071,1475,0_S
1779264724.966816,2005,1398,0_S
1779264724.9687932,2022,1395,0_S
1779264724.970442,1999,1454,0_S
1779264724.971773,1951,1343,0_S
1779264724.973064,1988,1311,0_S
1779264724.975859,2091,1305,0_S
1779264724.978178,2164,1345,0_S
1779264724.979629,2073,1460,0_S
1779264724.984016,2008,1422,0_S
1779264724.9847,2018,1329,0_S
1779264724.9900658,2062,1161,0_S
1779264724.992248,1988,1148,0_S
1779264724.992338,1962,1117,0_S
1779264724.992546,2069,1206,0_S
1779264724.993988,2169,1236,0_S
1779264724.995548,2112,1214,0_S
1779264724.998131,2025,1201,0_S
1779264724.9994261,2000,1206,0_S
1779264725.001411,2073,1157,0_S
1779264725.014004,2019,1112,0_S
1779264725.014654,1951,1110,0_S
1779264725.014849,2023,1141,0_S
1779264725.014946,2129,1170,0_S
1779264725.0152938,2165,1241,0_S
1779264725.0154161,2052,1263,0_S
1779264725.01566,2006,1299,0_S
1779264725.018272,2026,1256,0_S
1779264725.019596,2048,1193,0_S
1779264725.022155,1993,1196,0_S
1779264725.0282729,2007,1229,0_S
1779264725.031286,2109,1323,0_S
1779264725.0333571,2169,1321,0_S
1779264725.0349948,2074,1446,0_S
1779264725.035441,2003,1357,0_S
1779264725.0354729,2013,1384,0_S
1779264725.035578,2046,1352,0_S
1779264725.0381591,1997,1289,0_S
1779264725.039386,1996,1277,0_S
1779264725.0419579,2089,1280,0_S
1779264725.043293,2194,1376,0_S
1779264725.048467,2132,1385,0_S
1779264725.049637,2061,1329,0_S
1779264725.050812,2012,1337,0_S
1779264725.0529,2048,1358,0_S
1779264725.054503,2019,1335,0_S
1779264725.055978,1960,1327,0_S
1779264725.057329,2028,1383,0_S
1779264725.059894,2133,1455,0_S
1779264725.0612638,2147,1495,0_S
1779264725.064054,2048,1534,0_S
1779264725.06713,2005,1475,0_S
1779264725.069083,2024,1530,0_S
1779264725.069201,2040,1530,0_S
1779264725.07558,1975,1349,0_S
1779264725.075773,1997,1423,0_S
1779264725.0758872,2111,1497,0_S
1779264725.0773828,2194,1513,0_S
1779264725.079386,2091,1464,0_S
1779264725.0819762,2042,1486,0_S
1779264725.0832698,2023,1553,0_S
1779264725.0876899,2066,1594,0_S
1779264725.0883782,2003,1511,0_S
1779264725.094583,1997,1543,0_S
1779264725.0969548,2064,1679,0_S
1779264725.0970418,2197,1730,0_S
1779264725.0970979,2121,1638,0_S
1779264725.0972888,2036,1655,0_S
1779264725.0998368,2011,1681,0_S
1779264725.1011379,2069,1748,0_S
1779264725.1037052,2045,1738,0_S
1779264725.105215,1981,1628,0_S
1779264725.109013,2027,1677,0_S
1779264725.1105332,2148,1782,0_S
1779264725.1128051,2169,1778,0_S
1779264725.11473,2062,1761,0_S
1779264725.116587,1993,1794,0_S
1779264725.117884,2041,1782,0_S
1779264725.119196,2072,1689,0_S
1779264725.121753,1992,1622,0_S
1779264725.123054,2018,1688,0_S
1779264725.129416,2120,1809,0_S
1779264725.130214,2178,1779,0_S
1779264725.13151,2100,1657,0_S
1779264725.132715,2028,1719,0_S
1779264725.135533,2008,1717,0_S
1779264725.1357598,2048,1801,0_S
1779264725.137401,2001,1813,0_S
1779264725.1399622,1965,1824,0_S
1779264725.1411169,2045,1852,0_S
1779264725.143641,2151,1851,0_S
1779264725.145055,2132,1855,0_S
1779264725.149089,2057,1830,0_S
1779264725.149554,2005,1802,0_S
1779264725.1511521,2085,1876,0_S
1779264725.1551192,2030,1857,0_S
1779264725.155325,2008,1751,0_S
1779264725.157933,2051,1824,0_S
1779264725.159234,2151,1982,0_S
1779264725.1618161,2166,1900,0_S
1779264725.163132,2055,1867,0_S
1779264725.1657112,2006,1867,0_S
1779264725.170184,2035,1867,0_S
1779264725.1703,2047,1848,0_S
1779264725.171896,1981,1907,0_S
1779264725.174316,1999,1879,0_S
1779264725.17611,2095,1950,0_S
1779264725.1780522,2200,1948,0_S
1779264725.179349,2120,1919,0_S
1779264725.181909,2031,1880,0_S
1779264725.1832771,2043,1896,0_S
1779264725.185916,2070,1879,0_S
1779264725.187207,2009,1843,0_S
1779264725.1901178,1990,1803,0_S
1779264725.19234,2067,1880,0_S
1779264725.196519,2179,1994,0_S
1779264725.196844,2132,1902,0_S
1779264725.1989288,2035,1913,0_S
1779264725.199049,2008,1855,0_S
1779264725.201618,2054,1917,0_S
1779264725.204184,2033,1871,0_S
1779264725.2055418,1977,1904,0_S
1779264725.217202,2025,1839,0_S
1779264725.217602,2153,1903,0_S
1779264725.2177742,2170,1991,0_S
1779264725.21798,2069,1919,0_S
1779264725.2193239,1996,1911,0_S
1779264725.219716,2044,1935,0_S
1779264725.219907,2047,1976,0_S
1779264725.221215,1991,1949,0_S
1779264725.22384,1995,2029,0_S
1779264725.225177,2087,2090,0_S
1779264725.227755,2170,2067,0_S
1779264725.231772,2100,1933,0_S
1779264725.232466,2017,1856,0_S
1779264725.233946,2000,1923,0_S
1779264725.236118,2062,1973,0_S
1779264725.237965,2007,1966,0_S
1779264725.239618,1989,1911,0_S
1779264725.2421849,2067,1867,0_S
1779264725.243676,2181,1965,0_S
1779264725.2450812,2118,2022,0_S
1779264725.247686,2045,1984,0_S
1779264725.2493482,1991,1985,0_S
1779264725.2524958,2040,2010,0_S
1779264725.254248,2015,1986,0_S
1779264725.256651,1977,1984,0_S
1779264725.258456,2035,1994,0_S
1779264725.2602959,2135,1999,0_S
1779264725.261688,2150,2084,0_S
1779264725.264061,2059,2086,0_S
1779264725.265367,2007,1977,0_S
1779264725.267787,2038,1884,0_S
1779264725.269094,2053,1944,0_S
1779264725.272922,1990,1924,0_S
1779264725.27337,1978,1961,0_S
1779264725.275203,2077,1998,0_S
1779264725.2797,2162,2061,0_S
1779264725.281363,2088,2020,0_S
1779264725.281397,2026,2002,0_S
1779264725.283978,2016,1980,0_S
1779264725.285279,2067,1939,0_S
1779264725.287732,1995,2009,0_S
1779264725.289031,2002,2030,0_S
1779264725.293828,2078,2004,0_S
1779264725.294869,2206,2135,0_S
1779264725.29823,2148,2019,0_S
1779264725.300122,2051,1998,0_S
1779264725.30027,2015,1962,0_S
1779264725.302041,2063,2023,0_S
1779264725.3033879,2051,1998,0_S
1779264725.305963,1990,1965,0_S
1779264725.307262,2025,2044,0_S
1779264725.309864,2123,2036,0_S
1779264725.343215,2133,2047,0_S
1779264725.3432791,2077,2034,0_S
1779264725.3433988,1991,2064,0_S
1779264725.343533,2020,2027,0_S
1779264725.343617,2020,2106,0_S
1779264725.34394,1978,2104,0_S
1779264725.343978,1987,1873,0_S
1779264725.344009,2092,2008,0_S
1779264725.344036,2165,2114,0_S
1779264725.344063,2110,2063,0_S
1779264725.3440902,2025,1973,0_S
1779264725.344117,2012,1909,0_S
1779264725.3441439,2069,1923,0_S
1779264725.3441868,2002,1953,0_S
1779264725.344219,1979,1953,0_S
1779264725.3442502,2030,2065,0_S
1779264725.344279,2141,2107,0_S
1779264725.345691,2098,2088,0_S
1779264725.3471181,2023,1975,0_S
1779264725.3499289,1988,1986,0_S
1779264725.351291,2046,2012,0_S
1779264725.356123,2047,2039,0_S
1779264725.357127,1987,2003,0_S
1779264725.359873,2020,2045,0_S
1779264725.360777,2153,2146,0_S
1779264725.3627431,2184,2149,0_S
1779264725.364597,2089,2043,0_S
1779264725.365935,2011,2059,0_S
1779264725.3672352,2025,2065,0_S
1779264725.3697941,2064,2029,0_S
1779264725.37107,1973,2029,0_S
1779264725.377356,1992,2002,0_S
1779264725.379797,2100,2027,0_S
1779264725.379883,2169,2040,0_S
1779264725.381151,2079,1940,0_S
1779264725.3812811,2012,1928,0_S
1779264725.383004,2007,1934,0_S
1779264725.38558,2080,2015,0_S
1779264725.386932,2022,1990,0_S
1779264725.389481,1980,1916,0_S
1779264725.392101,2056,2009,0_S
1779264725.3934069,2176,2081,0_S
1779264725.396694,2139,2094,0_S
1779264725.398891,2055,2038,0_S
1779264725.3990111,2035,1972,0_S
1779264725.4027011,2054,2032,0_S
1779264725.404505,2057,2041,0_S
1779264725.405801,1961,2068,0_S
1779264725.407101,2020,2067,0_S
1779264725.4097972,2137,2037,0_S
1779264725.411135,2165,2079,0_S
1779264725.413772,2105,2048,0_S
1779264725.417247,2003,2004,0_S
1779264725.418261,2031,1980,0_S
1779264725.419662,2067,1981,0_S
1779264725.423281,1993,1946,0_S
1779264725.423603,1979,2022,0_S
1779264725.425549,2072,2071,0_S
1779264725.426919,2178,2071,0_S
1779264725.429738,2082,2036,0_S
1779264725.431078,2015,1962,0_S
1779264725.433661,2004,2047,0_S
1779264725.434956,2075,2077,0_S
1779264725.439945,2033,2024,0_S
1779264725.4401011,1985,1971,0_S
1779264725.444706,2074,1983,0_S
1779264725.446795,2191,2121,0_S
1779264725.446892,2153,2100,0_S
1779264725.4469829,2070,1977,0_S
1779264725.449545,2022,1928,0_S
1779264725.451927,2054,1931,0_S
1779264725.453214,2014,2074,0_S
1779264725.455957,1963,2031,0_S
1779264725.461237,1988,2013,0_S
1779264725.4613068,2122,2080,0_S
1779264725.465842,2167,2123,0_S
1779264725.466214,2085,1994,0_S
1779264725.468045,2034,1973,0_S
1779264725.468139,2063,1830,0_S
1779264725.469517,2037,2071,0_S
1779264725.471997,1932,1775,0_S
1779264725.473228,1975,1844,0_S
1779264725.475787,2092,2122,0_S
1779264725.4825642,2228,2179,0_S
1779264725.482783,2150,2050,0_S
1779264725.4839082,2019,1669,0_S
1779264725.485087,1962,2045,0_S
1779264725.486788,2091,2165,0_S
1779264725.488527,2095,2011,0_S
1779264725.489849,1998,1933,0_S
1779264725.491262,2030,2065,0_S
1779264725.495557,2157,2098,0_S
1779264725.495608,2197,2090,0_S
1779264725.496938,2092,2055,0_S
1779264725.503492,1944,2226,0_S
1779264725.5101252,1972,2044,0_S
1779264725.510203,2039,2016,0_S
1779264725.5102348,2016,1973,0_S
1779264725.5102909,2032,2022,0_S
1779264725.510318,2097,1997,0_S
1779264725.511727,2128,2050,0_S
1779264725.513263,2068,2143,0_S
1779264725.51522,2040,2039,0_S
1779264725.517911,2042,1964,0_S
1779264725.522144,2078,2010,0_S
1779264725.522777,2014,1886,0_S
1779264725.5278459,1913,2012,0_S
1779264725.5280662,1983,2177,0_S
1779264725.529943,2175,2201,0_S
1779264725.5300858,2168,2084,0_S
1779264725.531399,2043,2059,0_S
1779264725.5340428,1980,2103,0_S
1779264725.5353441,1949,2111,0_S
1779264725.5378911,1931,2202,0_S
1779264725.539233,2056,2288,0_S
1779264725.544075,2249,2391,0_S
1779264725.54914,2317,2480,0_S
1779264725.549353,2231,2405,0_S
1779264725.550634,2089,2378,0_S
1779264725.550952,2045,2378,0_S
1779264725.5511198,1976,2680,0_S
1779264725.5537012,1956,2693,0_S
1779264725.5550332,1906,2681,0_S
1779264725.5574179,2004,2670,0_S
1779264725.5631151,2211,2662,0_S
1779264725.563918,2192,2685,0_S
1779264725.564663,2098,2692,0_S
1779264725.567012,2052,2653,0_S
1779264725.5674639,2042,2793,0_S
1779264725.5699708,2033,2859,0_S
1779264725.5716748,2002,2909,0_S
1779264725.572971,2025,2929,0_S
1779264725.575495,2049,3054,0_S
1779264725.5781991,2076,3001,0_S
1779264725.579504,1928,2970,0_S
1779264725.58363,1976,2882,0_S
1779264725.585906,2122,2981,0_S
1779264725.590361,2235,3040,0_S
1779264725.5907462,2103,3267,0_S
1779264725.592483,1964,3425,0_S
1779264725.592561,2003,3261,0_S
1779264725.593874,2078,3205,0_S
1779264725.595484,2068,3106,0_S
1779264725.5981388,2094,3068,0_S
1779264725.599479,2182,3150,0_S
1779264725.604841,2125,3004,0_S
1779264725.606373,1991,2978,0_S
1779264725.606559,1852,3249,0_S
1779264725.6086001,2136,3062,0_S
1779264725.610315,2253,3097,0_S
1779264725.6122339,2245,2994,0_S
1779264725.613632,2028,3203,0_S
1779264725.614934,2046,3069,0_S
1779264725.617486,1914,3012,0_S
1779264725.6200352,2099,3247,0_S
1779264725.621333,2102,3290,0_S
1779264725.624419,2113,3342,0_S
1779264725.626664,2275,3164,0_S
1779264725.630753,2306,3079,0_S
1779264725.630917,1940,3118,0_S
1779264725.6322198,1612,3106,0_S
1779264725.633522,1679,2793,0_S
1779264725.634938,2093,2966,0_S
1779264725.637609,2243,3056,0_S
1779264725.6389399,1702,3113,0_S
1779264725.641511,1668,2965,0_S
1779264725.645909,2062,2700,0_S
1779264725.646692,2114,2823,0_S
1779264725.6481438,2334,2834,0_S
1779264725.650311,1974,2620,0_S
1779264725.652012,2160,2669,0_S
1779264725.653468,1914,2716,0_S
1779264725.65603,1410,2682,0_S
1779264725.6573482,1979,2424,0_S
1779264725.6599622,2643,2812,0_S
1779264725.6612852,2873,2549,0_S
1779264725.6672199,2377,2472,0_S
1779264725.667588,2296,2388,0_S
1779264725.667974,2030,2203,0_S
1779264725.669965,1943,2312,0_S
1779264725.6726882,1981,2568,0_S
1779264725.6743639,2377,2586,0_S
1779264725.67567,2353,2073,0_S
1779264725.676985,2203,2201,0_S
1779264725.679569,1944,2514,0_S
1779264725.680948,1576,2174,0_S
1779264725.683439,966,2174,0_S
1779264725.689606,1870,2056,0_S
1779264725.689738,2725,2514,0_S
1779264725.689932,2576,2298,0_S
1779264725.692136,2006,2124,0_S
1779264725.694141,1718,1939,0_S
1779264725.696047,1282,1957,0_S
1779264725.697299,2043,2410,0_S
1779264725.699868,2935,2276,0_S
1779264725.70124,2613,1832,0_S
1779264725.7038,1860,1803,0_S
1779264725.7052631,1660,2578,0_S
1779264725.707851,2036,2325,0_S
1779264725.71015,1895,1931,0_S
1779264725.714061,2012,1868,0_S
1779264725.714176,2016,2315,0_S
1779264725.715683,2009,2132,0_S
1779264725.717003,1567,2192,0_S
1779264725.7196538,1317,1909,0_S
1779264725.721024,2022,2075,0_S
1779264725.7236211,2290,1986,0_S
1779264725.724998,2148,2059,0_S
1779264725.7329931,2272,1980,0_S
1779264725.734027,2162,1956,0_S
1779264725.735821,2094,2175,0_S
1779264725.7361221,2239,1979,0_S
1779264725.7362401,2329,2041,0_S
1779264725.73792,2033,2056,0_S
1779264725.739296,1535,1906,0_S
1779264725.741853,1678,2051,0_S
1779264725.742935,1726,1985,0_S
1779264725.745503,1544,1694,0_S
1779264725.7503412,1488,1914,0_S
1779264725.7507288,2029,2142,0_S
1779264725.752265,2412,2104,0_S
1779264725.753737,2257,2108,0_S
1779264725.756143,1880,2096,0_S
1779264725.7578292,1973,2072,0_S
1779264725.7591228,2200,2073,0_S
1779264725.761866,2177,1994,0_S
1779264725.763223,1899,2079,0_S
1779264725.765808,1775,2033,0_S
1779264725.767104,1851,2054,0_S
1779264725.771221,1839,2000,0_S
1779264725.772469,1761,1953,0_S
1779264725.776351,1731,2133,0_S
1779264725.776601,1857,2047,0_S
1779264725.778715,2075,2016,0_S
1779264725.780322,2105,1963,0_S
1779264725.781642,2068,1943,0_S
1779264725.78294,1884,1934,0_S
1779264725.785493,1885,2097,0_S
1779264725.788042,1935,2108,0_S
1779264725.792192,1884,2036,0_S
1779264725.794121,1934,1875,0_S
1779264725.800181,2294,1999,0_S
1779264725.800231,2325,1957,0_S
1779264725.80033,2087,2080,0_S
1779264725.80036,1992,1973,0_S
1779264725.8016388,1965,1890,0_S
1779264725.8028579,1928,2022,0_S
1779264725.805274,1974,2067,0_S
1779264725.807819,1966,1992,0_S
1779264725.8089018,2043,2027,0_S
1779264725.814692,2089,2116,0_S
1779264725.815895,2048,2044,0_S
1779264725.816991,1798,1925,0_S
1779264725.817125,1904,2055,0_S
1779264725.8191419,2152,2182,0_S
1779264725.8220348,2190,2179,0_S
1779264725.823335,1995,2201,0_S
1779264725.825911,1965,1936,0_S
1779264725.8272011,2077,1736,0_S
1779264725.8294258,2071,2012,0_S
1779264725.832757,2119,2165,0_S
1779264725.835443,2090,2401,0_S
1779264725.836858,2016,2155,0_S
1779264725.838735,1838,1912,0_S
1779264725.8404539,1810,2127,0_S
1779264725.841953,1922,2215,0_S
1779264725.843314,2245,2099,0_S
1779264725.845979,2181,2249,0_S
1779264725.847497,2168,2072,0_S
1779264725.848831,2211,1723,0_S
1779264725.853489,2125,2036,0_S
1779264725.854771,1997,2302,0_S
1779264725.854877,2091,2112,0_S
1779264725.85993,2206,1742,0_S
1779264725.860196,2222,1830,0_S
1779264725.861969,2108,1966,0_S
1779264725.8633559,1970,2335,0_S
1779264725.8651872,2102,2349,0_S
1779264725.867769,2100,2196,0_S
1779264725.86906,1901,2102,0_S
1779264725.875196,1691,1825,0_S
1779264725.875317,1951,2204,0_S
1779264725.8768032,2370,2729,0_S
1779264725.877045,2488,2294,0_S
1779264725.8813272,2241,1962,0_S
1779264725.8815382,2289,2404,0_S
1779264725.883188,2249,2274,0_S
1779264725.8857448,2181,2112,0_S
1779264725.887048,2063,2003,0_S
1779264725.889601,1714,1950,0_S
1779264725.890887,1813,2075,0_S
1779264725.898907,2037,2323,0_S
1779264725.899976,1883,1958,0_S
1779264725.901839,1998,1444,0_S
1779264725.90202,2019,1892,0_S
1779264725.902197,2167,2443,0_S
1779264725.903999,2332,2441,0_S
1779264725.9053319,2130,2199,0_S
1779264725.907882,1965,2277,0_S
1779264725.909185,2213,2264,0_S
1779264725.911925,2257,2180,0_S
1779264725.921901,2119,1887,0_S
1779264725.922173,1925,2327,0_S
1779264725.922368,1879,2384,0_S
1779264725.92256,1892,2608,0_S
1779264725.923862,1772,2311,0_S
1779264725.924371,2024,2126,0_S
1779264725.925788,2156,2360,0_S
1779264725.927157,2285,2291,0_S
1779264725.92992,2158,2354,0_S
1779264725.9312289,2051,2206,0_S
1779264725.936061,1930,2041,0_S
1779264725.93682,2041,1888,0_S
1779264725.9371898,2056,2028,0_S
1779264725.940541,1956,1979,0_S
1779264725.9426079,1963,1808,0_S
1779264725.944103,2006,1719,0_S
1779264725.945465,1948,1881,0_S
1779264725.946857,1800,2005,0_S
1779264725.949431,1751,2013,0_S
1779264725.950826,1829,1986,0_S
1779264725.953381,1971,2115,0_S
1779264725.959363,1942,2117,0_S
1779264725.959612,1970,2059,0_S
1779264725.961131,2004,2007,0_S
1779264725.9639611,2043,1993,0_S
1779264725.9643211,1986,1931,0_S
1779264725.966172,1880,1883,0_S
1779264725.967467,1860,2127,0_S
1779264725.9688058,1954,1982,0_S
1779264725.9713652,1917,1853,0_S
1779264725.973927,1935,1932,0_S
1779264725.9787169,1975,1840,0_S
1779264725.979127,2102,1720,0_S
1779264725.9792042,2088,1787,0_S
1779264725.9814348,1995,1663,0_S
1779264725.9843562,1976,1713,0_S
1779264725.9862258,2047,1698,0_S
1779264725.987587,2022,1730,0_S
1779264725.988886,1947,1746,0_S
1779264725.991439,1953,1669,0_S
1779264725.992942,2071,1706,0_S
1779264725.999416,2067,1801,0_S
1779264726.0012128,2006,1840,0_S
1779264726.001437,1958,1828,0_S
1779264726.00157,2003,1793,0_S
1779264726.0055869,2068,1760,0_S
1779264726.005685,1972,1809,0_S
1779264726.007314,1994,1809,0_S
1779264726.0098822,2074,1753,0_S
1779264726.0113652,2168,1747,0_S
1779264726.012823,2088,1832,0_S
1779264726.015239,2018,1855,0_S
1779264726.0193841,2017,1849,0_S
1779264726.0194821,2077,1761,0_S
1779264726.021684,2016,1772,0_S
1779264726.023935,2018,1830,0_S
1779264726.026038,2088,1853,0_S
1779264726.027949,2165,1864,0_S
1779264726.029258,2140,1797,0_S
1779264726.031643,2048,1882,0_S
1779264726.032942,2006,1938,0_S
1779264726.03549,2051,1935,0_S
1779264726.036994,2027,1931,0_S
1779264726.039823,2002,1880,0_S
1779264726.0427918,2061,1862,0_S
1779264726.043494,2143,1896,0_S
1779264726.046348,2206,1943,0_S
1779264726.048286,2109,1971,0_S
1779264726.049592,2032,2011,0_S
1779264726.051019,2063,2091,0_S
1779264726.053474,2069,1964,0_S
1779264726.054775,2011,2030,0_S
1779264726.057586,2018,2039,0_S
1779264726.060579,2112,1940,0_S
1779264726.062855,2218,1940,0_S
1779264726.0630558,2090,1978,0_S
1779264726.067449,2024,2036,0_S
1779264726.06762,2032,2039,0_S
1779264726.0694652,2091,2078,0_S
1779264726.070796,2066,2113,0_S
1779264726.0733519,2011,2031,0_S
1779264726.07593,2079,2041,0_S
1779264726.0772412,2192,2052,0_S
1779264726.081523,2193,2126,0_S
1779264726.081897,2116,2181,0_S
1779264726.083841,2031,2191,0_S
1779264726.087807,2065,2141,0_S
1779264726.0879948,2058,2094,0_S
1779264726.08934,1997,2195,0_S
1779264726.0919418,2034,2235,0_S
1779264726.093445,2139,2179,0_S
1779264726.094798,2166,2247,0_S
1779264726.0974028,2065,2186,0_S
1779264726.0988228,2021,2197,0_S
1779264726.102176,2089,2125,0_S
1779264726.105645,2095,2136,0_S
1779264726.106966,2013,2252,0_S
1779264726.1070862,2020,2228,0_S
1779264726.1089978,2124,2136,0_S
1779264726.11199,2178,2053,0_S
1779264726.113309,2128,2185,0_S
1779264726.115927,2068,2151,0_S
1779264726.1173031,2055,2219,0_S
1779264726.1198149,2095,2165,0_S
1779264726.122339,2045,2229,0_S
1779264726.1242602,2032,2142,0_S
1779264726.1266408,2109,2059,0_S
1779264726.1290848,2170,2044,0_S
1779264726.130982,2163,2067,0_S
1779264726.1312692,2071,2156,0_S
1779264726.133878,2049,2169,0_S
1779264726.135196,2097,2004,0_S
1779264726.137783,2051,2118,0_S
1779264726.139149,1959,2115,0_S
1779264726.143373,1997,2167,0_S
1779264726.143816,2100,2070,0_S
1779264726.147042,2176,2089,0_S
1779264726.147394,2089,2042,0_S
1779264726.1502469,2027,2230,0_S
1779264726.1521611,2022,2166,0_S
1779264726.153735,2046,2082,0_S
1779264726.155037,2015,2188,0_S
1779264726.157671,2052,2214,0_S
1779264726.1589792,2157,2180,0_S
1779264726.164659,2260,2100,0_S
1779264726.165685,2118,2112,0_S
1779264726.167233,2043,2183,0_S
1779264726.167344,2060,2152,0_S
1779264726.171283,2096,2118,0_S
1779264726.171492,2056,2284,0_S
1779264726.17336,1976,2242,0_S
1779264726.176082,2083,2066,0_S
1779264726.177253,2189,2019,0_S
1779264726.1798668,2134,2083,0_S
1779264726.181188,2007,2047,0_S
1779264726.1851149,1989,2090,0_S
1779264726.185236,2048,2101,0_S
1779264726.18737,2083,2111,0_S
1779264726.191533,2015,2209,0_S
1779264726.191797,2018,2092,0_S
1779264726.193513,2135,2023,0_S
1779264726.196186,2180,2080,0_S
1779264726.1975,2137,2162,0_S
1779264726.198804,2046,2149,0_S
1779264726.2012632,2082,2118,0_S
1779264726.205593,2106,2102,0_S
1779264726.206332,2037,2166,0_S
1779264726.208111,2015,2046,0_S
1779264726.21221,2099,2066,0_S
1779264726.212495,2222,2016,0_S
1779264726.2144399,2165,1946,0_S
1779264726.21574,2059,2083,0_S
1779264726.217045,2046,2050,0_S
1779264726.219616,2054,1847,0_S
1779264726.2209148,2020,1936,0_S
1779264726.223467,2003,1976,0_S
1779264726.229036,2027,1989,0_S
1779264726.23173,2119,1833,0_S
1779264726.2353349,2135,1979,0_S
1779264726.235658,2063,2045,0_S
1779264726.235741,2068,2017,0_S
1779264726.2357728,2075,2006,0_S
1779264726.237149,2055,2013,0_S
1779264726.2398698,2026,2052,0_S
1779264726.241212,2084,1953,0_S
1779264726.243789,2194,1996,0_S
1779264726.24816,2207,2033,0_S
1779264726.249192,2107,2057,0_S
1779264726.2500951,2009,2034,0_S
1779264726.2546601,2028,1994,0_S
1779264726.255164,2080,2043,0_S
1779264726.2551959,2009,2079,0_S
1779264726.257882,2019,2039,0_S
1779264726.259199,2110,1964,0_S
1779264726.261895,2205,1955,0_S
1779264726.263368,2111,2040,0_S
1779264726.265184,2046,2001,0_S
1779264726.268686,2005,2088,0_S
1779264726.269332,2092,1943,0_S
1779264726.271554,2059,1983,0_S
1779264726.274234,2007,2038,0_S
1779264726.276247,2060,2017,0_S
1779264726.2776709,2206,2027,0_S
1779264726.2790332,2175,1983,0_S
1779264726.281517,2102,1996,0_S
1779264726.2828228,2065,2090,0_S
1779264726.2853792,2087,2126,0_S
1779264726.289375,2088,2207,0_S
1779264726.291865,2016,2189,0_S
1779264726.294975,2016,2067,0_S
1779264726.2975092,2118,2096,0_S
1779264726.297607,2152,2027,0_S
1779264726.297675,2083,2085,0_S
1779264726.2992132,2039,2090,0_S
1779264726.301784,2030,2096,0_S
1779264726.303071,2068,2029,0_S
1779264726.305619,1980,2144,0_S
1779264726.3159091,1993,2142,0_S
1779264726.316052,2136,2024,0_S
1779264726.316266,2186,1986,0_S
1779264726.316465,2080,2053,0_S
1779264726.318013,2010,2064,0_S
1779264726.3181062,2011,2075,0_S
1779264726.319411,2085,2126,0_S
1779264726.320707,2034,2098,0_S
1779264726.3231082,1984,1970,0_S
1779264726.325791,1985,1940,0_S
1779264726.33072,2119,1929,0_S
1779264726.3333561,2129,2087,0_S
1779264726.33625,2060,2251,0_S
1779264726.3363972,2041,2049,0_S
1779264726.336575,2070,1914,0_S
1779264726.336756,2069,1986,0_S
1779264726.339531,2018,2011,0_S
1779264726.340956,2072,1976,0_S
1779264726.343599,2160,1928,0_S
1779264726.345068,2154,1988,0_S
1779264726.347946,2075,1911,0_S
1779264726.351216,2010,2008,0_S
1779264726.351795,2044,2013,0_S
1779264726.35444,2097,1907,0_S
1779264726.357237,1975,2015,0_S
1779264726.357428,1929,1934,0_S
1779264726.359692,2098,2027,0_S
1779264726.3610492,2210,1897,0_S
1779264726.363701,2173,1938,0_S
1779264726.365193,2038,2059,0_S
1779264726.367746,2022,2217,0_S
1779264726.3719769,2068,2058,0_S
1779264726.37244,2018,2014,0_S
1779264726.3742468,1968,1931,0_S
1779264726.376433,2035,1936,0_S
1779264726.380345,2128,2009,0_S
1779264726.380898,2141,2190,0_S
1779264726.380985,2033,1981,0_S
1779264726.3835561,2013,1877,0_S
1779264726.38485,2068,2031,0_S
1779264726.38747,2047,2117,0_S
1779264726.38876,2013,2010,0_S
1779264726.392601,2042,1910,0_S
1779264726.393095,2138,1934,0_S
1779264726.394989,2168,1883,0_S
1779264726.399573,2086,1975,0_S
1779264726.3998919,2038,2036,0_S
1779264726.401546,2053,1989,0_S
1779264726.402901,2054,1951,0_S
1779264726.405477,1988,1954,0_S
1779264726.406785,1970,1945,0_S
1779264726.40942,2077,1981,0_S
1779264726.413151,2135,1959,0_S
1779264726.413596,2142,1967,0_S
1779264726.4171479,2043,1963,0_S
1779264726.4173539,1987,1897,0_S
1779264726.4192698,2025,1908,0_S
1779264726.4209652,1991,1962,0_S
1779264726.423365,1971,1932,0_S
1779264726.424671,2034,1838,0_S
1779264726.427348,2170,1792,0_S
1779264726.428698,2120,1853,0_S
1779264726.4339561,2005,1945,0_S
1779264726.435456,1989,1919,0_S
1779264726.435599,2027,1863,0_S
1779264726.4393432,2014,1856,0_S
1779264726.439573,1974,1970,0_S
1779264726.4412632,2005,1876,0_S
1779264726.443842,2074,1786,0_S
1779264726.4451451,2131,1889,0_S
1779264726.447735,2073,2022,0_S
1779264726.4491131,2039,1922,0_S
1779264726.4536262,2061,1818,0_S
1779264726.454221,2047,1852,0_S
1779264726.455731,2023,1943,0_S
1779264726.459754,2058,1971,0_S
1779264726.459998,2047,1977,0_S
1779264726.461694,2115,1876,0_S
1779264726.4631271,2087,1847,0_S
1779264726.465676,2052,1951,0_S
1779264726.4667861,1992,1806,0_S
1779264726.4694421,2038,1930,0_S
1779264726.470748,2005,1971,0_S
1779264726.474715,2002,1847,0_S
1779264726.475828,2111,1703,0_S
1779264726.479372,2142,1850,0_S
1779264726.48138,2211,2083,0_S
1779264726.48167,2094,1880,0_S
1779264726.4832609,1987,1825,0_S
1779264726.484685,2025,1800,0_S
1779264726.487247,2028,1812,0_S
1779264726.489825,1934,1698,0_S
1779264726.491133,1930,1819,0_S
1779264726.497437,2099,1918,0_S
1779264726.4976,2178,1948,0_S
1779264726.499111,2128,1779,0_S
1779264726.5001018,1988,1855,0_S
1779264726.502068,2054,1995,0_S
1779264726.503915,2131,1987,0_S
1779264726.5052109,2041,1903,0_S
1779264726.507833,2016,1741,0_S
1779264726.509161,2087,1773,0_S
1779264726.511793,2159,1922,0_S
1779264726.515885,2118,1962,0_S
1779264726.5165272,2065,1853,0_S
1779264726.5182998,2028,1784,0_S
1779264726.519613,2080,1854,0_S
1779264726.52211,2008,1797,0_S
1779264726.523989,1949,1888,0_S
1779264726.525293,2014,1985,0_S
1779264726.5278258,2157,1906,0_S
1779264726.5291278,2163,1800,0_S
1779264726.531789,2060,1754,0_S
1779264726.533123,1999,1928,0_S
1779264726.536243,2021,1856,0_S
1779264726.5383291,2050,1884,0_S
1779264726.540416,1992,1888,0_S
1779264726.542281,1988,1859,0_S
1779264726.544178,2137,1878,0_S
1779264726.545718,2198,1899,0_S
1779264726.5470731,2082,1885,0_S
1779264726.5496361,2011,1926,0_S
1779264726.5509388,2032,1903,0_S
1779264726.5535161,2043,1888,0_S
1779264726.557258,2010,1885,0_S
1779264726.5590441,2015,1891,0_S
1779264726.5592341,2083,1966,0_S
1779264726.5633512,2167,1920,0_S
1779264726.563497,2096,1835,0_S
1779264726.5654452,2026,1903,0_S
1779264726.566745,2012,2000,0_S
1779264726.569315,2049,1982,0_S
1779264726.570677,2007,1884,0_S
1779264726.57308,1949,1876,0_S
1779264726.577421,2064,1962,0_S
1779264726.579571,2172,1978,0_S
1779264726.5821939,2150,1993,0_S
1779264726.582274,2032,1985,0_S
1779264726.584299,2005,1975,0_S
1779264726.5860312,2038,1941,0_S
1779264726.587344,2056,1901,0_S
1779264726.588726,1994,1907,0_S
1779264726.591233,2005,1896,0_S
1779264726.593787,2095,1917,0_S
1779264726.5993621,2194,1956,0_S
1779264726.600615,2122,1979,0_S
1779264726.6018538,2044,1960,0_S
1779264726.606652,2053,1949,0_S
1779264726.60677,2077,2012,0_S
1779264726.6069,1987,1997,0_S
1779264726.6069918,1992,1904,0_S
1779264726.609774,2065,1904,0_S
1779264726.6108658,2162,1952,0_S
1779264726.613461,2122,1895,0_S
1779264726.6147578,2021,1928,0_S
1779264726.619213,2016,1918,0_S
1779264726.621239,2057,1844,0_S
1779264726.621412,2014,1862,0_S
1779264726.6235049,1961,1893,0_S
1779264726.625551,2012,1877,0_S
1779264726.627594,2131,1908,0_S
1779264726.629112,2141,1902,0_S
1779264726.631649,2067,1867,0_S
1779264726.632991,2000,1903,0_S
1779264726.635554,2037,1916,0_S
1779264726.6393669,2049,1883,0_S
1779264726.640116,1988,1925,0_S
1779264726.6419342,1999,1880,0_S
1779264726.64626,2098,1986,0_S
1779264726.646546,2173,2028,0_S
1779264726.647866,2060,1951,0_S
1779264726.649181,1985,1934,0_S
1779264726.651747,2004,2046,0_S
1779264726.6528509,2086,2021,0_S
1779264726.655396,2038,1946,0_S
1779264726.656675,2011,1989,0_S
1779264726.6604621,2098,1992,0_S
1779264726.662357,2198,2029,0_S
1779264726.6664,2141,2013,0_S
1779264726.666646,2089,2008,0_S
1779264726.6668491,2061,1974,0_S
1779264726.6697128,2067,1986,0_S
1779264726.670874,2027,2034,0_S
1779264726.673457,1992,1985,0_S
1779264726.6747708,2038,2019,0_S
1779264726.677512,2163,1971,0_S
1779264726.681254,2164,1885,0_S
1779264726.68237,2098,1919,0_S
1779264726.6865401,2039,1959,0_S
1779264726.6866372,2064,1983,0_S
1779264726.686795,2056,1959,0_S
1779264726.689454,2000,1960,0_S
1779264726.690756,2023,2039,0_S
1779264726.6934059,2120,2023,0_S
1779264726.6947079,2170,1961,0_S
1779264726.6973639,2109,1994,0_S
1779264726.7014499,2021,2019,0_S
1779264726.701854,2022,2008,0_S
1779264726.7037241,2062,2040,0_S
1779264726.705952,1991,1993,0_S
1779264726.707766,1984,1953,0_S
1779264726.709242,2073,2013,0_S
1779264726.710866,2183,2107,0_S
1779264726.713509,2131,2048,0_S
1779264726.714848,2031,1985,0_S
1779264726.717406,1998,1993,0_S
1779264726.71871,2030,2037,0_S
1779264726.7219572,2014,2029,0_S
1779264726.724033,1986,1992,0_S
1779264726.726212,2038,1965,0_S
1779264726.72965,2151,2052,0_S
1779264726.73013,2155,2099,0_S
1779264726.731717,2099,2047,0_S
1779264726.733142,2074,2001,0_S
1779264726.735467,2103,1987,0_S
1779264726.736765,2077,2046,0_S
1779264726.739327,2009,2072,0_S
1779264726.743009,1995,2021,0_S
1779264726.747515,2113,1970,0_S
1779264726.74942,2171,1979,0_S
1779264726.7495291,2105,2060,0_S
1779264726.7497458,2024,2001,0_S
1779264726.7512891,2044,2019,0_S
1779264726.75266,2101,2034,0_S
1779264726.755072,2000,1917,0_S
1779264726.757637,2007,1994,0_S
1779264726.7589319,2092,2075,0_S
1779264726.765087,2181,2100,0_S
1779264726.765256,2112,2036,0_S
1779264726.771033,2045,1976,0_S
1779264726.771122,2002,2012,0_S
1779264726.771156,2065,2048,0_S
1779264726.771185,2053,2055,0_S
1779264726.773779,1983,2044,0_S
1779264726.775075,2049,2028,0_S
1779264726.7776792,2181,2028,0_S
1779264726.7790809,2170,2067,0_S
1779264726.7853591,2055,2052,0_S
1779264726.7869492,2014,2061,0_S
1779264726.791592,2052,2063,0_S
1779264726.7923489,2074,2064,0_S
1779264726.794475,2000,2023,0_S
1779264726.794608,2025,2012,0_S
1779264726.7946959,2132,2045,0_S
1779264726.794796,2209,2125,0_S
1779264726.797771,2132,2077,0_S
1779264726.799256,2034,2104,0_S
1779264726.812452,2036,2090,0_S
1779264726.8130019,2076,2050,0_S
1779264726.8131142,2011,2008,0_S
1779264726.8131452,1985,1986,0_S
1779264726.813189,2061,2002,0_S
1779264726.813222,2162,2094,0_S
1779264726.81325,2137,2021,0_S
1779264726.815914,2069,1986,0_S
1779264726.817325,2043,1978,0_S
1779264726.8186738,2081,2050,0_S
1779264726.821343,2054,2036,0_S
1779264726.832663,2000,2007,0_S
1779264726.8327832,2030,1944,0_S
1779264726.832885,2149,2021,0_S
1779264726.83296,2162,2023,0_S
1779264726.833031,2071,2059,0_S
1779264726.833107,2025,2031,0_S
1779264726.835513,2062,2014,0_S
1779264726.836892,2055,2021,0_S
1779264726.839776,1982,2099,0_S
1779264726.841206,2044,2079,0_S
1779264726.845984,2102,2085,0_S
1779264726.850983,2207,2100,0_S
1779264726.8529532,2120,1975,0_S
1779264726.855059,2033,1925,0_S
1779264726.8551428,2020,1957,0_S
1779264726.855212,2061,2050,0_S
1779264726.855293,2006,2035,0_S
1779264726.8567228,2000,2007,0_S
1779264726.859426,2094,2074,0_S
1779264726.86082,2171,2068,0_S
1779264726.863807,2120,2135,0_S
1779264726.875299,2055,2110,0_S
1779264726.87551,1987,2029,0_S
1779264726.875656,2051,2070,0_S
1779264726.875781,2049,2087,0_S
1779264726.8758569,1981,2001,0_S
1779264726.875888,2040,2026,0_S
1779264726.9084868,2154,2076,0_S
1779264726.908895,2179,2127,0_S
1779264726.909025,2103,2107,0_S
1779264726.909106,2045,2044,0_S
1779264726.9092538,2048,2066,0_S
1779264726.9093719,2050,2092,0_S
1779264726.909441,1961,2010,0_S
1779264726.9095109,1978,2050,0_S
1779264726.909593,2106,2105,0_S
1779264726.909628,2178,2109,0_S
1779264726.9096599,2071,2058,0_S
1779264726.9096901,2031,1970,0_S
1779264726.909717,2025,2011,0_S
1779264726.909744,2087,2063,0_S
1779264726.9098508,2039,2054,0_S
1779264726.909934,1997,1993,0_S
1779264726.910063,2057,2044,0_S
1779264726.911458,2199,2110,0_S
1779264726.914825,2149,2092,0_S
1779264726.91496,2041,1955,0_S
1779264726.918827,1999,1974,0_S
1779264726.919014,2045,2150,0_S
1779264726.9217129,2061,2119,0_S
1779264726.9232159,1962,2056,0_S
1779264726.924672,2046,2057,0_S
1779264726.932589,2145,1994,0_S
1779264726.93551,2151,2159,0_S
1779264726.939787,2070,2095,0_S
1779264726.939938,2024,2036,0_S
1779264726.9400508,2017,2116,0_S
1779264726.940125,2066,2031,0_S
1779264726.9401898,1976,2009,0_S
1779264726.941728,1990,2065,0_S
1779264726.943337,2112,2104,0_S
1779264726.9447,2188,2081,0_S
1779264726.954905,2113,1963,0_S
1779264726.956909,2030,1827,0_S
1779264726.9572108,2010,2029,0_S
1779264726.957312,2054,2229,0_S
1779264726.959339,2059,2123,0_S
1779264726.9594398,2045,1997,0_S
1779264726.959562,2104,2037,0_S
1779264726.961471,2188,2104,0_S
1779264726.962759,2149,2022,0_S
1779264726.965421,2051,1957,0_S
1779264726.966787,1925,2012,0_S
1779264726.9756212,1931,2056,0_S
1779264726.97749,2011,2182,0_S
1779264726.977912,2047,2026,0_S
1779264726.979851,2126,1738,0_S
1779264726.979955,2129,2248,0_S
1779264726.9801931,2210,2281,0_S
1779264726.9816551,2159,2076,0_S
1779264726.983188,2062,2097,0_S
1779264726.9857721,2110,2080,0_S
1779264726.987169,2102,2004,0_S
1779264726.9923341,1968,2022,0_S
1779264727.000203,1984,1943,0_S
1779264727.000392,2104,1900,0_S
1779264727.000494,2142,2354,0_S
1779264727.0005891,2100,2172,0_S
1779264727.000619,2049,1943,0_S
1779264727.000648,2063,1955,0_S
1779264727.002951,2044,2149,0_S
1779264727.005777,1938,2015,0_S
1779264727.007114,1935,2084,0_S
1779264727.019016,2046,2101,0_S
1779264727.021076,2109,2165,0_S
1779264727.021518,2109,2059,0_S
1779264727.021632,2057,2120,0_S
1779264727.021705,2066,2069,0_S
1779264727.02177,2094,1916,0_S
1779264727.021832,1985,2168,0_S
1779264727.02321,1961,2107,0_S
1779264727.025883,2043,2101,0_S
1779264727.027284,2130,1911,0_S
1779264727.028671,2006,2321,0_S
1779264727.03811,1929,2193,0_S
1779264727.039798,1901,2128,0_S
1779264727.040123,1942,2192,0_S
1779264727.0406778,1988,2022,0_S
1779264727.042687,2102,2176,0_S
1779264727.042782,2018,2417,0_S
1779264727.0428538,2161,2464,0_S
1779264727.045275,2063,2379,0_S
1779264727.046666,2134,2292,0_S
1779264727.049268,2169,2365,0_S
1779264727.056764,2356,2440,0_S
1779264727.0569751,2245,2638,0_S
1779264727.058462,2115,2569,0_S
1779264727.0619211,2001,2643,0_S
1779264727.064081,2145,2856,0_S
1779264727.064197,2380,2732,0_S
1779264727.064331,2283,2699,0_S
1779264727.065804,2089,2714,0_S
1779264727.067168,2033,2740,0_S
1779264727.069534,2086,2828,0_S
1779264727.0708969,1934,2972,0_S
1779264727.0753012,1897,3070,0_S
1779264727.077133,1980,2991,0_S
1779264727.081762,2015,2950,0_S
1779264727.083578,2136,3087,0_S
1779264727.0838149,2090,3214,0_S
1779264727.083936,2014,3233,0_S
1779264727.085323,1969,3263,0_S
1779264727.0867798,1916,3412,0_S
1779264727.089389,1786,3444,0_S
1779264727.090732,1932,3548,0_S
1779264727.0990322,2035,3530,0_S
1779264727.101567,1991,3253,0_S
1779264727.1019158,1952,3186,0_S
1779264727.10216,1964,3291,0_S
1779264727.102394,2242,3250,0_S
1779264727.1044102,2310,3332,0_S
1779264727.104608,2220,3534,0_S
1779264727.1073668,2119,3533,0_S
1779264727.108693,2213,3284,0_S
1779264727.111433,2328,3226,0_S
1779264727.1165922,2212,3168,0_S
1779264727.118506,2092,2987,0_S
1779264727.120317,1775,3071,0_S
1779264727.1253,1579,3024,0_S
1779264727.1255019,1756,3047,0_S
1779264727.1255958,2170,3116,0_S
1779264727.125651,2213,2988,0_S
1779264727.127014,2422,2800,0_S
1779264727.1296299,2346,2819,0_S
1779264727.131027,2161,2798,0_S
1779264727.1377249,2158,2799,0_S
1779264727.142941,2190,2679,0_S
1779264727.143449,2098,2653,0_S
1779264727.1437042,1731,2530,0_S
1779264727.143859,1611,2846,0_S
1779264727.1458519,1910,2530,0_S
1779264727.146129,2209,2357,0_S
1779264727.147454,2123,2485,0_S
1779264727.1488378,1924,2400,0_S
1779264727.1514199,1572,2354,0_S
1779264727.152726,1662,2290,0_S
1779264727.158108,2107,2558,0_S
1779264727.1597629,2367,2345,0_S
1779264727.161642,2060,2343,0_S
1779264727.164969,2010,2388,0_S
1779264727.1652322,2187,1990,0_S
1779264727.1669881,2373,1987,0_S
1779264727.167087,2321,2105,0_S
1779264727.169771,2295,2010,0_S
1779264727.1710908,2133,2305,0_S
1779264727.173743,2071,2204,0_S
1779264727.1814091,1842,1930,0_S
1779264727.184267,2064,1991,0_S
1779264727.184441,1893,2056,0_S
1779264727.184792,1793,2031,0_S
1779264727.184936,1925,2609,0_S
1779264727.1867058,1652,2205,0_S
1779264727.186831,1904,1994,0_S
1779264727.189472,2341,1772,0_S
1779264727.1907918,2402,2136,0_S
1779264727.1932979,2243,2043,0_S
1779264727.1946151,2335,1907,0_S
1779264727.200383,2282,1774,0_S
1779264727.20168,2209,1930,0_S
1779264727.203041,1941,1808,0_S
1779264727.205159,1815,1946,0_S
1779264727.20533,1869,2095,0_S
1779264727.2070441,2056,1649,0_S
1779264727.2097611,1711,1957,0_S
1779264727.211089,1954,1803,0_S
1779264727.213671,2315,1788,0_S
1779264727.214972,2354,2044,0_S
1779264727.223197,2143,2057,0_S
1779264727.225301,2156,1539,0_S
1779264727.227186,2110,1865,0_S
1779264727.2278342,1925,1686,0_S
1779264727.227926,1864,1583,0_S
1779264727.227956,1970,1802,0_S
1779264727.2298508,1948,1768,0_S
1779264727.231195,1830,1449,0_S
1779264727.233629,1873,1803,0_S
1779264727.2349389,1986,1940,0_S
1779264727.2441201,2047,1873,0_S
1779264727.2467022,1944,1732,0_S
1779264727.248599,1919,1652,0_S
1779264727.248704,1958,1821,0_S
1779264727.2488089,1994,1676,0_S
1779264727.24892,2027,1674,0_S
1779264727.249022,1811,1864,0_S
1779264727.2515998,1694,2260,0_S
1779264727.2529001,1895,1835,0_S
1779264727.25554,2126,1841,0_S
1779264727.256892,2112,1883,0_S
1779264727.263117,2146,1580,0_S
1779264727.265855,2265,1854,0_S
1779264727.26788,1998,1996,0_S
1779264727.269925,1971,1373,0_S
1779264727.270102,2141,1576,0_S
1779264727.270189,2320,1686,0_S
1779264727.271467,2255,1755,0_S
1779264727.272869,2071,1736,0_S
1779264727.275626,2027,1813,0_S
1779264727.277003,2103,1735,0_S
1779264727.284388,2148,1560,0_S
1779264727.288702,2083,1848,0_S
1779264727.2892742,2011,1789,0_S
1779264727.2893682,1979,1605,0_S
1779264727.289439,1841,1746,0_S
1779264727.289502,1800,1684,0_S
1779264727.291256,1815,1719,0_S
1779264727.292641,1916,1567,0_S
1779264727.295344,1960,1902,0_S
1779264727.2967281,2116,1901,0_S
1779264727.303665,2167,1952,0_S
1779264727.308055,2098,2001,0_S
1779264727.3085818,2121,1802,0_S
1779264727.3107321,2087,1798,0_S
1779264727.3110662,2059,1894,0_S
1779264727.3111832,2025,1793,0_S
1779264727.311288,2177,1826,0_S
1779264727.312874,2191,1828,0_S
1779264727.315534,2076,1798,0_S
1779264727.316937,2006,1858,0_S
1779264727.323549,2036,1780,0_S
1779264727.323871,2002,1816,0_S
1779264727.325351,1958,1729,0_S
1779264727.329643,2030,1709,0_S
1779264727.331627,2151,1671,0_S
1779264727.3318899,2222,1778,0_S
1779264727.332104,2103,1703,0_S
1779264727.3335118,2004,1768,0_S
1779264727.334902,1976,1651,0_S
1779264727.337684,2033,1689,0_S
1779264727.3420339,1973,1733,0_S
1779264727.347765,1987,1736,0_S
1779264727.34806,2077,1706,0_S
1779264727.350044,2136,1634,0_S
1779264727.350515,2070,1789,0_S
1779264727.3525639,2026,1847,0_S
1779264727.352653,2040,1778,0_S
1779264727.3527098,2036,1685,0_S
1779264727.3555012,2014,1640,0_S
1779264727.3569002,1976,1666,0_S
1779264727.359793,2068,1816,0_S
1779264727.3668458,2168,1881,0_S
1779264727.367958,2139,1822,0_S
1779264727.3701499,2016,1833,0_S
1779264727.370593,1974,1706,0_S
1779264727.372421,1925,1622,0_S
1779264727.372544,1972,2054,0_S
1779264727.372662,1915,2296,0_S
1779264727.375318,2062,2039,0_S
1779264727.377718,2295,1661,0_S
1779264727.379104,2292,1734,0_S
1779264727.383677,2138,2015,0_S
1779264727.3846872,2020,2075,0_S
1779264727.387638,1987,2214,0_S
1779264727.390937,2038,2047,0_S
1779264727.3915598,2043,1953,0_S
1779264727.391969,1973,1943,0_S
1779264727.3937778,2017,2098,0_S
1779264727.3951309,2103,2225,0_S
1779264727.3979368,2064,2377,0_S
1779264727.3992372,2146,2113,0_S
1779264727.400563,2180,1787,0_S
1779264727.40685,2155,1848,0_S
1779264727.411989,2127,2060,0_S
1779264727.41222,2032,2083,0_S
1779264727.412259,2122,1904,0_S
1779264727.412317,2211,1820,0_S
1779264727.41371,2118,1938,0_S
1779264727.4151502,1949,2051,0_S
1779264727.4165409,1851,2121,0_S
1779264727.419112,1926,2173,0_S
1779264727.4306471,2007,2229,0_S
1779264727.43127,2000,2062,0_S
1779264727.433537,2072,2006,0_S
1779264727.4335868,2108,1960,0_S
1779264727.43365,2159,2069,0_S
1779264727.433685,2128,2095,0_S
1779264727.4337149,1980,2019,0_S
1779264727.435046,1973,2000,0_S
1779264727.4375181,1979,1975,0_S
1779264727.438821,2021,1918,0_S
1779264727.441438,1954,2015,0_S
1779264727.4489229,2031,1877,0_S
1779264727.4527192,2185,1830,0_S
1779264727.4530802,2173,1960,0_S
1779264727.454814,2122,1971,0_S
1779264727.4549918,2150,1855,0_S
1779264727.4551291,2044,1804,0_S
1779264727.455202,1921,2056,0_S
1779264727.456544,1921,2214,0_S
1779264727.459269,2079,1876,0_S
1779264727.460613,2215,1877,0_S
1779264727.466458,2149,1961,0_S
1779264727.466964,2047,1935,0_S
1779264727.47086,1952,2029,0_S
1779264727.472851,2078,1908,0_S
1779264727.4730089,2060,1901,0_S
1779264727.473151,2018,1963,0_S
1779264727.4750369,2007,1986,0_S
1779264727.477655,2066,2030,0_S
1779264727.4788811,2136,2073,0_S
1779264727.481483,2074,1928,0_S
1779264727.482841,2025,1954,0_S
1779264727.486827,2060,2036,0_S
1779264727.4882329,2113,1948,0_S
1779264727.4905589,2026,2062,0_S
1779264727.4925382,1997,1930,0_S
1779264727.492804,2072,1869,0_S
1779264727.495612,2137,2029,0_S
1779264727.496931,2078,2026,0_S
1779264727.499537,1994,1908,0_S
1779264727.500869,1999,1966,0_S
1779264727.503642,2073,2030,0_S
1779264727.507133,2005,2078,0_S
1779264727.507232,1976,1937,0_S
1779264727.509196,2019,1936,0_S
1779264727.513126,2122,1950,0_S
1779264727.513482,2119,2057,0_S
1779264727.5152209,2043,1974,0_S
1779264727.5165792,1991,1860,0_S
1779264727.519136,2017,1888,0_S
1779264727.521717,2063,2022,0_S
1779264727.523017,2006,1900,0_S
1779264727.527957,1986,1919,0_S
1779264727.5313358,2104,1894,0_S
1779264727.532374,2191,1999,0_S
1779264727.534156,2059,1946,0_S
1779264727.534302,1995,1890,0_S
1779264727.5361369,2046,1858,0_S
1779264727.537432,2093,1978,0_S
1779264727.5387242,2013,1869,0_S
1779264727.541273,1997,1883,0_S
1779264727.542648,2071,1842,0_S
1779264727.549475,2179,1812,0_S
1779264727.5495832,2106,2042,0_S
1779264727.551014,2009,1978,0_S
1779264727.552198,1985,1936,0_S
1779264727.555028,2033,2060,0_S
1779264727.555254,2012,1975,0_S
1779264727.557002,1976,1941,0_S
1779264727.5595992,2016,1876,0_S
1779264727.560894,2139,1892,0_S
1779264727.563288,2126,1903,0_S
1779264727.5646,2064,1926,0_S
1779264727.568783,2007,1953,0_S
1779264727.569785,2040,1965,0_S
1779264727.572159,2024,1974,0_S
1779264727.57507,1982,2020,0_S
1779264727.575306,1997,1994,0_S
1779264727.577101,2086,1995,0_S
1779264727.5796192,2130,2099,0_S
1779264727.581055,2071,2037,0_S
1779264727.582579,2036,2043,0_S
1779264727.5851562,2028,2035,0_S
1779264727.590177,2044,1977,0_S
1779264727.5914838,2007,2090,0_S
1779264727.593903,2017,2090,0_S
1779264727.5959349,2100,2092,0_S
1779264727.596035,2198,2052,0_S
1779264727.598237,2134,2098,0_S
1779264727.599657,2084,2073,0_S
1779264727.6012092,2038,2050,0_S
1779264727.6025732,2057,2035,0_S
1779264727.605128,2046,1978,0_S
1779264727.610123,1975,2043,0_S
1779264727.61086,2048,2025,0_S
1779264727.6144772,2160,2108,0_S
1779264727.614646,2161,2056,0_S
1779264727.616533,2074,1993,0_S
1779264727.616859,2009,2011,0_S
1779264727.6195168,2038,2031,0_S
1779264727.620833,2048,2038,0_S
1779264727.623484,1997,2033,0_S
1779264727.624798,2012,2011,0_S
1779264727.6302369,2117,2016,0_S
1779264727.630925,2182,2002,0_S
1779264727.632629,2110,2007,0_S
1779264727.632909,2045,1983,0_S
1779264727.6367948,2047,1951,0_S
1779264727.6369731,2057,2009,0_S
1779264727.6395662,2039,2078,0_S
1779264727.640859,2047,2021,0_S
1779264727.6434402,2094,1979,0_S
1779264727.644758,2165,2061,0_S
1779264727.647394,2150,1947,0_S
1779264727.650916,2040,2010,0_S
1779264727.651984,2006,2016,0_S
1779264727.6542358,2064,2044,0_S
1779264727.6568298,2053,2018,0_S
1779264727.656992,2007,1983,0_S
1779264727.659657,2046,1953,0_S
1779264727.6611352,2145,1990,0_S
1779264727.6624808,2177,2102,0_S
1779264727.6650639,2093,2115,0_S
1779264727.6676428,2037,2052,0_S
1779264727.671344,2047,2031,0_S
1779264727.6717298,2051,2116,0_S
1779264727.673406,1985,2066,0_S
1779264727.674839,2011,2010,0_S
1779264727.678137,2105,2007,0_S
1779264727.6800268,2178,1911,0_S
1779264727.681354,2120,2042,0_S
1779264727.6826508,2058,2094,0_S
1779264727.6852338,2053,2004,0_S
1779264727.6865358,2095,2003,0_S
1779264727.6914282,2020,1997,0_S
1779264727.691787,1995,2043,0_S
1779264727.6938398,2082,2012,0_S
1779264727.69826,2179,2078,0_S
1779264727.699973,2190,2084,0_S
1779264727.700011,2052,2055,0_S
1779264727.701355,2065,2035,0_S
1779264727.702655,2086,2009,0_S
1779264727.705028,2065,2075,0_S
1779264727.707587,2013,1925,0_S
1779264727.7089422,2102,1907,0_S
1779264727.7133791,2154,1926,0_S
1779264727.7144918,2209,2037,0_S
1779264727.714716,2080,1932,0_S
1779264727.716873,1998,1915,0_S
1779264727.718695,2052,1998,0_S
1779264727.721078,2059,1985,0_S
1779264727.723637,2014,1974,0_S
1779264727.724951,1974,1987,0_S
1779264727.727517,2089,1953,0_S
1779264727.7289019,2153,2004,0_S
1779264727.7325802,2087,2061,0_S
1779264727.733236,2005,2049,0_S
1779264727.7347,1996,2026,0_S
1779264727.738662,2081,2016,0_S
1779264727.738858,2044,2013,0_S
1779264727.741407,2031,1930,0_S
1779264727.742709,2119,1988,0_S
1779264727.745327,2197,2020,0_S
1779264727.746782,2156,2062,0_S
1779264727.749381,2057,2006,0_S
1779264727.753568,2045,1918,0_S
1779264727.75459,2082,2010,0_S
1779264727.7560792,2018,1977,0_S
1779264727.761389,1965,1895,0_S
1779264727.761492,2031,1984,0_S
1779264727.761983,2130,2029,0_S
1779264727.763443,2170,2001,0_S
1779264727.764874,2116,1962,0_S
1779264727.767284,2017,2006,0_S
1779264727.7685719,1992,1846,0_S
1779264727.771301,2036,1875,0_S
1779264727.775022,2013,2104,0_S
1779264727.7753952,2020,2315,0_S
1779264727.777791,2099,2132,0_S
1779264727.780892,2220,2118,0_S
1779264727.78266,2198,2120,0_S
1779264727.782702,2109,2003,0_S
1779264727.785266,2076,1944,0_S
1779264727.7866628,2130,2051,0_S
1779264727.7893472,2037,1916,0_S
1779264727.790566,2000,1927,0_S
1779264727.796874,2068,1851,0_S
1779264727.8007302,2199,1962,0_S
1779264727.8009012,2122,1962,0_S
1779264727.801227,2016,2096,0_S
1779264727.802453,2061,2074,0_S
1779264727.802871,2110,2003,0_S
1779264727.805467,2028,2138,0_S
1779264727.806773,1984,1992,0_S
1779264727.80925,2061,1801,0_S
1779264727.8105521,2165,2004,0_S
1779264727.8160052,2183,2088,0_S
1779264727.818024,2042,2129,0_S
1779264727.8182368,2010,2068,0_S
1779264727.823519,2054,2055,0_S
1779264727.823931,2068,2014,0_S
1779264727.82396,1976,2035,0_S
1779264727.825283,2013,1915,0_S
1779264727.826587,2086,2072,0_S
1779264727.829248,2178,1994,0_S
1779264727.830581,2116,2075,0_S
1779264727.83314,2055,2039,0_S
1779264727.836579,2025,1873,0_S
1779264727.836896,2076,1931,0_S
1779264727.839626,2036,2001,0_S
1779264727.84417,1991,1763,0_S
1779264727.844317,2054,2007,0_S
1779264727.8444211,2126,2006,0_S
1779264727.847061,2132,2037,0_S
1779264727.848476,2029,2035,0_S
1779264727.8510458,1991,2074,0_S
1779264727.852427,2029,2021,0_S
1779264727.859626,2043,2041,0_S
1779264727.859891,1991,1937,0_S
1779264727.861053,2020,1918,0_S
1779264727.8663192,2152,2000,0_S
1779264727.866564,2129,2017,0_S
1779264727.866622,2081,2012,0_S
1779264727.866658,2022,1958,0_S
1779264727.8688798,2013,2006,0_S
1779264727.871475,2033,1999,0_S
1779264727.8727958,1978,1720,0_S
1779264727.878844,1993,1779,0_S
1779264727.880706,2106,1900,0_S
1779264727.8808022,2188,1974,0_S
1779264727.8809679,2111,1806,0_S
1779264727.884765,2018,1811,0_S
1779264727.885107,2014,1786,0_S
1779264727.8866649,2078,1799,0_S
1779264727.889227,2018,1566,0_S
1779264727.890518,1933,1516,0_S
1779264727.893,2026,1732,0_S
1779264727.8956292,2169,1858,0_S
1779264727.898464,2155,1809,0_S
1779264727.898963,2027,1810,0_S
1779264727.9006789,1998,1627,0_S
1779264727.902847,2009,1605,0_S
1779264727.904583,2014,1517,0_S
1779264727.9071639,1969,1513,0_S
1779264727.9084601,2016,1587,0_S
1779264727.910954,2129,1629,0_S
1779264727.913532,2137,1670,0_S
1779264727.914939,2073,1668,0_S
1779264727.9194071,1991,1562,0_S
1779264727.919901,2071,1588,0_S
1779264727.921389,2058,1494,0_S
1779264727.923677,1976,1310,0_S
1779264727.9255848,2000,1313,0_S
1779264727.9277241,2129,1552,0_S
1779264727.929044,2206,1712,0_S
1779264727.930499,2118,1565,0_S
1779264727.933074,1995,1500,0_S
1779264727.934471,2023,1620,0_S
1779264727.939113,2036,1517,0_S
1779264727.93954,1991,1241,0_S
1779264727.941427,2010,1342,0_S
1779264727.94375,2070,1487,0_S
1779264727.945937,2164,1623,0_S
1779264727.947859,2167,1485,0_S
1779264727.9490502,2047,1447,0_S
1779264727.950465,2049,1325,0_S
1779264727.9530208,2076,1338,0_S
1779264727.9555452,2029,1357,0_S
1779264727.956909,1982,1282,0_S
1779264727.959967,2015,1456,0_S
1779264727.962158,2107,1559,0_S
1779264727.966141,2172,1535,0_S
1779264727.966352,2076,1432,0_S
1779264727.96658,2000,1360,0_S
1779264727.969161,2054,1480,0_S
1779264727.9704561,2063,1432,0_S
1779264727.9730198,1998,1265,0_S
1779264727.9756758,1984,1367,0_S
1779264727.976987,2103,1561,0_S
1779264727.980465,2156,1639,0_S
1779264727.981174,2019,1428,0_S
1779264727.982837,1954,1410,0_S
1779264727.984819,1973,1705,0_S
1779264727.9865751,2129,1755,0_S
1779264727.989213,2080,1391,0_S
1779264727.990537,1984,1488,0_S
1779264727.993141,2041,1588,0_S
1779264727.99454,2210,1764,0_S
1779264727.997241,2207,1588,0_S
1779264728.002017,2114,1579,0_S
1779264728.0024161,2074,1569,0_S
1779264728.004236,2056,1669,0_S
1779264728.0064251,2022,1565,0_S
1779264728.008296,1964,1518,0_S
1779264728.010082,2021,1624,0_S
1779264728.011418,2127,1827,0_S
1779264728.012822,2160,1921,0_S
1779264728.0155132,2074,1706,0_S
1779264728.0168252,1989,1559,0_S
1779264728.022497,2002,1660,0_S
1779264728.02463,2045,1688,0_S
1779264728.0247638,1967,1594,0_S
1779264728.024914,1983,1696,0_S
1779264728.029122,2094,1874,0_S
1779264728.029556,2194,1986,0_S
1779264728.031202,2106,1826,0_S
1779264728.032501,2033,1718,0_S
1779264728.035155,2032,1695,0_S
1779264728.036454,2071,1806,0_S
1779264728.0390248,2026,1717,0_S
1779264728.043066,1972,1699,0_S
1779264728.045939,2060,1837,0_S
1779264728.0474482,2170,2100,0_S
1779264728.049247,2129,1876,0_S
1779264728.049388,2049,1709,0_S
1779264728.0511858,2011,1723,0_S
1779264728.05252,2029,1810,0_S
1779264728.054945,2043,1789,0_S
1779264728.0574908,1976,1690,0_S
1779264728.0587819,2022,1857,0_S
1779264728.0656168,2137,2020,0_S
1779264728.067104,2190,2017,0_S
1779264728.069592,2084,1816,0_S
1779264728.069939,2001,1778,0_S
1779264728.0700831,2046,1870,0_S
1779264728.071711,2077,1877,0_S
1779264728.07309,1999,1650,0_S
1779264728.074423,2004,1838,0_S
1779264728.0771468,2090,1921,0_S
1779264728.0785458,2182,1953,0_S
1779264728.0810611,2115,1821,0_S
1779264728.084138,2023,1842,0_S
1779264728.086287,2030,1846,0_S
1779264728.0883882,2096,1961,0_S
1779264728.0901918,2023,1865,0_S
1779264728.092095,1990,1807,0_S
1779264728.0935528,2041,1892,0_S
1779264728.095094,2177,2090,0_S
1779264728.096522,2133,2037,0_S
1779264728.0991528,2076,1937,0_S
1779264728.100466,2008,1882,0_S
1779264728.106101,2053,1931,0_S
1779264728.1096718,2050,1881,0_S
1779264728.1119308,1964,1733,0_S
1779264728.1141582,2027,1893,0_S
1779264728.114424,2136,2149,0_S
1779264728.114536,2177,2102,0_S
1779264728.11459,2086,1850,0_S
1779264728.117142,1999,1867,0_S
1779264728.118477,2016,1973,0_S
1779264728.121069,2053,1995,0_S
1779264728.125973,1999,1792,0_S
1779264728.127837,2000,1814,0_S
1779264728.129926,2111,2000,0_S
1779264728.1300669,2169,2083,0_S
1779264728.133802,2097,1932,0_S
1779264728.1339982,2028,1859,0_S
1779264728.135326,2021,1833,0_S
1779264728.136673,2059,1918,0_S
1779264728.139095,2002,1893,0_S
1779264728.140436,1962,1857,0_S
1779264728.143023,2013,2044,0_S
1779264728.14759,2142,2195,0_S
1779264728.148739,2123,2043,0_S
1779264728.148837,2058,1926,0_S
1779264728.152857,2016,1882,0_S
1779264728.153035,2058,1977,0_S
1779264728.154513,2033,1928,0_S
1779264728.157074,1974,1839,0_S
1779264728.158488,2013,1955,0_S
1779264728.161012,2129,2197,0_S
1779264728.162412,2167,2209,0_S
1779264728.167475,2105,1992,0_S
1779264728.168236,2027,1933,0_S
1779264728.1708128,2014,1930,0_S
1779264728.1712089,2066,1983,0_S
1779264728.174189,1996,1840,0_S
1779264728.175807,2005,1893,0_S
1779264728.177135,2108,2026,0_S
1779264728.178607,2172,2165,0_S
1779264728.181199,2095,2024,0_S
1779264728.182517,2031,1838,0_S
1779264728.184986,2013,1870,0_S
1779264728.187913,2059,2022,0_S
1779264728.189843,2023,2008,0_S
1779264728.192128,1994,1873,0_S
1779264728.193962,2045,1945,0_S
1779264728.1958568,2150,2184,0_S
1779264728.1973948,2146,2122,0_S
1779264728.19872,2043,2001,0_S
1779264728.2012749,1990,1923,0_S
1779264728.202563,2046,2017,0_S
1779264728.20517,2051,2037,0_S
1779264728.2094169,1949,1804,0_S
1779264728.209894,1989,1970,0_S
1779264728.211593,2105,2197,0_S
1779264728.2137809,2149,2201,0_S
1779264728.21552,2101,1974,0_S
1779264728.2173839,2029,1880,0_S
1779264728.2186959,2057,1975,0_S
1779264728.2211032,2079,2063,0_S
1779264728.222416,1984,1936,0_S
1779264728.224973,2000,1992,0_S
1779264728.2297149,2114,2182,0_S
1779264728.231387,2174,2349,0_S
1779264728.2326112,2133,2088,0_S
1779264728.233096,2038,1983,0_S
1779264728.235918,2007,1940,0_S
1779264728.237534,2058,2040,0_S
1779264728.238883,2031,1955,0_S
1779264728.2416809,1965,1931,0_S
1779264728.242833,2032,2028,0_S
1779264728.245478,2141,2258,0_S
1779264728.2467961,2141,2217,0_S
1779264728.251297,2078,2028,0_S
1779264728.251698,2018,1925,0_S
1779264728.2594361,2056,2033,0_S
1779264728.2595892,2060,2125,0_S
1779264728.2596931,1983,1949,0_S
1779264728.259766,2047,1954,0_S
1779264728.261085,2125,2174,0_S
1779264728.262632,2186,2224,0_S
1779264728.265367,2067,2055,0_S
1779264728.266722,2001,1975,0_S
1779264728.270633,2001,1957,0_S
1779264728.2714188,2039,2061,0_S
1779264728.2777758,1994,1863,0_S
1779264728.27839,1988,1939,0_S
1779264728.280266,2075,2160,0_S
1779264728.2804968,2199,2241,0_S
1779264728.280604,2101,2046,0_S
1779264728.283623,2024,1879,0_S
1779264728.284987,2006,1899,0_S
1779264728.287543,2072,2084,0_S
1779264728.294413,2039,1984,0_S
1779264728.2984588,1990,1984,0_S
1779264728.298648,2063,2098,0_S
1779264728.299066,2171,2317,0_S
1779264728.300489,2166,2261,0_S
1779264728.3010728,2090,2002,0_S
1779264728.301111,2030,1982,0_S
1779264728.302421,2068,1982,0_S
1779264728.3049989,2034,2030,0_S
1779264728.30637,1978,1882,0_S
1779264728.308932,2007,2010,0_S
1779264728.3150752,2110,2181,0_S
1779264728.316563,2172,2146,0_S
1779264728.317503,2096,2034,0_S
1779264728.3176162,2030,1996,0_S
1779264728.319364,2037,2078,0_S
1779264728.321182,2049,2096,0_S
1779264728.322484,1978,1910,0_S
1779264728.325399,1984,1919,0_S
1779264728.326535,2087,2149,0_S
1779264728.329112,2176,2318,0_S
1779264728.342693,2126,2086,0_S
1779264728.342955,2040,1923,0_S
1779264728.343028,2019,1997,0_S
1779264728.343091,2051,2023,0_S
1779264728.343151,2041,1938,0_S
1779264728.34321,1974,1915,0_S
1779264728.3432682,2043,2080,0_S
1779264728.370921,2175,2284,0_S
1779264728.3711202,2160,2201,0_S
1779264728.371265,2075,2011,0_S
1779264728.3713012,2028,1876,0_S
1779264728.371409,2052,2051,0_S
1779264728.371437,2031,2079,0_S
1779264728.371465,1974,1957,0_S
1779264728.3714921,2020,1987,0_S
1779264728.371519,2121,2167,0_S
1779264728.371545,2147,2228,0_S
1779264728.371579,2083,1987,0_S
1779264728.371606,2015,1934,0_S
1779264728.3716328,2026,1962,0_S
1779264728.37166,2050,2059,0_S
1779264728.385207,2002,1907,0_S
1779264728.385335,2023,2003,0_S
1779264728.38542,2086,2173,0_S
1779264728.3854988,2196,2286,0_S
1779264728.385567,2159,2117,0_S
1779264728.3856409,2035,2010,0_S
1779264728.385668,1995,1974,0_S
1779264728.387058,2073,2079,0_S
1779264728.388345,2016,2007,0_S
1779264728.3909829,1981,1875,0_S
1779264728.392329,2029,2082,0_S
1779264728.399862,2140,2303,0_S
1779264728.400032,2140,2189,0_S
1779264728.4001122,2066,1930,0_S
1779264728.401864,2001,1917,0_S
1779264728.403786,2047,2020,0_S
1779264728.4051042,2047,2095,0_S
1779264728.406421,1989,1942,0_S
1779264728.408759,1999,1886,0_S
1779264728.4113312,2100,2143,0_S
1779264728.412628,2138,2277,0_S
1779264728.415801,2081,2093,0_S
1779264728.4181278,2014,1981,0_S
1779264728.420465,2027,2015,0_S
1779264728.420577,2071,2094,0_S
1779264728.4224849,2020,1836,0_S
1779264728.425366,2004,1987,0_S
1779264728.426667,2093,2091,0_S
1779264728.429301,2186,2304,0_S
1779264728.4303749,2124,2083,0_S
1779264728.432949,2029,1969,0_S
1779264728.436216,2012,1926,0_S
1779264728.4368918,2064,2099,0_S
1779264728.438377,1991,2086,0_S
1779264728.440372,1983,1926,0_S
1779264728.444056,2009,1946,0_S
1779264728.445493,2130,2177,0_S
1779264728.4468129,2171,2113,0_S
1779264728.4493818,2056,1986,0_S
1779264728.4506822,2028,1889,0_S
1779264728.4532402,2025,1912,0_S
1779264728.459805,2035,2191,0_S
1779264728.460022,2004,1872,0_S
1779264728.4601521,2039,1880,0_S
1779264728.461399,2074,2257,0_S
1779264728.4643059,2138,2204,0_S
1779264728.464426,2080,1976,0_S
1779264728.467129,2016,1934,0_S
1779264728.468426,2076,1864,0_S
1779264728.470795,2032,2332,0_S
1779264728.473346,2011,2039,0_S
1779264728.474654,1984,1981,0_S
1779264728.47968,2063,2191,0_S
1779264728.480892,2287,2389,0_S
1779264728.480982,2113,2251,0_S
1779264728.4831512,2069,1939,0_S
1779264728.486655,1894,1931,0_S
1779264728.486735,1996,1987,0_S
1779264728.4892879,2020,2252,0_S
1779264728.490588,1952,1900,0_S
1779264728.493047,1991,1873,0_S
1779264728.494339,2096,2205,0_S
1779264728.499758,2186,2277,0_S
1779264728.5012639,2128,2130,0_S
1779264728.501424,2061,1959,0_S
1779264728.5059578,2054,2034,0_S
1779264728.5076742,2134,2096,0_S
1779264728.5077639,2092,1788,0_S
1779264728.509084,2079,2035,0_S
1779264728.5103931,2096,2322,0_S
1779264728.5129201,1866,2274,0_S
1779264728.514345,1891,2144,0_S
1779264728.5204759,2031,1984,0_S
1779264728.521584,2155,2055,0_S
1779264728.5318289,2201,2168,0_S
1779264728.532439,2033,2011,0_S
1779264728.532481,2022,2121,0_S
1779264728.5325089,2117,2288,0_S
1779264728.532535,2282,2449,0_S
1779264728.5325608,2220,2208,0_S
1779264728.532587,2136,2057,0_S
1779264728.535978,2006,2287,0_S
1779264728.5550458,2015,2387,0_S
1779264728.555091,1903,2431,0_S
1779264728.555119,1856,2492,0_S
1779264728.555145,1956,2776,0_S
1779264728.555171,2123,2832,0_S
1779264728.5551958,2180,2914,0_S
1779264728.555222,2006,2915,0_S
1779264728.555247,1916,2707,0_S
1779264728.5552719,1677,2932,0_S
1779264728.5552971,1885,3075,0_S
1779264728.557269,2090,2990,0_S
1779264728.559639,2331,2975,0_S
1779264728.561368,2417,3369,0_S
1779264728.57498,2425,3379,0_S
1779264728.575037,2273,3255,0_S
1779264728.575413,2141,3047,0_S
1779264728.575455,2126,2988,0_S
1779264728.575861,2145,3203,0_S
1779264728.575892,1976,3415,0_S
1779264728.57592,1944,3394,0_S
1779264728.577624,1923,3388,0_S
1779264728.5792909,2011,3410,0_S
1779264728.5804422,2085,3302,0_S
1779264728.582556,2077,3233,0_S
1779264728.596531,1939,3274,0_S
1779264728.596568,2030,3276,0_S
1779264728.596595,2027,3247,0_S
1779264728.596622,2054,3438,0_S
1779264728.596647,2045,3359,0_S
1779264728.596673,2035,3556,0_S
1779264728.596698,1995,3348,0_S
1779264728.5992808,2096,3127,0_S
1779264728.6018581,2058,3134,0_S
1779264728.6214678,2089,3060,0_S
1779264728.621513,2060,3228,0_S
1779264728.621541,1877,3124,0_S
1779264728.62157,1987,3173,0_S
1779264728.6215959,2149,3249,0_S
1779264728.621622,2190,3241,0_S
1779264728.6216471,1976,2939,0_S
1779264728.621672,2173,2865,0_S
1779264728.6216981,2249,2948,0_S
1779264728.621723,2122,3036,0_S
1779264728.6229498,1929,3014,0_S
1779264728.636229,1613,3066,0_S
1779264728.6411111,1865,3097,0_S
1779264728.6412501,2187,2876,0_S
1779264728.641396,2067,2774,0_S
1779264728.641769,2088,2884,0_S
1779264728.6418219,2014,2933,0_S
1779264728.641852,2087,2738,0_S
1779264728.6418948,2168,3065,0_S
1779264728.6419451,2240,3004,0_S
1779264728.643491,2073,2940,0_S
1779264728.644848,1974,2836,0_S
1779264728.659028,1661,2826,0_S
1779264728.6590688,1976,2754,0_S
1779264728.659096,2304,2500,0_S
1779264728.659893,2403,2576,0_S
1779264728.659931,2071,2509,0_S
1779264728.6599581,1671,2639,0_S
1779264728.6599848,1677,2516,0_S
1779264728.661313,2026,2421,0_S
1779264728.6626172,2387,2539,0_S
1779264728.666038,1896,2484,0_S
1779264728.67313,2269,2515,0_S
1779264728.675052,2196,2385,0_S
1779264728.675423,2056,2282,0_S
1779264728.677301,2054,2386,0_S
1779264728.6775522,1880,2479,0_S
1779264728.6777961,2039,2441,0_S
1779264728.679229,2134,2253,0_S
1779264728.680608,2013,2326,0_S
1779264728.6831942,1964,2221,0_S
1779264728.6844969,2093,2237,0_S
1779264728.691793,1877,2231,0_S
1779264728.694057,1682,2211,0_S
1779264728.6941922,1853,2144,0_S
1779264728.6980119,1980,2386,0_S
1779264728.698197,2283,2109,0_S
1779264728.6984088,2514,2369,0_S
1779264728.698446,2194,2150,0_S
1779264728.7008169,1714,2089,0_S
1779264728.703416,1202,1971,0_S
1779264728.704711,608,2168,0_S
1779264728.710479,2017,2279,0_S
1779264728.712966,3042,2453,0_S
1779264728.715338,3030,2151,0_S
1779264728.717267,2952,2360,0_S
1779264728.717386,2436,2249,0_S
1779264728.7174668,2075,2014,0_S
1779264728.719347,2186,1930,0_S
1779264728.720675,2313,2561,0_S
1779264728.7232158,2316,1824,0_S
1779264728.7245219,2069,2136,0_S
1779264728.7270882,1732,2037,0_S
1779264728.731522,1614,2134,0_S
1779264728.732316,1723,2137,0_S
1779264728.732406,1913,2108,0_S
1779264728.737034,2010,2044,0_S
1779264728.737411,2087,2231,0_S
1779264728.7390761,2057,2189,0_S
1779264728.740383,1787,2112,0_S
1779264728.742957,1603,2207,0_S
1779264728.744344,1424,2348,0_S
1779264728.7470322,1755,1923,0_S
1779264728.74834,1749,1985,0_S
1779264728.751601,1624,2304,0_S
1779264728.753673,2031,2194,0_S
1779264728.757847,2543,2115,0_S
1779264728.757966,2192,2231,0_S
1779264728.759891,1942,2178,0_S
1779264728.7611918,2034,2158,0_S
1779264728.76261,2317,2442,0_S
1779264728.765208,1883,2127,0_S
1779264728.76654,1820,2138,0_S
1779264728.7691462,2052,2145,0_S
1779264728.774294,2107,2037,0_S
1779264728.775383,2172,2104,0_S
1779264728.775821,1943,1971,0_S
1779264728.778974,2046,1980,0_S
1779264728.7808452,2300,2065,0_S
1779264728.781132,2083,2175,0_S
1779264728.782738,1979,2044,0_S
1779264728.785315,1929,2006,0_S
1779264728.786622,1855,2011,0_S
1779264728.7890408,1987,1988,0_S
1779264728.795276,2044,2194,0_S
1779264728.796872,2059,2005,0_S
1779264728.800027,2106,1826,0_S
1779264728.800546,2012,1814,0_S
1779264728.801829,2153,2075,0_S
1779264728.8019252,2211,2013,0_S
1779264728.803244,2141,2123,0_S
1779264728.804474,2001,2009,0_S
1779264728.80704,1847,2022,0_S
1779264728.808334,1931,2098,0_S
1779264728.813557,2139,2200,0_S
1779264728.8140101,2245,2051,0_S
1779264728.8157618,2146,2143,0_S
1779264728.8179069,2084,2095,0_S
1779264728.819812,2002,1979,0_S
1779264728.821753,2024,2095,0_S
1779264728.8230631,1929,2132,0_S
1779264728.8243608,1902,2183,0_S
1779264728.8269272,2030,2186,0_S
1779264728.828316,2204,2199,0_S
1779264728.830785,2168,2146,0_S
1779264728.834134,2064,2089,0_S
1779264728.836124,1997,2110,0_S
1779264728.840492,2049,2163,0_S
1779264728.840587,2004,2103,0_S
1779264728.84076,1959,2169,0_S
1779264728.843331,1984,2147,0_S
1779264728.844636,2106,2219,0_S
1779264728.847221,2183,2091,0_S
1779264728.848528,2067,2125,0_S
1779264728.8510878,2008,1990,0_S
1779264728.855374,1991,2053,0_S
1779264728.8560371,2042,2154,0_S
1779264728.8595352,2001,2101,0_S
1779264728.861557,1930,2017,0_S
1779264728.8619032,2118,2024,0_S
1779264728.863623,2223,2270,0_S
1779264728.864931,2123,2212,0_S
1779264728.866294,2111,2067,0_S
1779264728.868913,2011,2119,0_S
1779264728.87147,2050,2280,0_S
1779264728.875902,2009,2279,0_S
1779264728.8765812,2010,2098,0_S
1779264728.877258,2112,2154,0_S
1779264728.8808541,2318,2227,0_S
1779264728.882873,2203,2013,0_S
1779264728.882972,2095,2106,0_S
1779264728.884438,2057,2267,0_S
1779264728.887003,2116,2152,0_S
1779264728.888371,2168,2090,0_S
1779264728.890996,2000,2042,0_S
1779264728.8924491,1930,2227,0_S
1779264728.9016051,2077,2122,0_S
1779264728.906198,2124,1979,0_S
1779264728.90681,1951,2207,0_S
1779264728.906951,2048,2329,0_S
1779264728.907027,2033,2243,0_S
1779264728.907116,2142,2315,0_S
1779264728.907188,2113,2164,0_S
1779264728.9083772,2050,2159,0_S
1779264728.911096,2193,2335,0_S
1779264728.9125938,2276,2190,0_S
1779264728.916928,2098,1972,0_S
1779264728.9189498,2005,1860,0_S
1779264728.925195,2047,2080,0_S
1779264728.925768,2111,2200,0_S
1779264728.925828,2026,2157,0_S
1779264728.925863,2007,2037,0_S
1779264728.927166,2091,2130,0_S
1779264728.9285069,2161,2199,0_S
1779264728.931264,2162,2189,0_S
1779264728.93264,2029,2221,0_S
1779264728.938026,1965,2131,0_S
1779264728.938566,2040,2027,0_S
1779264728.939726,2067,2152,0_S
1779264728.942314,2036,2047,0_S
1779264728.944333,2010,1942,0_S
1779264728.9445949,2108,2052,0_S
1779264728.9472818,2207,2170,0_S
1779264728.9485922,2146,2055,0_S
1779264728.951149,2062,2064,0_S
1779264728.952332,2044,1884,0_S
1779264728.9548988,2026,1994,0_S
1779264728.958229,1970,2098,0_S
1779264728.9589472,1976,1959,0_S
1779264728.960896,2010,2084,0_S
1779264728.965077,2186,2045,0_S
1779264728.965528,2124,1845,0_S
1779264728.967207,2077,2029,0_S
1779264728.96857,2033,2006,0_S
1779264728.971112,2105,1939,0_S
1779264728.972427,1986,2035,0_S
1779264728.974989,1921,1949,0_S
1779264728.981334,2031,2035,0_S
1779264728.9825869,2152,2079,0_S
1779264728.982719,2134,2005,0_S
1779264728.983916,2100,1951,0_S
1779264728.985831,2093,1926,0_S
1779264728.987586,2103,1898,0_S
1779264728.988853,2063,1959,0_S
1779264728.991507,1997,1994,0_S
1779264728.992842,2040,2033,0_S
1779264728.9954271,2177,2080,0_S
1779264728.999583,2296,2045,0_S
1779264729.000602,2102,2100,0_S
1779264729.001699,1943,1968,0_S
1779264729.0059469,1957,1893,0_S
1779264729.006216,2072,1953,0_S
1779264729.0064042,1977,2010,0_S
1779264729.008802,2013,1944,0_S
1779264729.0113652,2075,1945,0_S
1779264729.012675,2171,1906,0_S
1779264729.015251,2082,1954,0_S
1779264729.016563,2035,1995,0_S
1779264729.020331,2009,2124,0_S
1779264729.02159,2090,2123,0_S
1779264729.0238929,2056,2106,0_S
1779264729.025834,1985,2046,0_S
1779264729.0276449,2029,2066,0_S
1779264729.02905,2183,2054,0_S
1779264729.030455,2141,2007,0_S
1779264729.033046,2063,1980,0_S
1779264729.034348,2034,2010,0_S
1779264729.040586,2060,1995,0_S
1779264729.0410812,2039,2013,0_S
1779264729.0427241,1979,2095,0_S
1779264729.044933,2008,2078,0_S
1779264729.047213,2114,1981,0_S
1779264729.047594,2113,1958,0_S
1779264729.049217,2051,2049,0_S
1779264729.050516,2019,2129,0_S
1779264729.053051,2047,1961,0_S
1779264729.054357,2091,2011,0_S
1779264729.05691,2016,1961,0_S
1779264729.062756,2020,1893,0_S
1779264729.067208,2076,1928,0_S
1779264729.067421,2175,1962,0_S
1779264729.069133,2176,2015,0_S
1779264729.069309,2060,2068,0_S
1779264729.069342,1992,2029,0_S
1779264729.0707352,2075,1973,0_S
1779264729.073403,2013,2010,0_S
1779264729.074704,1982,2046,0_S
1779264729.0772429,2050,2061,0_S
1779264729.078631,2172,2078,0_S
1779264729.081949,2153,2057,0_S
1779264729.0880482,2037,2031,0_S
1779264729.090278,2003,2037,0_S
1779264729.090404,2035,2059,0_S
1779264729.090436,2012,2029,0_S
1779264729.090464,1983,1994,0_S
1779264729.093034,2026,2035,0_S
1779264729.0944371,2113,2051,0_S
1779264729.09707,2139,2138,0_S
1779264729.098392,2089,2123,0_S
1779264729.1112478,2048,2188,0_S
1779264729.112423,2078,1959,0_S
1779264729.112544,2054,2073,0_S
1779264729.112923,1970,2137,0_S
1779264729.114184,1992,2081,0_S
1779264729.1144068,2083,2033,0_S
1779264729.1145,2219,1990,0_S
1779264729.114669,2147,2050,0_S
1779264729.117507,2030,2069,0_S
1779264729.1188428,2018,2025,0_S
1779264729.124841,2051,2066,0_S
1779264729.126383,2017,2124,0_S
1779264729.130978,1999,2069,0_S
1779264729.131347,2053,2029,0_S
1779264729.132973,2180,2081,0_S
1779264729.133173,2155,2133,0_S
1779264729.1332202,2054,2068,0_S
1779264729.1345549,2022,2053,0_S
1779264729.137113,2080,2019,0_S
1779264729.138287,2054,2046,0_S
1779264729.1408541,1985,2069,0_S
1779264729.145375,2030,2072,0_S
1779264729.146629,2146,2068,0_S
1779264729.1467571,2189,2076,0_S
1779264729.150839,2126,2071,0_S
1779264729.151093,1990,2092,0_S
1779264729.152912,2023,2019,0_S
1779264729.154301,2075,2011,0_S
1779264729.1568599,2018,2090,0_S
1779264729.159461,2020,1991,0_S
1779264729.160813,2075,2002,0_S
1779264729.1653912,2168,2034,0_S
1779264729.165845,2124,2086,0_S
1779264729.167706,2044,1888,0_S
1779264729.1689558,2000,2004,0_S
1779264729.171969,2096,2105,0_S
1779264729.174114,2076,2089,0_S
1779264729.1754391,1996,1909,0_S
1779264729.1767402,2050,1925,0_S
1779264729.179344,2166,1999,0_S
1779264729.180654,2204,2031,0_S
1779264729.186363,2098,2049,0_S
1779264729.187115,2036,1974,0_S
1779264729.1882648,2068,2088,0_S
1779264729.188437,2025,2102,0_S
1779264729.19454,1936,2091,0_S
1779264729.195132,2025,2114,0_S
1779264729.1952488,2164,2121,0_S
1779264729.196928,2174,1960,0_S
1779264729.1985762,2102,1950,0_S
1779264729.201174,2053,2059,0_S
1779264729.202564,2066,2017,0_S
1779264729.2072,2042,2099,0_S
1779264729.208776,2031,2070,0_S
1779264729.208938,2037,2034,0_S
1779264729.2111669,2115,2121,0_S
1779264729.214918,2190,2023,0_S
1779264729.215323,2124,2104,0_S
1779264729.216636,2046,2183,0_S
1779264729.219292,2084,2148,0_S
1779264729.220704,2095,2037,0_S
1779264729.223331,2032,1986,0_S
1779264729.226635,2040,2094,0_S
1779264729.229146,2071,2073,0_S
1779264729.2292328,2139,2102,0_S
1779264729.231609,2173,2153,0_S
1779264729.23366,2059,2216,0_S
1779264729.235358,1992,2233,0_S
1779264729.2366688,2062,2065,0_S
1779264729.2393758,2079,1999,0_S
1779264729.240723,2003,1946,0_S
1779264729.2433012,2033,1986,0_S
1779264729.247514,2122,2037,0_S
1779264729.2479548,2160,2051,0_S
1779264729.249449,2080,2012,0_S
1779264729.250865,2033,2046,0_S
1779264729.2537558,2038,1923,0_S
1779264729.2556312,2080,2030,0_S
1779264729.2569861,1988,2150,0_S
1779264729.258278,1965,1976,0_S
1779264729.260906,2051,1936,0_S
1779264729.2634728,2150,2035,0_S
1779264729.264995,2122,1996,0_S
1779264729.26802,2044,2019,0_S
1779264729.269789,2016,2049,0_S
1779264729.272147,2021,2033,0_S
1779264729.272278,2007,1982,0_S
1779264729.275964,1976,2004,0_S
1779264729.277322,2029,2030,0_S
1779264729.278639,2133,2093,0_S
1779264729.281246,2150,2157,0_S
1779264729.282547,2032,1979,0_S
1779264729.285117,2014,1959,0_S
1779264729.290912,2036,2045,0_S
1779264729.292418,2085,2072,0_S
1779264729.292546,2010,1970,0_S
1779264729.293667,2028,2040,0_S
1779264729.296986,2131,2017,0_S
1779264729.297506,2170,2077,0_S
1779264729.298817,2097,2090,0_S
1779264729.301385,2020,2095,0_S
1779264729.302685,2019,2114,0_S
1779264729.305296,2049,2076,0_S
1779264729.306763,1972,2036,0_S
1779264729.309809,1948,2124,0_S
1779264729.314604,2046,2011,0_S
1779264729.31477,2215,2094,0_S
1779264729.314929,2171,2051,0_S
1779264729.31692,2061,2038,0_S
1779264729.3185222,1990,2041,0_S
1779264729.3211288,2059,2097,0_S
1779264729.322432,2048,2065,0_S
1779264729.325005,2065,2013,0_S
1779264729.326308,2043,2046,0_S
1779264729.332952,2164,2014,0_S
1779264729.334018,2150,2075,0_S
1779264729.335365,2111,2086,0_S
1779264729.337643,2081,2046,0_S
1779264729.339917,2063,1896,0_S
1779264729.340041,2040,1958,0_S
1779264729.341383,2003,1899,0_S
1779264729.3427598,2001,1920,0_S
1779264729.344257,2112,2001,0_S
1779264729.346849,2214,2018,0_S
1779264729.351088,2082,2028,0_S
1779264729.352264,2029,1958,0_S
1779264729.357915,2046,1968,0_S
1779264729.358187,2101,1979,0_S
1779264729.359566,2046,1765,0_S
1779264729.3599749,2017,1865,0_S
1779264729.361305,2086,2000,0_S
1779264729.363169,2210,1990,0_S
1779264729.3645482,2179,1953,0_S
1779264729.367101,2087,1963,0_S
1779264729.3685708,2048,1905,0_S
1779264729.3722281,2029,1906,0_S
1779264729.3740082,2037,1930,0_S
1779264729.375534,2001,1942,0_S
1779264729.3782349,2069,1977,0_S
1779264729.380548,2168,1933,0_S
1779264729.380697,2176,2025,0_S
1779264729.3834,2064,2010,0_S
1779264729.3846998,2012,1825,0_S
1779264729.387264,2035,1911,0_S
1779264729.388556,2046,1974,0_S
1779264729.392891,1995,1860,0_S
1779264729.3943942,1991,1823,0_S
1779264729.3988428,2107,1934,0_S
1779264729.399022,2164,1965,0_S
1779264729.400639,2090,1990,0_S
1779264729.400728,2055,1913,0_S
1779264729.403307,2027,1880,0_S
1779264729.404435,2092,1960,0_S
1779264729.407001,2014,1887,0_S
1779264729.408301,2004,1894,0_S
1779264729.41369,2090,1915,0_S
1779264729.414785,2180,1906,0_S
1779264729.414894,2093,1904,0_S
1779264729.417186,2022,1975,0_S
1779264729.419088,2003,1865,0_S
1779264729.4210072,2056,1809,0_S
1779264729.422454,2031,1874,0_S
1779264729.4250638,1984,1883,0_S
1779264729.426363,2021,1961,0_S
1779264729.428948,2157,2018,0_S
1779264729.433171,2192,2169,0_S
1779264729.433836,2059,2077,0_S
1779264729.435293,2016,1860,0_S
1779264729.437611,2089,1867,0_S
1779264729.441495,2040,1957,0_S
1779264729.441532,1968,1828,0_S
1779264729.442867,1982,1802,0_S
1779264729.4442189,2106,1976,0_S
1779264729.4468338,2177,2026,0_S
1779264729.448216,2103,1897,0_S
1779264729.450763,2030,1865,0_S
1779264729.453962,2021,1870,0_S
1779264729.4561589,2078,1944,0_S
1779264729.457349,2010,1951,0_S
1779264729.460298,1985,1847,0_S
1779264729.460373,2085,1885,0_S
1779264729.4630442,2191,1898,0_S
1779264729.464649,2135,1927,0_S
1779264729.4672241,2067,1839,0_S
1779264729.468531,2009,1786,0_S
1779264729.471091,2056,1889,0_S
1779264729.475303,2028,1932,0_S
1779264729.47634,2005,1785,0_S
1779264729.477729,2037,1788,0_S
1779264729.481684,2148,1968,0_S
1779264729.481837,2128,1935,0_S
1779264729.483226,2036,1935,0_S
1779264729.484531,1970,1856,0_S
1779264729.487259,2040,1996,0_S
1779264729.488596,2035,1947,0_S
1779264729.491159,1983,1728,0_S
1779264729.492821,1975,1692,0_S
1779264729.496889,2084,1936,0_S
1779264729.4985669,2163,1928,0_S
1779264729.504256,2086,1871,0_S
1779264729.504299,2042,1889,0_S
1779264729.5043268,2051,1873,0_S
1779264729.504353,2083,1912,0_S
1779264729.507187,1996,1788,0_S
1779264729.508388,1990,1835,0_S
1779264729.510846,2043,2047,0_S
1779264729.512321,2188,2101,0_S
1779264729.51858,2194,2024,0_S
1779264729.5247512,2056,1872,0_S
1779264729.525011,2002,1813,0_S
1779264729.525089,2034,1811,0_S
1779264729.525177,1971,1748,0_S
1779264729.525259,1939,1875,0_S
1779264729.5265632,2037,1918,0_S
1779264729.529043,2164,1977,0_S
1779264729.5305011,2146,1953,0_S
1779264729.53313,2084,1819,0_S
1779264729.5345302,2019,1737,0_S
1779264729.542497,2052,1937,0_S
1779264729.546405,2049,1889,0_S
1779264729.546575,1997,1780,0_S
1779264729.547072,2040,1695,0_S
1779264729.547158,2102,1925,0_S
1779264729.5475671,2199,1977,0_S
1779264729.548907,2073,1858,0_S
1779264729.5503418,2016,1808,0_S
1779264729.552881,1996,1899,0_S
1779264729.5542111,2092,1977,0_S
1779264729.5589812,2030,1783,0_S
1779264729.5593941,2002,1719,0_S
1779264729.560909,2074,1877,0_S
1779264729.5651782,2198,2064,0_S
1779264729.5666602,2113,1881,0_S
1779264729.56723,2025,1782,0_S
1779264729.5685241,2032,1800,0_S
1779264729.57113,2034,1919,0_S
1779264729.5724318,1972,1803,0_S
1779264729.5750148,1954,1738,0_S
1779264729.579948,1994,1772,0_S
1779264729.581368,2114,1918,0_S
1779264729.581474,2157,1834,0_S
1779264729.582974,2080,1858,0_S
1779264729.585554,1998,1838,0_S
1779264729.587389,2034,1754,0_S
1779264729.588702,2051,1806,0_S
1779264729.591258,1984,1813,0_S
1779264729.592557,2026,1914,0_S
1779264729.5951219,2133,1953,0_S
1779264729.599509,2177,2076,0_S
1779264729.5998452,2091,1870,0_S
1779264729.601335,2016,1816,0_S
1779264729.603313,1995,1891,0_S
1779264729.6069,2044,1948,0_S
1779264729.607094,2017,1760,0_S
1779264729.6084008,2029,1777,0_S
1779264729.610995,2099,1929,0_S
1779264729.612441,2199,2095,0_S
1779264729.614888,2184,2049,0_S
1779264729.616235,2040,1987,0_S
1779264729.620338,2035,1976,0_S
1779264729.6207,2111,2010,0_S
1779264729.622574,2042,2008,0_S
1779264729.626546,1987,1893,0_S
1779264729.6266959,2033,1908,0_S
1779264729.628596,2140,1973,0_S
1779264729.631305,2148,2019,0_S
1779264729.6325078,2081,1882,0_S
1779264729.635073,2064,1804,0_S
1779264729.636218,2070,1839,0_S
1779264729.641,2098,1876,0_S
1779264729.642106,1990,1804,0_S
1779264729.6435819,2008,1804,0_S
1779264729.6458938,2092,1949,0_S
1779264729.6495318,2192,2029,0_S
1779264729.64959,2111,1938,0_S
1779264729.650911,2028,1883,0_S
1779264729.652214,2031,1925,0_S
1779264729.65478,2076,1951,0_S
1779264729.656178,2019,1786,0_S
1779264729.6588109,1999,1785,0_S
1779264729.662195,2082,1975,0_S
1779264729.664076,2173,2046,0_S
1779264729.6651552,2144,1951,0_S
1779264729.666495,2071,1856,0_S
1779264729.66834,2018,1792,0_S
1779264729.671037,2058,1908,0_S
1779264729.672348,2056,1866,0_S
1779264729.67491,1972,1787,0_S
1779264729.67623,2055,1922,0_S
1779264729.6787982,2159,2079,0_S
1779264729.6827872,2189,2010,0_S
1779264729.683178,2082,1842,0_S
1779264729.684957,2033,1849,0_S
1779264729.687266,2048,1865,0_S
1779264729.689166,2053,1927,0_S
1779264729.6911879,2002,1868,0_S
1779264729.6924999,2001,1891,0_S
1779264729.695138,2109,2018,0_S
1779264729.6964438,2195,2122,0_S
1779264729.6988642,2125,1997,0_S
1779264729.700225,2030,1946,0_S
1779264729.704362,2027,1963,0_S
1779264729.704787,2073,1978,0_S
1779264729.706254,2023,1909,0_S
1779264729.7102668,1954,1861,0_S
1779264729.710338,2071,2020,0_S
1779264729.713355,2187,2153,0_S
1779264729.714658,2130,1998,0_S
1779264729.717317,2026,1886,0_S
1779264729.718612,1978,1972,0_S
1779264729.721338,2048,1996,0_S
1779264729.7247381,2051,1962,0_S
1779264729.725185,2006,1910,0_S
1779264729.726861,2050,2019,0_S
1779264729.732492,2179,2108,0_S
1779264729.732908,2203,2134,0_S
1779264729.7329988,2136,1983,0_S
1779264729.734325,2029,1943,0_S
1779264729.736893,2090,2032,0_S
1779264729.73824,2109,1984,0_S
1779264729.74075,2024,1911,0_S
1779264729.742235,1992,1921,0_S
1779264729.7472231,2132,2100,0_S
1779264729.748232,2189,2127,0_S
1779264729.748543,2114,1996,0_S
1779264729.751385,2044,1910,0_S
1779264729.753254,2020,1895,0_S
1779264729.754557,2087,1998,0_S
1779264729.757129,2014,1915,0_S
1779264729.7584388,1989,1917,0_S
1779264729.7610261,2050,2084,0_S
1779264729.762336,2169,2180,0_S
1779264729.765725,2157,2082,0_S
1779264729.767819,2042,1954,0_S
1779264729.7715552,2004,1976,0_S
1779264729.77197,2057,2012,0_S
1779264729.773684,2046,1949,0_S
1779264729.7750762,1997,1838,0_S
1779264729.776374,2023,1947,0_S
1779264729.7789462,2168,2161,0_S
1779264729.780253,2143,2184,0_S
1779264729.782827,2074,2016,0_S
1779264729.788814,2030,1946,0_S
1779264729.791255,2045,2014,0_S
1779264729.793115,2063,2021,0_S
1779264729.7932491,1974,1912,0_S
1779264729.7946482,1975,1956,0_S
1779264729.7951071,2077,2113,0_S
1779264729.7966359,2168,2142,0_S
1779264729.798887,2122,2032,0_S
1779264729.8002272,2016,1945,0_S
1779264729.8029802,2010,1975,0_S
1779264729.8083122,2076,2043,0_S
1779264729.8110342,2044,1984,0_S
1779264729.814218,1999,1992,0_S
1779264729.8158998,2079,2096,0_S
1779264729.8159418,2179,2206,0_S
1779264729.816032,2155,2085,0_S
1779264729.8161879,2057,1971,0_S
1779264729.8187551,2008,1957,0_S
1779264729.82109,2053,2029,0_S
1779264729.8223948,2050,2009,0_S
1779264729.827486,1965,1999,0_S
1779264729.829987,2015,2055,0_S
1779264729.830276,2141,2158,0_S
1779264729.834243,2162,2115,0_S
1779264729.834551,2091,2021,0_S
1779264729.834711,2015,1984,0_S
1779264729.836425,2045,2070,0_S
1779264729.839085,2082,2031,0_S
1779264729.840411,2024,1901,0_S
1779264729.8429701,1961,2011,0_S
1779264729.844327,2102,2198,0_S
1779264729.848476,2191,2249,0_S
1779264729.849257,2119,2040,0_S
1779264729.8508081,2017,1964,0_S
1779264729.854902,2002,1918,0_S
1779264729.8566148,2057,2001,0_S
1779264729.856813,1984,1964,0_S
1779264729.85835,1989,1932,0_S
1779264729.86097,2067,2065,0_S
1779264729.862326,2182,2251,0_S
1779264729.864869,2162,2165,0_S
1779264729.868337,2064,2041,0_S
1779264729.86914,2020,2058,0_S
1779264729.875465,2074,2089,0_S
1779264729.875713,2080,2025,0_S
1779264729.8759449,2004,2004,0_S
1779264729.8784509,2039,2099,0_S
1779264729.8785331,2117,2184,0_S
1779264729.902509,2198,2111,0_S
1779264729.9037309,2068,1967,0_S
1779264729.9037702,2007,1942,0_S
1779264729.903798,2020,2056,0_S
1779264729.9038248,2041,2102,0_S
1779264729.903851,1979,2013,0_S
1779264729.903876,1997,2004,0_S
1779264729.903902,2112,2151,0_S
1779264729.903927,2167,2203,0_S
1779264729.903952,2094,2053,0_S
1779264729.903977,2020,2027,0_S
1779264729.904002,2034,2039,0_S
1779264729.906448,2103,2055,0_S
1779264729.906485,2029,2023,0_S
1779264729.927357,1995,2031,0_S
1779264729.927451,2086,2117,0_S
1779264729.9274828,2190,2233,0_S
1779264729.92764,2168,2128,0_S
1779264729.92767,2093,2058,0_S
1779264729.927696,2010,1972,0_S
1779264729.927722,2083,2053,0_S
1779264729.927747,2042,2037,0_S
1779264729.9277718,1969,1978,0_S
1779264729.927797,2029,2115,0_S
1779264729.940873,2136,2170,0_S
1779264729.941111,2193,2198,0_S
1779264729.9412742,2113,2076,0_S
1779264729.9414341,1980,2057,0_S
1779264729.942847,2046,2046,0_S
1779264729.9433322,2045,2056,0_S
1779264729.943418,1998,1990,0_S
1779264729.943533,2018,2006,0_S
1779264729.944842,2085,2166,0_S
1779264729.946629,2160,2270,0_S
1779264729.9538088,2116,2083,0_S
1779264729.9540238,2048,1905,0_S
1779264729.958117,2046,2043,0_S
1779264729.95825,2076,2113,0_S
1779264729.958606,2045,1942,0_S
1779264729.960384,1989,1962,0_S
1779264729.960608,2058,2073,0_S
1779264729.963285,2190,2111,0_S
1779264729.964604,2172,2183,0_S
1779264729.967188,2003,2083,0_S
1779264729.96848,1987,1992,0_S
1779264729.972268,2047,2109,0_S
1779264729.974587,2034,1973,0_S
1779264729.974745,1976,1967,0_S
1779264729.978712,2005,2048,0_S
1779264729.9789262,2111,2168,0_S
1779264729.980881,2171,2201,0_S
1779264729.9822268,2098,2049,0_S
1779264729.98479,2032,1951,0_S
1779264729.986281,2046,2002,0_S
1779264729.988876,2082,2105,0_S
1779264729.993429,2008,2085,0_S
1779264729.995557,2029,1957,0_S
1779264729.998231,2077,2144,0_S
1779264730.0001621,2122,2224,0_S
1779264730.000395,2043,2189,0_S
1779264730.0005078,2045,2061,0_S
1779264730.003327,2062,1945,0_S
1779264730.004624,2107,2076,0_S
1779264730.007191,2014,2114,0_S
1779264730.008503,1991,2029,0_S
1779264730.014167,2080,2207,0_S
1779264730.014613,2205,2335,0_S
1779264730.014743,2205,2172,0_S
1779264730.016403,2092,2028,0_S
1779264730.018591,1999,2038,0_S
1779264730.0203469,2040,2140,0_S
1779264730.023029,2008,2111,0_S
1779264730.024331,1955,1893,0_S
1779264730.026987,1998,1989,0_S
1779264730.028362,2123,2154,0_S
1779264730.030725,2165,2196,0_S
1779264730.0344949,2104,1954,0_S
1779264730.0363772,2008,2057,0_S
1779264730.0374799,2006,2073,0_S
1779264730.0405009,2075,2103,0_S
1779264730.040747,1968,1950,0_S
1779264730.042552,1949,1948,0_S
1779264730.04508,2078,2181,0_S
1779264730.0463948,2155,2258,0_S
1779264730.048969,2117,2129,0_S
1779264730.050286,2043,2011,0_S
1779264730.0569012,2045,1959,0_S
1779264730.057049,2106,1977,0_S
1779264730.058295,2090,1952,0_S
1779264730.0584362,1968,2101,0_S
1779264730.061305,2076,2085,0_S
1779264730.063262,2178,2225,0_S
1779264730.0646589,2197,2194,0_S
1779264730.067229,2084,2066,0_S
1779264730.0686772,2008,2019,0_S
1779264730.0712519,2047,2101,0_S
1779264730.0726788,2047,2085,0_S
1779264730.075875,1952,1999,0_S
1779264730.078086,1987,2071,0_S
1779264730.079499,2097,2209,0_S
1779264730.0820212,2164,2236,0_S
1779264730.083492,2103,2061,0_S
1779264730.0847979,2009,2007,0_S
1779264730.086242,2056,2022,0_S
1779264730.0888908,2038,2058,0_S
1779264730.090199,1976,2073,0_S
1779264730.093011,2018,2108,0_S
1779264730.096158,2116,2305,0_S
1779264730.0982149,2200,2226,0_S
1779264730.098447,2077,2082,0_S
1779264730.102258,1943,2064,0_S
1779264730.102356,1944,1954,0_S
1779264730.105022,1913,2129,0_S
1779264730.106394,1947,2086,0_S
1779264730.1089652,2015,2039,0_S
1779264730.1102662,2106,2102,0_S
1779264730.1127648,2203,2274,0_S
1779264730.117205,2211,2220,0_S
1779264730.117623,2178,2039,0_S
1779264730.119272,2034,2069,0_S
1779264730.123133,2036,2119,0_S
1779264730.12349,2133,2050,0_S
1779264730.125352,2070,2136,0_S
1779264730.1268759,1917,2145,0_S
1779264730.128263,2030,2298,0_S
1779264730.130888,2160,2278,0_S
1779264730.132221,2060,2148,0_S
1779264730.1381838,2058,2002,0_S
1779264730.138247,2210,2280,0_S
1779264730.138871,2207,2273,0_S
1779264730.140369,2086,2031,0_S
1779264730.142623,2061,2168,0_S
1779264730.144346,2106,2296,0_S
1779264730.147174,2162,2380,0_S
1779264730.148479,2127,2320,0_S
1779264730.151029,1995,2163,0_S
1779264730.152317,1965,2216,0_S
1779264730.155112,1940,2346,0_S
1779264730.15805,1812,2269,0_S
1779264730.159253,1526,2271,0_S
1779264730.162704,1758,2326,0_S
1779264730.164541,2213,2318,0_S
1779264730.164685,2331,2590,0_S
1779264730.166461,2111,2397,0_S
1779264730.1689138,2102,2313,0_S
1779264730.170277,2193,2512,0_S
1779264730.172908,2179,2555,0_S
1779264730.174214,2052,2365,0_S
1779264730.1796532,2071,2616,0_S
1779264730.181282,1983,2571,0_S
1779264730.181524,1898,2545,0_S
1779264730.1853921,1897,2452,0_S
1779264730.185743,2030,2501,0_S
1779264730.187506,2202,2448,0_S
1779264730.188861,2168,2603,0_S
1779264730.190173,2046,2475,0_S
1779264730.1927722,2137,2519,0_S
1779264730.194172,2181,2591,0_S
1779264730.199577,2349,2688,0_S
1779264730.201667,2346,2365,0_S
1779264730.201812,2164,2442,0_S
1779264730.205718,1969,2291,0_S
1779264730.2060852,2006,2302,0_S
1779264730.207767,2057,2344,0_S
1779264730.209065,2013,2498,0_S
1779264730.210353,1974,2348,0_S
1779264730.213017,1899,2515,0_S
1779264730.214325,1835,2395,0_S
1779264730.216906,1822,2314,0_S
1779264730.219871,1712,1897,0_S
1779264730.2220109,1628,2466,0_S
1779264730.224443,2031,2403,0_S
1779264730.2263622,2333,2145,0_S
1779264730.226496,2331,2206,0_S
1779264730.229281,2095,2140,0_S
1779264730.230779,2165,2409,0_S
1779264730.2321658,2482,2339,0_S
1779264730.234638,2274,2095,0_S
1779264730.237202,2013,1903,0_S
1779264730.241032,2157,2101,0_S
1779264730.241136,2265,2365,0_S
1779264730.2431948,1573,2211,0_S
1779264730.247065,1266,2317,0_S
1779264730.247231,2166,2112,0_S
1779264730.2490299,2622,2394,0_S
1779264730.2503521,2302,2156,0_S
1779264730.252901,1837,2202,0_S
1779264730.254292,1932,2281,0_S
1779264730.2568781,2046,2205,0_S
1779264730.258195,1359,2025,0_S
1779264730.261373,2077,2497,0_S
1779264730.26638,2857,2717,0_S
1779264730.2664802,2729,2458,0_S
1779264730.268331,2250,2424,0_S
1779264730.268623,2027,2179,0_S
1779264730.27031,1965,2211,0_S
1779264730.2729301,2045,2162,0_S
1779264730.274255,2143,2375,0_S
1779264730.2768252,2148,2224,0_S
1779264730.278133,1920,2352,0_S
1779264730.2828422,1655,2230,0_S
1779264730.282966,1532,2158,0_S
1779264730.28458,1726,2248,0_S
1779264730.288878,2092,2212,0_S
1779264730.290765,2222,2289,0_S
1779264730.290925,2215,2334,0_S
1779264730.292286,2219,2285,0_S
1779264730.29492,2296,2243,0_S
1779264730.296243,2199,2405,0_S
1779264730.298816,2235,2176,0_S
1779264730.309068,2135,2210,0_S
1779264730.309382,1920,2245,0_S
1779264730.309508,1862,2259,0_S
1779264730.310873,1887,2166,0_S
1779264730.311309,1846,2415,0_S
1779264730.3113458,1889,2433,0_S
1779264730.313205,1891,2439,0_S
1779264730.31462,1470,2579,0_S
1779264730.317143,1760,2545,0_S
1779264730.3184462,2157,2528,0_S
1779264730.3243039,2240,2616,0_S
1779264730.3249888,2218,2741,0_S
1779264730.32689,2012,2952,0_S
1779264730.3274848,2079,3052,0_S
1779264730.332054,2374,3220,0_S
1779264730.332169,2437,3092,0_S
1779264730.3322399,2287,3037,0_S
1779264730.334719,2116,3012,0_S
1779264730.3374012,1913,3236,0_S
1779264730.338706,1857,3469,0_S
1779264730.3400671,1846,3590,0_S
1779264730.345967,1929,3796,0_S
1779264730.348573,2048,3825,0_S
1779264730.3516002,2141,3853,0_S
1779264730.3518,2127,3847,0_S
1779264730.352007,2031,3920,0_S
1779264730.353652,1978,4022,0_S
1779264730.355102,1960,4095,0_S
1779264730.3564239,1883,4095,0_S
1779264730.358994,1873,4095,0_S
1779264730.360297,2004,4095,0_S
1779264730.3673,2166,4049,0_S
1779264730.3675032,2209,3994,0_S
1779264730.368536,2066,3981,0_S
1779264730.368652,1972,3899,0_S
1779264730.3723378,1965,3995,0_S
1779264730.3742359,1962,3853,0_S
1779264730.374348,1910,3830,0_S
1779264730.376917,1982,3661,0_S
1779264730.378325,2116,3564,0_S
1779264730.3810089,2223,3279,0_S
1779264730.382305,2061,3040,0_S
1779264730.386718,2010,2881,0_S
1779264730.388444,2024,2996,0_S
1779264730.389815,2064,2956,0_S
1779264730.3929899,1974,2842,0_S
1779264730.3932512,1983,2739,0_S
1779264730.3949518,2048,2511,0_S
1779264730.396738,2149,2372,0_S
1779264730.398365,2088,2339,0_S
1779264730.400913,1992,2343,0_S
1779264730.4022179,1937,2057,0_S
1779264730.407522,2042,2247,0_S
1779264730.4079602,2014,2610,0_S
1779264730.409143,2007,2422,0_S
1779264730.413463,2130,2478,0_S
1779264730.413703,2352,2328,0_S
1779264730.415186,2306,1931,0_S
1779264730.416503,2182,2059,0_S
1779264730.418918,2131,2314,0_S
1779264730.420275,2018,1967,0_S
1779264730.422675,2029,1730,0_S
1779264730.4240792,1977,2400,0_S
1779264730.427207,2000,2345,0_S
1779264730.429268,2229,2081,0_S
1779264730.431944,2121,1946,0_S
1779264730.433745,1894,2122,0_S
1779264730.4356108,1998,2651,0_S
1779264730.436909,2127,2296,0_S
1779264730.4382021,2042,2151,0_S
1779264730.440823,1970,2090,0_S
1779264730.4421499,1979,2116,0_S
1779264730.44771,2120,2058,0_S
1779264730.448392,2283,1871,0_S
1779264730.450482,2240,1720,0_S
1779264730.450624,1972,1913,0_S
1779264730.452702,1872,2174,0_S
1779264730.454525,2005,1933,0_S
1779264730.4563751,2182,1886,0_S
1779264730.458949,2052,2199,0_S
1779264730.4602492,1964,2035,0_S
1779264730.4628649,2119,2040,0_S
1779264730.464177,2100,1968,0_S
1779264730.468342,2083,1856,0_S
1779264730.4691079,2018,2275,0_S
1779264730.47077,2040,2151,0_S
1779264730.473013,2125,1767,0_S
1779264730.474925,1993,1821,0_S
1779264730.4768069,1997,1969,0_S
1779264730.478107,2038,1890,0_S
1779264730.480633,2150,1828,0_S
1779264730.483252,2086,1933,0_S
1779264730.484554,2036,1906,0_S
1779264730.488786,2052,1870,0_S
1779264730.48988,2059,1788,0_S
1779264730.49247,1973,1804,0_S
1779264730.492617,1904,1927,0_S
1779264730.495509,1977,1944,0_S
1779264730.4973361,2114,1891,0_S
1779264730.498647,2110,1884,0_S
1779264730.501068,2024,1881,0_S
1779264730.50237,1988,1840,0_S
1779264730.5049798,2041,1830,0_S
1779264730.50645,1977,1765,0_S
1779264730.509395,1927,1852,0_S
1779264730.51425,2030,1862,0_S
1779264730.514348,2141,1862,0_S
1779264730.516147,2162,1867,0_S
1779264730.516248,2061,1831,0_S
1779264730.518833,2019,1875,0_S
1779264730.520138,2061,1808,0_S
1779264730.5227451,2080,1842,0_S
1779264730.524127,1983,1876,0_S
1779264730.526774,1979,1820,0_S
1779264730.532715,2120,1715,0_S
1779264730.5328698,2153,1750,0_S
1779264730.532966,2103,1884,0_S
1779264730.5369768,2035,1802,0_S
1779264730.537179,2063,1632,0_S
1779264730.5389109,2093,1779,0_S
1779264730.540218,1984,1780,0_S
1779264730.542803,1983,1791,0_S
1779264730.545195,2086,1788,0_S
1779264730.5465238,2210,1770,0_S
1779264730.5507672,2158,1821,0_S
1779264730.551219,2076,1814,0_S
1779264730.5527732,2031,1868,0_S
1779264730.55499,2094,1948,0_S
1779264730.557145,2075,1816,0_S
1779264730.558861,2033,1853,0_S
1779264730.560172,2060,1790,0_S
1779264730.5630069,2173,1759,0_S
1779264730.564362,2194,1804,0_S
1779264730.567064,2119,1885,0_S
1779264730.568417,2026,1843,0_S
1779264730.5717492,2050,1845,0_S
1779264730.573677,2044,1902,0_S
1779264730.575916,1986,1928,0_S
1779264730.577764,2022,1865,0_S
1779264730.579922,2093,1845,0_S
1779264730.5801148,2171,1779,0_S
1779264730.582707,2105,1930,0_S
1779264730.584055,2049,2017,0_S
1779264730.5866282,2035,2005,0_S
1779264730.5927858,2087,1879,0_S
1779264730.594686,2019,1906,0_S
1779264730.598973,1974,1903,0_S
1779264730.5991218,2059,1865,0_S
1779264730.599442,2181,1862,0_S
1779264730.601158,2145,1976,0_S
1779264730.6011908,2044,1919,0_S
1779264730.6025212,2040,1973,0_S
1779264730.6051059,2051,1906,0_S
1779264730.606417,2019,1991,0_S
1779264730.609,2014,1963,0_S
1779264730.615094,2053,1907,0_S
1779264730.6154082,2153,1838,0_S
1779264730.618438,2180,1921,0_S
1779264730.6185758,2097,1965,0_S
1779264730.6188412,2003,1986,0_S
1779264730.6204329,2047,1970,0_S
1779264730.623049,2079,2001,0_S
1779264730.624375,2017,2060,0_S
1779264730.6269639,1999,1939,0_S
1779264730.628257,2110,1921,0_S
1779264730.63416,2197,1979,0_S
1779264730.634465,2108,2021,0_S
1779264730.635765,2027,1977,0_S
1779264730.640308,2029,2040,0_S
1779264730.64169,2090,1941,0_S
1779264730.642281,2020,1961,0_S
1779264730.6424131,2003,2002,0_S
1779264730.645319,2080,2001,0_S
1779264730.646634,2174,1957,0_S
1779264730.648063,2154,2041,0_S
1779264730.650629,2057,2024,0_S
1779264730.6573389,2018,2009,0_S
1779264730.660481,2083,1936,0_S
1779264730.660794,2063,1974,0_S
1779264730.66096,1984,1992,0_S
1779264730.663014,2056,1956,0_S
1779264730.663306,2134,1834,0_S
1779264730.6648262,2172,1864,0_S
1779264730.6661701,2088,1895,0_S
1779264730.66874,2017,1990,0_S
1779264730.670103,2034,1973,0_S
1779264730.675366,2060,1929,0_S
1779264730.675786,2013,1929,0_S
1779264730.677393,2012,1951,0_S
1779264730.681522,2114,1939,0_S
1779264730.681762,2203,1973,0_S
1779264730.683462,2124,1951,0_S
1779264730.684753,2044,1981,0_S
1779264730.686094,2019,1903,0_S
1779264730.688666,2042,1919,0_S
1779264730.690086,2023,1920,0_S
1779264730.697647,1989,1952,0_S
1779264730.6993191,2072,1937,0_S
1779264730.700344,2175,1920,0_S
1779264730.7004302,2137,1963,0_S
1779264730.700552,2067,1953,0_S
1779264730.702382,2031,1922,0_S
1779264730.705127,2073,1902,0_S
1779264730.706484,2039,1960,0_S
1779264730.709273,1977,1962,0_S
1779264730.710638,2046,1956,0_S
1779264730.7121952,2143,1982,0_S
1779264730.716382,2182,2059,0_S
1779264730.7181718,2110,1992,0_S
1779264730.7183082,2032,1969,0_S
1779264730.722443,2070,1946,0_S
1779264730.722523,2105,2018,0_S
1779264730.725201,2006,2034,0_S
1779264730.7264938,2021,1963,0_S
1779264730.72908,2133,1959,0_S
1779264730.7303739,2227,1899,0_S
1779264730.7331479,2121,1952,0_S
1779264730.7357628,2029,2023,0_S
1779264730.737945,2055,2051,0_S
1779264730.739018,2087,2087,0_S
1779264730.742333,2054,2081,0_S
1779264730.742532,2020,2059,0_S
1779264730.745253,2048,2004,0_S
1779264730.746592,2185,1945,0_S
1779264730.7492118,2167,2077,0_S
1779264730.7505221,2072,2029,0_S
1779264730.75312,2035,2008,0_S
1779264730.759354,2064,1989,0_S
1779264730.764313,2057,2040,0_S
1779264730.766319,1985,1912,0_S
1779264730.7664158,2051,1954,0_S
1779264730.766515,2152,2011,0_S
1779264730.766586,2178,2015,0_S
1779264730.76667,2100,2033,0_S
1779264730.768066,1998,2022,0_S
1779264730.770741,2051,2071,0_S
1779264730.772106,2083,2021,0_S
1779264730.777954,2016,1965,0_S
1779264730.78075,1999,1982,0_S
1779264730.7852302,2105,2029,0_S
1779264730.785502,2193,2108,0_S
1779264730.7873,2134,2090,0_S
1779264730.78739,2084,1999,0_S
1779264730.7875588,2037,1960,0_S
1779264730.7889879,2081,1979,0_S
1779264730.790535,2033,2069,0_S
1779264730.793139,1980,2000,0_S
1779264730.794574,2069,2017,0_S
1779264730.798542,2195,2064,0_S
1779264730.801433,2116,2073,0_S
1779264730.8056011,2026,1970,0_S
1779264730.8078542,2024,1973,0_S
1779264730.807892,2060,2056,0_S
1779264730.80797,2066,2149,0_S
1779264730.808077,2021,2035,0_S
1779264730.810722,2052,1955,0_S
1779264730.813426,2153,1910,0_S
1779264730.814753,2192,1967,0_S
1779264730.8264031,2137,2002,0_S
1779264730.828141,2020,2035,0_S
1779264730.828226,2059,2078,0_S
1779264730.828296,2075,2078,0_S
1779264730.828392,2016,2050,0_S
1779264730.828506,2004,1976,0_S
1779264730.8286002,2103,2034,0_S
1779264730.831203,2198,2055,0_S
1779264730.832597,2160,2094,0_S
1779264730.835202,2029,1998,0_S
1779264730.846483,2017,1994,0_S
1779264730.8484821,2050,2024,0_S
1779264730.8485272,2005,2097,0_S
1779264730.848555,1986,2072,0_S
1779264730.848586,2051,2040,0_S
1779264730.848628,2175,2058,0_S
1779264730.848656,2142,2079,0_S
1779264730.850087,2047,2045,0_S
1779264730.852731,2013,2039,0_S
1779264730.854105,2082,1956,0_S
1779264730.8567302,2067,2065,0_S
1779264730.86049,1959,2064,0_S
1779264730.863214,2017,2034,0_S
1779264730.866027,2160,1992,0_S
1779264730.868341,2189,2080,0_S
1779264730.868725,2083,2169,0_S
1779264730.869247,2012,2180,0_S
1779264730.871066,2035,2062,0_S
1779264730.8724532,2051,1981,0_S
1779264730.875168,1990,2048,0_S
1779264730.8765619,2005,2035,0_S
1779264730.884985,2089,2045,0_S
1779264730.8879821,2177,1998,0_S
1779264730.888443,2113,2007,0_S
1779264730.8890398,2034,1941,0_S
1779264730.891105,2030,2024,0_S
1779264730.8913238,2091,2023,0_S
1779264730.8914812,2039,2030,0_S
1779264730.89266,2007,1977,0_S
1779264730.89407,2046,2060,0_S
1779264730.896835,2181,2098,0_S
1779264730.898794,2128,1949,0_S
1779264730.9061718,2051,2005,0_S
1779264730.910503,1986,1992,0_S
1779264730.910677,2031,1947,0_S
1779264730.9108338,2061,2024,0_S
1779264730.910908,2002,2140,0_S
1779264730.91094,2040,2080,0_S
1779264730.9123409,2157,2027,0_S
1779264730.915033,2218,1950,0_S
1779264730.916414,2136,2073,0_S
1779264730.9234612,2034,2100,0_S
1779264730.926023,2043,2083,0_S
1779264730.9264572,2057,2175,0_S
1779264730.929873,1988,2106,0_S
1779264730.9325812,1986,2043,0_S
1779264730.932671,2080,1968,0_S
1779264730.932748,2170,2049,0_S
1779264730.93282,2096,2008,0_S
1779264730.9341471,2059,2133,0_S
1779264730.936765,2069,2127,0_S
1779264730.9391942,2073,2012,0_S
1779264730.946698,2033,2002,0_S
1779264730.9481,1979,1953,0_S
1779264730.950357,2059,1979,0_S
1779264730.9507751,2149,2048,0_S
1779264730.952618,2127,1976,0_S
1779264730.952713,2034,2094,0_S
1779264730.9527922,1992,2084,0_S
1779264730.954168,2041,1980,0_S
1779264730.956855,2015,2135,0_S
1779264730.95819,1991,2079,0_S
1779264730.964818,1996,2068,0_S
1779264730.9660401,2110,2200,0_S
1779264730.9662762,2179,2132,0_S
1779264730.967322,2096,2083,0_S
1779264730.970829,2009,1979,0_S
1779264730.971102,2028,2044,0_S
1779264730.97372,2060,1991,0_S
1779264730.9750452,2007,2049,0_S
1779264730.976375,2029,2025,0_S
1779264730.97898,2116,2085,0_S
1779264730.9803069,2207,2076,0_S
1779264730.984438,2157,2052,0_S
1779264730.985039,2068,2153,0_S
1779264730.9875782,2001,2060,0_S
1779264730.9904482,2057,2114,0_S
1779264730.990765,2017,2087,0_S
1779264730.9925199,1961,2011,0_S
1779264730.995203,2039,2170,0_S
1779264730.9966311,2189,2136,0_S
1779264730.999216,2133,2128,0_S
1779264731.000509,2062,2090,0_S
1779264731.0046499,2034,2121,0_S
1779264731.006471,2074,2171,0_S
1779264731.0077481,2040,2093,0_S
1779264731.011931,1943,2045,0_S
1779264731.012409,2018,2121,0_S
1779264731.0141098,2200,2115,0_S
1779264731.0145311,2186,2154,0_S
1779264731.0171,2096,2140,0_S
1779264731.0185988,2044,2112,0_S
1779264731.0200691,2069,2003,0_S
1779264731.0227861,2145,2084,0_S
1779264731.028058,2078,2007,0_S
1779264731.030557,2062,2011,0_S
1779264731.032467,2106,1993,0_S
1779264731.0328891,2167,1987,0_S
1779264731.034343,2074,2023,0_S
1779264731.034833,2025,2003,0_S
1779264731.0361369,1954,2107,0_S
1779264731.038932,2022,2045,0_S
1779264731.0402648,1994,2076,0_S
1779264731.0428338,1980,1918,0_S
1779264731.049887,2026,1894,0_S
1779264731.0530932,2139,1992,0_S
1779264731.053319,2131,2064,0_S
1779264731.055017,2078,2039,0_S
1779264731.0558999,2052,1999,0_S
1779264731.056006,2104,2002,0_S
1779264731.056119,2059,1921,0_S
1779264731.05878,1966,1913,0_S
1779264731.060054,2007,1950,0_S
1779264731.062606,2165,1959,0_S
1779264731.067969,2101,1916,0_S
1779264731.0703292,1999,1925,0_S
1779264731.070591,1992,2088,0_S
1779264731.070951,2016,2085,0_S
1779264731.073652,2032,1910,0_S
1779264731.078096,1986,1795,0_S
1779264731.0782368,1971,1791,0_S
1779264731.078376,2049,2101,0_S
1779264731.080961,2177,2104,0_S
1779264731.082335,2148,1885,0_S
1779264731.087706,2066,1916,0_S
1779264731.088174,2036,2027,0_S
1779264731.090303,2059,2032,0_S
1779264731.092375,2023,1908,0_S
1779264731.0952818,1962,1871,0_S
1779264731.095881,2056,1808,0_S
1779264731.097899,2185,1904,0_S
1779264731.099356,2148,1896,0_S
1779264731.100781,2067,1790,0_S
1779264731.102165,1999,1801,0_S
1779264731.1081998,2028,1729,0_S
1779264731.112156,2035,1754,0_S
1779264731.1135712,1960,1627,0_S
1779264731.115721,2009,1645,0_S
1779264731.117644,2109,1792,0_S
1779264731.1177359,2117,1801,0_S
1779264731.117805,2061,1784,0_S
1779264731.11918,2028,1837,0_S
1779264731.120588,2032,1754,0_S
1779264731.122112,2021,1616,0_S
1779264731.124779,1923,1626,0_S
1779264731.1366432,1969,1597,0_S
1779264731.137132,2084,1720,0_S
1779264731.137334,2186,1845,0_S
1779264731.137407,2113,1765,0_S
1779264731.1374772,2028,1704,0_S
1779264731.137543,2006,1712,0_S
1779264731.1390789,2082,1765,0_S
1779264731.1405098,2039,1695,0_S
1779264731.143083,1982,1606,0_S
1779264731.1444852,2028,1711,0_S
1779264731.150984,2181,1862,0_S
1779264731.151118,2156,1759,0_S
1779264731.153402,2030,1758,0_S
1779264731.158377,2006,1767,0_S
1779264731.158466,2074,1713,0_S
1779264731.158533,2047,1622,0_S
1779264731.158599,2015,1581,0_S
1779264731.160074,2024,1639,0_S
1779264731.1628642,2133,1721,0_S
1779264731.164282,2199,1788,0_S
1779264731.171699,2106,1718,0_S
1779264731.173849,1997,1645,0_S
1779264731.1782641,2005,1677,0_S
1779264731.180707,2041,1689,0_S
1779264731.1808262,1979,1633,0_S
1779264731.180902,1972,1688,0_S
1779264731.181037,2075,1761,0_S
1779264731.181111,2164,1851,0_S
1779264731.182473,2114,1692,0_S
1779264731.185187,2036,1660,0_S
1779264731.1862762,2032,1668,0_S
1779264731.194418,2041,1651,0_S
1779264731.198077,2012,1561,0_S
1779264731.200449,2006,1512,0_S
1779264731.2005398,2027,1571,0_S
1779264731.200573,2159,1712,0_S
1779264731.200601,2173,1719,0_S
1779264731.2006452,2058,1608,0_S
1779264731.202083,2009,1530,0_S
1779264731.204903,2028,1650,0_S
1779264731.206283,2031,1606,0_S
1779264731.215497,2001,1511,0_S
1779264731.2176619,2035,1628,0_S
1779264731.2180228,2101,1688,0_S
1779264731.218466,2185,1699,0_S
1779264731.220243,2099,1705,0_S
1779264731.2202811,2030,1739,0_S
1779264731.22031,2026,1738,0_S
1779264731.223092,2083,1657,0_S
1779264731.224397,1982,1580,0_S
1779264731.2269819,1968,1668,0_S
1779264731.2317178,2102,1829,0_S
1779264731.235177,2168,1901,0_S
1779264731.2404811,2108,1749,0_S
1779264731.240596,2040,1676,0_S
1779264731.2407491,2011,1758,0_S
1779264731.240872,2057,1790,0_S
1779264731.240949,2033,1704,0_S
1779264731.2422972,1988,1733,0_S
1779264731.245119,2051,1760,0_S
1779264731.2464519,2157,1895,0_S
1779264731.2494478,2139,1889,0_S
1779264731.255064,2051,1831,0_S
1779264731.256959,2008,1785,0_S
1779264731.261765,2046,1813,0_S
1779264731.2619169,2043,1806,0_S
1779264731.262107,1991,1748,0_S
1779264731.262229,2018,1850,0_S
1779264731.2623339,2134,1994,0_S
1779264731.265019,2197,1983,0_S
1779264731.266418,2124,1865,0_S
1779264731.269061,2022,1841,0_S
1779264731.2754822,2006,1839,0_S
1779264731.277013,2096,1809,0_S
1779264731.280158,1995,1740,0_S
1779264731.280673,2005,1816,0_S
1779264731.281106,2079,1887,0_S
1779264731.281464,2170,2007,0_S
1779264731.28305,2103,1910,0_S
1779264731.284383,2055,1800,0_S
1779264731.286947,2036,1796,0_S
1779264731.288349,2062,1874,0_S
1779264731.294105,2020,1853,0_S
1779264731.294228,1962,1832,0_S
1779264731.297129,2038,1860,0_S
1779264731.300931,2158,2008,0_S
1779264731.3029141,2180,2020,0_S
1779264731.303081,2053,1862,0_S
1779264731.3032131,1992,1825,0_S
1779264731.304605,2051,1889,0_S
1779264731.30729,2066,1889,0_S
1779264731.308661,1998,1828,0_S
1779264731.31007,1988,1867,0_S
1779264731.3176188,2138,1942,0_S
1779264731.319136,2187,2002,0_S
1779264731.321373,2099,1889,0_S
1779264731.321706,2032,1883,0_S
1779264731.323859,2015,1871,0_S
1779264731.324028,2043,1907,0_S
1779264731.3241038,1996,1844,0_S
1779264731.326725,1997,1883,0_S
1779264731.328081,2061,2030,0_S
1779264731.330795,2165,2157,0_S
1779264731.336948,2126,1992,0_S
1779264731.337188,2035,1872,0_S
1779264731.341557,2021,1907,0_S
1779264731.343559,2072,1917,0_S
1779264731.343644,2019,1888,0_S
1779264731.343723,2001,1896,0_S
1779264731.3451252,2036,1940,0_S
1779264731.346598,2157,2042,0_S
1779264731.349308,2163,2021,0_S
1779264731.35067,2088,1976,0_S
1779264731.3520808,1995,1948,0_S
1779264731.386194,2052,2045,0_S
1779264731.386337,2082,2057,0_S
1779264731.386465,1995,1843,0_S
1779264731.3865101,2013,1945,0_S
1779264731.3865411,2127,2033,0_S
1779264731.386569,2205,2181,0_S
1779264731.3865962,2057,1986,0_S
1779264731.386623,2016,1857,0_S
1779264731.3866491,2035,1925,0_S
1779264731.3867059,2057,1994,0_S
1779264731.386797,2003,1873,0_S
1779264731.386861,1991,1913,0_S
1779264731.386922,2072,2058,0_S
1779264731.386981,2165,2201,0_S
1779264731.387041,2114,2068,0_S
1779264731.3870988,2040,1907,0_S
1779264731.387159,1988,1837,0_S
1779264731.388524,2083,1878,0_S
1779264731.39027,2040,1876,0_S
1779264731.393007,2001,1855,0_S
1779264731.394612,2035,1995,0_S
1779264731.398241,2150,2103,0_S
1779264731.398358,2168,2125,0_S
1779264731.4045289,2088,2025,0_S
1779264731.4051158,2011,1955,0_S
1779264731.407156,2043,1994,0_S
1779264731.4072561,2050,2046,0_S
1779264731.408603,1995,1896,0_S
1779264731.411252,2036,1956,0_S
1779264731.412663,2109,2071,0_S
1779264731.4140642,2174,2146,0_S
1779264731.420793,2154,2051,0_S
1779264731.422307,1998,1972,0_S
1779264731.427271,2028,1990,0_S
1779264731.4273129,2069,1980,0_S
1779264731.427379,1986,1995,0_S
1779264731.4274728,1957,2041,0_S
1779264731.4289541,2046,2047,0_S
1779264731.43036,2174,2157,0_S
1779264731.43314,2135,2054,0_S
1779264731.434602,2062,1874,0_S
1779264731.441617,1998,1918,0_S
1779264731.443275,2079,2070,0_S
1779264731.4443939,2023,2004,0_S
1779264731.446303,1966,2063,0_S
1779264731.4484658,2062,2034,0_S
1779264731.448591,2163,2129,0_S
1779264731.4486651,2166,2140,0_S
1779264731.450065,2073,2043,0_S
1779264731.452657,2024,1999,0_S
1779264731.454068,2050,2008,0_S
1779264731.460553,2044,2097,0_S
1779264731.4609768,1978,1938,0_S
1779264731.4627478,2007,1992,0_S
1779264731.4628868,2108,2156,0_S
1779264731.4656231,2185,2260,0_S
1779264731.467525,2078,2071,0_S
1779264731.469404,2015,1969,0_S
1779264731.4707232,2040,2000,0_S
1779264731.4721,2066,2023,0_S
1779264731.474787,2003,1933,0_S
1779264731.4761732,2012,1988,0_S
1779264731.4809191,2104,2123,0_S
1779264731.481032,2169,2218,0_S
1779264731.482552,2138,2121,0_S
1779264731.4846778,2044,2054,0_S
1779264731.486331,2029,1934,0_S
1779264731.4889972,2055,1976,0_S
1779264731.490147,2017,2059,0_S
1779264731.492714,1987,2011,0_S
1779264731.494076,2002,2014,0_S
1779264731.496642,2132,2147,0_S
1779264731.501386,2155,2074,0_S
1779264731.502101,2078,1931,0_S
1779264731.503635,2016,1915,0_S
1779264731.507686,2079,1997,0_S
1779264731.507808,2067,2016,0_S
1779264731.509414,1990,2000,0_S
1779264731.510782,2022,2060,0_S
1779264731.512094,2130,2222,0_S
1779264731.5147572,2201,2190,0_S
1779264731.516106,2092,2075,0_S
1779264731.518676,2032,2004,0_S
1779264731.521431,2004,1995,0_S
1779264731.524203,2085,2108,0_S
1779264731.5255558,2031,1990,0_S
1779264731.528495,1985,1897,0_S
1779264731.528661,2095,2091,0_S
1779264731.530474,2185,2274,0_S
1779264731.533016,2152,2153,0_S
1779264731.534282,2017,2003,0_S
1779264731.536912,1978,2048,0_S
1779264731.538254,2054,2059,0_S
1779264731.5438678,2036,1982,0_S
1779264731.5454662,1986,1910,0_S
1779264731.546607,2028,1985,0_S
1779264731.547083,2154,2214,0_S
1779264731.549543,2182,2161,0_S
1779264731.551075,2083,1947,0_S
1779264731.552379,2016,1937,0_S
1779264731.555029,2038,1987,0_S
1779264731.556403,2054,2078,0_S
1779264731.5589912,1986,1965,0_S
1779264731.5603268,1996,2003,0_S
1779264731.563348,2123,2162,0_S
1779264731.567042,2175,2222,0_S
1779264731.568099,2118,2010,0_S
1779264731.5682418,1996,1971,0_S
1779264731.571591,2034,2041,0_S
1779264731.572973,2084,2065,0_S
1779264731.5743659,2018,2001,0_S
1779264731.5769432,2017,1952,0_S
1779264731.578291,2055,2086,0_S
1779264731.5808551,2146,2265,0_S
1779264731.585345,2136,2071,0_S
1779264731.585459,2057,1976,0_S
1779264731.587533,2017,2010,0_S
1779264731.590475,2091,2048,0_S
1779264731.590745,2076,1979,0_S
1779264731.5926259,1990,1937,0_S
1779264731.595427,2045,2041,0_S
1779264731.5967638,2174,2199,0_S
1779264731.598217,2203,2186,0_S
1779264731.600812,2080,2027,0_S
1779264731.605838,2034,1991,0_S
1779264731.6078131,2042,2067,0_S
1779264731.608914,2048,2158,0_S
1779264731.60928,1995,2040,0_S
1779264731.6137211,2008,2015,0_S
1779264731.613919,2111,2127,0_S
1779264731.615273,2177,2140,0_S
1779264731.616577,2100,1997,0_S
1779264731.6189811,2028,1965,0_S
1779264731.620277,2014,1952,0_S
1779264731.625904,2060,2023,0_S
1779264731.6260428,1986,1964,0_S
1779264731.626461,1965,1994,0_S
1779264731.628271,2061,2110,0_S
1779264731.6318872,2181,2270,0_S
1779264731.633794,2143,2106,0_S
1779264731.6350982,2051,2030,0_S
1779264731.6363971,2022,2031,0_S
1779264731.638963,2078,2109,0_S
1779264731.6403,2056,2090,0_S
1779264731.642856,2007,1973,0_S
1779264731.6486242,2055,2080,0_S
1779264731.650062,2159,2252,0_S
1779264731.6528041,2164,2255,0_S
1779264731.65502,2081,2093,0_S
1779264731.655105,2014,1961,0_S
1779264731.655175,2057,2064,0_S
1779264731.656492,2068,2091,0_S
1779264731.659126,1982,1919,0_S
1779264731.660463,1993,1993,0_S
1779264731.663112,2108,2107,0_S
1779264731.6670122,2190,2189,0_S
1779264731.667573,2110,2100,0_S
1779264731.669039,2033,1991,0_S
1779264731.674795,2035,2068,0_S
1779264731.6752121,2084,2004,0_S
1779264731.6754858,2020,1967,0_S
1779264731.6767921,1998,1938,0_S
1779264731.678164,2090,2029,0_S
1779264731.680707,2177,2185,0_S
1779264731.682015,2150,2160,0_S
1779264731.684565,2033,2035,0_S
1779264731.688738,2028,2042,0_S
1779264731.6890712,2055,2061,0_S
1779264731.692564,2042,2053,0_S
1779264731.694319,1986,2017,0_S
1779264731.6945522,2029,2128,0_S
1779264731.696277,2137,2226,0_S
1779264731.698845,2157,2162,0_S
1779264731.70014,2084,2016,0_S
1779264731.7027998,2023,1915,0_S
1779264731.70417,2033,2018,0_S
1779264731.709204,2035,2071,0_S
1779264731.71103,1992,2065,0_S
1779264731.715106,2005,1973,0_S
1779264731.7155142,2115,2177,0_S
1779264731.715696,2190,2264,0_S
1779264731.717356,2112,2068,0_S
1779264731.718684,2052,2049,0_S
1779264731.71998,2053,2053,0_S
1779264731.722547,2066,2093,0_S
1779264731.724017,2024,1907,0_S
1779264731.730117,1998,2005,0_S
1779264731.732181,2076,2103,0_S
1779264731.733751,2176,2222,0_S
1779264731.734897,2125,2071,0_S
1779264731.73665,2053,2017,0_S
1779264731.736993,2009,1960,0_S
1779264731.738655,2052,2059,0_S
1779264731.739952,2029,1995,0_S
1779264731.742199,1996,1946,0_S
1779264731.744812,2024,2058,0_S
1779264731.7461271,2164,2231,0_S
1779264731.750231,2181,2220,0_S
1779264731.750933,2082,2039,0_S
1779264731.752495,2032,1970,0_S
1779264731.754548,2049,2064,0_S
1779264731.757982,2055,2079,0_S
1779264731.758191,1985,1960,0_S
1779264731.760603,2000,1981,0_S
1779264731.763071,2096,2161,0_S
1779264731.764383,2169,2280,0_S
1779264731.76695,2105,2096,0_S
1779264731.773036,2027,2040,0_S
1779264731.773243,2019,2030,0_S
1779264731.77339,2093,2101,0_S
1779264731.775519,2049,2069,0_S
1779264731.777163,1990,2010,0_S
1779264731.7791831,2082,2031,0_S
1779264731.780566,2168,2162,0_S
1779264731.782206,2123,2065,0_S
1779264731.7847779,2041,1968,0_S
1779264731.7860742,1997,1981,0_S
1779264731.78864,2065,2011,0_S
1779264731.792307,2032,2025,0_S
1779264731.792675,1976,1921,0_S
1779264731.794254,2034,2038,0_S
1779264731.7980201,2133,2250,0_S
1779264731.798205,2162,2239,0_S
1779264731.80001,2091,2066,0_S
1779264731.802565,2015,1974,0_S
1779264731.803929,2033,2073,0_S
1779264731.8065019,2050,2123,0_S
1779264731.809062,1975,1939,0_S
1779264731.812618,2004,2011,0_S
1779264731.813335,2106,2174,0_S
1779264731.8149812,2189,2261,0_S
1779264731.820954,2108,2144,0_S
1779264731.8211799,2045,2003,0_S
1779264731.8212821,2026,1962,0_S
1779264731.822599,2030,2086,0_S
1779264731.8239748,1971,2036,0_S
1779264731.826328,1991,1965,0_S
1779264731.8289511,2062,2029,0_S
1779264731.830249,2146,2153,0_S
1779264731.835281,2118,2069,0_S
1779264731.8404632,2034,1972,0_S
1779264731.842546,2016,1949,0_S
1779264731.842703,2079,2033,0_S
1779264731.842797,2068,2040,0_S
1779264731.842876,2022,2050,0_S
1779264731.844203,2075,2107,0_S
1779264731.8472068,2155,2271,0_S
1779264731.8485389,2176,2164,0_S
1779264731.851101,2089,2039,0_S
1779264731.855098,2021,1979,0_S
1779264731.8567832,2042,2026,0_S
1779264731.857054,2070,2015,0_S
1779264731.859587,2024,2060,0_S
1779264731.8614578,2015,2086,0_S
1779264731.8632698,2100,2174,0_S
1779264731.864635,2141,2214,0_S
1779264731.866306,2106,2085,0_S
1779264731.868869,2064,2084,0_S
1779264731.870177,2047,1982,0_S
1779264731.8761768,2066,1991,0_S
1779264731.87736,2014,1919,0_S
1779264731.879873,1976,1955,0_S
1779264731.881801,2065,2082,0_S
1779264731.88357,2157,2223,0_S
1779264731.883738,2135,2159,0_S
1779264731.8850172,2077,2052,0_S
1779264731.886271,2029,1986,0_S
1779264731.88891,2049,2092,0_S
1779264731.890208,2047,2085,0_S
1779264731.897402,1991,2014,0_S
1779264731.8977091,2034,2094,0_S
1779264731.898647,2130,2201,0_S
1779264731.899471,2170,2203,0_S
1779264731.901901,2085,2052,0_S
1779264731.9021811,2012,2001,0_S
1779264731.9051268,2024,2105,0_S
1779264731.906563,2063,2120,0_S
1779264731.907926,1997,2036,0_S
1779264731.910503,1999,1935,0_S
1779264731.9158201,2105,2168,0_S
1779264731.917136,2190,2217,0_S
1779264731.918528,2142,2086,0_S
1779264731.9186409,2033,1939,0_S
1779264731.9225311,2034,1935,0_S
1779264731.922643,2082,2019,0_S
1779264731.9247549,2021,1987,0_S
1779264731.926311,1991,1952,0_S
1779264731.928952,2064,2077,0_S
1779264731.930146,2173,2173,0_S
1779264731.932725,2136,2168,0_S
1779264731.936577,2049,2029,0_S
1779264731.937217,2034,2000,0_S
1779264731.938999,2065,2101,0_S
1779264731.9405591,2046,2063,0_S
1779264731.9430048,1985,1964,0_S
1779264731.9448829,2014,2040,0_S
1779264731.9462268,2133,2199,0_S
1779264731.948786,2163,2189,0_S
1779264731.9501429,2092,2083,0_S
1779264731.9527712,2019,2018,0_S
1779264731.9540858,2019,2079,0_S
1779264731.95791,2050,2061,0_S
1779264731.9587562,1996,1960,0_S
1779264731.9604049,2008,2022,0_S
1779264731.9659789,2105,2203,0_S
1779264731.966683,2188,2268,0_S
1779264731.966795,2106,2081,0_S
1779264731.96813,2000,2005,0_S
1779264731.970783,2019,2033,0_S
1779264731.972159,2061,2111,0_S
1779264731.974785,2019,2046,0_S
1779264731.979558,1992,1968,0_S
1779264731.980056,2032,2070,0_S
1779264731.981357,2153,2261,0_S
1779264731.982888,2151,2177,0_S
1779264731.9855528,2054,2000,0_S
1779264731.987349,2014,2008,0_S
1779264731.988658,2061,2122,0_S
1779264731.989969,2028,2073,0_S
1779264731.992589,1992,1972,0_S
1779264731.9939651,2015,2034,0_S
1779264731.999905,2107,2196,0_S
1779264732.0003011,2150,2267,0_S
1779264732.0006342,2096,2066,0_S
1779264732.002024,2040,1936,0_S
1779264732.004184,2025,2046,0_S
1779264732.007502,2038,2068,0_S
1779264732.008815,1996,1998,0_S
1779264732.010114,1981,1991,0_S
1779264732.0127969,2083,2147,0_S
1779264732.014102,2198,2261,0_S
1779264732.016754,2111,2072,0_S
1779264732.0201468,2034,1992,0_S
1779264732.020809,2014,1999,0_S
1779264732.023583,2044,2060,0_S
1779264732.026345,2008,1941,0_S
1779264732.026436,1985,1906,0_S
1779264732.028464,2050,2080,0_S
1779264732.030965,2147,2215,0_S
1779264732.0323288,2117,2161,0_S
1779264732.0349271,2038,2032,0_S
1779264732.036194,1996,2018,0_S
1779264732.0412438,2065,2084,0_S
1779264732.041903,2077,2079,0_S
1779264732.042047,1991,2003,0_S
1779264732.0446138,2044,2027,0_S
1779264732.047282,2127,2130,0_S
1779264732.0488782,2166,2192,0_S
1779264732.050529,2093,2077,0_S
1779264732.051957,2003,2003,0_S
1779264732.0544581,2046,2031,0_S
1779264732.05704,2058,2126,0_S
1779264732.062361,1997,2067,0_S
1779264732.065461,2009,2036,0_S
1779264732.066596,2079,2190,0_S
1779264732.0681942,2169,2258,0_S
1779264732.0684538,2131,2139,0_S
1779264732.0688581,2020,2031,0_S
1779264732.0704699,2028,2017,0_S
1779264732.073094,2061,2105,0_S
1779264732.074404,2044,2074,0_S
1779264732.076982,1993,1970,0_S
1779264732.078646,2058,2026,0_S
1779264732.081708,2158,2196,0_S
1779264732.08569,2137,2194,0_S
1779264732.085804,2047,2002,0_S
1779264732.087927,2007,1988,0_S
1779264732.090166,2042,2011,0_S
1779264732.090202,2030,2023,0_S
1779264732.092872,1961,1961,0_S
1779264732.094273,1999,2061,0_S
1779264732.096032,2113,2189,0_S
1779264732.098681,2154,2223,0_S
1779264732.10556,2076,2051,0_S
1779264732.110139,2033,1980,0_S
1779264732.110261,2030,2032,0_S
1779264732.110333,2078,2050,0_S
1779264732.110411,1981,1953,0_S
1779264732.110537,2007,1998,0_S
1779264732.1120179,2067,2133,0_S
1779264732.114778,2166,2292,0_S
1779264732.116104,2116,2122,0_S
1779264732.118559,2026,2019,0_S
1779264732.129579,1996,1962,0_S
1779264732.1317482,2064,2062,0_S
1779264732.131837,2020,2095,0_S
1779264732.132022,1959,1966,0_S
1779264732.1321962,2056,2036,0_S
1779264732.132431,2150,2173,0_S
1779264732.132561,2175,2183,0_S
1779264732.1339169,2076,2012,0_S
1779264732.1365042,2030,1961,0_S
1779264732.139083,2047,2036,0_S
1779264732.146731,2054,2045,0_S
1779264732.147854,1991,1999,0_S
1779264732.14819,2022,2032,0_S
1779264732.1538188,2103,2202,0_S
1779264732.1539688,2152,2236,0_S
1779264732.154044,2079,2070,0_S
1779264732.154185,1985,1995,0_S
1779264732.154284,2011,2021,0_S
1779264732.156696,2048,2115,0_S
1779264732.1580522,1995,1929,0_S
1779264732.160658,2008,1976,0_S
1779264732.168611,2094,2240,0_S
1779264732.1733398,2146,2319,0_S
1779264732.17392,2117,2174,0_S
1779264732.1739678,2047,2004,0_S
1779264732.173996,2021,1994,0_S
1779264732.174165,2072,2072,0_S
1779264732.174195,2036,1973,0_S
1779264732.1769788,2002,1934,0_S
1779264732.178439,2023,2071,0_S
1779264732.1810272,2134,2201,0_S
1779264732.1851661,2145,2145,0_S
1779264732.1893399,2064,2032,0_S
1779264732.191626,2045,1996,0_S
1779264732.19344,2069,2094,0_S
1779264732.19353,2040,2064,0_S
1779264732.193635,1987,2034,0_S
1779264732.19502,2021,2075,0_S
1779264732.196418,2124,2222,0_S
1779264732.19909,2189,2243,0_S
1779264732.200601,2097,2079,0_S
1779264732.20193,2032,1962,0_S
1779264732.205915,2024,1998,0_S
1779264732.212251,2043,2046,0_S
1779264732.213991,1988,1995,0_S
1779264732.214463,1979,2021,0_S
1779264732.2147021,2077,2171,0_S
1779264732.2147331,2160,2198,0_S
1779264732.2162719,2116,2061,0_S
1779264732.218959,2053,2034,0_S
1779264732.220316,2018,2012,0_S
1779264732.228514,2066,2087,0_S
1779264732.2309172,2019,2040,0_S
1779264732.232865,1970,2037,0_S
1779264732.23299,2017,2057,0_S
1779264732.2347698,2122,2231,0_S
1779264732.2349598,2100,2179,0_S
1779264732.23505,2042,2040,0_S
1779264732.2363808,1972,1995,0_S
1779264732.238988,2042,2069,0_S
1779264732.240622,2066,2047,0_S
1779264732.242032,2000,1925,0_S
1779264732.248003,2024,2069,0_S
1779264732.2489789,2128,2263,0_S
1779264732.250578,2177,2193,0_S
1779264732.250737,2093,2030,0_S
1779264732.252388,2003,1989,0_S
1779264732.254252,2021,2117,0_S
1779264732.256939,2031,2144,0_S
1779264732.258296,1968,1985,0_S
1779264732.2608519,1981,2000,0_S
1779264732.262163,2067,2114,0_S
1779264732.268467,2168,2253,0_S
1779264732.270926,2089,2133,0_S
1779264732.27342,2019,2015,0_S
1779264732.275579,1968,2011,0_S
1779264732.275648,2042,2046,0_S
1779264732.2757251,2012,1960,0_S
1779264732.2774441,1967,2025,0_S
1779264732.278764,1992,2094,0_S
1779264732.280166,2114,2213,0_S
1779264732.28276,2113,2165,0_S
1779264732.287683,2047,1984,0_S
1779264732.2887769,2000,2038,0_S
1779264732.2888792,2037,2118,0_S
1779264732.2910872,2022,2069,0_S
1779264732.2929122,1946,2006,0_S
1779264732.294898,1987,2097,0_S
1779264732.29635,2108,2241,0_S
1779264732.2990148,2154,2174,0_S
1779264732.3003268,2093,2045,0_S
1779264732.302847,2007,1981,0_S
1779264732.304139,1997,2035,0_S
1779264732.310218,2050,2101,0_S
1779264732.3104808,1999,1993,0_S
1779264732.3106072,2000,1996,0_S
1779264732.312133,2100,2120,0_S
1779264732.315192,2169,2249,0_S
1779264732.3171148,2107,2132,0_S
1779264732.3184278,2036,2053,0_S
1779264732.321009,2027,2038,0_S
1779264732.322308,2075,2072,0_S
1779264732.332028,2016,2051,0_S
1779264732.3331578,1966,2004,0_S
1779264732.3354082,2020,2058,0_S
1779264732.337366,2120,2203,0_S
1779264732.337466,2106,2203,0_S
1779264732.337544,2073,2073,0_S
1779264732.337615,2057,1980,0_S
1779264732.338918,2082,2079,0_S
1779264732.340248,2055,2059,0_S
1779264732.342863,1964,1943,0_S
1779264732.344351,2011,2058,0_S
1779264732.348812,2136,2210,0_S
1779264732.349331,2190,2258,0_S
1779264732.351169,2108,2090,0_S
1779264732.355356,1994,1985,0_S
1779264732.355703,2022,2043,0_S
1779264732.357634,2092,2076,0_S
1779264732.358966,2007,2021,0_S
1779264732.360288,1975,2057,0_S
1779264732.362994,2078,2154,0_S
1779264732.364366,2180,2278,0_S
1779264732.3696508,2145,2109,0_S
1779264732.370089,2039,2015,0_S
1779264732.3704388,2018,2047,0_S
1779264732.37584,2045,2112,0_S
1779264732.3759968,2012,1967,0_S
1779264732.3762372,1981,1987,0_S
1779264732.378984,2020,2090,0_S
1779264732.380362,2121,2224,0_S
1779264732.382947,2158,2178,0_S
1779264732.384269,2071,2055,0_S
1779264732.3909,2015,2022,0_S
1779264732.392073,2045,2056,0_S
1779264732.3936791,2028,2065,0_S
1779264732.394687,1988,1871,0_S
1779264732.3966131,1984,1966,0_S
1779264732.398825,2096,2186,0_S
1779264732.398974,2166,2169,0_S
1779264732.4004428,2093,2074,0_S
1779264732.403094,2061,2030,0_S
1779264732.404402,2051,2035,0_S
1779264732.4069571,2089,2154,0_S
1779264732.411602,2012,2032,0_S
1779264732.417403,2011,2102,0_S
1779264732.419727,2091,2237,0_S
1779264732.419861,2199,2392,0_S
1779264732.4198909,2112,2153,0_S
1779264732.41992,2024,1999,0_S
1779264732.419946,2001,2053,0_S
1779264732.422666,2062,2110,0_S
1779264732.424424,2031,1978,0_S
1779264732.4270232,1992,1928,0_S
1779264732.4334831,2021,2064,0_S
1779264732.4347808,2143,2223,0_S
1779264732.4376462,2153,2135,0_S
1779264732.4410691,2070,2047,0_S
1779264732.441289,1994,2049,0_S
1779264732.441449,2025,2101,0_S
1779264732.441757,2022,2125,0_S
1779264732.4437041,1975,1985,0_S
1779264732.445238,2002,2075,0_S
1779264732.4465358,2077,2200,0_S
1779264732.447928,2145,2246,0_S
1779264732.451707,2096,2048,0_S
1779264732.4581592,2025,1959,0_S
1779264732.4604359,1998,2027,0_S
1779264732.460625,2053,2129,0_S
1779264732.46066,2001,2028,0_S
1779264732.46069,2003,2000,0_S
1779264732.462013,2087,2129,0_S
1779264732.464642,2185,2240,0_S
1779264732.465973,2123,2141,0_S
1779264732.46848,2022,2032,0_S
1779264732.4722052,1991,2032,0_S
1779264732.4731069,2028,2132,0_S
1779264732.476309,2033,2029,0_S
1779264732.4775932,1989,1999,0_S
1779264732.4794,2033,2093,0_S
1779264732.481419,2127,2264,0_S
1779264732.482717,2141,2262,0_S
1779264732.484017,2074,2101,0_S
1779264732.486582,2030,2026,0_S
1779264732.489028,2051,2060,0_S
1779264732.4925609,2063,2027,0_S
1779264732.49267,2006,1966,0_S
1779264732.4947698,2004,2094,0_S
1779264732.496505,2091,2154,0_S
1779264732.498964,2174,2247,0_S
1779264732.500799,2090,2069,0_S
1779264732.502102,2036,2006,0_S
1779264732.504533,2047,2020,0_S
1779264732.5059159,2071,2075,0_S
1779264732.508526,2001,1975,0_S
1779264732.513383,1972,2056,0_S
1779264732.514048,2058,2164,0_S
1779264732.514695,2147,2262,0_S
1779264732.51791,2099,2143,0_S
1779264732.519667,2048,2061,0_S
1779264732.5218,2018,2055,0_S
1779264732.5218701,2047,2107,0_S
1779264732.524551,2042,2086,0_S
1779264732.5259259,1972,2049,0_S
1779264732.528636,2013,2086,0_S
1779264732.5299451,2118,2235,0_S
1779264732.534326,2145,2187,0_S
1779264732.5371149,2069,2004,0_S
1779264732.540587,1997,2025,0_S
1779264732.540889,2005,2130,0_S
1779264732.54288,2034,2073,0_S
1779264732.542916,1979,1982,0_S
1779264732.544214,2016,2064,0_S
1779264732.546921,2123,2205,0_S
1779264732.548239,2205,2258,0_S
1779264732.5505831,2100,2074,0_S
1779264732.558484,2026,2000,0_S
1779264732.56029,2026,1989,0_S
1779264732.5604732,2075,2062,0_S
1779264732.562618,1997,1983,0_S
1779264732.563124,1986,1999,0_S
1779264732.5633101,2046,2134,0_S
1779264732.564746,2153,2243,0_S
1779264732.5660732,2135,2157,0_S
1779264732.56883,2045,2031,0_S
1779264732.57036,2012,1966,0_S
1779264732.5764952,2051,2113,0_S
1779264732.577808,2011,2045,0_S
1779264732.580238,1975,1973,0_S
1779264732.582001,2040,2104,0_S
1779264732.582261,2134,2277,0_S
1779264732.5824,2170,2263,0_S
1779264732.583978,2051,2096,0_S
1779264732.586634,2037,2117,0_S
1779264732.588077,2073,2203,0_S
1779264732.5906508,2068,2074,0_S
1779264732.5919611,1998,1934,0_S
1779264732.5975418,1990,1979,0_S
1779264732.598907,2083,2144,0_S
1779264732.601388,2141,2243,0_S
1779264732.6015549,2090,2052,0_S
1779264732.603659,1997,1971,0_S
1779264732.603879,2018,2001,0_S
1779264732.606446,2056,2099,0_S
1779264732.607821,1995,2045,0_S
1779264732.6106398,1992,2038,0_S
1779264732.61209,2098,2188,0_S
1779264732.618624,2175,2301,0_S
1779264732.623192,2136,2155,0_S
1779264732.625164,2053,2055,0_S
1779264732.625334,2022,2062,0_S
1779264732.625421,2061,2161,0_S
1779264732.625513,2029,2121,0_S
1779264732.626792,1962,2098,0_S
1779264732.628118,2021,2101,0_S
1779264732.630678,2136,2251,0_S
1779264732.632051,2180,2190,0_S
1779264732.638989,2075,2100,0_S
1779264732.643137,2002,1983,0_S
1779264732.643378,2024,2116,0_S
1779264732.6451998,2035,2109,0_S
1779264732.6452951,1971,1930,0_S
1779264732.645393,2014,2004,0_S
1779264732.646765,2097,2173,0_S
1779264732.648082,2171,2257,0_S
1779264732.65066,2108,2085,0_S
1779264732.651975,2068,1995,0_S
1779264732.6584718,2046,2055,0_S
1779264732.65913,2078,2103,0_S
1779264732.660131,2023,2090,0_S
1779264732.6602209,1987,2061,0_S
1779264732.666427,2040,2181,0_S
1779264732.6665332,2162,2317,0_S
1779264732.666605,2154,2115,0_S
1779264732.667944,2040,1996,0_S
1779264732.670594,2001,1969,0_S
1779264732.671956,2052,2085,0_S
1779264732.6745741,2043,2062,0_S
1779264732.6818051,1998,1920,0_S
1779264732.682945,2039,2121,0_S
1779264732.684798,2152,2311,0_S
1779264732.684994,2178,2229,0_S
1779264732.6851509,2097,2049,0_S
1779264732.686867,2021,1994,0_S
1779264732.688226,2017,2095,0_S
1779264732.690774,2033,2138,0_S
1779264732.692096,1991,1989,0_S
1779264732.69468,2001,1993,0_S
1779264732.698648,2107,2141,0_S
1779264732.699344,2162,2253,0_S
1779264732.7012181,2111,2157,0_S
1779264732.7056441,2040,2043,0_S
1779264732.707663,2048,2073,0_S
1779264732.707804,2093,2122,0_S
1779264732.707902,2030,2030,0_S
1779264732.710419,2005,1991,0_S
1779264732.7130299,2080,2114,0_S
1779264732.7143471,2167,2292,0_S
1779264732.72193,2129,2202,0_S
1779264732.722631,2032,2039,0_S
1779264732.725875,2006,2010,0_S
1779264732.726178,2050,2103,0_S
1779264732.727521,2024,2057,0_S
1779264732.727951,1986,1972,0_S
1779264732.7279801,2031,2093,0_S
1779264732.768985,2150,2206,0_S
1779264732.769126,2169,2192,0_S
1779264732.769334,2082,2051,0_S
1779264732.769526,2047,2014,0_S
1779264732.769612,2053,2066,0_S
1779264732.7697961,2066,2112,0_S
1779264732.769834,2006,1978,0_S
1779264732.769888,2015,2080,0_S
1779264732.769954,2111,2219,0_S
1779264732.769983,2168,2252,0_S
1779264732.77007,2108,2109,0_S
1779264732.77015,2037,2027,0_S
1779264732.770251,1976,2005,0_S
1779264732.770279,2033,2040,0_S
1779264732.770397,1983,2004,0_S
1779264732.770477,1988,1999,0_S
1779264732.770538,2072,2148,0_S
1779264732.770603,2155,2239,0_S
1779264732.770632,2123,2131,0_S
1779264732.770703,2051,2045,0_S
1779264732.770734,2032,1967,0_S
1779264732.774739,2087,2072,0_S
1779264732.774793,2024,2033,0_S
1779264732.776753,1955,1911,0_S
1779264732.778163,2019,2036,0_S
1779264732.780677,2171,2226,0_S
1779264732.784485,2181,2215,0_S
1779264732.784925,2059,2085,0_S
1779264732.786782,2011,2033,0_S
1779264732.789058,2033,2131,0_S
1779264732.7909591,2071,2062,0_S
1779264732.792492,2002,1961,0_S
1779264732.793835,2022,2057,0_S
1779264732.7962618,2116,2180,0_S
1779264732.79891,2189,2286,0_S
1779264732.800229,2122,2064,0_S
1779264732.804737,2019,2037,0_S
1779264732.805131,1997,2003,0_S
1779264732.807224,2048,2070,0_S
1779264732.8094988,1981,2005,0_S
1779264732.811218,1968,2040,0_S
1779264732.813188,2064,2175,0_S
1779264732.814507,2177,2275,0_S
1779264732.8158212,2175,2130,0_S
1779264732.818243,2072,2052,0_S
1779264732.820858,2014,2008,0_S
1779264732.822377,2084,2154,0_S
1779264732.825675,2064,2075,0_S
1779264732.8275251,2003,1921,0_S
1779264732.829797,2027,2086,0_S
1779264732.831593,2119,2251,0_S
1779264732.8330612,2126,2201,0_S
1779264732.8344262,2055,2058,0_S
1779264732.8369951,1998,1979,0_S
1779264732.838298,2030,2096,0_S
1779264732.840897,2070,2137,0_S
1779264732.8421981,1989,2044,0_S
1779264732.846443,1989,2053,0_S
1779264732.848004,2068,2146,0_S
1779264732.848112,2135,2211,0_S
1779264732.851939,2045,2135,0_S
1779264732.852175,2000,2008,0_S
1779264732.855214,2031,1982,0_S
1779264732.856524,2101,2101,0_S
1779264732.857856,2022,2001,0_S
1779264732.860495,1992,2007,0_S
1779264732.86186,2073,2090,0_S
1779264732.8655841,2180,2295,0_S
1779264732.8681679,2146,2222,0_S
1779264732.868365,2069,2092,0_S
1779264732.870406,2022,2025,0_S
1779264732.8722591,2036,2121,0_S
1779264732.874153,2031,2073,0_S
