timestamp,ch1,ch2,label
1779264869.551733,2032,2014,2_S
1779264869.557076,2030,2101,2_S
1779264869.5589151,2066,2175,2_S
1779264869.560805,1997,2013,2_S
1779264869.564418,1993,2059,2_S
1779264869.56591,2078,2296,2_S
1779264869.566392,2209,2413,2_S
1779264869.566821,2152,2211,2_S
1779264869.567229,2062,2059,2_S
1779264869.569668,2048,2053,2_S
1779264869.571054,2064,2154,2_S
1779264869.57365,2010,1978,2_S
1779264869.578719,1963,1953,2_S
1779264869.582428,2032,2152,2_S
1779264869.583555,2158,2353,2_S
1779264869.587723,2137,2256,2_S
1779264869.588497,2070,2013,2_S
1779264869.589086,2023,1920,2_S
1779264869.591351,2061,2052,2_S
1779264869.5917382,2056,2012,2_S
1779264869.5918489,1990,1962,2_S
1779264869.593197,1992,2088,2_S
1779264869.5958579,2115,2288,2_S
1779264869.6012611,2145,2319,2_S
1779264869.603324,2073,2123,2_S
1779264869.60512,1998,2005,2_S
1779264869.612226,2022,2115,2_S
1779264869.612349,2076,2178,2_S
1779264869.612421,2032,1991,2_S
1779264869.612563,1988,2062,2_S
1779264869.612677,2093,2258,2_S
1779264869.6127841,2184,2463,2_S
1779264869.615794,2121,2233,2_S
1779264869.620758,2017,2008,2_S
1779264869.622443,2003,1939,2_S
1779264869.624578,2071,2082,2_S
1779264869.6262982,2019,2043,2_S
1779264869.631837,1967,2001,2_S
1779264869.631944,2046,2135,2_S
1779264869.632011,2168,2362,2_S
1779264869.6322281,2170,2250,2_S
1779264869.633612,2082,2084,2_S
1779264869.635164,2025,2060,2_S
1779264869.641877,2053,2110,2_S
1779264869.645637,2022,2101,2_S
1779264869.646335,1977,1969,2_S
1779264869.649808,2020,2073,2_S
1779264869.6501608,2142,2297,2_S
1779264869.652132,2207,2333,2_S
1779264869.653088,2111,2065,2_S
1779264869.6531782,2001,2007,2_S
1779264869.653249,2021,2062,2_S
1779264869.6546519,2041,2117,2_S
1779264869.657349,1956,1939,2_S
1779264869.658798,1968,1965,2_S
1779264869.6661499,2072,2259,2_S
1779264869.6664388,2156,2350,2_S
1779264869.668728,2084,2189,2_S
1779264869.670325,1983,1960,2_S
1779264869.6717281,2003,1993,2_S
1779264869.6725252,2068,2172,2_S
1779264869.675015,2036,2025,2_S
1779264869.675112,1974,1981,2_S
1779264869.6778328,2008,2182,2_S
1779264869.6792152,2137,2337,2_S
1779264869.6860979,2140,2243,2_S
1779264869.689322,2068,2043,2_S
1779264869.693183,1996,2024,2_S
1779264869.693977,2054,2201,2_S
1779264869.6942348,2046,2158,2_S
1779264869.697292,1981,2004,2_S
1779264869.697414,2000,2101,2_S
1779264869.697493,2099,2282,2_S
1779264869.697559,2137,2312,2_S
1779264869.6989481,2065,2077,2_S
1779264869.701579,1992,1954,2_S
1779264869.710458,2031,2061,2_S
1779264869.714338,2059,2068,2_S
1779264869.716598,1986,1894,2_S
1779264869.717149,2011,1994,2_S
1779264869.720122,2093,2343,2_S
1779264869.7202141,2184,2418,2_S
1779264869.720288,2096,2037,2_S
1779264869.720396,1988,1978,2_S
1779264869.7205372,1960,1903,2_S
1779264869.720614,2055,2064,2_S
1779264869.7232718,1982,1960,2_S
1779264869.724736,1946,1921,2_S
1779264869.734284,2019,2105,2_S
1779264869.7363148,2162,2297,2_S
1779264869.7398798,2179,2254,2_S
1779264869.740468,2055,2036,2_S
1779264869.741079,1997,2037,2_S
1779264869.7433758,2015,2188,2_S
1779264869.7442062,2028,2122,2_S
1779264869.74442,1955,1999,2_S
1779264869.744491,1989,2050,2_S
1779264869.744571,2084,2285,2_S
1779264869.752001,2120,2253,2_S
1779264869.756795,2051,2044,2_S
1779264869.759799,1971,1988,2_S
1779264869.763275,2017,2122,2_S
1779264869.763674,2053,2145,2_S
1779264869.763787,1975,1912,2_S
1779264869.76386,2008,2008,2_S
1779264869.763925,2084,2254,2_S
1779264869.763985,2188,2407,2_S
1779264869.765391,2128,2084,2_S
1779264869.766757,2020,1972,2_S
1779264869.776808,2019,1999,2_S
1779264869.777118,2055,2119,2_S
1779264869.7772648,2008,2007,2_S
1779264869.7775402,1961,1930,2_S
1779264869.7797859,2041,2145,2_S
1779264869.783444,2123,2341,2_S
1779264869.784252,2141,2231,2_S
1779264869.784812,2043,2038,2_S
1779264869.787678,2000,1957,2_S
1779264869.7881632,2019,2086,2_S
1779264869.789561,2010,2059,2_S
1779264869.796072,1933,1982,2_S
1779264869.798408,1989,2035,2_S
1779264869.798998,2111,2295,2_S
1779264869.801367,2147,2310,2_S
1779264869.804607,2055,2123,2_S
1779264869.805229,1995,1996,2_S
1779264869.805527,2046,2029,2_S
1779264869.8060641,2070,2171,2_S
1779264869.808686,2011,1992,2_S
1779264869.8087869,1994,2032,2_S
1779264869.811682,2084,2106,2_S
1779264869.81314,2177,2138,2_S
1779264869.822031,2134,2321,2_S
1779264869.824096,2046,2106,2_S
1779264869.8262122,2020,1971,2_S
1779264869.830965,2038,2177,2_S
1779264869.831083,2018,2103,2_S
1779264869.83116,1958,2319,2_S
1779264869.831232,2005,2293,2_S
1779264869.831295,2120,2481,2_S
1779264869.8313742,2147,2475,2_S
1779264869.832781,2027,2356,2_S
1779264869.835422,1981,2012,2_S
1779264869.844126,2031,2131,2_S
1779264869.844566,2024,2698,2_S
1779264869.846486,1986,2277,2_S
1779264869.848636,2015,2480,2_S
1779264869.85099,2145,2657,2_S
1779264869.851512,2207,2634,2_S
1779264869.851862,2121,2470,2_S
1779264869.8546271,2022,2544,2_S
1779264869.8547032,2039,2454,2_S
1779264869.854861,2075,2706,2_S
1779264869.857544,1923,2740,2_S
1779264869.8589172,1983,2745,2_S
1779264869.867417,2088,3010,2_S
1779264869.870018,2168,3109,2_S
1779264869.871562,2107,2995,2_S
1779264869.873603,2038,2916,2_S
1779264869.87407,2008,2920,2_S
1779264869.8744729,2010,3039,2_S
1779264869.875044,1976,3079,2_S
1779264869.877602,1964,3148,2_S
1779264869.8776991,2063,3434,2_S
1779264869.8790998,2152,3460,2_S
1779264869.881688,2099,3410,2_S
1779264869.8830552,2036,3224,2_S
1779264869.891735,2020,3295,2_S
1779264869.894256,2043,3454,2_S
1779264869.895819,2000,3585,2_S
1779264869.89778,1918,3595,2_S
1779264869.898335,1987,3588,2_S
1779264869.898803,2124,3737,2_S
1779264869.901609,2193,3790,2_S
1779264869.9017758,2116,3491,2_S
1779264869.901945,2028,3481,2_S
1779264869.903302,2034,3583,2_S
1779264869.909281,2056,3724,2_S
1779264869.913476,1971,3883,2_S
1779264869.9157891,1994,3877,2_S
1779264869.917846,2059,4015,2_S
1779264869.918494,2117,4039,2_S
1779264869.919151,2075,3738,2_S
1779264869.921897,2014,3678,2_S
1779264869.9220212,1979,3719,2_S
1779264869.922121,2025,4014,2_S
1779264869.923472,2003,4095,2_S
1779264869.924832,1949,4095,2_S
1779264869.932533,2005,4095,2_S
1779264869.9351501,2120,4095,2_S
1779264869.935515,2091,3986,2_S
1779264869.935931,1991,3880,2_S
1779264869.938327,1980,3858,2_S
1779264869.9400241,2042,3981,2_S
1779264869.942158,2042,4095,2_S
1779264869.9425511,1988,4095,2_S
1779264869.942924,2031,4069,2_S
1779264869.945593,2135,4095,2_S
1779264869.94696,2182,4037,2_S
1779264869.956944,2096,3828,2_S
1779264869.9592,1990,3816,2_S
1779264869.961419,2009,3829,2_S
1779264869.962191,2070,3937,2_S
1779264869.964441,1997,3970,2_S
1779264869.9653602,1972,4077,2_S
1779264869.965513,2089,3889,2_S
1779264869.965734,2203,3827,2_S
1779264869.9658098,2130,3748,2_S
1779264869.967183,2033,3591,2_S
1779264869.968555,1976,3518,2_S
1779264869.975992,2070,3578,2_S
1779264869.989207,2065,3863,2_S
1779264869.989813,2022,3874,2_S
1779264869.989912,2044,3655,2_S
1779264869.99006,2155,3622,2_S
1779264869.990133,2152,3519,2_S
1779264869.990197,2067,3392,2_S
1779264869.990258,2032,3450,2_S
1779264869.990318,2041,3350,2_S
1779264869.99038,2038,3571,2_S
1779264869.991756,1976,3562,2_S
1779264869.9931252,2022,3405,2_S
1779264870.0001721,2120,3215,2_S
1779264870.0030909,2172,3062,2_S
1779264870.007221,2071,3006,2_S
1779264870.0095592,2006,2923,2_S
1779264870.0099862,2007,2851,2_S
1779264870.0104692,2034,2894,2_S
1779264870.0109959,1959,3033,2_S
1779264870.014289,1954,3065,2_S
1779264870.01436,2043,2947,2_S
1779264870.014413,2162,2709,2_S
1779264870.015845,2089,2706,2_S
1779264870.023232,2013,2700,2_S
1779264870.026279,1992,2678,2_S
1779264870.0284119,2048,2675,2_S
1779264870.0307782,2005,2730,2_S
1779264870.0334358,1956,2735,2_S
1779264870.033799,2021,2476,2_S
1779264870.034425,2150,2242,2_S
1779264870.035072,2125,2278,2_S
1779264870.037428,2044,2423,2_S
1779264870.038346,2043,2310,2_S
1779264870.038477,2023,2225,2_S
1779264870.0386019,1964,2385,2_S
1779264870.041225,1936,2428,2_S
1779264870.0425751,2027,2164,2_S
1779264870.052503,2139,2070,2_S
1779264870.055231,2171,2114,2_S
1779264870.055875,2070,2261,2_S
1779264870.060215,2021,2382,2_S
1779264870.0628748,2006,2081,2_S
1779264870.063692,2032,1943,2_S
1779264870.066432,2010,2250,2_S
1779264870.067472,1958,2301,2_S
1779264870.06757,2056,2094,2_S
1779264870.067704,2132,2039,2_S
1779264870.067832,2129,2157,2_S
1779264870.067939,2022,2193,2_S
1779264870.069294,1979,2163,2_S
1779264870.075357,1980,2075,2_S
1779264870.0762198,1936,2240,2_S
1779264870.077653,2002,2393,2_S
1779264870.080097,2092,2232,2_S
1779264870.0828538,2172,1835,2_S
1779264870.0830662,2059,2160,2_S
1779264870.087224,2049,2119,2_S
1779264870.087748,1976,2044,2_S
1779264870.0909371,2050,2147,2_S
1779264870.091001,2089,2216,2_S
1779264870.091251,1929,2307,2_S
1779264870.092659,1917,2137,2_S
1779264870.0954292,2154,2298,2_S
1779264870.096844,2282,1916,2_S
1779264870.104519,2161,1897,2_S
1779264870.108896,1939,1841,2_S
1779264870.111273,1967,1875,2_S
1779264870.113791,2034,1888,2_S
1779264870.1145952,1954,2079,2_S
1779264870.114903,1971,1988,2_S
1779264870.118468,2002,1610,2_S
1779264870.118645,2076,1603,2_S
1779264870.118796,2029,1798,2_S
1779264870.118913,1947,2107,2_S
1779264870.118999,1902,2045,2_S
1779264870.1204648,2047,2064,2_S
1779264870.1273768,1957,2140,2_S
1779264870.1308968,1899,2209,2_S
1779264870.133742,2073,2158,2_S
1779264870.135465,2219,2062,2_S
1779264870.135836,2073,2342,2_S
1779264870.138349,1942,2315,2_S
1779264870.138867,1914,2344,2_S
1779264870.1395378,2066,2320,2_S
1779264870.139955,2106,2148,2_S
1779264870.143088,1904,2100,2_S
1779264870.1431801,1887,2001,2_S
1779264870.144614,2007,2049,2_S
1779264870.147169,2068,1968,2_S
1779264870.148509,2074,2110,2_S
1779264870.156737,1912,2254,2_S
1779264870.15907,1906,2111,2_S
1779264870.161748,1945,1970,2_S
1779264870.166246,1926,2064,2_S
1779264870.166822,2032,2004,2_S
1779264870.167257,2020,2100,2_S
1779264870.167804,2075,2173,2_S
1779264870.16837,2052,2407,2_S
1779264870.1714802,1924,2565,2_S
1779264870.171576,2003,2375,2_S
1779264870.1716568,2046,2212,2_S
1779264870.173036,1910,2247,2_S
1779264870.183339,1818,2270,2_S
1779264870.1838138,1936,2170,2_S
1779264870.188116,2023,2222,2_S
1779264870.191176,2002,2179,2_S
1779264870.192136,1937,2261,2_S
1779264870.195478,1916,2233,2_S
1779264870.195791,1910,2217,2_S
1779264870.195926,1981,2140,2_S
1779264870.196021,1981,2040,2_S
1779264870.196102,1988,1872,2_S
1779264870.196222,2026,1810,2_S
1779264870.197602,2130,1909,2_S
1779264870.1989682,2061,1847,2_S
1779264870.201982,1998,1813,2_S
1779264870.2088661,2058,1720,2_S
1779264870.211678,2062,1819,2_S
1779264870.213911,1958,1707,2_S
1779264870.222406,1953,1335,2_S
1779264870.222549,2109,1217,2_S
1779264870.222631,2133,1347,2_S
1779264870.22275,2049,1443,2_S
1779264870.222822,1958,1412,2_S
1779264870.2228842,1921,1510,2_S
1779264870.222948,2051,1450,2_S
1779264870.2230122,1922,1455,2_S
1779264870.224481,1872,1377,2_S
1779264870.231054,1977,1365,2_S
1779264870.234435,2136,1550,2_S
1779264870.23672,2119,1592,2_S
1779264870.237579,2051,1605,2_S
1779264870.239563,2002,1608,2_S
1779264870.242931,2032,1518,2_S
1779264870.243586,2056,1539,2_S
1779264870.2466078,1971,1559,2_S
1779264870.246722,2053,1520,2_S
1779264870.246806,2147,1402,2_S
1779264870.246916,2209,1451,2_S
1779264870.249568,2129,1531,2_S
1779264870.250977,1962,1591,2_S
1779264870.2602391,2085,1556,2_S
1779264870.2625868,2136,1539,2_S
1779264870.264833,1915,1400,2_S
1779264870.2671711,2029,1297,2_S
1779264870.270515,2113,1372,2_S
1779264870.270921,2233,1396,2_S
1779264870.271391,2123,1388,2_S
1779264870.271807,2146,1249,2_S
1779264870.272325,2084,1141,2_S
1779264870.27535,2089,1148,2_S
1779264870.275448,2066,1109,2_S
1779264870.27552,2092,940,2_S
1779264870.276818,2163,908,2_S
1779264870.287331,2225,1137,2_S
1779264870.287717,2255,1570,2_S
1779264870.290426,2121,1290,2_S
1779264870.295798,2146,1000,2_S
1779264870.2963572,2126,881,2_S
1779264870.300184,2217,1162,2_S
1779264870.301207,2189,1262,2_S
1779264870.30129,2135,1037,2_S
1779264870.301357,2182,934,2_S
1779264870.301522,2260,1059,2_S
1779264870.301594,2213,1077,2_S
1779264870.3016589,2159,1116,2_S
1779264870.302999,2186,1228,2_S
1779264870.304447,2230,1378,2_S
1779264870.307473,2166,1242,2_S
1779264870.319066,2150,1319,2_S
1779264870.323919,2289,1405,2_S
1779264870.324346,2329,1265,2_S
1779264870.324935,2339,1381,2_S
1779264870.3274481,2291,1355,2_S
1779264870.328612,2225,1362,2_S
1779264870.3286998,2192,1749,2_S
1779264870.3289542,2223,1748,2_S
1779264870.3290198,2249,1317,2_S
1779264870.3290722,2392,1422,2_S
1779264870.329122,2456,1631,2_S
1779264870.330594,2477,1658,2_S
1779264870.3364842,2396,1724,2_S
1779264870.339178,2292,1669,2_S
1779264870.341613,2389,1626,2_S
1779264870.344061,2407,1707,2_S
1779264870.349482,2319,1750,2_S
1779264870.350152,2403,1708,2_S
1779264870.350733,2473,1684,2_S
1779264870.35142,2459,1803,2_S
1779264870.3544672,2457,1835,2_S
1779264870.354551,2443,1761,2_S
1779264870.354629,2521,1667,2_S
1779264870.354787,2420,1655,2_S
1779264870.357504,2453,1706,2_S
1779264870.3589,2440,1659,2_S
1779264870.36783,2575,1590,2_S
1779264870.370635,2618,1639,2_S
1779264870.3780532,2525,1975,2_S
1779264870.378742,2452,1740,2_S
1779264870.381912,2509,1640,2_S
1779264870.3822908,2574,1621,2_S
1779264870.3824902,2583,1673,2_S
1779264870.3825622,2420,1718,2_S
1779264870.382617,2529,1665,2_S
1779264870.382708,2666,1729,2_S
1779264870.382783,2634,1800,2_S
1779264870.382849,2525,1848,2_S
1779264870.391556,2403,1810,2_S
1779264870.393594,2575,1762,2_S
1779264870.3939798,2569,1695,2_S
1779264870.396899,2494,1693,2_S
1779264870.4016058,2496,1761,2_S
1779264870.402257,2632,1913,2_S
1779264870.402724,2713,1915,2_S
1779264870.403174,2670,1850,2_S
1779264870.4062982,2537,1791,2_S
1779264870.406703,2542,1932,2_S
1779264870.406868,2542,1885,2_S
1779264870.407042,2520,1667,2_S
1779264870.408454,2513,1805,2_S
1779264870.411042,2627,1878,2_S
1779264870.412443,2693,1886,2_S
1779264870.4188,2641,1848,2_S
1779264870.419412,2533,1904,2_S
1779264870.4218628,2511,1819,2_S
1779264870.422244,2617,1775,2_S
1779264870.426029,2515,1637,2_S
1779264870.429041,2447,1712,2_S
1779264870.429227,2594,1682,2_S
1779264870.429455,2646,1807,2_S
1779264870.432683,2627,1898,2_S
1779264870.4327412,2604,1937,2_S
1779264870.435355,2532,1688,2_S
1779264870.4414341,2469,1884,2_S
1779264870.4437199,2466,1896,2_S
1779264870.4439921,2465,1655,2_S
1779264870.444174,2625,1773,2_S
1779264870.4461598,2693,1825,2_S
1779264870.4511878,2629,1821,2_S
1779264870.451713,2486,1773,2_S
1779264870.452029,2474,1778,2_S
1779264870.455057,2543,1780,2_S
1779264870.4551208,2550,1738,2_S
1779264870.45644,2478,1609,2_S
1779264870.459022,2423,1591,2_S
1779264870.4604318,2501,1701,2_S
1779264870.4667678,2630,1846,2_S
1779264870.471549,2559,1807,2_S
1779264870.4734771,2498,1658,2_S
1779264870.476053,2452,1669,2_S
1779264870.476243,2451,1638,2_S
1779264870.4763699,2548,1513,2_S
1779264870.476667,2402,1402,2_S
1779264870.477132,2414,1421,2_S
1779264870.479664,2541,1597,2_S
1779264870.4809952,2525,1637,2_S
1779264870.486175,2434,1537,2_S
1779264870.486345,2453,1439,2_S
1779264870.486928,2459,1567,2_S
1779264870.489702,2412,1515,2_S
1779264870.491785,2359,1346,2_S
1779264870.4932768,2402,1425,2_S
1779264870.4960482,2499,1675,2_S
1779264870.4986172,2549,1704,2_S
1779264870.498903,2452,1652,2_S
1779264870.501484,2415,1442,2_S
1779264870.502792,2373,1470,2_S
1779264870.508179,2406,1566,2_S
1779264870.508728,2401,1430,2_S
1779264870.5089018,2336,1454,2_S
1779264870.5115461,2394,1688,2_S
1779264870.515309,2504,1868,2_S
1779264870.518037,2467,1789,2_S
1779264870.5186172,2429,1575,2_S
1779264870.519105,2373,1503,2_S
1779264870.521678,2387,1615,2_S
1779264870.523391,2339,1431,2_S
1779264870.524725,2295,1385,2_S
1779264870.5273721,2348,1598,2_S
1779264870.532983,2471,1846,2_S
1779264870.5351639,2423,1703,2_S
1779264870.536644,2429,1553,2_S
1779264870.5377762,2325,1561,2_S
1779264870.539378,2381,1718,2_S
1779264870.5422661,2384,1655,2_S
1779264870.542366,2327,1428,2_S
1779264870.542814,2330,1517,2_S
1779264870.545559,2446,1676,2_S
1779264870.546898,2471,1799,2_S
1779264870.552785,2392,1595,2_S
1779264870.553351,2400,1588,2_S
1779264870.5557609,2298,1612,2_S
1779264870.555989,2263,1596,2_S
1779264870.5592809,2252,1446,2_S
1779264870.5622,2276,1541,2_S
1779264870.562577,2360,1752,2_S
1779264870.563155,2405,1897,2_S
1779264870.566101,2417,1699,2_S
1779264870.567424,2306,1623,2_S
1779264870.568788,2260,1628,2_S
1779264870.57149,2325,1777,2_S
1779264870.575822,2308,1646,2_S
1779264870.5763211,2219,1621,2_S
1779264870.576855,2273,1824,2_S
1779264870.579104,2456,2024,2_S
1779264870.5853,2404,1832,2_S
1779264870.585848,2345,1574,2_S
1779264870.586394,2219,1560,2_S
1779264870.586625,2231,1737,2_S
1779264870.589802,2276,1687,2_S
1779264870.590883,2215,1587,2_S
1779264870.5923269,2246,1606,2_S
1779264870.599654,2360,1871,2_S
1779264870.6020591,2355,2023,2_S
1779264870.603505,2260,1847,2_S
1779264870.604021,2207,1671,2_S
1779264870.6046898,2296,1749,2_S
1779264870.608962,2289,1795,2_S
1779264870.609348,2217,1682,2_S
1779264870.6096792,2209,1691,2_S
1779264870.612065,2281,1861,2_S
1779264870.6134279,2405,1978,2_S
1779264870.614818,2280,1815,2_S
1779264870.61741,2177,1679,2_S
1779264870.621963,2208,1722,2_S
1779264870.623782,2266,1876,2_S
1779264870.62676,2236,1827,2_S
1779264870.6278179,2175,1670,2_S
1779264870.629308,2206,1781,2_S
1779264870.632087,2346,1965,2_S
1779264870.632719,2318,1975,2_S
1779264870.63306,2216,1806,2_S
1779264870.635555,2180,1685,2_S
1779264870.636889,2229,1815,2_S
1779264870.638344,2200,1807,2_S
1779264870.641284,2199,1682,2_S
1779264870.6480582,2194,1753,2_S
1779264870.648383,2266,1945,2_S
1779264870.650335,2322,1951,2_S
1779264870.650975,2237,1764,2_S
1779264870.655261,2172,1641,2_S
1779264870.655493,2171,1756,2_S
1779264870.655733,2222,1838,2_S
1779264870.658326,2148,1702,2_S
1779264870.658422,2164,1781,2_S
1779264870.6610801,2246,1946,2_S
1779264870.662435,2313,2013,2_S
1779264870.669355,2254,1855,2_S
1779264870.6715379,2172,1757,2_S
1779264870.673099,2168,1745,2_S
1779264870.673276,2204,1832,2_S
1779264870.6777909,2143,1746,2_S
1779264870.678145,2096,1719,2_S
1779264870.6785548,2149,1850,2_S
1779264870.678873,2262,2057,2_S
1779264870.681432,2247,1935,2_S
1779264870.6827781,2176,1754,2_S
1779264870.685374,2137,1715,2_S
1779264870.691259,2149,1816,2_S
1779264870.691809,2145,1813,2_S
1779264870.694253,2098,1688,2_S
1779264870.694596,2113,1814,2_S
1779264870.697964,2221,1995,2_S
1779264870.7007759,2273,2032,2_S
1779264870.701308,2159,1812,2_S
1779264870.701666,2084,1759,2_S
1779264870.704202,2115,1759,2_S
1779264870.704478,2143,1928,2_S
1779264870.707056,2080,1781,2_S
1779264870.708371,2081,1693,2_S
1779264870.714536,2149,1946,2_S
1779264870.7201579,2216,2042,2_S
1779264870.721656,2185,1856,2_S
1779264870.727357,2097,1764,2_S
1779264870.727514,2078,1788,2_S
1779264870.7275898,2137,1846,2_S
1779264870.7276511,2098,1772,2_S
1779264870.727781,2057,1739,2_S
1779264870.727884,2101,1888,2_S
1779264870.729267,2201,2061,2_S
1779264870.730583,2203,1982,2_S
1779264870.738497,2122,1815,2_S
1779264870.739029,2058,1776,2_S
1779264870.7407942,2095,1931,2_S
1779264870.742149,2116,1825,2_S
1779264870.743146,2049,1706,2_S
1779264870.747073,2045,1812,2_S
1779264870.7503,2156,2023,2_S
1779264870.750565,2199,2042,2_S
1779264870.7507799,2131,1845,2_S
1779264870.75087,2053,1778,2_S
1779264870.753471,2052,1857,2_S
1779264870.754577,2093,1955,2_S
1779264870.761756,2032,1810,2_S
1779264870.761908,2035,1858,2_S
1779264870.763489,2120,2041,2_S
1779264870.764856,2219,2209,2_S
1779264870.765845,2167,2043,2_S
1779264870.769753,2077,1868,2_S
1779264870.7700758,2043,1814,2_S
1779264870.772809,2080,1923,2_S
1779264870.773033,2034,1903,2_S
1779264870.7743459,2024,1864,2_S
1779264870.7768462,2069,1974,2_S
1779264870.784344,2158,2137,2_S
1779264870.789649,2172,2056,2_S
1779264870.792403,2076,1919,2_S
1779264870.792781,2055,1874,2_S
1779264870.793109,2073,1951,2_S
1779264870.7955048,2091,1930,2_S
1779264870.795754,2041,1855,2_S
1779264870.7958,2039,1942,2_S
1779264870.795936,2111,2104,2_S
1779264870.797224,2196,2173,2_S
1779264870.798702,2102,1939,2_S
1779264870.8015301,2027,1765,2_S
1779264870.808598,2030,1832,2_S
1779264870.810554,2076,1899,2_S
1779264870.811148,2010,1822,2_S
1779264870.812563,1989,1952,2_S
1779264870.817974,2074,2123,2_S
1779264870.8186612,2179,2244,2_S
1779264870.818781,2103,1968,2_S
1779264870.818861,2020,1888,2_S
1779264870.818967,1998,1906,2_S
1779264870.820346,2068,2041,2_S
1779264870.823045,2008,2019,2_S
1779264870.824476,1952,1823,2_S
1779264870.831392,2010,1926,2_S
1779264870.833164,2132,2122,2_S
1779264870.83494,2105,2061,2_S
1779264870.837773,2045,1918,2_S
1779264870.838043,2003,1901,2_S
1779264870.838358,2026,1969,2_S
1779264870.838735,2032,1996,2_S
1779264870.841172,1955,1896,2_S
1779264870.842623,1998,1935,2_S
1779264870.8452091,2089,2136,2_S
1779264870.846519,2144,2171,2_S
1779264870.8527858,2059,1909,2_S
1779264870.853311,1984,1803,2_S
1779264870.85527,1985,1906,2_S
1779264870.855597,2001,1992,2_S
1779264870.858984,1976,1906,2_S
1779264870.8617249,1974,2053,2_S
1779264870.862182,2026,2164,2_S
1779264870.8624809,2104,2225,2_S
1779264870.865246,2078,2136,2_S
1779264870.8666859,1999,1979,2_S
1779264870.871768,1974,1958,2_S
1779264870.8727071,2011,2040,2_S
1779264870.874634,1981,1976,2_S
1779264870.875071,1933,1975,2_S
1779264870.876606,1995,2093,2_S
1779264870.881553,2101,2322,2_S
1779264870.881951,2093,2234,2_S
1779264870.884779,2002,2010,2_S
1779264870.884892,1948,1925,2_S
1779264870.886233,1961,2030,2_S
1779264870.888927,1979,2028,2_S
1779264870.8904471,1918,1910,2_S
1779264870.8960671,1934,1883,2_S
1779264870.8977401,2035,2098,2_S
1779264870.8979578,2090,2130,2_S
1779264870.901315,2008,1989,2_S
1779264870.904067,1942,1973,2_S
1779264870.904595,1920,2018,2_S
1779264870.9047549,1945,2065,2_S
1779264870.906846,1888,1951,2_S
1779264870.908214,1882,1936,2_S
1779264870.9108238,1949,2083,2_S
1779264870.912273,2039,2266,2_S
1779264870.9170182,1998,2084,2_S
1779264870.9185169,1931,1873,2_S
1779264870.920584,1907,1807,2_S
1779264870.920813,1933,2059,2_S
1779264870.92435,1957,2016,2_S
1779264870.927234,1908,1883,2_S
1779264870.927433,1917,1981,2_S
1779264870.930357,2026,2156,2_S
1779264870.930602,2005,2126,2_S
1779264870.9332328,1927,1804,2_S
1779264870.93455,1867,1923,2_S
1779264870.940751,1923,1988,2_S
1779264870.94131,1919,2081,2_S
1779264870.941451,1822,1852,2_S
1779264870.943553,1855,1872,2_S
1779264870.949227,1925,2135,2_S
1779264870.949507,1977,2100,2_S
1779264870.9497411,1939,2001,2_S
1779264870.952097,1882,1855,2_S
1779264870.952258,1856,1873,2_S
1779264870.9549282,1901,1988,2_S
1779264870.956552,1815,1912,2_S
1779264870.9609432,1844,1938,2_S
1779264870.961816,1932,2121,2_S
1779264870.964878,2021,2229,2_S
1779264870.967082,1981,2119,2_S
1779264870.967194,1874,1993,2_S
1779264870.9697669,1821,1969,2_S
1779264870.972436,1865,2004,2_S
1779264870.9725282,1805,1951,2_S
1779264870.97498,1758,1857,2_S
1779264870.976295,1823,2132,2_S
1779264870.984303,1934,2242,2_S
1779264870.985944,1942,2046,2_S
1779264870.987473,1864,1959,2_S
1779264870.9879959,1824,1990,2_S
1779264870.9891992,1802,1964,2_S
1779264870.991734,1820,2057,2_S
1779264870.9920158,1771,1910,2_S
1779264870.994428,1805,1905,2_S
1779264870.994632,1831,2352,2_S
1779264870.99765,1963,2249,2_S
1779264870.9990451,1934,2042,2_S
1779264871.004611,1846,1938,2_S
1779264871.0050812,1804,1969,2_S
1779264871.00594,1882,2051,2_S
1779264871.007371,1812,1944,2_S
1779264871.012836,1773,1881,2_S
1779264871.013092,1830,2080,2_S
1779264871.013419,1883,2248,2_S
1779264871.01566,1858,2098,2_S
1779264871.016865,1785,1957,2_S
1779264871.0182788,1727,1937,2_S
1779264871.023905,1777,2221,2_S
1779264871.025113,1795,2119,2_S
1779264871.025547,1754,1937,2_S
1779264871.027214,1862,2069,2_S
1779264871.0291169,1965,2236,2_S
1779264871.0331578,1918,2102,2_S
1779264871.033372,1821,2004,2_S
1779264871.0367072,1765,2049,2_S
1779264871.036918,1805,2229,2_S
1779264871.038196,1827,2055,2_S
1779264871.0408509,1736,1890,2_S
1779264871.045426,1766,2046,2_S
1779264871.045867,1890,2191,2_S
1779264871.050946,1907,2247,2_S
1779264871.051096,1853,2095,2_S
1779264871.053772,1814,1870,2_S
1779264871.0541399,1786,1975,2_S
1779264871.0542998,1822,1974,2_S
1779264871.057357,1778,1888,2_S
1779264871.058563,1764,1935,2_S
1779264871.061152,1845,2025,2_S
1779264871.0672839,1930,2207,2_S
1779264871.067869,1872,2063,2_S
1779264871.072372,1797,1963,2_S
1779264871.07675,1794,1959,2_S
1779264871.080052,1859,1999,2_S
1779264871.0801458,1817,1893,2_S
1779264871.080194,1756,1770,2_S
1779264871.0802372,1814,1947,2_S
1779264871.080339,1916,2209,2_S
1779264871.080381,1982,2162,2_S
1779264871.083114,1884,1947,2_S
1779264871.084453,1811,1902,2_S
1779264871.090909,1845,1974,2_S
1779264871.092693,1871,1959,2_S
1779264871.093045,1809,1774,2_S
1779264871.0948539,1821,1902,2_S
1779264871.096124,1933,2071,2_S
1779264871.098706,1981,2209,2_S
1779264871.0991092,1897,2007,2_S
1779264871.101614,1829,1821,2_S
1779264871.10296,1823,1864,2_S
1779264871.104286,1877,1931,2_S
1779264871.1097841,1815,1732,2_S
1779264871.111089,1789,1742,2_S
1779264871.113214,1884,1925,2_S
1779264871.119036,1973,2069,2_S
1779264871.119195,1924,1925,2_S
1779264871.119474,1841,1806,2_S
1779264871.1198878,1811,1797,2_S
1779264871.122174,1845,1890,2_S
1779264871.1222231,1826,1841,2_S
1779264871.124962,1784,1753,2_S
1779264871.126333,1830,1848,2_S
1779264871.131791,1952,2118,2_S
1779264871.132777,1951,2072,2_S
1779264871.1337678,1863,1848,2_S
1779264871.137517,1818,1810,2_S
1779264871.138926,1855,1916,2_S
1779264871.1414342,1868,1870,2_S
1779264871.141609,1806,1721,2_S
1779264871.143904,1814,1858,2_S
1779264871.1452239,1919,2077,2_S
1779264871.146537,2000,2186,2_S
1779264871.152844,1919,1944,2_S
1779264871.153752,1838,1756,2_S
1779264871.154321,1845,1849,2_S
1779264871.156238,1884,1968,2_S
1779264871.1577,1831,1832,2_S
1779264871.1617,1802,1887,2_S
1779264871.162076,1901,2070,2_S
1779264871.162216,2008,2257,2_S
1779264871.1648252,1961,2069,2_S
1779264871.16638,1885,1876,2_S
1779264871.169055,1846,1852,2_S
1779264871.1703749,1878,1969,2_S
1779264871.174878,1871,1925,2_S
1779264871.186709,1811,1835,2_S
1779264871.187007,1868,1996,2_S
1779264871.187136,2008,2199,2_S
1779264871.1872509,2006,2129,2_S
1779264871.187423,1915,1886,2_S
1779264871.187552,1874,1904,2_S
1779264871.18768,1896,2029,2_S
1779264871.189138,1892,2075,2_S
1779264871.1905978,1844,1909,2_S
1779264871.2043881,1882,1974,2_S
1779264871.2073631,1966,2125,2_S
1779264871.20799,2028,2218,2_S
1779264871.210725,1963,2032,2_S
1779264871.2108212,1880,1902,2_S
1779264871.2108932,1876,1987,2_S
1779264871.210936,1927,2071,2_S
1779264871.2110689,1882,1963,2_S
1779264871.21117,1852,1967,2_S
1779264871.2112372,1960,2181,2_S
1779264871.212693,2058,2373,2_S
1779264871.220431,2020,2166,2_S
1779264871.224181,1916,1986,2_S
1779264871.227482,1882,1943,2_S
1779264871.22794,1940,2121,2_S
1779264871.230377,1927,2061,2_S
1779264871.231195,1886,1954,2_S
1779264871.231277,1915,2094,2_S
1779264871.23135,2032,2316,2_S
1779264871.2314198,2048,2229,2_S
1779264871.2327821,1964,2064,2_S
1779264871.234157,1912,2000,2_S
1779264871.2408772,1953,2034,2_S
1779264871.2436538,1948,2038,2_S
1779264871.253344,1899,1862,2_S
1779264871.2568882,1920,2030,2_S
1779264871.257117,2017,2239,2_S
1779264871.257214,2089,2319,2_S
1779264871.257269,2005,2098,2_S
1779264871.2574341,1943,2036,2_S
1779264871.257519,1952,2089,2_S
1779264871.257654,1981,2128,2_S
1779264871.2577212,1918,1982,2_S
1779264871.2630851,1884,2042,2_S
1779264871.264102,1975,2221,2_S
1779264871.265141,2069,2376,2_S
1779264871.266966,2026,2182,2_S
1779264871.267232,1955,2052,2_S
1779264871.2731678,1915,1995,2_S
1779264871.273404,1959,2076,2_S
1779264871.2737632,1937,1943,2_S
1779264871.2767098,1895,1942,2_S
1779264871.276832,1950,2097,2_S
1779264871.2783139,2073,2331,2_S
1779264871.2808871,2074,2255,2_S
1779264871.2869408,1998,1996,2_S
1779264871.290476,1958,1980,2_S
1779264871.290913,1956,2080,2_S
1779264871.2927418,1973,2112,2_S
1779264871.2947252,1910,2024,2_S
1779264871.294958,1937,2058,2_S
1779264871.2981482,2047,2262,2_S
1779264871.298423,2102,2331,2_S
1779264871.29862,2034,2076,2_S
1779264871.3012748,1951,1976,2_S
1779264871.30276,1950,2072,2_S
1779264871.308606,1989,2141,2_S
1779264871.311003,1939,1989,2_S
1779264871.311284,1951,2039,2_S
1779264871.312695,2010,2238,2_S
1779264871.313691,2109,2390,2_S
1779264871.317832,2080,2240,2_S
1779264871.318378,1970,2076,2_S
1779264871.320464,1950,2069,2_S
1779264871.321398,1998,2194,2_S
1779264871.32273,1982,2098,2_S
1779264871.324116,1943,2046,2_S
1779264871.326745,1988,2152,2_S
1779264871.331881,2099,2366,2_S
1779264871.332772,2116,2319,2_S
1779264871.3333461,2020,2121,2_S
1779264871.3371499,1969,2017,2_S
1779264871.338602,1988,2104,2_S
1779264871.338826,2009,2120,2_S
1779264871.341556,1945,1969,2_S
1779264871.344393,1972,2077,2_S
1779264871.344438,2083,2315,2_S
1779264871.3470662,2140,2380,2_S
1779264871.348398,2073,2082,2_S
1779264871.3536901,1993,1993,2_S
1779264871.354662,1983,2071,2_S
1779264871.354818,2023,2095,2_S
1779264871.357024,1961,2035,2_S
1779264871.3589,1957,2058,2_S
1779264871.362507,2031,2227,2_S
1779264871.362723,2118,2401,2_S
1779264871.36508,2074,2201,2_S
1779264871.366394,1990,2089,2_S
1779264871.3688672,1973,2023,2_S
1779264871.3701692,2015,2162,2_S
1779264871.3746948,1982,2055,2_S
1779264871.375176,1925,1941,2_S
1779264871.376773,1986,2119,2_S
1779264871.3785632,2103,2346,2_S
1779264871.38259,2113,2258,2_S
1779264871.3827798,2034,1983,2_S
1779264871.385003,1959,2032,2_S
1779264871.3863199,1999,2119,2_S
1779264871.388926,2036,2102,2_S
1779264871.390234,1962,2018,2_S
1779264871.395039,1987,2106,2_S
1779264871.395144,2085,2320,2_S
1779264871.398746,2153,2276,2_S
1779264871.399303,2070,2144,2_S
1779264871.402878,2013,2098,2_S
1779264871.403062,1978,2070,2_S
1779264871.405493,2047,2153,2_S
1779264871.406807,1964,2045,2_S
1779264871.408119,1952,2065,2_S
1779264871.410858,2052,2183,2_S
1779264871.414586,2136,2350,2_S
1779264871.4170299,2096,2189,2_S
1779264871.417195,2009,2026,2_S
1779264871.419328,1960,2021,2_S
1779264871.422998,2023,2171,2_S
1779264871.4233742,2005,2114,2_S
1779264871.425751,1962,2073,2_S
1779264871.4270668,2014,2183,2_S
1779264871.4284532,2098,2351,2_S
1779264871.431293,2126,2338,2_S
1779264871.435971,2063,2105,2_S
1779264871.437769,1997,1982,2_S
1779264871.437927,2032,2076,2_S
1779264871.438217,2033,2109,2_S
1779264871.441244,1951,1963,2_S
1779264871.446095,1972,2014,2_S
1779264871.446147,2084,2309,2_S
1779264871.446188,2175,2388,2_S
1779264871.4485388,2075,2209,2_S
1779264871.451112,2011,2041,2_S
1779264871.455008,2011,2056,2_S
1779264871.455905,2062,2160,2_S
1779264871.456409,1984,2004,2_S
1779264871.4582489,1983,2068,2_S
1779264871.461371,2057,2295,2_S
1779264871.4640472,2187,2440,2_S
1779264871.4645262,2113,2183,2_S
1779264871.466722,2024,1983,2_S
1779264871.468128,1990,1989,2_S
1779264871.4707148,2036,2153,2_S
1779264871.472639,2005,2054,2_S
1779264871.479137,1976,2026,2_S
1779264871.48099,2022,2163,2_S
1779264871.4826381,2123,2299,2_S
1779264871.482858,2140,2251,2_S
1779264871.482997,2059,2101,2_S
1779264871.485441,2004,2003,2_S
1779264871.4880571,2045,2088,2_S
1779264871.4881501,2040,2129,2_S
1779264871.490848,1975,1999,2_S
1779264871.4920971,1998,2106,2_S
1779264871.496429,2110,2284,2_S
1779264871.497803,2159,2342,2_S
1779264871.500014,2092,2063,2_S
1779264871.500202,2009,2074,2_S
1779264871.50326,2021,2172,2_S
1779264871.5059268,2061,2285,2_S
1779264871.508257,2019,2065,2_S
1779264871.508503,2000,2052,2_S
1779264871.510853,2050,2225,2_S
1779264871.512157,2167,2501,2_S
1779264871.517289,2145,2357,2_S
1779264871.518668,2060,2013,2_S
1779264871.52079,2011,2051,2_S
1779264871.5209851,2018,2436,2_S
1779264871.526262,2029,2330,2_S
1779264871.5267909,1999,2277,2_S
1779264871.527345,2046,2369,2_S
1779264871.529902,2144,2410,2_S
1779264871.530108,2137,2516,2_S
1779264871.532769,2045,2286,2_S
1779264871.534175,2003,2264,2_S
1779264871.53918,2020,2405,2_S
1779264871.540025,2043,2283,2_S
1779264871.541805,1966,2442,2_S
1779264871.544854,2008,2476,2_S
1779264871.550137,2096,2642,2_S
1779264871.550422,2167,2666,2_S
1779264871.550574,2101,2425,2_S
1779264871.550674,2020,2310,2_S
1779264871.5533152,2018,2412,2_S
1779264871.5546272,2073,2556,2_S
1779264871.559318,2004,2393,2_S
1779264871.560283,1976,2202,2_S
1779264871.562164,2055,2336,2_S
1779264871.562405,2146,2762,2_S
1779264871.5676532,2079,2424,2_S
1779264871.5678778,1982,2227,2_S
1779264871.568267,1994,2175,2_S
1779264871.5706291,2039,2345,2_S
1779264871.572048,2040,2219,2_S
1779264871.5747468,1984,2397,2_S
1779264871.5795882,2019,2542,2_S
1779264871.5820858,2169,2747,2_S
1779264871.582421,2193,2621,2_S
1779264871.584225,2089,2419,2_S
1779264871.5855129,2030,2465,2_S
1779264871.588468,2057,2654,2_S
1779264871.590975,2067,2743,2_S
1779264871.5910232,1982,2712,2_S
1779264871.59233,2007,2719,2_S
1779264871.5948899,2106,2970,2_S
1779264871.596354,2142,3000,2_S
1779264871.600618,2096,2856,2_S
1779264871.601093,2005,2800,2_S
1779264871.602962,1997,3069,2_S
1779264871.604841,2037,3204,2_S
1779264871.608442,1975,3194,2_S
1779264871.608864,1975,3276,2_S
1779264871.6113238,2079,3371,2_S
1779264871.612681,2198,3428,2_S
1779264871.614262,2165,3386,2_S
1779264871.620856,2064,3238,2_S
1779264871.62145,2032,3282,2_S
1779264871.6232169,2084,3463,2_S
1779264871.623378,2045,3597,2_S
1779264871.625246,1986,3630,2_S
1779264871.629007,2070,3762,2_S
1779264871.6292968,2159,3824,2_S
1779264871.631079,2148,3727,2_S
1779264871.632393,2076,3492,2_S
1779264871.6349719,2043,3450,2_S
1779264871.63629,2053,3683,2_S
1779264871.641715,2014,3912,2_S
1779264871.643094,1955,4034,2_S
1779264871.6433861,2011,4076,2_S
1779264871.6448379,2094,4095,2_S
1779264871.6492102,2169,4000,2_S
1779264871.6494222,2062,3770,2_S
1779264871.651862,2013,3795,2_S
1779264871.652052,2018,3808,2_S
1779264871.654711,2090,3987,2_S
1779264871.656141,2019,4014,2_S
1779264871.660661,1966,4095,2_S
1779264871.6619499,2008,4016,2_S
1779264871.6636748,2148,4066,2_S
1779264871.666692,2107,3809,2_S
1779264871.669156,2036,3705,2_S
1779264871.66945,2004,3738,2_S
1779264871.671822,2011,3846,2_S
1779264871.673135,1983,3988,2_S
1779264871.67445,2000,4033,2_S
1779264871.677021,2060,3863,2_S
1779264871.683706,2168,3749,2_S
1779264871.683903,2126,3586,2_S
1779264871.6870809,2004,3391,2_S
1779264871.687249,1936,3473,2_S
1779264871.689655,2020,3422,2_S
1779264871.690203,2023,3386,2_S
1779264871.690441,1918,3519,2_S
1779264871.692684,1975,3411,2_S
1779264871.6951418,2060,3183,2_S
1779264871.6965141,2148,3011,2_S
1779264871.701955,2085,2904,2_S
1779264871.7031732,1957,2740,2_S
1779264871.704704,1968,2729,2_S
1779264871.705936,2058,2649,2_S
1779264871.708139,1971,2679,2_S
1779264871.71062,1944,2800,2_S
1779264871.7108648,2034,2719,2_S
1779264871.713373,2128,2497,2_S
1779264871.714737,2142,2301,2_S
1779264871.716056,2026,2178,2_S
1779264871.722093,2035,2366,2_S
1779264871.722965,2021,2219,2_S
1779264871.723752,2039,2155,2_S
1779264871.7262201,1961,2319,2_S
1779264871.7282062,2014,2301,2_S
1779264871.731225,2189,2017,2_S
1779264871.733758,2262,1845,2_S
1779264871.734072,2069,2258,2_S
1779264871.7341728,1991,2079,2_S
1779264871.736793,2068,1865,2_S
1779264871.7426581,2060,2013,2_S
1779264871.7432451,1952,2249,2_S
1779264871.744055,1949,1708,2_S
1779264871.745829,2076,1994,2_S
1779264871.7515578,2102,2189,2_S
1779264871.7519732,2082,2066,2_S
1779264871.752264,1935,1957,2_S
1779264871.7545862,2011,1869,2_S
1779264871.7547688,2157,2164,2_S
1779264871.75618,2015,2453,2_S
1779264871.758965,2002,2250,2_S
1779264871.769709,2056,2036,2_S
1779264871.769957,2189,1942,2_S
1779264871.772477,2105,2059,2_S
1779264871.772585,2040,2350,2_S
1779264871.772831,1969,2401,2_S
1779264871.773057,2066,1986,2_S
1779264871.7733262,1958,2418,2_S
1779264871.775519,1896,2739,2_S
1779264871.776865,1964,2294,2_S
1779264871.778185,2124,2437,2_S
1779264871.7851741,2136,2843,2_S
1779264871.7864041,2075,3158,2_S
1779264871.7881532,1970,3165,2_S
1779264871.78998,1952,3170,2_S
1779264871.793765,1969,2914,2_S
1779264871.794113,2047,2844,2_S
1779264871.794425,2007,2753,2_S
1779264871.796895,2010,2648,2_S
1779264871.79711,2103,2621,2_S
1779264871.798455,2071,2798,2_S
1779264871.8012328,1987,2746,2_S
1779264871.805651,2000,2635,2_S
1779264871.808246,2008,2488,2_S
1779264871.8101408,1960,2126,2_S
1779264871.81137,1954,2102,2_S
1779264871.8166249,2053,2219,2_S
1779264871.816853,2123,2330,2_S
1779264871.8169768,2071,2102,2_S
1779264871.817079,2030,2344,2_S
1779264871.8183832,1974,2255,2_S
1779264871.820804,2035,1854,2_S
1779264871.822029,1952,1729,2_S
1779264871.826935,1924,1698,2_S
1779264871.828589,2009,1376,2_S
1779264871.831765,2098,1445,2_S
1779264871.834451,2053,1749,2_S
1779264871.8347788,2035,1807,2_S
1779264871.8349838,2030,1883,2_S
1779264871.8373199,1937,1334,2_S
1779264871.8386319,2037,807,2_S
1779264871.839935,1936,374,2_S
1779264871.845577,1926,728,2_S
1779264871.846744,2245,1175,2_S
1779264871.849104,2251,1067,2_S
1779264871.8503602,2054,644,2_S
1779264871.851207,1941,584,2_S
1779264871.8547451,1973,764,2_S
1779264871.854913,2005,245,2_S
1779264871.857414,1962,398,2_S
1779264871.8587232,1995,429,2_S
1779264871.860209,2013,246,2_S
1779264871.866189,2135,109,2_S
1779264871.867085,2120,241,2_S
1779264871.867615,1970,0,2_S
1779264871.869451,1854,0,2_S
1779264871.8709471,1932,33,2_S
1779264871.872538,1823,255,2_S
1779264871.8750458,2041,319,2_S
1779264871.8776371,1960,218,2_S
1779264871.878944,1983,26,2_S
1779264871.880289,2014,351,2_S
1779264871.88764,2069,575,2_S
1779264871.8894908,2088,216,2_S
1779264871.889812,2073,0,2_S
1779264871.891723,2039,220,2_S
1779264871.892927,1991,356,2_S
1779264871.893109,2021,298,2_S
1779264871.8956668,2014,104,2_S
1779264871.89811,2001,0,2_S
1779264871.898324,2017,319,2_S
1779264871.900948,1965,231,2_S
1779264871.902278,1855,18,2_S
1779264871.9076722,1876,83,2_S
1779264871.908502,1838,283,2_S
1779264871.909955,1784,315,2_S
1779264871.910172,2036,189,2_S
1779264871.918263,2167,157,2_S
1779264871.918514,2087,663,2_S
1779264871.918556,1876,670,2_S
1779264871.918593,1916,446,2_S
1779264871.91998,2039,275,2_S
1779264871.922494,1934,283,2_S
1779264871.927795,1808,436,2_S
1779264871.928454,1873,354,2_S
1779264871.93071,2025,129,2_S
1779264871.932019,1906,748,2_S
1779264871.934197,1906,936,2_S
1779264871.937093,2018,904,2_S
1779264871.937259,1903,581,2_S
1779264871.940031,1953,213,2_S
1779264871.9400718,1874,570,2_S
1779264871.942556,1924,596,2_S
1779264871.943958,1897,328,2_S
1779264871.949416,1970,1025,2_S
1779264871.95217,1870,1091,2_S
1779264871.952517,1873,1101,2_S
1779264871.9545321,1817,844,2_S
1779264871.9586408,1810,615,2_S
1779264871.959199,1739,616,2_S
1779264871.961189,1804,815,2_S
1779264871.961856,1949,589,2_S
1779264871.9619598,2049,1257,2_S
1779264871.964772,1942,1247,2_S
1779264871.9662259,1727,1309,2_S
1779264871.971328,1765,1136,2_S
1779264871.971509,1934,1134,2_S
1779264871.974664,1890,734,2_S
1779264871.976299,1811,976,2_S
1779264871.976417,1812,881,2_S
1779264871.978074,1955,1446,2_S
1779264871.9814668,1909,1684,2_S
1779264871.983834,1775,1596,2_S
1779264871.983951,1749,1490,2_S
1779264871.986665,1912,1357,2_S
1779264871.9880269,1909,1148,2_S
1779264871.993471,1776,1076,2_S
1779264871.994925,1753,1171,2_S
1779264871.9966972,1877,1447,2_S
1779264872.000345,1949,1834,2_S
1779264872.002927,1867,1680,2_S
1779264872.003276,1796,1540,2_S
1779264872.003735,1900,1532,2_S
1779264872.006071,1956,1547,2_S
1779264872.006154,1821,1144,2_S
1779264872.008738,1807,1363,2_S
1779264872.010179,1951,1495,2_S
1779264872.018139,2099,1969,2_S
1779264872.01848,2005,1705,2_S
1779264872.020659,1890,1564,2_S
1779264872.022086,1831,1434,2_S
1779264872.024931,1946,1664,2_S
1779264872.025151,1930,1436,2_S
1779264872.025394,1844,1373,2_S
1779264872.028091,1955,1476,2_S
1779264872.028141,2040,2127,2_S
1779264872.030853,2108,2141,2_S
1779264872.032203,2030,1659,2_S
1779264872.0391612,1972,1557,2_S
1779264872.04064,1991,1739,2_S
1779264872.042654,1981,1715,2_S
1779264872.046646,1880,1383,2_S
1779264872.0471199,1955,1621,2_S
1779264872.04964,2147,2017,2_S
1779264872.050234,2160,2089,2_S
1779264872.05054,2121,1717,2_S
1779264872.050635,2103,1623,2_S
1779264872.052044,1952,1715,2_S
1779264872.055037,2023,1890,2_S
1779264872.060107,1982,1505,2_S
1779264872.061056,2083,1552,2_S
1779264872.06433,2073,1894,2_S
1779264872.066782,2206,2241,2_S
1779264872.069576,2199,2087,2_S
1779264872.06984,2011,1822,2_S
1779264872.070127,2072,1667,2_S
1779264872.070229,2216,1926,2_S
1779264872.072444,2156,1832,2_S
1779264872.07508,1993,1696,2_S
1779264872.076444,1978,1916,2_S
1779264872.086802,2101,2282,2_S
1779264872.0878,2146,2233,2_S
1779264872.0919511,2041,1863,2_S
1779264872.092426,1982,1748,2_S
1779264872.0926359,2038,1930,2_S
1779264872.0946681,2091,1959,2_S
1779264872.0953002,2047,1639,2_S
1779264872.095395,1986,1751,2_S
1779264872.095551,2106,2240,2_S
1779264872.096889,2206,2445,2_S
1779264872.09822,2137,1945,2_S
1779264872.101089,2032,1804,2_S
1779264872.105273,2041,1836,2_S
1779264872.106705,2079,1914,2_S
1779264872.1089091,2031,1688,2_S
1779264872.112313,1998,1778,2_S
1779264872.112447,2042,2160,2_S
1779264872.1155682,2183,2406,2_S
1779264872.115896,2148,2106,2_S
1779264872.116239,2082,1721,2_S
1779264872.1187232,2071,1663,2_S
1779264872.121071,2089,1981,2_S
1779264872.122383,1992,1959,2_S
1779264872.1320288,2034,1840,2_S
1779264872.1359549,2040,2016,2_S
1779264872.139172,2097,2467,2_S
1779264872.139457,2208,2357,2_S
1779264872.1398132,2175,2022,2_S
1779264872.140026,2053,1764,2_S
1779264872.1404102,2024,1933,2_S
1779264872.142792,2067,1993,2_S
1779264872.143072,2053,1822,2_S
1779264872.143122,2004,2078,2_S
1779264872.144437,2053,2405,2_S
1779264872.1530628,2134,2584,2_S
1779264872.153374,2123,2181,2_S
1779264872.155514,2041,1902,2_S
1779264872.156975,1996,1962,2_S
1779264872.1599622,2038,2156,2_S
1779264872.160351,2140,1914,2_S
1779264872.1625862,2083,1969,2_S
1779264872.163379,2012,2477,2_S
1779264872.163569,2223,2727,2_S
1779264872.164892,2257,2273,2_S
1779264872.166207,2080,2072,2_S
1779264872.172381,2002,1948,2_S
1779264872.1733718,1984,2233,2_S
1779264872.176123,2001,2099,2_S
1779264872.177388,1969,2023,2_S
1779264872.178396,2109,2278,2_S
1779264872.1833558,2166,2688,2_S
1779264872.1854248,2174,2516,2_S
1779264872.186193,2072,2139,2_S
1779264872.186291,1993,2030,2_S
1779264872.1863391,2028,2304,2_S
1779264872.188923,2032,2274,2_S
1779264872.190322,1992,1968,2_S
1779264872.197029,2007,2113,2_S
1779264872.199619,2076,2459,2_S
1779264872.199887,2176,2624,2_S
1779264872.20898,2167,2234,2_S
1779264872.209143,2014,1958,2_S
1779264872.209304,2043,2053,2_S
1779264872.2093801,2067,2270,2_S
1779264872.209522,2018,2005,2_S
1779264872.209619,2032,1962,2_S
1779264872.211002,2117,2285,2_S
1779264872.2123919,2117,2653,2_S
1779264872.213865,2063,2296,2_S
1779264872.220261,2062,1918,2_S
1779264872.223436,1998,1880,2_S
1779264872.230489,2040,2125,2_S
1779264872.234095,2073,1988,2_S
1779264872.234207,2049,1894,2_S
1779264872.234286,2021,2213,2_S
1779264872.2343512,2121,2432,2_S
1779264872.234459,2086,2326,2_S
1779264872.234529,2040,1952,2_S
1779264872.234596,2015,1835,2_S
1779264872.235994,2092,1963,2_S
1779264872.2438242,2034,2058,2_S
1779264872.247812,2070,1801,2_S
1779264872.251758,2033,1971,2_S
1779264872.254745,2053,2362,2_S
1779264872.2549,2131,2497,2_S
1779264872.254982,2121,2147,2_S
1779264872.25505,2109,1990,2_S
1779264872.255114,2040,2025,2_S
1779264872.255251,1995,2214,2_S
1779264872.256756,1981,2040,2_S
1779264872.258194,1995,1977,2_S
1779264872.268488,2078,2305,2_S
1779264872.2711308,2161,2721,2_S
1779264872.276314,2134,2403,2_S
1779264872.279113,2069,2104,2_S
1779264872.279243,2063,1892,2_S
1779264872.2793212,2114,2199,2_S
1779264872.279392,2068,2111,2_S
1779264872.279459,2034,2026,2_S
1779264872.279519,1998,2228,2_S
1779264872.279702,2111,2561,2_S
1779264872.27984,2170,2496,2_S
1779264872.288754,2122,2163,2_S
1779264872.289139,2036,2023,2_S
1779264872.292035,2029,2140,2_S
1779264872.293799,2089,2203,2_S
1779264872.2974,1960,2019,2_S
1779264872.29794,1965,2052,2_S
1779264872.2982662,2143,2448,2_S
1779264872.300479,2157,2617,2_S
1779264872.301538,2120,2173,2_S
1779264872.301789,2056,1909,2_S
1779264872.301866,2028,2011,2_S
1779264872.304502,2067,2254,2_S
1779264872.30587,2039,2017,2_S
1779264872.315371,1996,2021,2_S
1779264872.32251,2047,2315,2_S
1779264872.323178,2137,2642,2_S
1779264872.323704,2191,2349,2_S
1779264872.3238888,2029,2031,2_S
1779264872.3239949,1996,2021,2_S
1779264872.3244789,2010,2148,2_S
1779264872.3245382,2025,2125,2_S
1779264872.324615,2031,1973,2_S
1779264872.327591,2043,2102,2_S
1779264872.328934,2151,2527,2_S
1779264872.336273,2212,2374,2_S
1779264872.339995,2098,2021,2_S
1779264872.3454568,2041,1890,2_S
1779264872.3480508,2039,2071,2_S
1779264872.348145,2029,2119,2_S
1779264872.3482182,2032,1925,2_S
1779264872.34829,2013,2038,2_S
1779264872.348352,2078,2424,2_S
1779264872.348414,2182,2521,2_S
1779264872.3485382,2123,2119,2_S
1779264872.34992,2018,1892,2_S
1779264872.3525481,1995,1914,2_S
1779264872.359705,2020,2175,2_S
1779264872.363209,2000,1927,2_S
1779264872.3659542,1934,1900,2_S
1779264872.366307,2048,2212,2_S
1779264872.3695328,2146,2491,2_S
1779264872.370198,2114,2225,2_S
1779264872.370455,2012,2009,2_S
1779264872.372704,2002,1952,2_S
1779264872.372899,2047,2152,2_S
1779264872.373593,2114,2059,2_S
1779264872.374998,1986,1936,2_S
1779264872.384011,2035,2155,2_S
1779264872.386074,2147,2540,2_S
1779264872.391181,2118,2490,2_S
1779264872.391814,2082,2167,2_S
1779264872.392151,2082,2000,2_S
1779264872.392403,2069,2072,2_S
1779264872.3950799,2087,2092,2_S
1779264872.39522,1982,1890,2_S
1779264872.395274,1985,1985,2_S
1779264872.395319,2100,2348,2_S
1779264872.3967202,2163,2473,2_S
1779264872.398175,2117,2121,2_S
1779264872.4012759,2021,1973,2_S
1779264872.407105,2039,2037,2_S
1779264872.4095612,2053,2161,2_S
1779264872.411145,2011,1942,2_S
1779264872.416548,2009,2012,2_S
1779264872.4173892,2070,2323,2_S
1779264872.420172,2132,2545,2_S
1779264872.420516,2104,2283,2_S
1779264872.420608,2048,2000,2_S
1779264872.420676,1987,1900,2_S
1779264872.420745,2039,2044,2_S
1779264872.4224691,2052,1946,2_S
1779264872.427707,2003,1864,2_S
1779264872.4323,2027,2101,2_S
1779264872.437362,2124,2433,2_S
1779264872.439996,2146,2373,2_S
1779264872.440874,2075,2065,2_S
1779264872.440928,1985,1878,2_S
1779264872.440974,2005,2072,2_S
1779264872.441021,2041,2163,2_S
1779264872.441065,1972,1821,2_S
1779264872.4424598,2008,1993,2_S
1779264872.4439092,2090,2312,2_S
1779264872.454633,2182,2456,2_S
1779264872.456884,2135,2059,2_S
1779264872.458946,2031,1906,2_S
1779264872.462495,2008,1944,2_S
1779264872.463261,2051,2211,2_S
1779264872.466038,1981,2062,2_S
1779264872.466395,1970,1941,2_S
1779264872.466582,2040,2232,2_S
1779264872.466719,2129,2514,2_S
1779264872.466824,2133,2299,2_S
1779264872.466919,2062,1998,2_S
1779264872.4681852,2022,1913,2_S
1779264872.47349,2079,2088,2_S
1779264872.4753978,2028,2025,2_S
1779264872.479551,1955,1937,2_S
1779264872.4857311,2016,2124,2_S
1779264872.4865751,2117,2508,2_S
1779264872.486845,2193,2382,2_S
1779264872.4871838,2100,2023,2_S
1779264872.489772,1994,1939,2_S
1779264872.490861,2000,2074,2_S
1779264872.491035,2066,2089,2_S
1779264872.491151,2033,1868,2_S
1779264872.492558,2015,1989,2_S
1779264872.49392,2087,2355,2_S
1779264872.496671,2073,2539,2_S
1779264872.502935,2038,2181,2_S
1779264872.50483,1965,2030,2_S
1779264872.509046,2002,2015,2_S
1779264872.515002,2058,2219,2_S
1779264872.517878,2008,2026,2_S
1779264872.51881,1978,1992,2_S
1779264872.5189939,2017,2330,2_S
1779264872.519121,2125,2628,2_S
1779264872.519217,2143,2308,2_S
1779264872.519349,2079,1971,2_S
1779264872.519438,2024,1860,2_S
1779264872.5208151,2037,2184,2_S
1779264872.527318,2051,2072,2_S
1779264872.528419,1986,1880,2_S
1779264872.530432,2010,2054,2_S
1779264872.53523,2117,2396,2_S
1779264872.539205,2131,2429,2_S
1779264872.540083,2079,2098,2_S
1779264872.540765,2014,1953,2_S
1779264872.543906,2034,2091,2_S
1779264872.544283,2051,2142,2_S
1779264872.5444381,1981,1870,2_S
1779264872.544524,1970,2019,2_S
1779264872.5445929,2077,2398,2_S
1779264872.546002,2168,2535,2_S
1779264872.5488372,2120,2161,2_S
1779264872.54997,2031,1978,2_S
1779264872.555997,2056,1983,2_S
1779264872.55734,2090,2165,2_S
1779264872.5620759,2009,1990,2_S
1779264872.564414,1977,1934,2_S
1779264872.5688498,2017,2141,2_S
1779264872.569566,2139,2433,2_S
1779264872.570107,2155,2269,2_S
1779264872.5732212,2063,1987,2_S
1779264872.573581,2013,1869,2_S
1779264872.573683,2042,2084,2_S
1779264872.5737631,2016,1992,2_S
1779264872.5738308,1945,1868,2_S
1779264872.580917,2001,2059,2_S
1779264872.582719,2068,2398,2_S
1779264872.5862951,2121,2359,2_S
1779264872.586686,2048,1933,2_S
1779264872.5871842,1960,1770,2_S
1779264872.591421,1993,2006,2_S
1779264872.592032,1988,2011,2_S
1779264872.596299,1945,1799,2_S
1779264872.59691,1931,1853,2_S
1779264872.60019,2043,2239,2_S
1779264872.600322,2139,2401,2_S
1779264872.6004522,2075,1933,2_S
1779264872.6005728,1975,1861,2_S
1779264872.601918,1952,1838,2_S
1779264872.604545,1986,2047,2_S
1779264872.605928,1957,1746,2_S
1779264872.6124659,1915,1795,2_S
1779264872.616103,1998,2039,2_S
1779264872.6187031,2121,2280,2_S
1779264872.621311,2073,2188,2_S
1779264872.625314,2005,1882,2_S
1779264872.626123,1977,1885,2_S
1779264872.628642,1998,1944,2_S
1779264872.629637,1981,1766,2_S
1779264872.6297238,1916,1779,2_S
1779264872.629796,1959,1955,2_S
1779264872.629884,2071,2263,2_S
1779264872.6299589,2089,2317,2_S
1779264872.6404228,1986,1887,2_S
1779264872.640979,1955,1771,2_S
1779264872.643581,1926,1977,2_S
1779264872.648841,1988,2027,2_S
1779264872.64932,1934,1798,2_S
1779264872.650233,1928,1802,2_S
1779264872.650592,2002,2286,2_S
1779264872.653881,2066,2375,2_S
1779264872.654016,2035,1866,2_S
1779264872.654111,1958,1812,2_S
1779264872.654271,1926,2002,2_S
1779264872.654367,1962,1983,2_S
1779264872.655724,1923,1676,2_S
1779264872.658556,1914,1712,2_S
1779264872.6603231,1882,2070,2_S
1779264872.665658,2056,2471,2_S
1779264872.669166,2052,2198,2_S
1779264872.671714,2015,1937,2_S
1779264872.674078,1935,2025,2_S
1779264872.677972,1961,2078,2_S
1779264872.6785338,2014,1840,2_S
1779264872.679203,1896,1901,2_S
1779264872.682419,1932,2092,2_S
1779264872.6826088,2056,2053,2_S
1779264872.6827211,1997,2281,2_S
1779264872.682857,1973,2006,2_S
1779264872.684205,1972,1524,2_S
1779264872.6911738,1967,1705,2_S
1779264872.693963,1938,2026,2_S
1779264872.698314,1904,1707,2_S
1779264872.7022731,1948,1668,2_S
1779264872.70277,2050,2101,2_S
1779264872.7031412,2119,2399,2_S
1779264872.703753,2053,2093,2_S
1779264872.706968,1973,1859,2_S
1779264872.707175,1910,1845,2_S
1779264872.707256,1887,2048,2_S
1779264872.7073321,1933,1715,2_S
1779264872.708679,1916,1679,2_S
1779264872.710015,1953,2026,2_S
1779264872.712833,2097,2345,2_S
1779264872.720736,2147,2186,2_S
1779264872.722959,2011,1774,2_S
1779264872.725193,1945,1876,2_S
1779264872.7335832,1939,1944,2_S
1779264872.735244,2028,1814,2_S
1779264872.73533,1940,1679,2_S
1779264872.735589,1911,1831,2_S
1779264872.735689,2033,2175,2_S
1779264872.735756,2064,2197,2_S
1779264872.735819,2020,1920,2_S
1779264872.73588,2030,1763,2_S
1779264872.735942,2058,1764,2_S
1779264872.752835,2059,1789,2_S
1779264872.756706,1985,1690,2_S
1779264872.75681,1968,1749,2_S
1779264872.756883,2075,2027,2_S
1779264872.757012,2153,2275,2_S
1779264872.75709,2055,1932,2_S
1779264872.7572339,1958,1675,2_S
1779264872.7573051,1949,1728,2_S
1779264872.757372,2001,1910,2_S
1779264872.7574642,1958,1679,2_S
1779264872.757569,1921,1657,2_S
1779264872.75959,2014,1916,2_S
1779264872.7626271,2093,2301,2_S
1779264872.7710469,2078,2016,2_S
1779264872.783047,1979,1717,2_S
1779264872.783253,1940,1716,2_S
1779264872.783324,2005,1895,2_S
1779264872.783466,1971,1663,2_S
1779264872.783584,1945,1436,2_S
1779264872.7836459,1986,1702,2_S
1779264872.7837389,2099,2109,2_S
1779264872.783872,2149,2157,2_S
1779264872.783977,2091,1786,2_S
1779264872.784039,2029,1525,2_S
1779264872.7933629,2035,1669,2_S
1779264872.794233,2021,1684,2_S
1779264872.8078332,1941,1468,2_S
1779264872.813907,1946,1505,2_S
1779264872.814019,2047,1842,2_S
1779264872.814163,2138,2053,2_S
1779264872.814215,2091,1672,2_S
1779264872.815951,2009,1445,2_S
1779264872.8160698,1993,1453,2_S
1779264872.816148,2048,1640,2_S
1779264872.8161979,1998,1447,2_S
1779264872.816246,1974,1449,2_S
1779264872.816293,2040,1665,2_S
1779264872.816341,2136,2053,2_S
1779264872.8163881,2126,1833,2_S
1779264872.8164349,2060,1588,2_S
1779264872.818052,1981,1498,2_S
1779264872.8345659,2028,1698,2_S
1779264872.8349462,2033,1614,2_S
1779264872.835547,1977,1431,2_S
1779264872.836241,1992,1683,2_S
1779264872.8394501,2098,2091,2_S
1779264872.8397539,2154,2160,2_S
1779264872.83986,2077,1826,2_S
1779264872.839935,2004,1576,2_S
1779264872.8400068,2016,1690,2_S
1779264872.840071,2064,1790,2_S
1779264872.840138,1970,1588,2_S
1779264872.8415701,1961,1696,2_S
1779264872.852552,2064,2089,2_S
1779264872.854717,2174,2294,2_S
1779264872.8556108,2114,1867,2_S
1779264872.861145,2027,1658,2_S
1779264872.865414,2009,1724,2_S
1779264872.8656151,2055,1951,2_S
1779264872.8657,2033,1662,2_S
1779264872.86577,1991,1670,2_S
1779264872.865875,2044,1985,2_S
1779264872.865943,2156,2368,2_S
1779264872.866007,2145,2119,2_S
1779264872.866115,2052,1855,2_S
1779264872.868764,1994,1791,2_S
1779264872.870142,2034,2048,2_S
1779264872.880954,2035,2004,2_S
1779264872.884182,1960,1672,2_S
1779264872.889608,1993,1934,2_S
1779264872.890528,2108,2416,2_S
1779264872.890962,2168,2387,2_S
1779264872.891237,2073,1980,2_S
1779264872.893614,2016,1736,2_S
1779264872.8939362,2022,1882,2_S
1779264872.894915,2053,1985,2_S
1779264872.8950012,2007,1729,2_S
1779264872.895076,1989,1847,2_S
1779264872.8951402,2102,2224,2_S
1779264872.89659,2179,2431,2_S
1779264872.9039848,2095,2057,2_S
1779264872.906316,2029,1797,2_S
1779264872.908764,1987,1901,2_S
1779264872.9104798,2053,2133,2_S
1779264872.91473,1987,1901,2_S
1779264872.915487,1956,1747,2_S
1779264872.918905,2031,2118,2_S
1779264872.919133,2132,2482,2_S
1779264872.919253,2141,2346,2_S
1779264872.919395,2075,1982,2_S
1779264872.9194849,2000,1796,2_S
1779264872.919589,2020,2074,2_S
1779264872.92226,2040,2010,2_S
1779264872.923713,1993,1793,2_S
1779264872.933763,2020,2002,2_S
1779264872.936239,2117,2389,2_S
1779264872.938633,2183,2408,2_S
1779264872.942527,2096,2061,2_S
1779264872.94317,2002,1880,2_S
1779264872.943651,2032,1999,2_S
1779264872.944005,2097,2134,2_S
1779264872.944457,2003,1805,2_S
1779264872.947532,1994,1888,2_S
1779264872.947627,2071,2261,2_S
1779264872.947702,2205,2462,2_S
1779264872.947774,2148,2154,2_S
1779264872.956466,2044,1927,2_S
1779264872.959214,2046,1895,2_S
1779264872.963397,2090,2062,2_S
1779264872.963794,2022,1865,2_S
1779264872.967718,2003,1803,2_S
1779264872.96824,2043,2106,2_S
1779264872.968833,2167,2565,2_S
1779264872.972151,2161,2267,2_S
1779264872.97265,2058,1929,2_S
1779264872.9727318,2033,1837,2_S
1779264872.972811,2054,2084,2_S
1779264872.972953,2065,2029,2_S
1779264872.974327,1978,1838,2_S
1779264872.9757252,2013,2060,2_S
1779264872.978354,2114,2439,2_S
1779264872.988169,2176,2436,2_S
1779264872.9885929,2086,2072,2_S
1779264872.996507,2006,1923,2_S
1779264872.997237,2019,1989,2_S
1779264872.997822,2057,2063,2_S
1779264872.998176,2000,1755,2_S
1779264873.0014222,1972,1952,2_S
1779264873.001556,2076,2334,2_S
1779264873.001683,2189,2567,2_S
1779264873.001794,2140,2148,2_S
1779264873.0019011,2047,1921,2_S
1779264873.0020092,2016,1917,2_S
1779264873.0034392,2057,2189,2_S
1779264873.012727,2044,1958,2_S
1779264873.0132558,2002,1855,2_S
1779264873.017316,2068,2185,2_S
1779264873.02116,2167,2535,2_S
1779264873.022212,2173,2365,2_S
1779264873.025184,2068,2042,2_S
1779264873.025304,2034,1908,2_S
1779264873.02543,2039,2078,2_S
1779264873.02554,2040,2044,2_S
1779264873.0256078,1985,1814,2_S
1779264873.0256698,2031,2074,2_S
1779264873.028346,2121,2405,2_S
1779264873.0296772,2187,2393,2_S
1779264873.04029,2094,2080,2_S
1779264873.04086,2025,1897,2_S
1779264873.042916,2028,1973,2_S
1779264873.048704,2087,2071,2_S
1779264873.0494442,2027,1832,2_S
1779264873.050001,2008,1952,2_S
1779264873.050624,2096,2300,2_S
1779264873.053199,2185,2553,2_S
1779264873.054243,2135,2187,2_S
1779264873.054374,2034,1908,2_S
1779264873.054544,2022,1888,2_S
1779264873.054697,2063,2131,2_S
1779264873.0570219,2042,1914,2_S
1779264873.065835,1987,1817,2_S
1779264873.067965,2045,2134,2_S
1779264873.070405,2157,2548,2_S
1779264873.074668,2155,2371,2_S
1779264873.0783591,2042,1991,2_S
1779264873.07851,2007,1835,2_S
1779264873.078638,2063,2104,2_S
1779264873.078704,2075,2109,2_S
1779264873.078795,1993,1806,2_S
1779264873.078861,2005,2036,2_S
1779264873.078924,2131,2400,2_S
1779264873.080378,2197,2483,2_S
1779264873.0817332,2125,2123,2_S
1779264873.084349,2042,1912,2_S
1779264873.0909598,2048,2043,2_S
1779264873.092274,2082,2138,2_S
1779264873.098567,2023,1901,2_S
1779264873.10262,2057,2002,2_S
1779264873.1034088,2115,2327,2_S
1779264873.1039722,2208,2599,2_S
1779264873.106661,2135,2114,2_S
1779264873.107958,2031,1905,2_S
1779264873.108038,2012,1928,2_S
1779264873.108109,2078,2041,2_S
1779264873.108177,2018,1907,2_S
1779264873.108244,1969,1803,2_S
1779264873.1096199,2037,2105,2_S
1779264873.119728,2164,2514,2_S
1779264873.1223629,2156,2331,2_S
1779264873.124203,2093,1926,2_S
1779264873.128653,2052,1873,2_S
1779264873.129301,2054,2129,2_S
1779264873.132603,2086,2122,2_S
1779264873.1327,2001,1872,2_S
1779264873.1327941,2035,1980,2_S
1779264873.1329,2128,2370,2_S
1779264873.132975,2171,2442,2_S
1779264873.1331,2109,2052,2_S
1779264873.134469,2056,1893,2_S
1779264873.1358411,2033,2040,2_S
1779264873.138458,2053,2150,2_S
1779264873.145111,1978,1849,2_S
1779264873.148152,1976,1893,2_S
1779264873.152937,2066,2319,2_S
1779264873.156756,2152,2582,2_S
1779264873.157311,2118,2180,2_S
1779264873.1583118,2035,1898,2_S
1779264873.161258,2005,1955,2_S
1779264873.161694,2050,2106,2_S
1779264873.161804,2055,1879,2_S
1779264873.161962,2002,1844,2_S
1779264873.162102,2051,2112,2_S
1779264873.162187,2155,2482,2_S
1779264873.1635451,2150,2354,2_S
1779264873.172804,2078,1961,2_S
1779264873.175186,2026,1829,2_S
1779264873.181045,2051,2031,2_S
1779264873.181537,2059,2006,2_S
1779264873.182316,2003,1736,2_S
1779264873.182925,2009,1945,2_S
1779264873.185954,2107,2397,2_S
1779264873.1860428,2183,2455,2_S
1779264873.1861389,2103,2079,2_S
1779264873.1862762,2037,1858,2_S
1779264873.186398,2033,2006,2_S
1779264873.187755,2046,2147,2_S
1779264873.190402,2005,1851,2_S
1779264873.1919281,1989,1897,2_S
1779264873.197881,2087,2223,2_S
1779264873.201235,2205,2568,2_S
1779264873.201787,2136,2228,2_S
1779264873.2045052,2062,1937,2_S
1779264873.210092,2030,1840,2_S
1779264873.2105548,2075,2061,2_S
1779264873.2111602,2048,1943,2_S
1779264873.214449,2006,1854,2_S
1779264873.2149389,2044,2126,2_S
1779264873.215206,2134,2485,2_S
1779264873.2153149,2163,2338,2_S
1779264873.215433,2079,2039,2_S
1779264873.2240179,2012,1849,2_S
1779264873.2266781,2033,2061,2_S
1779264873.227246,2044,2045,2_S
1779264873.2314339,2001,1833,2_S
1779264873.23548,1991,1947,2_S
1779264873.235977,2134,2350,2_S
1779264873.236393,2190,2464,2_S
1779264873.2369778,2097,2050,2_S
1779264873.240051,2044,1896,2_S
1779264873.2401469,2019,1964,2_S
1779264873.240289,2083,2082,2_S
1779264873.240393,2012,1815,2_S
1779264873.241643,2000,1911,2_S
1779264873.244137,2104,2220,2_S
1779264873.245525,2183,2480,2_S
1779264873.253128,2119,2136,2_S
1779264873.25809,2039,1890,2_S
1779264873.260532,2028,1870,2_S
1779264873.2678778,2063,2099,2_S
1779264873.268126,2028,1959,2_S
1779264873.268245,1995,1842,2_S
1779264873.268325,2036,2121,2_S
1779264873.2683918,2159,2486,2_S
1779264873.268456,2165,2334,2_S
1779264873.268517,2055,1964,2_S
1779264873.2685828,2014,1837,2_S
1779264873.2699609,2039,2035,2_S
1779264873.2770078,2044,2027,2_S
1779264873.27983,1987,1822,2_S
1779264873.2826471,1974,1997,2_S
1779264873.284648,2121,2375,2_S
1779264873.288795,2195,2434,2_S
1779264873.289715,2114,2118,2_S
1779264873.292129,2020,1927,2_S
1779264873.292809,2010,1960,2_S
1779264873.293036,2061,2098,2_S
1779264873.293101,2023,1852,2_S
1779264873.2931561,1996,1863,2_S
1779264873.2933388,2104,2224,2_S
1779264873.2959511,2177,2543,2_S
1779264873.297431,2142,2220,2_S
1779264873.3056798,2064,1921,2_S
1779264873.308009,2023,1913,2_S
1779264873.308311,2076,2172,2_S
1779264873.3164,2060,2014,2_S
1779264873.319603,2006,1839,2_S
1779264873.319718,2040,2059,2_S
1779264873.319846,2156,2450,2_S
1779264873.319941,2171,2364,2_S
1779264873.320111,2082,2006,2_S
1779264873.320183,2036,1872,2_S
1779264873.3202891,2062,2041,2_S
1779264873.321719,2063,2061,2_S
1779264873.332437,2008,1773,2_S
1779264873.333774,2049,1948,2_S
1779264873.339529,2141,2373,2_S
1779264873.339819,2171,2466,2_S
1779264873.3400729,2115,2128,2_S
1779264873.340349,2043,1933,2_S
1779264873.3405921,2029,1948,2_S
1779264873.3409789,2076,2097,2_S
1779264873.344108,2008,1881,2_S
1779264873.344338,1993,1910,2_S
1779264873.344481,2088,2262,2_S
1779264873.3459048,2173,2549,2_S
1779264873.347735,2151,2229,2_S
1779264873.3492868,2048,1892,2_S
1779264873.356572,2035,1903,2_S
1779264873.357427,2080,2170,2_S
1779264873.359988,2049,2024,2_S
1779264873.360349,1993,1889,2_S
1779264873.3605812,2051,2149,2_S
1779264873.363324,2167,2478,2_S
1779264873.365073,2184,2401,2_S
1779264873.368908,2085,2026,2_S
1779264873.369432,2023,1885,2_S
1779264873.369586,2086,2058,2_S
1779264873.372712,2064,2092,2_S
1779264873.3740852,2007,1800,2_S
1779264873.375792,2027,1979,2_S
1779264873.382175,2118,2326,2_S
1779264873.3845592,2183,2554,2_S
1779264873.3868318,2126,2232,2_S
1779264873.3924742,2065,1976,2_S
1779264873.39284,2015,2090,2_S
1779264873.393044,2078,2272,2_S
1779264873.393536,2012,2047,2_S
1779264873.396645,1989,2017,2_S
1779264873.3972821,2081,2511,2_S
1779264873.397426,2192,2814,2_S
1779264873.397509,2133,2398,2_S
1779264873.400119,2047,2136,2_S
1779264873.40144,2021,2048,2_S
1779264873.408108,2052,2286,2_S
1779264873.408761,2067,2274,2_S
1779264873.4099462,2017,2146,2_S
1779264873.414191,2058,2476,2_S
1779264873.419966,2157,2869,2_S
1779264873.420296,2180,2756,2_S
1779264873.420804,2067,2313,2_S
1779264873.421005,2030,2314,2_S
1779264873.4213471,2063,2494,2_S
1779264873.423661,2079,2518,2_S
1779264873.424456,1992,2371,2_S
1779264873.425877,1993,2523,2_S
1779264873.431894,2125,2842,2_S
1779264873.4325519,2184,2998,2_S
1779264873.4331741,2120,2558,2_S
1779264873.43379,2050,2382,2_S
1779264873.4363148,2052,2625,2_S
1779264873.438848,2080,2924,2_S
1779264873.4447339,2065,2678,2_S
1779264873.4452648,2034,2793,2_S
1779264873.447664,2106,3132,2_S
1779264873.449163,2203,3305,2_S
1779264873.4492538,2148,3126,2_S
1779264873.449436,2045,2789,2_S
1779264873.452338,2008,2745,2_S
1779264873.4537568,2100,2982,2_S
1779264873.455425,2061,2773,2_S
1779264873.4618611,1973,2656,2_S
1779264873.4670699,2053,2923,2_S
1779264873.473202,2180,3401,2_S
1779264873.473601,2206,3211,2_S
1779264873.475923,2115,2834,2_S
1779264873.4767418,2050,2746,2_S
1779264873.4768262,2074,2941,2_S
1779264873.476904,2077,3128,2_S
1779264873.47704,2010,2955,2_S
1779264873.4771578,2014,3041,2_S
1779264873.477207,2146,3428,2_S
1779264873.4842849,2233,3491,2_S
1779264873.487107,2146,3041,2_S
1779264873.495719,2064,2869,2_S
1779264873.498815,2055,2995,2_S
1779264873.4989471,2122,3324,2_S
1779264873.4992251,2040,3186,2_S
1779264873.499376,2029,3334,2_S
1779264873.499497,2107,3546,2_S
1779264873.49968,2217,3685,2_S
1779264873.499758,2197,3303,2_S
1779264873.499824,2114,3001,2_S
1779264873.501206,2100,3027,2_S
1779264873.503681,2141,3220,2_S
1779264873.510926,2143,3412,2_S
1779264873.5129511,2118,3455,2_S
1779264873.5133069,2170,3609,2_S
1779264873.520774,2267,3845,2_S
1779264873.521237,2285,3632,2_S
1779264873.521756,2170,3208,2_S
1779264873.522163,2114,3203,2_S
1779264873.525103,2177,3635,2_S
1779264873.52526,2204,3719,2_S
1779264873.525418,2105,3587,2_S
1779264873.525547,2132,3611,2_S
1779264873.536305,2265,3876,2_S
1779264873.543282,2347,3897,2_S
1779264873.543985,2287,3428,2_S
1779264873.5467908,2187,3288,2_S
1779264873.547241,2222,3517,2_S
1779264873.547394,2317,3933,2_S
1779264873.547767,2265,4022,2_S
1779264873.5483992,2242,4094,2_S
1779264873.548477,2304,4095,2_S
1779264873.548861,2443,4095,2_S
1779264873.548915,2408,3764,2_S
1779264873.5502431,2357,3556,2_S
1779264873.551585,2365,3629,2_S
1779264873.558275,2364,3903,2_S
1779264873.560239,2353,4095,2_S
1779264873.5660312,2347,4095,2_S
1779264873.5696268,2445,4095,2_S
1779264873.5704389,2590,4095,2_S
1779264873.5731258,2614,4017,2_S
1779264873.573258,2545,3842,2_S
1779264873.573332,2500,3808,2_S
1779264873.5734332,2522,3911,2_S
1779264873.5735471,2555,4074,2_S
1779264873.57359,2481,4095,2_S
1779264873.582978,2493,4095,2_S
1779264873.583359,2652,4095,2_S
1779264873.5835898,2780,4095,2_S
1779264873.5862179,2665,3992,2_S
1779264873.5907369,2586,3938,2_S
1779264873.591054,2597,3955,2_S
1779264873.591339,2735,4032,2_S
1779264873.591681,2608,4095,2_S
1779264873.5939572,2633,4095,2_S
1779264873.594788,2685,4095,2_S
1779264873.596151,2812,4095,2_S
1779264873.597582,2730,3907,2_S
1779264873.6001909,2688,3785,2_S
1779264873.605472,2663,3774,2_S
1779264873.605527,2707,3900,2_S
1779264873.610077,2685,3994,2_S
1779264873.610671,2673,4034,2_S
1779264873.612481,2739,3795,2_S
1779264873.612792,2930,3626,2_S
1779264873.615851,2931,3430,2_S
1779264873.616215,2782,3034,2_S
1779264873.619088,2690,3206,2_S
1779264873.619151,2772,2920,2_S
1779264873.625312,2865,2948,2_S
1779264873.625468,2753,3225,2_S
1779264873.626511,2740,2915,2_S
1779264873.629175,2935,2475,2_S
1779264873.630872,2945,2315,2_S
1779264873.633002,2875,2343,2_S
1779264873.6361659,2841,2235,2_S
1779264873.636595,2814,2098,2_S
1779264873.639522,2863,1977,2_S
1779264873.6396852,2890,2115,2_S
1779264873.642208,2842,1911,2_S
1779264873.643531,3029,1731,2_S
1779264873.649961,3089,1574,2_S
1779264873.650557,3061,1560,2_S
1779264873.653904,2924,1292,2_S
1779264873.654132,2919,1377,2_S
1779264873.6542568,2921,1069,2_S
1779264873.655879,2951,1368,2_S
1779264873.657804,2897,1649,2_S
1779264873.6609962,2986,1301,2_S
1779264873.661302,3087,1147,2_S
1779264873.6641228,3050,862,2_S
1779264873.665438,2931,797,2_S
1779264873.6707258,2994,882,2_S
1779264873.6719842,2989,954,2_S
1779264873.6737332,3036,1181,2_S
1779264873.673968,2942,1443,2_S
1779264873.677077,2951,1064,2_S
1779264873.680119,3031,438,2_S
1779264873.6804411,3023,344,2_S
1779264873.6833549,2935,842,2_S
1779264873.6834078,2825,917,2_S
1779264873.685985,2853,1036,2_S
1779264873.6872928,2787,986,2_S
1779264873.692844,2805,1095,2_S
1779264873.693789,2779,1159,2_S
1779264873.696228,2883,1194,2_S
1779264873.698295,2991,1434,2_S
1779264873.698955,2845,1624,2_S
1779264873.700413,2888,1618,2_S
1779264873.703477,2755,1772,2_S
1779264873.7038772,2777,1461,2_S
1779264873.706728,2817,1617,2_S
1779264873.7080488,2706,1958,2_S
1779264873.713176,2783,1850,2_S
1779264873.714611,2979,1881,2_S
1779264873.716661,2900,2492,2_S
1779264873.716941,2751,2647,2_S
1779264873.71917,2751,2768,2_S
1779264873.720688,2732,2705,2_S
1779264873.723698,2664,3049,2_S
1779264873.724041,2580,3343,2_S
1779264873.726836,2702,3363,2_S
1779264873.7281642,2798,3481,2_S
1779264873.729316,2816,3506,2_S
1779264873.731797,2688,3962,2_S
1779264873.736139,2613,4095,2_S
1779264873.736733,2650,3629,2_S
1779264873.7385669,2653,3870,2_S
1779264873.74013,2508,3686,2_S
1779264873.742348,2533,3653,2_S
1779264873.746588,2629,3578,2_S
1779264873.746967,2728,3480,2_S
1779264873.747179,2618,3583,2_S
1779264873.7500439,2509,3866,2_S
1779264873.751368,2497,3813,2_S
1779264873.753946,2597,3813,2_S
1779264873.755095,2575,3729,2_S
1779264873.760082,2551,3618,2_S
1779264873.760664,2576,3405,2_S
1779264873.7630248,2512,3166,2_S
1779264873.763152,2566,3380,2_S
1779264873.7666078,2509,3254,2_S
1779264873.769668,2431,2977,2_S
1779264873.769917,2440,2838,2_S
1779264873.7727401,2444,2615,2_S
1779264873.774115,2399,2612,2_S
1779264873.775427,2347,2535,2_S
1779264873.778209,2454,2230,2_S
1779264873.783278,2564,2237,2_S
1779264873.783861,2435,2240,2_S
1779264873.7839942,2369,2117,2_S
1779264873.78643,2387,1853,2_S
1779264873.788576,2482,1627,2_S
1779264873.789973,2427,1499,2_S
1779264873.792894,2379,1357,2_S
1779264873.79584,2397,1354,2_S
1779264873.795891,2454,1664,2_S
1779264873.7972422,2497,1951,2_S
1779264873.799787,2399,1918,2_S
1779264873.8014898,2371,1913,2_S
1779264873.80828,2377,1732,2_S
1779264873.808518,2347,1397,2_S
1779264873.8087559,2325,1123,2_S
1779264873.811009,2270,1096,2_S
1779264873.814829,2476,1122,2_S
1779264873.815191,2377,1262,2_S
1779264873.815438,2317,1303,2_S
1779264873.8178308,2215,1258,2_S
1779264873.8191519,2271,1121,2_S
1779264873.821672,2398,958,2_S
1779264873.822984,2298,779,2_S
1779264873.837733,2262,850,2_S
1779264873.84059,2386,955,2_S
1779264873.840647,2418,932,2_S
1779264873.8406909,2305,789,2_S
1779264873.8407319,2269,647,2_S
1779264873.8407722,2285,588,2_S
1779264873.840822,2277,567,2_S
1779264873.8408608,2257,380,2_S
1779264873.841006,2161,253,2_S
1779264873.8436322,2326,323,2_S
1779264873.845121,2431,524,2_S
1779264873.8517601,2341,499,2_S
1779264873.852921,2209,491,2_S
1779264873.861253,2163,526,2_S
1779264873.861493,2264,501,2_S
1779264873.8620548,2305,475,2_S
1779264873.862565,2228,281,2_S
1779264873.862966,2197,496,2_S
1779264873.8634088,2283,602,2_S
1779264873.865639,2294,646,2_S
1779264873.866372,2258,662,2_S
1779264873.867808,2200,683,2_S
1779264873.8731499,2162,840,2_S
1779264873.8742578,2205,835,2_S
1779264873.8769941,2183,773,2_S
1779264873.879936,2168,814,2_S
1779264873.8818848,2259,1056,2_S
1779264873.885312,2310,1132,2_S
1779264873.885942,2293,989,2_S
1779264873.886633,2219,909,2_S
1779264873.889602,2209,975,2_S
1779264873.889823,2176,1141,2_S
1779264873.889941,2130,1086,2_S
1779264873.89128,2118,1151,2_S
1779264873.8939369,2233,1261,2_S
1779264873.90254,2311,1298,2_S
1779264873.902912,2310,1205,2_S
1779264873.9049091,2294,1248,2_S
1779264873.905741,2119,1214,2_S
1779264873.910547,2119,1313,2_S
1779264873.911232,2174,1464,2_S
1779264873.913755,2179,1331,2_S
1779264873.915104,2222,1356,2_S
1779264873.91562,2262,1447,2_S
1779264873.915971,2348,1512,2_S
1779264873.9160562,2115,1543,2_S
1779264873.9177961,2186,1482,2_S
1779264873.9254,2232,1441,2_S
1779264873.9275641,2176,1467,2_S
1779264873.933038,2097,1440,2_S
1779264873.9336169,2098,1423,2_S
1779264873.934283,2168,1577,2_S
1779264873.936964,2303,1674,2_S
1779264873.937088,2189,1620,2_S
1779264873.937222,2145,1660,2_S
1779264873.937324,2103,1520,2_S
1779264873.937469,2207,1539,2_S
1779264873.9401128,2206,1572,2_S
1779264873.941463,2147,1631,2_S
1779264873.948519,2127,1642,2_S
1779264873.954926,2180,1748,2_S
1779264873.958854,2185,1783,2_S
1779264873.961664,2157,1579,2_S
1779264873.9619908,2097,1552,2_S
1779264873.962153,2148,1639,2_S
1779264873.962275,2077,1673,2_S
1779264873.962375,2079,1612,2_S
1779264873.962511,2181,1685,2_S
1779264873.962647,2226,1768,2_S
1779264873.964552,2226,1815,2_S
1779264873.971767,2106,1769,2_S
1779264873.972211,2082,1725,2_S
1779264873.972524,2196,1752,2_S
1779264873.9762409,2225,1779,2_S
1779264873.979451,2080,1719,2_S
1779264873.9801211,2127,1806,2_S
1779264873.98085,2236,1894,2_S
1779264873.981148,2222,1939,2_S
1779264873.983994,2086,1729,2_S
1779264873.98409,2140,1626,2_S
1779264873.9855201,2101,1670,2_S
1779264873.986944,2147,1834,2_S
1779264873.9944088,2089,1657,2_S
1779264873.9956858,2034,1637,2_S
1779264873.998228,2125,1804,2_S
1779264874.005068,2260,1967,2_S
1779264874.005905,2224,1897,2_S
1779264874.008441,2105,1835,2_S
1779264874.0091789,2056,1864,2_S
1779264874.0093179,2117,1846,2_S
1779264874.009438,2000,1705,2_S
1779264874.009582,2237,1754,2_S
1779264874.009699,2262,1848,2_S
1779264874.010935,2193,1976,2_S
1779264874.016961,2249,1977,2_S
1779264874.017718,2181,1845,2_S
1779264874.020263,2065,1805,2_S
1779264874.020382,2073,1881,2_S
1779264874.027191,2090,1961,2_S
1779264874.027763,2011,1893,2_S
1779264874.0281558,2023,1906,2_S
1779264874.030446,2085,1888,2_S
1779264874.0319018,2208,2001,2_S
1779264874.0319948,2090,1916,2_S
1779264874.033333,2121,1828,2_S
1779264874.035993,2043,1869,2_S
1779264874.043682,2122,1991,2_S
1779264874.04563,2023,1949,2_S
1779264874.052982,2114,1849,2_S
1779264874.053333,2138,1927,2_S
1779264874.053578,2196,2116,2_S
1779264874.053783,2222,2155,2_S
1779264874.054065,2123,1963,2_S
1779264874.0543208,2068,1851,2_S
1779264874.054589,2152,1886,2_S
1779264874.057107,2060,1935,2_S
1779264874.057247,2095,1862,2_S
1779264874.064887,2118,1886,2_S
1779264874.066562,2128,1988,2_S
1779264874.0684512,2087,2068,2_S
1779264874.068639,2082,1962,2_S
1779264874.072417,2132,1969,2_S
1779264874.072656,2181,1935,2_S
1779264874.0730722,2046,2128,2_S
1779264874.075534,2046,2038,2_S
1779264874.076174,2118,1916,2_S
1779264874.077614,2201,2065,2_S
1779264874.078932,2188,2105,2_S
1779264874.0863528,2102,2003,2_S
1779264874.08873,2111,1909,2_S
1779264874.089088,2041,2005,2_S
1779264874.090501,2100,2193,2_S
1779264874.094683,2048,2050,2_S
1779264874.0948741,2096,1870,2_S
1779264874.095159,2166,1911,2_S
1779264874.0974998,2267,2122,2_S
1779264874.097609,2134,2090,2_S
1779264874.0990021,2082,1967,2_S
1779264874.1016178,2105,1898,2_S
1779264874.108062,2127,2031,2_S
1779264874.10991,2064,2053,2_S
1779264874.111465,1986,1918,2_S
1779264874.1132119,1955,2124,2_S
1779264874.116291,2095,2212,2_S
1779264874.11677,2196,2301,2_S
1779264874.1170628,2109,2098,2_S
1779264874.1172879,1998,2035,2_S
1779264874.1202402,2063,1925,2_S
1779264874.121558,2078,2034,2_S
1779264874.122912,1982,1958,2_S
1779264874.1282592,2096,1936,2_S
1779264874.129478,2102,2064,2_S
1779264874.129895,2077,2217,2_S
1779264874.1331358,2048,2055,2_S
1779264874.136758,2086,1983,2_S
1779264874.137063,2128,1940,2_S
1779264874.137425,2187,2011,2_S
1779264874.1396658,2062,1945,2_S
1779264874.1411421,2064,1934,2_S
1779264874.143729,2063,2045,2_S
1779264874.1451058,2240,2256,2_S
1779264874.1506739,2175,2297,2_S
1779264874.152649,2026,2085,2_S
1779264874.154749,1919,2014,2_S
1779264874.1584718,1951,1996,2_S
1779264874.158758,1949,1998,2_S
1779264874.159128,2011,1836,2_S
1779264874.1609101,2015,1982,2_S
1779264874.161571,2177,2136,2_S
1779264874.162896,2270,2192,2_S
1779264874.1655319,2236,2001,2_S
1779264874.179793,2114,1973,2_S
1779264874.180144,2076,2041,2_S
1779264874.1804612,2178,1982,2_S
1779264874.18326,2211,1865,2_S
1779264874.18396,2152,1911,2_S
1779264874.184085,2118,2099,2_S
1779264874.18413,2153,2209,2_S
1779264874.184172,1969,2001,2_S
1779264874.184213,1918,1984,2_S
1779264874.185524,2074,2002,2_S
1779264874.186848,2126,2111,2_S
1779264874.189228,1980,2045,2_S
1779264874.1941419,1953,2008,2_S
1779264874.195083,2123,2088,2_S
1779264874.197381,2273,2304,2_S
1779264874.19903,2217,2095,2_S
1779264874.200914,2020,1978,2_S
1779264874.2038112,2158,1930,2_S
1779264874.204366,2230,2007,2_S
1779264874.2068639,2258,1954,2_S
1779264874.207102,2027,1968,2_S
1779264874.209791,2097,2016,2_S
1779264874.211136,2218,2047,2_S
1779264874.2173061,2247,2111,2_S
1779264874.218784,2101,1980,2_S
1779264874.220313,2053,1927,2_S
1779264874.220726,1964,2069,2_S
1779264874.223849,1959,1986,2_S
1779264874.226773,1941,1719,2_S
1779264874.227005,2009,1907,2_S
1779264874.227479,2112,2174,2_S
1779264874.229634,2187,2280,2_S
1779264874.231283,2168,2062,2_S
1779264874.233923,2008,2058,2_S
1779264874.2385821,2104,2076,2_S
1779264874.239444,2137,2077,2_S
1779264874.241312,1966,1917,2_S
1779264874.241614,2028,1871,2_S
1779264874.2447438,2039,2028,2_S
1779264874.249998,2166,2231,2_S
1779264874.250046,2160,2138,2_S
1779264874.2502022,2071,1909,2_S
1779264874.251576,2032,1891,2_S
1779264874.2528179,2107,2021,2_S
1779264874.259218,2091,1991,2_S
1779264874.260036,2050,1791,2_S
1779264874.261729,2057,2017,2_S
1779264874.2629051,2129,2270,2_S
1779264874.2633688,2159,2178,2_S
1779264874.2673888,2091,1946,2_S
1779264874.2676969,2033,1891,2_S
1779264874.2703009,2066,1993,2_S
1779264874.271613,2170,1937,2_S
1779264874.272934,2083,1893,2_S
1779264874.279028,2055,1908,2_S
1779264874.281239,2060,2159,2_S
1779264874.286038,2160,2217,2_S
1779264874.2862022,2093,1981,2_S
1779264874.288862,2117,1932,2_S
1779264874.289197,2068,1939,2_S
1779264874.289469,2052,2086,2_S
1779264874.2912278,2068,1914,2_S
1779264874.291957,2003,1817,2_S
1779264874.293301,2088,2005,2_S
1779264874.295862,2163,2226,2_S
1779264874.2972028,2150,2220,2_S
1779264874.301501,2061,2123,2_S
1779264874.302667,1968,1999,2_S
1779264874.304321,2093,2060,2_S
1779264874.3070889,2094,1980,2_S
1779264874.309767,2069,1865,2_S
1779264874.310401,2055,2139,2_S
1779264874.312725,2179,2244,2_S
1779264874.312906,2145,2260,2_S
1779264874.3164039,2091,2056,2_S
1779264874.3176289,2022,1911,2_S
1779264874.3218088,2039,2032,2_S
1779264874.323592,2092,2045,2_S
1779264874.325464,2041,1906,2_S
1779264874.326865,2015,1942,2_S
1779264874.327924,2153,2206,2_S
1779264874.332323,2227,2406,2_S
1779264874.332608,2163,2097,2_S
1779264874.334819,2095,1947,2_S
1779264874.335071,2009,2018,2_S
1779264874.3376482,2055,2189,2_S
1779264874.338956,2032,2030,2_S
1779264874.343651,2013,1905,2_S
1779264874.350365,2071,2121,2_S
1779264874.3555572,2148,2325,2_S
1779264874.355753,2127,2169,2_S
1779264874.355797,2010,2031,2_S
1779264874.3560529,2041,1981,2_S
1779264874.356137,2111,2094,2_S
1779264874.356208,2078,2019,2_S
1779264874.3576372,2011,1752,2_S
1779264874.359072,2017,1908,2_S
1779264874.368546,2126,2165,2_S
1779264874.3688881,2156,2187,2_S
1779264874.370966,2088,1973,2_S
1779264874.3750882,2056,1898,2_S
1779264874.375247,2063,1901,2_S
1779264874.375747,2067,1906,2_S
1779264874.3760488,2005,1768,2_S
1779264874.37809,2040,1883,2_S
1779264874.378685,2126,2124,2_S
1779264874.378908,2186,2312,2_S
1779264874.385731,2121,2052,2_S
1779264874.385896,2025,1881,2_S
1779264874.387191,1997,1913,2_S
1779264874.3888798,2016,2025,2_S
1779264874.3911538,2041,1890,2_S
1779264874.3949509,2049,1766,2_S
1779264874.3952398,2044,1953,2_S
1779264874.395714,2120,2252,2_S
1779264874.398232,2131,2109,2_S
1779264874.39955,2071,1883,2_S
1779264874.400856,2046,1775,2_S
1779264874.406954,2079,1942,2_S
1779264874.407456,2066,1844,2_S
1779264874.408653,2015,1663,2_S
1779264874.410157,2039,1790,2_S
1779264874.412019,2140,2116,2_S
1779264874.417774,2086,2156,2_S
1779264874.4182882,2039,1842,2_S
1779264874.418466,2007,1733,2_S
1779264874.419785,2053,1821,2_S
1779264874.421089,2088,1889,2_S
1779264874.423697,2027,1682,2_S
1779264874.4317691,1955,1760,2_S
1779264874.4323761,2021,2032,2_S
1779264874.432532,2136,2179,2_S
1779264874.4367201,2130,1888,2_S
1779264874.437115,2070,1748,2_S
1779264874.437494,2021,1795,2_S
1779264874.437845,2045,1889,2_S
1779264874.4402702,1991,1703,2_S
1779264874.4417322,1966,1694,2_S
1779264874.443129,2029,1917,2_S
1779264874.4457679,2120,2104,2_S
1779264874.450748,2098,1961,2_S
1779264874.451612,2001,1700,2_S
1779264874.456692,1982,1701,2_S
1779264874.4599218,2008,1904,2_S
1779264874.460791,2002,1883,2_S
1779264874.463773,1976,1684,2_S
1779264874.4639528,2012,1845,2_S
1779264874.464117,2104,2123,2_S
1779264874.4642,2123,2140,2_S
1779264874.4656289,2053,1806,2_S
1779264874.467042,1992,1734,2_S
1779264874.469549,1978,1825,2_S
1779264874.473525,1998,1873,2_S
1779264874.475466,1950,1664,2_S
1779264874.4777422,1933,1738,2_S
1779264874.479619,2034,1999,2_S
1779264874.484365,2050,2208,2_S
1779264874.4877188,2014,1905,2_S
1779264874.487843,1971,1794,2_S
1779264874.487927,1914,1817,2_S
1779264874.487999,1975,1973,2_S
1779264874.489353,1976,1820,2_S
1779264874.4988348,1939,1792,2_S
1779264874.499439,2005,1972,2_S
1779264874.501276,2102,2268,2_S
1779264874.5042298,2070,2093,2_S
1779264874.504695,2036,1840,2_S
1779264874.505048,1962,1753,2_S
1779264874.507114,2010,1876,2_S
1779264874.5077848,1950,1910,2_S
1779264874.507869,1912,1720,2_S
1779264874.509265,1922,1800,2_S
1779264874.5107331,2017,2110,2_S
1779264874.5135648,2064,2130,2_S
1779264874.518084,2001,1805,2_S
1779264874.518925,1957,1708,2_S
1779264874.520427,1966,1812,2_S
1779264874.523332,1968,1915,2_S
1779264874.525815,1898,1728,2_S
1779264874.526159,1901,1754,2_S
1779264874.5285618,1982,2018,2_S
1779264874.5287669,2041,2189,2_S
1779264874.5316339,2005,1894,2_S
1779264874.5329778,1918,1759,2_S
1779264874.5382888,1899,1783,2_S
1779264874.5388942,1940,1930,2_S
1779264874.540083,1944,1847,2_S
1779264874.541489,1883,1692,2_S
1779264874.5444732,1941,1884,2_S
1779264874.549821,2027,2156,2_S
1779264874.550095,1987,2033,2_S
1779264874.550169,1931,1808,2_S
1779264874.551539,1871,1677,2_S
1779264874.5529048,1913,1808,2_S
1779264874.555498,1929,1830,2_S
1779264874.559445,1831,1668,2_S
1779264874.5607429,1857,1789,2_S
1779264874.563317,1962,2111,2_S
1779264874.565411,2003,2117,2_S
1779264874.5673652,1926,1867,2_S
1779264874.5674932,1869,1695,2_S
1779264874.5707772,1893,1760,2_S
1779264874.571002,1927,1898,2_S
1779264874.573579,1868,1763,2_S
1779264874.5748868,1860,1752,2_S
1779264874.57747,1937,1969,2_S
1779264874.5828888,2006,2197,2_S
1779264874.583922,1948,1889,2_S
1779264874.584471,1879,1700,2_S
1779264874.589876,1847,1742,2_S
1779264874.592803,1888,1894,2_S
1779264874.592993,1866,1800,2_S
1779264874.5933208,1796,1691,2_S
1779264874.593694,1867,1842,2_S
1779264874.596565,1987,2183,2_S
1779264874.5966809,1952,2084,2_S
1779264874.599038,1879,1807,2_S
1779264874.601632,1859,1653,2_S
1779264874.6062772,1863,1939,2_S
1779264874.607312,1875,1949,2_S
1779264874.60785,1809,1738,2_S
1779264874.609343,1831,1786,2_S
1779264874.610931,1921,2052,2_S
1779264874.615297,1997,2129,2_S
1779264874.615642,1858,1926,2_S
1779264874.618158,1810,1752,2_S
1779264874.6194701,1852,1735,2_S
1779264874.6207948,1858,1968,2_S
1779264874.626644,1829,1729,2_S
1779264874.627952,1824,1729,2_S
1779264874.629739,1889,2009,2_S
1779264874.631587,1971,2174,2_S
1779264874.631747,1890,1948,2_S
1779264874.6357388,1824,1787,2_S
1779264874.636,1828,1864,2_S
1779264874.638518,1878,2111,2_S
1779264874.638743,1880,1887,2_S
1779264874.641196,1840,1762,2_S
1779264874.6425998,1876,1959,2_S
1779264874.648351,1973,2248,2_S
1779264874.6502872,2003,2086,2_S
1779264874.6504939,1898,1867,2_S
1779264874.650702,1841,1807,2_S
1779264874.653837,1881,1891,2_S
1779264874.656388,1837,1804,2_S
1779264874.658818,1791,1691,2_S
1779264874.659001,1802,1900,2_S
1779264874.6615522,1911,2284,2_S
1779264874.662862,1972,2241,2_S
1779264874.6681979,1923,1921,2_S
1779264874.6686568,1902,1734,2_S
1779264874.669166,1868,1788,2_S
1779264874.671083,1855,1978,2_S
1779264874.67655,1808,1798,2_S
1779264874.676935,1790,1773,2_S
1779264874.677056,1886,1997,2_S
1779264874.67936,1961,2232,2_S
1779264874.680914,1876,2012,2_S
1779264874.683504,1839,1872,2_S
1779264874.688245,1827,1818,2_S
1779264874.689506,1950,1876,2_S
1779264874.691571,1878,1809,2_S
1779264874.694592,1833,1798,2_S
1779264874.6947122,1837,1984,2_S
1779264874.694904,1951,2269,2_S
1779264874.697582,1972,2143,2_S
1779264874.700172,1894,1876,2_S
1779264874.701489,1839,1785,2_S
1779264874.7028081,1864,1917,2_S
1779264874.7086132,1848,1982,2_S
1779264874.7094772,1818,1777,2_S
1779264874.710436,1850,1875,2_S
1779264874.712287,1938,2129,2_S
1779264874.718226,2025,2300,2_S
1779264874.718375,1902,1985,2_S
1779264874.718667,1808,1846,2_S
1779264874.718911,1864,1858,2_S
1779264874.72088,1894,2057,2_S
1779264874.723562,1803,1816,2_S
1779264874.724769,1788,1908,2_S
1779264874.731332,1875,2075,2_S
1779264874.731837,1998,2263,2_S
1779264874.733236,1933,2049,2_S
1779264874.733462,1879,1843,2_S
1779264874.734963,1873,1875,2_S
1779264874.736629,1921,2065,2_S
1779264874.739109,1888,1964,2_S
1779264874.741622,1847,1839,2_S
1779264874.743096,1902,2086,2_S
1779264874.745677,1996,2402,2_S
1779264874.750735,2004,2207,2_S
1779264874.751284,1912,1874,2_S
1779264874.75174,1830,1816,2_S
1779264874.75365,1920,1974,2_S
1779264874.755554,1925,1975,2_S
1779264874.759199,1812,1757,2_S
1779264874.759416,1798,1903,2_S
1779264874.7619479,1939,2224,2_S
1779264874.763393,2057,2287,2_S
1779264874.7647538,1964,2040,2_S
1779264874.770659,1915,1854,2_S
1779264874.7715042,2013,2016,2_S
1779264874.772414,1954,2088,2_S
1779264874.775594,1841,1776,2_S
1779264874.777023,1856,1911,2_S
1779264874.779514,1950,2166,2_S
1779264874.7796988,2090,2457,2_S
1779264874.782336,2000,2192,2_S
1779264874.783656,1897,1969,2_S
1779264874.784961,1872,1907,2_S
1779264874.790952,1945,2146,2_S
1779264874.791436,1938,2060,2_S
1779264874.7923682,1858,1905,2_S
1779264874.79575,1937,2035,2_S
1779264874.802582,2077,2358,2_S
1779264874.802906,2114,2381,2_S
1779264874.803005,2021,1871,2_S
1779264874.803052,1943,1853,2_S
1779264874.803091,1966,2047,2_S
1779264874.8057249,2016,2068,2_S
1779264874.8071868,1943,1862,2_S
1779264874.812522,1946,2008,2_S
1779264874.814581,2068,2273,2_S
1779264874.818003,2104,2337,2_S
1779264874.8205729,1980,2058,2_S
1779264874.82096,1921,1913,2_S
1779264874.82127,1932,2056,2_S
1779264874.8215969,1978,2114,2_S
1779264874.823786,1911,1941,2_S
1779264874.825321,1909,1950,2_S
1779264874.826636,2021,2154,2_S
1779264874.8330398,2110,2431,2_S
1779264874.834207,2052,2178,2_S
1779264874.8360388,1942,1981,2_S
1779264874.836417,1952,1969,2_S
1779264874.837943,2030,2153,2_S
1779264874.84198,2034,2010,2_S
1779264874.8425128,1968,1867,2_S
1779264874.844737,2019,2151,2_S
1779264874.844958,2131,2397,2_S
1779264874.847734,2116,2234,2_S
1779264874.849226,2010,2026,2_S
1779264874.85446,1965,1929,2_S
1779264874.857109,1976,2062,2_S
1779264874.858701,2002,2084,2_S
1779264874.865862,1930,1864,2_S
1779264874.866038,1970,2029,2_S
1779264874.866121,2108,2343,2_S
1779264874.8662221,2167,2420,2_S
1779264874.8662899,2077,2076,2_S
1779264874.8676622,2025,1940,2_S
1779264874.869021,2006,2031,2_S
1779264874.876173,2056,2115,2_S
1779264874.877996,2012,1927,2_S
1779264874.880364,1969,1962,2_S
1779264874.884341,2045,2235,2_S
1779264874.884614,2156,2515,2_S
1779264874.884919,2107,2268,2_S
1779264874.886731,2041,1982,2_S
1779264874.887379,2006,1982,2_S
1779264874.887511,2037,2133,2_S
1779264874.888881,2027,2091,2_S
1779264874.891467,1990,1985,2_S
1779264874.897299,2037,2157,2_S
1779264874.899332,2145,2452,2_S
1779264874.9005492,2138,2288,2_S
1779264874.901383,2073,2045,2_S
1779264874.902522,2020,1973,2_S
1779264874.902901,2007,2059,2_S
1779264874.907936,2038,2065,2_S
1779264874.908092,2005,1906,2_S
1779264874.909399,2011,2047,2_S
1779264874.91074,2097,2409,2_S
1779264874.917902,2179,2493,2_S
1779264874.919272,2095,2172,2_S
1779264874.919521,2021,1986,2_S
1779264874.9226859,2015,1984,2_S
1779264874.925229,2072,2175,2_S
1779264874.925685,2005,2019,2_S
1779264874.925982,2001,2029,2_S
1779264874.9283168,2086,2259,2_S
1779264874.9284449,2163,2433,2_S
1779264874.931455,2127,2185,2_S
1779264874.932797,2041,1998,2_S
1779264874.937813,1993,1991,2_S
1779264874.939959,2052,2174,2_S
1779264874.9400902,2040,2008,2_S
1779264874.943118,2006,1933,2_S
1779264874.945893,2052,2159,2_S
1779264874.9461272,2146,2418,2_S
1779264874.948694,2158,2297,2_S
1779264874.948847,2088,2074,2_S
1779264874.951495,2015,2001,2_S
1779264874.952855,2058,2153,2_S
1779264874.95737,2058,2109,2_S
1779264874.958344,1986,1903,2_S
1779264874.95881,2003,2041,2_S
1779264874.960675,2102,2334,2_S
1779264874.966006,2179,2424,2_S
1779264874.9664729,2090,2134,2_S
1779264874.966689,2026,1982,2_S
1779264874.969105,2037,1990,2_S
1779264874.970479,2075,2133,2_S
1779264874.973102,2040,1958,2_S
1779264874.978295,2029,1966,2_S
1779264874.979209,2065,2226,2_S
1779264874.987008,2172,2411,2_S
1779264874.9872,2135,2170,2_S
1779264874.9874182,2076,1962,2_S
1779264874.989423,2035,1946,2_S
1779264874.990061,2074,2080,2_S
1779264874.990169,2047,2015,2_S
1779264874.991481,1995,1935,2_S
1779264874.9927979,2052,2138,2_S
1779264874.99553,2157,2347,2_S
1779264874.998925,2180,2291,2_S
1779264874.999805,2073,2040,2_S
1779264875.002156,2032,1919,2_S
1779264875.00401,2047,2104,2_S
1779264875.00796,2081,2147,2_S
1779264875.008565,2017,1948,2_S
1779264875.010895,2004,2028,2_S
1779264875.011034,2117,2348,2_S
1779264875.0124779,2173,2439,2_S
1779264875.015115,2099,2120,2_S
1779264875.019828,2027,1966,2_S
1779264875.0203059,2044,1998,2_S
1779264875.0229812,2094,2156,2_S
1779264875.023218,2017,1973,2_S
1779264875.026438,1976,1975,2_S
1779264875.0290828,2078,2211,2_S
1779264875.029264,2202,2405,2_S
1779264875.031832,2135,2168,2_S
1779264875.033174,2048,1956,2_S
1779264875.034497,2018,1962,2_S
1779264875.041106,2065,2122,2_S
1779264875.042002,2053,2027,2_S
1779264875.044938,2013,1955,2_S
1779264875.046562,2057,2106,2_S
1779264875.049252,2172,2407,2_S
1779264875.049553,2182,2369,2_S
1779264875.0497139,2077,2089,2_S
1779264875.052303,2011,1978,2_S
1779264875.052418,2058,2097,2_S
1779264875.054995,2058,2118,2_S
1779264875.061491,1998,1917,2_S
1779264875.061954,2010,1998,2_S
1779264875.0628538,2094,2234,2_S
1779264875.065876,2176,2366,2_S
1779264875.067529,2100,2081,2_S
1779264875.070208,2017,1916,2_S
1779264875.070518,2020,1981,2_S
1779264875.070824,2066,2119,2_S
1779264875.07305,2044,1953,2_S
1779264875.075418,2014,1965,2_S
1779264875.076737,2101,2216,2_S
1779264875.082983,2189,2384,2_S
1779264875.085212,2150,2165,2_S
1779264875.085427,2052,1965,2_S
1779264875.0855649,2031,1926,2_S
1779264875.088595,2065,2102,2_S
1779264875.088781,2060,2017,2_S
1779264875.0938182,1978,1911,2_S
1779264875.093868,2050,2086,2_S
1779264875.09521,2161,2392,2_S
1779264875.096517,2165,2351,2_S
1779264875.1036081,2077,2070,2_S
1779264875.105545,2018,1921,2_S
1779264875.106855,2043,2003,2_S
1779264875.1077602,2067,2084,2_S
1779264875.1089332,2011,1865,2_S
1779264875.109072,2015,1971,2_S
1779264875.1116931,2111,2277,2_S
1779264875.1150038,2164,2379,2_S
1779264875.115069,2087,2090,2_S
1779264875.116601,2017,1937,2_S
1779264875.1191812,2031,2010,2_S
1779264875.124188,2073,2136,2_S
1779264875.1249752,2016,1937,2_S
1779264875.1268759,2022,1951,2_S
1779264875.128858,2102,2203,2_S
1779264875.130125,2166,2402,2_S
1779264875.132807,2137,2200,2_S
1779264875.1334379,2049,1953,2_S
1779264875.135854,2030,1930,2_S
1779264875.1372669,2074,2091,2_S
1779264875.1385999,2041,2012,2_S
1779264875.145317,1996,1954,2_S
1779264875.145817,2047,2132,2_S
1779264875.1507342,2168,2431,2_S
1779264875.150933,2176,2302,2_S
1779264875.153634,2086,2048,2_S
1779264875.154088,2048,1925,2_S
1779264875.154337,2075,2054,2_S
1779264875.156132,2083,2097,2_S
1779264875.15745,2010,1875,2_S
1779264875.15871,2017,1991,2_S
1779264875.161298,2115,2262,2_S
1779264875.165864,2199,2366,2_S
1779264875.166877,2118,2095,2_S
1779264875.1685991,2032,1938,2_S
1779264875.168756,2027,1973,2_S
1779264875.1742232,2066,2139,2_S
1779264875.1743748,2041,1953,2_S
1779264875.1746838,1986,1963,2_S
1779264875.176617,2072,2194,2_S
1779264875.178355,2205,2486,2_S
1779264875.181098,2131,2152,2_S
1779264875.182545,2036,1944,2_S
1779264875.186185,2012,1892,2_S
1779264875.1890671,2054,2063,2_S
1779264875.1905348,2043,1936,2_S
1779264875.1910558,1979,1899,2_S
1779264875.194751,2012,2065,2_S
1779264875.195137,2125,2330,2_S
1779264875.197645,2146,2241,2_S
1779264875.1989949,2065,1979,2_S
1779264875.20158,2002,1877,2_S
1779264875.206732,2032,2013,2_S
1779264875.206825,2067,2045,2_S
1779264875.209412,1994,1746,2_S
1779264875.2096798,1980,2070,2_S
1779264875.219075,2092,2392,2_S
1779264875.219131,2167,2429,2_S
1779264875.219171,2109,2100,2_S
1779264875.219208,2034,1930,2_S
1779264875.219245,2024,2100,2_S
1779264875.220808,2067,2241,2_S
1779264875.22333,2029,1950,2_S
1779264875.2284071,2009,1985,2_S
1779264875.2293718,2050,2272,2_S
1779264875.229782,2171,2406,2_S
1779264875.2319,2151,2129,2_S
1779264875.234176,2041,1928,2_S
1779264875.23784,2017,2013,2_S
1779264875.238116,2076,2147,2_S
1779264875.2384782,2065,2248,2_S
1779264875.240855,1972,2178,2_S
1779264875.2434392,2018,2202,2_S
1779264875.244777,2125,2419,2_S
1779264875.250565,2137,2342,2_S
1779264875.251415,2043,2026,2_S
1779264875.253116,1994,2008,2_S
1779264875.255039,2010,2218,2_S
1779264875.256306,2052,2249,2_S
1779264875.2590132,1982,2109,2_S
1779264875.259381,1998,2189,2_S
1779264875.261821,2084,2446,2_S
1779264875.263144,2165,2548,2_S
1779264875.26449,2084,2237,2_S
1779264875.270665,2007,2088,2_S
1779264875.271768,2008,2151,2_S
1779264875.2732532,2037,2349,2_S
1779264875.27487,2011,2213,2_S
1779264875.279092,1995,2198,2_S
1779264875.279476,2038,2409,2_S
1779264875.279736,2145,2607,2_S
1779264875.28204,2111,2442,2_S
1779264875.283369,2025,2192,2_S
1779264875.284682,1995,2149,2_S
1779264875.290983,2039,2269,2_S
1779264875.293472,2000,2315,2_S
1779264875.295125,1969,2307,2_S
1779264875.297068,2009,2486,2_S
1779264875.299747,2116,2666,2_S
1779264875.2999501,2166,2617,2_S
1779264875.300065,2058,2379,2_S
1779264875.302529,2004,2315,2_S
1779264875.302573,2004,2438,2_S
1779264875.305076,2059,2559,2_S
1779264875.306391,1990,2417,2_S
1779264875.312028,2009,2459,2_S
1779264875.313948,2088,2661,2_S
1779264875.31707,2170,2662,2_S
1779264875.317339,2083,2413,2_S
1779264875.319884,2006,2264,2_S
1779264875.3202271,2004,2318,2_S
1779264875.320435,2052,2447,2_S
1779264875.322894,2008,2382,2_S
1779264875.324377,1965,2397,2_S
1779264875.326951,2030,2564,2_S
1779264875.332771,2134,2599,2_S
1779264875.336394,2117,2487,2_S
1779264875.336902,2024,2313,2_S
1779264875.337047,2001,2225,2_S
1779264875.338363,2046,2399,2_S
1779264875.341325,2042,2483,2_S
1779264875.341734,1988,2419,2_S
1779264875.343879,2018,2476,2_S
1779264875.345361,2116,2605,2_S
1779264875.3469388,2154,2482,2_S
1779264875.3483331,2088,2225,2_S
1779264875.3541021,2017,2168,2_S
1779264875.3561118,2027,2302,2_S
1779264875.357238,2039,2414,2_S
1779264875.357821,1989,2366,2_S
1779264875.359424,2010,2472,2_S
1779264875.362082,2083,2487,2_S
1779264875.365835,2157,2472,2_S
1779264875.365953,2090,2254,2_S
1779264875.367361,2020,2178,2_S
1779264875.368701,2001,2344,2_S
1779264875.383905,2028,2405,2_S
1779264875.386635,1997,2255,2_S
1779264875.386791,1981,2262,2_S
1779264875.386859,2031,2377,2_S
1779264875.386925,2131,2412,2_S
1779264875.3869922,2128,2320,2_S
1779264875.387058,2052,2218,2_S
1779264875.3872252,1991,2105,2_S
1779264875.3872871,2023,2223,2_S
1779264875.388638,2024,2293,2_S
1779264875.391257,1988,2123,2_S
1779264875.395898,2024,2153,2_S
1779264875.398773,2129,2412,2_S
1779264875.4001799,2142,2395,2_S
1779264875.402229,2096,2250,2_S
1779264875.405052,1987,2114,2_S
1779264875.4054,1981,2120,2_S
1779264875.4056,2050,2288,2_S
1779264875.408032,1994,2177,2_S
1779264875.4093509,2021,2123,2_S
1779264875.410892,2069,2335,2_S
1779264875.4123032,2170,2405,2_S
1779264875.4173172,2089,2279,2_S
1779264875.419807,1984,2089,2_S
1779264875.420057,1978,2083,2_S
1779264875.421817,2040,2123,2_S
1779264875.4254909,1978,2021,2_S
1779264875.4256058,1967,2132,2_S
1779264875.428063,2042,2115,2_S
1779264875.4294431,2132,2345,2_S
1779264875.4307761,2101,2243,2_S
1779264875.4372292,2013,2058,2_S
1779264875.4380789,1976,2023,2_S
1779264875.4398248,2034,2328,2_S
1779264875.440037,2040,2331,2_S
1779264875.445714,1951,2241,2_S
1779264875.446052,1952,2268,2_S
1779264875.446343,2102,2078,2_S
1779264875.4465332,2131,2047,2_S
1779264875.4489238,2098,2128,2_S
1779264875.450311,1997,2059,2_S
1779264875.4529128,2032,2074,2_S
1779264875.4573429,2056,2121,2_S
1779264875.458666,1957,2010,2_S
1779264875.460458,1976,2109,2_S
1779264875.460774,2079,2264,2_S
1779264875.4664419,2098,2462,2_S
1779264875.466749,2075,2367,2_S
1779264875.467027,1935,2079,2_S
1779264875.46979,1955,2024,2_S
1779264875.471217,2011,1983,2_S
1779264875.472543,2004,1989,2_S
1779264875.47519,1981,1989,2_S
1779264875.489384,1968,2183,2_S
1779264875.492345,2058,2457,2_S
1779264875.492448,2073,2491,2_S
1779264875.492566,1950,2373,2_S
1779264875.492696,1907,2366,2_S
1779264875.492836,1948,2390,2_S
1779264875.492907,2015,2216,2_S
1779264875.4929972,1951,2074,2_S
1779264875.4930718,1967,2270,2_S
1779264875.495231,2070,2522,2_S
1779264875.496605,2102,2519,2_S
1779264875.507642,2036,2420,2_S
1779264875.5096939,1967,2403,2_S
1779264875.511273,2001,2410,2_S
1779264875.517917,1970,2448,2_S
1779264875.5179782,1926,2198,2_S
1779264875.5180259,1985,2231,2_S
1779264875.5181801,2039,2449,2_S
1779264875.518236,2144,2513,2_S
1779264875.518291,2064,2262,2_S
1779264875.518343,1966,2128,2_S
1779264875.518388,1923,2058,2_S
1779264875.52559,1992,2109,2_S
1779264875.526089,1989,1897,2_S
1779264875.5276859,1888,1757,2_S
1779264875.528074,1943,1921,2_S
1779264875.530208,2069,2190,2_S
1779264875.5318,2039,2169,2_S
1779264875.534671,1991,2071,2_S
1779264875.534971,1946,2010,2_S
1779264875.537524,2112,2059,2_S
1779264875.53884,1969,1995,2_S
1779264875.5402298,1808,1883,2_S
1779264875.547817,1999,1849,2_S
1779264875.549302,2099,2118,2_S
1779264875.549474,2111,2225,2_S
1779264875.550773,2036,1999,2_S
1779264875.5517912,1954,1854,2_S
1779264875.555456,1955,1811,2_S
1779264875.555629,2012,1794,2_S
1779264875.558182,1962,1622,2_S
1779264875.558228,1946,1610,2_S
1779264875.5608032,1950,1773,2_S
1779264875.5622358,2076,1961,2_S
1779264875.566601,2062,1753,2_S
1779264875.567059,1998,1611,2_S
1779264875.5694568,1973,1576,2_S
1779264875.5715299,2043,1689,2_S
1779264875.575117,1973,1522,2_S
1779264875.575268,2021,1467,2_S
1779264875.577755,2020,1606,2_S
1779264875.57906,2088,1829,2_S
1779264875.580458,2017,1751,2_S
1779264875.5829499,2015,1620,2_S
1779264875.5872571,1923,1583,2_S
1779264875.587754,1998,1664,2_S
1779264875.590095,2009,1408,2_S
1779264875.5920599,1919,1271,2_S
1779264875.595764,1958,1540,2_S
1779264875.5960472,2089,1858,2_S
1779264875.596334,2158,1791,2_S
1779264875.598583,2012,1525,2_S
1779264875.601419,1907,1480,2_S
1779264875.602742,1818,1513,2_S
1779264875.607842,1760,1640,2_S
1779264875.6105542,1877,1464,2_S
1779264875.613992,2139,1496,2_S
1779264875.616789,2112,1837,2_S
1779264875.6172018,2107,1972,2_S
1779264875.617404,2090,1640,2_S
1779264875.617524,2074,1534,2_S
1779264875.6197991,2093,1663,2_S
1779264875.621116,2024,1805,2_S
1779264875.622425,1989,1674,2_S
1779264875.624846,1943,1587,2_S
1779264875.629707,1969,1831,2_S
1779264875.631996,1970,2112,2_S
1779264875.632166,2032,1984,2_S
1779264875.6323998,1969,1789,2_S
1779264875.6378932,1957,1778,2_S
1779264875.6380858,2066,1839,2_S
1779264875.638299,2046,1741,2_S
1779264875.640876,1954,1751,2_S
1779264875.642266,2049,1873,2_S
1779264875.6448371,2087,2147,2_S
1779264875.649736,2039,2105,2_S
1779264875.651173,2003,1826,2_S
1779264875.651345,1986,1822,2_S
1779264875.653186,1984,1926,2_S
1779264875.654687,1934,1931,2_S
1779264875.656391,1955,1685,2_S
1779264875.659047,1955,1696,2_S
1779264875.6616142,2105,1969,2_S
1779264875.663127,2135,2180,2_S
1779264875.664468,2101,1907,2_S
1779264875.6708329,2076,1666,2_S
1779264875.6717062,1993,1860,2_S
1779264875.6734579,1970,2029,2_S
1779264875.673759,1845,1731,2_S
1779264875.675272,1778,1696,2_S
1779264875.679361,2081,1896,2_S
1779264875.679529,2309,2324,2_S
1779264875.681974,2129,2113,2_S
1779264875.683298,1934,1742,2_S
1779264875.684799,1951,1877,2_S
1779264875.686233,2108,2101,2_S
1779264875.690791,2194,1939,2_S
1779264875.691988,2043,1877,2_S
1779264875.693909,1940,2015,2_S
1779264875.695379,2048,2250,2_S
1779264875.696939,2139,2248,2_S
1779264875.6996999,2080,1965,2_S
1779264875.701741,1944,1811,2_S
1779264875.70308,2006,1924,2_S
1779264875.704389,2028,2102,2_S
1779264875.7069519,1937,1837,2_S
1779264875.711979,2065,1927,2_S
1779264875.714158,2042,2309,2_S
1779264875.716209,1988,2542,2_S
1779264875.719998,2017,2132,2_S
1779264875.7203321,1947,1848,2_S
1779264875.720541,2045,1866,2_S
1779264875.723327,1914,1994,2_S
1779264875.723441,1876,1858,2_S
1779264875.724885,1951,1946,2_S
1779264875.726279,1994,2229,2_S
1779264875.7321632,2107,2461,2_S
1779264875.733355,2109,2209,2_S
1779264875.7335281,2018,1885,2_S
1779264875.7350478,1958,1901,2_S
1779264875.737754,1957,2044,2_S
1779264875.740496,1959,2010,2_S
1779264875.7410629,1963,1822,2_S
1779264875.742796,1978,1991,2_S
1779264875.744558,1987,2284,2_S
1779264875.747262,2015,2349,2_S
1779264875.752129,2048,2031,2_S
1779264875.753074,1964,1883,2_S
1779264875.75355,1874,1994,2_S
1779264875.76103,2013,2046,2_S
1779264875.761363,1998,1782,2_S
1779264875.761697,1898,1826,2_S
1779264875.764062,1975,2122,2_S
1779264875.7644212,2147,2247,2_S
1779264875.764589,2048,1959,2_S
1779264875.767097,2027,1793,2_S
1779264875.7684321,1994,1852,2_S
1779264875.7734761,2032,2056,2_S
1779264875.774733,1991,1918,2_S
1779264875.776384,1978,1863,2_S
1779264875.779412,1965,2024,2_S
1779264875.782343,2082,2287,2_S
1779264875.782735,1994,2079,2_S
1779264875.782984,1955,1923,2_S
1779264875.7854779,1910,1894,2_S
1779264875.786815,1955,2055,2_S
1779264875.7893162,2051,2017,2_S
1779264875.7949471,1928,1899,2_S
1779264875.795729,1996,1985,2_S
1779264875.797764,2145,2269,2_S
1779264875.803502,2092,2309,2_S
1779264875.803793,1949,1955,2_S
1779264875.80424,2079,2007,2_S
1779264875.8067682,2062,2108,2_S
1779264875.80687,1994,2043,2_S
1779264875.8069131,1928,1786,2_S
1779264875.808461,1956,1967,2_S
1779264875.811061,2021,2283,2_S
1779264875.815775,2038,2378,2_S
1779264875.816639,2148,2119,2_S
1779264875.818031,2157,1990,2_S
1779264875.819742,2002,1936,2_S
1779264875.823883,1988,2081,2_S
1779264875.824215,2008,1981,2_S
1779264875.824455,2076,1932,2_S
1779264875.826946,2045,2049,2_S
1779264875.8282938,2124,2248,2_S
1779264875.831187,2090,2169,2_S
1779264875.8360069,2005,1938,2_S
1779264875.836819,1984,1868,2_S
1779264875.838551,2066,2055,2_S
1779264875.8388321,2064,2045,2_S
1779264875.841805,1970,1904,2_S
1779264875.8445299,1979,2076,2_S
1779264875.844832,2024,2136,2_S
1779264875.847332,2245,2170,2_S
1779264875.84925,2165,1923,2_S
1779264875.850591,1935,1886,2_S
1779264875.856658,1926,1971,2_S
1779264875.857564,2007,1997,2_S
1779264875.859536,1957,1863,2_S
1779264875.861674,2002,1903,2_S
1779264875.8630028,2054,2119,2_S
1779264875.86841,2124,2283,2_S
1779264875.868671,2079,2056,2_S
1779264875.8688,1990,1889,2_S
1779264875.868899,1983,1915,2_S
1779264875.870225,2058,2066,2_S
1779264875.872816,2030,1877,2_S
1779264875.877374,1966,1870,2_S
1779264875.8781881,2043,2149,2_S
1779264875.883745,2116,2394,2_S
1779264875.886306,2158,2227,2_S
1779264875.886584,2042,1949,2_S
1779264875.889716,1982,1901,2_S
1779264875.889801,2090,2014,2_S
1779264875.889984,2094,1996,2_S
1779264875.890205,1989,1850,2_S
1779264875.892889,2061,1947,2_S
1779264875.894327,2096,2253,2_S
1779264875.9024022,2138,2376,2_S
1779264875.902653,2145,2081,2_S
1779264875.90434,1926,1929,2_S
1779264875.9048698,2064,1935,2_S
1779264875.911238,2067,2118,2_S
1779264875.911368,2028,1910,2_S
1779264875.912082,2054,1877,2_S
1779264875.912126,2094,2189,2_S
1779264875.912253,2232,2466,2_S
1779264875.915346,2126,2179,2_S
1779264875.916957,1975,2017,2_S
1779264875.9297762,2002,2004,2_S
1779264875.930083,2062,2182,2_S
1779264875.9303832,2002,1998,2_S
1779264875.932798,1948,1986,2_S
1779264875.933451,1986,2162,2_S
1779264875.933559,2213,2410,2_S
1779264875.9336,2256,2248,2_S
1779264875.933692,2097,2058,2_S
1779264875.935051,2016,1952,2_S
1779264875.936407,2069,1986,2_S
1779264875.942034,2042,1941,2_S
1779264875.943699,1974,1827,2_S
1779264875.945266,2050,2053,2_S
1779264875.945429,2092,2317,2_S
1779264875.9486122,2167,2364,2_S
1779264875.951367,2099,2049,2_S
1779264875.951724,1987,1907,2_S
1779264875.954326,2012,2059,2_S
1779264875.954442,2164,2086,2_S
1779264875.957045,1986,1858,2_S
1779264875.9583611,1992,2014,2_S
1779264875.962919,2069,2273,2_S
1779264875.964523,2147,2384,2_S
1779264875.965992,2121,2032,2_S
1779264875.967972,2080,1824,2_S
1779264875.971724,2067,1833,2_S
1779264875.971871,2045,2037,2_S
1779264875.974441,1980,1940,2_S
1779264875.97454,1965,1891,2_S
1779264875.977095,2129,2093,2_S
1779264875.9784288,2207,2332,2_S
1779264875.983059,2112,2264,2_S
1779264875.986015,2016,1971,2_S
1779264875.9875588,2021,1982,2_S
1779264875.988105,2100,2145,2_S
1779264875.991699,2039,2085,2_S
1779264875.992209,1986,1933,2_S
1779264875.9925508,2045,1984,2_S
1779264875.994694,2191,2237,2_S
1779264875.996109,2112,2254,2_S
1779264875.9987562,2010,2016,2_S
1779264876.000258,1940,1974,2_S
1779264876.005008,2101,2169,2_S
1779264876.005456,2192,2163,2_S
1779264876.009822,2043,1853,2_S
1779264876.012716,2045,1940,2_S
1779264876.01316,1996,2245,2_S
1779264876.015676,2168,2385,2_S
1779264876.015724,2169,2122,2_S
1779264876.017066,2050,1925,2_S
1779264876.018395,2007,1982,2_S
1779264876.023993,2095,2149,2_S
1779264876.025465,2019,1975,2_S
1779264876.028524,1923,1867,2_S
1779264876.029397,2099,2110,2_S
1779264876.0335062,2154,2459,2_S
1779264876.0337439,2180,2194,2_S
1779264876.03407,2052,1999,2_S
1779264876.0343611,2047,1886,2_S
1779264876.036708,2039,2014,2_S
1779264876.038201,2026,2032,2_S
1779264876.0408041,2041,1915,2_S
1779264876.0459762,1931,2071,2_S
1779264876.046087,2124,2268,2_S
1779264876.0469708,2236,2249,2_S
1779264876.0515351,2086,2078,2_S
1779264876.054272,1989,1952,2_S
1779264876.0546281,2032,1999,2_S
1779264876.054878,2087,2138,2_S
1779264876.057148,2006,1887,2_S
1779264876.0584588,1989,1896,2_S
1779264876.06108,2090,2241,2_S
1779264876.062381,2153,2377,2_S
1779264876.068746,2121,2087,2_S
1779264876.070536,2074,1900,2_S
1779264876.071709,1999,1923,2_S
1779264876.074311,2030,2088,2_S
1779264876.074931,2042,1969,2_S
1779264876.07504,1982,1906,2_S
1779264876.076996,2029,2080,2_S
1779264876.078201,2145,2459,2_S
1779264876.081023,2103,2277,2_S
1779264876.082217,2043,2011,2_S
1779264876.085633,2049,1945,2_S
1779264876.087593,2019,2125,2_S
1779264876.089154,2043,2042,2_S
1779264876.091116,2038,1903,2_S
1779264876.094916,2060,2086,2_S
1779264876.0951838,2125,2356,2_S
1779264876.097739,2150,2374,2_S
1779264876.099054,2144,2074,2_S
1779264876.100373,2078,1888,2_S
1779264876.102902,2028,1922,2_S
1779264876.10625,2053,2082,2_S
1779264876.106712,2017,1934,2_S
1779264876.109045,2025,1923,2_S
1779264876.1150239,2083,2171,2_S
1779264876.1176069,2185,2394,2_S
1779264876.117722,2124,2120,2_S
1779264876.117803,2014,1955,2_S
1779264876.119145,2015,1933,2_S
1779264876.120455,2068,2123,2_S
1779264876.123123,2024,2026,2_S
1779264876.127218,1997,1915,2_S
1779264876.1273532,2050,2095,2_S
1779264876.131372,2141,2358,2_S
1779264876.133301,2150,2277,2_S
1779264876.133458,2077,2029,2_S
1779264876.1392388,2037,1925,2_S
1779264876.139483,2052,2043,2_S
1779264876.1395252,2080,2062,2_S
1779264876.140832,2008,1900,2_S
1779264876.142154,2018,2037,2_S
1779264876.150333,2132,2267,2_S
1779264876.150696,2166,2332,2_S
1779264876.1521852,2102,2086,2_S
1779264876.152364,2061,1959,2_S
1779264876.1565871,2056,2047,2_S
1779264876.156747,2074,2131,2_S
1779264876.15697,2030,1930,2_S
1779264876.159555,2025,1999,2_S
1779264876.160903,2093,2182,2_S
1779264876.1622112,2176,2330,2_S
1779264876.168936,2131,2139,2_S
1779264876.1701,2035,1919,2_S
1779264876.173603,2009,1913,2_S
1779264876.174905,2055,2103,2_S
1779264876.177601,2033,1970,2_S
1779264876.1782598,2001,1846,2_S
1779264876.180558,2050,2068,2_S
1779264876.180851,2159,2366,2_S
1779264876.181026,2153,2233,2_S
1779264876.1823978,2068,2005,2_S
1779264876.184986,2051,1882,2_S
1779264876.1901171,2064,2071,2_S
1779264876.1927521,2074,2021,2_S
1779264876.1930392,2002,1839,2_S
1779264876.194613,2008,1990,2_S
1779264876.195308,2092,2260,2_S
1779264876.199171,2175,2332,2_S
1779264876.199423,2121,2051,2_S
1779264876.201299,2050,1958,2_S
1779264876.202661,2051,2003,2_S
1779264876.2051709,2071,2088,2_S
1779264876.206423,2016,1869,2_S
1779264876.211711,1992,1920,2_S
1779264876.213658,2052,2171,2_S
1779264876.215467,2181,2367,2_S
1779264876.216002,2092,2129,2_S
1779264876.2198,1986,1915,2_S
1779264876.220176,1970,1887,2_S
1779264876.220503,2020,2055,2_S
1779264876.222813,2056,1946,2_S
1779264876.224365,2004,1891,2_S
1779264876.227038,2028,2070,2_S
1779264876.232361,2127,2352,2_S
1779264876.234638,2188,2220,2_S
1779264876.2348511,2036,1990,2_S
1779264876.236392,2011,1890,2_S
1779264876.2406862,2046,2054,2_S
1779264876.240911,2058,2062,2_S
1779264876.24128,2008,1865,2_S
1779264876.2435641,2007,1985,2_S
1779264876.244883,2076,2283,2_S
1779264876.246274,2149,2348,2_S
1779264876.2528472,2072,2091,2_S
1779264876.253302,2059,1927,2_S
1779264876.254102,2036,1966,2_S
1779264876.2556539,2057,2081,2_S
1779264876.26119,2001,1912,2_S
1779264876.261454,1992,1898,2_S
1779264876.261641,2083,2150,2_S
1779264876.264174,2181,2361,2_S
1779264876.2643042,2113,2151,2_S
1779264876.266906,2014,1975,2_S
1779264876.2682161,1996,1953,2_S
1779264876.273199,2058,2043,2_S
1779264876.274407,2046,2003,2_S
1779264876.2758532,1964,1936,2_S
1779264876.275999,1998,2096,2_S
1779264876.282322,2113,2345,2_S
1779264876.284775,2145,2211,2_S
1779264876.284893,2076,1890,2_S
1779264876.2849998,2017,1858,2_S
1779264876.286325,2024,2107,2_S
1779264876.288907,2054,2082,2_S
1779264876.29316,1993,1946,2_S
1779264876.2943559,1998,1988,2_S
1779264876.29491,2087,2310,2_S
1779264876.297806,2134,2365,2_S
1779264876.302508,2076,2108,2_S
1779264876.3029141,1988,1934,2_S
1779264876.305826,1992,1954,2_S
1779264876.306027,2025,2197,2_S
1779264876.30612,1999,1917,2_S
1779264876.308799,1995,1901,2_S
1779264876.310435,2078,2088,2_S
1779264876.318475,2170,2306,2_S
1779264876.318805,2144,2141,2_S
1779264876.321037,1994,1898,2_S
1779264876.325294,2002,1909,2_S
1779264876.328296,2052,2073,2_S
1779264876.328424,2024,2003,2_S
1779264876.3285801,1973,1880,2_S
1779264876.328776,2032,2120,2_S
1779264876.3288739,2133,2430,2_S
1779264876.330337,2117,2228,2_S
1779264876.333014,2061,1986,2_S
1779264876.340825,2002,1895,2_S
1779264876.3433778,2034,2020,2_S
1779264876.344984,2028,2052,2_S
1779264876.3479779,1964,1860,2_S
1779264876.348373,1982,2015,2_S
1779264876.348758,2075,2267,2_S
1779264876.350755,2104,2373,2_S
1779264876.3517299,2051,2088,2_S
1779264876.351883,2025,1962,2_S
1779264876.351983,2018,1996,2_S
1779264876.3585742,2063,2048,2_S
1779264876.3610299,2009,1945,2_S
1779264876.363125,1974,2036,2_S
1779264876.368187,2026,2224,2_S
1779264876.3686569,2138,2361,2_S
1779264876.369185,2125,2149,2_S
1779264876.369578,2045,1885,2_S
1779264876.372221,1999,1914,2_S
1779264876.372576,2016,2080,2_S
1779264876.372695,2030,2031,2_S
1779264876.374113,1986,1861,2_S
1779264876.376818,2027,2035,2_S
1779264876.378481,2129,2285,2_S
1779264876.384083,2145,2285,2_S
1779264876.3866189,2080,2018,2_S
1779264876.390133,2007,1892,2_S
1779264876.393615,2034,2071,2_S
1779264876.394164,2033,1991,2_S
1779264876.394644,1924,1840,2_S
1779264876.395034,1964,1985,2_S
1779264876.3979678,2087,2242,2_S
1779264876.398061,2159,2333,2_S
1779264876.3982332,2104,2070,2_S
1779264876.4070652,2018,1924,2_S
1779264876.407352,1987,1914,2_S
1779264876.409236,2033,2112,2_S
1779264876.411459,1979,1939,2_S
1779264876.416634,1970,1913,2_S
1779264876.4174452,2052,2099,2_S
1779264876.420233,2137,2299,2_S
1779264876.4205189,2092,2179,2_S
1779264876.420604,1984,1952,2_S
1779264876.420699,1998,1866,2_S
1779264876.4207811,2065,1988,2_S
1779264876.422066,2021,2050,2_S
1779264876.424768,1951,1966,2_S
1779264876.4305081,1995,1996,2_S
1779264876.4331892,2096,2314,2_S
1779264876.437189,2114,2290,2_S
1779264876.442322,2065,2027,2_S
1779264876.443151,2014,1970,2_S
1779264876.4436831,2009,2059,2_S
1779264876.4464052,2029,2030,2_S
1779264876.44657,1989,1951,2_S
1779264876.446696,2003,2032,2_S
1779264876.447076,2073,2119,2_S
1779264876.4471328,2121,2235,2_S
1779264876.44853,2082,2035,2_S
1779264876.45547,2000,1963,2_S
1779264876.457812,1996,1963,2_S
1779264876.464909,2033,2050,2_S
1779264876.4686139,2003,1876,2_S
1779264876.468671,1998,1979,2_S
1779264876.468718,2053,2174,2_S
1779264876.4687612,2132,2366,2_S
1779264876.4688032,2115,2180,2_S
1779264876.4690711,2014,2039,2_S
1779264876.4691799,1955,1975,2_S
1779264876.470572,2040,2060,2_S
1779264876.472146,2009,1995,2_S
1779264876.480326,1926,1848,2_S
1779264876.48421,1981,2020,2_S
1779264876.4870322,2113,2342,2_S
1779264876.490498,2120,2326,2_S
1779264876.491162,2074,2050,2_S
1779264876.491651,2011,1906,2_S
1779264876.491932,2031,2034,2_S
1779264876.492311,2004,2130,2_S
1779264876.4952052,1957,2037,2_S
1779264876.495324,1995,2065,2_S
1779264876.4953768,2099,2289,2_S
1779264876.496755,2136,2296,2_S
1779264876.505009,2070,2017,2_S
1779264876.505505,2009,1834,2_S
1779264876.5122108,2041,1866,2_S
1779264876.515409,2081,1978,2_S
1779264876.515636,1938,1896,2_S
1779264876.515885,1946,2022,2_S
1779264876.516005,2058,2203,2_S
1779264876.5160909,2173,2364,2_S
1779264876.516137,2134,2105,2_S
1779264876.516206,2022,2025,2_S
1779264876.5189,1988,1996,2_S
1779264876.520277,2045,2095,2_S
1779264876.527114,2026,1937,2_S
1779264876.529709,2005,1885,2_S
1779264876.533807,2029,2026,2_S
1779264876.537067,2147,2255,2_S
1779264876.537718,2111,2238,2_S
1779264876.538097,1987,2149,2_S
1779264876.5403368,1955,2026,2_S
1779264876.5410502,2002,1924,2_S
1779264876.541225,2000,1948,2_S
1779264876.541333,1964,1946,2_S
1779264876.542699,1988,2032,2_S
1779264876.5490408,2106,2180,2_S
1779264876.5507998,2165,2361,2_S
1779264876.5512252,2069,2047,2_S
1779264876.555001,2013,1876,2_S
1779264876.558263,2007,1979,2_S
1779264876.558687,2012,2088,2_S
1779264876.559029,1979,1939,2_S
1779264876.559438,1990,1905,2_S
1779264876.5624478,2066,2093,2_S
1779264876.562565,2165,2316,2_S
1779264876.5639958,2134,2178,2_S
1779264876.5666392,2048,1945,2_S
1779264876.5680928,2000,1951,2_S
1779264876.572156,2040,2072,2_S
1779264876.574238,2011,2010,2_S
1779264876.5760572,1941,1877,2_S
1779264876.5763998,2005,2066,2_S
1779264876.578153,2086,2330,2_S
1779264876.584097,2108,2269,2_S
1779264876.586556,2065,1983,2_S
1779264876.587242,1969,1920,2_S
1779264876.58753,2049,2005,2_S
1779264876.5888598,2102,2032,2_S
1779264876.593924,2012,1867,2_S
1779264876.594542,1987,1998,2_S
1779264876.595068,2093,2312,2_S
1779264876.597763,2181,2361,2_S
1779264876.598026,2114,2051,2_S
1779264876.601643,2008,1939,2_S
1779264876.604686,1952,1966,2_S
1779264876.604853,2045,2138,2_S
1779264876.607916,1999,1914,2_S
1779264876.608006,1935,1912,2_S
1779264876.610642,2047,2203,2_S
1779264876.611982,2132,2408,2_S
1779264876.62165,2080,2166,2_S
1779264876.62188,1987,1978,2_S
1779264876.624158,1970,1958,2_S
1779264876.628712,2041,2099,2_S
1779264876.6291351,2015,2027,2_S
1779264876.629586,1949,1883,2_S
1779264876.6303449,1990,2079,2_S
1779264876.633086,2120,2364,2_S
1779264876.633236,2148,2293,2_S
1779264876.633355,2058,2080,2_S
1779264876.63472,2031,2032,2_S
1779264876.641304,2066,2057,2_S
1779264876.643214,2094,2046,2_S
1779264876.643481,2003,1867,2_S
1779264876.6453052,2033,2016,2_S
1779264876.646042,2105,2293,2_S
1779264876.650935,2204,2394,2_S
1779264876.651249,2122,2113,2_S
1779264876.651561,2031,1860,2_S
1779264876.653944,2024,1885,2_S
1779264876.654795,2067,2121,2_S
1779264876.6562219,2023,1988,2_S
1779264876.658859,1984,1976,2_S
1779264876.660196,2063,2116,2_S
1779264876.666826,2189,2330,2_S
1779264876.668882,2128,2164,2_S
1779264876.671367,2038,1962,2_S
1779264876.672792,1991,1990,2_S
1779264876.676129,2046,2029,2_S
1779264876.676419,2024,1969,2_S
1779264876.676661,1979,1910,2_S
1779264876.677089,2027,2101,2_S
1779264876.6799161,2119,2358,2_S
1779264876.680109,2155,2241,2_S
1779264876.69022,2095,2010,2_S
1779264876.692678,2025,1934,2_S
1779264876.697121,2051,2088,2_S
1779264876.697959,2064,2134,2_S
1779264876.698344,1981,1884,2_S
1779264876.698615,1998,1977,2_S
1779264876.701503,2082,2266,2_S
1779264876.701642,2190,2411,2_S
1779264876.701796,2103,2134,2_S
1779264876.701866,2007,1931,2_S
1779264876.7019699,1996,1976,2_S
1779264876.704596,2048,2128,2_S
1779264876.705981,2003,1953,2_S
1779264876.7155688,2011,1929,2_S
1779264876.718016,2066,2139,2_S
1779264876.725857,2162,2315,2_S
1779264876.726455,2131,2183,2_S
1779264876.730026,2053,2002,2_S
1779264876.73018,2014,1961,2_S
1779264876.7302542,2054,2110,2_S
1779264876.730316,2048,1977,2_S
1779264876.730377,1987,1931,2_S
1779264876.73044,2040,2134,2_S
1779264876.730508,2131,2326,2_S
1779264876.730571,2159,2248,2_S
1779264876.732018,2068,1957,2_S
1779264876.739255,2017,1914,2_S
1779264876.741608,2044,2014,2_S
1779264876.7490938,2045,2062,2_S
1779264876.7500632,1978,1909,2_S
1779264876.75339,2005,1985,2_S
1779264876.753524,2094,2251,2_S
1779264876.7536159,2173,2358,2_S
1779264876.753689,2119,2108,2_S
1779264876.7538161,2016,1955,2_S
1779264876.753888,2026,2012,2_S
1779264876.75397,2092,2177,2_S
1779264876.756594,2034,1961,2_S
1779264876.75795,1952,1936,2_S
1779264876.766342,2066,2138,2_S
1779264876.7688792,2179,2395,2_S
1779264876.7764978,2126,2191,2_S
1779264876.777138,2045,1980,2_S
1779264876.7776482,2015,1960,2_S
1779264876.778162,2086,2113,2_S
1779264876.7784488,2037,2018,2_S
1779264876.781591,1983,1888,2_S
1779264876.781821,2051,2053,2_S
1779264876.7819362,2137,2340,2_S
1779264876.7820108,2170,2302,2_S
1779264876.7821162,2061,2046,2_S
1779264876.7929332,2011,1967,2_S
1779264876.7957828,2031,2010,2_S
1779264876.801086,2080,2074,2_S
1779264876.801711,1997,1877,2_S
1779264876.802031,2033,2011,2_S
1779264876.8053272,2104,2292,2_S
1779264876.805486,2183,2395,2_S
1779264876.805606,2108,2104,2_S
1779264876.8057,2022,1942,2_S
1779264876.8057668,2012,1997,2_S
1779264876.805876,2031,2168,2_S
1779264876.805954,2021,1979,2_S
1779264876.808596,2022,2003,2_S
1779264876.8099551,2055,2191,2_S
1779264876.8181849,2166,2394,2_S
1779264876.820818,2163,2218,2_S
1779264876.821098,2054,2047,2_S
1779264876.8214982,2032,1932,2_S
1779264876.8257642,2067,2082,2_S
1779264876.829638,2056,1999,2_S
1779264876.8301618,2010,1867,2_S
1779264876.8309498,2018,2095,2_S
1779264876.833976,2131,2321,2_S
1779264876.834335,2161,2258,2_S
1779264876.834471,2091,2061,2_S
1779264876.834589,2013,1931,2_S
1779264876.835941,2048,2018,2_S
1779264876.843344,2075,2061,2_S
1779264876.8461099,2014,1902,2_S
1779264876.8504372,2009,2017,2_S
1779264876.8545978,2110,2249,2_S
1779264876.85511,2209,2385,2_S
1779264876.85567,2100,2106,2_S
1779264876.858565,2016,1947,2_S
1779264876.858977,2022,1984,2_S
1779264876.8590841,2084,2137,2_S
1779264876.8591528,2033,1991,2_S
1779264876.8592482,1998,1968,2_S
1779264876.860616,2083,2166,2_S
1779264876.8619578,2164,2420,2_S
1779264876.864557,2144,2271,2_S
1779264876.870689,2046,1978,2_S
1779264876.871986,2015,1941,2_S
1779264876.874539,2070,2054,2_S
1779264876.877419,2049,1981,2_S
1779264876.8793118,1992,1883,2_S
1779264876.8831182,2040,2066,2_S
1779264876.8839428,2164,2391,2_S
1779264876.88463,2189,2369,2_S
1779264876.887805,2123,2094,2_S
1779264876.888093,2033,1968,2_S
1779264876.8881862,2064,2052,2_S
1779264876.8883011,2079,2100,2_S
1779264876.9001029,1995,1960,2_S
1779264876.900754,1974,2033,2_S
1779264876.9032419,2099,2254,2_S
1779264876.9058251,2165,2384,2_S
1779264876.9092531,2119,2088,2_S
1779264876.909597,2044,1912,2_S
1779264876.910094,2006,2001,2_S
1779264876.910572,2084,2155,2_S
1779264876.913099,2029,1978,2_S
1779264876.9141681,2011,1938,2_S
1779264876.914776,2056,2094,2_S
1779264876.914863,2166,2355,2_S
1779264876.914927,2130,2216,2_S
1779264876.916631,2058,1971,2_S
1779264876.918032,2036,1922,2_S
1779264876.927093,2068,2090,2_S
1779264876.9326148,2059,2037,2_S
1779264876.9329312,2004,1932,2_S
1779264876.938695,2056,2111,2_S
1779264876.939053,2167,2366,2_S
1779264876.9424388,2178,2392,2_S
1779264876.94254,2095,2094,2_S
1779264876.942616,2016,1949,2_S
1779264876.942685,2027,2074,2_S
1779264876.942749,2074,2119,2_S
1779264876.94281,2024,1939,2_S
1779264876.942871,2007,2064,2_S
1779264876.944282,2108,2286,2_S
1779264876.9530659,2191,2337,2_S
1779264876.953412,2122,2078,2_S
1779264876.955505,2051,1992,2_S
1779264876.956201,2036,2029,2_S
1779264876.96134,2086,2165,2_S
1779264876.9619231,2039,2016,2_S
1779264876.9646988,2000,1949,2_S
1779264876.965739,2084,2128,2_S
1779264876.965869,2176,2386,2_S
1779264876.9660668,2133,2246,2_S
1779264876.966157,2066,1984,2_S
1779264876.9689012,2013,1901,2_S
1779264876.970634,2051,2089,2_S
1779264876.972356,2064,2055,2_S
1779264877.027779,2010,1919,2_S
1779264877.027859,2039,2052,2_S
1779264877.028121,2152,2337,2_S
1779264877.028308,2192,2257,2_S
1779264877.028386,2101,2031,2_S
1779264877.028512,2049,1928,2_S
1779264877.028608,2076,2033,2_S
1779264877.028676,2070,2093,2_S
1779264877.028739,2013,1891,2_S
1779264877.028831,2016,1963,2_S
1779264877.028899,2112,2270,2_S
1779264877.02896,2209,2415,2_S
1779264877.0290189,2123,2139,2_S
1779264877.0290802,2042,1956,2_S
1779264877.029145,2047,1986,2_S
1779264877.029206,2074,2143,2_S
1779264877.029268,2029,1982,2_S
1779264877.0293279,2010,1977,2_S
1779264877.029398,2072,2188,2_S
1779264877.0294578,2193,2441,2_S
1779264877.029516,2173,2279,2_S
1779264877.029665,2078,2008,2_S
1779264877.029789,2068,1941,2_S
1779264877.029925,2047,2117,2_S
1779264877.0300019,2030,2040,2_S
1779264877.030101,2007,1869,2_S
1779264877.030157,2061,2042,2_S
1779264877.030208,2128,2297,2_S
1779264877.030292,2167,2301,2_S
1779264877.031704,2084,2037,2_S
1779264877.034915,2026,1933,2_S
1779264877.03702,2033,2039,2_S
1779264877.0384698,2095,2108,2_S
1779264877.040852,2026,1925,2_S
1779264877.047709,2035,2008,2_S
1779264877.049351,2124,2302,2_S
1779264877.05217,2180,2401,2_S
1779264877.059973,2124,2112,2_S
1779264877.063013,2066,1960,2_S
1779264877.0640352,2010,1985,2_S
1779264877.064203,2073,2118,2_S
1779264877.064279,2049,1928,2_S
1779264877.064395,2028,1915,2_S
1779264877.064497,2075,2188,2_S
1779264877.064736,2196,2375,2_S
1779264877.0649521,2136,2208,2_S
1779264877.0663419,2070,1998,2_S
1779264877.072865,2042,1973,2_S
1779264877.075807,2085,2102,2_S
1779264877.078531,2079,2036,2_S
1779264877.08045,1984,1932,2_S
1779264877.084788,2021,2087,2_S
1779264877.085283,2151,2334,2_S
1779264877.087899,2192,2361,2_S
1779264877.088831,2117,2075,2_S
1779264877.089281,2036,1948,2_S
1779264877.089368,2051,2033,2_S
1779264877.089528,2065,2075,2_S
1779264877.089702,2017,1839,2_S
1779264877.092382,2030,1967,2_S
1779264877.093743,2113,2189,2_S
1779264877.104547,2179,2327,2_S
1779264877.10893,2139,2056,2_S
1779264877.112872,2031,1935,2_S
1779264877.113407,2010,1971,2_S
1779264877.116777,2101,2105,2_S
1779264877.1171331,2047,1979,2_S
1779264877.117238,2015,1956,2_S
1779264877.117353,2073,2152,2_S
1779264877.117428,2177,2428,2_S
1779264877.117551,2163,2239,2_S
1779264877.117708,2049,1989,2_S
1779264877.1178,2015,1927,2_S
1779264877.1258721,2069,2061,2_S
1779264877.128601,2051,2031,2_S
1779264877.130722,1985,1897,2_S
1779264877.1333,2023,2041,2_S
1779264877.133759,2120,2279,2_S
1779264877.137126,2172,2282,2_S
1779264877.137727,2102,1989,2_S
1779264877.1382642,2019,1888,2_S
1779264877.138588,2035,2072,2_S
1779264877.1417449,2061,2155,2_S
1779264877.14189,2020,1942,2_S
1779264877.142028,2013,2000,2_S
1779264877.144703,2105,2226,2_S
1779264877.146076,2188,2319,2_S
1779264877.158148,2093,2130,2_S
1779264877.161236,2028,1948,2_S
1779264877.1648052,2025,1989,2_S
1779264877.1651819,2072,2110,2_S
1779264877.1656451,2017,2008,2_S
1779264877.166373,1979,1943,2_S
1779264877.166683,2053,2108,2_S
1779264877.167116,2173,2462,2_S
1779264877.1700742,2142,2226,2_S
1779264877.170479,2016,2030,2_S
1779264877.17056,2004,1905,2_S
1779264877.170634,2068,2106,2_S
1779264877.172002,2059,2030,2_S
1779264877.1793761,1986,1873,2_S
1779264877.182244,2015,2029,2_S
1779264877.182742,2108,2338,2_S
1779264877.1849668,2153,2331,2_S
1779264877.185859,2069,2110,2_S
1779264877.187834,1999,1907,2_S
1779264877.191447,2003,2048,2_S
1779264877.1923048,2082,2113,2_S
1779264877.195502,2016,1909,2_S
1779264877.195646,1988,1962,2_S
1779264877.195851,2102,2183,2_S
1779264877.195926,2158,2448,2_S
1779264877.198564,2116,2192,2_S
1779264877.199925,2076,1948,2_S
1779264877.208556,2027,1986,2_S
1779264877.2113621,2059,2113,2_S
1779264877.214026,2009,1966,2_S
1779264877.21601,2009,1938,2_S
1779264877.219987,2064,2094,2_S
1779264877.220468,2173,2329,2_S
1779264877.220903,2150,2222,2_S
1779264877.224407,2048,2015,2_S
1779264877.2245061,2019,2008,2_S
1779264877.224586,2031,2147,2_S
1779264877.224652,2017,2057,2_S
1779264877.224716,1968,1887,2_S
1779264877.22609,2010,1957,2_S
1779264877.233334,2109,2298,2_S
1779264877.236168,2181,2222,2_S
1779264877.2384572,2089,2048,2_S
1779264877.244134,2003,1919,2_S
1779264877.2448,2048,1966,2_S
1779264877.245682,2061,2053,2_S
1779264877.246161,1989,1979,2_S
1779264877.2464252,2003,2011,2_S
1779264877.2495391,2071,2403,2_S
1779264877.2496939,2124,2405,2_S
1779264877.249749,2107,2021,2_S
1779264877.249799,2017,1996,2_S
1779264877.252639,2041,1996,2_S
1779264877.2540329,2023,1986,2_S
1779264877.260875,1976,1833,2_S
1779264877.2644238,2000,1940,2_S
1779264877.264949,2073,2143,2_S
1779264877.269155,2123,2411,2_S
1779264877.2697248,2190,2175,2_S
1779264877.2735202,2043,1966,2_S
1779264877.274129,1945,2136,2_S
1779264877.276808,2012,2198,2_S
1779264877.277765,1997,2068,2_S
1779264877.277858,1971,1859,2_S
1779264877.2779891,2067,2139,2_S
1779264877.2781172,2083,2322,2_S
1779264877.2796412,2134,2394,2_S
1779264877.289353,2036,2104,2_S
1779264877.292316,2031,1831,2_S
1779264877.297677,2041,1928,2_S
1779264877.298003,2134,2042,2_S
1779264877.298367,2017,1966,2_S
1779264877.2989209,1996,2139,2_S
1779264877.301728,2064,2315,2_S
1779264877.302507,2083,2459,2_S
1779264877.3026419,2129,1997,2_S
1779264877.302746,1881,1921,2_S
1779264877.30285,1939,1983,2_S
1779264877.30412,1881,2123,2_S
1779264877.3065999,1890,1966,2_S
1779264877.3079731,1928,1924,2_S
1779264877.315444,2078,2044,2_S
1779264877.31844,2114,2295,2_S
1779264877.322664,2134,2275,2_S
1779264877.3263402,2135,2194,2_S
1779264877.3270772,2077,2096,2_S
1779264877.3277,2043,2222,2_S
1779264877.3302138,2016,2052,2_S
1779264877.331105,1951,1929,2_S
1779264877.33143,2008,1949,2_S
1779264877.3315809,2201,2312,2_S
1779264877.3316538,2130,2442,2_S
1779264877.331746,2106,2132,2_S
1779264877.340704,2036,1818,2_S
1779264877.342686,1991,1893,2_S
1779264877.34334,1901,2009,2_S
1779264877.350591,1819,1930,2_S
1779264877.351542,1914,2089,2_S
1779264877.355032,1974,2287,2_S
1779264877.355208,2072,2290,2_S
1779264877.3553522,2012,2062,2_S
1779264877.3554611,1940,1941,2_S
1779264877.355579,1841,1944,2_S
1779264877.3557189,2050,2078,2_S
1779264877.355819,2025,1951,2_S
1779264877.358481,1971,1898,2_S
1779264877.359843,1896,2103,2_S
1779264877.368334,1985,2416,2_S
1779264877.370241,2000,2307,2_S
1779264877.370555,1839,1961,2_S
1779264877.370913,1867,1869,2_S
1779264877.374899,1874,2024,2_S
1779264877.3782668,1839,1987,2_S
1779264877.379561,1797,1823,2_S
1779264877.382987,1835,1878,2_S
1779264877.383112,1764,2162,2_S
1779264877.3831701,1532,2129,2_S
1779264877.38322,1798,1921,2_S
1779264877.384541,1871,1926,2_S
1779264877.390804,2038,1997,2_S
1779264877.3942761,1952,2142,2_S
1779264877.398643,1883,1935,2_S
1779264877.398855,1888,1987,2_S
1779264877.4025228,2029,2234,2_S
1779264877.405309,2076,2375,2_S
1779264877.406632,1961,2110,2_S
1779264877.4068701,1892,1921,2_S
1779264877.406924,1708,1941,2_S
1779264877.4069738,1815,2033,2_S
1779264877.407107,1791,1888,2_S
1779264877.408592,1819,1795,2_S
1779264877.4100091,1905,2049,2_S
1779264877.416681,2004,2373,2_S
1779264877.419177,2018,2237,2_S
1779264877.420955,1883,2103,2_S
1779264877.4212322,1890,2070,2_S
1779264877.422952,1898,2141,2_S
1779264877.423597,1884,1956,2_S
1779264877.4261591,1915,1795,2_S
1779264877.4294279,1951,1957,2_S
1779264877.433335,2068,2299,2_S
1779264877.433397,2125,2389,2_S
1779264877.433516,1991,2024,2_S
1779264877.4336908,1978,1767,2_S
1779264877.4408371,1979,1912,2_S
1779264877.444215,1936,2047,2_S
1779264877.452464,1961,1896,2_S
1779264877.4560661,2036,1858,2_S
1779264877.456199,2109,2132,2_S
1779264877.456337,2177,2359,2_S
1779264877.45647,2085,2051,2_S
1779264877.456583,2076,1857,2_S
1779264877.456664,1962,1853,2_S
1779264877.4570959,2032,2107,2_S
1779264877.4571478,2024,1927,2_S
1779264877.458472,1895,1822,2_S
1779264877.459703,2002,2028,2_S
1779264877.466788,2215,2443,2_S
1779264877.471264,2183,2195,2_S
1779264877.471682,2121,1964,2_S
1779264877.474001,2113,1811,2_S
1779264877.478912,2006,2014,2_S
1779264877.479292,2085,2013,2_S
1779264877.479681,1822,1823,2_S
1779264877.480133,1920,1949,2_S
1779264877.4832,2074,2348,2_S
1779264877.4834912,2207,2404,2_S
1779264877.483644,2074,2047,2_S
1779264877.483776,1867,1841,2_S
1779264877.490596,1956,1883,2_S
1779264877.491251,2054,2012,2_S
1779264877.4922729,2080,1979,2_S
1779264877.494422,2139,2015,2_S
1779264877.4947572,2173,2141,2_S
1779264877.498694,2201,2238,2_S
1779264877.49894,2043,2152,2_S
1779264877.5025449,1973,2089,2_S
1779264877.502918,1989,1988,2_S
1779264877.5056121,2088,2162,2_S
1779264877.505898,2090,2022,2_S
1779264877.508538,1966,1869,2_S
1779264877.509898,1944,2056,2_S
1779264877.516502,2042,2419,2_S
1779264877.51756,2000,2207,2_S
1779264877.519242,1982,1981,2_S
1779264877.5210938,1979,1940,2_S
1779264877.521822,1960,2059,2_S
1779264877.5231302,1947,2060,2_S
1779264877.5263,1928,1910,2_S
1779264877.52685,1914,2034,2_S
1779264877.5295732,1965,2329,2_S
1779264877.529681,2041,2349,2_S
1779264877.532353,2035,2040,2_S
1779264877.533686,1932,1966,2_S
1779264877.539947,1980,2017,2_S
1779264877.542669,1998,2090,2_S
1779264877.542906,1912,1894,2_S
1779264877.5445912,1942,1938,2_S
1779264877.545215,2031,2216,2_S
1779264877.5496168,2130,2374,2_S
1779264877.552128,2046,2112,2_S
1779264877.5529149,2116,1871,2_S
1779264877.553028,2039,1913,2_S
1779264877.554344,2084,2049,2_S
1779264877.560122,1986,1910,2_S
1779264877.5627468,2060,1933,2_S
1779264877.565077,2078,2201,2_S
1779264877.566549,2131,2428,2_S
1779264877.569543,2238,2266,2_S
1779264877.570195,2031,2009,2_S
1779264877.5704691,2013,1948,2_S
1779264877.5707111,2042,1995,2_S
1779264877.573267,2197,1996,2_S
1779264877.5745971,2107,1970,2_S
1779264877.575833,2109,2113,2_S
1779264877.578569,2181,2339,2_S
1779264877.58436,2114,2409,2_S
1779264877.585249,2092,2164,2_S
1779264877.5869708,2052,2023,2_S
1779264877.588816,2014,2073,2_S
1779264877.590688,2020,2153,2_S
1779264877.5940979,1953,1899,2_S
1779264877.594242,2005,1962,2_S
1779264877.5946481,2101,2248,2_S
1779264877.597386,2128,2362,2_S
1779264877.5987048,2212,2111,2_S
1779264877.606904,2089,1990,2_S
1779264877.6091158,2055,1973,2_S
1779264877.610697,2069,2088,2_S
1779264877.613462,2111,2033,2_S
1779264877.615959,2004,1990,2_S
1779264877.616971,2012,2098,2_S
1779264877.6171489,2106,2387,2_S
1779264877.617384,2182,2237,2_S
1779264877.617451,2115,1983,2_S
1779264877.617571,2020,1941,2_S
1779264877.620151,2028,2090,2_S
1779264877.621561,2102,2105,2_S
1779264877.6270971,1943,1922,2_S
1779264877.6276531,2075,2054,2_S
1779264877.6301062,2128,2399,2_S
1779264877.63211,2172,2371,2_S
1779264877.63416,2130,1963,2_S
1779264877.6379352,2027,1855,2_S
1779264877.6404119,2049,1990,2_S
1779264877.64064,2176,2093,2_S
1779264877.6407502,2063,1858,2_S
1779264877.642066,2051,1895,2_S
1779264877.650628,2101,2245,2_S
1779264877.650953,2130,2451,2_S
1779264877.651169,2145,2201,2_S
1779264877.653176,2060,1986,2_S
1779264877.653344,2047,2001,2_S
1779264877.657689,2108,2117,2_S
1779264877.657981,2095,1999,2_S
1779264877.658279,2007,1979,2_S
1779264877.660872,2054,2170,2_S
1779264877.662335,2220,2402,2_S
1779264877.663716,2306,2291,2_S
1779264877.666739,2111,2085,2_S
1779264877.671438,2053,1910,2_S
1779264877.6715689,2110,2079,2_S
1779264877.672529,2006,2147,2_S
1779264877.674572,1890,1999,2_S
1779264877.67804,2128,2011,2_S
1779264877.6818838,2147,2228,2_S
1779264877.684684,2138,2326,2_S
1779264877.6849449,2149,2139,2_S
1779264877.685076,2103,1989,2_S
1779264877.686392,1979,1981,2_S
1779264877.692071,2143,2155,2_S
1779264877.6925921,2035,1896,2_S
1779264877.694974,2128,2088,2_S
1779264877.696827,2159,2232,2_S
1779264877.701897,2185,2446,2_S
1779264877.702101,2106,2113,2_S
1779264877.702534,2025,1937,2_S
1779264877.702825,2009,1975,2_S
1779264877.705583,2097,2160,2_S
1779264877.705698,2027,2008,2_S
1779264877.70832,2042,1864,2_S
1779264877.709645,2000,2074,2_S
1779264877.715232,2114,2390,2_S
1779264877.7159538,2174,2284,2_S
1779264877.7186959,2117,2053,2_S
1779264877.719126,2099,1971,2_S
1779264877.7228868,2054,2142,2_S
1779264877.725934,2111,2136,2_S
1779264877.7264352,2030,1892,2_S
1779264877.729387,2016,2029,2_S
1779264877.7295208,2087,2331,2_S
1779264877.729568,2201,2343,2_S
1779264877.739415,2172,2083,2_S
1779264877.7426822,2072,1964,2_S
1779264877.745664,2045,2040,2_S
1779264877.7459142,2043,2095,2_S
1779264877.746342,2096,1889,2_S
1779264877.749259,2045,2008,2_S
1779264877.7493892,2100,2273,2_S
1779264877.7494478,2125,2465,2_S
1779264877.7495732,2124,2140,2_S
1779264877.74964,2036,1932,2_S
1779264877.7522612,2130,1959,2_S
1779264877.753643,2080,2157,2_S
1779264877.759999,2059,2029,2_S
1779264877.762728,1989,1929,2_S
1779264877.765283,2103,2124,2_S
1779264877.765495,2168,2360,2_S
1779264877.767008,2102,2241,2_S
1779264877.770166,2003,2045,2_S
1779264877.770815,2122,1911,2_S
1779264877.771124,2130,2107,2_S
1779264877.773634,2066,2116,2_S
1779264877.773772,2161,1930,2_S
1779264877.7801569,2040,2020,2_S
1779264877.7837539,2158,2222,2_S
1779264877.784257,2202,2396,2_S
1779264877.786151,2103,2148,2_S
1779264877.791276,2079,1956,2_S
1779264877.7916439,2056,1974,2_S
1779264877.791981,2092,2087,2_S
1779264877.792161,2020,1907,2_S
1779264877.792303,1971,1977,2_S
1779264877.79475,2095,2367,2_S
1779264877.7960808,2214,2469,2_S
1779264877.797602,2129,2194,2_S
1779264877.8002,2103,1973,2_S
1779264877.805396,2041,1961,2_S
1779264877.805991,2103,2128,2_S
1779264877.806145,2041,2093,2_S
1779264877.8082502,2004,2008,2_S
1779264877.810431,2067,2143,2_S
1779264877.814944,2180,2343,2_S
1779264877.815197,2224,2278,2_S
1779264877.817655,2112,2034,2_S
1779264877.81791,2026,1981,2_S
1779264877.820512,2020,2120,2_S
1779264877.8218298,2070,2073,2_S
1779264877.828126,2080,1959,2_S
1779264877.828628,2024,2075,2_S
1779264877.8287842,2042,2343,2_S
1779264877.8312662,2185,2457,2_S
1779264877.833452,2140,2164,2_S
1779264877.837728,2120,1976,2_S
1779264877.838115,2073,2034,2_S
1779264877.838581,2051,2190,2_S
1779264877.8405602,2042,2013,2_S
1779264877.841915,2019,2044,2_S
1779264877.8444989,2051,2282,2_S
1779264877.8458061,2166,2443,2_S
1779264877.850875,2154,2241,2_S
1779264877.8515441,2034,2018,2_S
1779264877.8525472,1962,1958,2_S
1779264877.854516,2104,2143,2_S
1779264877.856778,2016,2068,2_S
1779264877.861093,1976,1939,2_S
1779264877.861234,2091,2157,2_S
1779264877.864025,2238,2384,2_S
1779264877.864079,2191,2276,2_S
1779264877.865474,2065,2091,2_S
1779264877.868067,2018,2015,2_S
1779264877.869477,2088,2080,2_S
1779264877.873438,2122,2085,2_S
1779264877.873972,2086,1917,2_S
1779264877.8769238,2072,2028,2_S
1779264877.880245,2124,2338,2_S
1779264877.88286,2176,2356,2_S
1779264877.883148,2128,2116,2_S
1779264877.8856509,1983,1945,2_S
1779264877.8857942,1983,2038,2_S
1779264877.8884742,1963,2198,2_S
1779264877.8898401,1972,1956,2_S
1779264877.8947551,2110,1945,2_S
1779264877.895283,2188,2190,2_S
1779264877.8979142,2218,2428,2_S
1779264877.899022,2131,2234,2_S
1779264877.9009368,2125,1985,2_S
1779264877.90376,2130,1944,2_S
1779264877.903888,2118,2091,2_S
1779264877.90625,2076,2092,2_S
1779264877.9075599,1989,2015,2_S
1779264877.910143,2008,2118,2_S
1779264877.91203,2109,2432,2_S
1779264877.916071,2145,2322,2_S
1779264877.916194,2073,2064,2_S
1779264877.920244,2062,1936,2_S
1779264877.920397,2072,2074,2_S
1779264877.9220648,2073,2058,2_S
1779264877.924672,2000,1907,2_S
1779264877.9272661,2027,2021,2_S
1779264877.9285781,2066,2313,2_S
1779264877.9299,2142,2373,2_S
1779264877.9360042,2111,2076,2_S
1779264877.9365172,2058,1994,2_S
1779264877.93693,2061,2020,2_S
1779264877.939169,2097,2092,2_S
1779264877.94117,2042,1946,2_S
1779264877.944888,2005,2023,2_S
1779264877.945038,2096,2244,2_S
1779264877.947904,2225,2409,2_S
1779264877.948073,2183,2193,2_S
1779264877.9494662,2086,1997,2_S
1779264877.952061,2048,2005,2_S
1779264877.956993,2094,2124,2_S
1779264877.957587,2089,2028,2_S
1779264877.958596,1983,1965,2_S
1779264877.9617448,2075,2147,2_S
1779264877.966381,2161,2381,2_S
1779264877.969643,2151,2317,2_S
1779264877.969795,2098,2035,2_S
1779264877.9699688,2049,1915,2_S
1779264877.9701881,2062,2080,2_S
1779264877.971551,2109,2092,2_S
1779264877.97423,2015,1915,2_S
1779264877.9788969,2066,2043,2_S
1779264877.980216,2137,2276,2_S
1779264877.9817688,2211,2292,2_S
1779264877.982028,2133,2084,2_S
1779264877.9850361,2053,1964,2_S
1779264877.987746,2032,1980,2_S
1779264877.987853,2097,2131,2_S
1779264877.9905212,2050,1972,2_S
1779264877.992104,2029,1982,2_S
1779264877.993441,2094,2164,2_S
1779264877.999415,2178,2380,2_S
1779264878.000275,2156,2202,2_S
1779264878.00257,2087,1971,2_S
1779264878.0027342,2042,1930,2_S
1779264878.0056121,2092,2093,2_S
1779264878.008383,2056,2025,2_S
1779264878.008666,2025,1938,2_S
1779264878.0109398,2054,2087,2_S
1779264878.0125299,2150,2322,2_S
1779264878.013859,2159,2275,2_S
1779264878.019789,2103,2098,2_S
1779264878.02067,2057,1945,2_S
1779264878.022924,2058,2057,2_S
1779264878.023233,2076,2043,2_S
1779264878.029068,2015,1957,2_S
1779264878.031771,2025,1990,2_S
1779264878.031856,2133,2245,2_S
1779264878.0319219,2170,2312,2_S
1779264878.031984,2113,2048,2_S
1779264878.033466,2060,1946,2_S
1779264878.036143,2028,1947,2_S
1779264878.041366,2066,2102,2_S
1779264878.04195,2038,1951,2_S
1779264878.0443342,1975,2004,2_S
1779264878.0455701,2049,2198,2_S
1779264878.046014,2172,2414,2_S
1779264878.050287,2136,2142,2_S
1779264878.050581,2045,1974,2_S
1779264878.052881,2023,1995,2_S
1779264878.054348,2083,2142,2_S
1779264878.0556622,2066,1969,2_S
1779264878.058269,2025,1875,2_S
1779264878.0643651,2080,2052,2_S
1779264878.064673,2144,2340,2_S
1779264878.070108,2158,2311,2_S
1779264878.070292,2104,2054,2_S
1779264878.070732,2034,1945,2_S
1779264878.0709262,2066,2031,2_S
1779264878.073249,2105,2017,2_S
1779264878.074736,2022,1872,2_S
1779264878.076424,2036,1981,2_S
1779264878.077914,2140,2288,2_S
1779264878.090549,2174,2381,2_S
1779264878.0941582,2130,2051,2_S
1779264878.0971851,2037,1888,2_S
1779264878.0973618,2038,1986,2_S
1779264878.097488,2064,2136,2_S
1779264878.097645,2012,1925,2_S
1779264878.097785,2015,1903,2_S
1779264878.0978508,2080,2156,2_S
1779264878.097915,2137,2382,2_S
1779264878.097978,2124,2065,2_S
1779264878.0994911,2066,1860,2_S
1779264878.1072042,2041,1933,2_S
1779264878.114614,2033,2114,2_S
1779264878.11806,1985,2040,2_S
1779264878.118212,1933,1918,2_S
1779264878.118301,1992,2041,2_S
1779264878.118369,2110,2317,2_S
1779264878.11843,2100,2305,2_S
1779264878.118489,1999,2076,2_S
1779264878.118549,1985,1950,2_S
1779264878.119977,1994,2068,2_S
1779264878.12232,2031,2092,2_S
1779264878.129627,2003,1888,2_S
1779264878.132214,2026,1997,2_S
1779264878.139199,2081,2264,2_S
1779264878.1398442,2123,2379,2_S
1779264878.140403,2074,2008,2_S
1779264878.142981,2035,1870,2_S
1779264878.143084,2001,1921,2_S
1779264878.14313,1992,2093,2_S
1779264878.1431732,1962,1934,2_S
1779264878.1432152,1934,1957,2_S
1779264878.1446989,2010,2180,2_S
1779264878.1501682,2079,2388,2_S
1779264878.155497,2064,2207,2_S
1779264878.157355,2020,1931,2_S
1779264878.160547,1967,1961,2_S
1779264878.161223,2024,2143,2_S
1779264878.1616828,2021,1966,2_S
1779264878.1621811,1958,1877,2_S
1779264878.165,2005,2090,2_S
1779264878.16543,2114,2330,2_S
1779264878.1656718,2174,2261,2_S
1779264878.165806,2064,2008,2_S
1779264878.1684532,2001,1887,2_S
1779264878.1698182,2035,2058,2_S
1779264878.178667,2037,2069,2_S
1779264878.17931,1987,1880,2_S
1779264878.183317,1981,2004,2_S
1779264878.186652,2062,2257,2_S
1779264878.1876092,2130,2371,2_S
1779264878.190563,2094,2031,2_S
1779264878.190677,2068,1856,2_S
1779264878.190766,2060,1987,2_S
1779264878.190849,2071,2144,2_S
1779264878.1909041,2030,1903,2_S
1779264878.192426,2052,1886,2_S
1779264878.197674,2100,2133,2_S
1779264878.207156,2171,2409,2_S
1779264878.207723,2119,2179,2_S
1779264878.208243,2017,2052,2_S
1779264878.211034,2005,2004,2_S
1779264878.2112021,2059,2159,2_S
1779264878.2113202,2051,2008,2_S
1779264878.211447,1974,1946,2_S
1779264878.2115998,2042,2101,2_S
1779264878.211673,2148,2352,2_S
1779264878.214134,2198,2273,2_S
1779264878.216102,2110,2017,2_S
1779264878.226835,2063,1942,2_S
1779264878.231384,2049,2072,2_S
1779264878.234711,2042,2117,2_S
1779264878.234814,1990,1876,2_S
1779264878.234868,2026,1994,2_S
1779264878.234912,2097,2297,2_S
1779264878.2350001,2194,2398,2_S
1779264878.235171,2111,2195,2_S
1779264878.23532,2065,1875,2_S
1779264878.235466,2054,1967,2_S
1779264878.2447731,2077,2121,2_S
1779264878.251758,2028,1927,2_S
1779264878.252461,1982,1979,2_S
1779264878.2531898,2065,2143,2_S
1779264878.255945,2183,2329,2_S
1779264878.2561011,2097,2187,2_S
1779264878.2562518,2046,2046,2_S
1779264878.2563488,2016,1923,2_S
1779264878.256522,2081,1933,2_S
1779264878.256593,2029,1982,2_S
1779264878.258284,1958,2048,2_S
1779264878.2595851,2066,2144,2_S
1779264878.272933,2182,2191,2_S
1779264878.276181,2161,2194,2_S
1779264878.276486,2032,2110,2_S
1779264878.277149,2000,2092,2_S
1779264878.27751,2022,2014,2_S
1779264878.280433,2082,1940,2_S
1779264878.2805,1998,1768,2_S
1779264878.280573,2026,1905,2_S
1779264878.280616,2091,2311,2_S
1779264878.2806778,2202,2404,2_S
1779264878.282027,2165,2099,2_S
1779264878.287275,2103,1887,2_S
1779264878.2882612,2029,1949,2_S
1779264878.2899961,2071,2247,2_S
1779264878.291966,2028,2052,2_S
1779264878.29355,2016,2015,2_S
1779264878.296559,2112,2183,2_S
1779264878.296934,2207,2295,2_S
1779264878.299789,2150,2101,2_S
1779264878.299951,2023,1899,2_S
1779264878.301326,1996,2017,2_S
1779264878.303909,2056,2265,2_S
1779264878.309372,2063,2127,2_S
1779264878.3103411,1979,1866,2_S
1779264878.312715,1991,2036,2_S
1779264878.316716,2125,2398,2_S
1779264878.322706,2159,2419,2_S
1779264878.323037,2086,2098,2_S
1779264878.3231812,2038,1905,2_S
1779264878.3233101,2077,1977,2_S
1779264878.3234298,2074,2029,2_S
1779264878.323475,1991,1960,2_S
1779264878.326049,1951,2027,2_S
1779264878.32749,2064,2294,2_S
1779264878.333338,2180,2441,2_S
1779264878.33457,2117,2225,2_S
1779264878.336233,2043,2026,2_S
1779264878.3364549,2032,1999,2_S
1779264878.399495,2074,2152,2_S
1779264878.399563,2049,2018,2_S
1779264878.399611,2033,2006,2_S
1779264878.399654,2095,2175,2_S
1779264878.3996959,2174,2499,2_S
1779264878.399738,2165,2249,2_S
1779264878.399779,2042,2013,2_S
1779264878.39982,2028,1986,2_S
1779264878.399862,2093,2084,2_S
1779264878.399903,2048,1962,2_S
1779264878.3999429,1989,1863,2_S
1779264878.3999841,2029,2014,2_S
1779264878.4000251,2158,2304,2_S
1779264878.400065,2198,2283,2_S
1779264878.400106,2077,2118,2_S
1779264878.400147,2045,1999,2_S
1779264878.4001868,2058,2088,2_S
1779264878.400228,2068,2115,2_S
1779264878.400268,2012,1715,2_S
1779264878.400309,2003,1870,2_S
1779264878.4003499,2103,2194,2_S
1779264878.40039,2181,2366,2_S
1779264878.4004312,2115,2153,2_S
1779264878.4004722,2043,1888,2_S
1779264878.402338,2024,1916,2_S
1779264878.4024189,2086,2042,2_S
1779264878.4025128,2044,1867,2_S
1779264878.402557,2025,1862,2_S
1779264878.4025989,2092,2112,2_S
1779264878.402656,2161,2343,2_S
1779264878.402845,2163,2097,2_S
1779264878.402922,2008,1837,2_S
1779264878.4030871,1987,1798,2_S
1779264878.4125261,2053,1994,2_S
1779264878.412574,2056,1862,2_S
1779264878.412616,2030,1750,2_S
1779264878.412659,2067,1930,2_S
1779264878.4127,2140,2239,2_S
1779264878.413964,2193,2282,2_S
1779264878.415679,2107,1917,2_S
1779264878.43888,2040,1764,2_S
1779264878.438933,2065,1851,2_S
1779264878.438977,2099,1921,2_S
1779264878.43902,2013,1714,2_S
1779264878.439061,2010,1751,2_S
1779264878.439102,2118,2033,2_S
1779264878.439143,2211,2211,2_S
1779264878.439184,2131,1934,2_S
1779264878.4392262,2057,1788,2_S
1779264878.4392672,2025,1866,2_S
1779264878.470439,2064,1968,2_S
1779264878.470518,2017,1759,2_S
1779264878.470568,2006,1778,2_S
1779264878.470612,2080,2031,2_S
1779264878.470654,2175,2308,2_S
1779264878.470695,2158,2092,2_S
1779264878.4707358,2059,1815,2_S
1779264878.470777,1980,1820,2_S
1779264878.470819,2035,1936,2_S
1779264878.47086,2073,1816,2_S
1779264878.470901,2004,1715,2_S
1779264878.4709408,2040,1920,2_S
1779264878.470985,2080,2257,2_S
1779264878.471026,2153,2181,2_S
1779264878.471066,2078,1911,2_S
1779264878.471127,2043,1802,2_S
1779264878.471168,2080,1998,2_S
1779264878.47247,2103,2055,2_S
1779264878.4747882,2032,1770,2_S
1779264878.477076,2042,1843,2_S
1779264878.47893,2146,2157,2_S
1779264878.482935,2208,2363,2_S
1779264878.483336,2146,2027,2_S
1779264878.4834151,2043,1875,2_S
1779264878.486584,2019,1893,2_S
1779264878.506856,2067,2003,2_S
1779264878.506924,2026,1803,2_S
1779264878.506969,1988,1794,2_S
1779264878.507013,2067,2153,2_S
1779264878.5074391,2167,2432,2_S
1779264878.507495,2171,2175,2_S
1779264878.507539,2091,1935,2_S
1779264878.507581,2030,1866,2_S
1779264878.507622,2070,2022,2_S
1779264878.507664,2071,1952,2_S
1779264878.507704,2004,1857,2_S
1779264878.525377,2027,2051,2_S
1779264878.528606,2127,2343,2_S
1779264878.528735,2169,2322,2_S
1779264878.528827,2095,2035,2_S
1779264878.5289369,2053,1905,2_S
1779264878.529053,2062,2019,2_S
1779264878.5291252,2060,2100,2_S
1779264878.5292292,1998,1855,2_S
1779264878.529326,2055,1987,2_S
1779264878.529393,2094,2329,2_S
1779264878.5294552,2169,2366,2_S
1779264878.532151,2115,1989,2_S
1779264878.533518,2042,1825,2_S
1779264878.542329,2017,1901,2_S
1779264878.546558,2064,2119,2_S
1779264878.550177,2058,1874,2_S
1779264878.550751,2017,1820,2_S
1779264878.551071,2083,2167,2_S
1779264878.553845,2203,2363,2_S
1779264878.5540538,2166,2118,2_S
1779264878.5542452,2096,1865,2_S
1779264878.5543401,2020,1867,2_S
1779264878.554486,2064,2115,2_S
1779264878.555894,2028,1999,2_S
1779264878.564466,1983,1912,2_S
1779264878.5683699,2056,2097,2_S
1779264878.572188,2171,2450,2_S
1779264878.5726771,2188,2276,2_S
1779264878.5753999,2111,1989,2_S
1779264878.5755289,2027,1826,2_S
1779264878.575706,2057,2027,2_S
1779264878.5758588,2103,2095,2_S
1779264878.5759842,2030,1847,2_S
1779264878.5760992,2041,1955,2_S
1779264878.5775301,2114,2263,2_S
1779264878.5892348,2164,2404,2_S
1779264878.593018,2090,2098,2_S
1779264878.598942,2012,1975,2_S
1779264878.599064,2028,1976,2_S
1779264878.5991879,2072,2065,2_S
1779264878.599329,2027,1942,2_S
1779264878.5994549,2005,1955,2_S
1779264878.599618,2072,2135,2_S
1779264878.599791,2188,2441,2_S
1779264878.5999098,2137,2241,2_S
1779264878.600029,2069,2006,2_S
1779264878.601245,2048,1990,2_S
1779264878.603893,2056,2210,2_S
1779264878.609312,2100,2156,2_S
1779264878.610576,2039,1902,2_S
1779264878.612315,2058,2115,2_S
1779264878.6125922,2150,2395,2_S
1779264878.61681,2152,2298,2_S
1779264878.619668,2110,2010,2_S
1779264878.620111,2023,1877,2_S
1779264878.62066,2037,2007,2_S
1779264878.623327,2102,2076,2_S
1779264878.62342,2036,1924,2_S
1779264878.631181,2043,1960,2_S
1779264878.6313531,2139,2294,2_S
1779264878.63314,2210,2476,2_S
1779264878.635413,2124,2103,2_S
1779264878.639742,2055,1927,2_S
1779264878.640595,2059,1968,2_S
1779264878.642712,2090,2099,2_S
1779264878.643499,2031,1897,2_S
1779264878.64355,2002,1893,2_S
1779264878.643688,2069,2105,2_S
1779264878.646572,2136,2434,2_S
1779264878.648,2125,2236,2_S
1779264878.654067,2070,1988,2_S
1779264878.655222,2002,1931,2_S
1779264878.657032,2070,2106,2_S
1779264878.6587641,2072,2018,2_S
1779264878.660955,2023,1823,2_S
1779264878.664098,2070,1991,2_S
1779264878.6666381,2171,2398,2_S
1779264878.667385,2172,2334,2_S
1779264878.6674922,2130,1996,2_S
1779264878.667613,2079,1919,2_S
1779264878.674099,2081,2034,2_S
1779264878.676822,2109,2091,2_S
1779264878.6785622,2023,1862,2_S
1779264878.6792178,2011,1988,2_S
1779264878.683655,2151,2303,2_S
1779264878.684011,2262,2487,2_S
1779264878.6842518,2207,2152,2_S
1779264878.686643,2087,1967,2_S
1779264878.6869109,2063,2001,2_S
1779264878.688237,2125,2197,2_S
1779264878.6895502,2106,1997,2_S
1779264878.692149,2036,1931,2_S
1779264878.700181,2105,2195,2_S
1779264878.700353,2202,2441,2_S
1779264878.7027159,2112,2273,2_S
1779264878.7042408,2076,2011,2_S
1779264878.707374,2093,1893,2_S
1779264878.707747,2133,2124,2_S
1779264878.709913,2144,2045,2_S
1779264878.7104268,2065,1876,2_S
1779264878.71071,2085,2107,2_S
1779264878.711978,2180,2357,2_S
1779264878.716588,2192,2335,2_S
1779264878.717679,2132,2007,2_S
1779264878.719028,2046,1863,2_S
1779264878.720775,2031,2020,2_S
1779264878.7228448,2102,2082,2_S
1779264878.72989,2017,1849,2_S
1779264878.729983,2011,1975,2_S
1779264878.730056,2075,2348,2_S
1779264878.73012,2170,2428,2_S
1779264878.731468,2168,2203,2_S
1779264878.7342222,2134,2013,2_S
1779264878.7399979,2072,1953,2_S
1779264878.741579,2082,2110,2_S
1779264878.7425091,2053,1945,2_S
1779264878.745673,2025,1944,2_S
1779264878.746285,2086,2130,2_S
1779264878.748461,2204,2470,2_S
1779264878.751841,2164,2257,2_S
1779264878.752264,2091,2064,2_S
1779264878.752573,2000,1997,2_S
1779264878.755142,2072,2127,2_S
1779264878.755425,2059,2143,2_S
1779264878.762317,2026,1953,2_S
1779264878.763356,2042,2100,2_S
1779264878.7656431,2148,2370,2_S
1779264878.7678368,2204,2336,2_S
1779264878.7694662,2115,2060,2_S
1779264878.772525,2065,1907,2_S
1779264878.772924,2072,2028,2_S
1779264878.77349,2104,2135,2_S
1779264878.7759202,2036,1945,2_S
1779264878.7760751,2059,2007,2_S
1779264878.7774248,2121,2249,2_S
1779264878.7800388,2170,2351,2_S
1779264878.7856371,2106,2088,2_S
1779264878.786753,2048,1920,2_S
1779264878.787389,2024,1998,2_S
1779264878.787572,2096,2133,2_S
1779264878.7898722,2041,1945,2_S
1779264878.791724,2020,1935,2_S
1779264878.7939131,2080,2158,2_S
1779264878.796931,2196,2445,2_S
1779264878.799741,2208,2275,2_S
1779264878.8000221,2092,1987,2_S
1779264878.801342,2064,1920,2_S
1779264878.806415,2108,2097,2_S
1779264878.806586,2082,2056,2_S
1779264878.8097851,2032,1952,2_S
1779264878.8101592,2051,1998,2_S
1779264878.812226,2158,2284,2_S
1779264878.816343,2189,2306,2_S
1779264878.816461,2091,2081,2_S
1779264878.819461,2002,1901,2_S
1779264878.819508,2077,2010,2_S
1779264878.822079,2103,2077,2_S
1779264878.823415,2012,1902,2_S
1779264878.830395,2001,2003,2_S
1779264878.831103,2082,2336,2_S
1779264878.83318,2182,2537,2_S
1779264878.8334908,2144,2156,2_S
1779264878.835341,2078,1991,2_S
1779264878.835979,2049,2084,2_S
1779264878.840179,2073,2278,2_S
1779264878.840547,2051,1958,2_S
1779264878.843325,2001,1823,2_S
1779264878.8434,2076,2129,2_S
1779264878.850775,2189,2380,2_S
1779264878.851337,2200,2215,2_S
1779264878.853869,2102,1984,2_S
1779264878.855874,2030,1957,2_S
1779264878.857763,2065,2116,2_S
1779264878.860938,2050,1986,2_S
1779264878.8612218,2020,1860,2_S
1779264878.861513,2045,2066,2_S
1779264878.861769,2158,2372,2_S
1779264878.864446,2200,2444,2_S
1779264878.865761,2102,2105,2_S
1779264878.868341,2044,1897,2_S
1779264878.8699489,2051,2013,2_S
1779264878.873966,2038,2090,2_S
1779264878.874489,1989,1859,2_S
1779264878.8766432,2006,1945,2_S
1779264878.8785632,2085,2297,2_S
1779264878.8848572,2179,2499,2_S
1779264878.88555,2151,2225,2_S
1779264878.885599,2086,1969,2_S
1779264878.885638,2044,1907,2_S
1779264878.888208,2106,2038,2_S
1779264878.8895092,2083,1975,2_S
1779264878.8939378,2044,1894,2_S
1779264878.894932,2096,2159,2_S
1779264878.897475,2169,2368,2_S
1779264878.899044,2109,2145,2_S
1779264878.9006789,2053,1904,2_S
1779264878.903282,2023,1918,2_S
1779264878.903557,2067,2148,2_S
1779264878.90549,2071,2105,2_S
1779264878.908066,2028,1931,2_S
1779264878.909369,2054,2064,2_S
1779264878.915458,2171,2371,2_S
1779264878.9162722,2181,2373,2_S
1779264878.917752,2094,2118,2_S
1779264878.917954,2034,1938,2_S
1779264878.921049,2051,2010,2_S
1779264878.92114,2088,2119,2_S
1779264878.923745,2020,1889,2_S
1779264878.925753,1982,1797,2_S
1779264878.927111,2075,2232,2_S
1779264878.929594,2143,2397,2_S
1779264878.9353678,2108,2074,2_S
1779264878.9358542,2047,1872,2_S
1779264878.936586,2058,1927,2_S
1779264878.938126,2091,2146,2_S
1779264878.939589,2064,2003,2_S
1779264878.941378,2023,1955,2_S
1779264878.944043,2069,2207,2_S
1779264878.946666,2201,2566,2_S
1779264878.948065,2182,2320,2_S
1779264878.949387,2082,1916,2_S
1779264878.952037,1995,1823,2_S
1779264878.9563289,2078,2048,2_S
1779264878.957105,2062,1971,2_S
1779264878.958743,1991,1859,2_S
1779264878.960738,2016,1999,2_S
1779264878.964538,2121,2286,2_S
1779264878.9649248,2176,2366,2_S
1779264878.965152,2079,2056,2_S
1779264878.968205,1998,1957,2_S
1779264878.96947,2000,2022,2_S
1779264878.972045,2039,2081,2_S
1779264878.9765701,1989,1892,2_S
1779264878.9774442,2004,2010,2_S
1779264878.979507,2094,2244,2_S
1779264878.9828758,2177,2394,2_S
1779264878.985701,2111,2116,2_S
1779264878.9858718,2060,2008,2_S
1779264878.986309,2030,1968,2_S
1779264878.9887471,2090,2049,2_S
1779264878.990119,2040,1948,2_S
1779264878.991602,1971,1879,2_S
1779264878.9931011,2064,2108,2_S
1779264879.001012,2163,2416,2_S
1779264879.007076,2144,2197,2_S
1779264879.007582,2053,2006,2_S
1779264879.01035,2022,1990,2_S
1779264879.010428,2053,2127,2_S
1779264879.010507,2045,2009,2_S
1779264879.010546,1984,1882,2_S
1779264879.0106409,2004,2047,2_S
1779264879.012058,2142,2271,2_S
1779264879.013439,2187,2306,2_S
1779264879.016685,2096,2067,2_S
1779264879.0276322,2042,1909,2_S
1779264879.0278862,2042,1954,2_S
1779264879.033505,2069,2050,2_S
1779264879.03377,1992,1842,2_S
1779264879.0338922,1975,1953,2_S
1779264879.034,2094,2228,2_S
1779264879.034038,2188,2395,2_S
1779264879.034125,2138,2111,2_S
1779264879.034208,2028,1916,2_S
1779264879.035531,2015,1942,2_S
1779264879.039231,2057,2141,2_S
1779264879.039426,2032,1984,2_S
1779264879.0452778,2013,1917,2_S
1779264879.050435,2049,2126,2_S
1779264879.0558872,2155,2441,2_S
1779264879.056011,2135,2270,2_S
1779264879.056128,2083,1938,2_S
1779264879.0562,2029,1870,2_S
1779264879.056354,2046,2063,2_S
1779264879.056493,2074,2037,2_S
1779264879.057874,2031,1801,2_S
1779264879.0592241,2048,1999,2_S
1779264879.065473,2131,2334,2_S
1779264879.065954,2176,2306,2_S
1779264879.067029,2074,2007,2_S
1779264879.069015,2016,1962,2_S
1779264879.0721228,2052,2055,2_S
1779264879.074955,2069,2130,2_S
1779264879.07523,2000,1888,2_S
1779264879.075418,1978,1928,2_S
1779264879.0780869,2062,2209,2_S
1779264879.079416,2173,2373,2_S
1779264879.0820081,2100,2071,2_S
1779264879.083464,2046,1901,2_S
1779264879.087273,2038,1947,2_S
1779264879.088246,2092,2089,2_S
1779264879.09042,2089,1945,2_S
1779264879.091949,2036,1888,2_S
1779264879.096119,2044,2115,2_S
1779264879.096357,2144,2461,2_S
1779264879.0988228,2147,2313,2_S
1779264879.100147,2062,2042,2_S
1779264879.101535,2024,1889,2_S
1779264879.103081,2056,2003,2_S
1779264879.111499,2056,1994,2_S
1779264879.111858,1989,1855,2_S
1779264879.113355,2034,2035,2_S
1779264879.120959,2142,2341,2_S
1779264879.121015,2181,2363,2_S
1779264879.121064,2120,2050,2_S
1779264879.121103,2032,1966,2_S
1779264879.121185,2027,2026,2_S
1779264879.12138,2058,2149,2_S
1779264879.124201,2001,1951,2_S
1779264879.1262138,1998,1938,2_S
1779264879.1403909,2072,2210,2_S
1779264879.141016,2158,2388,2_S
1779264879.1414568,2089,2156,2_S
1779264879.143869,2032,1921,2_S
1779264879.143987,2017,1971,2_S
1779264879.1440809,2056,2140,2_S
1779264879.144172,2063,1930,2_S
1779264879.144305,2029,1824,2_S
1779264879.144398,2088,2054,2_S
1779264879.145802,2176,2362,2_S
1779264879.14721,2179,2208,2_S
1779264879.155243,2080,1975,2_S
1779264879.1597319,2018,1877,2_S
1779264879.161302,2066,2014,2_S
1779264879.16474,2061,2077,2_S
1779264879.167042,2017,1880,2_S
1779264879.167147,2043,2063,2_S
1779264879.167219,2131,2389,2_S
1779264879.167283,2138,2369,2_S
1779264879.167381,2114,2063,2_S
1779264879.167454,2033,1901,2_S
1779264879.17034,2061,2005,2_S
1779264879.1722639,2072,2129,2_S
1779264879.178,1989,1824,2_S
1779264879.179771,1991,1887,2_S
1779264879.188815,2045,2225,2_S
1779264879.188952,2111,2438,2_S
1779264879.189002,2102,2128,2_S
1779264879.189046,2051,1946,2_S
1779264879.189169,2027,1970,2_S
1779264879.1892512,2045,2123,2_S
1779264879.189402,2016,1983,2_S
1779264879.192097,1987,1943,2_S
1779264879.1934688,2042,2116,2_S
1779264879.20677,2154,2428,2_S
1779264879.2126,2151,2338,2_S
1779264879.212945,2057,2023,2_S
1779264879.213206,2005,1915,2_S
1779264879.21361,2026,2067,2_S
1779264879.213689,2020,2046,2_S
1779264879.2139578,1960,1804,2_S
1779264879.214166,1986,1936,2_S
1779264879.214533,2110,2273,2_S
1779264879.2146292,2137,2340,2_S
1779264879.216186,2059,1991,2_S
1779264879.221329,2013,1846,2_S
1779264879.2231538,2021,1983,2_S
1779264879.225961,2043,2125,2_S
1779264879.229177,1949,1902,2_S
1779264879.229525,1982,1928,2_S
1779264879.232384,2074,2227,2_S
1779264879.232474,2179,2449,2_S
1779264879.232605,2097,2132,2_S
1779264879.233943,2015,1962,2_S
1779264879.2352571,1981,1952,2_S
1779264879.237966,2083,2099,2_S
1779264879.243408,2050,1973,2_S
1779264879.243953,2005,1878,2_S
1779264879.244962,2046,2142,2_S
1779264879.246977,2141,2454,2_S
1779264879.256395,2165,2255,2_S
1779264879.256981,2091,1957,2_S
1779264879.2574341,2028,1884,2_S
1779264879.257577,2030,2008,2_S
1779264879.257691,2035,2078,2_S
1779264879.257792,1982,1946,2_S
1779264879.259268,2019,2018,2_S
1779264879.265633,2117,2315,2_S
1779264879.267442,2151,2375,2_S
1779264879.273938,2094,2086,2_S
1779264879.274463,2022,1986,2_S
1779264879.274733,2015,2043,2_S
1779264879.274886,2084,2103,2_S
1779264879.275084,2018,1837,2_S
1779264879.277514,1993,1894,2_S
1779264879.2777548,2031,2209,2_S
1779264879.279116,2183,2484,2_S
1779264879.282105,2130,2207,2_S
1779264879.283621,2047,1983,2_S
1779264879.291706,2045,1928,2_S
1779264879.2920692,2082,2129,2_S
1779264879.293698,2046,1994,2_S
1779264879.2953138,2004,1919,2_S
1779264879.301004,2070,2113,2_S
1779264879.3010838,2159,2396,2_S
1779264879.3012018,2181,2239,2_S
1779264879.301304,2072,1977,2_S
1779264879.301408,2024,1916,2_S
1779264879.304209,2062,2113,2_S
1779264879.30554,2048,2077,2_S
1779264879.3075452,2010,1831,2_S
1779264879.316658,2005,1938,2_S
1779264879.324098,2129,2372,2_S
1779264879.3244858,2163,2429,2_S
1779264879.324605,2094,2031,2_S
1779264879.324688,2007,1941,2_S
1779264879.324762,2037,1968,2_S
1779264879.3248699,2060,2083,2_S
1779264879.324961,2008,1890,2_S
1779264879.325066,1993,1947,2_S
1779264879.3273568,2076,2267,2_S
1779264879.3302028,2150,2388,2_S
1779264879.342081,2133,2123,2_S
1779264879.345694,2054,1917,2_S
1779264879.346503,2069,1897,2_S
1779264879.3490639,2121,2127,2_S
1779264879.349331,2061,2021,2_S
1779264879.349382,1992,1928,2_S
1779264879.349429,2070,2078,2_S
1779264879.349474,2131,2383,2_S
1779264879.349518,2089,2279,2_S
1779264879.349607,2039,2027,2_S
1779264879.350964,2021,1930,2_S
1779264879.359732,2063,2092,2_S
1779264879.361846,2052,2099,2_S
1779264879.36309,2034,1890,2_S
1779264879.36588,2045,2060,2_S
1779264879.366092,2163,2391,2_S
1779264879.3689978,2220,2423,2_S
1779264879.3691049,2129,2053,2_S
1779264879.369209,2044,1915,2_S
1779264879.3692958,2029,2040,2_S
1779264879.371099,2048,2066,2_S
1779264879.3737128,1998,1855,2_S
1779264879.375059,1990,1872,2_S
1779264879.440812,2062,2201,2_S
1779264879.4408839,2176,2449,2_S
1779264879.440941,2119,2183,2_S
1779264879.4409862,2046,1993,2_S
1779264879.441028,2018,1954,2_S
1779264879.441071,2059,2106,2_S
1779264879.441112,2033,2074,2_S
1779264879.441154,1933,1936,2_S
1779264879.441194,2035,2124,2_S
1779264879.4412348,2166,2469,2_S
1779264879.4412758,2177,2320,2_S
1779264879.441317,2097,1976,2_S
1779264879.441359,2018,1898,2_S
1779264879.4414,2039,2070,2_S
1779264879.441442,2060,2115,2_S
1779264879.441482,2028,1886,2_S
1779264879.4415228,2051,1991,2_S
1779264879.441565,2136,2239,2_S
1779264879.441607,2173,2340,2_S
1779264879.441647,2085,2121,2_S
1779264879.441687,2024,1966,2_S
1779264879.441728,2005,1962,2_S
1779264879.441768,2053,2114,2_S
1779264879.441809,1996,1974,2_S
1779264879.441849,2011,1986,2_S
1779264879.445299,2105,2213,2_S
1779264879.447495,2148,2420,2_S
1779264879.4475589,2081,2205,2_S
1779264879.4486668,2046,2068,2_S
1779264879.44876,2015,2025,2_S
1779264879.4499562,2090,2164,2_S
1779264879.453726,2075,1889,2_S
1779264879.453781,2025,1880,2_S
1779264879.453826,2053,2079,2_S
1779264879.453965,2149,2388,2_S
1779264879.454016,2172,2250,2_S
1779264879.454079,2093,1966,2_S
1779264879.454122,2038,1876,2_S
1779264879.454581,2036,2020,2_S
1779264879.485503,2055,2024,2_S
1779264879.4860318,1975,1861,2_S
1779264879.497998,2007,2034,2_S
1779264879.499171,2110,2374,2_S
1779264879.4994218,2148,2426,2_S
1779264879.4995022,2071,2094,2_S
1779264879.500143,2012,2001,2_S
1779264879.500917,2038,2042,2_S
1779264879.500967,2119,2194,2_S
1779264879.52289,2056,1906,2_S
1779264879.522958,2014,1984,2_S
1779264879.523005,2094,2242,2_S
1779264879.523048,2192,2463,2_S
1779264879.5231922,2139,2142,2_S
1779264879.523235,2059,1887,2_S
1779264879.525507,2023,1890,2_S
1779264879.525568,2042,2078,2_S
1779264879.5256162,2037,1987,2_S
1779264879.525661,2000,1887,2_S
1779264879.5268102,2053,2084,2_S
1779264879.5275252,2151,2379,2_S
1779264879.527928,2184,2299,2_S
1779264879.546986,2127,1999,2_S
1779264879.5718532,2073,1916,2_S
1779264879.571973,2075,2094,2_S
1779264879.572046,2086,2134,2_S
1779264879.5721111,1970,1916,2_S
1779264879.572175,1940,2060,2_S
1779264879.572236,2056,2319,2_S
1779264879.5722969,2175,2410,2_S
1779264879.57236,2141,2095,2_S
1779264879.572421,2066,1911,2_S
1779264879.5724878,2025,1991,2_S
1779264879.572552,2087,2087,2_S
1779264879.572612,2071,1904,2_S
1779264879.572674,2053,1898,2_S
1779264879.572736,2100,2174,2_S
1779264879.5728462,2171,2450,2_S
1779264879.572921,2119,2195,2_S
1779264879.5729868,2050,1961,2_S
1779264879.573052,2039,1985,2_S
1779264879.5731661,2059,2155,2_S
1779264879.57324,2049,2019,2_S
1779264879.5733068,2004,1831,2_S
1779264879.573372,2046,2030,2_S
1779264879.573505,2122,2407,2_S
1779264879.5735822,2149,2335,2_S
1779264879.573654,2079,2046,2_S
1779264879.5737312,2019,1899,2_S
1779264879.573845,1999,2026,2_S
1779264879.573946,2041,2121,2_S
1779264879.574015,2019,1917,2_S
1779264879.574087,2028,2039,2_S
1779264879.574154,2141,2306,2_S
1779264879.574214,2180,2404,2_S
1779264879.5742772,2130,2150,2_S
1779264879.57434,2072,1876,2_S
1779264879.5744,2032,1886,2_S
1779264879.574461,2071,2125,2_S
1779264879.574545,2080,1904,2_S
1779264879.575917,2024,1975,2_S
1779264879.577674,2078,2187,2_S
1779264879.585891,2183,2360,2_S
1779264879.595895,2146,2177,2_S
1779264879.595995,2086,2029,2_S
1779264879.5960698,2018,1960,2_S
1779264879.596139,2054,2108,2_S
1779264879.596201,2033,1988,2_S
1779264879.596289,2027,1875,2_S
1779264879.596353,2071,2043,2_S
1779264879.596413,2155,2389,2_S
1779264879.597931,2178,2349,2_S
1779264879.6071339,2101,2089,2_S
1779264879.6127129,2030,1910,2_S
1779264879.618755,2066,2107,2_S
1779264879.6188679,2101,2121,2_S
1779264879.6189408,2016,1908,2_S
1779264879.619004,2003,2043,2_S
1779264879.619067,2090,2297,2_S
1779264879.6191292,2162,2396,2_S
1779264879.61919,2084,2129,2_S
1779264879.6192498,2031,1945,2_S
1779264879.619387,2017,1989,2_S
1779264879.620877,2096,2122,2_S
1779264879.638062,2007,1913,2_S
1779264879.638211,1989,1910,2_S
1779264879.638298,2097,2236,2_S
1779264879.63837,2187,2423,2_S
1779264879.6384351,2126,2185,2_S
1779264879.638496,2044,1965,2_S
1779264879.638558,2009,1936,2_S
1779264879.638625,2051,2165,2_S
1779264879.640085,2052,2040,2_S
1779264879.643092,2009,1895,2_S
1779264879.643182,2046,2079,2_S
1779264879.6598022,2149,2381,2_S
1779264879.663027,2191,2291,2_S
1779264879.663132,2106,2051,2_S
1779264879.6632,2034,1957,2_S
1779264879.663263,2005,2065,2_S
1779264879.663328,2073,2045,2_S
1779264879.6634262,2030,1832,2_S
1779264879.6635258,2028,1991,2_S
1779264879.6635919,2089,2364,2_S
1779264879.6636539,2180,2388,2_S
1779264879.665086,2105,2067,2_S
1779264879.6677928,2046,1997,2_S
1779264879.66928,2054,2010,2_S
1779264879.6767218,2084,2099,2_S
1779264879.68635,2013,1954,2_S
1779264879.689399,2010,1916,2_S
1779264879.689895,2089,2175,2_S
1779264879.6899729,2177,2367,2_S
1779264879.6900392,2143,2170,2_S
1779264879.690102,2052,1951,2_S
1779264879.6901639,2027,1930,2_S
1779264879.690739,2087,2143,2_S
1779264879.690845,2075,1964,2_S
1779264879.691524,2022,1861,2_S
1779264879.69941,2042,2112,2_S
1779264879.706314,2154,2373,2_S
1779264879.707207,2160,2259,2_S
1779264879.7100108,2072,2001,2_S
1779264879.710111,2012,1893,2_S
1779264879.710183,2066,2053,2_S
1779264879.7102468,2077,2004,2_S
1779264879.710314,1997,1882,2_S
1779264879.710397,1991,2038,2_S
1779264879.711854,2099,2308,2_S
1779264879.713357,2197,2421,2_S
1779264879.7152388,2108,2116,2_S
1779264879.7258492,2037,2000,2_S
1779264879.7294238,2033,1986,2_S
1779264879.735727,2082,2150,2_S
1779264879.7359722,2039,1931,2_S
1779264879.736044,2024,2014,2_S
1779264879.736108,2076,2261,2_S
1779264879.736168,2161,2444,2_S
1779264879.736228,2128,2157,2_S
1779264879.7363222,2058,1985,2_S
1779264879.736384,2050,1975,2_S
1779264879.737736,2091,2096,2_S
1779264879.739136,2065,2051,2_S
1779264879.7418392,2010,1947,2_S
1779264879.7433112,2058,2087,2_S
