timestamp,ch1,ch2,label
1777452412.241293,21965,0,S_i
1777452412.257387,2161,0,S_i
1777452412.2575161,2160,0,S_i
1777452412.257992,2000,0,S_i
1777452412.258074,1828,0,S_i
1777452412.258129,1819,0,S_i
1777452412.2581801,2046,0,S_i
1777452412.2582679,2195,0,S_i
1777452412.259031,2152,0,S_i
1777452412.2594,1946,0,S_i
1777452412.259535,1776,0,S_i
1777452412.259624,1936,0,S_i
1777452412.259691,2175,0,S_i
1777452412.259752,2202,0,S_i
1777452412.2598631,2031,0,S_i
1777452412.2600691,1871,0,S_i
1777452412.260124,1784,0,S_i
1777452412.26034,2029,0,S_i
1777452412.260394,2147,0,S_i
1777452412.2604532,2135,0,S_i
1777452412.260661,1984,0,S_i
1777452412.2607338,1751,0,S_i
1777452412.260793,1923,0,S_i
1777452412.260844,2163,0,S_i
1777452412.260892,2222,0,S_i
1777452412.26094,2107,0,S_i
1777452412.263732,1905,0,S_i
1777452412.2705972,1825,0,S_i
1777452412.270707,2016,0,S_i
1777452412.2721531,2212,0,S_i
1777452412.274986,2138,0,S_i
1777452412.277934,2036,0,S_i
1777452412.281746,1846,0,S_i
1777452412.2845619,1893,0,S_i
1777452412.2984471,2095,0,S_i
1777452412.310901,2214,0,S_i
1777452412.313986,2070,0,S_i
1777452412.318523,1947,0,S_i
1777452412.318588,1780,0,S_i
1777452412.3186922,1962,0,S_i
1777452412.3187509,2202,0,S_i
1777452412.319647,2107,0,S_i
1777452412.319701,2007,0,S_i
1777452412.320093,1877,0,S_i
1777452412.3201432,1904,0,S_i
1777452412.32019,2124,0,S_i
1777452412.323809,2230,0,S_i
1777452412.3280482,2156,0,S_i
1777452412.329345,1942,0,S_i
1777452412.3329852,1780,0,S_i
1777452412.3349388,1968,0,S_i
1777452412.345781,2155,0,S_i
1777452412.364647,2193,0,S_i
1777452412.364786,2034,0,S_i
1777452412.364904,1833,0,S_i
1777452412.364979,1845,0,S_i
1777452412.365033,2106,0,S_i
1777452412.365084,2215,0,S_i
1777452412.365134,2111,0,S_i
1777452412.3651829,1979,0,S_i
1777452412.365231,1814,0,S_i
1777452412.368057,1920,0,S_i
1777452412.3975701,2137,0,S_i
1777452412.397683,2175,0,S_i
1777452412.3977852,2065,0,S_i
1777452412.397842,1898,0,S_i
1777452412.397983,1831,0,S_i
1777452412.398047,2117,0,S_i
1777452412.3981,2229,0,S_i
1777452412.398151,2169,0,S_i
1777452412.3982,2014,0,S_i
1777452412.398248,1833,0,S_i
1777452412.401361,1947,0,S_i
1777452412.404368,2179,0,S_i
1777452412.407251,2179,0,S_i
1777452412.4411268,2076,0,S_i
1777452412.4412742,1902,0,S_i
1777452412.441337,1835,0,S_i
1777452412.441386,2027,0,S_i
1777452412.441432,2168,0,S_i
1777452412.441479,2157,0,S_i
1777452412.441525,1972,0,S_i
1777452412.441571,1883,0,S_i
1777452412.4416158,1927,0,S_i
1777452412.4416618,2167,0,S_i
1777452412.441708,2175,0,S_i
1777452412.4579,2143,0,S_i
1777452412.458082,2010,0,S_i
1777452412.493471,1826,0,S_i
1777452412.49393,1948,0,S_i
1777452412.494238,2189,0,S_i
1777452412.494314,2189,0,S_i
1777452412.4944131,2036,0,S_i
1777452412.494509,1856,0,S_i
1777452412.4947588,1894,0,S_i
1777452412.494834,2194,0,S_i
1777452412.494943,2260,0,S_i
1777452412.495015,2093,0,S_i
1777452412.4951198,2025,0,S_i
1777452412.49519,1800,0,S_i
1777452412.4952471,1947,0,S_i
1777452412.495299,2191,0,S_i
1777452412.495349,2140,0,S_i
1777452412.4953978,2088,0,S_i
1777452412.497039,1878,0,S_i
1777452412.504757,1805,0,S_i
1777452412.505117,2092,0,S_i
1777452412.5133781,2306,0,S_i
1777452412.514209,2201,0,S_i
1777452412.523555,1989,0,S_i
1777452412.525378,1820,0,S_i
1777452412.526675,1890,0,S_i
1777452412.530865,2240,0,S_i
1777452412.53377,2257,0,S_i
1777452412.537266,2130,0,S_i
1777452412.5377438,1929,0,S_i
1777452412.5378492,1758,0,S_i
1777452412.5379012,2030,0,S_i
1777452412.53925,2205,0,S_i
1777452412.5420642,2227,0,S_i
1777452412.545117,2033,0,S_i
1777452412.559915,1836,0,S_i
1777452412.560904,1914,0,S_i
1777452412.5617542,2088,0,S_i
1777452412.562803,2233,0,S_i
1777452412.563572,2082,0,S_i
1777452412.5645409,1927,0,S_i
1777452412.5684538,1778,0,S_i
1777452412.5714078,1968,0,S_i
1777452412.614934,2208,0,S_i
1777452412.61935,2172,0,S_i
1777452412.619654,2086,0,S_i
1777452412.61971,1821,0,S_i
1777452412.620408,1883,0,S_i
1777452412.62055,2170,0,S_i
1777452412.6209111,2242,0,S_i
1777452412.620973,2108,0,S_i
1777452412.621024,1930,0,S_i
1777452412.621071,1800,0,S_i
1777452412.621118,1937,0,S_i
1777452412.621165,2218,0,S_i
1777452412.621269,2210,0,S_i
1777452412.621323,2035,0,S_i
1777452412.6214988,1922,0,S_i
1777452412.62157,1837,0,S_i
1777452412.6216278,2141,0,S_i
1777452412.622997,2247,0,S_i
1777452412.633758,2053,0,S_i
1777452412.635326,1948,0,S_i
1777452412.636055,1812,0,S_i
1777452412.6368089,2015,0,S_i
1777452412.644894,2131,0,S_i
1777452412.6451,2180,0,S_i
1777452412.648889,2046,0,S_i
1777452412.651273,1906,0,S_i
1777452412.6514938,1820,0,S_i
1777452412.654763,2104,0,S_i
1777452412.656428,2169,0,S_i
1777452412.658955,2132,0,S_i
1777452412.661877,1964,0,S_i
1777452412.66482,1870,0,S_i
1777452412.6678028,1932,0,S_i
1777452412.6707919,2182,0,S_i
1777452412.680485,2244,0,S_i
1777452412.680647,2099,0,S_i
1777452412.681493,1849,0,S_i
1777452412.684885,1813,0,S_i
1777452412.688854,2050,0,S_i
1777452412.6890619,2171,0,S_i
1777452412.695442,2146,0,S_i
1777452412.6957068,2016,0,S_i
1777452412.698116,1777,0,S_i
1777452412.701845,1862,0,S_i
1777452412.704484,2201,0,S_i
1777452412.707129,2192,0,S_i
1777452412.718176,2084,0,S_i
1777452412.719554,1900,0,S_i
1777452412.720327,1799,0,S_i
1777452412.72323,1992,0,S_i
1777452412.723626,2179,0,S_i
1777452412.73806,2140,0,S_i
1777452412.738432,2022,0,S_i
1777452412.73889,1870,0,S_i
1777452412.742688,1817,0,S_i
1777452412.743356,2153,0,S_i
1777452412.743458,2188,0,S_i
1777452412.7435148,2116,0,S_i
1777452412.746607,1902,0,S_i
1777452412.7499788,1804,0,S_i
1777452412.7527108,1979,0,S_i
1777452412.75695,2107,0,S_i
1777452412.776831,2127,0,S_i
1777452412.7783198,2042,0,S_i
1777452412.7828412,1876,0,S_i
1777452412.7901812,1831,0,S_i
1777452412.790391,2032,0,S_i
1777452412.7904818,2157,0,S_i
1777452412.790543,2090,0,S_i
1777452412.79059,1934,0,S_i
1777452412.790704,1791,0,S_i
1777452412.7907882,1902,0,S_i
1777452412.790842,2193,0,S_i
1777452412.79089,2181,0,S_i
1777452412.794613,1989,0,S_i
1777452412.797198,1918,0,S_i
1777452412.8290381,1824,0,S_i
1777452412.8292181,2080,0,S_i
1777452412.829563,2144,0,S_i
1777452412.829688,2074,0,S_i
1777452412.82974,2001,0,S_i
1777452412.8297899,1792,0,S_i
1777452412.8300061,1828,0,S_i
1777452412.830053,2157,0,S_i
1777452412.830106,2153,0,S_i
1777452412.83015,2063,0,S_i
1777452412.8302221,1855,0,S_i
1777452412.835028,1729,0,S_i
1777452412.841153,1976,0,S_i
1777452412.8435469,2196,0,S_i
1777452412.843613,2200,0,S_i
1777452412.8664901,1969,0,S_i
1777452412.869985,1832,0,S_i
1777452412.871572,1817,0,S_i
1777452412.8718,2014,0,S_i
1777452412.8718631,2095,0,S_i
1777452412.871915,2132,0,S_i
1777452412.8719628,1967,0,S_i
1777452412.87201,1692,0,S_i
1777452412.872132,1941,0,S_i
1777452412.872215,2118,0,S_i
1777452412.8749928,2171,0,S_i
1777452412.907392,1946,0,S_i
1777452412.9085069,1781,0,S_i
1777452412.909075,1812,0,S_i
1777452412.909274,1966,0,S_i
1777452412.9104261,2130,0,S_i
1777452412.9104798,2008,0,S_i
1777452412.911314,2064,0,S_i
1777452412.911523,2077,0,S_i
1777452412.911656,1785,0,S_i
1777452412.9117062,2025,0,S_i
1777452412.911752,2159,0,S_i
1777452412.911872,2013,0,S_i
1777452412.915659,2124,0,S_i
1777452412.918457,1677,0,S_i
1777452412.920563,1935,0,S_i
1777452412.923254,2017,0,S_i
1777452412.937035,2117,0,S_i
1777452412.944309,2253,0,S_i
1777452412.946939,1871,0,S_i
1777452412.950989,2078,0,S_i
1777452412.954358,2131,0,S_i
1777452412.959918,2276,0,S_i
1777452412.960348,2125,0,S_i
1777452412.960428,1945,0,S_i
1777452412.9605079,1822,0,S_i
1777452412.96065,2042,0,S_i
1777452412.960727,2149,0,S_i
1777452412.960787,2399,0,S_i
1777452412.962237,1854,0,S_i
1777452412.965137,1841,0,S_i
1777452412.967873,1884,0,S_i
1777452413.0006819,2251,0,S_i
1777452413.00104,2101,0,S_i
1777452413.006711,2185,0,S_i
1777452413.006779,1973,0,S_i
1777452413.006829,1775,0,S_i
1777452413.006877,2029,0,S_i
1777452413.006925,2345,0,S_i
1777452413.006975,2337,0,S_i
1777452413.0070221,2250,0,S_i
1777452413.0070689,1921,0,S_i
1777452413.007116,2076,0,S_i
1777452413.007162,2464,0,S_i
1777452413.007209,2483,0,S_i
1777452413.044184,2453,0,S_i
1777452413.04427,2412,0,S_i
1777452413.0443242,2183,0,S_i
1777452413.044374,2251,0,S_i
1777452413.0444212,2645,0,S_i
1777452413.0444689,2780,0,S_i
1777452413.044517,2584,0,S_i
1777452413.044564,2416,0,S_i
1777452413.0446122,2445,0,S_i
1777452413.0446599,2751,0,S_i
1777452413.044783,2995,0,S_i
1777452413.044835,2903,0,S_i
1777452413.046216,2688,0,S_i
1777452413.0489311,2553,0,S_i
1777452413.077197,2776,0,S_i
1777452413.077368,3024,0,S_i
1777452413.077558,3039,0,S_i
1777452413.077609,3066,0,S_i
1777452413.077672,2954,0,S_i
1777452413.078309,2687,0,S_i
1777452413.078523,2908,0,S_i
1777452413.079472,3005,0,S_i
1777452413.079527,2907,0,S_i
1777452413.079617,2864,0,S_i
1777452413.083783,2445,0,S_i
1777452413.087203,2631,0,S_i
1777452413.087737,2779,0,S_i
1777452413.09141,2759,0,S_i
1777452413.113077,2781,0,S_i
1777452413.1209779,2448,0,S_i
1777452413.1259148,2434,0,S_i
1777452413.126775,2493,0,S_i
1777452413.126849,2670,0,S_i
1777452413.126902,2733,0,S_i
1777452413.1269639,2360,0,S_i
1777452413.12716,2240,0,S_i
1777452413.127531,2102,0,S_i
1777452413.127798,2372,0,S_i
1777452413.1286101,2577,0,S_i
1777452413.12883,2515,0,S_i
1777452413.1313002,2505,0,S_i
1777452413.184281,2033,0,S_i
1777452413.1844008,1997,0,S_i
1777452413.184627,2380,0,S_i
1777452413.1846988,2366,0,S_i
1777452413.1847491,2319,0,S_i
1777452413.1847959,2037,0,S_i
1777452413.1848419,2220,0,S_i
1777452413.184887,2201,0,S_i
1777452413.184931,2244,0,S_i
1777452413.1849751,2312,0,S_i
1777452413.185089,2240,0,S_i
1777452413.1851552,2096,0,S_i
1777452413.1852129,2171,0,S_i
1777452413.185264,2373,0,S_i
1777452413.185318,2457,0,S_i
1777452413.185371,2144,0,S_i
1777452413.1854239,2080,0,S_i
1777452413.185477,1972,0,S_i
1777452413.1868238,2095,0,S_i
1777452413.1979342,2334,0,S_i
1777452413.198145,2402,0,S_i
1777452413.205268,2268,0,S_i
1777452413.215698,2004,0,S_i
1777452413.2179258,2121,0,S_i
1777452413.2307708,2334,0,S_i
1777452413.231006,2517,0,S_i
1777452413.231292,2359,0,S_i
1777452413.2317052,2147,0,S_i
1777452413.232151,1860,0,S_i
1777452413.232496,2090,0,S_i
1777452413.2325811,2292,0,S_i
1777452413.232985,2210,0,S_i
1777452413.233036,2156,0,S_i
1777452413.233249,1969,0,S_i
1777452413.234793,2111,0,S_i
1777452413.2381282,2196,0,S_i
1777452413.28163,2290,0,S_i
1777452413.281717,2076,0,S_i
1777452413.2817721,2048,0,S_i
1777452413.281823,1987,0,S_i
1777452413.281873,2117,0,S_i
1777452413.281922,2410,0,S_i
1777452413.282089,2193,0,S_i
1777452413.282274,2044,0,S_i
1777452413.282913,2034,0,S_i
1777452413.282978,1976,0,S_i
1777452413.283028,2289,0,S_i
1777452413.302067,2272,0,S_i
1777452413.303974,2089,0,S_i
1777452413.310844,2016,0,S_i
1777452413.314889,1877,0,S_i
1777452413.315049,2041,0,S_i
1777452413.315189,2242,0,S_i
1777452413.315519,2219,0,S_i
1777452413.3156438,2230,0,S_i
1777452413.315702,2070,0,S_i
1777452413.315787,1958,0,S_i
1777452413.315834,1990,0,S_i
1777452413.316598,2145,0,S_i
1777452413.316915,2124,0,S_i
1777452413.317109,2007,0,S_i
1777452413.3173602,1956,0,S_i
1777452413.3186939,2070,0,S_i
1777452413.3219259,2089,0,S_i
1777452413.334125,2251,0,S_i
1777452413.3484218,2206,0,S_i
1777452413.352445,1978,0,S_i
1777452413.356838,2018,0,S_i
1777452413.3573272,2110,0,S_i
1777452413.357729,2221,0,S_i
1777452413.357808,2205,0,S_i
1777452413.357866,2055,0,S_i
1777452413.35792,1828,0,S_i
1777452413.357975,1890,0,S_i
1777452413.358024,2307,0,S_i
1777452413.3580742,2269,0,S_i
1777452413.362701,2171,0,S_i
1777452413.364937,2054,0,S_i
1777452413.371626,1798,0,S_i
1777452413.371701,2163,0,S_i
1777452413.3734741,2247,0,S_i
1777452413.401588,2186,0,S_i
1777452413.401663,2038,0,S_i
1777452413.401713,1900,0,S_i
1777452413.40176,1895,0,S_i
1777452413.401809,2178,0,S_i
1777452413.401946,2219,0,S_i
1777452413.4021928,2206,0,S_i
1777452413.4024909,1940,0,S_i
1777452413.402538,1870,0,S_i
1777452413.4025831,2145,0,S_i
1777452413.407545,2213,0,S_i
1777452413.446965,2111,0,S_i
1777452413.447055,2010,0,S_i
1777452413.447119,2051,0,S_i
1777452413.447179,1974,0,S_i
1777452413.447388,2101,0,S_i
1777452413.447556,2186,0,S_i
1777452413.447616,2236,0,S_i
1777452413.447675,2035,0,S_i
1777452413.447733,1628,0,S_i
1777452413.4477901,2033,0,S_i
1777452413.4478452,2238,0,S_i
1777452413.448179,2228,0,S_i
1777452413.44824,2008,0,S_i
1777452413.4482958,1785,0,S_i
1777452413.450718,1979,0,S_i
1777452413.4546828,2178,0,S_i
1777452413.486251,2234,0,S_i
1777452413.4863439,2108,0,S_i
1777452413.486402,2008,0,S_i
1777452413.486455,1931,0,S_i
1777452413.486506,2022,0,S_i
1777452413.4865549,2090,0,S_i
1777452413.4866061,2170,0,S_i
1777452413.486655,2212,0,S_i
1777452413.486704,1864,0,S_i
1777452413.486752,1778,0,S_i
1777452413.486807,1979,0,S_i
1777452413.490411,2340,0,S_i
1777452413.492834,2157,0,S_i
1777452413.504705,1978,0,S_i
1777452413.521774,1916,0,S_i
1777452413.525387,1970,0,S_i
1777452413.52546,2358,0,S_i
1777452413.526027,2279,0,S_i
1777452413.526079,2040,0,S_i
1777452413.5261261,1932,0,S_i
1777452413.526172,1879,0,S_i
1777452413.5263538,1976,0,S_i
1777452413.526984,2204,0,S_i
1777452413.527041,2149,0,S_i
1777452413.528648,2021,0,S_i
1777452413.531977,1961,0,S_i
1777452413.5349288,1906,0,S_i
1777452413.539399,2197,0,S_i
1777452413.581828,2348,0,S_i
1777452413.584193,2216,0,S_i
1777452413.584265,2071,0,S_i
1777452413.5845602,1891,0,S_i
1777452413.584618,1880,0,S_i
1777452413.5846772,2190,0,S_i
1777452413.5847309,2194,0,S_i
1777452413.584785,2029,0,S_i
1777452413.584953,1922,0,S_i
1777452413.586485,1940,0,S_i
1777452413.586536,2013,0,S_i
1777452413.5865831,2248,0,S_i
1777452413.5866299,2127,0,S_i
1777452413.586675,1992,0,S_i
1777452413.58672,1954,0,S_i
1777452413.586765,2098,0,S_i
1777452413.590667,2272,0,S_i
1777452413.592183,2134,0,S_i
1777452413.595135,2105,0,S_i
1777452413.5994291,2019,0,S_i
1777452413.603379,1977,0,S_i
1777452413.654517,2122,0,S_i
1777452413.6743228,2258,0,S_i
1777452413.674413,2068,0,S_i
1777452413.6744661,2090,0,S_i
1777452413.674512,1996,0,S_i
1777452413.674556,1998,0,S_i
1777452413.6746,2144,0,S_i
1777452413.674644,2241,0,S_i
1777452413.674687,2140,0,S_i
1777452413.674731,2001,0,S_i
1777452413.674774,1908,0,S_i
1777452413.674816,2103,0,S_i
1777452413.674859,2198,0,S_i
1777452413.6749032,2279,0,S_i
1777452413.674947,2175,0,S_i
1777452413.674992,1955,0,S_i
1777452413.675036,2029,0,S_i
1777452413.6750789,2169,0,S_i
1777452413.675124,2240,0,S_i
1777452413.675167,2230,0,S_i
1777452413.67521,1984,0,S_i
1777452413.675254,1904,0,S_i
1777452413.675298,2047,0,S_i
1777452413.67534,2242,0,S_i
1777452413.72083,2181,0,S_i
1777452413.721011,2102,0,S_i
1777452413.721079,1956,0,S_i
1777452413.7211368,2019,0,S_i
1777452413.721191,2181,0,S_i
1777452413.7212448,2236,0,S_i
1777452413.721301,2222,0,S_i
1777452413.721355,1997,0,S_i
1777452413.721407,1791,0,S_i
1777452413.723989,2100,0,S_i
1777452413.724073,2357,0,S_i
1777452413.724129,2290,0,S_i
1777452413.7241821,1924,0,S_i
1777452413.7242339,1860,0,S_i
1777452413.724288,1880,0,S_i
1777452413.72434,2175,0,S_i
1777452413.724392,2359,0,S_i
1777452413.7268538,2214,0,S_i
1777452413.759043,1764,0,S_i
1777452413.765306,1845,0,S_i
1777452413.767751,2282,0,S_i
1777452413.768204,2305,0,S_i
1777452413.76843,2231,0,S_i
1777452413.768492,2089,0,S_i
1777452413.7685492,1991,0,S_i
1777452413.768598,1824,0,S_i
1777452413.768645,1999,0,S_i
1777452413.768694,2291,0,S_i
1777452413.7687418,2165,0,S_i
1777452413.768789,1964,0,S_i
1777452413.768835,1844,0,S_i
1777452413.768882,1880,0,S_i
1777452413.772492,2054,0,S_i
1777452413.778336,2173,0,S_i
1777452413.778476,2006,0,S_i
1777452413.7945821,1838,0,S_i
1777452413.802591,1819,0,S_i
1777452413.814583,2021,0,S_i
1777452413.8160698,2129,0,S_i
1777452413.8162172,1976,0,S_i
1777452413.8163772,1863,0,S_i
1777452413.816488,1757,0,S_i
1777452413.816571,1852,0,S_i
1777452413.8167522,2062,0,S_i
1777452413.816811,1907,0,S_i
1777452413.81686,1785,0,S_i
1777452413.816907,1656,0,S_i
1777452413.8169541,1654,0,S_i
1777452413.834809,1789,0,S_i
1777452413.8768451,1845,0,S_i
1777452413.8769548,1955,0,S_i
1777452413.8770099,1947,0,S_i
1777452413.877572,1665,0,S_i
1777452413.877706,1824,0,S_i
1777452413.877758,2040,0,S_i
1777452413.877863,2002,0,S_i
1777452413.87848,1944,0,S_i
1777452413.878548,1881,0,S_i
1777452413.8786,1775,0,S_i
1777452413.878647,1850,0,S_i
1777452413.8786938,2034,0,S_i
1777452413.880235,2001,0,S_i
1777452413.8803358,1712,0,S_i
1777452413.880395,1647,0,S_i
1777452413.8805,1758,0,S_i
1777452413.880554,1990,0,S_i
1777452413.8806028,2058,0,S_i
1777452413.8806489,1933,0,S_i
1777452413.8808188,1828,0,S_i
1777452413.897543,1546,0,S_i
1777452413.89847,1819,0,S_i
1777452413.902646,2063,0,S_i
1777452413.903713,2071,0,S_i
1777452413.9117818,1775,0,S_i
1777452413.91255,1700,0,S_i
1777452413.912879,1564,0,S_i
1777452413.913245,1793,0,S_i
1777452413.9137568,1967,0,S_i
1777452413.918119,1884,0,S_i
1777452413.918226,1722,0,S_i
1777452413.91829,1646,0,S_i
1777452413.9186518,1752,0,S_i
1777452413.9219358,1948,0,S_i
1777452413.9247801,1938,0,S_i
1777452414.000086,1821,0,S_i
1777452414.000332,1635,0,S_i
1777452414.000458,1662,0,S_i
1777452414.000534,1802,0,S_i
1777452414.000684,2084,0,S_i
1777452414.0007942,1944,0,S_i
1777452414.000881,1810,0,S_i
1777452414.000973,1409,0,S_i
1777452414.0010781,1625,0,S_i
1777452414.001172,1962,0,S_i
1777452414.0012228,1996,0,S_i
1777452414.001268,1799,0,S_i
1777452414.001354,1520,0,S_i
1777452414.001416,1511,0,S_i
1777452414.001486,1774,0,S_i
1777452414.0016,1892,0,S_i
1777452414.001747,1887,0,S_i
1777452414.001861,1746,0,S_i
1777452414.001943,1595,0,S_i
1777452414.0024488,1510,0,S_i
1777452414.002552,1686,0,S_i
1777452414.002618,1795,0,S_i
1777452414.0026822,1670,0,S_i
1777452414.002739,1553,0,S_i
1777452414.002801,1405,0,S_i
1777452414.053204,1559,0,S_i
1777452414.055965,1763,0,S_i
1777452414.056522,1722,0,S_i
1777452414.056603,1622,0,S_i
1777452414.056662,1473,0,S_i
1777452414.0567198,1484,0,S_i
1777452414.057041,1668,0,S_i
1777452414.057099,1855,0,S_i
1777452414.0571468,1768,0,S_i
1777452414.057195,1589,0,S_i
1777452414.0572429,1478,0,S_i
1777452414.057292,1617,0,S_i
1777452414.057344,1897,0,S_i
1777452414.057394,1808,0,S_i
1777452414.057442,1727,0,S_i
1777452414.0574908,1520,0,S_i
1777452414.057682,1498,0,S_i
1777452414.0577831,1776,0,S_i
1777452414.057855,1965,0,S_i
1777452414.093248,1823,0,S_i
1777452414.093484,1660,0,S_i
1777452414.093626,1536,0,S_i
1777452414.0938702,1667,0,S_i
1777452414.09393,1949,0,S_i
1777452414.093986,1944,0,S_i
1777452414.0940402,1811,0,S_i
1777452414.094094,1704,0,S_i
1777452414.094177,1642,0,S_i
1777452414.094335,1761,0,S_i
1777452414.094389,1990,0,S_i
1777452414.09444,1999,0,S_i
1777452414.095859,1833,0,S_i
1777452414.098434,1653,0,S_i
1777452414.101388,1675,0,S_i
1777452414.104448,1948,0,S_i
1777452414.107264,2019,0,S_i
1777452414.110537,1954,0,S_i
1777452414.121438,1743,0,S_i
1777452414.121665,1664,0,S_i
1777452414.123379,1849,0,S_i
1777452414.126101,2071,0,S_i
1777452414.12638,1970,0,S_i
1777452414.1320078,1887,0,S_i
1777452414.134084,1678,0,S_i
1777452414.1364071,1731,0,S_i
1777452414.13964,1959,0,S_i
1777452414.144709,2027,0,S_i
1777452414.1457012,1998,0,S_i
1777452414.150589,1878,0,S_i
1777452414.1507342,1672,0,S_i
1777452414.152265,1854,0,S_i
1777452414.155259,2078,0,S_i
1777452414.1582541,2082,0,S_i
1777452414.168019,1941,0,S_i
1777452414.1682198,1757,0,S_i
1777452414.170024,1710,0,S_i
1777452414.17094,1976,0,S_i
1777452414.177831,2047,0,S_i
1777452414.178911,2039,0,S_i
1777452414.1802251,1861,0,S_i
1777452414.1880698,1682,0,S_i
1777452414.194255,1845,0,S_i
1777452414.197621,2118,0,S_i
1777452414.19906,2084,0,S_i
1777452414.199142,1935,0,S_i
1777452414.199195,1767,0,S_i
1777452414.200576,1767,0,S_i
1777452414.203359,2017,0,S_i
1777452414.206356,2151,0,S_i
1777452414.209314,2077,0,S_i
1777452414.212516,1856,0,S_i
1777452414.2153752,1742,0,S_i
1777452414.218448,1863,0,S_i
1777452414.231638,2086,0,S_i
1777452414.2354088,2104,0,S_i
1777452414.235947,2017,0,S_i
1777452414.2363992,1811,0,S_i
1777452414.242059,1766,0,S_i
1777452414.254296,1977,0,S_i
1777452414.259548,2094,0,S_i
1777452414.259753,2075,0,S_i
1777452414.260055,1964,0,S_i
1777452414.2601779,1746,0,S_i
1777452414.260274,1795,0,S_i
1777452414.260328,2071,0,S_i
1777452414.2603788,2149,0,S_i
1777452414.2604291,2065,0,S_i
1777452414.26334,1972,0,S_i
1777452414.2662778,1799,0,S_i
1777452414.3041012,1898,0,S_i
1777452414.3042119,2154,0,S_i
1777452414.304354,2144,0,S_i
1777452414.304404,1920,0,S_i
1777452414.3044522,1792,0,S_i
1777452414.304497,1805,0,S_i
1777452414.304545,2047,0,S_i
1777452414.304592,2119,0,S_i
1777452414.304637,2077,0,S_i
1777452414.304683,1912,0,S_i
1777452414.304729,1782,0,S_i
1777452414.3047738,1956,0,S_i
1777452414.3057458,2133,0,S_i
1777452414.310719,2108,0,S_i
1777452414.311934,1953,0,S_i
1777452414.3169641,1825,0,S_i
1777452414.318112,1787,0,S_i
1777452414.349461,2087,0,S_i
1777452414.3534489,2181,0,S_i
1777452414.353537,2121,0,S_i
1777452414.353591,1966,0,S_i
1777452414.3536398,1771,0,S_i
1777452414.3536892,1887,0,S_i
1777452414.353739,2185,0,S_i
1777452414.353787,2135,0,S_i
1777452414.353834,2062,0,S_i
1777452414.3538828,1790,0,S_i
1777452414.353929,1811,0,S_i
1777452414.353976,2094,0,S_i
1777452414.356736,2155,0,S_i
1777452414.359456,2073,0,S_i
1777452414.36879,1965,0,S_i
1777452414.370563,1773,0,S_i
1777452414.374269,1863,0,S_i
1777452414.378761,2134,0,S_i
1777452414.380024,2206,0,S_i
1777452414.381275,2097,0,S_i
1777452414.386562,1887,0,S_i
1777452414.387077,1738,0,S_i
1777452414.391238,1995,0,S_i
1777452414.392077,2232,0,S_i
1777452414.3970401,2146,0,S_i
1777452414.3972821,1964,0,S_i
1777452414.3986728,1783,0,S_i
1777452414.401419,1838,0,S_i
1777452414.404285,2144,0,S_i
1777452414.4080892,2113,0,S_i
1777452414.4102788,2022,0,S_i
1777452414.413269,1923,0,S_i
1777452414.4314802,1779,0,S_i
1777452414.4337,1967,0,S_i
1777452414.4380019,2172,0,S_i
1777452414.44339,2146,0,S_i
1777452414.447446,2036,0,S_i
1777452414.44755,1909,0,S_i
1777452414.447608,1854,0,S_i
1777452414.447695,2136,0,S_i
1777452414.4477592,2189,0,S_i
1777452414.447809,2093,0,S_i
1777452414.447862,1966,0,S_i
1777452414.487078,1819,0,S_i
1777452414.487284,2000,0,S_i
1777452414.487338,2165,0,S_i
1777452414.487384,2221,0,S_i
1777452414.4874291,2077,0,S_i
1777452414.487473,1884,0,S_i
1777452414.48752,1843,0,S_i
1777452414.487564,2028,0,S_i
1777452414.487607,2199,0,S_i
1777452414.487665,2142,0,S_i
1777452414.4877079,1951,0,S_i
1777452414.4877608,1786,0,S_i
1777452414.487804,1928,0,S_i
1777452414.488256,2237,0,S_i
1777452414.498444,2262,0,S_i
1777452414.498585,2100,0,S_i
1777452414.498635,1892,0,S_i
1777452414.500635,1854,0,S_i
1777452414.5121322,2048,0,S_i
1777452414.535189,2225,0,S_i
1777452414.5365188,2188,0,S_i
1777452414.5371141,2122,0,S_i
1777452414.537177,1822,0,S_i
1777452414.5372941,1896,0,S_i
1777452414.5374599,2203,0,S_i
1777452414.5376189,2214,0,S_i
1777452414.5377831,2095,0,S_i
1777452414.5379531,1988,0,S_i
1777452414.538018,1828,0,S_i
1777452414.53807,2026,0,S_i
1777452414.545061,2204,0,S_i
1777452414.5456488,2167,0,S_i
1777452414.5465322,2060,0,S_i
1777452414.5552251,1900,0,S_i
1777452414.559992,1843,0,S_i
1777452414.563212,2257,0,S_i
1777452414.564341,2171,0,S_i
1777452414.5655,2142,0,S_i
1777452414.566377,2052,0,S_i
1777452414.568316,1867,0,S_i
1777452414.5768409,2025,0,S_i
1777452414.580666,2152,0,S_i
1777452414.5819972,2341,0,S_i
1777452414.582388,2169,0,S_i
1777452414.582591,1885,0,S_i
1777452414.584301,2060,0,S_i
1777452414.58724,2099,0,S_i
1777452414.5901551,2425,0,S_i
1777452414.593247,2108,0,S_i
1777452414.596204,2147,0,S_i
1777452414.615086,1916,0,S_i
1777452414.623232,2037,0,S_i
1777452414.633664,2311,0,S_i
1777452414.63391,2379,0,S_i
1777452414.634377,2056,0,S_i
1777452414.634749,1983,0,S_i
1777452414.635017,1925,0,S_i
1777452414.635463,2381,0,S_i
1777452414.635777,2421,0,S_i
1777452414.63584,2229,0,S_i
1777452414.6365209,2198,0,S_i
1777452414.636812,1963,0,S_i
1777452414.6372778,2043,0,S_i
1777452414.6389198,2218,0,S_i
1777452414.650367,2333,0,S_i
1777452414.672262,2237,0,S_i
1777452414.672532,2176,0,S_i
1777452414.6726642,1960,0,S_i
1777452414.6727161,2111,0,S_i
1777452414.6727638,2333,0,S_i
1777452414.672812,2260,0,S_i
1777452414.672858,2191,0,S_i
1777452414.672971,2063,0,S_i
1777452414.673034,1914,0,S_i
1777452414.673079,2206,0,S_i
1777452414.674409,2291,0,S_i
1777452414.677243,2204,0,S_i
1777452414.6802518,2072,0,S_i
1777452414.683609,2030,0,S_i
1777452414.686142,2074,0,S_i
1777452414.689176,2270,0,S_i
1777452414.72032,2306,0,S_i
1777452414.724649,2160,0,S_i
1777452414.724724,2011,0,S_i
1777452414.7247748,1961,0,S_i
1777452414.724822,2167,0,S_i
1777452414.7251499,2431,0,S_i
1777452414.7253141,2330,0,S_i
1777452414.7253928,2184,0,S_i
1777452414.725447,2046,0,S_i
1777452414.725495,2241,0,S_i
1777452414.725544,2471,0,S_i
1777452414.725845,2415,0,S_i
1777452414.728628,2205,0,S_i
1777452414.731636,2222,0,S_i
1777452414.76201,2379,0,S_i
1777452414.762254,2402,0,S_i
1777452414.762325,2558,0,S_i
1777452414.7623749,2527,0,S_i
1777452414.762462,2188,0,S_i
1777452414.762527,2247,0,S_i
1777452414.762748,2266,0,S_i
1777452414.762793,2631,0,S_i
1777452414.7630131,2358,0,S_i
1777452414.763061,2477,0,S_i
1777452414.7646239,2146,0,S_i
1777452414.7673972,1955,0,S_i
1777452414.770174,2355,0,S_i
1777452414.773414,2677,0,S_i
1777452414.776154,2425,0,S_i
1777452414.795276,2425,0,S_i
1777452414.798218,1998,0,S_i
1777452414.800081,1946,0,S_i
1777452414.804933,2455,0,S_i
1777452414.813834,2361,0,S_i
1777452414.814337,2230,0,S_i
1777452414.8144,2237,0,S_i
1777452414.814469,1933,0,S_i
1777452414.814917,2276,0,S_i
1777452414.814966,2463,0,S_i
1777452414.815027,2261,0,S_i
1777452414.815072,2078,0,S_i
1777452414.8154082,2112,0,S_i
1777452414.8185349,1985,0,S_i
1777452414.821684,2230,0,S_i
1777452414.840657,2236,0,S_i
1777452414.841892,2094,0,S_i
1777452414.843699,2017,0,S_i
1777452414.855216,2058,0,S_i
1777452414.860546,2143,0,S_i
1777452414.860832,2340,0,S_i
1777452414.860885,2107,0,S_i
1777452414.860932,2076,0,S_i
1777452414.860977,1988,0,S_i
1777452414.861021,1974,0,S_i
1777452414.861065,2130,0,S_i
1777452414.861109,2350,0,S_i
1777452414.8611531,2039,0,S_i
1777452414.863124,2054,0,S_i
1777452414.866094,1910,0,S_i
1777452414.869022,2118,0,S_i
1777452414.872774,2330,0,S_i
1777452414.87533,2286,0,S_i
1777452414.87822,2124,0,S_i
1777452414.893396,1816,0,S_i
1777452414.9005098,1883,0,S_i
1777452414.910017,2362,0,S_i
1777452414.910868,2225,0,S_i
1777452414.9112508,2263,0,S_i
1777452414.9141388,2108,0,S_i
1777452414.915092,1968,0,S_i
1777452414.915476,1968,0,S_i
1777452414.915539,2337,0,S_i
1777452414.9156501,2295,0,S_i
1777452414.915711,2253,0,S_i
1777452414.915763,1907,0,S_i
1777452414.917162,2002,0,S_i
1777452414.9202828,2258,0,S_i
1777452414.9334989,2350,0,S_i
1777452414.935262,2348,0,S_i
1777452414.941966,2080,0,S_i
1777452414.944445,2022,0,S_i
1777452414.9481,1962,0,S_i
1777452414.960906,2365,0,S_i
1777452414.9615622,2308,0,S_i
1777452414.9616551,2201,0,S_i
1777452414.9617379,2101,0,S_i
1777452414.9617972,1929,0,S_i
1777452414.9619179,2179,0,S_i
1777452414.962049,2258,0,S_i
1777452414.962098,2506,0,S_i
1777452414.962145,2089,0,S_i
1777452414.965003,1859,0,S_i
1777452414.9685829,2047,0,S_i
1777452414.971586,2205,0,S_i
1777452414.973995,2344,0,S_i
1777452414.977,2294,0,S_i
1777452414.980185,2152,0,S_i
1777452415.011852,1871,0,S_i
1777452415.016373,2056,0,S_i
1777452415.0169,2370,0,S_i
1777452415.017034,2305,0,S_i
1777452415.0170932,2078,0,S_i
1777452415.0171509,1900,0,S_i
1777452415.017204,2012,0,S_i
1777452415.0172532,2241,0,S_i
1777452415.017301,2430,0,S_i
1777452415.017351,2208,0,S_i
1777452415.017399,2046,0,S_i
1777452415.017602,1941,0,S_i
1777452415.019072,2032,0,S_i
1777452415.022021,2294,0,S_i
1777452415.025974,2256,0,S_i
1777452415.0372999,2111,0,S_i
1777452415.0435688,1712,0,S_i
1777452415.048509,1986,0,S_i
1777452415.050431,2012,0,S_i
1777452415.050587,2301,0,S_i
1777452415.053817,2249,0,S_i
1777452415.0541508,2144,0,S_i
1777452415.054414,1843,0,S_i
1777452415.065002,2155,0,S_i
1777452415.065126,2180,0,S_i
1777452415.065184,2227,0,S_i
1777452415.065233,2182,0,S_i
1777452415.065281,2039,0,S_i
1777452415.06722,1941,0,S_i
1777452415.072741,2129,0,S_i
1777452415.073096,2375,0,S_i
1777452415.076003,2116,0,S_i
1777452415.079041,2174,0,S_i
1777452415.082027,1832,0,S_i
1777452415.1002939,1994,0,S_i
1777452415.101542,2152,0,S_i
1777452415.101741,2316,0,S_i
1777452415.102859,2077,0,S_i
1777452415.1058931,1939,0,S_i
1777452415.109556,1933,0,S_i
1777452415.11444,2130,0,S_i
1777452415.118546,2310,0,S_i
1777452415.118772,2120,0,S_i
1777452415.1191921,1927,0,S_i
1777452415.119273,1949,0,S_i
1777452415.119336,1922,0,S_i
1777452415.121012,2220,0,S_i
1777452415.124005,2330,0,S_i
1777452415.12726,2139,0,S_i
1777452415.155894,1955,0,S_i
1777452415.157255,1858,0,S_i
1777452415.158889,2139,0,S_i
1777452415.1596642,2389,0,S_i
1777452415.164041,2149,0,S_i
1777452415.1641338,2052,0,S_i
1777452415.164188,1917,0,S_i
1777452415.164326,1832,0,S_i
1777452415.164384,2426,0,S_i
1777452415.164434,2083,0,S_i
1777452415.164481,2171,0,S_i
1777452415.1645272,2038,0,S_i
1777452415.165997,1905,0,S_i
1777452415.1698802,2006,0,S_i
1777452415.172565,2292,0,S_i
1777452415.1752288,2236,0,S_i
1777452415.1780422,2176,0,S_i
1777452415.1810298,2042,0,S_i
1777452415.194468,1968,0,S_i
1777452415.205642,2039,0,S_i
1777452415.218787,2168,0,S_i
1777452415.2213519,2206,0,S_i
1777452415.221508,2143,0,S_i
1777452415.2215948,1878,0,S_i
1777452415.221653,2147,0,S_i
1777452415.221708,2062,0,S_i
1777452415.221762,2108,0,S_i
1777452415.221816,2187,0,S_i
1777452415.221869,2148,0,S_i
1777452415.22192,2087,0,S_i
1777452415.222482,1896,0,S_i
1777452415.2231832,2236,0,S_i
1777452415.262571,2197,0,S_i
1777452415.262899,2009,0,S_i
1777452415.262961,1866,0,S_i
1777452415.2630138,2049,0,S_i
1777452415.263063,2080,0,S_i
1777452415.2631109,2258,0,S_i
1777452415.263159,2151,0,S_i
1777452415.263207,1991,0,S_i
1777452415.263254,2020,0,S_i
1777452415.2633018,1965,0,S_i
1777452415.26335,2128,0,S_i
1777452415.263398,2226,0,S_i
1777452415.263445,1972,0,S_i
1777452415.2648692,1860,0,S_i
1777452415.267966,1965,0,S_i
1777452415.27091,2198,0,S_i
1777452415.273994,2423,0,S_i
1777452415.27745,2176,0,S_i
1777452415.2965708,2025,0,S_i
1777452415.297489,1809,0,S_i
1777452415.306988,2025,0,S_i
1777452415.3074849,2316,0,S_i
1777452415.307959,2221,0,S_i
1777452415.3081758,2067,0,S_i
1777452415.308445,1920,0,S_i
1777452415.312438,1820,0,S_i
1777452415.312524,2073,0,S_i
1777452415.312587,2340,0,S_i
1777452415.312641,2235,0,S_i
1777452415.3133812,1960,0,S_i
1777452415.316297,1924,0,S_i
1777452415.319453,2180,0,S_i
1777452415.35329,2029,0,S_i
1777452415.353407,2206,0,S_i
1777452415.353473,2041,0,S_i
1777452415.353617,1855,0,S_i
1777452415.353923,2004,0,S_i
1777452415.3539798,2265,0,S_i
1777452415.354034,2215,0,S_i
1777452415.3540878,2004,0,S_i
1777452415.354141,2012,0,S_i
1777452415.355718,1822,0,S_i
1777452415.355773,2000,0,S_i
1777452415.355826,2194,0,S_i
1777452415.3579872,2197,0,S_i
1777452415.361429,2086,0,S_i
1777452415.364341,1932,0,S_i
1777452415.367081,1820,0,S_i
1777452415.369898,2076,0,S_i
1777452415.372888,2183,0,S_i
1777452415.3763928,2089,0,S_i
1777452415.396877,2127,0,S_i
1777452415.401956,1844,0,S_i
1777452415.415995,1958,0,S_i
1777452415.4164522,2175,0,S_i
1777452415.416533,2345,0,S_i
1777452415.417158,2103,0,S_i
1777452415.420764,1954,0,S_i
1777452415.422817,1885,0,S_i
1777452415.423412,2080,0,S_i
1777452415.4239209,2200,0,S_i
1777452415.424243,2304,0,S_i
1777452415.424522,2034,0,S_i
1777452415.424883,1761,0,S_i
1777452415.425007,1848,0,S_i
1777452415.425627,2167,0,S_i
1777452415.425889,2134,0,S_i
1777452415.427365,2143,0,S_i
1777452415.430321,1982,0,S_i
1777452415.44802,1845,0,S_i
1777452415.47457,1976,0,S_i
1777452415.474772,2218,0,S_i
1777452415.475154,2290,0,S_i
1777452415.475216,2110,0,S_i
1777452415.475265,2015,0,S_i
1777452415.4753122,1880,0,S_i
1777452415.475359,2085,0,S_i
1777452415.475598,2099,0,S_i
1777452415.475698,2118,0,S_i
1777452415.4759302,1966,0,S_i
1777452415.475994,1904,0,S_i
1777452415.476053,1999,0,S_i
1777452415.476105,2312,0,S_i
1777452415.476158,2237,0,S_i
1777452415.478427,2064,0,S_i
1777452415.4811032,1925,0,S_i
1777452415.4845939,1980,0,S_i
1777452415.498592,2114,0,S_i
1777452415.49891,2282,0,S_i
1777452415.50365,2155,0,S_i
1777452415.5038998,2082,0,S_i
1777452415.5050318,1856,0,S_i
1777452415.505879,1970,0,S_i
1777452415.5082262,2300,0,S_i
1777452415.518123,2294,0,S_i
1777452415.519503,2173,0,S_i
1777452415.519624,2045,0,S_i
1777452415.51968,1833,0,S_i
1777452415.51986,2056,0,S_i
1777452415.523185,2245,0,S_i
1777452415.5258691,2282,0,S_i
1777452415.536334,2107,0,S_i
1777452415.5385668,1913,0,S_i
1777452415.5415082,1945,0,S_i
1777452415.548666,2262,0,S_i
1777452415.5573928,2315,0,S_i
1777452415.5633001,2183,0,S_i
1777452415.564249,2020,0,S_i
1777452415.5645282,1928,0,S_i
1777452415.56463,2131,0,S_i
1777452415.5647051,2404,0,S_i
1777452415.564754,2186,0,S_i
1777452415.564802,2044,0,S_i
1777452415.5649102,1917,0,S_i
1777452415.567921,1949,0,S_i
1777452415.57087,2154,0,S_i
1777452415.5742888,2155,0,S_i
1777452415.57693,2050,0,S_i
1777452415.589374,1942,0,S_i
1777452415.5913558,1920,0,S_i
1777452415.598156,2150,0,S_i
1777452415.606285,2234,0,S_i
1777452415.615999,2246,0,S_i
1777452415.6164029,2102,0,S_i
1777452415.616529,1990,0,S_i
1777452415.6165938,2002,0,S_i
1777452415.616645,2157,0,S_i
1777452415.6166961,2142,0,S_i
1777452415.616744,2085,0,S_i
1777452415.616794,1977,0,S_i
1777452415.616841,1852,0,S_i
1777452415.619424,2009,0,S_i
1777452415.622476,2270,0,S_i
1777452415.642402,2132,0,S_i
1777452415.6602418,2057,0,S_i
1777452415.660405,1960,0,S_i
1777452415.6606169,1860,0,S_i
1777452415.6606688,2071,0,S_i
1777452415.6608698,2242,0,S_i
1777452415.660945,2142,0,S_i
1777452415.6609962,2035,0,S_i
1777452415.6610408,1825,0,S_i
1777452415.6610858,1926,0,S_i
1777452415.661131,2233,0,S_i
1777452415.661174,2210,0,S_i
1777452415.6612182,2105,0,S_i
1777452415.664112,1872,0,S_i
1777452415.666859,1764,0,S_i
1777452415.670633,1978,0,S_i
1777452415.673269,2214,0,S_i
1777452415.676262,2212,0,S_i
1777452415.67891,2052,0,S_i
1777452415.689412,1865,0,S_i
1777452415.6932411,1884,0,S_i
1777452415.696757,2143,0,S_i
1777452415.6970618,2238,0,S_i
1777452415.700127,2068,0,S_i
1777452415.70114,1861,0,S_i
1777452415.702274,1701,0,S_i
1777452415.703188,2012,0,S_i
1777452415.7070541,2224,0,S_i
1777452415.71248,2211,0,S_i
1777452415.713119,2045,0,S_i
1777452415.718175,1973,0,S_i
1777452415.718355,1882,0,S_i
1777452415.7210891,2122,0,S_i
1777452415.7239099,2233,0,S_i
1777452415.735311,2049,0,S_i
1777452415.737105,1888,0,S_i
1777452415.744253,1711,0,S_i
1777452415.7452202,1894,0,S_i
1777452415.745439,2150,0,S_i
1777452415.7496462,2209,0,S_i
1777452415.751393,2043,0,S_i
1777452415.760119,1798,0,S_i
1777452415.76056,1811,0,S_i
1777452415.760889,2059,0,S_i
1777452415.76156,2169,0,S_i
1777452415.765773,2105,0,S_i
1777452415.7658958,1915,0,S_i
1777452415.767166,1773,0,S_i
1777452415.768878,1936,0,S_i
1777452415.771868,2164,0,S_i
1777452415.7748742,2189,0,S_i
1777452415.777877,2130,0,S_i
1777452415.780923,1893,0,S_i
1777452415.784152,1775,0,S_i
1777452415.801882,1997,0,S_i
1777452415.806914,2139,0,S_i
1777452415.8107462,2088,0,S_i
1777452415.819922,1962,0,S_i
1777452415.8201432,1817,0,S_i
1777452415.820409,1888,0,S_i
1777452415.824804,2148,0,S_i
1777452415.824894,2165,0,S_i
1777452415.824948,2069,0,S_i
1777452415.825023,1925,0,S_i
1777452415.8251069,1790,0,S_i
1777452415.8255968,1939,0,S_i
1777452415.825759,2138,0,S_i
1777452415.825889,2132,0,S_i
1777452415.8289652,1964,0,S_i
1777452415.832038,1792,0,S_i
1777452415.842947,1820,0,S_i
1777452415.844116,2101,0,S_i
1777452415.847892,2142,0,S_i
1777452415.848309,2077,0,S_i
1777452415.851902,1928,0,S_i
1777452415.852969,1758,0,S_i
1777452415.854744,1927,0,S_i
1777452415.8612878,2146,0,S_i
1777452415.866672,2138,0,S_i
1777452415.8672562,1977,0,S_i
1777452415.8711228,1807,0,S_i
1777452415.8720078,1740,0,S_i
1777452415.8724108,2071,0,S_i
1777452415.873868,2150,0,S_i
1777452415.876889,2072,0,S_i
1777452415.879936,1934,0,S_i
1777452415.8829172,1756,0,S_i
1777452415.8858628,1874,0,S_i
1777452415.888934,2127,0,S_i
1777452415.8987782,2124,0,S_i
1777452415.901515,1993,0,S_i
1777452415.9051468,1820,0,S_i
1777452415.905349,1772,0,S_i
1777452415.905876,2004,0,S_i
1777452415.913575,2129,0,S_i
1777452415.9145222,2066,0,S_i
1777452415.9148219,1916,0,S_i
1777452415.9163132,1750,0,S_i
1777452415.919351,1842,0,S_i
1777452415.9274461,2087,0,S_i
1777452415.927642,2111,0,S_i
1777452415.927891,1952,0,S_i
1777452415.9308622,1782,0,S_i
1777452415.933861,1693,0,S_i
1777452415.9450939,1897,0,S_i
1777452415.951075,2009,0,S_i
1777452415.955213,1964,0,S_i
1777452415.957851,1838,0,S_i
1777452415.958784,1687,0,S_i
1777452415.9608011,1716,0,S_i
1777452415.960997,1963,0,S_i
1777452415.964245,2044,0,S_i
1777452415.964622,1950,0,S_i
1777452415.9649448,1772,0,S_i
1777452415.9694011,1697,0,S_i
1777452415.969749,1838,0,S_i
1777452415.978403,1976,0,S_i
1777452415.9787672,1998,0,S_i
1777452415.978821,1939,0,S_i
1777452415.9858088,1768,0,S_i
1777452415.985864,1791,0,S_i
1777452415.988652,2055,0,S_i
1777452415.991074,2160,0,S_i
1777452416.024584,2076,0,S_i
1777452416.084016,1898,0,S_i
1777452416.085237,1782,0,S_i
1777452416.0853188,1969,0,S_i
1777452416.085372,2165,0,S_i
1777452416.085422,2108,0,S_i
1777452416.085469,2002,0,S_i
1777452416.085516,1839,0,S_i
1777452416.085634,1826,0,S_i
1777452416.085716,2084,0,S_i
1777452416.085773,2214,0,S_i
1777452416.085827,2158,0,S_i
1777452416.086232,1964,0,S_i
1777452416.08629,1829,0,S_i
1777452416.086379,1926,0,S_i
1777452416.086455,2210,0,S_i
1777452416.086514,2213,0,S_i
1777452416.086742,2036,0,S_i
1777452416.0868192,1914,0,S_i
1777452416.0868921,1845,0,S_i
1777452416.086941,2055,0,S_i
1777452416.0869892,2194,0,S_i
1777452416.087038,2193,0,S_i
1777452416.087085,2006,0,S_i
1777452416.087133,1793,0,S_i
1777452416.0871801,1893,0,S_i
1777452416.087233,2190,0,S_i
1777452416.0872881,2249,0,S_i
1777452416.087338,2109,0,S_i
1777452416.0873852,1934,0,S_i
1777452416.087432,1854,0,S_i
1777452416.087478,2039,0,S_i
1777452416.090616,2237,0,S_i
1777452416.092743,2217,0,S_i
1777452416.0957482,2068,0,S_i
1777452416.099637,1822,0,S_i
1777452416.1027808,1930,0,S_i
1777452416.1051571,2154,0,S_i
1777452416.132663,2230,0,S_i
1777452416.132739,2124,0,S_i
1777452416.1327932,2014,0,S_i
1777452416.132869,1841,0,S_i
1777452416.132928,2014,0,S_i
1777452416.1330109,2222,0,S_i
1777452416.133085,2205,0,S_i
1777452416.1331341,2074,0,S_i
1777452416.133178,1841,0,S_i
1777452416.13475,1936,0,S_i
1777452416.147788,2200,0,S_i
1777452416.155113,2233,0,S_i
1777452416.1680021,2068,0,S_i
1777452416.169816,1984,0,S_i
1777452416.169902,1849,0,S_i
1777452416.169996,1998,0,S_i
1777452416.170054,2222,0,S_i
1777452416.1701062,2154,0,S_i
1777452416.170154,1999,0,S_i
1777452416.170347,1871,0,S_i
1777452416.170397,1863,0,S_i
1777452416.1709461,2118,0,S_i
1777452416.1737332,2210,0,S_i
1777452416.177004,2146,0,S_i
1777452416.179822,1988,0,S_i
1777452416.1831338,1888,0,S_i
1777452416.185896,1930,0,S_i
1777452416.215153,2185,0,S_i
1777452416.215363,2179,0,S_i
1777452416.215422,2073,0,S_i
1777452416.215518,1910,0,S_i
1777452416.21573,1865,0,S_i
1777452416.215779,2075,0,S_i
1777452416.215824,2187,0,S_i
1777452416.216,2111,0,S_i
1777452416.216053,2017,0,S_i
1777452416.216251,1879,0,S_i
1777452416.219754,1944,0,S_i
1777452416.222255,2168,0,S_i
1777452416.246324,2171,0,S_i
1777452416.25238,2020,0,S_i
1777452416.256886,1940,0,S_i
1777452416.25697,1862,0,S_i
1777452416.257024,2040,0,S_i
1777452416.2570739,2209,0,S_i
1777452416.257644,2140,0,S_i
1777452416.2577238,2027,0,S_i
1777452416.257788,1832,0,S_i
1777452416.257846,1882,0,S_i
1777452416.257903,2093,0,S_i
1777452416.257958,2180,0,S_i
1777452416.260941,2103,0,S_i
1777452416.263801,1891,0,S_i
1777452416.266749,1780,0,S_i
1777452416.2697349,1949,0,S_i
1777452416.2727199,2176,0,S_i
1777452416.275723,2158,0,S_i
1777452416.2877681,1992,0,S_i
1777452416.288602,1810,0,S_i
1777452416.295309,1848,0,S_i
1777452416.2981172,2081,0,S_i
1777452416.300127,2140,0,S_i
1777452416.301099,2100,0,S_i
1777452416.3027909,2000,0,S_i
1777452416.303093,1783,0,S_i
1777452416.3063638,1972,0,S_i
1777452416.306853,2166,0,S_i
1777452416.3120918,2133,0,S_i
1777452416.312642,2001,0,S_i
1777452416.317356,1861,0,S_i
1777452416.317873,1810,0,S_i
1777452416.320719,2042,0,S_i
1777452416.323733,2176,0,S_i
1777452416.336124,2089,0,S_i
1777452416.338858,1967,0,S_i
1777452416.345044,1798,0,S_i
1777452416.346346,1935,0,S_i
1777452416.347753,2136,0,S_i
1777452416.353083,2195,0,S_i
1777452416.3580139,2054,0,S_i
1777452416.3594282,1896,0,S_i
1777452416.3598342,1819,0,S_i
1777452416.3601139,2022,0,S_i
1777452416.363609,2214,0,S_i
1777452416.364623,2163,0,S_i
1777452416.365113,1997,0,S_i
1777452416.365705,1809,0,S_i
1777452416.368716,1896,0,S_i
1777452416.3717172,2161,0,S_i
1777452416.374722,2211,0,S_i
1777452416.377598,2053,0,S_i
1777452416.380596,1961,0,S_i
1777452416.383633,1799,0,S_i
1777452416.3959968,1978,0,S_i
1777452416.396836,2160,0,S_i
1777452416.399839,2149,0,S_i
1777452416.400556,2003,0,S_i
1777452416.400862,1865,0,S_i
1777452416.404972,1852,0,S_i
1777452416.406236,2150,0,S_i
1777452416.407925,2238,0,S_i
1777452416.413774,2031,0,S_i
1777452416.418596,1963,0,S_i
1777452416.419116,1807,0,S_i
1777452416.419713,1980,0,S_i
1777452416.424235,2173,0,S_i
1777452416.42562,2158,0,S_i
1777452416.4286048,2052,0,S_i
1777452416.4316149,1892,0,S_i
1777452416.4433038,1880,0,S_i
1777452416.444454,2147,0,S_i
1777452416.445398,2245,0,S_i
1777452416.44818,2185,0,S_i
1777452416.448477,1986,0,S_i
1777452416.451246,1825,0,S_i
1777452416.456331,1927,0,S_i
1777452416.464898,2202,0,S_i
1777452416.471118,2197,0,S_i
1777452416.4717078,2046,0,S_i
1777452416.471968,1872,0,S_i
1777452416.472041,1846,0,S_i
1777452416.472219,2088,0,S_i
1777452416.473878,2223,0,S_i
1777452416.4772842,2181,0,S_i
1777452416.480047,1991,0,S_i
1777452416.482604,1865,0,S_i
1777452416.485994,1953,0,S_i
1777452416.488816,2212,0,S_i
1777452416.498626,2218,0,S_i
1777452416.500077,2093,0,S_i
1777452416.503377,1937,0,S_i
1777452416.503916,1839,0,S_i
1777452416.508249,2045,0,S_i
1777452416.509372,2238,0,S_i
1777452416.510737,2188,0,S_i
1777452416.522326,2057,0,S_i
1777452416.522711,1868,0,S_i
1777452416.523395,1929,0,S_i
1777452416.523565,2190,0,S_i
1777452416.527722,2234,0,S_i
1777452416.528009,2120,0,S_i
1777452416.53107,1946,0,S_i
1777452416.533789,1860,0,S_i
1777452416.549475,2032,0,S_i
1777452416.5569222,2253,0,S_i
1777452416.5651252,2249,0,S_i
1777452416.57083,2079,0,S_i
1777452416.571195,1856,0,S_i
1777452416.57126,1884,0,S_i
1777452416.57131,2240,0,S_i
1777452416.571358,2251,0,S_i
1777452416.5714052,2230,0,S_i
1777452416.571451,1944,0,S_i
1777452416.571497,1821,0,S_i
1777452416.571543,1979,0,S_i
1777452416.572897,2272,0,S_i
1777452416.575615,2191,0,S_i
1777452416.578604,2068,0,S_i
1777452416.5815868,1954,0,S_i
1777452416.584586,1920,0,S_i
1777452416.58787,2132,0,S_i
1777452416.601844,2231,0,S_i
1777452416.6059709,2137,0,S_i
1777452416.616856,2025,0,S_i
1777452416.6173608,1895,0,S_i
1777452416.622524,2069,0,S_i
1777452416.62273,2088,0,S_i
1777452416.622793,2407,0,S_i
1777452416.622998,2048,0,S_i
1777452416.6231208,1848,0,S_i
1777452416.6231868,1890,0,S_i
1777452416.6232388,2166,0,S_i
1777452416.6235788,2265,0,S_i
1777452416.6266072,2162,0,S_i
1777452416.63938,2063,0,S_i
1777452416.647348,1862,0,S_i
1777452416.6636758,1917,0,S_i
1777452416.663765,2246,0,S_i
1777452416.6638248,2266,0,S_i
1777452416.663881,2257,0,S_i
1777452416.663934,2049,0,S_i
1777452416.666134,1866,0,S_i
1777452416.66644,2212,0,S_i
1777452416.666518,2136,0,S_i
1777452416.666573,2183,0,S_i
1777452416.666728,2142,0,S_i
1777452416.6667898,1903,0,S_i
1777452416.668622,2016,0,S_i
1777452416.671623,2256,0,S_i
1777452416.6746082,2213,0,S_i
1777452416.6775942,2174,0,S_i
1777452416.680602,1992,0,S_i
1777452416.6917708,2011,0,S_i
1777452416.6977222,2061,0,S_i
1777452416.702933,2278,0,S_i
1777452416.70386,2339,0,S_i
1777452416.708123,2248,0,S_i
1777452416.708575,1952,0,S_i
1777452416.712755,1837,0,S_i
1777452416.71333,2420,0,S_i
1777452416.7166982,2333,0,S_i
1777452416.717786,2029,0,S_i
1777452416.7178628,2273,0,S_i
1777452416.717914,1917,0,S_i
1777452416.719609,1989,0,S_i
1777452416.722621,2149,0,S_i
1777452416.726027,2322,0,S_i
1777452416.7366369,2195,0,S_i
1777452416.738307,2191,0,S_i
1777452416.741535,1838,0,S_i
1777452416.741869,2179,0,S_i
1777452416.7455611,2257,0,S_i
1777452416.746676,2330,0,S_i
1777452416.747838,2096,0,S_i
1777452416.750494,1877,0,S_i
1777452416.755297,2034,0,S_i
1777452416.7603068,2297,0,S_i
1777452416.760767,2316,0,S_i
1777452416.766161,2189,0,S_i
1777452416.7662468,2005,0,S_i
1777452416.7676082,2001,0,S_i
1777452416.7706308,2189,0,S_i
1777452416.773589,2314,0,S_i
1777452416.77682,2277,0,S_i
1777452416.779656,2088,0,S_i
1777452416.782613,1980,0,S_i
1777452416.807744,2078,0,S_i
1777452416.819253,2002,0,S_i
1777452416.819707,2280,0,S_i
1777452416.821019,2241,0,S_i
1777452416.825824,2007,0,S_i
1777452416.8258922,1880,0,S_i
1777452416.825942,2011,0,S_i
1777452416.825987,2327,0,S_i
1777452416.826082,2433,0,S_i
1777452416.8261278,2283,0,S_i
1777452416.8261719,1835,0,S_i
1777452416.826216,2046,0,S_i
1777452416.826258,2292,0,S_i
1777452416.8263009,2325,0,S_i
1777452416.827643,2040,0,S_i
1777452416.830594,1883,0,S_i
1777452416.849508,1970,0,S_i
1777452416.852184,2240,0,S_i
1777452416.853321,2113,0,S_i
1777452416.854239,2164,0,S_i
1777452416.855086,2243,0,S_i
1777452416.855933,2145,0,S_i
1777452416.859176,1937,0,S_i
1777452416.859673,2226,0,S_i
1777452416.863793,2388,0,S_i
1777452416.864792,2286,0,S_i
1777452416.867529,2167,0,S_i
1777452416.868242,1895,0,S_i
1777452416.869586,2005,0,S_i
1777452416.872577,2430,0,S_i
1777452416.8755782,2427,0,S_i
1777452416.878643,2054,0,S_i
1777452416.881609,2110,0,S_i
1777452416.88461,1905,0,S_i
1777452416.8969011,2233,0,S_i
1777452416.898747,2342,0,S_i
1777452416.902184,2350,0,S_i
1777452416.902634,1997,0,S_i
1777452416.9029171,1938,0,S_i
1777452416.9069152,2238,0,S_i
1777452416.908139,2186,0,S_i
1777452416.9091752,2157,0,S_i
1777452416.912318,1839,0,S_i
1777452416.916311,2116,0,S_i
1777452416.921159,1772,0,S_i
1777452416.921677,2305,0,S_i
1777452416.9264152,2081,0,S_i
1777452416.9268281,2136,0,S_i
1777452416.929601,2248,0,S_i
1777452416.932599,2092,0,S_i
1777452416.935616,1935,0,S_i
1777452416.94642,2034,0,S_i
1777452416.953393,2628,0,S_i
1777452416.956627,2257,0,S_i
1777452416.959022,1908,0,S_i
1777452416.95938,1861,0,S_i
1777452416.962991,2209,0,S_i
1777452416.967205,2252,0,S_i
1777452416.9676669,2466,0,S_i
1777452416.973284,2225,0,S_i
1777452416.97387,2008,0,S_i
1777452416.9745018,1939,0,S_i
1777452416.977782,2235,0,S_i
1777452416.979382,2367,0,S_i
1777452416.9795341,2299,0,S_i
1777452416.981138,1979,0,S_i
1777452416.98382,1971,0,S_i
1777452416.986471,2097,0,S_i
1777452416.989462,2301,0,S_i
1777452416.9924648,2484,0,S_i
1777452416.995483,2257,0,S_i
1777452416.99861,2101,0,S_i
1777452417.009245,2145,0,S_i
1777452417.009349,2070,0,S_i
1777452417.037096,2364,0,S_i
1777452417.037704,2274,0,S_i
1777452417.0387352,1970,0,S_i
1777452417.038912,1991,0,S_i
1777452417.038975,2016,0,S_i
1777452417.039027,2204,0,S_i
1777452417.039079,2316,0,S_i
1777452417.039128,2281,0,S_i
1777452417.039176,1987,0,S_i
1777452417.0392241,1929,0,S_i
1777452417.039399,2176,0,S_i
1777452417.040915,2286,0,S_i
1777452417.0436108,2288,0,S_i
1777452417.056242,1946,0,S_i
1777452417.059155,2000,0,S_i
1777452417.0595489,1957,0,S_i
1777452417.0631769,2277,0,S_i
1777452417.06563,2200,0,S_i
1777452417.068019,2298,0,S_i
1777452417.072432,2078,0,S_i
1777452417.077207,1940,0,S_i
1777452417.077719,2161,0,S_i
1777452417.078202,2377,0,S_i
1777452417.07859,2130,0,S_i
1777452417.081738,2164,0,S_i
1777452417.083256,2137,0,S_i
1777452417.0872462,2126,0,S_i
1777452417.088855,2165,0,S_i
1777452417.091525,2241,0,S_i
1777452417.094677,2297,0,S_i
1777452417.0975318,1976,0,S_i
1777452417.108062,1933,0,S_i
1777452417.113385,2259,0,S_i
1777452417.117644,2361,0,S_i
1777452417.119371,2097,0,S_i
1777452417.1242292,2020,0,S_i
1777452417.1246562,2099,0,S_i
1777452417.1248908,1922,0,S_i
1777452417.129683,2144,0,S_i
1777452417.1346781,2246,0,S_i
1777452417.1354911,2049,0,S_i
1777452417.1355891,1996,0,S_i
1777452417.135645,1897,0,S_i
1777452417.137063,2068,0,S_i
1777452417.1397948,2204,0,S_i
1777452417.142903,2175,0,S_i
1777452417.151314,2317,0,S_i
1777452417.155065,1918,0,S_i
1777452417.1552598,1656,0,S_i
1777452417.155523,2077,0,S_i
1777452417.158643,2327,0,S_i
1777452417.165189,2134,0,S_i
1777452417.166272,2023,0,S_i
1777452417.169895,1891,0,S_i
1777452417.178154,2006,0,S_i
1777452417.178684,2183,0,S_i
1777452417.178781,2361,0,S_i
1777452417.178886,2081,0,S_i
1777452417.181586,2006,0,S_i
1777452417.184479,1839,0,S_i
1777452417.187496,2049,0,S_i
1777452417.190592,2315,0,S_i
1777452417.193465,2305,0,S_i
1777452417.2142248,1979,0,S_i
1777452417.221018,1999,0,S_i
1777452417.2212942,1868,0,S_i
1777452417.221749,2242,0,S_i
1777452417.225543,2243,0,S_i
1777452417.226033,1959,0,S_i
1777452417.226204,1876,0,S_i
1777452417.226256,1790,0,S_i
1777452417.226304,2006,0,S_i
1777452417.226349,2349,0,S_i
1777452417.226497,2211,0,S_i
1777452417.2294998,1910,0,S_i
1777452417.2324438,1999,0,S_i
1777452417.235479,2007,0,S_i
1777452417.243913,2235,0,S_i
1777452417.2448719,2194,0,S_i
1777452417.249272,2226,0,S_i
1777452417.2548978,1983,0,S_i
1777452417.256365,1915,0,S_i
1777452417.256692,1931,0,S_i
1777452417.257493,2129,0,S_i
1777452417.264732,2247,0,S_i
1777452417.265013,2110,0,S_i
1777452417.2659898,1794,0,S_i
1777452417.269723,1804,0,S_i
1777452417.2714639,2148,0,S_i
1777452417.274464,2247,0,S_i
1777452417.277466,2114,0,S_i
1777452417.280659,2041,0,S_i
1777452417.283633,1973,0,S_i
1777452417.286454,2088,0,S_i
1777452417.297503,2294,0,S_i
1777452417.297631,2168,0,S_i
1777452417.297875,2124,0,S_i
1777452417.3017511,1946,0,S_i
1777452417.3023272,2079,0,S_i
1777452417.3060842,2089,0,S_i
1777452417.3081212,2082,0,S_i
1777452417.312549,2099,0,S_i
1777452417.316659,2039,0,S_i
1777452417.3169641,2059,0,S_i
1777452417.321121,1929,0,S_i
1777452417.322577,2069,0,S_i
1777452417.325462,2170,0,S_i
1777452417.3286421,2010,0,S_i
1777452417.337545,1956,0,S_i
1777452417.338538,1927,0,S_i
1777452417.339647,2189,0,S_i
1777452417.3432992,2181,0,S_i
1777452417.343599,2212,0,S_i
1777452417.346791,2130,0,S_i
1777452417.3508701,1855,0,S_i
1777452417.354199,1996,0,S_i
1777452417.3594859,2104,0,S_i
1777452417.363497,2134,0,S_i
1777452417.363673,2084,0,S_i
1777452417.365073,2095,0,S_i
1777452417.3677619,2060,0,S_i
1777452417.370472,1913,0,S_i
1777452417.373466,2089,0,S_i
1777452417.376854,2243,0,S_i
1777452417.379597,2151,0,S_i
1777452417.389737,1912,0,S_i
1777452417.3968298,2040,0,S_i
1777452417.398526,2188,0,S_i
1777452417.399522,2163,0,S_i
1777452417.4010618,2133,0,S_i
1777452417.406095,1900,0,S_i
1777452417.410517,1851,0,S_i
1777452417.4108732,2071,0,S_i
1777452417.41148,2259,0,S_i
1777452417.411799,2145,0,S_i
1777452417.4148,2097,0,S_i
1777452417.415839,1909,0,S_i
1777452417.418495,1976,0,S_i
1777452417.421494,2111,0,S_i
1777452417.439046,2294,0,S_i
1777452417.44008,2207,0,S_i
1777452417.440876,1984,0,S_i
1777452417.441736,1734,0,S_i
1777452417.4502988,1899,0,S_i
1777452417.450936,2251,0,S_i
1777452417.451654,2191,0,S_i
1777452417.4519958,2105,0,S_i
1777452417.454624,2002,0,S_i
1777452417.455919,1805,0,S_i
1777452417.456008,2141,0,S_i
1777452417.457391,2475,0,S_i
1777452417.461747,2035,0,S_i
1777452417.463351,2064,0,S_i
1777452417.4664268,1768,0,S_i
1777452417.469388,1947,0,S_i
1777452417.4723809,2301,0,S_i
1777452417.488728,2339,0,S_i
1777452417.495174,2049,0,S_i
1777452417.49568,1919,0,S_i
1777452417.49595,2041,0,S_i
1777452417.501892,2174,0,S_i
1777452417.506489,2159,0,S_i
1777452417.506583,2117,0,S_i
1777452417.506639,2013,0,S_i
1777452417.506691,1853,0,S_i
1777452417.506741,1930,0,S_i
1777452417.506788,2378,0,S_i
1777452417.508411,2320,0,S_i
1777452417.5115771,2023,0,S_i
1777452417.514404,1874,0,S_i
1777452417.526933,1901,0,S_i
1777452417.529384,2107,0,S_i
1777452417.533047,2223,0,S_i
1777452417.5353658,2151,0,S_i
1777452417.5355039,2063,0,S_i
1777452417.5379462,1939,0,S_i
1777452417.539548,2062,0,S_i
1777452417.542355,2056,0,S_i
1777452417.5469592,2131,0,S_i
1777452417.547742,2141,0,S_i
1777452417.548361,2067,0,S_i
1777452417.5532732,1916,0,S_i
1777452417.5535638,1942,0,S_i
1777452417.556712,2216,0,S_i
1777452417.559943,2216,0,S_i
1777452417.56264,1957,0,S_i
1777452417.565439,1857,0,S_i
1777452417.568344,1996,0,S_i
1777452417.5715358,2202,0,S_i
1777452417.57915,2217,0,S_i
1777452417.584237,2143,0,S_i
1777452417.584408,2011,0,S_i
1777452417.584757,1996,0,S_i
1777452417.589581,1971,0,S_i
1777452417.592444,2249,0,S_i
1777452417.599756,2229,0,S_i
1777452417.599985,2148,0,S_i
1777452417.600205,2031,0,S_i
1777452417.603059,1715,0,S_i
1777452417.604574,1990,0,S_i
1777452417.607509,2188,0,S_i
1777452417.610508,2162,0,S_i
1777452417.6133702,2128,0,S_i
1777452417.622912,1876,0,S_i
1777452417.6248288,1967,0,S_i
1777452417.628924,2207,0,S_i
1777452417.6342201,2192,0,S_i
1777452417.636163,2209,0,S_i
1777452417.639761,1858,0,S_i
1777452417.643774,1851,0,S_i
1777452417.6518369,2137,0,S_i
1777452417.652986,2244,0,S_i
1777452417.653056,2173,0,S_i
1777452417.65311,2074,0,S_i
1777452417.653165,1932,0,S_i
1777452417.653215,1937,0,S_i
1777452417.655896,2095,0,S_i
1777452417.658734,2237,0,S_i
1777452417.66134,2146,0,S_i
1777452417.664332,1957,0,S_i
1777452417.6673348,1842,0,S_i
1777452417.670336,2034,0,S_i
1777452417.682802,2200,0,S_i
1777452417.685031,2200,0,S_i
1777452417.686195,2071,0,S_i
1777452417.6897779,1970,0,S_i
1777452417.693952,1986,0,S_i
1777452417.694205,2206,0,S_i
1777452417.694436,2338,0,S_i
1777452417.69629,2173,0,S_i
1777452417.70164,2028,0,S_i
1777452417.701911,1924,0,S_i
1777452417.706957,2004,0,S_i
1777452417.7075012,2231,0,S_i
1777452417.711157,2261,0,S_i
1777452417.712569,2078,0,S_i
1777452417.715345,1940,0,S_i
1777452417.718327,1970,0,S_i
1777452417.721421,2192,0,S_i
1777452417.7361002,2228,0,S_i
1777452417.736701,2254,0,S_i
1777452417.737203,2098,0,S_i
1777452417.737638,1895,0,S_i
1777452417.7378602,1985,0,S_i
1777452417.74206,2237,0,S_i
1777452417.7444742,2167,0,S_i
1777452417.749268,2024,0,S_i
1777452417.753737,1913,0,S_i
1777452417.754346,1860,0,S_i
1777452417.7546518,2015,0,S_i
1777452417.7594602,2156,0,S_i
1777452417.76089,1954,0,S_i
1777452417.763604,1771,0,S_i
1777452417.766474,1758,0,S_i
1777452417.769334,1967,0,S_i
1777452417.772358,1975,0,S_i
1777452417.775539,1946,0,S_i
1777452417.78744,2009,0,S_i
1777452417.791876,1842,0,S_i
1777452417.792019,1708,0,S_i
1777452417.7926059,1986,0,S_i
1777452417.796823,2184,0,S_i
1777452417.798829,2063,0,S_i
1777452417.799051,1918,0,S_i
1777452417.800106,1784,0,S_i
1777452417.80487,1791,0,S_i
1777452417.809963,2053,0,S_i
1777452417.810326,2058,0,S_i
1777452417.811708,1977,0,S_i
1777452417.8164558,1848,0,S_i
1777452417.8179111,1756,0,S_i
1777452417.8206432,1909,0,S_i
1777452417.8233442,2085,0,S_i
1777452417.836173,2096,0,S_i
1777452417.8397472,2031,0,S_i
1777452417.845981,1764,0,S_i
1777452417.846242,1821,0,S_i
1777452417.8556108,2057,0,S_i
1777452417.856083,2118,0,S_i
1777452417.860806,2057,0,S_i
1777452417.8609111,1882,0,S_i
1777452417.86097,1753,0,S_i
1777452417.8610198,1917,0,S_i
1777452417.861069,2118,0,S_i
1777452417.8611178,2077,0,S_i
1777452417.863137,1982,0,S_i
1777452417.8688629,1753,0,S_i
1777452417.868955,1834,0,S_i
1777452417.87166,1996,0,S_i
1777452417.8744478,2115,0,S_i
1777452417.877704,2096,0,S_i
1777452417.8976362,1911,0,S_i
1777452417.900259,1840,0,S_i
1777452417.902376,1925,0,S_i
1777452417.911461,2161,0,S_i
1777452417.911825,2145,0,S_i
1777452417.9158368,2033,0,S_i
1777452417.91591,1824,0,S_i
1777452417.916003,1784,0,S_i
1777452417.9160519,2005,0,S_i
1777452417.916193,2190,0,S_i
1777452417.9162529,2060,0,S_i
1777452417.916302,1927,0,S_i
1777452417.916348,1793,0,S_i
1777452417.919323,1869,0,S_i
1777452417.9223309,2095,0,S_i
1777452417.940486,2111,0,S_i
1777452417.941793,2015,0,S_i
1777452417.944289,1876,0,S_i
1777452417.9452999,1797,0,S_i
1777452417.950647,1989,0,S_i
1777452417.950882,2126,0,S_i
1777452417.957055,2096,0,S_i
1777452417.958731,2000,0,S_i
1777452417.963823,1823,0,S_i
1777452417.965754,1873,0,S_i
1777452417.965934,2069,0,S_i
1777452417.966014,2144,0,S_i
1777452417.966105,2117,0,S_i
1777452417.9661708,1930,0,S_i
1777452417.9675431,1805,0,S_i
1777452417.970332,1932,0,S_i
1777452417.9734201,2155,0,S_i
1777452417.9763231,2143,0,S_i
1777452417.9793248,2040,0,S_i
1777452417.982235,1842,0,S_i
1777452417.9853902,1824,0,S_i
1777452417.993291,2077,0,S_i
1777452417.994464,2157,0,S_i
1777452417.996587,2087,0,S_i
1777452418.001128,1979,0,S_i
1777452418.001481,1815,0,S_i
1777452418.005256,1935,0,S_i
1777452418.00712,2122,0,S_i
1777452418.010737,2157,0,S_i
1777452418.019488,2050,0,S_i
1777452418.019758,1852,0,S_i
1777452418.020061,1836,0,S_i
1777452418.0250702,2081,0,S_i
1777452418.025192,2187,0,S_i
1777452418.027903,2135,0,S_i
1777452418.030907,1998,0,S_i
1777452418.033965,1826,0,S_i
1777452418.04516,1935,0,S_i
1777452418.048405,2210,0,S_i
1777452418.05183,2210,0,S_i
1777452418.0563068,2098,0,S_i
1777452418.058081,1936,0,S_i
1777452418.059148,1851,0,S_i
1777452418.059468,2020,0,S_i
1777452418.067532,2182,0,S_i
1777452418.067989,2174,0,S_i
1777452418.068298,2043,0,S_i
1777452418.069939,1865,0,S_i
1777452418.0704372,1887,0,S_i
1777452418.074632,2149,0,S_i
1777452418.0760078,2214,0,S_i
1777452418.078723,2112,0,S_i
1777452418.0813582,1966,0,S_i
1777452418.08421,1868,0,S_i
1777452418.087243,2031,0,S_i
1777452418.090228,2283,0,S_i
1777452418.101673,2135,0,S_i
1777452418.106896,2037,0,S_i
1777452418.107554,1908,0,S_i
1777452418.1111538,1906,0,S_i
1777452418.113606,2174,0,S_i
1777452418.11552,2241,0,S_i
1777452418.115772,2166,0,S_i
1777452418.1170251,1977,0,S_i
1777452418.118073,1868,0,S_i
1777452418.126116,2016,0,S_i
1777452418.1263921,2204,0,S_i
1777452418.126643,2191,0,S_i
1777452418.131233,2081,0,S_i
1777452418.132612,1903,0,S_i
1777452418.1352582,1905,0,S_i
1777452418.138198,2105,0,S_i
1777452418.1495512,2207,0,S_i
1777452418.15169,2144,0,S_i
1777452418.15277,2031,0,S_i
1777452418.1565208,1862,0,S_i
1777452418.1567621,1990,0,S_i
1777452418.156982,2202,0,S_i
1777452418.1613781,2212,0,S_i
1777452418.163069,2085,0,S_i
1777452418.169755,1892,0,S_i
1777452418.174583,1875,0,S_i
1777452418.1754072,2104,0,S_i
1777452418.1758752,2233,0,S_i
1777452418.180375,2161,0,S_i
1777452418.1805959,2018,0,S_i
1777452418.1832871,1884,0,S_i
1777452418.1863081,1966,0,S_i
1777452418.1891992,2165,0,S_i
1777452418.192193,2235,0,S_i
1777452418.195185,2155,0,S_i
1777452418.1981921,1984,0,S_i
1777452418.2116868,1911,0,S_i
1777452418.2153442,2091,0,S_i
1777452418.219295,2202,0,S_i
1777452418.219507,2213,0,S_i
1777452418.221961,2005,0,S_i
1777452418.22299,1869,0,S_i
1777452418.233463,1897,0,S_i
1777452418.237333,2173,0,S_i
1777452418.238681,2219,0,S_i
1777452418.2387562,2116,0,S_i
1777452418.2388842,1921,0,S_i
1777452418.238969,1852,0,S_i
1777452418.239029,2032,0,S_i
1777452418.2405171,2209,0,S_i
1777452418.243337,2212,0,S_i
1777452418.246206,2054,0,S_i
1777452418.261178,1921,0,S_i
1777452418.261439,1925,0,S_i
1777452418.2658691,2148,0,S_i
1777452418.2692978,2238,0,S_i
1777452418.274015,2130,0,S_i
1777452418.279594,1981,0,S_i
1777452418.2800589,1878,0,S_i
1777452418.280397,1970,0,S_i
1777452418.2844942,2180,0,S_i
1777452418.284572,2199,0,S_i
1777452418.28463,2063,0,S_i
1777452418.284687,1937,0,S_i
1777452418.285203,1921,0,S_i
1777452418.2882502,2135,0,S_i
1777452418.291191,2215,0,S_i
1777452418.294208,2220,0,S_i
1777452418.297207,2085,0,S_i
1777452418.300184,1879,0,S_i
1777452418.303205,1919,0,S_i
1777452418.312112,2205,0,S_i
1777452418.3132548,2309,0,S_i
1777452418.316722,2057,0,S_i
1777452418.321342,1955,0,S_i
1777452418.321568,1935,0,S_i
1777452418.3225222,2177,0,S_i
1777452418.324859,2234,0,S_i
1777452418.3297348,2148,0,S_i
1777452418.3351302,2029,0,S_i
1777452418.335559,1917,0,S_i
1777452418.3361988,1957,0,S_i
1777452418.339446,2172,0,S_i
1777452418.3421812,2220,0,S_i
1777452418.345186,2134,0,S_i
1777452418.348184,1987,0,S_i
1777452418.357721,1857,0,S_i
1777452418.358689,2050,0,S_i
1777452418.3596642,2258,0,S_i
1777452418.361491,2229,0,S_i
1777452418.3644469,2072,0,S_i
1777452418.370256,1909,0,S_i
1777452418.372117,1953,0,S_i
1777452418.374041,2221,0,S_i
1777452418.382011,2239,0,S_i
1777452418.3822348,2199,0,S_i
1777452418.382703,1999,0,S_i
1777452418.3871949,1880,0,S_i
1777452418.3876328,1997,0,S_i
1777452418.390319,2235,0,S_i
1777452418.393086,2179,0,S_i
1777452418.396069,2027,0,S_i
1777452418.399067,1938,0,S_i
1777452418.4028301,1962,0,S_i
1777452418.40546,2173,0,S_i
1777452418.414582,2186,0,S_i
1777452418.415575,2121,0,S_i
1777452418.4164732,1989,0,S_i
1777452418.418401,1863,0,S_i
1777452418.421642,2010,0,S_i
1777452418.4269922,2200,0,S_i
1777452418.4280682,2213,0,S_i
1777452418.430492,2124,0,S_i
1777452418.434483,1914,0,S_i
1777452418.4392178,1832,0,S_i
1777452418.439435,2122,0,S_i
1777452418.44402,2233,0,S_i
1777452418.444615,2190,0,S_i
1777452418.447099,2000,0,S_i
1777452418.450664,1805,0,S_i
1777452418.453357,1936,0,S_i
1777452418.4719648,2235,0,S_i
1777452418.474079,2242,0,S_i
1777452418.4750998,2149,0,S_i
1777452418.480793,1941,0,S_i
1777452418.481017,1899,0,S_i
1777452418.485856,2105,0,S_i
1777452418.48632,2208,0,S_i
1777452418.486623,2174,0,S_i
1777452418.487058,2011,0,S_i
1777452418.487282,1836,0,S_i
1777452418.487563,1922,0,S_i
1777452418.493411,2147,0,S_i
1777452418.4935,2264,0,S_i
1777452418.495052,2150,0,S_i
1777452418.498049,1918,0,S_i
1777452418.501049,1874,0,S_i
1777452418.50405,2035,0,S_i
1777452418.507054,2252,0,S_i
1777452418.5100522,2246,0,S_i
1777452418.520951,2099,0,S_i
1777452418.522651,1870,0,S_i
1777452418.5268962,1905,0,S_i
1777452418.527364,2140,0,S_i
1777452418.5311759,2218,0,S_i
1777452418.53213,2140,0,S_i
1777452418.533097,1975,0,S_i
1777452418.535379,1856,0,S_i
1777452418.540218,2036,0,S_i
1777452418.540396,2180,0,S_i
1777452418.545179,2198,0,S_i
1777452418.5502248,2091,0,S_i
1777452418.5503,1923,0,S_i
1777452418.552043,1922,0,S_i
1777452418.555039,2146,0,S_i
1777452418.55809,2215,0,S_i
1777452418.569471,2183,0,S_i
1777452418.573847,2013,0,S_i
1777452418.5778291,1851,0,S_i
1777452418.57876,1968,0,S_i
1777452418.579027,2163,0,S_i
1777452418.5799801,2198,0,S_i
1777452418.5811882,2089,0,S_i
1777452418.584518,1896,0,S_i
1777452418.593141,1830,0,S_i
1777452418.593601,2144,0,S_i
1777452418.5942101,2320,0,S_i
1777452418.5945978,2151,0,S_i
1777452418.598346,1988,0,S_i
1777452418.600061,1877,0,S_i
1777452418.6030662,1943,0,S_i
1777452418.606047,2165,0,S_i
1777452418.609046,2176,0,S_i
1777452418.6120708,2058,0,S_i
1777452418.615049,1936,0,S_i
1777452418.618051,1851,0,S_i
1777452418.629358,2027,0,S_i
1777452418.634412,2212,0,S_i
1777452418.638977,2213,0,S_i
1777452418.6434948,2025,0,S_i
1777452418.651577,1910,0,S_i
1777452418.653832,1991,0,S_i
1777452418.65739,2152,0,S_i
1777452418.658519,2172,0,S_i
1777452418.6585941,2031,0,S_i
1777452418.6586509,1965,0,S_i
1777452418.658858,1844,0,S_i
1777452418.658926,2005,0,S_i
1777452418.659004,2198,0,S_i
1777452418.6606212,2213,0,S_i
1777452418.6632981,2044,0,S_i
1777452418.6660469,1906,0,S_i
1777452418.679153,1876,0,S_i
1777452418.67931,2180,0,S_i
1777452418.683242,2265,0,S_i
1777452418.688962,2126,0,S_i
1777452418.689153,1899,0,S_i
1777452418.690156,1964,0,S_i
1777452418.690794,1939,0,S_i
1777452418.691626,2126,0,S_i
1777452418.700358,2189,0,S_i
1777452418.700725,2018,0,S_i
1777452418.7011359,1950,0,S_i
1777452418.706557,1911,0,S_i
1777452418.7072651,2060,0,S_i
1777452418.709059,2075,0,S_i
1777452418.711045,2165,0,S_i
1777452418.714102,1928,0,S_i
1777452418.717046,1732,0,S_i
1777452418.720093,2024,0,S_i
1777452418.723043,2100,0,S_i
1777452418.743794,2135,0,S_i
1777452418.749248,2117,0,S_i
1777452418.760214,1985,0,S_i
1777452418.761447,1886,0,S_i
1777452418.761546,2209,0,S_i
1777452418.761594,2154,0,S_i
1777452418.761816,2186,0,S_i
1777452418.761888,1959,0,S_i
1777452418.761941,1886,0,S_i
1777452418.762062,1989,0,S_i
1777452418.762172,2031,0,S_i
1777452418.7622359,2271,0,S_i
1777452418.7622862,2089,0,S_i
1777452418.7650828,1962,0,S_i
1777452418.76837,1956,0,S_i
1777452418.781921,2039,0,S_i
1777452418.7823098,2202,0,S_i
1777452418.78249,2098,0,S_i
1777452418.785534,2064,0,S_i
1777452418.7863948,1870,0,S_i
1777452418.787179,1843,0,S_i
1777452418.7900732,2229,0,S_i
1777452418.798059,2142,0,S_i
1777452418.799076,2080,0,S_i
1777452418.799402,2007,0,S_i
1777452418.8030841,2002,0,S_i
1777452418.8044548,1918,0,S_i
1777452418.807075,2247,0,S_i
1777452418.809957,2107,0,S_i
1777452418.81298,2062,0,S_i
1777452418.815926,1957,0,S_i
1777452418.8189812,1736,0,S_i
1777452418.833323,2156,0,S_i
1777452418.836898,2258,0,S_i
1777452418.839455,2235,0,S_i
1777452418.841215,1721,0,S_i
1777452418.860019,2081,0,S_i
1777452418.860091,1938,0,S_i
1777452418.8603158,2137,0,S_i
1777452418.860424,2265,0,S_i
1777452418.860522,2083,0,S_i
1777452418.860693,1948,0,S_i
1777452418.860817,1958,0,S_i
1777452418.8608909,1990,0,S_i
1777452418.860975,2180,0,S_i
1777452418.861022,2164,0,S_i
1777452418.865383,1944,0,S_i
1777452418.8676028,1949,0,S_i
1777452418.8836238,1851,0,S_i
1777452418.886271,2218,0,S_i
1777452418.889626,2305,0,S_i
1777452418.899306,2129,0,S_i
1777452418.8999639,1860,0,S_i
1777452418.900539,1938,0,S_i
1777452418.905439,2263,0,S_i
1777452418.905576,2212,0,S_i
1777452418.9056509,2129,0,S_i
1777452418.905706,1749,0,S_i
1777452418.905768,1854,0,S_i
1777452418.90582,1956,0,S_i
1777452418.9059358,2151,0,S_i
1777452418.908972,2189,0,S_i
1777452418.912318,2168,0,S_i
1777452418.9149928,1807,0,S_i
1777452418.917983,1763,0,S_i
1777452418.921005,1957,0,S_i
1777452418.9239838,2233,0,S_i
1777452418.935369,2229,0,S_i
1777452418.937134,1920,0,S_i
1777452418.9407518,1891,0,S_i
1777452418.946657,1825,0,S_i
1777452418.947791,2045,0,S_i
1777452418.952287,2230,0,S_i
1777452418.956435,2023,0,S_i
1777452418.957348,2350,0,S_i
1777452418.960119,1965,0,S_i
1777452418.960277,2211,0,S_i
1777452418.9614232,1777,0,S_i
1777452418.961795,2215,0,S_i
1777452418.963146,1962,0,S_i
1777452418.96593,1965,0,S_i
1777452418.9689689,2008,0,S_i
1777452418.976989,2008,0,S_i
1777452418.978003,1961,0,S_i
1777452418.978892,2033,0,S_i
1777452418.982618,2095,0,S_i
1777452418.985562,1932,0,S_i
1777452418.9898372,1954,0,S_i
1777452418.990719,2308,0,S_i
1777452418.99343,2070,0,S_i
1777452418.997615,2168,0,S_i
1777452419.0016131,1684,0,S_i
1777452419.001995,1844,0,S_i
1777452419.004956,1962,0,S_i
1777452419.007926,2116,0,S_i
1777452419.010943,1978,0,S_i
1777452419.013925,1867,0,S_i
1777452419.0169349,1759,0,S_i
1777452419.0199711,1980,0,S_i
1777452419.0309749,2141,0,S_i
1777452419.0310981,2033,0,S_i
1777452419.032436,2041,0,S_i
1777452419.0379689,1942,0,S_i
1777452419.0433211,1720,0,S_i
1777452419.045683,1933,0,S_i
1777452419.050328,2036,0,S_i
1777452419.050702,2132,0,S_i
1777452419.055016,1887,0,S_i
1777452419.055552,1698,0,S_i
1777452419.056117,1917,0,S_i
1777452419.059351,2203,0,S_i
1777452419.0603452,2133,0,S_i
1777452419.061999,2100,0,S_i
1777452419.064929,1928,0,S_i
1777452419.0681658,1929,0,S_i
1777452419.079582,1956,0,S_i
1777452419.083264,2231,0,S_i
1777452419.083749,2150,0,S_i
1777452419.088736,1848,0,S_i
1777452419.090379,1804,0,S_i
1777452419.092007,1924,0,S_i
1777452419.092869,2126,0,S_i
1777452419.0965,2327,0,S_i
1777452419.096837,2202,0,S_i
1777452419.101494,1725,0,S_i
1777452419.1019142,1836,0,S_i
1777452419.10545,2008,0,S_i
1777452419.106944,2083,0,S_i
1777452419.109934,2197,0,S_i
1777452419.1129432,1971,0,S_i
1777452419.1178958,1763,0,S_i
1777452419.119406,1908,0,S_i
1777452419.1295419,2195,0,S_i
1777452419.130573,2170,0,S_i
1777452419.132245,2055,0,S_i
1777452419.1352289,1973,0,S_i
1777452419.1356852,1948,0,S_i
1777452419.140416,1943,0,S_i
1777452419.1427698,2166,0,S_i
1777452419.144384,2151,0,S_i
1777452419.147083,2019,0,S_i
1777452419.151336,1841,0,S_i
1777452419.151937,1896,0,S_i
1777452419.155815,2292,0,S_i
1777452419.158436,2115,0,S_i
1777452419.1611829,2194,0,S_i
1777452419.171369,2036,0,S_i
1777452419.172504,1926,0,S_i
1777452419.1760929,1900,0,S_i
1777452419.176512,2061,0,S_i
1777452419.179307,2227,0,S_i
1777452419.1800919,2111,0,S_i
1777452419.183109,2049,0,S_i
1777452419.1870432,1966,0,S_i
1777452419.191493,2051,0,S_i
1777452419.192058,2237,0,S_i
1777452419.19571,2125,0,S_i
1777452419.197092,2051,0,S_i
1777452419.199926,1914,0,S_i
1777452419.202989,1888,0,S_i
1777452419.2059278,2075,0,S_i
1777452419.208988,2192,0,S_i
1777452419.218863,2182,0,S_i
1777452419.2203908,2091,0,S_i
1777452419.222123,1846,0,S_i
1777452419.224627,1983,0,S_i
1777452419.228968,2280,0,S_i
1777452419.230382,2151,0,S_i
1777452419.231236,2018,0,S_i
1777452419.233815,1921,0,S_i
1777452419.238069,1914,0,S_i
1777452419.2420192,2183,0,S_i
1777452419.2463858,2128,0,S_i
1777452419.246473,2120,0,S_i
1777452419.247862,2024,0,S_i
1777452419.2508118,1923,0,S_i
1777452419.2650182,2102,0,S_i
1777452419.26544,2136,0,S_i
1777452419.2677052,2153,0,S_i
1777452419.271651,2116,0,S_i
1777452419.27197,1834,0,S_i
1777452419.276475,1929,0,S_i
1777452419.280812,2152,0,S_i
1777452419.2813911,2170,0,S_i
1777452419.281793,2268,0,S_i
1777452419.28211,2093,0,S_i
1777452419.284836,1868,0,S_i
1777452419.287499,1892,0,S_i
1777452419.290132,2140,0,S_i
1777452419.292813,2197,0,S_i
1777452419.2958012,2232,0,S_i
1777452419.300404,1827,0,S_i
1777452419.302677,1784,0,S_i
1777452419.312278,2041,0,S_i
1777452419.3141398,2280,0,S_i
1777452419.3223171,2186,0,S_i
1777452419.3274822,2038,0,S_i
1777452419.3320699,1904,0,S_i
1777452419.33264,2042,0,S_i
1777452419.3360908,2120,0,S_i
1777452419.336309,2224,0,S_i
1777452419.3363898,1984,0,S_i
1777452419.336555,1912,0,S_i
1777452419.336663,1853,0,S_i
1777452419.3380868,2086,0,S_i
1777452419.340919,2241,0,S_i
1777452419.3580952,2165,0,S_i
1777452419.360468,2167,0,S_i
1777452419.361726,1871,0,S_i
1777452419.362475,1975,0,S_i
1777452419.366504,2197,0,S_i
1777452419.367209,2222,0,S_i
1777452419.371315,2238,0,S_i
1777452419.371583,1795,0,S_i
1777452419.3752818,1827,0,S_i
1777452419.37573,2055,0,S_i
1777452419.37588,2324,0,S_i
1777452419.3772259,2171,0,S_i
1777452419.379887,2199,0,S_i
1777452419.382813,1803,0,S_i
1777452419.385837,1965,0,S_i
1777452419.3888059,2094,0,S_i
1777452419.400995,2226,0,S_i
1777452419.404206,2082,0,S_i
1777452419.404649,1989,0,S_i
1777452419.409997,1941,0,S_i
1777452419.411068,2029,0,S_i
1777452419.411871,2208,0,S_i
1777452419.413453,2337,0,S_i
1777452419.4142349,2115,0,S_i
1777452419.421351,1870,0,S_i
1777452419.42424,1888,0,S_i
1777452419.425337,2041,0,S_i
1777452419.4254148,2206,0,S_i
1777452419.427974,2070,0,S_i
1777452419.430808,2012,0,S_i
1777452419.440479,1910,0,S_i
1777452419.444878,1779,0,S_i
1777452419.445333,2291,0,S_i
1777452419.448448,2322,0,S_i
1777452419.449207,2034,0,S_i
1777452419.449447,1962,0,S_i
1777452419.4531431,1946,0,S_i
1777452419.456104,2022,0,S_i
1777452419.464394,2254,0,S_i
1777452419.464469,2206,0,S_i
1777452419.46452,1984,0,S_i
1777452419.4671779,1914,0,S_i
1777452419.469801,1849,0,S_i
1777452419.474093,2083,0,S_i
1777452419.4758039,2151,0,S_i
1777452419.478844,2145,0,S_i
1777452419.4822469,1946,0,S_i
1777452419.494066,1916,0,S_i
1777452419.494411,2139,0,S_i
1777452419.49448,2173,0,S_i
1777452419.499938,2183,0,S_i
1777452419.510124,2070,0,S_i
1777452419.5136871,2040,0,S_i
1777452419.513852,1776,0,S_i
1777452419.514098,2101,0,S_i
1777452419.51415,2195,0,S_i
1777452419.514306,2066,0,S_i
1777452419.514892,2197,0,S_i
1777452419.5180311,1917,0,S_i
1777452419.521413,1841,0,S_i
1777452419.534498,2085,0,S_i
1777452419.5349498,2241,0,S_i
1777452419.53543,2070,0,S_i
1777452419.5428748,1899,0,S_i
1777452419.551869,1891,0,S_i
1777452419.552446,1953,0,S_i
1777452419.5531719,2145,0,S_i
1777452419.5537322,2042,0,S_i
1777452419.5542989,2029,0,S_i
1777452419.558132,1938,0,S_i
1777452419.558231,2111,0,S_i
1777452419.558285,2223,0,S_i
1777452419.559815,2199,0,S_i
1777452419.562813,2127,0,S_i
1777452419.565826,1861,0,S_i
1777452419.568803,1773,0,S_i
1777452419.5718248,2102,0,S_i
1777452419.575126,2194,0,S_i
1777452419.583081,2327,0,S_i
1777452419.58416,1826,0,S_i
1777452419.587848,1865,0,S_i
1777452419.588563,1992,0,S_i
1777452419.5915,2160,0,S_i
1777452419.596576,2332,0,S_i
1777452419.596936,2082,0,S_i
1777452419.599939,1854,0,S_i
1777452419.6037161,1951,0,S_i
1777452419.607692,1893,0,S_i
1777452419.608147,2450,0,S_i
1777452419.61081,2077,0,S_i
1777452419.613798,1948,0,S_i
1777452419.621977,1964,0,S_i
1777452419.622852,1944,0,S_i
1777452419.625026,2171,0,S_i
1777452419.627743,2199,0,S_i
1777452419.6312609,2136,0,S_i
1777452419.6326442,1874,0,S_i
1777452419.6379468,1860,0,S_i
1777452419.638256,2048,0,S_i
1777452419.6427011,2175,0,S_i
1777452419.646678,2140,0,S_i
1777452419.64682,2074,0,S_i
1777452419.649796,1993,0,S_i
1777452419.652819,1859,0,S_i
1777452419.655788,2155,0,S_i
1777452419.658798,2220,0,S_i
1777452419.6618502,2145,0,S_i
1777452419.67072,1995,0,S_i
1777452419.675426,1820,0,S_i
1777452419.6757,2065,0,S_i
1777452419.678775,2272,0,S_i
1777452419.679586,2239,0,S_i
1777452419.679887,2014,0,S_i
1777452419.6833699,1886,0,S_i
1777452419.6874628,1874,0,S_i
1777452419.692458,2136,0,S_i
1777452419.692977,2265,0,S_i
1777452419.697359,2220,0,S_i
1777452419.69782,2024,0,S_i
1777452419.700682,1892,0,S_i
1777452419.703674,2004,0,S_i
1777452419.7139351,2164,0,S_i
1777452419.714965,2240,0,S_i
1777452419.720275,2107,0,S_i
1777452419.724014,1883,0,S_i
1777452419.725013,1859,0,S_i
1777452419.725301,2141,0,S_i
1777452419.7263029,2257,0,S_i
1777452419.7303948,2264,0,S_i
1777452419.73085,2125,0,S_i
1777452419.7393951,1815,0,S_i
1777452419.739586,1940,0,S_i
1777452419.739723,2214,0,S_i
1777452419.742712,2208,0,S_i
1777452419.745724,2094,0,S_i
1777452419.748717,1999,0,S_i
1777452419.751709,1851,0,S_i
1777452419.754668,2051,0,S_i
1777452419.764756,2229,0,S_i
1777452419.766495,2189,0,S_i
1777452419.767665,2123,0,S_i
1777452419.7748191,1978,0,S_i
1777452419.7759318,1947,0,S_i
1777452419.776926,2188,0,S_i
1777452419.7778492,2248,0,S_i
1777452419.784066,2094,0,S_i
1777452419.789085,2002,0,S_i
1777452419.7897248,1858,0,S_i
1777452419.7901828,2036,0,S_i
1777452419.790852,2299,0,S_i
1777452419.794219,2244,0,S_i
1777452419.7967181,2102,0,S_i
1777452419.79965,1928,0,S_i
1777452419.8095481,1970,0,S_i
1777452419.811403,2143,0,S_i
1777452419.811679,2253,0,S_i
1777452419.8168802,2217,0,S_i
1777452419.8172731,2131,0,S_i
1777452419.817739,1901,0,S_i
1777452419.823831,1965,0,S_i
1777452419.82466,2240,0,S_i
1777452419.828157,2193,0,S_i
1777452419.83288,2081,0,S_i
1777452419.8335302,1981,0,S_i
1777452419.8382862,1928,0,S_i
1777452419.838648,2136,0,S_i
1777452419.8416471,2274,0,S_i
1777452419.844654,2156,0,S_i
1777452419.847667,1975,0,S_i
1777452419.850671,1852,0,S_i
1777452419.8536901,1946,0,S_i
1777452419.8642209,2208,0,S_i
1777452419.865216,2243,0,S_i
1777452419.8664262,2042,0,S_i
1777452419.867399,1883,0,S_i
1777452419.8710442,1809,0,S_i
1777452419.875488,2041,0,S_i
1777452419.87658,2178,0,S_i
1777452419.8797498,2112,0,S_i
1777452419.8835368,2087,0,S_i
1777452419.8838909,1932,0,S_i
1777452419.8887491,1999,0,S_i
1777452419.892549,2189,0,S_i
1777452419.893525,2182,0,S_i
1777452419.8958468,2187,0,S_i
1777452419.898656,1967,0,S_i
1777452419.9016478,1867,0,S_i
1777452419.9125419,2018,0,S_i
1777452419.912769,2219,0,S_i
1777452419.91466,2162,0,S_i
1777452419.914918,2049,0,S_i
1777452419.9181619,1823,0,S_i
1777452419.923472,1934,0,S_i
1777452419.9245288,2151,0,S_i
1777452419.9274628,2228,0,S_i
1777452419.934325,2074,0,S_i
1777452419.934525,2002,0,S_i
1777452419.934913,1884,0,S_i
1777452419.938698,2041,0,S_i
1777452419.94134,2164,0,S_i
1777452419.943989,2160,0,S_i
1777452419.946649,2060,0,S_i
1777452419.9496489,1896,0,S_i
1777452419.952647,1889,0,S_i
1777452419.955662,2159,0,S_i
1777452419.967472,2228,0,S_i
1777452419.967749,2085,0,S_i
1777452419.969676,1974,0,S_i
1777452419.9699059,1910,0,S_i
1777452419.9736378,2033,0,S_i
1777452419.9806368,2118,0,S_i
1777452419.9816608,2234,0,S_i
1777452419.981819,2030,0,S_i
1777452419.9833589,1902,0,S_i
1777452419.986531,1883,0,S_i
1777452419.9915142,1986,0,S_i
1777452419.991946,2173,0,S_i
1777452419.996785,2179,0,S_i
1777452419.998206,1982,0,S_i
1777452420.001378,1856,0,S_i
1777452420.004437,1918,0,S_i
1777452420.01464,2175,0,S_i
1777452420.02888,2167,0,S_i
1777452420.033577,2084,0,S_i
1777452420.0374699,1844,0,S_i
1777452420.037598,1842,0,S_i
1777452420.037652,2045,0,S_i
1777452420.0377011,2191,0,S_i
1777452420.037749,2155,0,S_i
1777452420.037795,2000,0,S_i
1777452420.0380569,1863,0,S_i
1777452420.038164,1878,0,S_i
1777452420.039697,2175,0,S_i
1777452420.042719,2257,0,S_i
1777452420.045673,2109,0,S_i
1777452420.048815,1905,0,S_i
1777452420.052,1795,0,S_i
1777452420.055119,2027,0,S_i
1777452420.065444,2259,0,S_i
1777452420.069472,2203,0,S_i
1777452420.069772,2043,0,S_i
1777452420.070113,1822,0,S_i
1777452420.070376,1903,0,S_i
1777452420.073833,2065,0,S_i
1777452420.0763211,2167,0,S_i
1777452420.079217,2037,0,S_i
1777452420.087591,1889,0,S_i
1777452420.0881522,1869,0,S_i
1777452420.088425,2066,0,S_i
1777452420.0925288,2187,0,S_i
1777452420.093962,2137,0,S_i
1777452420.096719,2059,0,S_i
1777452420.1090891,1970,0,S_i
1777452420.1100512,1896,0,S_i
1777452420.115412,2075,0,S_i
1777452420.120172,2203,0,S_i
1777452420.133087,2100,0,S_i
1777452420.133636,1902,0,S_i
1777452420.133717,1761,0,S_i
1777452420.1337721,1923,0,S_i
1777452420.133826,2174,0,S_i
1777452420.133873,2200,0,S_i
1777452420.133921,2068,0,S_i
1777452420.133975,1864,0,S_i
1777452420.135672,1787,0,S_i
1777452420.138557,2000,0,S_i
1777452420.141558,2210,0,S_i
1777452420.144773,2184,0,S_i
1777452420.147572,1946,0,S_i
1777452420.150582,1798,0,S_i
1777452420.172817,1945,0,S_i
1777452420.183176,2158,0,S_i
1777452420.188731,2183,0,S_i
1777452420.1890602,2072,0,S_i
1777452420.1891851,1904,0,S_i
1777452420.189301,1851,0,S_i
1777452420.1893592,1994,0,S_i
1777452420.18944,2197,0,S_i
1777452420.189497,2139,0,S_i
1777452420.189552,1985,0,S_i
1777452420.1896908,1770,0,S_i
1777452420.189754,1842,0,S_i
1777452420.189805,2131,0,S_i
1777452420.192566,2201,0,S_i
1777452420.203372,2059,0,S_i
1777452420.205013,1912,0,S_i
1777452420.205206,1878,0,S_i
1777452420.206198,2051,0,S_i
1777452420.2098088,2205,0,S_i
1777452420.22947,2152,0,S_i
1777452420.229661,2039,0,S_i
1777452420.229725,1866,0,S_i
1777452420.2297778,1856,0,S_i
1777452420.229826,2083,0,S_i
1777452420.229873,2177,0,S_i
1777452420.229921,2091,0,S_i
1777452420.2315571,1945,0,S_i
1777452420.234538,1802,0,S_i
1777452420.237539,1998,0,S_i
1777452420.24064,2159,0,S_i
1777452420.244072,2196,0,S_i
1777452420.257879,2040,0,S_i
1777452420.258849,1857,0,S_i
1777452420.2628071,1875,0,S_i
1777452420.263083,2100,0,S_i
1777452420.265802,2202,0,S_i
1777452420.277219,2087,0,S_i
1777452420.277436,1993,0,S_i
1777452420.277762,1815,0,S_i
1777452420.277828,1940,0,S_i
1777452420.27788,2145,0,S_i
1777452420.277929,2175,0,S_i
1777452420.279514,2089,0,S_i
1777452420.282547,1902,0,S_i
1777452420.2929542,1833,0,S_i
1777452420.294812,2058,0,S_i
1777452420.2977438,2199,0,S_i
1777452420.298103,2140,0,S_i
1777452420.2984378,1991,0,S_i
1777452420.30212,1854,0,S_i
1777452420.3046882,1939,0,S_i
1777452420.30993,2145,0,S_i
1777452420.314671,2167,0,S_i
1777452420.315163,2059,0,S_i
1777452420.317895,1923,0,S_i
1777452420.318929,1845,0,S_i
1777452420.321575,2009,0,S_i
1777452420.3245308,2209,0,S_i
1777452420.3276448,2187,0,S_i
1777452420.330534,2034,0,S_i
1777452420.333537,1872,0,S_i
1777452420.3421152,1892,0,S_i
1777452420.3423162,2162,0,S_i
1777452420.351748,2175,0,S_i
1777452420.35483,2093,0,S_i
1777452420.3567119,1915,0,S_i
1777452420.359642,1822,0,S_i
1777452420.363841,2004,0,S_i
1777452420.3643122,2187,0,S_i
1777452420.364846,2140,0,S_i
1777452420.365241,2052,0,S_i
1777452420.368793,1870,0,S_i
1777452420.3701801,1915,0,S_i
1777452420.37281,2160,0,S_i
1777452420.37556,2167,0,S_i
1777452420.3845592,2086,0,S_i
1777452420.385642,1983,0,S_i
1777452420.386645,1862,0,S_i
1777452420.388246,2017,0,S_i
1777452420.390678,2213,0,S_i
1777452420.394241,2196,0,S_i
1777452420.396787,2110,0,S_i
1777452420.400893,1906,0,S_i
1777452420.40594,1871,0,S_i
1777452420.4065301,2099,0,S_i
1777452420.411524,2181,0,S_i
1777452420.411671,2141,0,S_i
1777452420.414525,1990,0,S_i
1777452420.417592,1799,0,S_i
1777452420.420575,1956,0,S_i
1777452420.4235342,2193,0,S_i
1777452420.426529,2185,0,S_i
1777452420.429534,2136,0,S_i
1777452420.4374888,1897,0,S_i
1777452420.4376562,1835,0,S_i
1777452420.4395268,2075,0,S_i
1777452420.4436648,2269,0,S_i
1777452420.448259,2103,0,S_i
1777452420.448436,2032,0,S_i
1777452420.45162,1841,0,S_i
1777452420.456296,1917,0,S_i
1777452420.465539,2145,0,S_i
1777452420.4656372,2231,0,S_i
1777452420.4656909,2091,0,S_i
1777452420.46574,1927,0,S_i
1777452420.4815738,1852,0,S_i
1777452420.4828002,2039,0,S_i
1777452420.496279,2234,0,S_i
1777452420.500793,2214,0,S_i
1777452420.501389,2048,0,S_i
1777452420.50189,1821,0,S_i
1777452420.5021288,1899,0,S_i
1777452420.5024378,2155,0,S_i
1777452420.502729,2208,0,S_i
1777452420.503076,2124,0,S_i
1777452420.503357,1959,0,S_i
1777452420.503638,1831,0,S_i
1777452420.508904,2027,0,S_i
1777452420.5093389,2243,0,S_i
1777452420.5107,2173,0,S_i
1777452420.513542,2006,0,S_i
1777452420.516628,1834,0,S_i
1777452420.519558,1884,0,S_i
1777452420.5225441,2130,0,S_i
1777452420.525599,2187,0,S_i
1777452420.534661,2118,0,S_i
1777452420.5357718,1987,0,S_i
1777452420.536632,1850,0,S_i
1777452420.545315,2012,0,S_i
1777452420.545642,2195,0,S_i
1777452420.549375,2207,0,S_i
1777452420.549709,2072,0,S_i
1777452420.550733,1902,0,S_i
1777452420.553291,1888,0,S_i
1777452420.556394,2082,0,S_i
1777452420.561261,2258,0,S_i
1777452420.561769,2221,0,S_i
1777452420.566138,1937,0,S_i
1777452420.5675268,1831,0,S_i
1777452420.570409,1904,0,S_i
1777452420.573429,2154,0,S_i
1777452420.58336,2204,0,S_i
1777452420.584446,2020,0,S_i
1777452420.584641,1914,0,S_i
1777452420.586247,1895,0,S_i
1777452420.590026,2070,0,S_i
1777452420.594205,2270,0,S_i
1777452420.594483,2150,0,S_i
1777452420.597549,2060,0,S_i
1777452420.602205,1896,0,S_i
1777452420.60707,1928,0,S_i
1777452420.6075141,2024,0,S_i
1777452420.611233,2123,0,S_i
1777452420.6126149,2172,0,S_i
1777452420.615395,2014,0,S_i
1777452420.618499,1844,0,S_i
1777452420.621519,1988,0,S_i
1777452420.624397,2106,0,S_i
1777452420.6273978,2161,0,S_i
1777452420.63039,2109,0,S_i
1777452420.640952,1984,0,S_i
1777452420.641946,1879,0,S_i
1777452420.64659,2031,0,S_i
1777452420.646903,2295,0,S_i
1777452420.6473322,2062,0,S_i
1777452420.6506932,2052,0,S_i
1777452420.654906,1879,0,S_i
1777452420.6569018,1966,0,S_i
1777452420.659898,2091,0,S_i
1777452420.663924,2287,0,S_i
1777452420.664149,2136,0,S_i
1777452420.6683,1970,0,S_i
1777452420.669697,1830,0,S_i
1777452420.672426,2216,0,S_i
1777452420.681825,2155,0,S_i
1777452420.682854,2198,0,S_i
1777452420.6830878,2115,0,S_i
1777452420.685312,1768,0,S_i
1777452420.688669,1953,0,S_i
1777452420.692363,1995,0,S_i
1777452420.6941922,2391,0,S_i
1777452420.697301,2117,0,S_i
1777452420.7011242,1761,0,S_i
1777452420.7058089,1827,0,S_i
1777452420.706452,2159,0,S_i
1777452420.710882,2210,0,S_i
1777452420.711393,2100,0,S_i
1777452420.714386,2052,0,S_i
1777452420.717392,1838,0,S_i
1777452420.720383,2045,0,S_i
1777452420.7233868,2060,0,S_i
1777452420.7263849,2321,0,S_i
1777452420.737895,2005,0,S_i
1777452420.73897,1946,0,S_i
1777452420.739891,1925,0,S_i
1777452420.7410161,2068,0,S_i
1777452420.743795,2190,0,S_i
1777452420.747385,2221,0,S_i
1777452420.750027,2165,0,S_i
1777452420.751574,1877,0,S_i
1777452420.754217,1787,0,S_i
1777452420.7576032,2084,0,S_i
1777452420.762593,2353,0,S_i
1777452420.763276,2164,0,S_i
1777452420.767193,1894,0,S_i
1777452420.76853,1929,0,S_i
1777452420.771415,1925,0,S_i
1777452420.774393,2297,0,S_i
1777452420.782809,2204,0,S_i
1777452420.784585,2092,0,S_i
1777452420.785651,1876,0,S_i
1777452420.789547,1962,0,S_i
1777452420.789737,2064,0,S_i
1777452420.793216,2181,0,S_i
1777452420.7966988,2130,0,S_i
1777452420.798484,1971,0,S_i
1777452420.80234,1998,0,S_i
1777452420.806772,2130,0,S_i
1777452420.807447,2256,0,S_i
1777452420.8115551,2325,0,S_i
1777452420.813388,1960,0,S_i
1777452420.816386,2065,0,S_i
1777452420.819392,1777,0,S_i
1777452420.8224099,2077,0,S_i
1777452420.8253849,2311,0,S_i
1777452420.828524,2203,0,S_i
1777452420.839315,2017,0,S_i
1777452420.840214,1868,0,S_i
1777452420.8404212,1997,0,S_i
1777452420.840677,2157,0,S_i
1777452420.8437839,2297,0,S_i
1777452420.850409,2078,0,S_i
1777452420.851279,2090,0,S_i
1777452420.8618739,1897,0,S_i
1777452420.8626251,2046,0,S_i
1777452420.8629692,2146,0,S_i
1777452420.8630369,2281,0,S_i
1777452420.8644009,2150,0,S_i
1777452420.86729,2078,0,S_i
1777452420.8774478,1882,0,S_i
1777452420.879276,2131,0,S_i
1777452420.8794382,2316,0,S_i
1777452420.8829398,2037,0,S_i
1777452420.8832982,1895,0,S_i
1777452420.886992,1869,0,S_i
1777452420.889798,2043,0,S_i
1777452420.897629,2198,0,S_i
1777452420.898122,2282,0,S_i
1777452420.898376,2102,0,S_i
1777452420.9023738,2017,0,S_i
1777452420.903949,2003,0,S_i
1777452420.906666,2138,0,S_i
1777452420.9092731,2568,0,S_i
1777452420.91226,2158,0,S_i
1777452420.915276,1786,0,S_i
1777452420.9182699,1811,0,S_i
1777452420.921346,1998,0,S_i
1777452420.9309618,2484,0,S_i
1777452420.931927,2151,0,S_i
1777452420.9371068,1833,0,S_i
1777452420.9443898,1810,0,S_i
1777452420.95397,1965,0,S_i
1777452420.954699,2274,0,S_i
1777452420.95525,2470,0,S_i
1777452420.9559512,2185,0,S_i
1777452420.9595919,2034,0,S_i
1777452420.9600692,1877,0,S_i
1777452420.96014,2097,0,S_i
1777452420.960193,2282,0,S_i
1777452420.960361,2384,0,S_i
1777452420.9632971,2082,0,S_i
1777452420.966342,1803,0,S_i
1777452420.981545,1841,0,S_i
1777452420.98338,2317,0,S_i
1777452420.984564,2196,0,S_i
1777452420.985363,2218,0,S_i
1777452420.986793,2038,0,S_i
1777452420.98767,1927,0,S_i
1777452420.987772,1992,0,S_i
1777452420.994903,2285,0,S_i
1777452420.9951801,2258,0,S_i
1777452420.9996722,2016,0,S_i
1777452420.999837,1868,0,S_i
1777452421.00252,1881,0,S_i
1777452421.005273,2099,0,S_i
1777452421.0082948,2500,0,S_i
1777452421.0113091,2106,0,S_i
1777452421.014914,1974,0,S_i
1777452421.026787,1871,0,S_i
1777452421.030472,2191,0,S_i
1777452421.030745,2264,0,S_i
1777452421.034095,2229,0,S_i
1777452421.036622,2099,0,S_i
1777452421.037478,1901,0,S_i
1777452421.038454,1986,0,S_i
1777452421.043604,2028,0,S_i
1777452421.044113,2175,0,S_i
1777452421.0445461,2250,0,S_i
1777452421.048927,1973,0,S_i
1777452421.053909,1955,0,S_i
1777452421.054104,1964,0,S_i
1777452421.056903,2095,0,S_i
1777452421.05976,2259,0,S_i
1777452421.070333,2042,0,S_i
1777452421.077769,1961,0,S_i
1777452421.0787892,2015,0,S_i
1777452421.079763,1800,0,S_i
1777452421.08162,2090,0,S_i
1777452421.0831208,2125,0,S_i
1777452421.09023,2008,0,S_i
1777452421.090979,1943,0,S_i
1777452421.091101,1838,0,S_i
1777452421.091342,2258,0,S_i
1777452421.095118,2202,0,S_i
1777452421.095265,2033,0,S_i
1777452421.0985,1991,0,S_i
1777452421.101332,1959,0,S_i
1777452421.104275,2017,0,S_i
1777452421.10727,2099,0,S_i
1777452421.11033,2143,0,S_i
1777452421.1270988,2098,0,S_i
1777452421.127411,1806,0,S_i
1777452421.1276538,1856,0,S_i
1777452421.128017,2262,0,S_i
1777452421.131042,2089,0,S_i
1777452421.131969,2102,0,S_i
1777452421.132097,2253,0,S_i
1777452421.134689,1912,0,S_i
1777452421.13856,1859,0,S_i
1777452421.142665,2125,0,S_i
1777452421.143272,2262,0,S_i
1777452421.1466088,2095,0,S_i
1777452421.1492639,2017,0,S_i
1777452421.15225,1925,0,S_i
1777452421.162915,1875,0,S_i
1777452421.164424,2233,0,S_i
1777452421.164661,2156,0,S_i
1777452421.1694982,2122,0,S_i
1777452421.173266,1906,0,S_i
1777452421.173483,1845,0,S_i
1777452421.1743329,2145,0,S_i
1777452421.178198,2293,0,S_i
1777452421.182517,2183,0,S_i
1777452421.183158,1796,0,S_i
1777452421.186891,1897,0,S_i
1777452421.188477,1915,0,S_i
1777452421.191263,2102,0,S_i
1777452421.194426,2207,0,S_i
1777452421.1972601,2133,0,S_i
1777452421.200348,2021,0,S_i
1777452421.203237,1795,0,S_i
1777452421.216529,2214,0,S_i
1777452421.22625,2145,0,S_i
1777452421.230564,2199,0,S_i
1777452421.234761,1927,0,S_i
1777452421.234868,1898,0,S_i
1777452421.2350578,1952,0,S_i
1777452421.2351391,2091,0,S_i
1777452421.235243,2146,0,S_i
1777452421.2353091,1983,0,S_i
1777452421.235357,1828,0,S_i
1777452421.236684,1985,0,S_i
1777452421.239306,2085,0,S_i
1777452421.2504902,2343,0,S_i
1777452421.254168,2124,0,S_i
1777452421.254426,1982,0,S_i
1777452421.2548218,1945,0,S_i
1777452421.260139,1912,0,S_i
1777452421.2611468,2159,0,S_i
1777452421.2619781,2273,0,S_i
1777452421.2670138,2138,0,S_i
1777452421.267384,2033,0,S_i
1777452421.27173,1899,0,S_i
1777452421.272212,2049,0,S_i
1777452421.276337,2256,0,S_i
1777452421.2781801,2158,0,S_i
1777452421.281193,2060,0,S_i
1777452421.284288,1957,0,S_i
1777452421.2871711,1986,0,S_i
1777452421.29019,2285,0,S_i
1777452421.293469,2154,0,S_i
1777452421.3062139,2023,0,S_i
1777452421.306695,2234,0,S_i
1777452421.3099608,1548,0,S_i
1777452421.310894,1905,0,S_i
1777452421.313115,2162,0,S_i
1777452421.313951,2241,0,S_i
1777452421.314871,2104,0,S_i
1777452421.318362,1944,0,S_i
1777452421.322892,1785,0,S_i
1777452421.3237572,2286,0,S_i
1777452421.327729,2235,0,S_i
1777452421.3291562,2208,0,S_i
1777452421.33216,1881,0,S_i
1777452421.34198,1707,0,S_i
1777452421.343735,2007,0,S_i
1777452421.35102,2113,0,S_i
1777452421.3525481,2090,0,S_i
1777452421.354574,1831,0,S_i
1777452421.358001,1814,0,S_i
1777452421.3582962,1948,0,S_i
1777452421.3631139,2184,0,S_i
1777452421.366297,2205,0,S_i
1777452421.366622,2022,0,S_i
1777452421.367539,2052,0,S_i
1777452421.368128,1774,0,S_i
1777452421.371142,1941,0,S_i
1777452421.374138,2056,0,S_i
1777452421.37714,2180,0,S_i
1777452421.380146,2097,0,S_i
1777452421.383142,1916,0,S_i
1777452421.394152,1849,0,S_i
1777452421.3957498,2075,0,S_i
1777452421.396001,2184,0,S_i
1777452421.3993971,2125,0,S_i
1777452421.4033191,2009,0,S_i
1777452421.404871,1842,0,S_i
1777452421.405895,1812,0,S_i
1777452421.410454,2215,0,S_i
1777452421.414838,2206,0,S_i
1777452421.4156501,2029,0,S_i
1777452421.416168,1895,0,S_i
1777452421.4198442,1914,0,S_i
1777452421.4225159,1994,0,S_i
1777452421.42533,2327,0,S_i
1777452421.435234,2198,0,S_i
1777452421.440375,1816,0,S_i
1777452421.443999,1767,0,S_i
1777452421.4443479,1995,0,S_i
1777452421.451228,2204,0,S_i
1777452421.4516559,2001,0,S_i
1777452421.4532008,2105,0,S_i
1777452421.454335,1902,0,S_i
1777452421.4580522,1858,0,S_i
1777452421.458389,2064,0,S_i
1777452421.466563,2240,0,S_i
1777452421.4682088,2199,0,S_i
1777452421.4682791,2142,0,S_i
1777452421.468328,1856,0,S_i
1777452421.470143,1739,0,S_i
1777452421.47316,2058,0,S_i
1777452421.476136,2301,0,S_i
1777452421.4792058,2162,0,S_i
1777452421.4824178,1989,0,S_i
1777452421.485135,1795,0,S_i
1777452421.49681,2064,0,S_i
1777452421.500851,2223,0,S_i
1777452421.501536,2155,0,S_i
1777452421.504351,1966,0,S_i
1777452421.5077991,1926,0,S_i
1777452421.5096152,1843,0,S_i
1777452421.516275,2086,0,S_i
1777452421.516789,2228,0,S_i
1777452421.51728,2018,0,S_i
1777452421.517453,2016,0,S_i
1777452421.52109,1924,0,S_i
1777452421.5213351,2000,0,S_i
1777452421.524137,2170,0,S_i
1777452421.527147,2098,0,S_i
1777452421.5384388,2357,0,S_i
1777452421.539231,1635,0,S_i
1777452421.5401669,1878,0,S_i
1777452421.542948,2069,0,S_i
1777452421.543266,2189,0,S_i
1777452421.549302,2175,0,S_i
1777452421.5495648,1968,0,S_i
1777452421.558239,1849,0,S_i
1777452421.558828,1970,0,S_i
1777452421.564197,2127,0,S_i
1777452421.564766,2264,0,S_i
1777452421.5656111,2069,0,S_i
1777452421.566179,2004,0,S_i
1777452421.569396,1775,0,S_i
1777452421.5722141,2011,0,S_i
1777452421.5752268,2173,0,S_i
1777452421.578135,2225,0,S_i
1777452421.581128,2002,0,S_i
1777452421.584117,1824,0,S_i
1777452421.651818,1877,0,S_i
1777452421.654235,2180,0,S_i
1777452421.654326,2174,0,S_i
1777452421.654592,2079,0,S_i
1777452421.654688,1975,0,S_i
1777452421.654748,1907,0,S_i
1777452421.654856,2032,0,S_i
1777452421.654934,2217,0,S_i
1777452421.655064,2198,0,S_i
1777452421.655211,2026,0,S_i
1777452421.655437,1917,0,S_i
1777452421.656873,1918,0,S_i
1777452421.656944,2221,0,S_i
1777452421.6569998,2256,0,S_i
1777452421.6570518,2108,0,S_i
1777452421.657102,1988,0,S_i
1777452421.657151,1789,0,S_i
1777452421.6572428,1962,0,S_i
1777452421.657315,2252,0,S_i
1777452421.657414,2216,0,S_i
1777452421.6575959,2065,0,S_i
1777452421.657781,1929,0,S_i
1777452421.657855,1944,0,S_i
1777452421.657908,2207,0,S_i
1777452421.659389,2223,0,S_i
1777452421.6635242,2124,0,S_i
1777452421.6652732,1989,0,S_i
1777452421.6720152,1932,0,S_i
1777452421.672072,2004,0,S_i
1777452421.6746938,2207,0,S_i
1777452421.705602,2267,0,S_i
1777452421.7063732,2110,0,S_i
1777452421.7067661,1905,0,S_i
1777452421.718404,1963,0,S_i
1777452421.729206,2085,0,S_i
1777452421.731816,2273,0,S_i
1777452421.7321,2197,0,S_i
1777452421.73216,2036,0,S_i
1777452421.7379,1823,0,S_i
1777452421.743285,1970,0,S_i
1777452421.7477481,2271,0,S_i
1777452421.7481549,2302,0,S_i
1777452421.748589,2246,0,S_i
1777452421.753391,2000,0,S_i
1777452421.753477,1916,0,S_i
1777452421.7535949,2082,0,S_i
1777452421.7536771,2324,0,S_i
1777452421.753794,2235,0,S_i
1777452421.753865,1957,0,S_i
1777452421.754001,1926,0,S_i
1777452421.754076,1934,0,S_i
1777452421.754129,2210,0,S_i
1777452421.754333,2278,0,S_i
1777452421.7544801,2168,0,S_i
1777452421.754636,2107,0,S_i
1777452421.754721,1808,0,S_i
1777452421.7550201,2099,0,S_i
1777452421.758013,2340,0,S_i
1777452421.761046,2217,0,S_i
1777452421.764023,2077,0,S_i
1777452421.767359,1901,0,S_i
1777452421.779799,1884,0,S_i
1777452421.782273,2202,0,S_i
1777452421.782578,2293,0,S_i
1777452421.782921,2134,0,S_i
1777452421.7864928,1972,0,S_i
1777452421.789793,1924,0,S_i
1777452421.790706,1943,0,S_i
1777452421.793555,2212,0,S_i
1777452421.798136,2259,0,S_i
1777452421.79894,2088,0,S_i
1777452421.802787,1839,0,S_i
1777452421.803008,1919,0,S_i
1777452421.806815,2116,0,S_i
1777452421.810258,2298,0,S_i
1777452421.819659,2108,0,S_i
1777452421.823349,2027,0,S_i
1777452421.823822,1857,0,S_i
1777452421.82413,1897,0,S_i
1777452421.824547,2158,0,S_i
1777452421.828956,2192,0,S_i
1777452421.83114,2078,0,S_i
1777452421.835108,1843,0,S_i
1777452421.839197,1835,0,S_i
1777452421.8432992,2010,0,S_i
1777452421.843373,2199,0,S_i
1777452421.845008,2213,0,S_i
1777452421.848948,2084,0,S_i
1777452421.85107,1864,0,S_i
1777452421.854113,1888,0,S_i
1777452421.8573172,2117,0,S_i
1777452421.860567,2206,0,S_i
1777452421.869811,2113,0,S_i
1777452421.8735821,1879,0,S_i
1777452421.878613,1743,0,S_i
1777452421.8788009,1908,0,S_i
1777452421.879654,2209,0,S_i
1777452421.8798652,2159,0,S_i
1777452421.888458,1981,0,S_i
1777452421.8888052,1845,0,S_i
1777452421.8892071,1900,0,S_i
1777452421.892969,2141,0,S_i
1777452421.893085,2210,0,S_i
1777452421.896016,2024,0,S_i
1777452421.8990011,1795,0,S_i
1777452421.906618,1656,0,S_i
1777452421.90804,1852,0,S_i
1777452421.9094322,2046,0,S_i
1777452421.912575,1950,0,S_i
1777452421.917386,1815,0,S_i
1777452421.91825,1638,0,S_i
1777452421.9209201,1679,0,S_i
1777452421.931916,1998,0,S_i
1777452421.932401,2134,0,S_i
1777452421.932499,2007,0,S_i
1777452421.9325829,1855,0,S_i
1777452421.935236,1649,0,S_i
1777452421.938035,1881,0,S_i
1777452421.941003,2077,0,S_i
1777452421.943999,2037,0,S_i
1777452421.9470541,1919,0,S_i
1777452421.955559,1729,0,S_i
1777452421.955842,1731,0,S_i
1777452421.95742,1915,0,S_i
1777452421.9608908,2046,0,S_i
1777452421.96811,2007,0,S_i
1777452421.971561,1863,0,S_i
1777452421.9720352,1655,0,S_i
1777452421.976525,1808,0,S_i
1777452421.977258,2047,0,S_i
1777452421.980279,2067,0,S_i
1777452421.980478,1915,0,S_i
1777452421.9831429,1780,0,S_i
1777452421.985991,1691,0,S_i
1777452421.996516,1896,0,S_i
1777452421.997875,2058,0,S_i
1777452421.998162,1991,0,S_i
1777452422.004241,1888,0,S_i
1777452422.0048351,1606,0,S_i
1777452422.007188,1757,0,S_i
1777452422.008714,1996,0,S_i
1777452422.011213,2053,0,S_i
1777452422.014963,1969,0,S_i
1777452422.019218,1769,0,S_i
1777452422.0194292,1678,0,S_i
1777452422.023242,1890,0,S_i
1777452422.0249841,2119,0,S_i
1777452422.02807,2040,0,S_i
1777452422.031043,1841,0,S_i
1777452422.0339992,1783,0,S_i
1777452422.03702,1758,0,S_i
1777452422.046887,2040,0,S_i
1777452422.048151,2129,0,S_i
1777452422.049621,2013,0,S_i
1777452422.0520132,1844,0,S_i
1777452422.0526552,1721,0,S_i
1777452422.071347,1879,0,S_i
1777452422.071454,2131,0,S_i
1777452422.0718,2109,0,S_i
1777452422.0722518,1962,0,S_i
1777452422.072358,1807,0,S_i
1777452422.072414,1769,0,S_i
1777452422.072893,2031,0,S_i
1777452422.076045,2135,0,S_i
1777452422.087546,2031,0,S_i
1777452422.091089,1916,0,S_i
1777452422.0954912,1733,0,S_i
1777452422.095668,1866,0,S_i
1777452422.098994,2069,0,S_i
1777452422.1024141,2122,0,S_i
1777452422.106154,1990,0,S_i
1777452422.110018,1817,0,S_i
1777452422.110112,1810,0,S_i
1777452422.110167,1980,0,S_i
1777452422.110218,2167,0,S_i
1777452422.111935,2079,0,S_i
1777452422.114881,1944,0,S_i
1777452422.117883,1745,0,S_i
1777452422.120876,1886,0,S_i
1777452422.123897,2148,0,S_i
1777452422.136217,2178,0,S_i
1777452422.142032,2049,0,S_i
1777452422.142988,1799,0,S_i
1777452422.146215,1725,0,S_i
1777452422.1487439,1991,0,S_i
1777452422.149118,2131,0,S_i
1777452422.153131,2080,0,S_i
1777452422.1541278,1914,0,S_i
1777452422.15681,1811,0,S_i
1777452422.157763,1867,0,S_i
1777452422.157871,2091,0,S_i
1777452422.1606069,2187,0,S_i
1777452422.1632829,2047,0,S_i
1777452422.17398,1912,0,S_i
1777452422.1748748,1826,0,S_i
1777452422.17711,1917,0,S_i
1777452422.17758,2137,0,S_i
1777452422.1778922,2125,0,S_i
1777452422.18175,1988,0,S_i
1777452422.184764,1795,0,S_i
1777452422.191436,1813,0,S_i
1777452422.1918871,2109,0,S_i
1777452422.1958752,2214,0,S_i
1777452422.1959438,2069,0,S_i
1777452422.1988611,1867,0,S_i
1777452422.201865,1736,0,S_i
1777452422.204871,1943,0,S_i
1777452422.20874,2151,0,S_i
1777452422.211493,2135,0,S_i
1777452422.219085,2021,0,S_i
1777452422.221386,1865,0,S_i
1777452422.2215822,1841,0,S_i
1777452422.2244558,2042,0,S_i
1777452422.227514,2202,0,S_i
1777452422.229505,2111,0,S_i
1777452422.2348,1958,0,S_i
1777452422.235181,1780,0,S_i
1777452422.24017,1921,0,S_i
1777452422.2408671,2133,0,S_i
1777452422.245589,2118,0,S_i
1777452422.246984,2021,0,S_i
1777452422.249867,1881,0,S_i
1777452422.25924,1813,0,S_i
1777452422.262812,1988,0,S_i
1777452422.263217,2185,0,S_i
1777452422.2641652,2108,0,S_i
1777452422.266953,1956,0,S_i
1777452422.27175,1810,0,S_i
1777452422.2743738,1902,0,S_i
1777452422.274666,2218,0,S_i
1777452422.2793632,2181,0,S_i
1777452422.284277,1975,0,S_i
1777452422.2846441,1883,0,S_i
1777452422.2894459,1808,0,S_i
1777452422.2895281,1998,0,S_i
1777452422.292166,2185,0,S_i
1777452422.2948759,2156,0,S_i
1777452422.297861,1989,0,S_i
1777452422.3008692,1787,0,S_i
1777452422.30386,1874,0,S_i
1777452422.306902,2175,0,S_i
1777452422.317915,2175,0,S_i
1777452422.3191118,2099,0,S_i
1777452422.321048,1921,0,S_i
1777452422.3221738,1826,0,S_i
1777452422.32511,1969,0,S_i
1777452422.3255072,2128,0,S_i
1777452422.3306692,2127,0,S_i
1777452422.332073,2058,0,S_i
1777452422.3345962,1852,0,S_i
1777452422.343349,1844,0,S_i
1777452422.343821,2080,0,S_i
1777452422.344039,2192,0,S_i
1777452422.347799,2106,0,S_i
1777452422.349139,1898,0,S_i
1777452422.352896,1798,0,S_i
1777452422.355514,1954,0,S_i
1777452422.3662689,2173,0,S_i
1777452422.3673432,2154,0,S_i
1777452422.3695061,2055,0,S_i
1777452422.370514,1884,0,S_i
1777452422.373398,1831,0,S_i
1777452422.373675,2083,0,S_i
1777452422.377446,2222,0,S_i
1777452422.379358,2168,0,S_i
1777452422.38221,2005,0,S_i
1777452422.385816,1784,0,S_i
1777452422.3908548,1926,0,S_i
1777452422.3911738,2160,0,S_i
1777452422.3948328,2184,0,S_i
1777452422.397505,2039,0,S_i
1777452422.4001448,1930,0,S_i
1777452422.402872,1881,0,S_i
1777452422.405896,2049,0,S_i
1777452422.408903,2175,0,S_i
1777452422.4118469,2137,0,S_i
1777452422.4226382,2034,0,S_i
1777452422.426943,1783,0,S_i
1777452422.436503,1894,0,S_i
1777452422.44686,2177,0,S_i
1777452422.4469602,2230,0,S_i
1777452422.447507,2081,0,S_i
1777452422.447669,1923,0,S_i
1777452422.4478679,1849,0,S_i
1777452422.447995,2019,0,S_i
1777452422.448064,2220,0,S_i
1777452422.448123,2234,0,S_i
1777452422.448189,2060,0,S_i
1777452422.450911,1807,0,S_i
1777452422.453866,1793,0,S_i
1777452422.469586,2129,0,S_i
1777452422.4698,2264,0,S_i
1777452422.4730082,2138,0,S_i
1777452422.4759989,1890,0,S_i
1777452422.4806452,1841,0,S_i
1777452422.481066,1957,0,S_i
1777452422.485173,2189,0,S_i
1777452422.485348,2155,0,S_i
1777452422.4856231,2002,0,S_i
1777452422.4861188,1903,0,S_i
1777452422.4897642,1914,0,S_i
1777452422.4911659,2157,0,S_i
1777452422.4927528,2204,0,S_i
1777452422.496507,2128,0,S_i
1777452422.4991722,2012,0,S_i
1777452422.501764,1874,0,S_i
1777452422.504769,2010,0,S_i
1777452422.507756,2238,0,S_i
1777452422.5191622,2269,0,S_i
1777452422.5193841,2116,0,S_i
1777452422.520479,1964,0,S_i
1777452422.520801,1908,0,S_i
1777452422.523231,2176,0,S_i
1777452422.5258281,2260,0,S_i
1777452422.53036,2162,0,S_i
1777452422.53302,2023,0,S_i
1777452422.538249,1881,0,S_i
1777452422.543683,1963,0,S_i
1777452422.544053,2224,0,S_i
1777452422.54437,2234,0,S_i
1777452422.549346,2078,0,S_i
1777452422.5497558,1948,0,S_i
1777452422.55275,1881,0,S_i
1777452422.555755,2015,0,S_i
1777452422.5682151,2175,0,S_i
1777452422.5700428,2150,0,S_i
1777452422.572682,1957,0,S_i
1777452422.579242,1801,0,S_i
1777452422.580995,1864,0,S_i
1777452422.58132,2183,0,S_i
1777452422.584034,2198,0,S_i
1777452422.584289,2123,0,S_i
1777452422.593343,1963,0,S_i
1777452422.593801,1847,0,S_i
1777452422.594132,2038,0,S_i
1777452422.594252,2190,0,S_i
1777452422.5947258,2170,0,S_i
1777452422.597821,2004,0,S_i
1777452422.600835,1839,0,S_i
1777452422.603744,1914,0,S_i
1777452422.606747,2164,0,S_i
1777452422.609765,2279,0,S_i
1777452422.6127481,2172,0,S_i
1777452422.621498,1920,0,S_i
1777452422.6225312,1790,0,S_i
1777452422.623444,2021,0,S_i
1777452422.630847,2262,0,S_i
1777452422.632786,2194,0,S_i
1777452422.6344929,2007,0,S_i
1777452422.6360881,1846,0,S_i
1777452422.639971,1845,0,S_i
1777452422.644416,2100,0,S_i
1777452422.6483352,2236,0,S_i
1777452422.649465,2148,0,S_i
1777452422.6499772,1971,0,S_i
1777452422.651851,1867,0,S_i
1777452422.654851,1967,0,S_i
1777452422.664652,2262,0,S_i
1777452422.6648881,2182,0,S_i
1777452422.66725,2077,0,S_i
1777452422.672692,1969,0,S_i
1777452422.674217,1862,0,S_i
1777452422.675942,2058,0,S_i
1777452422.6781561,2254,0,S_i
1777452422.681665,2211,0,S_i
1777452422.686072,2032,0,S_i
1777452422.686534,1828,0,S_i
1777452422.690583,1881,0,S_i
1777452422.6908212,2223,0,S_i
1777452422.6937711,2280,0,S_i
1777452422.696782,2033,0,S_i
1777452422.6998012,1889,0,S_i
1777452422.702788,1823,0,S_i
1777452422.7057621,2069,0,S_i
1777452422.7158809,2198,0,S_i
1777452422.717392,2186,0,S_i
1777452422.721589,1971,0,S_i
1777452422.7223291,1857,0,S_i
1777452422.725388,1908,0,S_i
1777452422.7264159,2167,0,S_i
1777452422.728726,2241,0,S_i
1777452422.7302809,2116,0,S_i
1777452422.7387578,1984,0,S_i
1777452422.741704,1822,0,S_i
1777452422.742651,2029,0,S_i
1777452422.742754,2275,0,S_i
1777452422.744792,2201,0,S_i
1777452422.748287,2036,0,S_i
1777452422.7622778,1848,0,S_i
1777452422.7627578,1855,0,S_i
1777452422.766721,2163,0,S_i
1777452422.77072,2195,0,S_i
1777452422.77938,2047,0,S_i
1777452422.779548,1984,0,S_i
1777452422.784479,1781,0,S_i
1777452422.784617,1930,0,S_i
1777452422.785235,2203,0,S_i
1777452422.785413,2228,0,S_i
1777452422.7854831,2063,0,S_i
1777452422.7855349,1869,0,S_i
1777452422.7869859,1851,0,S_i
1777452422.7897532,2148,0,S_i
1777452422.7927392,2218,0,S_i
1777452422.795718,2114,0,S_i
1777452422.7987351,2013,0,S_i
1777452422.808309,1838,0,S_i
1777452422.810049,1963,0,S_i
1777452422.8124218,2207,0,S_i
1777452422.815402,2202,0,S_i
1777452422.8160388,2096,0,S_i
1777452422.819257,1932,0,S_i
1777452422.821066,1830,0,S_i
1777452422.824702,2098,0,S_i
1777452422.828352,2257,0,S_i
1777452422.838928,2170,0,S_i
1777452422.8391428,2034,0,S_i
1777452422.83921,1824,0,S_i
1777452422.839263,1920,0,S_i
1777452422.8407412,2205,0,S_i
1777452422.843901,2259,0,S_i
1777452422.853017,2083,0,S_i
1777452422.8537621,1941,0,S_i
1777452422.856214,1857,0,S_i
1777452422.8589282,2066,0,S_i
1777452422.859102,2206,0,S_i
1777452422.863612,2207,0,S_i
1777452422.8668458,2009,0,S_i
1777452422.8748229,1902,0,S_i
1777452422.8751109,1923,0,S_i
1777452422.875653,2173,0,S_i
1777452422.8796601,2220,0,S_i
1777452422.879723,2133,0,S_i
1777452422.882623,1906,0,S_i
1777452422.885629,1791,0,S_i
1777452422.888661,2016,0,S_i
1777452422.891614,2198,0,S_i
1777452422.8946428,2184,0,S_i
1777452422.9030578,2051,0,S_i
1777452422.904381,1901,0,S_i
1777452422.905248,1866,0,S_i
1777452422.908823,2140,0,S_i
1777452422.9126122,2264,0,S_i
1777452422.914138,2138,0,S_i
1777452422.920317,1964,0,S_i
1777452422.9244921,1841,0,S_i
1777452422.9249148,1997,0,S_i
1777452422.925359,2224,0,S_i
1777452422.929344,2202,0,S_i
1777452422.9307299,2066,0,S_i
1777452422.93363,1913,0,S_i
1777452422.936666,1858,0,S_i
1777452422.947021,2053,0,S_i
1777452422.953163,2229,0,S_i
1777452422.956192,2193,0,S_i
1777452422.960227,2008,0,S_i
1777452422.960619,1777,0,S_i
1777452422.964832,1952,0,S_i
1777452422.9650402,2209,0,S_i
1777452422.965336,2241,0,S_i
1777452422.965857,2074,0,S_i
1777452422.969034,1902,0,S_i
1777452422.969803,1870,0,S_i
1777452422.9726112,2070,0,S_i
1777452422.975637,2223,0,S_i
1777452422.978692,2120,0,S_i
1777452422.981693,2026,0,S_i
1777452422.9846232,1874,0,S_i
1777452422.987966,1941,0,S_i
1777452422.9957561,2214,0,S_i
1777452423.003906,2188,0,S_i
1777452423.0055091,2151,0,S_i
1777452423.007234,1921,0,S_i
1777452423.0088909,1777,0,S_i
1777452423.013566,1999,0,S_i
1777452423.0138721,2192,0,S_i
1777452423.018632,2197,0,S_i
1777452423.019122,2050,0,S_i
1777452423.019222,1824,0,S_i
1777452423.0231261,1857,0,S_i
1777452423.0236301,2207,0,S_i
1777452423.026607,2242,0,S_i
1777452423.029608,2141,0,S_i
1777452423.032609,1967,0,S_i
1777452423.035648,1822,0,S_i
1777452423.03864,1969,0,S_i
1777452423.041638,2232,0,S_i
1777452423.0446389,2215,0,S_i
1777452423.054164,2030,0,S_i
1777452423.0558221,1847,0,S_i
1777452423.056693,1880,0,S_i
1777452423.059253,2129,0,S_i
1777452423.0639732,2219,0,S_i
1777452423.065538,2173,0,S_i
1777452423.06672,2036,0,S_i
1777452423.070775,1789,0,S_i
1777452423.0750349,1880,0,S_i
1777452423.075702,2237,0,S_i
1777452423.0792341,2206,0,S_i
1777452423.0806348,2088,0,S_i
1777452423.083643,1874,0,S_i
1777452423.086508,1823,0,S_i
1777452423.1015701,2049,0,S_i
1777452423.1068149,2226,0,S_i
1777452423.108104,2236,0,S_i
1777452423.1101282,1959,0,S_i
1777452423.1125262,1778,0,S_i
1777452423.115527,1911,0,S_i
1777452423.120276,2169,0,S_i
1777452423.120733,2199,0,S_i
1777452423.1208441,2080,0,S_i
1777452423.123766,1893,0,S_i
1777452423.124817,1824,0,S_i
1777452423.124898,2021,0,S_i
1777452423.1255062,2228,0,S_i
1777452423.128483,2186,0,S_i
1777452423.1314921,2052,0,S_i
1777452423.1345,1876,0,S_i
1777452423.1374981,1889,0,S_i
1777452423.140492,2159,0,S_i
1777452423.1435049,2189,0,S_i
1777452423.146492,2133,0,S_i
