2026-03-11 02:54:25,431 [INFO] Activator:176 - 


2026-03-11 02:54:25,432 [INFO] Activator:177 - !SESSION log4j initialized
2026-03-11 02:54:27,390 [ERROR] LogOutputStream:75 - [STDERR_REDIRECT] 
2026-03-11 02:54:29,577 [INFO] LogOutputStream:77 - [STDOUT_REDIRECT] 
2026-03-11 02:54:31,388 [INFO] ApplicationProperties:184 - Using Application install path: /Applications/STM32CubeIDE.app/Contents/Eclipse/plugins/com.st.stm32cube.common.mx_6.15.0.202507011659
2026-03-11 02:54:31,401 [INFO] DbMcusXml:78 - Set database path to: /Applications/STM32CubeIDE.app/Contents/Eclipse/plugins/com.st.stm32cube.common.mx_6.15.0.202507011659//db//mcu/
2026-03-11 02:54:31,401 [INFO] ApiDb:274 - Set plugin database path to: /Applications/STM32CubeIDE.app/Contents/Eclipse/plugins/com.st.stm32cube.common.mx_6.15.0.202507011659//db//plugins/boardmanager/
2026-03-11 02:54:31,402 [WARN] ApiDb:259 - Overriding images path with different value:  => /Applications/STM32CubeIDE.app/Contents/Eclipse/plugins/com.st.stm32cube.common.mx_6.15.0.202507011659//db//plugins/mcufinder/images/
2026-03-11 02:54:31,407 [INFO] ApiDb:250 - Set database path to: /Users/leon/.stmcufinder/plugins/mcufinder//mcu/
2026-03-11 02:54:31,408 [INFO] DbMcusAds:125 - Set database path to: /Users/leon/.stmcufinder/plugins/mcufinder//mcu/
2026-03-11 02:54:31,410 [INFO] CrossReferenceDbSqlite:203 - Set database path to: /Users/leon/.stmcufinder/plugins/mcufinder//mcu/cs/
2026-03-11 02:54:31,530 [INFO] RulesReader:64 - Compatibility file has been processed (317 Rules)
2026-03-11 02:54:31,579 [INFO] DbMcusXml:78 - Set database path to: /Applications/STM32CubeIDE.app/Contents/Eclipse/plugins/com.st.stm32cube.common.mx_6.15.0.202507011659//db//mcu/
2026-03-11 02:54:31,579 [INFO] ApiDb:274 - Set plugin database path to: /Applications/STM32CubeIDE.app/Contents/Eclipse/plugins/com.st.stm32cube.common.mx_6.15.0.202507011659//db//plugins/boardmanager/
2026-03-11 02:54:31,579 [INFO] ApiDb:261 - Set plugin images path to: /Applications/STM32CubeIDE.app/Contents/Eclipse/plugins/com.st.stm32cube.common.mx_6.15.0.202507011659//db//plugins/mcufinder/images/
2026-03-11 02:54:31,580 [WARN] DbFile:41 - Overriding database path with different value: /Users/leon/.stmcufinder/plugins/mcufinder/ => /Users/leon/.stmcufinder/plugins/mcufinder
2026-03-11 02:54:31,580 [INFO] ApiDb:250 - Set database path to: /Users/leon/.stmcufinder/plugins/mcufinder//mcu/
2026-03-11 02:54:31,580 [WARN] DbFile:41 - Overriding database path with different value: /Users/leon/.stmcufinder/plugins/mcufinder/ => /Users/leon/.stmcufinder/plugins/mcufinder
2026-03-11 02:54:31,580 [INFO] DbMcusAds:125 - Set database path to: /Users/leon/.stmcufinder/plugins/mcufinder//mcu/
2026-03-11 02:54:31,580 [WARN] DbFile:41 - Overriding database path with different value: /Users/leon/.stmcufinder/plugins/mcufinder/ => /Users/leon/.stmcufinder/plugins/mcufinder
2026-03-11 02:54:31,580 [WARN] DbFile:41 - Overriding database path with different value: /Users/leon/.stmcufinder/plugins/mcufinder/ => /Users/leon/.stmcufinder/plugins/mcufinder
2026-03-11 02:54:31,580 [INFO] CrossReferenceDbSqlite:203 - Set database path to: /Users/leon/.stmcufinder/plugins/mcufinder//mcu/cs/
2026-03-11 02:54:31,650 [INFO] MainPanel:274 - HeapMemory: 268435456
2026-03-11 02:54:32,142 [INFO] DbMcusXml:78 - Set database path to: /Applications/STM32CubeIDE.app/Contents/Eclipse/plugins/com.st.stm32cube.common.mx_6.15.0.202507011659//db//mcu/
2026-03-11 02:54:32,142 [INFO] ApiDb:274 - Set plugin database path to: /Applications/STM32CubeIDE.app/Contents/Eclipse/plugins/com.st.stm32cube.common.mx_6.15.0.202507011659//db//plugins/boardmanager/
2026-03-11 02:54:32,142 [INFO] ApiDb:261 - Set plugin images path to: /Applications/STM32CubeIDE.app/Contents/Eclipse/plugins/com.st.stm32cube.common.mx_6.15.0.202507011659//db//plugins/mcufinder/images/
2026-03-11 02:54:32,142 [WARN] DbFile:41 - Overriding database path with different value: /Users/leon/.stmcufinder/plugins/mcufinder/ => /Users/leon/.stmcufinder/plugins/mcufinder
2026-03-11 02:54:32,142 [INFO] ApiDb:250 - Set database path to: /Users/leon/.stmcufinder/plugins/mcufinder//mcu/
2026-03-11 02:54:32,142 [WARN] DbFile:41 - Overriding database path with different value: /Users/leon/.stmcufinder/plugins/mcufinder/ => /Users/leon/.stmcufinder/plugins/mcufinder
2026-03-11 02:54:32,143 [INFO] DbMcusAds:125 - Set database path to: /Users/leon/.stmcufinder/plugins/mcufinder//mcu/
2026-03-11 02:54:32,143 [WARN] DbFile:41 - Overriding database path with different value: /Users/leon/.stmcufinder/plugins/mcufinder/ => /Users/leon/.stmcufinder/plugins/mcufinder
2026-03-11 02:54:32,143 [WARN] DbFile:41 - Overriding database path with different value: /Users/leon/.stmcufinder/plugins/mcufinder/ => /Users/leon/.stmcufinder/plugins/mcufinder
2026-03-11 02:54:32,143 [INFO] CrossReferenceDbSqlite:203 - Set database path to: /Users/leon/.stmcufinder/plugins/mcufinder//mcu/cs/
2026-03-11 02:54:32,163 [INFO] ApplicationProperties:184 - Using Application install path: /Applications/STM32CubeIDE.app/Contents/Eclipse/plugins/com.st.stm32cube.common.mx_6.15.0.202507011659
2026-03-11 02:54:32,164 [INFO] PluginManage:196 - Search for loadable plugins [exclusion list=, ]
2026-03-11 02:54:32,165 [INFO] PluginManage:310 - Check plugin analytics
2026-03-11 02:54:32,412 [INFO] AnalyticsPlugin:253 - Accepted Software Licenses: 
2026-03-11 02:54:32,413 [INFO] AnalyticsPlugin:255 - Accepted CMSIS Pack Licenses: 
2026-03-11 02:54:32,413 [INFO] AnalyticsPlugin:257 - Accepted Firmware Licenses: FW.G4.1.6.0
2026-03-11 02:54:32,422 [INFO] PluginManage:359 - Loaded plugin analytics (category:tool,tabindex:-1)
2026-03-11 02:54:32,424 [INFO] PluginManage:310 - Check plugin cadmodel
2026-03-11 02:54:32,432 [INFO] CADModel:105 - Init CAD model plugin
2026-03-11 02:54:32,433 [INFO] PluginManage:359 - Loaded plugin cadmodel (category:power,tabindex:5)
2026-03-11 02:54:32,433 [INFO] PluginManage:310 - Check plugin clock
2026-03-11 02:54:32,442 [INFO] PluginManage:359 - Loaded plugin clock (category:base,tabindex:2)
2026-03-11 02:54:32,442 [INFO] PluginManage:310 - Check plugin ddr
2026-03-11 02:54:32,444 [INFO] PluginManage:359 - Loaded plugin ddr (category:tool,tabindex:6)
2026-03-11 02:54:32,444 [INFO] PluginManage:310 - Check plugin filemanager
2026-03-11 02:54:32,846 [INFO] PluginManage:359 - Loaded plugin filemanager (category:base,tabindex:10)
2026-03-11 02:54:32,851 [INFO] PluginManage:310 - Check plugin ipmanager
2026-03-11 02:54:32,907 [INFO] PluginManage:359 - Loaded plugin ipmanager (category:base,tabindex:5)
2026-03-11 02:54:32,908 [INFO] PluginManage:310 - Check plugin lpbam
2026-03-11 02:54:32,934 [INFO] PluginManage:359 - Loaded plugin lpbam (category:base,tabindex:0)
2026-03-11 02:54:32,934 [INFO] PluginManage:310 - Check plugin memorymap
2026-03-11 02:54:32,953 [INFO] PluginManage:359 - Loaded plugin memorymap (category:base,tabindex:4)
2026-03-11 02:54:32,954 [INFO] PluginManage:310 - Check plugin pinoutandconfiguration
2026-03-11 02:54:32,960 [INFO] PluginManage:359 - Loaded plugin pinoutandconfiguration (category:base,tabindex:1)
2026-03-11 02:54:32,961 [INFO] PluginManage:310 - Check plugin pinoutconfig
2026-03-11 02:54:33,062 [WARN] SupportedApi:132 - Cannot load RTOS API schema: s4s-elt-must-match.1: The content of 'definitions' must match (annotation?, (simpleType | complexType)?, (unique | key | keyref)*)). A problem was found starting at: attribute.
2026-03-11 02:54:33,269 [INFO] PluginManage:359 - Loaded plugin pinoutconfig (category:base,tabindex:0)
2026-03-11 02:54:33,269 [INFO] PluginManage:310 - Check plugin power
2026-03-11 02:54:33,293 [INFO] PluginManage:359 - Loaded plugin power (category:power,tabindex:4)
2026-03-11 02:54:33,293 [INFO] PluginManage:310 - Check plugin projectmanager
2026-03-11 02:54:33,335 [INFO] PluginManage:359 - Loaded plugin projectmanager (category:projectmanager,tabindex:4)
2026-03-11 02:54:33,335 [INFO] PluginManage:310 - Check plugin rif
2026-03-11 02:54:33,344 [INFO] PluginManage:359 - Loaded plugin rif (category:base,tabindex:3)
2026-03-11 02:54:33,344 [INFO] PluginManage:310 - Check plugin thirdparty
2026-03-11 02:54:33,518 [INFO] PluginManage:359 - Loaded plugin thirdparty (category:base,tabindex:-1)
2026-03-11 02:54:33,518 [INFO] PluginManage:310 - Check plugin tools
2026-03-11 02:54:33,523 [INFO] PluginManage:359 - Loaded plugin tools (category:base,tabindex:7)
2026-03-11 02:54:33,523 [INFO] PluginManage:310 - Check plugin tutovideos
2026-03-11 02:54:33,518 [WARN] IntegrityCheckThread:84 - waiting for thirdparty lock release [integrity check]
2026-03-11 02:54:33,523 [INFO] IntegrityCheckThread:86 - entering critical section [integrity check]
2026-03-11 02:54:33,525 [INFO] ThirdPartyUpdaterWithRetryManager:70 - Updater plugin not ready yet. [1/15]
2026-03-11 02:54:33,705 [INFO] PluginManage:359 - Loaded plugin tutovideos (category:base,tabindex:-1)
2026-03-11 02:54:33,705 [INFO] PluginManage:310 - Check plugin updater
2026-03-11 02:54:33,736 [INFO] PluginManage:359 - Loaded plugin updater (category:base,tabindex:12)
2026-03-11 02:54:33,736 [INFO] PluginManage:310 - Check plugin userauth
2026-03-11 02:54:33,741 [INFO] UserAuth:118 - Init User Auth plugin
2026-03-11 02:54:33,743 [INFO] PluginManage:359 - Loaded plugin userauth (category:base,tabindex:14)
2026-03-11 02:54:33,744 [INFO] PluginManage:283 - PluginManage : Loaded plugins [18]
2026-03-11 02:54:33,980 [INFO] PinOutPanel:1589 - setPackage(No Configuration,No Configuration)
2026-03-11 02:54:34,084 [INFO] CADModel:165 - CPN selected for project level
2026-03-11 02:54:34,084 [INFO] CADModel:114 - Register for checkConnection events
2026-03-11 02:54:34,102 [INFO] IPUIPlugin:80 - create IPUIPlugin
2026-03-11 02:54:34,103 [INFO] PluginManager:220 - loadIPPluginJar : add mdma
2026-03-11 02:54:34,110 [INFO] IPUIPlugin:80 - create IPUIPlugin
2026-03-11 02:54:34,111 [INFO] PluginManager:220 - loadIPPluginJar : add freertos
2026-03-11 02:54:34,114 [INFO] IPUIPlugin:80 - create IPUIPlugin
2026-03-11 02:54:34,114 [INFO] PluginManager:220 - loadIPPluginJar : add gic
2026-03-11 02:54:34,121 [INFO] IPUIPlugin:80 - create IPUIPlugin
2026-03-11 02:54:34,121 [INFO] PluginManager:220 - loadIPPluginJar : add adc
2026-03-11 02:54:34,123 [INFO] IPUIPlugin:80 - create IPUIPlugin
2026-03-11 02:54:34,123 [INFO] PluginManager:220 - loadIPPluginJar : add gtzc
2026-03-11 02:54:34,124 [INFO] IPUIPlugin:80 - create IPUIPlugin
2026-03-11 02:54:34,124 [INFO] PluginManager:220 - loadIPPluginJar : add quadspi
2026-03-11 02:54:34,126 [INFO] IPUIPlugin:80 - create IPUIPlugin
2026-03-11 02:54:34,126 [INFO] PluginManager:220 - loadIPPluginJar : add aes
2026-03-11 02:54:34,128 [INFO] IPUIPlugin:80 - create IPUIPlugin
2026-03-11 02:54:34,128 [INFO] PluginManager:220 - loadIPPluginJar : add pdm2pcm
2026-03-11 02:54:34,129 [INFO] IPUIPlugin:80 - create IPUIPlugin
2026-03-11 02:54:34,129 [INFO] PluginManager:220 - loadIPPluginJar : add hash
2026-03-11 02:54:34,130 [INFO] IPUIPlugin:80 - create IPUIPlugin
2026-03-11 02:54:34,130 [INFO] PluginManager:220 - loadIPPluginJar : add tim
2026-03-11 02:54:34,131 [INFO] IPUIPlugin:80 - create IPUIPlugin
2026-03-11 02:54:34,131 [INFO] PluginManager:220 - loadIPPluginJar : add tsc
2026-03-11 02:54:34,133 [INFO] IPUIPlugin:80 - create IPUIPlugin
2026-03-11 02:54:34,133 [INFO] PluginManager:220 - loadIPPluginJar : add extmemmanager
2026-03-11 02:54:34,135 [INFO] IPUIPlugin:80 - create IPUIPlugin
2026-03-11 02:54:34,135 [INFO] PluginManager:220 - loadIPPluginJar : add ts
2026-03-11 02:54:34,135 [INFO] IPUIPlugin:80 - create IPUIPlugin
2026-03-11 02:54:34,136 [INFO] PluginManager:220 - loadIPPluginJar : add radio
2026-03-11 02:54:34,137 [INFO] IPUIPlugin:80 - create IPUIPlugin
2026-03-11 02:54:34,137 [INFO] PluginManager:220 - loadIPPluginJar : add can
2026-03-11 02:54:34,138 [INFO] IPUIPlugin:80 - create IPUIPlugin
2026-03-11 02:54:34,138 [INFO] PluginManager:220 - loadIPPluginJar : add dma3
2026-03-11 02:54:34,140 [INFO] IPUIPlugin:80 - create IPUIPlugin
2026-03-11 02:54:34,140 [INFO] PluginManager:220 - loadIPPluginJar : add dfsdm
2026-03-11 02:54:34,141 [INFO] IPUIPlugin:80 - create IPUIPlugin
2026-03-11 02:54:34,141 [INFO] PluginManager:220 - loadIPPluginJar : add spi
2026-03-11 02:54:34,142 [INFO] IPUIPlugin:80 - create IPUIPlugin
2026-03-11 02:54:34,142 [INFO] PluginManager:220 - loadIPPluginJar : add gfxmmu
2026-03-11 02:54:34,144 [INFO] IPUIPlugin:80 - create IPUIPlugin
2026-03-11 02:54:34,144 [INFO] PluginManager:220 - loadIPPluginJar : add genericplugin
2026-03-11 02:54:34,145 [INFO] IPUIPlugin:80 - create IPUIPlugin
2026-03-11 02:54:34,145 [INFO] PluginManager:220 - loadIPPluginJar : add cryp
2026-03-11 02:54:34,147 [INFO] IPUIPlugin:80 - create IPUIPlugin
2026-03-11 02:54:34,148 [INFO] PluginManager:220 - loadIPPluginJar : add gpio
2026-03-11 02:54:34,149 [INFO] IPUIPlugin:80 - create IPUIPlugin
2026-03-11 02:54:34,150 [INFO] PluginManager:220 - loadIPPluginJar : add ddr_ctrl_phy
2026-03-11 02:54:34,150 [INFO] IPUIPlugin:80 - create IPUIPlugin
2026-03-11 02:54:34,151 [INFO] PluginManager:220 - loadIPPluginJar : add comp
2026-03-11 02:54:34,152 [INFO] IPUIPlugin:80 - create IPUIPlugin
2026-03-11 02:54:34,152 [INFO] PluginManager:220 - loadIPPluginJar : add tracer_emb
2026-03-11 02:54:34,154 [INFO] IPUIPlugin:80 - create IPUIPlugin
2026-03-11 02:54:34,154 [INFO] PluginManager:220 - loadIPPluginJar : add openamp
2026-03-11 02:54:34,157 [INFO] IPUIPlugin:80 - create IPUIPlugin
2026-03-11 02:54:34,157 [INFO] PluginManager:220 - loadIPPluginJar : add stm32_wpan
2026-03-11 02:54:34,161 [INFO] IPUIPlugin:80 - create IPUIPlugin
2026-03-11 02:54:34,163 [INFO] PluginManager:220 - loadIPPluginJar : add plateformsettings
2026-03-11 02:54:34,165 [INFO] IPUIPlugin:80 - create IPUIPlugin
2026-03-11 02:54:34,165 [INFO] PluginManager:220 - loadIPPluginJar : add ipddr
2026-03-11 02:54:34,169 [INFO] IPUIPlugin:80 - create IPUIPlugin
2026-03-11 02:54:34,169 [INFO] PluginManager:220 - loadIPPluginJar : add usart
2026-03-11 02:54:34,170 [INFO] IPUIPlugin:80 - create IPUIPlugin
2026-03-11 02:54:34,170 [INFO] PluginManager:220 - loadIPPluginJar : add ltdc
2026-03-11 02:54:34,172 [INFO] IPUIPlugin:80 - create IPUIPlugin
2026-03-11 02:54:34,172 [INFO] PluginManager:220 - loadIPPluginJar : add nvic
2026-03-11 02:54:34,172 [INFO] IPUIPlugin:80 - create IPUIPlugin
2026-03-11 02:54:34,172 [INFO] PluginManager:220 - loadIPPluginJar : add fatfs
2026-03-11 02:54:34,177 [INFO] IPUIPlugin:80 - create IPUIPlugin
2026-03-11 02:54:34,177 [INFO] PluginManager:220 - loadIPPluginJar : add linkedlist
2026-03-11 02:54:34,181 [INFO] IPUIPlugin:80 - create IPUIPlugin
2026-03-11 02:54:34,181 [INFO] PluginManager:220 - loadIPPluginJar : add dma
2026-03-11 02:54:34,183 [INFO] IPUIPlugin:80 - create IPUIPlugin
2026-03-11 02:54:34,183 [INFO] PluginManager:220 - loadIPPluginJar : add fmc
2026-03-11 02:54:34,184 [INFO] IPUIPlugin:80 - create IPUIPlugin
2026-03-11 02:54:34,184 [INFO] PluginManager:220 - loadIPPluginJar : add i2s
2026-03-11 02:54:34,185 [INFO] IPUIPlugin:80 - create IPUIPlugin
2026-03-11 02:54:34,185 [INFO] PluginManager:220 - loadIPPluginJar : add ucpd
2026-03-11 02:54:34,187 [INFO] IPUIPlugin:80 - create IPUIPlugin
2026-03-11 02:54:34,187 [INFO] PluginManager:220 - loadIPPluginJar : add lorawan
2026-03-11 02:54:34,189 [INFO] IPUIPlugin:80 - create IPUIPlugin
2026-03-11 02:54:34,189 [INFO] PluginManager:220 - loadIPPluginJar : add opamp
2026-03-11 02:54:34,192 [INFO] IPUIPlugin:80 - create IPUIPlugin
2026-03-11 02:54:34,192 [INFO] PluginManager:220 - loadIPPluginJar : add i3c
2026-03-11 02:54:34,196 [INFO] IPUIPlugin:80 - create IPUIPlugin
2026-03-11 02:54:34,196 [INFO] PluginManager:220 - loadIPPluginJar : add touchsensing
2026-03-11 02:54:34,199 [INFO] IPUIPlugin:80 - create IPUIPlugin
2026-03-11 02:54:34,200 [INFO] PluginManager:220 - loadIPPluginJar : add i2c
2026-03-11 02:54:34,206 [INFO] IPUIPlugin:80 - create IPUIPlugin
2026-03-11 02:54:34,206 [INFO] PluginManager:220 - loadIPPluginJar : add resmgrutility
2026-03-11 02:54:34,207 [INFO] IPUIPlugin:80 - create IPUIPlugin
2026-03-11 02:54:34,207 [INFO] PluginManager:220 - loadIPPluginJar : add sai
2026-03-11 02:54:34,209 [INFO] IPUIPlugin:80 - create IPUIPlugin
2026-03-11 02:54:34,209 [INFO] PluginManager:220 - loadIPPluginJar : add usbx
2026-03-11 02:54:34,319 [FATAL] Updater:351 - Updater called before beeing initialized
2026-03-11 02:54:34,370 [INFO] RulesReader:64 - Compatibility file has been processed (317 Rules)
2026-03-11 02:54:34,392 [INFO] RulesReader:64 - Compatibility file has been processed (317 Rules)
2026-03-11 02:54:34,400 [INFO] CADModel:165 - CPN selected for project level
2026-03-11 02:54:34,400 [INFO] CADModel:114 - Register for checkConnection events
2026-03-11 02:54:34,401 [FATAL] Updater:351 - Updater called before beeing initialized
2026-03-11 02:54:34,401 [ERROR] CADModel:125 - Updater not yet initialized, retry later 
2026-03-11 02:54:34,712 [FATAL] Updater:351 - Updater called before beeing initialized
2026-03-11 02:54:34,714 [INFO] CADModel:165 - CPN selected for project level
2026-03-11 02:54:34,714 [INFO] CADModel:114 - Register for checkConnection events
2026-03-11 02:54:34,714 [FATAL] Updater:351 - Updater called before beeing initialized
2026-03-11 02:54:34,714 [ERROR] CADModel:125 - Updater not yet initialized, retry later 
2026-03-11 02:54:34,719 [FATAL] Updater:351 - Updater called before beeing initialized
2026-03-11 02:54:34,898 [FATAL] Updater:351 - Updater called before beeing initialized
2026-03-11 02:54:34,904 [INFO] DbMcusAds:53 - JSON generation date=Wed Feb 18 22:32:49 CST 2026 (1771425169371)
2026-03-11 02:54:34,904 [FATAL] Updater:351 - Updater called before beeing initialized
2026-03-11 02:54:34,990 [WARN] DetailPanel:346 - Failed to get advertising image, set to default
2026-03-11 02:54:35,060 [FATAL] Updater:351 - Updater called before beeing initialized
2026-03-11 02:54:35,063 [FATAL] Updater:351 - Updater called before beeing initialized
2026-03-11 02:54:35,064 [FATAL] Updater:351 - Updater called before beeing initialized
2026-03-11 02:54:35,064 [WARN] DetailPanel:346 - Failed to get advertising image, set to default
2026-03-11 02:54:35,067 [FATAL] Updater:351 - Updater called before beeing initialized
2026-03-11 02:54:35,142 [ERROR] Updater:1198 - MainUpdater not yet initialized. External WinMGr cannot be set.
2026-03-11 02:54:35,150 [INFO] Updater:1134 - Updater Version found : 6.15.0
2026-03-11 02:54:35,164 [INFO] ApplicationProperties:184 - Using Application install path: /Applications/STM32CubeIDE.app/Contents/Eclipse/plugins/com.st.stm32cube.common.mx_6.15.0.202507011659
2026-03-11 02:54:35,454 [INFO] MainUpdater:2872 - connection check result : 10
2026-03-11 02:54:35,455 [INFO] MainUpdater:289 - Updater Check For Update Now.
2026-03-11 02:54:35,455 [INFO] MicroXplorer:498 - Change Database Version : DB.6.0.150
2026-03-11 02:54:35,460 [INFO] McuFinderGlobals:63 - Set McuFinder mode to 2 (CubeIDE integrated)
2026-03-11 02:54:35,461 [INFO] UserAuth:487 - Internet connection configuration mode: 1
2026-03-11 02:54:35,475 [INFO] JxBrowserEngine:152 - Initiate JxBrowser Engine with user profile folder
2026-03-11 02:54:35,742 [INFO] CheckServerUpdateThread:120 - End of CheckServer Thread
2026-03-11 02:54:36,849 [WARN] PackLoader:240 - Cannot read IP mode file for STMicroelectronics.X-CUBE-AZRTOS-H7.3.5.0
2026-03-11 02:54:36,924 [WARN] PackLoader:240 - Cannot read IP mode file for STMicroelectronics.FP-SNS-MOTENVWB1.1.4.0
2026-03-11 02:54:36,938 [WARN] PackLoader:240 - Cannot read IP mode file for STMicroelectronics.FP-ATR-ASTRA1.2.0.2
2026-03-11 02:54:36,948 [WARN] PackLoader:240 - Cannot read IP mode file for STMicroelectronics.X-CUBE-SMBUS.2.1.0
2026-03-11 02:54:36,978 [WARN] PackLoader:240 - Cannot read IP mode file for STMicroelectronics.X-CUBE-AZRTOS-F7.1.1.0
2026-03-11 02:54:36,998 [WARN] PackLoader:240 - Cannot read IP mode file for STMicroelectronics.FP-SNS-MOTENV1.5.1.0
2026-03-11 02:54:37,013 [WARN] PackLoader:240 - Cannot read IP mode file for WES.I-CUBE-Cesium.1.4.0
2026-03-11 02:54:37,078 [WARN] PackLoader:240 - Cannot read IP mode file for STMicroelectronics.X-CUBE-AZRTOS-H7.3.4.0
2026-03-11 02:54:37,150 [WARN] PackLoader:240 - Cannot read IP mode file for STMicroelectronics.X-CUBE-DISPLAY.3.0.0
2026-03-11 02:54:37,201 [WARN] PackLoader:240 - Cannot read IP mode file for STMicroelectronics.FP-SNS-MOTENVWB1.1.5.0
2026-03-11 02:54:37,253 [WARN] PackLoader:240 - Cannot read IP mode file for STMicroelectronics.X-CUBE-NFC10.1.0.0
2026-03-11 02:54:37,272 [WARN] PackLoader:240 - Cannot read IP mode file for STMicroelectronics.X-CUBE-ST60.1.1.0
2026-03-11 02:54:37,300 [WARN] PackLoader:240 - Cannot read IP mode file for emotas.I-CUBE-CANOPEN.1.3.0
2026-03-11 02:54:37,314 [WARN] PackLoader:240 - Cannot read IP mode file for STMicroelectronics.X-CUBE-GNSS1.7.1.0
2026-03-11 02:54:37,335 [WARN] PackLoader:240 - Cannot read IP mode file for STMicroelectronics.FP-SNS-STBOX1.2.1.0
2026-03-11 02:54:37,350 [WARN] PackLoader:240 - Cannot read IP mode file for STMicroelectronics.FP-SNS-SMARTAG2.1.2.0
2026-03-11 02:54:37,382 [WARN] PackLoader:240 - Cannot read IP mode file for STMicroelectronics.FP-SNS-FLIGHT1.5.1.0
2026-03-11 02:54:37,402 [INFO] LogOutputStream:77 - [STDOUT_REDIRECT] 1 : Invalid condition id : UX_CORESTACK_Condition cause : null
2026-03-11 02:54:37,406 [INFO] LogOutputStream:77 - [STDOUT_REDIRECT] 1 : Invalid condition id : UX_CORESTACK_Condition cause : null
2026-03-11 02:54:37,407 [INFO] LogOutputStream:77 - [STDOUT_REDIRECT] 1 : Invalid condition id : UX_CORESTACK_Condition cause : null
2026-03-11 02:54:37,407 [INFO] LogOutputStream:77 - [STDOUT_REDIRECT] 1 : Invalid condition id : UX_CORESTACK_Condition cause : null
2026-03-11 02:54:37,407 [INFO] LogOutputStream:77 - [STDOUT_REDIRECT] 1 : Invalid condition id : UX_CORESTACK_Condition cause : null
2026-03-11 02:54:37,420 [WARN] PackLoader:240 - Cannot read IP mode file for STMicroelectronics.X-CUBE-AZRTOS-WL.2.0.0
2026-03-11 02:54:37,495 [WARN] PackLoader:240 - Cannot read IP mode file for STMicroelectronics.X-CUBE-AZRTOS-H7RS.1.2.0
2026-03-11 02:54:37,519 [WARN] PackLoader:240 - Cannot read IP mode file for STMicroelectronics.X-CUBE-BLE2.3.3.0
2026-03-11 02:54:37,602 [WARN] PackLoader:240 - Cannot read IP mode file for Infineon.AIROC-Wi-Fi-Bluetooth-STM32.1.8.0
2026-03-11 02:54:37,632 [WARN] PackLoader:240 - Cannot read IP mode file for STMicroelectronics.X-CUBE-NFC9.1.0.0
2026-03-11 02:54:37,649 [WARN] PackLoader:240 - Cannot read IP mode file for STMicroelectronics.X-CUBE-BLE1.7.1.0
2026-03-11 02:54:37,660 [WARN] PackLoader:240 - Cannot read IP mode file for wolfSSL.I-CUBE-wolfMQTT.1.19.2
2026-03-11 02:54:37,671 [WARN] PackLoader:240 - Cannot read IP mode file for STMicroelectronics.X-CUBE-FREERTOS.1.4.0
2026-03-11 02:54:37,679 [WARN] PackLoader:240 - Cannot read IP mode file for STMicroelectronics.X-CUBE-EEPRMA1.5.2.0
2026-03-11 02:54:37,693 [WARN] PackLoader:240 - Cannot read IP mode file for wolfSSL.I-CUBE-wolfSSL.5.8.4
2026-03-11 02:54:37,700 [WARN] PackLoader:240 - Cannot read IP mode file for Cesanta.I-CUBE-Mongoose.7.20.0
2026-03-11 02:54:37,806 [WARN] PackLoader:240 - Cannot read IP mode file for STMicroelectronics.X-CUBE-MEMS1.12.0.0
2026-03-11 02:54:38,294 [WARN] PackLoader:240 - Cannot read IP mode file for STMicroelectronics.X-CUBE-AZRTOS-G0.1.1.0
2026-03-11 02:54:38,422 [WARN] PackLoader:240 - Cannot read IP mode file for STMicroelectronics.X-CUBE-NFC4.3.0.0
2026-03-11 02:54:38,454 [WARN] PackLoader:240 - Cannot read IP mode file for EmbeddedOffice.I-CUBE-FS-RTOS.1.0.1
2026-03-11 02:54:38,469 [WARN] PackLoader:240 - Cannot read IP mode file for STMicroelectronics.X-CUBE-WB05N.2.0.0
2026-03-11 02:54:38,484 [WARN] PackLoader:240 - Cannot read IP mode file for wolfSSL.I-CUBE-wolfTPM.3.8.0
2026-03-11 02:54:38,490 [WARN] PackLoader:240 - Cannot read IP mode file for STMicroelectronics.X-CUBE-TCPP.4.2.0
2026-03-11 02:54:38,497 [WARN] PackLoader:240 - Cannot read IP mode file for RealThread.X-CUBE-RT-Thread_Nano.4.1.1
2026-03-11 02:54:38,501 [WARN] PackLoader:240 - Cannot read IP mode file for STMicroelectronics.FP-ATR-SIGFOX1.3.2.0
2026-03-11 02:54:38,508 [WARN] PackLoader:240 - Cannot read IP mode file for STMicroelectronics.X-CUBE-FREERTOS.1.5.0
2026-03-11 02:54:38,515 [WARN] PackLoader:240 - Cannot read IP mode file for ITTIA_DB.I-CUBE-ITTIADB.8.9.0
2026-03-11 02:54:38,526 [WARN] PackLoader:240 - Cannot read IP mode file for STMicroelectronics.X-CUBE-NFC6.3.2.0
2026-03-11 02:54:38,539 [WARN] PackLoader:240 - Cannot read IP mode file for STMicroelectronics.X-CUBE-AI.10.2.0
2026-03-11 02:54:38,626 [WARN] PackLoader:240 - Cannot read IP mode file for SEGGER.I-CUBE-embOS.1.3.1
2026-03-11 02:54:38,680 [WARN] PackLoader:240 - Cannot read IP mode file for STMicroelectronics.X-CUBE-ALGOBUILD.1.4.0
2026-03-11 02:54:38,687 [WARN] PackLoader:240 - Cannot read IP mode file for STMicroelectronics.X-CUBE-PM33A1.1.0.0
2026-03-11 02:54:38,714 [WARN] PackLoader:240 - Cannot read IP mode file for STMicroelectronics.X-CUBE-AZRTOS-F4.1.1.0
2026-03-11 02:54:38,730 [WARN] PackLoader:240 - Cannot read IP mode file for STMicroelectronics.X-CUBE-ISPU.2.1.0
2026-03-11 02:54:38,758 [WARN] PackLoader:240 - Cannot read IP mode file for STMicroelectronics.X-CUBE-IPS.3.2.0
2026-03-11 02:54:38,782 [WARN] PackLoader:240 - Cannot read IP mode file for STMicroelectronics.X-CUBE-NFC12.1.0.0
2026-03-11 02:54:38,810 [WARN] PackLoader:240 - Cannot read IP mode file for STMicroelectronics.X-CUBE-AZRTOS-L5.2.0.0
2026-03-11 02:54:38,819 [WARN] PackLoader:240 - Cannot read IP mode file for STMicroelectronics.X-CUBE-TOUCHGFX.4.26.0
2026-03-11 02:54:38,821 [WARN] PackLoader:240 - Cannot read IP mode file for STMicroelectronics.X-CUBE-TOUCHGFX.4.26.1
2026-03-11 02:54:38,827 [WARN] PackLoader:240 - Cannot read IP mode file for STMicroelectronics.FP-SNS-STAIOTCFT.1.0.0
2026-03-11 02:54:38,838 [WARN] PackLoader:240 - Cannot read IP mode file for STMicroelectronics.X-CUBE-DPower.1.3.0
2026-03-11 02:54:38,863 [WARN] ConditionMgr:438 - getConditionDescription Invalid condition id : LAN8742 Phy interface Condition cause : null
2026-03-11 02:54:38,865 [WARN] PackLoader:240 - Cannot read IP mode file for STMicroelectronics.X-CUBE-AZRTOS-L4.2.0.0
2026-03-11 02:54:38,868 [WARN] ConditionMgr:1044 - genDependencies : Invalid condition id : LAN8742 Phy interface Condition cause : null
2026-03-11 02:54:38,868 [WARN] ConditionMgr:1044 - genDependencies : Invalid condition id : LAN8742 Phy interface Condition cause : null
2026-03-11 02:54:38,869 [WARN] ConditionMgr:1044 - genDependencies : Invalid condition id : LAN8742 Phy interface Condition cause : null
2026-03-11 02:54:38,887 [WARN] PackLoader:240 - Cannot read IP mode file for STMicroelectronics.X-CUBE-SFXS2LP1.4.0.0
2026-03-11 02:54:38,899 [WARN] PackLoader:240 - Cannot read IP mode file for STMicroelectronics.X-CUBE-ST67W61.1.2.0
2026-03-11 02:54:38,917 [WARN] PackLoader:240 - Cannot read IP mode file for STMicroelectronics.X-CUBE-BLEMGR.4.1.0
2026-03-11 02:54:38,939 [WARN] ConditionMgr:438 - getConditionDescription Invalid condition id : UX DEVICE CLASS RTOS Condition cause : null
2026-03-11 02:54:38,940 [WARN] ConditionMgr:438 - getConditionDescription Invalid condition id : UX DEVICE CLASS RTOS Condition cause : null
2026-03-11 02:54:38,943 [WARN] PackLoader:240 - Cannot read IP mode file for STMicroelectronics.X-CUBE-AZRTOS-WB.2.0.0
2026-03-11 02:54:38,944 [WARN] ConditionMgr:1044 - genDependencies : Invalid condition id : UX DEVICE CLASS RTOS Condition cause : null
2026-03-11 02:54:38,944 [WARN] ConditionMgr:1044 - genDependencies : Invalid condition id : UX DEVICE CLASS RTOS Condition cause : null
2026-03-11 02:54:38,945 [WARN] ConditionMgr:1044 - genDependencies : Invalid condition id : UX DEVICE CLASS RTOS Condition cause : null
2026-03-11 02:54:38,945 [WARN] ConditionMgr:1044 - genDependencies : Invalid condition id : UX DEVICE CLASS RTOS Condition cause : null
2026-03-11 02:54:38,945 [WARN] ConditionMgr:1044 - genDependencies : Invalid condition id : UX DEVICE CLASS RTOS Condition cause : null
2026-03-11 02:54:38,948 [WARN] ConditionMgr:438 - getConditionDescription Invalid condition id : Cortex-A Device cause : null
2026-03-11 02:54:38,972 [WARN] ConditionMgr:1044 - genDependencies : Invalid condition id : Cortex-A Device cause : null
2026-03-11 02:54:38,973 [WARN] ConditionMgr:1044 - genDependencies : Invalid condition id : Cortex-A Device cause : null
2026-03-11 02:54:38,973 [WARN] ConditionMgr:1044 - genDependencies : Invalid condition id : Cortex-A Device cause : null
2026-03-11 02:54:38,980 [WARN] PackLoader:240 - Cannot read IP mode file for STMicroelectronics.X-CUBE-STSE01.2.0.0
2026-03-11 02:54:38,997 [WARN] PackLoader:240 - Cannot read IP mode file for STMicroelectronics.X-CUBE-SUBG2.5.0.0
2026-03-11 02:54:39,023 [WARN] PackLoader:240 - Cannot read IP mode file for STMicroelectronics.X-CUBE-AZRTOS-G4.2.0.0
2026-03-11 02:54:39,027 [WARN] PackLoader:240 - Cannot read IP mode file for wolfSSL.I-CUBE-wolfSSH.1.4.20
2026-03-11 02:54:39,033 [WARN] PackLoader:240 - Cannot read IP mode file for STMicroelectronics.X-CUBE-NFC7.2.0.0
2026-03-11 02:54:39,036 [WARN] PackLoader:240 - Cannot read IP mode file for STMicroelectronics.X-CUBE-ALS.1.0.2
2026-03-11 02:54:39,047 [WARN] PackLoader:240 - Cannot read IP mode file for STMicroelectronics.X-CUBE-TOF1.3.4.3
2026-03-11 02:54:39,066 [INFO] ThirdParty:978 - Integrity check success = true
2026-03-11 02:54:39,066 [INFO] IntegrityCheckThread:100 - exiting critical section [integrity check]
2026-03-11 02:54:39,066 [INFO] IntegrityCheckThread:103 - End integrity checks thread
2026-03-11 02:54:40,566 [INFO] WebApp:169 - Instantiating new browser for Auth
2026-03-11 02:54:42,255 [INFO] WebApp:463 - Apply proxy settings
2026-03-11 02:54:42,266 [INFO] WebApp:508 - Chromium authenticates against Manually configured proxy
2026-03-11 02:54:42,285 [INFO] WebApp:516 - Username used for proxy authentication: 
2026-03-11 02:54:42,334 [INFO] WebApp:900 - Register for checkConnection events
2026-03-11 02:54:42,334 [INFO] WebApp:463 - Apply proxy settings
2026-03-11 02:54:42,338 [INFO] WebApp:508 - Chromium authenticates against Manually configured proxy
2026-03-11 02:54:42,338 [INFO] WebApp:516 - Username used for proxy authentication: 
2026-03-11 02:54:42,504 [INFO] WebApp:225 - Starting web application
2026-03-11 02:54:42,504 [INFO] WebApp:593 - Web application path used /Applications/STM32CubeIDE.app/Contents/Eclipse/plugins/com.st.stm32cube.common.mx_6.15.0.202507011659/db/plugins/mcufinder/reactClient1/index.html
2026-03-11 02:54:42,935 [INFO] WebApp:191 - Connection restablished
2026-03-11 02:54:43,212 [INFO] UserAuth:487 - Internet connection configuration mode: 1
2026-03-11 02:55:54,526 [INFO] McuFinderGlobals:63 - Set McuFinder mode to 2 (CubeIDE integrated)
2026-03-11 02:55:58,487 [INFO] MainUpdater:2872 - connection check result : 10
2026-03-11 02:55:58,488 [INFO] MainUpdater:2872 - connection check result : 10
2026-03-11 02:55:59,008 [INFO] MicroXplorer:468 - Change Database Path : 
2026-03-11 02:55:59,009 [INFO] MicroXplorer:498 - Change Database Version : DB.6.0.150
2026-03-11 02:55:59,013 [WARN] ThirdParty:871 - waiting for thirdparty lock release [close project]
2026-03-11 02:55:59,013 [INFO] ThirdParty:873 - entering critical section [close project]
2026-03-11 02:55:59,016 [INFO] ThirdParty:883 - exiting critical section [close project]
2026-03-11 02:55:59,024 [INFO] PinOutPanel:1589 - setPackage(No Configuration,No Configuration)
2026-03-11 02:55:59,033 [INFO] UtilMem:75 - Begin LoadConfig() Used Memory: 530043568 Bytes (743440384)
2026-03-11 02:55:59,038 [INFO] MicroXplorer:468 - Change Database Path : 
2026-03-11 02:55:59,038 [INFO] MicroXplorer:498 - Change Database Version : DB.6.0.150
2026-03-11 02:55:59,039 [INFO] OpenFileManager:355 - Change cursor
2026-03-11 02:55:59,178 [INFO] Mcu:2029 - Initializing MCU STM32G431R(6-8-B)Tx STM32G431RBTx STM32G431RBT6
2026-03-11 02:56:03,211 [INFO] Context:786 - Trying to add GPIOservice into a context  which must be forbidden
2026-03-11 02:56:05,150 [INFO] ApiDbMcu:532 - Load IP Config File for NUCLEO-G431RB
2026-03-11 02:56:05,310 [INFO] ImportTextPane:234 - (OptionalMessage_ERROR) Pin15 (VP_RIF_VS_RIF1) cannot be retrieved for this MCU
2026-03-11 02:56:05,341 [INFO] ImportTextPane:234 - (OptionalMessage_ERROR) Unable to find key (Mcu.IP6) in loaded IOC file
2026-03-11 02:56:05,342 [INFO] ImportTextPane:234 - (OptionalMessage_ERROR) Unknown IP (dummy)
2026-03-11 02:56:05,580 [INFO] RtosManager:558 - Registered RTOS mode: class=CMSIS, group=RTOS, mode=CMSIS_V1, owner=FREERTOS
2026-03-11 02:56:05,580 [INFO] RtosManager:558 - Registered RTOS mode: class=CMSIS, group=RTOS2, mode=CMSIS_V2, owner=FREERTOS
2026-03-11 02:56:05,581 [INFO] RtosManager:558 - Registered RTOS mode: class=RTOS, group=Core, mode=CMSIS_V1, owner=FREERTOS
2026-03-11 02:56:05,581 [INFO] RtosManager:558 - Registered RTOS mode: class=RTOS, group=Core, mode=CMSIS_V2, owner=FREERTOS
2026-03-11 02:56:05,582 [WARN] ModelIntegratedComponent:184 - Missing modes for component STMicroelectronics:FreeRTOS:0.0.1:STMicroelectronics:RTOS:FreeRTOS:Core:::10.2.0:
2026-03-11 02:56:05,609 [WARN] ModelIntegratedComponent:63 - No mode defined for component null
2026-03-11 02:56:05,609 [WARN] ModelIntegratedComponent:63 - No mode defined for component null
2026-03-11 02:56:05,609 [WARN] ModelIntegratedComponent:63 - No mode defined for component null
2026-03-11 02:56:05,609 [WARN] ModelIntegratedComponent:63 - No mode defined for component null
2026-03-11 02:56:05,610 [WARN] ModelIntegratedComponent:63 - No mode defined for component null
2026-03-11 02:56:05,610 [WARN] ModelIntegratedComponent:63 - No mode defined for component null
2026-03-11 02:56:05,610 [WARN] ModelIntegratedComponent:63 - No mode defined for component null
2026-03-11 02:56:05,610 [WARN] ModelIntegratedComponent:63 - No mode defined for component null
2026-03-11 02:56:05,610 [WARN] ModelIntegratedComponent:63 - No mode defined for component null
2026-03-11 02:56:05,610 [WARN] ModelIntegratedComponent:63 - No mode defined for component null
2026-03-11 02:56:05,610 [WARN] ModelIntegratedComponent:63 - No mode defined for component null
2026-03-11 02:56:05,610 [WARN] ModelIntegratedComponent:63 - No mode defined for component null
2026-03-11 02:56:05,610 [WARN] ModelIntegratedComponent:63 - No mode defined for component null
2026-03-11 02:56:05,610 [WARN] ModelIntegratedComponent:63 - No mode defined for component null
2026-03-11 02:56:05,610 [WARN] ModelIntegratedComponent:63 - No mode defined for component null
2026-03-11 02:56:05,610 [WARN] ModelIntegratedComponent:63 - No mode defined for component null
2026-03-11 02:56:05,610 [WARN] ModelIntegratedComponent:63 - No mode defined for component null
2026-03-11 02:56:05,610 [WARN] ModelIntegratedComponent:63 - No mode defined for component null
2026-03-11 02:56:05,610 [WARN] ModelIntegratedComponent:63 - No mode defined for component null
2026-03-11 02:56:05,610 [WARN] ModelIntegratedComponent:63 - No mode defined for component null
2026-03-11 02:56:05,610 [WARN] ModelIntegratedComponent:63 - No mode defined for component null
2026-03-11 02:56:05,610 [WARN] ModelIntegratedComponent:63 - No mode defined for component null
2026-03-11 02:56:05,611 [WARN] ModelIntegratedComponent:63 - No mode defined for component null
2026-03-11 02:56:05,611 [WARN] ModelIntegratedComponent:63 - No mode defined for component null
2026-03-11 02:56:05,611 [WARN] ModelIntegratedComponent:63 - No mode defined for component null
2026-03-11 02:56:05,611 [WARN] ModelIntegratedComponent:63 - No mode defined for component null
2026-03-11 02:56:05,611 [WARN] ModelIntegratedComponent:63 - No mode defined for component null
2026-03-11 02:56:05,611 [WARN] ModelIntegratedComponent:63 - No mode defined for component null
2026-03-11 02:56:05,611 [WARN] ModelIntegratedComponent:63 - No mode defined for component null
2026-03-11 02:56:05,611 [WARN] ModelIntegratedComponent:63 - No mode defined for component null
2026-03-11 02:56:05,611 [WARN] ModelIntegratedComponent:63 - No mode defined for component null
2026-03-11 02:56:05,611 [WARN] ModelIntegratedComponent:63 - No mode defined for component null
2026-03-11 02:56:05,611 [WARN] ModelIntegratedComponent:63 - No mode defined for component null
2026-03-11 02:56:05,611 [WARN] ModelIntegratedComponent:63 - No mode defined for component null
2026-03-11 02:56:05,611 [WARN] ModelIntegratedComponent:63 - No mode defined for component null
2026-03-11 02:56:05,612 [WARN] ModelPack:524 - Component already loaded: STMicroelectronics:HAL Drivers:0.0.0:STMicroelectronics:Device:STMicro_Driver:XSPI:HAL::0.0.1:HAL_XSPI
2026-03-11 02:56:05,647 [INFO] ThirdPartyModel:298 - Start build external matchings
2026-03-11 02:56:05,857 [INFO] ThirdPartyModel:316 - End build external matchings
2026-03-11 02:56:05,896 [INFO] ImportTextPane:234 - (OptionalMessage_ERROR) IP (ADC1) : Parameter (CommonPathInternal) has invalid value (null|null|null|null)
2026-03-11 02:56:07,742 [INFO] ApiDb:581 - Connected to CubeFinder SQLite database (/Users/leon/.stmcufinder/plugins/mcufinder/mcu/cube-finder-db.db)
2026-03-11 02:56:07,802 [INFO] ApiDb:668 - CubeFinder database Data Model version=2.1
2026-03-11 02:56:07,803 [INFO] ApiDb:669 - CubeFinder database Configuration version=3.0.42
2026-03-11 02:56:07,804 [INFO] ApiDb:670 - CubeFinder database generation date=2026-02-13 (1770995876)
2026-03-11 02:56:07,805 [INFO] ApiDb:671 - CubeFinder database FW Pack versions=[FP-ATR-ASTRA1_V2.0.0, FP-SNS-FLIGHT1_V5.1.0, FP-SNS-MOTENV1_V5.1.0, FP-SNS-MOTENVWB1_V1.4.0, FP-SNS-SMARTAG2_V1.2.0, FP-SNS-STBOX1_V2.1.0, STM32Cube_FW_C0_V1.4.0, STM32Cube_FW_F4_V1.28.3, STM32Cube_FW_F7_V1.17.4, STM32Cube_FW_G0_V1.6.2, STM32Cube_FW_G4_V1.6.1, STM32Cube_FW_H5_V1.6.0, STM32Cube_FW_H7RS_V1.3.0, STM32Cube_FW_H7_V1.13.0, STM32Cube_FW_L0_V1.12.2, STM32Cube_FW_L4_V1.18.2, STM32Cube_FW_L5_V1.6.0, STM32Cube_FW_N6_V1.3.0, STM32Cube_FW_U0_V1.3.0, STM32Cube_FW_U3_V1.3.0, STM32Cube_FW_U5_V1.8.0, STM32Cube_FW_WB0_V1.4.0, STM32Cube_FW_WBA_V1.9.0, STM32Cube_FW_WB_V1.24.0, STM32Cube_FW_WL3_V1.4.0, STM32Cube_FW_WL_V1.5.0, X-CUBE-ALGOBUILD_V1.4.0, X-CUBE-ALS_V1.0.2, X-CUBE-AZRTOS-F4_V1.1.0, X-CUBE-AZRTOS-F7_V1.1.0, X-CUBE-AZRTOS-G0_V1.1.0, X-CUBE-AZRTOS-G4_V2.0.0, X-CUBE-AZRTOS-H7RS_V1.1.0, X-CUBE-AZRTOS-H7_V3.4.0, X-CUBE-AZRTOS-L4_V2.0.0, X-CUBE-AZRTOS-L5_V2.0.0, X-CUBE-AZRTOS-WB_V2.0.0, X-CUBE-AZRTOS-WL_V2.0.0, X-CUBE-BLE1_V7.1.0, X-CUBE-BLE2_V3.3.0, X-CUBE-BLEMGR_V4.1.0, X-CUBE-EEPRMA1_V5.2.0, X-CUBE-FREERTOS_V1.3.1, X-CUBE-GNSS1_V6.0.0, X-CUBE-MEMS1_V12.0.0, X-CUBE-NFC4_V3.0.0, X-CUBE-NFC7_V2.0.0, X-CUBE-SFXS2LP1_V4.0.0, X-CUBE-ST67W61_V1.1.0, X-CUBE-SUBG2_V5.0.0, X-CUBE-TOF1_V3.4.3]
2026-03-11 02:56:07,899 [INFO] DbBoardsSqlite:226 - include board P-NUCLEO-WB55-NUCLEO as a kit item of type 'Nucleo-64'
2026-03-11 02:56:07,900 [INFO] DbBoardsSqlite:226 - include board P-NUCLEO-WB55-USBDONGLE as a kit item of type 'Nucleo USB Dongle'
2026-03-11 02:56:07,901 [INFO] DbBoardsSqlite:226 - include board STEVAL-IDP005V1 as a kit item of type 'Evaluation Board'
2026-03-11 02:56:07,901 [INFO] DbBoardsSqlite:226 - include board STEVAL-IDP005V2 as a kit item of type 'Evaluation Board'
2026-03-11 02:56:08,042 [INFO] ApiDb:240 - Found 880 in-development CPN: [B-G473E-ZEST1S, B-WB1M-WPAN1, B-WBA5M-WPAN, B-WL5M-SUBG1, NUCLEO-C031C6, NUCLEO-C051C8, NUCLEO-C071RB, NUCLEO-C092RC, NUCLEO-H503RB, NUCLEO-H533RE, NUCLEO-H563ZI, NUCLEO-H7S3L8, NUCLEO-N657X0-Q, NUCLEO-U031R8, NUCLEO-U083RC, NUCLEO-U385RG-Q, NUCLEO-U545RE-Q, NUCLEO-U5A5ZJ-Q, NUCLEO-WB05KZ, NUCLEO-WB07CC, NUCLEO-WB09KE, NUCLEO-WBA52CG, NUCLEO-WBA55CG, NUCLEO-WL33CC1, NUCLEO-WL33CC2, STEVAL-PROTEUS1, STEVAL-SMARTAG2, STEVAL-STWINBX1, STM320518-EVAL, STM32C0116-DK, STM32C011D6Y3TR, STM32C011D6Y6TR, STM32C011F4P3, STM32C011F4P6, STM32C011F4U3, STM32C011F4U6TR, STM32C011F6P3, STM32C011F6P6, STM32C011F6U3, STM32C011F6U6TR, STM32C011J4M3, STM32C011J4M6, STM32C011J6M3, STM32C011J6M6, STM32C0316-DK, STM32C031C4T3, STM32C031C4T6, STM32C031C4U3, STM32C031C4U6, STM32C031C6T3, STM32C031C6T6, STM32C031C6U3, STM32C031C6U6, STM32C031F4P3, STM32C031F4P6, STM32C031F6P3, STM32C031F6P6, STM32C031G4U3, STM32C031G4U6, STM32C031G6U3, STM32C031G6U6, STM32C031K4T3, STM32C031K4T6, STM32C031K4U3, STM32C031K4U6, STM32C031K6T3, STM32C031K6T6, STM32C031K6U3, STM32C031K6U6, STM32C051C6T6, STM32C051C6U6, STM32C051C8T6, STM32C051C8U6, STM32C051D8Y6TR, STM32C051F6P6, STM32C051F8P6, STM32C051G6U6, STM32C051G8U6, STM32C051K6T6, STM32C051K6U6, STM32C051K8T6, STM32C071C8T6, STM32C071C8T6N, STM32C071C8U6, STM32C071C8U6N, STM32C071CBT6, STM32C071CBT6N, STM32C071CBU6, STM32C071CBU6N, STM32C071F8P6, STM32C071F8P6N, STM32C071FBP6, STM32C071FBP6N, STM32C071FBY6TR, STM32C071G8U6, STM32C071G8U6N, STM32C071GBU6, STM32C071GBU6N, STM32C071K8T6, STM32C071K8T6N, STM32C071K8U6, STM32C071K8U6N, STM32C071KBT6, STM32C071KBT6N, STM32C071KBU6, STM32C071KBU6N, STM32C071R8T6, STM32C071R8T6N, STM32C071RBI6N, STM32C071RBT6, STM32C071RBT6N, STM32C091CBT6, STM32C091CBU6, STM32C091CCT6, STM32C091CCU6, STM32C091ECY6TR, STM32C091FBP6, STM32C091FCP6, STM32C091GBU6, STM32C091GCU6, STM32C091KBT6, STM32C091KBU6, STM32C091KCT6, STM32C091KCU6, STM32C091RBT6, STM32C091RCI6, STM32C091RCT6, STM32C092CBT6, STM32C092CBU6, STM32C092CCT6, STM32C092CCU6, STM32C092ECY6TR, STM32C092FBP6, STM32C092FCP6, STM32C092GBU6, STM32C092GCU6, STM32C092KBT6, STM32C092KBU6, STM32C092KCT6, STM32C092KCU6, STM32C092RBT6, STM32C092RCI6, STM32C092RCT6, STM32G071K8TXN, STM32G071K8UXN, STM32G081GBU6N, STM32G081KBT6N, STM32G081KBUXN, STM32G0B1CCT6N, STM32G0B1KCT6, STM32G0B1NEY6TR, STM32G0B1RCT6N, STM32G0C1CCT6, STM32G0C1CCT6N, STM32G0C1CCU6N, STM32G0C1CET6N, STM32G0C1CEU6N, STM32G0C1KCT6, STM32G0C1NEY6TR, STM32G0C1RCI6N, STM32G0C1RCT6N, STM32G0C1REI6N, STM32G0C1RET6N, STM32G0C1VCI6, STM32G0C1VEI6, STM32G411C6T3, STM32G411C6T6, STM32G411C6U3, STM32G411C6U6, STM32G411C8T3, STM32G411C8T6, STM32G411C8U3, STM32G411C8U6, STM32G411CBT3, STM32G411CBT6, STM32G411CBU3, STM32G411CBU6, STM32G411K6T3, STM32G411K6T6, STM32G411K6U3, STM32G411K6U6, STM32G411K8T3, STM32G411K8T6, STM32G411K8U3, STM32G411K8U6, STM32G411KBT3, STM32G411KBT6, STM32G411KBU3, STM32G411KBU6, STM32G411M6T3, STM32G411M6T6, STM32G411M8T3, STM32G411M8T6, STM32G411MBT3, STM32G411MBT6, STM32G411R6T3, STM32G411R6T6, STM32G411R8T3, STM32G411R8T6, STM32G411RBT3, STM32G411RBT6, STM32G414CBT3, STM32G414CBT6, STM32G414CBU3, STM32G414CBU6, STM32G414CCT3, STM32G414CCT6, STM32G414CCU3, STM32G414CCU6, STM32G414MBT3, STM32G414MBT6, STM32G414MCT3, STM32G414MCT6, STM32G414RBT3, STM32G414RBT6, STM32G414RCT3, STM32G414RCT6, STM32G414VBT3, STM32G414VBT6, STM32G414VCT3, STM32G414VCT6, STM32G431CBT3Z, STM32G431RBT3Z, STM32G471CCT6, STM32G471CCU6, STM32G471CET3, STM32G471CET6, STM32G471CEU3, STM32G471CEU6, STM32G471MCT6, STM32G471MET3, STM32G471MET6, STM32G471MEY6TR, STM32G471QCT6, STM32G471QET3, STM32G471RCT6, STM32G471RET3, STM32G471RET6, STM32G471VCH6, STM32G471VCI6, STM32G471VCT6, STM32G471VEH3, STM32G471VEH6, STM32G471VEI3, STM32G471VEI6, STM32G471VET3, STM32G471VET6, STM32G473QET3Z, STM32G473RET3Z, STM32G474CCT6, STM32G491RET3Z, STM32H503CBT6, STM32H503CBU6, STM32H503EBY6TR, STM32H503KBU6, STM32H503RBT6, STM32H523CCT6, STM32H523CCU6, STM32H523CET6, STM32H523CEU6, STM32H523HEY6TR, STM32H523RCT6, STM32H523RET6, STM32H523VCI6, STM32H523VCT6, STM32H523VEI6, STM32H523VET6, STM32H523ZCJ6, STM32H523ZCT6, STM32H523ZEJ6, STM32H523ZET6, STM32H533CET6, STM32H533CEU6, STM32H533HEY6TR, STM32H533RET6, STM32H533VEI6, STM32H533VET6, STM32H533ZEJ6, STM32H533ZET6, STM32H562AGI6, STM32H562AII6, STM32H562IGK6, STM32H562IGT6, STM32H562IIK6, STM32H562IIT6, STM32H562RGT6, STM32H562RGV6, STM32H562RIT6, STM32H562RIV6, STM32H562VGT6, STM32H562VIT6, STM32H562ZGT6, STM32H562ZIT6, STM32H563AGI6, STM32H563AII3Q, STM32H563AII6, STM32H563IGK6, STM32H563IGT6, STM32H563IIK3Q, STM32H563IIK6, STM32H563IIT3Q, STM32H563IIT6, STM32H563MIY3QTR, STM32H563RGT6, STM32H563RGV6, STM32H563RIT6, STM32H563RIV6, STM32H563VGT6, STM32H563VIT3Q, STM32H563VIT6, STM32H563ZGT6, STM32H563ZIT3Q, STM32H563ZIT6, STM32H573AII3Q, STM32H573AII6, STM32H573I-DK, STM32H573IIK3Q, STM32H573IIK6, STM32H573IIT3Q, STM32H573IIT6, STM32H573MIY3QTR, STM32H573RIT6, STM32H573RIV6, STM32H573VIT3Q, STM32H573VIT6, STM32H573ZIT3Q, STM32H573ZIT6, STM32H7R3A8I6, STM32H7R3I8K6, STM32H7R3I8T6, STM32H7R3L8H6, STM32H7R3L8H6H, STM32H7R3R8V6, STM32H7R3V8H6, STM32H7R3V8T6, STM32H7R3V8Y6TR, STM32H7R3Z8J6, STM32H7R3Z8T6, STM32H7R7A8I6, STM32H7R7I8K6, STM32H7R7I8T6, STM32H7R7L8H6, STM32H7R7L8H6H, STM32H7R7Z8J6, STM32H7S3A8I6, STM32H7S3I8K6, STM32H7S3I8T6, STM32H7S3L8H6, STM32H7S3L8H6H, STM32H7S3R8V6, STM32H7S3V8H6, STM32H7S3V8T6, STM32H7S3V8Y6TR, STM32H7S3Z8J6, STM32H7S3Z8T6, STM32H7S78-DK, STM32H7S7A8I6, STM32H7S7I8K6, STM32H7S7I8T6, STM32H7S7L8H6, STM32H7S7L8H6H, STM32H7S7Z8J6, STM32L4R5QGI6STR, STM32MP131AAE3, STM32MP131AAF3, STM32MP131AAG3, STM32MP131CAE3, STM32MP131CAF3, STM32MP131CAG3, STM32MP131DAE7, STM32MP131DAF7, STM32MP131DAG7, STM32MP131FAE7, STM32MP131FAF7, STM32MP131FAG7, STM32MP133AAE3, STM32MP133AAF3, STM32MP133AAG3, STM32MP133CAE3, STM32MP133CAF3, STM32MP133CAG3, STM32MP133DAE7, STM32MP133DAF7, STM32MP133DAG7, STM32MP133FAE7, STM32MP133FAF7, STM32MP133FAG7, STM32MP135AAE3, STM32MP135AAF3, STM32MP135AAG3, STM32MP135CAE3, STM32MP135CAF3, STM32MP135CAG3, STM32MP135DAE7, STM32MP135DAF7, STM32MP135DAG7, STM32MP135F-DK, STM32MP135FAE7, STM32MP135FAF7, STM32MP135FAF7T, STM32MP135FAF7U, STM32MP135FAG7, STM32MP211AAL3, STM32MP211AAM3, STM32MP211AAN3, STM32MP211AAO3, STM32MP211CAL3, STM32MP211CAM3, STM32MP211CAN3, STM32MP211CAO3, STM32MP211DAL3, STM32MP211DAM3, STM32MP211DAN3, STM32MP211DAO3, STM32MP211FAL3, STM32MP211FAM3, STM32MP211FAN3, STM32MP211FAO3, STM32MP213AAL3, STM32MP213AAM3, STM32MP213AAN3, STM32MP213AAO3, STM32MP213CAL3, STM32MP213CAM3, STM32MP213CAN3, STM32MP213CAO3, STM32MP213DAL3, STM32MP213DAM3, STM32MP213DAN3, STM32MP213DAO3, STM32MP213FAL3, STM32MP213FAM3, STM32MP213FAN3, STM32MP213FAO3, STM32MP215AAL3, STM32MP215AAM3, STM32MP215AAN3, STM32MP215AAO3, STM32MP215CAL3, STM32MP215CAM3, STM32MP215CAN3, STM32MP215CAO3, STM32MP215DAL3, STM32MP215DAM3, STM32MP215DAN3, STM32MP215DAO3, STM32MP215F-DK, STM32MP215FAL3, STM32MP215FAM3, STM32MP215FAN3, STM32MP215FAO3, STM32MP231AAJ3, STM32MP231AAK3, STM32MP231AAL3, STM32MP231CAJ3, STM32MP231CAK3, STM32MP231CAL3, STM32MP231DAJ3, STM32MP231DAK3, STM32MP231DAL3, STM32MP231FAJ3, STM32MP231FAK3, STM32MP231FAL3, STM32MP233AAJ3, STM32MP233AAK3, STM32MP233AAL3, STM32MP233CAJ3, STM32MP233CAK3, STM32MP233CAL3, STM32MP233DAJ3, STM32MP233DAK3, STM32MP233DAL3, STM32MP233FAJ3, STM32MP233FAK3, STM32MP233FAL3, STM32MP235AAJ3, STM32MP235AAK3, STM32MP235AAL3, STM32MP235CAJ3, STM32MP235CAK3, STM32MP235CAL3, STM32MP235DAJ3, STM32MP235DAK3, STM32MP235DAL3, STM32MP235FAJ3, STM32MP235FAK3, STM32MP235FAL3, STM32MP251AAI3, STM32MP251AAK3, STM32MP251AAL3, STM32MP251CAI3, STM32MP251CAK3, STM32MP251CAL3, STM32MP251DAI3, STM32MP251DAK3, STM32MP251DAL3, STM32MP251FAI3, STM32MP251FAK3, STM32MP251FAL3, STM32MP253AAI3, STM32MP253AAK3, STM32MP253AAL3, STM32MP253CAI3, STM32MP253CAK3, STM32MP253CAL3, STM32MP253DAI3, STM32MP253DAK3, STM32MP253DAL3, STM32MP253FAI3, STM32MP253FAK3, STM32MP253FAL3, STM32MP255AAI3, STM32MP255AAK3, STM32MP255AAL3, STM32MP255CAI3, STM32MP255CAK3, STM32MP255CAL3, STM32MP255DAI3, STM32MP255DAK3, STM32MP255DAL3, STM32MP255FAI3, STM32MP255FAK3, STM32MP255FAL3, STM32MP257AAI3, STM32MP257AAK3, STM32MP257AAL3, STM32MP257CAI3, STM32MP257CAK3, STM32MP257CAL3, STM32MP257DAI3, STM32MP257DAK3, STM32MP257DAL3, STM32MP257F-DK, STM32MP257F-EV1, STM32MP257FAI3, STM32MP257FAK3, STM32MP257FAL3, STM32N645A0H3Q, STM32N645B0H3Q, STM32N645I0H3Q, STM32N645L0H3Q, STM32N645X0H3Q, STM32N645Z0H3Q, STM32N647A0H3Q, STM32N647B0H3Q, STM32N647I0H3Q, STM32N647L0H3Q, STM32N647X0H3Q, STM32N647Z0H3Q, STM32N655A0H3Q, STM32N655B0H3Q, STM32N655I0H3Q, STM32N655L0H3Q, STM32N655X0H3Q, STM32N655Z0H3Q, STM32N6570-DK, STM32N657A0H3Q, STM32N657B0H3Q, STM32N657I0H3Q, STM32N657L0H3Q, STM32N657X0H3Q, STM32N657Z0H3Q, STM32U031C6T6, STM32U031C6U6, STM32U031C8T6, STM32U031C8U6, STM32U031F4P6, STM32U031F6P6, STM32U031F8P6, STM32U031G6Y6TR, STM32U031G8Y6TR, STM32U031K4U6, STM32U031K6U6, STM32U031K8U6, STM32U031R6I6, STM32U031R6T6, STM32U031R8I6, STM32U031R8T6, STM32U073C8T6, STM32U073C8U6, STM32U073CBT6, STM32U073CBU6, STM32U073CCT6, STM32U073CCU6, STM32U073H8Y6TR, STM32U073HBY6TR, STM32U073HCY6TR, STM32U073K8U6, STM32U073KBU6, STM32U073KCU6, STM32U073M8I6, STM32U073M8T6, STM32U073MBI6, STM32U073MBT6, STM32U073MCI6, STM32U073MCT6, STM32U073R8I6, STM32U073R8T6, STM32U073RBI6, STM32U073RBT6, STM32U073RCI6, STM32U073RCT6, STM32U083C-DK, STM32U083CCT6, STM32U083CCU6, STM32U083HCY6TR, STM32U083KCU6, STM32U083MCI6, STM32U083MCT6, STM32U083RCI6, STM32U083RCT6, STM32U375CET6, STM32U375CET6Q, STM32U375CEU6, STM32U375CEU6Q, STM32U375CEY6QTR, STM32U375CGT6, STM32U375CGT6Q, STM32U375CGU6, STM32U375CGU6Q, STM32U375CGY6QTR, STM32U375KEU6, STM32U375KGU6, STM32U375REI6, STM32U375REI6Q, STM32U375RET6, STM32U375RET6Q, STM32U375REY6GTR, STM32U375REY6QTR, STM32U375RGI6, STM32U375RGI6Q, STM32U375RGT6, STM32U375RGT6Q, STM32U375RGY6GTR, STM32U375RGY6QTR, STM32U375VEI6, STM32U375VEI6Q, STM32U375VET6, STM32U375VET6Q, STM32U375VGI6, STM32U375VGI6Q, STM32U375VGT6, STM32U375VGT6Q, STM32U385CGT6, STM32U385CGT6Q, STM32U385CGU6, STM32U385CGU6Q, STM32U385CGY6QTR, STM32U385KGU6, STM32U385RGI6, STM32U385RGI6Q, STM32U385RGT6, STM32U385RGT6Q, STM32U385RGY6GTR, STM32U385RGY6QTR, STM32U385VGI6, STM32U385VGI6Q, STM32U385VGT6, STM32U385VGT6Q, STM32U535CBT6, STM32U535CBT6Q, STM32U535CBU6, STM32U535CBU6Q, STM32U535CCT6, STM32U535CCT6Q, STM32U535CCU6, STM32U535CCU6Q, STM32U535CET6, STM32U535CET6Q, STM32U535CEU6, STM32U535CEU6Q, STM32U535JEY6QTR, STM32U535NCY6QTR, STM32U535NEY6QTR, STM32U535RBI6, STM32U535RBI6Q, STM32U535RBT6, STM32U535RBT6Q, STM32U535RCI6, STM32U535RCI6Q, STM32U535RCT6, STM32U535RCT6Q, STM32U535REI6, STM32U535REI6Q, STM32U535RET6, STM32U535RET6Q, STM32U535VCI6, STM32U535VCI6Q, STM32U535VCT6, STM32U535VCT6Q, STM32U535VEI6, STM32U535VEI6Q, STM32U535VET6, STM32U535VET6Q, STM32U545CET6, STM32U545CET6Q, STM32U545CEU6, STM32U545CEU6Q, STM32U545JEY6QTR, STM32U545NEY6QTR, STM32U545REI6, STM32U545REI6Q, STM32U545RET6, STM32U545RET6Q, STM32U545VEI6, STM32U545VEI6Q, STM32U545VET6, STM32U545VET6Q, STM32U595AIH6, STM32U595AIH6Q, STM32U595AJH6, STM32U595AJH6Q, STM32U595QII6, STM32U595QII6Q, STM32U595QJI6, STM32U595QJI6Q, STM32U595RIT6, STM32U595RIT6Q, STM32U595RJT6, STM32U595RJT6Q, STM32U595VIT6, STM32U595VIT6Q, STM32U595VJT6, STM32U595VJT6Q, STM32U595ZIT6, STM32U595ZIT6Q, STM32U595ZIY6QTR, STM32U595ZJT6, STM32U595ZJT6Q, STM32U595ZJY6QTR, STM32U599BJY6QTR, STM32U599NIH6Q, STM32U599NJH6Q, STM32U599VIT6Q, STM32U599VJT6, STM32U599VJT6Q, STM32U599ZIT6Q, STM32U599ZIY6QTR, STM32U599ZJT6Q, STM32U599ZJY6QTR, STM32U5A5AJH6, STM32U5A5AJH6Q, STM32U5A5QII3Q , STM32U5A5QJI6, STM32U5A5QJI6Q, STM32U5A5RJT6, STM32U5A5RJT6Q, STM32U5A5VJT6, STM32U5A5VJT6Q, STM32U5A5ZJT6, STM32U5A5ZJT6Q, STM32U5A5ZJY6QTR, STM32U5A9BJY6QTR, STM32U5A9J-DK, STM32U5A9NJH6Q, STM32U5A9VJT6Q, STM32U5A9ZJT6Q, STM32U5A9ZJY6QTR, STM32U5F7VIT6, STM32U5F7VIT6Q, STM32U5F7VJT6, STM32U5F7VJT6Q, STM32U5F9BJY6QTR, STM32U5F9NJH6Q, STM32U5F9VIT6Q, STM32U5F9VJT6Q, STM32U5F9ZIJ6QTR, STM32U5F9ZIT6Q, STM32U5F9ZJJ6QTR, STM32U5F9ZJT6Q, STM32U5G7VJT6, STM32U5G7VJT6Q, STM32U5G9BJY6QTR, STM32U5G9J-DK1, STM32U5G9J-DK2, STM32U5G9NJH6Q, STM32U5G9VJT6Q, STM32U5G9ZJJ6QTR, STM32U5G9ZJT6Q, STM32WB05KZV6TR, STM32WB05KZV7TR, STM32WB05TZF6TR, STM32WB05TZF7TR, STM32WB06CCF6TR, STM32WB06CCF7TR, STM32WB06CCV6TR, STM32WB06CCV7TR, STM32WB06KCV6TR, STM32WB06KCV7TR, STM32WB07CCF6TR, STM32WB07CCF7TR, STM32WB07CCV6TR, STM32WB07CCV7TR, STM32WB07KCV6TR, STM32WB07KCV7TR, STM32WB09KEV6TR, STM32WB09KEV7TR, STM32WB09TEF6TR, STM32WB09TEF7TR, STM32WB1MMCH6, STM32WBA50KGU6, STM32WBA50KGU6TR, STM32WBA52CEU6, STM32WBA52CEU6TR, STM32WBA52CEU7, STM32WBA52CEU7TR, STM32WBA52CGU6, STM32WBA52CGU6TR, STM32WBA52CGU6U, STM32WBA52CGU7, STM32WBA52CGU7TR, STM32WBA52KEU6, STM32WBA52KEU6TR, STM32WBA52KGU6, STM32WBA52KGU6TR, STM32WBA54CEU6, STM32WBA54CEU6TR, STM32WBA54CEU7, STM32WBA54CEU7TR, STM32WBA54CGU6, STM32WBA54CGU6TR, STM32WBA54CGU7, STM32WBA54CGU7TR, STM32WBA54KEU6, STM32WBA54KEU6TR, STM32WBA54KEU7, STM32WBA54KEU7TR, STM32WBA54KGU6, STM32WBA54KGU6TR, STM32WBA54KGU7, STM32WBA54KGU7TR, STM32WBA55CEU6, STM32WBA55CEU6TR, STM32WBA55CEU7, STM32WBA55CEU7TR, STM32WBA55CGU6, STM32WBA55CGU6TR, STM32WBA55CGU6U, STM32WBA55CGU7, STM32WBA55CGU7TR, STM32WBA55G-DK1, STM32WBA55HEF6, STM32WBA55HEF7, STM32WBA55HGF6, STM32WBA55HGF7, STM32WBA55UEI6, STM32WBA55UEI6TR, STM32WBA55UEI7, STM32WBA55UEI7TR, STM32WBA55UGI6, STM32WBA55UGI6TR, STM32WBA55UGI7, STM32WBA55UGI7TR, STM32WBA5MMGH6TR, STM32WBA62MGF6, STM32WBA62MIF6, STM32WBA65MGF7, STM32WBA65MIF6, STM32WBA65MIF7, STM32WL30K8V6, STM32WL30KBV6, STM32WL31C8V6, STM32WL31CBV6, STM32WL31K8V6, STM32WL31KBV6, STM32WL33C8V6, STM32WL33C8V6X, STM32WL33CBV6, STM32WL33CBV6X, STM32WL33CCV6, STM32WL33CCV6A, STM32WL33CCV6X, STM32WL33K8V7, STM32WL33K8V7X, STM32WL33KBV7 , STM32WL33KBV7X, STM32WL33KCV7, STM32WL33KCV7X, STM32WL5MOCH6, STM32WL5MOCH6TR]
2026-03-11 02:56:08,049 [INFO] ApiDb:668 - CubeFinder database Data Model version=2.1
2026-03-11 02:56:08,049 [INFO] ApiDb:669 - CubeFinder database Configuration version=3.0.42
2026-03-11 02:56:08,050 [INFO] ApiDb:670 - CubeFinder database generation date=2026-02-13 (1770995876)
2026-03-11 02:56:08,051 [INFO] ApiDb:671 - CubeFinder database FW Pack versions=[FP-ATR-ASTRA1_V2.0.0, FP-SNS-FLIGHT1_V5.1.0, FP-SNS-MOTENV1_V5.1.0, FP-SNS-MOTENVWB1_V1.4.0, FP-SNS-SMARTAG2_V1.2.0, FP-SNS-STBOX1_V2.1.0, STM32Cube_FW_C0_V1.4.0, STM32Cube_FW_F4_V1.28.3, STM32Cube_FW_F7_V1.17.4, STM32Cube_FW_G0_V1.6.2, STM32Cube_FW_G4_V1.6.1, STM32Cube_FW_H5_V1.6.0, STM32Cube_FW_H7RS_V1.3.0, STM32Cube_FW_H7_V1.13.0, STM32Cube_FW_L0_V1.12.2, STM32Cube_FW_L4_V1.18.2, STM32Cube_FW_L5_V1.6.0, STM32Cube_FW_N6_V1.3.0, STM32Cube_FW_U0_V1.3.0, STM32Cube_FW_U3_V1.3.0, STM32Cube_FW_U5_V1.8.0, STM32Cube_FW_WB0_V1.4.0, STM32Cube_FW_WBA_V1.9.0, STM32Cube_FW_WB_V1.24.0, STM32Cube_FW_WL3_V1.4.0, STM32Cube_FW_WL_V1.5.0, X-CUBE-ALGOBUILD_V1.4.0, X-CUBE-ALS_V1.0.2, X-CUBE-AZRTOS-F4_V1.1.0, X-CUBE-AZRTOS-F7_V1.1.0, X-CUBE-AZRTOS-G0_V1.1.0, X-CUBE-AZRTOS-G4_V2.0.0, X-CUBE-AZRTOS-H7RS_V1.1.0, X-CUBE-AZRTOS-H7_V3.4.0, X-CUBE-AZRTOS-L4_V2.0.0, X-CUBE-AZRTOS-L5_V2.0.0, X-CUBE-AZRTOS-WB_V2.0.0, X-CUBE-AZRTOS-WL_V2.0.0, X-CUBE-BLE1_V7.1.0, X-CUBE-BLE2_V3.3.0, X-CUBE-BLEMGR_V4.1.0, X-CUBE-EEPRMA1_V5.2.0, X-CUBE-FREERTOS_V1.3.1, X-CUBE-GNSS1_V6.0.0, X-CUBE-MEMS1_V12.0.0, X-CUBE-NFC4_V3.0.0, X-CUBE-NFC7_V2.0.0, X-CUBE-SFXS2LP1_V4.0.0, X-CUBE-ST67W61_V1.1.0, X-CUBE-SUBG2_V5.0.0, X-CUBE-TOF1_V3.4.3]
2026-03-11 02:56:09,450 [INFO] ApiDb:240 - Found 880 in-development CPN: [B-G473E-ZEST1S, B-WB1M-WPAN1, B-WBA5M-WPAN, B-WL5M-SUBG1, NUCLEO-C031C6, NUCLEO-C051C8, NUCLEO-C071RB, NUCLEO-C092RC, NUCLEO-H503RB, NUCLEO-H533RE, NUCLEO-H563ZI, NUCLEO-H7S3L8, NUCLEO-N657X0-Q, NUCLEO-U031R8, NUCLEO-U083RC, NUCLEO-U385RG-Q, NUCLEO-U545RE-Q, NUCLEO-U5A5ZJ-Q, NUCLEO-WB05KZ, NUCLEO-WB07CC, NUCLEO-WB09KE, NUCLEO-WBA52CG, NUCLEO-WBA55CG, NUCLEO-WL33CC1, NUCLEO-WL33CC2, STEVAL-PROTEUS1, STEVAL-SMARTAG2, STEVAL-STWINBX1, STM320518-EVAL, STM32C0116-DK, STM32C011D6Y3TR, STM32C011D6Y6TR, STM32C011F4P3, STM32C011F4P6, STM32C011F4U3, STM32C011F4U6TR, STM32C011F6P3, STM32C011F6P6, STM32C011F6U3, STM32C011F6U6TR, STM32C011J4M3, STM32C011J4M6, STM32C011J6M3, STM32C011J6M6, STM32C0316-DK, STM32C031C4T3, STM32C031C4T6, STM32C031C4U3, STM32C031C4U6, STM32C031C6T3, STM32C031C6T6, STM32C031C6U3, STM32C031C6U6, STM32C031F4P3, STM32C031F4P6, STM32C031F6P3, STM32C031F6P6, STM32C031G4U3, STM32C031G4U6, STM32C031G6U3, STM32C031G6U6, STM32C031K4T3, STM32C031K4T6, STM32C031K4U3, STM32C031K4U6, STM32C031K6T3, STM32C031K6T6, STM32C031K6U3, STM32C031K6U6, STM32C051C6T6, STM32C051C6U6, STM32C051C8T6, STM32C051C8U6, STM32C051D8Y6TR, STM32C051F6P6, STM32C051F8P6, STM32C051G6U6, STM32C051G8U6, STM32C051K6T6, STM32C051K6U6, STM32C051K8T6, STM32C071C8T6, STM32C071C8T6N, STM32C071C8U6, STM32C071C8U6N, STM32C071CBT6, STM32C071CBT6N, STM32C071CBU6, STM32C071CBU6N, STM32C071F8P6, STM32C071F8P6N, STM32C071FBP6, STM32C071FBP6N, STM32C071FBY6TR, STM32C071G8U6, STM32C071G8U6N, STM32C071GBU6, STM32C071GBU6N, STM32C071K8T6, STM32C071K8T6N, STM32C071K8U6, STM32C071K8U6N, STM32C071KBT6, STM32C071KBT6N, STM32C071KBU6, STM32C071KBU6N, STM32C071R8T6, STM32C071R8T6N, STM32C071RBI6N, STM32C071RBT6, STM32C071RBT6N, STM32C091CBT6, STM32C091CBU6, STM32C091CCT6, STM32C091CCU6, STM32C091ECY6TR, STM32C091FBP6, STM32C091FCP6, STM32C091GBU6, STM32C091GCU6, STM32C091KBT6, STM32C091KBU6, STM32C091KCT6, STM32C091KCU6, STM32C091RBT6, STM32C091RCI6, STM32C091RCT6, STM32C092CBT6, STM32C092CBU6, STM32C092CCT6, STM32C092CCU6, STM32C092ECY6TR, STM32C092FBP6, STM32C092FCP6, STM32C092GBU6, STM32C092GCU6, STM32C092KBT6, STM32C092KBU6, STM32C092KCT6, STM32C092KCU6, STM32C092RBT6, STM32C092RCI6, STM32C092RCT6, STM32G071K8TXN, STM32G071K8UXN, STM32G081GBU6N, STM32G081KBT6N, STM32G081KBUXN, STM32G0B1CCT6N, STM32G0B1KCT6, STM32G0B1NEY6TR, STM32G0B1RCT6N, STM32G0C1CCT6, STM32G0C1CCT6N, STM32G0C1CCU6N, STM32G0C1CET6N, STM32G0C1CEU6N, STM32G0C1KCT6, STM32G0C1NEY6TR, STM32G0C1RCI6N, STM32G0C1RCT6N, STM32G0C1REI6N, STM32G0C1RET6N, STM32G0C1VCI6, STM32G0C1VEI6, STM32G411C6T3, STM32G411C6T6, STM32G411C6U3, STM32G411C6U6, STM32G411C8T3, STM32G411C8T6, STM32G411C8U3, STM32G411C8U6, STM32G411CBT3, STM32G411CBT6, STM32G411CBU3, STM32G411CBU6, STM32G411K6T3, STM32G411K6T6, STM32G411K6U3, STM32G411K6U6, STM32G411K8T3, STM32G411K8T6, STM32G411K8U3, STM32G411K8U6, STM32G411KBT3, STM32G411KBT6, STM32G411KBU3, STM32G411KBU6, STM32G411M6T3, STM32G411M6T6, STM32G411M8T3, STM32G411M8T6, STM32G411MBT3, STM32G411MBT6, STM32G411R6T3, STM32G411R6T6, STM32G411R8T3, STM32G411R8T6, STM32G411RBT3, STM32G411RBT6, STM32G414CBT3, STM32G414CBT6, STM32G414CBU3, STM32G414CBU6, STM32G414CCT3, STM32G414CCT6, STM32G414CCU3, STM32G414CCU6, STM32G414MBT3, STM32G414MBT6, STM32G414MCT3, STM32G414MCT6, STM32G414RBT3, STM32G414RBT6, STM32G414RCT3, STM32G414RCT6, STM32G414VBT3, STM32G414VBT6, STM32G414VCT3, STM32G414VCT6, STM32G431CBT3Z, STM32G431RBT3Z, STM32G471CCT6, STM32G471CCU6, STM32G471CET3, STM32G471CET6, STM32G471CEU3, STM32G471CEU6, STM32G471MCT6, STM32G471MET3, STM32G471MET6, STM32G471MEY6TR, STM32G471QCT6, STM32G471QET3, STM32G471RCT6, STM32G471RET3, STM32G471RET6, STM32G471VCH6, STM32G471VCI6, STM32G471VCT6, STM32G471VEH3, STM32G471VEH6, STM32G471VEI3, STM32G471VEI6, STM32G471VET3, STM32G471VET6, STM32G473QET3Z, STM32G473RET3Z, STM32G474CCT6, STM32G491RET3Z, STM32H503CBT6, STM32H503CBU6, STM32H503EBY6TR, STM32H503KBU6, STM32H503RBT6, STM32H523CCT6, STM32H523CCU6, STM32H523CET6, STM32H523CEU6, STM32H523HEY6TR, STM32H523RCT6, STM32H523RET6, STM32H523VCI6, STM32H523VCT6, STM32H523VEI6, STM32H523VET6, STM32H523ZCJ6, STM32H523ZCT6, STM32H523ZEJ6, STM32H523ZET6, STM32H533CET6, STM32H533CEU6, STM32H533HEY6TR, STM32H533RET6, STM32H533VEI6, STM32H533VET6, STM32H533ZEJ6, STM32H533ZET6, STM32H562AGI6, STM32H562AII6, STM32H562IGK6, STM32H562IGT6, STM32H562IIK6, STM32H562IIT6, STM32H562RGT6, STM32H562RGV6, STM32H562RIT6, STM32H562RIV6, STM32H562VGT6, STM32H562VIT6, STM32H562ZGT6, STM32H562ZIT6, STM32H563AGI6, STM32H563AII3Q, STM32H563AII6, STM32H563IGK6, STM32H563IGT6, STM32H563IIK3Q, STM32H563IIK6, STM32H563IIT3Q, STM32H563IIT6, STM32H563MIY3QTR, STM32H563RGT6, STM32H563RGV6, STM32H563RIT6, STM32H563RIV6, STM32H563VGT6, STM32H563VIT3Q, STM32H563VIT6, STM32H563ZGT6, STM32H563ZIT3Q, STM32H563ZIT6, STM32H573AII3Q, STM32H573AII6, STM32H573I-DK, STM32H573IIK3Q, STM32H573IIK6, STM32H573IIT3Q, STM32H573IIT6, STM32H573MIY3QTR, STM32H573RIT6, STM32H573RIV6, STM32H573VIT3Q, STM32H573VIT6, STM32H573ZIT3Q, STM32H573ZIT6, STM32H7R3A8I6, STM32H7R3I8K6, STM32H7R3I8T6, STM32H7R3L8H6, STM32H7R3L8H6H, STM32H7R3R8V6, STM32H7R3V8H6, STM32H7R3V8T6, STM32H7R3V8Y6TR, STM32H7R3Z8J6, STM32H7R3Z8T6, STM32H7R7A8I6, STM32H7R7I8K6, STM32H7R7I8T6, STM32H7R7L8H6, STM32H7R7L8H6H, STM32H7R7Z8J6, STM32H7S3A8I6, STM32H7S3I8K6, STM32H7S3I8T6, STM32H7S3L8H6, STM32H7S3L8H6H, STM32H7S3R8V6, STM32H7S3V8H6, STM32H7S3V8T6, STM32H7S3V8Y6TR, STM32H7S3Z8J6, STM32H7S3Z8T6, STM32H7S78-DK, STM32H7S7A8I6, STM32H7S7I8K6, STM32H7S7I8T6, STM32H7S7L8H6, STM32H7S7L8H6H, STM32H7S7Z8J6, STM32L4R5QGI6STR, STM32MP131AAE3, STM32MP131AAF3, STM32MP131AAG3, STM32MP131CAE3, STM32MP131CAF3, STM32MP131CAG3, STM32MP131DAE7, STM32MP131DAF7, STM32MP131DAG7, STM32MP131FAE7, STM32MP131FAF7, STM32MP131FAG7, STM32MP133AAE3, STM32MP133AAF3, STM32MP133AAG3, STM32MP133CAE3, STM32MP133CAF3, STM32MP133CAG3, STM32MP133DAE7, STM32MP133DAF7, STM32MP133DAG7, STM32MP133FAE7, STM32MP133FAF7, STM32MP133FAG7, STM32MP135AAE3, STM32MP135AAF3, STM32MP135AAG3, STM32MP135CAE3, STM32MP135CAF3, STM32MP135CAG3, STM32MP135DAE7, STM32MP135DAF7, STM32MP135DAG7, STM32MP135F-DK, STM32MP135FAE7, STM32MP135FAF7, STM32MP135FAF7T, STM32MP135FAF7U, STM32MP135FAG7, STM32MP211AAL3, STM32MP211AAM3, STM32MP211AAN3, STM32MP211AAO3, STM32MP211CAL3, STM32MP211CAM3, STM32MP211CAN3, STM32MP211CAO3, STM32MP211DAL3, STM32MP211DAM3, STM32MP211DAN3, STM32MP211DAO3, STM32MP211FAL3, STM32MP211FAM3, STM32MP211FAN3, STM32MP211FAO3, STM32MP213AAL3, STM32MP213AAM3, STM32MP213AAN3, STM32MP213AAO3, STM32MP213CAL3, STM32MP213CAM3, STM32MP213CAN3, STM32MP213CAO3, STM32MP213DAL3, STM32MP213DAM3, STM32MP213DAN3, STM32MP213DAO3, STM32MP213FAL3, STM32MP213FAM3, STM32MP213FAN3, STM32MP213FAO3, STM32MP215AAL3, STM32MP215AAM3, STM32MP215AAN3, STM32MP215AAO3, STM32MP215CAL3, STM32MP215CAM3, STM32MP215CAN3, STM32MP215CAO3, STM32MP215DAL3, STM32MP215DAM3, STM32MP215DAN3, STM32MP215DAO3, STM32MP215F-DK, STM32MP215FAL3, STM32MP215FAM3, STM32MP215FAN3, STM32MP215FAO3, STM32MP231AAJ3, STM32MP231AAK3, STM32MP231AAL3, STM32MP231CAJ3, STM32MP231CAK3, STM32MP231CAL3, STM32MP231DAJ3, STM32MP231DAK3, STM32MP231DAL3, STM32MP231FAJ3, STM32MP231FAK3, STM32MP231FAL3, STM32MP233AAJ3, STM32MP233AAK3, STM32MP233AAL3, STM32MP233CAJ3, STM32MP233CAK3, STM32MP233CAL3, STM32MP233DAJ3, STM32MP233DAK3, STM32MP233DAL3, STM32MP233FAJ3, STM32MP233FAK3, STM32MP233FAL3, STM32MP235AAJ3, STM32MP235AAK3, STM32MP235AAL3, STM32MP235CAJ3, STM32MP235CAK3, STM32MP235CAL3, STM32MP235DAJ3, STM32MP235DAK3, STM32MP235DAL3, STM32MP235FAJ3, STM32MP235FAK3, STM32MP235FAL3, STM32MP251AAI3, STM32MP251AAK3, STM32MP251AAL3, STM32MP251CAI3, STM32MP251CAK3, STM32MP251CAL3, STM32MP251DAI3, STM32MP251DAK3, STM32MP251DAL3, STM32MP251FAI3, STM32MP251FAK3, STM32MP251FAL3, STM32MP253AAI3, STM32MP253AAK3, STM32MP253AAL3, STM32MP253CAI3, STM32MP253CAK3, STM32MP253CAL3, STM32MP253DAI3, STM32MP253DAK3, STM32MP253DAL3, STM32MP253FAI3, STM32MP253FAK3, STM32MP253FAL3, STM32MP255AAI3, STM32MP255AAK3, STM32MP255AAL3, STM32MP255CAI3, STM32MP255CAK3, STM32MP255CAL3, STM32MP255DAI3, STM32MP255DAK3, STM32MP255DAL3, STM32MP255FAI3, STM32MP255FAK3, STM32MP255FAL3, STM32MP257AAI3, STM32MP257AAK3, STM32MP257AAL3, STM32MP257CAI3, STM32MP257CAK3, STM32MP257CAL3, STM32MP257DAI3, STM32MP257DAK3, STM32MP257DAL3, STM32MP257F-DK, STM32MP257F-EV1, STM32MP257FAI3, STM32MP257FAK3, STM32MP257FAL3, STM32N645A0H3Q, STM32N645B0H3Q, STM32N645I0H3Q, STM32N645L0H3Q, STM32N645X0H3Q, STM32N645Z0H3Q, STM32N647A0H3Q, STM32N647B0H3Q, STM32N647I0H3Q, STM32N647L0H3Q, STM32N647X0H3Q, STM32N647Z0H3Q, STM32N655A0H3Q, STM32N655B0H3Q, STM32N655I0H3Q, STM32N655L0H3Q, STM32N655X0H3Q, STM32N655Z0H3Q, STM32N6570-DK, STM32N657A0H3Q, STM32N657B0H3Q, STM32N657I0H3Q, STM32N657L0H3Q, STM32N657X0H3Q, STM32N657Z0H3Q, STM32U031C6T6, STM32U031C6U6, STM32U031C8T6, STM32U031C8U6, STM32U031F4P6, STM32U031F6P6, STM32U031F8P6, STM32U031G6Y6TR, STM32U031G8Y6TR, STM32U031K4U6, STM32U031K6U6, STM32U031K8U6, STM32U031R6I6, STM32U031R6T6, STM32U031R8I6, STM32U031R8T6, STM32U073C8T6, STM32U073C8U6, STM32U073CBT6, STM32U073CBU6, STM32U073CCT6, STM32U073CCU6, STM32U073H8Y6TR, STM32U073HBY6TR, STM32U073HCY6TR, STM32U073K8U6, STM32U073KBU6, STM32U073KCU6, STM32U073M8I6, STM32U073M8T6, STM32U073MBI6, STM32U073MBT6, STM32U073MCI6, STM32U073MCT6, STM32U073R8I6, STM32U073R8T6, STM32U073RBI6, STM32U073RBT6, STM32U073RCI6, STM32U073RCT6, STM32U083C-DK, STM32U083CCT6, STM32U083CCU6, STM32U083HCY6TR, STM32U083KCU6, STM32U083MCI6, STM32U083MCT6, STM32U083RCI6, STM32U083RCT6, STM32U375CET6, STM32U375CET6Q, STM32U375CEU6, STM32U375CEU6Q, STM32U375CEY6QTR, STM32U375CGT6, STM32U375CGT6Q, STM32U375CGU6, STM32U375CGU6Q, STM32U375CGY6QTR, STM32U375KEU6, STM32U375KGU6, STM32U375REI6, STM32U375REI6Q, STM32U375RET6, STM32U375RET6Q, STM32U375REY6GTR, STM32U375REY6QTR, STM32U375RGI6, STM32U375RGI6Q, STM32U375RGT6, STM32U375RGT6Q, STM32U375RGY6GTR, STM32U375RGY6QTR, STM32U375VEI6, STM32U375VEI6Q, STM32U375VET6, STM32U375VET6Q, STM32U375VGI6, STM32U375VGI6Q, STM32U375VGT6, STM32U375VGT6Q, STM32U385CGT6, STM32U385CGT6Q, STM32U385CGU6, STM32U385CGU6Q, STM32U385CGY6QTR, STM32U385KGU6, STM32U385RGI6, STM32U385RGI6Q, STM32U385RGT6, STM32U385RGT6Q, STM32U385RGY6GTR, STM32U385RGY6QTR, STM32U385VGI6, STM32U385VGI6Q, STM32U385VGT6, STM32U385VGT6Q, STM32U535CBT6, STM32U535CBT6Q, STM32U535CBU6, STM32U535CBU6Q, STM32U535CCT6, STM32U535CCT6Q, STM32U535CCU6, STM32U535CCU6Q, STM32U535CET6, STM32U535CET6Q, STM32U535CEU6, STM32U535CEU6Q, STM32U535JEY6QTR, STM32U535NCY6QTR, STM32U535NEY6QTR, STM32U535RBI6, STM32U535RBI6Q, STM32U535RBT6, STM32U535RBT6Q, STM32U535RCI6, STM32U535RCI6Q, STM32U535RCT6, STM32U535RCT6Q, STM32U535REI6, STM32U535REI6Q, STM32U535RET6, STM32U535RET6Q, STM32U535VCI6, STM32U535VCI6Q, STM32U535VCT6, STM32U535VCT6Q, STM32U535VEI6, STM32U535VEI6Q, STM32U535VET6, STM32U535VET6Q, STM32U545CET6, STM32U545CET6Q, STM32U545CEU6, STM32U545CEU6Q, STM32U545JEY6QTR, STM32U545NEY6QTR, STM32U545REI6, STM32U545REI6Q, STM32U545RET6, STM32U545RET6Q, STM32U545VEI6, STM32U545VEI6Q, STM32U545VET6, STM32U545VET6Q, STM32U595AIH6, STM32U595AIH6Q, STM32U595AJH6, STM32U595AJH6Q, STM32U595QII6, STM32U595QII6Q, STM32U595QJI6, STM32U595QJI6Q, STM32U595RIT6, STM32U595RIT6Q, STM32U595RJT6, STM32U595RJT6Q, STM32U595VIT6, STM32U595VIT6Q, STM32U595VJT6, STM32U595VJT6Q, STM32U595ZIT6, STM32U595ZIT6Q, STM32U595ZIY6QTR, STM32U595ZJT6, STM32U595ZJT6Q, STM32U595ZJY6QTR, STM32U599BJY6QTR, STM32U599NIH6Q, STM32U599NJH6Q, STM32U599VIT6Q, STM32U599VJT6, STM32U599VJT6Q, STM32U599ZIT6Q, STM32U599ZIY6QTR, STM32U599ZJT6Q, STM32U599ZJY6QTR, STM32U5A5AJH6, STM32U5A5AJH6Q, STM32U5A5QII3Q , STM32U5A5QJI6, STM32U5A5QJI6Q, STM32U5A5RJT6, STM32U5A5RJT6Q, STM32U5A5VJT6, STM32U5A5VJT6Q, STM32U5A5ZJT6, STM32U5A5ZJT6Q, STM32U5A5ZJY6QTR, STM32U5A9BJY6QTR, STM32U5A9J-DK, STM32U5A9NJH6Q, STM32U5A9VJT6Q, STM32U5A9ZJT6Q, STM32U5A9ZJY6QTR, STM32U5F7VIT6, STM32U5F7VIT6Q, STM32U5F7VJT6, STM32U5F7VJT6Q, STM32U5F9BJY6QTR, STM32U5F9NJH6Q, STM32U5F9VIT6Q, STM32U5F9VJT6Q, STM32U5F9ZIJ6QTR, STM32U5F9ZIT6Q, STM32U5F9ZJJ6QTR, STM32U5F9ZJT6Q, STM32U5G7VJT6, STM32U5G7VJT6Q, STM32U5G9BJY6QTR, STM32U5G9J-DK1, STM32U5G9J-DK2, STM32U5G9NJH6Q, STM32U5G9VJT6Q, STM32U5G9ZJJ6QTR, STM32U5G9ZJT6Q, STM32WB05KZV6TR, STM32WB05KZV7TR, STM32WB05TZF6TR, STM32WB05TZF7TR, STM32WB06CCF6TR, STM32WB06CCF7TR, STM32WB06CCV6TR, STM32WB06CCV7TR, STM32WB06KCV6TR, STM32WB06KCV7TR, STM32WB07CCF6TR, STM32WB07CCF7TR, STM32WB07CCV6TR, STM32WB07CCV7TR, STM32WB07KCV6TR, STM32WB07KCV7TR, STM32WB09KEV6TR, STM32WB09KEV7TR, STM32WB09TEF6TR, STM32WB09TEF7TR, STM32WB1MMCH6, STM32WBA50KGU6, STM32WBA50KGU6TR, STM32WBA52CEU6, STM32WBA52CEU6TR, STM32WBA52CEU7, STM32WBA52CEU7TR, STM32WBA52CGU6, STM32WBA52CGU6TR, STM32WBA52CGU6U, STM32WBA52CGU7, STM32WBA52CGU7TR, STM32WBA52KEU6, STM32WBA52KEU6TR, STM32WBA52KGU6, STM32WBA52KGU6TR, STM32WBA54CEU6, STM32WBA54CEU6TR, STM32WBA54CEU7, STM32WBA54CEU7TR, STM32WBA54CGU6, STM32WBA54CGU6TR, STM32WBA54CGU7, STM32WBA54CGU7TR, STM32WBA54KEU6, STM32WBA54KEU6TR, STM32WBA54KEU7, STM32WBA54KEU7TR, STM32WBA54KGU6, STM32WBA54KGU6TR, STM32WBA54KGU7, STM32WBA54KGU7TR, STM32WBA55CEU6, STM32WBA55CEU6TR, STM32WBA55CEU7, STM32WBA55CEU7TR, STM32WBA55CGU6, STM32WBA55CGU6TR, STM32WBA55CGU6U, STM32WBA55CGU7, STM32WBA55CGU7TR, STM32WBA55G-DK1, STM32WBA55HEF6, STM32WBA55HEF7, STM32WBA55HGF6, STM32WBA55HGF7, STM32WBA55UEI6, STM32WBA55UEI6TR, STM32WBA55UEI7, STM32WBA55UEI7TR, STM32WBA55UGI6, STM32WBA55UGI6TR, STM32WBA55UGI7, STM32WBA55UGI7TR, STM32WBA5MMGH6TR, STM32WBA62MGF6, STM32WBA62MIF6, STM32WBA65MGF7, STM32WBA65MIF6, STM32WBA65MIF7, STM32WL30K8V6, STM32WL30KBV6, STM32WL31C8V6, STM32WL31CBV6, STM32WL31K8V6, STM32WL31KBV6, STM32WL33C8V6, STM32WL33C8V6X, STM32WL33CBV6, STM32WL33CBV6X, STM32WL33CCV6, STM32WL33CCV6A, STM32WL33CCV6X, STM32WL33K8V7, STM32WL33K8V7X, STM32WL33KBV7 , STM32WL33KBV7X, STM32WL33KCV7, STM32WL33KCV7X, STM32WL5MOCH6, STM32WL5MOCH6TR]
2026-03-11 02:56:09,457 [INFO] DbMcus:218 - Found 4922 MCUs, 4922 are supported
2026-03-11 02:56:09,461 [INFO] ApiDb:423 - Load user favorites file /Users/leon/.stm32cubeide/favorites.mcus.txt: 0 item(s)
2026-03-11 02:56:09,462 [INFO] ApiDb:427 - User favorites MCUs=[]
2026-03-11 02:56:09,462 [INFO] DbMcus:224 - Set 0 / 0 favorites MCUs
2026-03-11 02:56:09,882 [INFO] BoardInfo:889 - No configuration file found for board P-NUCLEO-WB55
2026-03-11 02:56:09,887 [INFO] DbBoards:161 - Kit is not supported: P-NUCLEO-WB55
2026-03-11 02:56:09,895 [INFO] BoardInfo:889 - No configuration file found for board STEVAL-BFA001V1B
2026-03-11 02:56:09,903 [INFO] DbBoards:161 - Kit is not supported: STEVAL-BFA001V1B
2026-03-11 02:56:09,911 [INFO] BoardInfo:889 - No configuration file found for board STEVAL-BFA001V2B
2026-03-11 02:56:09,913 [INFO] DbBoards:161 - Kit is not supported: STEVAL-BFA001V2B
2026-03-11 02:56:10,032 [INFO] DbBoards:168 - Found 212 boards, 209 are supported
2026-03-11 02:56:10,033 [INFO] DbBoards:169 - Found 212 boards, 43 of them is supported for  Bsp
2026-03-11 02:56:10,038 [INFO] ApiDb:423 - Load user favorites file /Users/leon/.stm32cubeide/favorites.boards.txt: 0 item(s)
2026-03-11 02:56:10,039 [INFO] ApiDb:427 - User favorites Boards=[]
2026-03-11 02:56:10,039 [INFO] DbBoards:198 - Set 0 / 0 favorites Boards
2026-03-11 02:56:10,148 [INFO] UtilMem:75 - End LoadConfig() Used Memory: 1025630432 Bytes (1050673152)
2026-03-11 02:56:10,470 [WARN] ThirdParty:833 - waiting for thirdparty lock release [change project]
2026-03-11 02:56:10,474 [INFO] ThirdParty:835 - entering critical section [change project]
2026-03-11 02:56:10,476 [INFO] ThirdParty:1030 - CMSIS Pack Vendor :STMicroelectronics X-CUBE-AZRTOS-H7 3.5.0
2026-03-11 02:56:10,477 [INFO] ThirdParty:1030 - CMSIS Pack Vendor :STMicroelectronics X-CUBE-PM33A1 1.0.0
2026-03-11 02:56:10,477 [INFO] ThirdParty:1030 - CMSIS Pack Vendor :STMicroelectronics USBPD 4.1
2026-03-11 02:56:10,477 [INFO] ThirdParty:1030 - CMSIS Pack Vendor :STMicroelectronics X-CUBE-NFC9 1.0.0
2026-03-11 02:56:10,477 [INFO] ThirdParty:1030 - CMSIS Pack Vendor :STMicroelectronics USB_HOST 2.0.0
2026-03-11 02:56:10,477 [INFO] ThirdParty:1030 - CMSIS Pack Vendor :STMicroelectronics FP-SNS-MOTENVWB1 1.4.0
2026-03-11 02:56:10,477 [INFO] ThirdParty:1030 - CMSIS Pack Vendor :STMicroelectronics X-CUBE-AZRTOS-F4 1.1.0
2026-03-11 02:56:10,477 [INFO] ThirdParty:1030 - CMSIS Pack Vendor :STMicroelectronics LIBJPEG 8.0.0
2026-03-11 02:56:10,477 [INFO] ThirdParty:1030 - CMSIS Pack Vendor :STMicroelectronics FP-ATR-ASTRA1 2.0.2
2026-03-11 02:56:10,477 [INFO] ThirdParty:1030 - CMSIS Pack Vendor :STMicroelectronics X-CUBE-BLE1 7.1.0
2026-03-11 02:56:10,477 [INFO] ThirdParty:1030 - CMSIS Pack Vendor :STMicroelectronics X-CUBE-SMBUS 2.1.0
2026-03-11 02:56:10,477 [INFO] ThirdParty:1030 - CMSIS Pack Vendor :wolfSSL I-CUBE-wolfMQTT 1.19.2
2026-03-11 02:56:10,477 [INFO] ThirdParty:1030 - CMSIS Pack Vendor :STMicroelectronics USB_DEVICE 3.0.0
2026-03-11 02:56:10,477 [INFO] ThirdParty:1030 - CMSIS Pack Vendor :STMicroelectronics X-CUBE-ISPU 2.1.0
2026-03-11 02:56:10,477 [INFO] ThirdParty:1030 - CMSIS Pack Vendor :STMicroelectronics X-CUBE-FREERTOS 1.4.0
2026-03-11 02:56:10,477 [INFO] ThirdParty:1030 - CMSIS Pack Vendor :STMicroelectronics X-CUBE-EEPRMA1 5.2.0
2026-03-11 02:56:10,477 [INFO] ThirdParty:1030 - CMSIS Pack Vendor :STMicroelectronics X-CUBE-IPS 3.2.0
2026-03-11 02:56:10,477 [INFO] ThirdParty:1030 - CMSIS Pack Vendor :STMicroelectronics X-CUBE-BLEMGR 4.1.0
2026-03-11 02:56:10,477 [INFO] ThirdParty:1030 - CMSIS Pack Vendor :STMicroelectronics X-CUBE-AZRTOS-WB 2.0.0
2026-03-11 02:56:10,477 [INFO] ThirdParty:1030 - CMSIS Pack Vendor :wolfSSL I-CUBE-wolfSSL 5.8.4
2026-03-11 02:56:10,477 [INFO] ThirdParty:1030 - CMSIS Pack Vendor :Cesanta I-CUBE-Mongoose 7.20.0
2026-03-11 02:56:10,477 [INFO] ThirdParty:1030 - CMSIS Pack Vendor :STMicroelectronics X-CUBE-NFC12 1.0.0
2026-03-11 02:56:10,477 [INFO] ThirdParty:1030 - CMSIS Pack Vendor :STMicroelectronics X-CUBE-AZRTOS-F7 1.1.0
2026-03-11 02:56:10,477 [INFO] ThirdParty:1030 - CMSIS Pack Vendor :STMicroelectronics X-CUBE-AZRTOS-L5 2.0.0
2026-03-11 02:56:10,477 [INFO] ThirdParty:1030 - CMSIS Pack Vendor :STMicroelectronics USB_DEVICE 2.0.0
2026-03-11 02:56:10,477 [INFO] ThirdParty:1030 - CMSIS Pack Vendor :quantropi X-CUBE-qispace-sdk-base 2.1.0
2026-03-11 02:56:10,477 [INFO] ThirdParty:1030 - CMSIS Pack Vendor :STMicroelectronics X-CUBE-MEMS1 12.0.0
2026-03-11 02:56:10,477 [INFO] ThirdParty:1030 - CMSIS Pack Vendor :STMicroelectronics X-CUBE-STSE01 2.0.0
2026-03-11 02:56:10,478 [INFO] ThirdParty:1030 - CMSIS Pack Vendor :STMicroelectronics FP-SNS-MOTENV1 5.1.0
2026-03-11 02:56:10,478 [INFO] ThirdParty:1030 - CMSIS Pack Vendor :STMicroelectronics FreeRTOS 0.0.1
2026-03-11 02:56:10,478 [INFO] ThirdParty:1030 - CMSIS Pack Vendor :STMicroelectronics X-CUBE-AZRTOS-G0 1.1.0
2026-03-11 02:56:10,478 [INFO] ThirdParty:1030 - CMSIS Pack Vendor :STMicroelectronics X-CUBE-NFC4 3.0.0
2026-03-11 02:56:10,478 [INFO] ThirdParty:1030 - CMSIS Pack Vendor :STMicroelectronics X-CUBE-SUBG2 5.0.0
2026-03-11 02:56:10,482 [INFO] ThirdParty:1030 - CMSIS Pack Vendor :STMicroelectronics STM32_WPAN 1.0.0
2026-03-11 02:56:10,487 [INFO] ThirdParty:1030 - CMSIS Pack Vendor :EmbeddedOffice I-CUBE-FS-RTOS 1.0.1
2026-03-11 02:56:10,487 [INFO] ThirdParty:1030 - CMSIS Pack Vendor :STMicroelectronics lwIP 2.0.3
2026-03-11 02:56:10,487 [INFO] ThirdParty:1030 - CMSIS Pack Vendor :WES I-CUBE-Cesium 1.4.0
2026-03-11 02:56:10,487 [INFO] ThirdParty:1030 - CMSIS Pack Vendor :STMicroelectronics USB_HOST 1.0.0
2026-03-11 02:56:10,487 [INFO] ThirdParty:1030 - CMSIS Pack Vendor :STMicroelectronics X-CUBE-AZRTOS-G4 2.0.0
2026-03-11 02:56:10,487 [INFO] ThirdParty:1030 - CMSIS Pack Vendor :STMicroelectronics X-CUBE-WB05N 2.0.0
2026-03-11 02:56:10,487 [INFO] ThirdParty:1030 - CMSIS Pack Vendor :STMicroelectronics PDM2PCM 3.1.0
2026-03-11 02:56:10,487 [INFO] ThirdParty:1030 - CMSIS Pack Vendor :STMicroelectronics PDM2PCM 3.3.0
2026-03-11 02:56:10,487 [INFO] ThirdParty:1030 - CMSIS Pack Vendor :wolfSSL I-CUBE-wolfTPM 3.8.0
2026-03-11 02:56:10,487 [INFO] ThirdParty:1030 - CMSIS Pack Vendor :STMicroelectronics X-CUBE-AZRTOS-H7 3.4.0
2026-03-11 02:56:10,487 [INFO] ThirdParty:1030 - CMSIS Pack Vendor :STMicroelectronics X-CUBE-DISPLAY 3.0.0
2026-03-11 02:56:10,487 [INFO] ThirdParty:1030 - CMSIS Pack Vendor :wolfSSL I-CUBE-wolfSSH 1.4.20
2026-03-11 02:56:10,487 [INFO] ThirdParty:1030 - CMSIS Pack Vendor :STMicroelectronics X-CUBE-NFC7 2.0.0
2026-03-11 02:56:10,488 [INFO] ThirdParty:1030 - CMSIS Pack Vendor :STMicroelectronics FP-SNS-MOTENVWB1 1.5.0
2026-03-11 02:56:10,488 [INFO] ThirdParty:1030 - CMSIS Pack Vendor :STMicroelectronics X-CUBE-TCPP 4.2.0
2026-03-11 02:56:10,488 [INFO] ThirdParty:1030 - CMSIS Pack Vendor :RealThread X-CUBE-RT-Thread_Nano 4.1.1
2026-03-11 02:56:10,488 [INFO] ThirdParty:1030 - CMSIS Pack Vendor :STMicroelectronics FP-ATR-SIGFOX1 3.2.0
2026-03-11 02:56:10,488 [INFO] ThirdParty:1030 - CMSIS Pack Vendor :STMicroelectronics X-CUBE-NFC10 1.0.0
2026-03-11 02:56:10,488 [INFO] ThirdParty:1030 - CMSIS Pack Vendor :STMicroelectronics HAL Drivers 0.0.0
2026-03-11 02:56:10,488 [INFO] ThirdParty:1030 - CMSIS Pack Vendor :STMicroelectronics X-CUBE-FREERTOS 1.5.0
2026-03-11 02:56:10,488 [INFO] ThirdParty:1030 - CMSIS Pack Vendor :STMicroelectronics MBEDTLS 2.16.2
2026-03-11 02:56:10,488 [INFO] ThirdParty:1030 - CMSIS Pack Vendor :STMicroelectronics X-CUBE-ST60 1.1.0
2026-03-11 02:56:10,488 [INFO] ThirdParty:1030 - CMSIS Pack Vendor :STMicroelectronics X-CUBE-ALS 1.0.2
2026-03-11 02:56:10,488 [INFO] ThirdParty:1030 - CMSIS Pack Vendor :emotas I-CUBE-CANOPEN 1.3.0
2026-03-11 02:56:10,488 [INFO] ThirdParty:1030 - CMSIS Pack Vendor :STMicroelectronics MBEDTLS 2.14.1
2026-03-11 02:56:10,488 [INFO] ThirdParty:1030 - CMSIS Pack Vendor :STMicroelectronics X-CUBE-GNSS1 7.1.0
2026-03-11 02:56:10,488 [INFO] ThirdParty:1030 - CMSIS Pack Vendor :ITTIA_DB I-CUBE-ITTIADB 8.9.0
2026-03-11 02:56:10,488 [INFO] ThirdParty:1030 - CMSIS Pack Vendor :STMicroelectronics X-CUBE-TOUCHGFX 4.26.0
2026-03-11 02:56:10,488 [INFO] ThirdParty:1030 - CMSIS Pack Vendor :STMicroelectronics X-CUBE-TOUCHGFX 4.26.1
2026-03-11 02:56:10,488 [INFO] ThirdParty:1030 - CMSIS Pack Vendor :STMicroelectronics X-CUBE-NFC6 3.2.0
2026-03-11 02:56:10,488 [INFO] ThirdParty:1030 - CMSIS Pack Vendor :STMicroelectronics FP-SNS-STBOX1 2.1.0
2026-03-11 02:56:10,488 [INFO] ThirdParty:1030 - CMSIS Pack Vendor :STMicroelectronics X-CUBE-AI 10.2.0
2026-03-11 02:56:10,488 [INFO] ThirdParty:1030 - CMSIS Pack Vendor :STMicroelectronics FP-SNS-STAIOTCFT 1.0.0
2026-03-11 02:56:10,488 [INFO] ThirdParty:1030 - CMSIS Pack Vendor :STMicroelectronics ThreadX 1.0.0
2026-03-11 02:56:10,488 [INFO] ThirdParty:1030 - CMSIS Pack Vendor :STMicroelectronics FP-SNS-SMARTAG2 1.2.0
2026-03-11 02:56:10,488 [INFO] ThirdParty:1030 - CMSIS Pack Vendor :STMicroelectronics FP-SNS-FLIGHT1 5.1.0
2026-03-11 02:56:10,488 [INFO] ThirdParty:1030 - CMSIS Pack Vendor :STMicroelectronics X-CUBE-AZRTOS-WL 2.0.0
2026-03-11 02:56:10,488 [INFO] ThirdParty:1030 - CMSIS Pack Vendor :SEGGER I-CUBE-embOS 1.3.1
2026-03-11 02:56:10,488 [INFO] ThirdParty:1030 - CMSIS Pack Vendor :STMicroelectronics X-CUBE-ALGOBUILD 1.4.0
2026-03-11 02:56:10,488 [INFO] ThirdParty:1030 - CMSIS Pack Vendor :STMicroelectronics X-CUBE-DPower 1.3.0
2026-03-11 02:56:10,488 [INFO] ThirdParty:1030 - CMSIS Pack Vendor :STMicroelectronics USB_DEVICE 1.0.0
2026-03-11 02:56:10,488 [INFO] ThirdParty:1030 - CMSIS Pack Vendor :STMicroelectronics X-CUBE-AZRTOS-H7RS 1.2.0
2026-03-11 02:56:10,488 [INFO] ThirdParty:1030 - CMSIS Pack Vendor :STMicroelectronics X-CUBE-AZRTOS-L4 2.0.0
2026-03-11 02:56:10,488 [INFO] ThirdParty:1030 - CMSIS Pack Vendor :STMicroelectronics ThreadX 0.0.2
2026-03-11 02:56:10,488 [INFO] ThirdParty:1030 - CMSIS Pack Vendor :STMicroelectronics lwIP 2.1.2
2026-03-11 02:56:10,488 [INFO] ThirdParty:1030 - CMSIS Pack Vendor :STMicroelectronics X-CUBE-SFXS2LP1 4.0.0
2026-03-11 02:56:10,488 [INFO] ThirdParty:1030 - CMSIS Pack Vendor :STMicroelectronics X-CUBE-BLE2 3.3.0
2026-03-11 02:56:10,488 [INFO] ThirdParty:1030 - CMSIS Pack Vendor :Avnet-IOTCONNECT X-CUBE-iotc-st67-sdk 1.0.0
2026-03-11 02:56:10,488 [INFO] ThirdParty:1030 - CMSIS Pack Vendor :STMicroelectronics X-CUBE-TOF1 3.4.3
2026-03-11 02:56:10,488 [INFO] ThirdParty:1030 - CMSIS Pack Vendor :Infineon AIROC-Wi-Fi-Bluetooth-STM32 1.8.0
2026-03-11 02:56:10,488 [INFO] ThirdParty:1030 - CMSIS Pack Vendor :STMicroelectronics PDM2PCM 3.2.0
2026-03-11 02:56:10,488 [INFO] ThirdParty:1030 - CMSIS Pack Vendor :STMicroelectronics X-CUBE-ST67W61 1.2.0
2026-03-11 02:56:10,503 [INFO] ThirdParty:841 - exiting critical section [change project]
2026-03-11 02:56:12,996 [INFO] PinOutPanel:1589 - setPackage(No Configuration,No Configuration)
2026-03-11 02:56:13,018 [INFO] PinOutPanel:1589 - setPackage(STM32G431RBTx,LQFP64)
2026-03-11 02:56:13,870 [INFO] UtilMem:75 - Before build in PCC Used Memory: 1067167544 Bytes (1073741824)
2026-03-11 02:56:16,838 [INFO] UtilMem:75 - After build in PCC Used Memory: 897335984 Bytes (1073741824)
2026-03-11 02:56:17,151 [INFO] IPUIPlugin:80 - create IPUIPlugin
2026-03-11 02:56:17,155 [INFO] IPUIPlugin:80 - create IPUIPlugin
2026-03-11 02:56:17,157 [INFO] IPUIPlugin:80 - create IPUIPlugin
2026-03-11 02:56:17,157 [INFO] IPUIPlugin:80 - create IPUIPlugin
2026-03-11 02:56:17,157 [INFO] IPUIPlugin:80 - create IPUIPlugin
2026-03-11 02:56:17,157 [INFO] IPUIPlugin:80 - create IPUIPlugin
2026-03-11 02:56:17,158 [INFO] IPUIPlugin:80 - create IPUIPlugin
2026-03-11 02:56:17,159 [INFO] IPUIPlugin:80 - create IPUIPlugin
2026-03-11 02:56:17,160 [INFO] IPUIPlugin:80 - create IPUIPlugin
2026-03-11 02:56:17,160 [INFO] IPUIPlugin:80 - create IPUIPlugin
2026-03-11 02:56:17,160 [INFO] IPUIPlugin:80 - create IPUIPlugin
2026-03-11 02:56:17,160 [INFO] IPUIPlugin:80 - create IPUIPlugin
2026-03-11 02:56:17,160 [INFO] IPUIPlugin:80 - create IPUIPlugin
2026-03-11 02:56:17,165 [INFO] IPUIPlugin:80 - create IPUIPlugin
2026-03-11 02:56:17,165 [INFO] IPUIPlugin:80 - create IPUIPlugin
2026-03-11 02:56:17,166 [INFO] IPUIPlugin:80 - create IPUIPlugin
2026-03-11 02:56:17,166 [INFO] IPUIPlugin:80 - create IPUIPlugin
2026-03-11 02:56:17,166 [INFO] IPUIPlugin:80 - create IPUIPlugin
2026-03-11 02:56:17,166 [INFO] IPUIPlugin:80 - create IPUIPlugin
2026-03-11 02:56:17,167 [INFO] IPUIPlugin:80 - create IPUIPlugin
2026-03-11 02:56:17,167 [INFO] IPUIPlugin:80 - create IPUIPlugin
2026-03-11 02:56:17,167 [INFO] IPUIPlugin:80 - create IPUIPlugin
2026-03-11 02:56:17,167 [INFO] IPUIPlugin:80 - create IPUIPlugin
2026-03-11 02:56:17,167 [INFO] IPUIPlugin:80 - create IPUIPlugin
2026-03-11 02:56:17,167 [INFO] IPUIPlugin:80 - create IPUIPlugin
2026-03-11 02:56:17,168 [INFO] IPUIPlugin:80 - create IPUIPlugin
2026-03-11 02:56:17,168 [INFO] IPUIPlugin:80 - create IPUIPlugin
2026-03-11 02:56:17,168 [INFO] IPUIPlugin:80 - create IPUIPlugin
2026-03-11 02:56:17,168 [INFO] IPUIPlugin:80 - create IPUIPlugin
2026-03-11 02:56:17,169 [INFO] IPUIPlugin:80 - create IPUIPlugin
2026-03-11 02:56:17,175 [INFO] IPUIPlugin:80 - create IPUIPlugin
2026-03-11 02:56:17,177 [INFO] IPUIPlugin:80 - create IPUIPlugin
2026-03-11 02:56:17,177 [INFO] IPUIPlugin:80 - create IPUIPlugin
2026-03-11 02:56:17,178 [INFO] IPUIPlugin:80 - create IPUIPlugin
2026-03-11 02:56:17,179 [INFO] IPUIPlugin:80 - create IPUIPlugin
2026-03-11 02:56:17,179 [INFO] IPUIPlugin:80 - create IPUIPlugin
2026-03-11 02:56:17,179 [INFO] IPUIPlugin:80 - create IPUIPlugin
2026-03-11 02:56:17,179 [INFO] IPUIPlugin:80 - create IPUIPlugin
2026-03-11 02:56:17,179 [INFO] IPUIPlugin:80 - create IPUIPlugin
2026-03-11 02:56:17,179 [INFO] IPUIPlugin:80 - create IPUIPlugin
2026-03-11 02:56:17,180 [INFO] IPUIPlugin:80 - create IPUIPlugin
2026-03-11 02:56:17,180 [INFO] IPUIPlugin:80 - create IPUIPlugin
2026-03-11 02:56:17,180 [INFO] IPUIPlugin:80 - create IPUIPlugin
2026-03-11 02:56:17,180 [INFO] IPUIPlugin:80 - create IPUIPlugin
2026-03-11 02:56:17,180 [INFO] IPUIPlugin:80 - create IPUIPlugin
2026-03-11 02:56:17,180 [INFO] IPUIPlugin:80 - create IPUIPlugin
2026-03-11 02:56:17,180 [INFO] IPUIPlugin:80 - create IPUIPlugin
2026-03-11 02:56:17,180 [INFO] IPUIPlugin:80 - create IPUIPlugin
2026-03-11 02:56:17,180 [INFO] IPUIPlugin:80 - create IPUIPlugin
2026-03-11 02:56:17,180 [INFO] IPUIPlugin:80 - create IPUIPlugin
2026-03-11 02:56:17,180 [INFO] IPUIPlugin:80 - create IPUIPlugin
2026-03-11 02:56:17,181 [INFO] IPUIPlugin:80 - create IPUIPlugin
2026-03-11 02:56:17,181 [INFO] IPUIPlugin:80 - create IPUIPlugin
2026-03-11 02:56:17,181 [INFO] IPUIPlugin:80 - create IPUIPlugin
2026-03-11 02:56:17,181 [INFO] IPUIPlugin:80 - create IPUIPlugin
2026-03-11 02:56:17,182 [INFO] IPUIPlugin:80 - create IPUIPlugin
2026-03-11 02:56:17,182 [INFO] IPUIPlugin:80 - create IPUIPlugin
2026-03-11 02:56:17,182 [INFO] IPUIPlugin:80 - create IPUIPlugin
2026-03-11 02:56:17,182 [INFO] IPUIPlugin:80 - create IPUIPlugin
2026-03-11 02:56:17,814 [INFO] CADModel:165 - CPN selected for project levelSTM32G431RBT6
2026-03-11 02:56:17,815 [INFO] CADModel:114 - Register for checkConnection events
2026-03-11 02:56:17,872 [INFO] OpenFileManager:386 - Restore cursor
2026-03-11 02:56:39,254 [INFO] ADCParametersView:116 -                Rank 1 : false
2026-03-11 02:56:39,637 [INFO] ADCParametersView:116 -                Rank 1 : false
2026-03-11 02:56:39,644 [INFO] ADCParametersView:116 -                Rank 1 : false
2026-03-11 02:56:39,646 [INFO] ADCParametersView:116 -                Rank 1 : false
2026-03-11 02:56:39,647 [INFO] ADCParametersView:116 -                Rank 1 : false
2026-03-11 02:56:39,648 [INFO] ADCParametersView:116 -                Rank 1 : false
2026-03-11 02:56:39,649 [INFO] ADCParametersView:116 -                Rank 1 : false
2026-03-11 02:56:39,650 [INFO] ADCParametersView:116 -                Rank 1 : false
2026-03-11 02:56:39,650 [INFO] ADCParametersView:116 -                Rank 1 : false
2026-03-11 02:56:39,651 [INFO] ADCParametersView:116 -                Rank 1 : false
2026-03-11 02:56:39,653 [INFO] ADCParametersView:116 -                Rank 1 : false
2026-03-11 02:56:39,657 [INFO] ADCParametersView:116 -                Rank 1 : false
2026-03-11 02:56:39,658 [INFO] ADCParametersView:116 -                Rank 1 : false
2026-03-11 02:56:39,658 [INFO] ADCParametersView:116 -                Rank 1 : false
2026-03-11 02:56:39,659 [INFO] ADCParametersView:116 -                Rank 1 : false
2026-03-11 02:56:39,659 [INFO] ADCParametersView:116 -                Rank 1 : false
2026-03-11 02:56:39,660 [INFO] ADCParametersView:116 -                Rank 1 : false
2026-03-11 02:56:39,660 [INFO] ADCParametersView:116 -                Rank 1 : false
2026-03-11 02:56:39,660 [INFO] ADCParametersView:116 -                Rank 1 : false
2026-03-11 02:56:39,660 [INFO] ADCParametersView:116 -                Rank 1 : false
2026-03-11 02:56:39,661 [INFO] ADCParametersView:116 -                Rank 1 : false
2026-03-11 02:56:39,661 [INFO] ADCParametersView:116 -                Rank 1 : false
2026-03-11 02:56:39,706 [INFO] ADCParametersView:116 -                Rank 1 : false
2026-03-11 02:56:48,673 [INFO] NvicIntPanel:101 - NVIC parent = com.st.microxplorer.plugins.ip.nvic.MultiNvicIntPanel[,0,0,0x0,invalid,layout=javax.swing.BoxLayout,alignmentX=0.0,alignmentY=0.0,border=,flags=9,maximumSize=,minimumSize=,preferredSize=]
2026-03-11 02:56:49,215 [INFO] ADCParametersView:116 -                Rank 1 : false
2026-03-11 02:56:49,220 [INFO] ADCParametersView:116 -                Rank 1 : false
2026-03-11 02:56:49,221 [INFO] ADCParametersView:116 -                Rank 1 : false
2026-03-11 02:56:49,222 [INFO] ADCParametersView:116 -                Rank 1 : false
2026-03-11 02:56:49,223 [INFO] ADCParametersView:116 -                Rank 1 : false
2026-03-11 02:56:49,223 [INFO] ADCParametersView:116 -                Rank 1 : false
2026-03-11 02:56:49,224 [INFO] ADCParametersView:116 -                Rank 1 : false
2026-03-11 02:56:49,224 [INFO] ADCParametersView:116 -                Rank 1 : false
2026-03-11 02:56:49,225 [INFO] ADCParametersView:116 -                Rank 1 : false
2026-03-11 02:56:49,225 [INFO] ADCParametersView:116 -                Rank 1 : false
2026-03-11 02:56:49,226 [INFO] ADCParametersView:116 -                Rank 1 : false
2026-03-11 02:56:49,227 [INFO] ADCParametersView:116 -                Rank 1 : false
2026-03-11 02:56:49,227 [INFO] ADCParametersView:116 -                Rank 1 : false
2026-03-11 02:56:49,227 [INFO] ADCParametersView:116 -                Rank 1 : false
2026-03-11 02:56:49,228 [INFO] ADCParametersView:116 -                Rank 1 : false
2026-03-11 02:56:49,228 [INFO] ADCParametersView:116 -                Rank 1 : false
2026-03-11 02:56:49,228 [INFO] ADCParametersView:116 -                Rank 1 : false
2026-03-11 02:56:49,229 [INFO] ADCParametersView:116 -                Rank 1 : false
2026-03-11 02:56:49,229 [INFO] ADCParametersView:116 -                Rank 1 : false
2026-03-11 02:56:49,230 [INFO] ADCParametersView:116 -                Rank 1 : false
2026-03-11 02:56:49,230 [INFO] ADCParametersView:116 -                Rank 1 : false
2026-03-11 02:56:49,303 [INFO] ADCParametersView:116 -                Rank 1 : false
2026-03-11 02:56:49,378 [INFO] ADCParametersView:116 -                Rank 1 : false
2026-03-11 02:56:49,382 [INFO] ADCParametersView:116 -                Rank 1 : false
2026-03-11 02:56:49,382 [INFO] ADCParametersView:116 -                Rank 1 : false
2026-03-11 02:56:49,383 [INFO] ADCParametersView:116 -                Rank 1 : false
2026-03-11 02:56:49,386 [INFO] ADCParametersView:116 -                Rank 1 : false
2026-03-11 02:56:49,388 [INFO] ADCParametersView:116 -                Rank 1 : false
2026-03-11 02:56:49,389 [INFO] ADCParametersView:116 -                Rank 1 : false
2026-03-11 02:56:49,389 [INFO] ADCParametersView:116 -                Rank 1 : false
2026-03-11 02:56:49,390 [INFO] ADCParametersView:116 -                Rank 1 : false
2026-03-11 02:56:49,390 [INFO] ADCParametersView:116 -                Rank 1 : false
2026-03-11 02:56:49,390 [INFO] ADCParametersView:116 -                Rank 1 : false
2026-03-11 02:56:49,391 [INFO] ADCParametersView:116 -                Rank 1 : false
2026-03-11 02:56:49,391 [INFO] ADCParametersView:116 -                Rank 1 : false
2026-03-11 02:56:49,392 [INFO] ADCParametersView:116 -                Rank 1 : false
2026-03-11 02:56:49,392 [INFO] ADCParametersView:116 -                Rank 1 : false
2026-03-11 02:56:49,392 [INFO] ADCParametersView:116 -                Rank 1 : false
2026-03-11 02:56:49,393 [INFO] ADCParametersView:116 -                Rank 1 : false
2026-03-11 02:56:49,393 [INFO] ADCParametersView:116 -                Rank 1 : false
2026-03-11 02:56:49,393 [INFO] ADCParametersView:116 -                Rank 1 : false
2026-03-11 02:56:49,393 [INFO] ADCParametersView:116 -                Rank 1 : false
2026-03-11 02:56:49,393 [INFO] ADCParametersView:116 -                Rank 1 : false
2026-03-11 02:56:49,425 [INFO] ADCParametersView:116 -                Rank 1 : false
2026-03-11 02:56:50,007 [INFO] ADCParametersView:116 -                Rank 1 : false
2026-03-11 02:56:50,008 [INFO] ADCParametersView:116 -                Rank 1 : false
2026-03-11 02:56:50,008 [INFO] ADCParametersView:116 -                Rank 1 : false
2026-03-11 02:56:50,009 [INFO] ADCParametersView:116 -                Rank 1 : false
2026-03-11 02:56:50,010 [INFO] ADCParametersView:116 -                Rank 1 : false
2026-03-11 02:56:50,010 [INFO] ADCParametersView:116 -                Rank 1 : false
2026-03-11 02:56:50,011 [INFO] ADCParametersView:116 -                Rank 1 : false
2026-03-11 02:56:50,011 [INFO] ADCParametersView:116 -                Rank 1 : false
2026-03-11 02:56:50,012 [INFO] ADCParametersView:116 -                Rank 1 : false
2026-03-11 02:56:50,012 [INFO] ADCParametersView:116 -                Rank 1 : false
2026-03-11 02:56:50,012 [INFO] ADCParametersView:116 -                Rank 1 : false
2026-03-11 02:56:50,013 [INFO] ADCParametersView:116 -                Rank 1 : false
2026-03-11 02:56:50,014 [INFO] ADCParametersView:116 -                Rank 1 : false
2026-03-11 02:56:50,014 [INFO] ADCParametersView:116 -                Rank 1 : false
2026-03-11 02:56:50,014 [INFO] ADCParametersView:116 -                Rank 1 : false
2026-03-11 02:56:50,015 [INFO] ADCParametersView:116 -                Rank 1 : false
2026-03-11 02:56:50,015 [INFO] ADCParametersView:116 -                Rank 1 : false
2026-03-11 02:56:50,015 [INFO] ADCParametersView:116 -                Rank 1 : false
2026-03-11 02:56:50,016 [INFO] ADCParametersView:116 -                Rank 1 : false
2026-03-11 02:56:50,016 [INFO] ADCParametersView:116 -                Rank 1 : false
2026-03-11 02:56:50,016 [INFO] ADCParametersView:116 -                Rank 1 : false
2026-03-11 02:56:50,056 [INFO] ADCParametersView:116 -                Rank 1 : false
2026-03-11 02:56:50,104 [INFO] ADCParametersView:116 -                Rank 1 : false
2026-03-11 02:56:50,105 [INFO] ADCParametersView:116 -                Rank 1 : false
2026-03-11 02:56:50,106 [INFO] ADCParametersView:116 -                Rank 1 : false
2026-03-11 02:56:50,107 [INFO] ADCParametersView:116 -                Rank 1 : false
2026-03-11 02:56:50,116 [INFO] ADCParametersView:116 -                Rank 1 : false
2026-03-11 02:56:50,119 [INFO] ADCParametersView:116 -                Rank 1 : false
2026-03-11 02:56:50,121 [INFO] ADCParametersView:116 -                Rank 1 : false
2026-03-11 02:56:50,121 [INFO] ADCParametersView:116 -                Rank 1 : false
2026-03-11 02:56:50,122 [INFO] ADCParametersView:116 -                Rank 1 : false
2026-03-11 02:56:50,122 [INFO] ADCParametersView:116 -                Rank 1 : false
2026-03-11 02:56:50,123 [INFO] ADCParametersView:116 -                Rank 1 : false
2026-03-11 02:56:50,123 [INFO] ADCParametersView:116 -                Rank 1 : false
2026-03-11 02:56:50,123 [INFO] ADCParametersView:116 -                Rank 1 : false
2026-03-11 02:56:50,124 [INFO] ADCParametersView:116 -                Rank 1 : false
2026-03-11 02:56:50,124 [INFO] ADCParametersView:116 -                Rank 1 : false
2026-03-11 02:56:50,124 [INFO] ADCParametersView:116 -                Rank 1 : false
2026-03-11 02:56:50,125 [INFO] ADCParametersView:116 -                Rank 1 : false
2026-03-11 02:56:50,125 [INFO] ADCParametersView:116 -                Rank 1 : false
2026-03-11 02:56:50,125 [INFO] ADCParametersView:116 -                Rank 1 : false
2026-03-11 02:56:50,125 [INFO] ADCParametersView:116 -                Rank 1 : false
2026-03-11 02:56:50,125 [INFO] ADCParametersView:116 -                Rank 1 : false
2026-03-11 02:56:50,161 [INFO] ADCParametersView:116 -                Rank 1 : false
2026-03-11 03:20:34,252 [INFO] WebApp:194 - Connection lost
2026-03-11 03:20:34,997 [INFO] WebApp:191 - Connection restablished
2026-03-11 03:22:05,103 [INFO] WebApp:194 - Connection lost
2026-03-11 03:22:05,685 [INFO] WebApp:191 - Connection restablished
2026-03-11 03:24:55,029 [INFO] WebApp:194 - Connection lost
2026-03-11 03:24:55,680 [INFO] WebApp:191 - Connection restablished
2026-03-11 03:25:19,352 [INFO] WebApp:194 - Connection lost
2026-03-11 03:25:19,766 [INFO] WebApp:191 - Connection restablished
2026-03-11 03:26:15,188 [INFO] WebApp:194 - Connection lost
2026-03-11 03:26:16,080 [INFO] WebApp:191 - Connection restablished
2026-03-11 03:26:34,135 [INFO] WebApp:194 - Connection lost
2026-03-11 03:26:34,371 [INFO] WebApp:191 - Connection restablished
2026-03-11 03:28:05,242 [INFO] WebApp:194 - Connection lost
2026-03-11 03:28:05,895 [INFO] WebApp:191 - Connection restablished
2026-03-11 03:28:23,210 [INFO] WebApp:194 - Connection lost
2026-03-11 03:28:23,438 [INFO] WebApp:191 - Connection restablished
2026-03-11 03:39:10,527 [INFO] WebApp:194 - Connection lost
2026-03-11 03:39:13,161 [INFO] WebApp:191 - Connection restablished
2026-03-11 03:39:28,719 [INFO] WebApp:194 - Connection lost
2026-03-11 03:39:29,090 [INFO] WebApp:191 - Connection restablished
2026-03-11 03:39:55,716 [INFO] WebApp:194 - Connection lost
2026-03-11 03:39:55,915 [INFO] WebApp:191 - Connection restablished
2026-03-11 09:02:39,747 [INFO] WebApp:194 - Connection lost
2026-03-11 09:02:58,220 [INFO] WebApp:191 - Connection restablished
2026-03-11 09:03:10,103 [INFO] WebApp:194 - Connection lost
2026-03-11 09:05:27,228 [INFO] WebApp:191 - Connection restablished
2026-03-11 10:47:55,631 [INFO] UtilMem:75 - End SaveConfig() Used Memory: 851048616 Bytes (1073741824)
2026-03-11 10:47:58,436 [INFO] UtilMem:75 - End SaveConfig() Used Memory: 874284488 Bytes (1073741824)
2026-03-11 10:47:58,580 [ERROR] IocParser:95 - Exception caught: Cannot invoke "java.lang.CharSequence.length()" because "this.text" is null
2026-03-11 10:47:59,048 [ERROR] IocParser:95 - Exception caught: Cannot invoke "java.lang.CharSequence.length()" because "this.text" is null
2026-03-11 10:47:59,132 [INFO] UtilMem:75 - End SaveConfig() Used Memory: 940253328 Bytes (1073741824)
2026-03-11 10:48:00,671 [INFO] BlockDiagram:2775 - set Specific Code input for plugin: SYS
2026-03-11 10:48:00,673 [INFO] BlockDiagram:2775 - set Specific Code input for plugin: ADC
2026-03-11 10:48:00,675 [INFO] BlockDiagram:2775 - set Specific Code input for plugin: RCC
2026-03-11 10:48:00,675 [INFO] BlockDiagram:2775 - set Specific Code input for plugin: NVIC
2026-03-11 10:48:00,676 [INFO] BlockDiagram:2775 - set Specific Code input for plugin: GPIO
2026-03-11 10:48:00,676 [INFO] BlockDiagram:2775 - set Specific Code input for plugin: NUCLEO-G431RB
2026-03-11 10:48:00,677 [INFO] CodeGenerator:892 - code generatio: config db path: /Applications/STM32CubeIDE.app/Contents/Eclipse/plugins/com.st.stm32cube.common.mx_6.15.0.202507011659//db/
2026-03-11 10:48:01,010 [INFO] CodeEngine:265 - oldGeneratedFile, /Users/leon/VSCodeProject/SSI/STM32Prj/SSI/MXTmpFiles/license.tmp_save
2026-03-11 10:48:01,582 [INFO] CodeEngine:289 - Generated code: /Users/leon/VSCodeProject/SSI/STM32Prj/SSI/MXTmpFiles/license.tmp
2026-03-11 10:48:01,705 [INFO] CodeEngine:265 - oldGeneratedFile, /Users/leon/VSCodeProject/SSI/STM32Prj/SSI/MXTmpFiles/gpio.tmp_save
2026-03-11 10:48:01,884 [INFO] CodeEngine:289 - Generated code: /Users/leon/VSCodeProject/SSI/STM32Prj/SSI/MXTmpFiles/gpio.tmp
2026-03-11 10:48:02,045 [INFO] CodeEngine:265 - oldGeneratedFile, /Users/leon/VSCodeProject/SSI/STM32Prj/SSI/Core/Inc/stm32g4xx_nucleo_conf.h_save
2026-03-11 10:48:02,184 [INFO] CodeEngine:289 - Generated code: /Users/leon/VSCodeProject/SSI/STM32Prj/SSI/Core/Inc/stm32g4xx_nucleo_conf.h
2026-03-11 10:48:02,188 [INFO] CodeEngine:265 - oldGeneratedFile, /Users/leon/VSCodeProject/SSI/STM32Prj/SSI/MXTmpFiles/bsp_inc.tmp_save
2026-03-11 10:48:02,284 [INFO] CodeEngine:289 - Generated code: /Users/leon/VSCodeProject/SSI/STM32Prj/SSI/MXTmpFiles/bsp_inc.tmp
2026-03-11 10:48:02,286 [INFO] CodeEngine:265 - oldGeneratedFile, /Users/leon/VSCodeProject/SSI/STM32Prj/SSI/MXTmpFiles/bsp_common_vars.tmp_save
2026-03-11 10:48:02,354 [INFO] CodeEngine:289 - Generated code: /Users/leon/VSCodeProject/SSI/STM32Prj/SSI/MXTmpFiles/bsp_common_vars.tmp
2026-03-11 10:48:02,356 [INFO] CodeEngine:265 - oldGeneratedFile, /Users/leon/VSCodeProject/SSI/STM32Prj/SSI/MXTmpFiles/bsp_common_init.tmp_save
2026-03-11 10:48:02,413 [INFO] CodeEngine:289 - Generated code: /Users/leon/VSCodeProject/SSI/STM32Prj/SSI/MXTmpFiles/bsp_common_init.tmp
2026-03-11 10:48:02,415 [INFO] CodeEngine:265 - oldGeneratedFile, /Users/leon/VSCodeProject/SSI/STM32Prj/SSI/MXTmpFiles/bsp_common_demo_before_while.tmp_save
2026-03-11 10:48:02,482 [INFO] CodeEngine:289 - Generated code: /Users/leon/VSCodeProject/SSI/STM32Prj/SSI/MXTmpFiles/bsp_common_demo_before_while.tmp
2026-03-11 10:48:02,485 [INFO] CodeEngine:265 - oldGeneratedFile, /Users/leon/VSCodeProject/SSI/STM32Prj/SSI/MXTmpFiles/bsp_common_demo_inside_while.tmp_save
2026-03-11 10:48:02,546 [INFO] CodeEngine:289 - Generated code: /Users/leon/VSCodeProject/SSI/STM32Prj/SSI/MXTmpFiles/bsp_common_demo_inside_while.tmp
2026-03-11 10:48:02,547 [INFO] CodeEngine:265 - oldGeneratedFile, /Users/leon/VSCodeProject/SSI/STM32Prj/SSI/MXTmpFiles/bsp_common_demo_fct.tmp_save
2026-03-11 10:48:02,603 [INFO] CodeEngine:289 - Generated code: /Users/leon/VSCodeProject/SSI/STM32Prj/SSI/MXTmpFiles/bsp_common_demo_fct.tmp
2026-03-11 10:48:02,610 [INFO] CodeEngine:265 - oldGeneratedFile, /Users/leon/VSCodeProject/SSI/STM32Prj/SSI/Core/Src/stm32g4xx_it.c_save
2026-03-11 10:48:02,786 [INFO] CodeEngine:289 - Generated code: /Users/leon/VSCodeProject/SSI/STM32Prj/SSI/Core/Src/stm32g4xx_it.c
2026-03-11 10:48:02,788 [INFO] CodeEngine:265 - oldGeneratedFile, /Users/leon/VSCodeProject/SSI/STM32Prj/SSI/Core/Inc/stm32g4xx_it.h_save
2026-03-11 10:48:02,886 [INFO] CodeEngine:289 - Generated code: /Users/leon/VSCodeProject/SSI/STM32Prj/SSI/Core/Inc/stm32g4xx_it.h
2026-03-11 10:48:02,895 [INFO] CodeEngine:265 - oldGeneratedFile, /Users/leon/VSCodeProject/SSI/STM32Prj/SSI/Core/Src/stm32g4xx_hal_msp.c_save
2026-03-11 10:48:03,101 [INFO] CodeEngine:289 - Generated code: /Users/leon/VSCodeProject/SSI/STM32Prj/SSI/Core/Src/stm32g4xx_hal_msp.c
2026-03-11 10:48:03,105 [INFO] CodeEngine:265 - oldGeneratedFile, /Users/leon/VSCodeProject/SSI/STM32Prj/SSI/MXTmpFiles/system.tmp_save
2026-03-11 10:48:03,175 [INFO] CodeEngine:289 - Generated code: /Users/leon/VSCodeProject/SSI/STM32Prj/SSI/MXTmpFiles/system.tmp
2026-03-11 10:48:03,188 [INFO] CodeEngine:321 - oldGeneratedFile, /Users/leon/VSCodeProject/SSI/STM32Prj/SSI/Core/Inc/stm32g4xx_hal_conf.h_save
2026-03-11 10:48:03,262 [INFO] CodeEngine:345 - Generated code: /Users/leon/VSCodeProject/SSI/STM32Prj/SSI/Core/Inc/stm32g4xx_hal_conf.h
2026-03-11 10:48:03,314 [WARN] IPConfigManager:3238 - Warning: the RefConfig RCC_CommonPeriphClockConfig is not available in your config.xml file
2026-03-11 10:48:03,323 [INFO] ApiDbMcu:532 - Load IP Config File for ADC1
2026-03-11 10:48:03,327 [INFO] ApiDbMcu:532 - Load IP Config File for RCC
2026-03-11 10:48:03,336 [INFO] CodeEngine:265 - oldGeneratedFile, /Users/leon/VSCodeProject/SSI/STM32Prj/SSI/Core/Inc/main.h_save
2026-03-11 10:48:03,431 [INFO] CodeEngine:289 - Generated code: /Users/leon/VSCodeProject/SSI/STM32Prj/SSI/Core/Inc/main.h
2026-03-11 10:48:03,435 [INFO] CodeEngine:265 - oldGeneratedFile, /Users/leon/VSCodeProject/SSI/STM32Prj/SSI/Core/Src/main.c_save
2026-03-11 10:48:03,728 [INFO] CodeEngine:289 - Generated code: /Users/leon/VSCodeProject/SSI/STM32Prj/SSI/Core/Src/main.c
2026-03-11 10:48:03,981 [INFO] ProjectBuilder:3606 - Time for Copy HAL[1] : 80mS.
2026-03-11 10:48:03,988 [INFO] ProjectBuilder:5216 - Project Generator version: 4.7.0-B52
2026-03-11 10:48:04,122 [INFO] ConfigFileManager:1595 - The Die is : DIE468
2026-03-11 10:48:04,139 [INFO] ApiDbMcu:532 - Load IP Config File for FATFS
2026-03-11 10:48:04,149 [INFO] ApiDbMcu:532 - Load IP Config File for FREERTOS
2026-03-11 10:48:04,160 [INFO] ApiDbMcu:532 - Load IP Config File for USBPD
2026-03-11 10:48:04,183 [INFO] ApiDbMcu:532 - Load IP Config File for USB_DEVICE
2026-03-11 10:48:04,732 [INFO] LogOutputStream:77 - [STDOUT_REDIRECT] 
2026-03-11 10:48:08,668 [INFO] ProjectBuilder:5496 - Time for Generating toolchain IDE Files: 4654mS.
2026-03-11 10:48:08,686 [INFO] ProjectBuilder:3463 - Time for Copy CMSIS : 7mS.
2026-03-11 10:48:08,688 [INFO] ProjectBuilder:3463 - Time for Copy CMSIS : 0mS.
2026-03-11 10:48:17,405 [INFO] ADCParametersView:116 -                Rank 1 : false
2026-03-11 10:48:17,407 [INFO] ADCParametersView:116 -                Rank 1 : false
2026-03-11 10:48:17,409 [INFO] ADCParametersView:116 -                Rank 1 : false
2026-03-11 10:48:17,410 [INFO] ADCParametersView:116 -                Rank 1 : false
2026-03-11 10:48:17,410 [INFO] ADCParametersView:116 -                Rank 1 : false
2026-03-11 10:48:17,411 [INFO] ADCParametersView:116 -                Rank 1 : false
2026-03-11 10:48:17,412 [INFO] ADCParametersView:116 -                Rank 1 : false
2026-03-11 10:48:17,412 [INFO] ADCParametersView:116 -                Rank 1 : false
2026-03-11 10:48:17,412 [INFO] ADCParametersView:116 -                Rank 1 : false
2026-03-11 10:48:17,412 [INFO] ADCParametersView:116 -                Rank 1 : false
2026-03-11 10:48:17,413 [INFO] ADCParametersView:116 -                Rank 1 : false
2026-03-11 10:48:17,413 [INFO] ADCParametersView:116 -                Rank 1 : false
2026-03-11 10:48:17,413 [INFO] ADCParametersView:116 -                Rank 1 : false
2026-03-11 10:48:17,413 [INFO] ADCParametersView:116 -                Rank 1 : false
2026-03-11 10:48:17,413 [INFO] ADCParametersView:116 -                Rank 1 : false
2026-03-11 10:48:17,413 [INFO] ADCParametersView:116 -                Rank 1 : false
2026-03-11 10:48:17,414 [INFO] ADCParametersView:116 -                Rank 1 : false
2026-03-11 10:48:17,414 [INFO] ADCParametersView:116 -                Rank 1 : false
2026-03-11 10:48:17,414 [INFO] ADCParametersView:116 -                Rank 1 : false
2026-03-11 10:48:17,414 [INFO] ADCParametersView:116 -                Rank 1 : false
2026-03-11 10:48:17,414 [INFO] ADCParametersView:116 -                Rank 1 : false
2026-03-11 10:48:17,497 [INFO] ADCParametersView:116 -                Rank 1 : false
2026-03-11 10:48:17,594 [INFO] ADCParametersView:116 -                Rank 1 : false
2026-03-11 10:48:17,595 [INFO] ADCParametersView:116 -                Rank 1 : false
2026-03-11 10:48:17,597 [INFO] ADCParametersView:116 -                Rank 1 : false
2026-03-11 10:48:17,600 [INFO] ADCParametersView:116 -                Rank 1 : false
2026-03-11 10:48:17,603 [INFO] ADCParametersView:116 -                Rank 1 : false
2026-03-11 10:48:17,607 [INFO] ADCParametersView:116 -                Rank 1 : false
2026-03-11 10:48:17,608 [INFO] ADCParametersView:116 -                Rank 1 : false
2026-03-11 10:48:17,608 [INFO] ADCParametersView:116 -                Rank 1 : false
2026-03-11 10:48:17,609 [INFO] ADCParametersView:116 -                Rank 1 : false
2026-03-11 10:48:17,609 [INFO] ADCParametersView:116 -                Rank 1 : false
2026-03-11 10:48:17,609 [INFO] ADCParametersView:116 -                Rank 1 : false
2026-03-11 10:48:17,609 [INFO] ADCParametersView:116 -                Rank 1 : false
2026-03-11 10:48:17,610 [INFO] ADCParametersView:116 -                Rank 1 : false
2026-03-11 10:48:17,610 [INFO] ADCParametersView:116 -                Rank 1 : false
2026-03-11 10:48:17,610 [INFO] ADCParametersView:116 -                Rank 1 : false
2026-03-11 10:48:17,610 [INFO] ADCParametersView:116 -                Rank 1 : false
2026-03-11 10:48:17,610 [INFO] ADCParametersView:116 -                Rank 1 : false
2026-03-11 10:48:17,610 [INFO] ADCParametersView:116 -                Rank 1 : false
2026-03-11 10:48:17,611 [INFO] ADCParametersView:116 -                Rank 1 : false
2026-03-11 10:48:17,611 [INFO] ADCParametersView:116 -                Rank 1 : false
2026-03-11 10:48:17,611 [INFO] ADCParametersView:116 -                Rank 1 : false
2026-03-11 10:48:17,645 [INFO] ADCParametersView:116 -                Rank 1 : false
2026-03-11 10:55:34,141 [INFO] NvicIntPanel:101 - NVIC parent = com.st.microxplorer.plugins.ip.nvic.MultiNvicIntPanel[,0,0,0x0,invalid,layout=javax.swing.BoxLayout,alignmentX=0.0,alignmentY=0.0,border=,flags=9,maximumSize=,minimumSize=,preferredSize=]
2026-03-11 10:55:34,352 [INFO] ADCParametersView:116 -                Rank 1 : false
2026-03-11 10:55:34,356 [INFO] ADCParametersView:116 -                Rank 1 : false
2026-03-11 10:55:34,356 [INFO] ADCParametersView:116 -                Rank 1 : false
2026-03-11 10:55:34,357 [INFO] ADCParametersView:116 -                Rank 1 : false
2026-03-11 10:55:34,357 [INFO] ADCParametersView:116 -                Rank 1 : false
2026-03-11 10:55:34,357 [INFO] ADCParametersView:116 -                Rank 1 : false
2026-03-11 10:55:34,358 [INFO] ADCParametersView:116 -                Rank 1 : false
2026-03-11 10:55:34,358 [INFO] ADCParametersView:116 -                Rank 1 : false
2026-03-11 10:55:34,358 [INFO] ADCParametersView:116 -                Rank 1 : false
2026-03-11 10:55:34,359 [INFO] ADCParametersView:116 -                Rank 1 : false
2026-03-11 10:55:34,359 [INFO] ADCParametersView:116 -                Rank 1 : false
2026-03-11 10:55:34,359 [INFO] ADCParametersView:116 -                Rank 1 : false
2026-03-11 10:55:34,360 [INFO] ADCParametersView:116 -                Rank 1 : false
2026-03-11 10:55:34,360 [INFO] ADCParametersView:116 -                Rank 1 : false
2026-03-11 10:55:34,360 [INFO] ADCParametersView:116 -                Rank 1 : false
2026-03-11 10:55:34,360 [INFO] ADCParametersView:116 -                Rank 1 : false
2026-03-11 10:55:34,360 [INFO] ADCParametersView:116 -                Rank 1 : false
2026-03-11 10:55:34,360 [INFO] ADCParametersView:116 -                Rank 1 : false
2026-03-11 10:55:34,361 [INFO] ADCParametersView:116 -                Rank 1 : false
2026-03-11 10:55:34,361 [INFO] ADCParametersView:116 -                Rank 1 : false
2026-03-11 10:55:34,361 [INFO] ADCParametersView:116 -                Rank 1 : false
2026-03-11 10:55:34,488 [INFO] ADCParametersView:116 -                Rank 1 : false
2026-03-11 10:55:34,526 [INFO] ADCParametersView:116 -                Rank 1 : false
2026-03-11 10:55:34,527 [INFO] ADCParametersView:116 -                Rank 1 : false
2026-03-11 10:55:34,527 [INFO] ADCParametersView:116 -                Rank 1 : false
2026-03-11 10:55:34,529 [INFO] ADCParametersView:116 -                Rank 1 : false
2026-03-11 10:55:34,530 [INFO] ADCParametersView:116 -                Rank 1 : false
2026-03-11 10:55:34,530 [INFO] ADCParametersView:116 -                Rank 1 : false
2026-03-11 10:55:34,531 [INFO] ADCParametersView:116 -                Rank 1 : false
2026-03-11 10:55:34,531 [INFO] ADCParametersView:116 -                Rank 1 : false
2026-03-11 10:55:34,531 [INFO] ADCParametersView:116 -                Rank 1 : false
2026-03-11 10:55:34,531 [INFO] ADCParametersView:116 -                Rank 1 : false
2026-03-11 10:55:34,531 [INFO] ADCParametersView:116 -                Rank 1 : false
2026-03-11 10:55:34,532 [INFO] ADCParametersView:116 -                Rank 1 : false
2026-03-11 10:55:34,532 [INFO] ADCParametersView:116 -                Rank 1 : false
2026-03-11 10:55:34,532 [INFO] ADCParametersView:116 -                Rank 1 : false
2026-03-11 10:55:34,532 [INFO] ADCParametersView:116 -                Rank 1 : false
2026-03-11 10:55:34,532 [INFO] ADCParametersView:116 -                Rank 1 : false
2026-03-11 10:55:34,533 [INFO] ADCParametersView:116 -                Rank 1 : false
2026-03-11 10:55:34,533 [INFO] ADCParametersView:116 -                Rank 1 : false
2026-03-11 10:55:34,533 [INFO] ADCParametersView:116 -                Rank 1 : false
2026-03-11 10:55:34,534 [INFO] ADCParametersView:116 -                Rank 1 : false
2026-03-11 10:55:34,534 [INFO] ADCParametersView:116 -                Rank 1 : false
2026-03-11 10:55:34,557 [INFO] ADCParametersView:116 -                Rank 1 : false
2026-03-11 10:55:34,896 [INFO] ADCParametersView:116 -                Rank 1 : false
2026-03-11 10:55:34,898 [INFO] ADCParametersView:116 -                Rank 1 : false
2026-03-11 10:55:34,898 [INFO] ADCParametersView:116 -                Rank 1 : false
2026-03-11 10:55:34,898 [INFO] ADCParametersView:116 -                Rank 1 : false
2026-03-11 10:55:34,899 [INFO] ADCParametersView:116 -                Rank 1 : false
2026-03-11 10:55:34,899 [INFO] ADCParametersView:116 -                Rank 1 : false
2026-03-11 10:55:34,899 [INFO] ADCParametersView:116 -                Rank 1 : false
2026-03-11 10:55:34,899 [INFO] ADCParametersView:116 -                Rank 1 : false
2026-03-11 10:55:34,900 [INFO] ADCParametersView:116 -                Rank 1 : false
2026-03-11 10:55:34,900 [INFO] ADCParametersView:116 -                Rank 1 : false
2026-03-11 10:55:34,900 [INFO] ADCParametersView:116 -                Rank 1 : false
2026-03-11 10:55:34,900 [INFO] ADCParametersView:116 -                Rank 1 : false
2026-03-11 10:55:34,900 [INFO] ADCParametersView:116 -                Rank 1 : false
2026-03-11 10:55:34,901 [INFO] ADCParametersView:116 -                Rank 1 : false
2026-03-11 10:55:34,901 [INFO] ADCParametersView:116 -                Rank 1 : false
2026-03-11 10:55:34,901 [INFO] ADCParametersView:116 -                Rank 1 : false
2026-03-11 10:55:34,901 [INFO] ADCParametersView:116 -                Rank 1 : false
2026-03-11 10:55:34,901 [INFO] ADCParametersView:116 -                Rank 1 : false
2026-03-11 10:55:34,901 [INFO] ADCParametersView:116 -                Rank 1 : false
2026-03-11 10:55:34,902 [INFO] ADCParametersView:116 -                Rank 1 : false
2026-03-11 10:55:34,902 [INFO] ADCParametersView:116 -                Rank 1 : false
2026-03-11 10:55:34,925 [INFO] ADCParametersView:116 -                Rank 1 : false
2026-03-11 10:55:34,962 [INFO] ADCParametersView:116 -                Rank 1 : false
2026-03-11 10:55:34,963 [INFO] ADCParametersView:116 -                Rank 1 : false
2026-03-11 10:55:34,963 [INFO] ADCParametersView:116 -                Rank 1 : false
2026-03-11 10:55:34,964 [INFO] ADCParametersView:116 -                Rank 1 : false
2026-03-11 10:55:34,964 [INFO] ADCParametersView:116 -                Rank 1 : false
2026-03-11 10:55:34,964 [INFO] ADCParametersView:116 -                Rank 1 : false
2026-03-11 10:55:34,965 [INFO] ADCParametersView:116 -                Rank 1 : false
2026-03-11 10:55:34,965 [INFO] ADCParametersView:116 -                Rank 1 : false
2026-03-11 10:55:34,965 [INFO] ADCParametersView:116 -                Rank 1 : false
2026-03-11 10:55:34,965 [INFO] ADCParametersView:116 -                Rank 1 : false
2026-03-11 10:55:34,966 [INFO] ADCParametersView:116 -                Rank 1 : false
2026-03-11 10:55:34,966 [INFO] ADCParametersView:116 -                Rank 1 : false
2026-03-11 10:55:34,966 [INFO] ADCParametersView:116 -                Rank 1 : false
2026-03-11 10:55:34,967 [INFO] ADCParametersView:116 -                Rank 1 : false
2026-03-11 10:55:34,967 [INFO] ADCParametersView:116 -                Rank 1 : false
2026-03-11 10:55:34,967 [INFO] ADCParametersView:116 -                Rank 1 : false
2026-03-11 10:55:34,967 [INFO] ADCParametersView:116 -                Rank 1 : false
2026-03-11 10:55:34,967 [INFO] ADCParametersView:116 -                Rank 1 : false
2026-03-11 10:55:34,967 [INFO] ADCParametersView:116 -                Rank 1 : false
2026-03-11 10:55:34,968 [INFO] ADCParametersView:116 -                Rank 1 : false
2026-03-11 10:55:34,968 [INFO] ADCParametersView:116 -                Rank 1 : false
2026-03-11 10:55:34,988 [INFO] ADCParametersView:116 -                Rank 1 : false
2026-03-11 10:55:37,747 [INFO] ADCParametersView:116 -                Rank 1 : false
2026-03-11 10:55:37,748 [INFO] ADCParametersView:116 -                Rank 1 : false
2026-03-11 10:55:37,748 [INFO] ADCParametersView:116 -                Rank 1 : false
2026-03-11 10:55:37,749 [INFO] ADCParametersView:116 -                Rank 1 : false
2026-03-11 10:55:37,749 [INFO] ADCParametersView:116 -                Rank 1 : false
2026-03-11 10:55:37,749 [INFO] ADCParametersView:116 -                Rank 1 : false
2026-03-11 10:55:37,750 [INFO] ADCParametersView:116 -                Rank 1 : false
2026-03-11 10:55:37,750 [INFO] ADCParametersView:116 -                Rank 1 : false
2026-03-11 10:55:37,750 [INFO] ADCParametersView:116 -                Rank 1 : false
2026-03-11 10:55:37,750 [INFO] ADCParametersView:116 -                Rank 1 : false
2026-03-11 10:55:37,751 [INFO] ADCParametersView:116 -                Rank 1 : false
2026-03-11 10:55:37,751 [INFO] ADCParametersView:116 -                Rank 1 : false
2026-03-11 10:55:37,751 [INFO] ADCParametersView:116 -                Rank 1 : false
2026-03-11 10:55:37,751 [INFO] ADCParametersView:116 -                Rank 1 : false
2026-03-11 10:55:37,751 [INFO] ADCParametersView:116 -                Rank 1 : false
2026-03-11 10:55:37,752 [INFO] ADCParametersView:116 -                Rank 1 : false
2026-03-11 10:55:37,752 [INFO] ADCParametersView:116 -                Rank 1 : false
2026-03-11 10:55:37,752 [INFO] ADCParametersView:116 -                Rank 1 : false
2026-03-11 10:55:37,752 [INFO] ADCParametersView:116 -                Rank 1 : false
2026-03-11 10:55:37,752 [INFO] ADCParametersView:116 -                Rank 1 : false
2026-03-11 10:55:37,752 [INFO] ADCParametersView:116 -                Rank 1 : false
2026-03-11 10:55:37,773 [INFO] ADCParametersView:116 -                Rank 1 : false
2026-03-11 10:55:37,826 [INFO] ADCParametersView:116 -                Rank 1 : false
2026-03-11 10:55:37,827 [INFO] ADCParametersView:116 -                Rank 1 : false
2026-03-11 10:55:37,827 [INFO] ADCParametersView:116 -                Rank 1 : false
2026-03-11 10:55:37,827 [INFO] ADCParametersView:116 -                Rank 1 : false
2026-03-11 10:55:37,828 [INFO] ADCParametersView:116 -                Rank 1 : false
2026-03-11 10:55:37,828 [INFO] ADCParametersView:116 -                Rank 1 : false
2026-03-11 10:55:37,828 [INFO] ADCParametersView:116 -                Rank 1 : false
2026-03-11 10:55:37,828 [INFO] ADCParametersView:116 -                Rank 1 : false
2026-03-11 10:55:37,829 [INFO] ADCParametersView:116 -                Rank 1 : false
2026-03-11 10:55:37,829 [INFO] ADCParametersView:116 -                Rank 1 : false
2026-03-11 10:55:37,830 [INFO] ADCParametersView:116 -                Rank 1 : false
2026-03-11 10:55:37,830 [INFO] ADCParametersView:116 -                Rank 1 : false
2026-03-11 10:55:37,830 [INFO] ADCParametersView:116 -                Rank 1 : false
2026-03-11 10:55:37,830 [INFO] ADCParametersView:116 -                Rank 1 : false
2026-03-11 10:55:37,831 [INFO] ADCParametersView:116 -                Rank 1 : false
2026-03-11 10:55:37,831 [INFO] ADCParametersView:116 -                Rank 1 : false
2026-03-11 10:55:37,831 [INFO] ADCParametersView:116 -                Rank 1 : false
2026-03-11 10:55:37,831 [INFO] ADCParametersView:116 -                Rank 1 : false
2026-03-11 10:55:37,831 [INFO] ADCParametersView:116 -                Rank 1 : false
2026-03-11 10:55:37,831 [INFO] ADCParametersView:116 -                Rank 1 : false
2026-03-11 10:55:37,831 [INFO] ADCParametersView:116 -                Rank 1 : false
2026-03-11 10:55:37,845 [INFO] ADCParametersView:116 -                Rank 1 : false
2026-03-11 10:55:37,900 [INFO] ADCParametersView:116 -                Rank 1 : false
2026-03-11 10:55:37,900 [INFO] ADCParametersView:116 -                Rank 1 : false
2026-03-11 10:55:37,901 [INFO] ADCParametersView:116 -                Rank 1 : false
2026-03-11 10:55:37,902 [INFO] ADCParametersView:116 -                Rank 1 : false
2026-03-11 10:55:37,903 [INFO] ADCParametersView:116 -                Rank 1 : false
2026-03-11 10:55:37,903 [INFO] ADCParametersView:116 -                Rank 1 : false
2026-03-11 10:55:37,903 [INFO] ADCParametersView:116 -                Rank 1 : false
2026-03-11 10:55:37,903 [INFO] ADCParametersView:116 -                Rank 1 : false
2026-03-11 10:55:37,904 [INFO] ADCParametersView:116 -                Rank 1 : false
2026-03-11 10:55:37,904 [INFO] ADCParametersView:116 -                Rank 1 : false
2026-03-11 10:55:37,904 [INFO] ADCParametersView:116 -                Rank 1 : false
2026-03-11 10:55:37,904 [INFO] ADCParametersView:116 -                Rank 1 : false
2026-03-11 10:55:37,907 [INFO] ADCParametersView:116 -                Rank 1 : false
2026-03-11 10:55:37,907 [INFO] ADCParametersView:116 -                Rank 1 : false
2026-03-11 10:55:37,907 [INFO] ADCParametersView:116 -                Rank 1 : false
2026-03-11 10:55:37,907 [INFO] ADCParametersView:116 -                Rank 1 : false
2026-03-11 10:55:37,907 [INFO] ADCParametersView:116 -                Rank 1 : false
2026-03-11 10:55:37,908 [INFO] ADCParametersView:116 -                Rank 1 : false
2026-03-11 10:55:37,908 [INFO] ADCParametersView:116 -                Rank 1 : false
2026-03-11 10:55:37,908 [INFO] ADCParametersView:116 -                Rank 1 : false
2026-03-11 10:55:37,908 [INFO] ADCParametersView:116 -                Rank 1 : false
2026-03-11 10:55:37,926 [INFO] ADCParametersView:116 -                Rank 1 : false
2026-03-11 10:55:37,950 [INFO] ADCParametersView:116 -                Rank 1 : false
2026-03-11 10:55:37,950 [INFO] ADCParametersView:116 -                Rank 1 : false
2026-03-11 10:55:37,951 [INFO] ADCParametersView:116 -                Rank 1 : false
2026-03-11 10:55:37,951 [INFO] ADCParametersView:116 -                Rank 1 : false
2026-03-11 10:55:37,951 [INFO] ADCParametersView:116 -                Rank 1 : false
2026-03-11 10:55:37,952 [INFO] ADCParametersView:116 -                Rank 1 : false
2026-03-11 10:55:37,952 [INFO] ADCParametersView:116 -                Rank 1 : false
2026-03-11 10:55:37,952 [INFO] ADCParametersView:116 -                Rank 1 : false
2026-03-11 10:55:37,952 [INFO] ADCParametersView:116 -                Rank 1 : false
2026-03-11 10:55:37,953 [INFO] ADCParametersView:116 -                Rank 1 : false
2026-03-11 10:55:37,953 [INFO] ADCParametersView:116 -                Rank 1 : false
2026-03-11 10:55:37,953 [INFO] ADCParametersView:116 -                Rank 1 : false
2026-03-11 10:55:37,953 [INFO] ADCParametersView:116 -                Rank 1 : false
2026-03-11 10:55:37,953 [INFO] ADCParametersView:116 -                Rank 1 : false
2026-03-11 10:55:37,954 [INFO] ADCParametersView:116 -                Rank 1 : false
2026-03-11 10:55:37,954 [INFO] ADCParametersView:116 -                Rank 1 : false
2026-03-11 10:55:37,954 [INFO] ADCParametersView:116 -                Rank 1 : false
2026-03-11 10:55:37,954 [INFO] ADCParametersView:116 -                Rank 1 : false
2026-03-11 10:55:37,954 [INFO] ADCParametersView:116 -                Rank 1 : false
2026-03-11 10:55:37,954 [INFO] ADCParametersView:116 -                Rank 1 : false
2026-03-11 10:55:37,954 [INFO] ADCParametersView:116 -                Rank 1 : false
2026-03-11 10:55:37,970 [INFO] ADCParametersView:116 -                Rank 1 : false
2026-03-11 10:55:38,099 [INFO] ADCParametersView:116 -                Rank 1 : false
2026-03-11 10:55:38,100 [INFO] ADCParametersView:116 -                Rank 1 : false
2026-03-11 10:55:38,100 [INFO] ADCParametersView:116 -                Rank 1 : false
2026-03-11 10:55:38,101 [INFO] ADCParametersView:116 -                Rank 1 : false
2026-03-11 10:55:38,101 [INFO] ADCParametersView:116 -                Rank 1 : false
2026-03-11 10:55:38,101 [INFO] ADCParametersView:116 -                Rank 1 : false
2026-03-11 10:55:38,101 [INFO] ADCParametersView:116 -                Rank 1 : false
2026-03-11 10:55:38,102 [INFO] ADCParametersView:116 -                Rank 1 : false
2026-03-11 10:55:38,102 [INFO] ADCParametersView:116 -                Rank 1 : false
2026-03-11 10:55:38,102 [INFO] ADCParametersView:116 -                Rank 1 : false
2026-03-11 10:55:38,102 [INFO] ADCParametersView:116 -                Rank 1 : false
2026-03-11 10:55:38,103 [INFO] ADCParametersView:116 -                Rank 1 : false
2026-03-11 10:55:38,103 [INFO] ADCParametersView:116 -                Rank 1 : false
2026-03-11 10:55:38,103 [INFO] ADCParametersView:116 -                Rank 1 : false
2026-03-11 10:55:38,103 [INFO] ADCParametersView:116 -                Rank 1 : false
2026-03-11 10:55:38,103 [INFO] ADCParametersView:116 -                Rank 1 : false
2026-03-11 10:55:38,103 [INFO] ADCParametersView:116 -                Rank 1 : false
2026-03-11 10:55:38,104 [INFO] ADCParametersView:116 -                Rank 1 : false
2026-03-11 10:55:38,104 [INFO] ADCParametersView:116 -                Rank 1 : false
2026-03-11 10:55:38,104 [INFO] ADCParametersView:116 -                Rank 1 : false
2026-03-11 10:55:38,104 [INFO] ADCParametersView:116 -                Rank 1 : false
2026-03-11 10:55:38,116 [INFO] ADCParametersView:116 -                Rank 1 : false
2026-03-11 10:55:38,142 [INFO] ADCParametersView:116 -                Rank 1 : false
2026-03-11 10:55:38,142 [INFO] ADCParametersView:116 -                Rank 1 : false
2026-03-11 10:55:38,142 [INFO] ADCParametersView:116 -                Rank 1 : false
2026-03-11 10:55:38,143 [INFO] ADCParametersView:116 -                Rank 1 : false
2026-03-11 10:55:38,143 [INFO] ADCParametersView:116 -                Rank 1 : false
2026-03-11 10:55:38,143 [INFO] ADCParametersView:116 -                Rank 1 : false
2026-03-11 10:55:38,143 [INFO] ADCParametersView:116 -                Rank 1 : false
2026-03-11 10:55:38,144 [INFO] ADCParametersView:116 -                Rank 1 : false
2026-03-11 10:55:38,144 [INFO] ADCParametersView:116 -                Rank 1 : false
2026-03-11 10:55:38,144 [INFO] ADCParametersView:116 -                Rank 1 : false
2026-03-11 10:55:38,144 [INFO] ADCParametersView:116 -                Rank 1 : false
2026-03-11 10:55:38,144 [INFO] ADCParametersView:116 -                Rank 1 : false
2026-03-11 10:55:38,145 [INFO] ADCParametersView:116 -                Rank 1 : false
2026-03-11 10:55:38,145 [INFO] ADCParametersView:116 -                Rank 1 : false
2026-03-11 10:55:38,145 [INFO] ADCParametersView:116 -                Rank 1 : false
2026-03-11 10:55:38,145 [INFO] ADCParametersView:116 -                Rank 1 : false
2026-03-11 10:55:38,145 [INFO] ADCParametersView:116 -                Rank 1 : false
2026-03-11 10:55:38,145 [INFO] ADCParametersView:116 -                Rank 1 : false
2026-03-11 10:55:38,146 [INFO] ADCParametersView:116 -                Rank 1 : false
2026-03-11 10:55:38,146 [INFO] ADCParametersView:116 -                Rank 1 : false
2026-03-11 10:55:38,146 [INFO] ADCParametersView:116 -                Rank 1 : false
2026-03-11 10:55:38,163 [INFO] ADCParametersView:116 -                Rank 1 : false
2026-03-11 10:55:42,368 [INFO] ADCParametersView:116 -                Rank 1 : false
2026-03-11 10:55:42,381 [INFO] ADCParametersView:116 -                Rank 1 : false
2026-03-11 10:55:42,384 [INFO] ADCParametersView:116 -                Rank 1 : false
2026-03-11 10:55:42,384 [INFO] ADCParametersView:116 -                Rank 1 : false
2026-03-11 10:55:42,385 [INFO] ADCParametersView:116 -                Rank 1 : false
2026-03-11 10:55:42,385 [INFO] ADCParametersView:116 -                Rank 1 : false
2026-03-11 10:55:42,385 [INFO] ADCParametersView:116 -                Rank 1 : false
2026-03-11 10:55:42,385 [INFO] ADCParametersView:116 -                Rank 1 : false
2026-03-11 10:55:42,385 [INFO] ADCParametersView:116 -                Rank 1 : false
2026-03-11 10:55:42,386 [INFO] ADCParametersView:116 -                Rank 1 : false
2026-03-11 10:55:42,386 [INFO] ADCParametersView:116 -                Rank 1 : false
2026-03-11 10:55:42,386 [INFO] ADCParametersView:116 -                Rank 1 : false
2026-03-11 10:55:42,386 [INFO] ADCParametersView:116 -                Rank 1 : false
2026-03-11 10:55:42,386 [INFO] ADCParametersView:116 -                Rank 1 : false
2026-03-11 10:55:42,387 [INFO] ADCParametersView:116 -                Rank 1 : false
2026-03-11 10:55:42,387 [INFO] ADCParametersView:116 -                Rank 1 : false
2026-03-11 10:55:42,387 [INFO] ADCParametersView:116 -                Rank 1 : false
2026-03-11 10:55:42,387 [INFO] ADCParametersView:116 -                Rank 1 : false
2026-03-11 10:55:42,388 [INFO] ADCParametersView:116 -                Rank 1 : false
2026-03-11 10:55:42,389 [INFO] ADCParametersView:116 -                Rank 1 : false
2026-03-11 10:55:42,389 [INFO] ADCParametersView:116 -                Rank 1 : false
2026-03-11 10:55:42,482 [INFO] ADCParametersView:116 -                Rank 1 : false
2026-03-11 10:55:42,644 [INFO] ADCParametersView:116 -                Rank 1 : false
2026-03-11 10:55:42,645 [INFO] ADCParametersView:116 -                Rank 1 : false
2026-03-11 10:55:42,645 [INFO] ADCParametersView:116 -                Rank 1 : false
2026-03-11 10:55:42,646 [INFO] ADCParametersView:116 -                Rank 1 : false
2026-03-11 10:55:42,646 [INFO] ADCParametersView:116 -                Rank 1 : false
2026-03-11 10:55:42,646 [INFO] ADCParametersView:116 -                Rank 1 : false
2026-03-11 10:55:42,646 [INFO] ADCParametersView:116 -                Rank 1 : false
2026-03-11 10:55:42,647 [INFO] ADCParametersView:116 -                Rank 1 : false
2026-03-11 10:55:42,647 [INFO] ADCParametersView:116 -                Rank 1 : false
2026-03-11 10:55:42,647 [INFO] ADCParametersView:116 -                Rank 1 : false
2026-03-11 10:55:42,647 [INFO] ADCParametersView:116 -                Rank 1 : false
2026-03-11 10:55:42,648 [INFO] ADCParametersView:116 -                Rank 1 : false
2026-03-11 10:55:42,648 [INFO] ADCParametersView:116 -                Rank 1 : false
2026-03-11 10:55:42,648 [INFO] ADCParametersView:116 -                Rank 1 : false
2026-03-11 10:55:42,648 [INFO] ADCParametersView:116 -                Rank 1 : false
2026-03-11 10:55:42,648 [INFO] ADCParametersView:116 -                Rank 1 : false
2026-03-11 10:55:42,648 [INFO] ADCParametersView:116 -                Rank 1 : false
2026-03-11 10:55:42,648 [INFO] ADCParametersView:116 -                Rank 1 : false
2026-03-11 10:55:42,649 [INFO] ADCParametersView:116 -                Rank 1 : false
2026-03-11 10:55:42,649 [INFO] ADCParametersView:116 -                Rank 1 : false
2026-03-11 10:55:42,649 [INFO] ADCParametersView:116 -                Rank 1 : false
2026-03-11 10:55:42,665 [INFO] ADCParametersView:116 -                Rank 1 : false
2026-03-11 10:55:42,811 [INFO] ADCParametersView:116 -                Rank 1 : false
2026-03-11 10:55:42,815 [INFO] ADCParametersView:116 -                Rank 1 : false
2026-03-11 10:55:42,816 [INFO] ADCParametersView:116 -                Rank 1 : false
2026-03-11 10:55:42,816 [INFO] ADCParametersView:116 -                Rank 1 : false
2026-03-11 10:55:42,816 [INFO] ADCParametersView:116 -                Rank 1 : false
2026-03-11 10:55:42,817 [INFO] ADCParametersView:116 -                Rank 1 : false
2026-03-11 10:55:42,817 [INFO] ADCParametersView:116 -                Rank 1 : false
2026-03-11 10:55:42,817 [INFO] ADCParametersView:116 -                Rank 1 : false
2026-03-11 10:55:42,818 [INFO] ADCParametersView:116 -                Rank 1 : false
2026-03-11 10:55:42,818 [INFO] ADCParametersView:116 -                Rank 1 : false
2026-03-11 10:55:42,819 [INFO] ADCParametersView:116 -                Rank 1 : false
2026-03-11 10:55:42,819 [INFO] ADCParametersView:116 -                Rank 1 : false
2026-03-11 10:55:42,819 [INFO] ADCParametersView:116 -                Rank 1 : false
2026-03-11 10:55:42,820 [INFO] ADCParametersView:116 -                Rank 1 : false
2026-03-11 10:55:42,820 [INFO] ADCParametersView:116 -                Rank 1 : false
2026-03-11 10:55:42,820 [INFO] ADCParametersView:116 -                Rank 1 : false
2026-03-11 10:55:42,820 [INFO] ADCParametersView:116 -                Rank 1 : false
2026-03-11 10:55:42,820 [INFO] ADCParametersView:116 -                Rank 1 : false
2026-03-11 10:55:42,820 [INFO] ADCParametersView:116 -                Rank 1 : false
2026-03-11 10:55:42,820 [INFO] ADCParametersView:116 -                Rank 1 : false
2026-03-11 10:55:42,820 [INFO] ADCParametersView:116 -                Rank 1 : false
2026-03-11 10:55:42,836 [INFO] ADCParametersView:116 -                Rank 1 : false
2026-03-11 10:55:42,859 [INFO] ADCParametersView:116 -                Rank 1 : false
2026-03-11 10:55:42,859 [INFO] ADCParametersView:116 -                Rank 1 : false
2026-03-11 10:55:42,860 [INFO] ADCParametersView:116 -                Rank 1 : false
2026-03-11 10:55:42,860 [INFO] ADCParametersView:116 -                Rank 1 : false
2026-03-11 10:55:42,860 [INFO] ADCParametersView:116 -                Rank 1 : false
2026-03-11 10:55:42,860 [INFO] ADCParametersView:116 -                Rank 1 : false
2026-03-11 10:55:42,861 [INFO] ADCParametersView:116 -                Rank 1 : false
2026-03-11 10:55:42,861 [INFO] ADCParametersView:116 -                Rank 1 : false
2026-03-11 10:55:42,861 [INFO] ADCParametersView:116 -                Rank 1 : false
2026-03-11 10:55:42,861 [INFO] ADCParametersView:116 -                Rank 1 : false
2026-03-11 10:55:42,862 [INFO] ADCParametersView:116 -                Rank 1 : false
2026-03-11 10:55:42,862 [INFO] ADCParametersView:116 -                Rank 1 : false
2026-03-11 10:55:42,862 [INFO] ADCParametersView:116 -                Rank 1 : false
2026-03-11 10:55:42,862 [INFO] ADCParametersView:116 -                Rank 1 : false
2026-03-11 10:55:42,862 [INFO] ADCParametersView:116 -                Rank 1 : false
2026-03-11 10:55:42,862 [INFO] ADCParametersView:116 -                Rank 1 : false
2026-03-11 10:55:42,863 [INFO] ADCParametersView:116 -                Rank 1 : false
2026-03-11 10:55:42,863 [INFO] ADCParametersView:116 -                Rank 1 : false
2026-03-11 10:55:42,863 [INFO] ADCParametersView:116 -                Rank 1 : false
2026-03-11 10:55:42,863 [INFO] ADCParametersView:116 -                Rank 1 : false
2026-03-11 10:55:42,863 [INFO] ADCParametersView:116 -                Rank 1 : false
2026-03-11 10:55:42,876 [INFO] ADCParametersView:116 -                Rank 1 : false
2026-03-11 10:55:43,057 [INFO] ADCParametersView:116 -                Rank 1 : false
2026-03-11 10:55:43,060 [INFO] ADCParametersView:116 -                Rank 1 : false
2026-03-11 10:55:43,061 [INFO] ADCParametersView:116 -                Rank 1 : false
2026-03-11 10:55:43,061 [INFO] ADCParametersView:116 -                Rank 1 : false
2026-03-11 10:55:43,061 [INFO] ADCParametersView:116 -                Rank 1 : false
2026-03-11 10:55:43,062 [INFO] ADCParametersView:116 -                Rank 1 : false
2026-03-11 10:55:43,062 [INFO] ADCParametersView:116 -                Rank 1 : false
2026-03-11 10:55:43,062 [INFO] ADCParametersView:116 -                Rank 1 : false
2026-03-11 10:55:43,062 [INFO] ADCParametersView:116 -                Rank 1 : false
2026-03-11 10:55:43,063 [INFO] ADCParametersView:116 -                Rank 1 : false
2026-03-11 10:55:43,063 [INFO] ADCParametersView:116 -                Rank 1 : false
2026-03-11 10:55:43,063 [INFO] ADCParametersView:116 -                Rank 1 : false
2026-03-11 10:55:43,063 [INFO] ADCParametersView:116 -                Rank 1 : false
2026-03-11 10:55:43,064 [INFO] ADCParametersView:116 -                Rank 1 : false
2026-03-11 10:55:43,064 [INFO] ADCParametersView:116 -                Rank 1 : false
2026-03-11 10:55:43,064 [INFO] ADCParametersView:116 -                Rank 1 : false
2026-03-11 10:55:43,064 [INFO] ADCParametersView:116 -                Rank 1 : false
2026-03-11 10:55:43,064 [INFO] ADCParametersView:116 -                Rank 1 : false
2026-03-11 10:55:43,064 [INFO] ADCParametersView:116 -                Rank 1 : false
2026-03-11 10:55:43,064 [INFO] ADCParametersView:116 -                Rank 1 : false
2026-03-11 10:55:43,064 [INFO] ADCParametersView:116 -                Rank 1 : false
2026-03-11 10:55:43,081 [INFO] ADCParametersView:116 -                Rank 1 : false
2026-03-11 10:55:43,130 [INFO] ADCParametersView:116 -                Rank 1 : false
2026-03-11 10:55:43,130 [INFO] ADCParametersView:116 -                Rank 1 : false
2026-03-11 10:55:43,131 [INFO] ADCParametersView:116 -                Rank 1 : false
2026-03-11 10:55:43,131 [INFO] ADCParametersView:116 -                Rank 1 : false
2026-03-11 10:55:43,131 [INFO] ADCParametersView:116 -                Rank 1 : false
2026-03-11 10:55:43,132 [INFO] ADCParametersView:116 -                Rank 1 : false
2026-03-11 10:55:43,132 [INFO] ADCParametersView:116 -                Rank 1 : false
2026-03-11 10:55:43,132 [INFO] ADCParametersView:116 -                Rank 1 : false
2026-03-11 10:55:43,132 [INFO] ADCParametersView:116 -                Rank 1 : false
2026-03-11 10:55:43,132 [INFO] ADCParametersView:116 -                Rank 1 : false
2026-03-11 10:55:43,133 [INFO] ADCParametersView:116 -                Rank 1 : false
2026-03-11 10:55:43,133 [INFO] ADCParametersView:116 -                Rank 1 : false
2026-03-11 10:55:43,133 [INFO] ADCParametersView:116 -                Rank 1 : false
2026-03-11 10:55:43,133 [INFO] ADCParametersView:116 -                Rank 1 : false
2026-03-11 10:55:43,133 [INFO] ADCParametersView:116 -                Rank 1 : false
2026-03-11 10:55:43,134 [INFO] ADCParametersView:116 -                Rank 1 : false
2026-03-11 10:55:43,134 [INFO] ADCParametersView:116 -                Rank 1 : false
2026-03-11 10:55:43,134 [INFO] ADCParametersView:116 -                Rank 1 : false
2026-03-11 10:55:43,134 [INFO] ADCParametersView:116 -                Rank 1 : false
2026-03-11 10:55:43,134 [INFO] ADCParametersView:116 -                Rank 1 : false
2026-03-11 10:55:43,134 [INFO] ADCParametersView:116 -                Rank 1 : false
2026-03-11 10:55:43,146 [INFO] ADCParametersView:116 -                Rank 1 : false
2026-03-11 10:55:45,782 [INFO] ADCParametersView:116 -                Rank 1 : false
2026-03-11 10:55:45,783 [INFO] ADCParametersView:116 -                Rank 1 : false
2026-03-11 10:55:45,783 [INFO] ADCParametersView:116 -                Rank 1 : false
2026-03-11 10:55:45,784 [INFO] ADCParametersView:116 -                Rank 1 : false
2026-03-11 10:55:45,784 [INFO] ADCParametersView:116 -                Rank 1 : false
2026-03-11 10:55:45,784 [INFO] ADCParametersView:116 -                Rank 1 : false
2026-03-11 10:55:45,784 [INFO] ADCParametersView:116 -                Rank 1 : false
2026-03-11 10:55:45,785 [INFO] ADCParametersView:116 -                Rank 1 : false
2026-03-11 10:55:45,785 [INFO] ADCParametersView:116 -                Rank 1 : false
2026-03-11 10:55:45,785 [INFO] ADCParametersView:116 -                Rank 1 : false
2026-03-11 10:55:45,785 [INFO] ADCParametersView:116 -                Rank 1 : false
2026-03-11 10:55:45,785 [INFO] ADCParametersView:116 -                Rank 1 : false
2026-03-11 10:55:45,786 [INFO] ADCParametersView:116 -                Rank 1 : false
2026-03-11 10:55:45,786 [INFO] ADCParametersView:116 -                Rank 1 : false
2026-03-11 10:55:45,786 [INFO] ADCParametersView:116 -                Rank 1 : false
2026-03-11 10:55:45,786 [INFO] ADCParametersView:116 -                Rank 1 : false
2026-03-11 10:55:45,789 [INFO] ADCParametersView:116 -                Rank 1 : false
2026-03-11 10:55:45,791 [INFO] ADCParametersView:116 -                Rank 1 : false
2026-03-11 10:55:45,792 [INFO] ADCParametersView:116 -                Rank 1 : false
2026-03-11 10:55:45,793 [INFO] ADCParametersView:116 -                Rank 1 : false
2026-03-11 10:55:45,793 [INFO] ADCParametersView:116 -                Rank 1 : false
2026-03-11 10:55:45,809 [INFO] ADCParametersView:116 -                Rank 1 : false
2026-03-11 10:55:45,834 [INFO] ADCParametersView:116 -                Rank 1 : false
2026-03-11 10:55:45,835 [INFO] ADCParametersView:116 -                Rank 1 : false
2026-03-11 10:55:45,835 [INFO] ADCParametersView:116 -                Rank 1 : false
2026-03-11 10:55:45,835 [INFO] ADCParametersView:116 -                Rank 1 : false
2026-03-11 10:55:45,836 [INFO] ADCParametersView:116 -                Rank 1 : false
2026-03-11 10:55:45,836 [INFO] ADCParametersView:116 -                Rank 1 : false
2026-03-11 10:55:45,836 [INFO] ADCParametersView:116 -                Rank 1 : false
2026-03-11 10:55:45,836 [INFO] ADCParametersView:116 -                Rank 1 : false
2026-03-11 10:55:45,837 [INFO] ADCParametersView:116 -                Rank 1 : false
2026-03-11 10:55:45,837 [INFO] ADCParametersView:116 -                Rank 1 : false
2026-03-11 10:55:45,837 [INFO] ADCParametersView:116 -                Rank 1 : false
2026-03-11 10:55:45,838 [INFO] ADCParametersView:116 -                Rank 1 : false
2026-03-11 10:55:45,838 [INFO] ADCParametersView:116 -                Rank 1 : false
2026-03-11 10:55:45,838 [INFO] ADCParametersView:116 -                Rank 1 : false
2026-03-11 10:55:45,838 [INFO] ADCParametersView:116 -                Rank 1 : false
2026-03-11 10:55:45,839 [INFO] ADCParametersView:116 -                Rank 1 : false
2026-03-11 10:55:45,839 [INFO] ADCParametersView:116 -                Rank 1 : false
2026-03-11 10:55:45,839 [INFO] ADCParametersView:116 -                Rank 1 : false
2026-03-11 10:55:45,839 [INFO] ADCParametersView:116 -                Rank 1 : false
2026-03-11 10:55:45,839 [INFO] ADCParametersView:116 -                Rank 1 : false
2026-03-11 10:55:45,839 [INFO] ADCParametersView:116 -                Rank 1 : false
2026-03-11 10:55:45,855 [INFO] ADCParametersView:116 -                Rank 1 : false
2026-03-11 10:55:45,907 [INFO] ADCParametersView:116 -                Rank 1 : false
2026-03-11 10:55:45,907 [INFO] ADCParametersView:116 -                Rank 1 : false
2026-03-11 10:55:45,907 [INFO] ADCParametersView:116 -                Rank 1 : false
2026-03-11 10:55:45,908 [INFO] ADCParametersView:116 -                Rank 1 : false
2026-03-11 10:55:45,908 [INFO] ADCParametersView:116 -                Rank 1 : false
2026-03-11 10:55:45,908 [INFO] ADCParametersView:116 -                Rank 1 : false
2026-03-11 10:55:45,909 [INFO] ADCParametersView:116 -                Rank 1 : false
2026-03-11 10:55:45,909 [INFO] ADCParametersView:116 -                Rank 1 : false
2026-03-11 10:55:45,909 [INFO] ADCParametersView:116 -                Rank 1 : false
2026-03-11 10:55:45,909 [INFO] ADCParametersView:116 -                Rank 1 : false
2026-03-11 10:55:45,909 [INFO] ADCParametersView:116 -                Rank 1 : false
2026-03-11 10:55:45,910 [INFO] ADCParametersView:116 -                Rank 1 : false
2026-03-11 10:55:45,910 [INFO] ADCParametersView:116 -                Rank 1 : false
2026-03-11 10:55:45,910 [INFO] ADCParametersView:116 -                Rank 1 : false
2026-03-11 10:55:45,910 [INFO] ADCParametersView:116 -                Rank 1 : false
2026-03-11 10:55:45,910 [INFO] ADCParametersView:116 -                Rank 1 : false
2026-03-11 10:55:45,911 [INFO] ADCParametersView:116 -                Rank 1 : false
2026-03-11 10:55:45,911 [INFO] ADCParametersView:116 -                Rank 1 : false
2026-03-11 10:55:45,911 [INFO] ADCParametersView:116 -                Rank 1 : false
2026-03-11 10:55:45,911 [INFO] ADCParametersView:116 -                Rank 1 : false
2026-03-11 10:55:45,911 [INFO] ADCParametersView:116 -                Rank 1 : false
2026-03-11 10:55:45,925 [INFO] ADCParametersView:116 -                Rank 1 : false
2026-03-11 10:55:45,953 [INFO] ADCParametersView:116 -                Rank 1 : false
2026-03-11 10:55:45,953 [INFO] ADCParametersView:116 -                Rank 1 : false
2026-03-11 10:55:45,954 [INFO] ADCParametersView:116 -                Rank 1 : false
2026-03-11 10:55:45,954 [INFO] ADCParametersView:116 -                Rank 1 : false
2026-03-11 10:55:45,954 [INFO] ADCParametersView:116 -                Rank 1 : false
2026-03-11 10:55:45,954 [INFO] ADCParametersView:116 -                Rank 1 : false
2026-03-11 10:55:45,955 [INFO] ADCParametersView:116 -                Rank 1 : false
2026-03-11 10:55:45,955 [INFO] ADCParametersView:116 -                Rank 1 : false
2026-03-11 10:55:45,955 [INFO] ADCParametersView:116 -                Rank 1 : false
2026-03-11 10:55:45,955 [INFO] ADCParametersView:116 -                Rank 1 : false
2026-03-11 10:55:45,955 [INFO] ADCParametersView:116 -                Rank 1 : false
2026-03-11 10:55:45,956 [INFO] ADCParametersView:116 -                Rank 1 : false
2026-03-11 10:55:45,956 [INFO] ADCParametersView:116 -                Rank 1 : false
2026-03-11 10:55:45,956 [INFO] ADCParametersView:116 -                Rank 1 : false
2026-03-11 10:55:45,956 [INFO] ADCParametersView:116 -                Rank 1 : false
2026-03-11 10:55:45,956 [INFO] ADCParametersView:116 -                Rank 1 : false
2026-03-11 10:55:45,956 [INFO] ADCParametersView:116 -                Rank 1 : false
2026-03-11 10:55:45,957 [INFO] ADCParametersView:116 -                Rank 1 : false
2026-03-11 10:55:45,957 [INFO] ADCParametersView:116 -                Rank 1 : false
2026-03-11 10:55:45,957 [INFO] ADCParametersView:116 -                Rank 1 : false
2026-03-11 10:55:45,957 [INFO] ADCParametersView:116 -                Rank 1 : false
2026-03-11 10:55:45,971 [INFO] ADCParametersView:116 -                Rank 1 : false
2026-03-11 10:55:46,093 [INFO] ADCParametersView:116 -                Rank 1 : false
2026-03-11 10:55:46,094 [INFO] ADCParametersView:116 -                Rank 1 : false
2026-03-11 10:55:46,094 [INFO] ADCParametersView:116 -                Rank 1 : false
2026-03-11 10:55:46,095 [INFO] ADCParametersView:116 -                Rank 1 : false
2026-03-11 10:55:46,095 [INFO] ADCParametersView:116 -                Rank 1 : false
2026-03-11 10:55:46,095 [INFO] ADCParametersView:116 -                Rank 1 : false
2026-03-11 10:55:46,095 [INFO] ADCParametersView:116 -                Rank 1 : false
2026-03-11 10:55:46,096 [INFO] ADCParametersView:116 -                Rank 1 : false
2026-03-11 10:55:46,096 [INFO] ADCParametersView:116 -                Rank 1 : false
2026-03-11 10:55:46,096 [INFO] ADCParametersView:116 -                Rank 1 : false
2026-03-11 10:55:46,096 [INFO] ADCParametersView:116 -                Rank 1 : false
2026-03-11 10:55:46,097 [INFO] ADCParametersView:116 -                Rank 1 : false
2026-03-11 10:55:46,097 [INFO] ADCParametersView:116 -                Rank 1 : false
2026-03-11 10:55:46,097 [INFO] ADCParametersView:116 -                Rank 1 : false
2026-03-11 10:55:46,097 [INFO] ADCParametersView:116 -                Rank 1 : false
2026-03-11 10:55:46,097 [INFO] ADCParametersView:116 -                Rank 1 : false
2026-03-11 10:55:46,097 [INFO] ADCParametersView:116 -                Rank 1 : false
2026-03-11 10:55:46,098 [INFO] ADCParametersView:116 -                Rank 1 : false
2026-03-11 10:55:46,098 [INFO] ADCParametersView:116 -                Rank 1 : false
2026-03-11 10:55:46,098 [INFO] ADCParametersView:116 -                Rank 1 : false
2026-03-11 10:55:46,098 [INFO] ADCParametersView:116 -                Rank 1 : false
2026-03-11 10:55:46,110 [INFO] ADCParametersView:116 -                Rank 1 : false
2026-03-11 10:55:46,131 [INFO] ADCParametersView:116 -                Rank 1 : false
2026-03-11 10:55:46,131 [INFO] ADCParametersView:116 -                Rank 1 : false
2026-03-11 10:55:46,131 [INFO] ADCParametersView:116 -                Rank 1 : false
2026-03-11 10:55:46,131 [INFO] ADCParametersView:116 -                Rank 1 : false
2026-03-11 10:55:46,132 [INFO] ADCParametersView:116 -                Rank 1 : false
2026-03-11 10:55:46,132 [INFO] ADCParametersView:116 -                Rank 1 : false
2026-03-11 10:55:46,132 [INFO] ADCParametersView:116 -                Rank 1 : false
2026-03-11 10:55:46,133 [INFO] ADCParametersView:116 -                Rank 1 : false
2026-03-11 10:55:46,133 [INFO] ADCParametersView:116 -                Rank 1 : false
2026-03-11 10:55:46,133 [INFO] ADCParametersView:116 -                Rank 1 : false
2026-03-11 10:55:46,133 [INFO] ADCParametersView:116 -                Rank 1 : false
2026-03-11 10:55:46,133 [INFO] ADCParametersView:116 -                Rank 1 : false
2026-03-11 10:55:46,134 [INFO] ADCParametersView:116 -                Rank 1 : false
2026-03-11 10:55:46,134 [INFO] ADCParametersView:116 -                Rank 1 : false
2026-03-11 10:55:46,134 [INFO] ADCParametersView:116 -                Rank 1 : false
2026-03-11 10:55:46,134 [INFO] ADCParametersView:116 -                Rank 1 : false
2026-03-11 10:55:46,134 [INFO] ADCParametersView:116 -                Rank 1 : false
2026-03-11 10:55:46,134 [INFO] ADCParametersView:116 -                Rank 1 : false
2026-03-11 10:55:46,134 [INFO] ADCParametersView:116 -                Rank 1 : false
2026-03-11 10:55:46,135 [INFO] ADCParametersView:116 -                Rank 1 : false
2026-03-11 10:55:46,135 [INFO] ADCParametersView:116 -                Rank 1 : false
2026-03-11 10:55:46,147 [INFO] ADCParametersView:116 -                Rank 1 : false
2026-03-11 10:56:18,445 [INFO] UtilMem:75 - End SaveConfig() Used Memory: 740917048 Bytes (1073741824)
2026-03-11 10:56:20,697 [ERROR] IocParser:95 - Exception caught: Cannot invoke "java.lang.CharSequence.length()" because "this.text" is null
2026-03-11 10:56:21,907 [INFO] UtilMem:75 - End SaveConfig() Used Memory: 766082872 Bytes (1073741824)
2026-03-11 10:56:22,802 [ERROR] IocParser:95 - Exception caught: Cannot invoke "java.lang.CharSequence.length()" because "this.text" is null
2026-03-11 10:56:25,518 [INFO] UtilMem:75 - End SaveConfig() Used Memory: 850558040 Bytes (1073741824)
2026-03-11 10:56:25,854 [ERROR] IocParser:95 - Exception caught: null
2026-03-11 10:56:25,926 [INFO] BlockDiagram:2775 - set Specific Code input for plugin: SYS
2026-03-11 10:56:25,926 [INFO] BlockDiagram:2775 - set Specific Code input for plugin: ADC
2026-03-11 10:56:25,926 [INFO] BlockDiagram:2775 - set Specific Code input for plugin: RCC
2026-03-11 10:56:25,927 [INFO] BlockDiagram:2775 - set Specific Code input for plugin: NVIC
2026-03-11 10:56:25,927 [INFO] BlockDiagram:2775 - set Specific Code input for plugin: GPIO
2026-03-11 10:56:25,928 [INFO] BlockDiagram:2775 - set Specific Code input for plugin: NUCLEO-G431RB
2026-03-11 10:56:25,929 [INFO] CodeGenerator:892 - code generatio: config db path: /Applications/STM32CubeIDE.app/Contents/Eclipse/plugins/com.st.stm32cube.common.mx_6.15.0.202507011659//db/
2026-03-11 10:56:26,030 [INFO] CodeEngine:265 - oldGeneratedFile, /Users/leon/VSCodeProject/SSI/STM32Prj/SSI/MXTmpFiles/license.tmp_save
2026-03-11 10:56:26,254 [INFO] CodeEngine:289 - Generated code: /Users/leon/VSCodeProject/SSI/STM32Prj/SSI/MXTmpFiles/license.tmp
2026-03-11 10:56:26,303 [INFO] CodeEngine:265 - oldGeneratedFile, /Users/leon/VSCodeProject/SSI/STM32Prj/SSI/MXTmpFiles/gpio.tmp_save
2026-03-11 10:56:26,389 [INFO] CodeEngine:289 - Generated code: /Users/leon/VSCodeProject/SSI/STM32Prj/SSI/MXTmpFiles/gpio.tmp
2026-03-11 10:56:26,488 [INFO] CodeEngine:265 - oldGeneratedFile, /Users/leon/VSCodeProject/SSI/STM32Prj/SSI/Core/Inc/stm32g4xx_nucleo_conf.h_save
2026-03-11 10:56:26,582 [INFO] CodeEngine:289 - Generated code: /Users/leon/VSCodeProject/SSI/STM32Prj/SSI/Core/Inc/stm32g4xx_nucleo_conf.h
2026-03-11 10:56:26,585 [INFO] CodeEngine:265 - oldGeneratedFile, /Users/leon/VSCodeProject/SSI/STM32Prj/SSI/MXTmpFiles/bsp_inc.tmp_save
2026-03-11 10:56:26,646 [INFO] CodeEngine:289 - Generated code: /Users/leon/VSCodeProject/SSI/STM32Prj/SSI/MXTmpFiles/bsp_inc.tmp
2026-03-11 10:56:26,648 [INFO] CodeEngine:265 - oldGeneratedFile, /Users/leon/VSCodeProject/SSI/STM32Prj/SSI/MXTmpFiles/bsp_common_vars.tmp_save
2026-03-11 10:56:26,722 [INFO] CodeEngine:289 - Generated code: /Users/leon/VSCodeProject/SSI/STM32Prj/SSI/MXTmpFiles/bsp_common_vars.tmp
2026-03-11 10:56:26,725 [INFO] CodeEngine:265 - oldGeneratedFile, /Users/leon/VSCodeProject/SSI/STM32Prj/SSI/MXTmpFiles/bsp_common_init.tmp_save
2026-03-11 10:56:26,784 [INFO] CodeEngine:289 - Generated code: /Users/leon/VSCodeProject/SSI/STM32Prj/SSI/MXTmpFiles/bsp_common_init.tmp
2026-03-11 10:56:26,787 [INFO] CodeEngine:265 - oldGeneratedFile, /Users/leon/VSCodeProject/SSI/STM32Prj/SSI/MXTmpFiles/bsp_common_demo_before_while.tmp_save
2026-03-11 10:56:26,836 [INFO] CodeEngine:289 - Generated code: /Users/leon/VSCodeProject/SSI/STM32Prj/SSI/MXTmpFiles/bsp_common_demo_before_while.tmp
2026-03-11 10:56:26,839 [INFO] CodeEngine:265 - oldGeneratedFile, /Users/leon/VSCodeProject/SSI/STM32Prj/SSI/MXTmpFiles/bsp_common_demo_inside_while.tmp_save
2026-03-11 10:56:26,897 [INFO] CodeEngine:289 - Generated code: /Users/leon/VSCodeProject/SSI/STM32Prj/SSI/MXTmpFiles/bsp_common_demo_inside_while.tmp
2026-03-11 10:56:26,899 [INFO] CodeEngine:265 - oldGeneratedFile, /Users/leon/VSCodeProject/SSI/STM32Prj/SSI/MXTmpFiles/bsp_common_demo_fct.tmp_save
2026-03-11 10:56:26,959 [INFO] CodeEngine:289 - Generated code: /Users/leon/VSCodeProject/SSI/STM32Prj/SSI/MXTmpFiles/bsp_common_demo_fct.tmp
2026-03-11 10:56:26,965 [INFO] CodeEngine:265 - oldGeneratedFile, /Users/leon/VSCodeProject/SSI/STM32Prj/SSI/Core/Src/stm32g4xx_it.c_save
2026-03-11 10:56:27,137 [INFO] CodeEngine:289 - Generated code: /Users/leon/VSCodeProject/SSI/STM32Prj/SSI/Core/Src/stm32g4xx_it.c
2026-03-11 10:56:27,140 [INFO] CodeEngine:265 - oldGeneratedFile, /Users/leon/VSCodeProject/SSI/STM32Prj/SSI/Core/Inc/stm32g4xx_it.h_save
2026-03-11 10:56:27,190 [INFO] CodeEngine:289 - Generated code: /Users/leon/VSCodeProject/SSI/STM32Prj/SSI/Core/Inc/stm32g4xx_it.h
2026-03-11 10:56:27,199 [INFO] CodeEngine:265 - oldGeneratedFile, /Users/leon/VSCodeProject/SSI/STM32Prj/SSI/Core/Src/stm32g4xx_hal_msp.c_save
2026-03-11 10:56:27,342 [INFO] CodeEngine:289 - Generated code: /Users/leon/VSCodeProject/SSI/STM32Prj/SSI/Core/Src/stm32g4xx_hal_msp.c
2026-03-11 10:56:27,347 [INFO] CodeEngine:265 - oldGeneratedFile, /Users/leon/VSCodeProject/SSI/STM32Prj/SSI/MXTmpFiles/system.tmp_save
2026-03-11 10:56:27,400 [INFO] CodeEngine:289 - Generated code: /Users/leon/VSCodeProject/SSI/STM32Prj/SSI/MXTmpFiles/system.tmp
2026-03-11 10:56:27,406 [INFO] CodeEngine:321 - oldGeneratedFile, /Users/leon/VSCodeProject/SSI/STM32Prj/SSI/Core/Inc/stm32g4xx_hal_conf.h_save
2026-03-11 10:56:27,459 [INFO] CodeEngine:345 - Generated code: /Users/leon/VSCodeProject/SSI/STM32Prj/SSI/Core/Inc/stm32g4xx_hal_conf.h
2026-03-11 10:56:27,496 [WARN] IPConfigManager:3238 - Warning: the RefConfig RCC_CommonPeriphClockConfig is not available in your config.xml file
2026-03-11 10:56:27,504 [INFO] CodeEngine:265 - oldGeneratedFile, /Users/leon/VSCodeProject/SSI/STM32Prj/SSI/Core/Inc/main.h_save
2026-03-11 10:56:27,585 [INFO] CodeEngine:289 - Generated code: /Users/leon/VSCodeProject/SSI/STM32Prj/SSI/Core/Inc/main.h
2026-03-11 10:56:27,588 [INFO] CodeEngine:265 - oldGeneratedFile, /Users/leon/VSCodeProject/SSI/STM32Prj/SSI/Core/Src/main.c_save
2026-03-11 10:56:27,698 [INFO] CodeEngine:289 - Generated code: /Users/leon/VSCodeProject/SSI/STM32Prj/SSI/Core/Src/main.c
2026-03-11 10:56:28,270 [INFO] ProjectBuilder:3606 - Time for Copy HAL[1] : 204mS.
2026-03-11 10:56:28,320 [INFO] ProjectBuilder:5216 - Project Generator version: 4.7.0-B52
2026-03-11 10:56:28,591 [INFO] ConfigFileManager:1595 - The Die is : DIE468
2026-03-11 10:56:31,973 [INFO] ProjectBuilder:5496 - Time for Generating toolchain IDE Files: 3633mS.
2026-03-11 10:56:32,005 [INFO] ProjectBuilder:3463 - Time for Copy CMSIS : 3mS.
2026-03-11 10:56:32,013 [INFO] ProjectBuilder:3463 - Time for Copy CMSIS : 1mS.
2026-03-11 10:57:08,286 [INFO] ADCParametersView:116 -                Rank 1 : false
2026-03-11 10:57:08,306 [INFO] ADCParametersView:116 -                Rank 1 : false
2026-03-11 10:57:08,312 [INFO] ADCParametersView:116 -                Rank 1 : false
2026-03-11 10:57:08,312 [INFO] ADCParametersView:116 -                Rank 1 : false
2026-03-11 10:57:08,313 [INFO] ADCParametersView:116 -                Rank 1 : false
2026-03-11 10:57:08,313 [INFO] ADCParametersView:116 -                Rank 1 : false
2026-03-11 10:57:08,318 [INFO] ADCParametersView:116 -                Rank 1 : false
2026-03-11 10:57:08,320 [INFO] ADCParametersView:116 -                Rank 1 : false
2026-03-11 10:57:08,321 [INFO] ADCParametersView:116 -                Rank 1 : false
2026-03-11 10:57:08,322 [INFO] ADCParametersView:116 -                Rank 1 : false
2026-03-11 10:57:08,322 [INFO] ADCParametersView:116 -                Rank 1 : false
2026-03-11 10:57:08,322 [INFO] ADCParametersView:116 -                Rank 1 : false
2026-03-11 10:57:08,322 [INFO] ADCParametersView:116 -                Rank 1 : false
2026-03-11 10:57:08,322 [INFO] ADCParametersView:116 -                Rank 1 : false
2026-03-11 10:57:08,323 [INFO] ADCParametersView:116 -                Rank 1 : false
2026-03-11 10:57:08,323 [INFO] ADCParametersView:116 -                Rank 1 : false
2026-03-11 10:57:08,323 [INFO] ADCParametersView:116 -                Rank 1 : false
2026-03-11 10:57:08,323 [INFO] ADCParametersView:116 -                Rank 1 : false
2026-03-11 10:57:08,323 [INFO] ADCParametersView:116 -                Rank 1 : false
2026-03-11 10:57:08,323 [INFO] ADCParametersView:116 -                Rank 1 : false
2026-03-11 10:57:08,323 [INFO] ADCParametersView:116 -                Rank 1 : false
2026-03-11 10:57:08,411 [INFO] ADCParametersView:116 -                Rank 1 : false
2026-03-11 10:57:08,562 [INFO] ADCParametersView:116 -                Rank 1 : false
2026-03-11 10:57:08,563 [INFO] ADCParametersView:116 -                Rank 1 : false
2026-03-11 10:57:08,563 [INFO] ADCParametersView:116 -                Rank 1 : false
2026-03-11 10:57:08,563 [INFO] ADCParametersView:116 -                Rank 1 : false
2026-03-11 10:57:08,564 [INFO] ADCParametersView:116 -                Rank 1 : false
2026-03-11 10:57:08,564 [INFO] ADCParametersView:116 -                Rank 1 : false
2026-03-11 10:57:08,564 [INFO] ADCParametersView:116 -                Rank 1 : false
2026-03-11 10:57:08,565 [INFO] ADCParametersView:116 -                Rank 1 : false
2026-03-11 10:57:08,565 [INFO] ADCParametersView:116 -                Rank 1 : false
2026-03-11 10:57:08,565 [INFO] ADCParametersView:116 -                Rank 1 : false
2026-03-11 10:57:08,565 [INFO] ADCParametersView:116 -                Rank 1 : false
2026-03-11 10:57:08,566 [INFO] ADCParametersView:116 -                Rank 1 : false
2026-03-11 10:57:08,566 [INFO] ADCParametersView:116 -                Rank 1 : false
2026-03-11 10:57:08,566 [INFO] ADCParametersView:116 -                Rank 1 : false
2026-03-11 10:57:08,566 [INFO] ADCParametersView:116 -                Rank 1 : false
2026-03-11 10:57:08,566 [INFO] ADCParametersView:116 -                Rank 1 : false
2026-03-11 10:57:08,566 [INFO] ADCParametersView:116 -                Rank 1 : false
2026-03-11 10:57:08,567 [INFO] ADCParametersView:116 -                Rank 1 : false
2026-03-11 10:57:08,567 [INFO] ADCParametersView:116 -                Rank 1 : false
2026-03-11 10:57:08,567 [INFO] ADCParametersView:116 -                Rank 1 : false
2026-03-11 10:57:08,567 [INFO] ADCParametersView:116 -                Rank 1 : false
2026-03-11 10:57:08,596 [INFO] ADCParametersView:116 -                Rank 1 : false
2026-03-11 10:57:33,470 [INFO] UtilMem:75 - End SaveConfig() Used Memory: 798182720 Bytes (1073741824)
2026-03-11 10:57:35,593 [ERROR] IocParser:95 - Exception caught: null
2026-03-11 10:57:37,159 [INFO] UtilMem:75 - End SaveConfig() Used Memory: 899639744 Bytes (1073741824)
2026-03-11 10:57:37,324 [ERROR] IocParser:95 - Exception caught: null
2026-03-11 10:57:40,863 [INFO] UtilMem:75 - End SaveConfig() Used Memory: 969894336 Bytes (1073741824)
2026-03-11 10:57:41,042 [ERROR] IocParser:95 - Exception caught: null
2026-03-11 10:57:42,308 [INFO] BlockDiagram:2775 - set Specific Code input for plugin: SYS
2026-03-11 10:57:42,321 [INFO] BlockDiagram:2775 - set Specific Code input for plugin: ADC
2026-03-11 10:57:42,324 [INFO] BlockDiagram:2775 - set Specific Code input for plugin: RCC
2026-03-11 10:57:42,324 [INFO] BlockDiagram:2775 - set Specific Code input for plugin: NVIC
2026-03-11 10:57:42,325 [INFO] BlockDiagram:2775 - set Specific Code input for plugin: GPIO
2026-03-11 10:57:42,325 [INFO] BlockDiagram:2775 - set Specific Code input for plugin: NUCLEO-G431RB
2026-03-11 10:57:42,327 [INFO] CodeGenerator:892 - code generatio: config db path: /Applications/STM32CubeIDE.app/Contents/Eclipse/plugins/com.st.stm32cube.common.mx_6.15.0.202507011659//db/
2026-03-11 10:57:42,494 [INFO] CodeEngine:265 - oldGeneratedFile, /Users/leon/VSCodeProject/SSI/STM32Prj/SSI/MXTmpFiles/license.tmp_save
2026-03-11 10:57:42,804 [INFO] CodeEngine:289 - Generated code: /Users/leon/VSCodeProject/SSI/STM32Prj/SSI/MXTmpFiles/license.tmp
2026-03-11 10:57:42,936 [INFO] CodeEngine:265 - oldGeneratedFile, /Users/leon/VSCodeProject/SSI/STM32Prj/SSI/MXTmpFiles/gpio.tmp_save
2026-03-11 10:57:43,063 [INFO] CodeEngine:289 - Generated code: /Users/leon/VSCodeProject/SSI/STM32Prj/SSI/MXTmpFiles/gpio.tmp
2026-03-11 10:57:43,302 [INFO] CodeEngine:265 - oldGeneratedFile, /Users/leon/VSCodeProject/SSI/STM32Prj/SSI/Core/Inc/stm32g4xx_nucleo_conf.h_save
2026-03-11 10:57:43,413 [INFO] CodeEngine:289 - Generated code: /Users/leon/VSCodeProject/SSI/STM32Prj/SSI/Core/Inc/stm32g4xx_nucleo_conf.h
2026-03-11 10:57:43,415 [INFO] CodeEngine:265 - oldGeneratedFile, /Users/leon/VSCodeProject/SSI/STM32Prj/SSI/MXTmpFiles/bsp_inc.tmp_save
2026-03-11 10:57:43,501 [INFO] CodeEngine:289 - Generated code: /Users/leon/VSCodeProject/SSI/STM32Prj/SSI/MXTmpFiles/bsp_inc.tmp
2026-03-11 10:57:43,502 [INFO] CodeEngine:265 - oldGeneratedFile, /Users/leon/VSCodeProject/SSI/STM32Prj/SSI/MXTmpFiles/bsp_common_vars.tmp_save
2026-03-11 10:57:43,622 [INFO] CodeEngine:289 - Generated code: /Users/leon/VSCodeProject/SSI/STM32Prj/SSI/MXTmpFiles/bsp_common_vars.tmp
2026-03-11 10:57:43,624 [INFO] CodeEngine:265 - oldGeneratedFile, /Users/leon/VSCodeProject/SSI/STM32Prj/SSI/MXTmpFiles/bsp_common_init.tmp_save
2026-03-11 10:57:43,691 [INFO] CodeEngine:289 - Generated code: /Users/leon/VSCodeProject/SSI/STM32Prj/SSI/MXTmpFiles/bsp_common_init.tmp
2026-03-11 10:57:43,693 [INFO] CodeEngine:265 - oldGeneratedFile, /Users/leon/VSCodeProject/SSI/STM32Prj/SSI/MXTmpFiles/bsp_common_demo_before_while.tmp_save
2026-03-11 10:57:43,792 [INFO] CodeEngine:289 - Generated code: /Users/leon/VSCodeProject/SSI/STM32Prj/SSI/MXTmpFiles/bsp_common_demo_before_while.tmp
2026-03-11 10:57:43,794 [INFO] CodeEngine:265 - oldGeneratedFile, /Users/leon/VSCodeProject/SSI/STM32Prj/SSI/MXTmpFiles/bsp_common_demo_inside_while.tmp_save
2026-03-11 10:57:43,879 [INFO] CodeEngine:289 - Generated code: /Users/leon/VSCodeProject/SSI/STM32Prj/SSI/MXTmpFiles/bsp_common_demo_inside_while.tmp
2026-03-11 10:57:43,881 [INFO] CodeEngine:265 - oldGeneratedFile, /Users/leon/VSCodeProject/SSI/STM32Prj/SSI/MXTmpFiles/bsp_common_demo_fct.tmp_save
2026-03-11 10:57:43,939 [INFO] CodeEngine:289 - Generated code: /Users/leon/VSCodeProject/SSI/STM32Prj/SSI/MXTmpFiles/bsp_common_demo_fct.tmp
2026-03-11 10:57:43,945 [INFO] CodeEngine:265 - oldGeneratedFile, /Users/leon/VSCodeProject/SSI/STM32Prj/SSI/Core/Src/stm32g4xx_it.c_save
2026-03-11 10:57:44,034 [INFO] CodeEngine:289 - Generated code: /Users/leon/VSCodeProject/SSI/STM32Prj/SSI/Core/Src/stm32g4xx_it.c
2026-03-11 10:57:44,037 [INFO] CodeEngine:265 - oldGeneratedFile, /Users/leon/VSCodeProject/SSI/STM32Prj/SSI/Core/Inc/stm32g4xx_it.h_save
2026-03-11 10:57:44,099 [INFO] CodeEngine:289 - Generated code: /Users/leon/VSCodeProject/SSI/STM32Prj/SSI/Core/Inc/stm32g4xx_it.h
2026-03-11 10:57:44,107 [INFO] CodeEngine:265 - oldGeneratedFile, /Users/leon/VSCodeProject/SSI/STM32Prj/SSI/Core/Src/stm32g4xx_hal_msp.c_save
2026-03-11 10:57:44,259 [INFO] CodeEngine:289 - Generated code: /Users/leon/VSCodeProject/SSI/STM32Prj/SSI/Core/Src/stm32g4xx_hal_msp.c
2026-03-11 10:57:44,262 [INFO] CodeEngine:265 - oldGeneratedFile, /Users/leon/VSCodeProject/SSI/STM32Prj/SSI/MXTmpFiles/system.tmp_save
2026-03-11 10:57:44,329 [INFO] CodeEngine:289 - Generated code: /Users/leon/VSCodeProject/SSI/STM32Prj/SSI/MXTmpFiles/system.tmp
2026-03-11 10:57:44,339 [INFO] CodeEngine:321 - oldGeneratedFile, /Users/leon/VSCodeProject/SSI/STM32Prj/SSI/Core/Inc/stm32g4xx_hal_conf.h_save
2026-03-11 10:57:44,406 [INFO] CodeEngine:345 - Generated code: /Users/leon/VSCodeProject/SSI/STM32Prj/SSI/Core/Inc/stm32g4xx_hal_conf.h
2026-03-11 10:57:44,502 [WARN] IPConfigManager:3238 - Warning: the RefConfig RCC_CommonPeriphClockConfig is not available in your config.xml file
2026-03-11 10:57:44,510 [INFO] CodeEngine:265 - oldGeneratedFile, /Users/leon/VSCodeProject/SSI/STM32Prj/SSI/Core/Inc/main.h_save
2026-03-11 10:57:44,586 [INFO] CodeEngine:289 - Generated code: /Users/leon/VSCodeProject/SSI/STM32Prj/SSI/Core/Inc/main.h
2026-03-11 10:57:44,589 [INFO] CodeEngine:265 - oldGeneratedFile, /Users/leon/VSCodeProject/SSI/STM32Prj/SSI/Core/Src/main.c_save
2026-03-11 10:57:44,701 [INFO] CodeEngine:289 - Generated code: /Users/leon/VSCodeProject/SSI/STM32Prj/SSI/Core/Src/main.c
2026-03-11 10:57:44,922 [INFO] ProjectBuilder:3606 - Time for Copy HAL[1] : 81mS.
2026-03-11 10:57:44,924 [INFO] ProjectBuilder:5216 - Project Generator version: 4.7.0-B52
2026-03-11 10:57:44,996 [INFO] ConfigFileManager:1595 - The Die is : DIE468
2026-03-11 10:57:46,642 [INFO] ProjectBuilder:5496 - Time for Generating toolchain IDE Files: 1716mS.
2026-03-11 10:57:46,644 [INFO] ProjectBuilder:3463 - Time for Copy CMSIS : 0mS.
2026-03-11 10:57:46,645 [INFO] ProjectBuilder:3463 - Time for Copy CMSIS : 0mS.
2026-03-11 10:59:00,874 [INFO] UtilMem:75 - End SaveConfig() Used Memory: 726566696 Bytes (1073741824)
2026-03-11 10:59:03,058 [ERROR] IocParser:95 - Exception caught: null
2026-03-11 10:59:04,088 [INFO] UtilMem:75 - End SaveConfig() Used Memory: 751780632 Bytes (1073741824)
2026-03-11 10:59:04,824 [INFO] UtilMem:75 - End SaveConfig() Used Memory: 815115072 Bytes (1073741824)
2026-03-11 10:59:05,099 [INFO] BlockDiagram:2775 - set Specific Code input for plugin: SYS
2026-03-11 10:59:05,100 [INFO] BlockDiagram:2775 - set Specific Code input for plugin: ADC
2026-03-11 10:59:05,100 [INFO] BlockDiagram:2775 - set Specific Code input for plugin: RCC
2026-03-11 10:59:05,100 [INFO] BlockDiagram:2775 - set Specific Code input for plugin: NVIC
2026-03-11 10:59:05,101 [INFO] BlockDiagram:2775 - set Specific Code input for plugin: GPIO
2026-03-11 10:59:05,101 [INFO] BlockDiagram:2775 - set Specific Code input for plugin: NUCLEO-G431RB
2026-03-11 10:59:05,103 [INFO] CodeGenerator:892 - code generatio: config db path: /Applications/STM32CubeIDE.app/Contents/Eclipse/plugins/com.st.stm32cube.common.mx_6.15.0.202507011659//db/
2026-03-11 10:59:05,165 [ERROR] IocParser:95 - Exception caught: null
2026-03-11 10:59:05,242 [INFO] CodeEngine:265 - oldGeneratedFile, /Users/leon/VSCodeProject/SSI/STM32Prj/SSI/MXTmpFiles/license.tmp_save
2026-03-11 10:59:05,381 [INFO] CodeEngine:289 - Generated code: /Users/leon/VSCodeProject/SSI/STM32Prj/SSI/MXTmpFiles/license.tmp
2026-03-11 10:59:05,431 [INFO] CodeEngine:265 - oldGeneratedFile, /Users/leon/VSCodeProject/SSI/STM32Prj/SSI/MXTmpFiles/gpio.tmp_save
2026-03-11 10:59:05,513 [INFO] CodeEngine:289 - Generated code: /Users/leon/VSCodeProject/SSI/STM32Prj/SSI/MXTmpFiles/gpio.tmp
2026-03-11 10:59:05,616 [INFO] CodeEngine:265 - oldGeneratedFile, /Users/leon/VSCodeProject/SSI/STM32Prj/SSI/Core/Inc/stm32g4xx_nucleo_conf.h_save
2026-03-11 10:59:05,664 [INFO] CodeEngine:289 - Generated code: /Users/leon/VSCodeProject/SSI/STM32Prj/SSI/Core/Inc/stm32g4xx_nucleo_conf.h
2026-03-11 10:59:05,667 [INFO] CodeEngine:265 - oldGeneratedFile, /Users/leon/VSCodeProject/SSI/STM32Prj/SSI/MXTmpFiles/bsp_inc.tmp_save
2026-03-11 10:59:05,712 [INFO] CodeEngine:289 - Generated code: /Users/leon/VSCodeProject/SSI/STM32Prj/SSI/MXTmpFiles/bsp_inc.tmp
2026-03-11 10:59:05,715 [INFO] CodeEngine:265 - oldGeneratedFile, /Users/leon/VSCodeProject/SSI/STM32Prj/SSI/MXTmpFiles/bsp_common_vars.tmp_save
2026-03-11 10:59:05,758 [INFO] CodeEngine:289 - Generated code: /Users/leon/VSCodeProject/SSI/STM32Prj/SSI/MXTmpFiles/bsp_common_vars.tmp
2026-03-11 10:59:05,759 [INFO] CodeEngine:265 - oldGeneratedFile, /Users/leon/VSCodeProject/SSI/STM32Prj/SSI/MXTmpFiles/bsp_common_init.tmp_save
2026-03-11 10:59:05,807 [INFO] CodeEngine:289 - Generated code: /Users/leon/VSCodeProject/SSI/STM32Prj/SSI/MXTmpFiles/bsp_common_init.tmp
2026-03-11 10:59:05,809 [INFO] CodeEngine:265 - oldGeneratedFile, /Users/leon/VSCodeProject/SSI/STM32Prj/SSI/MXTmpFiles/bsp_common_demo_before_while.tmp_save
2026-03-11 10:59:05,856 [INFO] CodeEngine:289 - Generated code: /Users/leon/VSCodeProject/SSI/STM32Prj/SSI/MXTmpFiles/bsp_common_demo_before_while.tmp
2026-03-11 10:59:05,857 [INFO] CodeEngine:265 - oldGeneratedFile, /Users/leon/VSCodeProject/SSI/STM32Prj/SSI/MXTmpFiles/bsp_common_demo_inside_while.tmp_save
2026-03-11 10:59:05,903 [INFO] CodeEngine:289 - Generated code: /Users/leon/VSCodeProject/SSI/STM32Prj/SSI/MXTmpFiles/bsp_common_demo_inside_while.tmp
2026-03-11 10:59:05,904 [INFO] CodeEngine:265 - oldGeneratedFile, /Users/leon/VSCodeProject/SSI/STM32Prj/SSI/MXTmpFiles/bsp_common_demo_fct.tmp_save
2026-03-11 10:59:05,948 [INFO] CodeEngine:289 - Generated code: /Users/leon/VSCodeProject/SSI/STM32Prj/SSI/MXTmpFiles/bsp_common_demo_fct.tmp
2026-03-11 10:59:05,953 [INFO] CodeEngine:265 - oldGeneratedFile, /Users/leon/VSCodeProject/SSI/STM32Prj/SSI/Core/Src/stm32g4xx_it.c_save
2026-03-11 10:59:06,050 [INFO] CodeEngine:289 - Generated code: /Users/leon/VSCodeProject/SSI/STM32Prj/SSI/Core/Src/stm32g4xx_it.c
2026-03-11 10:59:06,052 [INFO] CodeEngine:265 - oldGeneratedFile, /Users/leon/VSCodeProject/SSI/STM32Prj/SSI/Core/Inc/stm32g4xx_it.h_save
2026-03-11 10:59:06,102 [INFO] CodeEngine:289 - Generated code: /Users/leon/VSCodeProject/SSI/STM32Prj/SSI/Core/Inc/stm32g4xx_it.h
2026-03-11 10:59:06,128 [INFO] CodeEngine:265 - oldGeneratedFile, /Users/leon/VSCodeProject/SSI/STM32Prj/SSI/Core/Src/stm32g4xx_hal_msp.c_save
2026-03-11 10:59:06,239 [INFO] CodeEngine:289 - Generated code: /Users/leon/VSCodeProject/SSI/STM32Prj/SSI/Core/Src/stm32g4xx_hal_msp.c
2026-03-11 10:59:06,240 [INFO] CodeEngine:265 - oldGeneratedFile, /Users/leon/VSCodeProject/SSI/STM32Prj/SSI/MXTmpFiles/system.tmp_save
2026-03-11 10:59:06,286 [INFO] CodeEngine:289 - Generated code: /Users/leon/VSCodeProject/SSI/STM32Prj/SSI/MXTmpFiles/system.tmp
2026-03-11 10:59:06,290 [INFO] CodeEngine:321 - oldGeneratedFile, /Users/leon/VSCodeProject/SSI/STM32Prj/SSI/Core/Inc/stm32g4xx_hal_conf.h_save
2026-03-11 10:59:06,343 [INFO] CodeEngine:345 - Generated code: /Users/leon/VSCodeProject/SSI/STM32Prj/SSI/Core/Inc/stm32g4xx_hal_conf.h
2026-03-11 10:59:06,359 [WARN] IPConfigManager:3238 - Warning: the RefConfig RCC_CommonPeriphClockConfig is not available in your config.xml file
2026-03-11 10:59:06,365 [INFO] CodeEngine:265 - oldGeneratedFile, /Users/leon/VSCodeProject/SSI/STM32Prj/SSI/Core/Inc/main.h_save
2026-03-11 10:59:06,425 [INFO] CodeEngine:289 - Generated code: /Users/leon/VSCodeProject/SSI/STM32Prj/SSI/Core/Inc/main.h
2026-03-11 10:59:06,428 [INFO] CodeEngine:265 - oldGeneratedFile, /Users/leon/VSCodeProject/SSI/STM32Prj/SSI/Core/Src/main.c_save
2026-03-11 10:59:06,519 [INFO] CodeEngine:289 - Generated code: /Users/leon/VSCodeProject/SSI/STM32Prj/SSI/Core/Src/main.c
2026-03-11 10:59:06,710 [INFO] ProjectBuilder:3606 - Time for Copy HAL[1] : 70mS.
2026-03-11 10:59:06,714 [INFO] ProjectBuilder:5216 - Project Generator version: 4.7.0-B52
2026-03-11 10:59:06,777 [INFO] ConfigFileManager:1595 - The Die is : DIE468
2026-03-11 10:59:08,159 [INFO] ProjectBuilder:5496 - Time for Generating toolchain IDE Files: 1270mS.
2026-03-11 10:59:08,554 [INFO] ProjectBuilder:3463 - Time for Copy CMSIS : 34mS.
2026-03-11 10:59:08,635 [INFO] ProjectBuilder:3463 - Time for Copy CMSIS : 2mS.
2026-03-11 10:59:14,162 [INFO] MainUpdater:2872 - connection check result : 10
2026-03-11 10:59:14,164 [INFO] MainUpdater:2872 - connection check result : 10
2026-03-11 10:59:14,567 [ERROR] IocParser:95 - Exception caught: null
2026-03-11 10:59:14,624 [INFO] MicroXplorer:468 - Change Database Path : 
2026-03-11 10:59:14,625 [INFO] MicroXplorer:498 - Change Database Version : DB.6.0.150
2026-03-11 10:59:14,700 [ERROR] ProjectManagerView:395 - 
java.lang.NullPointerException: Cannot invoke "javax.swing.JTextField.getText()" because the return value of "java.util.List.get(int)" is null
	at com.st.microxplorer.plugins.projectmanager.gui.ProjectChoiceTab$9.caretUpdate(ProjectChoiceTab.java:2706) ~[filemanager.jar:?]
	at javax.swing.text.JTextComponent.fireCaretUpdate(JTextComponent.java:408) ~[?:?]
	at javax.swing.text.JTextComponent$MutableCaretEvent.fire(JTextComponent.java:4484) ~[?:?]
	at javax.swing.text.JTextComponent$MutableCaretEvent.stateChanged(JTextComponent.java:4506) ~[?:?]
	at javax.swing.text.DefaultCaret.fireStateChanged(DefaultCaret.java:857) ~[?:?]
	at javax.swing.text.DefaultCaret.changeCaretPosition(DefaultCaret.java:1343) ~[?:?]
	at javax.swing.text.DefaultCaret.handleSetDot(DefaultCaret.java:1242) ~[?:?]
	at javax.swing.text.DefaultCaret.setDot(DefaultCaret.java:1223) ~[?:?]
	at javax.swing.text.DefaultCaret$Handler.insertUpdate(DefaultCaret.java:1819) ~[?:?]
	at javax.swing.text.AbstractDocument.fireInsertUpdate(AbstractDocument.java:227) ~[?:?]
	at javax.swing.text.AbstractDocument.handleInsertString(AbstractDocument.java:781) ~[?:?]
	at javax.swing.text.AbstractDocument.insertString(AbstractDocument.java:740) ~[?:?]
	at javax.swing.text.PlainDocument.insertString(PlainDocument.java:131) ~[?:?]
	at javax.swing.text.AbstractDocument.replace(AbstractDocument.java:699) ~[?:?]
	at javax.swing.text.JTextComponent.setText(JTextComponent.java:1725) ~[?:?]
	at com.st.microxplorer.plugins.projectmanager.gui.ProjectChoiceTab.createHeapStackFields(ProjectChoiceTab.java:993) ~[filemanager.jar:?]
	at com.st.microxplorer.plugins.projectmanager.gui.ProjectChoiceTab.buildLinkSettingsPanel(ProjectChoiceTab.java:3813) ~[filemanager.jar:?]
	at com.st.microxplorer.plugins.projectmanager.gui.ProjectChoiceTab.defineWindowsFields(ProjectChoiceTab.java:1987) ~[filemanager.jar:?]
	at com.st.microxplorer.plugins.projectmanager.gui.ProjectChoiceTab.updateSettings(ProjectChoiceTab.java:558) ~[filemanager.jar:?]
	at com.st.microxplorer.plugins.projectmanager.gui.ProjectSettingsPanel.UpdateDialog(ProjectSettingsPanel.java:247) ~[filemanager.jar:?]
	at com.st.microxplorer.plugins.projectmanager.ProjectManagerView.propertyChange(ProjectManagerView.java:392) ~[filemanager.jar:?]
	at java.beans.PropertyChangeSupport.fire(PropertyChangeSupport.java:343) ~[?:?]
	at java.beans.PropertyChangeSupport.firePropertyChange(PropertyChangeSupport.java:335) ~[?:?]
	at java.beans.PropertyChangeSupport.firePropertyChange(PropertyChangeSupport.java:268) ~[?:?]
	at com.st.microxplorer.util.MXPropertyChangeSupport.firePropertyChange(MXPropertyChangeSupport.java:54) ~[STM32CubeMX.jar:?]
	at com.st.microxplorer.mxsystem.MxSystem.closeConfig(MxSystem.java:899) ~[STM32CubeMX.jar:?]
	at com.st.microxplorer.maingui.MainPanel.closeConfig(MainPanel.java:792) ~[STM32CubeMX.jar:?]
	at com.st.microxplorer.plugins.filemanager.engine.OpenFileManager.loadConfigurationFile(OpenFileManager.java:288) ~[filemanager.jar:?]
	at com.st.microxplorer.plugins.filemanager.engine.MainFileManager.userLoadConfig(MainFileManager.java:364) ~[filemanager.jar:?]
	at com.st.microxplorer.plugins.filemanager.engine.MainFileManager.userLoadConfig(MainFileManager.java:342) ~[filemanager.jar:?]
	at com.st.microxplorer.plugins.filemanager.FileManagerView.getSpecificTask(FileManagerView.java:264) ~[filemanager.jar:?]
	at com.st.stm32cube.common.mx.editor.CubeMxEditor.getMxTabbedPaneInstance(CubeMxEditor.java:1198) ~[com.st.stm32cube.common.mx_6.15.0.202507011659/:?]
	at com.st.stm32cube.common.mx.editor.CubeMxEditor$12$1.createSwingComponent(CubeMxEditor.java:1068) ~[com.st.stm32cube.common.mx_6.15.0.202507011659/:?]
	at com.st.stm32cube.common.mx.oss.core.awtswtbridge.EmbeddedSwingComposite.doComponentCreation(EmbeddedSwingComposite.java:492) ~[com.st.stm32cube.common.mx.oss_6.15.0.202507011659/:?]
	at com.st.stm32cube.common.mx.oss.core.awtswtbridge.EmbeddedSwingComposite$4.run(EmbeddedSwingComposite.java:291) ~[com.st.stm32cube.common.mx.oss_6.15.0.202507011659/:?]
	at com.st.stm32cube.common.mx.oss.core.awtswtbridge.AwtEnvironment$2.run(AwtEnvironment.java:166) ~[com.st.stm32cube.common.mx.oss_6.15.0.202507011659/:?]
	at java.awt.event.InvocationEvent.dispatch(InvocationEvent.java:318) ~[?:?]
	at java.awt.EventQueue.dispatchEventImpl(EventQueue.java:773) ~[?:?]
	at java.awt.EventQueue$4.run(EventQueue.java:720) ~[?:?]
	at java.awt.EventQueue$4.run(EventQueue.java:714) ~[?:?]
	at java.security.AccessController.doPrivileged(AccessController.java:400) ~[?:?]
	at java.security.ProtectionDomain$JavaSecurityAccessImpl.doIntersectionPrivilege(ProtectionDomain.java:87) ~[?:?]
	at java.awt.EventQueue.dispatchEvent(EventQueue.java:742) ~[?:?]
	at java.awt.EventDispatchThread.pumpOneEventForFilters(EventDispatchThread.java:203) ~[?:?]
	at java.awt.EventDispatchThread.pumpEventsForFilter(EventDispatchThread.java:124) ~[?:?]
	at java.awt.EventDispatchThread.pumpEventsForHierarchy(EventDispatchThread.java:113) ~[?:?]
	at java.awt.EventDispatchThread.pumpEvents(EventDispatchThread.java:109) ~[?:?]
	at java.awt.EventDispatchThread.pumpEvents(EventDispatchThread.java:101) ~[?:?]
	at java.awt.EventDispatchThread.run(EventDispatchThread.java:90) ~[?:?]
2026-03-11 10:59:14,714 [WARN] ThirdParty:871 - waiting for thirdparty lock release [close project]
2026-03-11 10:59:14,715 [INFO] ThirdParty:873 - entering critical section [close project]
2026-03-11 10:59:14,715 [INFO] ThirdParty:883 - exiting critical section [close project]
2026-03-11 10:59:14,720 [INFO] PinOutPanel:1589 - setPackage(No Configuration,No Configuration)
2026-03-11 10:59:14,735 [INFO] UtilMem:75 - Begin LoadConfig() Used Memory: 944748496 Bytes (1073741824)
2026-03-11 10:59:14,737 [INFO] MicroXplorer:468 - Change Database Path : 
2026-03-11 10:59:14,738 [INFO] MicroXplorer:498 - Change Database Version : DB.6.0.150
2026-03-11 10:59:14,738 [INFO] OpenFileManager:355 - Change cursor
2026-03-11 10:59:14,789 [INFO] RulesReader:64 - Compatibility file has been processed (317 Rules)
2026-03-11 10:59:14,813 [INFO] Mcu:2029 - Initializing MCU STM32G431R(6-8-B)Tx STM32G431RBTx STM32G431RBT6
2026-03-11 10:59:17,718 [INFO] Context:786 - Trying to add GPIOservice into a context  which must be forbidden
2026-03-11 10:59:18,879 [INFO] ApiDbMcu:532 - Load IP Config File for NUCLEO-G431RB
2026-03-11 10:59:19,018 [INFO] ImportTextPane:234 - (OptionalMessage_ERROR) Pin18 (VP_RIF_VS_RIF1) cannot be retrieved for this MCU
2026-03-11 10:59:19,041 [INFO] ImportTextPane:234 - (OptionalMessage_ERROR) Unable to find key (Mcu.IP5) in loaded IOC file
2026-03-11 10:59:19,041 [INFO] ImportTextPane:234 - (OptionalMessage_ERROR) Unknown IP (dummy)
2026-03-11 10:59:19,205 [INFO] RtosManager:558 - Registered RTOS mode: class=CMSIS, group=RTOS, mode=CMSIS_V1, owner=FREERTOS
2026-03-11 10:59:19,205 [INFO] RtosManager:558 - Registered RTOS mode: class=CMSIS, group=RTOS2, mode=CMSIS_V2, owner=FREERTOS
2026-03-11 10:59:19,205 [INFO] RtosManager:558 - Registered RTOS mode: class=RTOS, group=Core, mode=CMSIS_V1, owner=FREERTOS
2026-03-11 10:59:19,205 [INFO] RtosManager:558 - Registered RTOS mode: class=RTOS, group=Core, mode=CMSIS_V2, owner=FREERTOS
2026-03-11 10:59:19,205 [WARN] ModelIntegratedComponent:184 - Missing modes for component STMicroelectronics:FreeRTOS:0.0.1:STMicroelectronics:RTOS:FreeRTOS:Core:::10.2.0:
2026-03-11 10:59:19,222 [WARN] ModelIntegratedComponent:63 - No mode defined for component null
2026-03-11 10:59:19,222 [WARN] ModelIntegratedComponent:63 - No mode defined for component null
2026-03-11 10:59:19,222 [WARN] ModelIntegratedComponent:63 - No mode defined for component null
2026-03-11 10:59:19,222 [WARN] ModelIntegratedComponent:63 - No mode defined for component null
2026-03-11 10:59:19,222 [WARN] ModelIntegratedComponent:63 - No mode defined for component null
2026-03-11 10:59:19,222 [WARN] ModelIntegratedComponent:63 - No mode defined for component null
2026-03-11 10:59:19,222 [WARN] ModelIntegratedComponent:63 - No mode defined for component null
2026-03-11 10:59:19,222 [WARN] ModelIntegratedComponent:63 - No mode defined for component null
2026-03-11 10:59:19,222 [WARN] ModelIntegratedComponent:63 - No mode defined for component null
2026-03-11 10:59:19,222 [WARN] ModelIntegratedComponent:63 - No mode defined for component null
2026-03-11 10:59:19,222 [WARN] ModelIntegratedComponent:63 - No mode defined for component null
2026-03-11 10:59:19,222 [WARN] ModelIntegratedComponent:63 - No mode defined for component null
2026-03-11 10:59:19,222 [WARN] ModelIntegratedComponent:63 - No mode defined for component null
2026-03-11 10:59:19,222 [WARN] ModelIntegratedComponent:63 - No mode defined for component null
2026-03-11 10:59:19,222 [WARN] ModelIntegratedComponent:63 - No mode defined for component null
2026-03-11 10:59:19,222 [WARN] ModelIntegratedComponent:63 - No mode defined for component null
2026-03-11 10:59:19,222 [WARN] ModelIntegratedComponent:63 - No mode defined for component null
2026-03-11 10:59:19,222 [WARN] ModelIntegratedComponent:63 - No mode defined for component null
2026-03-11 10:59:19,222 [WARN] ModelIntegratedComponent:63 - No mode defined for component null
2026-03-11 10:59:19,222 [WARN] ModelIntegratedComponent:63 - No mode defined for component null
2026-03-11 10:59:19,222 [WARN] ModelIntegratedComponent:63 - No mode defined for component null
2026-03-11 10:59:19,222 [WARN] ModelIntegratedComponent:63 - No mode defined for component null
2026-03-11 10:59:19,222 [WARN] ModelIntegratedComponent:63 - No mode defined for component null
2026-03-11 10:59:19,222 [WARN] ModelIntegratedComponent:63 - No mode defined for component null
2026-03-11 10:59:19,222 [WARN] ModelIntegratedComponent:63 - No mode defined for component null
2026-03-11 10:59:19,223 [WARN] ModelIntegratedComponent:63 - No mode defined for component null
2026-03-11 10:59:19,223 [WARN] ModelIntegratedComponent:63 - No mode defined for component null
2026-03-11 10:59:19,223 [WARN] ModelIntegratedComponent:63 - No mode defined for component null
2026-03-11 10:59:19,223 [WARN] ModelIntegratedComponent:63 - No mode defined for component null
2026-03-11 10:59:19,223 [WARN] ModelIntegratedComponent:63 - No mode defined for component null
2026-03-11 10:59:19,223 [WARN] ModelIntegratedComponent:63 - No mode defined for component null
2026-03-11 10:59:19,223 [WARN] ModelIntegratedComponent:63 - No mode defined for component null
2026-03-11 10:59:19,223 [WARN] ModelIntegratedComponent:63 - No mode defined for component null
2026-03-11 10:59:19,223 [WARN] ModelIntegratedComponent:63 - No mode defined for component null
2026-03-11 10:59:19,223 [WARN] ModelIntegratedComponent:63 - No mode defined for component null
2026-03-11 10:59:19,223 [WARN] ModelPack:524 - Component already loaded: STMicroelectronics:HAL Drivers:0.0.0:STMicroelectronics:Device:STMicro_Driver:XSPI:HAL::0.0.1:HAL_XSPI
2026-03-11 10:59:19,256 [INFO] ThirdPartyModel:298 - Start build external matchings
2026-03-11 10:59:19,458 [INFO] ThirdPartyModel:316 - End build external matchings
2026-03-11 10:59:19,481 [INFO] ImportTextPane:234 - (OptionalMessage_ERROR) IP (ADC1) : Parameter (CommonPathInternal) has invalid value (null|null|null|null)
2026-03-11 10:59:19,723 [INFO] UtilMem:75 - End LoadConfig() Used Memory: 918010304 Bytes (1073741824)
2026-03-11 10:59:19,986 [WARN] ThirdParty:833 - waiting for thirdparty lock release [change project]
2026-03-11 10:59:19,997 [INFO] ThirdParty:835 - entering critical section [change project]
2026-03-11 10:59:19,998 [INFO] ThirdParty:1030 - CMSIS Pack Vendor :STMicroelectronics X-CUBE-AZRTOS-H7 3.5.0
2026-03-11 10:59:19,998 [INFO] ThirdParty:1030 - CMSIS Pack Vendor :STMicroelectronics X-CUBE-PM33A1 1.0.0
2026-03-11 10:59:19,998 [INFO] ThirdParty:1030 - CMSIS Pack Vendor :STMicroelectronics USBPD 4.1
2026-03-11 10:59:19,998 [INFO] ThirdParty:1030 - CMSIS Pack Vendor :STMicroelectronics X-CUBE-NFC9 1.0.0
2026-03-11 10:59:19,998 [INFO] ThirdParty:1030 - CMSIS Pack Vendor :STMicroelectronics USB_HOST 2.0.0
2026-03-11 10:59:19,998 [INFO] ThirdParty:1030 - CMSIS Pack Vendor :STMicroelectronics FP-SNS-MOTENVWB1 1.4.0
2026-03-11 10:59:19,998 [INFO] ThirdParty:1030 - CMSIS Pack Vendor :STMicroelectronics X-CUBE-AZRTOS-F4 1.1.0
2026-03-11 10:59:19,998 [INFO] ThirdParty:1030 - CMSIS Pack Vendor :STMicroelectronics LIBJPEG 8.0.0
2026-03-11 10:59:19,998 [INFO] ThirdParty:1030 - CMSIS Pack Vendor :STMicroelectronics FP-ATR-ASTRA1 2.0.2
2026-03-11 10:59:19,998 [INFO] ThirdParty:1030 - CMSIS Pack Vendor :STMicroelectronics X-CUBE-BLE1 7.1.0
2026-03-11 10:59:19,998 [INFO] ThirdParty:1030 - CMSIS Pack Vendor :STMicroelectronics X-CUBE-SMBUS 2.1.0
2026-03-11 10:59:19,998 [INFO] ThirdParty:1030 - CMSIS Pack Vendor :wolfSSL I-CUBE-wolfMQTT 1.19.2
2026-03-11 10:59:19,998 [INFO] ThirdParty:1030 - CMSIS Pack Vendor :STMicroelectronics USB_DEVICE 3.0.0
2026-03-11 10:59:19,998 [INFO] ThirdParty:1030 - CMSIS Pack Vendor :STMicroelectronics X-CUBE-ISPU 2.1.0
2026-03-11 10:59:19,998 [INFO] ThirdParty:1030 - CMSIS Pack Vendor :STMicroelectronics X-CUBE-FREERTOS 1.4.0
2026-03-11 10:59:19,998 [INFO] ThirdParty:1030 - CMSIS Pack Vendor :STMicroelectronics X-CUBE-EEPRMA1 5.2.0
2026-03-11 10:59:19,998 [INFO] ThirdParty:1030 - CMSIS Pack Vendor :STMicroelectronics X-CUBE-IPS 3.2.0
2026-03-11 10:59:19,998 [INFO] ThirdParty:1030 - CMSIS Pack Vendor :STMicroelectronics X-CUBE-BLEMGR 4.1.0
2026-03-11 10:59:19,998 [INFO] ThirdParty:1030 - CMSIS Pack Vendor :STMicroelectronics X-CUBE-AZRTOS-WB 2.0.0
2026-03-11 10:59:19,998 [INFO] ThirdParty:1030 - CMSIS Pack Vendor :wolfSSL I-CUBE-wolfSSL 5.8.4
2026-03-11 10:59:19,998 [INFO] ThirdParty:1030 - CMSIS Pack Vendor :Cesanta I-CUBE-Mongoose 7.20.0
2026-03-11 10:59:19,998 [INFO] ThirdParty:1030 - CMSIS Pack Vendor :STMicroelectronics X-CUBE-NFC12 1.0.0
2026-03-11 10:59:19,998 [INFO] ThirdParty:1030 - CMSIS Pack Vendor :STMicroelectronics X-CUBE-AZRTOS-F7 1.1.0
2026-03-11 10:59:19,998 [INFO] ThirdParty:1030 - CMSIS Pack Vendor :STMicroelectronics X-CUBE-AZRTOS-L5 2.0.0
2026-03-11 10:59:19,998 [INFO] ThirdParty:1030 - CMSIS Pack Vendor :STMicroelectronics USB_DEVICE 2.0.0
2026-03-11 10:59:19,998 [INFO] ThirdParty:1030 - CMSIS Pack Vendor :quantropi X-CUBE-qispace-sdk-base 2.1.0
2026-03-11 10:59:19,998 [INFO] ThirdParty:1030 - CMSIS Pack Vendor :STMicroelectronics X-CUBE-MEMS1 12.0.0
2026-03-11 10:59:19,998 [INFO] ThirdParty:1030 - CMSIS Pack Vendor :STMicroelectronics X-CUBE-STSE01 2.0.0
2026-03-11 10:59:19,998 [INFO] ThirdParty:1030 - CMSIS Pack Vendor :STMicroelectronics FP-SNS-MOTENV1 5.1.0
2026-03-11 10:59:19,998 [INFO] ThirdParty:1030 - CMSIS Pack Vendor :STMicroelectronics FreeRTOS 0.0.1
2026-03-11 10:59:19,998 [INFO] ThirdParty:1030 - CMSIS Pack Vendor :STMicroelectronics X-CUBE-AZRTOS-G0 1.1.0
2026-03-11 10:59:19,998 [INFO] ThirdParty:1030 - CMSIS Pack Vendor :STMicroelectronics X-CUBE-NFC4 3.0.0
2026-03-11 10:59:19,998 [INFO] ThirdParty:1030 - CMSIS Pack Vendor :STMicroelectronics X-CUBE-SUBG2 5.0.0
2026-03-11 10:59:19,998 [INFO] ThirdParty:1030 - CMSIS Pack Vendor :STMicroelectronics STM32_WPAN 1.0.0
2026-03-11 10:59:19,998 [INFO] ThirdParty:1030 - CMSIS Pack Vendor :EmbeddedOffice I-CUBE-FS-RTOS 1.0.1
2026-03-11 10:59:19,998 [INFO] ThirdParty:1030 - CMSIS Pack Vendor :STMicroelectronics lwIP 2.0.3
2026-03-11 10:59:19,998 [INFO] ThirdParty:1030 - CMSIS Pack Vendor :WES I-CUBE-Cesium 1.4.0
2026-03-11 10:59:19,998 [INFO] ThirdParty:1030 - CMSIS Pack Vendor :STMicroelectronics USB_HOST 1.0.0
2026-03-11 10:59:19,998 [INFO] ThirdParty:1030 - CMSIS Pack Vendor :STMicroelectronics X-CUBE-AZRTOS-G4 2.0.0
2026-03-11 10:59:19,998 [INFO] ThirdParty:1030 - CMSIS Pack Vendor :STMicroelectronics X-CUBE-WB05N 2.0.0
2026-03-11 10:59:19,998 [INFO] ThirdParty:1030 - CMSIS Pack Vendor :STMicroelectronics PDM2PCM 3.1.0
2026-03-11 10:59:19,998 [INFO] ThirdParty:1030 - CMSIS Pack Vendor :STMicroelectronics PDM2PCM 3.3.0
2026-03-11 10:59:19,998 [INFO] ThirdParty:1030 - CMSIS Pack Vendor :wolfSSL I-CUBE-wolfTPM 3.8.0
2026-03-11 10:59:19,998 [INFO] ThirdParty:1030 - CMSIS Pack Vendor :STMicroelectronics X-CUBE-AZRTOS-H7 3.4.0
2026-03-11 10:59:19,998 [INFO] ThirdParty:1030 - CMSIS Pack Vendor :STMicroelectronics X-CUBE-DISPLAY 3.0.0
2026-03-11 10:59:19,998 [INFO] ThirdParty:1030 - CMSIS Pack Vendor :wolfSSL I-CUBE-wolfSSH 1.4.20
2026-03-11 10:59:19,998 [INFO] ThirdParty:1030 - CMSIS Pack Vendor :STMicroelectronics X-CUBE-NFC7 2.0.0
2026-03-11 10:59:19,998 [INFO] ThirdParty:1030 - CMSIS Pack Vendor :STMicroelectronics FP-SNS-MOTENVWB1 1.5.0
2026-03-11 10:59:19,998 [INFO] ThirdParty:1030 - CMSIS Pack Vendor :STMicroelectronics X-CUBE-TCPP 4.2.0
2026-03-11 10:59:19,998 [INFO] ThirdParty:1030 - CMSIS Pack Vendor :RealThread X-CUBE-RT-Thread_Nano 4.1.1
2026-03-11 10:59:19,998 [INFO] ThirdParty:1030 - CMSIS Pack Vendor :STMicroelectronics FP-ATR-SIGFOX1 3.2.0
2026-03-11 10:59:19,998 [INFO] ThirdParty:1030 - CMSIS Pack Vendor :STMicroelectronics X-CUBE-NFC10 1.0.0
2026-03-11 10:59:19,998 [INFO] ThirdParty:1030 - CMSIS Pack Vendor :STMicroelectronics HAL Drivers 0.0.0
2026-03-11 10:59:19,998 [INFO] ThirdParty:1030 - CMSIS Pack Vendor :STMicroelectronics X-CUBE-FREERTOS 1.5.0
2026-03-11 10:59:19,998 [INFO] ThirdParty:1030 - CMSIS Pack Vendor :STMicroelectronics MBEDTLS 2.16.2
2026-03-11 10:59:19,998 [INFO] ThirdParty:1030 - CMSIS Pack Vendor :STMicroelectronics X-CUBE-ST60 1.1.0
2026-03-11 10:59:19,998 [INFO] ThirdParty:1030 - CMSIS Pack Vendor :STMicroelectronics X-CUBE-ALS 1.0.2
2026-03-11 10:59:19,998 [INFO] ThirdParty:1030 - CMSIS Pack Vendor :emotas I-CUBE-CANOPEN 1.3.0
2026-03-11 10:59:19,998 [INFO] ThirdParty:1030 - CMSIS Pack Vendor :STMicroelectronics MBEDTLS 2.14.1
2026-03-11 10:59:19,998 [INFO] ThirdParty:1030 - CMSIS Pack Vendor :STMicroelectronics X-CUBE-GNSS1 7.1.0
2026-03-11 10:59:19,998 [INFO] ThirdParty:1030 - CMSIS Pack Vendor :ITTIA_DB I-CUBE-ITTIADB 8.9.0
2026-03-11 10:59:19,998 [INFO] ThirdParty:1030 - CMSIS Pack Vendor :STMicroelectronics X-CUBE-TOUCHGFX 4.26.0
2026-03-11 10:59:19,998 [INFO] ThirdParty:1030 - CMSIS Pack Vendor :STMicroelectronics X-CUBE-TOUCHGFX 4.26.1
2026-03-11 10:59:19,998 [INFO] ThirdParty:1030 - CMSIS Pack Vendor :STMicroelectronics X-CUBE-NFC6 3.2.0
2026-03-11 10:59:19,998 [INFO] ThirdParty:1030 - CMSIS Pack Vendor :STMicroelectronics FP-SNS-STBOX1 2.1.0
2026-03-11 10:59:19,998 [INFO] ThirdParty:1030 - CMSIS Pack Vendor :STMicroelectronics X-CUBE-AI 10.2.0
2026-03-11 10:59:19,998 [INFO] ThirdParty:1030 - CMSIS Pack Vendor :STMicroelectronics FP-SNS-STAIOTCFT 1.0.0
2026-03-11 10:59:19,999 [INFO] ThirdParty:1030 - CMSIS Pack Vendor :STMicroelectronics ThreadX 1.0.0
2026-03-11 10:59:19,999 [INFO] ThirdParty:1030 - CMSIS Pack Vendor :STMicroelectronics FP-SNS-SMARTAG2 1.2.0
2026-03-11 10:59:19,999 [INFO] ThirdParty:1030 - CMSIS Pack Vendor :STMicroelectronics FP-SNS-FLIGHT1 5.1.0
2026-03-11 10:59:19,999 [INFO] ThirdParty:1030 - CMSIS Pack Vendor :STMicroelectronics X-CUBE-AZRTOS-WL 2.0.0
2026-03-11 10:59:19,999 [INFO] ThirdParty:1030 - CMSIS Pack Vendor :SEGGER I-CUBE-embOS 1.3.1
2026-03-11 10:59:19,999 [INFO] ThirdParty:1030 - CMSIS Pack Vendor :STMicroelectronics X-CUBE-ALGOBUILD 1.4.0
2026-03-11 10:59:19,999 [INFO] ThirdParty:1030 - CMSIS Pack Vendor :STMicroelectronics X-CUBE-DPower 1.3.0
2026-03-11 10:59:19,999 [INFO] ThirdParty:1030 - CMSIS Pack Vendor :STMicroelectronics USB_DEVICE 1.0.0
2026-03-11 10:59:19,999 [INFO] ThirdParty:1030 - CMSIS Pack Vendor :STMicroelectronics X-CUBE-AZRTOS-H7RS 1.2.0
2026-03-11 10:59:19,999 [INFO] ThirdParty:1030 - CMSIS Pack Vendor :STMicroelectronics X-CUBE-AZRTOS-L4 2.0.0
2026-03-11 10:59:19,999 [INFO] ThirdParty:1030 - CMSIS Pack Vendor :STMicroelectronics ThreadX 0.0.2
2026-03-11 10:59:19,999 [INFO] ThirdParty:1030 - CMSIS Pack Vendor :STMicroelectronics lwIP 2.1.2
2026-03-11 10:59:19,999 [INFO] ThirdParty:1030 - CMSIS Pack Vendor :STMicroelectronics X-CUBE-SFXS2LP1 4.0.0
2026-03-11 10:59:19,999 [INFO] ThirdParty:1030 - CMSIS Pack Vendor :STMicroelectronics X-CUBE-BLE2 3.3.0
2026-03-11 10:59:19,999 [INFO] ThirdParty:1030 - CMSIS Pack Vendor :Avnet-IOTCONNECT X-CUBE-iotc-st67-sdk 1.0.0
2026-03-11 10:59:19,999 [INFO] ThirdParty:1030 - CMSIS Pack Vendor :STMicroelectronics X-CUBE-TOF1 3.4.3
2026-03-11 10:59:19,999 [INFO] ThirdParty:1030 - CMSIS Pack Vendor :Infineon AIROC-Wi-Fi-Bluetooth-STM32 1.8.0
2026-03-11 10:59:19,999 [INFO] ThirdParty:1030 - CMSIS Pack Vendor :STMicroelectronics PDM2PCM 3.2.0
2026-03-11 10:59:19,999 [INFO] ThirdParty:1030 - CMSIS Pack Vendor :STMicroelectronics X-CUBE-ST67W61 1.2.0
2026-03-11 10:59:20,000 [INFO] ThirdParty:841 - exiting critical section [change project]
2026-03-11 10:59:20,680 [INFO] PinOutPanel:1589 - setPackage(No Configuration,No Configuration)
2026-03-11 10:59:20,684 [INFO] PinOutPanel:1589 - setPackage(STM32G431RBTx,LQFP64)
2026-03-11 10:59:21,466 [INFO] UtilMem:75 - Before build in PCC Used Memory: 704418824 Bytes (1073741824)
2026-03-11 10:59:22,441 [INFO] UtilMem:75 - After build in PCC Used Memory: 796693512 Bytes (1073741824)
2026-03-11 10:59:22,530 [INFO] IPUIPlugin:80 - create IPUIPlugin
2026-03-11 10:59:22,531 [INFO] IPUIPlugin:80 - create IPUIPlugin
2026-03-11 10:59:22,531 [INFO] IPUIPlugin:80 - create IPUIPlugin
2026-03-11 10:59:22,531 [INFO] IPUIPlugin:80 - create IPUIPlugin
2026-03-11 10:59:22,531 [INFO] IPUIPlugin:80 - create IPUIPlugin
2026-03-11 10:59:22,531 [INFO] IPUIPlugin:80 - create IPUIPlugin
2026-03-11 10:59:22,532 [INFO] IPUIPlugin:80 - create IPUIPlugin
2026-03-11 10:59:22,533 [INFO] IPUIPlugin:80 - create IPUIPlugin
2026-03-11 10:59:22,533 [INFO] IPUIPlugin:80 - create IPUIPlugin
2026-03-11 10:59:22,533 [INFO] IPUIPlugin:80 - create IPUIPlugin
2026-03-11 10:59:22,534 [INFO] IPUIPlugin:80 - create IPUIPlugin
2026-03-11 10:59:22,534 [INFO] IPUIPlugin:80 - create IPUIPlugin
2026-03-11 10:59:22,534 [INFO] IPUIPlugin:80 - create IPUIPlugin
2026-03-11 10:59:22,534 [INFO] IPUIPlugin:80 - create IPUIPlugin
2026-03-11 10:59:22,534 [INFO] IPUIPlugin:80 - create IPUIPlugin
2026-03-11 10:59:22,535 [INFO] IPUIPlugin:80 - create IPUIPlugin
2026-03-11 10:59:22,535 [INFO] IPUIPlugin:80 - create IPUIPlugin
2026-03-11 10:59:22,536 [INFO] IPUIPlugin:80 - create IPUIPlugin
2026-03-11 10:59:22,536 [INFO] IPUIPlugin:80 - create IPUIPlugin
2026-03-11 10:59:22,536 [INFO] IPUIPlugin:80 - create IPUIPlugin
2026-03-11 10:59:22,537 [INFO] IPUIPlugin:80 - create IPUIPlugin
2026-03-11 10:59:22,537 [INFO] IPUIPlugin:80 - create IPUIPlugin
2026-03-11 10:59:22,537 [INFO] IPUIPlugin:80 - create IPUIPlugin
2026-03-11 10:59:22,537 [INFO] IPUIPlugin:80 - create IPUIPlugin
2026-03-11 10:59:22,537 [INFO] IPUIPlugin:80 - create IPUIPlugin
2026-03-11 10:59:22,537 [INFO] IPUIPlugin:80 - create IPUIPlugin
2026-03-11 10:59:22,538 [INFO] IPUIPlugin:80 - create IPUIPlugin
2026-03-11 10:59:22,538 [INFO] IPUIPlugin:80 - create IPUIPlugin
2026-03-11 10:59:22,538 [INFO] IPUIPlugin:80 - create IPUIPlugin
2026-03-11 10:59:22,538 [INFO] IPUIPlugin:80 - create IPUIPlugin
2026-03-11 10:59:22,538 [INFO] IPUIPlugin:80 - create IPUIPlugin
2026-03-11 10:59:22,538 [INFO] IPUIPlugin:80 - create IPUIPlugin
2026-03-11 10:59:22,538 [INFO] IPUIPlugin:80 - create IPUIPlugin
2026-03-11 10:59:22,539 [INFO] IPUIPlugin:80 - create IPUIPlugin
2026-03-11 10:59:22,539 [INFO] IPUIPlugin:80 - create IPUIPlugin
2026-03-11 10:59:22,539 [INFO] IPUIPlugin:80 - create IPUIPlugin
2026-03-11 10:59:22,539 [INFO] IPUIPlugin:80 - create IPUIPlugin
2026-03-11 10:59:22,539 [INFO] IPUIPlugin:80 - create IPUIPlugin
2026-03-11 10:59:22,539 [INFO] IPUIPlugin:80 - create IPUIPlugin
2026-03-11 10:59:22,539 [INFO] IPUIPlugin:80 - create IPUIPlugin
2026-03-11 10:59:22,540 [INFO] IPUIPlugin:80 - create IPUIPlugin
2026-03-11 10:59:22,540 [INFO] IPUIPlugin:80 - create IPUIPlugin
2026-03-11 10:59:22,540 [INFO] IPUIPlugin:80 - create IPUIPlugin
2026-03-11 10:59:22,540 [INFO] IPUIPlugin:80 - create IPUIPlugin
2026-03-11 10:59:22,540 [INFO] IPUIPlugin:80 - create IPUIPlugin
2026-03-11 10:59:22,540 [INFO] IPUIPlugin:80 - create IPUIPlugin
2026-03-11 10:59:22,541 [INFO] IPUIPlugin:80 - create IPUIPlugin
2026-03-11 10:59:22,542 [INFO] IPUIPlugin:80 - create IPUIPlugin
2026-03-11 10:59:22,543 [INFO] IPUIPlugin:80 - create IPUIPlugin
2026-03-11 10:59:22,544 [INFO] IPUIPlugin:80 - create IPUIPlugin
2026-03-11 10:59:22,544 [INFO] IPUIPlugin:80 - create IPUIPlugin
2026-03-11 10:59:22,545 [INFO] IPUIPlugin:80 - create IPUIPlugin
2026-03-11 10:59:22,545 [INFO] IPUIPlugin:80 - create IPUIPlugin
2026-03-11 10:59:22,545 [INFO] IPUIPlugin:80 - create IPUIPlugin
2026-03-11 10:59:22,545 [INFO] IPUIPlugin:80 - create IPUIPlugin
2026-03-11 10:59:22,545 [INFO] IPUIPlugin:80 - create IPUIPlugin
2026-03-11 10:59:22,546 [INFO] IPUIPlugin:80 - create IPUIPlugin
2026-03-11 10:59:22,546 [INFO] IPUIPlugin:80 - create IPUIPlugin
2026-03-11 10:59:22,546 [INFO] IPUIPlugin:80 - create IPUIPlugin
2026-03-11 10:59:22,647 [INFO] CADModel:165 - CPN selected for project levelSTM32G431RBT6
2026-03-11 10:59:22,647 [INFO] CADModel:114 - Register for checkConnection events
2026-03-11 10:59:22,700 [INFO] OpenFileManager:386 - Restore cursor
2026-03-11 10:59:51,470 [INFO] UtilMem:75 - End SaveConfig() Used Memory: 796487600 Bytes (1073741824)
2026-03-11 10:59:53,305 [ERROR] IocParser:95 - Exception caught: null
2026-03-11 11:00:30,548 [INFO] UtilMem:75 - End SaveConfig() Used Memory: 826872576 Bytes (1073741824)
2026-03-11 11:00:32,009 [ERROR] IocParser:95 - Exception caught: null
2026-03-11 11:00:34,679 [INFO] UtilMem:75 - End SaveConfig() Used Memory: 944978800 Bytes (1073741824)
2026-03-11 11:00:34,924 [ERROR] IocParser:95 - Exception caught: null
2026-03-11 11:00:35,293 [INFO] BlockDiagram:2775 - set Specific Code input for plugin: SYS
2026-03-11 11:00:35,293 [INFO] BlockDiagram:2775 - set Specific Code input for plugin: ADC
2026-03-11 11:00:35,293 [INFO] BlockDiagram:2775 - set Specific Code input for plugin: RCC
2026-03-11 11:00:35,293 [INFO] BlockDiagram:2775 - set Specific Code input for plugin: NVIC
2026-03-11 11:00:35,294 [INFO] BlockDiagram:2775 - set Specific Code input for plugin: GPIO
2026-03-11 11:00:35,294 [INFO] BlockDiagram:2775 - set Specific Code input for plugin: NUCLEO-G431RB
2026-03-11 11:00:35,294 [INFO] CodeGenerator:892 - code generatio: config db path: /Applications/STM32CubeIDE.app/Contents/Eclipse/plugins/com.st.stm32cube.common.mx_6.15.0.202507011659//db/
2026-03-11 11:00:35,495 [INFO] CodeEngine:265 - oldGeneratedFile, /Users/leon/VSCodeProject/SSI/STM32Prj/SSI/MXTmpFiles/license.tmp_save
2026-03-11 11:00:35,761 [INFO] CodeEngine:289 - Generated code: /Users/leon/VSCodeProject/SSI/STM32Prj/SSI/MXTmpFiles/license.tmp
2026-03-11 11:00:35,812 [INFO] CodeEngine:265 - oldGeneratedFile, /Users/leon/VSCodeProject/SSI/STM32Prj/SSI/MXTmpFiles/gpio.tmp_save
2026-03-11 11:00:35,898 [INFO] CodeEngine:289 - Generated code: /Users/leon/VSCodeProject/SSI/STM32Prj/SSI/MXTmpFiles/gpio.tmp
2026-03-11 11:00:36,033 [INFO] CodeEngine:265 - oldGeneratedFile, /Users/leon/VSCodeProject/SSI/STM32Prj/SSI/Core/Inc/stm32g4xx_nucleo_conf.h_save
2026-03-11 11:00:36,170 [INFO] CodeEngine:289 - Generated code: /Users/leon/VSCodeProject/SSI/STM32Prj/SSI/Core/Inc/stm32g4xx_nucleo_conf.h
2026-03-11 11:00:36,173 [INFO] CodeEngine:265 - oldGeneratedFile, /Users/leon/VSCodeProject/SSI/STM32Prj/SSI/MXTmpFiles/bsp_inc.tmp_save
2026-03-11 11:00:36,273 [INFO] CodeEngine:289 - Generated code: /Users/leon/VSCodeProject/SSI/STM32Prj/SSI/MXTmpFiles/bsp_inc.tmp
2026-03-11 11:00:36,278 [INFO] CodeEngine:265 - oldGeneratedFile, /Users/leon/VSCodeProject/SSI/STM32Prj/SSI/MXTmpFiles/bsp_common_vars.tmp_save
2026-03-11 11:00:36,354 [INFO] CodeEngine:289 - Generated code: /Users/leon/VSCodeProject/SSI/STM32Prj/SSI/MXTmpFiles/bsp_common_vars.tmp
2026-03-11 11:00:36,356 [INFO] CodeEngine:265 - oldGeneratedFile, /Users/leon/VSCodeProject/SSI/STM32Prj/SSI/MXTmpFiles/bsp_common_init.tmp_save
2026-03-11 11:00:36,432 [INFO] CodeEngine:289 - Generated code: /Users/leon/VSCodeProject/SSI/STM32Prj/SSI/MXTmpFiles/bsp_common_init.tmp
2026-03-11 11:00:36,437 [INFO] CodeEngine:265 - oldGeneratedFile, /Users/leon/VSCodeProject/SSI/STM32Prj/SSI/MXTmpFiles/bsp_common_demo_before_while.tmp_save
2026-03-11 11:00:36,511 [INFO] CodeEngine:289 - Generated code: /Users/leon/VSCodeProject/SSI/STM32Prj/SSI/MXTmpFiles/bsp_common_demo_before_while.tmp
2026-03-11 11:00:36,513 [INFO] CodeEngine:265 - oldGeneratedFile, /Users/leon/VSCodeProject/SSI/STM32Prj/SSI/MXTmpFiles/bsp_common_demo_inside_while.tmp_save
2026-03-11 11:00:36,578 [INFO] CodeEngine:289 - Generated code: /Users/leon/VSCodeProject/SSI/STM32Prj/SSI/MXTmpFiles/bsp_common_demo_inside_while.tmp
2026-03-11 11:00:36,579 [INFO] CodeEngine:265 - oldGeneratedFile, /Users/leon/VSCodeProject/SSI/STM32Prj/SSI/MXTmpFiles/bsp_common_demo_fct.tmp_save
2026-03-11 11:00:36,644 [INFO] CodeEngine:289 - Generated code: /Users/leon/VSCodeProject/SSI/STM32Prj/SSI/MXTmpFiles/bsp_common_demo_fct.tmp
2026-03-11 11:00:36,652 [INFO] CodeEngine:265 - oldGeneratedFile, /Users/leon/VSCodeProject/SSI/STM32Prj/SSI/Core/Src/stm32g4xx_it.c_save
2026-03-11 11:00:36,743 [INFO] CodeEngine:289 - Generated code: /Users/leon/VSCodeProject/SSI/STM32Prj/SSI/Core/Src/stm32g4xx_it.c
2026-03-11 11:00:36,746 [INFO] CodeEngine:265 - oldGeneratedFile, /Users/leon/VSCodeProject/SSI/STM32Prj/SSI/Core/Inc/stm32g4xx_it.h_save
2026-03-11 11:00:36,863 [INFO] CodeEngine:289 - Generated code: /Users/leon/VSCodeProject/SSI/STM32Prj/SSI/Core/Inc/stm32g4xx_it.h
2026-03-11 11:00:36,875 [INFO] CodeEngine:265 - oldGeneratedFile, /Users/leon/VSCodeProject/SSI/STM32Prj/SSI/Core/Src/stm32g4xx_hal_msp.c_save
2026-03-11 11:00:37,016 [INFO] CodeEngine:289 - Generated code: /Users/leon/VSCodeProject/SSI/STM32Prj/SSI/Core/Src/stm32g4xx_hal_msp.c
2026-03-11 11:00:37,019 [INFO] CodeEngine:265 - oldGeneratedFile, /Users/leon/VSCodeProject/SSI/STM32Prj/SSI/MXTmpFiles/system.tmp_save
2026-03-11 11:00:37,101 [INFO] CodeEngine:289 - Generated code: /Users/leon/VSCodeProject/SSI/STM32Prj/SSI/MXTmpFiles/system.tmp
2026-03-11 11:00:37,108 [INFO] CodeEngine:321 - oldGeneratedFile, /Users/leon/VSCodeProject/SSI/STM32Prj/SSI/Core/Inc/stm32g4xx_hal_conf.h_save
2026-03-11 11:00:37,214 [INFO] CodeEngine:345 - Generated code: /Users/leon/VSCodeProject/SSI/STM32Prj/SSI/Core/Inc/stm32g4xx_hal_conf.h
2026-03-11 11:00:37,250 [WARN] IPConfigManager:3238 - Warning: the RefConfig RCC_CommonPeriphClockConfig is not available in your config.xml file
2026-03-11 11:00:37,253 [INFO] ApiDbMcu:532 - Load IP Config File for ADC1
2026-03-11 11:00:37,255 [INFO] ApiDbMcu:532 - Load IP Config File for RCC
2026-03-11 11:00:37,261 [INFO] CodeEngine:265 - oldGeneratedFile, /Users/leon/VSCodeProject/SSI/STM32Prj/SSI/Core/Inc/main.h_save
2026-03-11 11:00:37,356 [INFO] CodeEngine:289 - Generated code: /Users/leon/VSCodeProject/SSI/STM32Prj/SSI/Core/Inc/main.h
2026-03-11 11:00:37,360 [INFO] CodeEngine:265 - oldGeneratedFile, /Users/leon/VSCodeProject/SSI/STM32Prj/SSI/Core/Src/main.c_save
2026-03-11 11:00:37,488 [INFO] CodeEngine:289 - Generated code: /Users/leon/VSCodeProject/SSI/STM32Prj/SSI/Core/Src/main.c
2026-03-11 11:00:37,692 [INFO] ProjectBuilder:3606 - Time for Copy HAL[1] : 76mS.
2026-03-11 11:00:37,697 [INFO] ProjectBuilder:5216 - Project Generator version: 4.7.0-B52
2026-03-11 11:00:37,768 [INFO] ConfigFileManager:1595 - The Die is : DIE468
2026-03-11 11:00:37,771 [INFO] ApiDbMcu:532 - Load IP Config File for FATFS
2026-03-11 11:00:37,775 [INFO] ApiDbMcu:532 - Load IP Config File for FREERTOS
2026-03-11 11:00:37,779 [INFO] ApiDbMcu:532 - Load IP Config File for USBPD
2026-03-11 11:00:37,786 [INFO] ApiDbMcu:532 - Load IP Config File for USB_DEVICE
2026-03-11 11:00:41,373 [INFO] ProjectBuilder:5496 - Time for Generating toolchain IDE Files: 3671mS.
2026-03-11 11:00:41,387 [INFO] ProjectBuilder:3463 - Time for Copy CMSIS : 0mS.
2026-03-11 11:00:41,391 [INFO] ProjectBuilder:3463 - Time for Copy CMSIS : 0mS.
2026-03-11 11:01:18,183 [INFO] ADCParametersView:116 -                Rank 1 : false
2026-03-11 11:01:18,242 [INFO] ADCParametersView:116 -                Rank 1 : false
2026-03-11 11:01:18,246 [INFO] ADCParametersView:116 -                Rank 1 : false
2026-03-11 11:01:18,246 [INFO] ADCParametersView:116 -                Rank 1 : false
2026-03-11 11:01:18,246 [INFO] ADCParametersView:116 -                Rank 1 : false
2026-03-11 11:01:18,247 [INFO] ADCParametersView:116 -                Rank 1 : false
2026-03-11 11:01:18,247 [INFO] ADCParametersView:116 -                Rank 1 : false
2026-03-11 11:01:18,247 [INFO] ADCParametersView:116 -                Rank 1 : false
2026-03-11 11:01:18,247 [INFO] ADCParametersView:116 -                Rank 1 : false
2026-03-11 11:01:18,248 [INFO] ADCParametersView:116 -                Rank 1 : false
2026-03-11 11:01:18,248 [INFO] ADCParametersView:116 -                Rank 1 : false
2026-03-11 11:01:18,248 [INFO] ADCParametersView:116 -                Rank 1 : false
2026-03-11 11:01:18,248 [INFO] ADCParametersView:116 -                Rank 1 : false
2026-03-11 11:01:18,248 [INFO] ADCParametersView:116 -                Rank 1 : false
2026-03-11 11:01:18,249 [INFO] ADCParametersView:116 -                Rank 1 : false
2026-03-11 11:01:18,249 [INFO] ADCParametersView:116 -                Rank 1 : false
2026-03-11 11:01:18,249 [INFO] ADCParametersView:116 -                Rank 1 : false
2026-03-11 11:01:18,249 [INFO] ADCParametersView:116 -                Rank 1 : false
2026-03-11 11:01:18,250 [INFO] ADCParametersView:116 -                Rank 1 : false
2026-03-11 11:01:18,250 [INFO] ADCParametersView:116 -                Rank 1 : false
2026-03-11 11:01:18,250 [INFO] ADCParametersView:116 -                Rank 1 : false
2026-03-11 11:01:18,250 [INFO] ADCParametersView:116 -                Rank 1 : false
2026-03-11 11:01:18,276 [INFO] ADCParametersView:116 -                Rank 1 : false
2026-03-11 11:01:34,705 [INFO] Mcu:1682 - InternalPropertyChange: try BijectiveRequest:IN4 Single-ended
2026-03-11 11:01:35,367 [INFO] NvicIntPanel:101 - NVIC parent = com.st.microxplorer.plugins.ip.nvic.MultiNvicIntPanel[,0,0,0x0,invalid,layout=javax.swing.BoxLayout,alignmentX=0.0,alignmentY=0.0,border=,flags=9,maximumSize=,minimumSize=,preferredSize=]
2026-03-11 11:01:35,533 [INFO] ADCParametersView:116 -                Rank 1 : false
2026-03-11 11:01:35,536 [INFO] ADCParametersView:116 -                Rank 1 : false
2026-03-11 11:01:35,536 [INFO] ADCParametersView:116 -                Rank 1 : false
2026-03-11 11:01:35,536 [INFO] ADCParametersView:116 -                Rank 1 : false
2026-03-11 11:01:35,537 [INFO] ADCParametersView:116 -                Rank 1 : false
2026-03-11 11:01:35,537 [INFO] ADCParametersView:116 -                Rank 1 : false
2026-03-11 11:01:35,537 [INFO] ADCParametersView:116 -                Rank 1 : false
2026-03-11 11:01:35,537 [INFO] ADCParametersView:116 -                Rank 1 : false
2026-03-11 11:01:35,538 [INFO] ADCParametersView:116 -                Rank 1 : false
2026-03-11 11:01:35,538 [INFO] ADCParametersView:116 -                Rank 1 : false
2026-03-11 11:01:35,538 [INFO] ADCParametersView:116 -                Rank 1 : false
2026-03-11 11:01:35,538 [INFO] ADCParametersView:116 -                Rank 1 : false
2026-03-11 11:01:35,538 [INFO] ADCParametersView:116 -                Rank 1 : false
2026-03-11 11:01:35,539 [INFO] ADCParametersView:116 -                Rank 1 : false
2026-03-11 11:01:35,539 [INFO] ADCParametersView:116 -                Rank 1 : false
2026-03-11 11:01:35,539 [INFO] ADCParametersView:116 -                Rank 1 : false
2026-03-11 11:01:35,539 [INFO] ADCParametersView:116 -                Rank 1 : false
2026-03-11 11:01:35,539 [INFO] ADCParametersView:116 -                Rank 1 : false
2026-03-11 11:01:35,539 [INFO] ADCParametersView:116 -                Rank 1 : false
2026-03-11 11:01:35,540 [INFO] ADCParametersView:116 -                Rank 1 : false
2026-03-11 11:01:35,540 [INFO] ADCParametersView:116 -                Rank 1 : false
2026-03-11 11:01:35,573 [INFO] ADCParametersView:116 -                Rank 1 : false
2026-03-11 11:01:35,610 [INFO] ADCParametersView:116 -                Rank 1 : false
2026-03-11 11:01:35,610 [INFO] ADCParametersView:116 -                Rank 1 : false
2026-03-11 11:01:35,611 [INFO] ADCParametersView:116 -                Rank 1 : false
2026-03-11 11:01:35,611 [INFO] ADCParametersView:116 -                Rank 1 : false
2026-03-11 11:01:35,611 [INFO] ADCParametersView:116 -                Rank 1 : false
2026-03-11 11:01:35,612 [INFO] ADCParametersView:116 -                Rank 1 : false
2026-03-11 11:01:35,612 [INFO] ADCParametersView:116 -                Rank 1 : false
2026-03-11 11:01:35,612 [INFO] ADCParametersView:116 -                Rank 1 : false
2026-03-11 11:01:35,612 [INFO] ADCParametersView:116 -                Rank 1 : false
2026-03-11 11:01:35,613 [INFO] ADCParametersView:116 -                Rank 1 : false
2026-03-11 11:01:35,613 [INFO] ADCParametersView:116 -                Rank 1 : false
2026-03-11 11:01:35,613 [INFO] ADCParametersView:116 -                Rank 1 : false
2026-03-11 11:01:35,613 [INFO] ADCParametersView:116 -                Rank 1 : false
2026-03-11 11:01:35,613 [INFO] ADCParametersView:116 -                Rank 1 : false
2026-03-11 11:01:35,614 [INFO] ADCParametersView:116 -                Rank 1 : false
2026-03-11 11:01:35,614 [INFO] ADCParametersView:116 -                Rank 1 : false
2026-03-11 11:01:35,614 [INFO] ADCParametersView:116 -                Rank 1 : false
2026-03-11 11:01:35,614 [INFO] ADCParametersView:116 -                Rank 1 : false
2026-03-11 11:01:35,614 [INFO] ADCParametersView:116 -                Rank 1 : false
2026-03-11 11:01:35,614 [INFO] ADCParametersView:116 -                Rank 1 : false
2026-03-11 11:01:35,614 [INFO] ADCParametersView:116 -                Rank 1 : false
2026-03-11 11:01:35,633 [INFO] ADCParametersView:116 -                Rank 1 : false
2026-03-11 11:01:35,811 [INFO] ADCParametersView:116 -                Rank 1 : false
2026-03-11 11:01:35,812 [INFO] ADCParametersView:116 -                Rank 1 : false
2026-03-11 11:01:35,812 [INFO] ADCParametersView:116 -                Rank 1 : false
2026-03-11 11:01:35,813 [INFO] ADCParametersView:116 -                Rank 1 : false
2026-03-11 11:01:35,813 [INFO] ADCParametersView:116 -                Rank 1 : false
2026-03-11 11:01:35,813 [INFO] ADCParametersView:116 -                Rank 1 : false
2026-03-11 11:01:35,813 [INFO] ADCParametersView:116 -                Rank 1 : false
2026-03-11 11:01:35,814 [INFO] ADCParametersView:116 -                Rank 1 : false
2026-03-11 11:01:35,814 [INFO] ADCParametersView:116 -                Rank 1 : false
2026-03-11 11:01:35,814 [INFO] ADCParametersView:116 -                Rank 1 : false
2026-03-11 11:01:35,814 [INFO] ADCParametersView:116 -                Rank 1 : false
2026-03-11 11:01:35,815 [INFO] ADCParametersView:116 -                Rank 1 : false
2026-03-11 11:01:35,815 [INFO] ADCParametersView:116 -                Rank 1 : false
2026-03-11 11:01:35,815 [INFO] ADCParametersView:116 -                Rank 1 : false
2026-03-11 11:01:35,815 [INFO] ADCParametersView:116 -                Rank 1 : false
2026-03-11 11:01:35,815 [INFO] ADCParametersView:116 -                Rank 1 : false
2026-03-11 11:01:35,815 [INFO] ADCParametersView:116 -                Rank 1 : false
2026-03-11 11:01:35,816 [INFO] ADCParametersView:116 -                Rank 1 : false
2026-03-11 11:01:35,816 [INFO] ADCParametersView:116 -                Rank 1 : false
2026-03-11 11:01:35,816 [INFO] ADCParametersView:116 -                Rank 1 : false
2026-03-11 11:01:35,816 [INFO] ADCParametersView:116 -                Rank 1 : false
2026-03-11 11:01:35,832 [INFO] ADCParametersView:116 -                Rank 1 : false
2026-03-11 11:01:35,855 [INFO] ADCParametersView:116 -                Rank 1 : false
2026-03-11 11:01:35,856 [INFO] ADCParametersView:116 -                Rank 1 : false
2026-03-11 11:01:35,856 [INFO] ADCParametersView:116 -                Rank 1 : false
2026-03-11 11:01:35,856 [INFO] ADCParametersView:116 -                Rank 1 : false
2026-03-11 11:01:35,857 [INFO] ADCParametersView:116 -                Rank 1 : false
2026-03-11 11:01:35,857 [INFO] ADCParametersView:116 -                Rank 1 : false
2026-03-11 11:01:35,857 [INFO] ADCParametersView:116 -                Rank 1 : false
2026-03-11 11:01:35,857 [INFO] ADCParametersView:116 -                Rank 1 : false
2026-03-11 11:01:35,858 [INFO] ADCParametersView:116 -                Rank 1 : false
2026-03-11 11:01:35,858 [INFO] ADCParametersView:116 -                Rank 1 : false
2026-03-11 11:01:35,858 [INFO] ADCParametersView:116 -                Rank 1 : false
2026-03-11 11:01:35,858 [INFO] ADCParametersView:116 -                Rank 1 : false
2026-03-11 11:01:35,858 [INFO] ADCParametersView:116 -                Rank 1 : false
2026-03-11 11:01:35,859 [INFO] ADCParametersView:116 -                Rank 1 : false
2026-03-11 11:01:35,859 [INFO] ADCParametersView:116 -                Rank 1 : false
2026-03-11 11:01:35,859 [INFO] ADCParametersView:116 -                Rank 1 : false
2026-03-11 11:01:35,859 [INFO] ADCParametersView:116 -                Rank 1 : false
2026-03-11 11:01:35,859 [INFO] ADCParametersView:116 -                Rank 1 : false
2026-03-11 11:01:35,859 [INFO] ADCParametersView:116 -                Rank 1 : false
2026-03-11 11:01:35,859 [INFO] ADCParametersView:116 -                Rank 1 : false
2026-03-11 11:01:35,859 [INFO] ADCParametersView:116 -                Rank 1 : false
2026-03-11 11:01:35,876 [INFO] ADCParametersView:116 -                Rank 1 : false
2026-03-11 11:01:54,676 [INFO] UtilMem:75 - End SaveConfig() Used Memory: 928313528 Bytes (1073741824)
2026-03-11 11:01:57,031 [ERROR] IocParser:95 - Exception caught: null
2026-03-11 11:01:58,171 [INFO] UtilMem:75 - End SaveConfig() Used Memory: 952693904 Bytes (1073741824)
2026-03-11 11:01:58,319 [ERROR] IocParser:95 - Exception caught: null
2026-03-11 11:01:58,675 [INFO] UtilMem:75 - End SaveConfig() Used Memory: 985199760 Bytes (1073741824)
2026-03-11 11:01:59,850 [INFO] BlockDiagram:2775 - set Specific Code input for plugin: SYS
2026-03-11 11:01:59,861 [INFO] BlockDiagram:2775 - set Specific Code input for plugin: ADC
2026-03-11 11:01:59,865 [INFO] BlockDiagram:2775 - set Specific Code input for plugin: RCC
2026-03-11 11:01:59,865 [INFO] BlockDiagram:2775 - set Specific Code input for plugin: NVIC
2026-03-11 11:01:59,865 [INFO] BlockDiagram:2775 - set Specific Code input for plugin: USART
2026-03-11 11:01:59,865 [INFO] BlockDiagram:2775 - set Specific Code input for plugin: GPIO
2026-03-11 11:01:59,865 [INFO] BlockDiagram:2775 - set Specific Code input for plugin: NUCLEO-G431RB
2026-03-11 11:01:59,867 [INFO] CodeGenerator:892 - code generatio: config db path: /Applications/STM32CubeIDE.app/Contents/Eclipse/plugins/com.st.stm32cube.common.mx_6.15.0.202507011659//db/
2026-03-11 11:02:00,004 [INFO] CodeEngine:265 - oldGeneratedFile, /Users/leon/VSCodeProject/SSI/STM32Prj/SSI/MXTmpFiles/license.tmp_save
2026-03-11 11:02:00,158 [INFO] CodeEngine:289 - Generated code: /Users/leon/VSCodeProject/SSI/STM32Prj/SSI/MXTmpFiles/license.tmp
2026-03-11 11:02:00,225 [INFO] CodeEngine:265 - oldGeneratedFile, /Users/leon/VSCodeProject/SSI/STM32Prj/SSI/MXTmpFiles/gpio.tmp_save
2026-03-11 11:02:00,306 [INFO] CodeEngine:289 - Generated code: /Users/leon/VSCodeProject/SSI/STM32Prj/SSI/MXTmpFiles/gpio.tmp
2026-03-11 11:02:00,460 [INFO] CodeEngine:265 - oldGeneratedFile, /Users/leon/VSCodeProject/SSI/STM32Prj/SSI/Core/Inc/stm32g4xx_nucleo_conf.h_save
2026-03-11 11:02:00,511 [INFO] CodeEngine:289 - Generated code: /Users/leon/VSCodeProject/SSI/STM32Prj/SSI/Core/Inc/stm32g4xx_nucleo_conf.h
2026-03-11 11:02:00,512 [INFO] CodeEngine:265 - oldGeneratedFile, /Users/leon/VSCodeProject/SSI/STM32Prj/SSI/MXTmpFiles/bsp_inc.tmp_save
2026-03-11 11:02:00,562 [INFO] CodeEngine:289 - Generated code: /Users/leon/VSCodeProject/SSI/STM32Prj/SSI/MXTmpFiles/bsp_inc.tmp
2026-03-11 11:02:00,564 [INFO] CodeEngine:265 - oldGeneratedFile, /Users/leon/VSCodeProject/SSI/STM32Prj/SSI/MXTmpFiles/bsp_common_vars.tmp_save
2026-03-11 11:02:00,615 [INFO] CodeEngine:289 - Generated code: /Users/leon/VSCodeProject/SSI/STM32Prj/SSI/MXTmpFiles/bsp_common_vars.tmp
2026-03-11 11:02:00,616 [INFO] CodeEngine:265 - oldGeneratedFile, /Users/leon/VSCodeProject/SSI/STM32Prj/SSI/MXTmpFiles/bsp_common_init.tmp_save
2026-03-11 11:02:00,663 [INFO] CodeEngine:289 - Generated code: /Users/leon/VSCodeProject/SSI/STM32Prj/SSI/MXTmpFiles/bsp_common_init.tmp
2026-03-11 11:02:00,664 [INFO] CodeEngine:265 - oldGeneratedFile, /Users/leon/VSCodeProject/SSI/STM32Prj/SSI/MXTmpFiles/bsp_common_demo_before_while.tmp_save
2026-03-11 11:02:00,712 [INFO] CodeEngine:289 - Generated code: /Users/leon/VSCodeProject/SSI/STM32Prj/SSI/MXTmpFiles/bsp_common_demo_before_while.tmp
2026-03-11 11:02:00,714 [INFO] CodeEngine:265 - oldGeneratedFile, /Users/leon/VSCodeProject/SSI/STM32Prj/SSI/MXTmpFiles/bsp_common_demo_inside_while.tmp_save
2026-03-11 11:02:00,759 [INFO] CodeEngine:289 - Generated code: /Users/leon/VSCodeProject/SSI/STM32Prj/SSI/MXTmpFiles/bsp_common_demo_inside_while.tmp
2026-03-11 11:02:00,760 [INFO] CodeEngine:265 - oldGeneratedFile, /Users/leon/VSCodeProject/SSI/STM32Prj/SSI/MXTmpFiles/bsp_common_demo_fct.tmp_save
2026-03-11 11:02:00,803 [INFO] CodeEngine:289 - Generated code: /Users/leon/VSCodeProject/SSI/STM32Prj/SSI/MXTmpFiles/bsp_common_demo_fct.tmp
2026-03-11 11:02:00,811 [INFO] CodeEngine:265 - oldGeneratedFile, /Users/leon/VSCodeProject/SSI/STM32Prj/SSI/Core/Src/stm32g4xx_it.c_save
2026-03-11 11:02:00,882 [INFO] CodeEngine:289 - Generated code: /Users/leon/VSCodeProject/SSI/STM32Prj/SSI/Core/Src/stm32g4xx_it.c
2026-03-11 11:02:00,884 [INFO] CodeEngine:265 - oldGeneratedFile, /Users/leon/VSCodeProject/SSI/STM32Prj/SSI/Core/Inc/stm32g4xx_it.h_save
2026-03-11 11:02:00,931 [INFO] CodeEngine:289 - Generated code: /Users/leon/VSCodeProject/SSI/STM32Prj/SSI/Core/Inc/stm32g4xx_it.h
2026-03-11 11:02:00,937 [INFO] CodeEngine:265 - oldGeneratedFile, /Users/leon/VSCodeProject/SSI/STM32Prj/SSI/Core/Src/stm32g4xx_hal_msp.c_save
2026-03-11 11:02:01,069 [INFO] CodeEngine:289 - Generated code: /Users/leon/VSCodeProject/SSI/STM32Prj/SSI/Core/Src/stm32g4xx_hal_msp.c
2026-03-11 11:02:01,072 [INFO] CodeEngine:265 - oldGeneratedFile, /Users/leon/VSCodeProject/SSI/STM32Prj/SSI/MXTmpFiles/system.tmp_save
2026-03-11 11:02:01,124 [INFO] CodeEngine:289 - Generated code: /Users/leon/VSCodeProject/SSI/STM32Prj/SSI/MXTmpFiles/system.tmp
2026-03-11 11:02:01,130 [INFO] CodeEngine:321 - oldGeneratedFile, /Users/leon/VSCodeProject/SSI/STM32Prj/SSI/Core/Inc/stm32g4xx_hal_conf.h_save
2026-03-11 11:02:01,184 [INFO] CodeEngine:345 - Generated code: /Users/leon/VSCodeProject/SSI/STM32Prj/SSI/Core/Inc/stm32g4xx_hal_conf.h
2026-03-11 11:02:01,224 [WARN] IPConfigManager:3238 - Warning: the RefConfig RCC_CommonPeriphClockConfig is not available in your config.xml file
2026-03-11 11:02:01,236 [INFO] ApiDbMcu:532 - Load IP Config File for USART2
2026-03-11 11:02:01,240 [INFO] CodeEngine:265 - oldGeneratedFile, /Users/leon/VSCodeProject/SSI/STM32Prj/SSI/Core/Inc/main.h_save
2026-03-11 11:02:01,312 [INFO] CodeEngine:289 - Generated code: /Users/leon/VSCodeProject/SSI/STM32Prj/SSI/Core/Inc/main.h
2026-03-11 11:02:01,315 [INFO] CodeEngine:265 - oldGeneratedFile, /Users/leon/VSCodeProject/SSI/STM32Prj/SSI/Core/Src/main.c_save
2026-03-11 11:02:01,420 [INFO] CodeEngine:289 - Generated code: /Users/leon/VSCodeProject/SSI/STM32Prj/SSI/Core/Src/main.c
2026-03-11 11:02:01,603 [INFO] ProjectBuilder:3606 - Time for Copy HAL[1] : 68mS.
2026-03-11 11:02:01,607 [INFO] ProjectBuilder:5216 - Project Generator version: 4.7.0-B52
2026-03-11 11:02:01,693 [INFO] ConfigFileManager:1595 - The Die is : DIE468
2026-03-11 11:02:03,295 [INFO] ProjectBuilder:5496 - Time for Generating toolchain IDE Files: 1687mS.
2026-03-11 11:02:03,298 [INFO] ProjectBuilder:3463 - Time for Copy CMSIS : 0mS.
2026-03-11 11:02:03,299 [INFO] ProjectBuilder:3463 - Time for Copy CMSIS : 0mS.
2026-03-11 11:16:16,592 [INFO] ParamManager:905 - [Generic UI] PropertyChangeEvent: TAB_STATUS_CHANGED , "dont care", "never mind"
2026-03-11 11:16:16,646 [INFO] ADCParametersView:116 -                Rank 1 : false
2026-03-11 11:16:16,651 [INFO] ADCParametersView:116 -                Rank 1 : false
2026-03-11 11:16:16,653 [INFO] ADCParametersView:116 -                Rank 1 : false
2026-03-11 11:16:16,655 [INFO] ADCParametersView:116 -                Rank 1 : false
2026-03-11 11:16:16,658 [INFO] ADCParametersView:116 -                Rank 1 : false
2026-03-11 11:16:16,661 [INFO] ADCParametersView:116 -                Rank 1 : false
2026-03-11 11:16:16,664 [INFO] ADCParametersView:116 -                Rank 1 : false
2026-03-11 11:16:16,666 [INFO] ADCParametersView:116 -                Rank 1 : false
2026-03-11 11:16:16,666 [INFO] ADCParametersView:116 -                Rank 1 : false
2026-03-11 11:16:16,667 [INFO] ADCParametersView:116 -                Rank 1 : false
2026-03-11 11:16:16,668 [INFO] ADCParametersView:116 -                Rank 1 : false
2026-03-11 11:16:16,668 [INFO] ADCParametersView:116 -                Rank 1 : false
2026-03-11 11:16:16,669 [INFO] ADCParametersView:116 -                Rank 1 : false
2026-03-11 11:16:16,670 [INFO] ADCParametersView:116 -                Rank 1 : false
2026-03-11 11:16:16,671 [INFO] ADCParametersView:116 -                Rank 1 : false
2026-03-11 11:16:16,672 [INFO] ADCParametersView:116 -                Rank 1 : false
2026-03-11 11:16:16,673 [INFO] ADCParametersView:116 -                Rank 1 : false
2026-03-11 11:16:16,674 [INFO] ADCParametersView:116 -                Rank 1 : false
2026-03-11 11:16:16,677 [INFO] ADCParametersView:116 -                Rank 1 : false
2026-03-11 11:16:16,678 [INFO] ADCParametersView:116 -                Rank 1 : false
2026-03-11 11:16:16,678 [INFO] ADCParametersView:116 -                Rank 1 : false
2026-03-11 11:16:16,709 [INFO] ParamManager:905 - [Generic UI] PropertyChangeEvent: TAB_STATUS_CHANGED , "dont care", "never mind"
2026-03-11 11:16:16,766 [INFO] ADCParametersView:116 -                Rank 1 : false
2026-03-11 11:16:16,909 [INFO] ADCParametersView:116 -                Rank 1 : false
2026-03-11 11:16:16,910 [INFO] ADCParametersView:116 -                Rank 1 : false
2026-03-11 11:16:16,910 [INFO] ADCParametersView:116 -                Rank 1 : false
2026-03-11 11:16:16,910 [INFO] ADCParametersView:116 -                Rank 1 : false
2026-03-11 11:16:16,911 [INFO] ADCParametersView:116 -                Rank 1 : false
2026-03-11 11:16:16,911 [INFO] ADCParametersView:116 -                Rank 1 : false
2026-03-11 11:16:16,911 [INFO] ADCParametersView:116 -                Rank 1 : false
2026-03-11 11:16:16,912 [INFO] ADCParametersView:116 -                Rank 1 : false
2026-03-11 11:16:16,912 [INFO] ADCParametersView:116 -                Rank 1 : false
2026-03-11 11:16:16,912 [INFO] ADCParametersView:116 -                Rank 1 : false
2026-03-11 11:16:16,913 [INFO] ADCParametersView:116 -                Rank 1 : false
2026-03-11 11:16:16,913 [INFO] ADCParametersView:116 -                Rank 1 : false
2026-03-11 11:16:16,913 [INFO] ADCParametersView:116 -                Rank 1 : false
2026-03-11 11:16:16,914 [INFO] ADCParametersView:116 -                Rank 1 : false
2026-03-11 11:16:16,914 [INFO] ADCParametersView:116 -                Rank 1 : false
2026-03-11 11:16:16,915 [INFO] ADCParametersView:116 -                Rank 1 : false
2026-03-11 11:16:16,915 [INFO] ADCParametersView:116 -                Rank 1 : false
2026-03-11 11:16:16,915 [INFO] ADCParametersView:116 -                Rank 1 : false
2026-03-11 11:16:16,916 [INFO] ADCParametersView:116 -                Rank 1 : false
2026-03-11 11:16:16,917 [INFO] ADCParametersView:116 -                Rank 1 : false
2026-03-11 11:16:16,917 [INFO] ADCParametersView:116 -                Rank 1 : false
2026-03-11 11:16:16,961 [INFO] ADCParametersView:116 -                Rank 1 : false
2026-03-11 11:16:17,220 [INFO] ADCParametersView:116 -                Rank 1 : false
2026-03-11 11:16:17,221 [INFO] ADCParametersView:116 -                Rank 1 : false
2026-03-11 11:16:17,221 [INFO] ADCParametersView:116 -                Rank 1 : false
2026-03-11 11:16:17,222 [INFO] ADCParametersView:116 -                Rank 1 : false
2026-03-11 11:16:17,223 [INFO] ADCParametersView:116 -                Rank 1 : false
2026-03-11 11:16:17,224 [INFO] ADCParametersView:116 -                Rank 1 : false
2026-03-11 11:16:17,225 [INFO] ADCParametersView:116 -                Rank 1 : false
2026-03-11 11:16:17,225 [INFO] ADCParametersView:116 -                Rank 1 : false
2026-03-11 11:16:17,226 [INFO] ADCParametersView:116 -                Rank 1 : false
2026-03-11 11:16:17,226 [INFO] ADCParametersView:116 -                Rank 1 : false
2026-03-11 11:16:17,226 [INFO] ADCParametersView:116 -                Rank 1 : false
2026-03-11 11:16:17,228 [INFO] ADCParametersView:116 -                Rank 1 : false
2026-03-11 11:16:17,229 [INFO] ADCParametersView:116 -                Rank 1 : false
2026-03-11 11:16:17,229 [INFO] ADCParametersView:116 -                Rank 1 : false
2026-03-11 11:16:17,229 [INFO] ADCParametersView:116 -                Rank 1 : false
2026-03-11 11:16:17,230 [INFO] ADCParametersView:116 -                Rank 1 : false
2026-03-11 11:16:17,230 [INFO] ADCParametersView:116 -                Rank 1 : false
2026-03-11 11:16:17,230 [INFO] ADCParametersView:116 -                Rank 1 : false
2026-03-11 11:16:17,232 [INFO] ADCParametersView:116 -                Rank 1 : false
2026-03-11 11:16:17,232 [INFO] ADCParametersView:116 -                Rank 1 : false
2026-03-11 11:16:17,232 [INFO] ADCParametersView:116 -                Rank 1 : false
2026-03-11 11:16:17,288 [INFO] ADCParametersView:116 -                Rank 1 : false
2026-03-11 11:16:17,365 [INFO] ADCParametersView:116 -                Rank 1 : false
2026-03-11 11:16:17,366 [INFO] ADCParametersView:116 -                Rank 1 : false
2026-03-11 11:16:17,366 [INFO] ADCParametersView:116 -                Rank 1 : false
2026-03-11 11:16:17,367 [INFO] ADCParametersView:116 -                Rank 1 : false
2026-03-11 11:16:17,367 [INFO] ADCParametersView:116 -                Rank 1 : false
2026-03-11 11:16:17,368 [INFO] ADCParametersView:116 -                Rank 1 : false
2026-03-11 11:16:17,369 [INFO] ADCParametersView:116 -                Rank 1 : false
2026-03-11 11:16:17,369 [INFO] ADCParametersView:116 -                Rank 1 : false
2026-03-11 11:16:17,370 [INFO] ADCParametersView:116 -                Rank 1 : false
2026-03-11 11:16:17,370 [INFO] ADCParametersView:116 -                Rank 1 : false
2026-03-11 11:16:17,370 [INFO] ADCParametersView:116 -                Rank 1 : false
2026-03-11 11:16:17,370 [INFO] ADCParametersView:116 -                Rank 1 : false
2026-03-11 11:16:17,371 [INFO] ADCParametersView:116 -                Rank 1 : false
2026-03-11 11:16:17,371 [INFO] ADCParametersView:116 -                Rank 1 : false
2026-03-11 11:16:17,371 [INFO] ADCParametersView:116 -                Rank 1 : false
2026-03-11 11:16:17,372 [INFO] ADCParametersView:116 -                Rank 1 : false
2026-03-11 11:16:17,372 [INFO] ADCParametersView:116 -                Rank 1 : false
2026-03-11 11:16:17,372 [INFO] ADCParametersView:116 -                Rank 1 : false
2026-03-11 11:16:17,372 [INFO] ADCParametersView:116 -                Rank 1 : false
2026-03-11 11:16:17,372 [INFO] ADCParametersView:116 -                Rank 1 : false
2026-03-11 11:16:17,372 [INFO] ADCParametersView:116 -                Rank 1 : false
2026-03-11 11:16:17,408 [INFO] ADCParametersView:116 -                Rank 1 : false
2026-03-11 11:16:17,813 [INFO] ADCParametersView:116 -                Rank 1 : false
2026-03-11 11:16:17,814 [INFO] ADCParametersView:116 -                Rank 1 : false
2026-03-11 11:16:17,815 [INFO] ADCParametersView:116 -                Rank 1 : false
2026-03-11 11:16:17,815 [INFO] ADCParametersView:116 -                Rank 1 : false
2026-03-11 11:16:17,815 [INFO] ADCParametersView:116 -                Rank 1 : false
2026-03-11 11:16:17,816 [INFO] ADCParametersView:116 -                Rank 1 : false
2026-03-11 11:16:17,816 [INFO] ADCParametersView:116 -                Rank 1 : false
2026-03-11 11:16:17,817 [INFO] ADCParametersView:116 -                Rank 1 : false
2026-03-11 11:16:17,817 [INFO] ADCParametersView:116 -                Rank 1 : false
2026-03-11 11:16:17,818 [INFO] ADCParametersView:116 -                Rank 1 : false
2026-03-11 11:16:17,818 [INFO] ADCParametersView:116 -                Rank 1 : false
2026-03-11 11:16:17,819 [INFO] ADCParametersView:116 -                Rank 1 : false
2026-03-11 11:16:17,819 [INFO] ADCParametersView:116 -                Rank 1 : false
2026-03-11 11:16:17,819 [INFO] ADCParametersView:116 -                Rank 1 : false
2026-03-11 11:16:17,819 [INFO] ADCParametersView:116 -                Rank 1 : false
2026-03-11 11:16:17,820 [INFO] ADCParametersView:116 -                Rank 1 : false
2026-03-11 11:16:17,820 [INFO] ADCParametersView:116 -                Rank 1 : false
2026-03-11 11:16:17,820 [INFO] ADCParametersView:116 -                Rank 1 : false
2026-03-11 11:16:17,820 [INFO] ADCParametersView:116 -                Rank 1 : false
2026-03-11 11:16:17,820 [INFO] ADCParametersView:116 -                Rank 1 : false
2026-03-11 11:16:17,821 [INFO] ADCParametersView:116 -                Rank 1 : false
2026-03-11 11:16:17,858 [INFO] ADCParametersView:116 -                Rank 1 : false
2026-03-11 11:16:18,534 [INFO] ADCParametersView:116 -                Rank 1 : false
2026-03-11 11:16:18,543 [INFO] ADCParametersView:116 -                Rank 1 : false
2026-03-11 11:16:18,545 [INFO] ADCParametersView:116 -                Rank 1 : false
2026-03-11 11:16:18,546 [INFO] ADCParametersView:116 -                Rank 1 : false
2026-03-11 11:16:18,547 [INFO] ADCParametersView:116 -                Rank 1 : false
2026-03-11 11:16:18,547 [INFO] ADCParametersView:116 -                Rank 1 : false
2026-03-11 11:16:18,548 [INFO] ADCParametersView:116 -                Rank 1 : false
2026-03-11 11:16:18,548 [INFO] ADCParametersView:116 -                Rank 1 : false
2026-03-11 11:16:18,548 [INFO] ADCParametersView:116 -                Rank 1 : false
2026-03-11 11:16:18,548 [INFO] ADCParametersView:116 -                Rank 1 : false
2026-03-11 11:16:18,549 [INFO] ADCParametersView:116 -                Rank 1 : false
2026-03-11 11:16:18,549 [INFO] ADCParametersView:116 -                Rank 1 : false
2026-03-11 11:16:18,549 [INFO] ADCParametersView:116 -                Rank 1 : false
2026-03-11 11:16:18,550 [INFO] ADCParametersView:116 -                Rank 1 : false
2026-03-11 11:16:18,550 [INFO] ADCParametersView:116 -                Rank 1 : false
2026-03-11 11:16:18,550 [INFO] ADCParametersView:116 -                Rank 1 : false
2026-03-11 11:16:18,550 [INFO] ADCParametersView:116 -                Rank 1 : false
2026-03-11 11:16:18,551 [INFO] ADCParametersView:116 -                Rank 1 : false
2026-03-11 11:16:18,551 [INFO] ADCParametersView:116 -                Rank 1 : false
2026-03-11 11:16:18,552 [INFO] ADCParametersView:116 -                Rank 1 : false
2026-03-11 11:16:18,553 [INFO] ADCParametersView:116 -                Rank 1 : false
2026-03-11 11:16:18,596 [INFO] ADCParametersView:116 -                Rank 1 : false
2026-03-11 11:16:30,052 [INFO] ADCParametersView:116 -                Rank 1 : false
2026-03-11 11:16:30,057 [INFO] ADCParametersView:116 -                Rank 1 : false
2026-03-11 11:16:30,059 [INFO] ADCParametersView:116 -                Rank 1 : false
2026-03-11 11:16:30,059 [INFO] ADCParametersView:116 -                Rank 1 : false
2026-03-11 11:16:30,059 [INFO] ADCParametersView:116 -                Rank 1 : false
2026-03-11 11:16:30,060 [INFO] ADCParametersView:116 -                Rank 1 : false
2026-03-11 11:16:30,060 [INFO] ADCParametersView:116 -                Rank 1 : false
2026-03-11 11:16:30,060 [INFO] ADCParametersView:116 -                Rank 1 : false
2026-03-11 11:16:30,060 [INFO] ADCParametersView:116 -                Rank 1 : false
2026-03-11 11:16:30,061 [INFO] ADCParametersView:116 -                Rank 1 : false
2026-03-11 11:16:30,061 [INFO] ADCParametersView:116 -                Rank 1 : false
2026-03-11 11:16:30,061 [INFO] ADCParametersView:116 -                Rank 1 : false
2026-03-11 11:16:30,061 [INFO] ADCParametersView:116 -                Rank 1 : false
2026-03-11 11:16:30,061 [INFO] ADCParametersView:116 -                Rank 1 : false
2026-03-11 11:16:30,061 [INFO] ADCParametersView:116 -                Rank 1 : false
2026-03-11 11:16:30,062 [INFO] ADCParametersView:116 -                Rank 1 : false
2026-03-11 11:16:30,062 [INFO] ADCParametersView:116 -                Rank 1 : false
2026-03-11 11:16:30,062 [INFO] ADCParametersView:116 -                Rank 1 : false
2026-03-11 11:16:30,062 [INFO] ADCParametersView:116 -                Rank 1 : false
2026-03-11 11:16:30,062 [INFO] ADCParametersView:116 -                Rank 1 : false
2026-03-11 11:16:30,062 [INFO] ADCParametersView:116 -                Rank 1 : false
2026-03-11 11:16:30,081 [INFO] ADCParametersView:116 -                Rank 1 : false
2026-03-11 11:16:30,123 [INFO] ADCParametersView:116 -                Rank 1 : false
2026-03-11 11:16:30,124 [INFO] ADCParametersView:116 -                Rank 1 : false
2026-03-11 11:16:30,124 [INFO] ADCParametersView:116 -                Rank 1 : false
2026-03-11 11:16:30,124 [INFO] ADCParametersView:116 -                Rank 1 : false
2026-03-11 11:16:30,125 [INFO] ADCParametersView:116 -                Rank 1 : false
2026-03-11 11:16:30,125 [INFO] ADCParametersView:116 -                Rank 1 : false
2026-03-11 11:16:30,125 [INFO] ADCParametersView:116 -                Rank 1 : false
2026-03-11 11:16:30,125 [INFO] ADCParametersView:116 -                Rank 1 : false
2026-03-11 11:16:30,126 [INFO] ADCParametersView:116 -                Rank 1 : false
2026-03-11 11:16:30,126 [INFO] ADCParametersView:116 -                Rank 1 : false
2026-03-11 11:16:30,126 [INFO] ADCParametersView:116 -                Rank 1 : false
2026-03-11 11:16:30,126 [INFO] ADCParametersView:116 -                Rank 1 : false
2026-03-11 11:16:30,126 [INFO] ADCParametersView:116 -                Rank 1 : false
2026-03-11 11:16:30,127 [INFO] ADCParametersView:116 -                Rank 1 : false
2026-03-11 11:16:30,127 [INFO] ADCParametersView:116 -                Rank 1 : false
2026-03-11 11:16:30,127 [INFO] ADCParametersView:116 -                Rank 1 : false
2026-03-11 11:16:30,127 [INFO] ADCParametersView:116 -                Rank 1 : false
2026-03-11 11:16:30,127 [INFO] ADCParametersView:116 -                Rank 1 : false
2026-03-11 11:16:30,127 [INFO] ADCParametersView:116 -                Rank 1 : false
2026-03-11 11:16:30,127 [INFO] ADCParametersView:116 -                Rank 1 : false
2026-03-11 11:16:30,127 [INFO] ADCParametersView:116 -                Rank 1 : false
2026-03-11 11:16:30,163 [INFO] ADCParametersView:116 -                Rank 1 : false
2026-03-11 11:16:30,235 [INFO] ADCParametersView:116 -                Rank 1 : false
2026-03-11 11:16:30,236 [INFO] ADCParametersView:116 -                Rank 1 : false
2026-03-11 11:16:30,236 [INFO] ADCParametersView:116 -                Rank 1 : false
2026-03-11 11:16:30,237 [INFO] ADCParametersView:116 -                Rank 1 : false
2026-03-11 11:16:30,237 [INFO] ADCParametersView:116 -                Rank 1 : false
2026-03-11 11:16:30,237 [INFO] ADCParametersView:116 -                Rank 1 : false
2026-03-11 11:16:30,237 [INFO] ADCParametersView:116 -                Rank 1 : false
2026-03-11 11:16:30,238 [INFO] ADCParametersView:116 -                Rank 1 : false
2026-03-11 11:16:30,238 [INFO] ADCParametersView:116 -                Rank 1 : false
2026-03-11 11:16:30,238 [INFO] ADCParametersView:116 -                Rank 1 : false
2026-03-11 11:16:30,238 [INFO] ADCParametersView:116 -                Rank 1 : false
2026-03-11 11:16:30,239 [INFO] ADCParametersView:116 -                Rank 1 : false
2026-03-11 11:16:30,239 [INFO] ADCParametersView:116 -                Rank 1 : false
2026-03-11 11:16:30,239 [INFO] ADCParametersView:116 -                Rank 1 : false
2026-03-11 11:16:30,239 [INFO] ADCParametersView:116 -                Rank 1 : false
2026-03-11 11:16:30,239 [INFO] ADCParametersView:116 -                Rank 1 : false
2026-03-11 11:16:30,240 [INFO] ADCParametersView:116 -                Rank 1 : false
2026-03-11 11:16:30,240 [INFO] ADCParametersView:116 -                Rank 1 : false
2026-03-11 11:16:30,240 [INFO] ADCParametersView:116 -                Rank 1 : false
2026-03-11 11:16:30,240 [INFO] ADCParametersView:116 -                Rank 1 : false
2026-03-11 11:16:30,240 [INFO] ADCParametersView:116 -                Rank 1 : false
2026-03-11 11:16:30,257 [INFO] ADCParametersView:116 -                Rank 1 : false
2026-03-11 11:16:30,312 [INFO] ADCParametersView:116 -                Rank 1 : false
2026-03-11 11:16:30,313 [INFO] ADCParametersView:116 -                Rank 1 : false
2026-03-11 11:16:30,313 [INFO] ADCParametersView:116 -                Rank 1 : false
2026-03-11 11:16:30,313 [INFO] ADCParametersView:116 -                Rank 1 : false
2026-03-11 11:16:30,314 [INFO] ADCParametersView:116 -                Rank 1 : false
2026-03-11 11:16:30,314 [INFO] ADCParametersView:116 -                Rank 1 : false
2026-03-11 11:16:30,314 [INFO] ADCParametersView:116 -                Rank 1 : false
2026-03-11 11:16:30,314 [INFO] ADCParametersView:116 -                Rank 1 : false
2026-03-11 11:16:30,315 [INFO] ADCParametersView:116 -                Rank 1 : false
2026-03-11 11:16:30,315 [INFO] ADCParametersView:116 -                Rank 1 : false
2026-03-11 11:16:30,315 [INFO] ADCParametersView:116 -                Rank 1 : false
2026-03-11 11:16:30,315 [INFO] ADCParametersView:116 -                Rank 1 : false
2026-03-11 11:16:30,316 [INFO] ADCParametersView:116 -                Rank 1 : false
2026-03-11 11:16:30,316 [INFO] ADCParametersView:116 -                Rank 1 : false
2026-03-11 11:16:30,316 [INFO] ADCParametersView:116 -                Rank 1 : false
2026-03-11 11:16:30,316 [INFO] ADCParametersView:116 -                Rank 1 : false
2026-03-11 11:16:30,316 [INFO] ADCParametersView:116 -                Rank 1 : false
2026-03-11 11:16:30,316 [INFO] ADCParametersView:116 -                Rank 1 : false
2026-03-11 11:16:30,316 [INFO] ADCParametersView:116 -                Rank 1 : false
2026-03-11 11:16:30,316 [INFO] ADCParametersView:116 -                Rank 1 : false
2026-03-11 11:16:30,317 [INFO] ADCParametersView:116 -                Rank 1 : false
2026-03-11 11:16:30,337 [INFO] ADCParametersView:116 -                Rank 1 : false
2026-03-11 11:16:30,526 [INFO] ADCParametersView:116 -                Rank 1 : false
2026-03-11 11:16:30,528 [INFO] ADCParametersView:116 -                Rank 1 : false
2026-03-11 11:16:30,528 [INFO] ADCParametersView:116 -                Rank 1 : false
2026-03-11 11:16:30,528 [INFO] ADCParametersView:116 -                Rank 1 : false
2026-03-11 11:16:30,529 [INFO] ADCParametersView:116 -                Rank 1 : false
2026-03-11 11:16:30,529 [INFO] ADCParametersView:116 -                Rank 1 : false
2026-03-11 11:16:30,529 [INFO] ADCParametersView:116 -                Rank 1 : false
2026-03-11 11:16:30,529 [INFO] ADCParametersView:116 -                Rank 1 : false
2026-03-11 11:16:30,530 [INFO] ADCParametersView:116 -                Rank 1 : false
2026-03-11 11:16:30,530 [INFO] ADCParametersView:116 -                Rank 1 : false
2026-03-11 11:16:30,530 [INFO] ADCParametersView:116 -                Rank 1 : false
2026-03-11 11:16:30,530 [INFO] ADCParametersView:116 -                Rank 1 : false
2026-03-11 11:16:30,531 [INFO] ADCParametersView:116 -                Rank 1 : false
2026-03-11 11:16:30,531 [INFO] ADCParametersView:116 -                Rank 1 : false
2026-03-11 11:16:30,531 [INFO] ADCParametersView:116 -                Rank 1 : false
2026-03-11 11:16:30,531 [INFO] ADCParametersView:116 -                Rank 1 : false
2026-03-11 11:16:30,531 [INFO] ADCParametersView:116 -                Rank 1 : false
2026-03-11 11:16:30,531 [INFO] ADCParametersView:116 -                Rank 1 : false
2026-03-11 11:16:30,531 [INFO] ADCParametersView:116 -                Rank 1 : false
2026-03-11 11:16:30,532 [INFO] ADCParametersView:116 -                Rank 1 : false
2026-03-11 11:16:30,532 [INFO] ADCParametersView:116 -                Rank 1 : false
2026-03-11 11:16:30,548 [INFO] ADCParametersView:116 -                Rank 1 : false
2026-03-11 11:16:30,574 [INFO] ADCParametersView:116 -                Rank 1 : false
2026-03-11 11:16:30,574 [INFO] ADCParametersView:116 -                Rank 1 : false
2026-03-11 11:16:30,575 [INFO] ADCParametersView:116 -                Rank 1 : false
2026-03-11 11:16:30,575 [INFO] ADCParametersView:116 -                Rank 1 : false
2026-03-11 11:16:30,575 [INFO] ADCParametersView:116 -                Rank 1 : false
2026-03-11 11:16:30,576 [INFO] ADCParametersView:116 -                Rank 1 : false
2026-03-11 11:16:30,576 [INFO] ADCParametersView:116 -                Rank 1 : false
2026-03-11 11:16:30,576 [INFO] ADCParametersView:116 -                Rank 1 : false
2026-03-11 11:16:30,577 [INFO] ADCParametersView:116 -                Rank 1 : false
2026-03-11 11:16:30,577 [INFO] ADCParametersView:116 -                Rank 1 : false
2026-03-11 11:16:30,577 [INFO] ADCParametersView:116 -                Rank 1 : false
2026-03-11 11:16:30,577 [INFO] ADCParametersView:116 -                Rank 1 : false
2026-03-11 11:16:30,578 [INFO] ADCParametersView:116 -                Rank 1 : false
2026-03-11 11:16:30,578 [INFO] ADCParametersView:116 -                Rank 1 : false
2026-03-11 11:16:30,578 [INFO] ADCParametersView:116 -                Rank 1 : false
2026-03-11 11:16:30,578 [INFO] ADCParametersView:116 -                Rank 1 : false
2026-03-11 11:16:30,578 [INFO] ADCParametersView:116 -                Rank 1 : false
2026-03-11 11:16:30,579 [INFO] ADCParametersView:116 -                Rank 1 : false
2026-03-11 11:16:30,579 [INFO] ADCParametersView:116 -                Rank 1 : false
2026-03-11 11:16:30,579 [INFO] ADCParametersView:116 -                Rank 1 : false
2026-03-11 11:16:30,579 [INFO] ADCParametersView:116 -                Rank 1 : false
2026-03-11 11:16:30,602 [INFO] ADCParametersView:116 -                Rank 1 : false
2026-03-11 11:16:37,213 [INFO] ParamManager:905 - [Generic UI] PropertyChangeEvent: TAB_STATUS_CHANGED , "dont care", "never mind"
2026-03-11 11:16:37,247 [INFO] ADCParametersView:116 -                Rank 1 : false
2026-03-11 11:16:37,253 [INFO] ADCParametersView:116 -                Rank 1 : false
2026-03-11 11:16:37,253 [INFO] ADCParametersView:116 -                Rank 1 : false
2026-03-11 11:16:37,254 [INFO] ADCParametersView:116 -                Rank 1 : false
2026-03-11 11:16:37,254 [INFO] ADCParametersView:116 -                Rank 1 : false
2026-03-11 11:16:37,254 [INFO] ADCParametersView:116 -                Rank 1 : false
2026-03-11 11:16:37,254 [INFO] ADCParametersView:116 -                Rank 1 : false
2026-03-11 11:16:37,255 [INFO] ADCParametersView:116 -                Rank 1 : false
2026-03-11 11:16:37,255 [INFO] ADCParametersView:116 -                Rank 1 : false
2026-03-11 11:16:37,255 [INFO] ADCParametersView:116 -                Rank 1 : false
2026-03-11 11:16:37,255 [INFO] ADCParametersView:116 -                Rank 1 : false
2026-03-11 11:16:37,256 [INFO] ADCParametersView:116 -                Rank 1 : false
2026-03-11 11:16:37,256 [INFO] ADCParametersView:116 -                Rank 1 : false
2026-03-11 11:16:37,256 [INFO] ADCParametersView:116 -                Rank 1 : false
2026-03-11 11:16:37,256 [INFO] ADCParametersView:116 -                Rank 1 : false
2026-03-11 11:16:37,256 [INFO] ADCParametersView:116 -                Rank 1 : false
2026-03-11 11:16:37,256 [INFO] ADCParametersView:116 -                Rank 1 : false
2026-03-11 11:16:37,256 [INFO] ADCParametersView:116 -                Rank 1 : false
2026-03-11 11:16:37,257 [INFO] ADCParametersView:116 -                Rank 1 : false
2026-03-11 11:16:37,257 [INFO] ADCParametersView:116 -                Rank 1 : false
2026-03-11 11:16:37,257 [INFO] ADCParametersView:116 -                Rank 1 : false
2026-03-11 11:16:37,268 [INFO] ParamManager:905 - [Generic UI] PropertyChangeEvent: TAB_STATUS_CHANGED , "dont care", "never mind"
2026-03-11 11:16:37,348 [INFO] ADCParametersView:116 -                Rank 1 : false
2026-03-11 11:16:37,505 [INFO] ADCParametersView:116 -                Rank 1 : false
2026-03-11 11:16:37,506 [INFO] ADCParametersView:116 -                Rank 1 : false
2026-03-11 11:16:37,507 [INFO] ADCParametersView:116 -                Rank 1 : false
2026-03-11 11:16:37,507 [INFO] ADCParametersView:116 -                Rank 1 : false
2026-03-11 11:16:37,507 [INFO] ADCParametersView:116 -                Rank 1 : false
2026-03-11 11:16:37,508 [INFO] ADCParametersView:116 -                Rank 1 : false
2026-03-11 11:16:37,508 [INFO] ADCParametersView:116 -                Rank 1 : false
2026-03-11 11:16:37,508 [INFO] ADCParametersView:116 -                Rank 1 : false
2026-03-11 11:16:37,508 [INFO] ADCParametersView:116 -                Rank 1 : false
2026-03-11 11:16:37,508 [INFO] ADCParametersView:116 -                Rank 1 : false
2026-03-11 11:16:37,509 [INFO] ADCParametersView:116 -                Rank 1 : false
2026-03-11 11:16:37,509 [INFO] ADCParametersView:116 -                Rank 1 : false
2026-03-11 11:16:37,509 [INFO] ADCParametersView:116 -                Rank 1 : false
2026-03-11 11:16:37,509 [INFO] ADCParametersView:116 -                Rank 1 : false
2026-03-11 11:16:37,509 [INFO] ADCParametersView:116 -                Rank 1 : false
2026-03-11 11:16:37,510 [INFO] ADCParametersView:116 -                Rank 1 : false
2026-03-11 11:16:37,510 [INFO] ADCParametersView:116 -                Rank 1 : false
2026-03-11 11:16:37,510 [INFO] ADCParametersView:116 -                Rank 1 : false
2026-03-11 11:16:37,510 [INFO] ADCParametersView:116 -                Rank 1 : false
2026-03-11 11:16:37,510 [INFO] ADCParametersView:116 -                Rank 1 : false
2026-03-11 11:16:37,510 [INFO] ADCParametersView:116 -                Rank 1 : false
2026-03-11 11:16:37,523 [INFO] ADCParametersView:116 -                Rank 1 : false
2026-03-11 11:16:37,678 [INFO] ADCParametersView:116 -                Rank 1 : false
2026-03-11 11:16:37,678 [INFO] ADCParametersView:116 -                Rank 1 : false
2026-03-11 11:16:37,679 [INFO] ADCParametersView:116 -                Rank 1 : false
2026-03-11 11:16:37,679 [INFO] ADCParametersView:116 -                Rank 1 : false
2026-03-11 11:16:37,679 [INFO] ADCParametersView:116 -                Rank 1 : false
2026-03-11 11:16:37,680 [INFO] ADCParametersView:116 -                Rank 1 : false
2026-03-11 11:16:37,680 [INFO] ADCParametersView:116 -                Rank 1 : false
2026-03-11 11:16:37,680 [INFO] ADCParametersView:116 -                Rank 1 : false
2026-03-11 11:16:37,680 [INFO] ADCParametersView:116 -                Rank 1 : false
2026-03-11 11:16:37,681 [INFO] ADCParametersView:116 -                Rank 1 : false
2026-03-11 11:16:37,681 [INFO] ADCParametersView:116 -                Rank 1 : false
2026-03-11 11:16:37,681 [INFO] ADCParametersView:116 -                Rank 1 : false
2026-03-11 11:16:37,681 [INFO] ADCParametersView:116 -                Rank 1 : false
2026-03-11 11:16:37,681 [INFO] ADCParametersView:116 -                Rank 1 : false
2026-03-11 11:16:37,682 [INFO] ADCParametersView:116 -                Rank 1 : false
2026-03-11 11:16:37,682 [INFO] ADCParametersView:116 -                Rank 1 : false
2026-03-11 11:16:37,682 [INFO] ADCParametersView:116 -                Rank 1 : false
2026-03-11 11:16:37,682 [INFO] ADCParametersView:116 -                Rank 1 : false
2026-03-11 11:16:37,682 [INFO] ADCParametersView:116 -                Rank 1 : false
2026-03-11 11:16:37,682 [INFO] ADCParametersView:116 -                Rank 1 : false
2026-03-11 11:16:37,682 [INFO] ADCParametersView:116 -                Rank 1 : false
2026-03-11 11:16:37,698 [INFO] ADCParametersView:116 -                Rank 1 : false
2026-03-11 11:16:37,725 [INFO] ADCParametersView:116 -                Rank 1 : false
2026-03-11 11:16:37,726 [INFO] ADCParametersView:116 -                Rank 1 : false
2026-03-11 11:16:37,726 [INFO] ADCParametersView:116 -                Rank 1 : false
2026-03-11 11:16:37,726 [INFO] ADCParametersView:116 -                Rank 1 : false
2026-03-11 11:16:37,727 [INFO] ADCParametersView:116 -                Rank 1 : false
2026-03-11 11:16:37,727 [INFO] ADCParametersView:116 -                Rank 1 : false
2026-03-11 11:16:37,727 [INFO] ADCParametersView:116 -                Rank 1 : false
2026-03-11 11:16:37,727 [INFO] ADCParametersView:116 -                Rank 1 : false
2026-03-11 11:16:37,728 [INFO] ADCParametersView:116 -                Rank 1 : false
2026-03-11 11:16:37,728 [INFO] ADCParametersView:116 -                Rank 1 : false
2026-03-11 11:16:37,728 [INFO] ADCParametersView:116 -                Rank 1 : false
2026-03-11 11:16:37,728 [INFO] ADCParametersView:116 -                Rank 1 : false
2026-03-11 11:16:37,728 [INFO] ADCParametersView:116 -                Rank 1 : false
2026-03-11 11:16:37,729 [INFO] ADCParametersView:116 -                Rank 1 : false
2026-03-11 11:16:37,729 [INFO] ADCParametersView:116 -                Rank 1 : false
2026-03-11 11:16:37,729 [INFO] ADCParametersView:116 -                Rank 1 : false
2026-03-11 11:16:37,729 [INFO] ADCParametersView:116 -                Rank 1 : false
2026-03-11 11:16:37,729 [INFO] ADCParametersView:116 -                Rank 1 : false
2026-03-11 11:16:37,729 [INFO] ADCParametersView:116 -                Rank 1 : false
2026-03-11 11:16:37,729 [INFO] ADCParametersView:116 -                Rank 1 : false
2026-03-11 11:16:37,729 [INFO] ADCParametersView:116 -                Rank 1 : false
2026-03-11 11:16:37,743 [INFO] ADCParametersView:116 -                Rank 1 : false
2026-03-11 11:16:37,962 [INFO] ADCParametersView:116 -                Rank 1 : false
2026-03-11 11:16:37,964 [INFO] ADCParametersView:116 -                Rank 1 : false
2026-03-11 11:16:37,964 [INFO] ADCParametersView:116 -                Rank 1 : false
2026-03-11 11:16:37,964 [INFO] ADCParametersView:116 -                Rank 1 : false
2026-03-11 11:16:37,965 [INFO] ADCParametersView:116 -                Rank 1 : false
2026-03-11 11:16:37,965 [INFO] ADCParametersView:116 -                Rank 1 : false
2026-03-11 11:16:37,965 [INFO] ADCParametersView:116 -                Rank 1 : false
2026-03-11 11:16:37,965 [INFO] ADCParametersView:116 -                Rank 1 : false
2026-03-11 11:16:37,966 [INFO] ADCParametersView:116 -                Rank 1 : false
2026-03-11 11:16:37,966 [INFO] ADCParametersView:116 -                Rank 1 : false
2026-03-11 11:16:37,966 [INFO] ADCParametersView:116 -                Rank 1 : false
2026-03-11 11:16:37,966 [INFO] ADCParametersView:116 -                Rank 1 : false
2026-03-11 11:16:37,966 [INFO] ADCParametersView:116 -                Rank 1 : false
2026-03-11 11:16:37,967 [INFO] ADCParametersView:116 -                Rank 1 : false
2026-03-11 11:16:37,967 [INFO] ADCParametersView:116 -                Rank 1 : false
2026-03-11 11:16:37,967 [INFO] ADCParametersView:116 -                Rank 1 : false
2026-03-11 11:16:37,967 [INFO] ADCParametersView:116 -                Rank 1 : false
2026-03-11 11:16:37,967 [INFO] ADCParametersView:116 -                Rank 1 : false
2026-03-11 11:16:37,967 [INFO] ADCParametersView:116 -                Rank 1 : false
2026-03-11 11:16:37,967 [INFO] ADCParametersView:116 -                Rank 1 : false
2026-03-11 11:16:37,967 [INFO] ADCParametersView:116 -                Rank 1 : false
2026-03-11 11:16:37,981 [INFO] ADCParametersView:116 -                Rank 1 : false
2026-03-11 11:16:38,007 [INFO] ADCParametersView:116 -                Rank 1 : false
2026-03-11 11:16:38,007 [INFO] ADCParametersView:116 -                Rank 1 : false
2026-03-11 11:16:38,007 [INFO] ADCParametersView:116 -                Rank 1 : false
2026-03-11 11:16:38,007 [INFO] ADCParametersView:116 -                Rank 1 : false
2026-03-11 11:16:38,008 [INFO] ADCParametersView:116 -                Rank 1 : false
2026-03-11 11:16:38,008 [INFO] ADCParametersView:116 -                Rank 1 : false
2026-03-11 11:16:38,008 [INFO] ADCParametersView:116 -                Rank 1 : false
2026-03-11 11:16:38,008 [INFO] ADCParametersView:116 -                Rank 1 : false
2026-03-11 11:16:38,009 [INFO] ADCParametersView:116 -                Rank 1 : false
2026-03-11 11:16:38,009 [INFO] ADCParametersView:116 -                Rank 1 : false
2026-03-11 11:16:38,009 [INFO] ADCParametersView:116 -                Rank 1 : false
2026-03-11 11:16:38,009 [INFO] ADCParametersView:116 -                Rank 1 : false
2026-03-11 11:16:38,010 [INFO] ADCParametersView:116 -                Rank 1 : false
2026-03-11 11:16:38,010 [INFO] ADCParametersView:116 -                Rank 1 : false
2026-03-11 11:16:38,010 [INFO] ADCParametersView:116 -                Rank 1 : false
2026-03-11 11:16:38,010 [INFO] ADCParametersView:116 -                Rank 1 : false
2026-03-11 11:16:38,010 [INFO] ADCParametersView:116 -                Rank 1 : false
2026-03-11 11:16:38,010 [INFO] ADCParametersView:116 -                Rank 1 : false
2026-03-11 11:16:38,010 [INFO] ADCParametersView:116 -                Rank 1 : false
2026-03-11 11:16:38,010 [INFO] ADCParametersView:116 -                Rank 1 : false
2026-03-11 11:16:38,010 [INFO] ADCParametersView:116 -                Rank 1 : false
2026-03-11 11:16:38,024 [INFO] ADCParametersView:116 -                Rank 1 : false
2026-03-11 11:16:41,161 [INFO] ADCParametersView:116 -                Rank 1 : false
2026-03-11 11:16:41,163 [INFO] ADCParametersView:116 -                Rank 1 : false
2026-03-11 11:16:41,163 [INFO] ADCParametersView:116 -                Rank 1 : false
2026-03-11 11:16:41,164 [INFO] ADCParametersView:116 -                Rank 1 : false
2026-03-11 11:16:41,164 [INFO] ADCParametersView:116 -                Rank 1 : false
2026-03-11 11:16:41,164 [INFO] ADCParametersView:116 -                Rank 1 : false
2026-03-11 11:16:41,164 [INFO] ADCParametersView:116 -                Rank 1 : false
2026-03-11 11:16:41,165 [INFO] ADCParametersView:116 -                Rank 1 : false
2026-03-11 11:16:41,165 [INFO] ADCParametersView:116 -                Rank 1 : false
2026-03-11 11:16:41,165 [INFO] ADCParametersView:116 -                Rank 1 : false
2026-03-11 11:16:41,165 [INFO] ADCParametersView:116 -                Rank 1 : false
2026-03-11 11:16:41,166 [INFO] ADCParametersView:116 -                Rank 1 : false
2026-03-11 11:16:41,166 [INFO] ADCParametersView:116 -                Rank 1 : false
2026-03-11 11:16:41,166 [INFO] ADCParametersView:116 -                Rank 1 : false
2026-03-11 11:16:41,166 [INFO] ADCParametersView:116 -                Rank 1 : false
2026-03-11 11:16:41,166 [INFO] ADCParametersView:116 -                Rank 1 : false
2026-03-11 11:16:41,166 [INFO] ADCParametersView:116 -                Rank 1 : false
2026-03-11 11:16:41,166 [INFO] ADCParametersView:116 -                Rank 1 : false
2026-03-11 11:16:41,167 [INFO] ADCParametersView:116 -                Rank 1 : false
2026-03-11 11:16:41,167 [INFO] ADCParametersView:116 -                Rank 1 : false
2026-03-11 11:16:41,167 [INFO] ADCParametersView:116 -                Rank 1 : false
2026-03-11 11:16:41,205 [INFO] ADCParametersView:116 -                Rank 1 : false
2026-03-11 11:16:41,242 [INFO] ADCParametersView:116 -                Rank 1 : false
2026-03-11 11:16:41,242 [INFO] ADCParametersView:116 -                Rank 1 : false
2026-03-11 11:16:41,243 [INFO] ADCParametersView:116 -                Rank 1 : false
2026-03-11 11:16:41,243 [INFO] ADCParametersView:116 -                Rank 1 : false
2026-03-11 11:16:41,243 [INFO] ADCParametersView:116 -                Rank 1 : false
2026-03-11 11:16:41,243 [INFO] ADCParametersView:116 -                Rank 1 : false
2026-03-11 11:16:41,244 [INFO] ADCParametersView:116 -                Rank 1 : false
2026-03-11 11:16:41,244 [INFO] ADCParametersView:116 -                Rank 1 : false
2026-03-11 11:16:41,244 [INFO] ADCParametersView:116 -                Rank 1 : false
2026-03-11 11:16:41,244 [INFO] ADCParametersView:116 -                Rank 1 : false
2026-03-11 11:16:41,244 [INFO] ADCParametersView:116 -                Rank 1 : false
2026-03-11 11:16:41,245 [INFO] ADCParametersView:116 -                Rank 1 : false
2026-03-11 11:16:41,245 [INFO] ADCParametersView:116 -                Rank 1 : false
2026-03-11 11:16:41,245 [INFO] ADCParametersView:116 -                Rank 1 : false
2026-03-11 11:16:41,245 [INFO] ADCParametersView:116 -                Rank 1 : false
2026-03-11 11:16:41,245 [INFO] ADCParametersView:116 -                Rank 1 : false
2026-03-11 11:16:41,245 [INFO] ADCParametersView:116 -                Rank 1 : false
2026-03-11 11:16:41,246 [INFO] ADCParametersView:116 -                Rank 1 : false
2026-03-11 11:16:41,246 [INFO] ADCParametersView:116 -                Rank 1 : false
2026-03-11 11:16:41,246 [INFO] ADCParametersView:116 -                Rank 1 : false
2026-03-11 11:16:41,246 [INFO] ADCParametersView:116 -                Rank 1 : false
2026-03-11 11:16:41,260 [INFO] ADCParametersView:116 -                Rank 1 : false
2026-03-11 11:16:41,314 [INFO] ADCParametersView:116 -                Rank 1 : false
2026-03-11 11:16:41,314 [INFO] ADCParametersView:116 -                Rank 1 : false
2026-03-11 11:16:41,315 [INFO] ADCParametersView:116 -                Rank 1 : false
2026-03-11 11:16:41,315 [INFO] ADCParametersView:116 -                Rank 1 : false
2026-03-11 11:16:41,315 [INFO] ADCParametersView:116 -                Rank 1 : false
2026-03-11 11:16:41,315 [INFO] ADCParametersView:116 -                Rank 1 : false
2026-03-11 11:16:41,316 [INFO] ADCParametersView:116 -                Rank 1 : false
2026-03-11 11:16:41,316 [INFO] ADCParametersView:116 -                Rank 1 : false
2026-03-11 11:16:41,316 [INFO] ADCParametersView:116 -                Rank 1 : false
2026-03-11 11:16:41,316 [INFO] ADCParametersView:116 -                Rank 1 : false
2026-03-11 11:16:41,316 [INFO] ADCParametersView:116 -                Rank 1 : false
2026-03-11 11:16:41,317 [INFO] ADCParametersView:116 -                Rank 1 : false
2026-03-11 11:16:41,317 [INFO] ADCParametersView:116 -                Rank 1 : false
2026-03-11 11:16:41,317 [INFO] ADCParametersView:116 -                Rank 1 : false
2026-03-11 11:16:41,317 [INFO] ADCParametersView:116 -                Rank 1 : false
2026-03-11 11:16:41,317 [INFO] ADCParametersView:116 -                Rank 1 : false
2026-03-11 11:16:41,317 [INFO] ADCParametersView:116 -                Rank 1 : false
2026-03-11 11:16:41,318 [INFO] ADCParametersView:116 -                Rank 1 : false
2026-03-11 11:16:41,318 [INFO] ADCParametersView:116 -                Rank 1 : false
2026-03-11 11:16:41,318 [INFO] ADCParametersView:116 -                Rank 1 : false
2026-03-11 11:16:41,318 [INFO] ADCParametersView:116 -                Rank 1 : false
2026-03-11 11:16:41,333 [INFO] ADCParametersView:116 -                Rank 1 : false
2026-03-11 11:16:41,354 [INFO] ADCParametersView:116 -                Rank 1 : false
2026-03-11 11:16:41,354 [INFO] ADCParametersView:116 -                Rank 1 : false
2026-03-11 11:16:41,355 [INFO] ADCParametersView:116 -                Rank 1 : false
2026-03-11 11:16:41,355 [INFO] ADCParametersView:116 -                Rank 1 : false
2026-03-11 11:16:41,355 [INFO] ADCParametersView:116 -                Rank 1 : false
2026-03-11 11:16:41,355 [INFO] ADCParametersView:116 -                Rank 1 : false
2026-03-11 11:16:41,356 [INFO] ADCParametersView:116 -                Rank 1 : false
2026-03-11 11:16:41,356 [INFO] ADCParametersView:116 -                Rank 1 : false
2026-03-11 11:16:41,356 [INFO] ADCParametersView:116 -                Rank 1 : false
2026-03-11 11:16:41,356 [INFO] ADCParametersView:116 -                Rank 1 : false
2026-03-11 11:16:41,357 [INFO] ADCParametersView:116 -                Rank 1 : false
2026-03-11 11:16:41,357 [INFO] ADCParametersView:116 -                Rank 1 : false
2026-03-11 11:16:41,357 [INFO] ADCParametersView:116 -                Rank 1 : false
2026-03-11 11:16:41,357 [INFO] ADCParametersView:116 -                Rank 1 : false
2026-03-11 11:16:41,357 [INFO] ADCParametersView:116 -                Rank 1 : false
2026-03-11 11:16:41,357 [INFO] ADCParametersView:116 -                Rank 1 : false
2026-03-11 11:16:41,358 [INFO] ADCParametersView:116 -                Rank 1 : false
2026-03-11 11:16:41,358 [INFO] ADCParametersView:116 -                Rank 1 : false
2026-03-11 11:16:41,358 [INFO] ADCParametersView:116 -                Rank 1 : false
2026-03-11 11:16:41,358 [INFO] ADCParametersView:116 -                Rank 1 : false
2026-03-11 11:16:41,358 [INFO] ADCParametersView:116 -                Rank 1 : false
2026-03-11 11:16:41,369 [INFO] ADCParametersView:116 -                Rank 1 : false
2026-03-11 11:16:41,488 [INFO] ADCParametersView:116 -                Rank 1 : false
2026-03-11 11:16:41,488 [INFO] ADCParametersView:116 -                Rank 1 : false
2026-03-11 11:16:41,489 [INFO] ADCParametersView:116 -                Rank 1 : false
2026-03-11 11:16:41,489 [INFO] ADCParametersView:116 -                Rank 1 : false
2026-03-11 11:16:41,489 [INFO] ADCParametersView:116 -                Rank 1 : false
2026-03-11 11:16:41,489 [INFO] ADCParametersView:116 -                Rank 1 : false
2026-03-11 11:16:41,490 [INFO] ADCParametersView:116 -                Rank 1 : false
2026-03-11 11:16:41,490 [INFO] ADCParametersView:116 -                Rank 1 : false
2026-03-11 11:16:41,490 [INFO] ADCParametersView:116 -                Rank 1 : false
2026-03-11 11:16:41,490 [INFO] ADCParametersView:116 -                Rank 1 : false
2026-03-11 11:16:41,490 [INFO] ADCParametersView:116 -                Rank 1 : false
2026-03-11 11:16:41,491 [INFO] ADCParametersView:116 -                Rank 1 : false
2026-03-11 11:16:41,491 [INFO] ADCParametersView:116 -                Rank 1 : false
2026-03-11 11:16:41,491 [INFO] ADCParametersView:116 -                Rank 1 : false
2026-03-11 11:16:41,491 [INFO] ADCParametersView:116 -                Rank 1 : false
2026-03-11 11:16:41,491 [INFO] ADCParametersView:116 -                Rank 1 : false
2026-03-11 11:16:41,492 [INFO] ADCParametersView:116 -                Rank 1 : false
2026-03-11 11:16:41,492 [INFO] ADCParametersView:116 -                Rank 1 : false
2026-03-11 11:16:41,492 [INFO] ADCParametersView:116 -                Rank 1 : false
2026-03-11 11:16:41,492 [INFO] ADCParametersView:116 -                Rank 1 : false
2026-03-11 11:16:41,492 [INFO] ADCParametersView:116 -                Rank 1 : false
2026-03-11 11:16:41,509 [INFO] ADCParametersView:116 -                Rank 1 : false
2026-03-11 11:16:41,529 [INFO] ADCParametersView:116 -                Rank 1 : false
2026-03-11 11:16:41,529 [INFO] ADCParametersView:116 -                Rank 1 : false
2026-03-11 11:16:41,530 [INFO] ADCParametersView:116 -                Rank 1 : false
2026-03-11 11:16:41,530 [INFO] ADCParametersView:116 -                Rank 1 : false
2026-03-11 11:16:41,530 [INFO] ADCParametersView:116 -                Rank 1 : false
2026-03-11 11:16:41,530 [INFO] ADCParametersView:116 -                Rank 1 : false
2026-03-11 11:16:41,531 [INFO] ADCParametersView:116 -                Rank 1 : false
2026-03-11 11:16:41,531 [INFO] ADCParametersView:116 -                Rank 1 : false
2026-03-11 11:16:41,531 [INFO] ADCParametersView:116 -                Rank 1 : false
2026-03-11 11:16:41,531 [INFO] ADCParametersView:116 -                Rank 1 : false
2026-03-11 11:16:41,532 [INFO] ADCParametersView:116 -                Rank 1 : false
2026-03-11 11:16:41,532 [INFO] ADCParametersView:116 -                Rank 1 : false
2026-03-11 11:16:41,532 [INFO] ADCParametersView:116 -                Rank 1 : false
2026-03-11 11:16:41,532 [INFO] ADCParametersView:116 -                Rank 1 : false
2026-03-11 11:16:41,532 [INFO] ADCParametersView:116 -                Rank 1 : false
2026-03-11 11:16:41,532 [INFO] ADCParametersView:116 -                Rank 1 : false
2026-03-11 11:16:41,533 [INFO] ADCParametersView:116 -                Rank 1 : false
2026-03-11 11:16:41,533 [INFO] ADCParametersView:116 -                Rank 1 : false
2026-03-11 11:16:41,533 [INFO] ADCParametersView:116 -                Rank 1 : false
2026-03-11 11:16:41,533 [INFO] ADCParametersView:116 -                Rank 1 : false
2026-03-11 11:16:41,533 [INFO] ADCParametersView:116 -                Rank 1 : false
2026-03-11 11:16:41,545 [INFO] ADCParametersView:116 -                Rank 1 : false
2026-03-11 11:16:45,565 [INFO] ADCParametersView:116 -                Rank 1 : false
2026-03-11 11:16:45,577 [INFO] ADCParametersView:116 -                Rank 1 : false
2026-03-11 11:16:45,580 [INFO] ADCParametersView:116 -                Rank 1 : false
2026-03-11 11:16:45,581 [INFO] ADCParametersView:116 -                Rank 1 : false
2026-03-11 11:16:45,581 [INFO] ADCParametersView:116 -                Rank 1 : false
2026-03-11 11:16:45,581 [INFO] ADCParametersView:116 -                Rank 1 : false
2026-03-11 11:16:45,581 [INFO] ADCParametersView:116 -                Rank 1 : false
2026-03-11 11:16:45,582 [INFO] ADCParametersView:116 -                Rank 1 : false
2026-03-11 11:16:45,582 [INFO] ADCParametersView:116 -                Rank 1 : false
2026-03-11 11:16:45,582 [INFO] ADCParametersView:116 -                Rank 1 : false
2026-03-11 11:16:45,582 [INFO] ADCParametersView:116 -                Rank 1 : false
2026-03-11 11:16:45,582 [INFO] ADCParametersView:116 -                Rank 1 : false
2026-03-11 11:16:45,583 [INFO] ADCParametersView:116 -                Rank 1 : false
2026-03-11 11:16:45,583 [INFO] ADCParametersView:116 -                Rank 1 : false
2026-03-11 11:16:45,583 [INFO] ADCParametersView:116 -                Rank 1 : false
2026-03-11 11:16:45,583 [INFO] ADCParametersView:116 -                Rank 1 : false
2026-03-11 11:16:45,583 [INFO] ADCParametersView:116 -                Rank 1 : false
2026-03-11 11:16:45,583 [INFO] ADCParametersView:116 -                Rank 1 : false
2026-03-11 11:16:45,583 [INFO] ADCParametersView:116 -                Rank 1 : false
2026-03-11 11:16:45,583 [INFO] ADCParametersView:116 -                Rank 1 : false
2026-03-11 11:16:45,584 [INFO] ADCParametersView:116 -                Rank 1 : false
2026-03-11 11:16:45,646 [INFO] ADCParametersView:116 -                Rank 1 : false
2026-03-11 11:16:45,787 [INFO] ADCParametersView:116 -                Rank 1 : false
2026-03-11 11:16:45,789 [INFO] ADCParametersView:116 -                Rank 1 : false
2026-03-11 11:16:45,789 [INFO] ADCParametersView:116 -                Rank 1 : false
2026-03-11 11:16:45,789 [INFO] ADCParametersView:116 -                Rank 1 : false
2026-03-11 11:16:45,789 [INFO] ADCParametersView:116 -                Rank 1 : false
2026-03-11 11:16:45,790 [INFO] ADCParametersView:116 -                Rank 1 : false
2026-03-11 11:16:45,790 [INFO] ADCParametersView:116 -                Rank 1 : false
2026-03-11 11:16:45,790 [INFO] ADCParametersView:116 -                Rank 1 : false
2026-03-11 11:16:45,790 [INFO] ADCParametersView:116 -                Rank 1 : false
2026-03-11 11:16:45,791 [INFO] ADCParametersView:116 -                Rank 1 : false
2026-03-11 11:16:45,791 [INFO] ADCParametersView:116 -                Rank 1 : false
2026-03-11 11:16:45,791 [INFO] ADCParametersView:116 -                Rank 1 : false
2026-03-11 11:16:45,791 [INFO] ADCParametersView:116 -                Rank 1 : false
2026-03-11 11:16:45,791 [INFO] ADCParametersView:116 -                Rank 1 : false
2026-03-11 11:16:45,791 [INFO] ADCParametersView:116 -                Rank 1 : false
2026-03-11 11:16:45,792 [INFO] ADCParametersView:116 -                Rank 1 : false
2026-03-11 11:16:45,792 [INFO] ADCParametersView:116 -                Rank 1 : false
2026-03-11 11:16:45,792 [INFO] ADCParametersView:116 -                Rank 1 : false
2026-03-11 11:16:45,792 [INFO] ADCParametersView:116 -                Rank 1 : false
2026-03-11 11:16:45,792 [INFO] ADCParametersView:116 -                Rank 1 : false
2026-03-11 11:16:45,792 [INFO] ADCParametersView:116 -                Rank 1 : false
2026-03-11 11:16:45,806 [INFO] ADCParametersView:116 -                Rank 1 : false
2026-03-11 11:16:45,924 [INFO] ADCParametersView:116 -                Rank 1 : false
2026-03-11 11:16:45,926 [INFO] ADCParametersView:116 -                Rank 1 : false
2026-03-11 11:16:45,926 [INFO] ADCParametersView:116 -                Rank 1 : false
2026-03-11 11:16:45,927 [INFO] ADCParametersView:116 -                Rank 1 : false
2026-03-11 11:16:45,929 [INFO] ADCParametersView:116 -                Rank 1 : false
2026-03-11 11:16:45,929 [INFO] ADCParametersView:116 -                Rank 1 : false
2026-03-11 11:16:45,929 [INFO] ADCParametersView:116 -                Rank 1 : false
2026-03-11 11:16:45,929 [INFO] ADCParametersView:116 -                Rank 1 : false
2026-03-11 11:16:45,930 [INFO] ADCParametersView:116 -                Rank 1 : false
2026-03-11 11:16:45,930 [INFO] ADCParametersView:116 -                Rank 1 : false
2026-03-11 11:16:45,930 [INFO] ADCParametersView:116 -                Rank 1 : false
2026-03-11 11:16:45,930 [INFO] ADCParametersView:116 -                Rank 1 : false
2026-03-11 11:16:45,930 [INFO] ADCParametersView:116 -                Rank 1 : false
2026-03-11 11:16:45,931 [INFO] ADCParametersView:116 -                Rank 1 : false
2026-03-11 11:16:45,931 [INFO] ADCParametersView:116 -                Rank 1 : false
2026-03-11 11:16:45,931 [INFO] ADCParametersView:116 -                Rank 1 : false
2026-03-11 11:16:45,931 [INFO] ADCParametersView:116 -                Rank 1 : false
2026-03-11 11:16:45,931 [INFO] ADCParametersView:116 -                Rank 1 : false
2026-03-11 11:16:45,931 [INFO] ADCParametersView:116 -                Rank 1 : false
2026-03-11 11:16:45,931 [INFO] ADCParametersView:116 -                Rank 1 : false
2026-03-11 11:16:45,932 [INFO] ADCParametersView:116 -                Rank 1 : false
2026-03-11 11:16:45,946 [INFO] ADCParametersView:116 -                Rank 1 : false
2026-03-11 11:16:45,979 [INFO] ADCParametersView:116 -                Rank 1 : false
2026-03-11 11:16:45,980 [INFO] ADCParametersView:116 -                Rank 1 : false
2026-03-11 11:16:45,980 [INFO] ADCParametersView:116 -                Rank 1 : false
2026-03-11 11:16:45,980 [INFO] ADCParametersView:116 -                Rank 1 : false
2026-03-11 11:16:45,981 [INFO] ADCParametersView:116 -                Rank 1 : false
2026-03-11 11:16:45,981 [INFO] ADCParametersView:116 -                Rank 1 : false
2026-03-11 11:16:45,981 [INFO] ADCParametersView:116 -                Rank 1 : false
2026-03-11 11:16:45,981 [INFO] ADCParametersView:116 -                Rank 1 : false
2026-03-11 11:16:45,982 [INFO] ADCParametersView:116 -                Rank 1 : false
2026-03-11 11:16:45,982 [INFO] ADCParametersView:116 -                Rank 1 : false
2026-03-11 11:16:45,982 [INFO] ADCParametersView:116 -                Rank 1 : false
2026-03-11 11:16:45,982 [INFO] ADCParametersView:116 -                Rank 1 : false
2026-03-11 11:16:45,983 [INFO] ADCParametersView:116 -                Rank 1 : false
2026-03-11 11:16:45,983 [INFO] ADCParametersView:116 -                Rank 1 : false
2026-03-11 11:16:45,983 [INFO] ADCParametersView:116 -                Rank 1 : false
2026-03-11 11:16:45,983 [INFO] ADCParametersView:116 -                Rank 1 : false
2026-03-11 11:16:45,983 [INFO] ADCParametersView:116 -                Rank 1 : false
2026-03-11 11:16:45,983 [INFO] ADCParametersView:116 -                Rank 1 : false
2026-03-11 11:16:45,983 [INFO] ADCParametersView:116 -                Rank 1 : false
2026-03-11 11:16:45,983 [INFO] ADCParametersView:116 -                Rank 1 : false
2026-03-11 11:16:45,983 [INFO] ADCParametersView:116 -                Rank 1 : false
2026-03-11 11:16:45,996 [INFO] ADCParametersView:116 -                Rank 1 : false
2026-03-11 11:16:46,141 [INFO] ADCParametersView:116 -                Rank 1 : false
2026-03-11 11:16:46,141 [INFO] ADCParametersView:116 -                Rank 1 : false
2026-03-11 11:16:46,142 [INFO] ADCParametersView:116 -                Rank 1 : false
2026-03-11 11:16:46,142 [INFO] ADCParametersView:116 -                Rank 1 : false
2026-03-11 11:16:46,142 [INFO] ADCParametersView:116 -                Rank 1 : false
2026-03-11 11:16:46,143 [INFO] ADCParametersView:116 -                Rank 1 : false
2026-03-11 11:16:46,143 [INFO] ADCParametersView:116 -                Rank 1 : false
2026-03-11 11:16:46,143 [INFO] ADCParametersView:116 -                Rank 1 : false
2026-03-11 11:16:46,143 [INFO] ADCParametersView:116 -                Rank 1 : false
2026-03-11 11:16:46,144 [INFO] ADCParametersView:116 -                Rank 1 : false
2026-03-11 11:16:46,144 [INFO] ADCParametersView:116 -                Rank 1 : false
2026-03-11 11:16:46,144 [INFO] ADCParametersView:116 -                Rank 1 : false
2026-03-11 11:16:46,144 [INFO] ADCParametersView:116 -                Rank 1 : false
2026-03-11 11:16:46,144 [INFO] ADCParametersView:116 -                Rank 1 : false
2026-03-11 11:16:46,144 [INFO] ADCParametersView:116 -                Rank 1 : false
2026-03-11 11:16:46,145 [INFO] ADCParametersView:116 -                Rank 1 : false
2026-03-11 11:16:46,145 [INFO] ADCParametersView:116 -                Rank 1 : false
2026-03-11 11:16:46,145 [INFO] ADCParametersView:116 -                Rank 1 : false
2026-03-11 11:16:46,145 [INFO] ADCParametersView:116 -                Rank 1 : false
2026-03-11 11:16:46,145 [INFO] ADCParametersView:116 -                Rank 1 : false
2026-03-11 11:16:46,145 [INFO] ADCParametersView:116 -                Rank 1 : false
2026-03-11 11:16:46,161 [INFO] ADCParametersView:116 -                Rank 1 : false
2026-03-11 11:16:46,185 [INFO] ADCParametersView:116 -                Rank 1 : false
2026-03-11 11:16:46,185 [INFO] ADCParametersView:116 -                Rank 1 : false
2026-03-11 11:16:46,185 [INFO] ADCParametersView:116 -                Rank 1 : false
2026-03-11 11:16:46,186 [INFO] ADCParametersView:116 -                Rank 1 : false
2026-03-11 11:16:46,186 [INFO] ADCParametersView:116 -                Rank 1 : false
2026-03-11 11:16:46,186 [INFO] ADCParametersView:116 -                Rank 1 : false
2026-03-11 11:16:46,186 [INFO] ADCParametersView:116 -                Rank 1 : false
2026-03-11 11:16:46,187 [INFO] ADCParametersView:116 -                Rank 1 : false
2026-03-11 11:16:46,187 [INFO] ADCParametersView:116 -                Rank 1 : false
2026-03-11 11:16:46,187 [INFO] ADCParametersView:116 -                Rank 1 : false
2026-03-11 11:16:46,187 [INFO] ADCParametersView:116 -                Rank 1 : false
2026-03-11 11:16:46,188 [INFO] ADCParametersView:116 -                Rank 1 : false
2026-03-11 11:16:46,188 [INFO] ADCParametersView:116 -                Rank 1 : false
2026-03-11 11:16:46,188 [INFO] ADCParametersView:116 -                Rank 1 : false
2026-03-11 11:16:46,188 [INFO] ADCParametersView:116 -                Rank 1 : false
2026-03-11 11:16:46,188 [INFO] ADCParametersView:116 -                Rank 1 : false
2026-03-11 11:16:46,188 [INFO] ADCParametersView:116 -                Rank 1 : false
2026-03-11 11:16:46,188 [INFO] ADCParametersView:116 -                Rank 1 : false
2026-03-11 11:16:46,189 [INFO] ADCParametersView:116 -                Rank 1 : false
2026-03-11 11:16:46,189 [INFO] ADCParametersView:116 -                Rank 1 : false
2026-03-11 11:16:46,189 [INFO] ADCParametersView:116 -                Rank 1 : false
2026-03-11 11:16:46,200 [INFO] ADCParametersView:116 -                Rank 1 : false
2026-03-11 11:16:50,505 [INFO] ADCParametersView:116 -                Rank 1 : false
2026-03-11 11:16:50,516 [INFO] ADCParametersView:116 -                Rank 1 : false
2026-03-11 11:16:50,520 [INFO] ADCParametersView:116 -                Rank 1 : false
2026-03-11 11:16:50,520 [INFO] ADCParametersView:116 -                Rank 1 : false
2026-03-11 11:16:50,520 [INFO] ADCParametersView:116 -                Rank 1 : false
2026-03-11 11:16:50,521 [INFO] ADCParametersView:116 -                Rank 1 : false
2026-03-11 11:16:50,521 [INFO] ADCParametersView:116 -                Rank 1 : false
2026-03-11 11:16:50,521 [INFO] ADCParametersView:116 -                Rank 1 : false
2026-03-11 11:16:50,521 [INFO] ADCParametersView:116 -                Rank 1 : false
2026-03-11 11:16:50,522 [INFO] ADCParametersView:116 -                Rank 1 : false
2026-03-11 11:16:50,522 [INFO] ADCParametersView:116 -                Rank 1 : false
2026-03-11 11:16:50,522 [INFO] ADCParametersView:116 -                Rank 1 : false
2026-03-11 11:16:50,522 [INFO] ADCParametersView:116 -                Rank 1 : false
2026-03-11 11:16:50,522 [INFO] ADCParametersView:116 -                Rank 1 : false
2026-03-11 11:16:50,523 [INFO] ADCParametersView:116 -                Rank 1 : false
2026-03-11 11:16:50,523 [INFO] ADCParametersView:116 -                Rank 1 : false
2026-03-11 11:16:50,523 [INFO] ADCParametersView:116 -                Rank 1 : false
2026-03-11 11:16:50,523 [INFO] ADCParametersView:116 -                Rank 1 : false
2026-03-11 11:16:50,523 [INFO] ADCParametersView:116 -                Rank 1 : false
2026-03-11 11:16:50,523 [INFO] ADCParametersView:116 -                Rank 1 : false
2026-03-11 11:16:50,523 [INFO] ADCParametersView:116 -                Rank 1 : false
2026-03-11 11:16:50,770 [INFO] ADCParametersView:116 -                Rank 1 : false
2026-03-11 11:16:51,011 [INFO] ADCParametersView:116 -                Rank 1 : false
2026-03-11 11:16:51,015 [INFO] ADCParametersView:116 -                Rank 1 : false
2026-03-11 11:16:51,015 [INFO] ADCParametersView:116 -                Rank 1 : false
2026-03-11 11:16:51,016 [INFO] ADCParametersView:116 -                Rank 1 : false
2026-03-11 11:16:51,016 [INFO] ADCParametersView:116 -                Rank 1 : false
2026-03-11 11:16:51,016 [INFO] ADCParametersView:116 -                Rank 1 : false
2026-03-11 11:16:51,016 [INFO] ADCParametersView:116 -                Rank 1 : false
2026-03-11 11:16:51,017 [INFO] ADCParametersView:116 -                Rank 1 : false
2026-03-11 11:16:51,017 [INFO] ADCParametersView:116 -                Rank 1 : false
2026-03-11 11:16:51,017 [INFO] ADCParametersView:116 -                Rank 1 : false
2026-03-11 11:16:51,017 [INFO] ADCParametersView:116 -                Rank 1 : false
2026-03-11 11:16:51,017 [INFO] ADCParametersView:116 -                Rank 1 : false
2026-03-11 11:16:51,018 [INFO] ADCParametersView:116 -                Rank 1 : false
2026-03-11 11:16:51,018 [INFO] ADCParametersView:116 -                Rank 1 : false
2026-03-11 11:16:51,018 [INFO] ADCParametersView:116 -                Rank 1 : false
2026-03-11 11:16:51,018 [INFO] ADCParametersView:116 -                Rank 1 : false
2026-03-11 11:16:51,018 [INFO] ADCParametersView:116 -                Rank 1 : false
2026-03-11 11:16:51,018 [INFO] ADCParametersView:116 -                Rank 1 : false
2026-03-11 11:16:51,018 [INFO] ADCParametersView:116 -                Rank 1 : false
2026-03-11 11:16:51,019 [INFO] ADCParametersView:116 -                Rank 1 : false
2026-03-11 11:16:51,019 [INFO] ADCParametersView:116 -                Rank 1 : false
2026-03-11 11:16:51,035 [INFO] ADCParametersView:116 -                Rank 1 : false
2026-03-11 11:16:51,212 [INFO] ADCParametersView:116 -                Rank 1 : false
2026-03-11 11:16:51,214 [INFO] ADCParametersView:116 -                Rank 1 : false
2026-03-11 11:16:51,214 [INFO] ADCParametersView:116 -                Rank 1 : false
2026-03-11 11:16:51,214 [INFO] ADCParametersView:116 -                Rank 1 : false
2026-03-11 11:16:51,215 [INFO] ADCParametersView:116 -                Rank 1 : false
2026-03-11 11:16:51,215 [INFO] ADCParametersView:116 -                Rank 1 : false
2026-03-11 11:16:51,215 [INFO] ADCParametersView:116 -                Rank 1 : false
2026-03-11 11:16:51,215 [INFO] ADCParametersView:116 -                Rank 1 : false
2026-03-11 11:16:51,216 [INFO] ADCParametersView:116 -                Rank 1 : false
2026-03-11 11:16:51,216 [INFO] ADCParametersView:116 -                Rank 1 : false
2026-03-11 11:16:51,217 [INFO] ADCParametersView:116 -                Rank 1 : false
2026-03-11 11:16:51,217 [INFO] ADCParametersView:116 -                Rank 1 : false
2026-03-11 11:16:51,217 [INFO] ADCParametersView:116 -                Rank 1 : false
2026-03-11 11:16:51,217 [INFO] ADCParametersView:116 -                Rank 1 : false
2026-03-11 11:16:51,217 [INFO] ADCParametersView:116 -                Rank 1 : false
2026-03-11 11:16:51,217 [INFO] ADCParametersView:116 -                Rank 1 : false
2026-03-11 11:16:51,218 [INFO] ADCParametersView:116 -                Rank 1 : false
2026-03-11 11:16:51,218 [INFO] ADCParametersView:116 -                Rank 1 : false
2026-03-11 11:16:51,218 [INFO] ADCParametersView:116 -                Rank 1 : false
2026-03-11 11:16:51,218 [INFO] ADCParametersView:116 -                Rank 1 : false
2026-03-11 11:16:51,218 [INFO] ADCParametersView:116 -                Rank 1 : false
2026-03-11 11:16:51,232 [INFO] ADCParametersView:116 -                Rank 1 : false
2026-03-11 11:16:51,259 [INFO] ADCParametersView:116 -                Rank 1 : false
2026-03-11 11:16:51,259 [INFO] ADCParametersView:116 -                Rank 1 : false
2026-03-11 11:16:51,260 [INFO] ADCParametersView:116 -                Rank 1 : false
2026-03-11 11:16:51,260 [INFO] ADCParametersView:116 -                Rank 1 : false
2026-03-11 11:16:51,260 [INFO] ADCParametersView:116 -                Rank 1 : false
2026-03-11 11:16:51,260 [INFO] ADCParametersView:116 -                Rank 1 : false
2026-03-11 11:16:51,261 [INFO] ADCParametersView:116 -                Rank 1 : false
2026-03-11 11:16:51,261 [INFO] ADCParametersView:116 -                Rank 1 : false
2026-03-11 11:16:51,261 [INFO] ADCParametersView:116 -                Rank 1 : false
2026-03-11 11:16:51,261 [INFO] ADCParametersView:116 -                Rank 1 : false
2026-03-11 11:16:51,262 [INFO] ADCParametersView:116 -                Rank 1 : false
2026-03-11 11:16:51,262 [INFO] ADCParametersView:116 -                Rank 1 : false
2026-03-11 11:16:51,262 [INFO] ADCParametersView:116 -                Rank 1 : false
2026-03-11 11:16:51,262 [INFO] ADCParametersView:116 -                Rank 1 : false
2026-03-11 11:16:51,262 [INFO] ADCParametersView:116 -                Rank 1 : false
2026-03-11 11:16:51,262 [INFO] ADCParametersView:116 -                Rank 1 : false
2026-03-11 11:16:51,263 [INFO] ADCParametersView:116 -                Rank 1 : false
2026-03-11 11:16:51,263 [INFO] ADCParametersView:116 -                Rank 1 : false
2026-03-11 11:16:51,263 [INFO] ADCParametersView:116 -                Rank 1 : false
2026-03-11 11:16:51,263 [INFO] ADCParametersView:116 -                Rank 1 : false
2026-03-11 11:16:51,263 [INFO] ADCParametersView:116 -                Rank 1 : false
2026-03-11 11:16:51,274 [INFO] ADCParametersView:116 -                Rank 1 : false
2026-03-11 11:16:51,494 [INFO] ADCParametersView:116 -                Rank 1 : false
2026-03-11 11:16:51,497 [INFO] ADCParametersView:116 -                Rank 1 : false
2026-03-11 11:16:51,498 [INFO] ADCParametersView:116 -                Rank 1 : false
2026-03-11 11:16:51,498 [INFO] ADCParametersView:116 -                Rank 1 : false
2026-03-11 11:16:51,498 [INFO] ADCParametersView:116 -                Rank 1 : false
2026-03-11 11:16:51,499 [INFO] ADCParametersView:116 -                Rank 1 : false
2026-03-11 11:16:51,499 [INFO] ADCParametersView:116 -                Rank 1 : false
2026-03-11 11:16:51,499 [INFO] ADCParametersView:116 -                Rank 1 : false
2026-03-11 11:16:51,499 [INFO] ADCParametersView:116 -                Rank 1 : false
2026-03-11 11:16:51,500 [INFO] ADCParametersView:116 -                Rank 1 : false
2026-03-11 11:16:51,500 [INFO] ADCParametersView:116 -                Rank 1 : false
2026-03-11 11:16:51,501 [INFO] ADCParametersView:116 -                Rank 1 : false
2026-03-11 11:16:51,501 [INFO] ADCParametersView:116 -                Rank 1 : false
2026-03-11 11:16:51,501 [INFO] ADCParametersView:116 -                Rank 1 : false
2026-03-11 11:16:51,501 [INFO] ADCParametersView:116 -                Rank 1 : false
2026-03-11 11:16:51,501 [INFO] ADCParametersView:116 -                Rank 1 : false
2026-03-11 11:16:51,501 [INFO] ADCParametersView:116 -                Rank 1 : false
2026-03-11 11:16:51,502 [INFO] ADCParametersView:116 -                Rank 1 : false
2026-03-11 11:16:51,502 [INFO] ADCParametersView:116 -                Rank 1 : false
2026-03-11 11:16:51,502 [INFO] ADCParametersView:116 -                Rank 1 : false
2026-03-11 11:16:51,502 [INFO] ADCParametersView:116 -                Rank 1 : false
2026-03-11 11:16:51,524 [INFO] ADCParametersView:116 -                Rank 1 : false
2026-03-11 11:16:51,547 [INFO] ADCParametersView:116 -                Rank 1 : false
2026-03-11 11:16:51,548 [INFO] ADCParametersView:116 -                Rank 1 : false
2026-03-11 11:16:51,548 [INFO] ADCParametersView:116 -                Rank 1 : false
2026-03-11 11:16:51,548 [INFO] ADCParametersView:116 -                Rank 1 : false
2026-03-11 11:16:51,549 [INFO] ADCParametersView:116 -                Rank 1 : false
2026-03-11 11:16:51,549 [INFO] ADCParametersView:116 -                Rank 1 : false
2026-03-11 11:16:51,549 [INFO] ADCParametersView:116 -                Rank 1 : false
2026-03-11 11:16:51,549 [INFO] ADCParametersView:116 -                Rank 1 : false
2026-03-11 11:16:51,550 [INFO] ADCParametersView:116 -                Rank 1 : false
2026-03-11 11:16:51,550 [INFO] ADCParametersView:116 -                Rank 1 : false
2026-03-11 11:16:51,550 [INFO] ADCParametersView:116 -                Rank 1 : false
2026-03-11 11:16:51,550 [INFO] ADCParametersView:116 -                Rank 1 : false
2026-03-11 11:16:51,550 [INFO] ADCParametersView:116 -                Rank 1 : false
2026-03-11 11:16:51,551 [INFO] ADCParametersView:116 -                Rank 1 : false
2026-03-11 11:16:51,551 [INFO] ADCParametersView:116 -                Rank 1 : false
2026-03-11 11:16:51,551 [INFO] ADCParametersView:116 -                Rank 1 : false
2026-03-11 11:16:51,551 [INFO] ADCParametersView:116 -                Rank 1 : false
2026-03-11 11:16:51,551 [INFO] ADCParametersView:116 -                Rank 1 : false
2026-03-11 11:16:51,551 [INFO] ADCParametersView:116 -                Rank 1 : false
2026-03-11 11:16:51,551 [INFO] ADCParametersView:116 -                Rank 1 : false
2026-03-11 11:16:51,551 [INFO] ADCParametersView:116 -                Rank 1 : false
2026-03-11 11:16:51,564 [INFO] ADCParametersView:116 -                Rank 1 : false
2026-03-11 11:17:14,301 [INFO] UtilMem:75 - End SaveConfig() Used Memory: 1006341904 Bytes (1073741824)
2026-03-11 11:17:17,176 [ERROR] IocParser:95 - Exception caught: null
2026-03-11 11:17:30,582 [INFO] UtilMem:75 - End SaveConfig() Used Memory: 724019584 Bytes (1073741824)
2026-03-11 11:17:31,329 [INFO] UtilMem:75 - End SaveConfig() Used Memory: 784157672 Bytes (1073741824)
2026-03-11 11:17:32,020 [INFO] BlockDiagram:2775 - set Specific Code input for plugin: SYS
2026-03-11 11:17:32,020 [INFO] BlockDiagram:2775 - set Specific Code input for plugin: ADC
2026-03-11 11:17:32,020 [INFO] BlockDiagram:2775 - set Specific Code input for plugin: RCC
2026-03-11 11:17:32,020 [INFO] BlockDiagram:2775 - set Specific Code input for plugin: NVIC
2026-03-11 11:17:32,020 [INFO] BlockDiagram:2775 - set Specific Code input for plugin: USART
2026-03-11 11:17:32,020 [INFO] BlockDiagram:2775 - set Specific Code input for plugin: GPIO
2026-03-11 11:17:32,020 [INFO] BlockDiagram:2775 - set Specific Code input for plugin: NUCLEO-G431RB
2026-03-11 11:17:32,021 [INFO] CodeGenerator:892 - code generatio: config db path: /Applications/STM32CubeIDE.app/Contents/Eclipse/plugins/com.st.stm32cube.common.mx_6.15.0.202507011659//db/
2026-03-11 11:17:32,189 [INFO] CodeEngine:265 - oldGeneratedFile, /Users/leon/VSCodeProject/SSI/STM32Prj/SSI/MXTmpFiles/license.tmp_save
2026-03-11 11:17:32,561 [ERROR] IocParser:95 - Exception caught: null
2026-03-11 11:17:32,661 [INFO] CodeEngine:289 - Generated code: /Users/leon/VSCodeProject/SSI/STM32Prj/SSI/MXTmpFiles/license.tmp
2026-03-11 11:17:32,777 [INFO] CodeEngine:265 - oldGeneratedFile, /Users/leon/VSCodeProject/SSI/STM32Prj/SSI/MXTmpFiles/gpio.tmp_save
2026-03-11 11:17:32,936 [INFO] CodeEngine:289 - Generated code: /Users/leon/VSCodeProject/SSI/STM32Prj/SSI/MXTmpFiles/gpio.tmp
2026-03-11 11:17:33,632 [INFO] CodeEngine:265 - oldGeneratedFile, /Users/leon/VSCodeProject/SSI/STM32Prj/SSI/Core/Inc/stm32g4xx_nucleo_conf.h_save
2026-03-11 11:17:33,792 [INFO] CodeEngine:289 - Generated code: /Users/leon/VSCodeProject/SSI/STM32Prj/SSI/Core/Inc/stm32g4xx_nucleo_conf.h
2026-03-11 11:17:33,796 [INFO] CodeEngine:265 - oldGeneratedFile, /Users/leon/VSCodeProject/SSI/STM32Prj/SSI/MXTmpFiles/bsp_inc.tmp_save
2026-03-11 11:17:33,882 [INFO] CodeEngine:289 - Generated code: /Users/leon/VSCodeProject/SSI/STM32Prj/SSI/MXTmpFiles/bsp_inc.tmp
2026-03-11 11:17:33,885 [INFO] CodeEngine:265 - oldGeneratedFile, /Users/leon/VSCodeProject/SSI/STM32Prj/SSI/MXTmpFiles/bsp_common_vars.tmp_save
2026-03-11 11:17:33,971 [INFO] CodeEngine:289 - Generated code: /Users/leon/VSCodeProject/SSI/STM32Prj/SSI/MXTmpFiles/bsp_common_vars.tmp
2026-03-11 11:17:33,977 [INFO] CodeEngine:265 - oldGeneratedFile, /Users/leon/VSCodeProject/SSI/STM32Prj/SSI/MXTmpFiles/bsp_common_init.tmp_save
2026-03-11 11:17:34,062 [INFO] CodeEngine:289 - Generated code: /Users/leon/VSCodeProject/SSI/STM32Prj/SSI/MXTmpFiles/bsp_common_init.tmp
2026-03-11 11:17:34,064 [INFO] CodeEngine:265 - oldGeneratedFile, /Users/leon/VSCodeProject/SSI/STM32Prj/SSI/MXTmpFiles/bsp_common_demo_before_while.tmp_save
2026-03-11 11:17:34,161 [INFO] CodeEngine:289 - Generated code: /Users/leon/VSCodeProject/SSI/STM32Prj/SSI/MXTmpFiles/bsp_common_demo_before_while.tmp
2026-03-11 11:17:34,164 [INFO] CodeEngine:265 - oldGeneratedFile, /Users/leon/VSCodeProject/SSI/STM32Prj/SSI/MXTmpFiles/bsp_common_demo_inside_while.tmp_save
2026-03-11 11:17:34,248 [INFO] CodeEngine:289 - Generated code: /Users/leon/VSCodeProject/SSI/STM32Prj/SSI/MXTmpFiles/bsp_common_demo_inside_while.tmp
2026-03-11 11:17:34,249 [INFO] CodeEngine:265 - oldGeneratedFile, /Users/leon/VSCodeProject/SSI/STM32Prj/SSI/MXTmpFiles/bsp_common_demo_fct.tmp_save
2026-03-11 11:17:34,331 [INFO] CodeEngine:289 - Generated code: /Users/leon/VSCodeProject/SSI/STM32Prj/SSI/MXTmpFiles/bsp_common_demo_fct.tmp
2026-03-11 11:17:34,341 [INFO] CodeEngine:265 - oldGeneratedFile, /Users/leon/VSCodeProject/SSI/STM32Prj/SSI/Core/Src/stm32g4xx_it.c_save
2026-03-11 11:17:34,582 [INFO] CodeEngine:289 - Generated code: /Users/leon/VSCodeProject/SSI/STM32Prj/SSI/Core/Src/stm32g4xx_it.c
2026-03-11 11:17:34,589 [INFO] CodeEngine:265 - oldGeneratedFile, /Users/leon/VSCodeProject/SSI/STM32Prj/SSI/Core/Inc/stm32g4xx_it.h_save
2026-03-11 11:17:34,691 [INFO] CodeEngine:289 - Generated code: /Users/leon/VSCodeProject/SSI/STM32Prj/SSI/Core/Inc/stm32g4xx_it.h
2026-03-11 11:17:34,698 [INFO] CodeEngine:265 - oldGeneratedFile, /Users/leon/VSCodeProject/SSI/STM32Prj/SSI/Core/Src/stm32g4xx_hal_msp.c_save
2026-03-11 11:17:34,990 [INFO] CodeEngine:289 - Generated code: /Users/leon/VSCodeProject/SSI/STM32Prj/SSI/Core/Src/stm32g4xx_hal_msp.c
2026-03-11 11:17:34,993 [INFO] CodeEngine:265 - oldGeneratedFile, /Users/leon/VSCodeProject/SSI/STM32Prj/SSI/MXTmpFiles/system.tmp_save
2026-03-11 11:17:35,055 [INFO] CodeEngine:289 - Generated code: /Users/leon/VSCodeProject/SSI/STM32Prj/SSI/MXTmpFiles/system.tmp
2026-03-11 11:17:35,062 [INFO] CodeEngine:321 - oldGeneratedFile, /Users/leon/VSCodeProject/SSI/STM32Prj/SSI/Core/Inc/stm32g4xx_hal_conf.h_save
2026-03-11 11:17:35,127 [INFO] CodeEngine:345 - Generated code: /Users/leon/VSCodeProject/SSI/STM32Prj/SSI/Core/Inc/stm32g4xx_hal_conf.h
2026-03-11 11:17:35,199 [WARN] IPConfigManager:3238 - Warning: the RefConfig RCC_CommonPeriphClockConfig is not available in your config.xml file
2026-03-11 11:17:35,207 [INFO] CodeEngine:265 - oldGeneratedFile, /Users/leon/VSCodeProject/SSI/STM32Prj/SSI/Core/Inc/main.h_save
2026-03-11 11:17:35,316 [INFO] CodeEngine:289 - Generated code: /Users/leon/VSCodeProject/SSI/STM32Prj/SSI/Core/Inc/main.h
2026-03-11 11:17:35,320 [INFO] CodeEngine:265 - oldGeneratedFile, /Users/leon/VSCodeProject/SSI/STM32Prj/SSI/Core/Src/main.c_save
2026-03-11 11:17:35,468 [INFO] CodeEngine:289 - Generated code: /Users/leon/VSCodeProject/SSI/STM32Prj/SSI/Core/Src/main.c
2026-03-11 11:17:36,312 [INFO] ProjectBuilder:3606 - Time for Copy HAL[1] : 82mS.
2026-03-11 11:17:36,335 [INFO] ProjectBuilder:5216 - Project Generator version: 4.7.0-B52
2026-03-11 11:17:36,562 [INFO] ConfigFileManager:1595 - The Die is : DIE468
2026-03-11 11:17:39,356 [INFO] ProjectBuilder:5496 - Time for Generating toolchain IDE Files: 3020mS.
2026-03-11 11:17:39,358 [INFO] ProjectBuilder:3463 - Time for Copy CMSIS : 0mS.
2026-03-11 11:17:39,359 [INFO] ProjectBuilder:3463 - Time for Copy CMSIS : 0mS.
2026-03-11 11:47:29,667 [INFO] ADCParametersView:116 -                Rank 1 : false
2026-03-11 11:47:29,676 [INFO] ADCParametersView:116 -                Rank 1 : false
2026-03-11 11:47:29,677 [INFO] ADCParametersView:116 -                Rank 1 : false
2026-03-11 11:47:29,677 [INFO] ADCParametersView:116 -                Rank 1 : false
2026-03-11 11:47:29,678 [INFO] ADCParametersView:116 -                Rank 1 : false
2026-03-11 11:47:29,678 [INFO] ADCParametersView:116 -                Rank 1 : false
2026-03-11 11:47:29,679 [INFO] ADCParametersView:116 -                Rank 1 : false
2026-03-11 11:47:29,679 [INFO] ADCParametersView:116 -                Rank 1 : false
2026-03-11 11:47:29,679 [INFO] ADCParametersView:116 -                Rank 1 : false
2026-03-11 11:47:29,680 [INFO] ADCParametersView:116 -                Rank 1 : false
2026-03-11 11:47:29,680 [INFO] ADCParametersView:116 -                Rank 1 : false
2026-03-11 11:47:29,681 [INFO] ADCParametersView:116 -                Rank 1 : false
2026-03-11 11:47:29,681 [INFO] ADCParametersView:116 -                Rank 1 : false
2026-03-11 11:47:29,681 [INFO] ADCParametersView:116 -                Rank 1 : false
2026-03-11 11:47:29,681 [INFO] ADCParametersView:116 -                Rank 1 : false
2026-03-11 11:47:29,682 [INFO] ADCParametersView:116 -                Rank 1 : false
2026-03-11 11:47:29,682 [INFO] ADCParametersView:116 -                Rank 1 : false
2026-03-11 11:47:29,682 [INFO] ADCParametersView:116 -                Rank 1 : false
2026-03-11 11:47:29,682 [INFO] ADCParametersView:116 -                Rank 1 : false
2026-03-11 11:47:29,682 [INFO] ADCParametersView:116 -                Rank 1 : false
2026-03-11 11:47:29,682 [INFO] ADCParametersView:116 -                Rank 1 : false
2026-03-11 11:47:29,789 [INFO] ADCParametersView:116 -                Rank 1 : false
2026-03-11 11:47:29,992 [INFO] ADCParametersView:116 -                Rank 1 : false
2026-03-11 11:47:29,993 [INFO] ADCParametersView:116 -                Rank 1 : false
2026-03-11 11:47:29,994 [INFO] ADCParametersView:116 -                Rank 1 : false
2026-03-11 11:47:29,995 [INFO] ADCParametersView:116 -                Rank 1 : false
2026-03-11 11:47:29,996 [INFO] ADCParametersView:116 -                Rank 1 : false
2026-03-11 11:47:29,996 [INFO] ADCParametersView:116 -                Rank 1 : false
2026-03-11 11:47:29,996 [INFO] ADCParametersView:116 -                Rank 1 : false
2026-03-11 11:47:29,997 [INFO] ADCParametersView:116 -                Rank 1 : false
2026-03-11 11:47:29,997 [INFO] ADCParametersView:116 -                Rank 1 : false
2026-03-11 11:47:30,000 [INFO] ADCParametersView:116 -                Rank 1 : false
2026-03-11 11:47:30,001 [INFO] ADCParametersView:116 -                Rank 1 : false
2026-03-11 11:47:30,002 [INFO] ADCParametersView:116 -                Rank 1 : false
2026-03-11 11:47:30,003 [INFO] ADCParametersView:116 -                Rank 1 : false
2026-03-11 11:47:30,004 [INFO] ADCParametersView:116 -                Rank 1 : false
2026-03-11 11:47:30,004 [INFO] ADCParametersView:116 -                Rank 1 : false
2026-03-11 11:47:30,004 [INFO] ADCParametersView:116 -                Rank 1 : false
2026-03-11 11:47:30,004 [INFO] ADCParametersView:116 -                Rank 1 : false
2026-03-11 11:47:30,005 [INFO] ADCParametersView:116 -                Rank 1 : false
2026-03-11 11:47:30,005 [INFO] ADCParametersView:116 -                Rank 1 : false
2026-03-11 11:47:30,006 [INFO] ADCParametersView:116 -                Rank 1 : false
2026-03-11 11:47:30,006 [INFO] ADCParametersView:116 -                Rank 1 : false
2026-03-11 11:47:30,029 [INFO] ADCParametersView:116 -                Rank 1 : false
2026-03-11 11:47:30,231 [INFO] ADCParametersView:116 -                Rank 1 : false
2026-03-11 11:47:30,232 [INFO] ADCParametersView:116 -                Rank 1 : false
2026-03-11 11:47:30,233 [INFO] ADCParametersView:116 -                Rank 1 : false
2026-03-11 11:47:30,233 [INFO] ADCParametersView:116 -                Rank 1 : false
2026-03-11 11:47:30,235 [INFO] ADCParametersView:116 -                Rank 1 : false
2026-03-11 11:47:30,237 [INFO] ADCParametersView:116 -                Rank 1 : false
2026-03-11 11:47:30,237 [INFO] ADCParametersView:116 -                Rank 1 : false
2026-03-11 11:47:30,238 [INFO] ADCParametersView:116 -                Rank 1 : false
2026-03-11 11:47:30,239 [INFO] ADCParametersView:116 -                Rank 1 : false
2026-03-11 11:47:30,241 [INFO] ADCParametersView:116 -                Rank 1 : false
2026-03-11 11:47:30,258 [INFO] ADCParametersView:116 -                Rank 1 : false
2026-03-11 11:47:30,261 [INFO] ADCParametersView:116 -                Rank 1 : false
2026-03-11 11:47:30,261 [INFO] ADCParametersView:116 -                Rank 1 : false
2026-03-11 11:47:30,262 [INFO] ADCParametersView:116 -                Rank 1 : false
2026-03-11 11:47:30,263 [INFO] ADCParametersView:116 -                Rank 1 : false
2026-03-11 11:47:30,263 [INFO] ADCParametersView:116 -                Rank 1 : false
2026-03-11 11:47:30,263 [INFO] ADCParametersView:116 -                Rank 1 : false
2026-03-11 11:47:30,263 [INFO] ADCParametersView:116 -                Rank 1 : false
2026-03-11 11:47:30,263 [INFO] ADCParametersView:116 -                Rank 1 : false
2026-03-11 11:47:30,266 [INFO] ADCParametersView:116 -                Rank 1 : false
2026-03-11 11:47:30,267 [INFO] ADCParametersView:116 -                Rank 1 : false
2026-03-11 11:47:30,294 [INFO] ADCParametersView:116 -                Rank 1 : false
2026-03-11 11:47:30,332 [INFO] ADCParametersView:116 -                Rank 1 : false
2026-03-11 11:47:30,333 [INFO] ADCParametersView:116 -                Rank 1 : false
2026-03-11 11:47:30,333 [INFO] ADCParametersView:116 -                Rank 1 : false
2026-03-11 11:47:30,334 [INFO] ADCParametersView:116 -                Rank 1 : false
2026-03-11 11:47:30,334 [INFO] ADCParametersView:116 -                Rank 1 : false
2026-03-11 11:47:30,334 [INFO] ADCParametersView:116 -                Rank 1 : false
2026-03-11 11:47:30,334 [INFO] ADCParametersView:116 -                Rank 1 : false
2026-03-11 11:47:30,335 [INFO] ADCParametersView:116 -                Rank 1 : false
2026-03-11 11:47:30,335 [INFO] ADCParametersView:116 -                Rank 1 : false
2026-03-11 11:47:30,335 [INFO] ADCParametersView:116 -                Rank 1 : false
2026-03-11 11:47:30,335 [INFO] ADCParametersView:116 -                Rank 1 : false
2026-03-11 11:47:30,336 [INFO] ADCParametersView:116 -                Rank 1 : false
2026-03-11 11:47:30,336 [INFO] ADCParametersView:116 -                Rank 1 : false
2026-03-11 11:47:30,336 [INFO] ADCParametersView:116 -                Rank 1 : false
2026-03-11 11:47:30,336 [INFO] ADCParametersView:116 -                Rank 1 : false
2026-03-11 11:47:30,336 [INFO] ADCParametersView:116 -                Rank 1 : false
2026-03-11 11:47:30,336 [INFO] ADCParametersView:116 -                Rank 1 : false
2026-03-11 11:47:30,337 [INFO] ADCParametersView:116 -                Rank 1 : false
2026-03-11 11:47:30,337 [INFO] ADCParametersView:116 -                Rank 1 : false
2026-03-11 11:47:30,337 [INFO] ADCParametersView:116 -                Rank 1 : false
2026-03-11 11:47:30,337 [INFO] ADCParametersView:116 -                Rank 1 : false
2026-03-11 11:47:30,364 [INFO] ADCParametersView:116 -                Rank 1 : false
2026-03-11 11:47:30,659 [INFO] ADCParametersView:116 -                Rank 1 : false
2026-03-11 11:47:30,663 [INFO] ADCParametersView:116 -                Rank 1 : false
2026-03-11 11:47:30,664 [INFO] ADCParametersView:116 -                Rank 1 : false
2026-03-11 11:47:30,665 [INFO] ADCParametersView:116 -                Rank 1 : false
2026-03-11 11:47:30,665 [INFO] ADCParametersView:116 -                Rank 1 : false
2026-03-11 11:47:30,665 [INFO] ADCParametersView:116 -                Rank 1 : false
2026-03-11 11:47:30,665 [INFO] ADCParametersView:116 -                Rank 1 : false
2026-03-11 11:47:30,666 [INFO] ADCParametersView:116 -                Rank 1 : false
2026-03-11 11:47:30,666 [INFO] ADCParametersView:116 -                Rank 1 : false
2026-03-11 11:47:30,666 [INFO] ADCParametersView:116 -                Rank 1 : false
2026-03-11 11:47:30,667 [INFO] ADCParametersView:116 -                Rank 1 : false
2026-03-11 11:47:30,667 [INFO] ADCParametersView:116 -                Rank 1 : false
2026-03-11 11:47:30,668 [INFO] ADCParametersView:116 -                Rank 1 : false
2026-03-11 11:47:30,668 [INFO] ADCParametersView:116 -                Rank 1 : false
2026-03-11 11:47:30,668 [INFO] ADCParametersView:116 -                Rank 1 : false
2026-03-11 11:47:30,668 [INFO] ADCParametersView:116 -                Rank 1 : false
2026-03-11 11:47:30,668 [INFO] ADCParametersView:116 -                Rank 1 : false
2026-03-11 11:47:30,668 [INFO] ADCParametersView:116 -                Rank 1 : false
2026-03-11 11:47:30,668 [INFO] ADCParametersView:116 -                Rank 1 : false
2026-03-11 11:47:30,669 [INFO] ADCParametersView:116 -                Rank 1 : false
2026-03-11 11:47:30,669 [INFO] ADCParametersView:116 -                Rank 1 : false
2026-03-11 11:47:30,691 [INFO] ADCParametersView:116 -                Rank 1 : false
2026-03-11 11:47:30,727 [INFO] ADCParametersView:116 -                Rank 1 : false
2026-03-11 11:47:30,727 [INFO] ADCParametersView:116 -                Rank 1 : false
2026-03-11 11:47:30,727 [INFO] ADCParametersView:116 -                Rank 1 : false
2026-03-11 11:47:30,728 [INFO] ADCParametersView:116 -                Rank 1 : false
2026-03-11 11:47:30,728 [INFO] ADCParametersView:116 -                Rank 1 : false
2026-03-11 11:47:30,728 [INFO] ADCParametersView:116 -                Rank 1 : false
2026-03-11 11:47:30,728 [INFO] ADCParametersView:116 -                Rank 1 : false
2026-03-11 11:47:30,729 [INFO] ADCParametersView:116 -                Rank 1 : false
2026-03-11 11:47:30,729 [INFO] ADCParametersView:116 -                Rank 1 : false
2026-03-11 11:47:30,729 [INFO] ADCParametersView:116 -                Rank 1 : false
2026-03-11 11:47:30,729 [INFO] ADCParametersView:116 -                Rank 1 : false
2026-03-11 11:47:30,730 [INFO] ADCParametersView:116 -                Rank 1 : false
2026-03-11 11:47:30,730 [INFO] ADCParametersView:116 -                Rank 1 : false
2026-03-11 11:47:30,730 [INFO] ADCParametersView:116 -                Rank 1 : false
2026-03-11 11:47:30,731 [INFO] ADCParametersView:116 -                Rank 1 : false
2026-03-11 11:47:30,731 [INFO] ADCParametersView:116 -                Rank 1 : false
2026-03-11 11:47:30,734 [INFO] ADCParametersView:116 -                Rank 1 : false
2026-03-11 11:47:30,737 [INFO] ADCParametersView:116 -                Rank 1 : false
2026-03-11 11:47:30,740 [INFO] ADCParametersView:116 -                Rank 1 : false
2026-03-11 11:47:30,745 [INFO] ADCParametersView:116 -                Rank 1 : false
2026-03-11 11:47:30,747 [INFO] ADCParametersView:116 -                Rank 1 : false
2026-03-11 11:47:30,766 [INFO] ADCParametersView:116 -                Rank 1 : false
2026-03-11 11:47:32,790 [INFO] ADCParametersView:116 -                Rank 1 : false
2026-03-11 11:47:32,791 [INFO] ADCParametersView:116 -                Rank 1 : false
2026-03-11 11:47:32,792 [INFO] ADCParametersView:116 -                Rank 1 : false
2026-03-11 11:47:32,792 [INFO] ADCParametersView:116 -                Rank 1 : false
2026-03-11 11:47:32,792 [INFO] ADCParametersView:116 -                Rank 1 : false
2026-03-11 11:47:32,792 [INFO] ADCParametersView:116 -                Rank 1 : false
2026-03-11 11:47:32,793 [INFO] ADCParametersView:116 -                Rank 1 : false
2026-03-11 11:47:32,793 [INFO] ADCParametersView:116 -                Rank 1 : false
2026-03-11 11:47:32,793 [INFO] ADCParametersView:116 -                Rank 1 : false
2026-03-11 11:47:32,793 [INFO] ADCParametersView:116 -                Rank 1 : false
2026-03-11 11:47:32,794 [INFO] ADCParametersView:116 -                Rank 1 : false
2026-03-11 11:47:32,794 [INFO] ADCParametersView:116 -                Rank 1 : false
2026-03-11 11:47:32,794 [INFO] ADCParametersView:116 -                Rank 1 : false
2026-03-11 11:47:32,794 [INFO] ADCParametersView:116 -                Rank 1 : false
2026-03-11 11:47:32,794 [INFO] ADCParametersView:116 -                Rank 1 : false
2026-03-11 11:47:32,794 [INFO] ADCParametersView:116 -                Rank 1 : false
2026-03-11 11:47:32,795 [INFO] ADCParametersView:116 -                Rank 1 : false
2026-03-11 11:47:32,795 [INFO] ADCParametersView:116 -                Rank 1 : false
2026-03-11 11:47:32,795 [INFO] ADCParametersView:116 -                Rank 1 : false
2026-03-11 11:47:32,795 [INFO] ADCParametersView:116 -                Rank 1 : false
2026-03-11 11:47:32,795 [INFO] ADCParametersView:116 -                Rank 1 : false
2026-03-11 11:47:32,814 [INFO] ADCParametersView:116 -                Rank 1 : false
2026-03-11 11:47:32,884 [INFO] ADCParametersView:116 -                Rank 1 : false
2026-03-11 11:47:32,884 [INFO] ADCParametersView:116 -                Rank 1 : false
2026-03-11 11:47:32,884 [INFO] ADCParametersView:116 -                Rank 1 : false
2026-03-11 11:47:32,885 [INFO] ADCParametersView:116 -                Rank 1 : false
2026-03-11 11:47:32,885 [INFO] ADCParametersView:116 -                Rank 1 : false
2026-03-11 11:47:32,885 [INFO] ADCParametersView:116 -                Rank 1 : false
2026-03-11 11:47:32,885 [INFO] ADCParametersView:116 -                Rank 1 : false
2026-03-11 11:47:32,886 [INFO] ADCParametersView:116 -                Rank 1 : false
2026-03-11 11:47:32,886 [INFO] ADCParametersView:116 -                Rank 1 : false
2026-03-11 11:47:32,886 [INFO] ADCParametersView:116 -                Rank 1 : false
2026-03-11 11:47:32,886 [INFO] ADCParametersView:116 -                Rank 1 : false
2026-03-11 11:47:32,887 [INFO] ADCParametersView:116 -                Rank 1 : false
2026-03-11 11:47:32,887 [INFO] ADCParametersView:116 -                Rank 1 : false
2026-03-11 11:47:32,887 [INFO] ADCParametersView:116 -                Rank 1 : false
2026-03-11 11:47:32,887 [INFO] ADCParametersView:116 -                Rank 1 : false
2026-03-11 11:47:32,887 [INFO] ADCParametersView:116 -                Rank 1 : false
2026-03-11 11:47:32,887 [INFO] ADCParametersView:116 -                Rank 1 : false
2026-03-11 11:47:32,888 [INFO] ADCParametersView:116 -                Rank 1 : false
2026-03-11 11:47:32,888 [INFO] ADCParametersView:116 -                Rank 1 : false
2026-03-11 11:47:32,888 [INFO] ADCParametersView:116 -                Rank 1 : false
2026-03-11 11:47:32,888 [INFO] ADCParametersView:116 -                Rank 1 : false
2026-03-11 11:47:32,907 [INFO] ADCParametersView:116 -                Rank 1 : false
2026-03-11 11:47:32,961 [INFO] ADCParametersView:116 -                Rank 1 : false
2026-03-11 11:47:32,961 [INFO] ADCParametersView:116 -                Rank 1 : false
2026-03-11 11:47:32,961 [INFO] ADCParametersView:116 -                Rank 1 : false
2026-03-11 11:47:32,962 [INFO] ADCParametersView:116 -                Rank 1 : false
2026-03-11 11:47:32,962 [INFO] ADCParametersView:116 -                Rank 1 : false
2026-03-11 11:47:32,962 [INFO] ADCParametersView:116 -                Rank 1 : false
2026-03-11 11:47:32,962 [INFO] ADCParametersView:116 -                Rank 1 : false
2026-03-11 11:47:32,963 [INFO] ADCParametersView:116 -                Rank 1 : false
2026-03-11 11:47:32,963 [INFO] ADCParametersView:116 -                Rank 1 : false
2026-03-11 11:47:32,963 [INFO] ADCParametersView:116 -                Rank 1 : false
2026-03-11 11:47:32,963 [INFO] ADCParametersView:116 -                Rank 1 : false
2026-03-11 11:47:32,964 [INFO] ADCParametersView:116 -                Rank 1 : false
2026-03-11 11:47:32,964 [INFO] ADCParametersView:116 -                Rank 1 : false
2026-03-11 11:47:32,964 [INFO] ADCParametersView:116 -                Rank 1 : false
2026-03-11 11:47:32,964 [INFO] ADCParametersView:116 -                Rank 1 : false
2026-03-11 11:47:32,964 [INFO] ADCParametersView:116 -                Rank 1 : false
2026-03-11 11:47:32,964 [INFO] ADCParametersView:116 -                Rank 1 : false
2026-03-11 11:47:32,964 [INFO] ADCParametersView:116 -                Rank 1 : false
2026-03-11 11:47:32,964 [INFO] ADCParametersView:116 -                Rank 1 : false
2026-03-11 11:47:32,965 [INFO] ADCParametersView:116 -                Rank 1 : false
2026-03-11 11:47:32,965 [INFO] ADCParametersView:116 -                Rank 1 : false
2026-03-11 11:47:32,979 [INFO] ADCParametersView:116 -                Rank 1 : false
2026-03-11 11:47:33,008 [INFO] ADCParametersView:116 -                Rank 1 : false
2026-03-11 11:47:33,008 [INFO] ADCParametersView:116 -                Rank 1 : false
2026-03-11 11:47:33,008 [INFO] ADCParametersView:116 -                Rank 1 : false
2026-03-11 11:47:33,009 [INFO] ADCParametersView:116 -                Rank 1 : false
2026-03-11 11:47:33,009 [INFO] ADCParametersView:116 -                Rank 1 : false
2026-03-11 11:47:33,009 [INFO] ADCParametersView:116 -                Rank 1 : false
2026-03-11 11:47:33,010 [INFO] ADCParametersView:116 -                Rank 1 : false
2026-03-11 11:47:33,010 [INFO] ADCParametersView:116 -                Rank 1 : false
2026-03-11 11:47:33,010 [INFO] ADCParametersView:116 -                Rank 1 : false
2026-03-11 11:47:33,010 [INFO] ADCParametersView:116 -                Rank 1 : false
2026-03-11 11:47:33,010 [INFO] ADCParametersView:116 -                Rank 1 : false
2026-03-11 11:47:33,011 [INFO] ADCParametersView:116 -                Rank 1 : false
2026-03-11 11:47:33,011 [INFO] ADCParametersView:116 -                Rank 1 : false
2026-03-11 11:47:33,011 [INFO] ADCParametersView:116 -                Rank 1 : false
2026-03-11 11:47:33,011 [INFO] ADCParametersView:116 -                Rank 1 : false
2026-03-11 11:47:33,011 [INFO] ADCParametersView:116 -                Rank 1 : false
2026-03-11 11:47:33,011 [INFO] ADCParametersView:116 -                Rank 1 : false
2026-03-11 11:47:33,012 [INFO] ADCParametersView:116 -                Rank 1 : false
2026-03-11 11:47:33,012 [INFO] ADCParametersView:116 -                Rank 1 : false
2026-03-11 11:47:33,012 [INFO] ADCParametersView:116 -                Rank 1 : false
2026-03-11 11:47:33,012 [INFO] ADCParametersView:116 -                Rank 1 : false
2026-03-11 11:47:33,026 [INFO] ADCParametersView:116 -                Rank 1 : false
2026-03-11 11:47:33,132 [INFO] ADCParametersView:116 -                Rank 1 : false
2026-03-11 11:47:33,132 [INFO] ADCParametersView:116 -                Rank 1 : false
2026-03-11 11:47:33,132 [INFO] ADCParametersView:116 -                Rank 1 : false
2026-03-11 11:47:33,133 [INFO] ADCParametersView:116 -                Rank 1 : false
2026-03-11 11:47:33,133 [INFO] ADCParametersView:116 -                Rank 1 : false
2026-03-11 11:47:33,133 [INFO] ADCParametersView:116 -                Rank 1 : false
2026-03-11 11:47:33,134 [INFO] ADCParametersView:116 -                Rank 1 : false
2026-03-11 11:47:33,134 [INFO] ADCParametersView:116 -                Rank 1 : false
2026-03-11 11:47:33,134 [INFO] ADCParametersView:116 -                Rank 1 : false
2026-03-11 11:47:33,134 [INFO] ADCParametersView:116 -                Rank 1 : false
2026-03-11 11:47:33,134 [INFO] ADCParametersView:116 -                Rank 1 : false
2026-03-11 11:47:33,135 [INFO] ADCParametersView:116 -                Rank 1 : false
2026-03-11 11:47:33,135 [INFO] ADCParametersView:116 -                Rank 1 : false
2026-03-11 11:47:33,135 [INFO] ADCParametersView:116 -                Rank 1 : false
2026-03-11 11:47:33,135 [INFO] ADCParametersView:116 -                Rank 1 : false
2026-03-11 11:47:33,135 [INFO] ADCParametersView:116 -                Rank 1 : false
2026-03-11 11:47:33,136 [INFO] ADCParametersView:116 -                Rank 1 : false
2026-03-11 11:47:33,136 [INFO] ADCParametersView:116 -                Rank 1 : false
2026-03-11 11:47:33,136 [INFO] ADCParametersView:116 -                Rank 1 : false
2026-03-11 11:47:33,136 [INFO] ADCParametersView:116 -                Rank 1 : false
2026-03-11 11:47:33,136 [INFO] ADCParametersView:116 -                Rank 1 : false
2026-03-11 11:47:33,153 [INFO] ADCParametersView:116 -                Rank 1 : false
2026-03-11 11:47:33,174 [INFO] ADCParametersView:116 -                Rank 1 : false
2026-03-11 11:47:33,175 [INFO] ADCParametersView:116 -                Rank 1 : false
2026-03-11 11:47:33,175 [INFO] ADCParametersView:116 -                Rank 1 : false
2026-03-11 11:47:33,175 [INFO] ADCParametersView:116 -                Rank 1 : false
2026-03-11 11:47:33,175 [INFO] ADCParametersView:116 -                Rank 1 : false
2026-03-11 11:47:33,176 [INFO] ADCParametersView:116 -                Rank 1 : false
2026-03-11 11:47:33,176 [INFO] ADCParametersView:116 -                Rank 1 : false
2026-03-11 11:47:33,176 [INFO] ADCParametersView:116 -                Rank 1 : false
2026-03-11 11:47:33,176 [INFO] ADCParametersView:116 -                Rank 1 : false
2026-03-11 11:47:33,177 [INFO] ADCParametersView:116 -                Rank 1 : false
2026-03-11 11:47:33,177 [INFO] ADCParametersView:116 -                Rank 1 : false
2026-03-11 11:47:33,177 [INFO] ADCParametersView:116 -                Rank 1 : false
2026-03-11 11:47:33,177 [INFO] ADCParametersView:116 -                Rank 1 : false
2026-03-11 11:47:33,177 [INFO] ADCParametersView:116 -                Rank 1 : false
2026-03-11 11:47:33,178 [INFO] ADCParametersView:116 -                Rank 1 : false
2026-03-11 11:47:33,178 [INFO] ADCParametersView:116 -                Rank 1 : false
2026-03-11 11:47:33,178 [INFO] ADCParametersView:116 -                Rank 1 : false
2026-03-11 11:47:33,178 [INFO] ADCParametersView:116 -                Rank 1 : false
2026-03-11 11:47:33,178 [INFO] ADCParametersView:116 -                Rank 1 : false
2026-03-11 11:47:33,178 [INFO] ADCParametersView:116 -                Rank 1 : false
2026-03-11 11:47:33,178 [INFO] ADCParametersView:116 -                Rank 1 : false
2026-03-11 11:47:33,190 [INFO] ADCParametersView:116 -                Rank 1 : false
2026-03-11 11:47:36,323 [INFO] ADCParametersView:116 -                Rank 1 : false
2026-03-11 11:47:36,334 [INFO] ADCParametersView:116 -                Rank 1 : false
2026-03-11 11:47:36,338 [INFO] ADCParametersView:116 -                Rank 1 : false
2026-03-11 11:47:36,338 [INFO] ADCParametersView:116 -                Rank 1 : false
2026-03-11 11:47:36,338 [INFO] ADCParametersView:116 -                Rank 1 : false
2026-03-11 11:47:36,338 [INFO] ADCParametersView:116 -                Rank 1 : false
2026-03-11 11:47:36,339 [INFO] ADCParametersView:116 -                Rank 1 : false
2026-03-11 11:47:36,339 [INFO] ADCParametersView:116 -                Rank 1 : false
2026-03-11 11:47:36,339 [INFO] ADCParametersView:116 -                Rank 1 : false
2026-03-11 11:47:36,339 [INFO] ADCParametersView:116 -                Rank 1 : false
2026-03-11 11:47:36,340 [INFO] ADCParametersView:116 -                Rank 1 : false
2026-03-11 11:47:36,340 [INFO] ADCParametersView:116 -                Rank 1 : false
2026-03-11 11:47:36,340 [INFO] ADCParametersView:116 -                Rank 1 : false
2026-03-11 11:47:36,340 [INFO] ADCParametersView:116 -                Rank 1 : false
2026-03-11 11:47:36,340 [INFO] ADCParametersView:116 -                Rank 1 : false
2026-03-11 11:47:36,341 [INFO] ADCParametersView:116 -                Rank 1 : false
2026-03-11 11:47:36,341 [INFO] ADCParametersView:116 -                Rank 1 : false
2026-03-11 11:47:36,341 [INFO] ADCParametersView:116 -                Rank 1 : false
2026-03-11 11:47:36,341 [INFO] ADCParametersView:116 -                Rank 1 : false
2026-03-11 11:47:36,341 [INFO] ADCParametersView:116 -                Rank 1 : false
2026-03-11 11:47:36,341 [INFO] ADCParametersView:116 -                Rank 1 : false
2026-03-11 11:47:36,400 [INFO] ADCParametersView:116 -                Rank 1 : false
2026-03-11 11:47:36,543 [INFO] ADCParametersView:116 -                Rank 1 : false
2026-03-11 11:47:36,544 [INFO] ADCParametersView:116 -                Rank 1 : false
2026-03-11 11:47:36,544 [INFO] ADCParametersView:116 -                Rank 1 : false
2026-03-11 11:47:36,545 [INFO] ADCParametersView:116 -                Rank 1 : false
2026-03-11 11:47:36,545 [INFO] ADCParametersView:116 -                Rank 1 : false
2026-03-11 11:47:36,545 [INFO] ADCParametersView:116 -                Rank 1 : false
2026-03-11 11:47:36,545 [INFO] ADCParametersView:116 -                Rank 1 : false
2026-03-11 11:47:36,546 [INFO] ADCParametersView:116 -                Rank 1 : false
2026-03-11 11:47:36,546 [INFO] ADCParametersView:116 -                Rank 1 : false
2026-03-11 11:47:36,546 [INFO] ADCParametersView:116 -                Rank 1 : false
2026-03-11 11:47:36,546 [INFO] ADCParametersView:116 -                Rank 1 : false
2026-03-11 11:47:36,546 [INFO] ADCParametersView:116 -                Rank 1 : false
2026-03-11 11:47:36,546 [INFO] ADCParametersView:116 -                Rank 1 : false
2026-03-11 11:47:36,547 [INFO] ADCParametersView:116 -                Rank 1 : false
2026-03-11 11:47:36,547 [INFO] ADCParametersView:116 -                Rank 1 : false
2026-03-11 11:47:36,547 [INFO] ADCParametersView:116 -                Rank 1 : false
2026-03-11 11:47:36,547 [INFO] ADCParametersView:116 -                Rank 1 : false
2026-03-11 11:47:36,547 [INFO] ADCParametersView:116 -                Rank 1 : false
2026-03-11 11:47:36,547 [INFO] ADCParametersView:116 -                Rank 1 : false
2026-03-11 11:47:36,547 [INFO] ADCParametersView:116 -                Rank 1 : false
2026-03-11 11:47:36,547 [INFO] ADCParametersView:116 -                Rank 1 : false
2026-03-11 11:47:36,564 [INFO] ADCParametersView:116 -                Rank 1 : false
2026-03-11 11:47:36,679 [INFO] ADCParametersView:116 -                Rank 1 : false
2026-03-11 11:47:36,680 [INFO] ADCParametersView:116 -                Rank 1 : false
2026-03-11 11:47:36,682 [INFO] ADCParametersView:116 -                Rank 1 : false
2026-03-11 11:47:36,682 [INFO] ADCParametersView:116 -                Rank 1 : false
2026-03-11 11:47:36,683 [INFO] ADCParametersView:116 -                Rank 1 : false
2026-03-11 11:47:36,683 [INFO] ADCParametersView:116 -                Rank 1 : false
2026-03-11 11:47:36,683 [INFO] ADCParametersView:116 -                Rank 1 : false
2026-03-11 11:47:36,683 [INFO] ADCParametersView:116 -                Rank 1 : false
2026-03-11 11:47:36,683 [INFO] ADCParametersView:116 -                Rank 1 : false
2026-03-11 11:47:36,684 [INFO] ADCParametersView:116 -                Rank 1 : false
2026-03-11 11:47:36,684 [INFO] ADCParametersView:116 -                Rank 1 : false
2026-03-11 11:47:36,684 [INFO] ADCParametersView:116 -                Rank 1 : false
2026-03-11 11:47:36,684 [INFO] ADCParametersView:116 -                Rank 1 : false
2026-03-11 11:47:36,684 [INFO] ADCParametersView:116 -                Rank 1 : false
2026-03-11 11:47:36,685 [INFO] ADCParametersView:116 -                Rank 1 : false
2026-03-11 11:47:36,685 [INFO] ADCParametersView:116 -                Rank 1 : false
2026-03-11 11:47:36,685 [INFO] ADCParametersView:116 -                Rank 1 : false
2026-03-11 11:47:36,685 [INFO] ADCParametersView:116 -                Rank 1 : false
2026-03-11 11:47:36,685 [INFO] ADCParametersView:116 -                Rank 1 : false
2026-03-11 11:47:36,685 [INFO] ADCParametersView:116 -                Rank 1 : false
2026-03-11 11:47:36,685 [INFO] ADCParametersView:116 -                Rank 1 : false
2026-03-11 11:47:36,698 [INFO] ADCParametersView:116 -                Rank 1 : false
2026-03-11 11:47:36,723 [INFO] ADCParametersView:116 -                Rank 1 : false
2026-03-11 11:47:36,724 [INFO] ADCParametersView:116 -                Rank 1 : false
2026-03-11 11:47:36,724 [INFO] ADCParametersView:116 -                Rank 1 : false
2026-03-11 11:47:36,725 [INFO] ADCParametersView:116 -                Rank 1 : false
2026-03-11 11:47:36,725 [INFO] ADCParametersView:116 -                Rank 1 : false
2026-03-11 11:47:36,725 [INFO] ADCParametersView:116 -                Rank 1 : false
2026-03-11 11:47:36,725 [INFO] ADCParametersView:116 -                Rank 1 : false
2026-03-11 11:47:36,725 [INFO] ADCParametersView:116 -                Rank 1 : false
2026-03-11 11:47:36,726 [INFO] ADCParametersView:116 -                Rank 1 : false
2026-03-11 11:47:36,726 [INFO] ADCParametersView:116 -                Rank 1 : false
2026-03-11 11:47:36,726 [INFO] ADCParametersView:116 -                Rank 1 : false
2026-03-11 11:47:36,726 [INFO] ADCParametersView:116 -                Rank 1 : false
2026-03-11 11:47:36,726 [INFO] ADCParametersView:116 -                Rank 1 : false
2026-03-11 11:47:36,727 [INFO] ADCParametersView:116 -                Rank 1 : false
2026-03-11 11:47:36,727 [INFO] ADCParametersView:116 -                Rank 1 : false
2026-03-11 11:47:36,727 [INFO] ADCParametersView:116 -                Rank 1 : false
2026-03-11 11:47:36,727 [INFO] ADCParametersView:116 -                Rank 1 : false
2026-03-11 11:47:36,727 [INFO] ADCParametersView:116 -                Rank 1 : false
2026-03-11 11:47:36,727 [INFO] ADCParametersView:116 -                Rank 1 : false
2026-03-11 11:47:36,727 [INFO] ADCParametersView:116 -                Rank 1 : false
2026-03-11 11:47:36,727 [INFO] ADCParametersView:116 -                Rank 1 : false
2026-03-11 11:47:36,742 [INFO] ADCParametersView:116 -                Rank 1 : false
2026-03-11 11:47:36,889 [INFO] ADCParametersView:116 -                Rank 1 : false
2026-03-11 11:47:36,890 [INFO] ADCParametersView:116 -                Rank 1 : false
2026-03-11 11:47:36,891 [INFO] ADCParametersView:116 -                Rank 1 : false
2026-03-11 11:47:36,891 [INFO] ADCParametersView:116 -                Rank 1 : false
2026-03-11 11:47:36,891 [INFO] ADCParametersView:116 -                Rank 1 : false
2026-03-11 11:47:36,892 [INFO] ADCParametersView:116 -                Rank 1 : false
2026-03-11 11:47:36,892 [INFO] ADCParametersView:116 -                Rank 1 : false
2026-03-11 11:47:36,892 [INFO] ADCParametersView:116 -                Rank 1 : false
2026-03-11 11:47:36,892 [INFO] ADCParametersView:116 -                Rank 1 : false
2026-03-11 11:47:36,893 [INFO] ADCParametersView:116 -                Rank 1 : false
2026-03-11 11:47:36,893 [INFO] ADCParametersView:116 -                Rank 1 : false
2026-03-11 11:47:36,893 [INFO] ADCParametersView:116 -                Rank 1 : false
2026-03-11 11:47:36,893 [INFO] ADCParametersView:116 -                Rank 1 : false
2026-03-11 11:47:36,893 [INFO] ADCParametersView:116 -                Rank 1 : false
2026-03-11 11:47:36,894 [INFO] ADCParametersView:116 -                Rank 1 : false
2026-03-11 11:47:36,894 [INFO] ADCParametersView:116 -                Rank 1 : false
2026-03-11 11:47:36,894 [INFO] ADCParametersView:116 -                Rank 1 : false
2026-03-11 11:47:36,894 [INFO] ADCParametersView:116 -                Rank 1 : false
2026-03-11 11:47:36,894 [INFO] ADCParametersView:116 -                Rank 1 : false
2026-03-11 11:47:36,894 [INFO] ADCParametersView:116 -                Rank 1 : false
2026-03-11 11:47:36,894 [INFO] ADCParametersView:116 -                Rank 1 : false
2026-03-11 11:47:36,909 [INFO] ADCParametersView:116 -                Rank 1 : false
2026-03-11 11:47:36,935 [INFO] ADCParametersView:116 -                Rank 1 : false
2026-03-11 11:47:36,935 [INFO] ADCParametersView:116 -                Rank 1 : false
2026-03-11 11:47:36,935 [INFO] ADCParametersView:116 -                Rank 1 : false
2026-03-11 11:47:36,936 [INFO] ADCParametersView:116 -                Rank 1 : false
2026-03-11 11:47:36,936 [INFO] ADCParametersView:116 -                Rank 1 : false
2026-03-11 11:47:36,936 [INFO] ADCParametersView:116 -                Rank 1 : false
2026-03-11 11:47:36,936 [INFO] ADCParametersView:116 -                Rank 1 : false
2026-03-11 11:47:36,937 [INFO] ADCParametersView:116 -                Rank 1 : false
2026-03-11 11:47:36,937 [INFO] ADCParametersView:116 -                Rank 1 : false
2026-03-11 11:47:36,937 [INFO] ADCParametersView:116 -                Rank 1 : false
2026-03-11 11:47:36,937 [INFO] ADCParametersView:116 -                Rank 1 : false
2026-03-11 11:47:36,937 [INFO] ADCParametersView:116 -                Rank 1 : false
2026-03-11 11:47:36,938 [INFO] ADCParametersView:116 -                Rank 1 : false
2026-03-11 11:47:36,938 [INFO] ADCParametersView:116 -                Rank 1 : false
2026-03-11 11:47:36,938 [INFO] ADCParametersView:116 -                Rank 1 : false
2026-03-11 11:47:36,938 [INFO] ADCParametersView:116 -                Rank 1 : false
2026-03-11 11:47:36,938 [INFO] ADCParametersView:116 -                Rank 1 : false
2026-03-11 11:47:36,938 [INFO] ADCParametersView:116 -                Rank 1 : false
2026-03-11 11:47:36,938 [INFO] ADCParametersView:116 -                Rank 1 : false
2026-03-11 11:47:36,938 [INFO] ADCParametersView:116 -                Rank 1 : false
2026-03-11 11:47:36,939 [INFO] ADCParametersView:116 -                Rank 1 : false
2026-03-11 11:47:36,950 [INFO] ADCParametersView:116 -                Rank 1 : false
2026-03-11 11:47:39,217 [INFO] ADCParametersView:116 -                Rank 1 : false
2026-03-11 11:47:39,230 [INFO] ADCParametersView:116 -                Rank 1 : false
2026-03-11 11:47:39,234 [INFO] ADCParametersView:116 -                Rank 1 : false
2026-03-11 11:47:39,235 [INFO] ADCParametersView:116 -                Rank 1 : false
2026-03-11 11:47:39,235 [INFO] ADCParametersView:116 -                Rank 1 : false
2026-03-11 11:47:39,235 [INFO] ADCParametersView:116 -                Rank 1 : false
2026-03-11 11:47:39,235 [INFO] ADCParametersView:116 -                Rank 1 : false
2026-03-11 11:47:39,235 [INFO] ADCParametersView:116 -                Rank 1 : false
2026-03-11 11:47:39,236 [INFO] ADCParametersView:116 -                Rank 1 : false
2026-03-11 11:47:39,236 [INFO] ADCParametersView:116 -                Rank 1 : false
2026-03-11 11:47:39,236 [INFO] ADCParametersView:116 -                Rank 1 : false
2026-03-11 11:47:39,236 [INFO] ADCParametersView:116 -                Rank 1 : false
2026-03-11 11:47:39,236 [INFO] ADCParametersView:116 -                Rank 1 : false
2026-03-11 11:47:39,237 [INFO] ADCParametersView:116 -                Rank 1 : false
2026-03-11 11:47:39,237 [INFO] ADCParametersView:116 -                Rank 1 : false
2026-03-11 11:47:39,237 [INFO] ADCParametersView:116 -                Rank 1 : false
2026-03-11 11:47:39,237 [INFO] ADCParametersView:116 -                Rank 1 : false
2026-03-11 11:47:39,237 [INFO] ADCParametersView:116 -                Rank 1 : false
2026-03-11 11:47:39,237 [INFO] ADCParametersView:116 -                Rank 1 : false
2026-03-11 11:47:39,237 [INFO] ADCParametersView:116 -                Rank 1 : false
2026-03-11 11:47:39,237 [INFO] ADCParametersView:116 -                Rank 1 : false
2026-03-11 11:47:39,329 [INFO] ADCParametersView:116 -                Rank 1 : false
2026-03-11 11:47:39,489 [INFO] ADCParametersView:116 -                Rank 1 : false
2026-03-11 11:47:39,490 [INFO] ADCParametersView:116 -                Rank 1 : false
2026-03-11 11:47:39,490 [INFO] ADCParametersView:116 -                Rank 1 : false
2026-03-11 11:47:39,491 [INFO] ADCParametersView:116 -                Rank 1 : false
2026-03-11 11:47:39,491 [INFO] ADCParametersView:116 -                Rank 1 : false
2026-03-11 11:47:39,491 [INFO] ADCParametersView:116 -                Rank 1 : false
2026-03-11 11:47:39,491 [INFO] ADCParametersView:116 -                Rank 1 : false
2026-03-11 11:47:39,492 [INFO] ADCParametersView:116 -                Rank 1 : false
2026-03-11 11:47:39,492 [INFO] ADCParametersView:116 -                Rank 1 : false
2026-03-11 11:47:39,492 [INFO] ADCParametersView:116 -                Rank 1 : false
2026-03-11 11:47:39,492 [INFO] ADCParametersView:116 -                Rank 1 : false
2026-03-11 11:47:39,492 [INFO] ADCParametersView:116 -                Rank 1 : false
2026-03-11 11:47:39,493 [INFO] ADCParametersView:116 -                Rank 1 : false
2026-03-11 11:47:39,493 [INFO] ADCParametersView:116 -                Rank 1 : false
2026-03-11 11:47:39,493 [INFO] ADCParametersView:116 -                Rank 1 : false
2026-03-11 11:47:39,493 [INFO] ADCParametersView:116 -                Rank 1 : false
2026-03-11 11:47:39,493 [INFO] ADCParametersView:116 -                Rank 1 : false
2026-03-11 11:47:39,493 [INFO] ADCParametersView:116 -                Rank 1 : false
2026-03-11 11:47:39,493 [INFO] ADCParametersView:116 -                Rank 1 : false
2026-03-11 11:47:39,494 [INFO] ADCParametersView:116 -                Rank 1 : false
2026-03-11 11:47:39,494 [INFO] ADCParametersView:116 -                Rank 1 : false
2026-03-11 11:47:39,509 [INFO] ADCParametersView:116 -                Rank 1 : false
2026-03-11 11:47:39,649 [INFO] ADCParametersView:116 -                Rank 1 : false
2026-03-11 11:47:39,651 [INFO] ADCParametersView:116 -                Rank 1 : false
2026-03-11 11:47:39,651 [INFO] ADCParametersView:116 -                Rank 1 : false
2026-03-11 11:47:39,651 [INFO] ADCParametersView:116 -                Rank 1 : false
2026-03-11 11:47:39,652 [INFO] ADCParametersView:116 -                Rank 1 : false
2026-03-11 11:47:39,652 [INFO] ADCParametersView:116 -                Rank 1 : false
2026-03-11 11:47:39,652 [INFO] ADCParametersView:116 -                Rank 1 : false
2026-03-11 11:47:39,652 [INFO] ADCParametersView:116 -                Rank 1 : false
2026-03-11 11:47:39,653 [INFO] ADCParametersView:116 -                Rank 1 : false
2026-03-11 11:47:39,653 [INFO] ADCParametersView:116 -                Rank 1 : false
2026-03-11 11:47:39,653 [INFO] ADCParametersView:116 -                Rank 1 : false
2026-03-11 11:47:39,653 [INFO] ADCParametersView:116 -                Rank 1 : false
2026-03-11 11:47:39,654 [INFO] ADCParametersView:116 -                Rank 1 : false
2026-03-11 11:47:39,654 [INFO] ADCParametersView:116 -                Rank 1 : false
2026-03-11 11:47:39,654 [INFO] ADCParametersView:116 -                Rank 1 : false
2026-03-11 11:47:39,655 [INFO] ADCParametersView:116 -                Rank 1 : false
2026-03-11 11:47:39,655 [INFO] ADCParametersView:116 -                Rank 1 : false
2026-03-11 11:47:39,655 [INFO] ADCParametersView:116 -                Rank 1 : false
2026-03-11 11:47:39,655 [INFO] ADCParametersView:116 -                Rank 1 : false
2026-03-11 11:47:39,655 [INFO] ADCParametersView:116 -                Rank 1 : false
2026-03-11 11:47:39,655 [INFO] ADCParametersView:116 -                Rank 1 : false
2026-03-11 11:47:39,668 [INFO] ADCParametersView:116 -                Rank 1 : false
2026-03-11 11:47:39,698 [INFO] ADCParametersView:116 -                Rank 1 : false
2026-03-11 11:47:39,699 [INFO] ADCParametersView:116 -                Rank 1 : false
2026-03-11 11:47:39,699 [INFO] ADCParametersView:116 -                Rank 1 : false
2026-03-11 11:47:39,699 [INFO] ADCParametersView:116 -                Rank 1 : false
2026-03-11 11:47:39,699 [INFO] ADCParametersView:116 -                Rank 1 : false
2026-03-11 11:47:39,700 [INFO] ADCParametersView:116 -                Rank 1 : false
2026-03-11 11:47:39,700 [INFO] ADCParametersView:116 -                Rank 1 : false
2026-03-11 11:47:39,700 [INFO] ADCParametersView:116 -                Rank 1 : false
2026-03-11 11:47:39,700 [INFO] ADCParametersView:116 -                Rank 1 : false
2026-03-11 11:47:39,701 [INFO] ADCParametersView:116 -                Rank 1 : false
2026-03-11 11:47:39,701 [INFO] ADCParametersView:116 -                Rank 1 : false
2026-03-11 11:47:39,701 [INFO] ADCParametersView:116 -                Rank 1 : false
2026-03-11 11:47:39,701 [INFO] ADCParametersView:116 -                Rank 1 : false
2026-03-11 11:47:39,701 [INFO] ADCParametersView:116 -                Rank 1 : false
2026-03-11 11:47:39,701 [INFO] ADCParametersView:116 -                Rank 1 : false
2026-03-11 11:47:39,702 [INFO] ADCParametersView:116 -                Rank 1 : false
2026-03-11 11:47:39,702 [INFO] ADCParametersView:116 -                Rank 1 : false
2026-03-11 11:47:39,702 [INFO] ADCParametersView:116 -                Rank 1 : false
2026-03-11 11:47:39,702 [INFO] ADCParametersView:116 -                Rank 1 : false
2026-03-11 11:47:39,702 [INFO] ADCParametersView:116 -                Rank 1 : false
2026-03-11 11:47:39,702 [INFO] ADCParametersView:116 -                Rank 1 : false
2026-03-11 11:47:39,717 [INFO] ADCParametersView:116 -                Rank 1 : false
2026-03-11 11:47:39,947 [INFO] ADCParametersView:116 -                Rank 1 : false
2026-03-11 11:47:39,948 [INFO] ADCParametersView:116 -                Rank 1 : false
2026-03-11 11:47:39,948 [INFO] ADCParametersView:116 -                Rank 1 : false
2026-03-11 11:47:39,948 [INFO] ADCParametersView:116 -                Rank 1 : false
2026-03-11 11:47:39,948 [INFO] ADCParametersView:116 -                Rank 1 : false
2026-03-11 11:47:39,949 [INFO] ADCParametersView:116 -                Rank 1 : false
2026-03-11 11:47:39,949 [INFO] ADCParametersView:116 -                Rank 1 : false
2026-03-11 11:47:39,949 [INFO] ADCParametersView:116 -                Rank 1 : false
2026-03-11 11:47:39,949 [INFO] ADCParametersView:116 -                Rank 1 : false
2026-03-11 11:47:39,950 [INFO] ADCParametersView:116 -                Rank 1 : false
2026-03-11 11:47:39,950 [INFO] ADCParametersView:116 -                Rank 1 : false
2026-03-11 11:47:39,950 [INFO] ADCParametersView:116 -                Rank 1 : false
2026-03-11 11:47:39,950 [INFO] ADCParametersView:116 -                Rank 1 : false
2026-03-11 11:47:39,950 [INFO] ADCParametersView:116 -                Rank 1 : false
2026-03-11 11:47:39,950 [INFO] ADCParametersView:116 -                Rank 1 : false
2026-03-11 11:47:39,951 [INFO] ADCParametersView:116 -                Rank 1 : false
2026-03-11 11:47:39,951 [INFO] ADCParametersView:116 -                Rank 1 : false
2026-03-11 11:47:39,951 [INFO] ADCParametersView:116 -                Rank 1 : false
2026-03-11 11:47:39,951 [INFO] ADCParametersView:116 -                Rank 1 : false
2026-03-11 11:47:39,951 [INFO] ADCParametersView:116 -                Rank 1 : false
2026-03-11 11:47:39,951 [INFO] ADCParametersView:116 -                Rank 1 : false
2026-03-11 11:47:39,964 [INFO] ADCParametersView:116 -                Rank 1 : false
2026-03-11 11:47:39,987 [INFO] ADCParametersView:116 -                Rank 1 : false
2026-03-11 11:47:39,987 [INFO] ADCParametersView:116 -                Rank 1 : false
2026-03-11 11:47:39,988 [INFO] ADCParametersView:116 -                Rank 1 : false
2026-03-11 11:47:39,988 [INFO] ADCParametersView:116 -                Rank 1 : false
2026-03-11 11:47:39,988 [INFO] ADCParametersView:116 -                Rank 1 : false
2026-03-11 11:47:39,988 [INFO] ADCParametersView:116 -                Rank 1 : false
2026-03-11 11:47:39,989 [INFO] ADCParametersView:116 -                Rank 1 : false
2026-03-11 11:47:39,989 [INFO] ADCParametersView:116 -                Rank 1 : false
2026-03-11 11:47:39,989 [INFO] ADCParametersView:116 -                Rank 1 : false
2026-03-11 11:47:39,989 [INFO] ADCParametersView:116 -                Rank 1 : false
2026-03-11 11:47:39,990 [INFO] ADCParametersView:116 -                Rank 1 : false
2026-03-11 11:47:39,990 [INFO] ADCParametersView:116 -                Rank 1 : false
2026-03-11 11:47:39,990 [INFO] ADCParametersView:116 -                Rank 1 : false
2026-03-11 11:47:39,990 [INFO] ADCParametersView:116 -                Rank 1 : false
2026-03-11 11:47:39,990 [INFO] ADCParametersView:116 -                Rank 1 : false
2026-03-11 11:47:39,990 [INFO] ADCParametersView:116 -                Rank 1 : false
2026-03-11 11:47:39,991 [INFO] ADCParametersView:116 -                Rank 1 : false
2026-03-11 11:47:39,991 [INFO] ADCParametersView:116 -                Rank 1 : false
2026-03-11 11:47:39,991 [INFO] ADCParametersView:116 -                Rank 1 : false
2026-03-11 11:47:39,991 [INFO] ADCParametersView:116 -                Rank 1 : false
2026-03-11 11:47:39,991 [INFO] ADCParametersView:116 -                Rank 1 : false
2026-03-11 11:47:40,004 [INFO] ADCParametersView:116 -                Rank 1 : false
2026-03-11 11:56:33,295 [INFO] WebApp:194 - Connection lost
2026-03-11 11:56:40,731 [INFO] WebApp:191 - Connection restablished
2026-03-11 11:57:08,311 [INFO] WebApp:194 - Connection lost
2026-03-11 11:58:08,598 [INFO] WebApp:191 - Connection restablished
2026-03-11 12:13:23,349 [INFO] WebApp:194 - Connection lost
2026-03-11 12:13:29,061 [INFO] WebApp:191 - Connection restablished
2026-03-11 12:46:50,559 [INFO] WebApp:194 - Connection lost
2026-03-11 12:46:54,960 [INFO] WebApp:191 - Connection restablished
2026-03-11 12:49:30,830 [INFO] UtilMem:75 - End SaveConfig() Used Memory: 874140944 Bytes (1073741824)
2026-03-11 12:49:33,048 [INFO] UtilMem:75 - End SaveConfig() Used Memory: 924286800 Bytes (1073741824)
2026-03-11 12:49:34,072 [ERROR] IocParser:95 - Exception caught: null
2026-03-11 12:49:35,011 [ERROR] IocParser:95 - Exception caught: null
2026-03-11 12:49:38,301 [INFO] UtilMem:75 - End SaveConfig() Used Memory: 753624304 Bytes (1073741824)
2026-03-11 12:49:39,923 [INFO] BlockDiagram:2775 - set Specific Code input for plugin: SYS
2026-03-11 12:49:39,934 [INFO] BlockDiagram:2775 - set Specific Code input for plugin: ADC
2026-03-11 12:49:39,937 [INFO] BlockDiagram:2775 - set Specific Code input for plugin: RCC
2026-03-11 12:49:39,937 [INFO] BlockDiagram:2775 - set Specific Code input for plugin: NVIC
2026-03-11 12:49:39,937 [INFO] BlockDiagram:2775 - set Specific Code input for plugin: USART
2026-03-11 12:49:39,937 [INFO] BlockDiagram:2775 - set Specific Code input for plugin: GPIO
2026-03-11 12:49:39,937 [INFO] BlockDiagram:2775 - set Specific Code input for plugin: NUCLEO-G431RB
2026-03-11 12:49:39,938 [INFO] CodeGenerator:892 - code generatio: config db path: /Applications/STM32CubeIDE.app/Contents/Eclipse/plugins/com.st.stm32cube.common.mx_6.15.0.202507011659//db/
2026-03-11 12:49:40,112 [INFO] CodeEngine:265 - oldGeneratedFile, /Users/leon/VSCodeProject/SSI/STM32Prj/SSI/MXTmpFiles/license.tmp_save
2026-03-11 12:49:40,506 [INFO] CodeEngine:289 - Generated code: /Users/leon/VSCodeProject/SSI/STM32Prj/SSI/MXTmpFiles/license.tmp
2026-03-11 12:49:40,614 [INFO] CodeEngine:265 - oldGeneratedFile, /Users/leon/VSCodeProject/SSI/STM32Prj/SSI/MXTmpFiles/gpio.tmp_save
2026-03-11 12:49:40,847 [ERROR] IocParser:95 - Exception caught: null
2026-03-11 12:49:40,857 [INFO] CodeEngine:289 - Generated code: /Users/leon/VSCodeProject/SSI/STM32Prj/SSI/MXTmpFiles/gpio.tmp
2026-03-11 12:49:41,481 [INFO] CodeEngine:265 - oldGeneratedFile, /Users/leon/VSCodeProject/SSI/STM32Prj/SSI/Core/Inc/stm32g4xx_nucleo_conf.h_save
2026-03-11 12:49:41,608 [INFO] CodeEngine:289 - Generated code: /Users/leon/VSCodeProject/SSI/STM32Prj/SSI/Core/Inc/stm32g4xx_nucleo_conf.h
2026-03-11 12:49:41,614 [INFO] CodeEngine:265 - oldGeneratedFile, /Users/leon/VSCodeProject/SSI/STM32Prj/SSI/MXTmpFiles/bsp_inc.tmp_save
2026-03-11 12:49:41,697 [INFO] CodeEngine:289 - Generated code: /Users/leon/VSCodeProject/SSI/STM32Prj/SSI/MXTmpFiles/bsp_inc.tmp
2026-03-11 12:49:41,700 [INFO] CodeEngine:265 - oldGeneratedFile, /Users/leon/VSCodeProject/SSI/STM32Prj/SSI/MXTmpFiles/bsp_common_vars.tmp_save
2026-03-11 12:49:41,788 [INFO] CodeEngine:289 - Generated code: /Users/leon/VSCodeProject/SSI/STM32Prj/SSI/MXTmpFiles/bsp_common_vars.tmp
2026-03-11 12:49:41,789 [INFO] CodeEngine:265 - oldGeneratedFile, /Users/leon/VSCodeProject/SSI/STM32Prj/SSI/MXTmpFiles/bsp_common_init.tmp_save
2026-03-11 12:49:41,877 [INFO] CodeEngine:289 - Generated code: /Users/leon/VSCodeProject/SSI/STM32Prj/SSI/MXTmpFiles/bsp_common_init.tmp
2026-03-11 12:49:41,879 [INFO] CodeEngine:265 - oldGeneratedFile, /Users/leon/VSCodeProject/SSI/STM32Prj/SSI/MXTmpFiles/bsp_common_demo_before_while.tmp_save
2026-03-11 12:49:41,966 [INFO] CodeEngine:289 - Generated code: /Users/leon/VSCodeProject/SSI/STM32Prj/SSI/MXTmpFiles/bsp_common_demo_before_while.tmp
2026-03-11 12:49:41,969 [INFO] CodeEngine:265 - oldGeneratedFile, /Users/leon/VSCodeProject/SSI/STM32Prj/SSI/MXTmpFiles/bsp_common_demo_inside_while.tmp_save
2026-03-11 12:49:42,070 [INFO] CodeEngine:289 - Generated code: /Users/leon/VSCodeProject/SSI/STM32Prj/SSI/MXTmpFiles/bsp_common_demo_inside_while.tmp
2026-03-11 12:49:42,072 [INFO] CodeEngine:265 - oldGeneratedFile, /Users/leon/VSCodeProject/SSI/STM32Prj/SSI/MXTmpFiles/bsp_common_demo_fct.tmp_save
2026-03-11 12:49:42,158 [INFO] CodeEngine:289 - Generated code: /Users/leon/VSCodeProject/SSI/STM32Prj/SSI/MXTmpFiles/bsp_common_demo_fct.tmp
2026-03-11 12:49:42,171 [INFO] CodeEngine:265 - oldGeneratedFile, /Users/leon/VSCodeProject/SSI/STM32Prj/SSI/Core/Src/stm32g4xx_it.c_save
2026-03-11 12:49:42,502 [INFO] CodeEngine:289 - Generated code: /Users/leon/VSCodeProject/SSI/STM32Prj/SSI/Core/Src/stm32g4xx_it.c
2026-03-11 12:49:42,506 [INFO] CodeEngine:265 - oldGeneratedFile, /Users/leon/VSCodeProject/SSI/STM32Prj/SSI/Core/Inc/stm32g4xx_it.h_save
2026-03-11 12:49:42,607 [INFO] CodeEngine:289 - Generated code: /Users/leon/VSCodeProject/SSI/STM32Prj/SSI/Core/Inc/stm32g4xx_it.h
2026-03-11 12:49:42,616 [INFO] CodeEngine:265 - oldGeneratedFile, /Users/leon/VSCodeProject/SSI/STM32Prj/SSI/Core/Src/stm32g4xx_hal_msp.c_save
2026-03-11 12:49:42,788 [INFO] CodeEngine:289 - Generated code: /Users/leon/VSCodeProject/SSI/STM32Prj/SSI/Core/Src/stm32g4xx_hal_msp.c
2026-03-11 12:49:42,791 [INFO] CodeEngine:265 - oldGeneratedFile, /Users/leon/VSCodeProject/SSI/STM32Prj/SSI/MXTmpFiles/system.tmp_save
2026-03-11 12:49:42,851 [INFO] CodeEngine:289 - Generated code: /Users/leon/VSCodeProject/SSI/STM32Prj/SSI/MXTmpFiles/system.tmp
2026-03-11 12:49:42,861 [INFO] CodeEngine:321 - oldGeneratedFile, /Users/leon/VSCodeProject/SSI/STM32Prj/SSI/Core/Inc/stm32g4xx_hal_conf.h_save
2026-03-11 12:49:42,926 [INFO] CodeEngine:345 - Generated code: /Users/leon/VSCodeProject/SSI/STM32Prj/SSI/Core/Inc/stm32g4xx_hal_conf.h
2026-03-11 12:49:43,007 [WARN] IPConfigManager:3238 - Warning: the RefConfig RCC_CommonPeriphClockConfig is not available in your config.xml file
2026-03-11 12:49:43,016 [INFO] CodeEngine:265 - oldGeneratedFile, /Users/leon/VSCodeProject/SSI/STM32Prj/SSI/Core/Inc/main.h_save
2026-03-11 12:49:43,123 [INFO] CodeEngine:289 - Generated code: /Users/leon/VSCodeProject/SSI/STM32Prj/SSI/Core/Inc/main.h
2026-03-11 12:49:43,126 [INFO] CodeEngine:265 - oldGeneratedFile, /Users/leon/VSCodeProject/SSI/STM32Prj/SSI/Core/Src/main.c_save
2026-03-11 12:49:43,267 [INFO] CodeEngine:289 - Generated code: /Users/leon/VSCodeProject/SSI/STM32Prj/SSI/Core/Src/main.c
2026-03-11 12:49:43,484 [INFO] ProjectBuilder:3606 - Time for Copy HAL[1] : 82mS.
2026-03-11 12:49:43,487 [INFO] ProjectBuilder:5216 - Project Generator version: 4.7.0-B52
2026-03-11 12:49:43,574 [INFO] ConfigFileManager:1595 - The Die is : DIE468
2026-03-11 12:49:47,368 [INFO] ProjectBuilder:5496 - Time for Generating toolchain IDE Files: 3864mS.
2026-03-11 12:49:47,390 [INFO] ProjectBuilder:3463 - Time for Copy CMSIS : 4mS.
2026-03-11 12:49:47,396 [INFO] ProjectBuilder:3463 - Time for Copy CMSIS : 1mS.
2026-03-11 12:50:12,485 [INFO] ADCParametersView:116 -                Rank 1 : false
2026-03-11 12:50:12,498 [INFO] ADCParametersView:116 -                Rank 1 : false
2026-03-11 12:50:12,502 [INFO] ADCParametersView:116 -                Rank 1 : false
2026-03-11 12:50:12,502 [INFO] ADCParametersView:116 -                Rank 1 : false
2026-03-11 12:50:12,503 [INFO] ADCParametersView:116 -                Rank 1 : false
2026-03-11 12:50:12,503 [INFO] ADCParametersView:116 -                Rank 1 : false
2026-03-11 12:50:12,503 [INFO] ADCParametersView:116 -                Rank 1 : false
2026-03-11 12:50:12,504 [INFO] ADCParametersView:116 -                Rank 1 : false
2026-03-11 12:50:12,504 [INFO] ADCParametersView:116 -                Rank 1 : false
2026-03-11 12:50:12,504 [INFO] ADCParametersView:116 -                Rank 1 : false
2026-03-11 12:50:12,504 [INFO] ADCParametersView:116 -                Rank 1 : false
2026-03-11 12:50:12,505 [INFO] ADCParametersView:116 -                Rank 1 : false
2026-03-11 12:50:12,505 [INFO] ADCParametersView:116 -                Rank 1 : false
2026-03-11 12:50:12,505 [INFO] ADCParametersView:116 -                Rank 1 : false
2026-03-11 12:50:12,505 [INFO] ADCParametersView:116 -                Rank 1 : false
2026-03-11 12:50:12,505 [INFO] ADCParametersView:116 -                Rank 1 : false
2026-03-11 12:50:12,506 [INFO] ADCParametersView:116 -                Rank 1 : false
2026-03-11 12:50:12,506 [INFO] ADCParametersView:116 -                Rank 1 : false
2026-03-11 12:50:12,506 [INFO] ADCParametersView:116 -                Rank 1 : false
2026-03-11 12:50:12,506 [INFO] ADCParametersView:116 -                Rank 1 : false
2026-03-11 12:50:12,506 [INFO] ADCParametersView:116 -                Rank 1 : false
2026-03-11 12:50:12,580 [INFO] ADCParametersView:116 -                Rank 1 : false
2026-03-11 12:50:12,668 [INFO] ADCParametersView:116 -                Rank 1 : false
2026-03-11 12:50:12,669 [INFO] ADCParametersView:116 -                Rank 1 : false
2026-03-11 12:50:12,669 [INFO] ADCParametersView:116 -                Rank 1 : false
2026-03-11 12:50:12,670 [INFO] ADCParametersView:116 -                Rank 1 : false
2026-03-11 12:50:12,670 [INFO] ADCParametersView:116 -                Rank 1 : false
2026-03-11 12:50:12,670 [INFO] ADCParametersView:116 -                Rank 1 : false
2026-03-11 12:50:12,671 [INFO] ADCParametersView:116 -                Rank 1 : false
2026-03-11 12:50:12,674 [INFO] ADCParametersView:116 -                Rank 1 : false
2026-03-11 12:50:12,674 [INFO] ADCParametersView:116 -                Rank 1 : false
2026-03-11 12:50:12,674 [INFO] ADCParametersView:116 -                Rank 1 : false
2026-03-11 12:50:12,675 [INFO] ADCParametersView:116 -                Rank 1 : false
2026-03-11 12:50:12,675 [INFO] ADCParametersView:116 -                Rank 1 : false
2026-03-11 12:50:12,675 [INFO] ADCParametersView:116 -                Rank 1 : false
2026-03-11 12:50:12,675 [INFO] ADCParametersView:116 -                Rank 1 : false
2026-03-11 12:50:12,675 [INFO] ADCParametersView:116 -                Rank 1 : false
2026-03-11 12:50:12,676 [INFO] ADCParametersView:116 -                Rank 1 : false
2026-03-11 12:50:12,676 [INFO] ADCParametersView:116 -                Rank 1 : false
2026-03-11 12:50:12,676 [INFO] ADCParametersView:116 -                Rank 1 : false
2026-03-11 12:50:12,676 [INFO] ADCParametersView:116 -                Rank 1 : false
2026-03-11 12:50:12,676 [INFO] ADCParametersView:116 -                Rank 1 : false
2026-03-11 12:50:12,676 [INFO] ADCParametersView:116 -                Rank 1 : false
2026-03-11 12:50:12,690 [INFO] ADCParametersView:116 -                Rank 1 : false
2026-03-11 12:52:02,705 [INFO] UtilMem:75 - End SaveConfig() Used Memory: 909184024 Bytes (1073741824)
2026-03-11 12:52:06,682 [INFO] UtilMem:75 - End SaveConfig() Used Memory: 710083128 Bytes (1073741824)
2026-03-11 12:52:06,733 [ERROR] IocParser:95 - Exception caught: null
2026-03-11 12:52:08,514 [INFO] UtilMem:75 - End SaveConfig() Used Memory: 828855488 Bytes (1073741824)
2026-03-11 12:52:08,846 [INFO] BlockDiagram:2775 - set Specific Code input for plugin: SYS
2026-03-11 12:52:08,847 [INFO] BlockDiagram:2775 - set Specific Code input for plugin: ADC
2026-03-11 12:52:08,847 [INFO] BlockDiagram:2775 - set Specific Code input for plugin: RCC
2026-03-11 12:52:08,847 [INFO] BlockDiagram:2775 - set Specific Code input for plugin: NVIC
2026-03-11 12:52:08,847 [INFO] BlockDiagram:2775 - set Specific Code input for plugin: USART
2026-03-11 12:52:08,847 [INFO] BlockDiagram:2775 - set Specific Code input for plugin: GPIO
2026-03-11 12:52:08,847 [INFO] BlockDiagram:2775 - set Specific Code input for plugin: NUCLEO-G431RB
2026-03-11 12:52:08,849 [INFO] CodeGenerator:892 - code generatio: config db path: /Applications/STM32CubeIDE.app/Contents/Eclipse/plugins/com.st.stm32cube.common.mx_6.15.0.202507011659//db/
2026-03-11 12:52:08,940 [INFO] CodeEngine:265 - oldGeneratedFile, /Users/leon/VSCodeProject/SSI/STM32Prj/SSI/MXTmpFiles/license.tmp_save
2026-03-11 12:52:08,991 [ERROR] IocParser:95 - Exception caught: null
2026-03-11 12:52:09,252 [INFO] CodeEngine:289 - Generated code: /Users/leon/VSCodeProject/SSI/STM32Prj/SSI/MXTmpFiles/license.tmp
2026-03-11 12:52:09,347 [INFO] CodeEngine:265 - oldGeneratedFile, /Users/leon/VSCodeProject/SSI/STM32Prj/SSI/MXTmpFiles/gpio.tmp_save
2026-03-11 12:52:09,523 [INFO] CodeEngine:289 - Generated code: /Users/leon/VSCodeProject/SSI/STM32Prj/SSI/MXTmpFiles/gpio.tmp
2026-03-11 12:52:09,807 [INFO] CodeEngine:265 - oldGeneratedFile, /Users/leon/VSCodeProject/SSI/STM32Prj/SSI/Core/Inc/stm32g4xx_nucleo_conf.h_save
2026-03-11 12:52:09,926 [INFO] CodeEngine:289 - Generated code: /Users/leon/VSCodeProject/SSI/STM32Prj/SSI/Core/Inc/stm32g4xx_nucleo_conf.h
2026-03-11 12:52:09,927 [INFO] CodeEngine:265 - oldGeneratedFile, /Users/leon/VSCodeProject/SSI/STM32Prj/SSI/MXTmpFiles/bsp_inc.tmp_save
2026-03-11 12:52:10,014 [INFO] CodeEngine:289 - Generated code: /Users/leon/VSCodeProject/SSI/STM32Prj/SSI/MXTmpFiles/bsp_inc.tmp
2026-03-11 12:52:10,016 [INFO] CodeEngine:265 - oldGeneratedFile, /Users/leon/VSCodeProject/SSI/STM32Prj/SSI/MXTmpFiles/bsp_common_vars.tmp_save
2026-03-11 12:52:10,119 [INFO] CodeEngine:289 - Generated code: /Users/leon/VSCodeProject/SSI/STM32Prj/SSI/MXTmpFiles/bsp_common_vars.tmp
2026-03-11 12:52:10,122 [INFO] CodeEngine:265 - oldGeneratedFile, /Users/leon/VSCodeProject/SSI/STM32Prj/SSI/MXTmpFiles/bsp_common_init.tmp_save
2026-03-11 12:52:10,225 [INFO] CodeEngine:289 - Generated code: /Users/leon/VSCodeProject/SSI/STM32Prj/SSI/MXTmpFiles/bsp_common_init.tmp
2026-03-11 12:52:10,227 [INFO] CodeEngine:265 - oldGeneratedFile, /Users/leon/VSCodeProject/SSI/STM32Prj/SSI/MXTmpFiles/bsp_common_demo_before_while.tmp_save
2026-03-11 12:52:10,310 [INFO] CodeEngine:289 - Generated code: /Users/leon/VSCodeProject/SSI/STM32Prj/SSI/MXTmpFiles/bsp_common_demo_before_while.tmp
2026-03-11 12:52:10,327 [INFO] CodeEngine:265 - oldGeneratedFile, /Users/leon/VSCodeProject/SSI/STM32Prj/SSI/MXTmpFiles/bsp_common_demo_inside_while.tmp_save
2026-03-11 12:52:10,431 [INFO] CodeEngine:289 - Generated code: /Users/leon/VSCodeProject/SSI/STM32Prj/SSI/MXTmpFiles/bsp_common_demo_inside_while.tmp
2026-03-11 12:52:10,433 [INFO] CodeEngine:265 - oldGeneratedFile, /Users/leon/VSCodeProject/SSI/STM32Prj/SSI/MXTmpFiles/bsp_common_demo_fct.tmp_save
2026-03-11 12:52:10,495 [INFO] CodeEngine:289 - Generated code: /Users/leon/VSCodeProject/SSI/STM32Prj/SSI/MXTmpFiles/bsp_common_demo_fct.tmp
2026-03-11 12:52:10,504 [INFO] CodeEngine:265 - oldGeneratedFile, /Users/leon/VSCodeProject/SSI/STM32Prj/SSI/Core/Src/stm32g4xx_it.c_save
2026-03-11 12:52:10,583 [INFO] CodeEngine:289 - Generated code: /Users/leon/VSCodeProject/SSI/STM32Prj/SSI/Core/Src/stm32g4xx_it.c
2026-03-11 12:52:10,585 [INFO] CodeEngine:265 - oldGeneratedFile, /Users/leon/VSCodeProject/SSI/STM32Prj/SSI/Core/Inc/stm32g4xx_it.h_save
2026-03-11 12:52:10,642 [INFO] CodeEngine:289 - Generated code: /Users/leon/VSCodeProject/SSI/STM32Prj/SSI/Core/Inc/stm32g4xx_it.h
2026-03-11 12:52:10,649 [INFO] CodeEngine:265 - oldGeneratedFile, /Users/leon/VSCodeProject/SSI/STM32Prj/SSI/Core/Src/stm32g4xx_hal_msp.c_save
2026-03-11 12:52:10,775 [INFO] CodeEngine:289 - Generated code: /Users/leon/VSCodeProject/SSI/STM32Prj/SSI/Core/Src/stm32g4xx_hal_msp.c
2026-03-11 12:52:10,779 [INFO] CodeEngine:265 - oldGeneratedFile, /Users/leon/VSCodeProject/SSI/STM32Prj/SSI/MXTmpFiles/system.tmp_save
2026-03-11 12:52:10,839 [INFO] CodeEngine:289 - Generated code: /Users/leon/VSCodeProject/SSI/STM32Prj/SSI/MXTmpFiles/system.tmp
2026-03-11 12:52:10,845 [INFO] CodeEngine:321 - oldGeneratedFile, /Users/leon/VSCodeProject/SSI/STM32Prj/SSI/Core/Inc/stm32g4xx_hal_conf.h_save
2026-03-11 12:52:10,913 [INFO] CodeEngine:345 - Generated code: /Users/leon/VSCodeProject/SSI/STM32Prj/SSI/Core/Inc/stm32g4xx_hal_conf.h
2026-03-11 12:52:10,999 [WARN] IPConfigManager:3238 - Warning: the RefConfig RCC_CommonPeriphClockConfig is not available in your config.xml file
2026-03-11 12:52:11,006 [INFO] CodeEngine:265 - oldGeneratedFile, /Users/leon/VSCodeProject/SSI/STM32Prj/SSI/Core/Inc/main.h_save
2026-03-11 12:52:11,098 [INFO] CodeEngine:289 - Generated code: /Users/leon/VSCodeProject/SSI/STM32Prj/SSI/Core/Inc/main.h
2026-03-11 12:52:11,101 [INFO] CodeEngine:265 - oldGeneratedFile, /Users/leon/VSCodeProject/SSI/STM32Prj/SSI/Core/Src/main.c_save
2026-03-11 12:52:11,227 [INFO] CodeEngine:289 - Generated code: /Users/leon/VSCodeProject/SSI/STM32Prj/SSI/Core/Src/main.c
2026-03-11 12:52:11,431 [INFO] ProjectBuilder:3606 - Time for Copy HAL[1] : 80mS.
2026-03-11 12:52:11,435 [INFO] ProjectBuilder:5216 - Project Generator version: 4.7.0-B52
2026-03-11 12:52:11,501 [INFO] ConfigFileManager:1595 - The Die is : DIE468
2026-03-11 12:52:14,385 [INFO] ProjectBuilder:5496 - Time for Generating toolchain IDE Files: 2943mS.
2026-03-11 12:52:14,407 [INFO] ProjectBuilder:3463 - Time for Copy CMSIS : 2mS.
2026-03-11 12:52:14,414 [INFO] ProjectBuilder:3463 - Time for Copy CMSIS : 0mS.
