timestamp,ch1,ch2,label
1779865081.366751,2088,1829,0_S
1779865081.366832,1990,1898,0_S
1779865081.366907,1999,2060,0_S
1779865081.3763862,2117,1981,0_S
1779865081.3787599,2137,1849,0_S
1779865081.380338,2134,1788,0_S
1779865081.381851,2068,1926,0_S
1779865081.384963,2050,1818,0_S
1779865081.38508,2065,1766,0_S
1779865081.385198,2050,1911,0_S
1779865081.385298,2039,2161,0_S
1779865081.3854258,2068,1995,0_S
1779865081.386775,2088,1751,0_S
1779865081.3888261,2083,1754,0_S
1779865081.391707,2058,1876,0_S
1779865081.397033,2034,1966,0_S
1779865081.399755,2056,1873,0_S
1779865081.400094,2007,1936,0_S
1779865081.400448,2008,2121,0_S
1779865081.404171,2040,2181,0_S
1779865081.405449,2090,1928,0_S
1779865081.4057899,2068,1835,0_S
1779865081.408533,2131,1867,0_S
1779865081.408746,2080,2034,0_S
1779865081.411433,2072,1962,0_S
1779865081.412767,2050,1917,0_S
1779865081.426602,2001,2000,0_S
1779865081.4285219,1941,2035,0_S
1779865081.4316878,2066,1846,0_S
1779865081.431843,2122,1796,0_S
1779865081.4319239,2098,1723,0_S
1779865081.4320462,2070,1752,0_S
1779865081.4321501,2027,1702,0_S
1779865081.432272,2141,1749,0_S
1779865081.4323468,2078,1930,0_S
1779865081.4338582,2012,1989,0_S
1779865081.4353669,2012,1977,0_S
1779865081.4370189,2064,1841,0_S
1779865081.443321,2091,1848,0_S
1779865081.445798,2050,1901,0_S
1779865081.4507039,1983,1982,0_S
1779865081.453909,1997,1903,0_S
1779865081.454313,2020,2064,0_S
1779865081.4544551,2018,2092,0_S
1779865081.4545531,2042,2171,0_S
1779865081.45463,2150,2035,0_S
1779865081.454693,2124,2051,0_S
1779865081.457406,2086,2072,0_S
1779865081.45889,2061,2125,0_S
1779865081.464845,2099,2039,0_S
1779865081.4724312,2096,2016,0_S
1779865081.4731882,2050,2144,0_S
1779865081.475459,2028,2214,0_S
1779865081.476346,2061,2032,0_S
1779865081.476553,2084,1825,0_S
1779865081.4766238,2166,2044,0_S
1779865081.476746,2083,2138,0_S
1779865081.47682,2083,2130,0_S
1779865081.4794161,2086,2044,0_S
1779865081.48084,2007,2060,0_S
1779865081.494314,1988,2210,0_S
1779865081.497032,2077,2217,0_S
1779865081.497246,2013,2116,0_S
1779865081.497408,2045,2078,0_S
1779865081.497486,2101,2076,0_S
1779865081.497567,2045,2094,0_S
1779865081.49773,2137,1974,0_S
1779865081.497775,2053,2051,0_S
1779865081.4991019,1971,2091,0_S
1779865081.5006201,2003,2225,0_S
1779865081.511158,2102,2046,0_S
1779865081.5157812,2105,1894,0_S
1779865081.516673,2074,1984,0_S
1779865081.5196319,2050,2111,0_S
1779865081.519756,2047,1923,0_S
1779865081.51986,2090,1972,0_S
1779865081.519917,2097,2098,0_S
1779865081.519962,2021,2110,0_S
1779865081.520032,2090,1872,0_S
1779865081.521352,2099,1742,0_S
1779865081.522709,2075,1828,0_S
1779865081.537726,2021,1923,0_S
1779865081.540357,2014,1818,0_S
1779865081.540427,2108,1800,0_S
1779865081.540622,2054,1948,0_S
1779865081.540746,1996,2059,0_S
1779865081.540819,2041,2055,0_S
1779865081.540905,2145,1994,0_S
1779865081.541047,2096,1960,0_S
1779865081.541111,2029,1996,0_S
1779865081.542619,2012,2006,0_S
1779865081.545342,2077,1913,0_S
1779865081.550696,2029,2015,0_S
1779865081.557663,1990,2126,0_S
1779865081.559414,1957,2259,0_S
1779865081.565192,2122,2120,0_S
1779865081.56537,2137,1992,0_S
1779865081.565456,2087,1998,0_S
1779865081.565658,2098,2064,0_S
1779865081.565799,2135,1959,0_S
1779865081.566068,2102,1870,0_S
1779865081.566176,2060,2108,0_S
1779865081.5675552,2012,2253,0_S
1779865081.5688472,2081,2153,0_S
1779865081.5786262,2085,2051,0_S
1779865081.5807989,2087,2017,0_S
1779865081.5847528,2083,2103,0_S
1779865081.58546,2096,2065,0_S
1779865081.5858471,2094,1990,0_S
1779865081.589735,2034,2015,0_S
1779865081.5898812,1998,2194,0_S
1779865081.58999,2075,2102,0_S
1779865081.590115,2105,1809,0_S
1779865081.590315,2061,1747,0_S
1779865081.590436,2065,1778,0_S
1779865081.598326,2067,1856,0_S
1779865081.599621,2076,1704,0_S
1779865081.60456,2031,1826,0_S
1779865081.6065621,1965,1922,0_S
1779865081.6087492,2006,1986,0_S
1779865081.611629,2082,1935,0_S
1779865081.611731,2043,2028,0_S
1779865081.611844,2054,1965,0_S
1779865081.6119301,2017,2073,0_S
1779865081.612038,2108,2086,0_S
1779865081.6132941,2065,2019,0_S
1779865081.614718,2063,2073,0_S
1779865081.6172879,2026,2314,0_S
1779865081.6256251,2089,2079,0_S
1779865081.62796,2096,1980,0_S
1779865081.630052,2104,1968,0_S
1779865081.6326149,2023,2025,0_S
1779865081.635307,2046,2069,0_S
1779865081.638519,2068,1864,0_S
1779865081.638744,2089,2089,0_S
1779865081.638866,2038,2132,0_S
1779865081.638939,2049,1982,0_S
1779865081.639036,2122,1847,0_S
1779865081.639115,2062,1851,0_S
1779865081.6412642,2059,1868,0_S
1779865081.650702,2063,1949,0_S
1779865081.6557598,2077,1841,0_S
1779865081.656325,1979,1902,0_S
1779865081.659521,2066,2028,0_S
1779865081.659698,2049,2215,0_S
1779865081.6597838,2056,1982,0_S
1779865081.659911,2103,1937,0_S
1779865081.659982,2111,1927,0_S
1779865081.660099,2024,1957,0_S
1779865081.661712,2133,1919,0_S
1779865081.663185,2126,1889,0_S
1779865081.6646001,2000,2032,0_S
1779865081.678758,2028,2195,0_S
1779865081.681385,2114,2035,0_S
1779865081.6845381,2029,1841,0_S
1779865081.6846552,2055,1906,0_S
1779865081.684732,2083,2017,0_S
1779865081.684803,2091,2019,0_S
1779865081.684866,2054,1892,0_S
1779865081.68493,2052,1950,0_S
1779865081.685,2029,2083,0_S
1779865081.685065,2029,2128,0_S
1779865081.686597,2077,1972,0_S
1779865081.6943848,2102,1938,0_S
1779865081.6966069,2019,1957,0_S
1779865081.699073,2049,2108,0_S
1779865081.702831,2089,1969,0_S
1779865081.7062871,2044,2025,0_S
1779865081.7064042,2001,2121,0_S
1779865081.70648,2019,2272,0_S
1779865081.7065501,2105,2042,0_S
1779865081.706617,2061,2027,0_S
1779865081.7066839,2126,1957,0_S
1779865081.709339,2045,2054,0_S
1779865081.710877,2054,2048,0_S
1779865081.712759,2086,2088,0_S
1779865081.72351,2018,2139,0_S
1779865081.727777,1993,2222,0_S
1779865081.7311192,2168,2185,0_S
1779865081.731211,2099,2066,0_S
1779865081.7313302,2036,1968,0_S
1779865081.731394,2080,2032,0_S
1779865081.7314718,2085,2077,0_S
1779865081.731522,2090,1991,0_S
1779865081.7315662,2027,2049,0_S
1779865081.732901,1941,2185,0_S
1779865081.7443788,2046,2197,0_S
1779865081.750127,2085,2066,0_S
1779865081.750941,2116,2076,0_S
1779865081.754412,2062,2098,0_S
1779865081.7545128,2041,2199,0_S
1779865081.754587,2117,2050,0_S
1779865081.754655,2054,2048,0_S
1779865081.754721,2005,2133,0_S
1779865081.7547882,2027,2264,0_S
1779865081.754854,2117,2124,0_S
1779865081.754922,2121,2035,0_S
1779865081.756373,2104,2016,0_S
1779865081.7591581,2034,2070,0_S
1779865081.760586,2041,2092,0_S
1779865081.7710311,2040,2069,0_S
1779865081.7760231,1976,2235,0_S
1779865081.778348,1972,2229,0_S
1779865081.7792141,2019,2185,0_S
1779865081.780006,2045,2091,0_S
1779865081.783444,2061,2004,0_S
1779865081.7835479,2043,2044,0_S
1779865081.783633,2067,2125,0_S
1779865081.783697,2081,2014,0_S
1779865081.78383,2107,2051,0_S
1779865081.7839339,2008,2195,0_S
1779865081.785386,1995,2203,0_S
1779865081.796326,2141,2036,0_S
1779865081.801067,2101,2007,0_S
1779865081.8035588,2058,2037,0_S
1779865081.8042839,2058,2111,0_S
1779865081.804634,2097,2021,0_S
1779865081.808345,2018,2013,0_S
1779865081.8086,2032,2065,0_S
1779865081.808717,2066,2175,0_S
1779865081.8087711,2149,2060,0_S
1779865081.80896,2082,2060,0_S
1779865081.8090508,2067,2000,0_S
1779865081.80912,2018,2251,0_S
1779865081.81126,2052,2162,0_S
1779865081.812669,2056,2027,0_S
1779865081.822888,2002,2165,0_S
1779865081.8255281,1970,2242,0_S
1779865081.826047,2026,2144,0_S
1779865081.8310568,2071,1963,0_S
1779865081.833437,2077,1984,0_S
1779865081.83388,2087,2074,0_S
1779865081.834168,2080,2053,0_S
1779865081.838104,2134,1933,0_S
1779865081.838232,2077,2093,0_S
1779865081.838305,2027,2272,0_S
1779865081.8383691,2032,2249,0_S
1779865081.838433,2102,2095,0_S
1779865081.8385122,2074,1970,0_S
1779865081.846931,2060,2083,0_S
1779865081.8489542,2072,2093,0_S
1779865081.85114,2074,1943,0_S
1779865081.851692,2069,2091,0_S
1779865081.8585222,2071,2258,0_S
1779865081.85903,1985,2311,0_S
1779865081.859895,2086,2066,0_S
1779865081.8632588,2085,2014,0_S
1779865081.863434,2089,2056,0_S
1779865081.8635762,2045,2150,0_S
1779865081.8636942,2036,2072,0_S
1779865081.863768,2084,2008,0_S
1779865081.865184,1999,2146,0_S
1779865081.866573,2023,2231,0_S
1779865081.8692129,2052,2177,0_S
1779865081.878329,2058,2067,0_S
1779865081.8819351,2087,2042,0_S
1779865081.886667,2032,2086,0_S
1779865081.8898199,2046,2079,0_S
1779865081.89278,2080,1972,0_S
1779865081.8936682,2016,2056,0_S
1779865081.8938189,1968,2221,0_S
1779865081.8938901,2011,2297,0_S
1779865081.893952,2156,2092,0_S
1779865081.894148,2149,2097,0_S
1779865081.894253,2094,2064,0_S
1779865081.8943439,2019,2054,0_S
1779865081.894397,2134,2043,0_S
1779865081.906224,2091,2112,0_S
1779865081.9068081,2008,2213,0_S
1779865081.911218,2040,2303,0_S
1779865081.914089,2106,2151,0_S
1779865081.914818,2057,1974,0_S
1779865081.91825,2088,1967,0_S
1779865081.9183471,2035,2017,0_S
1779865081.918417,2071,1986,0_S
1779865081.9185238,2084,1900,0_S
1779865081.9186618,2089,1970,0_S
1779865081.918766,1995,2050,0_S
1779865081.918894,2073,2091,0_S
1779865081.9219751,2071,1908,0_S
1779865081.923455,2102,1911,0_S
1779865081.924843,2032,2051,0_S
1779865081.931206,2065,2146,0_S
1779865081.932717,2122,2006,0_S
1779865081.935613,2116,2089,0_S
1779865081.940761,2019,2189,0_S
1779865081.943712,2069,2228,0_S
1779865081.9471428,2067,2093,0_S
1779865081.948286,2053,1966,0_S
1779865081.948375,2007,1987,0_S
1779865081.9484959,2021,2031,0_S
1779865081.948601,2094,2104,0_S
1779865081.948731,2103,2029,0_S
1779865081.948813,2044,2139,0_S
1779865081.950238,2094,2286,0_S
1779865081.958178,2113,2126,0_S
1779865081.960736,2056,2098,0_S
1779865081.963798,2078,2129,0_S
1779865081.968095,2065,2168,0_S
1779865081.9690728,2007,2036,0_S
1779865081.9726331,2052,1975,0_S
1779865081.9727979,2002,2172,0_S
1779865081.972876,1990,2313,0_S
1779865081.9729412,2026,2168,0_S
1779865081.973085,2058,2075,0_S
1779865081.973227,2102,2074,0_S
1779865081.974598,2206,2108,0_S
1779865081.977226,2172,2205,0_S
1779865081.9788191,2065,2002,0_S
1779865081.9892979,1948,2109,0_S
1779865081.9972422,2001,2301,0_S
1779865081.999955,2042,2305,0_S
1779865082.0009012,2089,1943,0_S
1779865082.0009758,2099,2070,0_S
1779865082.00103,2054,2148,0_S
1779865082.0011399,1996,2232,0_S
1779865082.001197,2063,2061,0_S
1779865082.001274,2091,2093,0_S
1779865082.001361,2086,2158,0_S
1779865082.0014238,2102,2200,0_S
1779865082.002774,2303,2008,0_S
1779865082.019947,2140,2043,0_S
1779865082.023434,2064,2052,0_S
1779865082.023593,2019,2136,0_S
1779865082.0236669,2150,2144,0_S
1779865082.023778,2192,2061,0_S
1779865082.0238929,2003,2240,0_S
1779865082.023947,1914,2331,0_S
1779865082.0240011,1960,2282,0_S
1779865082.024051,2006,2139,0_S
1779865082.024101,2085,2118,0_S
1779865082.024313,2084,2097,0_S
1779865082.0269802,2199,2070,0_S
1779865082.0284271,2159,2066,0_S
1779865082.0379362,2033,2185,0_S
1779865082.043071,2336,2269,0_S
1779865082.049485,2337,2343,0_S
1779865082.052923,2451,2090,0_S
1779865082.053233,2310,1988,0_S
1779865082.0534542,1974,2203,0_S
1779865082.0535538,1635,2288,0_S
1779865082.053629,1826,2088,0_S
1779865082.053694,1998,2075,0_S
1779865082.0537548,1909,2287,0_S
1779865082.053816,1950,2304,0_S
1779865082.053876,1849,2177,0_S
1779865082.05527,1724,2126,0_S
1779865082.065907,1929,2115,0_S
1779865082.073285,2057,2200,0_S
1779865082.077263,2245,2112,0_S
1779865082.077583,2127,2063,0_S
1779865082.077688,2045,2221,0_S
1779865082.077822,1974,2344,0_S
1779865082.0782511,2006,2211,0_S
1779865082.078331,2164,2084,0_S
1779865082.078402,2261,2050,0_S
1779865082.0784729,2253,1988,0_S
1779865082.078544,2205,2084,0_S
1779865082.0786119,2384,2072,0_S
1779865082.0813599,2255,2138,0_S
1779865082.082767,1916,2346,0_S
1779865082.0940459,1799,2341,0_S
1779865082.101752,1888,2087,0_S
1779865082.102987,2004,2004,0_S
1779865082.106752,2012,2019,0_S
1779865082.106972,1965,2173,0_S
1779865082.107108,1994,2109,0_S
1779865082.107163,1969,2053,0_S
1779865082.107232,1997,2134,0_S
1779865082.1073222,2029,2279,0_S
1779865082.1074262,2157,2134,0_S
1779865082.107566,2197,2138,0_S
1779865082.1076832,2142,2081,0_S
1779865082.1090539,2143,2103,0_S
1779865082.1267421,2187,2072,0_S
1779865082.13039,2071,2076,0_S
1779865082.130517,2023,2119,0_S
1779865082.13059,2157,2183,0_S
1779865082.13066,2088,2176,0_S
1779865082.130723,2036,2082,0_S
1779865082.130889,2007,2016,0_S
1779865082.131008,2010,2113,0_S
1779865082.131229,2030,2207,0_S
1779865082.131357,2150,2016,0_S
1779865082.1314619,2141,2039,0_S
1779865082.132917,1991,2317,0_S
1779865082.1344159,1940,2315,0_S
1779865082.1376278,2151,2111,0_S
1779865082.1498399,2136,2102,0_S
1779865082.1556191,2103,2147,0_S
1779865082.159325,2133,2180,0_S
1779865082.1593978,2141,2142,0_S
1779865082.159543,1958,2090,0_S
1779865082.1596,1958,2131,0_S
1779865082.159704,1956,2255,0_S
1779865082.15987,2048,2106,0_S
1779865082.15998,2068,2059,0_S
1779865082.160071,2100,2058,0_S
1779865082.1602309,2073,2115,0_S
1779865082.1602838,2065,2046,0_S
1779865082.1715899,2049,1975,0_S
1779865082.172354,2072,2169,0_S
1779865082.177081,1986,2265,0_S
1779865082.184331,2043,2212,0_S
1779865082.184433,2186,2002,0_S
1779865082.1845021,2147,1977,0_S
1779865082.184693,2083,1964,0_S
1779865082.184766,2114,2053,0_S
1779865082.18483,2456,1968,0_S
1779865082.184899,2039,2164,0_S
1779865082.184963,1842,2263,0_S
1779865082.185059,2077,2202,0_S
1779865082.186528,2144,2030,0_S
1779865082.188155,1904,2059,0_S
1779865082.190967,1876,2075,0_S
1779865082.201698,1943,2178,0_S
1779865082.210321,1945,2045,0_S
1779865082.214002,1967,1998,0_S
1779865082.2140968,1965,2124,0_S
1779865082.214178,2102,2158,0_S
1779865082.214241,2179,2060,0_S
1779865082.214356,2182,2006,0_S
1779865082.214417,2129,2081,0_S
1779865082.2145028,2035,2144,0_S
1779865082.214628,2059,2005,0_S
1779865082.214692,2091,2017,0_S
1779865082.214775,2038,2070,0_S
1779865082.221975,2056,2207,0_S
1779865082.224562,2061,2106,0_S
1779865082.229086,2100,2027,0_S
1779865082.2349272,2095,2053,0_S
1779865082.2358,2033,2075,0_S
1779865082.236556,2103,2173,0_S
1779865082.2399528,2385,2113,0_S
1779865082.240082,2464,1972,0_S
1779865082.2401469,1914,2254,0_S
1779865082.240334,1844,2228,0_S
1779865082.240435,1969,1838,0_S
1779865082.240588,2062,1818,0_S
1779865082.2406552,2001,2069,0_S
1779865082.2421231,1945,2163,0_S
1779865082.244746,1832,2051,0_S
1779865082.246148,1849,2076,0_S
1779865082.256646,1916,2247,0_S
1779865082.259619,1948,2360,0_S
1779865082.262251,2176,2168,0_S
1779865082.2659771,2243,2090,0_S
1779865082.2698371,2224,1956,0_S
1779865082.2705128,2182,2166,0_S
1779865082.2705998,2167,2195,0_S
1779865082.270747,2054,1996,0_S
1779865082.270813,2044,2107,0_S
1779865082.270871,2272,2254,0_S
1779865082.270921,2077,2306,0_S
1779865082.271053,2050,2025,0_S
1779865082.272501,2049,1932,0_S
1779865082.279884,2251,2193,0_S
1779865082.2832232,2016,2323,0_S
1779865082.283621,2693,1649,0_S
1779865082.2840152,2014,2179,0_S
1779865082.2889879,1877,2157,0_S
1779865082.289492,1973,2273,0_S
1779865082.292823,2111,1961,0_S
1779865082.293299,2443,1912,0_S
1779865082.2936451,1959,2025,0_S
1779865082.293997,1759,2273,0_S
1779865082.297639,3066,1765,0_S
1779865082.298021,2858,1922,0_S
1779865082.298112,1477,2145,0_S
1779865082.3008041,1404,2439,0_S
1779865082.302176,1776,2108,0_S
1779865082.3048918,2007,2045,0_S
1779865082.311984,1958,1961,0_S
1779865082.3135202,2563,1932,0_S
1779865082.317624,2534,2374,0_S
1779865082.31904,1794,1960,0_S
1779865082.320978,1557,2224,0_S
1779865082.325255,1786,2196,0_S
1779865082.328282,2075,2197,0_S
1779865082.328664,2497,2038,0_S
1779865082.328793,2328,2069,0_S
1779865082.32891,1369,2426,0_S
1779865082.328983,1148,2213,0_S
1779865082.3290591,1415,1932,0_S
1779865082.3305101,1754,2138,0_S
1779865082.3385139,2067,2316,0_S
1779865082.341632,2265,2459,0_S
1779865082.3461561,2429,2153,0_S
1779865082.3505769,2264,2011,0_S
1779865082.350812,2089,2196,0_S
1779865082.351367,2107,2294,0_S
1779865082.351639,1975,1966,0_S
1779865082.354202,2638,1922,0_S
1779865082.355148,2870,2092,0_S
1779865082.355639,2590,2543,0_S
1779865082.355747,1701,2290,0_S
1779865082.3558521,2146,2157,0_S
1779865082.357227,1817,2208,0_S
1779865082.3585842,1587,2089,0_S
1779865082.361185,1825,2227,0_S
1779865082.3674922,1736,2165,0_S
1779865082.370368,1723,2012,0_S
1779865082.373321,1828,2126,0_S
1779865082.373833,2075,2282,0_S
1779865082.376987,2173,2151,0_S
1779865082.3792,2921,1819,0_S
1779865082.3794088,2370,2438,0_S
1779865082.383243,2684,2294,0_S
1779865082.384129,2850,2258,0_S
1779865082.384423,2275,2070,0_S
1779865082.384701,1404,2045,0_S
1779865082.3883278,1450,2396,0_S
1779865082.3884459,1778,2194,0_S
1779865082.388514,1805,1878,0_S
1779865082.39006,1870,1864,0_S
1779865082.400668,1707,2075,0_S
1779865082.400945,1576,2048,0_S
1779865082.4015858,1599,2135,0_S
1779865082.406357,1990,1898,0_S
1779865082.4102342,2451,2172,0_S
1779865082.41098,2055,1961,0_S
1779865082.414755,2112,1643,0_S
1779865082.4148521,2104,1606,0_S
1779865082.4149802,2111,1960,0_S
1779865082.4150898,2126,1982,0_S
1779865082.415209,2245,2017,0_S
1779865082.415277,2157,2119,0_S
1779865082.4166222,2250,2093,0_S
1779865082.4180028,2723,1939,0_S
1779865082.4207108,3449,2112,0_S
1779865082.43169,2625,2046,0_S
1779865082.43238,1417,1986,0_S
1779865082.4351711,1716,1981,0_S
1779865082.4353018,2189,1912,0_S
1779865082.435359,1760,1934,0_S
1779865082.435426,1388,2313,0_S
1779865082.435477,1499,2544,0_S
1779865082.4412942,1732,2289,0_S
1779865082.442065,1676,2173,0_S
1779865082.445952,1985,2355,0_S
1779865082.446074,2092,2287,0_S
1779865082.446167,2226,2128,0_S
1779865082.446238,2188,2085,0_S
1779865082.448961,2157,2167,0_S
1779865082.455235,2139,2244,0_S
1779865082.4593978,2103,2118,0_S
1779865082.459767,2127,2073,0_S
1779865082.4643729,2439,2026,0_S
1779865082.4648068,2846,2300,0_S
1779865082.468487,1942,2225,0_S
1779865082.468993,2483,1710,0_S
1779865082.472938,1773,1692,0_S
1779865082.473056,2345,2113,0_S
1779865082.47313,3384,2364,0_S
1779865082.4731982,2168,2337,0_S
1779865082.4733179,691,1891,0_S
1779865082.474695,1719,1745,0_S
1779865082.476044,1350,2139,0_S
1779865082.478684,1705,2125,0_S
1779865082.485419,2244,2190,0_S
1779865082.487028,2207,2728,0_S
1779865082.488487,1733,2343,0_S
1779865082.4908109,1820,2207,0_S
1779865082.495577,2342,2018,0_S
1779865082.499894,2247,2064,0_S
1779865082.5006442,2258,2213,0_S
1779865082.5012019,2333,2132,0_S
1779865082.5040069,2541,2222,0_S
1779865082.5048928,2364,2242,0_S
1779865082.505333,1769,2310,0_S
1779865082.505454,1417,2095,0_S
1779865082.505536,1617,2103,0_S
1779865082.506863,1975,2108,0_S
1779865082.5083551,2183,2215,0_S
1779865082.518086,2255,2190,0_S
1779865082.521056,2005,1887,0_S
1779865082.527673,1906,2043,0_S
1779865082.528256,2125,2136,0_S
1779865082.5313332,2336,2339,0_S
1779865082.532105,2489,2056,0_S
1779865082.532485,2116,1691,0_S
1779865082.53261,2611,1832,0_S
1779865082.532695,2871,2194,0_S
1779865082.532764,2717,1820,0_S
1779865082.532829,1636,2320,0_S
1779865082.532931,1645,1999,0_S
1779865082.53438,2020,2015,0_S
1779865082.537141,2028,2299,0_S
1779865082.53849,2039,2235,0_S
1779865082.550005,2075,2159,0_S
1779865082.5503201,1908,2177,0_S
1779865082.559119,2037,1863,0_S
1779865082.559881,2238,1805,0_S
1779865082.563301,2219,2078,0_S
1779865082.5636952,2246,2131,0_S
1779865082.563827,2332,2055,0_S
1779865082.563884,2349,1902,0_S
1779865082.563979,2296,1878,0_S
1779865082.564034,2249,2281,0_S
1779865082.564084,2202,2445,0_S
1779865082.564138,2190,2314,0_S
1779865082.5641909,2177,2098,0_S
1779865082.5737758,2198,2177,0_S
1779865082.577039,2444,2214,0_S
1779865082.582231,2385,2247,0_S
1779865082.586894,2156,2160,0_S
1779865082.590519,1993,1980,0_S
1779865082.590849,2070,2387,0_S
1779865082.591011,2112,2386,0_S
1779865082.5910919,2328,2503,0_S
1779865082.591159,2193,2506,0_S
1779865082.591223,2038,2606,0_S
1779865082.591284,1929,2405,0_S
1779865082.591381,2314,2380,0_S
1779865082.591455,2297,2382,0_S
1779865082.5929961,2097,2299,0_S
1779865082.594282,2074,2447,0_S
1779865082.596937,2023,2319,0_S
1779865082.6048589,1996,2199,0_S
1779865082.6080372,2396,2539,0_S
1779865082.611304,1689,2438,0_S
1779865082.613482,1654,2159,0_S
1779865082.617982,1641,2045,0_S
1779865082.618647,1608,1948,0_S
1779865082.6224651,1614,1509,0_S
1779865082.622585,1945,1654,0_S
1779865082.622758,2109,2639,0_S
1779865082.622899,1725,2384,0_S
1779865082.623018,2289,1861,0_S
1779865082.6232939,2508,1954,0_S
1779865082.6234019,1895,2338,0_S
1779865082.625134,2448,1981,0_S
1779865082.633215,2525,2227,0_S
1779865082.635613,2204,2585,0_S
1779865082.6360729,869,2321,0_S
1779865082.6384268,942,1912,0_S
1779865082.645071,2167,2515,0_S
1779865082.646006,2638,2441,0_S
1779865082.649478,2124,2038,0_S
1779865082.649605,1748,1988,0_S
1779865082.6497338,1726,2230,0_S
1779865082.649945,2333,2060,0_S
1779865082.6500638,2486,2315,0_S
1779865082.65023,2170,2429,0_S
1779865082.650311,2349,2092,0_S
1779865082.653043,2112,2262,0_S
1779865082.6544619,2303,2317,0_S
1779865082.6559591,2074,2169,0_S
1779865082.663572,1990,2140,0_S
1779865082.667125,2040,2162,0_S
1779865082.6674728,2042,2162,0_S
1779865082.667995,2075,2015,0_S
1779865082.673357,1977,2084,0_S
1779865082.6777449,1725,2032,0_S
1779865082.678318,1876,1871,0_S
1779865082.6791282,1872,1987,0_S
1779865082.679578,2107,2302,0_S
1779865082.682247,1815,2268,0_S
1779865082.683178,1878,1948,0_S
1779865082.683342,2081,1985,0_S
1779865082.6834219,1952,2345,0_S
1779865082.6848052,1937,2438,0_S
1779865082.693546,1951,2095,0_S
1779865082.694325,1958,1952,0_S
1779865082.696471,2043,1993,0_S
1779865082.697078,2239,2068,0_S
1779865082.697477,2431,2118,0_S
1779865082.699729,2198,2153,0_S
1779865082.702569,1974,2095,0_S
1779865082.7068539,2007,2030,0_S
1779865082.707809,2019,2006,0_S
1779865082.708301,1900,1977,0_S
1779865082.711141,1931,2084,0_S
1779865082.712161,2049,2234,0_S
1779865082.712321,2085,2113,0_S
1779865082.712439,2085,1995,0_S
1779865082.713834,2122,2250,0_S
1779865082.716521,2055,2296,0_S
1779865082.718137,2048,2301,0_S
1779865082.7281122,2084,2049,0_S
1779865082.728831,2139,2059,0_S
1779865082.7313511,2121,2153,0_S
1779865082.734045,2117,2059,0_S
1779865082.738292,2127,1890,0_S
1779865082.738626,2086,2108,0_S
1779865082.739102,2141,2201,0_S
1779865082.7397199,2087,2160,0_S
1779865082.740235,2102,1977,0_S
1779865082.743467,2024,1967,0_S
1779865082.743977,2065,1992,0_S
1779865082.744101,2029,2147,0_S
1779865082.744163,2126,2106,0_S
1779865082.752474,2075,2084,0_S
1779865082.7569358,1968,1953,0_S
1779865082.7619588,1997,2089,0_S
1779865082.766143,2084,2093,0_S
1779865082.7670121,2095,2157,0_S
1779865082.770314,2085,2085,0_S
1779865082.770835,2042,2053,0_S
1779865082.771002,2189,2035,0_S
1779865082.7711518,2014,2136,0_S
1779865082.7714481,1959,2135,0_S
1779865082.771519,1949,2165,0_S
1779865082.771584,1993,2148,0_S
1779865082.771687,2130,2064,0_S
1779865082.77182,2055,2172,0_S
1779865082.774571,2073,2164,0_S
1779865082.7759428,1980,2199,0_S
1779865082.787539,2066,2057,0_S
1779865082.788204,2070,2122,0_S
1779865082.790536,2041,2215,0_S
1779865082.793171,1984,2255,0_S
1779865082.797606,2042,2088,0_S
1779865082.798621,1997,2083,0_S
1779865082.799034,2040,2082,0_S
1779865082.799587,2022,2202,0_S
1779865082.8030798,2025,2073,0_S
1779865082.803206,2048,2077,0_S
1779865082.8033879,2061,2125,0_S
1779865082.803498,2037,2245,0_S
1779865082.803572,2107,2101,0_S
1779865082.804985,2083,2017,0_S
1779865082.81525,2148,2090,0_S
1779865082.815873,2107,2196,0_S
1779865082.821096,1985,2229,0_S
1779865082.825551,2003,2038,0_S
1779865082.8263822,1928,2025,0_S
1779865082.829227,2015,2134,0_S
1779865082.830174,2046,2156,0_S
1779865082.830299,2024,1915,0_S
1779865082.830415,2016,1872,0_S
1779865082.830542,2020,1877,0_S
1779865082.830654,2009,1945,0_S
1779865082.830789,2043,2043,0_S
1779865082.8309069,2043,2061,0_S
1779865082.832278,2045,2115,0_S
1779865082.834751,2028,2216,0_S
1779865082.836145,2109,2163,0_S
1779865082.846434,2051,2046,0_S
1779865082.849121,2062,1996,0_S
1779865082.851668,2036,2090,0_S
1779865082.856629,2081,2129,0_S
1779865082.859381,2099,2025,0_S
1779865082.8606038,2077,2083,0_S
1779865082.860687,2007,2256,0_S
1779865082.8608482,2021,2234,0_S
1779865082.860938,2051,2172,0_S
1779865082.861003,2062,2123,0_S
1779865082.861103,2011,2123,0_S
1779865082.861182,2008,2079,0_S
1779865082.862602,2079,2089,0_S
1779865082.8692522,2032,2089,0_S
1779865082.873801,1993,2167,0_S
1779865082.8789718,2027,2113,0_S
1779865082.883917,2143,2053,0_S
1779865082.8845499,2021,2111,0_S
1779865082.88709,2033,2046,0_S
1779865082.88815,1977,1973,0_S
1779865082.888313,2059,1954,0_S
1779865082.888458,2039,1907,0_S
1779865082.8885179,1955,2108,0_S
1779865082.88857,1947,2211,0_S
1779865082.8886201,2035,2032,0_S
1779865082.8886762,2077,2029,0_S
1779865082.8901079,2060,1952,0_S
1779865082.892713,2060,2045,0_S
1779865082.894206,2041,2014,0_S
1779865082.9005399,2082,2005,0_S
1779865082.9044962,1990,2110,0_S
1779865082.907377,1973,2118,0_S
1779865082.907574,2036,2086,0_S
1779865082.913711,2055,2029,0_S
1779865082.914133,2081,2015,0_S
1779865082.9145799,2049,2100,0_S
1779865082.917919,2047,2158,0_S
1779865082.91804,2097,2020,0_S
1779865082.918122,2058,2016,0_S
1779865082.9183402,1992,2056,0_S
1779865082.918404,2000,2080,0_S
1779865082.920049,2101,1959,0_S
1779865082.927367,2069,1883,0_S
1779865082.931063,2070,1975,0_S
1779865082.93408,2045,1997,0_S
1779865082.935916,2068,1929,0_S
1779865082.940727,2051,2011,0_S
1779865082.941113,2040,2192,0_S
1779865082.9443781,2098,2238,0_S
1779865082.944803,2060,2006,0_S
1779865082.944949,2023,1944,0_S
1779865082.945062,2043,2026,0_S
1779865082.945152,2011,2142,0_S
1779865082.945261,2103,2060,0_S
1779865082.9466372,2058,2039,0_S
1779865082.948027,1956,1997,0_S
1779865082.950627,1925,2179,0_S
1779865082.958862,2006,2135,0_S
1779865082.961409,2047,2002,0_S
1779865082.96385,2070,2024,0_S
1779865082.970397,2071,1984,0_S
1779865082.971322,2030,2034,0_S
1779865082.974608,2049,1982,0_S
1779865082.974954,2015,1985,0_S
1779865082.975107,2022,1979,0_S
1779865082.975163,2010,2046,0_S
1779865082.9752152,2083,1934,0_S
1779865082.975283,2103,1824,0_S
1779865082.975376,2052,1915,0_S
1779865082.976717,2021,2035,0_S
1779865082.985261,2041,1998,0_S
1779865082.989269,2074,2016,0_S
1779865082.989909,2021,2146,0_S
1779865082.989975,2005,2222,0_S
1779865082.990033,2060,2138,0_S
1779865082.990083,2069,1987,0_S
1779865082.9901388,2129,2032,0_S
1779865082.992727,2095,2047,0_S
1779865082.997011,2022,1987,0_S
1779865082.997426,2068,1960,0_S
1779865083.000875,2043,1994,0_S
1779865083.00096,2030,2076,0_S
1779865083.002371,2004,2056,0_S
1779865083.003768,2055,2045,0_S
1779865083.006399,2074,1938,0_S
1779865083.013244,2054,1941,0_S
1779865083.015702,1979,2056,0_S
1779865083.0230389,2098,2059,0_S
1779865083.0274718,2053,2103,0_S
1779865083.0302331,1970,2057,0_S
1779865083.031074,1980,1990,0_S
1779865083.031143,2152,1885,0_S
1779865083.0312011,2108,1958,0_S
1779865083.03142,1982,1977,0_S
1779865083.03159,1946,2125,0_S
1779865083.031826,2155,2040,0_S
1779865083.0319722,2109,2005,0_S
1779865083.0321012,2021,1955,0_S
1779865083.039855,2007,2058,0_S
1779865083.041621,2163,2101,0_S
1779865083.044002,2120,2101,0_S
1779865083.046379,2025,2056,0_S
1779865083.048707,1966,2086,0_S
1779865083.052934,2080,1970,0_S
1779865083.0532649,2107,1830,0_S
1779865083.053911,2066,2072,0_S
1779865083.056973,2021,2174,0_S
1779865083.057387,1932,2186,0_S
1779865083.057585,2014,2084,0_S
1779865083.057646,2041,2009,0_S
1779865083.057751,2063,1960,0_S
1779865083.0604029,2048,1979,0_S
1779865083.061749,2066,1884,0_S
1779865083.071574,2056,2022,0_S
1779865083.073866,2009,2198,0_S
1779865083.074371,1981,2240,0_S
1779865083.074759,2066,2114,0_S
1779865083.079423,2101,2067,0_S
1779865083.083385,2085,2106,0_S
1779865083.084382,1987,2111,0_S
1779865083.0880902,2074,1948,0_S
1779865083.088336,2160,2068,0_S
1779865083.088502,2153,2268,0_S
1779865083.0886872,1924,2238,0_S
1779865083.08882,2039,2078,0_S
1779865083.088973,2166,2030,0_S
1779865083.0903628,1967,2218,0_S
1779865083.097225,1934,2300,0_S
1779865083.09813,2075,2282,0_S
1779865083.098943,2058,2039,0_S
1779865083.101019,1952,2164,0_S
1779865083.103402,1896,2044,0_S
1779865083.105845,2076,2115,0_S
1779865083.109893,2099,1968,0_S
1779865083.1102479,2107,1957,0_S
1779865083.1106648,2076,2060,0_S
1779865083.113348,2057,2080,0_S
1779865083.114242,2145,1850,0_S
1779865083.114378,2069,1788,0_S
1779865083.1168919,2084,2007,0_S
1779865083.118287,2064,1978,0_S
1779865083.119672,2068,1825,0_S
1779865083.1280599,2091,1815,0_S
1779865083.129314,2179,1904,0_S
1779865083.1332328,2055,2046,0_S
1779865083.13451,2069,1837,0_S
1779865083.136276,2050,1806,0_S
1779865083.136339,1952,2123,0_S
1779865083.136391,1915,2183,0_S
1779865083.1408372,2092,2181,0_S
1779865083.141495,2234,1844,0_S
1779865083.144942,2193,1984,0_S
1779865083.145049,2180,2173,0_S
1779865083.145288,2007,2169,0_S
1779865083.146655,1887,2056,0_S
1779865083.154847,1796,2164,0_S
1779865083.1575181,1987,2266,0_S
1779865083.1582222,2131,2204,0_S
1779865083.162888,2108,2149,0_S
1779865083.167352,2241,2108,0_S
1779865083.167897,2123,2053,0_S
1779865083.170977,1906,2092,0_S
1779865083.171574,2117,2106,0_S
1779865083.171694,2149,2123,0_S
1779865083.171822,2035,2250,0_S
1779865083.171946,1952,2122,0_S
1779865083.1720362,1980,2043,0_S
1779865083.172104,1988,2149,0_S
1779865083.174838,1992,2023,0_S
1779865083.176241,2044,2050,0_S
1779865083.177602,2082,2247,0_S
1779865083.184757,2125,2126,0_S
1779865083.18596,2033,2305,0_S
1779865083.1880572,2008,2221,0_S
1779865083.188291,2077,2326,0_S
1779865083.1887958,2065,2176,0_S
1779865083.1934621,2051,1891,0_S
1779865083.1977038,2045,1665,0_S
1779865083.2008052,2073,1383,0_S
1779865083.202018,2132,1227,0_S
1779865083.202158,2005,1451,0_S
1779865083.202345,2024,1569,0_S
1779865083.2024682,2078,1795,0_S
1779865083.2040372,2160,1751,0_S
1779865083.211058,2179,2031,0_S
1779865083.212594,2015,2128,0_S
1779865083.2146611,1916,2267,0_S
1779865083.216606,2087,2246,0_S
1779865083.223104,2110,2065,0_S
1779865083.223479,2118,2250,0_S
1779865083.224384,2179,2240,0_S
1779865083.227864,1838,2296,0_S
1779865083.227977,1930,2096,0_S
1779865083.228111,2075,2103,0_S
1779865083.2282119,2049,2277,0_S
1779865083.228373,1972,2153,0_S
1779865083.229899,1906,2061,0_S
1779865083.232565,2044,2167,0_S
1779865083.2339048,1908,2178,0_S
1779865083.2451541,1941,1570,0_S
1779865083.246999,1904,1294,0_S
1779865083.2499142,1973,1677,0_S
1779865083.250329,2118,1961,0_S
1779865083.254922,2248,1699,0_S
1779865083.258465,2070,1401,0_S
1779865083.258587,1971,1653,0_S
1779865083.258673,2221,1764,0_S
1779865083.25876,2247,1808,0_S
1779865083.258951,2070,1751,0_S
1779865083.259098,1928,1736,0_S
1779865083.25925,1952,1680,0_S
1779865083.260597,1904,1592,0_S
1779865083.266447,2019,1660,0_S
1779865083.2679858,2051,1912,0_S
1779865083.268825,1923,2073,0_S
1779865083.2718122,1919,2226,0_S
1779865083.2721431,2062,2007,0_S
1779865083.27667,2094,2009,0_S
1779865083.280714,2167,1867,0_S
1779865083.2810082,2086,1883,0_S
1779865083.281569,2085,1861,0_S
1779865083.284597,2018,1881,0_S
1779865083.285595,1926,2033,0_S
1779865083.2856991,1967,2167,0_S
1779865083.285758,2193,2151,0_S
1779865083.288384,2183,2167,0_S
1779865083.2897768,2087,2098,0_S
1779865083.297303,1968,2035,0_S
1779865083.298696,2052,2147,0_S
1779865083.3045309,2093,1999,0_S
1779865083.3071182,2058,2131,0_S
1779865083.3075788,2074,2260,0_S
1779865083.311549,2019,2273,0_S
1779865083.312078,2042,2117,0_S
1779865083.3126788,2066,2262,0_S
1779865083.31297,2016,2338,0_S
1779865083.316315,2022,2358,0_S
1779865083.316463,2143,2245,0_S
1779865083.316575,2072,2249,0_S
1779865083.316658,1969,2258,0_S
1779865083.318099,1981,2344,0_S
1779865083.325706,2071,2272,0_S
1779865083.326538,2140,2150,0_S
1779865083.328726,2054,2027,0_S
1779865083.329025,2070,2053,0_S
1779865083.329261,2115,2124,0_S
1779865083.332025,2123,2096,0_S
1779865083.337884,2028,2120,0_S
1779865083.338431,2034,2294,0_S
1779865083.3391948,2031,2118,0_S
1779865083.341835,2059,2006,0_S
1779865083.342901,2033,1968,0_S
1779865083.343092,2028,2010,0_S
1779865083.3444648,2037,1980,0_S
1779865083.34581,2024,1877,0_S
1779865083.34846,2035,2104,0_S
1779865083.3569229,2036,2231,0_S
1779865083.357742,2082,2142,0_S
1779865083.360312,2093,2042,0_S
1779865083.364897,2152,2000,0_S
1779865083.369216,2120,2098,0_S
1779865083.3725429,2050,2100,0_S
1779865083.3728352,1993,1879,0_S
1779865083.373028,2074,1969,0_S
1779865083.373138,2070,2115,0_S
1779865083.373198,1938,2263,0_S
1779865083.373405,2035,1997,0_S
1779865083.373493,2097,1945,0_S
1779865083.37362,2120,2002,0_S
1779865083.383101,2051,2089,0_S
1779865083.3859441,2061,2049,0_S
1779865083.386335,2115,1925,0_S
1779865083.389236,2069,2072,0_S
1779865083.391058,2012,2186,0_S
1779865083.391434,2062,2122,0_S
1779865083.395243,2167,2047,0_S
1779865083.395861,2023,2018,0_S
1779865083.396117,1990,2046,0_S
1779865083.3995378,2096,2067,0_S
1779865083.399729,2162,2027,0_S
1779865083.399932,1968,2080,0_S
1779865083.4000618,2023,2177,0_S
1779865083.4026618,2041,2170,0_S
1779865083.403996,2094,2002,0_S
1779865083.4070468,2040,1965,0_S
1779865083.4247549,2069,1980,0_S
1779865083.4251919,2059,2083,0_S
1779865083.425993,2118,1984,0_S
1779865083.429096,2121,1868,0_S
1779865083.4294488,2050,2116,0_S
1779865083.429625,2039,2225,0_S
1779865083.429844,2082,2195,0_S
1779865083.429976,2068,2032,0_S
1779865083.4301078,2025,1969,0_S
1779865083.430201,2005,2051,0_S
1779865083.4304,2073,2059,0_S
1779865083.4305222,2062,2059,0_S
1779865083.4318871,2088,2156,0_S
1779865083.442184,1972,2169,0_S
1779865083.442688,2042,2101,0_S
1779865083.447433,2088,2065,0_S
1779865083.450994,2142,1941,0_S
1779865083.451732,2084,2016,0_S
1779865083.451921,2058,2060,0_S
1779865083.455032,2092,2035,0_S
1779865083.45608,2049,2080,0_S
1779865083.456357,1996,2192,0_S
1779865083.456471,1953,2169,0_S
1779865083.456583,2029,1941,0_S
1779865083.4566998,2143,1971,0_S
1779865083.45814,2095,2041,0_S
1779865083.4595819,1993,2057,0_S
1779865083.462204,2050,1991,0_S
1779865083.4727528,2011,2062,0_S
1779865083.481024,1980,2187,0_S
1779865083.481554,1991,2228,0_S
1779865083.4822211,2066,2036,0_S
1779865083.482751,2082,2011,0_S
1779865083.485315,2080,2015,0_S
1779865083.486569,2016,2051,0_S
1779865083.48669,2067,1942,0_S
1779865083.486769,2068,1940,0_S
1779865083.486835,2088,2102,0_S
1779865083.486971,2060,2245,0_S
1779865083.487048,2040,2108,0_S
1779865083.488393,2055,2059,0_S
1779865083.496373,2064,1952,0_S
1779865083.4983711,2061,2133,0_S
1779865083.498819,2012,2098,0_S
1779865083.501701,2118,1995,0_S
1779865083.503576,2017,2001,0_S
1779865083.503773,1992,2165,0_S
1779865083.507832,2023,2255,0_S
1779865083.5082219,2092,1986,0_S
1779865083.508808,2059,1910,0_S
1779865083.509183,2021,1968,0_S
1779865083.512222,2055,2032,0_S
1779865083.512542,2088,2015,0_S
1779865083.513897,2028,2031,0_S
1779865083.516597,2020,2182,0_S
1779865083.5180092,2018,2297,0_S
1779865083.5265229,2062,2033,0_S
1779865083.5314639,2045,2037,0_S
1779865083.534046,2051,1998,0_S
1779865083.538195,2057,2086,0_S
1779865083.538584,2095,2072,0_S
1779865083.5387788,2068,2036,0_S
1779865083.5415611,2043,2082,0_S
1779865083.5424519,1990,2178,0_S
1779865083.542636,2115,2115,0_S
1779865083.542758,2131,2009,0_S
1779865083.5428858,2115,1968,0_S
1779865083.5429919,2050,1999,0_S
1779865083.544343,2029,1980,0_S
1779865083.5507982,2108,1957,0_S
1779865083.5523221,2055,2071,0_S
1779865083.555132,1986,2143,0_S
1779865083.559944,1991,2143,0_S
1779865083.563644,2080,2027,0_S
1779865083.564071,2051,1999,0_S
1779865083.5646222,2051,2065,0_S
1779865083.5679731,2013,2160,0_S
1779865083.568146,2076,2021,0_S
1779865083.568233,2035,2023,0_S
1779865083.568346,2018,2117,0_S
1779865083.568511,2007,2231,0_S
1779865083.56992,2130,2059,0_S
1779865083.572564,2086,2077,0_S
1779865083.5739672,2059,1989,0_S
1779865083.5844328,2082,2029,0_S
1779865083.5848472,2092,2056,0_S
1779865083.586642,2064,2030,0_S
1779865083.5895228,2016,2098,0_S
1779865083.5931048,2040,2180,0_S
1779865083.593877,2070,2061,0_S
1779865083.594242,2073,2025,0_S
1779865083.597196,2121,2011,0_S
1779865083.597536,2040,2064,0_S
1779865083.597692,2015,1941,0_S
1779865083.5978081,2081,1828,0_S
1779865083.597944,2061,1974,0_S
1779865083.606014,2084,2185,0_S
1779865083.607983,2027,2206,0_S
1779865083.610303,2055,2027,0_S
1779865083.6128619,2056,1997,0_S
1779865083.615426,2027,1967,0_S
1779865083.618908,2025,2062,0_S
1779865083.6191812,2099,2101,0_S
1779865083.61982,2041,2047,0_S
1779865083.620169,1977,2066,0_S
1779865083.6227698,2006,2142,0_S
1779865083.62396,2156,2004,0_S
1779865083.624059,2132,1990,0_S
1779865083.62413,2183,2012,0_S
1779865083.625505,2191,2051,0_S
1779865083.628122,2037,2066,0_S
1779865083.629494,2029,1946,0_S
1779865083.6401238,2018,2016,0_S
1779865083.640577,2179,2023,0_S
1779865083.645507,2256,2186,0_S
1779865083.6491892,2039,2058,0_S
1779865083.6495612,1881,1903,0_S
1779865083.6499012,2120,1863,0_S
1779865083.653724,2265,1960,0_S
1779865083.653929,2094,1987,0_S
1779865083.653986,1935,2071,0_S
1779865083.654101,1899,2068,0_S
1779865083.654221,2359,2062,0_S
1779865083.654332,2396,1924,0_S
1779865083.655675,2251,1981,0_S
1779865083.6627898,1973,1987,0_S
1779865083.666185,2034,2053,0_S
1779865083.674439,2202,1843,0_S
1779865083.674644,2598,1901,0_S
1779865083.674898,2418,2111,0_S
1779865083.676003,2550,1923,0_S
1779865083.6790159,1620,1891,0_S
1779865083.6793358,1205,1883,0_S
1779865083.679393,1690,1869,0_S
1779865083.679446,1974,2012,0_S
1779865083.679497,1838,1968,0_S
1779865083.679567,1792,1933,0_S
1779865083.682345,2143,1968,0_S
1779865083.6837308,1995,2213,0_S
1779865083.6938,1973,2176,0_S
1779865083.696793,2315,1829,0_S
1779865083.6971462,2315,2048,0_S
1779865083.699827,2364,1878,0_S
1779865083.705645,2170,2013,0_S
1779865083.705976,2297,1807,0_S
1779865083.708765,2175,1943,0_S
1779865083.709724,1591,2354,0_S
1779865083.709855,1583,2184,0_S
1779865083.7099142,1921,1907,0_S
1779865083.709965,2116,2005,0_S
1779865083.71002,2138,2039,0_S
1779865083.710069,2159,1968,0_S
1779865083.711518,2060,1785,0_S
1779865083.718113,2032,1931,0_S
1779865083.721906,2046,2586,0_S
1779865083.7240908,2307,2565,0_S
1779865083.7250931,2291,2470,0_S
1779865083.730113,2197,2414,0_S
1779865083.73045,2432,2416,0_S
1779865083.7307231,3009,2433,0_S
1779865083.730973,2945,2428,0_S
1779865083.731762,1241,2802,0_S
1779865083.734496,1344,2468,0_S
1779865083.735501,1884,2316,0_S
1779865083.735584,1976,2304,0_S
1779865083.738271,1854,2191,0_S
1779865083.7396119,1906,2083,0_S
1779865083.7422342,1956,2216,0_S
1779865083.7483032,2338,2013,0_S
1779865083.750703,2473,2227,0_S
1779865083.753387,2074,2178,0_S
1779865083.755578,2138,2055,0_S
1779865083.7614121,2148,2162,0_S
1779865083.76224,2409,1892,0_S
1779865083.7656908,1935,2101,0_S
1779865083.7660391,2190,1867,0_S
1779865083.766099,1375,2082,0_S
1779865083.766304,1483,1938,0_S
1779865083.766444,2041,1867,0_S
1779865083.766569,2128,1955,0_S
1779865083.767916,1973,2086,0_S
1779865083.773298,2051,1997,0_S
1779865083.774833,2052,2019,0_S
1779865083.77867,2214,1954,0_S
1779865083.781214,2032,2233,0_S
1779865083.783606,2025,2291,0_S
1779865083.787287,2142,2281,0_S
1779865083.787738,2147,2300,0_S
1779865083.788361,2199,2268,0_S
1779865083.7917252,2482,2293,0_S
1779865083.792129,2310,2096,0_S
1779865083.792233,2121,2048,0_S
1779865083.792385,2148,2125,0_S
1779865083.793777,2504,2060,0_S
1779865083.7964659,1960,2100,0_S
1779865083.797869,2422,1956,0_S
1779865083.80426,1963,2004,0_S
1779865083.806297,1799,2195,0_S
1779865083.80931,1744,2120,0_S
1779865083.811788,1947,2029,0_S
1779865083.814135,2649,2021,0_S
1779865083.817745,1889,2234,0_S
1779865083.81818,2313,2133,0_S
1779865083.818826,2787,2406,0_S
1779865083.8191848,2948,2174,0_S
1779865083.819432,1292,2592,0_S
1779865083.822677,2078,2220,0_S
1779865083.8231401,1916,2065,0_S
1779865083.824621,1709,2059,0_S
1779865083.832281,1293,2171,0_S
1779865083.83535,1670,2061,0_S
1779865083.838536,1571,2159,0_S
1779865083.843946,1723,2235,0_S
1779865083.8447711,1862,2405,0_S
1779865083.845071,2222,2294,0_S
1779865083.847463,2505,2266,0_S
1779865083.848545,2483,2354,0_S
1779865083.848609,2072,2340,0_S
1779865083.8486688,1851,2387,0_S
1779865083.8487208,2147,2227,0_S
1779865083.848774,2231,2239,0_S
1779865083.850421,1828,2203,0_S
1779865083.85183,2162,2265,0_S
1779865083.85423,1928,2156,0_S
1779865083.862794,2294,2039,0_S
1779865083.865054,2566,2133,0_S
1779865083.867261,2156,2330,0_S
1779865083.873649,1844,2323,0_S
1779865083.873861,1846,2199,0_S
1779865083.874955,1939,2230,0_S
1779865083.8775182,2077,2338,0_S
1779865083.878423,2065,2360,0_S
1779865083.878488,1993,1957,0_S
1779865083.878674,2090,1898,0_S
1779865083.878834,2067,2040,0_S
1779865083.8789818,2188,1980,0_S
1779865083.88038,2546,1808,0_S
1779865083.887469,2672,1919,0_S
1779865083.8904588,2157,2019,0_S
1779865083.8982232,1998,2007,0_S
1779865083.8986502,1867,1928,0_S
1779865083.899311,2129,1990,0_S
1779865083.903025,2022,2019,0_S
1779865083.903213,1783,2209,0_S
1779865083.90328,2056,2047,0_S
1779865083.903434,1850,1983,0_S
1779865083.90354,1611,2145,0_S
1779865083.90368,1688,2276,0_S
1779865083.903851,2015,2054,0_S
1779865083.9065878,2135,2059,0_S
1779865083.907989,2162,1960,0_S
1779865083.9093802,1916,2127,0_S
1779865083.9171898,2053,2016,0_S
1779865083.921649,2206,1974,0_S
1779865083.922454,2049,2109,0_S
1779865083.92474,2275,2020,0_S
1779865083.929107,2477,2036,0_S
1779865083.929465,2563,2066,0_S
1779865083.932907,1821,2213,0_S
1779865083.933024,1768,2025,0_S
1779865083.933144,1861,2045,0_S
1779865083.933269,1951,2022,0_S
1779865083.933401,1546,2043,0_S
1779865083.933547,1620,2262,0_S
1779865083.942088,1823,2130,0_S
1779865083.943008,1968,1989,0_S
1779865083.9457111,2096,1739,0_S
1779865083.945963,1960,1845,0_S
1779865083.950505,2364,2050,0_S
1779865083.950746,2472,2108,0_S
1779865083.954391,1997,1971,0_S
1779865083.957929,1745,2049,0_S
1779865083.9583502,2341,2072,0_S
1779865083.958496,3419,1726,0_S
1779865083.9587,3370,1777,0_S
1779865083.958838,1273,2303,0_S
1779865083.96016,1296,2041,0_S
1779865083.961586,1306,1899,0_S
1779865083.964231,1945,1850,0_S
1779865083.965626,1965,2123,0_S
1779865083.970685,1708,2199,0_S
1779865083.9726999,1510,2109,0_S
1779865083.97526,1542,2274,0_S
1779865083.975911,1912,2254,0_S
1779865083.98018,2284,2028,0_S
1779865083.984035,3191,1940,0_S
1779865083.984607,2879,2128,0_S
1779865083.984854,2574,2076,0_S
1779865083.988791,2189,2267,0_S
1779865083.98915,2404,1999,0_S
1779865083.9892359,1732,1956,0_S
1779865083.989322,1899,1933,0_S
1779865083.998092,2473,1773,0_S
1779865083.9994361,1345,1985,0_S
1779865084.0017002,1647,2032,0_S
1779865084.005755,3848,1527,0_S
1779865084.009401,1281,2566,0_S
1779865084.0099719,1970,1922,0_S
1779865084.0106602,1816,2072,0_S
1779865084.0108852,1673,2069,0_S
1779865084.013464,2590,1930,0_S
1779865084.014385,2192,2263,0_S
1779865084.0147169,683,2201,0_S
1779865084.0148559,1172,1964,0_S
1779865084.016601,1590,2063,0_S
1779865084.0179908,1652,2200,0_S
1779865084.0194461,2325,2146,0_S
1779865084.028224,2092,2162,0_S
1779865084.0290308,2314,2090,0_S
1779865084.031358,2273,2320,0_S
1779865084.033736,2961,2202,0_S
1779865084.0365,1875,2239,0_S
1779865084.0405009,2050,2625,0_S
1779865084.041703,2417,2626,0_S
1779865084.044393,3157,2230,0_S
1779865084.045244,2415,2416,0_S
1779865084.04537,1898,2342,0_S
1779865084.04549,1389,2411,0_S
1779865084.04563,1534,2123,0_S
1779865084.045711,1997,2008,0_S
1779865084.055178,1659,2330,0_S
1779865084.0576582,1808,2146,0_S
1779865084.0580428,2728,2069,0_S
1779865084.05827,3519,1689,0_S
1779865084.062359,2182,2320,0_S
1779865084.062582,710,2143,0_S
1779865084.067106,1401,2173,0_S
1779865084.0678358,2182,2145,0_S
1779865084.07105,2416,2158,0_S
1779865084.0712478,2126,2355,0_S
1779865084.07137,1703,2399,0_S
1779865084.071508,1624,2178,0_S
1779865084.071627,2123,2084,0_S
1779865084.0742679,2361,1861,0_S
1779865084.075656,3246,2022,0_S
1779865084.082773,3357,2098,0_S
1779865084.084717,2751,2027,0_S
1779865084.087471,2414,2034,0_S
1779865084.089801,2291,1907,0_S
1779865084.092225,2160,2059,0_S
1779865084.0924082,2326,2074,0_S
1779865084.0963898,2533,2141,0_S
1779865084.096645,2865,2054,0_S
1779865084.0972831,3044,2089,0_S
1779865084.097769,3142,2020,0_S
1779865084.098071,3209,2141,0_S
1779865084.101241,3128,2324,0_S
1779865084.101633,3105,2378,0_S
1779865084.104765,3002,2228,0_S
1779865084.1140008,2855,2046,0_S
1779865084.114547,2784,2108,0_S
1779865084.1173341,2950,2194,0_S
1779865084.119327,3113,2157,0_S
1779865084.123347,3077,2194,0_S
1779865084.123754,2926,2044,0_S
1779865084.124223,2832,2194,0_S
1779865084.124576,2835,2036,0_S
1779865084.125089,2698,1846,0_S
1779865084.128184,2807,1898,0_S
1779865084.128305,2781,1927,0_S
1779865084.128376,3156,2367,0_S
1779865084.129793,3158,2158,0_S
1779865084.132422,2999,1968,0_S
1779865084.133764,2793,2094,0_S
1779865084.1446881,2701,2162,0_S
1779865084.149207,2658,2227,0_S
1779865084.156288,2675,2242,0_S
1779865084.1573918,2675,1980,0_S
1779865084.157693,2611,2056,0_S
1779865084.157847,2179,1738,0_S
1779865084.157911,2074,1832,0_S
1779865084.157964,2244,2467,0_S
1779865084.158022,2403,2437,0_S
1779865084.1580749,2401,2102,0_S
1779865084.158127,2466,2305,0_S
1779865084.158187,2662,2348,0_S
1779865084.159534,2358,2315,0_S
1779865084.1674519,2224,1915,0_S
1779865084.170142,2223,1626,0_S
1779865084.170629,1966,1782,0_S
1779865084.172777,1869,2242,0_S
1779865084.172977,1772,2028,0_S
1779865084.17541,1786,1919,0_S
1779865084.1798332,1808,2047,0_S
1779865084.180338,1898,2256,0_S
1779865084.183851,1778,2078,0_S
1779865084.184057,1860,1934,0_S
1779865084.184192,1933,2105,0_S
1779865084.184351,1711,2196,0_S
1779865084.185726,1568,2020,0_S
1779865084.188404,2044,1952,0_S
1779865084.189858,1928,1887,0_S
1779865084.1964521,1362,1928,0_S
1779865084.1977391,1086,2180,0_S
1779865084.202826,1512,2131,0_S
1779865084.203725,1456,2074,0_S
1779865084.20979,1562,2182,0_S
1779865084.21037,1521,2125,0_S
1779865084.210644,1708,1870,0_S
1779865084.210955,1811,1980,0_S
1779865084.2143612,1677,1936,0_S
1779865084.2147179,1545,2236,0_S
1779865084.214875,1735,2061,0_S
1779865084.2150028,1717,1804,0_S
1779865084.216351,1463,2036,0_S
1779865084.223521,1176,2236,0_S
1779865084.224233,1587,2171,0_S
1779865084.225545,1729,2191,0_S
1779865084.2407198,1997,2131,0_S
1779865084.241059,1951,2009,0_S
1779865084.241332,2003,1950,0_S
1779865084.2416499,2084,2044,0_S
1779865084.2417762,2136,2190,0_S
1779865084.241927,2010,2218,0_S
1779865084.242005,2070,2224,0_S
1779865084.242275,2012,2121,0_S
1779865084.242424,1961,2061,0_S
1779865084.242624,1893,2091,0_S
1779865084.2438889,1908,2070,0_S
1779865084.245336,2163,2017,0_S
1779865084.263065,2164,2013,0_S
1779865084.271897,2125,2091,0_S
1779865084.273098,2025,2150,0_S
1779865084.273303,2062,2055,0_S
1779865084.273403,1934,2018,0_S
1779865084.273586,1901,1787,0_S
1779865084.273647,1863,1883,0_S
1779865084.273698,2051,1925,0_S
1779865084.273748,2101,1896,0_S
1779865084.273849,2041,2096,0_S
1779865084.274318,1960,2154,0_S
1779865084.274412,1987,2124,0_S
1779865084.274473,2062,1921,0_S
1779865084.274525,2058,1934,0_S
1779865084.299007,2012,2010,0_S
1779865084.29922,2109,1998,0_S
1779865084.29932,1966,1963,0_S
1779865084.299683,2063,1996,0_S
1779865084.299907,2131,2076,0_S
1779865084.300195,2063,2102,0_S
1779865084.3006048,2070,1970,0_S
1779865084.3015192,2004,1874,0_S
1779865084.303191,1953,1917,0_S
1779865084.3034601,1876,2131,0_S
1779865084.3035362,2061,2150,0_S
1779865084.3036008,2051,2063,0_S
1779865084.303665,1889,2181,0_S
1779865084.306004,1967,2129,0_S
1779865084.306232,2025,2091,0_S
1779865084.306411,2014,2086,0_S
1779865084.335623,1991,2107,0_S
1779865084.357881,1956,2159,0_S
1779865084.36219,2116,2110,0_S
1779865084.367627,1915,1989,0_S
1779865084.375915,1899,2182,0_S
1779865084.390517,1809,2266,0_S
1779865084.392839,2031,2206,0_S
1779865084.4178329,2095,2193,0_S
1779865084.418498,2074,2158,0_S
1779865084.4186702,1919,2102,0_S
1779865084.420377,2026,2081,0_S
1779865084.420445,2040,1978,0_S
1779865084.4205,2013,2072,0_S
1779865084.4205508,1954,2067,0_S
1779865084.420602,2007,2064,0_S
1779865084.420757,2043,1996,0_S
1779865084.4208472,1985,1990,0_S
1779865084.420956,2004,2078,0_S
1779865084.421026,2020,2108,0_S
1779865084.4210901,2014,2087,0_S
1779865084.421155,1987,2135,0_S
1779865084.42357,2057,2117,0_S
1779865084.423678,1966,2211,0_S
1779865084.42375,1990,2065,0_S
1779865084.423851,2058,2047,0_S
1779865084.424088,2006,2016,0_S
1779865084.424153,2012,2078,0_S
1779865084.424217,2030,2161,0_S
1779865084.4242802,2071,2168,0_S
1779865084.424343,2057,2063,0_S
1779865084.424405,1896,2154,0_S
1779865084.424469,1994,2147,0_S
1779865084.424531,2068,2036,0_S
1779865084.4250681,2122,1988,0_S
1779865084.4257228,2015,1950,0_S
1779865084.426583,1981,1944,0_S
1779865084.4320261,2042,1922,0_S
1779865084.4453828,1998,2156,0_S
1779865084.446647,1771,2090,0_S
1779865084.451175,1971,2149,0_S
1779865084.4514198,2085,2049,0_S
1779865084.451497,2021,1971,0_S
1779865084.4515672,1996,2064,0_S
1779865084.45167,1961,2055,0_S
1779865084.451781,1958,1969,0_S
1779865084.453784,2022,2030,0_S
1779865084.454271,1907,2105,0_S
1779865084.474991,1976,2215,0_S
1779865084.479164,2019,2088,0_S
1779865084.4795468,2058,2058,0_S
1779865084.479786,2038,1968,0_S
1779865084.479986,2118,2175,0_S
1779865084.4801338,2086,2155,0_S
1779865084.480226,1999,2064,0_S
1779865084.480339,1911,2068,0_S
1779865084.480393,2003,2056,0_S
1779865084.480445,2063,2047,0_S
1779865084.480639,1937,1949,0_S
1779865084.480691,1977,1988,0_S
1779865084.480741,2025,1997,0_S
1779865084.480792,1885,1897,0_S
1779865084.48084,2087,1892,0_S
1779865084.480892,2087,2069,0_S
1779865084.480942,2001,2076,0_S
1779865084.480993,1997,2186,0_S
1779865084.481045,2051,2113,0_S
1779865084.481096,2059,2091,0_S
1779865084.4811468,2021,1999,0_S
1779865084.481197,1988,2160,0_S
1779865084.481322,2017,2014,0_S
1779865084.4814038,1917,2067,0_S
1779865084.481472,1953,2097,0_S
1779865084.481539,1951,2111,0_S
1779865084.481631,2108,2165,0_S
1779865084.4820118,2027,2129,0_S
1779865084.48217,2011,1992,0_S
1779865084.48224,2019,2146,0_S
1779865084.4823291,1958,2046,0_S
1779865084.482621,1956,1967,0_S
1779865084.482751,2022,2122,0_S
1779865084.483713,1995,2222,0_S
1779865084.484242,2019,2091,0_S
1779865084.484471,2046,2090,0_S
1779865084.484586,1971,2136,0_S
1779865084.4847062,1958,2120,0_S
1779865084.484778,2043,2107,0_S
1779865084.484843,2089,2103,0_S
1779865084.485182,2033,2103,0_S
1779865084.485248,1894,2174,0_S
1779865084.485545,1988,2146,0_S
1779865084.506857,2031,2047,0_S
1779865084.511549,1978,2010,0_S
1779865084.5116968,2030,2015,0_S
1779865084.511779,2032,2031,0_S
1779865084.511847,2140,2056,0_S
1779865084.511914,2103,2229,0_S
1779865084.5121,1973,2268,0_S
1779865084.51217,1944,2233,0_S
1779865084.5123131,2045,2210,0_S
1779865084.5124311,2110,1911,0_S
1779865084.5125031,1951,1845,0_S
1779865084.512639,1930,1818,0_S
1779865084.5127769,2020,1753,0_S
1779865084.5144398,1990,1666,0_S
1779865084.53744,2040,1750,0_S
1779865084.538634,1898,1839,0_S
1779865084.53878,2032,1848,0_S
1779865084.539479,2098,1855,0_S
1779865084.539867,2027,1812,0_S
1779865084.540017,2059,1852,0_S
1779865084.540236,2153,1876,0_S
1779865084.5414872,2032,1700,0_S
1779865084.541569,2040,1841,0_S
1779865084.541636,2020,1916,0_S
1779865084.5417001,1946,1949,0_S
1779865084.541813,2036,1704,0_S
1779865084.541878,2010,1714,0_S
1779865084.541941,1993,1802,0_S
1779865084.5438,2059,2070,0_S
1779865084.5567412,1919,1937,0_S
1779865084.567422,1932,1902,0_S
1779865084.567704,1971,2118,0_S
1779865084.567874,2044,2199,0_S
1779865084.568019,2117,2077,0_S
1779865084.568542,2056,2026,0_S
1779865084.569042,2115,2031,0_S
1779865084.5692842,1885,2081,0_S
1779865084.569707,1894,2037,0_S
1779865084.570435,2013,2085,0_S
1779865084.5706072,2015,2167,0_S
1779865084.570806,2017,2188,0_S
1779865084.571143,2018,2095,0_S
1779865084.572138,2084,2141,0_S
1779865084.5823889,2209,2042,0_S
1779865084.582487,2171,2245,0_S
1779865084.5825589,2096,2272,0_S
1779865084.582626,1866,2078,0_S
1779865084.5828211,1815,1870,0_S
1779865084.583075,1998,2107,0_S
1779865084.597597,1899,2247,0_S
1779865084.597707,1832,2095,0_S
1779865084.5977678,2059,1988,0_S
1779865084.597821,2010,2092,0_S
1779865084.597873,2039,2129,0_S
1779865084.5980742,2089,2149,0_S
1779865084.600914,2196,2102,0_S
1779865084.6125,2152,2067,0_S
1779865084.612656,1926,2267,0_S
1779865084.612719,2130,2173,0_S
1779865084.612772,2135,1961,0_S
1779865084.612822,1883,1833,0_S
1779865084.612873,1845,1879,0_S
1779865084.6129222,2062,2052,0_S
1779865084.612971,2085,2555,0_S
1779865084.627744,1772,2328,0_S
1779865084.690822,1825,2524,0_S
1779865084.691157,2123,2644,0_S
1779865084.691613,2168,2276,0_S
1779865084.6917398,1986,2233,0_S
1779865084.6918058,2039,2511,0_S
1779865084.691939,1984,2320,0_S
1779865084.692029,2004,1976,0_S
1779865084.692103,2043,2041,0_S
1779865084.692183,1926,2140,0_S
1779865084.692291,2002,2292,0_S
1779865084.692369,2051,2126,0_S
1779865084.692458,1882,2038,0_S
1779865084.692527,1896,1806,0_S
1779865084.692659,1841,2092,0_S
1779865084.692768,2135,2262,0_S
1779865084.6928902,2167,2303,0_S
1779865084.6929548,2065,2389,0_S
1779865084.693019,2031,2313,0_S
1779865084.693144,2096,2262,0_S
1779865084.69328,2065,2317,0_S
1779865084.693357,2077,2331,0_S
1779865084.6934662,2005,2364,0_S
1779865084.693552,2033,2223,0_S
1779865084.6936069,2088,2225,0_S
1779865084.693731,2000,2205,0_S
1779865084.693821,2003,2368,0_S
1779865084.693892,2032,2311,0_S
1779865084.6939561,2016,2181,0_S
1779865084.694149,1991,2141,0_S
1779865084.694378,2192,2228,0_S
1779865084.694609,2030,2118,0_S
1779865084.6946821,2088,1965,0_S
1779865084.694769,2081,1941,0_S
1779865084.694835,2103,1902,0_S
1779865084.694931,2034,2014,0_S
1779865084.695018,1986,1928,0_S
1779865084.695085,1995,1997,0_S
1779865084.695148,2113,2029,0_S
1779865084.695224,1886,1982,0_S
1779865084.696119,2038,1783,0_S
1779865084.710732,1892,1832,0_S
1779865084.7111459,1754,1844,0_S
1779865084.715689,2006,2261,0_S
1779865084.7199109,2100,2148,0_S
1779865084.720028,1921,1737,0_S
1779865084.720225,2201,1698,0_S
1779865084.7203012,2183,2002,0_S
1779865084.7203672,2144,2106,0_S
1779865084.7204401,1879,1923,0_S
1779865084.720595,2060,1862,0_S
1779865084.720664,1947,2071,0_S
1779865084.7207181,1921,2015,0_S
1779865084.720883,2097,2002,0_S
1779865084.731254,2087,1930,0_S
1779865084.7401862,1961,1989,0_S
1779865084.7409348,2041,2049,0_S
1779865084.741632,2051,1974,0_S
1779865084.7452521,2047,2034,0_S
1779865084.745388,1960,2002,0_S
1779865084.745586,2043,2185,0_S
1779865084.745685,2006,1971,0_S
1779865084.745787,1947,1914,0_S
1779865084.745953,1987,2053,0_S
1779865084.746057,2020,2090,0_S
1779865084.74613,2014,1854,0_S
1779865084.747277,2079,1815,0_S
1779865084.749961,1957,1893,0_S
1779865084.751453,1905,2041,0_S
1779865084.759418,2045,1827,0_S
1779865084.762273,2087,1900,0_S
1779865084.770896,2032,1782,0_S
1779865084.7715468,2033,1770,0_S
1779865084.775255,1995,1853,0_S
1779865084.7756329,1995,1771,0_S
1779865084.775858,2052,1944,0_S
1779865084.775924,2045,2200,0_S
1779865084.776054,2063,2162,0_S
1779865084.7761788,2071,2095,0_S
1779865084.776281,2053,1983,0_S
1779865084.7763772,2090,2153,0_S
1779865084.7777479,2007,2226,0_S
1779865084.78805,2076,2097,0_S
1779865084.790472,2016,2130,0_S
1779865084.793115,1996,2214,0_S
1779865084.7970262,2021,2424,0_S
1779865084.797408,2062,2292,0_S
1779865084.797573,2052,2159,0_S
1779865084.797889,2053,2232,0_S
1779865084.801794,2056,2222,0_S
1779865084.801932,2081,2161,0_S
1779865084.802079,2051,2124,0_S
1779865084.8021362,1995,2203,0_S
1779865084.802189,1975,2295,0_S
1779865084.803641,2074,2120,0_S
1779865084.8050041,2090,2010,0_S
1779865084.807671,2072,2017,0_S
1779865084.809341,2047,2077,0_S
1779865084.816494,2068,2177,0_S
1779865084.821308,2055,2063,0_S
1779865084.82373,2015,2188,0_S
1779865084.82805,1990,2271,0_S
1779865084.8288,2201,2179,0_S
1779865084.832302,2104,2058,0_S
1779865084.832587,1973,1960,0_S
1779865084.832646,2061,1969,0_S
1779865084.832779,2004,2040,0_S
1779865084.8328938,2076,2004,0_S
1779865084.8332212,2019,1973,0_S
1779865084.833459,2002,2112,0_S
1779865084.834985,2054,2215,0_S
1779865084.842004,2084,2078,0_S
1779865084.844482,2071,1928,0_S
1779865084.844764,2101,1899,0_S
1779865084.847258,2067,2136,0_S
1779865084.8539782,2098,2096,0_S
1779865084.854826,2072,2058,0_S
1779865084.8553689,2073,2116,0_S
1779865084.8557131,2048,2290,0_S
1779865084.858185,2066,2079,0_S
1779865084.8593159,2041,2065,0_S
1779865084.859485,2046,2041,0_S
1779865084.859576,1984,2019,0_S
1779865084.8609269,2003,1970,0_S
1779865084.863678,2084,1903,0_S
1779865084.864865,2077,2075,0_S
1779865084.8742049,1956,2245,0_S
1779865084.8763468,2005,2158,0_S
1779865084.8797839,2050,2021,0_S
1779865084.885897,2091,2015,0_S
1779865084.8884091,2104,2110,0_S
1779865084.889308,2033,2139,0_S
1779865084.889432,2044,2016,0_S
1779865084.889496,2065,2062,0_S
1779865084.88955,2023,2092,0_S
1779865084.8896031,1993,2263,0_S
1779865084.8896892,2070,2074,0_S
1779865084.88979,2090,2011,0_S
1779865084.891259,2105,2020,0_S
1779865084.89851,2085,2133,0_S
1779865084.9017742,2112,2098,0_S
1779865084.910584,2079,2009,0_S
1779865084.9108338,2051,2159,0_S
1779865084.91149,2023,2175,0_S
1779865084.9146109,2072,1980,0_S
1779865084.9148018,1994,1863,0_S
1779865084.914859,2093,1866,0_S
1779865084.914913,2035,1935,0_S
1779865084.9149692,1942,1913,0_S
1779865084.915018,2026,1807,0_S
1779865084.915182,2029,1889,0_S
1779865084.917829,2041,2099,0_S
1779865084.9191859,2059,2141,0_S
1779865084.9264362,2099,2041,0_S
1779865084.9314182,2058,1937,0_S
1779865084.933562,2050,1961,0_S
1779865084.9337611,2107,2139,0_S
1779865084.940419,2064,1942,0_S
1779865084.94079,2063,1885,0_S
1779865084.940973,2081,2171,0_S
1779865084.9412138,2026,2230,0_S
1779865084.943808,1974,1990,0_S
1779865084.943968,1967,1936,0_S
1779865084.9441652,2080,2077,0_S
1779865084.944211,2039,2117,0_S
1779865084.9456818,2040,2090,0_S
1779865084.95187,2129,1985,0_S
1779865084.954935,1991,2125,0_S
1779865084.957087,2015,2256,0_S
1779865084.9577742,2077,2112,0_S
1779865084.9594188,2061,2004,0_S
1779865084.963244,2113,1962,0_S
1779865084.9669309,2109,2055,0_S
1779865084.9669912,2055,2164,0_S
1779865084.967065,2029,2015,0_S
1779865084.9671638,2026,2029,0_S
1779865084.967274,2009,2130,0_S
1779865084.969047,2015,2261,0_S
1779865084.9717078,2063,2109,0_S
1779865084.9734342,2084,2031,0_S
1779865084.982166,2035,2041,0_S
1779865084.990688,1991,2045,0_S
1779865084.991057,2075,1998,0_S
1779865084.991272,2023,2049,0_S
1779865084.9945269,2095,2189,0_S
1779865084.994709,2090,2340,0_S
1779865084.994786,2038,2064,0_S
1779865084.9948318,2028,1847,0_S
1779865084.9949172,2163,2023,0_S
1779865084.995028,2098,2124,0_S
1779865084.995657,2048,2027,0_S
1779865084.997387,1980,1887,0_S
1779865085.006885,1915,2049,0_S
1779865085.0091121,1989,2154,0_S
1779865085.0157812,2081,2138,0_S
1779865085.019475,2062,2076,0_S
1779865085.019628,2077,2037,0_S
1779865085.019947,2062,2077,0_S
1779865085.0200698,2105,2097,0_S
1779865085.02078,2096,1981,0_S
1779865085.021353,2039,2092,0_S
1779865085.021624,1968,2204,0_S
1779865085.0217001,2021,2269,0_S
1779865085.0218182,2075,2023,0_S
1779865085.0229719,2144,1987,0_S
1779865085.025569,2051,1991,0_S
1779865085.034394,2022,2096,0_S
1779865085.036691,2091,2002,0_S
1779865085.038825,2105,2063,0_S
1779865085.041321,2008,2125,0_S
1779865085.0451741,2011,2212,0_S
1779865085.045729,2084,2056,0_S
1779865085.046293,2077,1993,0_S
1779865085.048578,2096,2085,0_S
1779865085.049352,1995,2154,0_S
1779865085.049469,2070,2010,0_S
1779865085.049751,2098,1992,0_S
1779865085.0498629,2058,2169,0_S
1779865085.051332,2015,2211,0_S
1779865085.058501,2083,2159,0_S
1779865085.061544,2070,2039,0_S
1779865085.064471,2035,1957,0_S
1779865085.069717,2024,2081,0_S
1779865085.072223,2030,2068,0_S
1779865085.073248,2099,2029,0_S
1779865085.0733812,2028,2036,0_S
1779865085.0734951,1963,2204,0_S
1779865085.0735848,2021,2216,0_S
1779865085.0737011,2088,2055,0_S
1779865085.073822,2058,1984,0_S
1779865085.075365,2032,2014,0_S
1779865085.0767171,2014,2099,0_S
1779865085.079506,2084,2057,0_S
1779865085.08443,2073,1964,0_S
1779865085.085641,2000,2186,0_S
1779865085.088038,2001,2245,0_S
1779865085.090027,2129,2088,0_S
1779865085.090674,2081,2076,0_S
1779865085.092343,2089,2058,0_S
1779865085.09611,2058,2094,0_S
1779865085.096493,2070,1955,0_S
1779865085.099503,2077,1952,0_S
1779865085.0996401,2027,2185,0_S
1779865085.101121,1992,2373,0_S
1779865085.107764,2059,2016,0_S
1779865085.110362,2067,1894,0_S
1779865085.110656,2115,1889,0_S
1779865085.114628,2054,2074,0_S
1779865085.117715,2034,2180,0_S
1779865085.118071,2053,2059,0_S
1779865085.1184058,2020,2111,0_S
1779865085.121112,1999,2221,0_S
1779865085.1219132,2022,2328,0_S
1779865085.122056,2044,1945,0_S
1779865085.123522,2101,1951,0_S
1779865085.124876,2083,1973,0_S
1779865085.12748,2113,2228,0_S
1779865085.134191,2167,1880,0_S
1779865085.13432,2073,1957,0_S
1779865085.13662,1958,2137,0_S
1779865085.136832,1992,2251,0_S
1779865085.138355,2054,2024,0_S
1779865085.140897,1986,2026,0_S
1779865085.144217,1955,2045,0_S
1779865085.147247,1968,2105,0_S
1779865085.14737,2054,2085,0_S
1779865085.147768,2225,1984,0_S
1779865085.149191,2296,2135,0_S
1779865085.158723,2147,2130,0_S
1779865085.160384,1990,1979,0_S
1779865085.161437,2053,2073,0_S
1779865085.163123,2224,2016,0_S
1779865085.166604,2072,2115,0_S
1779865085.166937,1911,2141,0_S
1779865085.167307,1922,1990,0_S
1779865085.169524,1997,2061,0_S
1779865085.170549,2258,2148,0_S
1779865085.170614,2269,2215,0_S
1779865085.170659,1897,2160,0_S
1779865085.173291,1785,1939,0_S
1779865085.1747808,2009,2041,0_S
1779865085.181369,2029,2062,0_S
1779865085.182799,1953,2027,0_S
1779865085.185507,1872,2019,0_S
1779865085.1877272,1847,2168,0_S
1779865085.189725,1886,2276,0_S
1779865085.193103,2093,2138,0_S
1779865085.196527,2217,2041,0_S
1779865085.196893,2288,2015,0_S
1779865085.197078,2197,2076,0_S
1779865085.197324,2109,1982,0_S
1779865085.197425,2135,1926,0_S
1779865085.1987772,1994,2107,0_S
1779865085.204406,1944,2168,0_S
1779865085.2077599,1988,2194,0_S
1779865085.2080011,2069,2034,0_S
1779865085.210334,2129,1979,0_S
1779865085.210952,2090,2050,0_S
1779865085.219767,2143,2000,0_S
1779865085.223901,2109,2019,0_S
1779865085.224112,1996,2097,0_S
1779865085.224417,2041,2105,0_S
1779865085.224517,2219,2052,0_S
1779865085.2248409,2146,2102,0_S
1779865085.224909,2014,2051,0_S
1779865085.224959,2070,2101,0_S
1779865085.2268958,2121,2155,0_S
1779865085.23346,2276,1958,0_S
1779865085.234721,2133,2020,0_S
1779865085.237953,1916,2190,0_S
1779865085.242079,2006,2151,0_S
1779865085.245049,2024,2089,0_S
1779865085.2451851,1963,1977,0_S
1779865085.245312,1901,1928,0_S
1779865085.246189,1929,2063,0_S
1779865085.246801,1993,2078,0_S
1779865085.249612,1973,1981,0_S
1779865085.249902,1972,2155,0_S
1779865085.251368,1977,2263,0_S
1779865085.259551,2070,2163,0_S
1779865085.265984,2144,2056,0_S
1779865085.26928,2117,2026,0_S
1779865085.2719738,2120,2031,0_S
1779865085.272987,2156,2033,0_S
1779865085.273045,2110,1924,0_S
1779865085.273092,2070,1973,0_S
1779865085.2731361,2049,2120,0_S
1779865085.273268,2056,2268,0_S
1779865085.27345,2090,2041,0_S
1779865085.2735648,2100,2045,0_S
1779865085.274956,2066,2037,0_S
1779865085.277569,2038,2058,0_S
1779865085.2789829,2110,2018,0_S
1779865085.287872,2131,2004,0_S
1779865085.288148,2162,2092,0_S
1779865085.2918851,1963,2292,0_S
1779865085.295147,2018,2074,0_S
1779865085.2953222,2024,2020,0_S
1779865085.295572,2045,2007,0_S
1779865085.2962759,2054,2115,0_S
1779865085.296746,2016,2134,0_S
1779865085.299708,1981,2029,0_S
1779865085.299764,1939,2134,0_S
1779865085.301214,2121,2152,0_S
1779865085.310459,2163,2160,0_S
1779865085.3124218,2087,2055,0_S
1779865085.3130739,2018,1915,0_S
1779865085.3148968,2068,2002,0_S
1779865085.318243,2063,2014,0_S
1779865085.3186738,2093,1994,0_S
1779865085.3214662,2040,2104,0_S
1779865085.3219898,1939,2214,0_S
1779865085.322094,2008,2157,0_S
1779865085.322261,2218,1980,0_S
1779865085.323599,2327,1899,0_S
1779865085.324946,2150,2075,0_S
1779865085.32748,2118,2100,0_S
1779865085.334151,2368,1907,0_S
1779865085.3393002,1936,2152,0_S
1779865085.3454669,1675,2218,0_S
1779865085.3460212,1759,2173,0_S
1779865085.3491251,2116,2009,0_S
1779865085.349261,2278,2054,0_S
1779865085.3493361,2107,1935,0_S
1779865085.349416,1857,2141,0_S
1779865085.349479,1921,2111,0_S
1779865085.349658,2035,1980,0_S
1779865085.349771,2059,2084,0_S
1779865085.350954,2070,2176,0_S
1779865085.3602529,2019,2147,0_S
1779865085.3626182,2056,2041,0_S
1779865085.364473,1990,2021,0_S
1779865085.370687,1998,2011,0_S
1779865085.3716512,2069,1987,0_S
1779865085.371753,2223,1876,0_S
1779865085.371812,2359,1936,0_S
1779865085.3718662,2045,2246,0_S
1779865085.3719208,1984,2122,0_S
1779865085.372051,2114,1922,0_S
1779865085.373208,2060,1847,0_S
1779865085.374757,2003,1736,0_S
1779865085.377366,2019,1926,0_S
1779865085.384361,2111,1783,0_S
1779865085.386529,1996,1881,0_S
1779865085.386799,1944,1933,0_S
1779865085.38698,1947,2046,0_S
1779865085.387158,2035,1978,0_S
1779865085.3941839,2069,1948,0_S
1779865085.394442,2099,1969,0_S
1779865085.394676,2059,1985,0_S
1779865085.394866,2051,2002,0_S
1779865085.398022,2052,1901,0_S
1779865085.399363,2148,2028,0_S
1779865085.406888,2174,2246,0_S
1779865085.407605,2135,2218,0_S
1779865085.4082901,2166,2039,0_S
1779865085.4105768,1985,2066,0_S
1779865085.410645,2075,2002,0_S
1779865085.4127412,2090,2133,0_S
1779865085.4151502,2265,1934,0_S
1779865085.4263098,2100,2166,0_S
1779865085.426429,1935,2230,0_S
1779865085.426492,1788,2327,0_S
1779865085.4265459,1977,1862,0_S
1779865085.42668,2081,1863,0_S
1779865085.426836,2198,1982,0_S
1779865085.4268951,1992,2025,0_S
1779865085.43467,1820,1991,0_S
1779865085.4356081,1921,1971,0_S
1779865085.436813,2042,2115,0_S
1779865085.4399848,2121,2247,0_S
1779865085.442121,2173,2039,0_S
1779865085.44243,2094,2067,0_S
1779865085.4454021,2040,2046,0_S
1779865085.449379,1998,2084,0_S
1779865085.4498901,2115,2046,0_S
1779865085.4533381,2120,1969,0_S
1779865085.4534101,2032,2094,0_S
1779865085.453619,1997,2099,0_S
1779865085.4537148,2198,1974,0_S
1779865085.455165,2123,2142,0_S
1779865085.463029,2014,2048,0_S
1779865085.465579,1986,1996,0_S
1779865085.465854,1995,2090,0_S
1779865085.468553,2081,1960,0_S
1779865085.474046,2081,1941,0_S
1779865085.474987,1984,2105,0_S
1779865085.4776351,2021,2115,0_S
1779865085.4788249,2033,1993,0_S
1779865085.4789639,2108,1888,0_S
1779865085.479146,2121,2059,0_S
1779865085.479237,2052,2178,0_S
1779865085.479342,2123,2119,0_S
1779865085.4807522,2036,2195,0_S
1779865085.483465,2021,2187,0_S
1779865085.4849632,1994,2237,0_S
1779865085.493122,2083,2132,0_S
1779865085.496351,2180,2006,0_S
1779865085.504478,2132,1968,0_S
1779865085.505261,2226,1982,0_S
1779865085.5057962,2102,1988,0_S
1779865085.5091908,2011,2040,0_S
1779865085.509543,1982,2049,0_S
1779865085.5096068,1912,2351,0_S
1779865085.509758,2051,2007,0_S
1779865085.509866,2091,2010,0_S
1779865085.510011,2078,2062,0_S
1779865085.510117,1991,2037,0_S
1779865085.511594,1850,2262,0_S
1779865085.518847,2038,2012,0_S
1779865085.522397,2097,1984,0_S
1779865085.524493,2025,2116,0_S
1779865085.5257769,2026,2223,0_S
1779865085.531384,2076,1949,0_S
1779865085.532459,2111,1985,0_S
1779865085.532676,2187,2111,0_S
1779865085.536088,2083,2206,0_S
1779865085.536295,1991,2087,0_S
1779865085.536717,2052,2035,0_S
1779865085.53688,2031,2030,0_S
1779865085.537031,1994,2133,0_S
1779865085.537143,2158,2070,0_S
1779865085.538651,2260,2077,0_S
1779865085.5413,2295,1903,0_S
1779865085.5427399,2016,1803,0_S
1779865085.554107,1950,1900,0_S
1779865085.562523,1833,2017,0_S
1779865085.563058,1920,2018,0_S
1779865085.566978,1949,2381,0_S
1779865085.567072,1938,2310,0_S
1779865085.56718,1952,2104,0_S
1779865085.567353,1952,2110,0_S
1779865085.567439,2065,2039,0_S
1779865085.5674949,2090,2117,0_S
1779865085.567549,2239,1924,0_S
1779865085.567601,2557,2284,0_S
1779865085.567688,2181,2267,0_S
1779865085.569067,2348,1931,0_S
1779865085.579608,1994,1964,0_S
1779865085.58416,2605,1924,0_S
1779865085.5886452,2442,2200,0_S
1779865085.59168,1789,1928,0_S
1779865085.592097,1425,1895,0_S
1779865085.592192,1925,2072,0_S
1779865085.5922508,1750,2218,0_S
1779865085.5923069,1566,2181,0_S
1779865085.5923882,1859,2199,0_S
1779865085.592441,2272,2011,0_S
1779865085.592491,2368,1874,0_S
1779865085.592615,2376,2112,0_S
1779865085.59543,1731,2195,0_S
1779865085.596801,2124,1818,0_S
1779865085.607473,1861,2179,0_S
1779865085.6147552,1986,2142,0_S
1779865085.6188989,2841,1887,0_S
1779865085.61951,2391,2138,0_S
1779865085.619942,1052,2283,0_S
1779865085.620487,1223,2141,0_S
1779865085.620929,1927,2008,0_S
1779865085.624671,2421,2001,0_S
1779865085.624767,2308,2209,0_S
1779865085.62496,1842,2274,0_S
1779865085.6250281,1768,2196,0_S
1779865085.62512,1816,2028,0_S
1779865085.625189,2128,1841,0_S
1779865085.625313,2100,1982,0_S
1779865085.626549,2302,2050,0_S
1779865085.635629,2629,2031,0_S
1779865085.6467881,2551,1847,0_S
1779865085.647677,2698,2051,0_S
1779865085.651275,2233,2325,0_S
1779865085.651444,1773,2189,0_S
1779865085.651658,1596,2102,0_S
1779865085.651735,2386,1986,0_S
1779865085.651841,2087,2148,0_S
1779865085.651909,1741,2220,0_S
1779865085.6520472,2030,1871,0_S
1779865085.6522958,1642,2086,0_S
1779865085.6523871,2335,2063,0_S
1779865085.652491,2000,2239,0_S
1779865085.655257,1702,2192,0_S
1779865085.65669,2205,1950,0_S
1779865085.66485,2044,2279,0_S
1779865085.6682749,2494,1862,0_S
1779865085.671026,3122,1614,0_S
1779865085.6770492,2429,2195,0_S
1779865085.67769,1317,2383,0_S
1779865085.681358,1149,2148,0_S
1779865085.681456,1758,1990,0_S
1779865085.681538,2100,1911,0_S
1779865085.681602,1868,1978,0_S
1779865085.6816661,1652,2052,0_S
1779865085.68174,1788,2297,0_S
1779865085.6818922,2018,2121,0_S
1779865085.683278,2185,2180,0_S
1779865085.690551,2317,2315,0_S
1779865085.694006,2508,2060,0_S
1779865085.702919,2496,1922,0_S
1779865085.70658,2443,2051,0_S
1779865085.706655,2206,2384,0_S
1779865085.706711,2087,2333,0_S
1779865085.70685,2239,1929,0_S
1779865085.706944,2386,1886,0_S
1779865085.7070148,2387,2140,0_S
1779865085.707078,2679,2144,0_S
1779865085.707247,2801,2117,0_S
1779865085.7073228,1432,2149,0_S
1779865085.70879,1514,1824,0_S
1779865085.7115939,1721,1992,0_S
1779865085.7130072,1782,2044,0_S
1779865085.723271,1951,2147,0_S
1779865085.726356,1720,2486,0_S
1779865085.728711,1898,2557,0_S
1779865085.732714,2145,1986,0_S
1779865085.733191,2289,1765,0_S
1779865085.7336051,2515,2243,0_S
1779865085.734004,2334,2210,0_S
1779865085.734472,1942,1580,0_S
1779865085.737788,1700,1638,0_S
1779865085.7378628,2124,2041,0_S
1779865085.737917,2147,2210,0_S
1779865085.737969,2269,1909,0_S
1779865085.739369,2880,1761,0_S
1779865085.750138,2746,2143,0_S
1779865085.753463,2481,1676,0_S
1779865085.755726,2037,1943,0_S
1779865085.7601511,2840,1952,0_S
1779865085.763751,1814,2851,0_S
1779865085.763873,760,2376,0_S
1779865085.764113,1059,2638,0_S
1779865085.7642272,1503,2558,0_S
1779865085.76437,1377,2426,0_S
1779865085.7644491,1492,2565,0_S
1779865085.764513,1665,2984,0_S
1779865085.7645729,2124,2722,0_S
1779865085.7646348,2121,2788,0_S
1779865085.767282,2032,2728,0_S
1779865085.768658,2318,2455,0_S
1779865085.780222,2258,2257,0_S
1779865085.780527,2401,2435,0_S
1779865085.789065,2411,2304,0_S
1779865085.792471,2286,2426,0_S
1779865085.793718,1807,2605,0_S
1779865085.793835,1998,2343,0_S
1779865085.793919,2073,2442,0_S
1779865085.793996,2100,2478,0_S
1779865085.794097,2060,2299,0_S
1779865085.794176,2077,2288,0_S
1779865085.794234,2094,2485,0_S
1779865085.794283,1982,2487,0_S
1779865085.794341,1902,2415,0_S
1779865085.803394,2033,2321,0_S
1779865085.8108401,2148,2279,0_S
1779865085.815079,2193,2616,0_S
1779865085.8156831,2172,2378,0_S
1779865085.816323,2171,2269,0_S
1779865085.820131,1948,2149,0_S
1779865085.820679,2014,2106,0_S
1779865085.820836,2080,2068,0_S
1779865085.820908,2089,2253,0_S
1779865085.821037,2022,2277,0_S
1779865085.821225,2124,1968,0_S
1779865085.821295,2472,2165,0_S
1779865085.821362,1867,2202,0_S
1779865085.822826,1710,1757,0_S
1779865085.825703,2367,2406,0_S
1779865085.826916,2319,2415,0_S
1779865085.834351,2358,2027,0_S
1779865085.840651,2112,1851,0_S
1779865085.8468428,1944,2048,0_S
1779865085.850394,1969,2237,0_S
1779865085.850546,2189,2021,0_S
1779865085.850626,1794,1691,0_S
1779865085.8506932,2081,1929,0_S
1779865085.850762,2451,2112,0_S
1779865085.850826,1430,1832,0_S
1779865085.850896,1783,1824,0_S
1779865085.85106,1996,1899,0_S
1779865085.8511412,1813,1814,0_S
1779865085.852361,1784,2552,0_S
1779865085.859547,1232,2355,0_S
1779865085.868014,1350,2087,0_S
1779865085.868525,1901,1929,0_S
1779865085.873188,1915,1887,0_S
1779865085.873754,2095,2042,0_S
1779865085.8771489,2320,2178,0_S
1779865085.877286,2229,1970,0_S
1779865085.877362,2023,1863,0_S
1779865085.8774972,2067,1755,0_S
1779865085.877569,2572,1842,0_S
1779865085.877625,2349,1702,0_S
1779865085.877695,2201,2046,0_S
1779865085.879144,2097,2164,0_S
1779865085.880573,2054,2037,0_S
1779865085.883281,2318,2095,0_S
1779865085.891638,2211,2125,0_S
1779865085.896723,1989,1860,0_S
1779865085.906809,2324,1974,0_S
1779865085.9071848,2245,2041,0_S
1779865085.907359,2018,1953,0_S
1779865085.907428,1812,2087,0_S
1779865085.907635,2032,2016,0_S
1779865085.90769,1986,2173,0_S
1779865085.9077399,1908,2155,0_S
1779865085.907789,1927,2237,0_S
1779865085.9078379,2323,2189,0_S
1779865085.908051,2311,2064,0_S
1779865085.909527,2049,2030,0_S
1779865085.9224489,1983,2141,0_S
1779865085.928524,2087,2088,0_S
1779865085.933082,2120,2005,0_S
1779865085.933228,1998,2147,0_S
1779865085.933336,2120,2221,0_S
1779865085.933419,2298,1918,0_S
1779865085.9334872,2424,1880,0_S
1779865085.933635,2523,1621,0_S
1779865085.933763,2087,1943,0_S
1779865085.933834,2092,1987,0_S
1779865085.933944,1795,1869,0_S
1779865085.934062,1923,2142,0_S
1779865085.935283,2041,1848,0_S
1779865085.936785,1968,1940,0_S
1779865085.9395158,2562,1914,0_S
1779865085.9466639,2059,2199,0_S
1779865085.948716,1736,2200,0_S
1779865085.953723,1877,2080,0_S
1779865085.956554,2180,1778,0_S
1779865085.960869,2345,1887,0_S
1779865085.96149,2173,2293,0_S
1779865085.9653811,2336,2308,0_S
1779865085.965506,2098,2112,0_S
1779865085.965645,1811,2311,0_S
1779865085.965822,1901,2248,0_S
1779865085.9659011,2025,2167,0_S
1779865085.966105,2167,2137,0_S
1779865085.966221,2054,2234,0_S
1779865085.966397,2009,2249,0_S
1779865085.9784691,1964,2165,0_S
1779865085.981143,2052,2151,0_S
1779865085.988102,2142,2126,0_S
1779865085.9916632,2195,2096,0_S
1779865085.991752,2249,2153,0_S
1779865085.991808,2183,2118,0_S
1779865085.9919202,2167,2149,0_S
1779865085.991991,2130,2133,0_S
1779865085.992068,2040,2090,0_S
1779865085.9921448,2111,2067,0_S
1779865085.992197,2120,2091,0_S
1779865085.99226,2151,2025,0_S
1779865085.992346,2147,1987,0_S
1779865085.995203,2153,2018,0_S
1779865085.996671,2191,2095,0_S
1779865086.008758,2097,2316,0_S
1779865086.009239,1995,2364,0_S
1779865086.0118048,1971,2342,0_S
1779865086.017399,2063,2183,0_S
1779865086.0214798,2081,2118,0_S
1779865086.021764,2137,2122,0_S
1779865086.021884,2130,2211,0_S
1779865086.021964,2167,2198,0_S
1779865086.02213,2042,2067,0_S
1779865086.02219,1972,2220,0_S
1779865086.022242,1983,2279,0_S
1779865086.022292,2089,2145,0_S
1779865086.022342,2030,2017,0_S
1779865086.043542,2014,1940,0_S
1779865086.0440588,2033,1992,0_S
1779865086.045084,2087,1999,0_S
1779865086.048814,2100,1975,0_S
1779865086.048919,2073,2020,0_S
1779865086.048991,2045,1946,0_S
1779865086.049054,2033,1815,0_S
1779865086.049115,2010,1908,0_S
1779865086.0492082,2012,2000,0_S
1779865086.049271,2070,2033,0_S
1779865086.0493371,2029,2053,0_S
1779865086.049398,2049,1881,0_S
1779865086.04946,2022,2066,0_S
1779865086.050974,1951,2147,0_S
1779865086.052445,1983,2133,0_S
1779865086.0551412,2034,2012,0_S
1779865086.069303,2098,2056,0_S
1779865086.075522,2021,2128,0_S
1779865086.076088,2016,2055,0_S
1779865086.079283,2066,2025,0_S
1779865086.079842,2057,2017,0_S
1779865086.079962,2021,2059,0_S
1779865086.0800178,2027,2153,0_S
1779865086.0802,2137,2191,0_S
1779865086.0802891,2021,2003,0_S
1779865086.08034,2036,2000,0_S
1779865086.080411,1997,2147,0_S
1779865086.08048,2042,2155,0_S
1779865086.080532,2063,2124,0_S
1779865086.0927749,2021,2144,0_S
1779865086.093311,1974,2110,0_S
1779865086.102606,2066,2050,0_S
1779865086.106412,2094,2085,0_S
1779865086.106515,2036,2048,0_S
1779865086.1067252,2100,2101,0_S
1779865086.106941,2090,2141,0_S
1779865086.1070862,2055,2057,0_S
1779865086.107219,2055,1986,0_S
1779865086.107436,2038,2177,0_S
1779865086.107598,1991,2196,0_S
1779865086.1076941,2059,2091,0_S
1779865086.1081002,2091,2039,0_S
1779865086.108234,2066,2009,0_S
1779865086.110922,2048,2059,0_S
1779865086.112313,2087,2053,0_S
1779865086.120193,1989,2140,0_S
1779865086.12356,1971,2115,0_S
1779865086.132705,1968,2104,0_S
1779865086.13618,2050,2107,0_S
1779865086.136273,2050,2042,0_S
1779865086.136393,2029,2043,0_S
1779865086.136519,2041,2026,0_S
1779865086.1367629,2038,2052,0_S
1779865086.1368499,2057,2042,0_S
1779865086.136918,2035,2148,0_S
1779865086.136986,2000,2278,0_S
1779865086.137561,2080,2242,0_S
1779865086.139165,2100,2077,0_S
1779865086.147286,1990,2123,0_S
1779865086.1473799,2039,2320,0_S
1779865086.147447,2036,2334,0_S
1779865086.1475132,2071,2242,0_S
1779865086.1522381,2061,2178,0_S
1779865086.158775,2023,2190,0_S
1779865086.159646,2003,2214,0_S
1779865086.163098,2036,2139,0_S
1779865086.163192,2074,2079,0_S
1779865086.163339,2053,2084,0_S
1779865086.163413,2021,2093,0_S
1779865086.1634681,2034,1927,0_S
1779865086.164872,2102,1978,0_S
1779865086.166251,2074,2142,0_S
1779865086.168923,1985,2238,0_S
1779865086.1763499,2012,2195,0_S
1779865086.177946,2005,2214,0_S
1779865086.181828,2087,2277,0_S
1779865086.2125068,2064,2341,0_S
1779865086.212587,2018,2229,0_S
1779865086.212642,2059,2149,0_S
1779865086.212693,2009,2346,0_S
1779865086.2127419,1987,2364,0_S
1779865086.2164638,2043,2224,0_S
1779865086.216699,2186,2064,0_S
1779865086.2168,2097,2156,0_S
1779865086.216862,1977,2076,0_S
1779865086.216954,2021,2067,0_S
1779865086.217012,2078,2044,0_S
1779865086.2171168,2029,2143,0_S
1779865086.217298,1925,2181,0_S
1779865086.21768,1980,2237,0_S
1779865086.2177799,2077,2236,0_S
1779865086.217897,2110,2194,0_S
1779865086.218067,2087,2171,0_S
1779865086.218343,2004,2073,0_S
1779865086.2183979,2069,2008,0_S
1779865086.218473,2015,2104,0_S
1779865086.218667,1954,2284,0_S
1779865086.218833,1993,2326,0_S
1779865086.221217,2083,2143,0_S
1779865086.222802,2023,1867,0_S
1779865086.2488031,1993,2027,0_S
1779865086.248956,2067,2199,0_S
1779865086.249034,2054,2131,0_S
1779865086.249105,2087,2021,0_S
1779865086.2493372,2052,2145,0_S
1779865086.249742,2023,2279,0_S
1779865086.2501671,2035,2269,0_S
1779865086.2507992,1953,2192,0_S
1779865086.251797,2034,2178,0_S
1779865086.25191,2078,2184,0_S
1779865086.2521951,2083,2266,0_S
1779865086.252369,2027,2166,0_S
1779865086.25243,2011,2108,0_S
1779865086.252577,1996,2162,0_S
1779865086.252701,2006,2220,0_S
1779865086.272713,2129,2090,0_S
1779865086.277644,2100,2048,0_S
1779865086.278025,2072,2022,0_S
1779865086.278523,2065,2030,0_S
1779865086.278595,2080,2079,0_S
1779865086.278666,2044,2085,0_S
1779865086.2787359,2033,2171,0_S
1779865086.278801,2076,2194,0_S
1779865086.278869,2033,2237,0_S
1779865086.278934,2019,2114,0_S
1779865086.278997,2096,2078,0_S
1779865086.279063,2072,2269,0_S
1779865086.2791302,2128,2260,0_S
1779865086.280499,2024,2211,0_S
1779865086.2833338,1937,2150,0_S
1779865086.2853272,1968,2190,0_S
1779865086.296065,2022,2149,0_S
1779865086.305778,2030,2164,0_S
1779865086.306947,1976,2151,0_S
1779865086.311213,2024,2123,0_S
1779865086.311441,2016,2046,0_S
1779865086.31155,2166,2124,0_S
1779865086.311605,2098,2213,0_S
1779865086.311729,1910,2318,0_S
1779865086.311848,2062,2281,0_S
1779865086.311968,2080,2133,0_S
1779865086.312107,2139,2044,0_S
1779865086.312407,2113,1881,0_S
1779865086.31248,1964,2050,0_S
1779865086.312544,1955,2167,0_S
1779865086.3151412,2010,2097,0_S
1779865086.327586,2111,2001,0_S
1779865086.333704,2038,2083,0_S
1779865086.334656,2010,1982,0_S
1779865086.335375,2071,2045,0_S
1779865086.338772,2063,2008,0_S
1779865086.339073,2028,2045,0_S
1779865086.339541,2080,2090,0_S
1779865086.339705,2038,2054,0_S
1779865086.339893,1970,2091,0_S
1779865086.340128,2021,2073,0_S
1779865086.340217,2092,2071,0_S
1779865086.340344,2100,2181,0_S
1779865086.340472,2076,2100,0_S
1779865086.343114,2058,2136,0_S
1779865086.3448992,1945,2067,0_S
1779865086.346404,1957,1969,0_S
1779865086.360356,2094,2150,0_S
1779865086.3612459,1957,2095,0_S
1779865086.367166,1975,2203,0_S
1779865086.367646,2059,1995,0_S
1779865086.3682408,2055,2201,0_S
1779865086.37158,2199,2221,0_S
1779865086.371902,2071,2188,0_S
1779865086.3720598,2074,2153,0_S
1779865086.3722088,2002,2188,0_S
1779865086.37238,1971,2360,0_S
1779865086.372523,2083,2226,0_S
1779865086.372603,1996,2077,0_S
1779865086.372753,1976,2056,0_S
1779865086.374113,2079,2224,0_S
1779865086.382329,2052,2111,0_S
1779865086.383925,2141,2113,0_S
1779865086.386477,2090,2048,0_S
1779865086.389198,1944,1947,0_S
1779865086.3948202,2014,2232,0_S
1779865086.395927,2176,2262,0_S
1779865086.399117,2070,2105,0_S
1779865086.399526,1893,1986,0_S
1779865086.399711,2006,2042,0_S
1779865086.3997738,2139,2255,0_S
1779865086.3998861,2081,1923,0_S
1779865086.400034,1850,1834,0_S
1779865086.4002008,1945,2106,0_S
1779865086.402863,2071,2171,0_S
1779865086.4042182,2249,2164,0_S
1779865086.4068081,2185,1981,0_S
1779865086.412535,2076,1808,0_S
1779865086.417238,2075,1762,0_S
1779865086.421886,2131,1604,0_S
1779865086.426233,2170,1713,0_S
1779865086.426889,1872,1914,0_S
1779865086.4305549,2008,1924,0_S
1779865086.430722,2041,1782,0_S
1779865086.43079,1969,1706,0_S
1779865086.430849,1946,1907,0_S
1779865086.430913,1997,2101,0_S
1779865086.430967,2094,2137,0_S
1779865086.431019,2066,2052,0_S
1779865086.432477,2043,2173,0_S
1779865086.441041,1968,2325,0_S
1779865086.443809,2086,2529,0_S
1779865086.444587,2055,2347,0_S
1779865086.446408,2037,2153,0_S
1779865086.4499369,2003,2129,0_S
1779865086.4555771,2027,2102,0_S
1779865086.459015,2063,1934,0_S
1779865086.459174,2069,2046,0_S
1779865086.4594429,1957,1981,0_S
1779865086.4595451,1931,1790,0_S
1779865086.4596019,2064,1770,0_S
1779865086.45966,2092,1680,0_S
1779865086.459716,2104,1936,0_S
1779865086.460951,2002,1986,0_S
1779865086.462483,1937,1885,0_S
1779865086.465166,2067,2009,0_S
1779865086.466502,2065,2194,0_S
1779865086.4809768,2036,2360,0_S
1779865086.4914482,1949,2124,0_S
1779865086.4916759,2097,1996,0_S
1779865086.491799,2072,2244,0_S
1779865086.4918542,1965,2242,0_S
1779865086.491904,2099,2178,0_S
1779865086.492054,2052,1983,0_S
1779865086.4922528,2051,2174,0_S
1779865086.4923651,2064,2255,0_S
1779865086.4924202,1972,2166,0_S
1779865086.492501,1988,2006,0_S
1779865086.492605,2098,2071,0_S
1779865086.492688,2110,2121,0_S
1779865086.494422,1946,2069,0_S
1779865086.503256,2100,1961,0_S
1779865086.514312,2118,2081,0_S
1779865086.517714,1965,2176,0_S
1779865086.5188851,2046,2167,0_S
1779865086.5190258,2218,1957,0_S
1779865086.5191061,1995,1788,0_S
1779865086.519497,1931,1796,0_S
1779865086.519607,2080,1711,0_S
1779865086.519684,1873,1732,0_S
1779865086.5197551,2079,1907,0_S
1779865086.5201,2182,2064,0_S
1779865086.5202172,2024,1861,0_S
1779865086.520475,1934,1876,0_S
1779865086.523381,2063,1910,0_S
1779865086.524796,2139,1977,0_S
1779865086.52627,2210,2218,0_S
1779865086.549848,2151,1997,0_S
1779865086.553025,1981,1701,0_S
1779865086.554643,2017,1838,0_S
1779865086.555572,1967,1904,0_S
1779865086.556181,1970,1977,0_S
1779865086.5563352,2066,2010,0_S
1779865086.556461,2100,1826,0_S
1779865086.5566862,2114,1992,0_S
1779865086.5569222,1961,1979,0_S
1779865086.5570061,2027,1874,0_S
1779865086.557072,2020,1920,0_S
1779865086.5571818,2059,2091,0_S
1779865086.557736,2094,2265,0_S
1779865086.566303,2101,2258,0_S
1779865086.5663822,2020,2049,0_S
1779865086.566439,2088,2005,0_S
1779865086.566493,2024,2157,0_S
1779865086.569373,2055,2001,0_S
1779865086.582052,1991,2012,0_S
1779865086.583395,2016,2161,0_S
1779865086.583479,1980,2220,0_S
1779865086.5835462,2088,2023,0_S
1779865086.5836108,1995,1952,0_S
1779865086.5836759,2132,1899,0_S
1779865086.5837371,2061,1930,0_S
1779865086.583812,2089,1894,0_S
1779865086.5838761,2072,1665,0_S
1779865086.5839438,2086,1749,0_S
1779865086.5853162,1969,1878,0_S
1779865086.586911,2033,1787,0_S
1779865086.588445,2043,1667,0_S
1779865086.5916421,2044,1640,0_S
1779865086.598059,2046,1778,0_S
1779865086.604311,1940,1847,0_S
1779865086.611131,2135,1814,0_S
1779865086.612252,2211,1984,0_S
1779865086.615726,2029,2087,0_S
1779865086.615893,1941,2080,0_S
1779865086.61599,2095,1891,0_S
1779865086.616064,2144,1915,0_S
1779865086.616127,2096,1956,0_S
1779865086.616236,2110,2002,0_S
1779865086.616357,1921,2002,0_S
1779865086.616462,2014,2005,0_S
1779865086.616672,2013,2077,0_S
1779865086.6186008,2014,2255,0_S
1779865086.631535,2116,2160,0_S
1779865086.6378691,2092,1953,0_S
1779865086.638863,2129,1898,0_S
1779865086.6422558,2054,1936,0_S
1779865086.64238,2066,1909,0_S
1779865086.6424499,2100,1719,0_S
1779865086.6426501,1964,1793,0_S
1779865086.642772,1965,2011,0_S
1779865086.64286,2138,2100,0_S
1779865086.642987,2027,1920,0_S
1779865086.643075,2089,1906,0_S
1779865086.643209,2118,2141,0_S
1779865086.644574,2058,2066,0_S
1779865086.646276,2054,1975,0_S
1779865086.648993,1997,2030,0_S
1779865086.65043,1961,2186,0_S
1779865086.652349,1969,2210,0_S
1779865086.6620538,2048,1948,0_S
1779865086.671246,2053,1941,0_S
1779865086.6759949,2038,1995,0_S
1779865086.67947,2033,2088,0_S
1779865086.679565,2084,1990,0_S
1779865086.67966,2091,1997,0_S
1779865086.679786,2049,2068,0_S
1779865086.679895,1994,2246,0_S
1779865086.68,2023,2184,0_S
1779865086.680078,2106,1949,0_S
1779865086.680147,2118,2029,0_S
1779865086.680214,2017,2054,0_S
1779865086.680304,2058,2060,0_S
1779865086.6803699,2062,1993,0_S
1779865086.693088,2097,2052,0_S
1779865086.7064278,2043,2193,0_S
1779865086.706642,2044,2141,0_S
1779865086.706727,2087,2030,0_S
1779865086.7069492,2063,1963,0_S
1779865086.70731,2034,1979,0_S
1779865086.707443,2007,2037,0_S
1779865086.7075388,2084,2025,0_S
1779865086.707733,1996,2164,0_S
1779865086.707836,1995,2112,0_S
1779865086.707968,2078,2251,0_S
1779865086.708073,2108,2055,0_S
1779865086.70815,2082,2025,0_S
1779865086.7082171,2024,2009,0_S
1779865086.7108521,2015,2071,0_S
1779865086.7123451,2038,1965,0_S
1779865086.7253382,2049,1970,0_S
1779865086.735219,2023,2045,0_S
1779865086.7387211,2096,2181,0_S
1779865086.7389219,2137,2068,0_S
1779865086.7391438,1991,1958,0_S
1779865086.739382,2032,1976,0_S
1779865086.7395709,2134,2050,0_S
1779865086.7396312,2183,2063,0_S
1779865086.7399821,2035,2023,0_S
1779865086.7403321,1910,1997,0_S
1779865086.740423,1928,2151,0_S
1779865086.740478,2051,2174,0_S
1779865086.7405288,2044,2062,0_S
1779865086.7406049,2044,2036,0_S
1779865086.74818,2005,2055,0_S
1779865086.7533271,1972,2076,0_S
1779865086.756941,2130,1943,0_S
1779865086.763144,2158,2021,0_S
1779865086.7673411,2150,2233,0_S
1779865086.767435,2033,2281,0_S
1779865086.767586,1887,2039,0_S
1779865086.76773,2267,1979,0_S
1779865086.767783,2184,2005,0_S
1779865086.767919,2018,2109,0_S
1779865086.7681642,2022,2064,0_S
1779865086.7682402,2194,2025,0_S
1779865086.768329,2002,2069,0_S
1779865086.768397,1890,2152,0_S
1779865086.771074,2115,2107,0_S
1779865086.7727811,2080,2014,0_S
1779865086.774105,2070,1935,0_S
1779865086.781474,2051,2007,0_S
1779865086.788764,1966,2016,0_S
1779865086.798378,2152,2038,0_S
1779865086.7984939,2021,2048,0_S
1779865086.798552,1985,2144,0_S
1779865086.798891,2036,2184,0_S
1779865086.799057,2103,2039,0_S
1779865086.799228,2098,2014,0_S
1779865086.7993631,2060,2059,0_S
1779865086.7994418,1854,2100,0_S
1779865086.799685,2033,1980,0_S
1779865086.799742,2090,2118,0_S
1779865086.801156,2078,2213,0_S
1779865086.812875,1999,2265,0_S
1779865086.817915,2092,2047,0_S
1779865086.8223748,2031,1989,0_S
1779865086.823056,2112,2039,0_S
1779865086.8266618,2028,2109,0_S
1779865086.8267882,2080,2011,0_S
1779865086.8268852,2016,1953,0_S
1779865086.826946,1983,2046,0_S
1779865086.8270988,1964,2187,0_S
1779865086.827214,2055,2117,0_S
1779865086.8272908,2067,2002,0_S
1779865086.827355,2081,1984,0_S
1779865086.827428,2040,2084,0_S
1779865086.829049,2043,2033,0_S
1779865086.830427,2085,1938,0_S
1779865086.833129,2046,2037,0_S
1779865086.839204,1972,2172,0_S
1779865086.844768,2032,2166,0_S
1779865086.850142,2055,2003,0_S
1779865086.854508,2066,2014,0_S
1779865086.857468,2050,2103,0_S
1779865086.858742,2050,2210,0_S
1779865086.858948,2084,2087,0_S
1779865086.859055,2005,2149,0_S
1779865086.8592498,2053,2194,0_S
1779865086.859324,2057,2349,0_S
1779865086.8593888,2114,2087,0_S
1779865086.859672,2103,1987,0_S
1779865086.859809,2034,1904,0_S
1779865086.859908,2019,2029,0_S
1779865086.871797,2086,1975,0_S
1779865086.8765051,2089,2024,0_S
1779865086.880735,1985,2128,0_S
1779865086.88161,1987,2170,0_S
1779865086.885198,2048,2125,0_S
1779865086.885598,2116,2141,0_S
1779865086.885727,2078,2111,0_S
1779865086.8858,2006,2052,0_S
1779865086.885858,2021,2093,0_S
1779865086.885962,2074,2071,0_S
1779865086.886092,2048,2099,0_S
1779865086.886208,1961,2090,0_S
1779865086.886265,2001,2027,0_S
1779865086.88902,2039,1907,0_S
1779865086.8903182,2076,1742,0_S
1779865086.891913,2094,1813,0_S
1779865086.903521,2089,2019,0_S
1779865086.908591,2082,1843,0_S
1779865086.915987,2088,1880,0_S
1779865086.916545,2051,1983,0_S
1779865086.916685,1999,2111,0_S
1779865086.91677,2043,2043,0_S
1779865086.916843,2032,1998,0_S
1779865086.916951,2005,1966,0_S
1779865086.9170508,2046,2082,0_S
1779865086.917184,2082,2026,0_S
1779865086.917252,2024,1924,0_S
1779865086.917422,2012,2027,0_S
1779865086.918853,2069,2220,0_S
1779865086.9374552,2106,2133,0_S
1779865086.938238,2075,2035,0_S
1779865086.941189,1920,1900,0_S
1779865086.942216,2177,2003,0_S
1779865086.9424021,2135,1979,0_S
1779865086.942475,2110,1919,0_S
1779865086.94254,2059,1997,0_S
1779865086.942605,2039,2123,0_S
1779865086.942676,2032,2191,0_S
1779865086.942791,2122,2087,0_S
1779865086.942977,2119,2039,0_S
1779865086.943059,2048,2050,0_S
1779865086.9444401,2013,2108,0_S
1779865086.945898,2118,2052,0_S
1779865086.9486551,1956,2039,0_S
1779865086.957289,1939,2157,0_S
1779865086.961285,1990,2222,0_S
1779865086.9643211,2078,2047,0_S
1779865086.9706979,2072,2002,0_S
1779865086.974124,2057,2018,0_S
1779865086.974244,2001,2034,0_S
1779865086.974358,2076,2042,0_S
1779865086.9744902,2050,1999,0_S
1779865086.974566,2029,2138,0_S
1779865086.9746728,1988,2136,0_S
1779865086.9747891,2049,2114,0_S
1779865086.974862,2097,2032,0_S
1779865086.974926,2082,2014,0_S
1779865086.976417,2063,2068,0_S
1779865086.991916,2104,2030,0_S
1779865086.996297,2109,1986,0_S
1779865087.0001762,2084,2099,0_S
1779865087.000389,2029,2190,0_S
1779865087.000523,2033,2186,0_S
1779865087.0006888,2083,2032,0_S
1779865087.000871,2071,1960,0_S
1779865087.001075,2078,1987,0_S
1779865087.00136,1986,2085,0_S
1779865087.00144,2039,1934,0_S
1779865087.001512,2055,2012,0_S
1779865087.0015628,1954,2034,0_S
1779865087.002996,1956,2212,0_S
1779865087.0044851,2121,2121,0_S
1779865087.005904,2080,2069,0_S
1779865087.0173702,2032,2124,0_S
1779865087.0177338,1996,2021,0_S
1779865087.028175,2076,2075,0_S
1779865087.033515,2121,2047,0_S
1779865087.0337439,2098,2111,0_S
1779865087.033928,2009,2080,0_S
1779865087.034015,2024,2079,0_S
1779865087.034177,2064,1941,0_S
1779865087.034274,2115,1925,0_S
1779865087.0343559,2067,2046,0_S
1779865087.034409,2012,2043,0_S
1779865087.0345879,2079,1941,0_S
1779865087.0347588,2171,2010,0_S
1779865087.0349262,2177,2184,0_S
1779865087.036437,2085,2300,0_S
1779865087.053919,2236,1938,0_S
1779865087.0577269,2117,1948,0_S
1779865087.058559,1966,2041,0_S
1779865087.062199,2090,1977,0_S
1779865087.062304,2013,2037,0_S
1779865087.0623739,2095,1898,0_S
1779865087.062531,1862,2176,0_S
1779865087.062679,1797,2280,0_S
1779865087.062849,1995,2063,0_S
1779865087.062921,2052,1996,0_S
1779865087.062998,2192,1991,0_S
1779865087.063061,2297,1969,0_S
1779865087.063145,2221,1951,0_S
1779865087.064586,2245,1756,0_S
1779865087.066008,2674,1903,0_S
1779865087.068581,2076,2443,0_S
1779865087.079563,1993,2121,0_S
1779865087.080253,2226,1819,0_S
1779865087.089569,1954,1946,0_S
1779865087.092851,1965,2048,0_S
1779865087.0932639,2131,2085,0_S
1779865087.093336,1687,2103,0_S
1779865087.0934,1738,2128,0_S
1779865087.093462,1650,1999,0_S
1779865087.093547,1833,2202,0_S
1779865087.093646,1918,2077,0_S
1779865087.093776,2034,2018,0_S
1779865087.0938492,2148,1943,0_S
1779865087.0939178,2063,2162,0_S
1779865087.107755,2133,2017,0_S
1779865087.114047,2193,2030,0_S
1779865087.117153,2151,2182,0_S
1779865087.118198,2120,2230,0_S
1779865087.1182652,2276,2149,0_S
1779865087.1183202,2171,2059,0_S
1779865087.11842,2192,2150,0_S
1779865087.1184828,2082,2198,0_S
1779865087.118537,2435,2159,0_S
1779865087.1186519,3069,2138,0_S
1779865087.1187332,2228,2464,0_S
1779865087.118886,2017,2495,0_S
1779865087.120197,1893,2519,0_S
1779865087.121761,1755,2230,0_S
1779865087.124452,1924,2380,0_S
1779865087.133416,2016,2503,0_S
1779865087.140311,1610,2417,0_S
1779865087.144632,1718,2273,0_S
1779865087.147945,1688,2420,0_S
1779865087.148154,1803,2416,0_S
1779865087.148272,2055,2221,0_S
1779865087.148354,2317,2137,0_S
1779865087.14857,2247,2135,0_S
1779865087.148718,2133,2207,0_S
1779865087.148798,2141,2347,0_S
1779865087.1489239,2160,2222,0_S
1779865087.149096,2120,2202,0_S
1779865087.1508439,2427,2131,0_S
1779865087.162148,2796,2152,0_S
1779865087.1638641,2602,2145,0_S
1779865087.1690938,1522,2107,0_S
1779865087.169746,1794,1952,0_S
1779865087.173345,1979,2099,0_S
1779865087.1734989,1959,2151,0_S
1779865087.1738849,1813,2064,0_S
1779865087.173992,1818,2023,0_S
1779865087.174122,2076,2128,0_S
1779865087.1741781,1981,2305,0_S
1779865087.174392,2240,2142,0_S
1779865087.174491,2185,1877,0_S
1779865087.17591,2289,1830,0_S
1779865087.1785731,2337,1994,0_S
1779865087.1847959,2057,2042,0_S
1779865087.190305,1860,2175,0_S
1779865087.195323,1911,2062,0_S
1779865087.199251,2267,1973,0_S
1779865087.203006,2394,2009,0_S
1779865087.2031229,1983,1938,0_S
1779865087.203181,1792,2030,0_S
1779865087.2033112,1931,2011,0_S
1779865087.2033632,2130,2117,0_S
1779865087.203412,2461,2023,0_S
1779865087.20366,2318,2278,0_S
1779865087.203779,1566,2165,0_S
1779865087.2038631,1549,2020,0_S
1779865087.213124,2106,1821,0_S
1779865087.2234502,2416,2018,0_S
1779865087.224469,2192,2315,0_S
1779865087.2282329,1911,2321,0_S
1779865087.228367,1751,2058,0_S
1779865087.22852,1769,2282,0_S
1779865087.228703,1825,2535,0_S
1779865087.228804,2069,2487,0_S
1779865087.2289002,2155,2287,0_S
1779865087.2290509,2186,2138,0_S
1779865087.229202,2273,2311,0_S
1779865087.229332,2248,2318,0_S
1779865087.230674,2278,1918,0_S
1779865087.2321239,2233,2169,0_S
1779865087.235363,2340,1931,0_S
1779865087.2448509,2187,2304,0_S
1779865087.252542,1945,2085,0_S
1779865087.261763,2677,1974,0_S
1779865087.2619011,1775,2205,0_S
1779865087.2621021,1589,2037,0_S
1779865087.2623549,2048,1956,0_S
1779865087.2624252,2122,2178,0_S
1779865087.262485,1870,2220,0_S
1779865087.262544,1726,2256,0_S
1779865087.262602,2040,2311,0_S
1779865087.26266,2424,2188,0_S
1779865087.262717,2479,2025,0_S
1779865087.262794,2672,1920,0_S
1779865087.2628522,2204,2030,0_S
1779865087.26421,1757,1874,0_S
1779865087.280664,2419,2008,0_S
1779865087.288911,2896,2014,0_S
1779865087.294188,1769,2210,0_S
1779865087.294417,1659,1939,0_S
1779865087.294485,2012,1803,0_S
1779865087.294661,1579,2148,0_S
1779865087.294752,1554,2475,0_S
1779865087.294816,2275,2022,0_S
1779865087.294875,2015,2043,0_S
1779865087.294934,1714,2005,0_S
1779865087.294992,1918,1964,0_S
1779865087.295049,1925,2165,0_S
1779865087.2952042,1844,2050,0_S
1779865087.295788,2283,1973,0_S
1779865087.295851,2182,2123,0_S
1779865087.296004,2859,1819,0_S
1779865087.2987058,2400,2064,0_S
1779865087.300208,1534,2337,0_S
1779865087.3017569,1761,2262,0_S
1779865087.3172622,2202,2091,0_S
1779865087.323761,2137,1990,0_S
1779865087.324078,2308,1759,0_S
1779865087.325002,2278,1805,0_S
1779865087.3289979,1765,2018,0_S
1779865087.3296099,3237,1714,0_S
1779865087.3297799,1783,2117,0_S
1779865087.3298528,1253,2180,0_S
1779865087.329969,1566,2206,0_S
1779865087.3301492,2044,2197,0_S
1779865087.3302479,2369,1991,0_S
1779865087.3303192,1760,1940,0_S
1779865087.330487,2022,2072,0_S
1779865087.3305879,1948,2217,0_S
1779865087.3324192,1869,2050,0_S
1779865087.3512902,2183,2087,0_S
1779865087.355098,2386,1934,0_S
1779865087.3555388,2575,1900,0_S
1779865087.355704,2546,2184,0_S
1779865087.355786,2508,2235,0_S
1779865087.355927,1649,2275,0_S
1779865087.356032,1667,1798,0_S
1779865087.3561769,2106,1888,0_S
1779865087.3563268,2724,2117,0_S
1779865087.3564959,2002,2348,0_S
1779865087.356568,1749,2185,0_S
1779865087.35669,1899,1991,0_S
1779865087.358166,2052,1968,0_S
1779865087.360943,1993,2094,0_S
1779865087.362365,2075,2110,0_S
1779865087.373156,2152,2169,0_S
1779865087.376061,2151,2219,0_S
1779865087.379006,2064,2223,0_S
1779865087.382715,2217,2143,0_S
1779865087.3837261,2277,2069,0_S
1779865087.387261,2249,2049,0_S
1779865087.3873658,2178,2015,0_S
1779865087.38753,2134,2107,0_S
1779865087.387593,2158,2060,0_S
1779865087.387776,2130,2120,0_S
1779865087.387893,2129,2202,0_S
1779865087.387948,2151,2288,0_S
1779865087.388032,2176,2135,0_S
1779865087.3994691,2315,1914,0_S
1779865087.402602,2268,1966,0_S
1779865087.409006,1977,2149,0_S
1779865087.411825,1973,2165,0_S
1779865087.412766,1938,2064,0_S
1779865087.413215,1956,2081,0_S
1779865087.413395,1917,2149,0_S
1779865087.413538,1956,2012,0_S
1779865087.413719,2028,1977,0_S
1779865087.413823,2039,2031,0_S
1779865087.413934,1999,2041,0_S
1779865087.414049,2096,2048,0_S
1779865087.414166,2041,2020,0_S
1779865087.415636,2053,2090,0_S
1779865087.417967,2066,2196,0_S
1779865087.420047,1905,2038,0_S
1779865087.428967,1768,1716,0_S
1779865087.433573,1823,2022,0_S
1779865087.433923,2018,2291,0_S
1779865087.441053,2066,2357,0_S
1779865087.4449122,2095,1906,0_S
1779865087.445001,2124,1994,0_S
1779865087.4451609,2167,2299,0_S
1779865087.4453871,2147,2067,0_S
1779865087.4454882,2161,2180,0_S
1779865087.4455721,1986,2146,0_S
1779865087.4456809,1980,1893,0_S
1779865087.445801,1604,1551,0_S
1779865087.44591,1568,1792,0_S
1779865087.457748,1988,2173,0_S
1779865087.462333,2223,2524,0_S
1779865087.466607,1687,2251,0_S
1779865087.466862,1758,1868,0_S
1779865087.4705899,2119,2284,0_S
1779865087.470814,2215,2386,0_S
1779865087.470927,1936,1840,0_S
1779865087.471004,2137,1842,0_S
1779865087.4713469,2057,1883,0_S
1779865087.471412,2184,2094,0_S
1779865087.471466,2188,2316,0_S
1779865087.471516,1999,1763,0_S
1779865087.471721,2001,1680,0_S
1779865087.4744902,2264,1985,0_S
1779865087.4758961,2402,2324,0_S
1779865087.485162,2168,2157,0_S
1779865087.4962199,2150,2259,0_S
1779865087.499775,1474,2107,0_S
1779865087.50087,1719,1983,0_S
1779865087.5011451,1898,2142,0_S
1779865087.501226,1917,2183,0_S
1779865087.501359,1805,1946,0_S
1779865087.501579,1910,1930,0_S
1779865087.501715,1810,2286,0_S
1779865087.501787,1995,2290,0_S
1779865087.501892,1985,1874,0_S
1779865087.502238,2103,2029,0_S
1779865087.5023239,2122,2073,0_S
1779865087.503793,2351,2236,0_S
1779865087.514933,2248,2166,0_S
1779865087.5247371,2121,2189,0_S
1779865087.528439,1988,2044,0_S
1779865087.528587,2015,2064,0_S
1779865087.528778,2190,2288,0_S
1779865087.528856,2076,2250,0_S
1779865087.5289311,1982,2069,0_S
1779865087.529085,2120,2574,0_S
1779865087.5293791,2111,2396,0_S
1779865087.529473,2015,2090,0_S
1779865087.5295281,2067,2075,0_S
1779865087.5295832,2126,2011,0_S
1779865087.5297139,2183,1844,0_S
1779865087.5326478,1960,1936,0_S
1779865087.534261,1842,2257,0_S
1779865087.545542,1898,2331,0_S
1779865087.5546072,1850,2066,0_S
1779865087.5585768,1990,2068,0_S
1779865087.558788,2208,2181,0_S
1779865087.558911,2218,2358,0_S
1779865087.559084,1995,2257,0_S
1779865087.559197,2012,2172,0_S
1779865087.5593731,2084,2284,0_S
1779865087.559598,1933,2256,0_S
1779865087.559671,2005,2152,0_S
1779865087.5598521,2025,2010,0_S
1779865087.560093,2059,2031,0_S
1779865087.560262,1987,2208,0_S
1779865087.568287,2022,2223,0_S
1779865087.573462,2082,2038,0_S
1779865087.5830112,2051,2108,0_S
1779865087.5868878,1995,2241,0_S
1779865087.587074,2065,2242,0_S
1779865087.58714,2093,2131,0_S
1779865087.587191,2051,2095,0_S
1779865087.587241,2060,2108,0_S
1779865087.58729,2009,2056,0_S
1779865087.587338,2014,2041,0_S
1779865087.5873861,2180,2123,0_S
1779865087.587435,2252,2094,0_S
1779865087.587484,2066,2266,0_S
1779865087.589032,1937,2023,0_S
1779865087.5904498,2122,1977,0_S
1779865087.591934,2095,1960,0_S
1779865087.6025758,2116,2117,0_S
1779865087.608098,2054,2166,0_S
1779865087.616653,1997,1992,0_S
1779865087.617501,1980,2157,0_S
1779865087.6211588,1936,2281,0_S
1779865087.62183,1993,2216,0_S
1779865087.621932,2028,2144,0_S
1779865087.6220002,2056,2084,0_S
1779865087.6221251,2037,2088,0_S
1779865087.6222131,2074,2141,0_S
1779865087.6222908,2127,2154,0_S
1779865087.622355,2050,2197,0_S
1779865087.622435,2006,2205,0_S
1779865087.622498,2059,2180,0_S
1779865087.6225548,2098,2178,0_S
1779865087.6239092,2092,2207,0_S
1779865087.631524,2088,2229,0_S
1779865087.6322,2030,2253,0_S
1779865087.6345952,2065,2242,0_S
1779865087.6391659,2076,2192,0_S
1779865087.6436632,2087,2251,0_S
1779865087.647264,2119,2319,0_S
1779865087.647694,2102,2268,0_S
1779865087.647834,2113,2117,0_S
1779865087.648038,2077,2003,0_S
1779865087.6481862,2062,2196,0_S
1779865087.648361,2133,2116,0_S
1779865087.6485279,2020,2126,0_S
1779865087.650031,2028,2198,0_S
1779865087.651572,1996,2198,0_S
1779865087.6542459,2071,2122,0_S
1779865087.662252,2120,2111,0_S
1779865087.662524,2117,2104,0_S
1779865087.6649642,2082,2168,0_S
1779865087.665338,2054,2110,0_S
1779865087.670285,2052,2039,0_S
1779865087.6744661,1976,2129,0_S
1779865087.6747122,2017,2208,0_S
1779865087.678607,2099,2135,0_S
1779865087.678734,2075,2056,0_S
1779865087.67889,2031,2025,0_S
1779865087.679026,2010,2032,0_S
1779865087.679093,1995,2078,0_S
1779865087.680439,2091,1976,0_S
1779865087.69029,2024,2115,0_S
1779865087.690822,1994,2129,0_S
1779865087.693115,1996,2183,0_S
1779865087.695758,2078,2062,0_S
1779865087.700114,2082,2020,0_S
1779865087.7004318,2100,1958,0_S
1779865087.703701,2056,2070,0_S
1779865087.704278,2091,1937,0_S
1779865087.7043982,2095,2033,0_S
1779865087.704557,2041,2203,0_S
1779865087.704706,2026,2201,0_S
1779865087.7048619,2092,2073,0_S
1779865087.706311,2041,2012,0_S
1779865087.707743,2075,2038,0_S
1779865087.710434,2013,2013,0_S
1779865087.722754,2049,1957,0_S
1779865087.7289228,2101,1951,0_S
1779865087.729732,1933,2015,0_S
1779865087.730101,1935,2028,0_S
1779865087.733641,2034,2023,0_S
1779865087.7338428,2120,1975,0_S
1779865087.733993,2074,1990,0_S
1779865087.734057,1964,2003,0_S
1779865087.7341099,2002,2077,0_S
1779865087.734245,2088,1978,0_S
1779865087.734401,2048,1988,0_S
1779865087.734518,1980,2080,0_S
1779865087.7359302,2063,2142,0_S
1779865087.743624,2033,2017,0_S
1779865087.7482429,2119,1929,0_S
1779865087.751455,2131,1963,0_S
1779865087.755488,1942,1998,0_S
1779865087.755865,2020,2036,0_S
1779865087.7564428,2114,1940,0_S
1779865087.759945,2040,2086,0_S
1779865087.760056,1946,2133,0_S
1779865087.760224,2041,2055,0_S
1779865087.760371,2048,2029,0_S
1779865087.7605171,2086,2144,0_S
1779865087.7606559,1995,2164,0_S
1779865087.7622669,2089,2018,0_S
1779865087.7636611,2060,2009,0_S
1779865087.766942,2056,2092,0_S
1779865087.772813,1990,2164,0_S
1779865087.776762,2067,2120,0_S
1779865087.7772522,2116,2028,0_S
1779865087.779099,2066,1995,0_S
1779865087.780041,2029,2035,0_S
1779865087.786397,2074,2133,0_S
1779865087.787052,2085,2069,0_S
1779865087.790207,1966,2050,0_S
1779865087.7905622,1976,2107,0_S
1779865087.790675,1987,2146,0_S
1779865087.7907572,2050,1998,0_S
1779865087.790963,2051,1978,0_S
1779865087.792317,2034,2076,0_S
1779865087.8000262,2024,2154,0_S
1779865087.8075898,2098,2067,0_S
1779865087.811939,2064,2044,0_S
1779865087.812418,1990,2069,0_S
1779865087.816166,1965,2163,0_S
1779865087.816295,2095,2149,0_S
1779865087.816449,2073,2072,0_S
1779865087.816565,2131,2023,0_S
1779865087.816715,2084,2003,0_S
1779865087.816843,2080,2084,0_S
1779865087.81695,2119,2039,0_S
1779865087.8170629,2087,2141,0_S
1779865087.818411,2018,2107,0_S
1779865087.82012,1942,2130,0_S
1779865087.821537,2047,2029,0_S
1779865087.823523,2021,2069,0_S
1779865087.8340778,2070,2017,0_S
1779865087.836811,2038,2065,0_S
1779865087.8396769,2039,1974,0_S
1779865087.8440042,2035,2057,0_S
1779865087.847093,2034,2102,0_S
1779865087.8475652,2021,2168,0_S
1779865087.847685,2089,2056,0_S
1779865087.847748,2094,2159,0_S
1779865087.847801,1917,2026,0_S
1779865087.847852,1952,2032,0_S
1779865087.847905,2128,1931,0_S
1779865087.847955,2044,1962,0_S
1779865087.849403,2014,2147,0_S
1779865087.8563251,2051,2198,0_S
1779865087.8597581,2075,2078,0_S
1779865087.862464,2086,1941,0_S
1779865087.864374,2131,1955,0_S
1779865087.868809,2051,2041,0_S
1779865087.869469,2066,1921,0_S
1779865087.872361,2072,1945,0_S
1779865087.872791,2099,2097,0_S
1779865087.872896,2025,2136,0_S
1779865087.872988,2034,2165,0_S
1779865087.873045,2082,2100,0_S
1779865087.874489,1996,2059,0_S
1779865087.875909,2072,2221,0_S
1779865087.878556,2023,2135,0_S
1779865087.885055,2015,1990,0_S
1779865087.889607,1978,2020,0_S
1779865087.890068,1996,2128,0_S
1779865087.892779,1973,2106,0_S
1779865087.893675,2118,2031,0_S
1779865087.89931,2104,2048,0_S
1779865087.900616,2037,1938,0_S
1779865087.903921,2068,1955,0_S
1779865087.904194,2100,2056,0_S
1779865087.904263,2104,2036,0_S
1779865087.904333,1967,2119,0_S
1779865087.904384,2032,2203,0_S
1779865087.9044878,2076,2154,0_S
1779865087.90624,2084,2071,0_S
1779865087.916648,2105,2126,0_S
1779865087.921605,2066,2016,0_S
1779865087.925754,2052,2116,0_S
1779865087.9258502,2112,2151,0_S
1779865087.9259279,1957,2198,0_S
1779865087.926445,1928,2116,0_S
1779865087.9301639,1966,2013,0_S
1779865087.930363,2090,2010,0_S
1779865087.9304829,2033,2041,0_S
1779865087.9306161,2062,1997,0_S
1779865087.9306922,2058,1996,0_S
1779865087.9308128,2138,2067,0_S
1779865087.932211,2005,2069,0_S
1779865087.933557,1946,2121,0_S
1779865087.936214,2025,2169,0_S
1779865087.94396,2138,2052,0_S
1779865087.9471738,2081,2022,0_S
1779865087.9492888,1967,1943,0_S
1779865087.955549,2050,2012,0_S
1779865087.956437,2097,2000,0_S
1779865087.9595509,2093,1964,0_S
1779865087.960607,2022,2065,0_S
1779865087.960899,1972,2104,0_S
1779865087.961057,2116,2144,0_S
1779865087.961247,2096,2074,0_S
1779865087.9613361,2114,1980,0_S
1779865087.961458,2048,2126,0_S
1779865087.961523,1993,2041,0_S
1779865087.9727209,1967,2023,0_S
1779865087.975636,1984,2038,0_S
1779865087.981452,2040,2056,0_S
1779865087.982368,2021,2254,0_S
1779865087.985503,2048,2148,0_S
1779865087.985709,2002,1978,0_S
1779865087.985811,1996,2018,0_S
1779865087.985943,1996,2053,0_S
1779865087.9860601,1981,1987,0_S
1779865087.986303,2023,2073,0_S
1779865087.986358,2151,2359,0_S
1779865087.986409,2046,2259,0_S
1779865087.987804,2145,2121,0_S
1779865087.990508,2233,2371,0_S
1779865087.9919171,2049,2421,0_S
1779865087.9997199,2034,2229,0_S
1779865088.005126,2024,2173,0_S
1779865088.0078871,2128,2135,0_S
1779865088.012001,2042,2190,0_S
1779865088.015917,2020,2128,0_S
1779865088.016031,2006,2050,0_S
1779865088.016157,2051,2011,0_S
1779865088.0162518,2083,2088,0_S
1779865088.016412,2069,2032,0_S
1779865088.0165079,2140,2222,0_S
1779865088.016688,2164,2027,0_S
1779865088.0167649,1770,1772,0_S
1779865088.01827,1911,1803,0_S
1779865088.032489,2149,2020,0_S
1779865088.0369768,2037,1959,0_S
1779865088.040663,1900,1720,0_S
1779865088.040846,1945,1862,0_S
1779865088.040931,2091,1950,0_S
1779865088.0409951,2267,2070,0_S
1779865088.0411048,2115,2377,0_S
1779865088.041239,2017,2563,0_S
1779865088.0413818,2081,2309,0_S
1779865088.041472,2123,2041,0_S
1779865088.041586,1945,1567,0_S
1779865088.041692,1984,1659,0_S
1779865088.044402,2137,1821,0_S
1779865088.0458062,2112,1638,0_S
1779865088.047658,2118,1662,0_S
1779865088.0592299,2065,1881,0_S
1779865088.0599492,2034,2126,0_S
1779865088.066658,2030,1974,0_S
1779865088.0672178,2072,2044,0_S
1779865088.0709991,2121,2229,0_S
1779865088.071518,2036,2231,0_S
1779865088.07169,1786,2249,0_S
1779865088.071769,2146,2083,0_S
1779865088.0719008,2145,2259,0_S
1779865088.07199,1866,2479,0_S
1779865088.072083,1942,2473,0_S
1779865088.072149,2192,2453,0_S
1779865088.073916,2217,2391,0_S
1779865088.079633,2096,2485,0_S
1779865088.0811672,2079,2283,0_S
1779865088.081936,2020,2015,0_S
1779865088.084191,1967,2226,0_S
1779865088.08697,2049,2090,0_S
1779865088.09258,2005,2259,0_S
1779865088.093112,2039,1824,0_S
1779865088.093837,2079,1608,0_S
1779865088.097418,2093,1627,0_S
1779865088.097814,2142,1920,0_S
1779865088.097942,2084,1814,0_S
1779865088.098021,2210,1755,0_S
1779865088.099447,2092,1653,0_S
1779865088.1022878,1956,1936,0_S
1779865088.10383,2041,1916,0_S
1779865088.112021,2023,1700,0_S
1779865088.1149518,2161,1769,0_S
1779865088.115152,2019,1753,0_S
1779865088.1232378,1934,1693,0_S
1779865088.124318,2011,1652,0_S
1779865088.125086,1979,1658,0_S
1779865088.128305,1948,1889,0_S
1779865088.128685,2045,2052,0_S
1779865088.128844,2102,1934,0_S
1779865088.128993,2041,1898,0_S
1779865088.129159,2130,2101,0_S
1779865088.129282,1955,2098,0_S
1779865088.12935,1968,1869,0_S
1779865088.142493,2020,1906,0_S
1779865088.1497679,2037,2064,0_S
1779865088.153482,1976,2179,0_S
1779865088.1537158,2013,1998,0_S
1779865088.153895,2094,2062,0_S
1779865088.1539571,2074,2076,0_S
1779865088.154582,2036,2079,0_S
1779865088.15468,2080,1943,0_S
1779865088.154749,2066,1996,0_S
1779865088.154877,2127,2076,0_S
1779865088.154944,2123,2090,0_S
1779865088.155006,2086,2075,0_S
1779865088.156242,2033,2063,0_S
1779865088.157644,1859,2106,0_S
1779865088.166847,1970,2189,0_S
1779865088.168229,2040,2243,0_S
1779865088.175794,1977,2117,0_S
1779865088.1799018,1993,2334,0_S
1779865088.180492,2051,2557,0_S
1779865088.181115,2037,2530,0_S
1779865088.184511,2070,2400,0_S
1779865088.18475,2105,2349,0_S
1779865088.184913,2160,2362,0_S
1779865088.185039,2087,2395,0_S
1779865088.185146,2047,2315,0_S
1779865088.185504,2062,2234,0_S
1779865088.18557,1959,2145,0_S
1779865088.185715,2093,2260,0_S
1779865088.194945,2024,2108,0_S
1779865088.1951098,2033,2111,0_S
1779865088.2027829,2025,2046,0_S
1779865088.2071302,2031,2088,0_S
1779865088.211078,2123,2052,0_S
1779865088.211303,2081,2033,0_S
1779865088.211429,2026,2208,0_S
1779865088.2116082,1915,2261,0_S
1779865088.211733,1983,2119,0_S
1779865088.211798,2172,2152,0_S
1779865088.2119339,2135,2106,0_S
1779865088.212012,2041,2083,0_S
1779865088.212078,2071,2104,0_S
1779865088.21345,2144,1977,0_S
1779865088.216564,2115,2155,0_S
1779865088.224549,1944,2133,0_S
1779865088.229161,1954,2122,0_S
1779865088.237261,2140,2108,0_S
1779865088.237517,2044,2018,0_S
1779865088.238378,2025,2002,0_S
1779865088.241945,1987,2113,0_S
1779865088.2420878,2064,2053,0_S
1779865088.2421498,2107,2041,0_S
1779865088.242203,2016,2172,0_S
1779865088.2424588,2008,2260,0_S
1779865088.242547,2124,2049,0_S
1779865088.24262,2041,2022,0_S
1779865088.242711,2044,2073,0_S
1779865088.24385,2046,2022,0_S
1779865088.2452512,2109,1947,0_S
1779865088.256442,2072,1985,0_S
1779865088.25726,2056,2093,0_S
1779865088.260046,2037,2184,0_S
1779865088.262132,2036,2188,0_S
1779865088.2658718,1994,2065,0_S
1779865088.266391,2099,2102,0_S
1779865088.267194,2061,2066,0_S
1779865088.2703621,1964,2068,0_S
1779865088.270432,2059,2070,0_S
1779865088.270574,2049,2176,0_S
1779865088.2706308,2024,2168,0_S
1779865088.270761,2016,2276,0_S
1779865088.2721238,2033,2054,0_S
1779865088.2737,2072,1985,0_S
1779865088.275137,2083,2015,0_S
1779865088.2846441,2046,2150,0_S
1779865088.291757,2121,2051,0_S
1779865088.295418,2070,2075,0_S
1779865088.295893,2032,2121,0_S
1779865088.296351,2014,2170,0_S
1779865088.2992342,2105,2041,0_S
1779865088.300319,2118,2028,0_S
1779865088.300433,2091,1961,0_S
1779865088.3005629,2058,2055,0_S
1779865088.300652,2128,2033,0_S
1779865088.30075,2046,1966,0_S
1779865088.300844,1932,2060,0_S
1779865088.302131,2018,2262,0_S
1779865088.308765,2089,2161,0_S
1779865088.313192,2004,1994,0_S
1779865088.316454,2053,2020,0_S
1779865088.324595,2087,2071,0_S
1779865088.3255548,2002,2064,0_S
1779865088.3256269,1993,1921,0_S
1779865088.325771,2050,2003,0_S
1779865088.325826,2046,2151,0_S
1779865088.32591,2016,2293,0_S
1779865088.326118,2112,2046,0_S
1779865088.3262331,2053,1933,0_S
1779865088.326401,2090,2000,0_S
1779865088.327764,2077,2194,0_S
1779865088.3292959,2090,2211,0_S
1779865088.335766,2034,2069,0_S
1779865088.3390222,2031,2131,0_S
1779865088.3408132,2032,2242,0_S
1779865088.343028,2123,2115,0_S
1779865088.3454232,2036,2047,0_S
1779865088.346485,2025,2024,0_S
1779865088.3484218,2069,2053,0_S
1779865088.352226,2031,1940,0_S
1779865088.352598,2086,1900,0_S
1779865088.3528378,1967,2098,0_S
1779865088.356585,1915,2253,0_S
1779865088.356988,2003,2195,0_S
1779865088.3571048,2039,2091,0_S
1779865088.3573172,2100,1992,0_S
1779865088.369076,2118,1991,0_S
1779865088.372164,2060,2109,0_S
1779865088.377418,2063,1962,0_S
1779865088.3812559,2027,2032,0_S
1779865088.381597,2011,2160,0_S
1779865088.381814,2035,2147,0_S
1779865088.381871,2145,2040,0_S
1779865088.381941,2131,2003,0_S
1779865088.381993,2077,2043,0_S
1779865088.382048,2000,2098,0_S
1779865088.3820958,2058,2146,0_S
1779865088.382145,2053,2061,0_S
1779865088.3836129,2061,2146,0_S
1779865088.386528,2014,2188,0_S
1779865088.387914,1943,2078,0_S
1779865088.395481,2034,2045,0_S
1779865088.4005198,2101,2001,0_S
1779865088.406778,2005,2051,0_S
1779865088.407653,2057,2096,0_S
1779865088.410861,2070,2002,0_S
1779865088.411011,2044,2032,0_S
1779865088.41115,2013,2098,0_S
1779865088.411459,2038,2146,0_S
1779865088.411527,2055,2122,0_S
1779865088.41167,2041,2060,0_S
1779865088.41176,2032,2008,0_S
1779865088.4118102,2036,2112,0_S
1779865088.413232,2124,2058,0_S
1779865088.420807,2067,2043,0_S
1779865088.423311,1956,2134,0_S
1779865088.423713,2026,2252,0_S
1779865088.428857,2034,2107,0_S
1779865088.432523,2071,2016,0_S
1779865088.4333608,2052,1999,0_S
1779865088.437069,2046,2070,0_S
1779865088.43738,2113,2012,0_S
1779865088.4374871,2037,2103,0_S
1779865088.4376268,1993,2244,0_S
1779865088.437736,1988,2208,0_S
1779865088.437845,2093,2030,0_S
1779865088.4392378,2097,2038,0_S
1779865088.441865,2066,2039,0_S
1779865088.443221,2031,2014,0_S
1779865088.455355,2093,2013,0_S
1779865088.458411,2107,1972,0_S
1779865088.458587,1991,1998,0_S
1779865088.4588249,2018,2158,0_S
1779865088.462816,2055,2122,0_S
1779865088.4665952,2115,2032,0_S
1779865088.4667761,2064,1971,0_S
1779865088.4670038,2004,1944,0_S
1779865088.4671009,1986,1988,0_S
1779865088.467341,2070,1936,0_S
1779865088.467576,2058,1963,0_S
1779865088.4676638,2003,2132,0_S
1779865088.475177,2035,2178,0_S
1779865088.4792478,2141,2008,0_S
1779865088.482186,2089,1980,0_S
1779865088.484221,2026,1976,0_S
1779865088.48787,2015,2042,0_S
1779865088.488362,2036,1975,0_S
1779865088.49182,2099,1999,0_S
1779865088.4922822,2005,2088,0_S
1779865088.49243,1887,2197,0_S
1779865088.4926069,2045,2031,0_S
1779865088.492861,2077,1946,0_S
1779865088.492979,2121,1992,0_S
1779865088.493078,2005,2128,0_S
1779865088.495853,2086,1965,0_S
1779865088.4973152,2076,1915,0_S
1779865088.508909,2081,2027,0_S
1779865088.5115972,2007,2155,0_S
1779865088.51775,1996,2184,0_S
1779865088.518152,2044,1999,0_S
1779865088.51881,2179,1977,0_S
1779865088.5221262,2084,2039,0_S
1779865088.522242,2021,2053,0_S
1779865088.5223858,2063,1953,0_S
1779865088.522453,2037,2123,0_S
1779865088.522515,2042,2171,0_S
1779865088.522578,2037,2222,0_S
1779865088.522678,2052,2064,0_S
1779865088.5241039,2076,2001,0_S
1779865088.5322409,2058,1991,0_S
1779865088.534745,2003,2050,0_S
1779865088.539777,2085,1975,0_S
1779865088.543275,2071,2005,0_S
1779865088.543927,1987,2066,0_S
1779865088.544794,1971,2150,0_S
1779865088.5480719,2087,2058,0_S
1779865088.548192,2040,1980,0_S
1779865088.548256,2055,1960,0_S
1779865088.548308,2054,2005,0_S
1779865088.548467,2037,2045,0_S
1779865088.548577,2107,1997,0_S
1779865088.550048,2068,1960,0_S
1779865088.551253,2074,2110,0_S
1779865088.554016,2105,2133,0_S
1779865088.555736,2150,2087,0_S
1779865088.569299,2188,1952,0_S
1779865088.573123,2206,1956,0_S
1779865088.5736802,2021,2171,0_S
1779865088.577687,1980,2051,0_S
1779865088.577843,1936,2046,0_S
1779865088.5779982,2011,2102,0_S
1779865088.578115,2104,2142,0_S
1779865088.578243,2036,2117,0_S
1779865088.578371,2021,2013,0_S
1779865088.5784278,2120,1989,0_S
1779865088.5784829,2267,1962,0_S
1779865088.579839,2134,2019,0_S
1779865088.589643,1967,2016,0_S
1779865088.594399,1904,2170,0_S
1779865088.598037,1924,2192,0_S
1779865088.5988412,2077,2056,0_S
1779865088.599225,2117,1915,0_S
1779865088.602459,2231,1879,0_S
1779865088.602601,1894,2047,0_S
1779865088.602782,1885,2024,0_S
1779865088.603043,2033,1875,0_S
1779865088.603167,2101,1984,0_S
1779865088.603532,2204,2198,0_S
1779865088.603621,2168,2137,0_S
1779865088.605056,2168,1976,0_S
1779865088.6078908,1876,2113,0_S
1779865088.60934,2230,1888,0_S
1779865088.618762,2765,1787,0_S
1779865088.6193469,2480,2050,0_S
1779865088.6214778,1560,2189,0_S
1779865088.6278331,2115,2009,0_S
1779865088.628507,2107,2037,0_S
1779865088.631273,1653,2163,0_S
1779865088.632472,1564,2056,0_S
1779865088.632617,1793,2097,0_S
1779865088.632682,1850,2138,0_S
1779865088.63274,2051,1989,0_S
1779865088.63279,2201,1976,0_S
1779865088.634225,2294,2055,0_S
1779865088.6450932,2527,1943,0_S
1779865088.653259,1972,2163,0_S
1779865088.6539462,2080,2046,0_S
1779865088.657751,2244,2028,0_S
1779865088.6579351,2529,1951,0_S
1779865088.658033,1994,2077,0_S
1779865088.658137,1512,2197,0_S
1779865088.658323,2156,1997,0_S
1779865088.6584132,2060,2280,0_S
1779865088.6586208,1887,2290,0_S
1779865088.658701,1860,1993,0_S
1779865088.658761,1879,1930,0_S
1779865088.660213,1908,2027,0_S
1779865088.661708,2030,2088,0_S
1779865088.6631172,2211,1985,0_S
1779865088.674547,2203,2032,0_S
1779865088.6763918,1905,2090,0_S
1779865088.679648,1859,2097,0_S
1779865088.6838589,2195,1955,0_S
1779865088.684049,2418,1821,0_S
1779865088.687278,2276,1952,0_S
1779865088.6873758,2077,1964,0_S
1779865088.68744,2078,1884,0_S
1779865088.687519,2327,1834,0_S
1779865088.687571,2151,2017,0_S
1779865088.687686,2055,2161,0_S
1779865088.687802,2565,1892,0_S
1779865088.68913,2163,2053,0_S
1779865088.696408,1875,1950,0_S
1779865088.697782,1931,2024,0_S
1779865088.7004101,1763,1956,0_S
1779865088.703603,1737,1974,0_S
1779865088.7055511,1929,2128,0_S
1779865088.709693,1990,2200,0_S
1779865088.713351,2138,2184,0_S
1779865088.7134552,2382,2124,0_S
1779865088.713566,2453,2069,0_S
1779865088.71373,2248,2159,0_S
1779865088.713835,2047,2196,0_S
1779865088.713938,2168,2090,0_S
1779865088.715311,1944,2187,0_S
1779865088.7180018,2021,2203,0_S
1779865088.7194052,2192,2264,0_S
1779865088.730724,1950,2266,0_S
1779865088.73557,1937,2129,0_S
1779865088.739649,2139,2141,0_S
1779865088.740061,2332,2135,0_S
1779865088.7405922,2548,2103,0_S
1779865088.744318,1862,2265,0_S
1779865088.745708,1681,2172,0_S
1779865088.7458491,1893,2256,0_S
1779865088.74596,1987,2131,0_S
1779865088.7462678,1971,2033,0_S
1779865088.746351,1983,2089,0_S
1779865088.747007,1987,2180,0_S
1779865088.754561,2110,2125,0_S
1779865088.755332,2216,2142,0_S
1779865088.7577658,2258,2141,0_S
1779865088.767481,2108,2296,0_S
1779865088.7708101,1967,2299,0_S
1779865088.7708921,2170,2341,0_S
1779865088.770946,2524,2240,0_S
1779865088.770998,2353,2544,0_S
1779865088.7710478,2667,2611,0_S
1779865088.7710981,2033,2780,0_S
1779865088.771147,1484,2846,0_S
1779865088.7711968,1787,2710,0_S
1779865088.771508,1871,2817,0_S
1779865088.772234,1848,2677,0_S
1779865088.7734551,1752,2368,0_S
1779865088.776395,1848,2334,0_S
1779865088.7778938,1849,2335,0_S
1779865088.787931,2105,2373,0_S
1779865088.788481,2330,2211,0_S
1779865088.796316,2479,2053,0_S
1779865088.797132,2342,2383,0_S
1779865088.797577,2352,2292,0_S
1779865088.7981179,1939,2057,0_S
1779865088.801548,2006,2010,0_S
1779865088.8017411,1937,1992,0_S
1779865088.801839,1858,2035,0_S
1779865088.801941,2549,2033,0_S
1779865088.802054,2370,2121,0_S
1779865088.80217,1569,2327,0_S
1779865088.803757,1779,2092,0_S
1779865088.811397,2206,1808,0_S
1779865088.814448,2339,1830,0_S
1779865088.817783,2821,1968,0_S
1779865088.8229718,2391,2113,0_S
1779865088.8236642,1990,1990,0_S
1779865088.826397,1275,1927,0_S
1779865088.827605,1969,1913,0_S
1779865088.827682,2321,2038,0_S
1779865088.82778,1796,2046,0_S
1779865088.827915,1852,1951,0_S
1779865088.828036,1658,2154,0_S
1779865088.828151,1531,2158,0_S
1779865088.829512,1835,2040,0_S
1779865088.8321989,2120,1961,0_S
1779865088.833641,2177,1992,0_S
1779865088.840437,2321,2237,0_S
1779865088.845442,2331,2173,0_S
1779865088.850376,2471,1801,0_S
1779865088.8549492,2665,1886,0_S
1779865088.855585,2375,2046,0_S
1779865088.859309,1580,2126,0_S
1779865088.859414,1813,1973,0_S
1779865088.859673,2428,1756,0_S
1779865088.859769,2504,1837,0_S
1779865088.8598459,2524,2035,0_S
1779865088.859921,2081,2327,0_S
1779865088.859984,1402,2373,0_S
1779865088.860053,1808,2094,0_S
1779865088.861483,2057,2116,0_S
1779865088.8692899,2029,2001,0_S
1779865088.876341,1791,2232,0_S
1779865088.880265,2255,2128,0_S
1779865088.880925,2465,2059,0_S
1779865088.8844988,2304,2121,0_S
1779865088.884707,1620,2024,0_S
1779865088.884801,2046,1733,0_S
1779865088.885022,2082,1880,0_S
1779865088.8851762,2404,1873,0_S
1779865088.885237,2351,1934,0_S
1779865088.885324,1474,2227,0_S
1779865088.885472,1582,2027,0_S
1779865088.888157,1867,1903,0_S
1779865088.8897548,3106,1786,0_S
1779865088.891128,2460,1775,0_S
1779865088.89872,1686,1876,0_S
1779865088.901512,1635,1865,0_S
1779865088.901937,2591,1739,0_S
1779865088.9101691,2335,1889,0_S
1779865088.914187,1389,2022,0_S
1779865088.914322,1783,1933,0_S
1779865088.9144251,1964,2160,0_S
1779865088.9145868,1636,2018,0_S
1779865088.914858,1948,1779,0_S
1779865088.91506,2241,2150,0_S
1779865088.915206,1866,1901,0_S
1779865088.915305,2174,2040,0_S
1779865088.926667,1941,2227,0_S
1779865088.934405,2371,2023,0_S
1779865088.935471,1963,2116,0_S
1779865088.9389582,1757,2010,0_S
1779865088.9390411,2080,1869,0_S
1779865088.939095,2227,2046,0_S
1779865088.939212,2461,2102,0_S
1779865088.939368,2068,1991,0_S
1779865088.9395661,2175,2285,0_S
1779865088.939651,2255,2267,0_S
1779865088.939803,2148,2274,0_S
1779865088.9399118,2128,1976,0_S
1779865088.9414341,2251,2136,0_S
1779865088.942965,2230,2237,0_S
1779865088.945718,2185,2250,0_S
1779865088.956654,2126,1938,0_S
1779865088.9650078,1926,2352,0_S
1779865088.9659579,2426,2237,0_S
1779865088.969791,2088,2242,0_S
1779865088.969863,2044,2216,0_S
1779865088.969918,2069,2159,0_S
1779865088.9699688,2343,2030,0_S
1779865088.970019,2541,2152,0_S
1779865088.9700701,1992,2147,0_S
1779865088.970119,1774,2141,0_S
1779865088.970167,1963,2128,0_S
1779865088.970216,1574,2336,0_S
1779865088.971601,1972,2142,0_S
1779865088.9821792,1975,2251,0_S
1779865088.984612,1967,2248,0_S
1779865088.990838,1997,2142,0_S
1779865088.991725,2029,2122,0_S
1779865088.992089,2096,2022,0_S
1779865088.99553,2085,2085,0_S
1779865088.9958022,2206,2097,0_S
1779865088.996008,3303,1846,0_S
1779865088.996095,2233,2167,0_S
1779865088.99624,1620,2013,0_S
1779865088.996593,1901,1967,0_S
1779865088.996748,1976,2064,0_S
1779865088.996851,2109,1974,0_S
1779865088.9995809,1898,2101,0_S
1779865089.00094,1793,2179,0_S
1779865089.021364,1917,2299,0_S
1779865089.021972,2173,2131,0_S
1779865089.025293,2128,2173,0_S
1779865089.025391,2121,2105,0_S
1779865089.025503,2481,2132,0_S
1779865089.025571,2637,2169,0_S
1779865089.025624,1927,2101,0_S
1779865089.025802,1709,2014,0_S
1779865089.02589,1907,2076,0_S
1779865089.025942,2342,1915,0_S
1779865089.025999,2283,1932,0_S
1779865089.0260532,1964,2057,0_S
1779865089.027769,1625,2229,0_S
1779865089.0358431,1908,2231,0_S
1779865089.042976,2028,2150,0_S
1779865089.0478458,2009,2099,0_S
1779865089.051323,1979,2304,0_S
1779865089.0514119,1975,2354,0_S
1779865089.0515158,2016,2139,0_S
1779865089.0516548,2029,1943,0_S
1779865089.0517771,2044,1776,0_S
1779865089.051914,2074,1857,0_S
1779865089.052005,2252,2138,0_S
1779865089.052077,2152,2245,0_S
1779865089.052143,2010,2204,0_S
1779865089.053388,1986,2047,0_S
1779865089.054794,1980,1956,0_S
1779865089.057421,2008,2293,0_S
1779865089.063669,2107,2278,0_S
1779865089.065918,2181,2153,0_S
1779865089.0682611,2202,2020,0_S
1779865089.0731719,2046,1919,0_S
1779865089.077677,1922,2007,0_S
1779865089.078209,1965,2165,0_S
1779865089.081953,1946,2164,0_S
1779865089.082079,2083,2285,0_S
1779865089.0822499,1964,2047,0_S
1779865089.0824609,1389,1885,0_S
1779865089.0825331,1648,2042,0_S
1779865089.0826519,2077,2393,0_S
1779865089.082788,2193,2199,0_S
1779865089.092729,1616,1782,0_S
1779865089.103171,1348,1675,0_S
1779865089.103719,1936,2503,0_S
1779865089.104498,2190,2749,0_S
1779865089.1080818,2233,2050,0_S
1779865089.1083221,2285,1692,0_S
1779865089.1083908,1948,1750,0_S
1779865089.108489,1915,1930,0_S
1779865089.108587,2035,2161,0_S
1779865089.108788,2237,2265,0_S
1779865089.108902,2238,1748,0_S
1779865089.109052,1962,1477,0_S
1779865089.109108,2204,2192,0_S
1779865089.1118212,2006,2174,0_S
1779865089.1132312,1831,1770,0_S
1779865089.122008,1753,2114,0_S
1779865089.123543,1737,2191,0_S
1779865089.125994,1842,2170,0_S
1779865089.1293812,2234,1935,0_S
1779865089.135488,2128,1865,0_S
1779865089.139532,2029,1839,0_S
1779865089.13984,2038,1907,0_S
1779865089.140009,2065,2066,0_S
1779865089.14007,1969,1884,0_S
1779865089.140141,1977,1954,0_S
1779865089.140269,2156,2019,0_S
1779865089.14044,2180,1851,0_S
1779865089.14067,2070,1836,0_S
1779865089.140793,1889,1810,0_S
1779865089.1519492,1987,1832,0_S
1779865089.1537762,2182,2075,0_S
1779865089.161649,2268,1956,0_S
1779865089.164895,2284,2021,0_S
1779865089.16511,2197,2077,0_S
1779865089.1652648,2002,2174,0_S
1779865089.1654332,2165,1997,0_S
1779865089.165635,2275,1985,0_S
1779865089.1657732,2076,1941,0_S
1779865089.16588,2049,2090,0_S
1779865089.165975,2048,2035,0_S
1779865089.1662679,2180,2100,0_S
1779865089.167804,2149,2099,0_S
1779865089.169207,2001,2175,0_S
1779865089.178768,2104,2303,0_S
1779865089.182411,2145,2156,0_S
1779865089.18476,1943,1948,0_S
1779865089.191093,2077,2129,0_S
1779865089.1917188,2181,2104,0_S
1779865089.192371,2170,2073,0_S
1779865089.1951501,2066,2099,0_S
1779865089.1961238,2069,2166,0_S
1779865089.1963189,1970,2252,0_S
1779865089.196395,1984,2044,0_S
1779865089.196463,1955,1994,0_S
1779865089.196573,2070,2071,0_S
1779865089.196728,2042,2177,0_S
1779865089.19682,2172,2043,0_S
1779865089.205834,2134,2086,0_S
1779865089.20859,2031,2280,0_S
1779865089.2111602,2015,2334,0_S
1779865089.213601,2205,2142,0_S
1779865089.21792,2132,2033,0_S
1779865089.218276,2121,2095,0_S
1779865089.218457,2032,2163,0_S
1779865089.218574,2036,2099,0_S
1779865089.218755,1984,2203,0_S
1779865089.219069,1984,2238,0_S
1779865089.219362,2023,2302,0_S
1779865089.2233012,2069,2175,0_S
1779865089.223624,2052,2205,0_S
1779865089.225118,2036,2192,0_S
1779865089.227751,1976,2230,0_S
1779865089.229138,2012,2160,0_S
1779865089.241013,2069,2119,0_S
1779865089.249334,2053,2063,0_S
1779865089.2494102,1994,2145,0_S
1779865089.2494662,2011,2132,0_S
1779865089.249522,2101,2119,0_S
1779865089.25055,2074,2091,0_S
1779865089.254125,2109,2022,0_S
1779865089.254244,2086,2063,0_S
1779865089.254426,2227,2076,0_S
1779865089.2545102,2128,2118,0_S
1779865089.254633,1869,2097,0_S
1779865089.254892,1968,2133,0_S
1779865089.254974,2124,2165,0_S
1779865089.257759,2011,2107,0_S
1779865089.274406,2028,2005,0_S
1779865089.2748868,1993,2078,0_S
1779865089.275491,2047,2095,0_S
1779865089.275879,2072,2064,0_S
1779865089.276394,1981,2133,0_S
1779865089.2794182,2000,2118,0_S
1779865089.279798,2133,2129,0_S
1779865089.279872,2127,2108,0_S
1779865089.279965,2020,2196,0_S
1779865089.2800362,1933,2158,0_S
1779865089.2801018,1994,2174,0_S
1779865089.281494,2061,2141,0_S
1779865089.282856,2036,2151,0_S
1779865089.285459,1946,2222,0_S
1779865089.292854,2014,2174,0_S
1779865089.295995,2116,2055,0_S
1779865089.296257,2098,2048,0_S
1779865089.300283,2022,2106,0_S
1779865089.3048918,2047,2084,0_S
1779865089.308316,2061,2028,0_S
1779865089.308467,1975,2151,0_S
1779865089.309053,1994,2203,0_S
1779865089.309218,1982,2206,0_S
1779865089.30928,2045,2198,0_S
1779865089.3094468,2073,2195,0_S
1779865089.30951,2084,2219,0_S
1779865089.310703,2040,2210,0_S
1779865089.3210309,2055,2137,0_S
1779865089.3303401,2058,2119,0_S
1779865089.330911,2005,2252,0_S
1779865089.334424,2031,2298,0_S
1779865089.3345459,2094,2221,0_S
1779865089.3347268,1992,2120,0_S
1779865089.3348942,2015,2098,0_S
1779865089.334949,2056,2151,0_S
1779865089.334999,2054,2192,0_S
1779865089.335048,2056,2070,0_S
1779865089.335097,2076,2086,0_S
1779865089.335146,2007,2236,0_S
1779865089.3377972,1968,2191,0_S
1779865089.339215,2046,2101,0_S
1779865089.341108,2053,2083,0_S
1779865089.355229,2050,2057,0_S
1779865089.359402,2001,2095,0_S
1779865089.360318,2066,2031,0_S
1779865089.3640692,2049,2108,0_S
1779865089.3643892,2036,2166,0_S
1779865089.364469,2029,2100,0_S
1779865089.364532,2082,2091,0_S
1779865089.3645902,2160,2040,0_S
1779865089.364712,2120,2046,0_S
1779865089.364807,1888,2069,0_S
1779865089.364959,1947,2085,0_S
1779865089.3650901,2017,2135,0_S
1779865089.376464,1965,2117,0_S
1779865089.3853729,1957,2132,0_S
1779865089.386028,2042,2068,0_S
1779865089.3863308,2040,2067,0_S
1779865089.386394,2073,2031,0_S
1779865089.389537,2049,2046,0_S
1779865089.389664,2051,2072,0_S
1779865089.389743,2091,2067,0_S
1779865089.389958,2029,2081,0_S
1779865089.3901398,2006,2101,0_S
1779865089.390296,2024,2108,0_S
1779865089.390453,2056,2029,0_S
1779865089.391915,1985,1950,0_S
1779865089.393452,2092,1936,0_S
1779865089.394817,2046,1984,0_S
1779865089.4156868,2082,1966,0_S
1779865089.4195242,2027,1963,0_S
1779865089.4198458,2023,2150,0_S
1779865089.4200761,2009,2199,0_S
1779865089.420151,2094,2141,0_S
1779865089.420217,2099,2049,0_S
1779865089.42028,2077,2030,0_S
1779865089.420342,2005,2076,0_S
1779865089.420403,2045,2075,0_S
1779865089.420623,2083,2068,0_S
1779865089.4207182,2044,2117,0_S
1779865089.420775,1942,2109,0_S
1779865089.420863,2054,2074,0_S
1779865089.432225,2029,2030,0_S
1779865089.441717,2046,2019,0_S
1779865089.445525,2026,2120,0_S
1779865089.445776,2040,2174,0_S
1779865089.4460511,2065,2071,0_S
1779865089.446465,2033,2047,0_S
1779865089.446744,1980,2127,0_S
1779865089.446856,2055,2068,0_S
1779865089.447016,2057,1987,0_S
1779865089.4472692,2097,2030,0_S
1779865089.447484,2022,2060,0_S
1779865089.447623,2049,2086,0_S
1779865089.447764,2021,1986,0_S
1779865089.449285,1982,2008,0_S
1779865089.4508538,1971,2064,0_S
1779865089.46276,2011,2228,0_S
1779865089.4718,2123,2210,0_S
1779865089.4759018,2084,2107,0_S
1779865089.4760509,2091,2112,0_S
1779865089.476346,1962,2155,0_S
1779865089.476644,2042,2147,0_S
1779865089.476875,2117,2141,0_S
1779865089.4770298,2031,2095,0_S
1779865089.477168,1958,2053,0_S
1779865089.477298,2093,2171,0_S
1779865089.4774358,2013,2045,0_S
1779865089.477507,1966,1899,0_S
1779865089.4776409,2007,2007,0_S
1779865089.4908319,2038,2177,0_S
1779865089.497532,2061,2171,0_S
1779865089.5002902,1982,2161,0_S
1779865089.501492,1960,2132,0_S
1779865089.501647,2015,2136,0_S
1779865089.501795,2116,2233,0_S
1779865089.501952,2044,2310,0_S
1779865089.502027,2054,2047,0_S
1779865089.5021691,2022,2084,0_S
1779865089.5028381,2083,2031,0_S
1779865089.502898,2080,2004,0_S
1779865089.502996,2073,2175,0_S
1779865089.503059,2031,2325,0_S
1779865089.506019,2008,2137,0_S
1779865089.507458,1917,1995,0_S
1779865089.520442,2105,2155,0_S
1779865089.527555,2099,2226,0_S
1779865089.530456,2071,2106,0_S
1779865089.531518,2075,2187,0_S
1779865089.531731,1942,2255,0_S
1779865089.531801,1967,2107,0_S
1779865089.5319638,2059,2190,0_S
1779865089.532056,2022,2188,0_S
1779865089.5321732,2091,2099,0_S
1779865089.532251,2002,2123,0_S
1779865089.532453,1906,1976,0_S
1779865089.532769,2097,1984,0_S
1779865089.53289,2158,2289,0_S
1779865089.546701,2009,2290,0_S
1779865089.5537589,2049,2028,0_S
1779865089.557494,2053,2048,0_S
1779865089.5575879,2091,2060,0_S
1779865089.5576608,2065,1898,0_S
1779865089.557738,2076,2272,0_S
1779865089.5578501,2015,2301,0_S
1779865089.557941,1978,2224,0_S
1779865089.558065,2022,2205,0_S
1779865089.558184,1925,2279,0_S
1779865089.558332,2043,2249,0_S
1779865089.558419,2059,2288,0_S
1779865089.559838,2012,2216,0_S
1779865089.5612302,2024,2269,0_S
1779865089.562836,2008,2215,0_S
1779865089.574881,2061,2067,0_S
1779865089.58354,1983,2131,0_S
1779865089.587599,1918,2204,0_S
1779865089.587801,2071,2308,0_S
1779865089.588039,2115,2274,0_S
1779865089.5881019,2117,2215,0_S
1779865089.588227,2018,2182,0_S
1779865089.588535,2171,2269,0_S
1779865089.588684,2180,2266,0_S
1779865089.588825,1966,2255,0_S
1779865089.588951,1988,2397,0_S
1779865089.589101,2019,2340,0_S
1779865089.5892868,2067,2201,0_S
1779865089.599725,2054,2159,0_S
1779865089.6083899,2113,2267,0_S
1779865089.609453,2021,2232,0_S
1779865089.613111,2097,2182,0_S
1779865089.6132202,2061,2108,0_S
1779865089.613358,2023,2253,0_S
1779865089.613464,2005,2337,0_S
1779865089.6136389,2129,2200,0_S
1779865089.613776,2066,2153,0_S
1779865089.613923,2047,2115,0_S
1779865089.6140292,1979,2136,0_S
1779865089.6141372,1969,2118,0_S
1779865089.615613,2020,2136,0_S
1779865089.617036,2065,2227,0_S
1779865089.6185348,2098,2353,0_S
1779865089.6286101,2084,2215,0_S
1779865089.639746,1975,2121,0_S
1779865089.6403682,2013,2119,0_S
1779865089.644004,2107,2162,0_S
1779865089.644255,2101,2096,0_S
1779865089.644532,2159,2033,0_S
1779865089.644803,2061,2105,0_S
1779865089.644924,1958,2087,0_S
1779865089.645071,1929,2072,0_S
1779865089.645164,2040,1795,0_S
1779865089.6452858,2034,1838,0_S
1779865089.645382,2071,2006,0_S
1779865089.6454651,2092,2155,0_S
1779865089.657685,2052,1940,0_S
1779865089.6644611,1983,1981,0_S
1779865089.665547,1983,2161,0_S
1779865089.669384,2088,2286,0_S
1779865089.669722,2171,2074,0_S
1779865089.669821,2046,2048,0_S
1779865089.670156,2083,2062,0_S
1779865089.670632,2164,2107,0_S
1779865089.670978,2075,2087,0_S
1779865089.6711879,1991,2073,0_S
1779865089.6712692,1957,2104,0_S
1779865089.671324,1966,2138,0_S
1779865089.671406,2151,2072,0_S
1779865089.6727529,2026,1958,0_S
1779865089.6755252,1985,2002,0_S
1779865089.684768,1953,1968,0_S
1779865089.692204,1904,1814,0_S
1779865089.696379,2247,2010,0_S
1779865089.6964512,2153,2124,0_S
1779865089.6965692,2102,2134,0_S
1779865089.697403,2006,2122,0_S
1779865089.6979682,1974,1973,0_S
1779865089.701558,2058,1986,0_S
1779865089.701826,2193,2182,0_S
1779865089.701898,2129,2353,0_S
1779865089.701952,2023,2195,0_S
1779865089.702018,1945,1972,0_S
1779865089.702069,1979,2051,0_S
1779865089.70351,1895,2259,0_S
1779865089.716886,1997,2165,0_S
1779865089.723144,2147,2136,0_S
1779865089.7239208,2101,2134,0_S
1779865089.727751,2098,2178,0_S
1779865089.727901,2048,2001,0_S
1779865089.727987,2052,1865,0_S
1779865089.728079,1991,2006,0_S
1779865089.728144,1973,2141,0_S
1779865089.728207,2171,2194,0_S
1779865089.728272,2131,2119,0_S
1779865089.728499,2018,2039,0_S
1779865089.728638,2010,2068,0_S
1779865089.728697,1948,2058,0_S
1779865089.731455,2064,1937,0_S
1779865089.732838,2049,1977,0_S
1779865089.741819,2004,2149,0_S
1779865089.7462652,2065,2226,0_S
1779865089.755221,2191,2121,0_S
1779865089.7601762,2185,2122,0_S
1779865089.760577,2049,2064,0_S
1779865089.7606559,1985,2078,0_S
1779865089.76073,2214,2156,0_S
1779865089.761222,2047,2074,0_S
1779865089.7612958,1965,2189,0_S
1779865089.7614179,1953,2150,0_S
1779865089.7615008,2036,2038,0_S
1779865089.761566,2063,1970,0_S
1779865089.761628,2046,2020,0_S
1779865089.7616892,2027,2048,0_S
1779865089.7636108,2041,2028,0_S
1779865089.7746701,2112,2078,0_S
1779865089.778692,1967,2163,0_S
1779865089.785621,2001,2237,0_S
1779865089.789415,1989,2160,0_S
1779865089.790445,2175,2085,0_S
1779865089.790525,2164,2170,0_S
1779865089.79059,2077,2063,0_S
1779865089.790824,1993,1906,0_S
1779865089.790897,2026,1761,0_S
1779865089.7909608,2141,1544,0_S
1779865089.791023,2072,1498,0_S
1779865089.791084,2058,1553,0_S
1779865089.791148,1967,1403,0_S
1779865089.791223,1962,1501,0_S
1779865089.79373,2038,1552,0_S
1779865089.795182,2063,1751,0_S
1779865089.796638,2043,1723,0_S
1779865089.806628,2057,1874,0_S
1779865089.8083808,1981,2031,0_S
1779865089.811111,2019,2134,0_S
1779865089.811723,2095,2009,0_S
1779865089.812088,2082,1970,0_S
1779865089.817941,2128,2017,0_S
1779865089.822568,2052,2112,0_S
1779865089.823377,2102,2148,0_S
1779865089.824264,2068,2135,0_S
1779865089.8285089,2010,2177,0_S
1779865089.828664,1934,2312,0_S
1779865089.828801,2022,2355,0_S
1779865089.828879,2086,2335,0_S
1779865089.828989,2025,2206,0_S
1779865089.829053,1965,2249,0_S
1779865089.82918,2064,2108,0_S
1779865089.830602,1984,2016,0_S
1779865089.847862,2020,2117,0_S
1779865089.85329,2100,2250,0_S
1779865089.853987,2127,1935,0_S
1779865089.858345,2089,1727,0_S
1779865089.8584802,2019,1714,0_S
1779865089.858708,2003,1793,0_S
1779865089.858832,2015,2129,0_S
1779865089.8589618,2205,2014,0_S
1779865089.859139,2093,1992,0_S
1779865089.859234,2022,2203,0_S
1779865089.859309,2001,2379,0_S
1779865089.8593762,2105,2323,0_S
1779865089.8594408,2034,2212,0_S
1779865089.859502,2044,2137,0_S
1779865089.860912,2043,2099,0_S
1779865089.862435,2037,2003,0_S
1779865089.86517,2101,1897,0_S
1779865089.8727129,1983,2094,0_S
1779865089.8822558,1932,2214,0_S
1779865089.88465,2040,2150,0_S
1779865089.889672,2141,2171,0_S
1779865089.890027,2222,2075,0_S
1779865089.890883,1978,2044,0_S
1779865089.891673,1935,2059,0_S
1779865089.8954592,2096,2005,0_S
1779865089.89571,2066,2057,0_S
1779865089.895814,2031,2153,0_S
1779865089.8959591,2095,2175,0_S
1779865089.89603,2082,2079,0_S
1779865089.896095,2161,2081,0_S
1779865089.8961558,2047,2136,0_S
1779865089.89644,2060,2139,0_S
1779865089.896575,2047,1965,0_S
1779865089.9067142,1986,2029,0_S
1779865089.907764,2073,2204,0_S
1779865089.910534,1929,2241,0_S
1779865089.9208379,2040,2071,0_S
1779865089.9214761,2069,1994,0_S
1779865089.9262662,2067,2060,0_S
1779865089.926411,2088,2126,0_S
1779865089.926527,2086,1999,0_S
1779865089.926601,2113,1862,0_S
1779865089.926674,2046,2043,0_S
1779865089.926739,2046,2091,0_S
1779865089.926804,2004,2020,0_S
1779865089.926868,2028,1898,0_S
1779865089.926933,2092,1873,0_S
1779865089.926996,2020,1819,0_S
1779865089.9284108,2088,1825,0_S
1779865089.931073,2119,1875,0_S
1779865089.932436,2047,1927,0_S
1779865089.9456131,1953,1967,0_S
1779865089.9512582,2008,2135,0_S
1779865089.956001,2070,2131,0_S
1779865089.956678,2082,2072,0_S
1779865089.957505,2032,2042,0_S
1779865089.961515,1984,2114,0_S
1779865089.962021,2026,2134,0_S
1779865089.962124,2052,2183,0_S
1779865089.962204,1990,2162,0_S
1779865089.96234,1995,2229,0_S
1779865089.9624178,2073,2100,0_S
1779865089.962483,2122,2037,0_S
1779865089.9625459,2062,2093,0_S
1779865089.9626071,1987,2193,0_S
1779865089.962667,2038,2132,0_S
1779865089.971037,2087,2052,0_S
1779865089.9737291,2043,2139,0_S
1779865089.977078,2006,2192,0_S
1779865089.9776168,2019,2130,0_S
1779865089.980598,2026,2056,0_S
1779865089.987828,2002,2005,0_S
1779865089.9886,1985,2051,0_S
1779865089.989456,2046,2041,0_S
1779865089.990279,2150,2011,0_S
1779865089.994516,2052,2158,0_S
1779865089.9947278,2025,2295,0_S
1779865089.9949088,1996,2238,0_S
1779865089.995028,2043,2090,0_S
1779865089.995102,2115,2024,0_S
1779865089.995198,2125,2016,0_S
1779865089.995265,2054,2095,0_S
1779865089.9966521,2072,2074,0_S
1779865089.999352,2110,2032,0_S
1779865090.000757,2032,2035,0_S
1779865090.010282,1992,2189,0_S
1779865090.012408,2046,2188,0_S
1779865090.0148768,2038,2029,0_S
1779865090.020808,2058,1997,0_S
1779865090.0254478,2085,2130,0_S
1779865090.028567,2032,2176,0_S
1779865090.029616,1989,2051,0_S
1779865090.029695,1998,2059,0_S
1779865090.029879,1985,2257,0_S
1779865090.0300539,2016,2122,0_S
1779865090.03012,2072,2031,0_S
1779865090.03018,2167,2009,0_S
1779865090.030247,2098,2057,0_S
1779865090.030354,2071,2151,0_S
1779865090.030881,2157,1990,0_S
1779865090.040981,2135,1995,0_S
1779865090.044897,2044,2067,0_S
1779865090.054485,1989,2210,0_S
1779865090.055093,2062,2155,0_S
1779865090.055698,2062,2077,0_S
1779865090.0594912,2054,2031,0_S
1779865090.0595672,1993,2089,0_S
1779865090.0596359,2044,2042,0_S
1779865090.0597,2112,2108,0_S
1779865090.059762,2055,2152,0_S
1779865090.059828,1938,2184,0_S
1779865090.059947,2123,2080,0_S
1779865090.060152,2102,2041,0_S
1779865090.060309,2063,2048,0_S
1779865090.060517,2021,2122,0_S
1779865090.063044,2036,2064,0_S
1779865090.0645409,2096,1982,0_S
1779865090.066989,2031,2149,0_S
1779865090.0759099,1987,2295,0_S
1779865090.079561,2039,2228,0_S
1779865090.0802119,2008,2100,0_S
1779865090.085526,2067,2070,0_S
1779865090.085973,2143,2090,0_S
1779865090.090303,2033,2122,0_S
1779865090.09085,1990,2053,0_S
1779865090.091398,2011,2075,0_S
1779865090.091969,2002,2110,0_S
1779865090.092553,1996,2142,0_S
1779865090.096137,2102,1996,0_S
1779865090.097353,2087,1969,0_S
1779865090.097439,2073,1955,0_S
1779865090.097515,2076,2063,0_S
1779865090.097638,2088,2003,0_S
1779865090.099007,2023,2045,0_S
1779865090.10082,2016,2126,0_S
1779865090.1092649,1943,2198,0_S
1779865090.1125271,2116,2146,0_S
1779865090.1130502,2169,2052,0_S
1779865090.113646,2062,2045,0_S
1779865090.1170099,1987,2085,0_S
1779865090.119173,2070,2071,0_S
1779865090.123581,2056,2083,0_S
1779865090.123805,2062,2133,0_S
1779865090.124359,1990,2202,0_S
1779865090.128974,2053,2141,0_S
1779865090.129139,2027,2033,0_S
1779865090.129233,2040,2042,0_S
1779865090.129374,2061,2101,0_S
1779865090.1294851,2031,2118,0_S
1779865090.130904,2047,1989,0_S
1779865090.13231,2016,2084,0_S
1779865090.1350899,2021,2169,0_S
1779865090.136862,2001,2143,0_S
1779865090.151309,2081,2017,0_S
1779865090.1591969,2094,2068,0_S
1779865090.1633751,2047,2061,0_S
1779865090.163512,2013,2121,0_S
1779865090.163618,2066,2067,0_S
1779865090.1636841,2047,2081,0_S
1779865090.1637518,2039,2129,0_S
1779865090.163815,1975,2217,0_S
1779865090.163881,2055,2154,0_S
1779865090.163947,2047,2047,0_S
1779865090.164119,2075,2017,0_S
1779865090.164302,2054,2056,0_S
1779865090.164513,2039,2070,0_S
1779865090.164635,2020,2010,0_S
1779865090.178335,2084,2064,0_S
1779865090.182268,2020,2260,0_S
1779865090.188855,2023,2226,0_S
1779865090.189579,2078,2045,0_S
1779865090.1899362,2059,2021,0_S
1779865090.190423,2020,2077,0_S
1779865090.1937962,2134,2142,0_S
1779865090.1953669,2086,2054,0_S
1779865090.195484,1997,2042,0_S
1779865090.195588,2009,2187,0_S
1779865090.196003,2055,2240,0_S
1779865090.1960819,2094,2069,0_S
1779865090.196264,2055,1995,0_S
1779865090.196337,2000,1990,0_S
1779865090.196458,2033,2050,0_S
1779865090.196543,2099,2048,0_S
1779865090.199355,2038,2010,0_S
1779865090.200856,2103,2083,0_S
1779865090.202357,1974,2179,0_S
1779865090.2126,1913,2172,0_S
1779865090.2247539,2061,2058,0_S
1779865090.225237,2050,2088,0_S
1779865090.225643,2000,2106,0_S
1779865090.229776,2033,2046,0_S
1779865090.22989,2080,2020,0_S
1779865090.229955,2062,1986,0_S
1779865090.230371,2021,2113,0_S
1779865090.2304661,2064,2049,0_S
1779865090.23073,2145,1989,0_S
1779865090.230882,2106,1968,0_S
1779865090.231012,2107,2042,0_S
1779865090.23119,2106,2164,0_S
1779865090.231387,2030,1953,0_S
1779865090.233112,2000,1945,0_S
1779865090.252733,2063,2072,0_S
1779865090.257129,1983,2162,0_S
1779865090.257227,2069,2024,0_S
1779865090.257298,2044,1904,0_S
1779865090.257362,2062,1844,0_S
1779865090.257428,2043,1985,0_S
1779865090.257494,2149,2001,0_S
1779865090.2576241,2086,1976,0_S
1779865090.2577221,1914,2033,0_S
1779865090.257793,1997,2128,0_S
1779865090.257859,2074,2051,0_S
1779865090.257927,2043,2005,0_S
1779865090.259119,2140,2010,0_S
1779865090.2605708,2054,2031,0_S
1779865090.2632918,2014,1981,0_S
1779865090.264756,2077,1985,0_S
1779865090.2730749,2042,2116,0_S
1779865090.27341,2025,2239,0_S
1779865090.2736619,2098,2209,0_S
1779865090.280206,2083,2108,0_S
1779865090.287938,2065,2053,0_S
1779865090.292147,2026,2085,0_S
1779865090.292256,2038,2096,0_S
1779865090.292398,2087,1973,0_S
1779865090.2925959,2074,2050,0_S
1779865090.292701,1992,2180,0_S
1779865090.292779,1998,2226,0_S
1779865090.292942,2089,2066,0_S
1779865090.293033,2091,1951,0_S
1779865090.2931058,2085,2003,0_S
1779865090.294228,2056,2055,0_S
1779865090.30662,2077,2017,0_S
1779865090.307124,2104,1965,0_S
1779865090.3078048,2076,2151,0_S
1779865090.316849,2016,2222,0_S
1779865090.3181581,2073,2064,0_S
1779865090.3221,2089,2076,0_S
1779865090.322214,2065,2047,0_S
1779865090.322289,2014,2089,0_S
1779865090.322355,2082,2091,0_S
1779865090.322418,2055,2020,0_S
1779865090.322536,1998,2087,0_S
1779865090.322675,1961,2184,0_S
1779865090.322745,2012,2147,0_S
1779865090.322815,2089,2024,0_S
1779865090.324203,2127,1964,0_S
1779865090.327009,2030,1993,0_S
1779865090.328469,2011,2050,0_S
1779865090.3393228,2096,1933,0_S
1779865090.34698,1997,1950,0_S
1779865090.351344,1996,2000,0_S
1779865090.352445,1993,2070,0_S
1779865090.355964,2087,1917,0_S
1779865090.357158,2071,1940,0_S
1779865090.357515,2016,1958,0_S
1779865090.357586,2066,2026,0_S
1779865090.3576488,2129,2000,0_S
1779865090.3577101,2097,1992,0_S
1779865090.357772,2023,2154,0_S
1779865090.357835,1982,2264,0_S
1779865090.3579059,2039,2073,0_S
1779865090.3580768,2092,1938,0_S
1779865090.3581529,2105,1945,0_S
1779865090.36083,2089,2103,0_S
1779865090.367011,2053,2083,0_S
1779865090.372449,2051,1974,0_S
1779865090.375581,2010,1992,0_S
1779865090.382601,2010,2127,0_S
1779865090.386684,2009,2157,0_S
1779865090.387428,2110,2029,0_S
1779865090.387609,2090,2015,0_S
1779865090.3877718,1996,2009,0_S
1779865090.387872,1996,2034,0_S
1779865090.388003,2021,1962,0_S
1779865090.3882098,2028,1987,0_S
1779865090.388344,2028,2161,0_S
1779865090.388445,2014,2164,0_S
1779865090.3885481,2080,2070,0_S
1779865090.390145,2111,2086,0_S
1779865090.3929112,2099,2084,0_S
1779865090.394363,1978,2188,0_S
1779865090.408275,2094,2064,0_S
1779865090.409343,2109,2004,0_S
1779865090.4119208,2039,2122,0_S
1779865090.415814,2012,2232,0_S
1779865090.416662,2140,2000,0_S
1779865090.4172559,2183,1980,0_S
1779865090.41794,2038,1840,0_S
1779865090.4224799,2018,1922,0_S
1779865090.4225762,2041,1963,0_S
1779865090.422687,2083,1912,0_S
1779865090.422771,2021,1937,0_S
1779865090.422837,1924,2086,0_S
1779865090.4229062,1995,2122,0_S
1779865090.4229681,2040,2020,0_S
1779865090.424456,2036,1952,0_S
1779865090.433496,2023,1982,0_S
1779865090.440861,2064,2058,0_S
1779865090.447232,2081,1919,0_S
1779865090.447794,2013,1958,0_S
1779865090.448488,2020,2077,0_S
1779865090.452258,2009,2132,0_S
1779865090.4523551,2071,2013,0_S
1779865090.452425,2092,2018,0_S
1779865090.452563,2041,2018,0_S
1779865090.4529521,2078,2112,0_S
1779865090.4531991,2086,1990,0_S
1779865090.453266,2093,2009,0_S
1779865090.453334,2051,2179,0_S
1779865090.4534001,2019,2314,0_S
1779865090.454893,2122,2149,0_S
1779865090.4563808,2034,2050,0_S
1779865090.459073,2019,1935,0_S
1779865090.472044,2015,2027,0_S
1779865090.475513,2112,2046,0_S
1779865090.478147,2095,2008,0_S
1779865090.482616,2020,2093,0_S
1779865090.487052,1960,2118,0_S
1779865090.48722,2025,2133,0_S
1779865090.487333,2066,2012,0_S
1779865090.4873989,2098,2002,0_S
1779865090.4874592,2052,2098,0_S
1779865090.4875169,2035,2159,0_S
1779865090.487574,2068,2025,0_S
1779865090.487631,2033,2060,0_S
1779865090.487809,2067,2147,0_S
1779865090.487909,1990,2244,0_S
1779865090.489315,2054,2113,0_S
1779865090.4964879,2054,2032,0_S
1779865090.501993,2051,1988,0_S
1779865090.5056992,2007,2073,0_S
1779865090.508457,2079,2047,0_S
1779865090.512417,2080,2045,0_S
1779865090.512927,2025,2110,0_S
1779865090.5138812,2014,2224,0_S
1779865090.517457,2081,2120,0_S
1779865090.518914,2056,2069,0_S
1779865090.5190558,1987,2016,0_S
1779865090.519139,2080,2008,0_S
1779865090.519211,2100,2072,0_S
1779865090.519277,2038,1966,0_S
1779865090.519398,2045,2120,0_S
1779865090.5195022,2046,2191,0_S
1779865090.520896,2036,2178,0_S
1779865090.522284,2079,2038,0_S
1779865090.5249841,2136,2004,0_S
1779865090.526329,2098,2030,0_S
1779865090.5342011,2035,2196,0_S
1779865090.535983,2097,2036,0_S
1779865090.539465,2045,2053,0_S
1779865090.54025,1999,2149,0_S
1779865090.543162,1969,2222,0_S
1779865090.5443358,2065,2114,0_S
1779865090.550535,2108,1996,0_S
1779865090.551,2049,2080,0_S
1779865090.551619,2041,2137,0_S
1779865090.5523021,2021,2048,0_S
1779865090.556808,2086,1985,0_S
1779865090.556962,2051,2064,0_S
1779865090.5571241,2002,2107,0_S
1779865090.5572531,2069,2109,0_S
1779865090.557431,2112,2064,0_S
1779865090.558796,2065,2072,0_S
1779865090.560205,2043,2109,0_S
1779865090.568107,2087,2131,0_S
1779865090.5718882,2094,2056,0_S
1779865090.572365,2020,2078,0_S
1779865090.573092,1970,2189,0_S
1779865090.57609,2024,2186,0_S
1779865090.577235,2027,2031,0_S
1779865090.579728,2088,2003,0_S
1779865090.584018,2109,1983,0_S
1779865090.584848,2065,2075,0_S
1779865090.585207,2066,2083,0_S
1779865090.58563,2021,2085,0_S
1779865090.588894,1982,2133,0_S
1779865090.589819,2017,2236,0_S
1779865090.590344,2118,2071,0_S
1779865090.5904331,2104,2069,0_S
1779865090.593135,2059,2021,0_S
1779865090.594522,2000,2068,0_S
1779865090.597198,2043,1972,0_S
1779865090.6077921,2049,2011,0_S
1779865090.610368,1991,2169,0_S
1779865090.613367,1988,2226,0_S
1779865090.616538,2083,2159,0_S
1779865090.616981,2108,2079,0_S
1779865090.6214552,2037,2054,0_S
1779865090.622457,2012,2085,0_S
1779865090.626086,2077,2112,0_S
1779865090.626574,2146,1959,0_S
1779865090.626708,2044,2057,0_S
1779865090.626786,2057,2160,0_S
1779865090.6269078,2002,2157,0_S
1779865090.627033,2089,1928,0_S
1779865090.62714,2045,1977,0_S
1779865090.6272771,2085,2055,0_S
1779865090.6286788,2052,2149,0_S
1779865090.63681,2087,2071,0_S
1779865090.6385438,1991,2050,0_S
1779865090.638962,1969,2173,0_S
1779865090.6426291,1982,2236,0_S
1779865090.6481159,2074,2132,0_S
1779865090.6521652,2057,2097,0_S
1779865090.6526191,2068,2082,0_S
1779865090.6562839,2058,2078,0_S
1779865090.6576178,2088,1978,0_S
1779865090.657747,2043,2002,0_S
1779865090.657828,1972,2126,0_S
1779865090.657898,1976,2154,0_S
1779865090.657967,2058,2102,0_S
1779865090.6580322,2071,1991,0_S
1779865090.6581252,2107,2026,0_S
1779865090.660785,2062,2140,0_S
1779865090.6622279,2074,2090,0_S
1779865090.664811,2120,2027,0_S
1779865090.672225,2009,2035,0_S
1779865090.673753,2023,2176,0_S
1779865090.675665,2071,2138,0_S
1779865090.6783779,2096,1982,0_S
1779865090.678914,2058,1992,0_S
1779865090.6818402,2038,2038,0_S
1779865090.684926,2052,2113,0_S
1779865090.689145,2068,2012,0_S
1779865090.6903281,2020,2065,0_S
1779865090.694134,1995,2165,0_S
1779865090.695555,1967,2243,0_S
1779865090.695672,2091,2110,0_S
1779865090.6957629,2055,2043,0_S
1779865090.695889,2071,2073,0_S
1779865090.696034,2016,2126,0_S
1779865090.696194,2032,2073,0_S
1779865090.698905,2102,2049,0_S
1779865090.7080169,2058,2080,0_S
1779865090.713417,2025,2234,0_S
1779865090.7167292,2092,2151,0_S
1779865090.721112,2049,2000,0_S
1779865090.7216709,2072,2022,0_S
1779865090.7222881,2025,2061,0_S
1779865090.726193,2043,2043,0_S
1779865090.7263181,2089,1987,0_S
1779865090.7264378,2116,2050,0_S
1779865090.726527,2062,2184,0_S
1779865090.7266932,2047,2244,0_S
1779865090.726766,2076,2123,0_S
1779865090.726835,2093,2060,0_S
1779865090.7268999,2076,1998,0_S
1779865090.728363,1986,2090,0_S
1779865090.731164,1994,2037,0_S
1779865090.732584,2078,2050,0_S
1779865090.740561,1966,2113,0_S
1779865090.7452002,1944,2179,0_S
1779865090.74597,2071,2068,0_S
1779865090.748817,2076,2025,0_S
1779865090.749883,2078,2017,0_S
1779865090.752827,2065,2066,0_S
1779865090.757204,2066,2073,0_S
1779865090.757955,2018,2027,0_S
1779865090.761962,2042,2083,0_S
1779865090.762165,2049,2204,0_S
1779865090.762314,2053,2176,0_S
1779865090.762388,2088,2091,0_S
1779865090.762452,2096,2088,0_S
1779865090.762516,2014,2102,0_S
1779865090.762579,2046,2077,0_S
1779865090.764022,2155,1953,0_S
1779865090.7730932,2066,1977,0_S
1779865090.7740119,2046,2214,0_S
1779865090.777214,2017,2300,0_S
1779865090.778073,2027,2101,0_S
1779865090.778275,2008,1985,0_S
1779865090.780708,1973,2017,0_S
1779865090.781882,2069,2133,0_S
1779865090.784171,2090,2068,0_S
1779865090.788821,2077,2052,0_S
1779865090.789361,2065,2124,0_S
1779865090.789859,2001,2201,0_S
1779865090.79376,2106,2055,0_S
1779865090.793858,2107,1962,0_S
1779865090.793949,2083,2024,0_S
1779865090.79408,2032,2113,0_S
1779865090.796764,2084,2085,0_S
1779865090.798146,2141,2055,0_S
1779865090.8007848,2030,2180,0_S
1779865090.810517,1925,2188,0_S
1779865090.813977,2022,2129,0_S
1779865090.81625,2120,2033,0_S
1779865090.8181791,2192,2107,0_S
1779865090.8253381,2118,2029,0_S
1779865090.8261151,2008,2037,0_S
1779865090.8301902,2077,2016,0_S
1779865090.830338,2053,2074,0_S
1779865090.830592,1983,2119,0_S
1779865090.830743,1936,2169,0_S
1779865090.8308659,2072,2001,0_S
1779865090.8310242,2068,2008,0_S
1779865090.831091,2026,2033,0_S
1779865090.831187,2008,2053,0_S
1779865090.831261,2022,2024,0_S
1779865090.832747,2057,2063,0_S
1779865090.842999,2028,2135,0_S
1779865090.8483698,2017,2231,0_S
1779865090.849428,2115,2105,0_S
1779865090.855211,2107,2074,0_S
1779865090.856048,2106,2041,0_S
1779865090.859312,2058,2052,0_S
1779865090.860611,2110,2105,0_S
1779865090.8606951,2183,2010,0_S
1779865090.860798,2073,2125,0_S
1779865090.860903,1991,2194,0_S
1779865090.8609762,2058,2138,0_S
1779865090.8610408,2012,2090,0_S
1779865090.861104,2049,2037,0_S
1779865090.8611672,2029,2084,0_S
1779865090.8625762,2023,2085,0_S
1779865090.863982,2055,1978,0_S
1779865090.86665,1972,2055,0_S
1779865090.868104,1978,2150,0_S
1779865090.875372,2023,2240,0_S
1779865090.876571,2108,2059,0_S
1779865090.8775628,2142,2058,0_S
1779865090.880737,2098,2068,0_S
1779865090.88121,2051,2145,0_S
1779865090.883532,2046,2051,0_S
1779865090.885368,2076,1999,0_S
1779865090.891403,2016,2110,0_S
1779865090.892009,2010,2196,0_S
1779865090.892402,2054,2078,0_S
1779865090.896255,2101,2047,0_S
1779865090.896356,2086,2007,0_S
1779865090.896529,2057,2006,0_S
1779865090.896676,2052,2020,0_S
1779865090.898036,2075,2024,0_S
1779865090.900042,2013,2157,0_S
1779865090.908385,2044,2236,0_S
1779865090.912225,2057,2129,0_S
1779865090.9176111,2050,2003,0_S
1779865090.9180732,2057,2049,0_S
1779865090.922394,2084,2004,0_S
1779865090.923167,2061,2083,0_S
1779865090.923859,2066,2005,0_S
1779865090.9240599,2034,2061,0_S
1779865090.928452,1982,2176,0_S
1779865090.9286542,2023,2181,0_S
1779865090.928849,2060,2046,0_S
1779865090.92897,2086,2012,0_S
1779865090.92906,2049,1973,0_S
1779865090.929149,2122,2033,0_S
1779865090.930517,2124,2029,0_S
1779865090.931911,2058,2083,0_S
1779865090.9346812,2008,2197,0_S
1779865090.937108,1927,2139,0_S
1779865090.944906,2180,2107,0_S
1779865090.9484491,2126,2062,0_S
1779865090.951301,2042,2021,0_S
1779865090.9576802,1935,2058,0_S
1779865090.961359,2000,2061,0_S
1779865090.962664,2120,1987,0_S
1779865090.962753,2038,2084,0_S
1779865090.962819,1967,2147,0_S
1779865090.962882,2085,2082,0_S
1779865090.963073,2107,1980,0_S
1779865090.963191,2031,1983,0_S
1779865090.963277,2030,2050,0_S
1779865090.963395,2085,2166,0_S
1779865090.964918,2080,1993,0_S
1779865090.973846,2015,1957,0_S
1779865090.9749372,1991,2079,0_S
1779865090.977441,2103,2090,0_S
1779865090.981243,2099,2081,0_S
1779865090.9845262,2097,1999,0_S
1779865090.9887512,2065,2047,0_S
1779865090.989612,2048,2135,0_S
1779865090.990549,2047,2068,0_S
1779865090.994485,2005,2067,0_S
1779865090.994677,1936,2141,0_S
1779865090.994756,1941,2234,0_S
1779865090.994851,2062,2156,0_S
1779865090.9949481,2096,2128,0_S
1779865090.995065,2022,2050,0_S
1779865090.995237,2071,2066,0_S
1779865090.9966028,2102,2079,0_S
1779865090.997949,2119,2032,0_S
1779865091.0006258,2103,2148,0_S
1779865091.0018592,1995,2269,0_S
1779865091.011671,2086,2162,0_S
1779865091.014863,2074,1969,0_S
1779865091.015457,2157,1936,0_S
1779865091.018881,2094,2031,0_S
1779865091.024368,2042,2167,0_S
1779865091.025331,2111,1967,0_S
1779865091.029587,2032,1978,0_S
1779865091.029938,1986,2152,0_S
1779865091.030061,1974,2186,0_S
1779865091.0301719,2032,2036,0_S
1779865091.0302489,2080,2022,0_S
1779865091.030377,2036,2069,0_S
1779865091.030474,1948,2167,0_S
1779865091.030547,2019,2068,0_S
1779865091.031918,2083,2002,0_S
1779865091.0445828,2041,2146,0_S
1779865091.048264,2027,2250,0_S
1779865091.050427,2114,2145,0_S
1779865091.051132,2066,2073,0_S
1779865091.05508,2028,2059,0_S
1779865091.055899,2069,2058,0_S
1779865091.056234,2121,2079,0_S
1779865091.056821,2093,2052,0_S
1779865091.060402,2063,2088,0_S
1779865091.0604842,2060,2271,0_S
1779865091.06055,2050,2148,0_S
1779865091.06061,2057,1954,0_S
1779865091.0607948,2111,1956,0_S
1779865091.0609899,2047,2066,0_S
1779865091.062363,2023,2131,0_S
1779865091.063757,2084,1949,0_S
1779865091.066435,2045,1990,0_S
1779865091.067799,2028,2157,0_S
1779865091.076492,2007,2267,0_S
1779865091.0804842,2121,2103,0_S
1779865091.0813692,2090,2054,0_S
1779865091.087135,1994,2081,0_S
1779865091.0911858,2006,2092,0_S
1779865091.092061,2055,2043,0_S
1779865091.092747,2082,2014,0_S
1779865091.093397,2008,2109,0_S
1779865091.0976021,1960,2230,0_S
1779865091.0977888,2025,2121,0_S
1779865091.0979378,2070,2040,0_S
1779865091.098021,2052,2066,0_S
1779865091.09812,2077,2141,0_S
1779865091.098204,2147,2130,0_S
1779865091.098322,2087,1982,0_S
1779865091.099769,2011,1994,0_S
1779865091.1078558,2023,2150,0_S
1779865091.1125948,2070,2224,0_S
1779865091.113407,2167,2068,0_S
1779865091.1223192,2086,2027,0_S
1779865091.127109,2023,1980,0_S
1779865091.127599,2019,2068,0_S
1779865091.127688,2039,2005,0_S
1779865091.127813,2021,2054,0_S
1779865091.127936,2001,2157,0_S
1779865091.1280499,2035,2289,0_S
1779865091.1281338,2043,2050,0_S
1779865091.1282508,2054,2027,0_S
1779865091.128405,2058,2023,0_S
1779865091.1285691,2057,2098,0_S
1779865091.130015,2064,2076,0_S
1779865091.132844,2047,2041,0_S
1779865091.1343691,2017,2198,0_S
1779865091.142904,2027,2291,0_S
1779865091.144395,2063,2190,0_S
1779865091.1451929,2133,2054,0_S
1779865091.148184,2011,1991,0_S
1779865091.1513631,2039,2041,0_S
1779865091.1580539,2089,2064,0_S
1779865091.158669,2088,1997,0_S
1779865091.159265,2043,2018,0_S
1779865091.160046,2005,2131,0_S
1779865091.160487,2059,2170,0_S
1779865091.164288,2050,2007,0_S
1779865091.164383,2133,2008,0_S
1779865091.164482,2116,2129,0_S
1779865091.1646888,2030,2237,0_S
1779865091.164802,2066,2083,0_S
1779865091.16628,2053,2042,0_S
1779865091.1746628,2012,2147,0_S
1779865091.179264,2027,2202,0_S
1779865091.182627,2001,2068,0_S
1779865091.184513,2055,1965,0_S
1779865091.188255,2059,2051,0_S
1779865091.192569,2007,2138,0_S
1779865091.192915,2101,2058,0_S
1779865091.193425,2083,2024,0_S
1779865091.193519,2018,2115,0_S
1779865091.193696,2019,2226,0_S
1779865091.193793,2123,2138,0_S
1779865091.1938639,2065,2031,0_S
1779865091.193928,2036,1993,0_S
1779865091.19399,2054,2069,0_S
1779865091.196644,2131,2037,0_S
1779865091.198102,2038,1982,0_S
1779865091.200691,2001,2105,0_S
1779865091.206611,2065,2242,0_S
1779865091.2094421,2068,2289,0_S
1779865091.212539,2050,2076,0_S
1779865091.212955,2053,2028,0_S
1779865091.213251,2081,2054,0_S
1779865091.213494,2020,2143,0_S
1779865091.216067,2084,1987,0_S
1779865091.223063,2035,2050,0_S
1779865091.223704,2020,2108,0_S
1779865091.224252,2021,2160,0_S
1779865091.228333,2140,2078,0_S
1779865091.228472,2125,1996,0_S
1779865091.2286222,2088,2022,0_S
1779865091.2287009,2051,2113,0_S
1779865091.2306151,2124,2104,0_S
1779865091.2404668,2101,2086,0_S
1779865091.243098,1980,2142,0_S
1779865091.249213,1928,2169,0_S
1779865091.24965,2085,2139,0_S
1779865091.250037,2119,1996,0_S
1779865091.250537,2085,2037,0_S
1779865091.250873,2085,2157,0_S
1779865091.254056,2071,2130,0_S
1779865091.254454,2110,1973,0_S
1779865091.2545202,2028,2032,0_S
1779865091.254606,1978,2190,0_S
1779865091.2547562,2032,2168,0_S
1779865091.2561762,2068,2087,0_S
1779865091.25858,2051,2024,0_S
1779865091.260092,2031,2065,0_S
1779865091.2627351,2016,2076,0_S
1779865091.270678,2057,1943,0_S
1779865091.273066,2036,2007,0_S
1779865091.2755919,2011,2168,0_S
1779865091.281972,2009,2240,0_S
1779865091.2822862,2098,2051,0_S
1779865091.285717,2088,1986,0_S
1779865091.2858748,2054,2045,0_S
1779865091.2860212,2050,2089,0_S
1779865091.286158,2086,2030,0_S
1779865091.2866611,2074,2045,0_S
1779865091.286792,2043,2146,0_S
1779865091.286859,1974,2242,0_S
1779865091.288418,2029,2109,0_S
1779865091.2897549,2109,2007,0_S
1779865091.292491,2059,1973,0_S
1779865091.2943318,2047,2002,0_S
1779865091.295799,2084,2068,0_S
1779865091.3009229,2086,1995,0_S
1779865091.303421,2050,2102,0_S
1779865091.3035882,2064,2249,0_S
1779865091.30613,2059,2219,0_S
1779865091.309001,2009,2059,0_S
1779865091.313749,2096,2022,0_S
1779865091.314573,2073,2041,0_S
1779865091.317298,2025,2127,0_S
1779865091.318364,2115,2000,0_S
1779865091.318524,2006,2051,0_S
1779865091.3186162,2002,2112,0_S
1779865091.319969,2024,2201,0_S
1779865091.330681,2034,2071,0_S
1779865091.33099,2080,2007,0_S
1779865091.331299,2074,2079,0_S
1779865091.334275,2048,2138,0_S
1779865091.339812,2069,2042,0_S
1779865091.340746,2038,1970,0_S
1779865091.343476,2023,2095,0_S
1779865091.3444648,2045,2205,0_S
1779865091.344841,2093,2118,0_S
1779865091.344922,2118,2057,0_S
1779865091.3450801,2045,2029,0_S
1779865091.34521,1967,2142,0_S
1779865091.346587,2040,2111,0_S
1779865091.347955,2067,2023,0_S
1779865091.350589,2002,2061,0_S
1779865091.351926,2043,2154,0_S
1779865091.354495,2100,2179,0_S
1779865091.361399,2021,2061,0_S
1779865091.361543,2137,2007,0_S
1779865091.3629608,2158,2021,0_S
1779865091.365023,1969,2094,0_S
1779865091.3677518,1995,1985,0_S
1779865091.3702898,2023,2056,0_S
1779865091.374069,2052,2127,0_S
1779865091.374532,2026,2219,0_S
1779865091.37784,2042,2094,0_S
1779865091.378192,2065,2069,0_S
1779865091.378348,2131,2040,0_S
1779865091.3784478,2059,2135,0_S
1779865091.380064,2114,2096,0_S
1779865091.388246,2076,1982,0_S
1779865091.391333,2017,2101,0_S
1779865091.398488,2006,2217,0_S
1779865091.3989289,2049,2146,0_S
1779865091.3999512,2060,2027,0_S
1779865091.403144,2032,1954,0_S
1779865091.4033349,2028,2043,0_S
1779865091.403489,2061,2162,0_S
1779865091.403618,2069,2007,0_S
1779865091.403671,2075,2047,0_S
1779865091.4037209,2044,2240,0_S
1779865091.4037719,2019,2204,0_S
1779865091.4063869,2068,2066,0_S
1779865091.407794,2036,1972,0_S
1779865091.4104588,2113,2031,0_S
1779865091.4118102,2092,2106,0_S
1779865091.418356,2064,1988,0_S
1779865091.424138,2048,2011,0_S
1779865091.4269462,1988,2182,0_S
1779865091.4303749,2054,2248,0_S
1779865091.430787,2060,2064,0_S
1779865091.433836,2025,1986,0_S
1779865091.4348211,2051,2001,0_S
1779865091.434915,2012,2106,0_S
1779865091.434978,2079,2049,0_S
1779865091.435029,2054,2022,0_S
1779865091.435082,2020,2175,0_S
1779865091.436233,2017,2195,0_S
1779865091.442836,2067,2092,0_S
1779865091.447198,2102,2044,0_S
1779865091.447646,2088,2035,0_S
1779865091.449845,2087,2077,0_S
1779865091.4505842,2072,2120,0_S
1779865091.4524841,2118,1987,0_S
1779865091.455879,2139,2059,0_S
1779865091.456473,2024,2167,0_S
1779865091.45706,2000,2203,0_S
1779865091.4573052,2055,2029,0_S
1779865091.46099,2106,1985,0_S
1779865091.461198,2057,2085,0_S
1779865091.462347,1946,2076,0_S
1779865091.463713,2015,2022,0_S
1779865091.466408,2075,2007,0_S
1779865091.467785,1998,2110,0_S
1779865091.4761338,1976,2248,0_S
1779865091.476833,2073,2094,0_S
1779865091.480656,2076,2047,0_S
1779865091.483855,2093,2066,0_S
1779865091.485934,2055,2125,0_S
1779865091.489422,2032,2109,0_S
1779865091.489994,2050,2048,0_S
1779865091.49278,2054,2124,0_S
1779865091.493862,1994,2234,0_S
1779865091.494007,2024,2144,0_S
1779865091.494329,2083,2016,0_S
1779865091.494381,2110,2040,0_S
1779865091.494432,2058,1994,0_S
1779865091.495948,2053,2018,0_S
