timestamp,ch1,ch2,label
1779864678.4990568,2068,2248,e_S
1779864678.505331,2075,2115,e_S
1779864678.5056121,2047,1983,e_S
1779864678.505858,2032,2040,e_S
1779864678.505919,1977,2139,e_S
1779864678.505972,2068,2084,e_S
1779864678.506214,2101,2030,e_S
1779864678.506301,2009,2058,e_S
1779864678.506368,2046,2229,e_S
1779864678.506434,2108,2121,e_S
1779864678.506495,2044,2083,e_S
1779864678.506557,2047,2028,e_S
1779864678.506617,2082,2000,e_S
1779864678.506678,2135,2081,e_S
1779864678.506739,2097,2018,e_S
1779864678.506808,2009,2066,e_S
1779864678.506868,1967,2194,e_S
1779864678.506929,2014,2140,e_S
1779864678.506994,2104,2036,e_S
1779864678.507552,2126,2011,e_S
1779864678.507648,2061,2041,e_S
1779864678.507715,2038,2089,e_S
1779864678.5078259,2100,2044,e_S
1779864678.5081239,2029,2080,e_S
1779864678.5082,1918,2109,e_S
1779864678.50827,2012,2231,e_S
1779864678.5092459,2179,2061,e_S
1779864678.5488052,2140,2000,e_S
1779864678.6220942,1983,1952,e_S
1779864678.6225128,2024,2094,e_S
1779864678.622766,2101,2067,e_S
1779864678.6228359,2009,1959,e_S
1779864678.623809,2004,2179,e_S
1779864678.624023,1997,2292,e_S
1779864678.624379,2088,2142,e_S
1779864678.624512,2107,2050,e_S
1779864678.6247811,2105,2008,e_S
1779864678.6250172,2072,2025,e_S
1779864678.625088,2047,2006,e_S
1779864678.6262631,2073,1886,e_S
1779864678.6263402,2111,2090,e_S
1779864678.626397,2103,2127,e_S
1779864678.628331,2051,2110,e_S
1779864678.6285021,2025,1974,e_S
1779864678.628565,2099,1991,e_S
1779864678.628619,2058,2037,e_S
1779864678.628818,2070,2132,e_S
1779864678.628908,2101,1964,e_S
1779864678.628984,2045,2057,e_S
1779864678.6290839,1977,2150,e_S
1779864678.629287,2014,2266,e_S
1779864678.629376,2089,2075,e_S
1779864678.629436,2044,1926,e_S
1779864678.629492,2061,2039,e_S
1779864678.6295512,2087,2107,e_S
1779864678.629602,2113,2031,e_S
1779864678.629659,2091,1996,e_S
1779864678.6297941,2060,2151,e_S
1779864678.629875,2022,2239,e_S
1779864678.629941,2104,2138,e_S
1779864678.6300101,2057,2037,e_S
1779864678.630081,2055,2058,e_S
1779864678.6301482,2105,2144,e_S
1779864678.630214,2108,2105,e_S
1779864678.630284,2048,1988,e_S
1779864678.630354,1977,2018,e_S
1779864678.630425,1972,2186,e_S
1779864678.63049,2051,2193,e_S
1779864678.630553,2043,2063,e_S
1779864678.6306188,2096,2114,e_S
1779864678.630752,2082,2097,e_S
1779864678.630827,2020,2058,e_S
1779864678.630893,2041,1985,e_S
1779864678.630956,2040,1930,e_S
1779864678.631019,1967,2136,e_S
1779864678.6310809,2061,2200,e_S
1779864678.6311412,2139,2024,e_S
1779864678.631994,2075,1974,e_S
1779864678.6320791,2045,2037,e_S
1779864678.632149,2073,2169,e_S
1779864678.6322129,2076,1997,e_S
1779864678.632278,2094,1894,e_S
1779864678.6323478,2019,2090,e_S
1779864678.632412,2004,2322,e_S
1779864678.632478,2042,2114,e_S
1779864678.632543,2027,1834,e_S
1779864678.6326048,2127,1913,e_S
1779864678.63267,2104,2037,e_S
1779864678.632731,2078,1928,e_S
1779864678.6337569,2117,1881,e_S
1779864678.633827,2072,2011,e_S
1779864678.634217,1978,2098,e_S
1779864678.6342762,2065,2029,e_S
1779864678.634331,2038,1777,e_S
1779864678.6345432,2092,1812,e_S
1779864678.634625,2101,2033,e_S
1779864678.634702,2053,2064,e_S
1779864678.6353421,2072,1744,e_S
1779864678.635471,1997,1814,e_S
1779864678.635531,2068,2148,e_S
1779864678.635581,2037,2270,e_S
1779864678.6358771,2145,2184,e_S
1779864678.635972,2113,1938,e_S
1779864678.63605,2066,1931,e_S
1779864678.636123,2005,1873,e_S
1779864678.636257,2111,2040,e_S
1779864678.636309,2129,2138,e_S
1779864678.6363578,1982,2144,e_S
1779864678.636406,1947,2218,e_S
1779864678.636458,2036,2100,e_S
1779864678.6365068,2105,2054,e_S
1779864678.63656,2048,1963,e_S
1779864678.636611,1923,2069,e_S
1779864678.636659,2050,2080,e_S
1779864678.636745,2080,2044,e_S
1779864678.636845,2064,2099,e_S
1779864678.6369128,1994,2251,e_S
1779864678.636975,2030,2088,e_S
1779864678.637037,2073,2066,e_S
1779864678.637099,2102,2086,e_S
1779864678.6371598,2098,2109,e_S
1779864678.638496,2041,2213,e_S
1779864678.63996,2062,2160,e_S
1779864678.641394,2051,2349,e_S
1779864678.663288,1998,2488,e_S
1779864678.667841,2034,2559,e_S
1779864678.667918,2111,2571,e_S
1779864678.669655,2014,2335,e_S
1779864678.670607,2077,2351,e_S
1779864678.670727,2067,2351,e_S
1779864678.678463,2092,2220,e_S
1779864678.680238,2192,2272,e_S
1779864678.683758,2014,2326,e_S
1779864678.6903849,1975,2365,e_S
1779864678.692799,2118,2248,e_S
1779864678.697643,2118,2185,e_S
1779864678.697747,2077,2013,e_S
1779864678.6978261,2135,2212,e_S
1779864678.6979358,2095,2087,e_S
1779864678.698025,2096,2093,e_S
1779864678.6981518,2026,2180,e_S
1779864678.6982558,1910,2267,e_S
1779864678.698424,2056,2277,e_S
1779864678.6985059,2101,2227,e_S
1779864678.698627,2078,2163,e_S
1779864678.698693,2038,2165,e_S
1779864678.698754,2004,2263,e_S
1779864678.698814,2131,2127,e_S
1779864678.698874,2077,2024,e_S
1779864678.698936,2025,2228,e_S
1779864678.699053,2004,2345,e_S
1779864678.6991181,2116,2054,e_S
1779864678.7015412,2097,2192,e_S
1779864678.70161,2081,2132,e_S
1779864678.704322,2030,2199,e_S
1779864678.722599,2120,2020,e_S
1779864678.723087,2039,1995,e_S
1779864678.7235498,2036,2201,e_S
1779864678.723856,2020,2281,e_S
1779864678.729455,2160,2195,e_S
1779864678.729894,2106,2023,e_S
1779864678.7299788,2129,2123,e_S
1779864678.730047,2082,2008,e_S
1779864678.730111,2234,2257,e_S
1779864678.730172,2360,1952,e_S
1779864678.730232,2149,1968,e_S
1779864678.730291,2845,1693,e_S
1779864678.7303512,2612,1726,e_S
1779864678.732152,1565,1952,e_S
1779864678.73856,1565,1682,e_S
1779864678.7426188,1908,1566,e_S
1779864678.7483652,2145,1673,e_S
1779864678.753483,1917,1813,e_S
1779864678.754445,1611,1846,e_S
1779864678.7545128,1870,2134,e_S
1779864678.754567,2614,1844,e_S
1779864678.7546182,2815,2107,e_S
1779864678.754687,2461,2022,e_S
1779864678.754774,1950,1944,e_S
1779864678.7548292,2377,1905,e_S
1779864678.75632,2105,2091,e_S
1779864678.757657,1926,2063,e_S
1779864678.760365,1970,2025,e_S
1779864678.7715719,1698,2279,e_S
1779864678.774168,3170,1833,e_S
1779864678.7749279,2016,2312,e_S
1779864678.783732,1720,2075,e_S
1779864678.78496,2854,1796,e_S
1779864678.785035,1736,2334,e_S
1779864678.785093,1619,1936,e_S
1779864678.786464,2904,1848,e_S
1779864678.7869089,2870,2025,e_S
1779864678.7874181,1890,2556,e_S
1779864678.797199,1764,2307,e_S
1779864678.7997692,1495,1990,e_S
1779864678.804505,2135,2091,e_S
1779864678.804684,3135,2001,e_S
1779864678.805108,1539,2356,e_S
1779864678.808565,378,2323,e_S
1779864678.808652,1149,2091,e_S
1779864678.808718,2002,2430,e_S
1779864678.8087838,1916,2251,e_S
1779864678.8088892,1328,2171,e_S
1779864678.808971,1736,2058,e_S
1779864678.809072,2888,2092,e_S
1779864678.8092349,2488,2326,e_S
1779864678.8093472,2840,2195,e_S
1779864678.809411,2623,2179,e_S
1779864678.812236,1945,2459,e_S
1779864678.8135948,1584,2383,e_S
1779864678.821402,1744,2200,e_S
1779864678.822978,1979,2208,e_S
1779864678.824128,2706,2138,e_S
1779864678.8294,2183,2170,e_S
1779864678.8320022,1897,2235,e_S
1779864678.838958,3007,1897,e_S
1779864678.839102,2264,2688,e_S
1779864678.8394282,1259,2454,e_S
1779864678.839526,2074,1997,e_S
1779864678.839753,2339,2046,e_S
1779864678.839831,2229,2141,e_S
1779864678.839901,1707,2190,e_S
1779864678.83999,1685,2092,e_S
1779864678.841436,2026,1999,e_S
1779864678.8496902,2174,2181,e_S
1779864678.852826,2300,2289,e_S
1779864678.853059,2505,2162,e_S
1779864678.855465,2353,2120,e_S
1779864678.855951,2479,1998,e_S
1779864678.85819,1908,2217,e_S
1779864678.8623738,1831,2166,e_S
1779864678.869428,2031,2127,e_S
1779864678.8702059,2014,2195,e_S
1779864678.870401,2013,2268,e_S
1779864678.8706229,2187,2149,e_S
1779864678.870689,2028,2024,e_S
1779864678.870772,2201,2065,e_S
1779864678.870823,2584,2016,e_S
1779864678.8722718,2358,2138,e_S
1779864678.873712,2220,1969,e_S
1779864678.8865972,2157,2048,e_S
1779864678.886989,2062,2242,e_S
1779864678.8897989,2176,2306,e_S
1779864678.894597,2310,2105,e_S
1779864678.8951838,2234,1953,e_S
1779864678.898858,2415,1979,e_S
1779864678.899887,2222,2184,e_S
1779864678.899986,2222,1957,e_S
1779864678.900058,2247,2014,e_S
1779864678.900121,2250,2190,e_S
1779864678.900332,2315,2287,e_S
1779864678.9004219,2339,2085,e_S
1779864678.9005492,2383,2014,e_S
1779864678.9025111,2331,2140,e_S
1779864678.910105,2345,2013,e_S
1779864678.9143932,2226,2154,e_S
1779864678.9176571,2534,2024,e_S
1779864678.923195,2416,2205,e_S
1779864678.923827,2047,2129,e_S
1779864678.924511,2145,2137,e_S
1779864678.9279501,2339,1931,e_S
1779864678.9287722,2515,1903,e_S
1779864678.928871,2179,2051,e_S
1779864678.9289348,2472,2095,e_S
1779864678.928988,2453,1977,e_S
1779864678.929039,2088,1964,e_S
1779864678.929148,2250,2249,e_S
1779864678.930548,2471,2204,e_S
1779864678.931964,2177,2200,e_S
1779864678.9334028,1860,2113,e_S
1779864678.936128,3747,1617,e_S
1779864678.946445,2165,2341,e_S
1779864678.9497879,1069,2486,e_S
1779864678.959168,1624,2501,e_S
1779864678.9593222,2101,2364,e_S
1779864678.9593978,2300,2496,e_S
1779864678.959463,2268,2414,e_S
1779864678.959531,2173,2411,e_S
1779864678.959973,2636,2278,e_S
1779864678.96014,2692,2172,e_S
1779864678.9606998,2593,1931,e_S
1779864678.960754,2602,2088,e_S
1779864678.960806,2768,1958,e_S
1779864678.962591,2680,2170,e_S
1779864678.980875,2581,2003,e_S
1779864678.9846778,2461,2052,e_S
1779864678.9851332,2357,1740,e_S
1779864678.985194,1072,2133,e_S
1779864678.985247,1610,1953,e_S
1779864678.9856262,2841,1768,e_S
1779864678.985724,2903,1855,e_S
1779864678.985822,2752,2217,e_S
1779864678.985913,2233,2366,e_S
1779864678.986015,1721,2449,e_S
1779864678.9860852,1863,2198,e_S
1779864678.98614,2328,2226,e_S
1779864678.987647,2511,2382,e_S
1779864678.990308,2736,2343,e_S
1779864678.9987462,2629,2242,e_S
1779864679.002798,2329,2055,e_S
1779864679.003448,1958,2475,e_S
1779864679.003795,2610,1946,e_S
1779864679.0068018,2609,1915,e_S
1779864679.0121758,2468,1871,e_S
1779864679.016052,2950,2095,e_S
1779864679.016175,2851,2167,e_S
1779864679.016295,2761,2190,e_S
1779864679.0163698,2390,2282,e_S
1779864679.016628,2229,2394,e_S
1779864679.016793,1882,2166,e_S
1779864679.016858,2190,2329,e_S
1779864679.018256,2571,2264,e_S
1779864679.024731,2487,2298,e_S
1779864679.03104,2387,2313,e_S
1779864679.0374668,2599,2330,e_S
1779864679.03811,2597,2454,e_S
1779864679.038524,2396,2408,e_S
1779864679.039063,2279,2469,e_S
1779864679.039559,2688,2126,e_S
1779864679.043204,2959,1908,e_S
1779864679.0433931,2520,1963,e_S
1779864679.0434718,2239,1949,e_S
1779864679.043542,2314,1965,e_S
1779864679.0436711,2810,1746,e_S
1779864679.043799,2966,2035,e_S
1779864679.0465112,2335,2304,e_S
1779864679.0479019,2394,2004,e_S
1779864679.050758,2808,1849,e_S
1779864679.057641,2686,1915,e_S
1779864679.0633411,2767,1983,e_S
1779864679.066493,2656,1998,e_S
1779864679.070384,2377,1823,e_S
1779864679.0712361,2327,1770,e_S
1779864679.074728,2578,1688,e_S
1779864679.074847,3288,1685,e_S
1779864679.074978,3686,1327,e_S
1779864679.075142,2574,1767,e_S
1779864679.0752482,2281,1848,e_S
1779864679.0753222,2589,1806,e_S
1779864679.075393,3356,1641,e_S
1779864679.0754619,3156,2541,e_S
1779864679.084959,1577,3024,e_S
1779864679.087657,2103,2425,e_S
1779864679.089737,2777,2257,e_S
1779864679.090728,2657,2161,e_S
1779864679.100943,2123,2400,e_S
1779864679.1010308,2135,2312,e_S
1779864679.1012921,2202,2164,e_S
1779864679.101355,2211,2236,e_S
1779864679.101512,2385,2162,e_S
1779864679.102379,2522,2042,e_S
1779864679.102439,2969,1897,e_S
1779864679.1024928,2885,1797,e_S
1779864679.102566,2520,2067,e_S
1779864679.103971,2466,2273,e_S
1779864679.1054258,2267,2059,e_S
1779864679.114316,2197,1765,e_S
1779864679.1251872,2711,1728,e_S
1779864679.1256719,2236,1930,e_S
1779864679.125987,3020,1708,e_S
1779864679.126484,2519,2080,e_S
1779864679.130243,1608,1890,e_S
1779864679.130434,1969,1771,e_S
1779864679.1305091,2319,1801,e_S
1779864679.130572,2486,1754,e_S
1779864679.1306329,2234,1844,e_S
1779864679.130694,2777,1943,e_S
1779864679.1307561,2067,2195,e_S
1779864679.13216,1372,1951,e_S
1779864679.140727,1906,1811,e_S
1779864679.144625,2431,1847,e_S
1779864679.1543832,2742,1963,e_S
1779864679.154804,2382,1975,e_S
1779864679.154923,1696,2072,e_S
1779864679.155094,1594,2050,e_S
1779864679.1551812,1868,2048,e_S
1779864679.155415,2514,1866,e_S
1779864679.155493,2844,1674,e_S
1779864679.15556,2394,2076,e_S
1779864679.155798,2134,2201,e_S
1779864679.1559849,1974,1869,e_S
1779864679.157377,1957,2063,e_S
1779864679.160945,1957,2002,e_S
1779864679.174886,2033,2115,e_S
1779864679.18115,2518,1948,e_S
1779864679.181778,2337,2135,e_S
1779864679.182403,2130,1973,e_S
1779864679.1868029,1777,1615,e_S
1779864679.186955,2193,1885,e_S
1779864679.187105,2505,1992,e_S
1779864679.187171,1987,2191,e_S
1779864679.1873012,1989,2165,e_S
1779864679.1873531,2202,2020,e_S
1779864679.187403,2268,1748,e_S
1779864679.187509,1955,2053,e_S
1779864679.187586,2095,2083,e_S
1779864679.187723,2485,2106,e_S
1779864679.198428,2641,2026,e_S
1779864679.198498,2455,1881,e_S
1779864679.2074702,2488,2077,e_S
1779864679.2079291,1850,2231,e_S
1779864679.212008,1687,2210,e_S
1779864679.2121081,1931,1959,e_S
1779864679.2121642,2414,2054,e_S
1779864679.2122161,2296,2050,e_S
1779864679.212265,2234,1926,e_S
1779864679.2123148,2111,2135,e_S
1779864679.212367,1759,2019,e_S
1779864679.212416,2062,1937,e_S
1779864679.2138171,2094,2006,e_S
1779864679.230308,2111,1883,e_S
1779864679.272782,2106,1959,e_S
1779864679.272898,2125,2090,e_S
1779864679.273094,2297,2051,e_S
1779864679.280685,2112,1981,e_S
1779864679.280767,2444,1987,e_S
1779864679.280829,2305,2134,e_S
1779864679.2808828,2032,2097,e_S
1779864679.2809339,2052,2171,e_S
1779864679.281091,2026,1968,e_S
1779864679.281145,1882,1932,e_S
1779864679.281234,1929,1923,e_S
1779864679.2816682,1856,1891,e_S
1779864679.281756,1769,2063,e_S
1779864679.2818298,2133,2096,e_S
1779864679.281893,2484,2000,e_S
1779864679.281954,2954,1918,e_S
1779864679.282016,1034,2275,e_S
1779864679.282228,1240,2057,e_S
1779864679.28239,2083,1938,e_S
1779864679.282469,2174,2041,e_S
1779864679.2825239,1809,2059,e_S
1779864679.2825758,1634,2076,e_S
1779864679.282686,1827,2114,e_S
1779864679.282776,1844,1971,e_S
1779864679.282864,2145,1910,e_S
1779864679.282934,2320,1923,e_S
1779864679.2832582,2092,2015,e_S
1779864679.283329,1992,1962,e_S
1779864679.283393,2433,1731,e_S
1779864679.283455,2608,1957,e_S
1779864679.283517,1666,2285,e_S
1779864679.2835782,1210,2019,e_S
1779864679.283639,1720,2135,e_S
1779864679.2836978,2273,1970,e_S
1779864679.328351,2357,2020,e_S
1779864679.328446,1873,2143,e_S
1779864679.328511,1955,1936,e_S
1779864679.328563,1501,2077,e_S
1779864679.328613,1678,2012,e_S
1779864679.328662,1951,2045,e_S
1779864679.328712,2399,2069,e_S
1779864679.328761,2572,1878,e_S
1779864679.328809,2917,1607,e_S
1779864679.330799,2132,2167,e_S
1779864679.330861,785,2303,e_S
1779864679.330914,1292,1937,e_S
1779864679.3309681,2033,2105,e_S
1779864679.331048,1918,2211,e_S
1779864679.331112,1980,2121,e_S
1779864679.332693,1985,2095,e_S
1779864679.332748,1793,1877,e_S
1779864679.3327968,1884,1989,e_S
1779864679.332847,3065,1599,e_S
1779864679.332895,1989,2240,e_S
1779864679.3329432,1500,2134,e_S
1779864679.334121,1783,2164,e_S
1779864679.334189,1945,2062,e_S
1779864679.334242,1980,2045,e_S
1779864679.334292,2104,2054,e_S
1779864679.336295,1729,2123,e_S
1779864679.3405619,1795,2057,e_S
1779864679.340617,2328,2035,e_S
1779864679.3699489,2327,1976,e_S
1779864679.370032,2246,2019,e_S
1779864679.370086,2575,2008,e_S
1779864679.370167,2045,2053,e_S
1779864679.370219,2147,1866,e_S
1779864679.3707578,1615,2250,e_S
1779864679.370825,2507,1795,e_S
1779864679.3738298,2005,2233,e_S
1779864679.405844,1466,2130,e_S
1779864679.405969,1722,2074,e_S
1779864679.406095,2372,2103,e_S
1779864679.406168,2165,2130,e_S
1779864679.4062662,1428,2132,e_S
1779864679.40633,1628,2116,e_S
1779864679.4064379,2178,2121,e_S
1779864679.406503,2452,2023,e_S
1779864679.406568,1942,2078,e_S
1779864679.406633,2260,1942,e_S
1779864679.4066932,1884,2080,e_S
1779864679.406752,1829,1942,e_S
1779864679.406811,1847,2125,e_S
1779864679.406871,1800,2026,e_S
1779864679.406938,2330,1855,e_S
1779864679.406998,2545,2119,e_S
1779864679.4070568,1760,2276,e_S
1779864679.407116,1832,2046,e_S
1779864679.407176,2087,2111,e_S
1779864679.407239,1884,2211,e_S
1779864679.407306,1863,2086,e_S
1779864679.407365,1773,2058,e_S
1779864679.407424,1892,1934,e_S
1779864679.407535,1957,2014,e_S
1779864679.407684,1952,1952,e_S
1779864679.40775,1920,2009,e_S
1779864679.43252,2041,2019,e_S
1779864679.433991,2172,2132,e_S
1779864679.434331,2461,1954,e_S
1779864679.434421,2327,2058,e_S
1779864679.4344902,1566,2180,e_S
1779864679.434554,2003,2005,e_S
1779864679.434759,2231,2131,e_S
1779864679.4350011,2623,2040,e_S
1779864679.4352472,1693,2272,e_S
1779864679.4353862,1420,2132,e_S
1779864679.4354718,1726,2098,e_S
1779864679.435578,1930,2085,e_S
1779864679.435663,2333,2184,e_S
1779864679.43573,2046,2084,e_S
1779864679.4452212,1228,2068,e_S
1779864679.457417,1654,1996,e_S
1779864679.458081,1978,1950,e_S
1779864679.458432,1956,2128,e_S
1779864679.4619122,2071,2194,e_S
1779864679.462005,2538,2044,e_S
1779864679.462074,2228,2124,e_S
1779864679.4621382,1795,2058,e_S
1779864679.462199,1728,2159,e_S
1779864679.462261,1911,2082,e_S
1779864679.462549,2005,2090,e_S
1779864679.462712,1855,2134,e_S
1779864679.462781,2108,2135,e_S
1779864679.4641972,2088,2011,e_S
1779864679.465653,2035,2068,e_S
1779864679.468162,1796,2077,e_S
1779864679.4756842,2183,1762,e_S
1779864679.489792,1926,1958,e_S
1779864679.49386,1816,2065,e_S
1779864679.4939892,1866,2128,e_S
1779864679.4943109,2217,2104,e_S
1779864679.494438,1959,2055,e_S
1779864679.494508,2217,2007,e_S
1779864679.494571,2206,1982,e_S
1779864679.494633,1713,2208,e_S
1779864679.4946969,1795,2140,e_S
1779864679.4947588,2139,2040,e_S
1779864679.494825,2144,2082,e_S
1779864679.4948852,1964,2102,e_S
1779864679.496622,2077,2230,e_S
1779864679.515627,2458,1915,e_S
1779864679.516347,2243,2048,e_S
1779864679.51689,1433,2040,e_S
1779864679.5177448,1796,1950,e_S
1779864679.521007,2098,2027,e_S
1779864679.521098,1922,2003,e_S
1779864679.521155,1923,2104,e_S
1779864679.521278,1988,2129,e_S
1779864679.5213718,1831,2104,e_S
1779864679.521526,1611,2179,e_S
1779864679.521596,1924,2057,e_S
1779864679.5216541,2169,2041,e_S
1779864679.521711,2142,2054,e_S
1779864679.524385,2165,1956,e_S
1779864679.526001,2113,2065,e_S
1779864679.5273778,2052,2139,e_S
1779864679.54135,2258,2091,e_S
1779864679.548615,2417,1911,e_S
1779864679.549267,1812,2285,e_S
1779864679.553379,1814,2122,e_S
1779864679.553938,2143,2049,e_S
1779864679.5540328,3020,1870,e_S
1779864679.55422,2029,2168,e_S
1779864679.554281,2095,1981,e_S
1779864679.554338,1379,2233,e_S
1779864679.554393,1418,2039,e_S
1779864679.554456,1636,2055,e_S
1779864679.5545092,2004,2059,e_S
1779864679.554572,1937,2104,e_S
1779864679.556294,1898,2133,e_S
1779864679.575844,1835,2116,e_S
1779864679.579683,1926,2100,e_S
1779864679.57979,2045,2166,e_S
1779864679.57993,2429,2025,e_S
1779864679.5800068,2436,1937,e_S
1779864679.580074,2079,2105,e_S
1779864679.580275,2179,1979,e_S
1779864679.5804338,1959,2059,e_S
1779864679.580656,1664,2066,e_S
1779864679.580787,1760,2019,e_S
1779864679.580853,1890,2071,e_S
1779864679.58111,1981,2191,e_S
1779864679.581255,2092,2041,e_S
1779864679.584116,1980,2029,e_S
1779864679.585736,2033,2032,e_S
1779864679.599275,2145,2033,e_S
1779864679.606459,2260,2064,e_S
1779864679.611181,1975,2206,e_S
1779864679.611268,1826,2127,e_S
1779864679.611383,1901,2144,e_S
1779864679.6115031,2100,2016,e_S
1779864679.611562,2148,1961,e_S
1779864679.6117492,2063,1969,e_S
1779864679.611889,1994,2170,e_S
1779864679.6120331,1815,2011,e_S
1779864679.612139,1927,1994,e_S
1779864679.6122189,2053,2012,e_S
1779864679.612323,1908,2267,e_S
1779864679.619702,1995,2093,e_S
1779864679.620409,2182,2047,e_S
1779864679.62185,1742,2134,e_S
1779864679.625964,1834,2062,e_S
1779864679.6336079,2223,1979,e_S
1779864679.636877,2973,1756,e_S
1779864679.638004,2032,2194,e_S
1779864679.638068,1439,2188,e_S
1779864679.6382809,1612,2104,e_S
1779864679.638488,1876,1981,e_S
1779864679.638599,1887,2069,e_S
1779864679.638709,1697,2061,e_S
1779864679.638835,1829,2085,e_S
1779864679.640223,1972,2115,e_S
1779864679.6416,1938,1964,e_S
1779864679.644439,1934,2012,e_S
1779864679.6534212,1907,2155,e_S
1779864679.6556642,2132,2050,e_S
1779864679.665086,2106,2005,e_S
1779864679.665886,1957,2070,e_S
1779864679.666581,1836,2098,e_S
1779864679.666923,2006,2015,e_S
1779864679.670204,2076,1938,e_S
1779864679.670272,1917,2139,e_S
1779864679.670326,1977,2108,e_S
1779864679.670381,2012,2174,e_S
1779864679.670443,1984,2106,e_S
1779864679.6704981,1983,1990,e_S
1779864679.670548,2077,2073,e_S
1779864679.671903,1956,2090,e_S
1779864679.673434,2031,2010,e_S
1779864679.683095,1885,2174,e_S
1779864679.683465,1959,2233,e_S
1779864679.6838698,1969,2143,e_S
1779864679.686238,1983,2029,e_S
1779864679.68642,1990,2033,e_S
1779864679.693846,1973,2086,e_S
1779864679.694976,1880,2107,e_S
1779864679.6990662,1863,2001,e_S
1779864679.699203,1949,2041,e_S
1779864679.69936,2091,2090,e_S
1779864679.699472,1943,2116,e_S
1779864679.699599,1946,1982,e_S
1779864679.699661,1989,2021,e_S
1779864679.702316,1765,2005,e_S
1779864679.703657,1825,2088,e_S
1779864679.713598,1794,2077,e_S
1779864679.716751,1836,2137,e_S
1779864679.71996,1848,2132,e_S
1779864679.722956,1831,2145,e_S
1779864679.723329,1937,2141,e_S
1779864679.732107,1976,1906,e_S
1779864679.732673,1973,1813,e_S
1779864679.732801,2081,1833,e_S
1779864679.732948,1955,1923,e_S
1779864679.7330308,1895,1854,e_S
1779864679.733116,1783,1921,e_S
1779864679.733173,1787,1937,e_S
1779864679.733289,1792,1991,e_S
1779864679.733373,1847,1915,e_S
1779864679.7335098,1866,1960,e_S
1779864679.7406778,1895,2058,e_S
1779864679.7424152,1882,2122,e_S
1779864679.745447,1790,2004,e_S
1779864679.750295,1711,1965,e_S
1779864679.754753,1807,2094,e_S
1779864679.75515,1764,2177,e_S
1779864679.755637,1825,2026,e_S
1779864679.75583,1822,2051,e_S
1779864679.756178,1781,1910,e_S
1779864679.756484,1692,1992,e_S
1779864679.759595,1792,2017,e_S
1779864679.7600892,1845,1962,e_S
1779864679.76019,1661,1923,e_S
1779864679.761527,1601,2034,e_S
1779864679.764351,1689,2015,e_S
1779864679.7659168,1793,1985,e_S
1779864679.7672908,1802,1961,e_S
1779864679.774063,1625,2029,e_S
1779864679.792369,1774,2112,e_S
1779864679.793372,1731,2026,e_S
1779864679.798583,1646,1996,e_S
1779864679.8043149,1677,2190,e_S
1779864679.807449,1822,2271,e_S
1779864679.817843,1881,2103,e_S
1779864679.8180218,1862,1936,e_S
1779864679.818231,1872,2158,e_S
1779864679.818314,1753,2348,e_S
1779864679.818408,1772,2137,e_S
1779864679.818572,1796,2038,e_S
1779864679.818697,1847,2156,e_S
1779864679.818766,1918,2432,e_S
1779864679.8188689,1942,2234,e_S
1779864679.8194718,1960,2129,e_S
1779864679.819545,2092,2112,e_S
1779864679.819694,1945,2216,e_S
1779864679.8197608,1908,1967,e_S
1779864679.819814,1969,2058,e_S
1779864679.8198662,2094,2242,e_S
1779864679.819915,2072,2248,e_S
1779864679.8199658,2110,2114,e_S
1779864679.8200161,2060,2060,e_S
1779864679.820066,2050,2058,e_S
1779864679.8202639,2056,2138,e_S
1779864679.821635,2052,2112,e_S
1779864679.823297,2024,1956,e_S
1779864679.8367271,1900,1960,e_S
1779864679.8383691,1899,1864,e_S
1779864679.844983,1953,1911,e_S
1779864679.845547,1951,1818,e_S
1779864679.84895,1942,1910,e_S
1779864679.8499851,2051,2042,e_S
1779864679.850076,2091,2112,e_S
1779864679.850167,2203,2080,e_S
1779864679.8502588,1987,2106,e_S
1779864679.850395,1871,2223,e_S
1779864679.8506298,1909,2279,e_S
1779864679.8509939,2115,2189,e_S
1779864679.8512042,2051,2040,e_S
1779864679.851273,1898,1992,e_S
1779864679.8655941,1877,2011,e_S
1779864679.872096,2013,2072,e_S
1779864679.875443,2082,1998,e_S
1779864679.875617,2038,2018,e_S
1779864679.8757389,2023,2135,e_S
1779864679.875844,2025,2125,e_S
1779864679.875911,2078,2071,e_S
1779864679.87599,1908,1994,e_S
1779864679.876122,1961,1968,e_S
1779864679.876273,2135,2059,e_S
1779864679.8763971,1994,2027,e_S
1779864679.876498,1752,2094,e_S
1779864679.8780649,1762,2225,e_S
1779864679.880149,1898,2392,e_S
1779864679.881471,2162,2671,e_S
1779864679.901951,2168,2549,e_S
1779864679.9056041,2168,2304,e_S
1779864679.9058938,2004,2296,e_S
1779864679.906049,2085,2263,e_S
1779864679.906223,2099,2313,e_S
1779864679.906294,2121,2306,e_S
1779864679.906358,2007,2203,e_S
1779864679.9064262,2070,2072,e_S
1779864679.906494,2024,1978,e_S
1779864679.906555,1987,1995,e_S
1779864679.906702,1796,2127,e_S
1779864679.906771,1940,2165,e_S
1779864679.9081678,2015,2037,e_S
1779864679.915255,1969,1980,e_S
1779864679.9210181,1941,1889,e_S
1779864679.923656,1976,1959,e_S
1779864679.924088,2024,2150,e_S
1779864679.92929,2171,1874,e_S
1779864679.9299352,2119,1801,e_S
1779864679.933582,2145,1838,e_S
1779864679.933708,2057,1937,e_S
1779864679.933782,2108,1914,e_S
1779864679.9341881,2128,1898,e_S
1779864679.934771,2114,1767,e_S
1779864679.935113,2153,1744,e_S
1779864679.93523,2002,1796,e_S
1779864679.935353,1943,1856,e_S
1779864679.9382012,1882,1879,e_S
1779864679.939797,2031,1994,e_S
1779864679.94765,2194,2160,e_S
1779864679.950652,2023,2318,e_S
1779864679.95972,1924,2286,e_S
1779864679.9604821,1992,2075,e_S
1779864679.961249,2071,2072,e_S
1779864679.965407,2125,2135,e_S
1779864679.9655411,2058,2146,e_S
1779864679.965651,2090,2007,e_S
1779864679.965719,2040,2007,e_S
1779864679.965822,2042,2038,e_S
1779864679.965942,1866,2047,e_S
1779864679.966059,1632,1983,e_S
1779864679.966184,1859,2243,e_S
1779864679.967913,2131,2413,e_S
1779864679.974761,2116,2254,e_S
1779864679.978156,1913,2243,e_S
1779864679.980358,2065,2285,e_S
1779864679.983593,2081,2224,e_S
1779864679.988705,2120,2245,e_S
1779864679.992625,2084,2179,e_S
1779864679.992716,2092,2150,e_S
1779864679.992783,2061,1988,e_S
1779864679.992846,1910,1973,e_S
1779864679.992939,1807,1986,e_S
1779864679.993023,1877,1906,e_S
1779864679.993195,1874,1939,e_S
1779864679.993373,1886,2053,e_S
1779864679.996186,1993,2099,e_S
1779864679.997739,2137,1996,e_S
1779864679.9993339,1989,1958,e_S
1779864680.011586,1886,1943,e_S
1779864680.012368,1938,1984,e_S
1779864680.021017,2011,2072,e_S
1779864680.021744,2054,2119,e_S
1779864680.026987,1888,2179,e_S
1779864680.0270941,1876,2229,e_S
1779864680.027154,2076,2238,e_S
1779864680.0272179,2067,2169,e_S
1779864680.0273101,1967,2127,e_S
1779864680.027361,1865,2145,e_S
1779864680.027906,1982,2081,e_S
1779864680.0280378,2060,2084,e_S
1779864680.034888,1990,2117,e_S
1779864680.042291,1942,2134,e_S
1779864680.048149,1953,2118,e_S
1779864680.04865,2020,2010,e_S
1779864680.049522,2004,2052,e_S
1779864680.049881,1935,2025,e_S
1779864680.050335,2006,2116,e_S
1779864680.0506072,2048,2043,e_S
1779864680.054197,1922,2047,e_S
1779864680.054262,2024,2202,e_S
1779864680.054826,2034,2211,e_S
1779864680.054991,1880,2113,e_S
1779864680.055042,1946,2092,e_S
1779864680.055158,1968,2052,e_S
1779864680.0552819,1966,2127,e_S
1779864680.0553322,2037,2140,e_S
1779864680.0582101,2156,2101,e_S
1779864680.05967,1963,2045,e_S
1779864680.0721421,1942,2184,e_S
1779864680.081275,2068,2194,e_S
1779864680.0857952,1992,2052,e_S
1779864680.085958,2123,1990,e_S
1779864680.086051,2039,1972,e_S
1779864680.0861208,1931,2000,e_S
1779864680.086184,1929,1938,e_S
1779864680.0862458,2001,2094,e_S
1779864680.0863092,1916,2131,e_S
1779864680.0863712,1957,2131,e_S
1779864680.0864341,1995,2044,e_S
1779864680.086496,2103,1963,e_S
1779864680.0865622,2050,2014,e_S
1779864680.0879219,2041,2111,e_S
1779864680.1103702,2100,2062,e_S
1779864680.1114419,1987,2075,e_S
1779864680.115981,1795,2053,e_S
1779864680.1161652,1825,2065,e_S
1779864680.116271,2081,1970,e_S
1779864680.117367,2089,1941,e_S
1779864680.117485,2030,2117,e_S
1779864680.117791,1993,2150,e_S
1779864680.117866,2058,1994,e_S
1779864680.118554,2126,2029,e_S
1779864680.118814,2037,2039,e_S
1779864680.1189492,1968,2091,e_S
1779864680.119043,1991,2123,e_S
1779864680.119222,1976,2000,e_S
1779864680.1193202,2034,1993,e_S
1779864680.119433,2119,2065,e_S
1779864680.1221278,2072,2024,e_S
1779864680.1234791,2111,1951,e_S
1779864680.150687,2079,1937,e_S
1779864680.1508422,1968,2013,e_S
1779864680.1509418,2052,2056,e_S
1779864680.1514702,2119,1996,e_S
1779864680.151631,2034,1989,e_S
1779864680.1532931,2080,2072,e_S
1779864680.1533608,1993,2114,e_S
1779864680.153422,2052,2030,e_S
1779864680.158657,2008,2073,e_S
1779864680.15875,2001,2105,e_S
1779864680.158821,2064,2207,e_S
1779864680.15889,2074,2131,e_S
1779864680.158954,2017,2078,e_S
1779864680.159055,2040,2015,e_S
1779864680.159161,1969,2020,e_S
1779864680.159227,2145,2075,e_S
1779864680.1592891,2120,2020,e_S
1779864680.15935,1906,2066,e_S
1779864680.162372,1957,2036,e_S
1779864680.1825778,2061,1977,e_S
1779864680.187947,2083,2001,e_S
1779864680.1928499,2091,1888,e_S
1779864680.192978,2059,1976,e_S
1779864680.1930518,2063,1989,e_S
1779864680.193173,2044,2018,e_S
1779864680.193546,2024,2178,e_S
1779864680.193661,1942,2223,e_S
1779864680.1937401,1976,2266,e_S
1779864680.193816,2142,2179,e_S
1779864680.193901,2083,2143,e_S
1779864680.194069,2089,2108,e_S
1779864680.194288,1984,2117,e_S
1779864680.194366,2050,2075,e_S
1779864680.194734,2012,2077,e_S
1779864680.194824,2007,2074,e_S
1779864680.196206,1944,2156,e_S
1779864680.1980631,2116,2147,e_S
1779864680.1995242,2108,2039,e_S
1779864680.2518559,2099,2016,e_S
1779864680.2519429,2013,2129,e_S
1779864680.2520561,2012,2088,e_S
1779864680.2521868,1997,2056,e_S
1779864680.252311,1964,2035,e_S
1779864680.252382,1961,2117,e_S
1779864680.252446,2024,2036,e_S
1779864680.2525141,1974,2002,e_S
1779864680.25265,2004,1992,e_S
1779864680.252738,2007,2025,e_S
1779864680.2528179,2013,2038,e_S
1779864680.252936,2001,2017,e_S
1779864680.2530298,2036,2090,e_S
1779864680.253174,2034,2144,e_S
1779864680.253241,2089,2170,e_S
1779864680.25336,2122,2135,e_S
1779864680.253435,2066,2048,e_S
1779864680.2535381,1993,2075,e_S
1779864680.253639,2024,2148,e_S
1779864680.253782,2071,2162,e_S
1779864680.253939,2001,2148,e_S
1779864680.253998,1936,2196,e_S
1779864680.254051,1954,2305,e_S
1779864680.2541509,2006,2264,e_S
1779864680.254239,2012,2172,e_S
1779864680.2543402,2027,2167,e_S
1779864680.254422,2042,2243,e_S
1779864680.2558389,2034,2221,e_S
1779864680.2573628,1990,2140,e_S
1779864680.2603872,2024,2211,e_S
1779864680.262215,2014,2197,e_S
1779864680.263686,2053,2143,e_S
1779864680.266558,2029,2138,e_S
1779864680.268064,2001,2115,e_S
1779864680.277697,2057,2096,e_S
1779864680.284959,2052,2167,e_S
1779864680.2880561,2039,2104,e_S
1779864680.293039,2031,2162,e_S
1779864680.294038,1999,2162,e_S
1779864680.297877,1987,2181,e_S
1779864680.297962,2005,2083,e_S
1779864680.298321,2060,2050,e_S
1779864680.29842,2053,2100,e_S
1779864680.298559,1977,2162,e_S
1779864680.298679,2022,2117,e_S
1779864680.2987678,2012,2018,e_S
1779864680.2988338,1958,2056,e_S
1779864680.29894,2000,2174,e_S
1779864680.299056,2005,2070,e_S
1779864680.299202,2019,2058,e_S
1779864680.3035939,2038,2080,e_S
1779864680.303686,1975,2073,e_S
1779864680.310345,2122,2037,e_S
1779864680.310421,2076,2064,e_S
1779864680.311522,1984,2116,e_S
1779864680.311906,1957,2082,e_S
1779864680.3259,2073,2183,e_S
1779864680.326147,2035,2077,e_S
1779864680.326735,2004,2078,e_S
1779864680.331299,2025,2074,e_S
1779864680.331436,2081,2086,e_S
1779864680.331506,1991,2004,e_S
1779864680.331677,1958,2023,e_S
1779864680.3318112,1996,2112,e_S
1779864680.331882,1990,2096,e_S
1779864680.332062,1986,2000,e_S
1779864680.3336709,2014,2039,e_S
1779864680.335455,2085,2057,e_S
1779864680.338159,2056,2106,e_S
1779864680.353565,2086,2051,e_S
1779864680.355202,1969,2087,e_S
1779864680.362178,1981,2121,e_S
1779864680.366726,1975,2155,e_S
1779864680.366827,2041,2111,e_S
1779864680.3668962,2187,2098,e_S
1779864680.366959,2087,2080,e_S
1779864680.3670201,2060,2071,e_S
1779864680.3670819,2031,2092,e_S
1779864680.367632,2012,2054,e_S
1779864680.3677142,1986,2143,e_S
1779864680.36783,1977,2169,e_S
1779864680.3678908,2017,2148,e_S
1779864680.368067,2041,2084,e_S
1779864680.3681788,2032,2067,e_S
1779864680.3696299,1988,2080,e_S
1779864680.383497,2066,2090,e_S
1779864680.392394,2105,2061,e_S
1779864680.396996,2036,2073,e_S
1779864680.40164,2002,2145,e_S
1779864680.401751,1986,2122,e_S
1779864680.401815,2000,2093,e_S
1779864680.4018738,2108,1974,e_S
1779864680.403645,2089,2035,e_S
1779864680.403714,2042,2198,e_S
1779864680.405151,1997,2064,e_S
1779864680.405309,2042,2037,e_S
1779864680.405424,2007,2095,e_S
1779864680.4054852,1957,2151,e_S
1779864680.406548,2056,2152,e_S
1779864680.406687,2066,2130,e_S
1779864680.406761,2007,2034,e_S
1779864680.406823,1951,2064,e_S
1779864680.406883,1956,2062,e_S
1779864680.4082718,2049,2053,e_S
1779864680.409854,2010,2032,e_S
1779864680.4219992,2076,2065,e_S
1779864680.422784,2081,1949,e_S
1779864680.432427,1989,1929,e_S
1779864680.4384499,2034,1938,e_S
1779864680.4387,2066,1957,e_S
1779864680.438857,1992,1979,e_S
1779864680.439132,2097,2008,e_S
1779864680.439254,1974,2046,e_S
1779864680.43932,1933,2156,e_S
1779864680.439384,1941,2175,e_S
1779864680.439452,2179,2079,e_S
1779864680.4395158,2090,2087,e_S
1779864680.439617,2024,2105,e_S
1779864680.439821,2060,2131,e_S
1779864680.4399092,2061,2028,e_S
1779864680.452276,2039,2051,e_S
1779864680.4550972,2061,2146,e_S
1779864680.4562402,1943,2073,e_S
1779864680.458585,2098,2045,e_S
1779864680.463352,2040,2007,e_S
1779864680.463882,2025,2033,e_S
1779864680.468481,1992,2118,e_S
1779864680.4686131,2087,2084,e_S
1779864680.468699,2047,2044,e_S
1779864680.468811,1971,2133,e_S
1779864680.469003,1992,2231,e_S
1779864680.4691079,1951,2101,e_S
1779864680.469206,2017,2072,e_S
1779864680.469281,2077,2066,e_S
1779864680.469383,2058,2075,e_S
1779864680.472137,2051,2049,e_S
1779864680.473911,2138,2020,e_S
1779864680.475382,2013,2085,e_S
1779864680.489968,2011,2102,e_S
1779864680.4936519,2006,2102,e_S
1779864680.496535,2063,2155,e_S
1779864680.505192,2056,2115,e_S
1779864680.505713,1990,2091,e_S
1779864680.505858,1964,2059,e_S
1779864680.5059478,2051,2059,e_S
1779864680.5060601,2093,2067,e_S
1779864680.5061388,2026,2203,e_S
1779864680.50628,1996,2199,e_S
1779864680.5063622,2068,2085,e_S
1779864680.50643,2030,2005,e_S
1779864680.506512,2063,2023,e_S
1779864680.506593,2033,2055,e_S
1779864680.506656,2074,2082,e_S
1779864680.508103,2061,2036,e_S
1779864680.516716,1927,2057,e_S
1779864680.517659,1935,2063,e_S
1779864680.517793,2003,2025,e_S
1779864680.521452,2073,2082,e_S
1779864680.522068,2101,2059,e_S
1779864680.525706,2046,2062,e_S
1779864680.532,2068,2053,e_S
1779864680.532525,2044,2016,e_S
1779864680.532984,1957,2079,e_S
1779864680.534217,2018,2176,e_S
1779864680.538066,2020,2130,e_S
1779864680.538404,1964,2110,e_S
1779864680.538528,2026,2095,e_S
1779864680.53867,2025,2084,e_S
1779864680.538759,1973,2115,e_S
1779864680.540051,2174,2109,e_S
1779864680.541215,2176,2108,e_S
1779864680.543893,1987,2121,e_S
1779864680.545297,1868,2112,e_S
1779864680.553756,2036,2064,e_S
1779864680.5583968,2157,2026,e_S
1779864680.564652,2074,2035,e_S
1779864680.5697439,2004,2050,e_S
1779864680.570103,1968,2065,e_S
1779864680.5742981,1983,2046,e_S
1779864680.574427,1984,2119,e_S
1779864680.57485,2043,2160,e_S
1779864680.5762,2072,2157,e_S
1779864680.578552,2014,2098,e_S
1779864680.586763,2034,2047,e_S
1779864680.595818,2139,2093,e_S
1779864680.600866,2044,2082,e_S
1779864680.605273,2025,2034,e_S
1779864680.605439,2008,2090,e_S
1779864680.605654,1978,2114,e_S
1779864680.605851,1993,2097,e_S
1779864680.605982,2114,2078,e_S
1779864680.60606,2113,2114,e_S
1779864680.60613,2081,2132,e_S
1779864680.606196,2023,2082,e_S
1779864680.606268,2088,2053,e_S
1779864680.606335,2048,2047,e_S
1779864680.6064541,1991,2091,e_S
1779864680.606674,1932,2144,e_S
1779864680.606783,2056,2095,e_S
1779864680.606862,2095,2048,e_S
1779864680.606954,2043,2053,e_S
1779864680.6071858,2065,2134,e_S
1779864680.607307,2080,2084,e_S
1779864680.60739,2066,2037,e_S
1779864680.610166,1955,2132,e_S
1779864680.61182,2051,2126,e_S
1779864680.6139,2131,2129,e_S
1779864680.622504,2057,2186,e_S
1779864680.626691,2084,1991,e_S
1779864680.6275468,1934,2041,e_S
1779864680.630445,2168,2055,e_S
1779864680.631225,2286,2125,e_S
1779864680.638008,1945,2276,e_S
1779864680.6414359,1955,2245,e_S
1779864680.6427038,2040,2303,e_S
1779864680.642793,1996,2224,e_S
1779864680.6429482,1974,2235,e_S
1779864680.6430311,2163,2216,e_S
1779864680.64317,2045,2278,e_S
1779864680.643321,2212,2191,e_S
1779864680.6433878,1718,2209,e_S
1779864680.643449,1901,2143,e_S
1779864680.646179,2048,2052,e_S
1779864680.65821,2213,2108,e_S
1779864680.660387,2205,2162,e_S
1779864680.661473,2231,2068,e_S
1779864680.6648161,2057,2140,e_S
1779864680.670368,2100,2012,e_S
1779864680.6747148,1907,2084,e_S
1779864680.674945,1802,2134,e_S
1779864680.675337,2170,2160,e_S
1779864680.67541,2368,2089,e_S
1779864680.675473,2912,1851,e_S
1779864680.675536,2318,2018,e_S
1779864680.675596,2932,1975,e_S
1779864680.675655,2119,2160,e_S
1779864680.6757162,903,2137,e_S
1779864680.6757839,1302,2040,e_S
1779864680.677184,1839,2068,e_S
1779864680.6799848,1501,2281,e_S
1779864680.681371,1526,2044,e_S
1779864680.692561,1556,2270,e_S
1779864680.696094,1681,2076,e_S
1779864680.707319,1824,2173,e_S
1779864680.7084842,2229,1995,e_S
1779864680.709277,2420,2042,e_S
1779864680.7094772,2752,2051,e_S
1779864680.713038,2367,2316,e_S
1779864680.7149389,2119,2104,e_S
1779864680.715154,2102,2220,e_S
1779864680.7152672,2166,2009,e_S
1779864680.715339,2351,1861,e_S
1779864680.7154062,2375,2201,e_S
1779864680.71547,2543,2049,e_S
1779864680.7155762,2141,2188,e_S
1779864680.715725,2007,2275,e_S
1779864680.715877,2121,2089,e_S
1779864680.716023,1674,2154,e_S
1779864680.718009,1963,2065,e_S
1779864680.727645,2224,1925,e_S
1779864680.731421,2107,2175,e_S
1779864680.734424,2101,2250,e_S
1779864680.741853,1689,2157,e_S
1779864680.742694,1806,2056,e_S
1779864680.743267,2013,2102,e_S
1779864680.747669,2913,1754,e_S
1779864680.74787,2077,2291,e_S
1779864680.7480252,1364,2245,e_S
1779864680.748103,1498,2123,e_S
1779864680.748169,2093,2073,e_S
1779864680.748325,2501,1981,e_S
1779864680.7483919,2713,2066,e_S
1779864680.748568,1987,2369,e_S
1779864680.7486532,2066,2320,e_S
1779864680.750047,1954,2210,e_S
1779864680.751481,1598,1978,e_S
1779864680.754194,1823,1955,e_S
1779864680.7558022,2064,2150,e_S
1779864680.770248,1992,2174,e_S
1779864680.771741,2324,2109,e_S
1779864680.77823,2442,2069,e_S
1779864680.7825081,1942,2205,e_S
1779864680.782685,2164,2151,e_S
1779864680.7829041,2293,2154,e_S
1779864680.782989,2132,1959,e_S
1779864680.78322,2532,1975,e_S
1779864680.783287,2373,1907,e_S
1779864680.783347,2140,1991,e_S
1779864680.783404,2057,2070,e_S
1779864680.783461,2085,2135,e_S
1779864680.7835178,2220,2027,e_S
1779864680.7835798,2365,2016,e_S
1779864680.797191,2445,2129,e_S
1779864680.8119261,2479,2106,e_S
1779864680.812307,2662,1955,e_S
1779864680.81251,2526,1795,e_S
1779864680.812595,2433,1953,e_S
1779864680.8128252,1789,2130,e_S
1779864680.8128982,2107,2071,e_S
1779864680.8130581,2418,1879,e_S
1779864680.813249,2328,1758,e_S
1779864680.8133628,2454,1889,e_S
1779864680.8134358,2270,2111,e_S
1779864680.813531,2138,2024,e_S
1779864680.813653,2327,1897,e_S
1779864680.813744,2626,1925,e_S
1779864680.8138082,2119,1969,e_S
1779864680.815267,2284,1753,e_S
1779864680.8179572,2583,1768,e_S
1779864680.819438,2226,2025,e_S
1779864680.829026,2070,1909,e_S
1779864680.832395,2444,1833,e_S
1779864680.838557,2363,1810,e_S
1779864680.8426611,2056,2061,e_S
1779864680.843182,2409,2076,e_S
1779864680.844063,2766,1831,e_S
1779864680.844477,2223,1984,e_S
1779864680.844716,1840,2077,e_S
1779864680.848811,2191,2172,e_S
1779864680.849031,2401,2077,e_S
1779864680.849141,2473,2004,e_S
1779864680.849211,2492,1965,e_S
1779864680.849362,1909,2109,e_S
1779864680.849698,1858,1998,e_S
1779864680.849776,2304,1973,e_S
1779864680.8513641,2523,1781,e_S
1779864680.859276,2246,1898,e_S
1779864680.860393,1899,1867,e_S
1779864680.8620899,1993,1756,e_S
1779864680.8648372,2019,1866,e_S
1779864680.8687701,2286,1945,e_S
1779864680.875185,2682,1884,e_S
1779864680.875861,2738,1935,e_S
1779864680.876296,2064,1803,e_S
1779864680.876596,1964,1969,e_S
1779864680.877208,2187,1925,e_S
1779864680.8774579,2357,1855,e_S
1779864680.87753,2230,1953,e_S
1779864680.877595,1948,2230,e_S
1779864680.8821602,1764,2161,e_S
1779864680.882287,2000,2012,e_S
1779864680.884296,2384,1964,e_S
1779864680.885855,2409,2086,e_S
1779864680.957437,3058,1947,e_S
1779864680.962384,2385,2041,e_S
1779864680.987201,2663,1712,e_S
1779864680.987356,1610,2241,e_S
1779864680.98749,1536,2086,e_S
1779864680.9876559,1932,1881,e_S
1779864680.987743,2198,1830,e_S
1779864680.987803,2135,1862,e_S
1779864680.9879491,1982,2038,e_S
1779864680.988009,1909,2039,e_S
1779864680.988832,1955,2031,e_S
1779864680.989092,2037,2071,e_S
1779864680.9891698,2166,2089,e_S
1779864680.9892569,2245,1959,e_S
1779864680.989326,2289,1813,e_S
1779864680.989409,2453,1868,e_S
1779864680.9894972,2061,1933,e_S
1779864680.989589,1860,1916,e_S
1779864680.989654,1909,1877,e_S
1779864680.9897149,1881,1888,e_S
1779864680.990471,1919,1962,e_S
1779864681.005431,1974,1942,e_S
1779864681.018431,2026,1953,e_S
1779864681.02237,2133,2020,e_S
1779864681.022503,2019,2057,e_S
1779864681.0225768,1894,2018,e_S
1779864681.022645,1914,1989,e_S
1779864681.022746,2004,1972,e_S
1779864681.0228522,2238,2068,e_S
1779864681.022989,1847,2123,e_S
1779864681.0230699,1872,1977,e_S
1779864681.023197,1904,1988,e_S
1779864681.0233731,1957,2007,e_S
1779864681.023454,1763,2044,e_S
1779864681.0235221,1832,1986,e_S
1779864681.023596,1877,1999,e_S
1779864681.023804,1876,2006,e_S
1779864681.023873,1953,1975,e_S
1779864681.023938,1948,2004,e_S
1779864681.024014,2175,1934,e_S
1779864681.024074,2529,1671,e_S
1779864681.024141,1997,2219,e_S
1779864681.0243368,1525,2040,e_S
1779864681.024414,1643,1992,e_S
1779864681.0244842,1800,2010,e_S
1779864681.024587,1786,2115,e_S
1779864681.024935,1774,2236,e_S
1779864681.025017,1866,2113,e_S
1779864681.025121,1873,1979,e_S
1779864681.025202,1851,2010,e_S
1779864681.025266,2045,2024,e_S
1779864681.025832,2333,2028,e_S
1779864681.025913,2387,1936,e_S
1779864681.025989,1842,2146,e_S
1779864681.026062,1754,2184,e_S
1779864681.0261838,1842,2135,e_S
1779864681.026313,1908,2024,e_S
1779864681.026423,1814,2058,e_S
1779864681.026505,1836,2114,e_S
1779864681.026624,2041,2146,e_S
1779864681.026738,2148,2018,e_S
1779864681.027018,1887,2019,e_S
1779864681.027364,2063,2078,e_S
1779864681.0274382,2186,2074,e_S
1779864681.0277078,1869,2232,e_S
1779864681.027787,2370,1970,e_S
1779864681.027851,1788,2087,e_S
1779864681.027919,1561,2201,e_S
1779864681.027979,1778,1992,e_S
1779864681.028039,1907,1917,e_S
1779864681.028098,2210,2212,e_S
1779864681.029442,2126,2033,e_S
1779864681.039793,2360,2001,e_S
1779864681.04305,2006,2026,e_S
1779864681.0622249,1525,2078,e_S
1779864681.062382,1909,2050,e_S
1779864681.062455,2158,2111,e_S
1779864681.062521,2121,2035,e_S
1779864681.062585,1866,2001,e_S
1779864681.062649,1696,2234,e_S
1779864681.062708,1936,2201,e_S
1779864681.062767,1916,2077,e_S
1779864681.063031,2325,1896,e_S
1779864681.063123,2066,2055,e_S
1779864681.0631921,1986,1931,e_S
1779864681.063257,2085,2012,e_S
1779864681.0633202,1952,2154,e_S
1779864681.063384,1765,2197,e_S
1779864681.063447,2324,1962,e_S
1779864681.090791,2190,1998,e_S
1779864681.091609,2247,1867,e_S
1779864681.091707,2071,2080,e_S
1779864681.091775,1858,2192,e_S
1779864681.091839,1953,2062,e_S
1779864681.091903,2388,2077,e_S
1779864681.0919948,2321,1974,e_S
1779864681.092077,1685,2186,e_S
1779864681.092185,2064,2069,e_S
1779864681.092271,2058,2191,e_S
1779864681.092368,2078,2066,e_S
1779864681.092433,2207,2062,e_S
1779864681.0925329,2226,2081,e_S
1779864681.092604,2127,2091,e_S
1779864681.098691,1928,2054,e_S
1779864681.098876,1826,2168,e_S
1779864681.0991821,2296,1864,e_S
1779864681.099424,2091,2048,e_S
1779864681.101407,1813,2309,e_S
1779864681.106066,2064,2020,e_S
1779864681.106262,1952,2038,e_S
1779864681.1077492,1851,2032,e_S
1779864681.109354,1965,2130,e_S
1779864681.142421,1911,2190,e_S
1779864681.148522,2170,2234,e_S
1779864681.149385,2274,2133,e_S
1779864681.1498291,2319,1915,e_S
1779864681.154201,2296,2082,e_S
1779864681.170126,1930,2210,e_S
1779864681.1815271,2096,2036,e_S
1779864681.1870022,2213,2005,e_S
1779864681.187134,2094,2133,e_S
1779864681.187945,1887,2182,e_S
1779864681.1881049,1918,2182,e_S
1779864681.188192,2015,2057,e_S
1779864681.188302,2136,1990,e_S
1779864681.188527,2558,1913,e_S
1779864681.188652,2666,1856,e_S
1779864681.188755,2193,2259,e_S
1779864681.188818,2065,2328,e_S
1779864681.188877,1838,2439,e_S
1779864681.188936,2091,2299,e_S
1779864681.189019,1907,2338,e_S
1779864681.189195,1810,2285,e_S
1779864681.1892831,1817,2387,e_S
1779864681.189378,2047,2337,e_S
1779864681.1894422,2104,2165,e_S
1779864681.189555,2092,2012,e_S
1779864681.1896288,2143,2107,e_S
1779864681.189908,2303,2177,e_S
1779864681.190024,2066,1998,e_S
1779864681.190093,2223,2085,e_S
1779864681.190156,1887,2014,e_S
1779864681.190219,1937,2055,e_S
1779864681.190281,2083,2171,e_S
1779864681.190343,2379,2095,e_S
1779864681.1904042,2194,2122,e_S
1779864681.190465,1901,2201,e_S
1779864681.190527,2031,1977,e_S
1779864681.190588,2183,1984,e_S
1779864681.190648,2186,2158,e_S
1779864681.190707,2001,2153,e_S
1779864681.190774,1980,2111,e_S
1779864681.192312,2467,1898,e_S
1779864681.193863,2072,2205,e_S
1779864681.195301,2218,2177,e_S
1779864681.2117271,2623,1884,e_S
1779864681.217032,2149,2159,e_S
1779864681.2213702,1680,2243,e_S
1779864681.221476,1774,2136,e_S
1779864681.221549,1913,2118,e_S
1779864681.2216132,1848,1964,e_S
1779864681.221709,1811,2093,e_S
1779864681.221787,1786,2098,e_S
1779864681.221856,2086,2032,e_S
1779864681.22193,2310,2095,e_S
1779864681.2219908,2295,2052,e_S
1779864681.222218,2348,1862,e_S
1779864681.222293,2353,2110,e_S
1779864681.2237399,2182,2028,e_S
1779864681.233706,2136,2059,e_S
1779864681.2373161,1910,2371,e_S
1779864681.239764,1860,2170,e_S
1779864681.2418401,2315,1873,e_S
1779864681.2434628,1853,2086,e_S
1779864681.249758,1974,2097,e_S
1779864681.254572,2294,1876,e_S
1779864681.254832,2081,2022,e_S
1779864681.2550678,2011,2091,e_S
1779864681.255167,1986,2206,e_S
1779864681.255237,1821,2201,e_S
1779864681.255305,1968,2160,e_S
1779864681.255372,1995,2070,e_S
1779864681.2554371,2019,2037,e_S
1779864681.255542,2064,2180,e_S
1779864681.255618,2128,2108,e_S
1779864681.257057,2166,2068,e_S
1779864681.259725,2263,2037,e_S
1779864681.261139,2306,2017,e_S
1779864681.270245,2002,2155,e_S
1779864681.277319,1976,2062,e_S
1779864681.277677,2049,2025,e_S
1779864681.277774,2109,2004,e_S
1779864681.277865,2177,1977,e_S
1779864681.277941,2450,1990,e_S
1779864681.278015,1979,2084,e_S
1779864681.2780879,1825,2114,e_S
1779864681.2894158,2020,2125,e_S
1779864681.290344,2362,1977,e_S
1779864681.291266,2119,2020,e_S
1779864681.295787,1761,2300,e_S
1779864681.2959192,1625,2112,e_S
1779864681.2960472,1900,2138,e_S
1779864681.296115,1823,2005,e_S
1779864681.29635,1949,2066,e_S
1779864681.296422,2005,2143,e_S
1779864681.298076,2069,2078,e_S
1779864681.311733,2208,2056,e_S
1779864681.324749,2303,2064,e_S
1779864681.326113,2235,2023,e_S
1779864681.330556,2335,2009,e_S
1779864681.330715,2165,2019,e_S
1779864681.330872,2670,1922,e_S
1779864681.330944,1805,2397,e_S
1779864681.331014,1487,2100,e_S
1779864681.3310878,1958,2000,e_S
1779864681.3312562,2107,2153,e_S
1779864681.3313332,1835,1984,e_S
1779864681.331399,1901,2136,e_S
1779864681.331614,2039,1960,e_S
1779864681.331706,2095,1899,e_S
1779864681.331847,1899,2123,e_S
1779864681.331952,1956,2243,e_S
1779864681.332073,2222,2101,e_S
1779864681.3335612,2486,1929,e_S
1779864681.335349,2613,1822,e_S
1779864681.338132,1926,2228,e_S
1779864681.339971,1442,2223,e_S
1779864681.34905,1864,2186,e_S
1779864681.36214,2063,2220,e_S
1779864681.373312,1832,2259,e_S
1779864681.373441,1916,2234,e_S
1779864681.373525,1905,2128,e_S
1779864681.3735948,2116,2031,e_S
1779864681.373667,2183,2282,e_S
1779864681.374157,1919,2291,e_S
1779864681.374293,2082,2247,e_S
1779864681.374361,2114,2084,e_S
1779864681.374422,2031,2079,e_S
1779864681.374562,2171,2136,e_S
1779864681.3746529,2138,2224,e_S
1779864681.374725,2050,2023,e_S
1779864681.3755362,2005,2090,e_S
1779864681.37561,2138,2102,e_S
1779864681.3757381,2195,2000,e_S
1779864681.3761358,2355,2066,e_S
1779864681.393261,2052,2199,e_S
1779864681.405382,1907,2198,e_S
1779864681.4106,2279,2055,e_S
1779864681.41077,2150,2184,e_S
1779864681.411179,1851,2120,e_S
1779864681.4113212,1836,2128,e_S
1779864681.411493,1989,2042,e_S
1779864681.411576,2031,2045,e_S
1779864681.4116638,1992,2074,e_S
1779864681.411732,1955,2106,e_S
1779864681.4118578,2048,2159,e_S
1779864681.411988,2011,2108,e_S
1779864681.4120572,2155,2001,e_S
1779864681.4122088,2171,2071,e_S
1779864681.4123,2179,2051,e_S
1779864681.412471,2205,2002,e_S
1779864681.412629,2056,2114,e_S
1779864681.412735,1742,2134,e_S
1779864681.4143438,1736,2005,e_S
1779864681.4159832,1987,2116,e_S
1779864681.4182348,2025,2085,e_S
1779864681.419848,2025,2062,e_S
1779864681.436053,1975,2099,e_S
1779864681.441681,1931,2047,e_S
1779864681.447593,1941,2064,e_S
1779864681.454596,1984,2118,e_S
1779864681.4551198,2020,2160,e_S
1779864681.4552839,2058,2112,e_S
1779864681.4556942,2009,2018,e_S
1779864681.455935,1974,2005,e_S
1779864681.456086,1886,2040,e_S
1779864681.4562309,2008,2058,e_S
1779864681.4564312,2111,2067,e_S
1779864681.4566,2225,2115,e_S
1779864681.456862,2049,2205,e_S
1779864681.457022,1995,2055,e_S
1779864681.45717,1951,1968,e_S
1779864681.4572532,1939,2076,e_S
1779864681.457473,1908,2071,e_S
1779864681.457557,1980,2096,e_S
1779864681.459022,1962,2063,e_S
1779864681.459105,1922,2101,e_S
1779864681.483159,1935,2161,e_S
1779864681.483626,1985,2130,e_S
1779864681.4880571,2065,2090,e_S
1779864681.4884312,2089,2072,e_S
1779864681.488721,2028,2112,e_S
1779864681.488848,1990,2112,e_S
1779864681.4890518,2023,2072,e_S
1779864681.489151,1925,2080,e_S
1779864681.489227,1891,2125,e_S
1779864681.4893,1936,2176,e_S
1779864681.4894059,2084,2065,e_S
1779864681.489546,2006,2030,e_S
1779864681.489665,2016,2047,e_S
1779864681.489741,2054,2039,e_S
1779864681.489815,2081,2143,e_S
1779864681.491359,1983,2220,e_S
1779864681.493015,1939,2256,e_S
1779864681.495724,1936,2216,e_S
1779864681.4972239,2014,2168,e_S
1779864681.508416,2018,2171,e_S
1779864681.511457,1988,2190,e_S
1779864681.514442,1944,2165,e_S
1779864681.514802,1896,2086,e_S
1779864681.517893,1916,2071,e_S
1779864681.5276842,1955,2063,e_S
1779864681.528491,1931,2215,e_S
1779864681.5290072,1957,2175,e_S
1779864681.529475,2039,2092,e_S
1779864681.529919,2033,2102,e_S
1779864681.534456,1943,2125,e_S
1779864681.53681,1954,2178,e_S
1779864681.537031,2040,2124,e_S
1779864681.53723,1996,2088,e_S
1779864681.537326,1937,2129,e_S
1779864681.5373938,1944,2265,e_S
1779864681.537513,2080,2167,e_S
1779864681.537694,2061,2133,e_S
1779864681.537769,1994,2051,e_S
1779864681.537898,1888,2099,e_S
1779864681.5393548,1901,2128,e_S
1779864681.549815,1950,2095,e_S
1779864681.556944,1895,2180,e_S
1779864681.561098,2000,2193,e_S
1779864681.566487,1961,2269,e_S
1779864681.572057,1981,2143,e_S
1779864681.572289,2021,2093,e_S
1779864681.5724218,1938,2244,e_S
1779864681.572646,1965,2345,e_S
1779864681.572747,2081,2130,e_S
1779864681.572855,2048,2211,e_S
1779864681.57292,1901,2106,e_S
1779864681.573022,1956,2121,e_S
1779864681.5730848,2132,2119,e_S
1779864681.573144,2107,2084,e_S
1779864681.573202,1947,2040,e_S
1779864681.573259,2047,2042,e_S
1779864681.573318,2016,2010,e_S
1779864681.57642,2000,2085,e_S
1779864681.578017,2121,2264,e_S
1779864681.579634,2101,2163,e_S
1779864681.590752,2039,1979,e_S
1779864681.592265,1958,1929,e_S
1779864681.598739,2017,1971,e_S
1779864681.607098,2059,2118,e_S
1779864681.6077151,2065,1985,e_S
1779864681.6082911,1974,1854,e_S
1779864681.6143548,1987,1994,e_S
1779864681.6147342,1865,2164,e_S
1779864681.614815,2010,2072,e_S
1779864681.615078,2101,2077,e_S
1779864681.615171,2101,2079,e_S
1779864681.6153631,2086,2006,e_S
1779864681.61548,2024,2025,e_S
1779864681.61567,2089,1949,e_S
1779864681.615742,2053,1984,e_S
1779864681.615814,1953,2050,e_S
1779864681.6158772,2008,2120,e_S
1779864681.616124,1949,2113,e_S
1779864681.618294,1956,2084,e_S
1779864681.6403708,2139,2021,e_S
1779864681.649974,2030,1985,e_S
1779864681.651388,2025,2032,e_S
1779864681.651525,2114,2140,e_S
1779864681.651604,2000,2027,e_S
1779864681.651933,1909,1877,e_S
1779864681.652261,2008,1944,e_S
1779864681.652341,2302,2062,e_S
1779864681.652415,2102,2046,e_S
1779864681.6525729,2040,2099,e_S
1779864681.6526458,2125,2370,e_S
1779864681.6533172,2038,2472,e_S
1779864681.653501,2112,2479,e_S
1779864681.653867,2051,2522,e_S
1779864681.6541529,2068,2357,e_S
1779864681.6544309,2082,2221,e_S
1779864681.654593,2141,2276,e_S
1779864681.6547189,2072,2261,e_S
1779864681.656714,2002,2072,e_S
1779864681.656908,2062,2021,e_S
1779864681.659711,2176,2073,e_S
1779864681.676073,2218,2190,e_S
1779864681.679913,2113,2102,e_S
1779864681.688664,1867,1890,e_S
1779864681.689323,1863,1940,e_S
1779864681.694422,2135,2405,e_S
1779864681.6945732,2331,2177,e_S
1779864681.6948,2037,1791,e_S
1779864681.694867,1930,1867,e_S
1779864681.694926,1886,2138,e_S
1779864681.695252,2203,2102,e_S
1779864681.695358,2142,2056,e_S
1779864681.6954298,2255,2225,e_S
1779864681.6955001,2061,1957,e_S
1779864681.6957319,1954,1930,e_S
1779864681.695832,2070,2032,e_S
1779864681.6958988,2273,1975,e_S
1779864681.695961,2130,1868,e_S
1779864681.696022,2044,1829,e_S
1779864681.697902,1996,1877,e_S
1779864681.705815,1969,1904,e_S
1779864681.711425,2225,2056,e_S
1779864681.712435,2101,1982,e_S
1779864681.7157161,2024,2011,e_S
1779864681.7259781,2203,2136,e_S
1779864681.7262762,2069,2249,e_S
1779864681.7263591,1964,2185,e_S
1779864681.726493,2060,1864,e_S
1779864681.730934,2066,1867,e_S
1779864681.7313678,2094,1840,e_S
1779864681.731452,1985,1777,e_S
1779864681.731591,2055,1893,e_S
1779864681.731671,2081,1949,e_S
1779864681.7317388,1982,2034,e_S
1779864681.731804,1999,2189,e_S
1779864681.73187,2103,2402,e_S
1779864681.731931,2282,2368,e_S
1779864681.7333498,2275,2324,e_S
1779864681.735872,1954,2330,e_S
1779864681.737314,2048,2491,e_S
1779864681.746082,2095,2398,e_S
1779864681.749351,2026,2375,e_S
1779864681.762869,1891,2242,e_S
1779864681.763844,1861,2334,e_S
1779864681.7679691,2066,2234,e_S
1779864681.768131,1963,2122,e_S
1779864681.7682402,2164,2101,e_S
1779864681.7683609,2145,1978,e_S
1779864681.768585,2022,1915,e_S
1779864681.7688608,1988,1866,e_S
1779864681.769334,1972,2187,e_S
1779864681.7694342,2009,2291,e_S
1779864681.7695081,2136,2086,e_S
1779864681.7697,2166,2079,e_S
1779864681.769824,2005,2114,e_S
1779864681.77001,2038,2086,e_S
1779864681.778616,2155,2146,e_S
1779864681.780247,2133,2061,e_S
1779864681.786838,2075,2000,e_S
1779864681.790241,1903,2063,e_S
1779864681.795029,1958,2095,e_S
1779864681.795805,1995,2016,e_S
1779864681.8003771,1972,2098,e_S
1779864681.800891,2093,2153,e_S
1779864681.8010921,2070,2157,e_S
1779864681.801389,2005,2092,e_S
1779864681.801475,2017,2078,e_S
1779864681.801536,2113,2188,e_S
1779864681.801688,2057,2198,e_S
1779864681.801821,2109,2091,e_S
1779864681.80197,2148,2101,e_S
1779864681.802416,2120,2132,e_S
1779864681.8037891,1835,2216,e_S
1779864681.805276,1960,2129,e_S
1779864681.807751,2212,2080,e_S
1779864681.821158,1932,2042,e_S
1779864681.8220649,1975,2140,e_S
1779864681.828368,1999,2070,e_S
1779864681.8337102,1997,2023,e_S
1779864681.838241,2007,2040,e_S
1779864681.838594,2055,1987,e_S
1779864681.838806,2065,2070,e_S
1779864681.838984,2059,2062,e_S
1779864681.8391528,2067,2017,e_S
1779864681.839246,1982,2087,e_S
1779864681.839332,1982,2093,e_S
1779864681.839403,2050,2011,e_S
1779864681.839467,2075,1944,e_S
1779864681.8395321,1930,1960,e_S
1779864681.8396878,1965,2003,e_S
1779864681.839828,2143,1925,e_S
1779864681.841503,2134,1951,e_S
1779864681.850603,2005,2049,e_S
1779864681.855079,1903,2020,e_S
1779864681.855476,2077,2022,e_S
1779864681.855743,2095,2020,e_S
1779864681.8655849,2171,2015,e_S
1779864681.869309,2106,2058,e_S
1779864681.870531,1994,2051,e_S
1779864681.870612,2017,1955,e_S
1779864681.870678,1985,2028,e_S
1779864681.870744,1988,2103,e_S
1779864681.870807,1967,2062,e_S
1779864681.8708951,2005,2018,e_S
1779864681.87112,2001,1963,e_S
1779864681.871304,2092,2083,e_S
1779864681.871448,2078,2028,e_S
1779864681.872897,2078,1982,e_S
1779864681.875621,2046,2035,e_S
1779864681.876982,2047,2142,e_S
1779864681.888554,1992,2204,e_S
1779864681.8913841,2075,2066,e_S
1779864681.895024,2012,1994,e_S
1779864681.901838,2106,2098,e_S
1779864681.902744,2060,2136,e_S
1779864681.903143,2004,2097,e_S
1779864681.90337,2026,2111,e_S
1779864681.907418,2028,2134,e_S
1779864681.907657,1955,2208,e_S
1779864681.907758,2046,2193,e_S
1779864681.907854,2109,2186,e_S
1779864681.9080052,2007,2207,e_S
1779864681.908128,2010,2247,e_S
1779864681.90821,2026,2302,e_S
1779864681.908288,2085,2225,e_S
1779864681.909664,2006,2285,e_S
1779864681.9174988,1935,2380,e_S
1779864681.9215539,2022,2369,e_S
1779864681.9254248,2135,2296,e_S
1779864681.9320178,2102,2128,e_S
1779864681.93252,1999,2141,e_S
1779864681.9331698,2001,2132,e_S
1779864681.936073,2068,2098,e_S
1779864681.937143,2088,2074,e_S
1779864681.9374561,2007,2060,e_S
1779864681.937552,1973,2036,e_S
1779864681.937658,2052,1990,e_S
1779864681.937799,2117,1964,e_S
1779864681.9378712,2063,1978,e_S
1779864681.93795,2029,2007,e_S
1779864681.939311,2058,1996,e_S
1779864681.942066,2054,2018,e_S
1779864681.943487,1983,2059,e_S
1779864681.944942,1967,2134,e_S
1779864681.953642,2063,2030,e_S
1779864681.9577248,2024,2052,e_S
1779864681.9614809,2074,2080,e_S
1779864681.97021,2035,2116,e_S
1779864681.970428,2066,2106,e_S
1779864681.973759,2019,2096,e_S
1779864681.975347,1995,2099,e_S
1779864681.975425,2040,2165,e_S
1779864681.975488,2076,2171,e_S
1779864681.9755468,2038,2174,e_S
1779864681.975606,1993,2143,e_S
1779864681.9756658,1988,2098,e_S
1779864681.975723,2042,2111,e_S
1779864681.9757838,2028,2071,e_S
1779864681.976053,2060,2115,e_S
1779864681.9774458,2048,2157,e_S
1779864681.9995039,1958,2178,e_S
1779864682.004329,2063,2134,e_S
1779864682.0044281,2082,2150,e_S
1779864682.0044942,2110,2155,e_S
1779864682.004784,2026,2115,e_S
1779864682.0048692,2092,2124,e_S
1779864682.004931,2058,2110,e_S
1779864682.0049942,1935,2147,e_S
1779864682.005053,1973,2159,e_S
1779864682.005116,2002,2125,e_S
1779864682.005316,2049,2066,e_S
1779864682.005428,2077,2068,e_S
1779864682.0054872,1976,2097,e_S
1779864682.005549,2001,2171,e_S
1779864682.0069811,2028,2238,e_S
1779864682.009671,2049,2289,e_S
1779864682.011107,2002,2301,e_S
1779864682.022793,2057,2215,e_S
1779864682.034846,2093,2230,e_S
1779864682.040674,2065,2135,e_S
1779864682.040877,2056,2170,e_S
1779864682.0409758,2034,2182,e_S
1779864682.041048,2108,2126,e_S
1779864682.041142,1994,2156,e_S
1779864682.0412312,1946,2182,e_S
1779864682.041298,1932,2263,e_S
1779864682.041366,2047,2168,e_S
1779864682.041429,2094,2219,e_S
1779864682.041493,2093,2211,e_S
1779864682.041555,1984,2216,e_S
1779864682.041621,2003,2165,e_S
1779864682.041733,2037,2133,e_S
1779864682.043179,1988,2177,e_S
1779864682.0617652,2027,2231,e_S
1779864682.0742059,2084,2166,e_S
1779864682.074486,2059,2094,e_S
1779864682.074615,2037,2070,e_S
1779864682.074868,2036,2125,e_S
1779864682.074971,2114,2103,e_S
1779864682.07536,2139,2072,e_S
1779864682.075545,1995,2093,e_S
1779864682.075649,1969,2087,e_S
1779864682.07582,2058,2102,e_S
1779864682.076074,2144,2048,e_S
1779864682.076371,2091,1996,e_S
1779864682.076513,1955,1977,e_S
1779864682.076603,2029,1988,e_S
1779864682.0767019,2176,1971,e_S
1779864682.0767639,2082,2019,e_S
1779864682.076931,1961,2022,e_S
1779864682.079364,1922,2131,e_S
1779864682.0809312,2121,2143,e_S
1779864682.085818,2058,2095,e_S
1779864682.086143,2082,2092,e_S
1779864682.110721,2046,2106,e_S
1779864682.112066,2038,2077,e_S
1779864682.1328251,2013,2088,e_S
1779864682.147379,2051,2145,e_S
1779864682.159706,1968,2192,e_S
1779864682.159827,1976,2090,e_S
1779864682.15991,1989,2064,e_S
1779864682.1599739,2051,2098,e_S
1779864682.160117,2080,2111,e_S
1779864682.160494,2069,2103,e_S
1779864682.1605859,2087,2087,e_S
1779864682.160655,2101,2114,e_S
1779864682.160717,1960,2100,e_S
1779864682.16089,1958,2104,e_S
1779864682.160971,2047,2014,e_S
1779864682.1610398,2098,2010,e_S
1779864682.161151,2144,2105,e_S
1779864682.161251,1991,2155,e_S
1779864682.1613162,2027,2078,e_S
1779864682.161377,2086,2047,e_S
1779864682.161847,1947,2121,e_S
1779864682.16193,1930,2147,e_S
1779864682.1619961,2078,2092,e_S
1779864682.16206,2125,2064,e_S
1779864682.1621828,2078,2035,e_S
1779864682.1623669,1962,2065,e_S
1779864682.1624472,1978,2052,e_S
1779864682.162627,2067,2044,e_S
1779864682.162955,2050,2097,e_S
1779864682.163023,2009,2172,e_S
1779864682.163083,2051,2084,e_S
1779864682.163251,2093,2058,e_S
1779864682.163321,2076,2068,e_S
1779864682.163722,2025,2071,e_S
1779864682.1637938,2033,2078,e_S
1779864682.163859,2025,2057,e_S
1779864682.1639192,2045,2084,e_S
1779864682.163979,1987,2158,e_S
1779864682.164039,1999,2082,e_S
1779864682.165913,2071,2057,e_S
1779864682.1681879,2088,2008,e_S
1779864682.177742,2019,1988,e_S
1779864682.195507,2016,2006,e_S
1779864682.202421,2066,2052,e_S
1779864682.203039,2005,2108,e_S
1779864682.204181,1995,2082,e_S
1779864682.204257,2007,2105,e_S
1779864682.204319,2097,2046,e_S
1779864682.2043772,2053,2027,e_S
1779864682.2044349,2051,2071,e_S
1779864682.20489,2039,2119,e_S
1779864682.2052312,2100,2071,e_S
1779864682.2053912,2032,2032,e_S
1779864682.2058828,1947,2082,e_S
1779864682.224788,2029,2076,e_S
1779864682.2346802,2074,1931,e_S
1779864682.234993,2109,1949,e_S
1779864682.235235,2181,1995,e_S
1779864682.235391,2131,2075,e_S
1779864682.235594,2022,1998,e_S
1779864682.235664,1946,1975,e_S
1779864682.235766,1889,2019,e_S
1779864682.235915,1898,2105,e_S
1779864682.235979,1990,2044,e_S
1779864682.236048,2071,2048,e_S
1779864682.236544,2016,2130,e_S
1779864682.236644,1930,2088,e_S
1779864682.236704,1951,1992,e_S
1779864682.2368388,2091,1966,e_S
1779864682.236898,2363,1956,e_S
1779864682.236956,2272,2153,e_S
1779864682.23722,1991,2231,e_S
1779864682.237288,1920,2104,e_S
1779864682.237411,1904,2122,e_S
1779864682.2374709,2109,2059,e_S
1779864682.23753,2108,2188,e_S
1779864682.239224,2436,2049,e_S
1779864682.24239,2701,1954,e_S
1779864682.2568269,1963,2132,e_S
1779864682.263815,1626,2235,e_S
1779864682.2741172,1689,2201,e_S
1779864682.274338,1825,2058,e_S
1779864682.2744179,1931,2015,e_S
1779864682.2745001,2072,2120,e_S
1779864682.274559,2068,2217,e_S
1779864682.274616,1787,2202,e_S
1779864682.274673,2134,2086,e_S
1779864682.2748642,2416,2040,e_S
1779864682.274941,2381,2311,e_S
1779864682.275079,2015,2121,e_S
1779864682.275198,2023,2001,e_S
1779864682.27529,1853,2063,e_S
1779864682.275361,2122,2022,e_S
1779864682.2754261,2029,2189,e_S
1779864682.2754922,2148,1891,e_S
1779864682.2775779,2419,2049,e_S
1779864682.329699,2194,2014,e_S
1779864682.3456378,2647,2066,e_S
1779864682.345817,2223,2142,e_S
1779864682.345889,1715,2121,e_S
1779864682.3459551,1779,2081,e_S
1779864682.346019,2148,1950,e_S
1779864682.346084,1728,2237,e_S
1779864682.346177,1531,2131,e_S
1779864682.346265,1326,2192,e_S
1779864682.3463411,1924,1979,e_S
1779864682.346436,2451,1928,e_S
1779864682.346505,2296,2045,e_S
1779864682.346574,1893,2085,e_S
1779864682.3466449,1872,2058,e_S
1779864682.3468,2337,1883,e_S
1779864682.3468852,2300,2012,e_S
1779864682.3470888,1857,2218,e_S
1779864682.3471591,1736,2144,e_S
1779864682.347219,1947,2047,e_S
1779864682.3472798,2305,1898,e_S
1779864682.347347,2254,2022,e_S
1779864682.34755,2110,2164,e_S
1779864682.3476422,2212,1992,e_S
1779864682.347712,2284,1928,e_S
1779864682.348416,1826,2139,e_S
1779864682.365581,1945,2019,e_S
1779864682.372326,2840,1556,e_S
1779864682.3797278,2527,1884,e_S
1779864682.379893,2012,1904,e_S
1779864682.3799732,1811,1995,e_S
1779864682.380041,2282,1848,e_S
1779864682.380106,2804,1714,e_S
1779864682.3801742,1321,2290,e_S
1779864682.380238,991,2214,e_S
1779864682.380662,1553,2015,e_S
1779864682.3810382,2009,2011,e_S
1779864682.381114,2317,1979,e_S
1779864682.381255,2272,2050,e_S
1779864682.381343,2069,2055,e_S
1779864682.381412,2125,1955,e_S
1779864682.381479,2428,1926,e_S
1779864682.381548,2346,2017,e_S
1779864682.381621,3138,1840,e_S
1779864682.381865,2560,2092,e_S
1779864682.3819299,2101,2018,e_S
1779864682.382226,1632,2202,e_S
1779864682.3827388,1954,1875,e_S
1779864682.3829381,1781,1920,e_S
1779864682.383085,1873,1926,e_S
1779864682.383164,1729,1943,e_S
1779864682.383229,1722,2154,e_S
1779864682.3832939,1897,1913,e_S
1779864682.383358,2549,1766,e_S
1779864682.385112,2107,1957,e_S
1779864682.4072871,2055,1971,e_S
1779864682.421045,2603,1839,e_S
1779864682.4211452,2909,1659,e_S
1779864682.421824,1864,2211,e_S
1779864682.421993,1962,1887,e_S
1779864682.42206,2254,2001,e_S
1779864682.422229,1639,2030,e_S
1779864682.422293,1721,1939,e_S
1779864682.422467,2344,2065,e_S
1779864682.422527,2479,1954,e_S
1779864682.422584,2213,2115,e_S
1779864682.4226408,2233,2135,e_S
1779864682.424306,1836,2454,e_S
1779864682.461029,1960,2193,e_S
1779864682.461529,1922,2098,e_S
1779864682.461706,2248,2020,e_S
1779864682.461866,2145,1966,e_S
1779864682.462004,2127,2029,e_S
1779864682.462085,2969,1749,e_S
1779864682.4621592,2183,1989,e_S
1779864682.4622211,2005,1977,e_S
1779864682.462292,2130,1930,e_S
1779864682.462354,2297,1894,e_S
1779864682.462417,2377,2013,e_S
1779864682.462485,2600,1852,e_S
1779864682.46255,2126,2267,e_S
1779864682.462873,2377,2115,e_S
1779864682.462944,1214,2271,e_S
1779864682.4630458,1388,2017,e_S
1779864682.463114,2215,2104,e_S
1779864682.463176,2305,2084,e_S
1779864682.463237,2132,2018,e_S
1779864682.463304,1924,1968,e_S
1779864682.46337,2235,1881,e_S
1779864682.463598,2267,2097,e_S
1779864682.464136,2468,2021,e_S
1779864682.464863,2029,2043,e_S
1779864682.465159,2110,2082,e_S
1779864682.465236,2742,1843,e_S
1779864682.465419,3115,2029,e_S
1779864682.4669619,2491,2030,e_S
1779864682.470628,1782,1986,e_S
1779864682.47265,2156,1817,e_S
1779864682.5078652,2707,1747,e_S
1779864682.5083342,2385,1856,e_S
1779864682.509082,1787,2049,e_S
1779864682.5094888,2106,2005,e_S
1779864682.509772,2570,1869,e_S
1779864682.5099351,2317,2035,e_S
1779864682.51001,1764,2169,e_S
1779864682.510079,2374,2083,e_S
1779864682.510153,2740,1935,e_S
1779864682.51022,2148,2019,e_S
1779864682.5105898,2370,1715,e_S
1779864682.510666,2503,1962,e_S
1779864682.5109692,2440,2229,e_S
1779864682.511043,2432,2332,e_S
1779864682.511111,2146,2159,e_S
1779864682.511366,2061,1953,e_S
1779864682.5121439,2301,2051,e_S
1779864682.524661,2058,2151,e_S
1779864682.532685,2034,1998,e_S
1779864682.53876,1953,2022,e_S
1779864682.5442,2283,2127,e_S
1779864682.545148,2244,1993,e_S
1779864682.5482152,2639,1884,e_S
1779864682.5483022,2482,2139,e_S
1779864682.548369,2603,1995,e_S
1779864682.548485,2750,2214,e_S
1779864682.54878,2327,2461,e_S
1779864682.5491562,3112,2351,e_S
1779864682.549665,1866,2435,e_S
1779864682.550208,2043,2139,e_S
1779864682.550273,2119,2218,e_S
1779864682.550365,1784,2075,e_S
1779864682.5507278,1788,2033,e_S
1779864682.5507898,1818,2029,e_S
1779864682.551744,1812,2083,e_S
1779864682.551827,2389,2126,e_S
1779864682.55214,2759,2292,e_S
1779864682.552326,2871,1901,e_S
1779864682.552502,2808,1617,e_S
1779864682.552567,2502,1925,e_S
1779864682.55391,2221,2216,e_S
1779864682.555338,2176,2122,e_S
1779864682.581287,2233,2272,e_S
1779864682.586755,1817,2102,e_S
1779864682.586978,1552,1936,e_S
1779864682.58707,1977,2072,e_S
1779864682.58714,2637,2515,e_S
1779864682.587311,3580,2478,e_S
1779864682.587459,3137,1857,e_S
1779864682.5875258,1887,2064,e_S
1779864682.587587,1759,1868,e_S
1779864682.5876951,2491,2114,e_S
1779864682.587782,2580,2183,e_S
1779864682.587908,3053,1814,e_S
1779864682.5880919,1453,1587,e_S
1779864682.588154,301,1327,e_S
1779864682.588305,1648,1968,e_S
1779864682.588372,3484,2359,e_S
1779864682.5901408,2859,2147,e_S
1779864682.616308,2917,1816,e_S
1779864682.620954,2580,2350,e_S
1779864682.622006,2658,2247,e_S
1779864682.6226408,3424,1979,e_S
1779864682.6227798,2646,2159,e_S
1779864682.622945,2332,2061,e_S
1779864682.6230452,2531,2249,e_S
1779864682.623125,2824,1974,e_S
1779864682.623189,3518,1689,e_S
1779864682.6232939,2469,2112,e_S
1779864682.623874,1946,2249,e_S
1779864682.624253,2254,2197,e_S
1779864682.6252291,2338,1921,e_S
1779864682.625479,2284,1698,e_S
1779864682.62555,2646,2384,e_S
1779864682.625611,2650,2708,e_S
1779864682.62567,2459,2183,e_S
1779864682.625728,2096,1995,e_S
1779864682.627599,2228,2020,e_S
1779864682.629029,2719,2259,e_S
1779864682.631828,2750,2292,e_S
1779864682.643104,2850,2269,e_S
1779864682.662293,2935,1951,e_S
1779864682.662978,2486,1941,e_S
1779864682.6639738,2060,1882,e_S
1779864682.670516,1957,1984,e_S
1779864682.67061,2444,1931,e_S
1779864682.670676,2527,2346,e_S
1779864682.67075,1875,2398,e_S
1779864682.670809,2094,2096,e_S
1779864682.670903,2188,2103,e_S
1779864682.6710038,2056,2121,e_S
1779864682.671178,2284,1955,e_S
1779864682.671243,2096,2023,e_S
1779864682.671346,1755,2067,e_S
1779864682.671494,1959,2109,e_S
1779864682.671566,2134,2065,e_S
1779864682.67166,2377,2102,e_S
1779864682.671721,2403,2179,e_S
1779864682.672029,2231,2164,e_S
1779864682.6721401,2195,2133,e_S
1779864682.673675,2305,2109,e_S
1779864682.685338,2216,1961,e_S
1779864682.687894,1588,2202,e_S
1779864682.705732,1635,1969,e_S
1779864682.711919,1968,1963,e_S
1779864682.712081,2207,1993,e_S
1779864682.71215,2264,2185,e_S
1779864682.712212,2363,2083,e_S
1779864682.71227,1916,2130,e_S
1779864682.71379,1384,2092,e_S
1779864682.714087,2021,2188,e_S
1779864682.714201,2250,2252,e_S
1779864682.714268,2385,2169,e_S
1779864682.714336,2112,2112,e_S
1779864682.714408,1587,2029,e_S
1779864682.714571,1633,2033,e_S
1779864682.71509,1817,2053,e_S
1779864682.715214,1976,1960,e_S
1779864682.71529,2049,2038,e_S
1779864682.71535,2021,2158,e_S
1779864682.715539,2166,2169,e_S
1779864682.715627,2084,2037,e_S
1779864682.717209,1974,2060,e_S
1779864682.729195,2252,1921,e_S
1779864682.7423959,2315,1790,e_S
1779864682.753559,2131,2184,e_S
1779864682.753664,2078,2123,e_S
1779864682.7537339,1865,2140,e_S
1779864682.7537978,1324,2102,e_S
1779864682.753925,1699,1996,e_S
1779864682.754317,1946,2107,e_S
1779864682.754519,1957,2014,e_S
1779864682.754664,1843,2123,e_S
1779864682.7548642,2037,2104,e_S
1779864682.754935,2066,2002,e_S
1779864682.755005,1932,2051,e_S
1779864682.755071,2203,2072,e_S
1779864682.755139,2495,2062,e_S
1779864682.755201,1980,2339,e_S
1779864682.755302,1624,2138,e_S
1779864682.755368,1929,2108,e_S
1779864682.7554271,2172,2110,e_S
1779864682.757111,1800,2083,e_S
1779864682.7821739,1915,2092,e_S
1779864682.7874172,1988,2060,e_S
1779864682.787533,2666,1969,e_S
1779864682.7876039,2272,2045,e_S
1779864682.78767,1825,2053,e_S
1779864682.787735,1884,2070,e_S
1779864682.787803,2423,2007,e_S
1779864682.787874,2602,1911,e_S
1779864682.787945,2172,1862,e_S
1779864682.7880452,1900,2223,e_S
1779864682.788146,1599,2214,e_S
1779864682.788267,2082,2054,e_S
1779864682.788342,2077,2206,e_S
1779864682.788408,2092,2268,e_S
1779864682.788471,1986,2140,e_S
1779864682.790106,1882,2139,e_S
1779864682.7920792,1893,2082,e_S
1779864682.7936482,2147,2151,e_S
1779864682.7952619,2633,2106,e_S
1779864682.796927,2273,2156,e_S
1779864682.822146,2041,1953,e_S
1779864682.8235772,2034,1943,e_S
1779864682.828918,2084,2034,e_S
1779864682.8295481,1996,2035,e_S
1779864682.829646,2240,2048,e_S
1779864682.829715,2129,2131,e_S
1779864682.829779,2269,2009,e_S
1779864682.82991,1816,2342,e_S
1779864682.8299809,2053,2062,e_S
1779864682.8300412,2236,1942,e_S
1779864682.8301032,2006,2215,e_S
1779864682.830163,1789,2170,e_S
1779864682.830223,1755,2039,e_S
1779864682.830282,1746,2017,e_S
1779864682.830632,1581,2038,e_S
1779864682.8307798,1837,2141,e_S
1779864682.830851,2101,2113,e_S
1779864682.839958,2650,1991,e_S
1779864682.848515,2577,1946,e_S
1779864682.867095,2368,1946,e_S
1779864682.868913,2029,2032,e_S
1779864682.869708,1611,2115,e_S
1779864682.869882,1562,2321,e_S
1779864682.869973,1987,2079,e_S
1779864682.871045,2342,1866,e_S
1779864682.871367,1988,2154,e_S
1779864682.871486,2165,2405,e_S
1779864682.8716428,1736,2131,e_S
1779864682.871995,2652,1657,e_S
1779864682.872072,2778,1975,e_S
1779864682.872146,1885,2315,e_S
1779864682.872222,1702,2264,e_S
1779864682.8722932,1478,2319,e_S
1779864682.87237,1720,1991,e_S
1779864682.872442,1867,1914,e_S
1779864682.8725681,2025,2180,e_S
1779864682.8726609,1944,2270,e_S
1779864682.872778,1976,2258,e_S
1779864682.875813,2025,2123,e_S
1779864682.877398,2655,1974,e_S
1779864682.91308,2645,2014,e_S
1779864682.914092,2167,2024,e_S
1779864682.9144099,1958,1996,e_S
1779864682.914509,1964,1969,e_S
1779864682.9146502,1871,1987,e_S
1779864682.914741,2070,1953,e_S
1779864682.914811,1897,2017,e_S
1779864682.914879,2000,2101,e_S
1779864682.914942,2343,2129,e_S
1779864682.9150069,2438,2225,e_S
1779864682.915141,2438,2171,e_S
1779864682.9153159,2154,1971,e_S
1779864682.915394,2229,1881,e_S
1779864682.9155111,2397,2107,e_S
1779864682.915665,1755,2188,e_S
1779864682.915733,1557,2074,e_S
1779864682.915801,1907,1933,e_S
1779864682.915863,2023,2162,e_S
1779864682.915935,2251,2060,e_S
1779864682.918769,2011,2059,e_S
1779864682.918914,1842,2171,e_S
1779864682.930114,1799,2158,e_S
1779864682.933295,2025,2026,e_S
1779864682.9457889,2071,2099,e_S
1779864682.953865,2032,2077,e_S
1779864682.95411,2162,2142,e_S
1779864682.954205,2101,2040,e_S
1779864682.954436,2128,2027,e_S
1779864682.9545379,2136,2061,e_S
1779864682.9546611,2237,2193,e_S
1779864682.9547951,2091,1937,e_S
1779864682.954877,1578,1984,e_S
1779864682.9550579,1597,2082,e_S
1779864682.955244,2141,2091,e_S
1779864682.95536,2022,2290,e_S
1779864682.9554718,2040,2186,e_S
1779864682.9555461,1961,1992,e_S
1779864682.9556868,2141,1908,e_S
1779864682.9557528,2295,2091,e_S
1779864682.957141,1685,2244,e_S
1779864682.960018,1919,2114,e_S
1779864682.9614289,2410,2153,e_S
1779864682.9627829,2120,2123,e_S
1779864682.9783418,1615,2217,e_S
1779864682.983021,1755,2061,e_S
1779864682.997049,1687,2140,e_S
1779864682.9982111,1965,2035,e_S
1779864683.0066319,2343,2083,e_S
1779864683.006776,2312,2055,e_S
1779864683.0068579,2361,2149,e_S
1779864683.0069199,2287,2080,e_S
1779864683.007092,2216,2050,e_S
1779864683.007215,2204,1986,e_S
1779864683.007332,2036,1970,e_S
1779864683.00745,2070,2222,e_S
1779864683.007519,2207,2112,e_S
1779864683.007605,2003,2028,e_S
1779864683.007669,2002,2086,e_S
1779864683.007735,2019,2142,e_S
1779864683.007794,2048,2083,e_S
1779864683.007861,2070,2043,e_S
1779864683.007925,2306,1986,e_S
1779864683.0079832,2063,2112,e_S
1779864683.008095,2071,2058,e_S
1779864683.008505,2059,2028,e_S
1779864683.0087528,1616,2071,e_S
1779864683.037193,1887,2263,e_S
1779864683.037581,1983,2081,e_S
1779864683.050435,2067,1977,e_S
1779864683.0529332,1672,2038,e_S
1779864683.053083,1684,2128,e_S
1779864683.054833,2075,2006,e_S
1779864683.055326,2236,1943,e_S
1779864683.055667,2339,1990,e_S
1779864683.0557382,2358,2000,e_S
1779864683.0559201,2229,2183,e_S
1779864683.056129,1779,2070,e_S
1779864683.056418,1667,2101,e_S
1779864683.0565162,1793,2056,e_S
1779864683.056731,1911,2114,e_S
1779864683.0569768,1883,2033,e_S
1779864683.0571892,2073,1987,e_S
1779864683.057298,2354,2044,e_S
1779864683.057375,2831,2100,e_S
1779864683.057518,2223,2081,e_S
1779864683.057589,1504,2083,e_S
1779864683.057659,2000,1988,e_S
1779864683.057732,1990,2170,e_S
1779864683.057798,1677,2157,e_S
1779864683.0578911,1821,2081,e_S
1779864683.0606332,1589,2106,e_S
1779864683.060724,1476,2273,e_S
1779864683.071106,1682,2154,e_S
1779864683.072015,2170,1924,e_S
1779864683.073041,2338,1967,e_S
1779864683.073985,2526,2100,e_S
1779864683.0961778,2269,2125,e_S
1779864683.096438,2128,2048,e_S
1779864683.0965178,1978,2030,e_S
1779864683.097208,1953,2124,e_S
1779864683.097276,1947,2169,e_S
1779864683.09746,1941,2085,e_S
1779864683.097523,2053,2076,e_S
1779864683.097625,2020,1967,e_S
1779864683.097685,1966,1996,e_S
1779864683.097743,2179,1998,e_S
1779864683.0978,2019,2158,e_S
1779864683.114868,2021,2077,e_S
1779864683.119906,2116,2147,e_S
1779864683.121862,2082,2187,e_S
1779864683.122251,1808,2055,e_S
1779864683.126621,2056,2030,e_S
1779864683.127433,2109,1997,e_S
1779864683.127916,1905,2018,e_S
1779864683.12812,1774,1931,e_S
1779864683.1322,1882,2131,e_S
1779864683.132915,2425,2074,e_S
1779864683.133009,1548,2204,e_S
1779864683.1331918,1982,1914,e_S
1779864683.1333141,2237,1998,e_S
1779864683.1333919,2006,2107,e_S
1779864683.133544,2197,2065,e_S
1779864683.133655,1901,2089,e_S
1779864683.133713,1870,2123,e_S
1779864683.1337652,2425,2045,e_S
1779864683.1338592,1971,2345,e_S
1779864683.133912,1638,2047,e_S
1779864683.134016,2105,1933,e_S
1779864683.135436,2722,1876,e_S
1779864683.1367612,1970,2433,e_S
1779864683.140455,1736,2038,e_S
1779864683.163865,2050,1902,e_S
1779864683.1679401,2163,1926,e_S
1779864683.168112,1572,2118,e_S
1779864683.168194,1863,2194,e_S
1779864683.168303,2262,2197,e_S
1779864683.168406,2010,2105,e_S
1779864683.1684768,2171,1987,e_S
1779864683.168788,2224,2232,e_S
1779864683.1688719,2289,2113,e_S
1779864683.16894,1904,2086,e_S
1779864683.16906,1492,2113,e_S
1779864683.1691341,1915,2002,e_S
1779864683.1692002,2070,2200,e_S
1779864683.1692631,1924,2132,e_S
1779864683.169458,2040,2126,e_S
1779864683.177665,2029,1986,e_S
1779864683.1849642,1990,1932,e_S
1779864683.187839,2004,2036,e_S
1779864683.1881511,2085,2109,e_S
1779864683.193362,2241,2182,e_S
1779864683.193471,2359,1993,e_S
1779864683.1936672,2295,1967,e_S
1779864683.194289,2091,2041,e_S
1779864683.1952908,1876,2098,e_S
1779864683.199838,1887,2148,e_S
1779864683.199935,1837,2145,e_S
1779864683.2000508,2464,2090,e_S
1779864683.200135,2243,2112,e_S
1779864683.2001998,1863,2149,e_S
1779864683.2003682,1658,2073,e_S
1779864683.2017658,1855,1848,e_S
1779864683.2031622,1843,2097,e_S
1779864683.20594,1971,2022,e_S
1779864683.2074938,2008,1908,e_S
1779864683.2245288,2039,2070,e_S
1779864683.234399,2006,2148,e_S
1779864683.234504,2183,2088,e_S
1779864683.234575,2305,1992,e_S
1779864683.2347178,1974,1994,e_S
1779864683.2349079,1989,2061,e_S
1779864683.2350872,2152,2013,e_S
1779864683.235167,1920,2079,e_S
1779864683.235314,1878,2042,e_S
1779864683.2354581,1993,2044,e_S
1779864683.235688,2081,2113,e_S
1779864683.235769,2138,2081,e_S
1779864683.2358952,1558,2017,e_S
1779864683.236044,1885,1991,e_S
1779864683.251877,2510,1856,e_S
1779864683.255404,2149,2098,e_S
1779864683.2656481,1945,2075,e_S
1779864683.266746,1867,2135,e_S
1779864683.26978,1890,2088,e_S
1779864683.26994,2140,1996,e_S
1779864683.270022,2118,2003,e_S
1779864683.27009,2047,2045,e_S
1779864683.2702668,1833,2107,e_S
1779864683.272848,1691,2138,e_S
1779864683.272932,1890,1991,e_S
1779864683.2743602,2081,2175,e_S
1779864683.303924,1992,2302,e_S
1779864683.312184,1929,2228,e_S
1779864683.325025,2045,2183,e_S
1779864683.339031,2090,2130,e_S
1779864683.340086,2134,2045,e_S
1779864683.3402472,2018,2169,e_S
1779864683.340338,1858,2029,e_S
1779864683.340405,1944,2012,e_S
1779864683.340467,2343,2036,e_S
1779864683.3405309,2407,2093,e_S
1779864683.340919,1903,2143,e_S
1779864683.341099,1585,2121,e_S
1779864683.34125,1834,2076,e_S
1779864683.341534,2499,2040,e_S
1779864683.3419058,2320,2260,e_S
1779864683.34199,1685,2091,e_S
1779864683.3420548,1792,2068,e_S
1779864683.342117,1730,2196,e_S
1779864683.3467789,1829,2144,e_S
1779864683.3473122,1929,2119,e_S
1779864683.347389,2061,2072,e_S
1779864683.347454,2031,2182,e_S
1779864683.347518,1994,2164,e_S
1779864683.34758,2002,2137,e_S
1779864683.34764,2042,2087,e_S
1779864683.347701,1924,2241,e_S
1779864683.3477602,1949,2279,e_S
1779864683.347821,2072,2154,e_S
1779864683.347881,2028,2149,e_S
1779864683.3479419,1892,2195,e_S
1779864683.348002,1929,2133,e_S
1779864683.348064,1951,2082,e_S
1779864683.3481238,1942,2089,e_S
1779864683.348185,1905,2166,e_S
1779864683.348245,1935,2163,e_S
1779864683.348305,1931,1991,e_S
1779864683.348366,1996,1979,e_S
1779864683.3484259,2033,1916,e_S
1779864683.3484852,1889,2097,e_S
1779864683.348546,2040,2012,e_S
1779864683.3487291,2024,2066,e_S
1779864683.348829,1831,2176,e_S
1779864683.3489091,1743,2154,e_S
1779864683.349031,1876,2067,e_S
1779864683.3491058,1906,2015,e_S
1779864683.354763,1990,2050,e_S
1779864683.3550222,1862,2130,e_S
1779864683.355293,1935,2048,e_S
1779864683.378667,2042,2046,e_S
1779864683.388691,1886,2070,e_S
1779864683.389059,1725,2136,e_S
1779864683.389837,1757,2056,e_S
1779864683.398599,1891,2034,e_S
1779864683.4049122,1773,1999,e_S
1779864683.407816,1828,1978,e_S
1779864683.4132822,1953,2004,e_S
1779864683.414173,2077,1985,e_S
1779864683.414757,1750,1920,e_S
1779864683.41935,1749,1980,e_S
1779864683.419441,1890,2011,e_S
1779864683.419617,1924,2024,e_S
1779864683.419693,1828,2022,e_S
1779864683.419756,1775,2048,e_S
1779864683.4198148,1740,2092,e_S
1779864683.419874,1737,2004,e_S
1779864683.420019,1739,1943,e_S
1779864683.42018,1787,1968,e_S
1779864683.420275,1723,2074,e_S
1779864683.4203389,1856,2044,e_S
1779864683.4204009,2038,1985,e_S
1779864683.420461,1891,1984,e_S
1779864683.420533,1707,1993,e_S
1779864683.420592,1712,1963,e_S
1779864683.420707,1785,2040,e_S
1779864683.420842,1839,2063,e_S
1779864683.4209301,1809,2078,e_S
1779864683.421066,1847,2117,e_S
1779864683.421194,1880,2091,e_S
1779864683.421289,1919,2031,e_S
1779864683.421375,1888,2059,e_S
1779864683.421443,1857,2077,e_S
1779864683.4228191,1818,2044,e_S
1779864683.4255161,1829,2032,e_S
1779864683.42736,1791,2166,e_S
1779864683.43945,1779,2181,e_S
1779864683.4398699,1907,2107,e_S
1779864683.441963,1860,2038,e_S
1779864683.4457119,1850,2050,e_S
1779864683.454713,1897,2162,e_S
1779864683.456453,1945,2097,e_S
1779864683.456707,1992,2084,e_S
1779864683.456976,1978,2235,e_S
1779864683.457046,1893,2453,e_S
1779864683.45722,2079,2261,e_S
1779864683.457642,2002,2145,e_S
1779864683.457752,2005,2258,e_S
1779864683.457876,1918,2273,e_S
1779864683.457948,1969,2288,e_S
1779864683.458015,2000,2123,e_S
1779864683.459645,1931,2087,e_S
1779864683.469706,2061,2145,e_S
1779864683.469847,2050,2229,e_S
1779864683.470216,1969,2121,e_S
1779864683.470589,1987,2023,e_S
1779864683.47555,2010,2095,e_S
1779864683.48068,2027,2124,e_S
1779864683.48478,1935,2008,e_S
1779864683.484965,2046,1995,e_S
1779864683.485153,1978,2131,e_S
1779864683.485308,1929,2196,e_S
1779864683.485416,2064,2046,e_S
1779864683.485516,2118,1989,e_S
1779864683.485634,2043,2037,e_S
1779864683.4871318,2046,2020,e_S
1779864683.489741,1977,2022,e_S
1779864683.491895,1988,2108,e_S
1779864683.502965,1987,2163,e_S
1779864683.503165,2056,2221,e_S
1779864683.503467,2036,2128,e_S
1779864683.505362,2081,2100,e_S
1779864683.513063,1932,2036,e_S
1779864683.51771,1959,2103,e_S
1779864683.517931,2045,2058,e_S
1779864683.518555,2092,2065,e_S
1779864683.5188532,1919,2071,e_S
1779864683.518919,1825,2059,e_S
1779864683.519029,1870,2027,e_S
1779864683.51917,1935,2077,e_S
1779864683.519274,2019,1980,e_S
1779864683.519351,1992,1965,e_S
1779864683.52686,2147,2103,e_S
1779864683.5289469,2119,2038,e_S
1779864683.536027,2095,2124,e_S
1779864683.537106,2180,2188,e_S
1779864683.53911,2072,2093,e_S
1779864683.544928,2032,2090,e_S
1779864683.5490339,2181,2201,e_S
1779864683.5491982,2010,2080,e_S
1779864683.549353,1914,2078,e_S
1779864683.5494778,2185,2177,e_S
1779864683.549632,2192,2147,e_S
1779864683.550001,2013,2090,e_S
1779864683.5501351,1923,2085,e_S
1779864683.550216,2018,2045,e_S
1779864683.5502841,2023,2058,e_S
1779864683.5517812,2124,1989,e_S
1779864683.5531552,1974,1980,e_S
1779864683.555773,2055,2005,e_S
1779864683.557643,1932,2026,e_S
1779864683.570122,1741,2413,e_S
1779864683.571054,1960,2428,e_S
1779864683.58062,2130,2368,e_S
1779864683.580737,1963,2240,e_S
1779864683.581023,1851,2057,e_S
1779864683.581101,1973,2260,e_S
1779864683.581213,2042,2603,e_S
1779864683.581372,2338,2451,e_S
1779864683.5814872,2136,2125,e_S
1779864683.581546,2000,2047,e_S
1779864683.581646,2060,2096,e_S
1779864683.5817652,2039,2188,e_S
1779864683.583524,2003,2000,e_S
1779864683.590661,2009,1791,e_S
1779864683.602837,1787,1814,e_S
1779864683.603047,1971,2347,e_S
1779864683.603327,2409,2407,e_S
1779864683.603787,1922,1763,e_S
1779864683.6039228,1650,1770,e_S
1779864683.604219,1711,2317,e_S
1779864683.604492,2445,2330,e_S
1779864683.60481,2530,2094,e_S
1779864683.608222,2311,2100,e_S
1779864683.6083488,2208,2148,e_S
1779864683.608428,2123,1806,e_S
1779864683.6098292,2053,1885,e_S
1779864683.611203,2120,1990,e_S
1779864683.612664,2184,1943,e_S
1779864683.615818,2145,1811,e_S
1779864683.621541,2073,1764,e_S
1779864683.6234188,1899,2019,e_S
1779864683.6241229,1954,2270,e_S
1779864683.6253629,2386,1939,e_S
1779864683.635832,1894,1991,e_S
1779864683.636024,1816,2025,e_S
1779864683.636249,2063,2150,e_S
1779864683.636483,2085,1916,e_S
1779864683.636645,2001,1983,e_S
1779864683.637698,2263,2322,e_S
1779864683.641563,2327,2127,e_S
1779864683.641988,2095,1919,e_S
1779864683.642092,2150,1913,e_S
1779864683.64356,2107,2190,e_S
1779864683.6449149,2091,2481,e_S
1779864683.652692,2253,2356,e_S
1779864683.6576629,2201,2327,e_S
1779864683.663157,2118,2198,e_S
1779864683.6666071,2053,2305,e_S
1779864683.667419,2028,2318,e_S
1779864683.6674979,1964,2248,e_S
1779864683.667551,2002,2305,e_S
1779864683.6676,1972,2415,e_S
1779864683.667649,2074,2290,e_S
1779864683.667698,2270,2250,e_S
1779864683.667746,2158,2157,e_S
1779864683.6690938,2130,2133,e_S
1779864683.671715,2101,2037,e_S
1779864683.673146,2027,1903,e_S
1779864683.683639,2084,2065,e_S
1779864683.68655,2108,2211,e_S
1779864683.688687,2258,2211,e_S
1779864683.6941922,2067,1994,e_S
1779864683.697397,2045,1965,e_S
1779864683.6986,2093,2094,e_S
1779864683.698741,2033,2013,e_S
1779864683.698881,1898,1945,e_S
1779864683.698959,1953,1834,e_S
1779864683.699025,2053,2013,e_S
1779864683.6991308,2101,2148,e_S
1779864683.699421,2000,2080,e_S
1779864683.699689,1985,1953,e_S
1779864683.705975,2029,2112,e_S
1779864683.708155,2050,2203,e_S
1779864683.716404,1995,1986,e_S
1779864683.731571,2037,2193,e_S
1779864683.731655,1977,2138,e_S
1779864683.731711,2038,2042,e_S
1779864683.731761,1962,2092,e_S
1779864683.731811,1990,2203,e_S
1779864683.731859,1973,2015,e_S
1779864683.731908,1987,2046,e_S
1779864683.731957,2106,2169,e_S
1779864683.7320051,2026,2051,e_S
1779864683.732053,2037,2076,e_S
1779864683.7321012,2015,2212,e_S
1779864683.732149,2052,2171,e_S
1779864683.732197,2095,2021,e_S
1779864683.772425,2092,1946,e_S
1779864683.772532,2015,2011,e_S
1779864683.772597,2001,2043,e_S
1779864683.7726562,2022,2105,e_S
1779864683.772715,2027,2039,e_S
1779864683.772773,1966,2291,e_S
1779864683.7728372,1867,2221,e_S
1779864683.772894,1981,2164,e_S
1779864683.77295,2048,2062,e_S
1779864683.7730072,2058,2111,e_S
1779864683.773063,1996,2147,e_S
1779864683.773119,2050,2051,e_S
1779864683.773176,2091,2020,e_S
1779864683.7732322,1992,2003,e_S
1779864683.773289,1969,2126,e_S
1779864683.773345,1969,2062,e_S
1779864683.7735198,2068,1961,e_S
1779864683.773602,2091,2104,e_S
1779864683.773663,2033,2000,e_S
1779864683.7737222,1994,1938,e_S
1779864683.773779,2040,2011,e_S
1779864683.775691,2037,2056,e_S
1779864683.77721,2022,2112,e_S
1779864683.778954,1967,2111,e_S
1779864683.7816541,2072,2046,e_S
1779864683.800143,2061,2021,e_S
1779864683.8089411,2082,2179,e_S
1779864683.8095202,2027,2173,e_S
1779864683.809719,2009,2121,e_S
1779864683.809819,2006,2065,e_S
1779864683.8098838,1932,2107,e_S
1779864683.809945,1994,2205,e_S
1779864683.8100119,2029,2131,e_S
1779864683.810074,2001,2125,e_S
1779864683.810134,2078,2115,e_S
1779864683.8101928,1985,2158,e_S
1779864683.810252,2121,2148,e_S
1779864683.810313,2157,2139,e_S
1779864683.8105001,2085,2055,e_S
1779864683.810678,1963,2093,e_S
1779864683.821311,2013,2050,e_S
1779864683.824298,2073,2028,e_S
1779864683.824647,2074,1995,e_S
1779864683.8251278,2044,2064,e_S
1779864683.830438,2064,2044,e_S
1779864683.835504,2125,1997,e_S
1779864683.8362272,2019,2161,e_S
1779864683.8399181,1960,2154,e_S
1779864683.8400419,2015,2203,e_S
1779864683.840108,2066,2164,e_S
1779864683.840522,2019,2218,e_S
1779864683.840668,2105,2174,e_S
1779864683.840755,2057,2260,e_S
1779864683.840818,2022,2210,e_S
1779864683.8408792,2023,2272,e_S
1779864683.843669,2047,2356,e_S
1779864683.845232,2041,2345,e_S
1779864683.846616,2142,2182,e_S
1779864683.8557131,2094,2102,e_S
1779864683.858067,1983,2183,e_S
1779864683.86095,2020,2237,e_S
1779864683.863437,2052,2111,e_S
1779864683.8667562,2044,1982,e_S
1779864683.871146,1904,2137,e_S
1779864683.871912,1972,2385,e_S
1779864683.8725262,2022,2386,e_S
1779864683.876199,1960,2276,e_S
1779864683.876597,2010,2260,e_S
1779864683.876734,2067,2321,e_S
1779864683.876937,1935,2302,e_S
1779864683.877023,2147,2187,e_S
1779864683.877163,2065,2168,e_S
1779864683.877341,2011,2257,e_S
1779864683.878742,1932,2126,e_S
1779864683.8864052,2090,1972,e_S
1779864683.887979,2120,1996,e_S
1779864683.888133,2059,1985,e_S
1779864683.8888168,2021,2047,e_S
1779864683.8910122,2023,2039,e_S
1779864683.89472,2067,2047,e_S
1779864683.9015129,2015,2074,e_S
1779864683.9026759,1975,2128,e_S
1779864683.9054651,2090,2079,e_S
1779864683.905735,2139,2080,e_S
1779864683.9072058,2038,2039,e_S
1779864683.907316,1966,2091,e_S
1779864683.907465,2055,2140,e_S
1779864683.9075358,2028,2076,e_S
1779864683.908907,1942,2038,e_S
1779864683.911674,1954,2123,e_S
1779864683.9132318,2054,2129,e_S
1779864683.914732,2067,2041,e_S
1779864683.9214668,2101,2033,e_S
1779864683.922409,2063,2085,e_S
1779864683.9230862,2029,2109,e_S
1779864683.925725,2064,2124,e_S
1779864683.9305978,2031,2217,e_S
1779864683.9343412,1934,2169,e_S
1779864683.937709,1918,2220,e_S
1779864683.938442,2039,2176,e_S
1779864683.939001,2034,2050,e_S
1779864683.939221,2085,2123,e_S
1779864683.9393878,2094,2184,e_S
1779864683.939484,2069,2106,e_S
1779864683.940811,2121,2099,e_S
1779864683.948002,2039,2127,e_S
1779864683.9504771,1821,2114,e_S
1779864683.952964,2021,2149,e_S
1779864683.953692,2122,2191,e_S
1779864683.959233,2062,2032,e_S
1779864683.963274,1984,2015,e_S
1779864683.963339,2060,2059,e_S
1779864683.963392,2085,2071,e_S
1779864683.9634418,1979,2059,e_S
1779864683.9634922,1942,2091,e_S
1779864683.9636102,2009,2130,e_S
1779864683.96502,2053,2093,e_S
1779864683.967971,2077,2067,e_S
1779864683.969313,1999,2110,e_S
1779864683.975652,1901,2098,e_S
1779864683.9815838,2076,2123,e_S
1779864683.9824672,2104,2086,e_S
1779864683.984373,2031,2079,e_S
1779864683.988106,1941,2098,e_S
1779864683.988446,2065,2028,e_S
1779864683.988648,2062,2050,e_S
1779864683.988939,2070,2048,e_S
1779864683.989226,1990,2081,e_S
1779864683.989645,1990,2079,e_S
1779864683.993962,2016,2064,e_S
1779864683.99414,1953,2063,e_S
1779864683.995737,1929,2123,e_S
1779864684.0046039,2093,2078,e_S
1779864684.004834,2115,2014,e_S
1779864684.005068,2051,2069,e_S
1779864684.006895,1951,2018,e_S
1779864684.007595,2050,2047,e_S
1779864684.009804,2107,2074,e_S
1779864684.009961,2004,2088,e_S
1779864684.014766,1959,2129,e_S
1779864684.0176709,2041,2100,e_S
1779864684.018785,2072,2119,e_S
1779864684.018869,2098,2074,e_S
1779864684.0189261,1984,2075,e_S
1779864684.0215209,2027,1999,e_S
1779864684.022849,2067,2002,e_S
1779864684.025439,1998,2050,e_S
1779864684.0326731,1932,2059,e_S
1779864684.035646,1978,2107,e_S
1779864684.0394828,2028,2070,e_S
1779864684.043484,2031,2015,e_S
1779864684.047495,2057,2063,e_S
1779864684.047604,2018,2126,e_S
1779864684.047766,2118,2091,e_S
1779864684.047881,2080,2079,e_S
1779864684.048023,1988,2115,e_S
1779864684.0481439,1989,2148,e_S
1779864684.048265,2071,2103,e_S
1779864684.049609,2040,2138,e_S
1779864684.055306,1983,2124,e_S
1779864684.057172,1982,2175,e_S
1779864684.0597792,2066,2155,e_S
1779864684.06418,2032,2127,e_S
1779864684.070849,1978,2110,e_S
1779864684.0717828,2020,2231,e_S
1779864684.071851,2080,2187,e_S
1779864684.0719051,2095,2061,e_S
1779864684.071978,2067,2076,e_S
1779864684.0720499,2067,2076,e_S
1779864684.072108,2022,2108,e_S
1779864684.073441,2062,2030,e_S
1779864684.0749571,2043,2125,e_S
1779864684.0776489,1946,2154,e_S
1779864684.083733,1960,2115,e_S
1779864684.088109,2025,2105,e_S
1779864684.090889,2097,2092,e_S
1779864684.1002262,2064,2035,e_S
1779864684.100485,2048,2070,e_S
1779864684.10059,2150,2121,e_S
1779864684.10066,2012,2078,e_S
1779864684.1007261,1889,2124,e_S
1779864684.100787,1931,2147,e_S
1779864684.100847,2020,2117,e_S
1779864684.100907,2086,2081,e_S
1779864684.1012192,2109,2079,e_S
1779864684.103598,2021,2064,e_S
1779864684.109744,1974,2104,e_S
1779864684.1121511,1955,2078,e_S
1779864684.1143858,2077,2046,e_S
1779864684.1164749,2065,2082,e_S
1779864684.116579,2003,2091,e_S
1779864684.118988,2048,2076,e_S
1779864684.122994,2019,2053,e_S
1779864684.128439,1978,2064,e_S
1779864684.128522,2020,2103,e_S
1779864684.128652,2078,2036,e_S
1779864684.1292968,2010,2019,e_S
1779864684.1294432,1986,2121,e_S
1779864684.129816,2036,2167,e_S
1779864684.1313338,2054,2085,e_S
1779864684.1326761,2124,2115,e_S
1779864684.136097,2035,2114,e_S
1779864684.164577,1981,2147,e_S
1779864684.164702,2106,2077,e_S
1779864684.165441,2083,2051,e_S
1779864684.165608,1985,2106,e_S
1779864684.166065,1929,2135,e_S
1779864684.166434,2044,2064,e_S
1779864684.166511,2111,2043,e_S
1779864684.167101,2138,2066,e_S
1779864684.172916,1990,2084,e_S
1779864684.176011,1999,2069,e_S
1779864684.190689,2005,2039,e_S
1779864684.191731,2027,2063,e_S
1779864684.191862,1963,2122,e_S
1779864684.1920168,2036,2186,e_S
1779864684.19211,2079,2151,e_S
1779864684.1922188,2029,2066,e_S
1779864684.1923552,1982,2014,e_S
1779864684.192446,2049,2072,e_S
1779864684.192518,2123,2091,e_S
1779864684.19261,2017,2097,e_S
1779864684.192727,1960,2109,e_S
1779864684.192835,2004,2148,e_S
1779864684.1929028,2094,2039,e_S
1779864684.192965,2101,2075,e_S
1779864684.1930282,2123,2112,e_S
1779864684.1931882,1992,2129,e_S
1779864684.193558,2030,2068,e_S
1779864684.193693,2051,2097,e_S
1779864684.193878,2014,2092,e_S
1779864684.1952481,1980,2145,e_S
1779864684.196576,2040,2159,e_S
1779864684.198936,2072,1994,e_S
1779864684.204863,2046,2007,e_S
1779864684.2055948,1984,2076,e_S
1779864684.209259,2017,2070,e_S
1779864684.212165,2044,2010,e_S
1779864684.221657,1990,2061,e_S
1779864684.221739,1951,2097,e_S
1779864684.2218711,1968,2124,e_S
1779864684.221925,2010,2131,e_S
1779864684.222076,2095,2093,e_S
1779864684.2221382,2055,2011,e_S
1779864684.2226691,2024,2081,e_S
1779864684.222861,2119,2096,e_S
1779864684.243535,2107,2082,e_S
1779864684.247143,2007,2117,e_S
1779864684.247217,2029,2137,e_S
1779864684.247353,2056,2049,e_S
1779864684.2474859,2075,2037,e_S
1779864684.2476008,2129,2041,e_S
1779864684.2477949,1985,2071,e_S
1779864684.2479732,2011,2082,e_S
1779864684.2481222,2002,2070,e_S
1779864684.2482822,1991,2117,e_S
1779864684.2483368,1971,2142,e_S
1779864684.248435,2015,2103,e_S
1779864684.248517,2032,2009,e_S
1779864684.2521632,2076,2030,e_S
1779864684.254077,2062,2115,e_S
1779864684.265483,2008,2072,e_S
1779864684.269131,2114,2051,e_S
1779864684.271457,2031,2122,e_S
1779864684.2761269,1985,2185,e_S
1779864684.279455,1956,2098,e_S
1779864684.280776,2094,2065,e_S
1779864684.280898,2054,2062,e_S
1779864684.2810152,2034,2012,e_S
1779864684.2811599,2042,2043,e_S
1779864684.281315,2035,2062,e_S
1779864684.281491,2029,2068,e_S
1779864684.281543,2026,2029,e_S
1779864684.281686,2010,2085,e_S
1779864684.281738,2125,2096,e_S
1779864684.283189,1982,2092,e_S
1779864684.289641,2050,2083,e_S
1779864684.295831,2099,2096,e_S
1779864684.303087,2110,2077,e_S
1779864684.3032541,2054,2079,e_S
1779864684.3035688,1923,2063,e_S
1779864684.3038652,2003,2156,e_S
1779864684.30466,1992,2038,e_S
1779864684.3049312,1999,2004,e_S
1779864684.305253,2015,2097,e_S
1779864684.308838,2049,2118,e_S
1779864684.309226,2045,2068,e_S
1779864684.309312,2010,2087,e_S
1779864684.309379,2035,2162,e_S
1779864684.311224,2028,2132,e_S
1779864684.312744,2105,2073,e_S
1779864684.3154612,2080,2057,e_S
1779864684.316896,2028,2057,e_S
1779864684.323377,2031,2083,e_S
1779864684.324217,2076,2093,e_S
1779864684.3286028,2089,2020,e_S
1779864684.331622,1989,2021,e_S
1779864684.336799,1911,2110,e_S
1779864684.337234,2020,2174,e_S
1779864684.337782,2134,2166,e_S
1779864684.338134,2089,2108,e_S
1779864684.3384142,2048,2050,e_S
1779864684.338806,2042,2111,e_S
1779864684.341619,2048,2095,e_S
1779864684.34209,2018,2054,e_S
1779864684.3436139,1966,2069,e_S
1779864684.345172,1945,2157,e_S
1779864684.354412,2027,2121,e_S
1779864684.35504,2016,2054,e_S
1779864684.368701,2002,2030,e_S
1779864684.368804,2030,2113,e_S
1779864684.368895,2095,2098,e_S
1779864684.368972,2105,2015,e_S
1779864684.369036,2036,2060,e_S
1779864684.369303,2004,2149,e_S
1779864684.369407,2093,2117,e_S
1779864684.369465,2059,2001,e_S
1779864684.3695219,2062,2046,e_S
1779864684.369802,2018,2062,e_S
1779864684.371376,2043,2109,e_S
1779864684.372648,2047,2044,e_S
1779864684.375242,1966,2066,e_S
1779864684.399343,1899,2130,e_S
1779864684.4003,2072,2105,e_S
1779864684.400725,2094,1992,e_S
1779864684.4008288,2081,2030,e_S
1779864684.400894,2032,2048,e_S
1779864684.40101,2013,2222,e_S
1779864684.4012449,2138,2220,e_S
1779864684.401361,2121,2208,e_S
1779864684.401427,2109,2215,e_S
1779864684.401504,1926,2239,e_S
1779864684.4015648,1988,2187,e_S
1779864684.40166,2022,2171,e_S
1779864684.402157,2019,2096,e_S
1779864684.413574,2235,2055,e_S
1779864684.423223,2154,2000,e_S
1779864684.42384,1953,2082,e_S
1779864684.427606,1751,2077,e_S
1779864684.427706,1915,2143,e_S
1779864684.4278588,2010,2101,e_S
1779864684.428279,2281,2021,e_S
1779864684.428635,2305,2145,e_S
1779864684.428726,1978,2163,e_S
1779864684.429492,2106,2048,e_S
1779864684.429557,1969,2055,e_S
1779864684.429665,1977,2168,e_S
1779864684.429725,2155,1961,e_S
1779864684.429782,2451,2020,e_S
1779864684.431178,3231,1842,e_S
1779864684.432708,2032,2385,e_S
1779864684.443549,1807,2020,e_S
1779864684.448828,1142,2203,e_S
1779864684.45607,1357,2069,e_S
1779864684.457115,2247,2147,e_S
1779864684.460907,1883,2101,e_S
1779864684.461142,1969,2027,e_S
1779864684.4612339,2065,2161,e_S
1779864684.461353,2446,1942,e_S
1779864684.461514,1711,2268,e_S
1779864684.461644,1414,2132,e_S
1779864684.461798,1945,2003,e_S
1779864684.4619431,2518,2020,e_S
1779864684.462042,2292,2158,e_S
1779864684.4621282,1698,2252,e_S
1779864684.463468,1583,2226,e_S
1779864684.471274,2052,2068,e_S
1779864684.475164,1929,2120,e_S
1779864684.531156,2010,2067,e_S
1779864684.5314581,2410,2079,e_S
1779864684.531588,2508,1833,e_S
1779864684.531651,1977,2229,e_S
1779864684.531713,2100,2227,e_S
1779864684.531772,2276,2076,e_S
1779864684.5318668,2183,2253,e_S
1779864684.5322108,1727,2173,e_S
1779864684.532402,1620,2048,e_S
1779864684.532532,2009,2057,e_S
1779864684.532661,2238,2044,e_S
1779864684.5328379,2568,1938,e_S
1779864684.532966,2114,2231,e_S
1779864684.533064,1690,2204,e_S
1779864684.533171,2253,1856,e_S
1779864684.533313,2215,2213,e_S
1779864684.53339,2001,2163,e_S
1779864684.53347,1986,2176,e_S
1779864684.53354,2057,2060,e_S
1779864684.5336041,2275,2153,e_S
1779864684.533664,2356,2048,e_S
1779864684.5337422,2150,2113,e_S
1779864684.533803,2013,2189,e_S
1779864684.534646,1981,2059,e_S
1779864684.534799,2139,2002,e_S
1779864684.534875,2034,2044,e_S
1779864684.5349388,2034,2072,e_S
1779864684.535014,2058,2300,e_S
1779864684.5350862,1943,2276,e_S
1779864684.53518,1576,2103,e_S
1779864684.5352871,1598,2179,e_S
1779864684.53536,1925,2149,e_S
1779864684.535465,2141,2105,e_S
1779864684.535763,2372,2106,e_S
1779864684.5371861,2934,1975,e_S
1779864684.538555,2263,2344,e_S
1779864684.541166,1884,2137,e_S
1779864684.54252,2043,2110,e_S
1779864684.546059,2092,2089,e_S
1779864684.5554318,2091,2096,e_S
1779864684.5595992,2053,2204,e_S
1779864684.5723882,2177,2063,e_S
1779864684.572769,2205,2060,e_S
1779864684.573015,2215,2080,e_S
1779864684.573164,2075,1897,e_S
1779864684.573341,2059,1899,e_S
1779864684.5736792,2093,2071,e_S
1779864684.573903,2143,2094,e_S
1779864684.574054,2186,2104,e_S
1779864684.574199,2085,2327,e_S
1779864684.574381,2400,2156,e_S
1779864684.574603,2207,2066,e_S
1779864684.574771,1987,2161,e_S
1779864684.574949,2303,2026,e_S
1779864684.595844,2369,2215,e_S
1779864684.596528,2049,2206,e_S
1779864684.596807,1813,2000,e_S
1779864684.600597,2142,1917,e_S
1779864684.6006799,2088,1749,e_S
1779864684.6007419,1852,1849,e_S
1779864684.6008,2133,1653,e_S
1779864684.600909,2155,1867,e_S
1779864684.601381,2210,1872,e_S
1779864684.60144,2005,1851,e_S
1779864684.6014981,2016,1760,e_S
1779864684.601554,2167,1661,e_S
1779864684.6016371,2336,1700,e_S
1779864684.604178,2250,1802,e_S
1779864684.6056051,2080,1845,e_S
1779864684.607079,2218,1777,e_S
1779864684.608989,2066,1813,e_S
1779864684.6367419,1795,1852,e_S
1779864684.637596,2136,1774,e_S
1779864684.637677,2395,1805,e_S
1779864684.6377401,2653,1593,e_S
1779864684.6382,1855,2199,e_S
1779864684.6384718,1654,1933,e_S
1779864684.638626,1978,1696,e_S
1779864684.63873,2335,1672,e_S
1779864684.638942,2123,1807,e_S
1779864684.639765,1984,1549,e_S
1779864684.6399,2225,1645,e_S
1779864684.650801,2275,1896,e_S
1779864684.6601,2263,1901,e_S
1779864684.665499,2220,1663,e_S
1779864684.665653,2381,1607,e_S
1779864684.6657438,2701,1468,e_S
1779864684.665808,2472,1828,e_S
1779864684.665967,1860,2045,e_S
1779864684.6661708,2091,1714,e_S
1779864684.666355,2149,1720,e_S
1779864684.666432,1773,1803,e_S
1779864684.673782,1735,1749,e_S
1779864684.682358,2107,1802,e_S
1779864684.691396,2050,2049,e_S
1779864684.695795,2188,2101,e_S
1779864684.6969972,2034,2022,e_S
1779864684.70167,1969,2037,e_S
1779864684.702023,2298,1955,e_S
1779864684.702105,2479,1819,e_S
1779864684.702374,2252,2215,e_S
1779864684.702533,2375,2172,e_S
1779864684.702695,2592,1981,e_S
1779864684.7027972,2615,1949,e_S
1779864684.7028859,1989,2291,e_S
1779864684.7029812,1619,2366,e_S
1779864684.703072,2133,2285,e_S
1779864684.703187,2261,2359,e_S
1779864684.703277,2210,2265,e_S
1779864684.703379,1722,2272,e_S
1779864684.703445,1661,2098,e_S
1779864684.7035499,1880,2233,e_S
1779864684.7038562,2134,2236,e_S
1779864684.7049391,2265,2107,e_S
1779864684.7050612,2567,1994,e_S
1779864684.71648,2196,1898,e_S
1779864684.721929,2067,2324,e_S
1779864684.7317078,2041,2197,e_S
1779864684.731806,2398,2063,e_S
1779864684.731956,2730,2040,e_S
1779864684.732041,2374,2337,e_S
1779864684.732105,1757,2244,e_S
1779864684.7323651,1832,2153,e_S
1779864684.7324889,2180,2088,e_S
1779864684.7327318,2279,2103,e_S
1779864684.7328398,2356,1910,e_S
1779864684.7330382,2235,1826,e_S
1779864684.733113,2094,1863,e_S
1779864684.733634,2154,1984,e_S
1779864684.7344792,2317,2111,e_S
1779864684.736577,2354,2196,e_S
1779864684.736774,2166,2110,e_S
1779864684.737094,1781,2117,e_S
1779864684.737163,2092,2021,e_S
1779864684.737227,2342,2301,e_S
1779864684.738702,2163,2052,e_S
1779864684.757826,1978,1928,e_S
1779864684.7666628,1907,1850,e_S
1779864684.766839,2240,1967,e_S
1779864684.7966971,2421,1873,e_S
1779864684.796869,2596,1827,e_S
1779864684.7969458,2206,2083,e_S
1779864684.797014,2116,1916,e_S
1779864684.797079,2126,1978,e_S
1779864684.797139,2224,1985,e_S
1779864684.7972028,1886,2220,e_S
1779864684.7972631,1870,2160,e_S
1779864684.797324,1979,2182,e_S
1779864684.797384,2022,2106,e_S
1779864684.797444,2072,1832,e_S
1779864684.797503,2157,1827,e_S
1779864684.7975612,2178,2064,e_S
1779864684.79762,2357,2122,e_S
1779864684.7976801,2110,2092,e_S
1779864684.79774,2189,1871,e_S
1779864684.797855,2528,1789,e_S
1779864684.79792,2120,2133,e_S
1779864684.7979789,1898,2107,e_S
1779864684.798038,2229,1946,e_S
1779864684.7980978,2169,2065,e_S
1779864684.7981591,2248,1765,e_S
1779864684.7982569,2127,1857,e_S
1779864684.798393,1977,2138,e_S
1779864684.7984588,1963,2134,e_S
1779864684.79852,2083,2204,e_S
1779864684.798582,2257,2128,e_S
1779864684.801422,2250,2051,e_S
1779864684.8035982,2314,2051,e_S
1779864684.8055522,2264,2157,e_S
1779864684.8200011,2057,1971,e_S
1779864684.821032,2487,2029,e_S
1779864684.828167,1869,2299,e_S
1779864684.828795,1808,2044,e_S
1779864684.832659,2203,1665,e_S
1779864684.832818,2179,1783,e_S
1779864684.832984,2182,1974,e_S
1779864684.83305,1936,2104,e_S
1779864684.8331032,2186,1933,e_S
1779864684.8333251,2427,2053,e_S
1779864684.833411,2447,2015,e_S
1779864684.833463,1954,2228,e_S
1779864684.833552,2082,1956,e_S
1779864684.833653,2335,2064,e_S
1779864684.854966,2529,1872,e_S
1779864684.8555882,2159,2205,e_S
1779864684.8563998,1998,2203,e_S
1779864684.860115,2227,2013,e_S
1779864684.860594,2060,2030,e_S
1779864684.860948,2129,2169,e_S
1779864684.861016,2280,2066,e_S
1779864684.861335,2371,2119,e_S
1779864684.861512,2387,2055,e_S
1779864684.86171,2270,2001,e_S
1779864684.86186,2497,1873,e_S
1779864684.862051,2425,1977,e_S
1779864684.862251,2310,2055,e_S
1779864684.862379,2335,1916,e_S
1779864684.862473,2561,2090,e_S
1779864684.865379,2235,2198,e_S
1779864684.8818932,2187,2335,e_S
1779864684.8888378,1925,2098,e_S
1779864684.889408,2124,2183,e_S
1779864684.890015,2315,2207,e_S
1779864684.890632,1907,2223,e_S
1779864684.894392,1984,2069,e_S
1779864684.894505,2101,2172,e_S
1779864684.894573,2266,2141,e_S
1779864684.89471,2248,2053,e_S
1779864684.894787,2163,2173,e_S
1779864684.89485,2212,2086,e_S
1779864684.894909,2170,2145,e_S
1779864684.894967,2178,2099,e_S
1779864684.895027,2176,2028,e_S
1779864684.8952162,2300,2055,e_S
1779864684.8967621,2425,2158,e_S
1779864684.905065,2322,2069,e_S
1779864684.905259,2172,2086,e_S
1779864684.921603,1914,2047,e_S
1779864684.9226189,1978,2192,e_S
1779864684.9227479,2053,2068,e_S
1779864684.9231071,1890,2171,e_S
1779864684.9233139,1826,2109,e_S
1779864684.92352,2049,2038,e_S
1779864684.923622,2202,2099,e_S
1779864684.923736,2346,2106,e_S
1779864684.923868,2149,2094,e_S
1779864684.9239712,2181,2131,e_S
1779864684.924043,2176,2016,e_S
1779864684.925598,2124,2041,e_S
1779864684.927041,2308,1899,e_S
1779864684.928424,2124,2115,e_S
1779864684.938297,1797,2345,e_S
1779864684.9414852,1899,2121,e_S
1779864684.9515069,1990,1960,e_S
1779864684.9557629,2198,1934,e_S
1779864684.9558709,2405,2021,e_S
1779864684.9561741,1896,2196,e_S
1779864684.956388,1950,2058,e_S
1779864684.9565928,1844,2123,e_S
1779864684.9568481,1970,2086,e_S
1779864684.957026,2361,1945,e_S
1779864684.957155,2339,2039,e_S
1779864684.957249,1999,2102,e_S
1779864684.9573388,1872,2044,e_S
1779864684.957427,2009,1887,e_S
1779864684.959829,2156,2058,e_S
1779864684.98478,2079,2200,e_S
1779864684.984971,1873,2215,e_S
1779864684.985037,1984,2037,e_S
1779864684.985177,2494,1924,e_S
1779864684.985253,2206,2223,e_S
1779864684.985392,1783,2032,e_S
1779864684.985455,2074,2039,e_S
1779864684.985514,1982,2112,e_S
1779864684.9856892,2330,2248,e_S
1779864684.985811,2111,2087,e_S
1779864684.985972,1957,2058,e_S
1779864684.986248,2067,2097,e_S
1779864684.986393,1941,2028,e_S
1779864684.986455,2121,2180,e_S
1779864684.988938,2423,2008,e_S
1779864684.9915679,2297,2053,e_S
1779864684.998881,1987,2212,e_S
1779864685.0033631,2018,2078,e_S
1779864685.006133,2120,2132,e_S
1779864685.00643,2126,1946,e_S
1779864685.006579,2177,1996,e_S
1779864685.0131562,2186,2099,e_S
1779864685.013953,2421,1897,e_S
1779864685.014336,1941,2162,e_S
1779864685.01766,2718,1908,e_S
1779864685.018004,3020,1854,e_S
1779864685.0184882,1606,2380,e_S
1779864685.018655,2081,2158,e_S
1779864685.0187142,1782,2080,e_S
1779864685.018791,1450,2070,e_S
1779864685.0253491,1601,2049,e_S
1779864685.0271208,1818,2031,e_S
1779864685.031435,1915,2069,e_S
1779864685.032853,1788,2052,e_S
1779864685.038638,1942,2080,e_S
1779864685.038979,2258,2077,e_S
1779864685.039304,2347,2142,e_S
1779864685.0394518,2193,2055,e_S
1779864685.039745,2707,1903,e_S
1779864685.042212,2292,2136,e_S
1779864685.0431318,2113,2108,e_S
1779864685.043285,2490,1932,e_S
1779864685.0447192,2161,2132,e_S
1779864685.047332,1723,2292,e_S
1779864685.048873,1857,2117,e_S
1779864685.056111,2085,2029,e_S
1779864685.056907,2236,1960,e_S
1779864685.057559,1900,2192,e_S
1779864685.062359,1866,2143,e_S
1779864685.068664,1826,2155,e_S
1779864685.069246,1886,2188,e_S
1779864685.0716732,2230,2138,e_S
1779864685.07265,2404,1984,e_S
1779864685.072742,2294,1944,e_S
1779864685.072803,2169,1901,e_S
1779864685.0729222,2777,1863,e_S
1779864685.073045,2140,2346,e_S
1779864685.07443,2006,2127,e_S
1779864685.081995,1789,2033,e_S
1779864685.08455,1720,2054,e_S
1779864685.0871282,2237,2093,e_S
1779864685.0895941,2392,1963,e_S
1779864685.097059,2417,2061,e_S
1779864685.0972002,2213,2191,e_S
1779864685.0973608,1758,2030,e_S
1779864685.097541,2468,1865,e_S
1779864685.09761,2496,2077,e_S
1779864685.097666,1609,2241,e_S
1779864685.097764,2118,2079,e_S
1779864685.099123,2306,2097,e_S
1779864685.100468,1978,2199,e_S
1779864685.102941,1975,2271,e_S
1779864685.1089542,1887,2220,e_S
1779864685.113299,1883,1959,e_S
1779864685.113787,2100,1946,e_S
1779864685.116701,2154,2325,e_S
1779864685.122079,2241,2229,e_S
1779864685.122399,2311,2014,e_S
1779864685.122829,2230,2086,e_S
1779864685.122991,2242,2063,e_S
1779864685.123167,2256,2047,e_S
1779864685.123379,2246,1835,e_S
1779864685.1266298,2144,2139,e_S
1779864685.1270242,1958,2181,e_S
1779864685.128296,2033,1994,e_S
1779864685.136523,2300,1961,e_S
1779864685.137239,2328,2022,e_S
1779864685.137399,2297,2207,e_S
1779864685.139657,2328,2055,e_S
1779864685.1398568,2037,2130,e_S
1779864685.147708,1772,2151,e_S
1779864685.148265,1775,2245,e_S
1779864685.1487172,1828,2223,e_S
1779864685.148944,1692,2085,e_S
1779864685.1492102,1801,2078,e_S
1779864685.15225,1842,2173,e_S
1779864685.1523101,1911,2070,e_S
1779864685.154907,1990,2012,e_S
1779864685.1563032,2012,1920,e_S
1779864685.159095,2702,1924,e_S
1779864685.164722,2472,2044,e_S
1779864685.166035,2233,2192,e_S
1779864685.170793,1929,2073,e_S
1779864685.171615,2042,2117,e_S
1779864685.173279,2346,1890,e_S
1779864685.17756,1932,2167,e_S
1779864685.1804001,1828,2270,e_S
1779864685.181173,1652,2176,e_S
1779864685.1816099,2607,1981,e_S
1779864685.18175,2737,2074,e_S
1779864685.181961,1530,2200,e_S
1779864685.183381,1554,2134,e_S
1779864685.189868,1770,2055,e_S
1779864685.190787,1961,2149,e_S
1779864685.192012,2013,2163,e_S
1779864685.199202,2018,2183,e_S
1779864685.1995509,1834,2148,e_S
1779864685.203739,2066,2119,e_S
1779864685.204433,2115,2028,e_S
1779864685.20795,2114,2033,e_S
1779864685.208129,2216,1985,e_S
1779864685.2082,2226,2107,e_S
1779864685.208253,2195,2064,e_S
1779864685.208302,2257,2032,e_S
1779864685.208409,2228,1835,e_S
1779864685.2115872,1977,2104,e_S
1779864685.212991,2083,2473,e_S
1779864685.215534,2081,2106,e_S
1779864685.223507,1861,2083,e_S
1779864685.2260401,2087,1879,e_S
1779864685.2294478,2194,2147,e_S
1779864685.2354932,2050,2069,e_S
1779864685.2360802,1778,2168,e_S
1779864685.236665,1600,2165,e_S
1779864685.236912,1897,2187,e_S
1779864685.240789,2203,1998,e_S
1779864685.2409852,2335,2019,e_S
1779864685.2411578,1971,2059,e_S
1779864685.2412841,1908,2084,e_S
1779864685.241389,2225,1977,e_S
1779864685.241514,1951,2093,e_S
1779864685.242814,1890,2150,e_S
1779864685.2512388,1877,2296,e_S
1779864685.254518,2125,2130,e_S
1779864685.257529,2135,1983,e_S
1779864685.263409,2516,1862,e_S
1779864685.2642298,2502,1963,e_S
1779864685.264746,1934,2288,e_S
1779864685.2677062,1402,2189,e_S
1779864685.26878,1723,1948,e_S
1779864685.2688699,1964,2042,e_S
1779864685.26894,1637,2265,e_S
1779864685.269003,1877,2163,e_S
1779864685.269067,1865,2170,e_S
1779864685.269186,1686,2162,e_S
1779864685.2705889,1937,2099,e_S
1779864685.2733371,2190,1947,e_S
1779864685.2749052,2234,2007,e_S
1779864685.2826471,2232,2166,e_S
1779864685.29301,1991,2192,e_S
1779864685.2990222,2013,2024,e_S
1779864685.3025799,2089,1981,e_S
1779864685.303026,1965,2071,e_S
1779864685.3033652,2017,2115,e_S
1779864685.303566,2133,2064,e_S
1779864685.303691,2024,2154,e_S
1779864685.303765,2015,2217,e_S
1779864685.3038368,2037,2118,e_S
1779864685.303954,2143,2112,e_S
1779864685.304047,2005,2108,e_S
1779864685.30425,1976,2024,e_S
1779864685.3043342,1884,2129,e_S
1779864685.304679,2058,2120,e_S
1779864685.3133922,1930,2018,e_S
1779864685.31806,1892,2063,e_S
1779864685.321773,2105,2103,e_S
1779864685.329338,1964,2129,e_S
1779864685.330086,1846,2067,e_S
1779864685.330501,1787,2075,e_S
1779864685.335016,1863,2086,e_S
1779864685.3353758,1924,2083,e_S
1779864685.335506,1974,2042,e_S
1779864685.33566,1962,2071,e_S
1779864685.335809,1996,2157,e_S
1779864685.3358889,1968,2142,e_S
1779864685.335962,1955,2009,e_S
1779864685.336123,2096,2066,e_S
1779864685.336218,2108,2111,e_S
1779864685.336294,1895,2130,e_S
1779864685.338944,1861,2062,e_S
1779864685.340445,1855,2074,e_S
1779864685.3429928,1898,2073,e_S
1779864685.357301,1942,2099,e_S
1779864685.364751,1922,2124,e_S
1779864685.365437,1735,2133,e_S
1779864685.369215,1761,1997,e_S
1779864685.369456,1806,1946,e_S
1779864685.3697221,1826,1948,e_S
1779864685.3697898,1833,1956,e_S
1779864685.369875,1756,2138,e_S
1779864685.3699598,1764,2111,e_S
1779864685.370029,1826,1967,e_S
1779864685.370176,1879,1872,e_S
1779864685.370477,1957,1980,e_S
1779864685.370564,1854,2004,e_S
1779864685.371458,1782,2148,e_S
1779864685.3803468,1828,2077,e_S
1779864685.390269,1755,2035,e_S
1779864685.4001439,1780,2192,e_S
1779864685.401144,1728,2064,e_S
1779864685.401373,1730,1904,e_S
1779864685.401576,1752,1835,e_S
1779864685.4022532,1778,1880,e_S
1779864685.4024582,1817,2013,e_S
1779864685.4026399,1832,1872,e_S
1779864685.402731,1790,1909,e_S
1779864685.40298,1761,1942,e_S
1779864685.403084,1705,2019,e_S
1779864685.403373,1797,2107,e_S
1779864685.4035032,1817,2129,e_S
1779864685.4035761,1846,2175,e_S
1779864685.40371,1751,2119,e_S
1779864685.405185,1748,2083,e_S
1779864685.406541,1822,2149,e_S
1779864685.421555,1822,2120,e_S
1779864685.431265,1728,2210,e_S
1779864685.432367,1770,2217,e_S
1779864685.432487,1891,2200,e_S
1779864685.4326599,1875,2211,e_S
1779864685.432796,1848,2124,e_S
1779864685.432992,1894,2161,e_S
1779864685.433066,1907,2042,e_S
1779864685.433265,1931,1927,e_S
1779864685.433367,1916,1950,e_S
1779864685.433436,1882,1960,e_S
1779864685.433512,1967,1912,e_S
1779864685.433573,2036,1894,e_S
1779864685.4350002,1899,1851,e_S
1779864685.441699,1825,1889,e_S
1779864685.44685,1927,1995,e_S
1779864685.447359,1984,1874,e_S
1779864685.453284,1932,1942,e_S
1779864685.453869,1835,2074,e_S
1779864685.459105,1871,1972,e_S
1779864685.4594738,2024,1972,e_S
1779864685.4633799,2016,1944,e_S
1779864685.463907,1931,1985,e_S
1779864685.463983,1975,2089,e_S
1779864685.4640472,1937,2060,e_S
1779864685.464177,1840,1946,e_S
1779864685.464365,1693,1991,e_S
1779864685.464514,1916,2037,e_S
1779864685.46466,2000,2133,e_S
1779864685.4674618,2022,2085,e_S
1779864685.469179,1988,1968,e_S
1779864685.4705799,1865,2005,e_S
1779864685.479627,1989,2034,e_S
1779864685.479938,2016,2260,e_S
1779864685.487214,1964,2341,e_S
1779864685.4883552,1915,2239,e_S
1779864685.490913,1995,2164,e_S
1779864685.49965,2037,2320,e_S
1779864685.499973,2043,2282,e_S
1779864685.501091,1885,2221,e_S
1779864685.5012171,2092,2164,e_S
1779864685.502069,2121,2305,e_S
1779864685.502145,2124,2220,e_S
1779864685.502263,1880,1951,e_S
1779864685.502439,1789,1801,e_S
1779864685.502563,1871,2009,e_S
1779864685.502691,2106,2109,e_S
1779864685.502753,2154,2108,e_S
1779864685.509748,2018,2038,e_S
1779864685.509818,2080,2045,e_S
1779864685.509888,1924,1991,e_S
1779864685.517916,1900,1886,e_S
1779864685.5208478,1918,2189,e_S
1779864685.525877,2314,2239,e_S
1779864685.529662,2091,2075,e_S
1779864685.531075,2082,2034,e_S
1779864685.5312169,2066,2027,e_S
1779864685.5314078,2046,2063,e_S
1779864685.5315788,2051,2026,e_S
1779864685.5317068,2084,2110,e_S
1779864685.531927,2157,2069,e_S
1779864685.532019,2103,2053,e_S
1779864685.5334232,2027,2080,e_S
1779864685.53491,1975,2070,e_S
1779864685.5365021,2034,2127,e_S
1779864685.546797,2093,2054,e_S
1779864685.550882,1940,1802,e_S
1779864685.5513332,1921,1948,e_S
1779864685.551883,1880,2386,e_S
1779864685.5576398,2032,2311,e_S
1779864685.562668,2187,2284,e_S
1779864685.563586,1865,2371,e_S
1779864685.567858,1868,2360,e_S
1779864685.5685692,2068,2303,e_S
1779864685.56888,2181,2291,e_S
1779864685.569608,1841,2321,e_S
1779864685.569769,2114,2722,e_S
1779864685.569895,2219,2424,e_S
1779864685.5700421,2035,2139,e_S
1779864685.570155,2138,2341,e_S
1779864685.570348,2167,2660,e_S
1779864685.570888,2182,2099,e_S
1779864685.582336,2111,2077,e_S
1779864685.5876899,2069,2351,e_S
1779864685.5925162,1981,2559,e_S
1779864685.593843,2150,2212,e_S
1779864685.59469,2008,2091,e_S
1779864685.5986922,2055,2166,e_S
1779864685.598853,1960,2136,e_S
1779864685.5989451,1998,2133,e_S
1779864685.599013,1959,2140,e_S
1779864685.599102,2218,2119,e_S
1779864685.599168,2403,2478,e_S
1779864685.59923,2115,2410,e_S
1779864685.599296,2283,2231,e_S
1779864685.599534,2344,2135,e_S
1779864685.601001,2216,2169,e_S
1779864685.602595,1959,2029,e_S
1779864685.605349,2210,2092,e_S
1779864685.6209059,2026,2254,e_S
1779864685.625458,2211,2186,e_S
1779864685.6335611,2079,1993,e_S
1779864685.635187,2139,2065,e_S
1779864685.6358242,2447,2095,e_S
1779864685.6366668,2270,2046,e_S
1779864685.641524,2054,2064,e_S
1779864685.641772,2177,2183,e_S
1779864685.641922,2258,2082,e_S
1779864685.642,2264,1998,e_S
1779864685.642121,1984,1994,e_S
1779864685.642208,1913,2003,e_S
1779864685.642275,2133,2206,e_S
1779864685.642345,2086,2017,e_S
1779864685.642414,2217,2050,e_S
1779864685.642486,2182,2155,e_S
1779864685.642547,2194,2099,e_S
1779864685.6426182,2119,2129,e_S
1779864685.642677,2069,2321,e_S
1779864685.645752,1913,2508,e_S
1779864685.660054,2071,2481,e_S
1779864685.664235,2124,2470,e_S
1779864685.6727319,2063,2423,e_S
1779864685.673337,2058,2486,e_S
1779864685.673923,2069,2461,e_S
1779864685.6746209,2085,2362,e_S
1779864685.6753201,2111,2357,e_S
1779864685.6802702,2068,2405,e_S
1779864685.680434,2081,2410,e_S
1779864685.680511,2053,2211,e_S
1779864685.680616,2064,1995,e_S
1779864685.680686,2019,2131,e_S
1779864685.680754,2073,2161,e_S
1779864685.680819,2083,2135,e_S
1779864685.680896,2061,2132,e_S
1779864685.68096,2011,2106,e_S
1779864685.681047,1956,2034,e_S
1779864685.681118,2166,1972,e_S
1779864685.6826959,2125,1893,e_S
1779864685.685452,2023,2026,e_S
1779864685.686877,2008,2237,e_S
1779864685.688281,2056,2170,e_S
1779864685.696519,2147,2165,e_S
1779864685.699517,1965,2164,e_S
1779864685.703609,1836,2305,e_S
1779864685.7064068,2019,2316,e_S
1779864685.709601,2124,2344,e_S
1779864685.714741,1989,2191,e_S
1779864685.715724,1930,2235,e_S
1779864685.720762,2106,2338,e_S
1779864685.721188,2026,2287,e_S
1779864685.721397,2019,2273,e_S
1779864685.721528,1872,2403,e_S
1779864685.721694,1994,2396,e_S
1779864685.721833,2106,2303,e_S
1779864685.7219741,2071,2283,e_S
1779864685.722047,2069,2290,e_S
1779864685.722168,2044,2248,e_S
1779864685.7222579,2020,2204,e_S
1779864685.725003,2063,2212,e_S
1779864685.7387142,1957,2235,e_S
1779864685.742327,1945,2255,e_S
1779864685.746449,2009,2163,e_S
1779864685.7527869,2042,2148,e_S
1779864685.756904,2067,2127,e_S
1779864685.758114,2016,2136,e_S
1779864685.7589602,2003,2060,e_S
1779864685.7590652,1989,2056,e_S
1779864685.7591932,2008,2170,e_S
1779864685.759426,2007,2169,e_S
1779864685.759555,2035,2069,e_S
1779864685.759624,2045,1995,e_S
1779864685.759691,1998,2108,e_S
1779864685.759758,2002,2108,e_S
1779864685.7598221,2049,2052,e_S
1779864685.759884,2117,2117,e_S
1779864685.7600052,2026,2102,e_S
1779864685.761111,1977,2103,e_S
1779864685.762559,2001,2098,e_S
1779864685.765315,2040,2055,e_S
1779864685.7666922,2077,2064,e_S
1779864685.7738502,2029,2061,e_S
1779864685.775556,2039,2085,e_S
1779864685.7779882,2042,2043,e_S
1779864685.780583,2018,2043,e_S
1779864685.783583,1952,2119,e_S
1779864685.7872949,1964,2114,e_S
1779864685.787531,2062,2099,e_S
1779864685.7930849,2075,2099,e_S
1779864685.793658,2025,2031,e_S
1779864685.7975528,2035,2127,e_S
1779864685.799285,2057,2154,e_S
1779864685.799529,1986,2017,e_S
1779864685.79986,1978,2052,e_S
1779864685.800081,1997,2139,e_S
1779864685.8002,1986,2140,e_S
1779864685.8003058,2035,2078,e_S
1779864685.800433,1999,2063,e_S
1779864685.8105311,2028,2082,e_S
1779864685.814469,2034,2048,e_S
1779864685.8214169,2041,2031,e_S
1779864685.8277729,2044,2126,e_S
1779864685.828423,2000,2142,e_S
1779864685.832331,1956,2100,e_S
1779864685.834375,1943,2085,e_S
1779864685.8344781,2048,2071,e_S
1779864685.834553,2031,2124,e_S
1779864685.834691,2022,2207,e_S
1779864685.834781,2021,2063,e_S
1779864685.8348548,1945,2045,e_S
1779864685.835029,2012,2099,e_S
1779864685.8351622,2039,2095,e_S
1779864685.8355148,2077,2122,e_S
1779864685.8356748,2134,2093,e_S
1779864685.8357499,2027,2023,e_S
1779864685.837131,1995,2002,e_S
1779864685.838476,2050,2011,e_S
1779864685.8412201,2029,2069,e_S
1779864685.849748,1912,2109,e_S
1779864685.852844,1859,2108,e_S
1779864685.8558981,1996,2136,e_S
1779864685.8564749,2037,2048,e_S
1779864685.860993,2098,2061,e_S
1779864685.875083,2015,1999,e_S
1779864685.876527,1927,2178,e_S
1779864685.876679,2019,2145,e_S
1779864685.876766,2008,2098,e_S
1779864685.876918,1992,2098,e_S
1779864685.87702,2037,2107,e_S
1779864685.877097,2077,2045,e_S
1779864685.877182,2027,1997,e_S
1779864685.87725,2026,2065,e_S
1779864685.877322,1982,2057,e_S
1779864685.877385,2028,2012,e_S
1779864685.877446,1970,2038,e_S
1779864685.877555,2029,2142,e_S
1779864685.8789618,1989,2143,e_S
1779864685.8807218,2019,2048,e_S
1779864685.894742,2061,2038,e_S
1779864685.899072,2024,2044,e_S
1779864685.90638,2003,2084,e_S
1779864685.9069288,2012,2043,e_S
1779864685.907579,2009,2057,e_S
1779864685.908225,1944,2032,e_S
1779864685.908691,1963,2108,e_S
1779864685.912003,2042,2118,e_S
1779864685.913258,2112,2114,e_S
1779864685.913752,2056,2013,e_S
1779864685.913822,2039,2084,e_S
1779864685.913891,2072,2089,e_S
1779864685.913954,2104,2094,e_S
1779864685.914065,2027,2121,e_S
1779864685.914231,1921,2140,e_S
1779864685.914318,1925,2084,e_S
1779864685.914421,1999,2101,e_S
1779864685.9171462,2075,2121,e_S
1779864685.918307,2015,2053,e_S
1779864685.9214132,1984,2082,e_S
1779864685.922802,1974,2001,e_S
1779864685.9356349,1956,2011,e_S
1779864685.939318,1957,2094,e_S
1779864685.93996,2035,2040,e_S
1779864685.940556,2105,2043,e_S
1779864685.9452438,2052,2048,e_S
1779864685.9480782,1997,2037,e_S
1779864685.953738,1964,2072,e_S
1779864685.958396,2133,2046,e_S
1779864685.9585128,2088,2102,e_S
1779864685.958648,2014,2116,e_S
1779864685.958762,1943,2113,e_S
1779864685.958826,2032,2068,e_S
1779864685.959074,2026,2091,e_S
1779864685.959231,2074,2042,e_S
1779864685.95946,2002,2030,e_S
1779864685.959601,2005,2050,e_S
1779864685.9598,2010,1999,e_S
1779864685.959878,1982,2064,e_S
1779864685.961304,1988,2120,e_S
1779864685.982239,2042,2105,e_S
1779864685.988271,2055,2096,e_S
1779864685.994109,2045,2084,e_S
1779864685.99565,1984,2084,e_S
1779864685.996015,2001,2045,e_S
1779864685.996345,2091,2048,e_S
1779864685.996439,2077,2070,e_S
1779864685.9965491,1974,2099,e_S
1779864685.9966452,1936,2100,e_S
1779864685.996768,2009,2005,e_S
1779864685.9968278,2050,2023,e_S
1779864685.997046,2098,2035,e_S
1779864685.997152,2093,2093,e_S
1779864685.9972322,2137,2086,e_S
1779864685.997306,2009,2083,e_S
1779864685.997371,1968,2137,e_S
1779864685.997442,2087,2139,e_S
1779864685.997511,2089,2047,e_S
1779864685.9990091,2038,2035,e_S
1779864686.0007849,1993,2054,e_S
1779864686.002678,2062,2097,e_S
1779864686.004704,1933,2079,e_S
1779864686.031729,1961,2043,e_S
1779864686.037641,1987,2079,e_S
1779864686.038021,1975,2079,e_S
1779864686.038145,1947,2061,e_S
1779864686.038233,2028,2150,e_S
1779864686.0382972,2072,2138,e_S
1779864686.038359,2064,2072,e_S
1779864686.0384169,2012,2047,e_S
1779864686.038475,2084,2047,e_S
1779864686.038534,2066,2105,e_S
1779864686.038591,1987,2139,e_S
1779864686.038647,2011,2106,e_S
1779864686.0387032,2159,2091,e_S
1779864686.0387578,2054,2012,e_S
1779864686.038815,2039,2033,e_S
1779864686.03887,2116,2074,e_S
1779864686.0389252,2079,2031,e_S
1779864686.040756,2056,2022,e_S
1779864686.0476532,2040,2094,e_S
1779864686.0568142,1926,2160,e_S
1779864686.05839,2037,2102,e_S
1779864686.058752,2075,2028,e_S
1779864686.061354,2003,2009,e_S
1779864686.0667,2050,2080,e_S
1779864686.071615,2058,2104,e_S
1779864686.071811,2059,2098,e_S
1779864686.0718908,1983,2090,e_S
1779864686.0720341,2063,2094,e_S
1779864686.0721622,2021,2112,e_S
1779864686.072314,2044,2054,e_S
1779864686.072913,2005,2072,e_S
1779864686.073947,2016,2109,e_S
1779864686.0740669,1971,2078,e_S
1779864686.074243,2037,2076,e_S
1779864686.0744262,2013,2078,e_S
1779864686.119335,1974,2176,e_S
1779864686.11945,2000,2209,e_S
1779864686.119528,2118,2127,e_S
1779864686.119601,2020,2054,e_S
1779864686.119671,2066,2108,e_S
1779864686.11974,2019,2126,e_S
1779864686.119809,2076,2102,e_S
1779864686.1198778,2025,2080,e_S
1779864686.119946,1947,2092,e_S
1779864686.1200168,2017,2094,e_S
1779864686.120086,2082,2124,e_S
1779864686.1201558,2069,2062,e_S
1779864686.120224,2014,2118,e_S
1779864686.1202922,2043,2114,e_S
1779864686.12036,2126,2091,e_S
1779864686.120427,2104,2166,e_S
1779864686.120495,2005,2219,e_S
1779864686.1205618,1986,2207,e_S
1779864686.12063,1964,2147,e_S
1779864686.120697,2044,2152,e_S
1779864686.120765,1978,2161,e_S
1779864686.120832,2074,2169,e_S
1779864686.1209002,2039,2201,e_S
1779864686.153528,2102,2118,e_S
1779864686.153642,2012,2058,e_S
1779864686.1537201,1910,2117,e_S
1779864686.153793,2047,2172,e_S
1779864686.153866,2087,2107,e_S
1779864686.153939,2091,2085,e_S
1779864686.15401,2026,2023,e_S
1779864686.154081,1997,2024,e_S
1779864686.154155,2040,2046,e_S
1779864686.1542249,2061,1999,e_S
1779864686.154295,1957,2046,e_S
1779864686.1543648,2016,2110,e_S
1779864686.158249,2074,2081,e_S
1779864686.158449,2036,2047,e_S
1779864686.158543,2057,2070,e_S
1779864686.1586182,1999,2030,e_S
1779864686.158797,1979,1973,e_S
1779864686.15887,2092,2086,e_S
1779864686.158939,2043,2123,e_S
1779864686.160392,2010,2109,e_S
1779864686.1764941,2030,2052,e_S
1779864686.176843,2035,2034,e_S
1779864686.177323,2068,2038,e_S
1779864686.180361,2059,2067,e_S
1779864686.1804612,2023,2079,e_S
1779864686.1805289,2188,2052,e_S
1779864686.180591,2022,2041,e_S
1779864686.180657,1934,2062,e_S
1779864686.180717,2004,2065,e_S
1779864686.180777,2043,2075,e_S
1779864686.190733,2098,2009,e_S
1779864686.19149,2013,2104,e_S
1779864686.191936,2080,2085,e_S
1779864686.192213,2048,2046,e_S
1779864686.1964748,2048,2025,e_S
1779864686.196764,1942,2082,e_S
1779864686.197199,1932,2162,e_S
1779864686.197275,2063,2087,e_S
1779864686.1990132,2103,2025,e_S
1779864686.200435,2056,2040,e_S
1779864686.212235,1932,2033,e_S
1779864686.213331,2041,2032,e_S
1779864686.213633,2072,2032,e_S
1779864686.214753,2061,2121,e_S
1779864686.2224908,1931,2120,e_S
1779864686.2303202,2003,2120,e_S
1779864686.231099,2147,2040,e_S
1779864686.231563,2187,2058,e_S
1779864686.2321112,2043,2064,e_S
1779864686.232613,1979,2088,e_S
1779864686.232818,2060,2048,e_S
1779864686.238533,2045,2042,e_S
1779864686.238878,2062,2121,e_S
1779864686.23909,2010,2167,e_S
1779864686.2394292,1967,2058,e_S
1779864686.23957,1964,2056,e_S
1779864686.239701,2062,2112,e_S
1779864686.23983,2094,2095,e_S
1779864686.239943,2079,2037,e_S
1779864686.240133,1992,2019,e_S
1779864686.242709,1964,2016,e_S
1779864686.244253,1987,2098,e_S
1779864686.247241,2034,2058,e_S
1779864686.2636201,2047,2094,e_S
1779864686.277087,2125,2080,e_S
1779864686.2822678,2040,2091,e_S
1779864686.282387,2122,2104,e_S
1779864686.282463,2021,2132,e_S
1779864686.28253,1922,2108,e_S
1779864686.282612,2064,2137,e_S
1779864686.282859,2087,2122,e_S
1779864686.2829351,2028,2028,e_S
1779864686.283148,2100,2157,e_S
1779864686.283316,2022,2267,e_S
1779864686.2836502,2024,2256,e_S
1779864686.283979,2083,2165,e_S
1779864686.284161,1941,2169,e_S
1779864686.284239,1959,2251,e_S
1779864686.2846458,2030,2310,e_S
1779864686.284797,2118,2294,e_S
1779864686.284875,2036,2192,e_S
1779864686.285232,2068,2107,e_S
1779864686.28687,2065,2121,e_S
1779864686.296587,2096,2118,e_S
1779864686.296893,2063,2120,e_S
1779864686.303261,2010,2140,e_S
1779864686.3074749,1959,2170,e_S
1779864686.3090189,2054,2112,e_S
1779864686.3222342,2033,2073,e_S
1779864686.323049,2051,2068,e_S
1779864686.323487,2051,2151,e_S
1779864686.323581,2059,2123,e_S
1779864686.323661,2020,2095,e_S
1779864686.323762,2005,2141,e_S
1779864686.3238678,1969,2167,e_S
1779864686.323976,2061,2051,e_S
1779864686.3240561,2036,2028,e_S
1779864686.324157,2014,2022,e_S
1779864686.324283,2040,2075,e_S
1779864686.324364,2064,2068,e_S
1779864686.3244731,2121,2026,e_S
1779864686.3246138,2046,2082,e_S
1779864686.326643,1989,2120,e_S
1779864686.3282151,1993,2197,e_S
1779864686.3314428,2079,2138,e_S
1779864686.3471181,2070,2074,e_S
1779864686.3597739,2056,2077,e_S
1779864686.363801,1955,2094,e_S
1779864686.3653738,2050,2035,e_S
1779864686.3656828,2060,2073,e_S
1779864686.3658,2041,2179,e_S
1779864686.366039,1999,2219,e_S
1779864686.3661718,2054,2181,e_S
1779864686.36625,2086,2145,e_S
1779864686.3664231,2067,2128,e_S
1779864686.3665018,1986,2128,e_S
1779864686.366571,1999,2100,e_S
1779864686.366637,2062,2038,e_S
1779864686.366714,2045,2010,e_S
1779864686.366894,1946,2068,e_S
1779864686.366975,1946,2145,e_S
1779864686.367109,2097,2072,e_S
1779864686.3672519,2123,2025,e_S
1779864686.381078,2024,2058,e_S
1779864686.402962,2033,2107,e_S
1779864686.4034822,2130,2084,e_S
1779864686.404248,2061,2145,e_S
1779864686.404706,2033,2114,e_S
1779864686.40522,1969,2120,e_S
1779864686.405461,2009,2029,e_S
1779864686.406472,2029,2024,e_S
1779864686.406564,2003,2004,e_S
1779864686.406641,2005,2007,e_S
1779864686.406713,2070,2047,e_S
1779864686.406786,2054,2031,e_S
1779864686.406858,1948,2079,e_S
1779864686.406931,1949,2137,e_S
1779864686.4070022,2063,2073,e_S
1779864686.407073,2104,2091,e_S
1779864686.407142,2084,2063,e_S
1779864686.407211,2059,2109,e_S
1779864686.4072819,2113,2096,e_S
1779864686.40899,2015,2029,e_S
1779864686.409281,2027,2100,e_S
1779864686.41102,1954,2105,e_S
1779864686.427277,1950,2120,e_S
1779864686.43172,2046,2081,e_S
1779864686.436343,2143,2064,e_S
1779864686.437121,1984,2040,e_S
1779864686.441631,2050,2105,e_S
1779864686.441857,2108,2093,e_S
1779864686.442421,2024,2118,e_S
1779864686.442485,1987,2144,e_S
1779864686.4425669,1983,2142,e_S
1779864686.442626,2112,2122,e_S
1779864686.442685,2143,2098,e_S
1779864686.442851,2106,2088,e_S
1779864686.4429598,2014,2108,e_S
1779864686.443032,2018,2044,e_S
1779864686.4430962,2035,2057,e_S
1779864686.443329,1966,2108,e_S
1779864686.4454222,1995,2100,e_S
1779864686.462924,2050,2078,e_S
1779864686.473335,2106,2083,e_S
1779864686.474051,2079,2059,e_S
1779864686.474158,2009,2061,e_S
1779864686.474306,2087,2069,e_S
1779864686.474375,2128,2094,e_S
1779864686.4744442,2015,2099,e_S
1779864686.4745119,1951,2149,e_S
1779864686.47458,2024,2104,e_S
1779864686.474653,2059,2090,e_S
1779864686.474735,2111,2088,e_S
1779864686.474806,2028,2066,e_S
1779864686.474869,2018,2078,e_S
1779864686.475044,2097,2077,e_S
1779864686.475248,2003,2020,e_S
1779864686.476915,1985,2078,e_S
1779864686.479318,1973,2079,e_S
1779864686.4807968,2038,2028,e_S
1779864686.482348,2063,2035,e_S
1779864686.510776,2097,2077,e_S
1779864686.516264,1980,2067,e_S
1779864686.516434,2050,2094,e_S
1779864686.51651,2068,2042,e_S
1779864686.516701,2025,2147,e_S
1779864686.5167842,1998,2196,e_S
1779864686.516852,2077,2141,e_S
1779864686.5169148,2040,2134,e_S
1779864686.516978,2065,2115,e_S
1779864686.517039,2012,2112,e_S
1779864686.517384,2038,2150,e_S
1779864686.517463,2040,2096,e_S
1779864686.517538,1951,2136,e_S
1779864686.517604,2034,2139,e_S
1779864686.517666,2090,2179,e_S
1779864686.517726,2040,2104,e_S
1779864686.517858,2071,2147,e_S
1779864686.518336,2048,2161,e_S
1779864686.53976,2060,2111,e_S
1779864686.548223,2155,2099,e_S
1779864686.552746,2105,2069,e_S
1779864686.552938,2013,2197,e_S
1779864686.553045,2051,2167,e_S
1779864686.553122,2027,2119,e_S
1779864686.5537632,2009,2064,e_S
1779864686.553973,2022,2046,e_S
1779864686.554044,1948,2062,e_S
1779864686.5541089,2007,2075,e_S
1779864686.5541718,1944,2037,e_S
1779864686.554314,1962,2067,e_S
1779864686.554386,2009,2193,e_S
1779864686.554453,2170,2106,e_S
1779864686.5545259,2094,2044,e_S
1779864686.554592,2101,2102,e_S
1779864686.55466,2102,2089,e_S
1779864686.554724,2405,2010,e_S
1779864686.556097,2777,1933,e_S
1779864686.5588648,2028,2290,e_S
1779864686.5606139,1502,2243,e_S
1779864686.572593,1739,2087,e_S
1779864686.577407,2040,1955,e_S
1779864686.582031,2175,1962,e_S
1779864686.5898528,2235,1983,e_S
1779864686.590493,1919,2063,e_S
1779864686.5956569,2089,2056,e_S
1779864686.595781,2332,1989,e_S
1779864686.5959308,1686,2275,e_S
1779864686.5960279,1778,2145,e_S
1779864686.596194,1935,2014,e_S
1779864686.596482,2103,2116,e_S
1779864686.596826,2050,2049,e_S
1779864686.5969028,2137,2010,e_S
1779864686.596982,2375,2019,e_S
1779864686.597047,2211,2053,e_S
1779864686.597108,2647,1731,e_S
1779864686.5972018,2491,2220,e_S
1779864686.597294,1704,2216,e_S
1779864686.598809,1498,2078,e_S
1779864686.607156,1801,1994,e_S
1779864686.617196,2146,1969,e_S
1779864686.62576,2159,2154,e_S
1779864686.6261592,2072,2039,e_S
1779864686.626333,1423,2258,e_S
1779864686.6264908,1527,2151,e_S
1779864686.62656,2039,1796,e_S
1779864686.6266282,2281,2036,e_S
1779864686.626694,2027,2050,e_S
1779864686.62683,1968,2121,e_S
1779864686.626954,2109,2144,e_S
1779864686.627039,2431,1927,e_S
1779864686.627119,3128,1871,e_S
1779864686.627326,2352,2165,e_S
1779864686.6288671,1374,2212,e_S
1779864686.6302679,2172,1893,e_S
1779864686.6330922,3356,1675,e_S
1779864686.641547,1939,2108,e_S
1779864686.648343,973,2426,e_S
1779864686.6593611,1199,1970,e_S
1779864686.65984,2345,1809,e_S
1779864686.6603122,3141,2235,e_S
1779864686.6650538,3221,1588,e_S
1779864686.665175,2534,1898,e_S
1779864686.665247,2009,2271,e_S
1779864686.665314,1052,2268,e_S
1779864686.665514,1369,2008,e_S
1779864686.665751,1409,1911,e_S
1779864686.665869,1125,2145,e_S
1779864686.666083,887,2189,e_S
1779864686.666187,1311,2136,e_S
1779864686.666455,2280,2159,e_S
1779864686.666636,2359,2218,e_S
1779864686.666722,2438,2080,e_S
1779864686.67439,2501,2158,e_S
1779864686.676248,2622,1938,e_S
1779864686.6801548,2545,2029,e_S
1779864686.690478,2148,2261,e_S
1779864686.691016,2281,1814,e_S
1779864686.691512,2052,2164,e_S
1779864686.691937,1505,2150,e_S
1779864686.692328,1821,2021,e_S
1779864686.695515,2431,1955,e_S
1779864686.697414,2650,1885,e_S
1779864686.697504,2316,2036,e_S
1779864686.697658,2401,1867,e_S
1779864686.6977322,2251,1935,e_S
1779864686.697797,1705,2184,e_S
1779864686.697967,1994,1917,e_S
1779864686.6980622,2564,1709,e_S
1779864686.7010639,2684,2031,e_S
1779864686.702543,2942,1808,e_S
1779864686.705452,2500,2008,e_S
1779864686.720101,2497,2096,e_S
1779864686.726468,1865,2323,e_S
1779864686.727152,1848,2153,e_S
1779864686.73161,2461,2076,e_S
1779864686.732157,2813,2019,e_S
1779864686.732234,3205,1709,e_S
1779864686.732299,2409,2207,e_S
1779864686.732378,2271,2040,e_S
1779864686.7324789,2380,1845,e_S
1779864686.7326221,2607,1679,e_S
1779864686.732692,2384,1928,e_S
1779864686.73276,2258,1934,e_S
1779864686.732966,2248,1940,e_S
1779864686.7330298,2328,1923,e_S
1779864686.734438,2856,1718,e_S
1779864686.743296,2427,2118,e_S
1779864686.745596,2216,1948,e_S
1779864686.746606,2599,1735,e_S
1779864686.74987,3310,1613,e_S
1779864686.753948,2849,1845,e_S
1779864686.7580009,1760,1977,e_S
1779864686.763134,1484,1841,e_S
1779864686.7634728,2420,1659,e_S
1779864686.763836,3010,1769,e_S
1779864686.764807,2572,2071,e_S
1779864686.765221,2127,1803,e_S
1779864686.769387,2493,2029,e_S
1779864686.76953,2417,2014,e_S
1779864686.7696471,2773,1960,e_S
1779864686.769731,2247,2039,e_S
1779864686.769802,2940,1695,e_S
1779864686.769865,3032,1937,e_S
1779864686.771373,2219,1939,e_S
1779864686.772833,1663,1871,e_S
1779864686.774337,1630,1857,e_S
1779864686.777021,2381,1809,e_S
1779864686.7874691,2418,1978,e_S
1779864686.794028,2010,2393,e_S
1779864686.7978072,2626,2077,e_S
1779864686.7987041,2377,2109,e_S
1779864686.8037848,3291,2012,e_S
1779864686.8041852,2207,2132,e_S
1779864686.80495,2102,2220,e_S
1779864686.805752,2476,2307,e_S
1779864686.806207,2580,2198,e_S
1779864686.8066392,3147,1961,e_S
1779864686.812143,2700,2269,e_S
1779864686.8122282,2363,2083,e_S
1779864686.81229,2723,2032,e_S
1779864686.812348,3276,2022,e_S
1779864686.812405,3405,1917,e_S
1779864686.812462,2742,2190,e_S
1779864686.812586,2563,2176,e_S
1779864686.8126771,3544,1968,e_S
1779864686.8140879,3824,2087,e_S
1779864686.8230631,3361,2084,e_S
1779864686.823955,2300,2127,e_S
1779864686.826263,2347,2226,e_S
1779864686.829578,2607,2316,e_S
1779864686.8299232,3254,2123,e_S
1779864686.83016,2961,2183,e_S
1779864686.8303611,2983,2083,e_S
1779864686.837868,3000,2004,e_S
1779864686.843362,3100,1942,e_S
1779864686.84374,3145,1948,e_S
1779864686.84428,3406,1883,e_S
1779864686.844903,3576,1760,e_S
1779864686.8453288,3899,1948,e_S
1779864686.845618,3660,1830,e_S
1779864686.8459609,3427,1907,e_S
1779864686.84625,3043,2098,e_S
1779864686.851702,2870,2209,e_S
1779864686.851866,3395,2006,e_S
1779864686.853367,3613,2033,e_S
1779864686.8546188,3874,2435,e_S
1779864686.856081,2004,2128,e_S
1779864686.859364,2554,2114,e_S
1779864686.872489,3588,1979,e_S
1779864686.873164,3451,2222,e_S
1779864686.876222,2515,2293,e_S
1779864686.87632,2383,2131,e_S
1779864686.8786392,2821,1989,e_S
1779864686.879155,2910,1969,e_S
1779864686.882091,3635,1917,e_S
1779864686.888771,3128,1996,e_S
1779864686.89318,2770,2190,e_S
1779864686.893506,2675,2066,e_S
1779864686.893933,2977,2079,e_S
1779864686.894043,2931,2048,e_S
1779864686.894112,2654,2222,e_S
1779864686.894175,2755,2039,e_S
1779864686.894239,2695,2067,e_S
1779864686.894303,2909,2041,e_S
1779864686.894366,2546,2197,e_S
1779864686.8944352,3074,2138,e_S
1779864686.902849,3188,2025,e_S
1779864686.9056058,3217,2065,e_S
1779864686.909377,3258,2121,e_S
1779864686.910065,2715,2284,e_S
1779864686.910506,2474,2015,e_S
1779864686.913504,2746,1885,e_S
1779864686.9209962,2383,2185,e_S
1779864686.9223769,2164,2208,e_S
1779864686.925931,2918,2036,e_S
1779864686.926516,2841,1955,e_S
1779864686.926592,2187,2098,e_S
1779864686.926657,2558,1960,e_S
1779864686.9267452,2210,2020,e_S
1779864686.926807,2774,1867,e_S
1779864686.9268658,2273,2201,e_S
1779864686.9269278,2444,1984,e_S
1779864686.928448,2569,1987,e_S
1779864686.931125,3427,1829,e_S
1779864686.932576,1976,2125,e_S
1779864686.934313,1410,2077,e_S
1779864686.943914,2047,1953,e_S
1779864686.947232,2692,2060,e_S
1779864686.948004,2866,2014,e_S
1779864686.9592,2595,1910,e_S
1779864686.959557,2080,2182,e_S
1779864686.960201,2768,2114,e_S
1779864686.96082,2932,1965,e_S
1779864686.961332,2155,2128,e_S
1779864686.966337,2256,2058,e_S
1779864686.966478,2682,1783,e_S
1779864686.966553,3040,1969,e_S
1779864686.966741,2738,2113,e_S
1779864686.966918,2340,2290,e_S
1779864686.968155,2177,2085,e_S
1779864686.968265,3049,1863,e_S
1779864686.96835,2469,2215,e_S
1779864686.968585,1726,2001,e_S
1779864686.9755871,2250,2056,e_S
1779864686.978009,2365,2029,e_S
1779864686.981979,2262,2129,e_S
1779864686.986437,1983,2254,e_S
1779864686.9878242,2001,2360,e_S
1779864686.99023,2168,2146,e_S
1779864686.995685,2548,2042,e_S
1779864686.9960399,2741,2054,e_S
1779864686.996799,3390,1883,e_S
1779864686.997299,3108,2181,e_S
1779864687.001924,2386,2044,e_S
1779864687.002041,2607,1961,e_S
1779864687.0021892,2176,2300,e_S
1779864687.002369,1767,2322,e_S
1779864687.002505,2059,2003,e_S
1779864687.0025752,1905,2147,e_S
1779864687.002638,1754,2189,e_S
1779864687.003999,1849,2170,e_S
1779864687.006542,1955,2065,e_S
1779864687.0079648,2012,2188,e_S
1779864687.0106409,1990,2182,e_S
1779864687.0213969,2348,1984,e_S
1779864687.0256681,2250,2207,e_S
1779864687.028631,3308,1680,e_S
1779864687.032235,1985,2339,e_S
1779864687.03744,1562,2231,e_S
1779864687.038317,1831,2007,e_S
1779864687.0388951,1992,2121,e_S
1779864687.039291,1856,2149,e_S
1779864687.0428522,1742,2176,e_S
1779864687.044256,1827,2079,e_S
1779864687.044343,1891,2095,e_S
1779864687.0444102,2370,2093,e_S
1779864687.0444748,2246,2018,e_S
1779864687.044536,2154,2062,e_S
1779864687.044599,2236,2087,e_S
1779864687.0446599,2291,2106,e_S
1779864687.0447202,2116,2020,e_S
1779864687.046091,1737,2104,e_S
1779864687.0586429,1527,2172,e_S
1779864687.063699,1723,2102,e_S
1779864687.074253,1752,2084,e_S
1779864687.075388,1928,2081,e_S
1779864687.076062,2298,1888,e_S
1779864687.0801861,1964,2275,e_S
1779864687.080759,1964,2143,e_S
1779864687.0809128,2743,1894,e_S
1779864687.0809898,1678,2318,e_S
1779864687.081055,2088,1845,e_S
1779864687.0811179,2601,1936,e_S
1779864687.081179,1691,2282,e_S
1779864687.081242,1009,2249,e_S
1779864687.081301,1599,2179,e_S
1779864687.0813608,1560,2214,e_S
1779864687.0814211,1608,2204,e_S
1779864687.08148,1750,2120,e_S
1779864687.082828,2163,2101,e_S
1779864687.084363,2017,2136,e_S
1779864687.0871308,1945,2007,e_S
1779864687.088643,2780,1716,e_S
1779864687.0976598,2208,2117,e_S
1779864687.10146,1897,2137,e_S
1779864687.105371,1743,2105,e_S
1779864687.109289,1929,2073,e_S
1779864687.115349,1795,2200,e_S
1779864687.119663,1756,2064,e_S
1779864687.120212,2416,2080,e_S
1779864687.120395,2645,1966,e_S
1779864687.120554,1515,2172,e_S
1779864687.1206899,1640,2068,e_S
1779864687.1207628,2659,1891,e_S
1779864687.120828,2320,2208,e_S
1779864687.121001,1892,2106,e_S
1779864687.121079,1531,2123,e_S
1779864687.121147,1677,2117,e_S
1779864687.1212642,1795,2140,e_S
1779864687.122632,1930,2168,e_S
1779864687.131767,2023,2199,e_S
1779864687.137816,2088,2206,e_S
1779864687.1410859,2128,2136,e_S
1779864687.1414661,2131,2091,e_S
1779864687.1463869,2199,1973,e_S
1779864687.147174,2524,1903,e_S
1779864687.152034,2308,2037,e_S
1779864687.152179,1992,2288,e_S
1779864687.1522932,2356,1806,e_S
1779864687.1524842,1967,2120,e_S
1779864687.152622,1765,2036,e_S
1779864687.152688,1770,2177,e_S
1779864687.152881,1727,2180,e_S
1779864687.1529741,1470,2109,e_S
1779864687.1530519,1643,2157,e_S
1779864687.154457,1949,2178,e_S
1779864687.155927,2102,2039,e_S
1779864687.1584508,1839,2079,e_S
1779864687.161151,1910,2107,e_S
1779864687.1628711,2404,1991,e_S
1779864687.1725829,2983,1911,e_S
1779864687.175385,1935,2222,e_S
1779864687.1758752,1831,2018,e_S
1779864687.176256,1760,2170,e_S
1779864687.1792252,2048,2047,e_S
1779864687.180403,1891,1960,e_S
1779864687.1829271,1650,2168,e_S
1779864687.188522,1716,2094,e_S
1779864687.188792,2175,1955,e_S
1779864687.189465,2064,1997,e_S
1779864687.190412,1865,2072,e_S
1779864687.1913338,2335,2038,e_S
1779864687.195978,2107,2045,e_S
1779864687.196596,2012,1917,e_S
1779864687.1966689,2328,1983,e_S
1779864687.1967309,1756,2366,e_S
1779864687.1968231,1454,2111,e_S
1779864687.198169,1799,1954,e_S
1779864687.201353,2225,1910,e_S
1779864687.218891,1974,2048,e_S
1779864687.2242072,1894,1968,e_S
1779864687.225248,2290,1952,e_S
1779864687.225964,2296,2036,e_S
1779864687.2298229,1900,1982,e_S
1779864687.2304692,2152,2037,e_S
1779864687.2305448,2175,2098,e_S
1779864687.23061,2265,1915,e_S
1779864687.230716,1601,1962,e_S
1779864687.230787,1690,2059,e_S
1779864687.23089,1782,1997,e_S
1779864687.23104,1989,1911,e_S
1779864687.231164,2042,2148,e_S
1779864687.2312472,2172,2211,e_S
1779864687.231314,2101,1890,e_S
1779864687.2327669,1812,2012,e_S
1779864687.234216,1959,2014,e_S
1779864687.236893,1894,2023,e_S
1779864687.245404,2334,1927,e_S
1779864687.247673,1989,2072,e_S
1779864687.251055,1935,1982,e_S
1779864687.254591,1587,2347,e_S
1779864687.257121,1488,2147,e_S
1779864687.262503,1719,2165,e_S
1779864687.263513,1830,2094,e_S
1779864687.264106,1966,2136,e_S
1779864687.26442,2057,2131,e_S
1779864687.265093,1674,2128,e_S
1779864687.270148,1678,2040,e_S
1779864687.2703118,2170,2024,e_S
1779864687.2704,2400,2058,e_S
1779864687.270472,1990,2084,e_S
1779864687.2705688,2151,2246,e_S
1779864687.270658,1829,2154,e_S
1779864687.270763,1658,2145,e_S
1779864687.272139,1864,2005,e_S
1779864687.2815309,1701,2148,e_S
1779864687.286772,1687,2317,e_S
1779864687.287442,1817,2171,e_S
1779864687.290517,1844,2107,e_S
1779864687.2938938,2117,2018,e_S
1779864687.30009,2314,2017,e_S
1779864687.3044422,1459,2305,e_S
1779864687.304799,2118,2026,e_S
1779864687.304917,2271,2115,e_S
1779864687.3050208,1569,2122,e_S
1779864687.305102,1650,2094,e_S
1779864687.305166,2015,2126,e_S
1779864687.3052301,1874,2137,e_S
1779864687.305293,1870,2111,e_S
1779864687.305355,1960,2041,e_S
1779864687.305417,2221,1983,e_S
1779864687.306883,2377,2006,e_S
1779864687.3084428,2479,2037,e_S
1779864687.309922,1956,2243,e_S
1779864687.31334,2214,1966,e_S
1779864687.325257,2431,1878,e_S
1779864687.328991,1380,2273,e_S
1779864687.331083,1617,2051,e_S
1779864687.341593,2134,2053,e_S
1779864687.346866,1703,2200,e_S
1779864687.347183,1856,2049,e_S
1779864687.3474188,1967,2119,e_S
1779864687.3479948,1859,2214,e_S
1779864687.3481002,1929,2092,e_S
1779864687.3481731,1986,2091,e_S
1779864687.348308,2240,2082,e_S
1779864687.348375,2065,2085,e_S
1779864687.348712,1999,1959,e_S
1779864687.3491561,1756,2105,e_S
1779864687.349277,1957,2156,e_S
1779864687.34955,2162,2064,e_S
1779864687.349754,2155,1954,e_S
1779864687.3498309,2133,1962,e_S
1779864687.3501818,2056,2108,e_S
1779864687.3813481,1945,1994,e_S
1779864687.3818188,1878,2132,e_S
1779864687.381906,1783,2053,e_S
1779864687.381973,1763,2184,e_S
1779864687.382032,1737,2180,e_S
1779864687.382091,1666,2169,e_S
1779864687.382148,2202,1966,e_S
1779864687.382283,2165,2014,e_S
1779864687.382685,1717,2127,e_S
1779864687.3829172,1998,2020,e_S
1779864687.383615,1986,2057,e_S
1779864687.383738,2124,2102,e_S
1779864687.383899,1933,2133,e_S
1779864687.384244,1829,2207,e_S
1779864687.3843079,2356,2083,e_S
1779864687.385516,2009,2159,e_S
1779864687.3857,1624,2263,e_S
1779864687.38704,1508,2109,e_S
1779864687.388496,2167,1813,e_S
1779864687.3900402,2379,1982,e_S
1779864687.4205508,1698,2231,e_S
1779864687.4212742,1313,2307,e_S
1779864687.426899,2279,2042,e_S
1779864687.427521,1706,2265,e_S
1779864687.4276118,1563,2102,e_S
1779864687.4276779,2015,1946,e_S
1779864687.427789,2130,1997,e_S
1779864687.42787,2059,2147,e_S
1779864687.427943,2440,2139,e_S
1779864687.4280472,2249,1966,e_S
1779864687.428128,2047,2043,e_S
1779864687.4281988,1762,2140,e_S
1779864687.428274,2082,2113,e_S
1779864687.428434,1960,2081,e_S
1779864687.428611,1843,2074,e_S
1779864687.4286962,1993,2091,e_S
1779864687.4288058,2274,2034,e_S
1779864687.4288871,2148,2217,e_S
1779864687.428973,1779,2166,e_S
1779864687.43043,2082,1981,e_S
1779864687.4437618,2122,2073,e_S
1779864687.445729,2139,2000,e_S
1779864687.4486241,2044,2084,e_S
1779864687.451808,2084,2034,e_S
1779864687.460385,2017,1993,e_S
1779864687.4612448,1971,2101,e_S
1779864687.4613628,2068,2113,e_S
1779864687.465576,1924,2124,e_S
1779864687.465784,1888,2045,e_S
1779864687.466016,1990,2108,e_S
1779864687.4660969,1843,2104,e_S
1779864687.4663522,2021,2024,e_S
1779864687.466476,1953,2067,e_S
1779864687.466885,2029,2024,e_S
1779864687.467078,2231,2173,e_S
1779864687.467807,2592,1858,e_S
1779864687.4678762,2132,2153,e_S
1779864687.468315,2110,2070,e_S
1779864687.4685068,1884,2047,e_S
1779864687.4700649,1704,2107,e_S
1779864687.472833,1821,2015,e_S
1779864687.474282,1739,2184,e_S
1779864687.490459,1532,2213,e_S
1779864687.494254,1561,2178,e_S
1779864687.49438,2114,2102,e_S
1779864687.494452,2033,2138,e_S
1779864687.49452,2208,1964,e_S
1779864687.494581,2931,1828,e_S
1779864687.494642,2285,2195,e_S
1779864687.494703,1514,2100,e_S
1779864687.494764,1918,1984,e_S
1779864687.494824,1764,2265,e_S
1779864687.512424,1589,2028,e_S
1779864687.512789,1822,2074,e_S
1779864687.512974,1625,2025,e_S
1779864687.5135202,1774,2038,e_S
1779864687.514154,2018,2108,e_S
1779864687.550038,2087,2076,e_S
1779864687.550263,2101,2142,e_S
1779864687.550566,2048,2087,e_S
1779864687.550741,2014,2018,e_S
1779864687.554433,2191,2008,e_S
1779864687.5624099,2304,2004,e_S
1779864687.563025,2119,2089,e_S
1779864687.5632992,2041,2162,e_S
1779864687.563585,1902,2229,e_S
1779864687.563721,1926,2200,e_S
1779864687.5638049,1825,2150,e_S
1779864687.5644732,1935,2083,e_S
1779864687.564554,1939,2178,e_S
1779864687.56483,2057,2154,e_S
1779864687.5650072,1998,2073,e_S
1779864687.597615,1941,1966,e_S
1779864687.6081111,2212,2026,e_S
1779864687.641357,2017,2030,e_S
1779864687.641664,1815,2060,e_S
1779864687.641906,1880,2119,e_S
1779864687.641976,2196,2041,e_S
1779864687.642037,1770,2168,e_S
1779864687.642096,1640,2194,e_S
1779864687.642154,1668,2139,e_S
1779864687.642211,1904,2070,e_S
1779864687.642269,2014,2026,e_S
1779864687.643469,2008,2115,e_S
1779864687.64355,1927,2180,e_S
1779864687.643614,1967,2179,e_S
1779864687.643681,2129,1949,e_S
1779864687.6439161,2090,2004,e_S
1779864687.643976,1795,2169,e_S
1779864687.6440341,1811,2137,e_S
1779864687.6451619,1973,2063,e_S
1779864687.6461608,1901,2066,e_S
1779864687.6468601,1947,2097,e_S
1779864687.646989,1887,2207,e_S
1779864687.649419,2070,2033,e_S
1779864687.649529,1905,2004,e_S
1779864687.649596,1695,2056,e_S
1779864687.649659,2040,2060,e_S
1779864687.649966,2035,2087,e_S
1779864687.650041,1854,2096,e_S
1779864687.650105,1773,2106,e_S
1779864687.650166,1720,2199,e_S
1779864687.650275,1858,2017,e_S
1779864687.650337,2054,2026,e_S
1779864687.6505852,1689,2169,e_S
1779864687.65108,1575,2110,e_S
1779864687.6665118,1804,1984,e_S
1779864687.681857,1901,2004,e_S
1779864687.681956,1779,2183,e_S
1779864687.682025,1628,2239,e_S
1779864687.682147,1789,2202,e_S
1779864687.682226,1907,2143,e_S
1779864687.6875288,1984,1963,e_S
1779864687.6876822,2014,2010,e_S
1779864687.687758,1923,2121,e_S
1779864687.687822,2190,2026,e_S
1779864687.687882,2384,1983,e_S
1779864687.687946,1897,2093,e_S
1779864687.6880052,1522,2180,e_S
1779864687.688063,1637,2036,e_S
1779864687.688121,1863,2052,e_S
1779864687.688179,1740,2105,e_S
1779864687.688237,1615,2081,e_S
1779864687.688295,1660,2041,e_S
1779864687.688352,1485,2029,e_S
1779864687.688409,1763,2152,e_S
1779864687.6884649,1894,2277,e_S
1779864687.688524,1915,2159,e_S
1779864687.6885812,2038,2116,e_S
1779864687.688637,1990,2257,e_S
1779864687.719352,1773,2183,e_S
1779864687.7202141,1761,2065,e_S
1779864687.720452,1905,2096,e_S
1779864687.7205272,1815,2116,e_S
1779864687.720588,1596,2115,e_S
1779864687.7206469,1429,1890,e_S
1779864687.720705,1638,1793,e_S
1779864687.720762,1848,2024,e_S
1779864687.72082,1961,2274,e_S
1779864687.722652,1851,2090,e_S
1779864687.7227142,2066,1867,e_S
1779864687.722771,1825,1937,e_S
1779864687.7229178,1724,2026,e_S
1779864687.7230542,1526,1996,e_S
1779864687.7231328,1709,2162,e_S
1779864687.7231941,1605,2305,e_S
1779864687.723265,1468,1845,e_S
1779864687.723328,1403,1758,e_S
1779864687.723514,1138,1920,e_S
1779864687.723577,1463,1972,e_S
1779864687.723851,1820,2244,e_S
1779864687.723913,1654,1914,e_S
1779864687.7239711,1315,1921,e_S
1779864687.7240279,1650,2238,e_S
1779864687.724085,2017,2345,e_S
1779864687.724532,1988,2311,e_S
1779864687.7245922,1858,2019,e_S
1779864687.724648,1879,1836,e_S
1779864687.724704,1766,2142,e_S
1779864687.724895,1721,2182,e_S
1779864687.724975,1596,2014,e_S
1779864687.725178,1797,2069,e_S
1779864687.725245,1591,2066,e_S
1779864687.727138,1412,1883,e_S
1779864687.727208,1434,1878,e_S
1779864687.7588422,1432,2014,e_S
1779864687.759,1368,1990,e_S
1779864687.759081,2015,2205,e_S
1779864687.7591538,2077,2281,e_S
1779864687.759242,1697,1962,e_S
1779864687.7593138,1708,1766,e_S
1779864687.759386,1731,1806,e_S
1779864687.759455,1937,1933,e_S
1779864687.7595232,1749,1913,e_S
1779864687.7596521,1918,2151,e_S
1779864687.759733,1881,2116,e_S
1779864687.759809,1929,2157,e_S
1779864687.759882,2196,2031,e_S
1779864687.759972,2364,1913,e_S
1779864687.760075,2078,1789,e_S
1779864687.760784,2177,1890,e_S
1779864687.7609549,2348,1993,e_S
1779864687.7610528,2101,2241,e_S
1779864687.7611232,1930,2136,e_S
1779864687.7613518,1862,2019,e_S
1779864687.794646,1801,1830,e_S
1779864687.7947562,2089,1935,e_S
1779864687.7948532,1944,2255,e_S
1779864687.795188,1938,2248,e_S
1779864687.7955189,1808,2208,e_S
1779864687.795616,2009,2035,e_S
1779864687.7956932,2105,1968,e_S
1779864687.795766,1961,2018,e_S
1779864687.795842,2094,2086,e_S
1779864687.795956,2014,2096,e_S
1779864687.796125,2035,1936,e_S
1779864687.7961972,1941,1902,e_S
1779864687.79626,1684,1570,e_S
1779864687.79632,1847,1603,e_S
1779864687.7963798,2148,2315,e_S
1779864687.7964401,1936,2498,e_S
1779864687.796502,1870,1889,e_S
1779864687.7965639,1776,1875,e_S
1779864687.798013,2032,2043,e_S
1779864687.8007538,2309,2102,e_S
1779864687.8023229,2065,2129,e_S
1779864687.822593,2037,2068,e_S
1779864687.8321018,2145,2104,e_S
1779864687.8377962,2067,2069,e_S
1779864687.837905,1707,2096,e_S
1779864687.837983,1638,2325,e_S
1779864687.838209,1715,2594,e_S
1779864687.838402,1736,2617,e_S
1779864687.838475,1937,2827,e_S
1779864687.838549,2028,2448,e_S
1779864687.838623,1934,2304,e_S
1779864687.838742,1927,2273,e_S
1779864687.838824,1915,2190,e_S
1779864687.838967,1921,2137,e_S
1779864687.839085,1953,2007,e_S
1779864687.8392,2021,1954,e_S
1779864687.839276,1937,1703,e_S
1779864687.839369,1670,1583,e_S
1779864687.839444,1620,1594,e_S
1779864687.840906,1416,1752,e_S
1779864687.852979,1233,1791,e_S
1779864687.858322,2015,1681,e_S
1779864687.8640242,2310,2156,e_S
1779864687.8702521,2181,2045,e_S
1779864687.870351,2058,1692,e_S
1779864687.8704169,2145,1806,e_S
1779864687.870476,2298,2349,e_S
1779864687.870537,2221,2350,e_S
1779864687.8705962,2082,2142,e_S
1779864687.8706539,1866,2108,e_S
1779864687.870715,1819,1773,e_S
1779864687.870774,1708,1851,e_S
1779864687.870839,1785,1925,e_S
1779864687.8708968,1750,2169,e_S
1779864687.870955,1930,2259,e_S
1779864687.872715,2005,2122,e_S
1779864687.877381,1981,2259,e_S
1779864687.878478,2097,2362,e_S
1779864687.878551,2134,2454,e_S
1779864687.939837,1974,2338,e_S
1779864687.939973,1754,2228,e_S
1779864687.940054,1730,2146,e_S
1779864687.9401238,1787,2179,e_S
1779864687.940195,1990,2317,e_S
1779864687.940265,2202,2068,e_S
1779864687.940329,1838,1806,e_S
1779864687.9403908,1737,2294,e_S
1779864687.9404569,2160,2571,e_S
1779864687.940534,2110,2365,e_S
1779864687.9406772,2055,2015,e_S
1779864687.940753,2016,2220,e_S
1779864687.941252,2017,2116,e_S
1779864687.9414358,1936,2022,e_S
1779864687.953109,1851,1931,e_S
1779864687.9559839,1824,2168,e_S
1779864687.960384,1871,1971,e_S
1779864687.972111,1859,1809,e_S
1779864687.9733288,1896,1965,e_S
1779864687.9734552,1926,2190,e_S
1779864687.973527,1896,2129,e_S
1779864687.973732,1925,2100,e_S
1779864687.9738188,1910,2192,e_S
1779864687.9738991,2056,2297,e_S
1779864687.974258,2046,2383,e_S
1779864687.974338,1980,2229,e_S
1779864687.974404,1953,2152,e_S
1779864687.974623,1959,2243,e_S
1779864687.9747012,2038,2304,e_S
1779864687.9747689,1960,2244,e_S
1779864687.974831,1937,2273,e_S
1779864687.9750679,1774,2349,e_S
1779864687.975148,1886,2290,e_S
1779864687.97538,1981,2254,e_S
1779864687.9754481,2080,2294,e_S
1779864687.975599,1877,2186,e_S
1779864687.9756749,1693,2275,e_S
1779864687.975738,1892,2068,e_S
1779864687.975803,1937,2059,e_S
1779864687.975918,1883,2042,e_S
1779864687.97604,1870,2100,e_S
1779864687.9761431,2019,2010,e_S
1779864687.9762108,1973,1986,e_S
1779864687.976278,1983,1982,e_S
1779864687.976436,1981,1960,e_S
1779864687.977061,1994,2031,e_S
1779864687.977151,2027,2050,e_S
1779864687.977217,2042,2100,e_S
1779864688.002953,1953,2187,e_S
1779864688.0073159,1984,2223,e_S
1779864688.008233,2011,2013,e_S
1779864688.008523,1970,2042,e_S
1779864688.008608,1858,2155,e_S
1779864688.008775,1902,2209,e_S
1779864688.008887,1935,2206,e_S
1779864688.009071,1923,2177,e_S
1779864688.009394,1829,2119,e_S
1779864688.009723,1757,2140,e_S
1779864688.009802,1855,2155,e_S
1779864688.009869,1931,2245,e_S
1779864688.009933,2075,2084,e_S
1779864688.010005,2051,2100,e_S
1779864688.0101068,1896,2213,e_S
1779864688.010179,1978,2102,e_S
1779864688.010371,1809,2186,e_S
1779864688.010504,1927,2137,e_S
1779864688.011911,1973,2055,e_S
1779864688.014973,1915,1784,e_S
1779864688.01688,1889,1708,e_S
1779864688.0307672,1771,2286,e_S
1779864688.0377421,1746,2313,e_S
1779864688.043526,2198,2043,e_S
1779864688.043731,1943,1980,e_S
1779864688.047733,1787,2381,e_S
1779864688.048078,1888,2716,e_S
1779864688.04817,2067,2258,e_S
1779864688.0486138,1816,2225,e_S
1779864688.0488691,1951,2185,e_S
1779864688.04901,1991,2210,e_S
1779864688.0490859,2047,2000,e_S
1779864688.04915,1840,2087,e_S
1779864688.049209,1670,2127,e_S
1779864688.0492659,1426,2019,e_S
1779864688.04939,1553,1929,e_S
1779864688.049454,2249,2320,e_S
1779864688.051019,2518,2178,e_S
1779864688.070884,2059,2223,e_S
1779864688.0810409,1864,2398,e_S
1779864688.081295,2149,2197,e_S
1779864688.081398,2072,2049,e_S
1779864688.0818849,2061,2296,e_S
1779864688.082048,2054,2273,e_S
1779864688.0821278,1818,2118,e_S
1779864688.082709,1878,2019,e_S
1779864688.082786,1870,2124,e_S
1779864688.0829198,1831,2033,e_S
1779864688.082983,1981,2002,e_S
1779864688.0830872,2135,2061,e_S
1779864688.083435,1989,2234,e_S
1779864688.0835378,1951,2207,e_S
1779864688.08395,1929,2166,e_S
1779864688.086483,1959,1952,e_S
1779864688.086611,1877,2152,e_S
1779864688.0866728,1740,2077,e_S
1779864688.0880399,2212,2133,e_S
1779864688.0925179,2070,2220,e_S
1779864688.104239,1883,2149,e_S
1779864688.107224,2003,2201,e_S
1779864688.121742,2174,2128,e_S
1779864688.122019,2034,2051,e_S
1779864688.12331,1905,1979,e_S
1779864688.123424,1900,2091,e_S
1779864688.123549,2008,1981,e_S
1779864688.123706,2024,1841,e_S
1779864688.1237838,1736,1884,e_S
1779864688.123851,1762,2382,e_S
1779864688.124033,2122,2145,e_S
1779864688.124129,2159,1875,e_S
1779864688.124206,1900,2133,e_S
1779864688.124373,1768,2315,e_S
1779864688.124568,1912,2206,e_S
1779864688.124824,2068,2124,e_S
1779864688.124925,1872,1999,e_S
1779864688.1263309,1875,2062,e_S
1779864688.154794,2032,2175,e_S
1779864688.1549928,2081,2204,e_S
1779864688.155154,2005,2126,e_S
1779864688.15535,2058,2035,e_S
1779864688.1554902,1859,2132,e_S
1779864688.155753,2129,2123,e_S
1779864688.155927,1988,2038,e_S
1779864688.1561081,1798,1996,e_S
1779864688.156262,1809,1932,e_S
1779864688.156323,1926,2075,e_S
1779864688.156381,2256,2261,e_S
1779864688.1565208,2259,2240,e_S
1779864688.1567428,2082,2001,e_S
1779864688.1568289,2032,2125,e_S
1779864688.156909,1691,2307,e_S
1779864688.158286,1817,2105,e_S
1779864688.1598132,1833,2077,e_S
1779864688.1623309,2052,2058,e_S
1779864688.174377,2196,2003,e_S
1779864688.177026,1791,1982,e_S
1779864688.179911,1837,2077,e_S
1779864688.187861,1863,2072,e_S
1779864688.188642,2272,1951,e_S
1779864688.193161,1981,2097,e_S
1779864688.1941729,1873,2224,e_S
1779864688.194431,1994,2147,e_S
1779864688.194577,2123,1801,e_S
1779864688.194657,1788,1549,e_S
1779864688.194718,1470,1894,e_S
1779864688.194777,1867,2096,e_S
1779864688.194836,1885,2427,e_S
1779864688.194894,2169,2096,e_S
1779864688.194952,2335,2111,e_S
1779864688.195012,1862,2203,e_S
1779864688.196803,1963,2192,e_S
1779864688.206493,2057,2312,e_S
1779864688.223307,2024,2259,e_S
1779864688.2234938,2055,2008,e_S
1779864688.223679,2128,2011,e_S
1779864688.223885,1970,1992,e_S
1779864688.224071,1866,2062,e_S
1779864688.224162,1869,2125,e_S
1779864688.2242508,1916,2187,e_S
1779864688.225055,2003,2164,e_S
1779864688.225155,2004,2083,e_S
1779864688.225312,1955,2114,e_S
1779864688.2254379,2101,2024,e_S
1779864688.2261,1903,2004,e_S
1779864688.2263691,1900,2032,e_S
1779864688.2264352,1856,2091,e_S
1779864688.227854,1922,2129,e_S
1779864688.2307048,2107,2072,e_S
1779864688.244926,2175,2150,e_S
1779864688.2572641,2137,2102,e_S
1779864688.262623,2094,2180,e_S
1779864688.264422,1883,2121,e_S
1779864688.26474,1770,2091,e_S
1779864688.265113,2082,2182,e_S
1779864688.2652678,2054,2203,e_S
1779864688.265795,1805,2100,e_S
1779864688.266237,1894,2168,e_S
1779864688.266785,2015,2161,e_S
1779864688.273283,1847,2053,e_S
1779864688.274362,1802,2028,e_S
1779864688.2793548,2104,1846,e_S
1779864688.280066,2205,2051,e_S
1779864688.2821062,1653,2253,e_S
1779864688.291344,2060,2267,e_S
1779864688.296351,2086,2047,e_S
1779864688.2964349,2124,2262,e_S
1779864688.2964969,2129,2183,e_S
1779864688.296561,2061,2242,e_S
1779864688.296712,1968,2144,e_S
1779864688.297017,1890,2055,e_S
1779864688.297081,1911,2095,e_S
1779864688.297201,1962,2047,e_S
1779864688.297259,2119,1938,e_S
1779864688.2973492,1984,2021,e_S
1779864688.2974432,1912,2100,e_S
1779864688.297538,2018,2086,e_S
1779864688.29772,2047,2083,e_S
1779864688.297804,2113,2122,e_S
1779864688.297868,2108,2107,e_S
1779864688.29794,2046,2115,e_S
1779864688.298008,1937,2151,e_S
1779864688.298078,1878,2049,e_S
1779864688.301418,2024,1983,e_S
1779864688.303224,1913,2010,e_S
1779864688.304768,1953,1917,e_S
1779864688.321193,1891,1934,e_S
1779864688.322782,1935,2066,e_S
1779864688.329663,2047,2434,e_S
1779864688.330462,2013,2114,e_S
1779864688.335239,1904,2007,e_S
1779864688.3354821,1926,2194,e_S
1779864688.33565,1878,2059,e_S
1779864688.3357499,1998,2169,e_S
1779864688.335969,2098,2030,e_S
1779864688.3361652,2007,2083,e_S
1779864688.3362718,1849,2053,e_S
1779864688.336409,1908,2030,e_S
1779864688.336519,2097,1974,e_S
1779864688.336684,2066,1987,e_S
1779864688.336769,1987,2082,e_S
1779864688.336834,2129,2220,e_S
1779864688.3384802,2017,2063,e_S
1779864688.359864,2116,1911,e_S
1779864688.3648498,2064,2156,e_S
1779864688.364963,1731,2188,e_S
1779864688.365032,2060,2200,e_S
1779864688.365094,2061,2149,e_S
1779864688.365154,1967,2018,e_S
1779864688.3652139,1831,1913,e_S
1779864688.365273,1934,2083,e_S
1779864688.365334,2125,2126,e_S
1779864688.3655128,2034,1938,e_S
1779864688.36566,1920,2113,e_S
1779864688.3658218,1903,2046,e_S
1779864688.366028,1785,1881,e_S
1779864688.366129,1955,2104,e_S
1779864688.369472,2134,2332,e_S
1779864688.37076,2123,2118,e_S
1779864688.3723369,2146,2044,e_S
1779864688.382932,2097,2059,e_S
1779864688.388418,1858,2178,e_S
1779864688.394649,1881,2108,e_S
1779864688.4003599,2014,1874,e_S
1779864688.404278,2018,1983,e_S
1779864688.404654,1822,1662,e_S
1779864688.404795,1580,2033,e_S
1779864688.404864,1867,2300,e_S
1779864688.40493,1942,2093,e_S
1779864688.4051552,1575,1750,e_S
1779864688.405348,2106,2280,e_S
1779864688.4055161,2378,2867,e_S
1779864688.40559,2190,2309,e_S
1779864688.405733,2206,2023,e_S
1779864688.4059641,2011,2139,e_S
1779864688.406081,2050,2155,e_S
1779864688.4061491,2095,2130,e_S
1779864688.407742,2031,2057,e_S
1779864688.420625,1932,2037,e_S
1779864688.421188,1864,2017,e_S
1779864688.426953,2027,1950,e_S
1779864688.432404,2119,2034,e_S
1779864688.436705,1914,2136,e_S
1779864688.436834,1952,2130,e_S
1779864688.437001,2022,2010,e_S
1779864688.4371672,1948,2041,e_S
1779864688.437352,1935,2111,e_S
1779864688.437542,1917,2187,e_S
1779864688.437613,1982,2070,e_S
1779864688.437676,1837,1982,e_S
1779864688.437844,2164,1964,e_S
1779864688.437928,2054,2087,e_S
1779864688.43799,2022,2166,e_S
1779864688.440903,1977,2061,e_S
1779864688.4422889,2062,2044,e_S
1779864688.443881,1987,2092,e_S
1779864688.4551291,1959,2171,e_S
1779864688.4609852,1938,2010,e_S
1779864688.463969,2007,2042,e_S
1779864688.472414,1957,2009,e_S
1779864688.4737751,1788,2115,e_S
1779864688.474015,2012,2043,e_S
1779864688.4741418,1917,2077,e_S
1779864688.474266,1940,2226,e_S
1779864688.474667,2181,2087,e_S
1779864688.474916,2051,1800,e_S
1779864688.4750972,1914,1877,e_S
1779864688.475211,2001,2422,e_S
1779864688.4752798,1997,2262,e_S
1779864688.475361,2007,1957,e_S
1779864688.4754739,1976,1988,e_S
1779864688.4755452,2032,2136,e_S
1779864688.489762,1968,2203,e_S
1779864688.492945,1940,1908,e_S
1779864688.504147,1895,1893,e_S
1779864688.505276,2162,2017,e_S
1779864688.505353,2122,2142,e_S
1779864688.5055418,2088,2043,e_S
1779864688.505711,1984,2122,e_S
1779864688.5058508,1910,2147,e_S
1779864688.5059352,1809,2126,e_S
1779864688.505999,1708,2002,e_S
1779864688.506061,2069,2091,e_S
1779864688.506121,2175,2171,e_S
1779864688.5062442,1956,2157,e_S
1779864688.506376,2069,1875,e_S
1779864688.506458,2455,1980,e_S
1779864688.5078,2102,2124,e_S
1779864688.510633,1931,2060,e_S
1779864688.512102,1883,2084,e_S
1779864688.5136,2001,2181,e_S
1779864688.5223942,2098,2211,e_S
1779864688.5240252,1993,1945,e_S
1779864688.531331,1794,2111,e_S
1779864688.53933,1851,1988,e_S
1779864688.539986,2028,2012,e_S
1779864688.54032,2017,2126,e_S
1779864688.540628,2007,2096,e_S
1779864688.54093,2021,2129,e_S
1779864688.545342,2020,2009,e_S
1779864688.545561,2054,2132,e_S
1779864688.545747,2054,2048,e_S
1779864688.545818,2180,1932,e_S
1779864688.5459468,1773,2241,e_S
1779864688.546056,1796,2132,e_S
1779864688.5461109,1967,2042,e_S
1779864688.546284,2143,2090,e_S
1779864688.547777,2106,2133,e_S
1779864688.55522,2015,1987,e_S
1779864688.562537,1975,2015,e_S
1779864688.562985,1917,2018,e_S
1779864688.570173,2030,2065,e_S
1779864688.571241,1927,2034,e_S
1779864688.57132,1965,1988,e_S
1779864688.5716102,2001,1983,e_S
1779864688.571692,2124,2137,e_S
1779864688.5717602,2274,2154,e_S
1779864688.571828,2106,2189,e_S
1779864688.571893,1933,2161,e_S
1779864688.572065,2050,2111,e_S
1779864688.573566,2097,1965,e_S
1779864688.5765262,1896,1982,e_S
1779864688.5778902,1970,2166,e_S
1779864688.5893,2052,2140,e_S
1779864688.6026309,1971,1941,e_S
1779864688.6035829,1868,1755,e_S
1779864688.607463,1819,1723,e_S
1779864688.60774,1848,2372,e_S
1779864688.607971,1841,2475,e_S
1779864688.6087732,2258,2233,e_S
1779864688.608873,2220,2041,e_S
1779864688.6089358,1939,2270,e_S
1779864688.6090188,1917,2234,e_S
1779864688.60909,2182,2099,e_S
1779864688.609144,2135,2065,e_S
1779864688.609199,2074,2052,e_S
1779864688.6092532,2054,1981,e_S
1779864688.6093051,2009,2001,e_S
1779864688.610851,2051,2054,e_S
1779864688.6213791,2016,2066,e_S
1779864688.631809,1974,2160,e_S
1779864688.6332748,2005,2077,e_S
1779864688.638123,2154,1917,e_S
1779864688.638209,2142,1947,e_S
1779864688.6382751,1965,2230,e_S
1779864688.638339,1968,2093,e_S
1779864688.6384,2034,2173,e_S
1779864688.638462,1869,1986,e_S
1779864688.6385221,1771,1837,e_S
1779864688.63858,2031,2140,e_S
1779864688.6386392,1875,2377,e_S
1779864688.638696,2011,2214,e_S
1779864688.6387541,1987,2033,e_S
1779864688.640107,2012,2131,e_S
1779864688.641661,1988,2037,e_S
1779864688.644703,1886,1990,e_S
1779864688.646058,1980,2121,e_S
1779864688.660667,2212,2228,e_S
1779864688.6644568,2061,2136,e_S
1779864688.671478,1949,2040,e_S
1779864688.6768708,1968,2005,e_S
1779864688.677001,2164,2066,e_S
1779864688.677164,2197,2051,e_S
1779864688.677375,2069,2257,e_S
1779864688.6774569,2088,2107,e_S
1779864688.677569,1970,2111,e_S
1779864688.677699,1832,1939,e_S
1779864688.677792,1866,1950,e_S
1779864688.6778612,2011,2173,e_S
1779864688.677994,2092,2073,e_S
1779864688.6780632,1909,2011,e_S
1779864688.678132,1940,2077,e_S
1779864688.678197,2028,2130,e_S
1779864688.679732,2033,2093,e_S
1779864688.705282,2039,2049,e_S
1779864688.705869,2236,2005,e_S
1779864688.705961,2184,2075,e_S
1779864688.706028,2040,2008,e_S
1779864688.70609,2052,2031,e_S
1779864688.706151,2120,2133,e_S
1779864688.706212,2108,2113,e_S
1779864688.706272,1988,2157,e_S
1779864688.7063339,1842,2159,e_S
1779864688.7064111,1961,2031,e_S
1779864688.7064729,2039,2253,e_S
1779864688.706539,1919,2132,e_S
1779864688.7066329,1874,2019,e_S
1779864688.708147,1908,2104,e_S
1779864688.7095811,2028,2153,e_S
1779864688.71247,1995,2135,e_S
1779864688.713877,2043,2020,e_S
1779864688.7216032,2172,2005,e_S
1779864688.724106,2108,1988,e_S
1779864688.72432,2022,2078,e_S
1779864688.7333639,1971,2182,e_S
1779864688.73822,1998,2015,e_S
1779864688.739372,1981,1709,e_S
1779864688.742762,2067,1905,e_S
1779864688.7441258,2024,2593,e_S
1779864688.744212,2044,2190,e_S
1779864688.744354,2111,1978,e_S
1779864688.744496,2134,2093,e_S
1779864688.744601,2055,2153,e_S
1779864688.74476,2059,2148,e_S
1779864688.744839,1955,2117,e_S
1779864688.744956,1814,2112,e_S
1779864688.746451,2023,2110,e_S
1779864688.7819462,1988,2080,e_S
1779864688.782657,1966,1978,e_S
1779864688.78292,2077,2059,e_S
1779864688.782989,2034,2063,e_S
1779864688.783726,2003,1941,e_S
1779864688.7989209,2049,2152,e_S
1779864688.839963,1990,2260,e_S
1779864688.8406038,1961,1999,e_S
1779864688.8445618,1912,1904,e_S
1779864688.845099,1964,1904,e_S
1779864688.8451881,2184,2276,e_S
1779864688.845404,1995,2182,e_S
1779864688.845503,1979,1988,e_S
1779864688.84557,2157,2099,e_S
1779864688.845634,2065,2191,e_S
1779864688.845698,1997,2197,e_S
1779864688.845772,2032,2063,e_S
1779864688.845937,2065,2046,e_S
1779864688.846071,2125,2027,e_S
1779864688.8462248,2049,2054,e_S
1779864688.846406,1892,2078,e_S
1779864688.846486,1895,2070,e_S
1779864688.846556,2010,2122,e_S
1779864688.8466198,2080,2184,e_S
1779864688.846688,2083,2089,e_S
1779864688.8467531,1993,2174,e_S
1779864688.846821,2029,2077,e_S
1779864688.846962,2040,2037,e_S
1779864688.8470368,2007,2005,e_S
1779864688.8471,1980,2108,e_S
1779864688.847163,1983,2110,e_S
1779864688.847275,2061,2118,e_S
1779864688.8474429,2032,2011,e_S
1779864688.8475661,2022,2048,e_S
1779864688.84776,2058,2105,e_S
1779864688.847918,2083,2094,e_S
1779864688.848078,2006,2166,e_S
1779864688.848266,2085,2061,e_S
1779864688.848386,2012,2094,e_S
1779864688.8484569,1898,2124,e_S
1779864688.848619,1894,2114,e_S
1779864688.84869,2077,2078,e_S
1779864688.8488379,2112,2005,e_S
1779864688.848951,1974,2002,e_S
1779864688.849013,2011,2057,e_S
1779864688.84913,2089,2082,e_S
1779864688.849199,2189,1916,e_S
1779864688.849278,1962,2037,e_S
1779864688.849344,1899,2168,e_S
1779864688.849535,2218,2174,e_S
1779864688.849612,2168,2070,e_S
1779864688.849695,1848,2131,e_S
1779864688.852413,1767,2115,e_S
1779864688.862068,2023,2039,e_S
1779864688.865775,1905,1988,e_S
1779864688.876755,2159,2177,e_S
1779864688.884552,1912,2321,e_S
1779864688.884722,1763,2008,e_S
1779864688.8850062,2034,2020,e_S
1779864688.885626,2157,2064,e_S
1779864688.885857,2038,2129,e_S
1779864688.8859332,2038,2060,e_S
1779864688.886189,2177,2141,e_S
1779864688.886282,2031,2073,e_S
1779864688.886348,1939,2013,e_S
1779864688.886417,1990,2081,e_S
1779864688.886483,2105,2037,e_S
1779864688.8865469,2107,2049,e_S
1779864688.8866088,2035,2066,e_S
1779864688.886685,2038,2121,e_S
1779864688.888258,2010,2007,e_S
1779864688.8899798,2062,1929,e_S
1779864688.891665,2044,1875,e_S
1779864688.914092,1850,2276,e_S
1779864688.923223,2040,2334,e_S
1779864688.9240918,1986,2083,e_S
1779864688.9279711,1996,1981,e_S
1779864688.928069,2076,2171,e_S
1779864688.928138,2049,2125,e_S
1779864688.928202,1962,2045,e_S
1779864688.928403,2042,2049,e_S
1779864688.928544,2046,2146,e_S
1779864688.9286962,2087,2131,e_S
1779864688.928871,2052,1988,e_S
1779864688.9289532,1973,2047,e_S
1779864688.929017,2016,2050,e_S
1779864688.9290829,2003,2095,e_S
1779864688.929145,2107,2125,e_S
1779864688.929208,2118,2176,e_S
1779864688.929298,2002,2176,e_S
1779864688.9293928,1957,2090,e_S
1779864688.929455,1994,2008,e_S
1779864688.932116,2126,2026,e_S
1779864688.9351401,2008,2074,e_S
1779864688.9483242,1934,2029,e_S
1779864688.952511,2005,2032,e_S
1779864688.972508,2075,2027,e_S
1779864688.972865,2039,2096,e_S
1779864688.973022,1943,2154,e_S
1779864688.973108,1906,2068,e_S
1779864688.973214,2053,2103,e_S
1779864688.973384,2140,2085,e_S
1779864688.973505,2144,2137,e_S
1779864688.9736052,2080,2113,e_S
1779864688.97376,2076,2042,e_S
1779864688.9738822,2044,2075,e_S
1779864688.9741518,1944,2129,e_S
1779864688.974215,2016,2069,e_S
1779864688.974276,1994,2107,e_S
1779864688.974404,2115,2128,e_S
1779864688.9744918,2109,2078,e_S
1779864688.974562,1975,2112,e_S
1779864688.974634,1981,2127,e_S
1779864688.974707,1931,2171,e_S
1779864688.976328,2057,2061,e_S
1779864689.011104,2093,2054,e_S
1779864689.011392,2086,2039,e_S
1779864689.0114639,1981,2011,e_S
1779864689.011698,2152,2010,e_S
1779864689.011839,1943,1922,e_S
1779864689.012059,1799,1887,e_S
1779864689.012251,1990,2265,e_S
1779864689.01248,2082,2214,e_S
1779864689.01256,2034,2079,e_S
1779864689.012629,1975,2135,e_S
1779864689.012697,2028,2145,e_S
1779864689.0128489,2115,2170,e_S
1779864689.012949,2127,2242,e_S
1779864689.013047,2064,2028,e_S
1779864689.0131252,2081,2067,e_S
1779864689.013193,2116,2134,e_S
1779864689.013391,1990,2171,e_S
1779864689.013471,1985,2074,e_S
1779864689.013556,1958,1981,e_S
1779864689.016115,2087,2004,e_S
1779864689.019095,2090,2186,e_S
1779864689.02071,2134,2054,e_S
1779864689.044047,2012,2006,e_S
1779864689.0482922,1960,2056,e_S
1779864689.057246,1992,2108,e_S
1779864689.061534,1967,2104,e_S
1779864689.063402,2037,2040,e_S
1779864689.063901,2045,2057,e_S
1779864689.063987,2054,2095,e_S
1779864689.0640671,2065,2072,e_S
1779864689.0641332,2164,2027,e_S
1779864689.0641952,2087,2078,e_S
1779864689.06426,2016,2139,e_S
1779864689.064333,1973,2185,e_S
1779864689.064399,2022,2108,e_S
1779864689.064469,2087,1981,e_S
1779864689.064536,2160,2092,e_S
1779864689.0646741,2071,2072,e_S
1779864689.064747,1988,2092,e_S
1779864689.064812,2031,2063,e_S
1779864689.064878,2003,2115,e_S
1779864689.064946,1950,2126,e_S
1779864689.065017,2022,2090,e_S
1779864689.065084,2026,2101,e_S
1779864689.066497,2021,2081,e_S
1779864689.087605,2045,2128,e_S
1779864689.103764,2125,2098,e_S
1779864689.1042602,2111,2049,e_S
1779864689.110912,2021,2042,e_S
1779864689.112608,2008,2082,e_S
1779864689.112764,1932,2125,e_S
1779864689.112839,2077,2109,e_S
1779864689.112962,2130,2086,e_S
1779864689.113228,2049,2060,e_S
1779864689.114696,2079,2067,e_S
1779864689.143254,2018,2055,e_S
1779864689.144419,2034,2120,e_S
1779864689.144552,1980,2052,e_S
1779864689.148767,1922,2078,e_S
1779864689.148865,2056,2097,e_S
1779864689.148938,2073,2151,e_S
1779864689.149002,2048,2064,e_S
1779864689.1490629,2019,2076,e_S
1779864689.149122,2106,2103,e_S
1779864689.1491818,2074,2050,e_S
1779864689.14932,2056,2070,e_S
1779864689.1494882,1983,2115,e_S
1779864689.149556,2065,2133,e_S
1779864689.149626,2119,2059,e_S
1779864689.149693,2074,2011,e_S
1779864689.149867,1928,2083,e_S
1779864689.150014,1938,2150,e_S
1779864689.150205,2004,2078,e_S
1779864689.150528,2003,2075,e_S
1779864689.154773,1950,2097,e_S
1779864689.154939,2041,2109,e_S
1779864689.164454,2077,2102,e_S
1779864689.174617,2089,2045,e_S
1779864689.181779,2090,2048,e_S
1779864689.182859,2019,2055,e_S
1779864689.188994,2060,2081,e_S
1779864689.189307,2027,2069,e_S
1779864689.189468,2025,2109,e_S
1779864689.189606,2004,2131,e_S
1779864689.189824,2061,2042,e_S
1779864689.189902,2014,2049,e_S
1779864689.189976,2026,2035,e_S
1779864689.190037,2023,2084,e_S
1779864689.190154,2081,2088,e_S
1779864689.190214,2050,2037,e_S
1779864689.190295,1988,2128,e_S
1779864689.190356,2022,2145,e_S
1779864689.190413,2013,2095,e_S
1779864689.19047,2056,2069,e_S
1779864689.190527,2085,2027,e_S
1779864689.1905842,1950,2021,e_S
1779864689.190641,1995,2092,e_S
1779864689.190699,2039,2071,e_S
1779864689.190756,2030,2028,e_S
1779864689.190817,2059,2043,e_S
1779864689.1909518,2027,2039,e_S
1779864689.1910899,2080,2080,e_S
1779864689.1911502,2138,2097,e_S
1779864689.1912801,2113,2134,e_S
1779864689.191392,2006,2074,e_S
1779864689.191635,2023,2046,e_S
1779864689.1933289,2026,2107,e_S
1779864689.193575,2010,2123,e_S
1779864689.1936588,1932,2155,e_S
1779864689.196314,2015,2108,e_S
1779864689.197696,2016,2093,e_S
1779864689.214643,2032,2086,e_S
1779864689.224326,2038,2056,e_S
1779864689.230687,2172,2054,e_S
1779864689.23591,2107,2014,e_S
1779864689.236187,1987,2092,e_S
1779864689.2362812,2014,2090,e_S
1779864689.236363,2063,2118,e_S
1779864689.240142,2048,2035,e_S
1779864689.240451,2060,2027,e_S
1779864689.240677,2049,2107,e_S
1779864689.240761,2068,2004,e_S
1779864689.24086,2156,2006,e_S
1779864689.241001,2057,2067,e_S
1779864689.241142,1978,2088,e_S
1779864689.241995,1958,2119,e_S
1779864689.242099,2045,2122,e_S
1779864689.256934,2069,2056,e_S
1779864689.2638211,2037,2125,e_S
1779864689.264471,1988,2126,e_S
1779864689.2729359,2046,2024,e_S
1779864689.273026,2074,2051,e_S
1779864689.273091,2032,2156,e_S
1779864689.273151,2063,2150,e_S
1779864689.273212,2014,2027,e_S
1779864689.273273,2036,2033,e_S
1779864689.2733319,2088,2033,e_S
1779864689.273389,2040,2148,e_S
1779864689.2734568,2015,2111,e_S
1779864689.273514,1970,2077,e_S
1779864689.2735722,1970,2084,e_S
1779864689.27363,2101,2133,e_S
1779864689.2736928,2071,2086,e_S
1779864689.273845,2081,2079,e_S
1779864689.27397,2064,2039,e_S
1779864689.274102,2032,2068,e_S
1779864689.2741902,2068,2052,e_S
1779864689.2742531,2071,2064,e_S
1779864689.274435,1969,2055,e_S
1779864689.2764108,1981,2116,e_S
1779864689.277801,2056,2119,e_S
1779864689.280546,2114,2041,e_S
1779864689.281962,2088,2026,e_S
1779864689.294285,2090,2072,e_S
1779864689.2944388,2071,2112,e_S
1779864689.304557,2088,1992,e_S
1779864689.305411,2000,2060,e_S
1779864689.30953,1989,2085,e_S
1779864689.3097339,1944,2150,e_S
1779864689.309939,2034,2109,e_S
1779864689.3100522,2011,2081,e_S
1779864689.310132,2061,2086,e_S
1779864689.3102,1989,2082,e_S
1779864689.3103669,2058,2057,e_S
1779864689.310445,2063,2062,e_S
1779864689.310564,2042,2127,e_S
1779864689.3106282,2004,2088,e_S
1779864689.31201,2076,2023,e_S
1779864689.313445,2131,2054,e_S
1779864689.33039,2095,2075,e_S
1779864689.336797,2048,2074,e_S
1779864689.337995,2058,2122,e_S
1779864689.342687,2113,2047,e_S
1779864689.342777,2096,2103,e_S
1779864689.342916,1984,2116,e_S
1779864689.342995,1997,2103,e_S
1779864689.343059,2053,2061,e_S
1779864689.343402,2062,2025,e_S
1779864689.343751,2059,2069,e_S
1779864689.343842,1966,2062,e_S
1779864689.343913,2067,2032,e_S
1779864689.3439832,2034,2050,e_S
1779864689.344048,1942,2097,e_S
1779864689.34411,1988,2131,e_S
1779864689.345848,2107,2135,e_S
1779864689.347469,2066,2094,e_S
1779864689.350268,2107,2122,e_S
1779864689.352464,2090,2117,e_S
1779864689.376429,2121,2024,e_S
1779864689.3769238,2083,1995,e_S
1779864689.377653,2007,2077,e_S
1779864689.377938,2045,2099,e_S
1779864689.3829818,2072,2074,e_S
1779864689.388402,2028,2030,e_S
1779864689.414428,2055,2090,e_S
1779864689.426599,2054,2092,e_S
1779864689.426698,1989,2117,e_S
1779864689.426857,2060,2056,e_S
1779864689.426934,2042,2079,e_S
1779864689.426998,1949,2124,e_S
1779864689.427087,2051,2162,e_S
1779864689.427159,2087,2136,e_S
1779864689.4273942,2007,2023,e_S
1779864689.427469,2041,1980,e_S
1779864689.4275331,1991,2016,e_S
1779864689.427595,1969,2048,e_S
1779864689.42766,2002,2093,e_S
1779864689.4277241,1954,2050,e_S
1779864689.427787,1963,2141,e_S
1779864689.4278882,2042,2079,e_S
1779864689.428284,2017,2015,e_S
1779864689.4284549,2073,2077,e_S
1779864689.428575,2105,2125,e_S
1779864689.428642,2066,2032,e_S
1779864689.428708,2087,2036,e_S
1779864689.4288142,2019,2062,e_S
1779864689.4289548,1921,2167,e_S
1779864689.429028,2014,2110,e_S
1779864689.429485,2070,2115,e_S
1779864689.430023,2075,2058,e_S
1779864689.430228,2068,2043,e_S
1779864689.4302988,2066,2040,e_S
1779864689.430368,2089,2074,e_S
1779864689.43052,2077,2108,e_S
1779864689.43059,1987,2119,e_S
1779864689.4306948,2011,2038,e_S
1779864689.430767,2095,2029,e_S
1779864689.432153,2071,2031,e_S
1779864689.440522,2075,2111,e_S
1779864689.4720309,1961,2131,e_S
1779864689.472142,2026,2111,e_S
1779864689.4729002,2076,2059,e_S
1779864689.4734871,2020,2089,e_S
1779864689.4736042,2007,2153,e_S
1779864689.473685,2049,2097,e_S
1779864689.4737558,2040,2046,e_S
1779864689.473825,2061,2042,e_S
1779864689.473956,2002,2065,e_S
1779864689.474255,2069,2046,e_S
1779864689.4743428,2038,2020,e_S
1779864689.474415,2071,2110,e_S
1779864689.4744792,2014,2128,e_S
1779864689.474543,2084,2075,e_S
1779864689.474622,2114,2065,e_S
1779864689.474945,2137,2066,e_S
1779864689.4754272,2066,2104,e_S
1779864689.475651,2032,2133,e_S
1779864689.475722,2027,2054,e_S
1779864689.475785,2015,2080,e_S
1779864689.475848,2006,2132,e_S
1779864689.493532,1990,2097,e_S
1779864689.511877,2035,2052,e_S
1779864689.512418,1999,2040,e_S
1779864689.512908,2049,2104,e_S
1779864689.5130172,2073,2085,e_S
1779864689.513438,2101,2012,e_S
1779864689.513574,2075,2069,e_S
1779864689.513751,2048,2137,e_S
1779864689.513834,1996,2143,e_S
1779864689.513899,2101,2066,e_S
1779864689.513962,2166,2066,e_S
1779864689.514295,2118,2102,e_S
1779864689.514369,1989,2129,e_S
1779864689.514443,2031,2101,e_S
1779864689.514508,1999,2000,e_S
1779864689.514633,1976,2097,e_S
1779864689.5147,1980,2133,e_S
1779864689.514774,2061,2090,e_S
1779864689.514842,2159,2052,e_S
1779864689.516295,2053,2048,e_S
1779864689.5196018,2002,2064,e_S
1779864689.520747,2093,2109,e_S
1779864689.5222678,2117,2069,e_S
1779864689.557271,1994,2062,e_S
1779864689.557747,1955,2068,e_S
1779864689.557887,1944,2082,e_S
1779864689.557958,2059,2102,e_S
1779864689.558291,2088,2077,e_S
1779864689.558531,2071,2042,e_S
1779864689.558697,2030,2044,e_S
1779864689.558843,2019,2075,e_S
1779864689.558926,2056,2092,e_S
1779864689.558992,2096,2133,e_S
1779864689.559062,1988,2168,e_S
1779864689.559131,2014,2114,e_S
1779864689.559201,1978,2045,e_S
1779864689.559335,2029,2015,e_S
1779864689.5594509,2132,2102,e_S
1779864689.5595362,2112,2080,e_S
1779864689.559647,2167,1971,e_S
1779864689.5597188,2031,2004,e_S
1779864689.559802,1940,2076,e_S
1779864689.561623,1976,2058,e_S
1779864689.5779798,2035,2088,e_S
1779864689.588033,2045,2133,e_S
1779864689.5895429,1995,2178,e_S
1779864689.592892,2038,2144,e_S
1779864689.5939379,2093,2159,e_S
1779864689.5940878,2084,2224,e_S
1779864689.594178,2011,2301,e_S
1779864689.5942888,2032,2235,e_S
1779864689.5951219,2106,2144,e_S
1779864689.595222,2087,2142,e_S
1779864689.595298,2048,2137,e_S
1779864689.595422,2011,2149,e_S
1779864689.5955148,2071,2024,e_S
1779864689.595886,2004,2043,e_S
1779864689.595969,2114,2087,e_S
1779864689.596041,2041,2113,e_S
1779864689.596103,2051,2124,e_S
1779864689.597501,2055,2120,e_S
1779864689.600223,2032,2123,e_S
1779864689.60152,1958,2117,e_S
1779864689.614368,1967,2070,e_S
1779864689.625592,2052,2098,e_S
1779864689.629675,2014,2121,e_S
1779864689.629771,1923,2202,e_S
1779864689.629838,1970,2127,e_S
1779864689.629908,2073,2036,e_S
1779864689.629969,2227,2003,e_S
1779864689.630029,2057,2028,e_S
1779864689.630136,2025,2072,e_S
1779864689.630239,2161,2051,e_S
1779864689.630343,2028,2031,e_S
1779864689.63042,2030,2081,e_S
1779864689.6304839,2023,2146,e_S
1779864689.6305459,2084,2133,e_S
1779864689.63181,2099,2086,e_S
1779864689.6405172,2076,2094,e_S
1779864689.656972,2041,2101,e_S
1779864689.657412,2052,2050,e_S
1779864689.6581068,1990,2031,e_S
1779864689.6626408,2095,2103,e_S
1779864689.662735,2099,2160,e_S
1779864689.662805,2220,1996,e_S
1779864689.662869,2050,2007,e_S
1779864689.662932,2047,2109,e_S
1779864689.6629949,2034,2068,e_S
1779864689.6630569,2011,2096,e_S
1779864689.6632771,1948,2098,e_S
1779864689.6633952,1954,2154,e_S
1779864689.663465,1947,2171,e_S
1779864689.6636171,1999,2108,e_S
1779864689.6637871,2050,2093,e_S
1779864689.666495,2091,2061,e_S
1779864689.668124,2089,2099,e_S
1779864689.670683,2080,2064,e_S
1779864689.672579,2111,2107,e_S
1779864689.68646,2104,2081,e_S
1779864689.697581,2017,2114,e_S
1779864689.698127,1982,2132,e_S
1779864689.698514,2013,2026,e_S
1779864689.7047198,2087,2028,e_S
1779864689.704837,2122,2088,e_S
1779864689.704916,2060,2081,e_S
1779864689.704992,2082,2020,e_S
1779864689.705062,2079,2043,e_S
1779864689.705132,2034,2095,e_S
1779864689.705201,1956,2155,e_S
1779864689.705272,2050,2113,e_S
1779864689.7053409,2110,2083,e_S
1779864689.70541,2038,2047,e_S
1779864689.705479,1924,2060,e_S
1779864689.705548,1993,2099,e_S
1779864689.7056158,2064,2066,e_S
1779864689.7086,2070,2074,e_S
1779864689.717076,2044,2127,e_S
1779864689.7243361,2074,2120,e_S
1779864689.72501,2127,2123,e_S
1779864689.7255318,2088,2048,e_S
1779864689.731997,2032,2026,e_S
1779864689.7410681,2070,2051,e_S
1779864689.742359,2154,2078,e_S
1779864689.742479,2053,2091,e_S
1779864689.742579,1952,2110,e_S
1779864689.7427251,1959,2115,e_S
1779864689.742812,2041,2075,e_S
1779864689.742879,2099,2088,e_S
1779864689.7429419,2012,2088,e_S
1779864689.7430809,2077,2036,e_S
1779864689.743145,2053,2062,e_S
1779864689.743207,2016,2064,e_S
1779864689.743307,2004,2060,e_S
1779864689.743407,1974,2072,e_S
1779864689.746449,2119,2078,e_S
1779864689.7478578,2019,2093,e_S
1779864689.752188,2015,2045,e_S
1779864689.7532108,2029,2111,e_S
1779864689.754861,2088,2099,e_S
1779864689.773343,2064,2096,e_S
1779864689.778336,2025,2125,e_S
1779864689.783801,1984,2102,e_S
1779864689.789692,2021,2069,e_S
1779864689.789808,2037,2100,e_S
1779864689.789886,2046,2049,e_S
1779864689.789959,2025,2061,e_S
1779864689.790028,2029,2060,e_S
1779864689.790099,2053,2092,e_S
1779864689.790169,2071,2132,e_S
1779864689.7902389,1968,2124,e_S
1779864689.790308,2021,2199,e_S
1779864689.793043,2123,2075,e_S
1779864689.7931578,2055,2086,e_S
1779864689.79339,2060,2035,e_S
1779864689.793588,2035,2063,e_S
1779864689.7936692,2130,2019,e_S
1779864689.793909,2069,2108,e_S
1779864689.794136,2063,2044,e_S
1779864689.794222,1981,2096,e_S
1779864689.821397,2050,2035,e_S
1779864689.826978,2071,2057,e_S
1779864689.8270988,2076,2044,e_S
1779864689.827175,1996,2119,e_S
1779864689.8273249,2048,2131,e_S
1779864689.8275259,2034,2082,e_S
1779864689.8276029,1983,2119,e_S
1779864689.827672,1991,2155,e_S
1779864689.8277388,1984,2077,e_S
1779864689.8278131,2029,2058,e_S
1779864689.8278809,2115,2071,e_S
1779864689.8279622,2128,2077,e_S
1779864689.828022,2072,2105,e_S
1779864689.828112,2078,2081,e_S
1779864689.8281941,1965,2111,e_S
1779864689.828264,1980,2126,e_S
1779864689.8283288,2007,2109,e_S
1779864689.82987,2088,2048,e_S
1779864689.834368,2052,2040,e_S
1779864689.834921,2080,2031,e_S
1779864689.838374,2085,2115,e_S
1779864689.838443,2024,2052,e_S
1779864689.859762,2002,2104,e_S
1779864689.872146,1990,2143,e_S
1779864689.87249,2029,2131,e_S
1779864689.8728619,2151,2077,e_S
1779864689.87296,2203,2064,e_S
1779864689.873041,2014,2024,e_S
1779864689.873108,1955,2112,e_S
1779864689.8731709,2108,2084,e_S
1779864689.873326,2057,2081,e_S
1779864689.873462,2008,2030,e_S
1779864689.8735309,1956,2009,e_S
1779864689.873672,2084,2099,e_S
1779864689.873893,2019,2092,e_S
1779864689.874645,1956,2057,e_S
1779864689.874893,1962,2015,e_S
1779864689.8901162,2042,2042,e_S
1779864689.8949308,2130,2038,e_S
1779864689.9062378,2037,2014,e_S
1779864689.9066691,1996,2121,e_S
1779864689.906847,2011,2111,e_S
1779864689.90692,2101,2173,e_S
1779864689.9069839,2134,2171,e_S
1779864689.907048,2064,2102,e_S
1779864689.907114,2053,2072,e_S
1779864689.907179,2149,2056,e_S
1779864689.907524,2038,2061,e_S
1779864689.907596,1960,2102,e_S
1779864689.9076622,2029,2095,e_S
1779864689.907841,2115,2105,e_S
1779864689.9079108,1984,2085,e_S
1779864689.907979,1990,2085,e_S
1779864689.908107,1963,2109,e_S
1779864689.908538,2047,2076,e_S
1779864689.90866,2134,2049,e_S
1779864689.908772,2033,2139,e_S
1779864689.910203,1983,2172,e_S
1779864689.911705,2036,2069,e_S
1779864689.914539,2195,2036,e_S
1779864689.9266949,2173,2164,e_S
1779864689.94589,2102,2151,e_S
1779864689.946063,2085,2109,e_S
1779864689.9477482,1966,2104,e_S
1779864689.947836,1961,2201,e_S
1779864689.9481971,2005,2166,e_S
1779864689.948261,1972,2094,e_S
1779864689.94832,1976,2037,e_S
1779864689.94838,2008,2021,e_S
1779864689.948525,2018,2038,e_S
1779864689.948614,2069,2109,e_S
1779864689.9486809,2118,2019,e_S
1779864689.948791,1997,2058,e_S
1779864689.948867,1951,2081,e_S
1779864689.949101,2017,2108,e_S
1779864689.949456,2101,2099,e_S
1779864689.949524,2126,2087,e_S
1779864689.950231,2093,2064,e_S
1779864689.959766,2035,2091,e_S
1779864689.962931,2038,2043,e_S
1779864689.96641,2108,1992,e_S
1779864689.9711978,2026,2052,e_S
1779864689.974557,1956,2119,e_S
1779864689.978806,1936,2077,e_S
1779864689.97917,1985,2109,e_S
1779864689.979723,2081,2077,e_S
1779864689.980451,2054,2091,e_S
1779864689.980742,2062,2102,e_S
1779864689.981173,2066,2050,e_S
1779864689.9868128,1999,2081,e_S
1779864689.987058,2053,2144,e_S
1779864689.987145,2115,2128,e_S
1779864689.987212,2115,2127,e_S
1779864689.987392,2077,2033,e_S
1779864689.987496,1999,2039,e_S
1779864689.987649,2030,2051,e_S
1779864689.9877188,2050,2046,e_S
1779864689.990386,1945,2013,e_S
1779864689.992587,1969,2105,e_S
1779864689.9940631,2089,2134,e_S
1779864690.002511,2100,2074,e_S
1779864690.0039291,2040,2060,e_S
1779864690.0108318,2039,2018,e_S
1779864690.011192,2080,2063,e_S
1779864690.012219,2121,2116,e_S
1779864690.012295,2070,2048,e_S
1779864690.012361,1975,2118,e_S
1779864690.012444,1970,2121,e_S
1779864690.012542,2022,2098,e_S
1779864690.015857,2050,2076,e_S
1779864690.016242,2036,2077,e_S
1779864690.020991,1969,2107,e_S
1779864690.025525,2070,2103,e_S
1779864690.0256388,2157,2127,e_S
1779864690.025743,2059,2158,e_S
1779864690.025941,1981,2165,e_S
1779864690.027943,1982,2108,e_S
1779864690.0396218,2055,2089,e_S
1779864690.046925,2033,2092,e_S
1779864690.055518,2035,2190,e_S
1779864690.0596669,2090,2331,e_S
1779864690.059757,2056,2275,e_S
1779864690.059822,2038,2279,e_S
1779864690.059913,2079,2300,e_S
1779864690.059988,2025,2355,e_S
1779864690.060051,2078,2310,e_S
1779864690.060111,2072,2244,e_S
1779864690.060205,2040,2207,e_S
1779864690.06027,2040,2151,e_S
1779864690.06033,2090,2151,e_S
1779864690.060392,2007,2123,e_S
1779864690.060451,2032,2158,e_S
1779864690.06051,2054,2200,e_S
1779864690.062043,2092,2153,e_S
1779864690.06352,2085,2128,e_S
1779864690.066144,2055,2150,e_S
1779864690.0677419,2039,2104,e_S
1779864690.077708,2125,2015,e_S
1779864690.077881,2017,2014,e_S
1779864690.078822,1941,2087,e_S
1779864690.0790179,1926,2120,e_S
1779864690.082814,2012,2155,e_S
1779864690.085899,2083,2148,e_S
1779864690.089273,2050,2085,e_S
1779864690.089917,2047,2027,e_S
1779864690.0950022,2090,2104,e_S
1779864690.100147,2083,2055,e_S
1779864690.100799,2058,2067,e_S
1779864690.101054,2002,2096,e_S
1779864690.101152,2063,2031,e_S
1779864690.1012218,2056,2081,e_S
1779864690.10138,2122,2084,e_S
1779864690.101564,2097,2072,e_S
1779864690.1021729,2059,2023,e_S
1779864690.103627,2131,2080,e_S
1779864690.111678,2102,2080,e_S
1779864690.111999,2015,2100,e_S
1779864690.1138408,2027,2130,e_S
1779864690.127769,2071,2129,e_S
1779864690.1281579,2070,2080,e_S
1779864690.129125,2074,2092,e_S
1779864690.1297789,1971,2060,e_S
1779864690.135228,2003,2058,e_S
1779864690.135349,2038,2041,e_S
1779864690.135539,2062,2054,e_S
1779864690.135674,1975,2093,e_S
1779864690.135885,1976,2156,e_S
1779864690.135964,2004,2109,e_S
1779864690.136157,2061,2064,e_S
1779864690.136224,2028,2097,e_S
1779864690.136357,2050,2194,e_S
1779864690.137707,2144,2106,e_S
1779864690.1407008,2099,2080,e_S
1779864690.1549199,2056,2154,e_S
1779864690.16381,2010,2105,e_S
1779864690.164352,2119,2076,e_S
1779864690.1646311,2146,1990,e_S
1779864690.170033,2076,2078,e_S
1779864690.170229,1979,2092,e_S
1779864690.1703181,2004,2106,e_S
1779864690.17046,2001,2033,e_S
1779864690.170542,1966,2144,e_S
1779864690.170676,2024,2132,e_S
1779864690.1707652,1973,2094,e_S
1779864690.17088,2027,2060,e_S
1779864690.170959,2155,2068,e_S
1779864690.171055,2069,2102,e_S
1779864690.171139,2100,2099,e_S
1779864690.172562,2090,2064,e_S
1779864690.1837718,2055,2057,e_S
1779864690.187735,1986,2119,e_S
1779864690.191466,2090,2074,e_S
1779864690.197311,2143,2086,e_S
1779864690.19848,2107,2058,e_S
1779864690.203445,2033,2016,e_S
1779864690.203617,2044,2050,e_S
1779864690.203847,2099,2005,e_S
1779864690.203993,1970,2082,e_S
1779864690.204111,1908,2109,e_S
1779864690.204227,1910,2135,e_S
1779864690.204293,2031,2042,e_S
1779864690.2043562,2108,2045,e_S
1779864690.204448,2068,2089,e_S
1779864690.20451,1980,2098,e_S
1779864690.204612,2073,2043,e_S
1779864690.2060301,2111,2056,e_S
1779864690.207642,2028,2121,e_S
1779864690.211831,2093,2126,e_S
1779864690.2279449,2097,2165,e_S
1779864690.237352,2041,2094,e_S
1779864690.242526,2015,2025,e_S
1779864690.242628,2021,2033,e_S
1779864690.242698,2075,2093,e_S
1779864690.242761,2085,2090,e_S
1779864690.243072,2008,2116,e_S
1779864690.2431722,2005,2095,e_S
1779864690.24331,2093,2090,e_S
1779864690.243594,2126,2020,e_S
1779864690.243712,2056,2051,e_S
1779864690.243846,2010,2027,e_S
1779864690.243937,2034,2098,e_S
1779864690.244003,2125,2077,e_S
1779864690.2442062,2178,2052,e_S
1779864690.244333,2037,2048,e_S
1779864690.244493,1903,2177,e_S
1779864690.2463481,1982,2077,e_S
1779864690.2609332,2122,2058,e_S
1779864690.2644422,2111,2079,e_S
1779864690.2732239,2067,2131,e_S
1779864690.274357,1991,2056,e_S
1779864690.275278,1947,2010,e_S
1779864690.2789938,1974,2072,e_S
1779864690.279087,2013,2170,e_S
1779864690.2791529,2061,2145,e_S
1779864690.279378,2011,2097,e_S
1779864690.279542,2123,2109,e_S
1779864690.279613,2201,2054,e_S
1779864690.279685,2131,2040,e_S
1779864690.2798421,2012,2036,e_S
1779864690.279916,2035,2115,e_S
1779864690.27998,1999,2159,e_S
1779864690.280041,2066,2114,e_S
1779864690.280101,2109,2084,e_S
1779864690.2815711,2100,2069,e_S
1779864690.284745,2042,2042,e_S
1779864690.2864032,1950,2112,e_S
1779864690.287642,2087,2103,e_S
1779864690.295867,2093,2118,e_S
1779864690.296725,2066,2119,e_S
1779864690.2968729,2005,2151,e_S
1779864690.296968,2099,2090,e_S
1779864690.3029828,2043,2096,e_S
1779864690.303754,2020,2076,e_S
1779864690.306468,2100,2078,e_S
1779864690.310465,2050,2107,e_S
1779864690.312033,1965,2069,e_S
1779864690.315882,2023,2075,e_S
1779864690.321534,1972,2084,e_S
1779864690.321641,2081,2105,e_S
1779864690.321769,2045,2047,e_S
1779864690.32188,2048,2037,e_S
1779864690.3219578,2022,2050,e_S
1779864690.322079,2082,2062,e_S
1779864690.322158,2104,2062,e_S
1779864690.3253021,2042,2099,e_S
1779864690.33868,2003,2108,e_S
1779864690.342232,2025,2048,e_S
1779864690.3457248,2059,2057,e_S
1779864690.3501902,2122,2086,e_S
1779864690.354582,2105,2045,e_S
1779864690.35473,2036,2037,e_S
1779864690.354837,2133,2043,e_S
1779864690.354964,2016,2102,e_S
1779864690.355073,1931,2155,e_S
1779864690.355211,1995,2101,e_S
1779864690.355366,2056,2075,e_S
1779864690.355465,2040,2037,e_S
1779864690.355632,2041,2083,e_S
1779864690.355734,1995,2138,e_S
1779864690.3558211,2060,2122,e_S
1779864690.3558972,2048,2084,e_S
1779864690.358613,2034,2076,e_S
1779864690.360119,2006,2126,e_S
1779864690.3616068,2123,2048,e_S
1779864690.370681,2135,2079,e_S
1779864690.371994,2116,2038,e_S
1779864690.374073,2109,2057,e_S
1779864690.377571,2095,2049,e_S
1779864690.377825,2057,2055,e_S
1779864690.377901,2029,2001,e_S
1779864690.377998,2000,2060,e_S
1779864690.3780758,2018,2103,e_S
1779864690.3893461,2081,2133,e_S
1779864690.389865,2082,2074,e_S
1779864690.3901708,2059,2028,e_S
1779864690.3911371,2014,2080,e_S
1779864690.396784,2031,2050,e_S
1779864690.396874,2059,2081,e_S
1779864690.396938,1999,2109,e_S
1779864690.3970282,2033,2130,e_S
1779864690.3971,2130,2069,e_S
1779864690.398547,2076,2085,e_S
1779864690.4,2023,2101,e_S
1779864690.412862,2019,2097,e_S
1779864690.416105,2090,2100,e_S
1779864690.42292,2061,2100,e_S
1779864690.426812,2005,2091,e_S
1779864690.427834,2032,2195,e_S
1779864690.432029,2052,2122,e_S
1779864690.4325042,2053,2098,e_S
1779864690.432584,2074,2120,e_S
1779864690.432874,2001,2085,e_S
1779864690.4330518,2058,2035,e_S
1779864690.433123,2076,2047,e_S
1779864690.433344,2044,2111,e_S
1779864690.433441,1932,2155,e_S
1779864690.4336052,1994,2112,e_S
1779864690.433672,2115,2076,e_S
1779864690.4337401,2110,2062,e_S
1779864690.433802,2177,2050,e_S
1779864690.4364989,2097,2054,e_S
1779864690.437928,2089,2019,e_S
1779864690.441561,1965,2118,e_S
1779864690.449467,1984,2163,e_S
1779864690.464236,2062,2164,e_S
1779864690.464534,2050,2090,e_S
1779864690.465264,2073,2036,e_S
1779864690.4657311,1983,2022,e_S
1779864690.466767,1917,2107,e_S
1779864690.472157,2031,2089,e_S
1779864690.472298,2035,2038,e_S
1779864690.4723861,2023,2066,e_S
1779864690.4724538,2012,2092,e_S
1779864690.4725199,2095,2069,e_S
1779864690.472584,2086,2119,e_S
1779864690.472703,2086,2100,e_S
1779864690.472838,2011,2113,e_S
1779864690.4729118,2084,2057,e_S
1779864690.4729779,2118,2071,e_S
1779864690.474545,2072,2091,e_S
1779864690.4762912,2043,2148,e_S
1779864690.485656,2045,2071,e_S
1779864690.489248,2095,2028,e_S
1779864690.490006,2077,2016,e_S
1779864690.4901912,2081,2063,e_S
1779864690.490756,2040,2113,e_S
1779864690.496108,2062,2042,e_S
1779864690.499868,2050,2067,e_S
1779864690.50461,2099,2130,e_S
1779864690.504763,2047,2205,e_S
1779864690.504859,2085,2097,e_S
1779864690.50493,2029,2057,e_S
1779864690.505041,1990,2038,e_S
1779864690.505122,2009,2075,e_S
1779864690.5052118,2048,1995,e_S
1779864690.5066,2047,1977,e_S
1779864690.5079591,2089,2066,e_S
1779864690.510839,1916,2074,e_S
1779864690.512247,1991,2095,e_S
1779864690.526892,2070,2137,e_S
1779864690.529772,2044,2067,e_S
1779864690.530648,2063,2125,e_S
1779864690.5335739,2100,2088,e_S
1779864690.5378041,2092,2093,e_S
1779864690.5386791,2023,2130,e_S
1779864690.53899,1985,2139,e_S
1779864690.5428312,2051,2116,e_S
1779864690.544523,2126,2111,e_S
1779864690.544957,2108,2052,e_S
1779864690.545053,2031,2054,e_S
1779864690.5452008,2029,2089,e_S
1779864690.545384,2074,2092,e_S
1779864690.54561,1951,2115,e_S
1779864690.545739,1953,2126,e_S
1779864690.545815,2065,2081,e_S
1779864690.545931,2116,2067,e_S
1779864690.556609,2072,2085,e_S
1779864690.564121,2073,1990,e_S
1779864690.5728629,2084,2013,e_S
1779864690.57321,2081,2000,e_S
1779864690.574413,2088,2060,e_S
1779864690.5750139,1987,2070,e_S
1779864690.578339,1950,2126,e_S
1779864690.580032,2030,2084,e_S
1779864690.580106,2046,2035,e_S
1779864690.580173,2115,2051,e_S
1779864690.580234,2040,2075,e_S
1779864690.580297,2023,1987,e_S
1779864690.5803578,1995,1926,e_S
1779864690.580439,2046,1965,e_S
1779864690.580498,2136,2062,e_S
1779864690.580557,2163,2086,e_S
1779864690.580616,2076,2102,e_S
1779864690.582232,2047,2190,e_S
1779864690.58362,2042,2141,e_S
1779864690.585917,2057,2258,e_S
1779864690.607104,2109,2216,e_S
1779864690.607483,1959,2192,e_S
1779864690.6108422,1972,2272,e_S
1779864690.619654,2065,2234,e_S
1779864690.619755,2036,2138,e_S
1779864690.61996,2032,2074,e_S
1779864690.6201432,2018,2098,e_S
1779864690.6202502,2036,2133,e_S
1779864690.620329,2181,2114,e_S
1779864690.620394,2080,2102,e_S
1779864690.620456,2052,2179,e_S
1779864690.620517,1964,2215,e_S
1779864690.620579,1940,2100,e_S
1779864690.620639,2011,2117,e_S
1779864690.6206982,2106,2110,e_S
1779864690.620756,2030,2157,e_S
1779864690.620818,2102,2080,e_S
1779864690.622279,2106,2100,e_S
1779864690.6405618,1993,2090,e_S
1779864690.648223,1975,2145,e_S
1779864690.653874,2074,2159,e_S
1779864690.654485,2177,2053,e_S
1779864690.654559,2204,2047,e_S
1779864690.6546292,1992,2031,e_S
1779864690.6546948,1945,2085,e_S
1779864690.654769,2000,2108,e_S
1779864690.654837,2063,2107,e_S
1779864690.654966,2074,2112,e_S
1779864690.655072,1965,2171,e_S
1779864690.6551511,2017,2087,e_S
1779864690.655218,1944,2092,e_S
1779864690.6552792,2043,1991,e_S
1779864690.655346,2021,1994,e_S
1779864690.6554089,2126,1965,e_S
1779864690.65556,2156,1949,e_S
1779864690.6583118,2040,1996,e_S
1779864690.6597602,1864,2095,e_S
1779864690.670057,2048,2038,e_S
1779864690.673168,2085,1986,e_S
1779864690.6768079,2017,1930,e_S
1779864690.680741,2115,1952,e_S
1779864690.681277,2012,1995,e_S
1779864690.686361,2024,1936,e_S
1779864690.691634,1948,1965,e_S
1779864690.6921148,1978,2024,e_S
1779864690.692192,2146,1949,e_S
1779864690.692255,2119,1945,e_S
1779864690.692317,2159,2023,e_S
1779864690.692381,2053,2051,e_S
1779864690.692445,2019,2018,e_S
1779864690.692513,2063,2002,e_S
1779864690.692576,2052,2131,e_S
1779864690.692641,2009,2175,e_S
1779864690.694017,1917,2237,e_S
1779864690.706081,2048,2143,e_S
1779864690.714102,2020,2094,e_S
1779864690.728477,2030,2134,e_S
1779864690.728844,2119,2134,e_S
1779864690.729026,2136,2106,e_S
1779864690.729174,2016,2054,e_S
1779864690.729249,2010,2140,e_S
1779864690.7293172,2121,2177,e_S
1779864690.729449,2117,2111,e_S
1779864690.729643,2071,2080,e_S
1779864690.7298272,2052,2045,e_S
1779864690.729908,1984,2049,e_S
1779864690.730016,2087,2090,e_S
1779864690.7304661,2016,2048,e_S
1779864690.730544,2049,2054,e_S
1779864690.7306151,1946,2166,e_S
1779864690.730685,1941,2142,e_S
1779864690.730753,1958,2051,e_S
1779864690.7322261,2095,2000,e_S
1779864690.733846,2074,2074,e_S
1779864690.7371562,2041,2020,e_S
1779864690.753922,2077,1992,e_S
1779864690.765583,2103,1984,e_S
1779864690.766936,2041,2015,e_S
1779864690.771925,2096,2009,e_S
1779864690.772424,2088,1997,e_S
1779864690.772592,2101,1901,e_S
1779864690.772802,2086,1955,e_S
1779864690.7729988,2065,2038,e_S
1779864690.773131,2158,1937,e_S
1779864690.773206,2012,1938,e_S
1779864690.773273,1928,1996,e_S
1779864690.7733362,1935,2025,e_S
1779864690.773484,2000,1912,e_S
1779864690.773717,2107,1885,e_S
1779864690.773796,2108,1894,e_S
1779864690.77386,2057,1902,e_S
1779864690.773922,1963,1821,e_S
1779864690.773983,1931,1805,e_S
1779864690.7740438,2054,1901,e_S
1779864690.7832372,2001,1958,e_S
1779864690.797579,2138,1943,e_S
1779864690.802155,2132,1953,e_S
1779864690.802861,2066,1986,e_S
1779864690.806218,2025,2049,e_S
1779864690.807677,1981,2082,e_S
1779864690.807787,2225,1976,e_S
1779864690.807905,2174,2067,e_S
1779864690.808085,2007,2184,e_S
1779864690.808198,2053,2313,e_S
1779864690.808268,2047,2147,e_S
1779864690.808377,1968,2138,e_S
1779864690.808511,1990,2144,e_S
1779864690.8086982,2048,2216,e_S
1779864690.808824,2134,2131,e_S
1779864690.808949,2046,2139,e_S
1779864690.8090382,1910,2216,e_S
1779864690.810418,1925,2248,e_S
1779864690.8119411,2062,2122,e_S
1779864690.813542,2151,2119,e_S
1779864690.816355,2141,2089,e_S
1779864690.825574,2111,2201,e_S
1779864690.832957,2066,2187,e_S
1779864690.833547,2056,2183,e_S
1779864690.840481,2098,2195,e_S
1779864690.841244,2059,2255,e_S
1779864690.845954,2033,2240,e_S
1779864690.846713,2000,2126,e_S
1779864690.847471,2060,2125,e_S
1779864690.848015,2036,2234,e_S
1779864690.848267,2045,2254,e_S
1779864690.854062,2055,2170,e_S
1779864690.8541892,2079,2135,e_S
1779864690.8544781,1933,2221,e_S
1779864690.8545542,2030,2317,e_S
1779864690.854626,2213,2204,e_S
1779864690.8547719,2162,2229,e_S
1779864690.854937,2025,2149,e_S
1779864690.8550332,1984,2057,e_S
1779864690.85511,1984,2020,e_S
1779864690.856552,2046,2094,e_S
1779864690.858508,2063,2181,e_S
1779864690.871397,2077,2123,e_S
1779864690.946121,2015,2046,e_S
1779864690.95206,2064,2076,e_S
1779864690.960874,2218,2011,e_S
1779864690.96133,2127,2144,e_S
1779864690.9618618,1953,2153,e_S
1779864690.962382,1936,2129,e_S
1779864690.9626,1958,2145,e_S
1779864690.9626849,1975,2182,e_S
1779864690.962872,1940,2119,e_S
1779864690.962962,1941,2064,e_S
1779864690.96303,2057,2101,e_S
1779864690.963097,2041,2072,e_S
1779864690.9631622,2022,2119,e_S
1779864690.963237,2154,1980,e_S
1779864690.963304,2097,2034,e_S
1779864690.963377,2075,2061,e_S
1779864690.963579,2033,2133,e_S
1779864690.963659,2114,2033,e_S
1779864690.9637241,2124,2052,e_S
1779864690.9638379,2032,2030,e_S
1779864690.9916968,2046,1979,e_S
1779864690.9971142,2234,1924,e_S
1779864690.99757,2047,2051,e_S
1779864690.998394,1931,2073,e_S
1779864690.9984791,1929,2085,e_S
1779864691.1415098,2032,2068,e_S
1779864691.142057,2017,2014,e_S
1779864691.142337,1961,1973,e_S
1779864691.142427,2015,2071,e_S
1779864691.152214,2084,2075,e_S
1779864691.215081,2094,2005,e_S
1779864691.2155461,1991,2119,e_S
1779864691.2208672,2113,2135,e_S
1779864691.221071,2053,2151,e_S
1779864691.2212029,2060,2095,e_S
1779864691.221285,2038,2102,e_S
1779864691.2217228,2036,2102,e_S
1779864691.2219038,2075,2011,e_S
1779864691.221983,2147,2002,e_S
1779864691.2220511,2072,2136,e_S
1779864691.222116,1970,2156,e_S
1779864691.2222369,2008,2165,e_S
1779864691.2227042,2136,2040,e_S
1779864691.222904,2123,2089,e_S
1779864691.222992,2026,2127,e_S
1779864691.223082,1935,2133,e_S
1779864691.2902389,1977,2034,e_S
1779864691.2905889,2004,2081,e_S
1779864691.290804,2018,2151,e_S
1779864691.2908642,2067,2169,e_S
1779864691.2910972,2114,2144,e_S
1779864691.294945,2030,2068,e_S
1779864691.335788,2002,2022,e_S
1779864691.339342,2046,2100,e_S
1779864691.34048,2097,2085,e_S
1779864691.341362,2078,2034,e_S
1779864691.341957,1968,2099,e_S
1779864691.342242,1979,2076,e_S
1779864691.3424041,2009,2035,e_S
1779864691.3425548,2249,1999,e_S
1779864691.342775,2223,2027,e_S
1779864691.342941,2049,2014,e_S
1779864691.343049,2108,1989,e_S
1779864691.343126,2087,1973,e_S
1779864691.343473,2060,2027,e_S
1779864691.344085,1874,2107,e_S
1779864691.344299,1933,2144,e_S
1779864691.344491,2032,2056,e_S
1779864691.3445609,2051,2037,e_S
1779864691.344625,2073,2031,e_S
1779864691.344778,2120,2055,e_S
1779864691.345113,2197,2014,e_S
1779864691.346869,2048,2037,e_S
1779864691.376748,1950,2072,e_S
1779864691.3769028,2028,2120,e_S
1779864691.376975,2088,2034,e_S
1779864691.37704,1975,2014,e_S
1779864691.377101,2026,2000,e_S
1779864691.3771598,2092,2053,e_S
1779864691.377219,2093,2009,e_S
1779864691.3772779,2052,1943,e_S
1779864691.3773382,2062,2063,e_S
1779864691.377434,2044,2116,e_S
1779864691.377547,2065,2138,e_S
1779864691.3776588,2118,2018,e_S
1779864691.377729,2054,1991,e_S
1779864691.3777878,1938,2068,e_S
1779864691.37784,2047,2052,e_S
1779864691.377891,2073,1967,e_S
1779864691.377941,2067,2047,e_S
1779864691.377991,1973,2166,e_S
1779864691.37804,1987,2198,e_S
1779864691.37809,2092,2130,e_S
1779864691.37832,2129,2045,e_S
1779864691.378703,2072,2097,e_S
1779864691.37935,1973,2228,e_S
1779864691.3795269,2016,2140,e_S
1779864691.379578,2077,2089,e_S
1779864691.379628,2112,2138,e_S
1779864691.3796768,2018,2261,e_S
1779864691.37993,2077,2190,e_S
1779864691.3799832,2049,2121,e_S
1779864691.3800309,2086,2095,e_S
1779864691.3800802,2131,2120,e_S
1779864691.380159,2115,2185,e_S
1779864691.380208,2044,2164,e_S
1779864691.380258,1894,2113,e_S
1779864691.3803189,1928,2075,e_S
1779864691.3803678,2083,2130,e_S
1779864691.380417,2143,2055,e_S
1779864691.3804648,2066,2079,e_S
1779864691.380512,1962,2067,e_S
1779864691.380565,1993,2057,e_S
1779864691.381526,2118,2022,e_S
1779864691.381681,2053,2072,e_S
1779864691.381779,2120,2141,e_S
1779864691.381844,2041,2260,e_S
1779864691.381907,2028,2119,e_S
1779864691.3821042,2069,2041,e_S
1779864691.382185,2176,2073,e_S
1779864691.3828712,2036,2152,e_S
1779864691.3829389,1981,2054,e_S
1779864691.3832068,1972,2039,e_S
1779864691.383286,1960,2151,e_S
1779864691.383444,1995,2172,e_S
1779864691.383564,2136,2109,e_S
1779864691.383629,2077,2072,e_S
1779864691.3837419,2025,2088,e_S
1779864691.383831,2042,2166,e_S
1779864691.384158,2071,2168,e_S
1779864691.3842251,2133,2055,e_S
1779864691.3843148,2056,2068,e_S
1779864691.38444,1956,2156,e_S
1779864691.384505,2014,2140,e_S
1779864691.384875,2113,2026,e_S
1779864691.385067,2054,2032,e_S
1779864691.385133,2067,2047,e_S
1779864691.385196,2124,1993,e_S
1779864691.38526,2066,1957,e_S
1779864691.385331,2063,2051,e_S
1779864691.386061,2018,2186,e_S
1779864691.408813,1967,2192,e_S
1779864691.419894,1996,2085,e_S
1779864691.4201999,2030,2043,e_S
1779864691.4202912,2029,2078,e_S
1779864691.420355,2090,2123,e_S
1779864691.420415,2141,2081,e_S
1779864691.420474,1946,2057,e_S
1779864691.4205341,1962,2141,e_S
1779864691.4205928,2123,2210,e_S
1779864691.4206522,2120,2141,e_S
1779864691.4207098,2139,2052,e_S
1779864691.420772,2069,2005,e_S
1779864691.4208288,2051,2046,e_S
1779864691.4208992,2087,1987,e_S
1779864691.420958,2166,1997,e_S
1779864691.4210172,2012,2151,e_S
1779864691.421076,1946,2160,e_S
1779864691.421134,2019,2136,e_S
1779864691.421193,2056,2100,e_S
1779864691.4212558,2117,2099,e_S
1779864691.4213161,2044,2042,e_S
1779864691.4213738,1986,2126,e_S
1779864691.421531,2063,2024,e_S
1779864691.421646,1980,2042,e_S
1779864691.4217181,1973,2139,e_S
1779864691.421798,1969,2148,e_S
1779864691.422109,2040,2046,e_S
1779864691.4222999,2075,2084,e_S
1779864691.422397,2069,2087,e_S
1779864691.422466,1974,2103,e_S
1779864691.422782,2070,2105,e_S
1779864691.42351,2091,2092,e_S
1779864691.4580648,2104,2105,e_S
1779864691.458573,2071,2178,e_S
1779864691.45874,2090,2062,e_S
1779864691.458841,2030,2057,e_S
1779864691.4590652,2048,2043,e_S
1779864691.459152,2106,2067,e_S
1779864691.4592052,2126,2081,e_S
1779864691.4592562,2043,1988,e_S
1779864691.459306,1942,2150,e_S
1779864691.459567,1844,2185,e_S
1779864691.4596338,1962,2103,e_S
1779864691.459691,2040,2062,e_S
1779864691.45984,1999,2062,e_S
1779864691.4599302,2068,2144,e_S
1779864691.459998,2071,2116,e_S
1779864691.460063,2218,2016,e_S
1779864691.460126,2076,2095,e_S
1779864691.460192,1983,2170,e_S
1779864691.460256,2133,2146,e_S
1779864691.460319,2150,2082,e_S
1779864691.4603798,1995,2031,e_S
1779864691.460442,1987,2040,e_S
1779864691.460502,2004,2092,e_S
1779864691.460563,2063,2092,e_S
1779864691.4606268,1989,2120,e_S
1779864691.4606879,1893,2105,e_S
1779864691.4607491,2079,2205,e_S
1779864691.460811,2188,2157,e_S
1779864691.460873,2083,2118,e_S
1779864691.4609458,2094,2120,e_S
1779864691.4610088,2031,2130,e_S
1779864691.461146,2045,2045,e_S
1779864691.461238,2064,2059,e_S
1779864691.461309,2067,2091,e_S
1779864691.461378,2027,2177,e_S
1779864691.461493,2100,2191,e_S
1779864691.461571,2079,2086,e_S
1779864691.461806,2040,2067,e_S
1779864691.4618728,1990,2059,e_S
1779864691.461937,2084,2099,e_S
1779864691.4619992,2147,2122,e_S
1779864691.462085,1991,2100,e_S
1779864691.4621491,1955,2136,e_S
1779864691.4622521,2093,2105,e_S
1779864691.4623291,2180,2046,e_S
1779864691.462398,2087,2067,e_S
1779864691.462466,2028,2020,e_S
1779864691.46258,2106,2071,e_S
1779864691.462643,2080,2059,e_S
1779864691.462702,2045,2045,e_S
1779864691.462781,2030,2144,e_S
1779864691.46291,1945,2180,e_S
1779864691.462969,2091,2097,e_S
1779864691.4630258,2180,2095,e_S
1779864691.464193,2053,2015,e_S
1779864691.464658,2039,2062,e_S
1779864691.4648352,2034,2018,e_S
1779864691.464931,2020,2013,e_S
1779864691.465,2030,2082,e_S
1779864691.465066,1964,2216,e_S
1779864691.465129,1928,2181,e_S
1779864691.465194,1992,2092,e_S
1779864691.465255,2061,2083,e_S
1779864691.465316,2181,2034,e_S
1779864691.465395,2109,2075,e_S
1779864691.465539,2048,2086,e_S
1779864691.465616,2053,2070,e_S
1779864691.465682,1994,2098,e_S
1779864691.4658089,2012,2146,e_S
1779864691.466031,2119,2135,e_S
1779864691.466099,2033,2073,e_S
1779864691.46616,2064,2012,e_S
1779864691.4664588,1980,2054,e_S
1779864691.46663,2076,2061,e_S
1779864691.4940429,2118,2057,e_S
1779864691.497191,2013,2007,e_S
1779864691.49799,2019,2044,e_S
1779864691.502395,2133,2019,e_S
1779864691.502471,2120,2077,e_S
1779864691.5025852,2132,2069,e_S
1779864691.503912,2001,2053,e_S
1779864691.504025,2026,2095,e_S
1779864691.5041122,2082,2027,e_S
1779864691.504181,2156,2161,e_S
1779864691.504246,2077,2281,e_S
1779864691.504311,1948,2196,e_S
1779864691.504471,1966,2105,e_S
1779864691.504537,2160,2029,e_S
1779864691.504761,2066,1959,e_S
1779864691.504846,2017,2056,e_S
1779864691.5049138,1976,2110,e_S
1779864691.504979,1957,2078,e_S
1779864691.5050611,2015,2137,e_S
1779864691.5052512,2027,2154,e_S
1779864691.505435,2161,1961,e_S
1779864691.505499,2086,2031,e_S
1779864691.505764,2067,2077,e_S
1779864691.5058382,2103,2061,e_S
1779864691.505949,2096,2051,e_S
1779864691.5060139,2063,2060,e_S
1779864691.506068,2003,2154,e_S
1779864691.506163,2048,2197,e_S
1779864691.506261,2046,2152,e_S
1779864691.506331,2055,2091,e_S
1779864691.506405,2049,2149,e_S
1779864691.506474,2047,2219,e_S
1779864691.506548,2069,2154,e_S
1779864691.506648,2041,2112,e_S
1779864691.506722,2030,2130,e_S
1779864691.506793,2199,2192,e_S
1779864691.506857,2154,2244,e_S
1779864691.5069199,1947,2140,e_S
1779864691.5069828,1993,2036,e_S
1779864691.507045,2054,2162,e_S
1779864691.507572,2073,2177,e_S
1779864691.507669,2099,2036,e_S
1779864691.50778,1891,2054,e_S
1779864691.507919,1887,2184,e_S
1779864691.507991,2054,2177,e_S
1779864691.508068,2072,2004,e_S
1779864691.508227,2096,2076,e_S
1779864691.508298,2083,2057,e_S
1779864691.508352,2068,2094,e_S
1779864691.508677,2103,2011,e_S
1779864691.5087318,2297,2007,e_S
1779864691.508783,2142,2085,e_S
1779864691.5088341,1844,2251,e_S
1779864691.508884,1976,2169,e_S
1779864691.5089338,2093,2075,e_S
1779864691.509119,2083,2148,e_S
1779864691.5091908,1990,2097,e_S
1779864691.509256,2004,2100,e_S
1779864691.5093179,2031,2112,e_S
1779864691.510911,2181,2075,e_S
1779864691.5109901,2029,2276,e_S
1779864691.5110579,2004,2214,e_S
1779864691.511184,2176,2032,e_S
1779864691.5112488,2021,2072,e_S
1779864691.511301,1925,2005,e_S
1779864691.511352,1980,1994,e_S
1779864691.511467,2078,2056,e_S
1779864691.511572,2091,2125,e_S
1779864691.511656,1942,2149,e_S
1779864691.511723,1974,2154,e_S
1779864691.511785,2065,2083,e_S
1779864691.511847,2145,2123,e_S
1779864691.511907,2132,2179,e_S
1779864691.511967,2073,2213,e_S
1779864691.5120268,2114,2115,e_S
1779864691.512087,1995,2123,e_S
1779864691.512146,2060,2196,e_S
1779864691.512212,2055,2208,e_S
1779864691.512279,2170,2131,e_S
1779864691.513812,2118,2089,e_S
1779864691.528515,2079,2033,e_S
1779864691.531841,2068,2015,e_S
1779864691.539585,2121,2100,e_S
1779864691.540311,2144,2071,e_S
1779864691.540747,1936,2121,e_S
1779864691.545839,2025,2217,e_S
1779864691.5463521,2086,2160,e_S
1779864691.546431,2116,2111,e_S
1779864691.546497,2129,2106,e_S
1779864691.546651,2076,2068,e_S
1779864691.5467288,2147,2127,e_S
1779864691.546813,2119,2102,e_S
1779864691.546946,1945,2088,e_S
1779864691.5471082,2057,2142,e_S
1779864691.547254,2029,2173,e_S
1779864691.547322,2073,2127,e_S
1779864691.5487092,2119,2075,e_S
1779864691.556439,2102,2049,e_S
1779864691.560622,2025,2118,e_S
1779864691.561832,2087,2025,e_S
1779864691.561955,2009,2055,e_S
1779864691.564948,2033,2107,e_S
1779864691.5654132,2000,2135,e_S
1779864691.565713,2070,2056,e_S
1779864691.565977,2003,2066,e_S
1779864691.5698218,2021,2063,e_S
1779864691.5731342,2121,2103,e_S
1779864691.5777202,2101,2057,e_S
1779864691.5836868,2045,2016,e_S
1779864691.583797,2008,2219,e_S
1779864691.585056,1903,2177,e_S
1779864691.5853271,2110,2182,e_S
1779864691.5854201,2165,2136,e_S
1779864691.585527,2119,2044,e_S
1779864691.585773,2052,2061,e_S
1779864691.585938,2120,2145,e_S
1779864691.589321,2014,2091,e_S
1779864691.590784,1985,2114,e_S
