timestamp,ch1,ch2,label
1777451269.856252,2313,0,S_10
1777451269.858151,2093,0,S_10
1777451269.861087,1723,0,S_10
1777451269.864699,1801,0,S_10
1777451269.8677151,2187,0,S_10
1777451269.8700101,2352,0,S_10
1777451269.8729851,2227,0,S_10
1777451269.87599,1913,0,S_10
1777451269.878989,1727,0,S_10
1777451269.885747,1982,0,S_10
1777451269.886535,2255,0,S_10
1777451269.889338,2308,0,S_10
1777451269.891454,2153,0,S_10
1777451269.8945532,1773,0,S_10
1777451269.8976698,1790,0,S_10
1777451269.900226,2160,0,S_10
1777451269.90298,2335,0,S_10
1777451269.905975,2250,0,S_10
1777451269.9111528,1964,0,S_10
1777451269.9140742,1730,0,S_10
1777451269.915787,1914,0,S_10
1777451269.920583,2196,0,S_10
1777451269.9210072,2334,0,S_10
1777451269.924226,2139,0,S_10
1777451269.927,1807,0,S_10
1777451269.931662,1759,0,S_10
1777451269.9339352,2114,0,S_10
1777451269.9363132,2327,0,S_10
1777451269.9395149,2261,0,S_10
1777451269.942655,2021,0,S_10
1777451269.945282,1728,0,S_10
1777451269.9478881,1877,0,S_10
1777451269.9508271,2185,0,S_10
1777451269.95799,2343,0,S_10
1777451269.958455,2158,0,S_10
1777451269.959898,1831,0,S_10
1777451269.963401,1738,0,S_10
1777451269.968259,2088,0,S_10
1777451269.969583,2312,0,S_10
1777451269.972142,2272,0,S_10
1777451269.9748218,2061,0,S_10
1777451269.977823,1717,0,S_10
1777451269.982901,1847,0,S_10
1777451269.985235,2209,0,S_10
1777451269.987187,2337,0,S_10
1777451269.9907289,2222,0,S_10
1777451269.99339,1902,0,S_10
1777451269.99618,1724,0,S_10
1777451269.9988139,2036,0,S_10
1777451270.001816,2294,0,S_10
1777451270.0086799,2303,0,S_10
1777451270.009158,2115,0,S_10
1777451270.011225,1787,0,S_10
1777451270.014965,1790,0,S_10
1777451270.0177019,2153,0,S_10
1777451270.020007,2323,0,S_10
1777451270.0228071,2251,0,S_10
1777451270.025826,1951,0,S_10
1777451270.028806,1710,0,S_10
1777451270.033227,1972,0,S_10
1777451270.035559,2262,0,S_10
1777451270.039287,2344,0,S_10
1777451270.041566,2161,0,S_10
1777451270.043791,1756,0,S_10
1777451270.046792,1730,0,S_10
1777451270.049821,2162,0,S_10
1777451270.052789,2348,0,S_10
1777451270.057399,2260,0,S_10
1777451270.0594869,1970,0,S_10
1777451270.062345,1712,0,S_10
1777451270.0657852,1939,0,S_10
1777451270.0680032,2222,0,S_10
1777451270.070855,2338,0,S_10
1777451270.073812,2154,0,S_10
1777451270.0768268,1811,0,S_10
1777451270.081099,1741,0,S_10
1777451270.08376,2112,0,S_10
1777451270.086792,2354,0,S_10
1777451270.088829,2245,0,S_10
1777451270.092,2031,0,S_10
1777451270.094785,1701,0,S_10
1777451270.097774,1892,0,S_10
1777451270.1007712,2211,0,S_10
1777451270.1046689,2339,0,S_10
1777451270.1090581,2210,0,S_10
1777451270.11123,1807,0,S_10
1777451270.1138592,1715,0,S_10
1777451270.1158059,2087,0,S_10
1777451270.118813,2305,0,S_10
1777451270.1217752,2291,0,S_10
1777451270.124789,2097,0,S_10
1777451270.129421,1720,0,S_10
1777451270.1319501,1847,0,S_10
1777451270.134335,2191,0,S_10
1777451270.1372778,2324,0,S_10
1777451270.140434,2200,0,S_10
1777451270.142998,1899,0,S_10
1777451270.145765,1748,0,S_10
1777451270.1487691,1988,0,S_10
1777451270.155176,2253,0,S_10
1777451270.156377,2308,0,S_10
1777451270.158442,2108,0,S_10
1777451270.1615732,1720,0,S_10
1777451270.164449,1806,0,S_10
1777451270.167,2162,0,S_10
1777451270.169751,2315,0,S_10
1777451270.172781,2249,0,S_10
1777451270.1780648,1933,0,S_10
1777451270.180526,1779,0,S_10
1777451270.182627,1952,0,S_10
1777451270.1858299,2242,0,S_10
1777451270.1890602,2314,0,S_10
1777451270.190756,2153,0,S_10
1777451270.193744,1769,0,S_10
1777451270.196739,1785,0,S_10
1777451270.202728,2145,0,S_10
1777451270.203532,2296,0,S_10
1777451270.2073832,2258,0,S_10
1777451270.20896,1991,0,S_10
1777451270.2120068,1720,0,S_10
1777451270.2147892,1956,0,S_10
1777451270.2177339,2221,0,S_10
1777451270.2238002,2303,0,S_10
1777451270.223831,2185,0,S_10
1777451270.226659,1783,0,S_10
1777451270.2305322,1731,0,S_10
1777451270.236109,2103,0,S_10
1777451270.236141,2324,0,S_10
1777451270.2449348,2283,0,S_10
1777451270.245379,2021,0,S_10
1777451270.245861,1717,0,S_10
1777451270.248925,1881,0,S_10
1777451270.250813,2217,0,S_10
1777451270.2535958,2339,0,S_10
1777451270.261172,2198,0,S_10
1777451270.262482,1847,0,S_10
1777451270.2638679,1707,0,S_10
1777451270.2660632,2049,0,S_10
1777451270.2727768,2300,0,S_10
1777451270.272848,2296,0,S_10
1777451270.274605,2071,0,S_10
1777451270.277575,1722,0,S_10
1777451270.280591,1830,0,S_10
1777451270.2878551,2197,0,S_10
1777451270.288297,2317,0,S_10
1777451270.290634,2213,0,S_10
1777451270.292886,1882,0,S_10
1777451270.2962098,1716,0,S_10
1777451270.2985659,2015,0,S_10
1777451270.3015978,2268,0,S_10
1777451270.3045702,2306,0,S_10
1777451270.307688,2111,0,S_10
1777451270.312928,1726,0,S_10
1777451270.3148968,1810,0,S_10
1777451270.316819,2172,0,S_10
1777451270.321465,2324,0,S_10
1777451270.323733,2238,0,S_10
1777451270.3255591,1929,0,S_10
1777451270.328577,1692,0,S_10
1777451270.331553,1978,0,S_10
1777451270.340551,2261,0,S_10
1777451270.340727,2316,0,S_10
1777451270.342444,2148,0,S_10
1777451270.344718,1772,0,S_10
1777451270.347671,1821,0,S_10
1777451270.34983,2126,0,S_10
1777451270.352566,2309,0,S_10
1777451270.359005,2287,0,S_10
1777451270.359442,1994,0,S_10
1777451270.362818,1697,0,S_10
1777451270.366087,1904,0,S_10
1777451270.367708,2228,0,S_10
1777451270.370571,2335,0,S_10
1777451270.3735712,2152,0,S_10
1777451270.376557,1804,0,S_10
1777451270.379553,1748,0,S_10
1777451270.384214,2095,0,S_10
1777451270.386005,2322,0,S_10
1777451270.389033,2256,0,S_10
1777451270.3921778,2020,0,S_10
1777451270.3949819,1698,0,S_10
1777451270.397567,1853,0,S_10
1777451270.400536,2207,0,S_10
1777451270.40655,2332,0,S_10
1777451270.407253,2202,0,S_10
1777451270.4106839,1841,0,S_10
1777451270.412564,1740,0,S_10
1777451270.417024,2077,0,S_10
1777451270.418529,2308,0,S_10
1777451270.42156,2212,0,S_10
1777451270.42452,1957,0,S_10
1777451270.42996,1767,0,S_10
1777451270.430689,1899,0,S_10
1777451270.433747,2236,0,S_10
1777451270.437848,2284,0,S_10
1777451270.439811,2176,0,S_10
1777451270.4425302,1960,0,S_10
1777451270.4455512,1762,0,S_10
1777451270.44869,2001,0,S_10
1777451270.453797,2211,0,S_10
1777451270.456625,2203,0,S_10
1777451270.458435,2162,0,S_10
1777451270.461086,1859,0,S_10
1777451270.4639869,1877,0,S_10
1777451270.466549,2171,0,S_10
1777451270.4695308,2277,0,S_10
1777451270.475529,2279,0,S_10
1777451270.476318,1990,0,S_10
1777451270.479674,1748,0,S_10
1777451270.4826481,1934,0,S_10
1777451270.4856992,2083,0,S_10
1777451270.4875112,1988,0,S_10
1777451270.490519,2216,0,S_10
1777451270.493522,1985,0,S_10
1777451270.498548,1777,0,S_10
1777451270.500716,2097,0,S_10
1777451270.502601,2263,0,S_10
1777451270.505835,2565,0,S_10
1777451270.508817,2127,0,S_10
1777451270.511366,1726,0,S_10
1777451270.51437,1914,0,S_10
1777451270.5173602,2199,0,S_10
1777451270.522305,2309,0,S_10
1777451270.52436,2150,0,S_10
1777451270.527641,1783,0,S_10
1777451270.530793,1693,0,S_10
1777451270.53248,2069,0,S_10
1777451270.5353758,2274,0,S_10
1777451270.538377,2190,0,S_10
1777451270.5413492,1998,0,S_10
1777451270.5460532,1735,0,S_10
1777451270.548494,1963,0,S_10
1777451270.550449,2244,0,S_10
1777451270.5546272,2272,0,S_10
1777451270.5565581,2183,0,S_10
1777451270.559345,1781,0,S_10
1777451270.562342,1734,0,S_10
1777451270.565355,2089,0,S_10
1777451270.569429,2307,0,S_10
1777451270.5716329,2378,0,S_10
1777451270.574879,2072,0,S_10
1777451270.577916,1696,0,S_10
1777451270.580755,1865,0,S_10
1777451270.583364,2209,0,S_10
1777451270.586995,2319,0,S_10
1777451270.592294,2217,0,S_10
1777451270.592978,1877,0,S_10
1777451270.5963368,1626,0,S_10
1777451270.599376,1872,0,S_10
1777451270.602497,2268,0,S_10
1777451270.604317,2379,0,S_10
1777451270.607351,2022,0,S_10
1777451270.610344,1691,0,S_10
1777451270.6162739,1854,0,S_10
1777451270.616674,2239,0,S_10
1777451270.619808,2435,0,S_10
1777451270.6242418,2213,0,S_10
1777451270.626173,1881,0,S_10
1777451270.628743,1791,0,S_10
1777451270.631298,1880,0,S_10
1777451270.6343338,2353,0,S_10
1777451270.639193,2275,0,S_10
1777451270.641259,1816,0,S_10
1777451270.645949,1918,0,S_10
1777451270.647637,1969,0,S_10
1777451270.649622,2118,0,S_10
1777451270.652299,2254,0,S_10
1777451270.655343,2084,0,S_10
1777451270.6583009,1890,0,S_10
1777451270.663092,1601,0,S_10
1777451270.665119,2414,0,S_10
1777451270.6678798,2071,0,S_10
1777451270.6713998,2139,0,S_10
1777451270.673516,2403,0,S_10
1777451270.676336,2120,0,S_10
1777451270.679331,1866,0,S_10
1777451270.682404,2070,0,S_10
1777451270.687021,2093,0,S_10
1777451270.6884081,2344,0,S_10
1777451270.691686,1833,0,S_10
1777451270.694916,1317,0,S_10
1777451270.6978,2071,0,S_10
1777451270.7003489,2277,0,S_10
1777451270.703965,2353,0,S_10
1777451270.710432,2249,0,S_10
1777451270.710813,1846,0,S_10
1777451270.713238,1684,0,S_10
1777451270.715296,2053,0,S_10
1777451270.7183518,2479,0,S_10
1777451270.721314,2181,0,S_10
1777451270.72416,1853,0,S_10
1777451270.727193,1671,0,S_10
1777451270.733119,1854,0,S_10
1777451270.733462,2155,0,S_10
1777451270.736979,2113,0,S_10
1777451270.741212,2190,0,S_10
1777451270.7430882,1753,0,S_10
1777451270.7456598,2072,0,S_10
1777451270.748209,2079,0,S_10
1777451270.751157,2115,0,S_10
1777451270.756907,2127,0,S_10
1777451270.757885,2139,0,S_10
1777451270.7612102,1800,0,S_10
1777451270.7640588,1899,0,S_10
1777451270.7661572,2431,0,S_10
1777451270.769137,2223,0,S_10
1777451270.772148,2155,0,S_10
1777451270.7782888,1915,0,S_10
1777451270.778933,1865,0,S_10
1777451270.78225,2036,0,S_10
1777451270.784867,2235,0,S_10
1777451270.7880409,2104,0,S_10
1777451270.790603,2142,0,S_10
1777451270.7931662,1608,0,S_10
1777451270.796126,1807,0,S_10
1777451270.801439,2446,0,S_10
1777451270.803118,1817,0,S_10
1777451270.805587,2291,0,S_10
1777451270.809303,2331,0,S_10
1777451270.811232,1661,0,S_10
1777451270.814124,2009,0,S_10
1777451270.817132,2314,0,S_10
1777451270.8201332,2324,0,S_10
1777451270.8239942,1968,0,S_10
1777451270.82735,1550,0,S_10
1777451270.830501,2339,0,S_10
1777451270.832345,2246,0,S_10
1777451270.835114,2233,0,S_10
1777451270.838172,2327,0,S_10
1777451270.841119,1385,0,S_10
1777451270.847221,1141,0,S_10
1777451270.847921,2255,0,S_10
1777451270.851176,2501,0,S_10
1777451270.8539531,2347,0,S_10
1777451270.857363,2041,0,S_10
1777451270.859113,1997,0,S_10
1777451270.862101,1952,0,S_10
1777451270.8651001,2264,0,S_10
1777451270.87024,2199,0,S_10
1777451270.872592,2644,0,S_10
1777451270.874166,2192,0,S_10
1777451270.8787851,1518,0,S_10
1777451270.880615,1303,0,S_10
1777451270.8830888,2208,0,S_10
1777451270.886097,2157,0,S_10
1777451270.889204,2642,0,S_10
1777451270.89392,2069,0,S_10
1777451270.8966541,1670,0,S_10
1777451270.898654,1807,0,S_10
1777451270.9020019,1877,0,S_10
1777451270.904091,1541,0,S_10
1777451270.9072268,2695,0,S_10
1777451270.910174,2424,0,S_10
1777451270.913336,1892,0,S_10
1777451270.918734,2169,0,S_10
1777451270.920604,2381,0,S_10
1777451270.9224901,2309,0,S_10
1777451270.9255621,1894,0,S_10
1777451270.9292989,1549,0,S_10
1777451270.931113,1977,0,S_10
1777451270.934135,2016,0,S_10
1777451270.937074,2134,0,S_10
1777451270.942796,1915,0,S_10
1777451270.943821,1780,0,S_10
1777451270.9463391,1831,0,S_10
1777451270.9495978,2529,0,S_10
1777451270.953571,2448,0,S_10
1777451270.9550872,2232,0,S_10
1777451270.958108,1758,0,S_10
1777451270.9610722,1587,0,S_10
1777451270.966246,1788,0,S_10
1777451270.968489,2292,0,S_10
1777451270.9702458,2247,0,S_10
1777451270.973249,2171,0,S_10
1777451270.977205,1876,0,S_10
1777451270.9789472,1759,0,S_10
1777451270.981984,2003,0,S_10
1777451270.984944,2129,0,S_10
1777451270.9904,2127,0,S_10
1777451270.9922109,1912,0,S_10
1777451270.9941308,1595,0,S_10
1777451270.998969,1770,0,S_10
1777451271.000923,2090,0,S_10
1777451271.003467,2250,0,S_10
1777451271.005964,2105,0,S_10
1777451271.008953,1814,0,S_10
1777451271.013215,1698,0,S_10
1777451271.01534,1983,0,S_10
1777451271.0183702,2086,0,S_10
1777451271.021913,2314,0,S_10
1777451271.023963,2143,0,S_10
1777451271.026968,1675,0,S_10
1777451271.029948,1826,0,S_10
1777451271.0357509,2201,0,S_10
1777451271.036174,2252,0,S_10
1777451271.039775,2287,0,S_10
1777451271.04453,1900,0,S_10
1777451271.0463018,1364,0,S_10
1777451271.047939,2274,0,S_10
1777451271.050907,2442,0,S_10
1777451271.0544782,2349,0,S_10
1777451271.0587788,2099,0,S_10
1777451271.06042,1875,0,S_10
1777451271.063228,1921,0,S_10
1777451271.067057,2129,0,S_10
1777451271.068914,1985,0,S_10
1777451271.071927,2222,0,S_10
1777451271.074906,2163,0,S_10
1777451271.0812988,1782,0,S_10
1777451271.081944,1977,0,S_10
1777451271.08449,2315,0,S_10
1777451271.089338,2345,0,S_10
1777451271.091351,2154,0,S_10
1777451271.092978,1859,0,S_10
1777451271.09593,1760,0,S_10
1777451271.098912,2061,0,S_10
1777451271.103293,2156,0,S_10
1777451271.1054778,2040,0,S_10
1777451271.1085598,1849,0,S_10
1777451271.1139588,1546,0,S_10
1777451271.115579,1883,0,S_10
1777451271.119481,2476,0,S_10
1777451271.1220438,2431,0,S_10
1777451271.123577,2179,0,S_10
1777451271.129946,1710,0,S_10
1777451271.1314209,1756,0,S_10
1777451271.133143,2152,0,S_10
1777451271.135348,2356,0,S_10
1777451271.141525,2065,0,S_10
1777451271.141723,1926,0,S_10
1777451271.1446989,1668,0,S_10
1777451271.146925,2119,0,S_10
1777451271.153103,2329,0,S_10
1777451271.153894,2405,0,S_10
1777451271.156787,2218,0,S_10
1777451271.1588879,1899,0,S_10
1777451271.162642,1765,0,S_10
1777451271.164858,2077,0,S_10
1777451271.167885,1956,0,S_10
1777451271.170864,2222,0,S_10
1777451271.177276,2206,0,S_10
1777451271.177969,1767,0,S_10
1777451271.180873,1663,0,S_10
1777451271.184083,2351,0,S_10
1777451271.1862998,2511,0,S_10
1777451271.189224,2348,0,S_10
1777451271.1918578,1906,0,S_10
1777451271.1949189,1685,0,S_10
1777451271.200684,2145,0,S_10
1777451271.201104,2275,0,S_10
1777451271.204576,2125,0,S_10
1777451271.2077188,2027,0,S_10
1777451271.210036,1862,0,S_10
1777451271.212846,1846,0,S_10
1777451271.2158878,2136,0,S_10
1777451271.218857,2244,0,S_10
1777451271.2235441,2013,0,S_10
1777451271.226012,2110,0,S_10
1777451271.22805,1668,0,S_10
1777451271.232894,1981,0,S_10
1777451271.234853,2222,0,S_10
1777451271.2368388,2386,0,S_10
1777451271.23985,2256,0,S_10
1777451271.24288,1836,0,S_10
1777451271.2469,1845,0,S_10
1777451271.248944,2140,0,S_10
1777451271.251889,2254,0,S_10
1777451271.255685,2204,0,S_10
1777451271.2584472,1885,0,S_10
1777451271.26099,1556,0,S_10
1777451271.26383,1929,0,S_10
1777451271.2699552,2331,0,S_10
1777451271.2703009,2368,0,S_10
1777451271.2732632,2216,0,S_10
1777451271.2763588,1836,0,S_10
1777451271.278768,1718,0,S_10
1777451271.281717,2025,0,S_10
1777451271.2847328,2353,0,S_10
1777451271.2883441,2311,0,S_10
1777451271.292237,1941,0,S_10
1777451271.294826,1761,0,S_10
1777451271.296808,1816,0,S_10
1777451271.301763,2333,0,S_10
1777451271.303272,2431,0,S_10
1777451271.305831,2191,0,S_10
1777451271.3087249,1891,0,S_10
1777451271.31172,1684,0,S_10
1777451271.315871,2037,0,S_10
1777451271.317736,2241,0,S_10
1777451271.3207731,2261,0,S_10
1777451271.324333,2124,0,S_10
1777451271.326932,1683,0,S_10
1777451271.329691,1702,0,S_10
1777451271.332716,2217,0,S_10
1777451271.338295,2438,0,S_10
1777451271.338954,2246,0,S_10
1777451271.342954,1937,0,S_10
1777451271.3469172,1741,0,S_10
1777451271.34882,1946,0,S_10
1777451271.350703,2247,0,S_10
1777451271.353677,2363,0,S_10
1777451271.356704,2109,0,S_10
1777451271.3615239,1733,0,S_10
1777451271.3635,1772,0,S_10
1777451271.366188,2165,0,S_10
1777451271.370365,2306,0,S_10
1777451271.372193,2250,0,S_10
1777451271.374742,1945,0,S_10
1777451271.3776839,1712,0,S_10
1777451271.380689,1936,0,S_10
1777451271.3848472,2257,0,S_10
1777451271.387074,2313,0,S_10
1777451271.390522,2168,0,S_10
1777451271.394254,1764,0,S_10
1777451271.396137,1796,0,S_10
1777451271.398774,2148,0,S_10
1777451271.401668,2351,0,S_10
1777451271.4047139,2326,0,S_10
1777451271.408329,2077,0,S_10
1777451271.412423,1686,0,S_10
1777451271.4149818,1848,0,S_10
1777451271.417498,2246,0,S_10
1777451271.4202838,2402,0,S_10
1777451271.422848,2247,0,S_10
1777451271.425683,1839,0,S_10
1777451271.4314702,1687,0,S_10
1777451271.432535,2030,0,S_10
1777451271.435782,2291,0,S_10
1777451271.438764,2340,0,S_10
1777451271.4412212,2120,0,S_10
1777451271.4438121,1709,0,S_10
1777451271.446644,1810,0,S_10
1777451271.4496331,2213,0,S_10
1777451271.4554691,2377,0,S_10
1777451271.455907,2309,0,S_10
1777451271.459218,1899,0,S_10
1777451271.46209,1664,0,S_10
1777451271.464681,1984,0,S_10
1777451271.4676201,2292,0,S_10
1777451271.470654,2376,0,S_10
1777451271.473639,2163,0,S_10
1777451271.478326,1702,0,S_10
1777451271.480593,1729,0,S_10
1777451271.4835851,2174,0,S_10
1777451271.487471,2359,0,S_10
1777451271.489323,2313,0,S_10
1777451271.4918752,1994,0,S_10
1777451271.4944892,1640,0,S_10
1777451271.4975119,1911,0,S_10
1777451271.501552,2275,0,S_10
1777451271.503666,2410,0,S_10
1777451271.506647,2254,0,S_10
1777451271.510554,1768,0,S_10
1777451271.512497,1594,0,S_10
1777451271.515483,2010,0,S_10
1777451271.519126,2433,0,S_10
1777451271.524889,2353,0,S_10
1777451271.525227,2090,0,S_10
1777451271.5288022,1597,0,S_10
1777451271.531425,1768,0,S_10
1777451271.5339909,2227,0,S_10
1777451271.536719,2436,0,S_10
1777451271.539505,2240,0,S_10
1777451271.542474,1801,0,S_10
1777451271.547744,1659,0,S_10
1777451271.5501928,2042,0,S_10
1777451271.552744,2291,0,S_10
1777451271.554742,2344,0,S_10
1777451271.5575628,2030,0,S_10
1777451271.5605068,1671,0,S_10
1777451271.563471,1804,0,S_10
1777451271.566488,2208,0,S_10
1777451271.571768,2362,0,S_10
1777451271.5733929,2165,0,S_10
1777451271.576451,1804,0,S_10
1777451271.580399,1656,0,S_10
1777451271.582331,2020,0,S_10
1777451271.5848908,2317,0,S_10
1777451271.5874848,2326,0,S_10
1777451271.5904799,2103,0,S_10
1777451271.594294,1734,0,S_10
1777451271.597551,1815,0,S_10
1777451271.5994859,2175,0,S_10
1777451271.60338,2382,0,S_10
1777451271.605477,2280,0,S_10
1777451271.608473,1923,0,S_10
1777451271.611472,1649,0,S_10
1777451271.617902,1955,0,S_10
1777451271.618623,2306,0,S_10
1777451271.621378,2338,0,S_10
1777451271.624334,2131,0,S_10
1777451271.6268759,1747,0,S_10
1777451271.629986,1758,0,S_10
1777451271.632481,2183,0,S_10
1777451271.6379,2352,0,S_10
1777451271.676458,2254,0,S_10
1777451271.676537,1930,0,S_10
1777451271.6765661,1705,0,S_10
1777451271.6771681,1958,0,S_10
1777451271.67745,2254,0,S_10
1777451271.677502,2307,0,S_10
1777451271.677597,2122,0,S_10
1777451271.67794,1735,0,S_10
1777451271.677973,1775,0,S_10
1777451271.6780758,2163,0,S_10
1777451271.6781068,2282,0,S_10
1777451271.678132,2202,0,S_10
1777451271.678207,1976,0,S_10
1777451271.678331,1699,0,S_10
1777451271.680914,1904,0,S_10
1777451271.683672,2279,0,S_10
1777451271.691954,2332,0,S_10
1777451271.692051,2160,0,S_10
1777451271.693187,1770,0,S_10
1777451271.696911,1765,0,S_10
1777451271.6996028,2129,0,S_10
1777451271.7014751,2292,0,S_10
1777451271.704333,2266,0,S_10
1777451271.7092988,1995,0,S_10
1777451271.7130399,1687,0,S_10
1777451271.714093,1886,0,S_10
1777451271.718795,2252,0,S_10
1777451271.720832,2322,0,S_10
1777451271.722317,2179,0,S_10
1777451271.725315,1821,0,S_10
1777451271.7283242,1735,0,S_10
1777451271.733987,2136,0,S_10
1777451271.734714,2274,0,S_10
1777451271.73821,2272,0,S_10
1777451271.743554,2050,0,S_10
1777451271.7436779,1690,0,S_10
1777451271.746791,1852,0,S_10
1777451271.7493398,2220,0,S_10
1777451271.752337,2307,0,S_10
1777451271.758376,2179,0,S_10
1777451271.7590752,1864,0,S_10
1777451271.7625659,1718,0,S_10
1777451271.765315,2032,0,S_10
1777451271.7680771,2279,0,S_10
1777451271.770854,2307,0,S_10
1777451271.773431,2074,0,S_10
1777451271.776309,1716,0,S_10
1777451271.78251,1795,0,S_10
1777451271.7829251,2196,0,S_10
1777451271.786551,2336,0,S_10
1777451271.788481,2238,0,S_10
1777451271.792644,1949,0,S_10
1777451271.794531,1685,0,S_10
1777451271.797297,1946,0,S_10
1777451271.800259,2276,0,S_10
1777451271.803318,2320,0,S_10
1777451271.8091662,2126,0,S_10
1777451271.8094249,1724,0,S_10
1777451271.8125231,1771,0,S_10
1777451271.816706,2192,0,S_10
1777451271.8186991,2360,0,S_10
1777451271.821304,2242,0,S_10
1777451271.8242571,1978,0,S_10
1777451271.827318,1717,0,S_10
1777451271.8311439,1930,0,S_10
1777451271.833527,2273,0,S_10
1777451271.836769,2312,0,S_10
1777451271.840946,2137,0,S_10
1777451271.842877,1779,0,S_10
1777451271.8454368,1736,0,S_10
1777451271.848256,2154,0,S_10
1777451271.8512719,2354,0,S_10
1777451271.8553002,2289,0,S_10
1777451271.8576782,2015,0,S_10
1777451271.8607519,1668,0,S_10
1777451271.864822,1814,0,S_10
1777451271.866851,2237,0,S_10
1777451271.8694038,2372,0,S_10
1777451271.872236,2245,0,S_10
1777451271.87527,1860,0,S_10
1777451271.879806,1547,0,S_10
1777451271.882287,1888,0,S_10
1777451271.8852348,2332,0,S_10
1777451271.889353,2472,0,S_10
1777451271.89135,2257,0,S_10
1777451271.893227,1602,0,S_10
1777451271.896245,1503,0,S_10
1777451271.899222,2084,0,S_10
1777451271.9033961,2471,0,S_10
1777451271.907098,2490,0,S_10
1777451271.908847,1967,0,S_10
1777451271.912561,1425,0,S_10
1777451271.914614,1720,0,S_10
1777451271.9172301,2265,0,S_10
1777451271.92021,2537,0,S_10
1777451271.9233122,2331,0,S_10
1777451271.928069,1668,0,S_10
1777451271.929614,1496,0,S_10
1777451271.9327848,2010,0,S_10
1777451271.936976,2454,0,S_10
1777451271.9388878,2502,0,S_10
1777451271.9414568,2058,0,S_10
1777451271.944234,1487,0,S_10
1777451271.947223,1681,0,S_10
1777451271.952203,2239,0,S_10
1777451271.954103,2536,0,S_10
1777451271.9572248,2413,0,S_10
1777451271.961144,1764,0,S_10
1777451271.9631948,1460,0,S_10
1777451271.965745,1958,0,S_10
1777451271.9681962,2426,0,S_10
1777451271.971099,2554,0,S_10
1777451271.975672,2178,0,S_10
1777451271.977947,1556,0,S_10
1777451271.9807591,1617,0,S_10
1777451271.985046,2199,0,S_10
1777451271.986858,2560,0,S_10
1777451271.989413,2470,0,S_10
1777451271.992171,1855,0,S_10
1777451271.995959,1449,0,S_10
1777451271.999829,1874,0,S_10
1777451272.0017002,2394,0,S_10
1777451272.004946,2588,0,S_10
1777451272.0085871,2230,0,S_10
1777451272.010567,1556,0,S_10
1777451272.013123,1536,0,S_10
1777451272.016074,2129,0,S_10
1777451272.01907,2501,0,S_10
1777451272.0229938,2473,0,S_10
1777451272.0251641,1924,0,S_10
1777451272.028372,1439,0,S_10
1777451272.032062,1800,0,S_10
1777451272.0340931,2328,0,S_10
1777451272.037089,2549,0,S_10
1777451272.0401468,2306,0,S_10
1777451272.046537,1637,0,S_10
1777451272.0469508,1518,0,S_10
1777451272.049997,2046,0,S_10
1777451272.0534,2458,0,S_10
1777451272.05599,2472,0,S_10
1777451272.0581288,2034,0,S_10
1777451272.0610812,1488,0,S_10
1777451272.064055,1745,0,S_10
1777451272.067051,2265,0,S_10
1777451272.0711381,2556,0,S_10
1777451272.0730948,2362,0,S_10
1777451272.076174,1708,0,S_10
1777451272.082957,1507,0,S_10
1777451272.083041,2016,0,S_10
1777451272.0856051,2474,0,S_10
1777451272.088174,2527,0,S_10
1777451272.0911171,2068,0,S_10
1777451272.097884,1477,0,S_10
1777451272.099982,1665,0,S_10
1777451272.101283,2258,0,S_10
1777451272.106844,2549,0,S_10
1777451272.1071749,2397,0,S_10
1777451272.109547,1760,0,S_10
1777451272.112065,1445,0,S_10
1777451272.118604,1978,0,S_10
1777451272.1203141,2457,0,S_10
1777451272.122656,2543,0,S_10
1777451272.126071,2248,0,S_10
1777451272.1310961,1434,0,S_10
1777451272.131168,1548,0,S_10
1777451272.1330502,2179,0,S_10
1777451272.1360488,2586,0,S_10
1777451272.139033,2479,0,S_10
1777451272.146682,1836,0,S_10
1777451272.1484191,1390,0,S_10
1777451272.150792,1846,0,S_10
1777451272.15261,2435,0,S_10
1777451272.15486,2615,0,S_10
1777451272.158087,2260,0,S_10
1777451272.160553,1543,0,S_10
1777451272.1631942,1464,0,S_10
1777451272.1694279,2016,0,S_10
1777451272.170037,2577,0,S_10
1777451272.175217,2542,0,S_10
1777451272.176776,1944,0,S_10
1777451272.178354,1437,0,S_10
1777451272.1818502,1783,0,S_10
1777451272.184172,2364,0,S_10
1777451272.187019,2573,0,S_10
1777451272.1900191,2339,0,S_10
1777451272.1933289,1591,0,S_10
1777451272.198337,1535,0,S_10
1777451272.201237,2017,0,S_10
1777451272.203223,2482,0,S_10
1777451272.206848,2499,0,S_10
1777451272.210216,2040,0,S_10
1777451272.212406,1589,0,S_10
1777451272.214009,1705,0,S_10
1777451272.221826,2238,0,S_10
1777451272.2223701,2632,0,S_10
1777451272.223896,2403,0,S_10
1777451272.227139,1706,0,S_10
1777451272.2325299,1475,0,S_10
1777451272.2331011,2029,0,S_10
1777451272.235313,2407,0,S_10
1777451272.237956,2559,0,S_10
1777451272.240866,2149,0,S_10
1777451272.24386,1525,0,S_10
1777451272.250962,1629,0,S_10
1777451272.251536,2163,0,S_10
1777451272.2538009,2566,0,S_10
1777451272.257231,2386,0,S_10
1777451272.2598531,1754,0,S_10
1777451272.263403,1520,0,S_10
1777451272.265773,1962,0,S_10
1777451272.2685409,2463,0,S_10
1777451272.274322,2482,0,S_10
1777451272.274782,2156,0,S_10
1777451272.2774348,1552,0,S_10
1777451272.2812521,1598,0,S_10
1777451272.286402,2094,0,S_10
1777451272.286871,2497,0,S_10
1777451272.289254,2537,0,S_10
1777451272.2919722,1863,0,S_10
1777451272.294852,1472,0,S_10
1777451272.297853,1904,0,S_10
1777451272.305679,2399,0,S_10
1777451272.307104,2618,0,S_10
1777451272.307401,2137,0,S_10
1777451272.310428,1599,0,S_10
1777451272.316593,1540,0,S_10
1777451272.316829,2011,0,S_10
1777451272.31936,2347,0,S_10
1777451272.3221152,2545,0,S_10
1777451272.329945,2072,0,S_10
1777451272.331498,1432,0,S_10
1777451272.331867,1831,0,S_10
1777451272.3347998,2207,0,S_10
1777451272.3413901,2578,0,S_10
1777451272.341583,2532,0,S_10
1777451272.34414,1736,0,S_10
1777451272.345844,1531,0,S_10
1777451272.348827,1921,0,S_10
1777451272.3518322,2486,0,S_10
1777451272.354836,2449,0,S_10
1777451272.361888,2044,0,S_10
1777451272.364649,1528,0,S_10
1777451272.364943,1568,0,S_10
1777451272.3678238,2070,0,S_10
1777451272.3719838,2639,0,S_10
1777451272.375962,2400,0,S_10
1777451272.3763149,1701,0,S_10
1777451272.378978,1604,0,S_10
1777451272.3818219,1807,0,S_10
1777451272.389427,2162,0,S_10
1777451272.392492,2905,0,S_10
1777451272.392757,2305,0,S_10
1777451272.394798,1321,0,S_10
1777451272.397111,1649,0,S_10
1777451272.402967,1806,0,S_10
1777451272.4031732,2586,0,S_10
1777451272.405896,2799,0,S_10
1777451272.4088151,1685,0,S_10
1777451272.411811,1185,0,S_10
1777451272.4148679,2064,0,S_10
1777451272.4251451,2547,0,S_10
1777451272.425375,2561,0,S_10
1777451272.425557,2044,0,S_10
1777451272.4284291,1658,0,S_10
1777451272.430628,1346,0,S_10
1777451272.436162,2092,0,S_10
1777451272.436518,2677,0,S_10
1777451272.4391491,2837,0,S_10
1777451272.4418602,1858,0,S_10
1777451272.449895,1227,0,S_10
1777451272.451943,1891,0,S_10
1777451272.452182,2391,0,S_10
1777451272.4549398,2565,0,S_10
1777451272.458591,2282,0,S_10
1777451272.462195,1544,0,S_10
1777451272.462829,1246,0,S_10
1777451272.4658802,2105,0,S_10
1777451272.468822,2533,0,S_10
1777451272.47181,2258,0,S_10
1777451272.474786,1898,0,S_10
1777451272.480318,1682,0,S_10
1777451272.480831,1802,0,S_10
1777451272.483936,2329,0,S_10
1777451272.486805,2589,0,S_10
1777451272.489812,2312,0,S_10
1777451272.4934862,1575,0,S_10
1777451272.495988,1438,0,S_10
1777451272.498754,1692,0,S_10
1777451272.5056121,2449,0,S_10
1777451272.505739,2613,0,S_10
1777451272.50825,1908,0,S_10
1777451272.511987,1603,0,S_10
1777451272.514252,1777,0,S_10
1777451272.518251,2094,0,S_10
1777451272.52017,2676,0,S_10
1777451272.523201,2514,0,S_10
1777451272.52577,1892,0,S_10
1777451272.528639,1334,0,S_10
1777451272.53585,1788,0,S_10
1777451272.5363,2620,0,S_10
1777451272.539294,2506,0,S_10
1777451272.541913,1861,0,S_10
1777451272.543794,1241,0,S_10
1777451272.5490592,1732,0,S_10
1777451272.5511649,2590,0,S_10
1777451272.552623,2597,0,S_10
1777451272.5556438,2436,0,S_10
1777451272.5604749,1798,0,S_10
1777451272.5674171,1409,0,S_10
1777451272.568096,1695,0,S_10
1777451272.569504,2463,0,S_10
1777451272.575207,2810,0,S_10
1777451272.575389,1915,0,S_10
1777451272.578083,1504,0,S_10
1777451272.5796149,1871,0,S_10
1777451272.582622,2166,0,S_10
1777451272.58562,2647,0,S_10
1777451272.588616,2286,0,S_10
1777451272.594168,1692,0,S_10
1777451272.595186,1655,0,S_10
1777451272.5977,1874,0,S_10
1777451272.601665,2680,0,S_10
1777451272.607976,2354,0,S_10
1777451272.6082509,2115,0,S_10
1777451272.610352,1624,0,S_10
1777451272.612493,908,0,S_10
1777451272.6156118,2713,0,S_10
1777451272.621684,2701,0,S_10
1777451272.622829,2617,0,S_10
1777451272.627257,2213,0,S_10
1777451272.627846,1311,0,S_10
1777451272.6316009,1686,0,S_10
1777451272.635625,2427,0,S_10
1777451272.638528,2732,0,S_10
1777451272.639924,2406,0,S_10
1777451272.6425998,1593,0,S_10
1777451272.646278,1320,0,S_10
1777451272.648892,1535,0,S_10
1777451272.654688,2414,0,S_10
1777451272.655436,2676,0,S_10
1777451272.661031,2183,0,S_10
1777451272.662336,1357,0,S_10
1777451272.665356,1835,0,S_10
1777451272.670625,2344,0,S_10
1777451272.671385,2439,0,S_10
1777451272.6739829,2110,0,S_10
1777451272.675589,1754,0,S_10
1777451272.678645,1237,0,S_10
1777451272.685107,2076,0,S_10
1777451272.685765,2598,0,S_10
1777451272.689394,2541,0,S_10
1777451272.691596,2184,0,S_10
1777451272.6980639,1546,0,S_10
1777451272.698754,1693,0,S_10
1777451272.7012422,2186,0,S_10
1777451272.702601,2499,0,S_10
1777451272.705596,1951,0,S_10
1777451272.708472,1882,0,S_10
1777451272.711478,1879,0,S_10
1777451272.718008,1869,0,S_10
1777451272.718673,2322,0,S_10
1777451272.722731,2548,0,S_10
1777451272.724938,2278,0,S_10
1777451272.7275589,1374,0,S_10
1777451272.731473,1653,0,S_10
1777451272.733951,2426,0,S_10
1777451272.735476,2421,0,S_10
1777451272.73848,2292,0,S_10
1777451272.7451992,1838,0,S_10
1777451272.74574,1406,0,S_10
1777451272.747999,1859,0,S_10
1777451272.7514791,2602,0,S_10
1777451272.758485,2600,0,S_10
1777451272.758812,2189,0,S_10
1777451272.759493,1624,0,S_10
1777451272.762718,1465,0,S_10
1777451272.765441,2019,0,S_10
1777451272.7684412,2429,0,S_10
1777451272.77145,2450,0,S_10
1777451272.777695,2145,0,S_10
1777451272.7781792,1500,0,S_10
1777451272.781302,1699,0,S_10
1777451272.784225,2248,0,S_10
1777451272.7871628,2499,0,S_10
1777451272.7910998,2073,0,S_10
1777451272.793644,1677,0,S_10
1777451272.795458,1522,0,S_10
1777451272.802294,2007,0,S_10
1777451272.802384,2666,0,S_10
1777451272.805567,2535,0,S_10
1777451272.807633,2081,0,S_10
1777451272.8113532,1477,0,S_10
1777451272.8152041,1620,0,S_10
1777451272.8176,2329,0,S_10
1777451272.8194401,2551,0,S_10
1777451272.822444,2271,0,S_10
1777451272.8254411,1574,0,S_10
1777451272.828494,1422,0,S_10
1777451272.833354,2030,0,S_10
1777451272.835789,2522,0,S_10
1777451272.838131,2394,0,S_10
1777451272.841952,2131,0,S_10
1777451272.8457742,1687,0,S_10
1777451272.8482418,1461,0,S_10
1777451272.849556,2195,0,S_10
1777451272.852443,2606,0,S_10
1777451272.8574212,2297,0,S_10
1777451272.860244,1839,0,S_10
1777451272.8626602,1382,0,S_10
1777451272.864568,1748,0,S_10
1777451272.870185,2518,0,S_10
1777451272.8705149,2621,0,S_10
1777451272.873659,2120,0,S_10
1777451272.876436,1415,0,S_10
1777451272.8794188,1515,0,S_10
1777451272.8824,2155,0,S_10
1777451272.888433,2507,0,S_10
1777451272.888921,2304,0,S_10
1777451272.892736,1836,0,S_10
1777451272.895078,1520,0,S_10
1777451272.900806,1863,0,S_10
1777451272.900977,2312,0,S_10
1777451272.90399,2335,0,S_10
1777451272.906541,2406,0,S_10
1777451272.912441,1765,0,S_10
1777451272.91291,1496,0,S_10
1777451272.916227,2025,0,S_10
1777451272.9184132,2398,0,S_10
1777451272.9235451,2282,0,S_10
1777451272.925354,2118,0,S_10
1777451272.927927,1639,0,S_10
1777451272.930494,1690,0,S_10
1777451272.93341,2284,0,S_10
1777451272.940625,2509,0,S_10
1777451272.941088,2306,0,S_10
1777451272.943434,1690,0,S_10
1777451272.9454231,1551,0,S_10
1777451272.948979,2039,0,S_10
1777451272.952493,2402,0,S_10
1777451272.954894,2470,0,S_10
1777451272.95746,2054,0,S_10
1777451272.96271,1395,0,S_10
1777451272.964416,1693,0,S_10
1777451272.9675672,2146,0,S_10
1777451272.9693272,2365,0,S_10
1777451272.974608,2521,0,S_10
1777451272.976444,1957,0,S_10
1777451272.978268,1553,0,S_10
1777451272.981243,1942,0,S_10
1777451272.98427,2355,0,S_10
1777451272.990725,2349,0,S_10
1777451272.991222,2274,0,S_10
1777451272.9934871,1546,0,S_10
1777451272.996348,1699,0,S_10
1777451273.002371,2086,0,S_10
1777451273.002597,2406,0,S_10
1777451273.00563,2401,0,S_10
1777451273.008406,1897,0,S_10
1777451273.013174,1566,0,S_10
1777451273.0157251,1836,0,S_10
1777451273.0180428,2420,0,S_10
1777451273.021197,2402,0,S_10
1777451273.024768,2062,0,S_10
1777451273.026592,1795,0,S_10
1777451273.029255,1728,0,S_10
1777451273.03222,2203,0,S_10
1777451273.035245,2303,0,S_10
1777451273.0418482,2432,0,S_10
1777451273.042312,1994,0,S_10
1777451273.044346,1691,0,S_10
1777451273.048141,1923,0,S_10
1777451273.0528908,2157,0,S_10
1777451273.0546649,2015,0,S_10
1777451273.0562382,2345,0,S_10
1777451273.0625799,1876,0,S_10
1777451273.062989,1716,0,S_10
1777451273.065398,2064,0,S_10
1777451273.068405,2362,0,S_10
1777451273.073709,2458,0,S_10
1777451273.075551,1970,0,S_10
1777451273.077228,1458,0,S_10
1777451273.0801952,1743,0,S_10
1777451273.083201,2326,0,S_10
1777451273.089789,2405,0,S_10
1777451273.091626,2097,0,S_10
1777451273.0931652,1948,0,S_10
1777451273.09543,1720,0,S_10
1777451273.1003451,2024,0,S_10
1777451273.102357,2369,0,S_10
1777451273.104218,2488,0,S_10
1777451273.110472,2148,0,S_10
1777451273.110893,1547,0,S_10
1777451273.11449,1711,0,S_10
1777451273.116359,2211,0,S_10
1777451273.1213608,2459,0,S_10
1777451273.123107,2341,0,S_10
1777451273.1256828,1706,0,S_10
1777451273.128114,1622,0,S_10
1777451273.131093,1994,0,S_10
1777451273.13698,2307,0,S_10
1777451273.137429,2395,0,S_10
1777451273.141022,2212,0,S_10
1777451273.144223,1656,0,S_10
1777451273.147679,1519,0,S_10
1777451273.150012,2073,0,S_10
1777451273.1526668,2603,0,S_10
1777451273.1610508,2512,0,S_10
1777451273.1613178,1803,0,S_10
1777451273.1632352,1603,0,S_10
1777451273.165331,1697,0,S_10
1777451273.167257,2446,0,S_10
1777451273.17246,2606,0,S_10
1777451273.173113,2188,0,S_10
1777451273.176039,1626,0,S_10
1777451273.179036,1632,0,S_10
1777451273.1820228,2132,0,S_10
1777451273.1878982,2427,0,S_10
1777451273.189516,2368,0,S_10
1777451273.1924229,1899,0,S_10
1777451273.195085,1546,0,S_10
1777451273.199187,1829,0,S_10
1777451273.201535,2194,0,S_10
1777451273.203052,2410,0,S_10
1777451273.209772,2203,0,S_10
1777451273.211336,1616,0,S_10
1777451273.215394,1704,0,S_10
1777451273.216703,2139,0,S_10
1777451273.222023,2428,0,S_10
1777451273.222326,2482,0,S_10
1777451273.224618,2041,0,S_10
1777451273.227293,1554,0,S_10
1777451273.230038,1739,0,S_10
1777451273.233072,2267,0,S_10
1777451273.238135,2464,0,S_10
1777451273.2410948,2250,0,S_10
1777451273.2432709,1668,0,S_10
1777451273.246625,1539,0,S_10
1777451273.250437,2029,0,S_10
1777451273.252275,2416,0,S_10
1777451273.2540338,2464,0,S_10
1777451273.257073,2124,0,S_10
1777451273.262802,1603,0,S_10
1777451273.264648,1636,0,S_10
1777451273.2674801,2183,0,S_10
1777451273.271016,2552,0,S_10
1777451273.2751129,2374,0,S_10
1777451273.275362,1757,0,S_10
1777451273.278543,1436,0,S_10
1777451273.281018,2033,0,S_10
1777451273.2840178,2395,0,S_10
1777451273.287006,2504,0,S_10
1777451273.295337,2154,0,S_10
1777451273.295629,1586,0,S_10
1777451273.2975628,1742,0,S_10
1777451273.299617,2192,0,S_10
1777451273.30565,2515,0,S_10
1777451273.305807,2404,0,S_10
1777451273.308193,1869,0,S_10
1777451273.3110368,1514,0,S_10
1777451273.316829,1891,0,S_10
1777451273.3176,2319,0,S_10
1777451273.3214731,2486,0,S_10
1777451273.323232,2221,0,S_10
1777451273.328191,1643,0,S_10
1777451273.330153,1622,0,S_10
1777451273.3318772,2120,0,S_10
1777451273.334893,2472,0,S_10
1777451273.3379042,2426,0,S_10
1777451273.3433752,1959,0,S_10
1777451273.346111,1522,0,S_10
1777451273.347713,1845,0,S_10
1777451273.351246,2320,0,S_10
1777451273.35485,2540,0,S_10
1777451273.356896,2310,0,S_10
1777451273.3594759,1702,0,S_10
1777451273.364446,1562,0,S_10
1777451273.365092,2062,0,S_10
1777451273.368643,2450,0,S_10
1777451273.3717,2465,0,S_10
1777451273.3752398,2036,0,S_10
1777451273.377276,1581,0,S_10
1777451273.3799539,1796,0,S_10
1777451273.38289,2264,0,S_10
1777451273.38588,2511,0,S_10
1777451273.3906188,2348,0,S_10
1777451273.392753,1753,0,S_10
1777451273.3953788,1555,0,S_10
1777451273.3980238,1989,0,S_10
1777451273.4016252,2401,0,S_10
1777451273.40385,2451,0,S_10
1777451273.406882,2080,0,S_10
1777451273.411464,1582,0,S_10
1777451273.4137979,1696,0,S_10
1777451273.4170282,2207,0,S_10
1777451273.422019,2501,0,S_10
1777451273.422261,2376,0,S_10
1777451273.425132,1799,0,S_10
1777451273.427884,1557,0,S_10
1777451273.430866,2013,0,S_10
1777451273.437479,2410,0,S_10
1777451273.437951,2450,0,S_10
1777451273.440264,2127,0,S_10
1777451273.443267,1628,0,S_10
1777451273.448662,1694,0,S_10
1777451273.4489338,2200,0,S_10
1777451273.4518778,2439,0,S_10
1777451273.454852,2345,0,S_10
1777451273.4585102,1856,0,S_10
1777451273.460886,1558,0,S_10
1777451273.464364,1954,0,S_10
1777451273.4693718,2321,0,S_10
1777451273.471508,2366,0,S_10
1777451273.472857,2149,0,S_10
1777451273.475816,1633,0,S_10
1777451273.478872,1683,0,S_10
1777451273.4848661,2140,0,S_10
1777451273.485274,2416,0,S_10
1777451273.4888709,2318,0,S_10
1777451273.491135,1925,0,S_10
1777451273.495949,1619,0,S_10
1777451273.49807,1927,0,S_10
1777451273.499834,2282,0,S_10
1777451273.506346,2430,0,S_10
1777451273.506793,2217,0,S_10
1777451273.510014,1712,0,S_10
1777451273.511935,1691,0,S_10
1777451273.516636,2144,0,S_10
1777451273.518785,2390,0,S_10
1777451273.52134,2335,0,S_10
1777451273.5238872,1995,0,S_10
1777451273.5268219,1660,0,S_10
1777451273.531264,1925,0,S_10
1777451273.533447,2240,0,S_10
1777451273.536582,2453,0,S_10
1777451273.5413492,2259,0,S_10
1777451273.5431318,1762,0,S_10
1777451273.544825,1727,0,S_10
1777451273.5477881,2161,0,S_10
1777451273.550821,2375,0,S_10
1777451273.556362,2391,0,S_10
1777451273.556848,1968,0,S_10
1777451273.56018,1632,0,S_10
1777451273.563156,1857,0,S_10
1777451273.566436,2231,0,S_10
1777451273.569248,2409,0,S_10
1777451273.5717928,2208,0,S_10
1777451273.576119,1776,0,S_10
1777451273.578434,1680,0,S_10
1777451273.5811882,2051,0,S_10
1777451273.586123,2346,0,S_10
1777451273.5880132,2389,0,S_10
1777451273.589652,2083,0,S_10
1777451273.592682,1692,0,S_10
1777451273.595677,1800,0,S_10
1777451273.6018581,2170,0,S_10
1777451273.602255,2368,0,S_10
1777451273.605005,2246,0,S_10
1777451273.6078908,1886,0,S_10
1777451273.611211,1604,0,S_10
1777451273.613945,2005,0,S_10
1777451273.616671,2331,0,S_10
1777451273.6196449,2361,0,S_10
1777451273.6262,2099,0,S_10
1777451273.627928,1700,0,S_10
1777451273.629633,1777,0,S_10
1777451273.632618,2192,0,S_10
1777451273.635966,2358,0,S_10
1777451273.6380491,2271,0,S_10
1777451273.640666,1925,0,S_10
1777451273.6436338,1628,0,S_10
1777451273.646656,1979,0,S_10
1777451273.651401,2316,0,S_10
1777451273.6532962,2365,0,S_10
1777451273.656123,2125,0,S_10
1777451273.661068,1702,0,S_10
1777451273.663046,1714,0,S_10
1777451273.664629,2186,0,S_10
1777451273.6676328,2372,0,S_10
1777451273.67066,2282,0,S_10
1777451273.675526,1927,0,S_10
1777451273.6767628,1655,0,S_10
1777451273.679809,1957,0,S_10
1777451273.685704,2233,0,S_10
1777451273.6857889,2352,0,S_10
1777451273.688652,2177,0,S_10
1777451273.691628,1749,0,S_10
1777451273.694689,1730,0,S_10
1777451273.700545,2141,0,S_10
1777451273.700945,2323,0,S_10
1777451273.7042,2285,0,S_10
1777451273.707155,1964,0,S_10
1777451273.7103941,1715,0,S_10
1777451273.71264,1903,0,S_10
1777451273.715636,2198,0,S_10
1777451273.718677,2376,0,S_10
1777451273.7250528,2180,0,S_10
1777451273.725815,1766,0,S_10
1777451273.728974,1696,0,S_10
1777451273.730916,2100,0,S_10
1777451273.735559,2360,0,S_10
1777451273.73718,2334,0,S_10
1777451273.739739,2017,0,S_10
1777451273.742605,1668,0,S_10
1777451273.7456288,1828,0,S_10
1777451273.750131,2203,0,S_10
1777451273.752492,2406,0,S_10
1777451273.755944,2230,0,S_10
1777451273.760326,1767,0,S_10
1777451273.7606049,1669,0,S_10
1777451273.763625,2035,0,S_10
1777451273.766593,2287,0,S_10
1777451273.76962,2316,0,S_10
1777451273.775597,2102,0,S_10
1777451273.7756958,1691,0,S_10
1777451273.77928,1748,0,S_10
1777451273.782449,2174,0,S_10
1777451273.785575,2363,0,S_10
1777451273.787669,2253,0,S_10
1777451273.7905889,1871,0,S_10
1777451273.796127,1646,0,S_10
1777451273.796849,1965,0,S_10
1777451273.8004448,2273,0,S_10
1777451273.8060439,2355,0,S_10
1777451273.806201,2131,0,S_10
1777451273.809044,1699,0,S_10
1777451273.811696,1744,0,S_10
1777451273.8145978,2129,0,S_10
1777451273.820096,2361,0,S_10
1777451273.821148,2296,0,S_10
1777451273.824408,1939,0,S_10
1777451273.827317,1648,0,S_10
1777451273.830438,1917,0,S_10
1777451273.832572,2262,0,S_10
1777451273.835447,2362,0,S_10
1777451273.839267,2177,0,S_10
1777451273.845241,1713,0,S_10
1777451273.845313,1689,0,S_10
1777451273.847507,2125,0,S_10
1777451273.850878,2328,0,S_10
1777451273.855202,2300,0,S_10
1777451273.857277,2014,0,S_10
1777451273.859827,1643,0,S_10
1777451273.8624399,1869,0,S_10
1777451273.865463,2230,0,S_10
1777451273.8707561,2373,0,S_10
1777451273.87234,2199,0,S_10
1777451273.874496,1763,0,S_10
1777451273.8795588,1709,0,S_10
1777451273.881155,2092,0,S_10
1777451273.883714,2338,0,S_10
1777451273.886464,2306,0,S_10
1777451273.889469,2074,0,S_10
1777451273.8930922,1672,0,S_10
1777451273.896352,1800,0,S_10
1777451273.899638,2203,0,S_10
1777451273.9025438,2367,0,S_10
1777451273.9044359,2227,0,S_10
1777451273.907433,1820,0,S_10
1777451273.91043,1666,0,S_10
1777451273.916738,2044,0,S_10
1777451273.917142,2303,0,S_10
1777451273.920414,2340,0,S_10
1777451273.923237,2106,0,S_10
1777451273.926293,1640,0,S_10
1777451273.928459,1763,0,S_10
1777451273.931455,2154,0,S_10
1777451273.934458,2357,0,S_10
1777451273.940747,2265,0,S_10
1777451273.941522,1838,0,S_10
1777451273.9445188,1621,0,S_10
1777451273.946582,2021,0,S_10
1777451273.950672,2299,0,S_10
1777451273.952626,2367,0,S_10
1777451273.955446,2159,0,S_10
1777451273.958412,1712,0,S_10
1777451273.961445,1779,0,S_10
1777451273.9654222,2178,0,S_10
1777451273.967464,2390,0,S_10
1777451273.9705799,2301,0,S_10
1777451273.97508,2015,0,S_10
1777451273.9770198,1692,0,S_10
1777451273.979579,1954,0,S_10
1777451273.982424,2313,0,S_10
1777451273.9893079,2422,0,S_10
1777451273.989395,2215,0,S_10
1777451273.9914792,1776,0,S_10
1777451273.994427,1736,0,S_10
1777451273.99872,2168,0,S_10
1777451274.000533,2356,0,S_10
1777451274.003484,2299,0,S_10
1777451274.006413,1994,0,S_10
1777451274.0094872,1652,0,S_10
1777451274.013521,1889,0,S_10
1777451274.01544,2243,0,S_10
1777451274.018917,2375,0,S_10
1777451274.023255,2168,0,S_10
1777451274.025202,1763,0,S_10
1777451274.027754,1726,0,S_10
1777451274.030442,2099,0,S_10
1777451274.0334358,2320,0,S_10
1777451274.0372171,2297,0,S_10
1777451274.039516,2021,0,S_10
1777451274.042689,1659,0,S_10
1777451274.04657,1845,0,S_10
1777451274.048558,2232,0,S_10
1777451274.051425,2342,0,S_10
1777451274.05439,2175,0,S_10
1777451274.057492,1797,0,S_10
1777451274.060815,1707,0,S_10
1777451274.0645928,2087,0,S_10
1777451274.066685,2322,0,S_10
1777451274.07066,2276,0,S_10
1777451274.072484,2051,0,S_10
1777451274.075413,1701,0,S_10
1777451274.0783858,1866,0,S_10
1777451274.084576,2216,0,S_10
1777451274.08558,2334,0,S_10
1777451274.0885692,2205,0,S_10
1777451274.091465,1856,0,S_10
1777451274.094358,1683,0,S_10
1777451274.09642,2051,0,S_10
1777451274.099375,2317,0,S_10
1777451274.102412,2312,0,S_10
1777451274.1087859,2096,0,S_10
1777451274.109768,1705,0,S_10
1777451274.112386,1817,0,S_10
1777451274.115587,2197,0,S_10
1777451274.118325,2354,0,S_10
1777451274.120384,2238,0,S_10
1777451274.1233852,1913,0,S_10
1777451274.126385,1675,0,S_10
1777451274.132673,1973,0,S_10
1777451274.133054,2275,0,S_10
1777451274.136746,2291,0,S_10
1777451274.138834,2102,0,S_10
1777451274.141574,1707,0,S_10
1777451274.144587,1791,0,S_10
1777451274.147383,2215,0,S_10
1777451274.150351,2317,0,S_10
1777451274.1550238,2263,0,S_10
1777451274.1564019,2074,0,S_10
1777451274.160606,1722,0,S_10
1777451274.1645079,1954,0,S_10
1777451274.1664891,2238,0,S_10
1777451274.168386,2267,0,S_10
1777451274.1713548,2091,0,S_10
1777451274.174379,1774,0,S_10
1777451274.1793458,1716,0,S_10
1777451274.181345,2108,0,S_10
1777451274.184469,2327,0,S_10
1777451274.188684,2251,0,S_10
1777451274.190264,2052,0,S_10
1777451274.192678,1676,0,S_10
1777451274.195382,1809,0,S_10
1777451274.198393,2263,0,S_10
1777451274.202472,2322,0,S_10
1777451274.204579,2133,0,S_10
1777451274.2076411,1874,0,S_10
1777451274.211829,1790,0,S_10
1777451274.2133708,2145,0,S_10
1777451274.216367,2404,0,S_10
1777451274.219373,2100,0,S_10
1777451274.225292,2132,0,S_10
1777451274.2256582,1765,0,S_10
1777451274.2295942,1843,0,S_10
1777451274.234797,2187,0,S_10
1777451274.234921,2248,0,S_10
1777451274.237671,2161,0,S_10
1777451274.2402601,1914,0,S_10
1777451274.2438788,1676,0,S_10
1777451274.248571,2009,0,S_10
1777451274.250701,2411,0,S_10
1777451274.252674,2351,0,S_10
1777451274.257846,2015,0,S_10
1777451274.259397,1533,0,S_10
1777451274.261963,1914,0,S_10
1777451274.2645178,2304,0,S_10
1777451274.267217,2292,0,S_10
1777451274.273731,2269,0,S_10
1777451274.274105,1950,0,S_10
1777451274.277177,1770,0,S_10
1777451274.280024,2013,0,S_10
1777451274.282846,2216,0,S_10
1777451274.285516,2316,0,S_10
1777451274.288241,2040,0,S_10
1777451274.291224,1833,0,S_10
1777451274.296313,1858,0,S_10
1777451274.297736,2145,0,S_10
1777451274.3006358,2351,0,S_10
1777451274.3058612,2273,0,S_10
1777451274.307465,1947,0,S_10
1777451274.3092082,1670,0,S_10
1777451274.3122041,1863,0,S_10
1777451274.315221,2278,0,S_10
1777451274.319669,2432,0,S_10
1777451274.3219619,2197,0,S_10
1777451274.324777,1722,0,S_10
1777451274.329118,1745,0,S_10
1777451274.3310452,2175,0,S_10
1777451274.3336,2347,0,S_10
1777451274.3363001,2097,0,S_10
1777451274.33922,2127,0,S_10
1777451274.343692,1855,0,S_10
1777451274.345338,1844,0,S_10
1777451274.348625,2154,0,S_10
1777451274.352428,2243,0,S_10
1777451274.354337,2265,0,S_10
1777451274.357206,1954,0,S_10
1777451274.360171,1685,0,S_10
1777451274.36636,1906,0,S_10
1777451274.3667378,2352,0,S_10
1777451274.370055,2302,0,S_10
1777451274.373158,2126,0,S_10
1777451274.375787,1774,0,S_10
1777451274.378387,1819,0,S_10
1777451274.381192,1858,0,S_10
1777451274.384202,2462,0,S_10
1777451274.390078,2274,0,S_10
1777451274.3907142,1705,0,S_10
1777451274.3940191,1345,0,S_10
1777451274.3971698,2071,0,S_10
1777451274.399881,2282,0,S_10
1777451274.402595,2561,0,S_10
1777451274.405189,2266,0,S_10
1777451274.4082172,1604,0,S_10
1777451274.41348,1617,0,S_10
1777451274.4156952,2249,0,S_10
1777451274.417727,2218,0,S_10
1777451274.420355,2368,0,S_10
1777451274.42319,1937,0,S_10
1777451274.4261508,1644,0,S_10
1777451274.429159,2051,0,S_10
1777451274.432147,1962,0,S_10
1777451274.437095,2246,0,S_10
1777451274.439032,2335,0,S_10
1777451274.441548,2202,0,S_10
1777451274.446144,1755,0,S_10
1777451274.4480698,1946,0,S_10
1777451274.450628,2211,0,S_10
1777451274.453177,2352,0,S_10
1777451274.4561589,1914,0,S_10
1777451274.460505,1571,0,S_10
1777451274.462336,1855,0,S_10
1777451274.4653351,2252,0,S_10
1777451274.469475,1991,0,S_10
1777451274.4714549,2108,0,S_10
1777451274.474159,1705,0,S_10
1777451274.477184,1837,0,S_10
1777451274.483954,2250,0,S_10
1777451274.484674,1901,0,S_10
1777451274.4861948,1837,0,S_10
1777451274.4893749,2280,0,S_10
1777451274.493118,2244,0,S_10
1777451274.495143,1846,0,S_10
1777451274.4981508,2248,0,S_10
1777451274.5011451,2006,0,S_10
1777451274.507169,2300,0,S_10
1777451274.5084522,2109,0,S_10
1777451274.511146,1771,0,S_10
1777451274.513879,2221,0,S_10
1777451274.516549,2392,0,S_10
1777451274.519676,2311,0,S_10
1777451274.522238,2020,0,S_10
1777451274.525109,1645,0,S_10
1777451274.5309372,1777,0,S_10
1777451274.531342,2185,0,S_10
1777451274.5341692,2372,0,S_10
1777451274.537295,2072,0,S_10
1777451274.540276,1821,0,S_10
1777451274.5431108,1647,0,S_10
1777451274.546141,2095,0,S_10
1777451274.5491042,2300,0,S_10
1777451274.554261,2259,0,S_10
1777451274.556216,2033,0,S_10
1777451274.558559,1892,0,S_10
1777451274.563427,1984,0,S_10
1777451274.56532,2041,0,S_10
1777451274.567133,2282,0,S_10
1777451274.570101,2261,0,S_10
1777451274.5731058,1854,0,S_10
1777451274.578332,1609,0,S_10
1777451274.580291,1954,0,S_10
1777451274.582471,2292,0,S_10
1777451274.587213,2242,0,S_10
1777451274.5891929,2054,0,S_10
1777451274.5917408,1986,0,S_10
1777451274.59429,1739,0,S_10
1777451274.597137,1983,0,S_10
1777451274.600906,2298,0,S_10
1777451274.6032052,2043,0,S_10
1777451274.6063318,2168,0,S_10
1777451274.610272,1875,0,S_10
1777451274.612246,2029,0,S_10
1777451274.6151092,2284,0,S_10
1777451274.618094,2347,0,S_10
1777451274.623898,1981,0,S_10
1777451274.624585,1687,0,S_10
1777451274.628246,1632,0,S_10
1777451274.630985,2361,0,S_10
1777451274.6335611,2467,0,S_10
1777451274.636618,2154,0,S_10
1777451274.63917,1866,0,S_10
1777451274.6419919,1393,0,S_10
1777451274.647928,2054,0,S_10
1777451274.648055,2609,0,S_10
1777451274.6522539,2182,0,S_10
1777451274.654237,2146,0,S_10
1777451274.657023,1973,0,S_10
1777451274.6599538,1593,0,S_10
1777451274.662949,2107,0,S_10
1777451274.665954,2521,0,S_10
1777451274.670816,2493,0,S_10
1777451274.6729012,2008,0,S_10
1777451274.6758559,1650,0,S_10
1777451274.679874,1870,0,S_10
1777451274.6818051,2067,0,S_10
1777451274.68436,2410,0,S_10
1777451274.686971,2256,0,S_10
1777451274.689983,1841,0,S_10
1777451274.693299,1605,0,S_10
1777451274.69758,1845,0,S_10
1777451274.70018,2240,0,S_10
1777451274.702844,2524,0,S_10
1777451274.705593,2048,0,S_10
1777451274.7081652,1471,0,S_10
1777451274.710948,1840,0,S_10
1777451274.7164211,2283,0,S_10
1777451274.717361,2181,0,S_10
1777451274.720217,2051,0,S_10
1777451274.7254431,1858,0,S_10
1777451274.727353,1849,0,S_10
1777451274.728972,1915,0,S_10
1777451274.7319412,2244,0,S_10
1777451274.734972,2422,0,S_10
1777451274.739062,2113,0,S_10
1777451274.7414699,1745,0,S_10
1777451274.7447941,1831,0,S_10
1777451274.748467,2138,0,S_10
1777451274.750417,2345,0,S_10
1777451274.753081,1873,0,S_10
1777451274.755965,2040,0,S_10
1777451274.75898,1663,0,S_10
1777451274.763412,1802,0,S_10
1777451274.7649841,2216,0,S_10
1777451274.768121,2100,0,S_10
1777451274.7718248,2276,0,S_10
1777451274.7739651,1908,0,S_10
1777451274.77693,1907,0,S_10
1777451274.7799559,2181,0,S_10
1777451274.785342,2312,0,S_10
1777451274.786041,2206,0,S_10
1777451274.7895749,1996,0,S_10
1777451274.792484,1715,0,S_10
1777451274.795166,1838,0,S_10
1777451274.797917,2184,0,S_10
1777451274.8009632,2210,0,S_10
1777451274.8039129,2131,0,S_10
1777451274.809439,1633,0,S_10
1777451274.8102038,1547,0,S_10
1777451274.813955,2452,0,S_10
1777451274.8181891,2326,0,S_10
1777451274.820082,2301,0,S_10
1777451274.821943,2209,0,S_10
1777451274.824917,1777,0,S_10
1777451274.82794,1827,0,S_10
1777451274.832423,2064,0,S_10
1777451274.834378,2448,0,S_10
1777451274.837194,2195,0,S_10
1777451274.841493,1899,0,S_10
1777451274.8430662,1664,0,S_10
1777451274.8459258,1917,0,S_10
1777451274.8489118,2317,0,S_10
1777451274.851918,2381,0,S_10
1777451274.855565,2130,0,S_10
1777451274.8587031,1726,0,S_10
1777451274.8616672,1736,0,S_10
1777451274.864311,2092,0,S_10
1777451274.8670132,2311,0,S_10
1777451274.869928,2259,0,S_10
1777451274.8729029,1917,0,S_10
1777451274.878858,1509,0,S_10
1777451274.879243,1890,0,S_10
1777451274.8826518,2126,0,S_10
1777451274.8854778,2698,0,S_10
1777451274.888064,2267,0,S_10
1777451274.8908958,1695,0,S_10
1777451274.893891,1603,0,S_10
1777451274.896886,2184,0,S_10
1777451274.9023519,2389,0,S_10
1777451274.9031198,2310,0,S_10
1777451274.906838,2059,0,S_10
1777451274.9110951,1730,0,S_10
1777451274.9129071,1739,0,S_10
1777451274.9154649,2041,0,S_10
1777451274.917977,2231,0,S_10
1777451274.920917,2518,0,S_10
1777451274.925457,1966,0,S_10
1777451274.927389,1665,0,S_10
1777451274.930773,1881,0,S_10
1777451274.934391,2512,0,S_10
1777451274.936327,2530,0,S_10
1777451274.938921,2123,0,S_10
1777451274.9419148,1573,0,S_10
1777451274.944926,1613,0,S_10
1777451274.9487302,2167,0,S_10
1777451274.951075,2487,0,S_10
1777451274.954104,2400,0,S_10
1777451274.9580858,1837,0,S_10
1777451274.960023,1617,0,S_10
1777451274.962902,1859,0,S_10
1777451274.965903,2333,0,S_10
1777451274.972076,2435,0,S_10
1777451274.9721239,2125,0,S_10
1777451274.9758642,1462,0,S_10
1777451274.978801,1981,0,S_10
1777451274.981367,2211,0,S_10
1777451274.984513,2415,0,S_10
1777451274.9870698,2449,0,S_10
1777451274.989859,2016,0,S_10
1777451274.995544,1597,0,S_10
1777451274.996237,1785,0,S_10
1777451274.9992871,2281,0,S_10
1777451275.002178,2405,0,S_10
1777451275.006233,2203,0,S_10
1777451275.007853,1575,0,S_10
1777451275.0108669,1424,0,S_10
1777451275.013859,1988,0,S_10
1777451275.0191061,2518,0,S_10
1777451275.022969,2738,0,S_10
1777451275.024867,2069,0,S_10
1777451275.029293,1628,0,S_10
1777451275.029794,1697,0,S_10
1777451275.0318289,2223,0,S_10
1777451275.0347369,2535,0,S_10
1777451275.042699,2412,0,S_10
1777451275.0443058,1700,0,S_10
1777451275.0447402,1571,0,S_10
1777451275.0479941,1781,0,S_10
1777451275.051199,2223,0,S_10
1777451275.053351,2459,0,S_10
1777451275.056022,2317,0,S_10
1777451275.0587351,1643,0,S_10
1777451275.061734,1562,0,S_10
1777451275.0690198,2141,0,S_10
1777451275.07117,2496,0,S_10
1777451275.071421,2557,0,S_10
1777451275.075298,1954,0,S_10
1777451275.079495,1479,0,S_10
1777451275.080014,1829,0,S_10
1777451275.083235,2167,0,S_10
1777451275.085942,2495,0,S_10
1777451275.100283,1951,0,S_10
1777451275.100607,1844,0,S_10
1777451275.1008031,1727,0,S_10
1777451275.100951,2002,0,S_10
1777451275.101237,2555,0,S_10
1777451275.1041658,2513,0,S_10
1777451275.106773,1902,0,S_10
1777451275.10973,1355,0,S_10
1777451275.113515,1789,0,S_10
1777451275.1186821,2260,0,S_10
1777451275.11969,2506,0,S_10
1777451275.121859,2353,0,S_10
1777451275.124801,1627,0,S_10
1777451275.131066,1595,0,S_10
1777451275.131532,2060,0,S_10
1777451275.133893,2539,0,S_10
1777451275.136715,2521,0,S_10
1777451275.142699,2138,0,S_10
1777451275.143353,1446,0,S_10
1777451275.148237,1599,0,S_10
1777451275.148878,2140,0,S_10
1777451275.154572,2491,0,S_10
1777451275.1547441,2346,0,S_10
1777451275.158129,1738,0,S_10
1777451275.16083,1437,0,S_10
1777451275.1636999,1975,0,S_10
1777451275.16676,2514,0,S_10
1777451275.171804,2530,0,S_10
1777451275.173478,2096,0,S_10
1777451275.1766138,1423,0,S_10
1777451275.180692,1591,0,S_10
1777451275.1843479,2296,0,S_10
1777451275.184892,2575,0,S_10
1777451275.187959,2456,0,S_10
1777451275.190679,1843,0,S_10
1777451275.198642,1493,0,S_10
1777451275.201751,1877,0,S_10
1777451275.203425,2364,0,S_10
1777451275.203542,2474,0,S_10
1777451275.208218,2226,0,S_10
1777451275.2087219,1511,0,S_10
1777451275.211734,1598,0,S_10
1777451275.2146728,2141,0,S_10
1777451275.217671,2507,0,S_10
1777451275.2207282,2510,0,S_10
1777451275.226458,1876,0,S_10
1777451275.228739,1424,0,S_10
1777451275.2318301,1809,0,S_10
1777451275.234816,2300,0,S_10
1777451275.238079,2532,0,S_10
1777451275.240839,2251,0,S_10
1777451275.2422569,1577,0,S_10
1777451275.2449448,1458,0,S_10
1777451275.2508118,2002,0,S_10
1777451275.252342,2503,0,S_10
1777451275.254338,2494,0,S_10
1777451275.258234,1976,0,S_10
1777451275.2606819,1440,0,S_10
1777451275.2645319,1723,0,S_10
1777451275.26723,2304,0,S_10
1777451275.268655,2549,0,S_10
1777451275.2716758,2344,0,S_10
1777451275.274932,1739,0,S_10
1777451275.2776651,1504,0,S_10
1777451275.28447,1985,0,S_10
1777451275.286678,2449,0,S_10
1777451275.289685,2539,0,S_10
1777451275.2903092,2113,0,S_10
1777451275.2970722,1460,0,S_10
1777451275.297467,1721,0,S_10
1777451275.300053,2245,0,S_10
1777451275.301651,2523,0,S_10
1777451275.3046532,2415,0,S_10
1777451275.310823,1806,0,S_10
1777451275.3114612,1472,0,S_10
1777451275.313737,1983,0,S_10
1777451275.317601,2453,0,S_10
1777451275.320321,2535,0,S_10
1777451275.324237,2189,0,S_10
1777451275.326986,1527,0,S_10
1777451275.328633,1598,0,S_10
1777451275.33163,2208,0,S_10
1777451275.334636,2579,0,S_10
1777451275.33764,2434,0,S_10
1777451275.3444512,1807,0,S_10
1777451275.345483,1462,0,S_10
1777451275.3474371,1897,0,S_10
1777451275.350803,2356,0,S_10
1777451275.353824,2578,0,S_10
1777451275.3576791,2220,0,S_10
1777451275.3602188,1556,0,S_10
1777451275.361645,1539,0,S_10
1777451275.364653,2108,0,S_10
1777451275.371562,2502,0,S_10
1777451275.372213,2446,0,S_10
1777451275.3746932,1899,0,S_10
1777451275.378446,1443,0,S_10
1777451275.382528,1843,0,S_10
1777451275.382854,2362,0,S_10
1777451275.387722,2556,0,S_10
1777451275.390026,2342,0,S_10
1777451275.3920908,1596,0,S_10
1777451275.394757,1507,0,S_10
1777451275.397535,2046,0,S_10
1777451275.400531,2522,0,S_10
1777451275.409426,2558,0,S_10
1777451275.410683,1980,0,S_10
1777451275.41132,1440,0,S_10
1777451275.413388,1758,0,S_10
1777451275.4161558,2282,0,S_10
1777451275.4206452,2553,0,S_10
1777451275.424727,2353,0,S_10
1777451275.424829,1679,0,S_10
1777451275.427684,1490,0,S_10
1777451275.4305038,2029,0,S_10
1777451275.437175,2479,0,S_10
1777451275.4383612,2549,0,S_10
1777451275.441149,2078,0,S_10
1777451275.444416,1489,0,S_10
1777451275.452152,1638,0,S_10
1777451275.4525208,2253,0,S_10
1777451275.452909,2602,0,S_10
1777451275.455275,2418,0,S_10
1777451275.4574971,1731,0,S_10
1777451275.4604921,1459,0,S_10
1777451275.4634838,1955,0,S_10
1777451275.46648,2459,0,S_10
1777451275.47587,2597,0,S_10
1777451275.4778812,2154,0,S_10
1777451275.4800682,1510,0,S_10
1777451275.4811342,1578,0,S_10
1777451275.48253,2167,0,S_10
1777451275.4857018,2577,0,S_10
1777451275.4902048,2367,0,S_10
1777451275.4905548,1839,0,S_10
1777451275.4940548,1451,0,S_10
1777451275.496716,1832,0,S_10
1777451275.504958,2392,0,S_10
1777451275.505732,2581,0,S_10
1777451275.507954,2177,0,S_10
1777451275.509984,1521,0,S_10
1777451275.5121238,1549,0,S_10
1777451275.5157719,2109,0,S_10
1777451275.520142,2520,0,S_10
1777451275.520697,2451,0,S_10
1777451275.5235891,1881,0,S_10
1777451275.5264928,1461,0,S_10
1777451275.52946,1808,0,S_10
1777451275.532463,2357,0,S_10
1777451275.535509,2537,0,S_10
1777451275.541535,2281,0,S_10
1777451275.54316,1668,0,S_10
1777451275.54499,1524,0,S_10
1777451275.549271,2054,0,S_10
1777451275.552094,2477,0,S_10
1777451275.556254,2467,0,S_10
1777451275.556536,1993,0,S_10
1777451275.559979,1426,0,S_10
1777451275.562591,1649,0,S_10
1777451275.569538,2253,0,S_10
1777451275.570671,2572,0,S_10
1777451275.5727732,2372,0,S_10
1777451275.574738,1663,0,S_10
1777451275.577538,1487,0,S_10
1777451275.583733,2018,0,S_10
1777451275.5840058,2446,0,S_10
1777451275.5864608,2524,0,S_10
1777451275.5894558,2097,0,S_10
1777451275.592454,1441,0,S_10
1777451275.595449,1627,0,S_10
1777451275.6034071,2144,0,S_10
1777451275.605,2546,0,S_10
1777451275.6072361,2436,0,S_10
1777451275.607458,1741,0,S_10
1777451275.611244,1451,0,S_10
1777451275.614475,1931,0,S_10
1777451275.618568,2433,0,S_10
1777451275.621341,2579,0,S_10
1777451275.622714,2159,0,S_10
1777451275.62544,1561,0,S_10
1777451275.630573,1610,0,S_10
1777451275.634749,2144,0,S_10
1777451275.6350179,2567,0,S_10
1777451275.6375349,2434,0,S_10
1777451275.6421251,1841,0,S_10
1777451275.646441,1482,0,S_10
1777451275.646751,1850,0,S_10
1777451275.649528,2389,0,S_10
1777451275.6524348,2543,0,S_10
1777451275.6554391,2233,0,S_10
1777451275.6584342,1587,0,S_10
1777451275.6614468,1592,0,S_10
1777451275.6670861,2158,0,S_10
1777451275.667409,2552,0,S_10
1777451275.676281,2463,0,S_10
1777451275.676554,1938,0,S_10
1777451275.677695,1485,0,S_10
1777451275.679699,1819,0,S_10
1777451275.684,2352,0,S_10
1777451275.687008,2574,0,S_10
1777451275.6883972,2316,0,S_10
1777451275.6914089,1631,0,S_10
1777451275.6986911,1519,0,S_10
1777451275.7032928,2079,0,S_10
1777451275.703507,2492,0,S_10
1777451275.704654,2501,0,S_10
1777451275.712352,2030,0,S_10
1777451275.712613,1427,0,S_10
1777451275.712954,1728,0,S_10
1777451275.715776,2312,0,S_10
1777451275.718393,2554,0,S_10
1777451275.721312,2376,0,S_10
1777451275.7242858,1680,0,S_10
1777451275.727299,1482,0,S_10
1777451275.734366,1979,0,S_10
1777451275.734899,2438,0,S_10
1777451275.737688,2523,0,S_10
1777451275.740448,2124,0,S_10
1777451275.743281,1514,0,S_10
1777451275.749435,1634,0,S_10
1777451275.749702,2216,0,S_10
1777451275.752665,2539,0,S_10
1777451275.754282,2393,0,S_10
1777451275.7572842,1774,0,S_10
1777451275.762944,1458,0,S_10
1777451275.766804,1925,0,S_10
1777451275.768914,2411,0,S_10
1777451275.769612,2522,0,S_10
1777451275.778356,2189,0,S_10
1777451275.778739,1553,0,S_10
1777451275.779,1592,0,S_10
1777451275.781814,2149,0,S_10
1777451275.7844522,2516,0,S_10
1777451275.787274,2435,0,S_10
1777451275.790276,1843,0,S_10
1777451275.793272,1433,0,S_10
1777451275.800339,1838,0,S_10
1777451275.800529,2389,0,S_10
1777451275.8031611,2572,0,S_10
1777451275.8057349,2241,0,S_10
1777451275.810377,1572,0,S_10
1777451275.8150651,1529,0,S_10
1777451275.815198,2094,0,S_10
1777451275.818084,2511,0,S_10
1777451275.8207328,2472,0,S_10
1777451275.82354,1898,0,S_10
1777451275.828843,1452,0,S_10
1777451275.830994,1797,0,S_10
1777451275.832824,2349,0,S_10
1777451275.8399491,2578,0,S_10
1777451275.844289,2341,0,S_10
1777451275.844556,1635,0,S_10
1777451275.844828,1519,0,S_10
1777451275.847489,2043,0,S_10
1777451275.8502662,2478,0,S_10
1777451275.853261,2505,0,S_10
1777451275.856255,2051,0,S_10
1777451275.859251,1449,0,S_10
1777451275.8658402,1717,0,S_10
1777451275.866616,2264,0,S_10
1777451275.8714619,2579,0,S_10
1777451275.871639,2405,0,S_10
1777451275.88467,1723,0,S_10
1777451275.884806,1503,0,S_10
1777451275.884872,1981,0,S_10
1777451275.884925,2423,0,S_10
1777451275.8863091,2539,0,S_10
1777451275.889225,2113,0,S_10
1777451275.898965,1523,0,S_10
1777451275.8993201,1684,0,S_10
1777451275.9030871,2191,0,S_10
1777451275.9069629,2543,0,S_10
1777451275.912033,2412,0,S_10
1777451275.9127748,1767,0,S_10
1777451275.913208,1452,0,S_10
1777451275.913533,1949,0,S_10
1777451275.916922,2407,0,S_10
1777451275.91965,2529,0,S_10
1777451275.922339,2162,0,S_10
1777451275.92524,1552,0,S_10
1777451275.9282281,1574,0,S_10
1777451275.938605,2167,0,S_10
1777451275.9406369,2561,0,S_10
1777451275.9431381,2424,0,S_10
1777451275.944437,1853,0,S_10
1777451275.94545,1434,0,S_10
1777451275.948614,1841,0,S_10
1777451275.953092,2390,0,S_10
1777451275.953278,2552,0,S_10
1777451275.9560802,2255,0,S_10
1777451275.958772,1599,0,S_10
1777451275.961529,1540,0,S_10
1777451275.968756,2080,0,S_10
1777451275.970602,2511,0,S_10
1777451275.971033,2496,0,S_10
1777451275.973768,1913,0,S_10
1777451275.978315,1424,0,S_10
1777451275.98278,1785,0,S_10
1777451275.983027,2350,0,S_10
1777451275.986091,2566,0,S_10
1777451275.988659,2324,0,S_10
1777451275.991263,1691,0,S_10
1777451275.994208,1511,0,S_10
1777451275.997333,2088,0,S_10
1777451276.005433,2549,0,S_10
1777451276.00834,2555,0,S_10
1777451276.008796,2080,0,S_10
1777451276.011204,1546,0,S_10
1777451276.0140128,1756,0,S_10
1777451276.01698,2324,0,S_10
1777451276.021634,2575,0,S_10
1777451276.022052,2347,0,S_10
1777451276.024971,1693,0,S_10
1777451276.0278668,1515,0,S_10
1777451276.0361788,2004,0,S_10
1777451276.036891,2458,0,S_10
1777451276.0370612,2543,0,S_10
1777451276.039783,2135,0,S_10
1777451276.0442922,1534,0,S_10
1777451276.0473979,1627,0,S_10
1777451276.052048,2218,0,S_10
1777451276.052295,2555,0,S_10
1777451276.055216,2416,0,S_10
1777451276.0570722,1776,0,S_10
1777451276.0600781,1439,0,S_10
1777451276.063092,1908,0,S_10
1777451276.066066,2394,0,S_10
1777451276.07249,2561,0,S_10
1777451276.073198,2186,0,S_10
1777451276.0753238,1564,0,S_10
1777451276.07951,1617,0,S_10
1777451276.0818748,2151,0,S_10
1777451276.0888388,2533,0,S_10
1777451276.089344,2471,0,S_10
1777451276.092261,1853,0,S_10
1777451276.093566,1442,0,S_10
1777451276.0962,1859,0,S_10
1777451276.103559,2352,0,S_10
1777451276.104769,2547,0,S_10
1777451276.1069639,2252,0,S_10
1777451276.1100302,1565,0,S_10
1777451276.112577,1517,0,S_10
1777451276.1145449,2084,0,S_10
1777451276.119612,2487,0,S_10
1777451276.1201658,2425,0,S_10
1777451276.123598,1951,0,S_10
1777451276.12622,1435,0,S_10
1777451276.1290529,1766,0,S_10
1777451276.132055,2352,0,S_10
1777451276.1350532,2542,0,S_10
1777451276.142497,2319,0,S_10
1777451276.1449459,1659,0,S_10
1777451276.147264,1497,0,S_10
1777451276.148011,2045,0,S_10
1777451276.157134,2478,0,S_10
1777451276.157404,2500,0,S_10
1777451276.157585,2025,0,S_10
1777451276.160487,1443,0,S_10
1777451276.1620631,1696,0,S_10
1777451276.165047,2226,0,S_10
1777451276.1708689,2547,0,S_10
1777451276.1719701,2380,0,S_10
1777451276.1746,1733,0,S_10
1777451276.178366,1473,0,S_10
1777451276.1815622,1948,0,S_10
1777451276.186162,2411,0,S_10
1777451276.1864471,2524,0,S_10
1777451276.18929,2122,0,S_10
1777451276.192069,1495,0,S_10
1777451276.195065,1633,0,S_10
1777451276.1980422,2192,0,S_10
1777451276.2011788,2562,0,S_10
1777451276.2062771,2411,0,S_10
1777451276.208128,1791,0,S_10
1777451276.2117288,1435,0,S_10
1777451276.2134311,1946,0,S_10
1777451276.2165802,2435,0,S_10
1777451276.22117,2580,0,S_10
1777451276.224137,2244,0,S_10
1777451276.225452,1537,0,S_10
1777451276.228058,1543,0,S_10
1777451276.233782,2164,0,S_10
1777451276.2348642,2518,0,S_10
1777451276.2378309,2426,0,S_10
1777451276.240951,1862,0,S_10
1777451276.244371,1454,0,S_10
1777451276.249064,1780,0,S_10
1777451276.2493398,2359,0,S_10
1777451276.25211,2510,0,S_10
1777451276.255071,2304,0,S_10
1777451276.258017,1616,0,S_10
1777451276.2610402,1561,0,S_10
1777451276.264013,2097,0,S_10
1777451276.2670138,2507,0,S_10
1777451276.2731159,2537,0,S_10
1777451276.277768,2008,0,S_10
1777451276.2789152,1473,0,S_10
1777451276.280183,1759,0,S_10
1777451276.284019,2276,0,S_10
1777451276.289015,2609,0,S_10
1777451276.2893,2303,0,S_10
1777451276.29146,1614,0,S_10
1777451276.294042,1378,0,S_10
1777451276.2970188,2018,0,S_10
1777451276.303825,2466,0,S_10
1777451276.3055959,2535,0,S_10
1777451276.307612,2149,0,S_10
1777451276.310059,1476,0,S_10
1777451276.3127942,1684,0,S_10
1777451276.317282,2275,0,S_10
1777451276.320042,2630,0,S_10
1777451276.321357,2381,0,S_10
1777451276.323921,1747,0,S_10
1777451276.32686,1402,0,S_10
1777451276.329857,2003,0,S_10
1777451276.338412,2455,0,S_10
1777451276.338599,2568,0,S_10
1777451276.339206,2043,0,S_10
1777451276.343262,1534,0,S_10
1777451276.3458629,1675,0,S_10
1777451276.3480792,2194,0,S_10
1777451276.352782,2546,0,S_10
1777451276.3588321,2452,0,S_10
1777451276.358879,1824,0,S_10
1777451276.360265,1329,0,S_10
1777451276.362955,1848,0,S_10
1777451276.3731909,2326,0,S_10
1777451276.375926,2476,0,S_10
1777451276.376113,2050,0,S_10
1777451276.377276,1654,0,S_10
1777451276.378484,1643,0,S_10
1777451276.3811631,2177,0,S_10
1777451276.385849,2489,0,S_10
1777451276.388886,2588,0,S_10
1777451276.390224,2060,0,S_10
1777451276.3928902,1419,0,S_10
1777451276.395852,1854,0,S_10
1777451276.398848,2383,0,S_10
1777451276.406183,2486,0,S_10
1777451276.406831,2125,0,S_10
1777451276.409622,1510,0,S_10
1777451276.411409,1410,0,S_10
1777451276.415597,2078,0,S_10
1777451276.419841,2599,0,S_10
1777451276.420018,2611,0,S_10
1777451276.422894,1953,0,S_10
1777451276.426015,1462,0,S_10
1777451276.428928,1728,0,S_10
1777451276.434515,2259,0,S_10
1777451276.435492,2397,0,S_10
1777451276.4395552,2263,0,S_10
1777451276.4436831,1773,0,S_10
1777451276.4440188,1636,0,S_10
1777451276.448354,2074,0,S_10
1777451276.4508889,2475,0,S_10
1777451276.452828,2506,0,S_10
1777451276.455819,2105,0,S_10
1777451276.458833,1552,0,S_10
1777451276.461813,1638,0,S_10
1777451276.468422,2218,0,S_10
1777451276.469354,2442,0,S_10
1777451276.472209,2386,0,S_10
1777451276.4757912,1685,0,S_10
1777451276.477321,1315,0,S_10
1777451276.483853,1989,0,S_10
1777451276.4840472,2604,0,S_10
1777451276.486872,2639,0,S_10
1777451276.489507,1961,0,S_10
1777451276.49211,1524,0,S_10
1777451276.49811,1688,0,S_10
1777451276.499326,2231,0,S_10
1777451276.501081,2528,0,S_10
1777451276.504767,2368,0,S_10
1777451276.507989,1907,0,S_10
1777451276.5131252,1576,0,S_10
1777451276.513412,1830,0,S_10
1777451276.516439,1860,0,S_10
1777451276.519079,2664,0,S_10
1777451276.521865,2198,0,S_10
1777451276.5248399,1448,0,S_10
1777451276.527814,1604,0,S_10
1777451276.5340748,2062,0,S_10
1777451276.535265,2380,0,S_10
1777451276.539563,2618,0,S_10
1777451276.540388,2055,0,S_10
1777451276.544197,1348,0,S_10
1777451276.549094,1370,0,S_10
1777451276.549346,2607,0,S_10
1777451276.552375,2861,0,S_10
1777451276.5550249,2277,0,S_10
1777451276.562696,1594,0,S_10
1777451276.563684,1430,0,S_10
1777451276.5653918,2055,0,S_10
1777451276.5685918,2589,0,S_10
1777451276.572905,2537,0,S_10
1777451276.5729852,1902,0,S_10
1777451276.577952,1254,0,S_10
1777451276.580574,1660,0,S_10
1777451276.581973,2166,0,S_10
1777451276.584872,2481,0,S_10
1777451276.5878122,2202,0,S_10
1777451276.5907998,1830,0,S_10
1777451276.5989969,1521,0,S_10
1777451276.600755,2140,0,S_10
1777451276.601042,2536,0,S_10
1777451276.603495,2489,0,S_10
1777451276.607445,1921,0,S_10
1777451276.611924,1455,0,S_10
1777451276.6123679,1754,0,S_10
1777451276.6149771,2453,0,S_10
1777451276.617795,2368,0,S_10
1777451276.625022,2235,0,S_10
1777451276.625618,1708,0,S_10
1777451276.630602,1631,0,S_10
1777451276.6317189,2069,0,S_10
1777451276.635322,2502,0,S_10
1777451276.6401112,2679,0,S_10
1777451276.6404018,2103,0,S_10
1777451276.643212,1620,0,S_10
1777451276.6446779,1614,0,S_10
1777451276.647661,2117,0,S_10
1777451276.65065,2520,0,S_10
1777451276.6536498,2342,0,S_10
1777451276.659848,1772,0,S_10
1777451276.660405,1360,0,S_10
1777451276.66314,1774,0,S_10
1777451276.6666062,2458,0,S_10
1777451276.669413,2299,0,S_10
1777451276.673769,2457,0,S_10
1777451276.6768682,1848,0,S_10
1777451276.6783261,1541,0,S_10
1777451276.680982,2103,0,S_10
1777451276.686728,2468,0,S_10
1777451276.6877298,2517,0,S_10
1777451276.6901069,2007,0,S_10
1777451276.693107,1533,0,S_10
1777451276.6964061,1651,0,S_10
1777451276.700914,2280,0,S_10
1777451276.70376,2397,0,S_10
1777451276.705175,2368,0,S_10
1777451276.707797,1633,0,S_10
1777451276.7106612,1483,0,S_10
1777451276.713664,2093,0,S_10
1777451276.721055,2512,0,S_10
1777451276.721208,2461,0,S_10
1777451276.723934,1784,0,S_10
1777451276.725748,1579,0,S_10
1777451276.729968,1809,0,S_10
1777451276.7341802,2298,0,S_10
1777451276.7361898,2456,0,S_10
1777451276.737654,2288,0,S_10
1777451276.74066,1751,0,S_10
1777451276.7461782,1477,0,S_10
1777451276.7470112,2063,0,S_10
1777451276.751615,2423,0,S_10
1777451276.753684,2541,0,S_10
1777451276.759323,2135,0,S_10
1777451276.759451,1499,0,S_10
1777451276.762003,1676,0,S_10
1777451276.764673,2230,0,S_10
1777451276.767627,2438,0,S_10
1777451276.77063,2434,0,S_10
1777451276.777401,1647,0,S_10
1777451276.7782989,1331,0,S_10
1777451276.780084,1953,0,S_10
1777451276.783679,2337,0,S_10
1777451276.786149,2291,0,S_10
1777451276.790308,2344,0,S_10
1777451276.792346,1638,0,S_10
1777451276.7949162,1699,0,S_10
1777451276.797638,1989,0,S_10
1777451276.8018591,2383,0,S_10
1777451276.8047931,2443,0,S_10
1777451276.807113,1891,0,S_10
1777451276.8107939,1499,0,S_10
1777451276.8148632,1820,0,S_10
1777451276.817248,2341,0,S_10
1777451276.818669,2458,0,S_10
1777451276.821646,2182,0,S_10
1777451276.8246021,1565,0,S_10
1777451276.8276181,1569,0,S_10
1777451276.8328378,2024,0,S_10
1777451276.834847,2399,0,S_10
1777451276.837187,2408,0,S_10
1777451276.8402429,1832,0,S_10
1777451276.84399,1427,0,S_10
1777451276.846272,1860,0,S_10
1777451276.848824,2360,0,S_10
1777451276.855551,2635,0,S_10
1777451276.8574872,2293,0,S_10
1777451276.859194,1662,0,S_10
1777451276.863171,1272,0,S_10
1777451276.866945,2071,0,S_10
1777451276.8674371,2688,0,S_10
1777451276.86977,2136,0,S_10
1777451276.872603,2112,0,S_10
1777451276.875604,1632,0,S_10
1777451276.8786,1747,0,S_10
1777451276.885984,2304,0,S_10
1777451276.887408,2534,0,S_10
1777451276.889262,2317,0,S_10
1777451276.891477,1668,0,S_10
1777451276.897005,1496,0,S_10
1777451276.897198,1863,0,S_10
1777451276.900199,2417,0,S_10
1777451276.902765,2655,0,S_10
1777451276.908121,2173,0,S_10
1777451276.908965,1527,0,S_10
1777451276.912426,1616,0,S_10
1777451276.916184,2314,0,S_10
1777451276.92006,2739,0,S_10
1777451276.922462,2320,0,S_10
1777451276.923771,1622,0,S_10
1777451276.92664,1552,0,S_10
1777451276.930686,1911,0,S_10
1777451276.972339,2338,0,S_10
1777451276.9724438,2569,0,S_10
1777451276.9725142,2177,0,S_10
1777451276.9727209,1595,0,S_10
1777451276.972791,1649,0,S_10
1777451276.972845,2197,0,S_10
1777451276.972929,2508,0,S_10
1777451276.973006,2234,0,S_10
1777451276.973084,1913,0,S_10
1777451276.973143,1510,0,S_10
1777451276.9731982,1862,0,S_10
1777451276.973247,2287,0,S_10
1777451276.973299,2457,0,S_10
1777451276.9733481,2173,0,S_10
1777451276.974678,1663,0,S_10
1777451276.977538,1711,0,S_10
1777451276.988429,2136,0,S_10
1777451276.988898,2465,0,S_10
1777451276.9890099,2400,0,S_10
1777451276.9902148,1849,0,S_10
1777451276.995541,1676,0,S_10
1777451276.995734,1831,0,S_10
1777451276.998828,2339,0,S_10
1777451277.001478,2581,0,S_10
1777451277.0061,2263,0,S_10
1777451277.008626,1382,0,S_10
1777451277.0106618,1506,0,S_10
1777451277.013969,2202,0,S_10
1777451277.017905,2532,0,S_10
1777451277.020239,2400,0,S_10
1777451277.022796,1995,0,S_10
1777451277.0254688,1556,0,S_10
1777451277.028464,1667,0,S_10
1777451277.034265,2205,0,S_10
1777451277.03513,2670,0,S_10
1777451277.039042,2343,0,S_10
1777451277.040836,1705,0,S_10
1777451277.046473,1521,0,S_10
1777451277.0467079,1978,0,S_10
1777451277.049657,2459,0,S_10
1777451277.052421,2523,0,S_10
1777451277.0565948,2120,0,S_10
1777451277.059563,1521,0,S_10
1777451277.0618849,1658,0,S_10
1777451277.065102,2016,0,S_10
1777451277.068715,2402,0,S_10
1777451277.071092,2580,0,S_10
1777451277.073656,1821,0,S_10
1777451277.07641,1492,0,S_10
1777451277.0794308,1802,0,S_10
1777451277.0850859,2509,0,S_10
1777451277.085567,2617,0,S_10
1777451277.089959,2250,0,S_10
1777451277.0915961,1582,0,S_10
1777451277.096728,1601,0,S_10
1777451277.098913,2136,0,S_10
1777451277.1004229,2425,0,S_10
1777451277.107007,2378,0,S_10
1777451277.10797,1944,0,S_10
1777451277.110642,1425,0,S_10
1777451277.112677,1760,0,S_10
1777451277.117741,2335,0,S_10
1777451277.119772,2567,0,S_10
1777451277.1214342,2274,0,S_10
1777451277.124436,1635,0,S_10
1777451277.1274529,1588,0,S_10
1777451277.133337,2121,0,S_10
1777451277.1355488,2536,0,S_10
1777451277.137114,2473,0,S_10
1777451277.143949,1925,0,S_10
1777451277.144096,1493,0,S_10
1777451277.14582,1945,0,S_10
1777451277.148444,2406,0,S_10
1777451277.154463,2555,0,S_10
1777451277.155233,2318,0,S_10
1777451277.158571,1721,0,S_10
1777451277.160495,1601,0,S_10
1777451277.165476,2111,0,S_10
1777451277.1675148,2531,0,S_10
1777451277.1694238,2467,0,S_10
1777451277.172411,2020,0,S_10
1777451277.175542,1549,0,S_10
1777451277.18094,1746,0,S_10
1777451277.182168,2275,0,S_10
1777451277.185506,2564,0,S_10
1777451277.187467,2328,0,S_10
1777451277.1922681,1694,0,S_10
1777451277.194463,1525,0,S_10
1777451277.197024,2026,0,S_10
1777451277.202083,2411,0,S_10
1777451277.2028632,2480,0,S_10
1777451277.206469,2106,0,S_10
1777451277.2096488,1606,0,S_10
1777451277.213274,1737,0,S_10
1777451277.21546,2255,0,S_10
1777451277.2180128,2562,0,S_10
1777451277.220567,2368,0,S_10
1777451277.2234082,1787,0,S_10
1777451277.229747,1474,0,S_10
1777451277.2302139,1923,0,S_10
1777451277.2336268,2394,0,S_10
1777451277.235466,2510,0,S_10
1777451277.240181,2159,0,S_10
1777451277.242291,1520,0,S_10
1777451277.244868,1635,0,S_10
1777451277.24993,2237,0,S_10
1777451277.250669,2546,0,S_10
1777451277.254258,2444,0,S_10
1777451277.2572958,1844,0,S_10
1777451277.260787,1443,0,S_10
1777451277.262508,1844,0,S_10
1777451277.265368,2423,0,S_10
1777451277.268357,2514,0,S_10
1777451277.271349,2270,0,S_10
1777451277.275808,1620,0,S_10
1777451277.278375,1535,0,S_10
1777451277.281514,2086,0,S_10
1777451277.2862122,2494,0,S_10
1777451277.2863739,2472,0,S_10
1777451277.289382,1951,0,S_10
1777451277.292355,1452,0,S_10
1777451277.295382,1777,0,S_10
1777451277.301263,2325,0,S_10
1777451277.301667,2571,0,S_10
1777451277.304471,2301,0,S_10
1777451277.307868,1636,0,S_10
1777451277.31289,1529,0,S_10
1777451277.314527,2050,0,S_10
1777451277.316354,2464,0,S_10
1777451277.323346,2445,0,S_10
1777451277.324884,2012,0,S_10
1777451277.327063,1479,0,S_10
1777451277.328674,1809,0,S_10
1777451277.3339121,2176,0,S_10
1777451277.334265,2492,0,S_10
1777451277.337256,2375,0,S_10
1777451277.3402398,1739,0,S_10
1777451277.343227,1429,0,S_10
1777451277.350324,1926,0,S_10
1777451277.3507469,2441,0,S_10
1777451277.353845,2501,0,S_10
1777451277.355988,2064,0,S_10
1777451277.360781,1506,0,S_10
1777451277.3613062,1666,0,S_10
1777451277.3642418,2242,0,S_10
1777451277.36738,2567,0,S_10
1777451277.37423,2382,0,S_10
1777451277.375791,1768,0,S_10
1777451277.377044,1433,0,S_10
1777451277.3839319,1909,0,S_10
1777451277.3842611,2383,0,S_10
1777451277.386026,2531,0,S_10
1777451277.3886888,2174,0,S_10
1777451277.3913531,1557,0,S_10
1777451277.394237,1648,0,S_10
1777451277.402383,2110,0,S_10
1777451277.404247,2491,0,S_10
1777451277.404788,2546,0,S_10
1777451277.408192,1843,0,S_10
1777451277.4122581,1455,0,S_10
1777451277.412524,1843,0,S_10
1777451277.415471,2445,0,S_10
1777451277.418216,2458,0,S_10
1777451277.4236958,2210,0,S_10
1777451277.425388,1613,0,S_10
1777451277.434172,1561,0,S_10
1777451277.434488,2070,0,S_10
1777451277.434766,2470,0,S_10
1777451277.437003,2456,0,S_10
1777451277.439651,1965,0,S_10
1777451277.442213,1449,0,S_10
1777451277.4452171,1794,0,S_10
1777451277.4527218,2335,0,S_10
1777451277.4542348,2565,0,S_10
1777451277.454429,2326,0,S_10
1777451277.457935,1636,0,S_10
1777451277.4637709,1525,0,S_10
1777451277.464174,2045,0,S_10
1777451277.466447,2478,0,S_10
1777451277.4692092,2510,0,S_10
1777451277.474445,2045,0,S_10
1777451277.477045,1490,0,S_10
1777451277.4786701,1710,0,S_10
1777451277.4822268,2299,0,S_10
1777451277.485775,2562,0,S_10
1777451277.487983,2365,0,S_10
1777451277.49054,1696,0,S_10
1777451277.4932039,1458,0,S_10
1777451277.496177,1969,0,S_10
1777451277.501247,2461,0,S_10
1777451277.5036201,2523,0,S_10
1777451277.5055249,2085,0,S_10
1777451277.508672,1468,0,S_10
1777451277.5121531,1627,0,S_10
1777451277.514246,2265,0,S_10
1777451277.517193,2533,0,S_10
1777451277.5219688,2404,0,S_10
1777451277.524336,1778,0,S_10
1777451277.526567,1454,0,S_10
1777451277.533014,1921,0,S_10
1777451277.533149,2424,0,S_10
1777451277.5352771,2531,0,S_10
1777451277.538177,2171,0,S_10
1777451277.541208,1528,0,S_10
1777451277.544172,1606,0,S_10
1777451277.549362,2146,0,S_10
1777451277.55159,2505,0,S_10
1777451277.553552,2425,0,S_10
1777451277.5566669,1860,0,S_10
1777451277.560122,1467,0,S_10
1777451277.5622668,1839,0,S_10
1777451277.5651999,2376,0,S_10
1777451277.572324,2569,0,S_10
1777451277.572392,2247,0,S_10
1777451277.574214,1621,0,S_10
1777451277.577284,1532,0,S_10
1777451277.580717,2089,0,S_10
1777451277.58373,2536,0,S_10
1777451277.586283,2459,0,S_10
1777451277.58915,1928,0,S_10
1777451277.59604,1461,0,S_10
1777451277.5961878,1788,0,S_10
1777451277.598593,2325,0,S_10
1777451277.602015,2563,0,S_10
1777451277.607071,2334,0,S_10
1777451277.6072829,1645,0,S_10
1777451277.610229,1491,0,S_10
1777451277.613174,2033,0,S_10
1777451277.616978,2488,0,S_10
1777451277.619311,2516,0,S_10
1777451277.6222022,2035,0,S_10
1777451277.627223,1493,0,S_10
1777451277.629387,1695,0,S_10
1777451277.631048,2250,0,S_10
1777451277.63403,2557,0,S_10
1777451277.637792,2379,0,S_10
1777451277.64322,1697,0,S_10
1777451277.645619,1466,0,S_10
1777451277.647893,1970,0,S_10
1777451277.65091,2434,0,S_10
1777451277.6542962,2522,0,S_10
1777451277.656381,2093,0,S_10
1777451277.6580229,1510,0,S_10
1777451277.665005,1668,0,S_10
1777451277.666987,2173,0,S_10
1777451277.667125,2532,0,S_10
1777451277.670172,2400,0,S_10
1777451277.675775,1785,0,S_10
1777451277.676158,1428,0,S_10
1777451277.679028,1898,0,S_10
1777451277.682135,2407,0,S_10
1777451277.685009,2540,0,S_10
1777451277.6915069,2190,0,S_10
1777451277.693323,1561,0,S_10
1777451277.694664,1603,0,S_10
1777451277.697789,2147,0,S_10
1777451277.70322,2533,0,S_10
1777451277.703445,2446,0,S_10
1777451277.706329,1846,0,S_10
1777451277.709085,1469,0,S_10
1777451277.7132769,1847,0,S_10
1777451277.715331,2378,0,S_10
1777451277.718821,2573,0,S_10
1777451277.723336,2228,0,S_10
1777451277.725316,1571,0,S_10
1777451277.727038,1547,0,S_10
1777451277.73002,2121,0,S_10
1777451277.7330298,2508,0,S_10
1777451277.7379682,2488,0,S_10
1777451277.7403038,1949,0,S_10
1777451277.7420108,1464,0,S_10
1777451277.748128,1810,0,S_10
1777451277.7482991,2332,0,S_10
1777451277.751091,2553,0,S_10
1777451277.753993,2316,0,S_10
1777451277.757039,1633,0,S_10
1777451277.763293,1484,0,S_10
1777451277.764087,2004,0,S_10
1777451277.767335,2486,0,S_10
1777451277.76914,2533,0,S_10
1777451277.773932,2010,0,S_10
1777451277.7755892,1462,0,S_10
1777451277.778145,1727,0,S_10
1777451277.7840362,2257,0,S_10
1777451277.7850182,2532,0,S_10
1777451277.78781,2360,0,S_10
1777451277.790957,1717,0,S_10
1777451277.794208,1503,0,S_10
1777451277.796139,2000,0,S_10
1777451277.798996,2433,0,S_10
1777451277.80198,2523,0,S_10
1777451277.8050072,2118,0,S_10
1777451277.8097181,1511,0,S_10
1777451277.811918,1668,0,S_10
1777451277.8155892,2231,0,S_10
1777451277.8201349,2528,0,S_10
1777451277.8203871,2408,0,S_10
1777451277.823191,1778,0,S_10
1777451277.8259819,1482,0,S_10
1777451277.830266,1914,0,S_10
1777451277.832526,2368,0,S_10
1777451277.836095,2557,0,S_10
1777451277.84047,2231,0,S_10
1777451277.842592,1422,0,S_10
1777451277.8439832,1549,0,S_10
1777451277.846996,2125,0,S_10
1777451277.8500018,2566,0,S_10
1777451277.856062,2494,0,S_10
1777451277.8567638,1807,0,S_10
1777451277.859458,1466,0,S_10
1777451277.8626719,1909,0,S_10
1777451277.865978,2363,0,S_10
1777451277.8679948,2462,0,S_10
1777451277.8709671,2227,0,S_10
1777451277.876099,1630,0,S_10
1777451277.877973,1507,0,S_10
1777451277.880073,1990,0,S_10
1777451277.885931,2397,0,S_10
1777451277.886095,2464,0,S_10
1777451277.888988,2098,0,S_10
1777451277.89198,1521,0,S_10
1777451277.894986,1803,0,S_10
1777451277.900705,2325,0,S_10
1777451277.9013171,2547,0,S_10
1777451277.9051058,2351,0,S_10
1777451277.9077098,1637,0,S_10
1777451277.911072,1487,0,S_10
1777451277.913114,1999,0,S_10
1777451277.915841,2465,0,S_10
1777451277.921226,2458,0,S_10
1777451277.9253461,1991,0,S_10
1777451277.92638,1442,0,S_10
1777451277.928589,1687,0,S_10
1777451277.931915,2229,0,S_10
1777451277.934027,2571,0,S_10
1777451277.936863,2293,0,S_10
1777451277.939865,1671,0,S_10
1777451277.9428322,1479,0,S_10
1777451277.946489,2002,0,S_10
1777451277.9492521,2458,0,S_10
1777451277.952021,2592,0,S_10
1777451277.9571142,2061,0,S_10
1777451277.9587579,1445,0,S_10
1777451277.961323,1794,0,S_10
1777451277.966997,2209,0,S_10
1777451277.9679732,2418,0,S_10
1777451277.970538,2387,0,S_10
1777451277.9739919,1854,0,S_10
1777451277.9772658,1368,0,S_10
1777451277.979319,1948,0,S_10
1777451277.981875,2500,0,S_10
1777451277.984822,2661,0,S_10
1777451277.9878132,1998,0,S_10
1777451277.993383,1419,0,S_10
1777451277.9952378,1891,0,S_10
1777451277.9973161,2314,0,S_10
1777451278.0000188,2423,0,S_10
1777451278.003343,2440,0,S_10
1777451278.006177,1840,0,S_10
1777451278.008821,1537,0,S_10
1777451278.011808,1960,0,S_10
1777451278.018105,2351,0,S_10
1777451278.0192351,2487,0,S_10
1777451278.0223901,2230,0,S_10
1777451278.0240982,1581,0,S_10
1777451278.029056,1514,0,S_10
1777451278.031209,2045,0,S_10
1777451278.032811,2244,0,S_10
1777451278.039754,2510,0,S_10
1777451278.0411892,2012,0,S_10
1777451278.0429199,1566,0,S_10
1777451278.0460072,1682,0,S_10
1777451278.049222,2357,0,S_10
1777451278.051293,2627,0,S_10
1777451278.053893,2318,0,S_10
1777451278.056788,1648,0,S_10
1777451278.0597918,1532,0,S_10
1777451278.064435,1969,0,S_10
1777451278.066635,2447,0,S_10
1777451278.069559,2649,0,S_10
1777451278.074772,2025,0,S_10
1777451278.074966,1537,0,S_10
1777451278.0778189,1717,0,S_10
1777451278.080787,1942,0,S_10
1777451278.085415,2823,0,S_10
1777451278.0873191,2585,0,S_10
1777451278.09041,1710,0,S_10
1777451278.0950458,1248,0,S_10
1777451278.097009,1878,0,S_10
1777451278.098785,2562,0,S_10
1777451278.101779,2446,0,S_10
1777451278.104778,2192,0,S_10
1777451278.1093838,1505,0,S_10
1777451278.11163,1577,0,S_10
1777451278.114489,2315,0,S_10
1777451278.1190772,2541,0,S_10
1777451278.1208692,2306,0,S_10
1777451278.123449,1805,0,S_10
1777451278.126015,1608,0,S_10
1777451278.128803,2007,0,S_10
1777451278.134628,2448,0,S_10
1777451278.136029,2378,0,S_10
1777451278.1383839,2276,0,S_10
1777451278.14396,1712,0,S_10
1777451278.144347,1558,0,S_10
1777451278.146938,1931,0,S_10
1777451278.14978,2537,0,S_10
1777451278.152797,2594,0,S_10
1777451278.158457,1874,0,S_10
1777451278.158873,1447,0,S_10
1777451278.162376,1810,0,S_10
1777451278.1682508,2223,0,S_10
1777451278.168434,2408,0,S_10
1777451278.171212,2217,0,S_10
1777451278.173776,1508,0,S_10
1777451278.176783,1819,0,S_10
1777451278.17977,2242,0,S_10
1777451278.185697,2492,0,S_10
1777451278.187131,2344,0,S_10
1777451278.189245,2063,0,S_10
1777451278.193591,1315,0,S_10
1777451278.195146,1882,0,S_10
1777451278.19778,2551,0,S_10
1777451278.2007868,2371,0,S_10
1777451278.20387,2128,0,S_10
1777451278.207968,1607,0,S_10
1777451278.210934,1446,0,S_10
1777451278.213969,2185,0,S_10
1777451278.217182,2463,0,S_10
1777451278.2191691,2522,0,S_10
1777451278.221785,2087,0,S_10
1777451278.2247849,1287,0,S_10
1777451278.2285209,1498,0,S_10
1777451278.231095,1984,0,S_10
1777451278.235125,2891,0,S_10
1777451278.237727,2327,0,S_10
1777451278.241033,1487,0,S_10
1777451278.2429419,1832,0,S_10
1777451278.2456582,2208,0,S_10
1777451278.2486641,2218,0,S_10
1777451278.255093,2692,0,S_10
1777451278.255775,2259,0,S_10
1777451278.258909,1541,0,S_10
1777451278.2615008,1491,0,S_10
1777451278.26467,1978,0,S_10
1777451278.2672598,2432,0,S_10
1777451278.26981,2556,0,S_10
1777451278.272656,2062,0,S_10
1777451278.279277,1447,0,S_10
1777451278.279655,1878,0,S_10
1777451278.2831008,2489,0,S_10
1777451278.2856278,2607,0,S_10
1777451278.288752,2095,0,S_10
1777451278.2906508,1522,0,S_10
1777451278.293636,1503,0,S_10
1777451278.296612,2223,0,S_10
1777451278.302612,2139,0,S_10
1777451278.303044,2225,0,S_10
1777451278.307059,2427,0,S_10
1777451278.3099031,1445,0,S_10
1777451278.313123,1976,0,S_10
1777451278.3150232,2501,0,S_10
1777451278.317626,2581,0,S_10
1777451278.3206038,2167,0,S_10
1777451278.323681,1605,0,S_10
1777451278.327447,1249,0,S_10
1777451278.330959,1748,0,S_10
1777451278.332652,2591,0,S_10
1777451278.3369322,2701,0,S_10
1777451278.338908,1999,0,S_10
1777451278.341612,1549,0,S_10
1777451278.34462,1553,0,S_10
1777451278.34761,2361,0,S_10
1777451278.351156,2929,0,S_10
1777451278.3547,2449,0,S_10
1777451278.3569002,1689,0,S_10
1777451278.3611572,1104,0,S_10
1777451278.3630579,1687,0,S_10
1777451278.3656251,2905,0,S_10
1777451278.368594,2630,0,S_10
1777451278.371627,1945,0,S_10
1777451278.3764522,1293,0,S_10
1777451278.378342,1686,0,S_10
1777451278.381491,2248,0,S_10
1777451278.3858602,2744,0,S_10
1777451278.387753,2353,0,S_10
1777451278.389527,792,0,S_10
1777451278.392586,1761,0,S_10
1777451278.395621,2470,0,S_10
1777451278.401705,2494,0,S_10
1777451278.4030862,2400,0,S_10
1777451278.4051251,2389,0,S_10
1777451278.410825,1515,0,S_10
1777451278.411016,1656,0,S_10
1777451278.4139872,2101,0,S_10
1777451278.416644,2531,0,S_10
1777451278.419584,2497,0,S_10
1777451278.4261289,1802,0,S_10
1777451278.426501,1427,0,S_10
1777451278.429885,1176,0,S_10
1777451278.432489,2672,0,S_10
1777451278.435682,2644,0,S_10
1777451278.437632,2332,0,S_10
1777451278.4405901,1937,0,S_10
1777451278.443577,1633,0,S_10
1777451278.446581,2076,0,S_10
1777451278.450976,2424,0,S_10
1777451278.45266,2254,0,S_10
1777451278.4561422,1796,0,S_10
1777451278.460489,1553,0,S_10
1777451278.462493,2021,0,S_10
1777451278.4650471,2185,0,S_10
1777451278.467604,2310,0,S_10
1777451278.470606,2311,0,S_10
1777451278.4751518,1540,0,S_10
1777451278.4771369,1554,0,S_10
1777451278.4805582,2037,0,S_10
1777451278.484803,2635,0,S_10
1777451278.4867609,2617,0,S_10
1777451278.4886,1901,0,S_10
1777451278.491613,1259,0,S_10
1777451278.494567,1758,0,S_10
1777451278.5000372,2375,0,S_10
1777451278.5008059,2597,0,S_10
1777451278.503752,2276,0,S_10
1777451278.509687,1560,0,S_10
1777451278.509946,1731,0,S_10
1777451278.512649,1974,0,S_10
1777451278.51557,2301,0,S_10
1777451278.5185652,2454,0,S_10
1777451278.524668,2059,0,S_10
1777451278.5247512,1454,0,S_10
1777451278.528007,1693,0,S_10
1777451278.530844,2277,0,S_10
1777451278.5340521,2495,0,S_10
1777451278.536795,2267,0,S_10
1777451278.539558,1727,0,S_10
1777451278.542538,1491,0,S_10
1777451278.548748,1990,0,S_10
1777451278.549153,2267,0,S_10
1777451278.553107,2415,0,S_10
1777451278.5545752,2367,0,S_10
1777451278.559287,1317,0,S_10
1777451278.561151,1707,0,S_10
1777451278.563713,2187,0,S_10
1777451278.566419,2636,0,S_10
1777451278.5694468,2376,0,S_10
1777451278.5743349,1860,0,S_10
1777451278.575955,1533,0,S_10
1777451278.578677,1813,0,S_10
1777451278.583466,2381,0,S_10
1777451278.585351,2470,0,S_10
1777451278.58791,2321,0,S_10
1777451278.590464,1532,0,S_10
1777451278.5934458,1485,0,S_10
1777451278.597891,2205,0,S_10
1777451278.599962,2522,0,S_10
1777451278.604581,2428,0,S_10
1777451278.607959,1720,0,S_10
1777451278.609591,1619,0,S_10
1777451278.611445,1932,0,S_10
1777451278.614419,2421,0,S_10
1777451278.61743,2487,0,S_10
1777451278.623554,2286,0,S_10
1777451278.625238,1697,0,S_10
1777451278.6269078,1626,0,S_10
1777451278.629905,2103,0,S_10
1777451278.6331651,2375,0,S_10
1777451278.635787,2347,0,S_10
1777451278.6384351,1555,0,S_10
1777451278.6414452,1475,0,S_10
1777451278.647636,1976,0,S_10
1777451278.6480541,2392,0,S_10
1777451278.651482,2594,0,S_10
1777451278.654072,2438,0,S_10
1777451278.657263,1576,0,S_10
1777451278.660052,1631,0,S_10
1777451278.662553,1980,0,S_10
1777451278.665437,2539,0,S_10
1777451278.671366,2450,0,S_10
1777451278.6720839,2008,0,S_10
1777451278.674901,1380,0,S_10
1777451278.67806,1667,0,S_10
1777451278.6811972,2307,0,S_10
1777451278.683806,2653,0,S_10
1777451278.6864011,2424,0,S_10
1777451278.689385,1797,0,S_10
1777451278.695206,1412,0,S_10
1777451278.695905,1889,0,S_10
1777451278.699064,2310,0,S_10
1777451278.705096,2567,0,S_10
1777451278.7051961,1970,0,S_10
1777451278.707856,1569,0,S_10
1777451278.710423,1855,0,S_10
1777451278.71342,2355,0,S_10
1777451278.719033,2563,0,S_10
1777451278.719451,2370,0,S_10
1777451278.722666,1836,0,S_10
1777451278.728496,1541,0,S_10
1777451278.7286851,1917,0,S_10
1777451278.7314188,2402,0,S_10
1777451278.734378,2436,0,S_10
1777451278.737416,2067,0,S_10
1777451278.742136,1371,0,S_10
1777451278.74442,1694,0,S_10
1777451278.747366,2229,0,S_10
1777451278.751935,2517,0,S_10
1777451278.753881,2660,0,S_10
1777451278.75541,2003,0,S_10
1777451278.758427,1564,0,S_10
1777451278.7614038,1853,0,S_10
1777451278.766293,2271,0,S_10
1777451278.7685041,2448,0,S_10
1777451278.770578,2204,0,S_10
1777451278.776333,1536,0,S_10
1777451278.776452,1300,0,S_10
1777451278.7793999,1955,0,S_10
1777451278.782368,2536,0,S_10
1777451278.785373,2574,0,S_10
1777451278.790146,2126,0,S_10
1777451278.792282,1634,0,S_10
1777451278.795559,1802,0,S_10
1777451278.7998972,2303,0,S_10
1777451278.801482,2530,0,S_10
1777451278.804041,2320,0,S_10
1777451278.806588,1640,0,S_10
1777451278.8093839,1432,0,S_10
1777451278.8140218,1854,0,S_10
1777451278.815978,2542,0,S_10
1777451278.8207848,2511,0,S_10
1777451278.8244941,2099,0,S_10
1777451278.826504,1297,0,S_10
1777451278.827935,1881,0,S_10
1777451278.830566,2385,0,S_10
1777451278.833384,2409,0,S_10
1777451278.84223,2291,0,S_10
1777451278.8423848,1768,0,S_10
1777451278.842485,1431,0,S_10
1777451278.8478441,1851,0,S_10
1777451278.8516889,2363,0,S_10
1777451278.852075,2704,0,S_10
1777451278.8553941,2253,0,S_10
1777451278.8581681,1544,0,S_10
1777451278.862572,1586,0,S_10
1777451278.865296,1882,0,S_10
1777451278.86756,2598,0,S_10
1777451278.8739998,2638,0,S_10
1777451278.874422,1857,0,S_10
1777451278.876584,1458,0,S_10
1777451278.878243,1850,0,S_10
1777451278.88123,2236,0,S_10
1777451278.8842292,2595,0,S_10
1777451278.892067,2191,0,S_10
1777451278.892176,1544,0,S_10
1777451278.893843,1488,0,S_10
1777451278.896919,2259,0,S_10
1777451278.899682,2561,0,S_10
1777451278.903968,2409,0,S_10
1777451278.906369,1771,0,S_10
1777451278.9082382,1768,0,S_10
1777451278.915403,1938,0,S_10
1777451278.917593,2344,0,S_10
1777451278.919106,2513,0,S_10
1777451278.923638,2289,0,S_10
1777451278.9238489,1584,0,S_10
1777451278.930215,1345,0,S_10
1777451278.930324,2017,0,S_10
1777451278.932208,2530,0,S_10
1777451278.9352162,2448,0,S_10
1777451278.938205,2021,0,S_10
1777451278.947658,1550,0,S_10
1777451278.947833,1914,0,S_10
1777451278.949611,2359,0,S_10
1777451278.950515,2561,0,S_10
1777451278.957726,2286,0,S_10
1777451278.95783,1763,0,S_10
1777451278.960129,1517,0,S_10
1777451278.9627829,1988,0,S_10
1777451278.969771,2390,0,S_10
1777451278.971665,2439,0,S_10
1777451278.971922,2033,0,S_10
1777451278.974983,1511,0,S_10
1777451278.977479,1658,0,S_10
1777451278.981365,1989,0,S_10
1777451278.983639,2660,0,S_10
1777451278.9863229,2479,0,S_10
1777451278.989208,1791,0,S_10
1777451278.992222,1522,0,S_10
1777451278.9990022,1954,0,S_10
1777451278.999886,2386,0,S_10
1777451279.005273,2557,0,S_10
1777451279.005781,2156,0,S_10
1777451279.0113869,1538,0,S_10
1777451279.011765,1731,0,S_10
1777451279.014048,2109,0,S_10
1777451279.0167239,2349,0,S_10
1777451279.022646,2368,0,S_10
1777451279.023499,2077,0,S_10
1777451279.025616,1510,0,S_10
1777451279.029322,1877,0,S_10
1777451279.0351412,2421,0,S_10
1777451279.035446,2581,0,S_10
1777451279.037845,2207,0,S_10
1777451279.040561,1569,0,S_10
1777451279.043204,1579,0,S_10
1777451279.046195,1980,0,S_10
1777451279.0536058,2350,0,S_10
1777451279.0545259,2526,0,S_10
1777451279.058047,1995,0,S_10
1777451279.0585442,1553,0,S_10
1777451279.062083,1816,0,S_10
1777451279.066226,2332,0,S_10
1777451279.06864,2552,0,S_10
1777451279.070199,2315,0,S_10
1777451279.073319,1580,0,S_10
1777451279.0784729,1482,0,S_10
1777451279.081098,2065,0,S_10
1777451279.0828931,2460,0,S_10
1777451279.087005,2451,0,S_10
1777451279.091412,1975,0,S_10
1777451279.0916638,1395,0,S_10
1777451279.094269,1854,0,S_10
1777451279.097186,2313,0,S_10
1777451279.100192,2494,0,S_10
1777451279.1031911,2354,0,S_10
1777451279.111386,1735,0,S_10
1777451279.113808,1528,0,S_10
1777451279.114154,1977,0,S_10
1777451279.116389,2432,0,S_10
1777451279.118904,2489,0,S_10
1777451279.124966,2147,0,S_10
1777451279.1253161,1510,0,S_10
1777451279.127983,1669,0,S_10
1777451279.1306539,2179,0,S_10
1777451279.138056,2443,0,S_10
1777451279.139534,2356,0,S_10
1777451279.1414342,1709,0,S_10
1777451279.144068,1469,0,S_10
1777451279.151982,1960,0,S_10
1777451279.152134,2390,0,S_10
1777451279.152301,2479,0,S_10
1777451279.155194,2092,0,S_10
1777451279.1578932,1526,0,S_10
1777451279.160488,1611,0,S_10
1777451279.1631098,2126,0,S_10
1777451279.166094,2469,0,S_10
1777451279.172339,2384,0,S_10
1777451279.173478,1824,0,S_10
1777451279.1766772,1474,0,S_10
1777451279.179277,1877,0,S_10
1777451279.182122,2364,0,S_10
1777451279.186485,2522,0,S_10
1777451279.187136,2218,0,S_10
1777451279.190806,1625,0,S_10
1777451279.1932402,1564,0,S_10
1777451279.2008672,2081,0,S_10
1777451279.201837,2447,0,S_10
1777451279.20335,2452,0,S_10
1777451279.205705,1927,0,S_10
1777451279.21024,1574,0,S_10
1777451279.214753,1852,0,S_10
1777451279.215282,2360,0,S_10
1777451279.217603,2625,0,S_10
1777451279.220246,2276,0,S_10
1777451279.223047,1646,0,S_10
1777451279.2260401,1559,0,S_10
1777451279.2290502,2065,0,S_10
1777451279.234016,2447,0,S_10
1777451279.237349,2433,0,S_10
1777451279.239868,2013,0,S_10
1777451279.242032,1535,0,S_10
1777451279.248366,1804,0,S_10
1777451279.2485309,2273,0,S_10
1777451279.2511702,2565,0,S_10
1777451279.2530408,2360,0,S_10
1777451279.256046,1665,0,S_10
1777451279.2621849,1538,0,S_10
1777451279.264212,1989,0,S_10
1777451279.267172,2361,0,S_10
1777451279.269224,2424,0,S_10
1777451279.275028,2099,0,S_10
1777451279.275248,1547,0,S_10
1777451279.2777028,1648,0,S_10
1777451279.280284,2212,0,S_10
1777451279.283031,2510,0,S_10
1777451279.286036,2418,0,S_10
1777451279.289106,1787,0,S_10
1777451279.2951949,1521,0,S_10
1777451279.297211,1900,0,S_10
1777451279.299558,2381,0,S_10
1777451279.301774,2459,0,S_10
1777451279.307712,2162,0,S_10
1777451279.307934,1639,0,S_10
1777451279.3103528,1626,0,S_10
1777451279.313003,2238,0,S_10
1777451279.320843,2531,0,S_10
1777451279.321831,2379,0,S_10
1777451279.3234508,1853,0,S_10
1777451279.3264608,1455,0,S_10
1777451279.328188,1885,0,S_10
1777451279.334812,2397,0,S_10
1777451279.335107,2532,0,S_10
1777451279.337711,2224,0,S_10
1777451279.340498,1577,0,S_10
1777451279.34337,1586,0,S_10
1777451279.3460212,2176,0,S_10
1777451279.3489852,2523,0,S_10
1777451279.3539488,2499,0,S_10
1777451279.356978,1884,0,S_10
1777451279.3591511,1423,0,S_10
1777451279.361984,1788,0,S_10
1777451279.368086,2324,0,S_10
1777451279.368386,2545,0,S_10
1777451279.370485,2280,0,S_10
1777451279.373056,1683,0,S_10
1777451279.3806028,1548,0,S_10
1777451279.3806841,2033,0,S_10
1777451279.3834722,2528,0,S_10
1777451279.386049,2460,0,S_10
1777451279.389386,2004,0,S_10
1777451279.393722,1466,0,S_10
1777451279.394048,1760,0,S_10
1777451279.397242,2311,0,S_10
1777451279.400018,2574,0,S_10
1777451279.403003,2361,0,S_10
1777451279.405977,1686,0,S_10
1777451279.411649,1472,0,S_10
1777451279.4120781,2010,0,S_10
1777451279.41618,2465,0,S_10
1777451279.419213,2519,0,S_10
1777451279.425108,2076,0,S_10
1777451279.425493,1481,0,S_10
1777451279.427475,1672,0,S_10
1777451279.4300532,2222,0,S_10
1777451279.4367201,2579,0,S_10
1777451279.437896,2401,0,S_10
1777451279.440168,1742,0,S_10
1777451279.4438,1481,0,S_10
1777451279.4508212,1948,0,S_10
1777451279.451046,2432,0,S_10
1777451279.451126,2533,0,S_10
1777451279.4542878,2164,0,S_10
1777451279.456963,1551,0,S_10
1777451279.459876,1624,0,S_10
1777451279.462864,2211,0,S_10
1777451279.470057,2527,0,S_10
1777451279.471148,2414,0,S_10
1777451279.4727418,1818,0,S_10
1777451279.476346,1466,0,S_10
1777451279.484052,1926,0,S_10
1777451279.4843059,2379,0,S_10
1777451279.484501,2576,0,S_10
1777451279.487112,2240,0,S_10
1777451279.489952,1570,0,S_10
1777451279.496191,1546,0,S_10
1777451279.496966,2135,0,S_10
1777451279.499069,2544,0,S_10
1777451279.5027132,2458,0,S_10
1777451279.5050619,1894,0,S_10
1777451279.509221,1470,0,S_10
1777451279.511743,1827,0,S_10
1777451279.5143082,2349,0,S_10
1777451279.516873,2559,0,S_10
1777451279.519868,2263,0,S_10
1777451279.526644,1636,0,S_10
1777451279.527175,1572,0,S_10
1777451279.5297558,2063,0,S_10
1777451279.532148,2464,0,S_10
1777451279.535478,2500,0,S_10
1777451279.539691,1987,0,S_10
1777451279.54209,1480,0,S_10
1777451279.543859,1748,0,S_10
1777451279.546828,2289,0,S_10
1777451279.551218,2558,0,S_10
1777451279.554032,2331,0,S_10
1777451279.556554,1679,0,S_10
1777451279.559942,1514,0,S_10
1777451279.5662441,2033,0,S_10
1777451279.5664032,2424,0,S_10
1777451279.5678499,2505,0,S_10
1777451279.570857,2045,0,S_10
1777451279.5738502,1463,0,S_10
1777451279.580687,1697,0,S_10
1777451279.581158,2222,0,S_10
1777451279.5836391,2555,0,S_10
1777451279.58725,2407,0,S_10
1777451279.589098,1742,0,S_10
1777451279.5928152,1439,0,S_10
1777451279.595068,1936,0,S_10
1777451279.597858,2445,0,S_10
1777451279.6036758,2560,0,S_10
1777451279.604438,2133,0,S_10
1777451279.608524,1521,0,S_10
1777451279.611593,1608,0,S_10
1777451279.6153789,2160,0,S_10
1777451279.6172009,2539,0,S_10
1777451279.6188412,2443,0,S_10
1777451279.621841,1798,0,S_10
1777451279.624834,1455,0,S_10
1777451279.631753,1880,0,S_10
1777451279.6322079,2382,0,S_10
1777451279.6345558,2540,0,S_10
1777451279.638039,2201,0,S_10
1777451279.643407,1568,0,S_10
1777451279.643657,1519,0,S_10
1777451279.6460211,2121,0,S_10
1777451279.6488361,2554,0,S_10
1777451279.65453,2485,0,S_10
1777451279.655016,1926,0,S_10
1777451279.659073,1468,0,S_10
1777451279.661122,1817,0,S_10
1777451279.6663098,2342,0,S_10
1777451279.668237,2580,0,S_10
1777451279.669834,2313,0,S_10
1777451279.6728058,1671,0,S_10
1777451279.675804,1494,0,S_10
1777451279.678903,2029,0,S_10
1777451279.682878,2483,0,S_10
1777451279.686934,2488,0,S_10
1777451279.688705,1997,0,S_10
1777451279.694464,1497,0,S_10
1777451279.69471,1807,0,S_10
1777451279.696991,2324,0,S_10
1777451279.699818,2541,0,S_10
1777451279.7053812,2345,0,S_10
1777451279.705822,1709,0,S_10
1777451279.709634,1510,0,S_10
1777451279.7133088,2041,0,S_10
1777451279.7170932,2464,0,S_10
1777451279.719313,2520,0,S_10
1777451279.720837,2065,0,S_10
1777451279.723795,1535,0,S_10
1777451279.726788,1682,0,S_10
1777451279.734039,2213,0,S_10
1777451279.7352672,2536,0,S_10
1777451279.737199,2398,0,S_10
1777451279.7390459,1730,0,S_10
1777451279.743937,1457,0,S_10
1777451279.745613,1944,0,S_10
1777451279.7481668,2388,0,S_10
1777451279.75422,2475,0,S_10
1777451279.7552152,2171,0,S_10
1777451279.756727,1587,0,S_10
1777451279.7599108,1637,0,S_10
1777451279.765001,2183,0,S_10
1777451279.767175,2516,0,S_10
1777451279.768667,2417,0,S_10
1777451279.7716858,1852,0,S_10
1777451279.77465,1484,0,S_10
1777451279.780546,1868,0,S_10
1777451279.7809489,2306,0,S_10
1777451279.7842119,2519,0,S_10
1777451279.78758,2252,0,S_10
1777451279.7910872,1535,0,S_10
1777451279.793257,1595,0,S_10
1777451279.795809,2170,0,S_10
1777451279.801176,2551,0,S_10
1777451279.8022358,2440,0,S_10
1777451279.804883,1875,0,S_10
1777451279.811589,1499,0,S_10
1777451279.811787,1830,0,S_10
1777451279.81389,2322,0,S_10
1777451279.8166761,2514,0,S_10
1777451279.819648,2308,0,S_10
1777451279.822678,1630,0,S_10
1777451279.827623,1497,0,S_10
1777451279.829925,2076,0,S_10
1777451279.831777,2514,0,S_10
1777451279.834913,2487,0,S_10
1777451279.83854,1993,0,S_10
1777451279.8406882,1401,0,S_10
1777451279.843669,1710,0,S_10
1777451279.8487968,2292,0,S_10
1777451279.850982,2569,0,S_10
1777451279.853214,2249,0,S_10
1777451279.856158,1662,0,S_10
1777451279.8596349,1625,0,S_10
1777451279.861696,2073,0,S_10
1777451279.864656,2476,0,S_10
1777451279.8676212,2502,0,S_10
1777451279.8706481,2077,0,S_10
1777451279.876099,1512,0,S_10
1777451279.877683,1688,0,S_10
1777451279.8802571,2233,0,S_10
1777451279.882973,2545,0,S_10
1777451279.8864799,2371,0,S_10
1777451279.888656,1737,0,S_10
1777451279.8916411,1491,0,S_10
1777451279.896448,1938,0,S_10
1777451279.8981109,2433,0,S_10
1777451279.901344,2548,0,S_10
1777451279.9060822,2125,0,S_10
1777451279.907837,1508,0,S_10
1777451279.909617,1595,0,S_10
1777451279.9126542,2152,0,S_10
1777451279.915612,2523,0,S_10
1777451279.920486,2436,0,S_10
1777451279.922722,1823,0,S_10
1777451279.924795,1461,0,S_10
1777451279.930864,1843,0,S_10
1777451279.931086,2380,0,S_10
1777451279.933865,2571,0,S_10
1777451279.936616,2236,0,S_10
1777451279.939651,1576,0,S_10
1777451279.9460201,1571,0,S_10
1777451279.946113,2152,0,S_10
1777451279.949814,2549,0,S_10
1777451279.9516559,2483,0,S_10
1777451279.956225,1910,0,S_10
1777451279.9582322,1431,0,S_10
1777451279.960889,1808,0,S_10
1777451279.965934,2373,0,S_10
1777451279.96813,2558,0,S_10
1777451279.9698849,2234,0,S_10
1777451279.9728918,1591,0,S_10
1777451279.976288,1537,0,S_10
1777451279.978614,2106,0,S_10
1777451279.981653,2502,0,S_10
1777451279.984598,2512,0,S_10
1777451279.991078,1973,0,S_10
1777451279.9915142,1453,0,S_10
1777451279.9949582,1771,0,S_10
1777451279.9966762,2321,0,S_10
1777451280.001621,2547,0,S_10
1777451280.003647,2375,0,S_10
1777451280.0062022,1743,0,S_10
1777451280.011016,1533,0,S_10
1777451280.01177,1986,0,S_10
1777451280.014864,2477,0,S_10
1777451280.018086,2526,0,S_10
1777451280.0213912,2026,0,S_10
1777451280.023606,1541,0,S_10
1777451280.026601,1684,0,S_10
1777451280.031544,2205,0,S_10
1777451280.036221,2559,0,S_10
1777451280.03632,2460,0,S_10
1777451280.039965,1773,0,S_10
1777451280.0417962,1447,0,S_10
1777451280.046276,1882,0,S_10
1777451280.048289,2399,0,S_10
1777451280.0508459,2610,0,S_10
1777451280.053647,2170,0,S_10
1777451280.056596,1503,0,S_10
1777451280.061311,1442,0,S_10
1777451280.06305,2202,0,S_10
1777451280.066232,2659,0,S_10
1777451280.070962,2416,0,S_10
1777451280.072969,1796,0,S_10
1777451280.0746188,1525,0,S_10
1777451280.077586,1890,0,S_10
1777451280.081182,2279,0,S_10
1777451280.0855649,2536,0,S_10
1777451280.087903,2058,0,S_10
1777451280.089847,1834,0,S_10
1777451280.0956988,1693,0,S_10
1777451280.09583,2119,0,S_10
1777451280.09871,2450,0,S_10
1777451280.101579,2547,0,S_10
1777451280.104576,1870,0,S_10
1777451280.110068,1443,0,S_10
1777451280.11108,1872,0,S_10
1777451280.114075,2293,0,S_10
1777451280.117046,2392,0,S_10
1777451280.1203961,2243,0,S_10
1777451280.123015,1634,0,S_10
1777451280.1256151,1307,0,S_10
1777451280.128578,1793,0,S_10
1777451280.134849,2816,0,S_10
1777451280.135573,2700,0,S_10
1777451280.138752,1894,0,S_10
1777451280.141716,1566,0,S_10
1777451280.14492,1778,0,S_10
1777451280.146989,2288,0,S_10
1777451280.149552,2515,0,S_10
1777451280.152451,2328,0,S_10
1777451280.155477,1463,0,S_10
1777451280.159771,1176,0,S_10
1777451280.1616588,2292,0,S_10
1777451280.165026,2275,0,S_10
1777451280.1697621,2196,0,S_10
1777451280.1717691,1792,0,S_10
1777451280.1734772,2013,0,S_10
1777451280.1764789,1775,0,S_10
1777451280.1794639,2338,0,S_10
1777451280.184653,2955,0,S_10
1777451280.186829,2308,0,S_10
1777451280.1890078,1784,0,S_10
1777451280.194876,1552,0,S_10
1777451280.194925,1991,0,S_10
1777451280.1979048,2364,0,S_10
1777451280.200463,2439,0,S_10
1777451280.203466,2235,0,S_10
1777451280.2094452,1532,0,S_10
1777451280.209822,1484,0,S_10
1777451280.213011,1928,0,S_10
1777451280.215504,2645,0,S_10
1777451280.218623,2486,0,S_10
1777451280.223518,1729,0,S_10
1777451280.225045,976,0,S_10
1777451280.2276149,1806,0,S_10
1777451280.2304819,2909,0,S_10
1777451280.2350059,2615,0,S_10
1777451280.2373278,2077,0,S_10
1777451280.240532,1561,0,S_10
1777451280.2453592,1602,0,S_10
1777451280.245473,2265,0,S_10
1777451280.248429,2666,0,S_10
1777451280.2547991,2431,0,S_10
1777451280.256317,1849,0,S_10
1777451280.258686,1313,0,S_10
1777451280.260824,1779,0,S_10
1777451280.2656488,2535,0,S_10
1777451280.267502,2540,0,S_10
1777451280.269446,2232,0,S_10
1777451280.272449,1778,0,S_10
1777451280.275604,1461,0,S_10
1777451280.280931,1768,0,S_10
1777451280.281993,2717,0,S_10
1777451280.2848032,2743,0,S_10
1777451280.2877,2007,0,S_10
1777451280.2911732,1439,0,S_10
1777451280.293417,1656,0,S_10
1777451280.296403,2458,0,S_10
1777451280.303461,2708,0,S_10
1777451280.311689,2145,0,S_10
1777451280.3120608,1734,0,S_10
1777451280.312354,1489,0,S_10
1777451280.31439,1995,0,S_10
1777451280.314517,2331,0,S_10
1777451280.317419,2536,0,S_10
1777451280.320401,2102,0,S_10
1777451280.3234692,1582,0,S_10
1777451280.327348,1703,0,S_10
1777451280.331075,2114,0,S_10
1777451280.332625,2505,0,S_10
1777451280.337654,2362,0,S_10
1777451280.339756,1406,0,S_10
1777451280.341416,1364,0,S_10
1777451280.3443918,2192,0,S_10
1777451280.347415,2359,0,S_10
1777451280.3521888,2692,0,S_10
1777451280.354514,2518,0,S_10
1777451280.3565838,1691,0,S_10
1777451280.3623738,1701,0,S_10
1777451280.36264,1974,0,S_10
1777451280.3654249,2522,0,S_10
1777451280.368441,2622,0,S_10
1777451280.371388,1541,0,S_10
1777451280.377557,1266,0,S_10
1777451280.377953,2054,0,S_10
1777451280.381593,2440,0,S_10
1777451280.384649,2643,0,S_10
1777451280.388062,2027,0,S_10
1777451280.389624,1869,0,S_10
1777451280.392437,1617,0,S_10
1777451280.39539,2078,0,S_10
1777451280.398407,2548,0,S_10
1777451280.402081,2538,0,S_10
1777451280.406537,1820,0,S_10
1777451280.409516,1370,0,S_10
1777451280.415143,1695,0,S_10
1777451280.4151711,2418,0,S_10
1777451280.416501,2541,0,S_10
1777451280.419412,2076,0,S_10
1777451280.4258041,1784,0,S_10
1777451280.426295,1496,0,S_10
1777451280.4306471,1915,0,S_10
1777451280.433482,2669,0,S_10
1777451280.441129,2482,0,S_10
1777451280.441195,1966,0,S_10
1777451280.441324,1604,0,S_10
1777451280.443559,1796,0,S_10
1777451280.446379,2245,0,S_10
1777451280.4494221,2558,0,S_10
1777451280.455793,2265,0,S_10
1777451280.4558442,1638,0,S_10
1777451280.459433,1202,0,S_10
1777451280.46221,1980,0,S_10
1777451280.465533,2734,0,S_10
1777451280.467625,2583,0,S_10
1777451280.470412,1994,0,S_10
1777451280.4750268,1528,0,S_10
1777451280.47738,1776,0,S_10
1777451280.4802492,2286,0,S_10
1777451280.487488,2488,0,S_10
1777451280.4875572,2281,0,S_10
1777451280.488852,1667,0,S_10
1777451280.491446,1480,0,S_10
1777451280.49437,2021,0,S_10
1777451280.501117,2546,0,S_10
1777451280.5018618,2455,0,S_10
1777451280.504461,2215,0,S_10
1777451280.506625,1520,0,S_10
1777451280.511179,1363,0,S_10
1777451280.513189,2414,0,S_10
1777451280.5157492,2626,0,S_10
1777451280.520849,2436,0,S_10
1777451280.521555,1826,0,S_10
1777451280.52453,1474,0,S_10
1777451280.530724,1901,0,S_10
1777451280.530862,2319,0,S_10
1777451280.5337012,2590,0,S_10
1777451280.536253,2214,0,S_10
1777451280.5392709,1620,0,S_10
1777451280.54644,1561,0,S_10
1777451280.546837,2098,0,S_10
1777451280.5485718,2492,0,S_10
1777451280.551276,2361,0,S_10
1777451280.556145,1985,0,S_10
1777451280.558007,1510,0,S_10
1777451280.560622,1845,0,S_10
1777451280.563261,2383,0,S_10
1777451280.566258,2343,0,S_10
1777451280.570862,2331,0,S_10
1777451280.572781,1562,0,S_10
1777451280.5761569,1447,0,S_10
1777451280.58036,2203,0,S_10
1777451280.582371,2511,0,S_10
1777451280.584228,2664,0,S_10
1777451280.587232,2088,0,S_10
1777451280.590268,1453,0,S_10
1777451280.594207,1757,0,S_10
1777451280.5963671,2364,0,S_10
1777451280.59936,2540,0,S_10
1777451280.603891,2240,0,S_10
1777451280.605886,1741,0,S_10
1777451280.608296,1630,0,S_10
1777451280.611221,1929,0,S_10
1777451280.614302,2372,0,S_10
1777451280.6191292,2459,0,S_10
1777451280.6211789,2183,0,S_10
1777451280.6239092,1543,0,S_10
1777451280.628952,1640,0,S_10
1777451280.6292338,2312,0,S_10
1777451280.63224,2365,0,S_10
1777451280.6352158,2350,0,S_10
1777451280.638241,1924,0,S_10
1777451280.64347,1516,0,S_10
1777451280.64581,1897,0,S_10
1777451280.647796,2453,0,S_10
1777451280.6534982,2408,0,S_10
1777451280.6535811,2302,0,S_10
1777451280.656406,1659,0,S_10
1777451280.659211,1694,0,S_10
1777451280.662255,2091,0,S_10
1777451280.667669,2437,0,S_10
1777451280.6687202,2350,0,S_10
1777451280.6714182,1802,0,S_10
1777451280.677335,1562,0,S_10
1777451280.677454,1616,0,S_10
1777451280.6802409,2331,0,S_10
1777451280.6832068,2657,0,S_10
1777451280.686243,2212,0,S_10
1777451280.691217,1700,0,S_10
1777451280.693676,1654,0,S_10
1777451280.695311,2164,0,S_10
1777451280.701507,2601,0,S_10
1777451280.701688,2351,0,S_10
1777451280.704619,1671,0,S_10
1777451280.707241,1685,0,S_10
1777451280.7102442,1916,0,S_10
1777451280.7132459,2272,0,S_10
1777451280.7170188,2478,0,S_10
1777451280.7192519,2385,0,S_10
1777451280.72369,1699,0,S_10
1777451280.7268312,1585,0,S_10
1777451280.728731,2121,0,S_10
1777451280.731292,2351,0,S_10
1777451280.7341938,2439,0,S_10
1777451280.737212,2003,0,S_10
1777451280.740724,1458,0,S_10
1777451280.7440681,1468,0,S_10
1777451280.747524,2190,0,S_10
1777451280.750832,2640,0,S_10
1777451280.752775,2400,0,S_10
1777451280.755295,1602,0,S_10
1777451280.758192,1655,0,S_10
1777451280.761184,1824,0,S_10
1777451280.764679,2690,0,S_10
1777451280.768033,2582,0,S_10
1777451280.7715461,2200,0,S_10
1777451280.774859,1495,0,S_10
1777451280.7766972,1772,0,S_10
1777451280.7792509,2203,0,S_10
1777451280.782223,2501,0,S_10
1777451280.7882528,2269,0,S_10
1777451280.788979,1556,0,S_10
1777451280.7925062,1502,0,S_10
1777451280.7942138,1976,0,S_10
1777451280.7985952,2388,0,S_10
1777451280.800535,2211,0,S_10
1777451280.803227,2360,0,S_10
1777451280.806209,1724,0,S_10
1777451280.812882,1566,0,S_10
1777451280.813287,2114,0,S_10
1777451280.8160808,2646,0,S_10
1777451280.819427,2405,0,S_10
1777451280.822614,1814,0,S_10
1777451280.824575,1462,0,S_10
1777451280.827133,1891,0,S_10
1777451280.830086,2386,0,S_10
1777451280.836523,2471,0,S_10
1777451280.837167,2007,0,S_10
1777451280.840411,1602,0,S_10
1777451280.843275,1500,0,S_10
1777451280.846642,2161,0,S_10
1777451280.848466,2513,0,S_10
1777451280.851083,2388,0,S_10
1777451280.854076,1929,0,S_10
1777451280.860436,1582,0,S_10
1777451280.861195,1954,0,S_10
1777451280.864119,2354,0,S_10
1777451280.8673248,2507,0,S_10
1777451280.8722692,2255,0,S_10
1777451280.8724322,1627,0,S_10
1777451280.875048,1465,0,S_10
1777451280.878073,2055,0,S_10
1777451280.8845901,2476,0,S_10
1777451280.885283,2408,0,S_10
1777451280.888545,2050,0,S_10
1777451280.8902552,1440,0,S_10
1777451280.894531,1720,0,S_10
1777451280.896498,2288,0,S_10
1777451280.899088,2584,0,S_10
1777451280.902077,2384,0,S_10
1777451280.905039,1568,0,S_10
1777451280.9088042,1477,0,S_10
1777451280.912437,1964,0,S_10
1777451280.914175,2597,0,S_10
1777451280.918426,2524,0,S_10
1777451280.920382,2176,0,S_10
1777451280.923035,1579,0,S_10
1777451280.9260328,1711,0,S_10
1777451280.9329169,2232,0,S_10
1777451280.93332,2613,0,S_10
1777451280.936337,2411,0,S_10
1777451280.938068,1718,0,S_10
1777451280.9424021,1451,0,S_10
1777451280.9444458,1942,0,S_10
1777451280.947049,2390,0,S_10
1777451280.950051,2537,0,S_10
1777451280.953064,2164,0,S_10
1777451280.957543,1519,0,S_10
1777451280.960049,1533,0,S_10
1777451280.963475,2137,0,S_10
1777451280.966628,2545,0,S_10
1777451280.968183,2503,0,S_10
1777451280.9710562,1724,0,S_10
1777451280.9740438,1382,0,S_10
1777451280.977021,1978,0,S_10
1777451280.980961,2434,0,S_10
1777451280.984025,2600,0,S_10
1777451280.987426,2163,0,S_10
1777451280.9906309,1601,0,S_10
1777451280.9922361,1585,0,S_10
1777451280.995053,1942,0,S_10
1777451280.998019,2598,0,S_10
1777451281.001021,2491,0,S_10
1777451281.005434,1918,0,S_10
1777451281.00815,1486,0,S_10
1777451281.010124,1848,0,S_10
1777451281.014452,2390,0,S_10
1777451281.016465,2553,0,S_10
1777451281.0190332,2269,0,S_10
1777451281.022073,1609,0,S_10
1777451281.028696,1484,0,S_10
1777451281.0288022,2028,0,S_10
1777451281.032387,2472,0,S_10
1777451281.0340679,2477,0,S_10
1777451281.03835,1993,0,S_10
1777451281.040276,1462,0,S_10
1777451281.0430331,1751,0,S_10
1777451281.046022,2264,0,S_10
1777451281.052043,2531,0,S_10
1777451281.052087,2337,0,S_10
1777451281.0562649,1722,0,S_10
1777451281.059073,1501,0,S_10
1777451281.062228,1976,0,S_10
1777451281.0642471,2441,0,S_10
1777451281.0670238,2520,0,S_10
1777451281.070003,2129,0,S_10
1777451281.0757408,1547,0,S_10
1777451281.076701,1684,0,S_10
1777451281.0800261,2224,0,S_10
1777451281.0829709,2555,0,S_10
1777451281.086091,2402,0,S_10
1777451281.088041,1759,0,S_10
1777451281.0910022,1468,0,S_10
1777451281.0940318,1991,0,S_10
1777451281.100447,2467,0,S_10
1777451281.100842,2554,0,S_10
1777451281.103712,2158,0,S_10
1777451281.106601,1573,0,S_10
1777451281.1098912,1673,0,S_10
1777451281.11292,2186,0,S_10
1777451281.115474,2563,0,S_10
1777451281.118114,2442,0,S_10
1777451281.123693,1810,0,S_10
1777451281.124396,1487,0,S_10
1777451281.12755,1876,0,S_10
1777451281.133426,2395,0,S_10
1777451281.133545,2515,0,S_10
1777451281.136362,2237,0,S_10
1777451281.139092,1619,0,S_10
1777451281.1420212,1554,0,S_10
1777451281.147469,2121,0,S_10
1777451281.148175,2481,0,S_10
1777451281.151598,2461,0,S_10
1777451281.154559,1843,0,S_10
1777451281.1576772,1438,0,S_10
1777451281.160474,1836,0,S_10
1777451281.1630201,2367,0,S_10
1777451281.166008,2541,0,S_10
1777451281.171455,2271,0,S_10
1777451281.172801,1644,0,S_10
1777451281.175114,1506,0,S_10
1777451281.1782742,2046,0,S_10
1777451281.1813738,2468,0,S_10
1777451281.184463,2523,0,S_10
1777451281.187048,2029,0,S_10
1777451281.189904,1499,0,S_10
1777451281.195188,1744,0,S_10
1777451281.1974342,2312,0,S_10
1777451281.199171,2599,0,S_10
1777451281.202129,2366,0,S_10
1777451281.205377,1724,0,S_10
1777451281.2082171,1440,0,S_10
1777451281.2108521,1928,0,S_10
1777451281.213847,2426,0,S_10
1777451281.2198641,2514,0,S_10
1777451281.219965,2103,0,S_10
1777451281.223422,1495,0,S_10
1777451281.2264051,1692,0,S_10
1777451281.229593,2244,0,S_10
1777451281.2323751,2561,0,S_10
1777451281.23493,2441,0,S_10
1777451281.2378502,1773,0,S_10
1777451281.244519,1523,0,S_10
1777451281.24487,1922,0,S_10
1777451281.247801,2432,0,S_10
1777451281.250856,2514,0,S_10
1777451281.254007,2174,0,S_10
1777451281.256083,1580,0,S_10
1777451281.2588758,1650,0,S_10
1777451281.2618392,2161,0,S_10
1777451281.26781,2538,0,S_10
1777451281.268849,2441,0,S_10
1777451281.271942,1844,0,S_10
1777451281.273891,1440,0,S_10
1777451281.2782521,1904,0,S_10
1777451281.280156,2396,0,S_10
1777451281.282861,2560,0,S_10
1777451281.2858398,2210,0,S_10
1777451281.288857,1587,0,S_10
1777451281.292712,1560,0,S_10
1777451281.294889,2072,0,S_10
1777451281.297982,2511,0,S_10
1777451281.30251,2526,0,S_10
1777451281.304093,1933,0,S_10
1777451281.306957,1467,0,S_10
1777451281.30982,1827,0,S_10
1777451281.312845,2334,0,S_10
1777451281.317888,2555,0,S_10
1777451281.319221,2258,0,S_10
1777451281.323661,1673,0,S_10
1777451281.3269498,1508,0,S_10
1777451281.328893,2078,0,S_10
1777451281.3314419,2493,0,S_10
1777451281.3339992,2484,0,S_10
1777451281.336844,2009,0,S_10
1777451281.3409002,1487,0,S_10
1777451281.343082,1802,0,S_10
1777451281.346003,2285,0,S_10
1777451281.350566,2546,0,S_10
1777451281.352426,2358,0,S_10
1777451281.354979,1638,0,S_10
1777451281.3578298,1458,0,S_10
1777451281.360903,2015,0,S_10
1777451281.364043,2446,0,S_10
1777451281.368869,2517,0,S_10
1777451281.370935,2108,0,S_10
1777451281.374327,1503,0,S_10
1777451281.376352,1656,0,S_10
1777451281.378942,2224,0,S_10
1777451281.381823,2560,0,S_10
1777451281.3848078,2388,0,S_10
1777451281.3889291,1730,0,S_10
1777451281.391069,1451,0,S_10
1777451281.394589,1949,0,S_10
1777451281.3989508,2434,0,S_10
1777451281.400491,2544,0,S_10
1777451281.4030452,2174,0,S_10
1777451281.405835,1520,0,S_10
1777451281.408829,1597,0,S_10
1777451281.4126022,2142,0,S_10
1777451281.4148831,2536,0,S_10
1777451281.418195,2452,0,S_10
1777451281.4224598,1794,0,S_10
1777451281.42448,1435,0,S_10
1777451281.4270248,1845,0,S_10
1777451281.429831,2384,0,S_10
1777451281.432857,2588,0,S_10
1777451281.436312,2235,0,S_10
1777451281.440647,1599,0,S_10
1777451281.443263,1539,0,S_10
1777451281.4464068,2103,0,S_10
1777451281.448361,2524,0,S_10
1777451281.450923,2505,0,S_10
1777451281.453841,1899,0,S_10
1777451281.456903,1417,0,S_10
1777451281.460663,1765,0,S_10
1777451281.46276,2329,0,S_10
1777451281.46722,2575,0,S_10
1777451281.4704661,2328,0,S_10
1777451281.472002,1602,0,S_10
1777451281.474835,1489,0,S_10
1777451281.4776802,2043,0,S_10
1777451281.4806771,2509,0,S_10
1777451281.4855978,2515,0,S_10
1777451281.4887428,2015,0,S_10
1777451281.490743,1491,0,S_10
1777451281.495733,1711,0,S_10
1777451281.4964218,2247,0,S_10
1777451281.49868,2556,0,S_10
1777451281.501673,2364,0,S_10
1777451281.506769,1701,0,S_10
1777451281.508671,1450,0,S_10
1777451281.511661,1982,0,S_10
1777451281.513877,2484,0,S_10
1777451281.5173151,2575,0,S_10
1777451281.520204,2074,0,S_10
1777451281.5230331,1482,0,S_10
1777451281.525656,1663,0,S_10
1777451281.533062,2247,0,S_10
1777451281.534962,2559,0,S_10
1777451281.5366669,2405,0,S_10
1777451281.540229,1747,0,S_10
1777451281.543566,1473,0,S_10
1777451281.543766,1919,0,S_10
1777451281.546688,2454,0,S_10
1777451281.553407,2592,0,S_10
1777451281.554968,2168,0,S_10
1777451281.559871,1537,0,S_10
1777451281.561716,1629,0,S_10
1777451281.56543,2189,0,S_10
1777451281.567625,2570,0,S_10
1777451281.567748,2515,0,S_10
1777451281.570665,1849,0,S_10
1777451281.5736508,1476,0,S_10
1777451281.5766861,1936,0,S_10
1777451281.583035,2434,0,S_10
1777451281.583134,2597,0,S_10
1777451281.5863428,2295,0,S_10
1777451281.591846,1621,0,S_10
1777451281.5920691,1555,0,S_10
1777451281.5951018,2098,0,S_10
1777451281.597846,2547,0,S_10
1777451281.603602,2476,0,S_10
1777451281.6060889,1978,0,S_10
1777451281.60766,1514,0,S_10
1777451281.609955,1836,0,S_10
1777451281.614584,2368,0,S_10
1777451281.616587,2617,0,S_10
1777451281.61921,2365,0,S_10
1777451281.621865,1648,0,S_10
1777451281.62465,1537,0,S_10
1777451281.629737,2085,0,S_10
1777451281.63204,2535,0,S_10
1777451281.634084,2534,0,S_10
1777451281.6373901,2029,0,S_10
1777451281.640788,1468,0,S_10
1777451281.6429272,1727,0,S_10
1777451281.64567,2337,0,S_10
1777451281.651048,2602,0,S_10
1777451281.651839,2403,0,S_10
1777451281.6550012,1705,0,S_10
1777451281.6611578,1478,0,S_10
1777451281.661288,1977,0,S_10
1777451281.664151,2461,0,S_10
1777451281.666739,2564,0,S_10
1777451281.6696389,2136,0,S_10
1777451281.676026,1523,0,S_10
1777451281.676457,1677,0,S_10
1777451281.6796422,2204,0,S_10
1777451281.681754,2554,0,S_10
1777451281.6865878,2408,0,S_10
1777451281.6882958,1760,0,S_10
1777451281.690859,1446,0,S_10
1777451281.693673,1902,0,S_10
1777451281.6966321,2405,0,S_10
1777451281.701132,2598,0,S_10
1777451281.703446,2218,0,S_10
1777451281.706775,1540,0,S_10
1777451281.711628,1599,0,S_10
1777451281.711841,2153,0,S_10
1777451281.714609,2571,0,S_10
1777451281.717497,2503,0,S_10
1777451281.720497,1803,0,S_10
1777451281.725912,1416,0,S_10
1777451281.728485,1817,0,S_10
1777451281.7300858,2371,0,S_10
1777451281.733449,2537,0,S_10
1777451281.736762,2235,0,S_10
1777451281.738859,1594,0,S_10
1777451281.741539,1542,0,S_10
1777451281.7444952,2106,0,S_10
1777451281.747613,2514,0,S_10
1777451281.751648,2490,0,S_10
1777451281.753657,1938,0,S_10
1777451281.756779,1414,0,S_10
1777451281.761526,1762,0,S_10
1777451281.763573,2413,0,S_10
1777451281.7661388,2577,0,S_10
1777451281.771542,2328,0,S_10
1777451281.772269,1640,0,S_10
1777451281.7755232,1490,0,S_10
1777451281.777705,1985,0,S_10
1777451281.7822669,2448,0,S_10
1777451281.783983,2535,0,S_10
1777451281.786538,2087,0,S_10
1777451281.789481,1477,0,S_10
1777451281.792537,1687,0,S_10
1777451281.797477,2251,0,S_10
1777451281.802366,2603,0,S_10
1777451281.803261,2424,0,S_10
1777451281.805346,1740,0,S_10
1777451281.8113658,1426,0,S_10
1777451281.811446,1949,0,S_10
1777451281.814076,2431,0,S_10
1777451281.8207731,2485,0,S_10
1777451281.824667,2063,0,S_10
1777451281.825619,1519,0,S_10
1777451281.826515,1675,0,S_10
1777451281.832628,2230,0,S_10
1777451281.833096,2575,0,S_10
1777451281.835294,2433,0,S_10
1777451281.837834,1783,0,S_10
1777451281.8404942,1465,0,S_10
1777451281.843502,1903,0,S_10
1777451281.852881,2359,0,S_10
1777451281.856241,2530,0,S_10
1777451281.857138,2201,0,S_10
1777451281.85918,1519,0,S_10
1777451281.8630269,1611,0,S_10
1777451281.863366,2172,0,S_10
1777451281.865574,2558,0,S_10
1777451281.86749,2462,0,S_10
1777451281.875044,1868,0,S_10
1777451281.876068,1429,0,S_10
1777451281.8778188,1827,0,S_10
1777451281.880654,2336,0,S_10
1777451281.883778,2491,0,S_10
1777451281.8878589,2198,0,S_10
1777451281.8899012,1584,0,S_10
1777451281.891701,1516,0,S_10
1777451281.894475,2069,0,S_10
1777451281.897472,2506,0,S_10
1777451281.9004889,2465,0,S_10
1777451281.906632,1892,0,S_10
1777451281.9090738,1427,0,S_10
1777451281.910987,1705,0,S_10
1777451281.915057,2283,0,S_10
1777451281.9193752,2556,0,S_10
1777451281.919915,2276,0,S_10
1777451281.922414,1562,0,S_10
1777451281.924896,1421,0,S_10
1777451281.9275541,1951,0,S_10
1777451281.930469,2514,0,S_10
1777451281.933463,2485,0,S_10
1777451281.940562,1949,0,S_10
1777451281.944078,1349,0,S_10
1777451281.946334,1644,0,S_10
1777451281.9472709,2227,0,S_10
1777451281.949326,2517,0,S_10
1777451281.954987,2288,0,S_10
1777451281.955311,1606,0,S_10
1777451281.957682,1403,0,S_10
1777451281.960752,1884,0,S_10
1777451281.967461,2410,0,S_10
1777451281.967615,2467,0,S_10
1777451281.969782,2096,0,S_10
1777451281.9739158,1433,0,S_10
1777451281.975577,1566,0,S_10
1777451281.97964,2121,0,S_10
1777451281.9819179,2494,0,S_10
1777451281.9846349,2401,0,S_10
1777451281.987348,1747,0,S_10
1777451281.9903302,1341,0,S_10
1777451281.994045,1811,0,S_10
1777451282.003511,2357,0,S_10
1777451282.0037498,2555,0,S_10
1777451282.003954,2163,0,S_10
1777451282.006919,1482,0,S_10
1777451282.0098848,1531,0,S_10
1777451282.013945,2125,0,S_10
1777451282.014406,2490,0,S_10
1777451282.01782,2404,0,S_10
1777451282.020469,1779,0,S_10
