timestamp,ch1,ch2,label
1778661632.018875,1999,0,3
1778661632.027624,1885,0,3
1778661632.027798,1986,0,3
1778661632.03686,2065,0,3
1778661632.0369222,2087,0,3
1778661632.036951,2037,0,3
1778661632.0369768,2059,0,3
1778661632.037002,2117,0,3
1778661632.037046,2066,0,3
1778661632.037075,1967,0,3
1778661632.037098,1939,0,3
1778661632.037121,2072,0,3
1778661632.037168,2112,0,3
1778661632.037202,2077,0,3
1778661632.037228,2019,0,3
1778661632.038603,2093,0,3
1778661632.040006,2107,0,3
1778661632.04259,1989,0,3
1778661632.0441852,1902,0,3
1778661632.047041,2021,0,3
1778661632.048469,2085,0,3
1778661632.0610812,2084,0,3
1778661632.06574,2028,0,3
1778661632.0662668,2084,0,3
1778661632.068405,2129,0,3
1778661632.068485,2026,0,3
1778661632.0685802,1969,0,3
1778661632.0686378,1998,0,3
1778661632.068692,2063,0,3
1778661632.068754,2096,0,3
1778661632.0691059,2072,0,3
1778661632.0706801,2067,0,3
1778661632.072225,2161,0,3
1778661632.075,2045,0,3
1778661632.076391,1945,0,3
1778661632.079117,1928,0,3
1778661632.085731,2057,0,3
1778661632.089153,2091,0,3
1778661632.09552,2068,0,3
1778661632.097018,2033,0,3
1778661632.097565,2110,0,3
1778661632.099704,2065,0,3
1778661632.099927,1980,0,3
1778661632.101008,1917,0,3
1778661632.101053,2055,0,3
1778661632.1010802,2081,0,3
1778661632.101238,2100,0,3
1778661632.1026409,2020,0,3
1778661632.10779,2082,0,3
1778661632.114238,2120,0,3
1778661632.118047,2077,0,3
1778661632.118428,1999,0,3
1778661632.1189408,1944,0,3
1778661632.121218,2021,0,3
1778661632.121304,2094,0,3
1778661632.121366,2061,0,3
1778661632.121418,2053,0,3
1778661632.122804,2113,0,3
1778661632.124185,2063,0,3
1778661632.126983,1971,0,3
1778661632.128501,1936,0,3
1778661632.1313689,2047,0,3
1778661632.139014,2104,0,3
1778661632.142723,2079,0,3
1778661632.144855,2051,0,3
1778661632.1461608,2116,0,3
1778661632.148361,2095,0,3
1778661632.148557,1991,0,3
1778661632.148643,1904,0,3
1778661632.1486871,2044,0,3
1778661632.1487129,2095,0,3
1778661632.150291,2092,0,3
1778661632.153076,2059,0,3
1778661632.162146,2096,0,3
1778661632.16357,2127,0,3
1778661632.1643898,2023,0,3
1778661632.168038,1964,0,3
1778661632.170627,1984,0,3
1778661632.170759,2068,0,3
1778661632.170832,2118,0,3
1778661632.170984,2072,0,3
1778661632.1711,2060,0,3
1778661632.173544,2151,0,3
1778661632.1760268,2127,0,3
1778661632.1761,1935,0,3
1778661632.178279,1874,0,3
1778661632.180913,2059,0,3
1778661632.18853,2120,0,3
1778661632.190225,2105,0,3
1778661632.1967008,2029,0,3
1778661632.1979709,2068,0,3
1778661632.198484,2089,0,3
1778661632.1987891,2011,0,3
1778661632.201112,1912,0,3
1778661632.201426,2028,0,3
1778661632.2015538,2096,0,3
1778661632.201626,2095,0,3
1778661632.203003,2019,0,3
1778661632.204469,2072,0,3
1778661632.2133892,2124,0,3
1778661632.2195451,2016,0,3
1778661632.220948,1935,0,3
1778661632.2213619,1995,0,3
1778661632.221592,2071,0,3
1778661632.223809,2109,0,3
1778661632.223913,2065,0,3
1778661632.223946,2055,0,3
1778661632.223974,2111,0,3
1778661632.224,2071,0,3
1778661632.226013,1963,0,3
1778661632.228307,1927,0,3
1778661632.230965,2048,0,3
1778661632.2337,2092,0,3
1778661632.259687,2097,0,3
1778661632.259735,2051,0,3
1778661632.259764,2125,0,3
1778661632.268126,2105,0,3
1778661632.26846,1997,0,3
1778661632.269081,1909,0,3
1778661632.2692008,2042,0,3
1778661632.26928,2090,0,3
1778661632.269502,2081,0,3
1778661632.26957,2013,0,3
1778661632.2696269,2073,0,3
1778661632.269676,2105,0,3
1778661632.269723,2020,0,3
1778661632.269771,1961,0,3
1778661632.269841,1988,0,3
1778661632.269896,2078,0,3
1778661632.269933,2102,0,3
1778661632.270168,2048,0,3
1778661632.270217,2045,0,3
1778661632.272871,2114,0,3
1778661632.274493,2101,0,3
1778661632.276553,1989,0,3
1778661632.278132,1923,0,3
1778661632.29925,2047,0,3
1778661632.3,2098,0,3
1778661632.3000379,2079,0,3
1778661632.300065,2040,0,3
1778661632.300212,2123,0,3
1778661632.300305,2111,0,3
1778661632.3003619,1994,0,3
1778661632.300411,1915,0,3
1778661632.300459,2042,0,3
1778661632.3005068,2134,0,3
1778661632.3005528,2124,0,3
1778661632.303145,1964,0,3
1778661632.3097339,2035,0,3
1778661632.3118,2120,0,3
1778661632.3120892,2046,0,3
1778661632.314728,1921,0,3
1778661632.314966,1961,0,3
1778661632.315937,2058,0,3
1778661632.316894,2075,0,3
1778661632.318955,2067,0,3
1778661632.322863,2060,0,3
1778661632.3232288,2138,0,3
1778661632.324555,2078,0,3
1778661632.3260171,1947,0,3
1778661632.328799,1904,0,3
1778661632.330233,2039,0,3
1778661632.340825,2082,0,3
1778661632.3445399,2064,0,3
1778661632.3458922,2040,0,3
1778661632.347462,2113,0,3
1778661632.349025,2106,0,3
1778661632.351756,2012,0,3
1778661632.351851,1914,0,3
1778661632.351958,1990,0,3
1778661632.352051,2038,0,3
1778661632.352084,2109,0,3
1778661632.352154,2066,0,3
1778661632.35472,2092,0,3
1778661632.356262,2118,0,3
1778661632.360497,1999,0,3
1778661632.361387,1977,0,3
1778661632.363391,1969,0,3
1778661632.36536,2069,0,3
1778661632.370044,2116,0,3
1778661632.370382,2071,0,3
1778661632.3705611,2066,0,3
1778661632.372756,2111,0,3
1778661632.374057,2102,0,3
1778661632.3766131,1960,0,3
1778661632.377971,1941,0,3
1778661632.3805199,2041,0,3
1778661632.394262,2068,0,3
1778661632.394856,2084,0,3
1778661632.3953652,2047,0,3
1778661632.396867,2072,0,3
1778661632.3981812,2091,0,3
1778661632.398384,2019,0,3
1778661632.39887,1912,0,3
1778661632.4010549,2032,0,3
1778661632.401268,2078,0,3
1778661632.401752,2089,0,3
1778661632.403061,2028,0,3
1778661632.4043899,2070,0,3
1778661632.410866,2117,0,3
1778661632.411354,2041,0,3
1778661632.4122949,1943,0,3
1778661632.414062,1972,0,3
1778661632.4140968,2053,0,3
1778661632.418914,2101,0,3
1778661632.419358,2053,0,3
1778661632.4249449,2066,0,3
1778661632.425484,2106,0,3
1778661632.425519,2036,0,3
1778661632.426813,1974,0,3
1778661632.428104,1918,0,3
1778661632.430669,2034,0,3
1778661632.432076,2083,0,3
1778661632.439305,2096,0,3
1778661632.441886,2028,0,3
1778661632.443586,2111,0,3
1778661632.444957,2118,0,3
1778661632.445497,1999,0,3
1778661632.447886,1911,0,3
1778661632.448074,2028,0,3
1778661632.449358,2097,0,3
1778661632.451777,2103,0,3
1778661632.453224,2032,0,3
1778661632.4545321,2043,0,3
1778661632.4669352,2141,0,3
1778661632.47134,2074,0,3
1778661632.471753,1941,0,3
1778661632.473567,2008,0,3
1778661632.474001,2079,0,3
1778661632.474103,2094,0,3
1778661632.474306,2060,0,3
1778661632.474347,2050,0,3
1778661632.474379,2127,0,3
1778661632.474417,2069,0,3
1778661632.476969,1970,0,3
1778661632.4782631,1924,0,3
1778661632.481009,2043,0,3
1778661632.482361,2092,0,3
1778661632.495276,2107,0,3
1778661632.496307,2140,0,3
1778661632.498684,2143,0,3
1778661632.498898,2066,0,3
1778661632.5023448,1995,0,3
1778661632.50252,1923,0,3
1778661632.50264,2026,0,3
1778661632.5026681,2076,0,3
1778661632.5026932,2102,0,3
1778661632.502718,2018,0,3
1778661632.504033,2076,0,3
1778661632.506658,2140,0,3
1778661632.510925,2052,0,3
1778661632.511719,1940,0,3
1778661632.5138261,1981,0,3
1778661632.5210829,2065,0,3
1778661632.521256,2084,0,3
1778661632.5214138,2078,0,3
1778661632.521616,2047,0,3
1778661632.523832,2125,0,3
1778661632.524004,2088,0,3
1778661632.5265589,1987,0,3
1778661632.5291111,1926,0,3
1778661632.530207,2051,0,3
1778661632.532591,2088,0,3
1778661632.5377128,2091,0,3
1778661632.538579,2031,0,3
1778661632.538645,2097,0,3
1778661632.5401778,2099,0,3
1778661632.543587,2018,0,3
1778661632.545265,1940,0,3
1778661632.546686,2032,0,3
1778661632.548824,2054,0,3
1778661632.550334,2100,0,3
1778661632.552732,2045,0,3
1778661632.554023,2104,0,3
1778661632.556586,2135,0,3
1778661632.559138,2044,0,3
1778661632.561738,1943,0,3
1778661632.564836,1984,0,3
1778661632.5655549,2059,0,3
1778661632.567596,2123,0,3
1778661632.569429,2069,0,3
1778661632.5712,2047,0,3
1778661632.572856,2123,0,3
1778661632.574285,2070,0,3
1778661632.577183,1969,0,3
1778661632.578258,1943,0,3
1778661632.5808299,2072,0,3
1778661632.58321,2090,0,3
1778661632.584516,2093,0,3
1778661632.588918,2023,0,3
1778661632.5897899,2110,0,3
1778661632.5918238,2114,0,3
1778661632.5937018,2013,0,3
1778661632.595252,1903,0,3
1778661632.5980759,2030,0,3
1778661632.598176,2066,0,3
1778661632.600302,2096,0,3
1778661632.602737,2050,0,3
1778661632.604087,2092,0,3
1778661632.60669,2113,0,3
1778661632.60922,2043,0,3
1778661632.613384,1956,0,3
1778661632.614152,1971,0,3
1778661632.6157901,2061,0,3
1778661632.617285,2137,0,3
1778661632.6188319,2069,0,3
1778661632.62202,2032,0,3
1778661632.622186,2086,0,3
1778661632.625016,2086,0,3
1778661632.6263092,1942,0,3
1778661632.628861,1939,0,3
1778661632.630147,2079,0,3
1778661632.632837,2095,0,3
1778661632.637565,2083,0,3
1778661632.637681,2036,0,3
1778661632.639861,2106,0,3
1778661632.6419652,2123,0,3
1778661632.643689,2023,0,3
1778661632.646291,1917,0,3
1778661632.6464782,2006,0,3
1778661632.648361,2060,0,3
1778661632.651107,2080,0,3
1778661632.652433,2043,0,3
1778661632.654997,2080,0,3
1778661632.6562932,2136,0,3
1778661632.661579,2066,0,3
1778661632.662681,1947,0,3
1778661632.664224,1955,0,3
1778661632.665683,2057,0,3
1778661632.6695879,2096,0,3
1778661632.6710029,2077,0,3
1778661632.671255,2031,0,3
1778661632.673293,2133,0,3
1778661632.67462,2089,0,3
1778661632.677195,1970,0,3
1778661632.678489,1887,0,3
1778661632.681099,2038,0,3
1778661632.686906,2106,0,3
1778661632.687398,2083,0,3
1778661632.687816,2032,0,3
1778661632.689421,2107,0,3
1778661632.690948,2115,0,3
1778661632.692938,2027,0,3
1778661632.6945212,1894,0,3
1778661632.6978009,1966,0,3
1778661632.69912,2110,0,3
1778661632.700518,2134,0,3
1778661632.70297,2034,0,3
1778661632.704235,2053,0,3
1778661632.706829,2102,0,3
1778661632.711443,2036,0,3
1778661632.712299,1934,0,3
1778661632.7127218,1936,0,3
1778661632.714317,2066,0,3
1778661632.7175832,2100,0,3
1778661632.719358,2057,0,3
1778661632.7208169,2035,0,3
1778661632.722775,2122,0,3
1778661632.724067,2085,0,3
1778661632.726614,2012,0,3
1778661632.7291698,1934,0,3
1778661632.730456,2055,0,3
1778661632.733081,2073,0,3
1778661632.736817,2051,0,3
1778661632.73733,2035,0,3
1778661632.740721,2107,0,3
1778661632.742275,2098,0,3
1778661632.743176,2015,0,3
1778661632.7474802,1891,0,3
1778661632.747574,2024,0,3
1778661632.749609,2100,0,3
1778661632.75091,2132,0,3
1778661632.7521029,2091,0,3
1778661632.757411,2075,0,3
1778661632.7575161,2038,0,3
1778661632.7598531,2109,0,3
1778661632.761735,1976,0,3
1778661632.7633102,1974,0,3
1778661632.764905,2185,0,3
1778661632.766495,2123,0,3
1778661632.7684858,1800,0,3
1778661632.77105,2060,0,3
1778661632.7723489,1979,0,3
1778661632.7749062,2060,0,3
1778661632.776194,1954,0,3
1778661632.781495,1947,0,3
1778661632.781865,2112,0,3
1778661632.786228,2050,0,3
1778661632.786635,2156,0,3
1778661632.78706,2122,0,3
1778661632.78929,2094,0,3
1778661632.790841,2232,0,3
1778661632.792664,1908,0,3
1778661632.795223,1514,0,3
1778661632.796512,2025,0,3
1778661632.799218,2164,0,3
1778661632.8005471,2153,0,3
1778661632.8049998,2118,0,3
1778661632.805362,2068,0,3
1778661632.8072672,1967,0,3
1778661632.8090398,2134,0,3
1778661632.8109,2132,0,3
1778661632.81345,2060,0,3
1778661632.815256,2213,0,3
1778661632.816566,1982,0,3
1778661632.8191202,1878,0,3
1778661632.820405,1657,0,3
1778661632.822958,2528,0,3
1778661632.827692,1982,0,3
1778661632.828044,1685,0,3
1778661632.828544,1919,0,3
1778661632.830614,2143,0,3
1778661632.835305,2106,0,3
1778661632.835397,2052,0,3
1778661632.836992,2033,0,3
1778661632.838871,2217,0,3
1778661632.8401659,2230,0,3
1778661632.842716,2009,0,3
1778661632.845058,1867,0,3
1778661632.8463428,1897,0,3
1778661632.8516102,2066,0,3
1778661632.851703,2109,0,3
1778661632.853687,2028,0,3
1778661632.855284,2110,0,3
1778661632.857132,2176,0,3
1778661632.859814,2148,0,3
1778661632.861707,2029,0,3
1778661632.863014,2002,0,3
1778661632.8643022,2067,0,3
1778661632.867115,2141,0,3
1778661632.868427,2066,0,3
1778661632.874466,2111,0,3
1778661632.8751192,2123,0,3
1778661632.8755279,2005,0,3
1778661632.878199,2047,0,3
1778661632.878526,1994,0,3
1778661632.8813,2084,0,3
1778661632.882841,2195,0,3
1778661632.8844202,2196,0,3
1778661632.88697,2021,0,3
1778661632.888274,2040,0,3
1778661632.890808,2197,0,3
1778661632.892106,2117,0,3
1778661632.8975182,2025,0,3
1778661632.8985028,2100,0,3
1778661632.898597,1993,0,3
1778661632.9011898,2011,0,3
1778661632.902785,2074,0,3
1778661632.904577,2191,0,3
1778661632.9061902,2294,0,3
1778661632.908968,2092,0,3
1778661632.910259,1915,0,3
1778661632.912801,1987,0,3
1778661632.914088,2106,0,3
1778661632.917985,2155,0,3
1778661632.921296,2069,0,3
1778661632.9217112,2024,0,3
1778661632.924951,2220,0,3
1778661632.925055,2099,0,3
1778661632.926689,2033,0,3
1778661632.929479,1981,0,3
1778661632.931204,2051,0,3
1778661632.932499,2102,0,3
1778661632.935151,2144,0,3
1778661632.93645,2060,0,3
1778661632.939013,2103,0,3
1778661632.9440918,2176,0,3
1778661632.9448829,2047,0,3
1778661632.9452422,1815,0,3
1778661632.9478478,2027,0,3
1778661632.952547,2118,0,3
1778661632.952748,2139,0,3
1778661632.952887,2062,0,3
1778661632.9543538,2092,0,3
1778661632.956741,2182,0,3
1778661632.95803,2138,0,3
1778661632.960572,1998,0,3
1778661632.963115,1981,0,3
1778661632.967953,2088,0,3
1778661632.9684732,2126,0,3
1778661632.969985,2097,0,3
1778661632.970129,2074,0,3
1778661632.9736,2169,0,3
1778661632.976318,2085,0,3
1778661632.976344,2007,0,3
1778661632.980557,1959,0,3
1778661632.982261,2049,0,3
1778661632.982288,2103,0,3
1778661632.9848,2128,0,3
1778661632.986093,2052,0,3
1778661632.991338,2133,0,3
1778661632.99173,2155,0,3
1778661632.994432,2058,0,3
1778661632.994522,2000,0,3
1778661632.997508,2055,0,3
1778661632.999559,2097,0,3
1778661633.0014741,2212,0,3
1778661633.00278,2147,0,3
1778661633.004081,2207,0,3
1778661633.006447,2303,0,3
1778661633.0089889,2076,0,3
1778661633.014272,2062,0,3
1778661633.0146701,2022,0,3
1778661633.016406,2135,0,3
1778661633.016605,2223,0,3
1778661633.0185442,2190,0,3
1778661633.022766,2164,0,3
1778661633.022848,2267,0,3
1778661633.0246642,2226,0,3
1778661633.027221,1928,0,3
1778661633.028508,1966,0,3
1778661633.031064,2180,0,3
1778661633.032352,2222,0,3
1778661633.036785,2150,0,3
1778661633.036843,2006,0,3
1778661633.039407,2094,0,3
1778661633.0410528,2119,0,3
1778661633.043982,2054,0,3
1778661633.044169,1976,0,3
1778661633.047433,2138,0,3
1778661633.048733,2082,0,3
1778661633.050046,2125,0,3
1778661633.052601,2092,0,3
1778661633.0551748,2141,0,3
1778661633.059862,2192,0,3
1778661633.05993,2169,0,3
1778661633.061889,2003,0,3
1778661633.063252,1995,0,3
1778661633.064961,2123,0,3
1778661633.066398,2160,0,3
1778661633.068065,2085,0,3
1778661633.070658,1897,0,3
1778661633.073211,2010,0,3
1778661633.074507,2184,0,3
1778661633.077055,2097,0,3
1778661633.078341,1956,0,3
1778661633.082515,1904,0,3
1778661633.082579,1970,0,3
1778661633.08445,2190,0,3
1778661633.088671,2266,0,3
1778661633.090313,2214,0,3
1778661633.090441,2216,0,3
1778661633.093102,1990,0,3
1778661633.094448,1871,0,3
1778661633.097069,1962,0,3
1778661633.098356,2206,0,3
1778661633.104822,2217,0,3
1778661633.105505,2077,0,3
1778661633.1055832,1965,0,3
1778661633.1070452,2142,0,3
1778661633.108452,2110,0,3
1778661633.1104121,1973,0,3
1778661633.113197,2000,0,3
1778661633.114944,2124,0,3
1778661633.116241,2147,0,3
1778661633.118798,2142,0,3
1778661633.120088,2011,0,3
1778661633.122644,2036,0,3
1778661633.126871,2191,0,3
1778661633.126952,2029,0,3
1778661633.129246,1999,0,3
1778661633.1310458,2171,0,3
1778661633.1325052,2067,0,3
1778661633.135374,2071,0,3
1778661633.137185,1738,0,3
1778661633.1384802,2098,0,3
1778661633.141048,2225,0,3
1778661633.142338,1948,0,3
1778661633.144886,1791,0,3
1778661633.149055,2082,0,3
1778661633.14943,2227,0,3
1778661633.151565,2244,0,3
1778661633.153263,2055,0,3
1778661633.156252,2110,0,3
1778661633.156388,2253,0,3
1778661633.159761,2209,0,3
1778661633.161073,1901,0,3
1778661633.162359,1884,0,3
1778661633.164911,2008,0,3
1778661633.166201,2120,0,3
1778661633.17226,2101,0,3
1778661633.172617,2075,0,3
1778661633.173038,2098,0,3
1778661633.174674,2170,0,3
1778661633.176574,2025,0,3
1778661633.1807868,1773,0,3
1778661633.1810172,2041,0,3
1778661633.18271,2119,0,3
1778661633.184316,2119,0,3
1778661633.1869922,2007,0,3
1778661633.18875,2160,0,3
1778661633.1934988,2209,0,3
1778661633.19353,2043,0,3
1778661633.194871,1893,0,3
1778661633.198978,1939,0,3
1778661633.199787,2065,0,3
1778661633.201316,2223,0,3
1778661633.202931,2189,0,3
1778661633.204465,2017,0,3
1778661633.207524,2118,0,3
1778661633.209019,2013,0,3
1778661633.210312,1937,0,3
1778661633.212886,2039,0,3
1778661633.2141728,2063,0,3
1778661633.217045,1989,0,3
1778661633.25311,2165,0,3
1778661633.25315,2083,0,3
1778661633.255682,2046,0,3
1778661633.2557619,2068,0,3
1778661633.255795,1929,0,3
1778661633.25582,2177,0,3
1778661633.255844,2232,0,3
1778661633.2558668,2082,0,3
1778661633.255923,1981,0,3
1778661633.25595,2037,0,3
1778661633.255973,2150,0,3
1778661633.256006,2154,0,3
1778661633.256029,2098,0,3
1778661633.2560508,1741,0,3
1778661633.256073,1897,0,3
1778661633.256095,2039,0,3
1778661633.256118,2125,0,3
1778661633.25614,2093,0,3
1778661633.2561631,2121,0,3
1778661633.256185,2184,0,3
1778661633.2621288,2092,0,3
1778661633.2621582,1983,0,3
1778661633.262182,1973,0,3
1778661633.265672,2103,0,3
1778661633.266963,2111,0,3
1778661633.268267,2027,0,3
1778661633.270973,1989,0,3
1778661633.272365,2049,0,3
1778661633.281216,2122,0,3
1778661633.281294,2118,0,3
1778661633.282089,1983,0,3
1778661633.282431,2008,0,3
1778661633.282529,2014,0,3
1778661633.285208,2078,0,3
1778661633.286998,2049,0,3
1778661633.288553,2013,0,3
1778661633.292138,2160,0,3
1778661633.292181,1898,0,3
1778661633.294729,1843,0,3
1778661633.298681,2224,0,3
1778661633.298708,2130,0,3
1778661633.3000362,1664,0,3
1778661633.3049312,2075,0,3
1778661633.3049731,2413,0,3
1778661633.306544,2372,0,3
1778661633.3102489,2269,0,3
1778661633.3124218,995,0,3
1778661633.312503,1697,0,3
1778661633.31438,2837,0,3
1778661633.3171358,2417,0,3
1778661633.3184268,2290,0,3
1778661633.320971,2104,0,3
1778661633.322274,1028,0,3
1778661633.3248231,1717,0,3
1778661633.328151,3070,0,3
1778661633.328536,2383,0,3
1778661633.330752,1258,0,3
1778661633.332103,2471,0,3
1778661633.335327,1573,0,3
1778661633.337122,955,0,3
1778661633.339046,2716,0,3
1778661633.340344,3217,0,3
1778661633.342892,1911,0,3
1778661633.344179,1790,0,3
1778661633.3467221,2555,0,3
1778661633.3515809,2167,0,3
1778661633.3520079,729,0,3
1778661633.353722,1370,0,3
1778661633.355262,2839,0,3
1778661633.356991,3289,0,3
1778661633.3599129,1618,0,3
1778661633.3617358,1573,0,3
1778661633.36303,1308,0,3
1778661633.364318,3109,0,3
1778661633.3668962,2326,0,3
1778661633.36819,2785,0,3
1778661633.373811,3148,0,3
1778661633.3741949,0,0,3
1778661633.3752298,1398,0,3
1778661633.377723,2587,0,3
1778661633.3794858,2509,0,3
1778661633.382438,2445,0,3
1778661633.382584,1924,0,3
1778661633.384425,1667,0,3
1778661633.386775,2268,0,3
1778661633.389005,2412,0,3
1778661633.3902981,2134,0,3
1778661633.392738,1050,0,3
1778661633.396172,2588,0,3
1778661633.3971741,1576,0,3
1778661633.4013572,1550,0,3
1778661633.401814,1774,0,3
1778661633.403339,2008,0,3
1778661633.405337,2179,0,3
1778661633.4071229,1965,0,3
1778661633.408414,1706,0,3
1778661633.4109561,1760,0,3
1778661633.412246,1450,0,3
1778661633.414787,2119,0,3
1778661633.418912,924,0,3
1778661633.419306,522,0,3
1778661633.421302,2924,0,3
1778661633.422616,2449,0,3
1778661633.425652,1958,0,3
1778661633.427804,1673,0,3
1778661633.429604,2556,0,3
1778661633.4308941,1206,0,3
1778661633.433063,1115,0,3
1778661633.434388,2325,0,3
1778661633.43695,2916,0,3
1778661633.4382741,1827,0,3
1778661633.441848,1559,0,3
1778661633.443986,2245,0,3
1778661633.444052,3093,0,3
1778661633.4468029,221,0,3
1778661633.448357,2515,0,3
1778661633.454431,2166,0,3
1778661633.454783,2123,0,3
1778661633.454963,2256,0,3
1778661633.456258,2732,0,3
1778661633.461887,2337,0,3
1778661633.4628701,1495,0,3
1778661633.4632268,2264,0,3
1778661633.465182,1878,0,3
1778661633.4684732,3552,0,3
1778661633.468596,2477,0,3
1778661633.4708009,14,0,3
1778661633.47271,2681,0,3
1778661633.475261,945,0,3
1778661633.476546,1955,0,3
1778661633.4791849,1873,0,3
1778661633.4805288,1868,0,3
1778661633.485983,2557,0,3
1778661633.486358,3475,0,3
1778661633.486739,2654,0,3
1778661633.488163,2030,0,3
1778661633.491352,1800,0,3
1778661633.494832,2416,0,3
1778661633.4949372,2556,0,3
1778661633.4966762,629,0,3
1778661633.4992409,1482,0,3
1778661633.5005949,2453,0,3
1778661633.503211,3169,0,3
1778661633.5044951,929,0,3
1778661633.508899,3017,0,3
1778661633.508978,2361,0,3
1778661633.511091,1732,0,3
1778661633.513406,2477,0,3
1778661633.515646,1722,0,3
1778661633.5181172,1489,0,3
1778661633.5182679,2379,0,3
1778661633.520909,1399,0,3
1778661633.522222,1862,0,3
1778661633.5247722,2649,0,3
1778661633.5260549,778,0,3
1778661633.528619,1956,0,3
1778661633.532583,2081,0,3
1778661633.534536,3989,0,3
1778661633.5361972,1252,0,3
1778661633.5363278,1100,0,3
1778661633.5390909,1922,0,3
1778661633.541698,3000,0,3
1778661633.5434911,2045,0,3
1778661633.544786,1888,0,3
1778661633.546113,2609,0,3
1778661633.548617,1562,0,3
1778661633.551181,1682,0,3
1778661633.556448,2163,0,3
1778661633.556938,2761,0,3
1778661633.5572999,2305,0,3
1778661633.5595741,672,0,3
1778661633.561561,3131,0,3
1778661633.565164,2332,0,3
1778661633.565252,2433,0,3
1778661633.567254,1715,0,3
1778661633.5685709,2090,0,3
1778661633.57113,2638,0,3
1778661633.572418,2042,0,3
1778661633.574881,2655,0,3
1778661633.579339,0,0,3
1778661633.580042,2929,0,3
1778661633.580408,2803,0,3
1778661633.584097,4048,0,3
1778661633.5844429,82,0,3
1778661633.586272,1398,0,3
1778661633.589102,4095,0,3
1778661633.5908349,3281,0,3
1778661633.59213,3033,0,3
1778661633.594501,1758,0,3
1778661633.596823,1924,0,3
1778661633.598131,772,0,3
1778661633.6030889,2904,0,3
1778661633.603779,3350,0,3
1778661633.60527,2299,0,3
1778661633.607071,2077,0,3
1778661633.612355,2599,0,3
1778661633.6124768,1811,0,3
1778661633.612639,1181,0,3
1778661633.6152508,3019,0,3
1778661633.616543,2751,0,3
1778661633.6191602,1910,0,3
1778661633.620448,952,0,3
1778661633.6229901,2154,0,3
1778661633.627908,2519,0,3
1778661633.629397,3378,0,3
1778661633.629487,910,0,3
1778661633.6311948,2761,0,3
1778661633.632871,992,0,3
1778661633.636877,3534,0,3
1778661633.636971,2414,0,3
1778661633.638845,1423,0,3
1778661633.640139,2155,0,3
1778661633.642698,2570,0,3
1778661633.645268,1543,0,3
1778661633.646556,2233,0,3
1778661633.65121,2260,0,3
1778661633.6512902,2124,0,3
1778661633.653047,3293,0,3
1778661633.655019,3161,0,3
1778661633.660671,753,0,3
1778661633.660861,972,0,3
1778661633.660989,2896,0,3
1778661633.662403,2803,0,3
1778661633.6649559,3021,0,3
1778661633.666244,2273,0,3
1778661633.67182,1923,0,3
1778661633.672174,2206,0,3
1778661633.672249,1878,0,3
1778661633.674975,2316,0,3
1778661633.678236,3194,0,3
1778661633.6784189,1748,0,3
1778661633.681536,2710,0,3
1778661633.68365,2594,0,3
1778661633.685025,894,0,3
1778661633.68632,2835,0,3
1778661633.688997,1436,0,3
1778661633.690623,1556,0,3
1778661633.6964622,3619,0,3
1778661633.697626,2296,0,3
1778661633.699441,1705,0,3
1778661633.7015948,2823,0,3
1778661633.702304,2117,0,3
1778661633.702821,2289,0,3
1778661633.70515,3480,0,3
1778661633.7103202,3786,0,3
1778661633.710355,1595,0,3
1778661633.710377,564,0,3
1778661633.7129338,3002,0,3
1778661633.714236,2943,0,3
1778661633.719618,1945,0,3
1778661633.7208478,1704,0,3
1778661633.721285,2266,0,3
1778661633.724409,3100,0,3
1778661633.725872,2751,0,3
1778661633.7318609,1743,0,3
1778661633.732406,2523,0,3
1778661633.734171,2782,0,3
1778661633.734779,1860,0,3
1778661633.734848,1908,0,3
1778661633.736331,2810,0,3
1778661633.7390342,2556,0,3
1778661633.7403991,2306,0,3
1778661633.743099,2541,0,3
1778661633.744565,1612,0,3
1778661633.7502022,2361,0,3
1778661633.75124,487,0,3
1778661633.752636,3297,0,3
1778661633.7528808,2521,0,3
1778661633.754868,2371,0,3
1778661633.7568839,2551,0,3
1778661633.763637,2490,0,3
1778661633.763723,2119,0,3
1778661633.7637818,2956,0,3
1778661633.765183,1601,0,3
1778661633.76639,1545,0,3
1778661633.772213,2573,0,3
1778661633.774219,1873,0,3
1778661633.77664,2809,0,3
1778661633.777466,1121,0,3
1778661633.7787788,2075,0,3
1778661633.7858071,1908,0,3
1778661633.7864552,2306,0,3
1778661633.786549,2427,0,3
1778661633.786619,2154,0,3
1778661633.786689,1814,0,3
1778661633.789367,2315,0,3
1778661633.79074,1718,0,3
1778661633.794867,3545,0,3
1778661633.794899,506,0,3
1778661633.8049269,692,0,3
1778661633.813357,2831,0,3
1778661633.813459,2898,0,3
1778661633.81354,1943,0,3
1778661633.813568,1844,0,3
1778661633.813596,1904,0,3
1778661633.8136299,1959,0,3
1778661633.813654,2327,0,3
1778661633.8137448,2314,0,3
1778661633.815136,2191,0,3
1778661633.8163688,1571,0,3
1778661633.8222148,2042,0,3
1778661633.824827,1664,0,3
1778661633.825054,1943,0,3
1778661633.827646,2180,0,3
1778661633.8294778,1927,0,3
1778661633.831519,2441,0,3
1778661633.835816,1520,0,3
1778661633.836608,2798,0,3
1778661633.8388119,1495,0,3
1778661633.838919,1954,0,3
1778661633.8389928,2141,0,3
1778661633.840356,2191,0,3
1778661633.8430479,424,0,3
1778661633.844361,2080,0,3
1778661633.847017,2021,0,3
1778661633.854901,2251,0,3
1778661633.857022,2154,0,3
1778661633.864661,2071,0,3
1778661633.8677561,1909,0,3
1778661633.867831,2207,0,3
1778661633.867861,2096,0,3
1778661633.867935,2004,0,3
1778661633.867983,1831,0,3
1778661633.868059,1961,0,3
1778661633.8681972,1764,0,3
1778661633.868289,2156,0,3
1778661633.871231,1937,0,3
1778661633.879752,1549,0,3
1778661633.880815,2178,0,3
1778661633.8889039,2478,0,3
1778661633.890719,1222,0,3
1778661633.891567,1597,0,3
1778661633.8916621,2349,0,3
1778661633.891718,2217,0,3
1778661633.891768,1838,0,3
1778661633.891816,1980,0,3
1778661633.891894,2122,0,3
1778661633.893246,2089,0,3
1778661633.894625,2005,0,3
1778661633.8972852,1891,0,3
1778661633.898659,1947,0,3
1778661633.9012249,2060,0,3
1778661633.909187,2296,0,3
1778661633.91488,1283,0,3
1778661633.91504,2175,0,3
1778661633.9219992,2227,0,3
1778661633.9223108,1880,0,3
1778661633.924706,1967,0,3
1778661633.924814,2033,0,3
1778661633.92485,2005,0,3
1778661633.9248772,1992,0,3
1778661633.925687,1924,0,3
1778661633.9260302,2072,0,3
1778661633.926192,2088,0,3
1778661633.926265,1949,0,3
1778661633.937563,1772,0,3
1778661633.939091,1773,0,3
1778661633.9406111,1848,0,3
1778661633.942694,1934,0,3
1778661633.9476779,1858,0,3
1778661633.950519,1904,0,3
1778661633.950568,1982,0,3
1778661633.950598,1839,0,3
1778661633.950624,1750,0,3
1778661633.9506502,1699,0,3
1778661633.950675,1853,0,3
1778661633.9509592,1932,0,3
1778661633.9523132,1878,0,3
1778661633.954904,1785,0,3
1778661633.956317,1925,0,3
1778661633.959262,1941,0,3
1778661633.960603,1750,0,3
1778661633.969219,1673,0,3
1778661633.975075,1857,0,3
1778661633.9804668,1919,0,3
1778661633.982913,1951,0,3
1778661633.9831371,1901,0,3
1778661633.983216,1955,0,3
1778661633.983319,2010,0,3
1778661633.983402,1907,0,3
1778661633.983457,1800,0,3
1778661633.983511,2006,0,3
1778661633.983683,2072,0,3
1778661633.9850922,2035,0,3
1778661633.9865038,2018,0,3
1778661633.9924018,2052,0,3
1778661633.994831,2133,0,3
1778661633.998153,2031,0,3
1778661633.998299,1976,0,3
1778661634.0009642,1968,0,3
1778661634.0056581,2079,0,3
1778661634.006144,2100,0,3
1778661634.006359,2168,0,3
1778661634.006718,2103,0,3
1778661634.006915,2175,0,3
1778661634.009129,2160,0,3
1778661634.010507,1975,0,3
1778661634.013311,1939,0,3
1778661634.014698,2097,0,3
1778661634.0161312,2130,0,3
1778661634.018775,2126,0,3
1778661634.026937,2157,0,3
1778661634.02939,2241,0,3
1778661634.0303931,2155,0,3
1778661634.030524,2002,0,3
1778661634.031154,1854,0,3
1778661634.03207,2034,0,3
1778661634.034178,2075,0,3
1778661634.038931,2038,0,3
1778661634.0393002,1930,0,3
1778661634.039725,2084,0,3
1778661634.0419369,2182,0,3
1778661634.042258,2075,0,3
1778661634.044839,1930,0,3
1778661634.046165,1932,0,3
1778661634.05218,2111,0,3
1778661634.054569,2168,0,3
1778661634.054723,2060,0,3
1778661634.056244,2032,0,3
1778661634.057496,2086,0,3
1778661634.059032,2072,0,3
1778661634.060972,2012,0,3
1778661634.065862,2003,0,3
1778661634.0661309,2013,0,3
1778661634.066581,2056,0,3
1778661634.0687768,2001,0,3
1778661634.0702689,1957,0,3
1778661634.072895,1995,0,3
1778661634.074204,2066,0,3
1778661634.076758,2038,0,3
1778661634.0782132,1777,0,3
1778661634.0852008,1835,0,3
1778661634.086609,1952,0,3
1778661634.086826,2040,0,3
1778661634.087085,1990,0,3
1778661634.0902998,1995,0,3
1778661634.090435,2091,0,3
1778661634.093129,2077,0,3
1778661634.09804,1871,0,3
1778661634.098187,1880,0,3
1778661634.0983691,2083,0,3
1778661634.100886,2043,0,3
1778661634.1022,2080,0,3
1778661634.1047769,1961,0,3
1778661634.110712,2052,0,3
1778661634.111215,1930,0,3
1778661634.1113012,1837,0,3
1778661634.113048,1738,0,3
1778661634.114858,1972,0,3
1778661634.117287,2176,0,3
1778661634.1193988,2141,0,3
1778661634.124245,2129,0,3
1778661634.124419,2177,0,3
1778661634.1246688,2067,0,3
1778661634.127017,1940,0,3
1778661634.128319,1838,0,3
1778661634.130883,2010,0,3
1778661634.132179,2065,0,3
1778661634.134775,1977,0,3
1778661634.136116,2021,0,3
1778661634.1425369,2122,0,3
1778661634.142635,2256,0,3
1778661634.143184,1946,0,3
1778661634.147017,1820,0,3
1778661634.147443,1978,0,3
1778661634.149276,2104,0,3
1778661634.151653,2006,0,3
1778661634.1564229,2048,0,3
1778661634.156717,1996,0,3
1778661634.159136,2062,0,3
1778661634.159392,2033,0,3
1778661634.1606941,1993,0,3
1778661634.1621609,1937,0,3
1778661634.16902,2062,0,3
1778661634.169861,2081,0,3
1778661634.1713212,2109,0,3
1778661634.171705,1968,0,3
1778661634.173293,2004,0,3
1778661634.1753652,2120,0,3
1778661634.1778271,2002,0,3
1778661634.184906,1910,0,3
1778661634.185279,1967,0,3
1778661634.185385,2010,0,3
1778661634.185421,2057,0,3
1778661634.186775,1999,0,3
1778661634.188172,2065,0,3
1778661634.19094,2130,0,3
1778661634.1922612,2060,0,3
1778661634.194818,1934,0,3
1778661634.200961,1929,0,3
1778661634.20206,2075,0,3
1778661634.203784,2066,0,3
1778661634.204031,2041,0,3
1778661634.206069,2013,0,3
1778661634.206537,2111,0,3
1778661634.2143831,2077,0,3
1778661634.2146182,1955,0,3
1778661634.214692,1879,0,3
1778661634.214831,2064,0,3
1778661634.217344,2075,0,3
1778661634.218694,2052,0,3
1778661634.220122,2005,0,3
1778661634.2261388,2114,0,3
1778661634.227099,2126,0,3
1778661634.229232,2011,0,3
1778661634.229375,1854,0,3
1778661634.231529,1971,0,3
1778661634.235251,2060,0,3
1778661634.239989,2164,0,3
1778661634.240361,2043,0,3
1778661634.240515,2102,0,3
1778661634.240891,2104,0,3
1778661634.243167,2091,0,3
1778661634.244628,1966,0,3
1778661634.247338,1918,0,3
1778661634.248746,2061,0,3
1778661634.2501671,2115,0,3
1778661634.252857,2084,0,3
1778661634.261975,2026,0,3
1778661634.264436,2109,0,3
1778661634.2647521,2121,0,3
1778661634.266217,2001,0,3
1778661634.26689,1884,0,3
1778661634.274456,2017,0,3
1778661634.274849,2109,0,3
1778661634.2752051,2121,0,3
1778661634.275488,2032,0,3
1778661634.277148,2068,0,3
1778661634.277914,2126,0,3
1778661634.278016,2022,0,3
1778661634.279426,1892,0,3
1778661634.280747,1988,0,3
1778661634.287025,2088,0,3
1778661634.288105,2109,0,3
1778661634.290425,2052,0,3
1778661634.292209,2073,0,3
1778661634.2935932,2138,0,3
1778661634.29603,2059,0,3
1778661634.29768,1967,0,3
1778661634.3028932,1935,0,3
1778661634.303446,2130,0,3
1778661634.3038669,2210,0,3
1778661634.305718,2060,0,3
1778661634.306496,1967,0,3
1778661634.306587,2125,0,3
1778661634.30937,2122,0,3
1778661634.3109179,1991,0,3
1778661634.312364,1865,0,3
1778661634.3150249,1954,0,3
1778661634.316542,2083,0,3
1778661634.32402,2116,0,3
1778661634.325889,2053,0,3
1778661634.325984,2094,0,3
1778661634.3263192,2157,0,3
1778661634.328307,2043,0,3
1778661634.328927,1909,0,3
1778661634.330932,1983,0,3
1778661634.33283,2069,0,3
1778661634.3378649,2108,0,3
1778661634.338175,2044,0,3
1778661634.338465,2084,0,3
1778661634.340933,2141,0,3
1778661634.342352,2064,0,3
1778661634.345014,1929,0,3
1778661634.350376,1923,0,3
1778661634.3523269,2052,0,3
1778661634.353971,2122,0,3
1778661634.354134,2100,0,3
1778661634.355716,1992,0,3
1778661634.3584661,2095,0,3
1778661634.360511,2068,0,3
1778661634.360696,1986,0,3
1778661634.365247,1877,0,3
1778661634.365694,2014,0,3
1778661634.368177,2051,0,3
1778661634.3683,2099,0,3
1778661634.370944,2088,0,3
1778661634.3723562,2099,0,3
1778661634.3749518,2115,0,3
1778661634.3763468,2037,0,3
1778661634.384744,1857,0,3
1778661634.386773,1950,0,3
1778661634.3888981,2037,0,3
1778661634.389513,2096,0,3
1778661634.390042,2050,0,3
1778661634.3906748,2048,0,3
1778661634.3912692,2166,0,3
1778661634.393947,2078,0,3
1778661634.4006999,1959,0,3
1778661634.4008892,1949,0,3
1778661634.4009988,2087,0,3
1778661634.4011059,2130,0,3
1778661634.4024901,2094,0,3
1778661634.411191,1986,0,3
1778661634.412797,2109,0,3
1778661634.4156532,2120,0,3
1778661634.416262,2017,0,3
1778661634.4172852,1897,0,3
1778661634.417492,1974,0,3
1778661634.42012,2130,0,3
1778661634.4203131,2110,0,3
1778661634.424661,2001,0,3
1778661634.4249651,2104,0,3
1778661634.42516,2179,0,3
1778661634.427514,2081,0,3
1778661634.428909,1929,0,3
1778661634.430294,1979,0,3
1778661634.432984,2086,0,3
1778661634.434401,2139,0,3
1778661634.437069,2083,0,3
1778661634.442965,2040,0,3
1778661634.4443562,2095,0,3
1778661634.4457972,2094,0,3
1778661634.4461162,1955,0,3
1778661634.4464362,1910,0,3
1778661634.45038,2061,0,3
1778661634.452537,2116,0,3
1778661634.4570649,2113,0,3
1778661634.45739,2065,0,3
1778661634.457669,2129,0,3
1778661634.4597278,2103,0,3
1778661634.461153,2027,0,3
1778661634.462518,1917,0,3
1778661634.4721222,2034,0,3
1778661634.473696,2078,0,3
1778661634.4746408,2100,0,3
1778661634.476362,2023,0,3
1778661634.4768279,2096,0,3
1778661634.4771059,2150,0,3
1778661634.4776719,2050,0,3
1778661634.479349,1902,0,3
1778661634.4835892,1944,0,3
1778661634.483986,2023,0,3
1778661634.4863858,2162,0,3
1778661634.486475,2086,0,3
1778661634.489197,2070,0,3
1778661634.490537,2158,0,3
1778661634.493045,2065,0,3
1778661634.4944682,1900,0,3
1778661634.503229,1932,0,3
1778661634.504739,2099,0,3
1778661634.504985,2103,0,3
1778661634.506808,2077,0,3
1778661634.508258,2010,0,3
1778661634.509567,2110,0,3
1778661634.515386,2093,0,3
1778661634.515607,1967,0,3
1778661634.515717,1864,0,3
1778661634.515882,2049,0,3
1778661634.518039,2143,0,3
1778661634.519351,2127,0,3
1778661634.520649,2011,0,3
1778661634.527024,2082,0,3
1778661634.5271418,2173,0,3
1778661634.527953,2030,0,3
1778661634.530251,1884,0,3
1778661634.5315268,1939,0,3
1778661634.535706,2067,0,3
1778661634.5359418,2177,0,3
1778661634.539424,2057,0,3
1778661634.53954,1981,0,3
1778661634.541652,2117,0,3
1778661634.542967,2062,0,3
1778661634.544259,1968,0,3
1778661634.546932,1913,0,3
1778661634.548264,2049,0,3
1778661634.550855,2092,0,3
1778661634.5563421,2084,0,3
1778661634.556756,2028,0,3
1778661634.55728,2127,0,3
1778661634.558891,2117,0,3
1778661634.5608802,2005,0,3
1778661634.5622442,1899,0,3
1778661634.567471,2033,0,3
1778661634.5676239,2082,0,3
1778661634.569684,2155,0,3
1778661634.571006,2044,0,3
1778661634.572382,2065,0,3
1778661634.578839,2137,0,3
1778661634.580757,2086,0,3
1778661634.5809548,1953,0,3
1778661634.58404,1996,0,3
1778661634.584498,2072,0,3
1778661634.585313,2117,0,3
1778661634.586665,2036,0,3
1778661634.589702,2080,0,3
1778661634.591506,2160,0,3
1778661634.59281,2109,0,3
1778661634.5953999,1951,0,3
1778661634.596694,1907,0,3
1778661634.599251,2031,0,3
1778661634.6013162,2112,0,3
1778661634.60641,2124,0,3
1778661634.606942,2036,0,3
1778661634.607435,2125,0,3
1778661634.608813,2126,0,3
1778661634.610634,2033,0,3
1778661634.6125078,1910,0,3
1778661634.616832,1970,0,3
1778661634.618788,2112,0,3
1778661634.618867,2096,0,3
1778661634.6201699,2002,0,3
1778661634.622724,2123,0,3
1778661634.627239,2159,0,3
1778661634.628062,2031,0,3
1778661634.630089,1909,0,3
1778661634.6315079,1969,0,3
1778661634.6340601,2139,0,3
1778661634.6354601,2142,0,3
1778661634.638308,2052,0,3
1778661634.638678,1969,0,3
1778661634.64077,2118,0,3
1778661634.643332,2231,0,3
1778661634.644514,1709,0,3
1778661634.647059,1568,0,3
1778661634.648345,2195,0,3
1778661634.6542752,2211,0,3
1778661634.654371,2211,0,3
1778661634.655155,2165,0,3
1778661634.657886,1899,0,3
1778661634.659749,2099,0,3
1778661634.661684,1981,0,3
1778661634.6642208,1892,0,3
1778661634.664381,2156,0,3
1778661634.667257,2019,0,3
1778661634.6685572,1804,0,3
1778661634.671107,1839,0,3
1778661634.6724072,2127,0,3
1778661634.67495,2049,0,3
1778661634.679324,2132,0,3
1778661634.680137,1954,0,3
1778661634.680217,2056,0,3
1778661634.682276,2088,0,3
1778661634.685824,1723,0,3
1778661634.689547,2195,0,3
1778661634.6899781,2215,0,3
1778661634.691963,2096,0,3
1778661634.693269,2126,0,3
1778661634.694564,1946,0,3
1778661634.7012239,934,0,3
1778661634.7016242,2346,0,3
1778661634.701687,2833,0,3
1778661634.702945,1958,0,3
1778661634.704448,1676,0,3
1778661634.707762,2153,0,3
1778661634.71009,2251,0,3
1778661634.711712,2021,0,3
1778661634.7130098,1858,0,3
1778661634.7143009,2040,0,3
1778661634.717013,1885,0,3
1778661634.718338,1849,0,3
1778661634.72089,2223,0,3
1778661634.725117,2023,0,3
1778661634.7259252,2004,0,3
1778661634.7276359,2024,0,3
1778661634.729352,2079,0,3
1778661634.730571,2255,0,3
1778661634.732419,1956,0,3
1778661634.734729,1819,0,3
1778661634.736974,1681,0,3
1778661634.7382662,2283,0,3
1778661634.740698,1872,0,3
1778661634.743264,2155,0,3
1778661634.744514,2359,0,3
1778661634.75157,1161,0,3
1778661634.7520268,2191,0,3
1778661634.7531672,2501,0,3
1778661634.753283,2103,0,3
1778661634.755133,2122,0,3
1778661634.757066,1871,0,3
1778661634.7585201,1736,0,3
1778661634.760747,2146,0,3
1778661634.762827,2319,0,3
1778661634.765387,1987,0,3
1778661634.766686,2198,0,3
1778661634.7692769,1907,0,3
1778661634.770568,2078,0,3
1778661634.776126,1847,0,3
1778661634.77658,2069,0,3
1778661634.776973,2127,0,3
1778661634.778599,1847,0,3
1778661634.781727,1738,0,3
1778661634.7854311,2057,0,3
1778661634.7855449,2315,0,3
1778661634.7876759,1853,0,3
1778661634.7889762,2121,0,3
1778661634.790268,2315,0,3
1778661634.792812,1952,0,3
1778661634.795357,2064,0,3
1778661634.8008819,1959,0,3
1778661634.8017411,1922,0,3
1778661634.8029802,2143,0,3
1778661634.803091,2219,0,3
1778661634.8048482,2091,0,3
1778661634.806721,1717,0,3
1778661634.80998,2263,0,3
1778661634.811478,2073,0,3
1778661634.8127658,1981,0,3
1778661634.8153129,1991,0,3
1778661634.81667,1813,0,3
1778661634.819223,2072,0,3
1778661634.820509,2460,0,3
1778661634.8247092,2419,0,3
1778661634.825082,1528,0,3
1778661634.827032,2118,0,3
1778661634.829152,1665,0,3
1778661634.830678,1860,0,3
1778661634.834083,2030,0,3
1778661634.834265,2033,0,3
1778661634.837018,2015,0,3
1778661634.838315,2055,0,3
1778661634.8408651,2185,0,3
1778661634.843423,2146,0,3
1778661634.844831,1999,0,3
1778661634.850503,1938,0,3
1778661634.850594,1980,0,3
1778661634.852864,1644,0,3
1778661634.853293,2125,0,3
1778661634.8576078,2324,0,3
1778661634.857713,1523,0,3
1778661634.859602,1972,0,3
1778661634.861009,2111,0,3
1778661634.8623219,1795,0,3
1778661634.864875,2292,0,3
1778661634.866163,2120,0,3
1778661634.872509,2053,0,3
1778661634.8729012,2066,0,3
1778661634.874349,2027,0,3
1778661634.874462,2016,0,3
1778661634.8778381,2012,0,3
1778661634.881032,1942,0,3
1778661634.88121,1850,0,3
1778661634.883209,2001,0,3
1778661634.884505,1880,0,3
1778661634.887053,1940,0,3
1778661634.888339,2081,0,3
1778661634.890885,2278,0,3
1778661634.895864,2104,0,3
1778661634.896826,1940,0,3
1778661634.897923,1847,0,3
1778661634.900038,2049,0,3
1778661634.902783,2036,0,3
1778661634.902921,2112,0,3
1778661634.9050062,1964,0,3
1778661634.906849,2042,0,3
1778661634.909428,2010,0,3
1778661634.91072,1993,0,3
1778661634.91327,1951,0,3
1778661634.914558,2250,0,3
1778661634.918999,2012,0,3
1778661634.919447,1726,0,3
1778661634.9213598,1656,0,3
1778661634.92313,2370,0,3
1778661634.924617,2123,0,3
1778661634.928038,1372,0,3
1778661634.929514,2081,0,3
1778661634.930801,1968,0,3
1778661634.9330509,2014,0,3
1778661634.9344242,2107,0,3
1778661634.936796,2089,0,3
1778661634.9427001,2130,0,3
1778661634.9431522,2181,0,3
1778661634.943545,2138,0,3
1778661634.945266,1939,0,3
1778661634.946881,1754,0,3
1778661634.948621,2006,0,3
1778661634.951796,2190,0,3
1778661634.9536378,2024,0,3
1778661634.9549341,1958,0,3
1778661634.956219,2080,0,3
1778661634.958712,2083,0,3
1778661634.9611819,1970,0,3
1778661634.965642,2013,0,3
1778661634.966401,1993,0,3
1778661634.967156,2077,0,3
1778661634.968499,1827,0,3
1778661634.971499,1760,0,3
1778661634.9731572,2324,0,3
1778661634.9751198,2037,0,3
1778661634.977022,1738,0,3
1778661634.9783192,2006,0,3
1778661634.980862,1846,0,3
1778661634.983434,2092,0,3
1778661634.984726,2180,0,3
1778661634.990019,2073,0,3
1778661634.990767,2128,0,3
1778661634.99145,2316,0,3
1778661634.994008,2070,0,3
1778661634.9968581,2043,0,3
1778661634.996951,1666,0,3
1778661634.998911,1962,0,3
1778661635.000978,2197,0,3
1778661635.002282,2008,0,3
1778661635.0048242,2072,0,3
1778661635.007367,2148,0,3
1778661635.008651,1890,0,3
1778661635.013545,2012,0,3
1778661635.013959,2107,0,3
1778661635.01748,2011,0,3
1778661635.01792,1755,0,3
1778661635.020341,1896,0,3
1778661635.020427,2413,0,3
1778661635.022476,2057,0,3
1778661635.025172,2365,0,3
1778661635.026457,2216,0,3
1778661635.0290382,1854,0,3
1778661635.0303319,2042,0,3
1778661635.0363362,2078,0,3
1778661635.0370429,1766,0,3
1778661635.038346,2274,0,3
1778661635.038534,2122,0,3
1778661635.041594,1978,0,3
1778661635.043005,2258,0,3
1778661635.0449889,2144,0,3
1778661635.046478,1687,0,3
1778661635.049031,2178,0,3
1778661635.0504808,2078,0,3
1778661635.0530891,2159,0,3
1778661635.054379,1982,0,3
1778661635.05918,1376,0,3
1778661635.0595891,2318,0,3
1778661635.061888,2467,0,3
1778661635.063807,2063,0,3
1778661635.066429,1884,0,3
1778661635.068584,2469,0,3
1778661635.068694,2446,0,3
1778661635.07146,1120,0,3
1778661635.0727549,2116,0,3
1778661635.075308,1987,0,3
1778661635.0765939,2262,0,3
1778661635.079005,2642,0,3
1778661635.082798,1498,0,3
1778661635.084875,1771,0,3
1778661635.084979,2912,0,3
1778661635.086346,1712,0,3
1778661635.089495,1677,0,3
1778661635.091558,2602,0,3
1778661635.093302,2835,0,3
1778661635.0946848,869,0,3
1778661635.09726,3361,0,3
1778661635.098547,2708,0,3
1778661635.101003,550,0,3
1778661635.105599,1151,0,3
1778661635.1059809,4095,0,3
1778661635.107614,3255,0,3
1778661635.109488,1635,0,3
1778661635.111968,1561,0,3
1778661635.11407,1529,0,3
1778661635.115532,1035,0,3
1778661635.1168902,2677,0,3
1778661635.118177,2040,0,3
1778661635.1207309,2543,0,3
1778661635.1232781,3389,0,3
1778661635.124602,536,0,3
1778661635.128458,0,0,3
1778661635.1285288,1454,0,3
1778661635.1306581,2762,0,3
1778661635.132847,2105,0,3
1778661635.135232,882,0,3
1778661635.1374452,1766,0,3
1778661635.139352,3312,0,3
1778661635.1406379,835,0,3
1778661635.14323,396,0,3
1778661635.144511,3045,0,3
1778661635.1470542,1102,0,3
1778661635.151198,702,0,3
1778661635.1512692,2240,0,3
1778661635.1533241,1964,0,3
1778661635.1548312,1494,0,3
1778661635.157639,1862,0,3
1778661635.160056,1575,0,3
1778661635.16182,2108,0,3
1778661635.1631098,2586,0,3
1778661635.164395,2055,0,3
1778661635.166938,1708,0,3
1778661635.16824,945,0,3
1778661635.173537,2002,0,3
1778661635.174287,1182,0,3
1778661635.17437,1707,0,3
1778661635.1774871,2314,0,3
1778661635.180341,2256,0,3
1778661635.1827211,2035,0,3
1778661635.184973,845,0,3
1778661635.1851158,987,0,3
1778661635.186413,3614,0,3
1778661635.189002,1978,0,3
1778661635.190291,1487,0,3
1778661635.192831,2343,0,3
1778661635.19804,243,0,3
1778661635.198449,2503,0,3
1778661635.199928,2851,0,3
1778661635.2018611,2072,0,3
1778661635.204434,2357,0,3
1778661635.204521,819,0,3
1778661635.207026,1214,0,3
1778661635.2087958,2557,0,3
1778661635.2111402,3657,0,3
1778661635.21247,2677,0,3
1778661635.215029,537,0,3
1778661635.217079,1768,0,3
1778661635.222502,3116,0,3
1778661635.2232618,1982,0,3
1778661635.224635,1610,0,3
1778661635.22476,2518,0,3
1778661635.227374,1282,0,3
1778661635.2533498,3666,0,3
1778661635.256512,1695,0,3
1778661635.258904,1534,0,3
1778661635.258933,1749,0,3
1778661635.258955,3310,0,3
1778661635.258977,1193,0,3
1778661635.258998,3057,0,3
1778661635.259019,2993,0,3
1778661635.259038,921,0,3
1778661635.259059,1772,0,3
1778661635.25908,4067,0,3
1778661635.25919,2636,0,3
1778661635.2592158,3075,0,3
1778661635.263308,317,0,3
1778661635.265568,3173,0,3
1778661635.2656078,3487,0,3
1778661635.265633,2937,0,3
1778661635.2656572,1737,0,3
1778661635.265731,221,0,3
1778661635.309574,1935,0,3
1778661635.309624,3527,0,3
1778661635.399775,2544,0,3
1778661635.399866,2440,0,3
1778661635.454891,2140,0,3
1778661635.4554582,2371,0,3
1778661635.4560618,2099,0,3
1778661635.4561532,2489,0,3
1778661635.4562,3070,0,3
1778661635.456223,663,0,3
1778661635.456246,1809,0,3
1778661635.45627,3134,0,3
1778661635.456295,3256,0,3
1778661635.456319,1951,0,3
1778661635.456545,1973,0,3
1778661635.456588,2561,0,3
1778661635.456822,2404,0,3
1778661635.4572911,4095,0,3
1778661635.457319,585,0,3
1778661635.457344,2807,0,3
1778661635.4574552,2689,0,3
1778661635.4582138,2569,0,3
1778661635.4582431,943,0,3
1778661635.458269,2766,0,3
1778661635.458293,3383,0,3
1778661635.458316,2022,0,3
1778661635.458339,3501,0,3
1778661635.458362,2817,0,3
1778661635.458383,873,0,3
1778661635.4618208,3043,0,3
1778661635.461921,2661,0,3
1778661635.461974,975,0,3
1778661635.462024,2520,0,3
1778661635.4620721,1613,0,3
1778661635.505551,2309,0,3
1778661635.505643,2768,0,3
1778661635.505697,3193,0,3
1778661635.5057468,2670,0,3
1778661635.505936,3079,0,3
1778661635.505997,2305,0,3
1778661635.506047,3073,0,3
1778661635.506173,1611,0,3
1778661635.506434,4095,0,3
1778661635.506815,884,0,3
1778661635.506855,2886,0,3
1778661635.5068831,2097,0,3
1778661635.506908,1898,0,3
1778661635.5069308,2303,0,3
1778661635.506955,3228,0,3
1778661635.506979,3150,0,3
1778661635.507002,1668,0,3
1778661635.5070238,2781,0,3
1778661635.50705,2807,0,3
1778661635.507072,2837,0,3
1778661635.507094,3602,0,3
1778661635.507116,827,0,3
1778661635.507139,1884,0,3
1778661635.507162,3693,0,3
1778661635.507218,2849,0,3
1778661635.507242,1997,0,3
1778661635.507301,2699,0,3
1778661635.507371,3184,0,3
1778661635.507421,2803,0,3
1778661635.5085282,2838,0,3
1778661635.508597,2484,0,3
1778661635.50865,2642,0,3
1778661635.508702,2687,0,3
1778661635.5087512,2145,0,3
1778661635.5087948,696,0,3
1778661635.508843,2591,0,3
1778661635.5088902,3279,0,3
1778661635.50894,3326,0,3
1778661635.508988,1489,0,3
1778661635.509036,2610,0,3
1778661635.509084,2502,0,3
1778661635.509135,1018,0,3
1778661635.509395,3145,0,3
1778661635.509463,2513,0,3
1778661635.50953,1368,0,3
1778661635.509566,2510,0,3
1778661635.509655,2248,0,3
1778661635.5097868,2116,0,3
1778661635.509923,2036,0,3
1778661635.510184,2507,0,3
1778661635.510245,1890,0,3
1778661635.510554,3094,0,3
1778661635.510589,2139,0,3
1778661635.510614,2110,0,3
1778661635.510637,2010,0,3
1778661635.510804,2201,0,3
1778661635.510831,2527,0,3
1778661635.5108669,924,0,3
1778661635.510891,2213,0,3
1778661635.510914,3316,0,3
1778661635.510937,1807,0,3
1778661635.5109591,2152,0,3
1778661635.5109818,2187,0,3
1778661635.511005,2163,0,3
1778661635.511028,1882,0,3
1778661635.51105,1492,0,3
1778661635.511071,755,0,3
1778661635.511093,4095,0,3
1778661635.5113049,2773,0,3
1778661635.511328,1420,0,3
1778661635.511561,2102,0,3
1778661635.511632,2097,0,3
1778661635.5116868,2065,0,3
1778661635.511737,2035,0,3
1778661635.5118122,1518,0,3
1778661635.511936,2699,0,3
1778661635.5119889,3214,0,3
1778661635.512034,803,0,3
1778661635.560781,2575,0,3
1778661635.5630238,2113,0,3
1778661635.563083,1032,0,3
1778661635.571958,2041,0,3
1778661635.5841641,1561,0,3
1778661635.584214,2388,0,3
1778661635.584241,2354,0,3
1778661635.584267,3187,0,3
1778661635.584437,1025,0,3
1778661635.584636,1839,0,3
1778661635.584672,2527,0,3
1778661635.584697,2461,0,3
1778661635.5848188,2114,0,3
1778661635.584992,2406,0,3
1778661635.5850182,2099,0,3
1778661635.585042,1073,0,3
1778661635.585155,1866,0,3
1778661635.585181,2704,0,3
1778661635.585352,2303,0,3
1778661635.585443,2337,0,3
1778661635.585551,2177,0,3
1778661635.585682,2685,0,3
1778661635.585796,1556,0,3
1778661635.5858822,1451,0,3
1778661635.585946,2820,0,3
1778661635.5860312,1740,0,3
1778661635.5861828,2714,0,3
1778661635.586209,1111,0,3
1778661635.5862331,1689,0,3
1778661635.5862558,3036,0,3
1778661635.586278,562,0,3
1778661635.586323,2540,0,3
1778661635.586396,3502,0,3
1778661635.586468,1431,0,3
1778661635.586533,1744,0,3
1778661635.586588,2624,0,3
1778661635.586676,1851,0,3
1778661635.58675,2774,0,3
1778661635.5868502,1524,0,3
1778661635.586967,1405,0,3
1778661635.587064,2602,0,3
1778661635.58713,2201,0,3
1778661635.5871758,2874,0,3
1778661635.587256,788,0,3
1778661635.5873358,2520,0,3
1778661635.587361,2577,0,3
1778661635.5873852,1666,0,3
1778661635.58747,3131,0,3
1778661635.5875509,3462,0,3
1778661635.588874,0,0,3
1778661635.5902069,2768,0,3
1778661635.598151,2952,0,3
1778661635.5986738,1590,0,3
1778661635.601054,2675,0,3
1778661635.6011379,2807,0,3
1778661635.601197,2363,0,3
1778661635.603339,1963,0,3
1778661635.604943,2101,0,3
1778661635.6062982,2437,0,3
1778661635.611066,2380,0,3
1778661635.611218,1232,0,3
1778661635.612813,2110,0,3
1778661635.61539,2189,0,3
1778661635.617363,393,0,3
1778661635.6225479,2821,0,3
1778661635.626025,2926,0,3
1778661635.626858,1977,0,3
1778661635.627331,2176,0,3
1778661635.627789,2583,0,3
1778661635.62972,2358,0,3
1778661635.634849,1975,0,3
1778661635.634947,1882,0,3
1778661635.635065,1767,0,3
1778661635.637009,2450,0,3
1778661635.638314,2245,0,3
1778661635.640908,2081,0,3
1778661635.64221,2259,0,3
1778661635.6445389,1851,0,3
1778661635.6509068,2237,0,3
1778661635.6513212,2376,0,3
1778661635.6521652,1709,0,3
1778661635.6555068,2185,0,3
1778661635.657166,2099,0,3
1778661635.66416,2307,0,3
1778661635.664289,1974,0,3
1778661635.6644008,1857,0,3
1778661635.664549,2273,0,3
1778661635.664654,1821,0,3
1778661635.666775,2153,0,3
1778661635.669309,2169,0,3
1778661635.670648,2453,0,3
1778661635.676568,1634,0,3
1778661635.676981,1901,0,3
1778661635.677739,2021,0,3
1778661635.679164,2418,0,3
1778661635.681076,2195,0,3
1778661635.689107,2129,0,3
1778661635.6894221,2075,0,3
1778661635.691135,2136,0,3
1778661635.691181,2036,0,3
1778661635.6916852,2305,0,3
1778661635.692978,2206,0,3
1778661635.6942651,2014,0,3
1778661635.696813,1807,0,3
1778661635.699358,2091,0,3
1778661635.700803,2034,0,3
1778661635.7054222,1889,0,3
1778661635.706155,2156,0,3
1778661635.707489,1846,0,3
1778661635.7092638,2026,0,3
1778661635.711,1983,0,3
1778661635.7182348,1806,0,3
1778661635.718697,1906,0,3
1778661635.718724,2025,0,3
1778661635.7187479,2038,0,3
1778661635.721379,1987,0,3
1778661635.72267,2138,0,3
1778661635.7274601,1945,0,3
1778661635.7275012,1764,0,3
1778661635.730979,1830,0,3
1778661635.731353,1920,0,3
1778661635.7343218,2025,0,3
1778661635.734391,1941,0,3
1778661635.738991,2128,0,3
1778661635.7394361,1658,0,3
1778661635.740895,2182,0,3
1778661635.742215,2074,0,3
1778661635.7447839,2043,0,3
1778661635.747343,1833,0,3
1778661635.748647,1951,0,3
1778661635.755051,2150,0,3
1778661635.7552261,2417,0,3
1778661635.758823,1846,0,3
1778661635.762817,2185,0,3
1778661635.768023,2373,0,3
1778661635.768393,2206,0,3
1778661635.7685199,1990,0,3
1778661635.768652,1942,0,3
1778661635.7687922,2038,0,3
1778661635.768846,2110,0,3
1778661635.7705889,2095,0,3
1778661635.773163,2067,0,3
1778661635.774463,2158,0,3
1778661635.77868,2051,0,3
1778661635.779038,1842,0,3
1778661635.781145,1813,0,3
1778661635.7828748,1932,0,3
1778661635.784992,2006,0,3
1778661635.7863228,1991,0,3
1778661635.7910762,1947,0,3
1778661635.79139,2092,0,3
1778661635.793261,2082,0,3
1778661635.794592,1917,0,3
1778661635.7972229,1697,0,3
1778661635.798527,1943,0,3
1778661635.8006248,1999,0,3
1778661635.806437,2010,0,3
1778661635.806885,1931,0,3
1778661635.810517,1962,0,3
1778661635.8116639,1983,0,3
1778661635.812793,1880,0,3
1778661635.8132129,1767,0,3
1778661635.819251,1775,0,3
1778661635.819478,1866,0,3
1778661635.819668,1897,0,3
1778661635.821602,1898,0,3
1778661635.822915,1878,0,3
1778661635.824246,2010,0,3
1778661635.829377,1907,0,3
1778661635.830384,1748,0,3
1778661635.8304799,1790,0,3
1778661635.834699,1937,0,3
1778661635.835086,1988,0,3
1778661635.8372118,1961,0,3
1778661635.841735,1913,0,3
1778661635.841957,2033,0,3
1778661635.844181,2087,0,3
1778661635.844219,1993,0,3
1778661635.846883,1892,0,3
1778661635.8481832,1980,0,3
1778661635.850875,2094,0,3
1778661635.8521678,2107,0,3
1778661635.85741,2013,0,3
1778661635.859972,2040,0,3
1778661635.861987,2137,0,3
1778661635.8623621,2002,0,3
1778661635.863122,1897,0,3
1778661635.8699908,1927,0,3
1778661635.870164,2072,0,3
1778661635.870263,2105,0,3
1778661635.870375,2041,0,3
1778661635.873319,2060,0,3
1778661635.874611,2174,0,3
1778661635.877455,2087,0,3
1778661635.885398,1957,0,3
1778661635.886127,1864,0,3
1778661635.886252,2011,0,3
1778661635.88702,2063,0,3
1778661635.887645,1985,0,3
1778661635.893386,1979,0,3
1778661635.893614,2074,0,3
1778661635.8939059,2029,0,3
1778661635.8956501,1946,0,3
1778661635.8969522,1863,0,3
1778661635.8982441,1947,0,3
1778661635.900838,1964,0,3
1778661635.902169,2059,0,3
1778661635.904879,1967,0,3
1778661635.908538,1982,0,3
1778661635.909339,2060,0,3
1778661635.911026,1956,0,3
1778661635.913193,1781,0,3
1778661635.9158962,1879,0,3
1778661635.920423,1965,0,3
1778661635.9207911,2039,0,3
1778661635.921029,2032,0,3
1778661635.922912,2001,0,3
1778661635.924212,2106,0,3
1778661635.926768,2057,0,3
1778661635.93079,1923,0,3
1778661635.931537,2021,0,3
1778661635.934985,2158,0,3
1778661635.935101,1910,0,3
1778661635.9369118,1974,0,3
1778661635.938446,1911,0,3
1778661635.942889,2084,0,3
1778661635.9430258,2149,0,3
1778661635.9446452,1993,0,3
1778661635.947208,1477,0,3
1778661635.9485078,1567,0,3
1778661635.9510999,1972,0,3
1778661635.9524548,2099,0,3
1778661635.960877,2061,0,3
1778661635.961021,2111,0,3
1778661635.962209,2159,0,3
1778661635.9625878,1911,0,3
1778661635.96295,1858,0,3
1778661635.966215,1882,0,3
1778661635.970668,2082,0,3
1778661635.970905,2159,0,3
1778661635.971072,2003,0,3
1778661635.973034,2058,0,3
1778661635.97439,2141,0,3
1778661635.9769878,1857,0,3
1778661635.981614,1865,0,3
1778661635.982052,1973,0,3
1778661635.983681,2155,0,3
1778661635.985534,2180,0,3
1778661635.987365,2128,0,3
1778661635.988916,1957,0,3
1778661635.995213,2026,0,3
1778661635.995308,2092,0,3
1778661635.995467,2088,0,3
1778661635.9968388,1957,0,3
1778661635.9995399,2130,0,3
1778661636.0008802,1952,0,3
1778661636.0021791,2047,0,3
1778661636.010926,2110,0,3
1778661636.011061,2053,0,3
1778661636.011202,2071,0,3
1778661636.011341,2009,0,3
1778661636.0138729,1868,0,3
1778661636.021027,1943,0,3
1778661636.021201,2054,0,3
1778661636.021533,2087,0,3
1778661636.0233788,2079,0,3
1778661636.023488,2054,0,3
1778661636.024794,2109,0,3
1778661636.026578,2037,0,3
1778661636.031689,1950,0,3
1778661636.032396,1837,0,3
1778661636.034225,1972,0,3
1778661636.0344388,2066,0,3
1778661636.037899,2057,0,3
1778661636.039459,1980,0,3
1778661636.044128,2080,0,3
1778661636.044281,2127,0,3
1778661636.044545,1975,0,3
1778661636.04723,1843,0,3
1778661636.048525,1955,0,3
1778661636.05136,2023,0,3
1778661636.0527282,2061,0,3
1778661636.055296,2020,0,3
1778661636.062527,2038,0,3
1778661636.062745,2105,0,3
1778661636.062849,2030,0,3
1778661636.0645041,1913,0,3
1778661636.064874,1908,0,3
1778661636.072177,2045,0,3
1778661636.072236,2072,0,3
1778661636.072343,2051,0,3
1778661636.072521,2016,0,3
1778661636.075304,2117,0,3
1778661636.0767722,2063,0,3
1778661636.082579,1933,0,3
1778661636.082644,1882,0,3
1778661636.084873,2021,0,3
1778661636.086503,2063,0,3
1778661636.086832,2062,0,3
1778661636.088643,1991,0,3
1778661636.0942059,2095,0,3
1778661636.094485,2073,0,3
1778661636.0946739,1947,0,3
1778661636.096235,1816,0,3
1778661636.098797,1959,0,3
1778661636.100256,2060,0,3
1778661636.102887,2071,0,3
1778661636.104186,1996,0,3
1778661636.111136,2029,0,3
1778661636.1123588,2117,0,3
1778661636.112566,2036,0,3
1778661636.1126761,1925,0,3
1778661636.11448,1936,0,3
1778661636.117665,2039,0,3
1778661636.122178,2094,0,3
1778661636.122396,2064,0,3
1778661636.122562,2050,0,3
1778661636.125512,2216,0,3
1778661636.126868,2105,0,3
1778661636.135131,1923,0,3
1778661636.136365,1840,0,3
1778661636.137093,1994,0,3
1778661636.138593,2074,0,3
1778661636.13941,2080,0,3
1778661636.144872,1998,0,3
1778661636.1449878,2049,0,3
1778661636.1451678,2106,0,3
1778661636.145397,1999,0,3
1778661636.147295,1872,0,3
1778661636.148593,1979,0,3
1778661636.151579,2033,0,3
1778661636.152904,2074,0,3
1778661636.154339,2006,0,3
1778661636.15696,2038,0,3
1778661636.158269,2120,0,3
1778661636.169395,2040,0,3
1778661636.178237,1912,0,3
1778661636.180436,1914,0,3
1778661636.18048,2054,0,3
1778661636.1805062,2099,0,3
1778661636.180619,2037,0,3
1778661636.180757,1993,0,3
1778661636.180816,2103,0,3
1778661636.1808681,2033,0,3
1778661636.180917,1900,0,3
1778661636.181021,1833,0,3
1778661636.182389,2024,0,3
1778661636.185054,2081,0,3
1778661636.1983008,2088,0,3
1778661636.202982,2015,0,3
1778661636.203559,2071,0,3
1778661636.203927,2085,0,3
1778661636.205618,1990,0,3
1778661636.206469,1867,0,3
1778661636.206583,1965,0,3
1778661636.206638,2041,0,3
1778661636.206688,2089,0,3
1778661636.2067368,2016,0,3
1778661636.2086852,2034,0,3
1778661636.20875,2088,0,3
1778661636.2113888,1958,0,3
1778661636.2126982,1845,0,3
1778661636.215355,1876,0,3
1778661636.2166688,2019,0,3
1778661636.228374,2073,0,3
1778661636.234623,2065,0,3
1778661636.23525,2031,0,3
1778661636.2356281,2120,0,3
1778661636.2380722,2067,0,3
1778661636.238276,1916,0,3
1778661636.2383602,1834,0,3
1778661636.238414,1996,0,3
1778661636.238463,2093,0,3
1778661636.238633,2114,0,3
1778661636.2387462,1918,0,3
1778661636.241531,2027,0,3
1778661636.2517812,2092,0,3
1778661636.255797,1955,0,3
1778661636.2623732,1822,0,3
1778661636.264781,1949,0,3
1778661636.264853,2013,0,3
1778661636.2649071,2060,0,3
1778661636.264958,1979,0,3
1778661636.265007,2022,0,3
1778661636.265058,2107,0,3
1778661636.265106,2022,0,3
1778661636.2651782,1896,0,3
1778661636.2652411,1934,0,3
1778661636.266457,2095,0,3
1778661636.269087,2004,0,3
1778661636.2704399,2050,0,3
1778661636.273126,2099,0,3
1778661636.274472,2045,0,3
1778661636.2801092,2030,0,3
1778661636.281413,1920,0,3
1778661636.282764,1855,0,3
1778661636.283044,2042,0,3
1778661636.287332,2008,0,3
1778661636.293198,2055,0,3
1778661636.293549,2006,0,3
1778661636.294058,2094,0,3
1778661636.296077,2121,0,3
1778661636.296315,1999,0,3
1778661636.29641,1880,0,3
1778661636.29905,1989,0,3
1778661636.3005319,2050,0,3
1778661636.306164,2046,0,3
1778661636.3078249,2029,0,3
1778661636.308438,2117,0,3
1778661636.310473,2172,0,3
1778661636.311007,2085,0,3
1778661636.317622,1918,0,3
1778661636.318393,1882,0,3
1778661636.318634,2039,0,3
1778661636.318796,2092,0,3
1778661636.320661,2078,0,3
1778661636.323338,2026,0,3
1778661636.324714,2130,0,3
1778661636.327324,2022,0,3
1778661636.328675,1949,0,3
1778661636.337568,1890,0,3
1778661636.339254,2051,0,3
1778661636.3415282,2091,0,3
1778661636.342589,2105,0,3
1778661636.344078,1999,0,3
1778661636.344588,2112,0,3
1778661636.3462908,2128,0,3
1778661636.350548,2005,0,3
1778661636.3529348,1875,0,3
1778661636.353023,2000,0,3
1778661636.35315,2094,0,3
1778661636.353222,2108,0,3
1778661636.3546,2013,0,3
1778661636.3575838,2041,0,3
1778661636.362396,2123,0,3
1778661636.362998,2043,0,3
1778661636.364547,1914,0,3
1778661636.3661,1881,0,3
1778661636.368802,2071,0,3
1778661636.369796,2177,0,3
1778661636.3724968,2069,0,3
1778661636.375911,1996,0,3
1778661636.3762581,2151,0,3
1778661636.37671,2186,0,3
1778661636.379013,1909,0,3
1778661636.3803892,1795,0,3
1778661636.3830311,1997,0,3
1778661636.384353,2084,0,3
1778661636.386965,2081,0,3
1778661636.388373,1988,0,3
1778661636.396008,2085,0,3
1778661636.397644,2179,0,3
1778661636.4002602,2057,0,3
1778661636.400982,1828,0,3
1778661636.402936,1911,0,3
1778661636.404625,2078,0,3
1778661636.408292,2147,0,3
1778661636.410528,2000,0,3
1778661636.4111931,2013,0,3
1778661636.411312,2222,0,3
1778661636.411414,2094,0,3
1778661636.4127529,1904,0,3
1778661636.420435,1787,0,3
1778661636.423118,2024,0,3
1778661636.428864,2110,0,3
1778661636.434585,2095,0,3
1778661636.434707,2063,0,3
1778661636.434767,2080,0,3
1778661636.4348469,2013,0,3
1778661636.4348989,1951,0,3
1778661636.434953,1924,0,3
1778661636.435031,2066,0,3
1778661636.4350998,2097,0,3
1778661636.436471,2073,0,3
1778661636.439137,2004,0,3
1778661636.4405172,2077,0,3
1778661636.443156,2134,0,3
1778661636.451882,2014,0,3
1778661636.4523652,1931,0,3
1778661636.454802,2030,0,3
1778661636.4558258,2068,0,3
1778661636.456296,2122,0,3
1778661636.456456,2016,0,3
1778661636.4590662,2048,0,3
1778661636.462232,2146,0,3
1778661636.462589,2040,0,3
1778661636.4627368,1970,0,3
1778661636.464912,1950,0,3
1778661636.4665012,1998,0,3
1778661636.469724,2051,0,3
1778661636.477343,2063,0,3
1778661636.477744,2043,0,3
1778661636.479939,2108,0,3
1778661636.480098,2053,0,3
1778661636.481499,1937,0,3
1778661636.487293,1902,0,3
1778661636.487566,2023,0,3
1778661636.487799,2083,0,3
1778661636.488462,2121,0,3
1778661636.490533,2050,0,3
1778661636.490638,2085,0,3
1778661636.493335,2129,0,3
1778661636.494638,1984,0,3
1778661636.4972632,1858,0,3
1778661636.4986129,1982,0,3
1778661636.506281,2068,0,3
1778661636.507093,2108,0,3
1778661636.518314,2064,0,3
1778661636.5185878,2085,0,3
1778661636.518815,2143,0,3
1778661636.518924,2051,0,3
1778661636.519138,1886,0,3
1778661636.51936,1903,0,3
1778661636.521128,2047,0,3
1778661636.521675,2107,0,3
1778661636.522015,2066,0,3
1778661636.523396,2004,0,3
1778661636.5248861,2122,0,3
1778661636.5264692,2162,0,3
1778661636.531265,2062,0,3
1778661636.5321841,1812,0,3
1778661636.532743,1711,0,3
1778661636.535166,2152,0,3
1778661636.538327,2212,0,3
1778661636.538909,2045,0,3
1778661636.5414279,1970,0,3
1778661636.543713,1979,0,3
1778661636.5466518,2036,0,3
1778661636.546966,1995,0,3
1778661636.548384,2116,0,3
1778661636.55113,2121,0,3
1778661636.5525289,2024,0,3
1778661636.555177,2053,0,3
1778661636.556514,2132,0,3
1778661636.563762,1860,0,3
1778661636.56631,1714,0,3
1778661636.5695722,2239,0,3
1778661636.573267,2021,0,3
1778661636.576034,1978,0,3
1778661636.576202,1979,0,3
1778661636.576298,2146,0,3
1778661636.5765178,2148,0,3
1778661636.576767,2136,0,3
1778661636.577297,2030,0,3
1778661636.578996,1842,0,3
1778661636.580352,1843,0,3
1778661636.582981,1996,0,3
1778661636.59011,2040,0,3
1778661636.592295,2064,0,3
1778661636.592573,2117,0,3
1778661636.5947452,2103,0,3
1778661636.595743,2118,0,3
1778661636.596283,2076,0,3
1778661636.59775,1953,0,3
1778661636.5995562,1506,0,3
1778661636.602161,2000,0,3
1778661636.60239,2259,0,3
1778661636.604945,2234,0,3
1778661636.6062982,1911,0,3
1778661636.609004,2003,0,3
1778661636.610379,2341,0,3
1778661636.613083,2031,0,3
1778661636.6144152,1805,0,3
1778661636.623806,2079,0,3
1778661636.625754,2166,0,3
1778661636.627792,1810,0,3
1778661636.628425,2031,0,3
1778661636.6291,2321,0,3
1778661636.631207,2171,0,3
1778661636.633895,1814,0,3
1778661636.636136,1842,0,3
1778661636.636926,2126,0,3
1778661636.63703,2031,0,3
1778661636.637124,2082,0,3
1778661636.638603,1947,0,3
1778661636.641282,2053,0,3
1778661636.649023,2114,0,3
1778661636.650888,2075,0,3
1778661636.652317,1820,0,3
1778661636.654193,1904,0,3
1778661636.656439,2273,0,3
1778661636.6590981,1788,0,3
1778661636.659494,1547,0,3
1778661636.660031,2422,0,3
1778661636.66231,2364,0,3
1778661636.662627,1674,0,3
1778661636.662733,1855,0,3
1778661636.665361,2347,0,3
1778661636.66668,1940,0,3
1778661636.66933,2308,0,3
1778661636.670731,1719,0,3
1778661636.67904,1819,0,3
1778661636.6796129,2332,0,3
1778661636.681107,2169,0,3
1778661636.681349,1809,0,3
1778661636.681798,1912,0,3
1778661636.6854668,2116,0,3
1778661636.686103,2074,0,3
1778661636.6863098,2024,0,3
1778661636.691642,2062,0,3
1778661636.6921458,2057,0,3
1778661636.692628,2017,0,3
1778661636.695162,1943,0,3
1778661636.696595,1852,0,3
1778661636.699232,1839,0,3
1778661636.705834,2018,0,3
1778661636.708245,2242,0,3
1778661636.708537,1632,0,3
1778661636.7087731,1937,0,3
1778661636.709128,2482,0,3
1778661636.7115068,1876,0,3
1778661636.714008,1687,0,3
1778661636.7184682,1932,0,3
1778661636.718714,2056,0,3
1778661636.718869,2254,0,3
1778661636.720743,2319,0,3
1778661636.723395,1599,0,3
1778661636.7247539,2193,0,3
1778661636.72749,2262,0,3
1778661636.7288299,2030,0,3
1778661636.730207,1923,0,3
1778661636.739591,1713,0,3
1778661636.7398322,1899,0,3
1778661636.742089,2246,0,3
1778661636.7427142,2156,0,3
1778661636.743364,2107,0,3
1778661636.7436008,2145,0,3
1778661636.746808,1856,0,3
1778661636.7493818,1840,0,3
1778661636.749834,2098,0,3
1778661636.75243,1506,0,3
1778661636.752518,2170,0,3
1778661636.7551858,2096,0,3
1778661636.756567,1916,0,3
1778661636.7629619,2091,0,3
1778661636.763516,2007,0,3
1778661636.765206,2093,0,3
1778661636.765376,2088,0,3
1778661636.7684329,2076,0,3
1778661636.769485,2097,0,3
1778661636.771789,2127,0,3
1778661636.774328,2106,0,3
1778661636.774749,2139,0,3
1778661636.777097,1884,0,3
1778661636.7784839,1979,0,3
1778661636.781146,1856,0,3
1778661636.7824872,1834,0,3
1778661636.785095,1966,0,3
1778661636.786402,2230,0,3
1778661636.792044,2133,0,3
1778661636.793592,1899,0,3
1778661636.795239,2023,0,3
1778661636.79552,1966,0,3
1778661636.7983758,1702,0,3
1778661636.80061,1827,0,3
1778661636.802412,1902,0,3
1778661636.80251,2152,0,3
1778661636.8051322,2022,0,3
1778661636.807843,2076,0,3
1778661636.809241,1933,0,3
1778661636.810688,1955,0,3
1778661636.817705,1770,0,3
1778661636.820717,2011,0,3
1778661636.823373,2037,0,3
1778661636.8244538,1976,0,3
1778661636.82511,2061,0,3
1778661636.828099,2044,0,3
1778661636.8305469,2383,0,3
1778661636.830838,1555,0,3
1778661636.831303,2129,0,3
1778661636.8336582,2151,0,3
1778661636.8338401,2041,0,3
1778661636.835249,1994,0,3
1778661636.8366148,2045,0,3
1778661636.839366,2128,0,3
1778661636.840791,2139,0,3
1778661636.842247,2212,0,3
1778661636.849289,2039,0,3
1778661636.852124,1706,0,3
1778661636.852287,1927,0,3
1778661636.85425,2259,0,3
1778661636.854883,2328,0,3
1778661636.856384,1828,0,3
1778661636.858774,1722,0,3
1778661636.8612962,2305,0,3
1778661636.861435,2181,0,3
1778661636.863793,1851,0,3
1778661636.865412,1889,0,3
1778661636.8672068,1989,0,3
1778661636.8730931,2024,0,3
1778661636.876756,2057,0,3
1778661636.877161,1898,0,3
1778661636.8791099,2118,0,3
1778661636.880696,2146,0,3
1778661636.8825622,1952,0,3
1778661636.882702,1755,0,3
1778661636.884542,1806,0,3
1778661636.8894851,1845,0,3
1778661636.889649,1841,0,3
1778661636.8896809,1812,0,3
1778661636.8909912,1870,0,3
1778661636.892381,1901,0,3
1778661636.895104,1751,0,3
1778661636.8964632,1652,0,3
1778661636.899195,1734,0,3
1778661636.905225,1828,0,3
1778661636.906611,1852,0,3
1778661636.9073348,1941,0,3
1778661636.908809,1945,0,3
1778661636.909055,1890,0,3
1778661636.9114602,1903,0,3
1778661636.913392,1918,0,3
1778661636.914974,1622,0,3
1778661636.917291,1850,0,3
1778661636.919474,1964,0,3
1778661636.920852,1963,0,3
1778661636.922355,1970,0,3
1778661636.930323,1990,0,3
1778661636.932362,1987,0,3
1778661636.932857,1783,0,3
1778661636.9354508,1760,0,3
1778661636.936029,1931,0,3
1778661636.937262,2010,0,3
1778661636.937789,2032,0,3
1778661636.9395251,1948,0,3
1778661636.9420302,1986,0,3
1778661636.9444969,2040,0,3
1778661636.9446442,1930,0,3
1778661636.947347,1952,0,3
1778661636.9487622,1689,0,3
1778661636.951482,2031,0,3
1778661636.952898,2249,0,3
1778661636.954251,2104,0,3
1778661636.9608252,2022,0,3
1778661636.9630709,1834,0,3
1778661636.965237,1993,0,3
1778661636.965794,2038,0,3
1778661636.967344,2057,0,3
1778661636.96828,1967,0,3
1778661636.968353,2046,0,3
1778661636.972804,1967,0,3
1778661636.973151,1971,0,3
1778661636.975477,2162,0,3
1778661636.9768698,2140,0,3
1778661636.978334,2045,0,3
1778661636.987437,1889,0,3
1778661636.987625,1930,0,3
1778661636.987797,2152,0,3
1778661636.989666,1868,0,3
1778661636.990287,1844,0,3
1778661636.9922078,2056,0,3
1778661636.993098,2237,0,3
1778661636.9947479,1991,0,3
1778661636.997081,1802,0,3
1778661636.999427,1992,0,3
1778661637.0009549,2118,0,3
1778661637.002406,2135,0,3
1778661637.005173,2058,0,3
1778661637.006639,2078,0,3
1778661637.00943,2163,0,3
1778661637.014836,2082,0,3
1778661637.0158541,1931,0,3
1778661637.018092,1802,0,3
1778661637.021038,1948,0,3
1778661637.021722,2016,0,3
1778661637.022181,2078,0,3
1778661637.0227132,1858,0,3
1778661637.024801,2094,0,3
1778661637.027232,2168,0,3
1778661637.029046,1996,0,3
1778661637.0303512,1892,0,3
1778661637.032908,1877,0,3
1778661637.038506,1843,0,3
1778661637.039297,2187,0,3
1778661637.0397599,2078,0,3
1778661637.0427651,2034,0,3
1778661637.043275,2065,0,3
1778661637.04554,1987,0,3
1778661637.047044,1820,0,3
1778661637.049421,1959,0,3
1778661637.051678,2120,0,3
1778661637.053011,1967,0,3
1778661637.054306,2129,0,3
1778661637.0568671,1958,0,3
1778661637.058178,2160,0,3
1778661637.060732,2069,0,3
1778661637.063284,1862,0,3
1778661637.0685718,1881,0,3
1778661637.069479,2103,0,3
1778661637.069586,2128,0,3
1778661637.0713222,1948,0,3
1778661637.0729878,1904,0,3
1778661637.074888,2187,0,3
1778661637.07701,2325,0,3
1778661637.081187,2104,0,3
1778661637.081343,1191,0,3
1778661637.082675,1804,0,3
1778661637.0852952,2412,0,3
1778661637.090958,2304,0,3
1778661637.091037,1311,0,3
1778661637.092272,2188,0,3
1778661637.0935261,3406,0,3
1778661637.095909,1986,0,3
1778661637.097744,0,0,3
1778661637.1016011,2934,0,3
1778661637.1019268,3600,0,3
1778661637.1041138,2411,0,3
1778661637.104206,2336,0,3
1778661637.106773,1611,0,3
1778661637.108156,2386,0,3
1778661637.110712,1968,0,3
1778661637.113316,2387,0,3
1778661637.119157,2863,0,3
1778661637.11957,1828,0,3
1778661637.119694,2938,0,3
1778661637.121747,3171,0,3
1778661637.124198,768,0,3
1778661637.124325,1664,0,3
1778661637.127331,2169,0,3
1778661637.129523,3787,0,3
1778661637.131569,2101,0,3
1778661637.1329238,2349,0,3
1778661637.134269,1963,0,3
1778661637.139725,1643,0,3
1778661637.140105,1921,0,3
1778661637.1406279,3245,0,3
1778661637.142463,2354,0,3
1778661637.146085,2407,0,3
1778661637.147518,1156,0,3
1778661637.150056,2298,0,3
1778661637.150192,1713,0,3
1778661637.153093,2285,0,3
1778661637.1543849,2300,0,3
1778661637.156936,2869,0,3
1778661637.158238,2327,0,3
1778661637.1608891,1963,0,3
1778661637.1656919,2087,0,3
1778661637.16574,2200,0,3
1778661637.1682801,2046,0,3
1778661637.168352,2088,0,3
1778661637.1718771,1690,0,3
1778661637.173583,2691,0,3
1778661637.176262,1097,0,3
1778661637.176524,2068,0,3
1778661637.1793869,1809,0,3
1778661637.1806872,1931,0,3
1778661637.18656,1412,0,3
1778661637.18697,2695,0,3
1778661637.188114,2654,0,3
1778661637.189628,3702,0,3
1778661637.192745,929,0,3
1778661637.193559,1364,0,3
1778661637.194987,3360,0,3
1778661637.197448,392,0,3
1778661637.199701,2345,0,3
1778661637.201002,2710,0,3
1778661637.202297,2098,0,3
1778661637.20487,2000,0,3
1778661637.206188,3110,0,3
1778661637.208745,2701,0,3
1778661637.213608,1967,0,3
1778661637.213693,2920,0,3
1778661637.2158542,1987,0,3
1778661637.218195,1600,0,3
1778661637.2187688,2063,0,3
1778661637.2213812,1947,0,3
1778661637.224173,2746,0,3
1778661637.224312,2335,0,3
1778661637.227275,2837,0,3
1778661637.228566,2070,0,3
1778661637.234863,1220,0,3
1778661637.235733,3490,0,3
1778661637.2365131,2715,0,3
1778661637.236616,2315,0,3
1778661637.2396731,2180,0,3
1778661637.242835,595,0,3
1778661637.2430289,1671,0,3
1778661637.2457569,3873,0,3
1778661637.2477372,2960,0,3
1778661637.249048,2368,0,3
1778661637.25038,1310,0,3
1778661637.252775,2485,0,3
1778661637.25416,1798,0,3
1778661637.256716,2761,0,3
1778661637.261158,2908,0,3
1778661637.261282,1973,0,3
1778661637.2635279,1400,0,3
1778661637.2652678,2732,0,3
1778661637.268366,2693,0,3
1778661637.26849,1868,0,3
1778661637.271196,1392,0,3
1778661637.273141,1436,0,3
1778661637.274438,3053,0,3
1778661637.2769852,2943,0,3
1778661637.281214,925,0,3
1778661637.28196,2066,0,3
1778661637.284943,2990,0,3
1778661637.285299,3009,0,3
1778661637.2884429,1222,0,3
1778661637.288522,1427,0,3
1778661637.291303,2415,0,3
1778661637.293209,2155,0,3
1778661637.294512,1111,0,3
1778661637.297075,3093,0,3
1778661637.298369,1616,0,3
1778661637.300961,337,0,3
1778661637.3022919,2897,0,3
1778661637.306477,2592,0,3
1778661637.306526,2489,0,3
1778661637.308792,2971,0,3
1778661637.310192,2521,0,3
1778661637.3135219,1664,0,3
1778661637.317059,201,0,3
1778661637.3173602,2317,0,3
1778661637.319243,3196,0,3
1778661637.320551,3067,0,3
1778661637.323143,584,0,3
1778661637.3273458,2581,0,3
1778661637.327826,2444,0,3
1778661637.3295748,2715,0,3
1778661637.331019,2800,0,3
1778661637.334479,1729,0,3
1778661637.334624,3157,0,3
1778661637.337549,2032,0,3
1778661637.3395898,1616,0,3
1778661637.340917,1406,0,3
1778661637.342206,2679,0,3
1778661637.344755,2541,0,3
1778661637.347342,3111,0,3
1778661637.3486452,13,0,3
1778661637.352853,2958,0,3
1778661637.3536131,3677,0,3
1778661637.355327,2129,0,3
1778661637.357585,2947,0,3
1778661637.36037,2645,0,3
1778661637.3605068,2510,0,3
1778661637.363601,2224,0,3
1778661637.3652108,1838,0,3
1778661637.3668952,2009,0,3
1778661637.368219,2583,0,3
1778661637.3734531,1179,0,3
1778661637.374304,2103,0,3
1778661637.37469,2599,0,3
1778661637.377208,2354,0,3
1778661637.379313,2008,0,3
1778661637.3805819,2133,0,3
1778661637.3852642,2350,0,3
1778661637.385338,1410,0,3
1778661637.386629,2599,0,3
1778661637.3892338,2917,0,3
1778661637.390531,2536,0,3
1778661637.393075,1683,0,3
1778661637.394378,2315,0,3
1778661637.401577,1792,0,3
1778661637.402017,1714,0,3
1778661637.4027011,3813,0,3
1778661637.4028,507,0,3
1778661637.4051409,1852,0,3
1778661637.407872,1513,0,3
1778661637.4097621,2076,0,3
1778661637.411053,2338,0,3
1778661637.412344,2090,0,3
1778661637.414903,2262,0,3
1778661637.416189,2280,0,3
1778661637.418847,1512,0,3
1778661637.422676,2251,0,3
1778661637.425062,2099,0,3
1778661637.425222,2352,0,3
1778661637.4265778,2813,0,3
1778661637.429776,0,0,3
1778661637.4332259,1517,0,3
1778661637.434913,2084,0,3
1778661637.435308,3163,0,3
1778661637.436602,2015,0,3
1778661637.4391549,2036,0,3
1778661637.442848,1987,0,3
1778661637.443236,2136,0,3
1778661637.44529,2641,0,3
1778661637.4473999,1999,0,3
1778661637.453436,2198,0,3
1778661637.453553,1397,0,3
1778661637.453771,2071,0,3
1778661637.45561,1556,0,3
1778661637.4569018,1751,0,3
1778661637.458188,2180,0,3
1778661637.460732,3405,0,3
1778661637.4632802,330,0,3
1778661637.467681,893,0,3
1778661637.468432,2704,0,3
1778661637.470363,2904,0,3
1778661637.4704242,2375,0,3
1778661637.473341,1585,0,3
1778661637.475185,2235,0,3
1778661637.478487,2136,0,3
1778661637.4787898,1712,0,3
1778661637.480612,1980,0,3
1778661637.483649,2494,0,3
1778661637.484929,1835,0,3
1778661637.486197,2537,0,3
1778661637.4887419,1977,0,3
1778661637.493095,1758,0,3
1778661637.493505,2288,0,3
1778661637.496916,2779,0,3
1778661637.497292,1926,0,3
1778661637.500316,1836,0,3
1778661637.503808,1376,0,3
1778661637.504071,3091,0,3
1778661637.504169,1483,0,3
1778661637.5068312,2017,0,3
1778661637.508149,1692,0,3
1778661637.510709,2769,0,3
1778661637.513252,2273,0,3
1778661637.518801,3285,0,3
1778661637.5188859,536,0,3
1778661637.51933,912,0,3
1778661637.5207622,2948,0,3
1778661637.5221949,2140,0,3
1778661637.525378,2269,0,3
1778661637.528878,2696,0,3
1778661637.5290282,570,0,3
1778661637.530845,2253,0,3
1778661637.532172,2891,0,3
1778661637.534739,2318,0,3
1778661637.538211,2254,0,3
1778661637.538545,2176,0,3
1778661637.540639,2164,0,3
1778661637.543733,782,0,3
1778661637.545237,2765,0,3
1778661637.548922,1325,0,3
1778661637.5491352,2403,0,3
1778661637.55099,2737,0,3
1778661637.552278,1760,0,3
1778661637.554821,2516,0,3
1778661637.5561228,993,0,3
1778661637.5586681,2423,0,3
1778661637.564088,2964,0,3
1778661637.5649438,2260,0,3
1778661637.568328,2351,0,3
1778661637.5687208,587,0,3
1778661637.568785,2312,0,3
1778661637.57021,2626,0,3
1778661637.575139,3124,0,3
1778661637.575299,818,0,3
1778661637.5770502,1448,0,3
1778661637.57835,2570,0,3
1778661637.584328,2282,0,3
1778661637.585342,2014,0,3
1778661637.5854359,2310,0,3
1778661637.5868092,1930,0,3
1778661637.588633,2181,0,3
1778661637.5912771,2374,0,3
1778661637.594908,2333,0,3
1778661637.5950358,2062,0,3
1778661637.596736,1766,0,3
1778661637.599322,1746,0,3
1778661637.6006489,2055,0,3
1778661637.603203,2074,0,3
1778661637.604492,2368,0,3
1778661637.608945,2090,0,3
1778661637.609644,2200,0,3
1778661637.612745,2318,0,3
1778661637.612853,2260,0,3
1778661637.615474,1351,0,3
1778661637.66533,2237,0,3
1778661637.665442,2108,0,3
1778661637.665489,1407,0,3
1778661637.665538,3091,0,3
1778661637.6655629,1408,0,3
1778661637.665929,2568,0,3
1778661637.6660569,1770,0,3
1778661637.666085,1700,0,3
1778661637.6661088,2294,0,3
1778661637.666135,2258,0,3
1778661637.666228,2097,0,3
1778661637.6663291,2009,0,3
1778661637.666356,2185,0,3
1778661637.666379,2141,0,3
1778661637.6664371,1585,0,3
1778661637.666485,2143,0,3
1778661637.6665652,2430,0,3
1778661637.666594,2309,0,3
1778661637.6666188,908,0,3
1778661637.6666722,2429,0,3
1778661637.666697,1718,0,3
1778661637.666721,2739,0,3
1778661637.666744,2442,0,3
1778661637.6667662,2043,0,3
1778661637.666789,1561,0,3
1778661637.666811,2091,0,3
1778661637.668133,2177,0,3
1778661637.682176,2214,0,3
1778661637.686254,2131,0,3
1778661637.686365,2118,0,3
1778661637.686476,2136,0,3
1778661637.686823,2052,0,3
1778661637.687089,1982,0,3
1778661637.6871831,2075,0,3
1778661637.687316,2179,0,3
1778661637.687423,2132,0,3
1778661637.6892421,2052,0,3
1778661637.6905391,2055,0,3
1778661637.696616,2174,0,3
1778661637.696674,2104,0,3
1778661637.6976361,1951,0,3
1778661637.700437,1938,0,3
1778661637.700889,2142,0,3
1778661637.703666,2142,0,3
1778661637.707594,2132,0,3
1778661637.707725,2020,0,3
1778661637.709596,2111,0,3
1778661637.710895,2083,0,3
1778661637.712189,1959,0,3
1778661637.7147431,1854,0,3
1778661637.717354,1994,0,3
1778661637.722479,1955,0,3
1778661637.72326,2089,0,3
1778661637.724413,1991,0,3
1778661637.7245598,2033,0,3
1778661637.727489,2065,0,3
1778661637.72892,1984,0,3
1778661637.732911,1826,0,3
1778661637.734928,1831,0,3
1778661637.7350311,1971,0,3
1778661637.736324,1977,0,3
1778661637.742593,1929,0,3
1778661637.742683,1931,0,3
1778661637.74304,1969,0,3
1778661637.745016,1844,0,3
1778661637.746429,1744,0,3
1778661637.7534778,1781,0,3
1778661637.753611,1930,0,3
1778661637.753737,1991,0,3
1778661637.755571,1775,0,3
1778661637.7568681,1945,0,3
1778661637.758181,2082,0,3
1778661637.760726,2043,0,3
1778661637.76327,2119,0,3
1778661637.768297,1879,0,3
1778661637.768977,1932,0,3
1778661637.769023,1903,0,3
1778661637.7704399,2186,0,3
1778661637.773639,2060,0,3
1778661637.7790878,2055,0,3
1778661637.779176,2095,0,3
1778661637.7792552,1947,0,3
1778661637.780782,1850,0,3
1778661637.782462,1909,0,3
1778661637.7850492,2053,0,3
1778661637.7888799,2084,0,3
1778661637.788975,2013,0,3
1778661637.7912152,2065,0,3
1778661637.792769,2118,0,3
1778661637.794424,2072,0,3
1778661637.7995148,1906,0,3
1778661637.7997599,1846,0,3
1778661637.8016078,2041,0,3
1778661637.802909,2167,0,3
1778661637.804202,2158,0,3
1778661637.806748,2106,0,3
1778661637.809388,2161,0,3
1778661637.813471,2130,0,3
1778661637.813836,2022,0,3
1778661637.815993,1919,0,3
1778661637.817481,2086,0,3
1778661637.818936,2139,0,3
1778661637.820748,2176,0,3
1778661637.824474,2119,0,3
1778661637.824563,2126,0,3
1778661637.8272908,2167,0,3
1778661637.828587,2071,0,3
1778661637.831059,1971,0,3
1778661637.832345,2049,0,3
1778661637.835089,2146,0,3
1778661637.838432,2147,0,3
1778661637.838871,2119,0,3
1778661637.841053,2129,0,3
1778661637.842958,2208,0,3
1778661637.845584,2072,0,3
1778661637.84934,1988,0,3
1778661637.851017,1918,0,3
1778661637.851485,2100,0,3
1778661637.8527749,2123,0,3
1778661637.855387,2073,0,3
1778661637.856676,2059,0,3
1778661637.8592699,2237,0,3
1778661637.863266,2154,0,3
1778661637.8633568,2020,0,3
1778661637.865549,1755,0,3
1778661637.867254,1929,0,3
1778661637.869062,2103,0,3
1778661637.873771,2103,0,3
1778661637.8740969,1954,0,3
1778661637.8743098,2063,0,3
1778661637.876804,2180,0,3
1778661637.87817,2033,0,3
1778661637.880736,1925,0,3
1778661637.883501,1892,0,3
1778661637.8883789,1920,0,3
1778661637.8890738,2117,0,3
1778661637.889431,2119,0,3
1778661637.89083,2063,0,3
1778661637.8927748,2161,0,3
1778661637.895249,2077,0,3
1778661637.8989599,1937,0,3
1778661637.899083,1999,0,3
1778661637.900786,2011,0,3
1778661637.9021661,1986,0,3
1778661637.9047139,2043,0,3
1778661637.90727,1972,0,3
1778661637.908555,2073,0,3
1778661637.913517,2004,0,3
1778661637.9136078,1937,0,3
1778661637.9152179,1847,0,3
1778661637.917186,1997,0,3
1778661637.9198349,2126,0,3
1778661637.9235709,2151,0,3
1778661637.923709,2048,0,3
1778661637.9254332,2039,0,3
1778661637.926728,2013,0,3
1778661637.9292722,2018,0,3
1778661637.9305868,1890,0,3
1778661637.933871,1944,0,3
1778661637.9377122,2058,0,3
1778661637.938515,2164,0,3
1778661637.941233,2073,0,3
1778661637.942249,2027,0,3
1778661637.942869,2104,0,3
1778661637.944534,2122,0,3
1778661637.9481568,1974,0,3
1778661637.9482172,1827,0,3
1778661637.9510279,1934,0,3
1778661637.952327,2055,0,3
1778661637.9547,2141,0,3
1778661637.9572449,2077,0,3
1778661637.9585311,2129,0,3
1778661637.96435,2044,0,3
1778661637.965698,1959,0,3
1778661637.9676008,1847,0,3
1778661637.973171,2002,0,3
1778661637.97355,2080,0,3
1778661637.97364,2085,0,3
1778661637.97383,1986,0,3
1778661637.9763331,2102,0,3
1778661637.976358,2132,0,3
1778661637.978903,1921,0,3
1778661637.982361,1860,0,3
1778661637.9851809,1928,0,3
1778661637.985315,2017,0,3
1778661637.987038,2074,0,3
1778661637.988814,2031,0,3
1778661637.99369,2011,0,3
1778661637.993908,2117,0,3
1778661637.995556,2057,0,3
1778661637.996843,1925,0,3
1778661637.998152,1850,0,3
1778661638.0008252,2031,0,3
1778661638.002166,2069,0,3
1778661638.004728,2064,0,3
1778661638.009185,1996,0,3
1778661638.009214,2095,0,3
1778661638.011437,2100,0,3
1778661638.013694,1971,0,3
1778661638.020391,1856,0,3
1778661638.020651,2021,0,3
1778661638.02075,2074,0,3
1778661638.020833,2099,0,3
1778661638.0227158,2035,0,3
1778661638.02527,2065,0,3
1778661638.030175,2117,0,3
1778661638.030283,2026,0,3
1778661638.031042,1860,0,3
1778661638.041975,1927,0,3
1778661638.04454,2052,0,3
1778661638.044812,2104,0,3
1778661638.0449972,2067,0,3
1778661638.0451221,2048,0,3
1778661638.04527,2143,0,3
1778661638.045376,2070,0,3
1778661638.046883,1928,0,3
1778661638.048447,1873,0,3
1778661638.0513558,2020,0,3
1778661638.0528588,2084,0,3
1778661638.063287,2082,0,3
1778661638.0718021,2021,0,3
1778661638.0742788,2100,0,3
1778661638.074402,2097,0,3
1778661638.074432,1977,0,3
1778661638.074522,1858,0,3
1778661638.07459,2009,0,3
1778661638.07467,2050,0,3
1778661638.0747352,2092,0,3
1778661638.0748532,2030,0,3
1778661638.0749161,2083,0,3
1778661638.076229,2126,0,3
1778661638.081713,2012,0,3
1778661638.081801,1885,0,3
1778661638.084984,1899,0,3
1778661638.08563,2040,0,3
1778661638.087096,2083,0,3
1778661638.088732,2041,0,3
1778661638.09285,2014,0,3
1778661638.09295,2095,0,3
1778661638.0947561,2058,0,3
1778661638.0960588,1928,0,3
1778661638.098608,1848,0,3
1778661638.101204,2073,0,3
1778661638.102504,2108,0,3
1778661638.107244,2153,0,3
1778661638.108225,1973,0,3
1778661638.1083279,2034,0,3
1778661638.111588,2102,0,3
1778661638.113488,1948,0,3
1778661638.1184409,1869,0,3
1778661638.1189241,1959,0,3
1778661638.119072,2034,0,3
1778661638.1207979,2039,0,3
1778661638.122098,2007,0,3
1778661638.128129,2083,0,3
1778661638.128851,2150,0,3
1778661638.1294909,2083,0,3
1778661638.1325068,1923,0,3
1778661638.133348,1940,0,3
1778661638.135434,2067,0,3
1778661638.138827,2125,0,3
1778661638.1388748,2085,0,3
1778661638.140432,2075,0,3
1778661638.142978,2116,0,3
1778661638.144296,2097,0,3
1778661638.146854,1976,0,3
1778661638.1481442,1892,0,3
1778661638.15264,2028,0,3
1778661638.153051,2092,0,3
1778661638.155228,2078,0,3
1778661638.15713,2015,0,3
1778661638.15973,2118,0,3
1778661638.1631382,2121,0,3
1778661638.163299,1986,0,3
1778661638.16506,1862,0,3
1778661638.166445,1977,0,3
1778661638.168802,2095,0,3
1778661638.170088,2135,0,3
1778661638.1726341,2028,0,3
1778661638.174916,2064,0,3
1778661638.17744,2172,0,3
1778661638.1808991,2054,0,3
1778661638.181824,1914,0,3
1778661638.187656,1912,0,3
1778661638.187864,2053,0,3
1778661638.188204,2118,0,3
1778661638.1897569,2063,0,3
1778661638.191054,2009,0,3
1778661638.192381,2116,0,3
1778661638.195047,2061,0,3
1778661638.196336,1941,0,3
1778661638.202657,1853,0,3
1778661638.203779,2031,0,3
1778661638.205156,2077,0,3
1778661638.20529,2088,0,3
1778661638.207595,2017,0,3
1778661638.2097821,2102,0,3
1778661638.212947,2117,0,3
1778661638.213127,2064,0,3
1778661638.214965,1866,0,3
1778661638.216358,1906,0,3
1778661638.2189991,2047,0,3
1778661638.220299,2110,0,3
1778661638.222848,2064,0,3
1778661638.2277849,2074,0,3
1778661638.227851,2142,0,3
1778661638.229876,2131,0,3
1778661638.2315269,1898,0,3
1778661638.2343092,1770,0,3
1778661638.234508,1990,0,3
1778661638.237601,2105,0,3
1778661638.23911,2044,0,3
1778661638.24041,1973,0,3
1778661638.242951,2099,0,3
1778661638.244233,2089,0,3
1778661638.246774,1972,0,3
1778661638.255044,1869,0,3
1778661638.2557812,2068,0,3
1778661638.255849,2127,0,3
1778661638.2559192,2113,0,3
1778661638.258398,2029,0,3
1778661638.2614431,2073,0,3
1778661638.261536,2093,0,3
1778661638.263059,1977,0,3
1778661638.2643578,1883,0,3
1778661638.2669241,2018,0,3
1778661638.268224,2129,0,3
1778661638.2707682,2151,0,3
1778661638.272131,2043,0,3
1778661638.276215,2083,0,3
1778661638.276955,2149,0,3
1778661638.2783282,2063,0,3
1778661638.281485,1944,0,3
1778661638.285762,1931,0,3
1778661638.28592,2080,0,3
1778661638.287925,2118,0,3
1778661638.2891378,2088,0,3
1778661638.290432,2019,0,3
1778661638.292984,2159,0,3
1778661638.294274,2100,0,3
1778661638.296874,1944,0,3
1778661638.301644,1874,0,3
1778661638.3027189,2061,0,3
1778661638.302762,2109,0,3
1778661638.304428,2109,0,3
1778661638.307319,2032,0,3
1778661638.310115,2089,0,3
1778661638.310215,2092,0,3
1778661638.312866,1994,0,3
1778661638.314152,1893,0,3
1778661638.317052,1990,0,3
1778661638.318352,2101,0,3
1778661638.320961,2150,0,3
1778661638.325106,2041,0,3
1778661638.325783,2063,0,3
1778661638.3287702,2123,0,3
1778661638.3288279,2067,0,3
1778661638.331661,1892,0,3
1778661638.334773,1878,0,3
1778661638.334961,2040,0,3
1778661638.336788,2079,0,3
1778661638.338119,2090,0,3
1778661638.340666,2004,0,3
1778661638.343217,2105,0,3
1778661638.344508,2113,0,3
1778661638.350692,1972,0,3
1778661638.351891,1857,0,3
1778661638.3520262,2028,0,3
1778661638.352163,2080,0,3
1778661638.356478,2079,0,3
1778661638.359065,1953,0,3
1778661638.359193,2092,0,3
1778661638.360681,2105,0,3
1778661638.363244,2008,0,3
1778661638.364531,1818,0,3
1778661638.3671,1950,0,3
1778661638.3683898,2041,0,3
1778661638.3734531,2077,0,3
1778661638.373877,2014,0,3
1778661638.375822,2103,0,3
1778661638.377398,2213,0,3
1778661638.3789802,2050,0,3
1778661638.382476,1907,0,3
1778661638.3825998,1890,0,3
1778661638.384397,1992,0,3
1778661638.3869572,2136,0,3
1778661638.3882968,2125,0,3
1778661638.3908439,2040,0,3
1778661638.392134,2079,0,3
1778661638.396661,2041,0,3
1778661638.397397,1907,0,3
1778661638.398977,1855,0,3
1778661638.400844,2036,0,3
1778661638.4024792,2082,0,3
1778661638.406416,2080,0,3
1778661638.406556,2063,0,3
1778661638.4084458,2128,0,3
1778661638.411021,2180,0,3
1778661638.41233,2064,0,3
1778661638.414913,1730,0,3
1778661638.4162161,1970,0,3
1778661638.422018,2208,0,3
1778661638.422826,2202,0,3
1778661638.4232378,2010,0,3
1778661638.426112,1931,0,3
1778661638.427043,2099,0,3
1778661638.43217,2092,0,3
1778661638.434743,2047,0,3
1778661638.434794,1927,0,3
1778661638.4348218,2147,0,3
1778661638.436127,2142,0,3
1778661638.445169,1833,0,3
1778661638.4474828,1860,0,3
1778661638.448822,2172,0,3
1778661638.451009,2206,0,3
1778661638.4539468,1954,0,3
1778661638.454419,1774,0,3
1778661638.456335,1937,0,3
1778661638.456446,2100,0,3
1778661638.456508,2096,0,3
1778661638.4566,2190,0,3
1778661638.458056,2152,0,3
1778661638.4607801,2104,0,3
1778661638.4620779,2042,0,3
1778661638.4644969,1877,0,3
1778661638.47184,1958,0,3
1778661638.473172,1980,0,3
1778661638.473331,1964,0,3
1778661638.48034,2123,0,3
1778661638.482791,2160,0,3
1778661638.482852,2267,0,3
1778661638.482879,1877,0,3
1778661638.482902,1666,0,3
1778661638.482925,1906,0,3
1778661638.484601,2108,0,3
1778661638.486261,2174,0,3
1778661638.494316,2028,0,3
1778661638.502454,2054,0,3
1778661638.502653,2193,0,3
1778661638.502965,2042,0,3
1778661638.503158,1850,0,3
1778661638.503509,1930,0,3
1778661638.505624,2233,0,3
1778661638.5057468,2052,0,3
1778661638.505801,1613,0,3
1778661638.507155,2136,0,3
1778661638.508518,2093,0,3
1778661638.511712,1806,0,3
1778661638.513076,2053,0,3
1778661638.514514,2057,0,3
1778661638.522356,1992,0,3
1778661638.5227609,1340,0,3
1778661638.526498,2595,0,3
1778661638.530612,2481,0,3
1778661638.5311208,1552,0,3
1778661638.531658,2237,0,3
1778661638.531847,2092,0,3
1778661638.533865,1757,0,3
1778661638.533977,1954,0,3
1778661638.534073,2269,0,3
1778661638.53674,2384,0,3
1778661638.542036,1845,0,3
1778661638.5444171,1656,0,3
1778661638.544729,2117,0,3
1778661638.547225,2212,0,3
1778661638.5488122,2083,0,3
1778661638.550848,2204,0,3
1778661638.5533981,869,0,3
1778661638.5537212,1821,0,3
1778661638.555978,2463,0,3
1778661638.5560782,2334,0,3
1778661638.558698,2021,0,3
1778661638.5600572,1856,0,3
1778661638.562727,2060,0,3
1778661638.5641441,2080,0,3
1778661638.5711622,1664,0,3
1778661638.574521,1740,0,3
1778661638.575532,2879,0,3
1778661638.577156,1762,0,3
1778661638.581363,1938,0,3
1778661638.5835462,2212,0,3
1778661638.583755,2098,0,3
1778661638.583864,1843,0,3
1778661638.5839329,2172,0,3
1778661638.584061,2221,0,3
1778661638.58675,1975,0,3
1778661638.5945148,2056,0,3
1778661638.594908,1968,0,3
1778661638.597096,2079,0,3
1778661638.5987809,2094,0,3
1778661638.603568,1937,0,3
1778661638.603992,1780,0,3
1778661638.6042502,2123,0,3
1778661638.604543,2087,0,3
1778661638.6048908,2073,0,3
1778661638.607145,1723,0,3
1778661638.608543,2005,0,3
1778661638.611209,2004,0,3
1778661638.612458,1936,0,3
1778661638.615114,1718,0,3
1778661638.6165419,1783,0,3
1778661638.623557,2029,0,3
1778661638.624526,2049,0,3
1778661638.626027,2023,0,3
1778661638.626364,1945,0,3
1778661638.628525,2132,0,3
1778661638.629527,2183,0,3
1778661638.632472,1805,0,3
1778661638.63273,1822,0,3
1778661638.635466,2078,0,3
1778661638.637782,1984,0,3
1778661638.639183,2006,0,3
1778661638.640537,1984,0,3
1778661638.64802,1996,0,3
1778661638.651733,1878,0,3
1778661638.6525922,1988,0,3
1778661638.6531122,1814,0,3
1778661638.65325,1923,0,3
1778661638.654068,1854,0,3
1778661638.654211,2200,0,3
1778661638.6563652,2048,0,3
1778661638.658905,2121,0,3
1778661638.660745,1933,0,3
1778661638.6621912,1995,0,3
1778661638.664819,1890,0,3
1778661638.666185,1872,0,3
1778661638.6687841,2074,0,3
1778661638.670109,2095,0,3
1778661638.677213,2078,0,3
1778661638.677813,1684,0,3
1778661638.6793752,1995,0,3
1778661638.6812649,2056,0,3
1778661638.682268,2163,0,3
1778661638.6845891,1940,0,3
1778661638.688416,2073,0,3
1778661638.6888719,1926,0,3
1778661638.689167,2076,0,3
1778661638.691346,1768,0,3
1778661638.692747,2206,0,3
1778661638.694121,2334,0,3
1778661638.70128,1871,0,3
1778661638.702902,2093,0,3
1778661638.706319,1820,0,3
1778661638.707238,1112,0,3
1778661638.709203,2368,0,3
1778661638.7121038,2152,0,3
1778661638.7137668,1907,0,3
1778661638.714207,1972,0,3
1778661638.7144241,1864,0,3
1778661638.714508,1782,0,3
1778661638.717325,1544,0,3
1778661638.718689,1970,0,3
1778661638.720072,2092,0,3
1778661638.722681,2032,0,3
1778661638.7240572,1914,0,3
1778661638.729646,1910,0,3
1778661638.731155,1746,0,3
1778661638.73281,1682,0,3
1778661638.7331011,1744,0,3
1778661638.7359989,1935,0,3
1778661638.7369852,1872,0,3
1778661638.742584,1990,0,3
1778661638.7430432,1888,0,3
1778661638.74335,1942,0,3
1778661638.745368,2035,0,3
1778661638.746778,1938,0,3
1778661638.748252,1255,0,3
1778661638.7556858,1989,0,3
1778661638.7558012,2194,0,3
1778661638.75635,1932,0,3
1778661638.756802,1845,0,3
1778661638.758376,2100,0,3
1778661638.762133,1957,0,3
1778661638.762639,1972,0,3
1778661638.7646039,1919,0,3
1778661638.76735,1880,0,3
1778661638.7701278,2016,0,3
1778661638.770237,2024,0,3
1778661638.772893,2008,0,3
1778661638.774415,1975,0,3
1778661638.777159,2055,0,3
1778661638.7786188,1979,0,3
1778661638.780329,1875,0,3
1778661638.785901,1855,0,3
1778661638.787561,1877,0,3
1778661638.7876859,2026,0,3
1778661638.7910469,2088,0,3
1778661638.792392,1953,0,3
1778661638.79307,1865,0,3
1778661638.795874,2162,0,3
1778661638.798521,1908,0,3
1778661638.79883,1734,0,3
1778661638.801449,2133,0,3
1778661638.8027709,2180,0,3
1778661638.804103,1771,0,3
1778661638.810689,1960,0,3
1778661638.811596,2221,0,3
1778661638.8121548,2147,0,3
1778661638.813482,2051,0,3
1778661638.815507,1873,0,3
1778661638.817853,1933,0,3
1778661638.819454,1881,0,3
1778661638.821783,1991,0,3
1778661638.823741,2351,0,3
1778661638.825175,2025,0,3
1778661638.8265002,2022,0,3
1778661638.829201,2016,0,3
1778661638.830519,1908,0,3
1778661638.8330932,1758,0,3
1778661638.83448,2129,0,3
1778661638.840736,2097,0,3
1778661638.8417878,2167,0,3
1778661638.843204,2215,0,3
1778661638.8434188,1983,0,3
1778661638.8457742,2007,0,3
1778661638.847859,1966,0,3
1778661638.852479,1689,0,3
1778661638.8528152,2046,0,3
1778661638.853375,2121,0,3
1778661638.855653,2190,0,3
1778661638.8570712,1949,0,3
1778661638.8584929,1837,0,3
1778661638.86498,2061,0,3
1778661638.868487,2106,0,3
1778661638.868736,1976,0,3
1778661638.870564,1974,0,3
1778661638.87106,2137,0,3
1778661638.871955,1868,0,3
1778661638.872502,1977,0,3
1778661638.877714,2275,0,3
1778661638.877949,2151,0,3
1778661638.87823,1999,0,3
1778661638.8805928,2061,0,3
1778661638.882105,1808,0,3
1778661638.884769,2097,0,3
1778661638.8860538,2015,0,3
1778661638.8887,1865,0,3
1778661638.890099,1950,0,3
1778661638.8967009,2211,0,3
1778661638.898047,2129,0,3
1778661638.8981252,1925,0,3
1778661638.8998568,2041,0,3
1778661638.9025228,1993,0,3
1778661638.903533,1751,0,3
1778661638.906522,2149,0,3
1778661638.9092212,2046,0,3
1778661638.909608,2157,0,3
1778661638.9117389,2435,0,3
1778661638.913048,2553,0,3
1778661638.914351,728,0,3
1778661638.920861,1923,0,3
1778661638.921814,2778,0,3
1778661638.9223309,2291,0,3
1778661638.922889,1661,0,3
1778661638.92617,2406,0,3
1778661638.92628,1750,0,3
1778661638.9299042,1218,0,3
1778661638.93247,2370,0,3
1778661638.932584,3293,0,3
1778661638.934889,1889,0,3
1778661638.936243,628,0,3
1778661638.938835,2038,0,3
1778661638.940135,2507,0,3
1778661638.9426858,3569,0,3
1778661638.944057,516,0,3
1778661638.950727,3192,0,3
1778661638.9517949,2688,0,3
1778661638.9524329,2267,0,3
1778661638.953951,2218,0,3
1778661638.956962,1401,0,3
1778661638.959104,622,0,3
1778661638.9608262,3449,0,3
1778661638.96386,2303,0,3
1778661638.964183,1976,0,3
1778661638.9643662,2387,0,3
1778661638.9667158,2036,0,3
1778661638.9680371,776,0,3
1778661638.97072,3683,0,3
1778661638.9767191,1948,0,3
1778661638.9780831,249,0,3
1778661638.981547,2246,0,3
1778661638.983367,865,0,3
1778661638.989303,2201,0,3
1778661638.9896162,2794,0,3
1778661638.9897768,2206,0,3
1778661638.9901938,990,0,3
1778661638.990381,2397,0,3
1778661638.990649,3479,0,3
1778661638.993197,2260,0,3
1778661638.994578,3066,0,3
1778661638.997161,560,0,3
1778661638.9985,914,0,3
1778661639.001024,1934,0,3
1778661639.002461,2365,0,3
1778661639.0096462,1786,0,3
1778661639.011338,2187,0,3
1778661639.0136142,2254,0,3
1778661639.0146902,2156,0,3
1778661639.015776,1733,0,3
1778661639.018346,1653,0,3
1778661639.0217779,1037,0,3
1778661639.022293,1441,0,3
1778661639.022648,1985,0,3
1778661639.0228748,1384,0,3
1778661639.024999,2257,0,3
1778661639.026365,2889,0,3
1778661639.028966,1917,0,3
1778661639.03492,1374,0,3
1778661639.0377789,1520,0,3
1778661639.039846,3890,0,3
1778661639.040392,1862,0,3
1778661639.0409868,1682,0,3
1778661639.043106,1568,0,3
1778661639.047752,2179,0,3
1778661639.048107,3296,0,3
1778661639.048447,698,0,3
1778661639.048667,194,0,3
1778661639.050933,2111,0,3
1778661639.052321,3149,0,3
1778661639.054996,2690,0,3
1778661639.056347,2265,0,3
1778661639.0590348,2126,0,3
1778661639.0603678,1601,0,3
1778661639.067421,3096,0,3
1778661639.068588,3141,0,3
1778661639.070223,1268,0,3
1778661639.07039,1528,0,3
1778661639.0730722,2636,0,3
1778661639.073716,1130,0,3
1778661639.076789,2410,0,3
1778661639.080052,2989,0,3
1778661639.080417,2155,0,3
1778661639.080956,1128,0,3
1778661639.0832052,2078,0,3
1778661639.084511,3654,0,3
1778661639.087273,3055,0,3
1778661639.092681,1402,0,3
1778661639.093749,1696,0,3
1778661639.0955641,3077,0,3
1778661639.095951,2102,0,3
1778661639.098888,2530,0,3
1778661639.099329,1286,0,3
1778661639.101941,2049,0,3
1778661639.1054258,2617,0,3
1778661639.105568,2774,0,3
1778661639.1080582,2347,0,3
1778661639.108129,1136,0,3
1778661639.1110349,1870,0,3
1778661639.112463,1560,0,3
1778661639.115233,3428,0,3
1778661639.1164072,2367,0,3
1778661639.1253812,2831,0,3
1778661639.127528,3184,0,3
1778661639.1280398,381,0,3
1778661639.129504,1841,0,3
1778661639.1305332,4051,0,3
1778661639.1326652,2846,0,3
1778661639.132915,1886,0,3
1778661639.136538,1543,0,3
1778661639.13686,2565,0,3
1778661639.137105,2383,0,3
1778661639.1389802,3043,0,3
1778661639.140372,386,0,3
1778661639.143019,3559,0,3
1778661639.148872,3520,0,3
1778661639.1514728,546,0,3
1778661639.151695,1394,0,3
1778661639.1519501,2634,0,3
1778661639.1543,1516,0,3
1778661639.154918,3335,0,3
1778661639.1568708,2169,0,3
1778661639.1585631,1149,0,3
1778661639.162307,2816,0,3
1778661639.162689,2858,0,3
1778661639.164536,1788,0,3
1778661639.1672661,2050,0,3
1778661639.16861,3079,0,3
1778661639.1700191,2571,0,3
1778661639.17262,1600,0,3
1778661639.173957,2779,0,3
1778661639.183221,2317,0,3
1778661639.1857102,2011,0,3
1778661639.1862102,3578,0,3
1778661639.186372,321,0,3
1778661639.1869178,2494,0,3
1778661639.187458,2110,0,3
1778661639.193745,2438,0,3
1778661639.193943,2286,0,3
1778661639.194102,1697,0,3
1778661639.194329,2911,0,3
1778661639.196102,2636,0,3
1778661639.198792,2774,0,3
1778661639.2001479,2662,0,3
1778661639.2053099,513,0,3
1778661639.205377,914,0,3
1778661639.206861,3342,0,3
1778661639.208232,2353,0,3
1778661639.211853,2643,0,3
1778661639.2140129,1296,0,3
1778661639.214176,2904,0,3
1778661639.2180521,1634,0,3
1778661639.218206,1872,0,3
1778661639.220087,3213,0,3
1778661639.222883,2919,0,3
1778661639.2242482,1282,0,3
1778661639.226805,920,0,3
1778661639.228097,2039,0,3
1778661639.234855,3396,0,3
1778661639.235795,2912,0,3
1778661639.236254,919,0,3
1778661639.2366579,2350,0,3
1778661639.238123,1912,0,3
1778661639.241027,2316,0,3
1778661639.243468,2582,0,3
1778661639.2475898,1997,0,3
1778661639.247668,1408,0,3
1778661639.250057,2358,0,3
1778661639.2501702,2150,0,3
1778661639.252735,1403,0,3
1778661639.254032,1734,0,3
1778661639.258371,3182,0,3
1778661639.2590709,684,0,3
1778661639.260739,3078,0,3
1778661639.2627919,3139,0,3
1778661639.266123,1942,0,3
1778661639.266355,997,0,3
1778661639.270236,1634,0,3
1778661639.270412,2565,0,3
1778661639.272539,2427,0,3
1778661639.27509,2486,0,3
1778661639.2763789,2312,0,3
1778661639.2789388,2147,0,3
1778661639.280239,1180,0,3
1778661639.2862442,52,0,3
1778661639.2863412,2445,0,3
1778661639.286774,3180,0,3
1778661639.289067,2630,0,3
1778661639.290591,1782,0,3
1778661639.29245,2457,0,3
1778661639.2941089,2102,0,3
1778661639.298163,2342,0,3
1778661639.298288,1634,0,3
1778661639.300388,2352,0,3
1778661639.302829,3287,0,3
1778661639.304323,785,0,3
1778661639.308214,383,0,3
1778661639.3089569,3916,0,3
1778661639.310723,2609,0,3
1778661639.312962,2742,0,3
1778661639.3143628,1563,0,3
1778661639.3202162,866,0,3
1778661639.320357,2838,0,3
1778661639.320464,2268,0,3
1778661639.32208,1972,0,3
1778661639.3246489,2093,0,3
1778661639.327241,2564,0,3
1778661639.328528,2495,0,3
1778661639.331079,1724,0,3
1778661639.336996,1608,0,3
1778661639.337431,2995,0,3
1778661639.337527,1291,0,3
1778661639.339199,1459,0,3
1778661639.341108,2062,0,3
1778661639.34268,3205,0,3
1778661639.344457,2437,0,3
1778661639.348587,1196,0,3
1778661639.348713,1695,0,3
1778661639.3508961,1898,0,3
1778661639.352203,2038,0,3
1778661639.3547578,2753,0,3
1778661639.3588321,3086,0,3
1778661639.35916,1280,0,3
1778661639.361411,1006,0,3
1778661639.363146,2104,0,3
1778661639.364786,1836,0,3
1778661639.371111,3317,0,3
1778661639.3715332,2609,0,3
1778661639.3717608,1702,0,3
1778661639.3735712,2382,0,3
1778661639.374914,1162,0,3
1778661639.376207,2125,0,3
1778661639.3787808,2535,0,3
1778661639.380073,3303,0,3
1778661639.382625,1289,0,3
1778661639.387541,1546,0,3
1778661639.388353,1528,0,3
1778661639.3898351,2093,0,3
1778661639.391289,2631,0,3
1778661639.393409,2606,0,3
1778661639.398711,995,0,3
1778661639.398891,2603,0,3
1778661639.3989692,1529,0,3
1778661639.400987,1932,0,3
1778661639.402287,2677,0,3
1778661639.404852,2462,0,3
1778661639.409039,2133,0,3
1778661639.4097621,417,0,3
1778661639.411586,3473,0,3
1778661639.413053,2291,0,3
1778661639.4149408,490,0,3
1778661639.420778,2281,0,3
1778661639.420908,2266,0,3
1778661639.4210482,2617,0,3
1778661639.423083,2181,0,3
1778661639.424392,1981,0,3
1778661639.426948,2430,0,3
1778661639.428236,1889,0,3
1778661639.430781,1876,0,3
1778661639.432286,1900,0,3
1778661639.4358451,1857,0,3
1778661639.4387681,2126,0,3
1778661639.4389079,2521,0,3
1778661639.4409978,2106,0,3
1778661639.44249,1936,0,3
1778661639.448104,2125,0,3
1778661639.448224,1949,0,3
1778661639.448367,2112,0,3
1778661639.4502778,1057,0,3
1778661639.452877,2759,0,3
1778661639.4543989,1611,0,3
1778661639.458598,2380,0,3
1778661639.459061,2566,0,3
1778661639.462126,1970,0,3
1778661639.462784,2225,0,3
1778661639.466012,1680,0,3
1778661639.47067,1836,0,3
1778661639.4726799,2063,0,3
1778661639.472874,2300,0,3
1778661639.472904,1672,0,3
1778661639.474189,2169,0,3
1778661639.4767418,2391,0,3
1778661639.47794,2146,0,3
1778661639.480493,1535,0,3
1778661639.482131,1973,0,3
1778661639.4863849,2335,0,3
1778661639.487471,1545,0,3
1778661639.488878,2176,0,3
1778661639.490551,1897,0,3
1778661639.492453,1926,0,3
1778661639.498191,1799,0,3
1778661639.498407,2120,0,3
1778661639.498624,1823,0,3
1778661639.500155,2078,0,3
1778661639.502708,1989,0,3
1778661639.5040011,2235,0,3
1778661639.507898,971,0,3
1778661639.508277,2306,0,3
1778661639.5102642,2258,0,3
1778661639.5135841,2265,0,3
1778661639.5151758,1670,0,3
1778661639.5196831,1761,0,3
1778661639.519795,1898,0,3
1778661639.519965,2095,0,3
1778661639.522851,2366,0,3
1778661639.524141,1851,0,3
1778661639.526686,2079,0,3
1778661639.52797,2091,0,3
1778661639.530636,2152,0,3
1778661639.534397,1350,0,3
1778661639.5355442,1946,0,3
1778661639.537028,2318,0,3
1778661639.5386891,2264,0,3
1778661639.540191,2328,0,3
1778661639.5459251,1729,0,3
1778661639.545998,2138,0,3
1778661639.546174,1987,0,3
1778661639.548861,1825,0,3
1778661639.550134,2396,0,3
1778661639.555394,1791,0,3
1778661639.5560472,2074,0,3
1778661639.556406,2137,0,3
1778661639.5581062,2070,0,3
1778661639.561399,2069,0,3
1778661639.5683782,2176,0,3
1778661639.56844,2058,0,3
1778661639.568489,2036,0,3
1778661639.568576,2169,0,3
1778661639.5699189,2203,0,3
1778661639.5724149,2255,0,3
1778661639.574974,2031,0,3
1778661639.57626,2240,0,3
1778661639.5812638,2149,0,3
1778661639.581769,2098,0,3
1778661639.58245,1893,0,3
1778661639.584865,2322,0,3
1778661639.587007,2323,0,3
1778661639.5926569,2193,0,3
1778661639.59276,2260,0,3
1778661639.592878,2254,0,3
1778661639.594285,2315,0,3
1778661639.5968351,2197,0,3
1778661639.598194,1964,0,3
1778661639.6025221,2012,0,3
1778661639.602898,2157,0,3
1778661639.604619,2240,0,3
1778661639.6066828,2184,0,3
1778661639.60922,2230,0,3
1778661639.659563,2293,0,3
1778661639.659729,2192,0,3
1778661639.659917,2014,0,3
1778661639.6599638,1968,0,3
1778661639.6599941,2186,0,3
1778661639.660074,2147,0,3
1778661639.660112,2072,0,3
1778661639.660189,1977,0,3
1778661639.660384,2196,0,3
1778661639.660413,2185,0,3
1778661639.66046,2026,0,3
1778661639.660485,1880,0,3
1778661639.6605172,2098,0,3
1778661639.6605399,2198,0,3
1778661639.660568,2142,0,3
1778661639.6605911,2143,0,3
1778661639.660643,2246,0,3
1778661639.6606889,2234,0,3
1778661639.660738,2073,0,3
1778661639.6607628,1885,0,3
1778661639.660788,2000,0,3
1778661639.6608121,2071,0,3
1778661639.660835,1910,0,3
1778661639.6608598,1999,0,3
1778661639.660884,2106,0,3
1778661639.660908,2119,0,3
1778661639.662218,1997,0,3
1778661639.664973,1876,0,3
1778661639.668552,1822,0,3
1778661639.675926,1994,0,3
1778661639.676071,2070,0,3
1778661639.676215,2084,0,3
1778661639.67632,1937,0,3
1778661639.6764271,2089,0,3
1778661639.6782458,2077,0,3
1778661639.681251,1924,0,3
1778661639.6858518,1777,0,3
1778661639.686056,1985,0,3
1778661639.6861582,2110,0,3
1778661639.688973,2170,0,3
1778661639.690263,2073,0,3
1778661639.695693,2126,0,3
1778661639.696162,2121,0,3
1778661639.6962361,1985,0,3
1778661639.698247,1880,0,3
1778661639.701497,1922,0,3
1778661639.703381,2164,0,3
1778661639.708021,2217,0,3
1778661639.70818,2027,0,3
1778661639.70829,2033,0,3
1778661639.7110348,2161,0,3
1778661639.7123241,2142,0,3
1778661639.7148778,2073,0,3
1778661639.7163851,1943,0,3
1778661639.719219,1945,0,3
1778661639.72352,2023,0,3
1778661639.724642,2125,0,3
1778661639.725954,2038,0,3
1778661639.727082,2113,0,3
1778661639.7291389,2128,0,3
1778661639.7352698,1944,0,3
1778661639.7353752,1811,0,3
1778661639.735507,1942,0,3
1778661639.7376041,2186,0,3
1778661639.738948,2249,0,3
1778661639.740799,1995,0,3
1778661639.745729,2082,0,3
1778661639.7464588,2134,0,3
1778661639.748218,2035,0,3
1778661639.751167,1872,0,3
1778661639.751576,2030,0,3
1778661639.753226,2094,0,3
1778661639.757678,2104,0,3
1778661639.7579489,1982,0,3
1778661639.7593029,2091,0,3
1778661639.760962,2244,0,3
1778661639.762246,2142,0,3
1778661639.764789,1974,0,3
1778661639.76609,1977,0,3
1778661639.771919,2101,0,3
1778661639.772362,2169,0,3
1778661639.7731671,2069,0,3
1778661639.7748039,2039,0,3
1778661639.776492,2166,0,3
1778661639.77931,2083,0,3
1778661639.784071,1964,0,3
1778661639.7855082,1885,0,3
1778661639.785971,2130,0,3
1778661639.786001,2186,0,3
1778661639.788552,2125,0,3
1778661639.793331,1951,0,3
1778661639.7936552,2046,0,3
1778661639.7971468,2120,0,3
1778661639.7975512,2024,0,3
1778661639.804692,1872,0,3
1778661639.804888,1836,0,3
1778661639.8051252,1961,0,3
1778661639.805214,2088,0,3
1778661639.807255,2078,0,3
1778661639.80862,2099,0,3
1778661639.8099809,2160,0,3
1778661639.8124979,2058,0,3
1778661639.815236,1915,0,3
1778661639.817173,1865,0,3
1778661639.8277109,2014,0,3
1778661639.828468,2066,0,3
1778661639.830421,2095,0,3
1778661639.830529,2011,0,3
1778661639.830556,2110,0,3
1778661639.830582,2107,0,3
1778661639.830605,1973,0,3
1778661639.836152,1809,0,3
1778661639.8361988,1959,0,3
1778661639.838036,2002,0,3
1778661639.838212,2073,0,3
1778661639.8406029,2010,0,3
1778661639.842999,2076,0,3
1778661639.8444228,2119,0,3
1778661639.857286,2016,0,3
1778661639.8573282,1878,0,3
1778661639.857356,1914,0,3
1778661639.8573818,2039,0,3
1778661639.857408,2089,0,3
1778661639.857433,2010,0,3
1778661639.862248,2051,0,3
1778661639.862704,2156,0,3
1778661639.864834,2055,0,3
1778661639.865003,1878,0,3
1778661639.866082,1839,0,3
1778661639.868592,2015,0,3
1778661639.869906,2079,0,3
1778661639.872232,2077,0,3
1778661639.8745449,1984,0,3
1778661639.8759198,2057,0,3
1778661639.8785121,2075,0,3
1778661639.8810298,1995,0,3
1778661639.882352,1818,0,3
1778661639.885033,1961,0,3
1778661639.8863811,2076,0,3
1778661639.889018,2123,0,3
1778661639.8903098,2001,0,3
1778661639.892877,2003,0,3
1778661639.894162,2145,0,3
1778661639.8966,2067,0,3
1778661639.897951,1840,0,3
1778661639.906124,1828,0,3
1778661639.907557,1951,0,3
1778661639.9076009,2103,0,3
1778661639.907648,2069,0,3
1778661639.910597,2064,0,3
1778661639.9134378,2141,0,3
1778661639.9237912,2071,0,3
1778661639.924045,1899,0,3
1778661639.926192,1878,0,3
1778661639.926235,2002,0,3
1778661639.92626,2084,0,3
1778661639.9262831,2077,0,3
1778661639.926305,2019,0,3
1778661639.926327,2114,0,3
1778661639.9287071,2047,0,3
1778661639.930058,1897,0,3
1778661639.9327328,1794,0,3
1778661639.934038,1955,0,3
1778661639.939329,2076,0,3
1778661639.940642,2121,0,3
1778661639.941836,1988,0,3
1778661639.942071,2034,0,3
1778661639.947027,2096,0,3
1778661639.947217,2023,0,3
1778661639.951461,1892,0,3
1778661639.951573,1921,0,3
1778661639.953514,2032,0,3
1778661639.954829,2096,0,3
1778661639.956119,2012,0,3
1778661639.958714,1985,0,3
1778661639.959914,2095,0,3
1778661639.9625092,2022,0,3
1778661639.969093,1890,0,3
1778661639.96931,1819,0,3
1778661639.9711628,2060,0,3
1778661639.972033,2151,0,3
1778661639.972797,2103,0,3
1778661639.9785411,1984,0,3
1778661639.9786901,2122,0,3
1778661639.978997,2133,0,3
1778661639.9807081,1988,0,3
1778661639.982021,1798,0,3
1778661639.984757,1943,0,3
1778661639.9888158,2112,0,3
1778661639.989192,2128,0,3
1778661639.9923708,1967,0,3
1778661639.9927008,2011,0,3
1778661639.995658,2195,0,3
1778661639.9994938,2050,0,3
1778661639.999583,1865,0,3
1778661640.001476,1939,0,3
1778661640.0028338,2066,0,3
1778661640.0041258,2142,0,3
1778661640.0066628,2115,0,3
1778661640.007949,2004,0,3
1778661640.014477,1959,0,3
1778661640.0148668,1981,0,3
1778661640.015569,1958,0,3
1778661640.018461,1888,0,3
1778661640.018881,2020,0,3
1778661640.02161,2093,0,3
1778661640.025364,2060,0,3
1778661640.025772,2009,0,3
1778661640.025975,2164,0,3
1778661640.0285618,2143,0,3
1778661640.0299048,1967,0,3
1778661640.034901,1838,0,3
1778661640.0356312,2022,0,3
1778661640.037317,2067,0,3
1778661640.039155,2073,0,3
1778661640.042325,2001,0,3
1778661640.0459409,2095,0,3
1778661640.0460532,2165,0,3
1778661640.046176,2039,0,3
1778661640.048942,1882,0,3
1778661640.050389,1883,0,3
1778661640.052972,2001,0,3
1778661640.054262,2159,0,3
1778661640.056989,2038,0,3
1778661640.0604851,2011,0,3
1778661640.0609438,2123,0,3
1778661640.063346,2096,0,3
1778661640.065005,1952,0,3
1778661640.068202,1854,0,3
1778661640.0718222,2018,0,3
1778661640.071973,2092,0,3
1778661640.0720599,2134,0,3
1778661640.0741131,1997,0,3
1778661640.076673,2074,0,3
1778661640.081405,2117,0,3
1778661640.081459,1987,0,3
1778661640.085175,1837,0,3
1778661640.086005,1995,0,3
1778661640.086386,2071,0,3
1778661640.088824,2082,0,3
1778661640.092271,1989,0,3
1778661640.092384,2053,0,3
1778661640.094253,2132,0,3
1778661640.096818,2024,0,3
1778661640.0981078,1901,0,3
1778661640.1006799,1896,0,3
1778661640.101973,2054,0,3
1778661640.106747,2152,0,3
1778661640.107166,2044,0,3
1778661640.1095512,2016,0,3
1778661640.111299,2150,0,3
1778661640.117503,2095,0,3
1778661640.117676,1936,0,3
1778661640.117887,1838,0,3
1778661640.118021,2034,0,3
1778661640.119919,2067,0,3
1778661640.1224818,2057,0,3
1778661640.127985,1994,0,3
1778661640.128105,2085,0,3
1778661640.12852,2084,0,3
1778661640.129966,1977,0,3
1778661640.1347861,1852,0,3
1778661640.137911,1983,0,3
1778661640.138029,2077,0,3
1778661640.138093,2110,0,3
1778661640.140851,2011,0,3
1778661640.142167,2053,0,3
1778661640.144709,2145,0,3
1778661640.145993,2019,0,3
1778661640.1486988,1864,0,3
1778661640.153337,1918,0,3
1778661640.154735,2107,0,3
1778661640.154909,2121,0,3
1778661640.156642,2071,0,3
1778661640.158027,2058,0,3
1778661640.162376,2151,0,3
1778661640.162532,2024,0,3
1778661640.164305,1969,0,3
1778661640.1670358,1824,0,3
1778661640.168376,2026,0,3
1778661640.170677,2092,0,3
1778661640.17196,2075,0,3
1778661640.1757,2025,0,3
1778661640.1770198,2104,0,3
1778661640.179712,2127,0,3
1778661640.1804512,1992,0,3
1778661640.182731,1850,0,3
1778661640.185958,1975,0,3
1778661640.187448,2120,0,3
1778661640.188778,2198,0,3
1778661640.190072,2108,0,3
1778661640.192628,2042,0,3
1778661640.193915,2118,0,3
1778661640.201084,2059,0,3
1778661640.2022882,1923,0,3
1778661640.202365,1918,0,3
1778661640.2024379,2023,0,3
1778661640.205379,2051,0,3
1778661640.2095659,2048,0,3
1778661640.209683,2124,0,3
1778661640.21151,2157,0,3
1778661640.212801,2150,0,3
1778661640.214087,2010,0,3
1778661640.216647,1860,0,3
1778661640.217945,1960,0,3
1778661640.223438,2095,0,3
1778661640.2241468,2142,0,3
1778661640.2242281,2051,0,3
1778661640.22786,2211,0,3
1778661640.228183,2079,0,3
1778661640.230535,1728,0,3
1778661640.234771,1792,0,3
1778661640.235163,2184,0,3
1778661640.2364538,2221,0,3
1778661640.238946,2031,0,3
1778661640.2402408,1868,0,3
1778661640.242786,2167,0,3
1778661640.244071,1894,0,3
1778661640.247849,1950,0,3
1778661640.248529,2163,0,3
1778661640.251363,2149,0,3
1778661640.252776,1943,0,3
1778661640.2545311,1663,0,3
1778661640.2571342,2258,0,3
1778661640.2590358,2545,0,3
1778661640.2603588,2123,0,3
1778661640.262923,1420,0,3
1778661640.264214,1809,0,3
1778661640.266774,2209,0,3
1778661640.273149,1740,0,3
1778661640.273366,1327,0,3
1778661640.273438,2587,0,3
1778661640.275255,2627,0,3
1778661640.276574,2224,0,3
1778661640.280124,1835,0,3
1778661640.28028,1691,0,3
1778661640.282979,2035,0,3
1778661640.28427,2195,0,3
1778661640.286837,1911,0,3
1778661640.288127,1999,0,3
1778661640.2907488,2029,0,3
1778661640.295114,1734,0,3
1778661640.2952,1289,0,3
1778661640.298721,2244,0,3
1778661640.299138,2413,0,3
1778661640.301282,2156,0,3
1778661640.303714,1965,0,3
1778661640.3056881,1982,0,3
1778661640.3069801,2009,0,3
1778661640.3082628,1872,0,3
1778661640.310805,2353,0,3
1778661640.3120909,2272,0,3
1778661640.318196,2021,0,3
1778661640.319903,1555,0,3
1778661640.3199842,1828,0,3
1778661640.320071,2274,0,3
1778661640.3232589,1805,0,3
1778661640.326645,1749,0,3
1778661640.32672,2365,0,3
1778661640.328528,2062,0,3
1778661640.331083,1810,0,3
1778661640.332473,2161,0,3
1778661640.33392,2089,0,3
1778661640.3364758,2078,0,3
1778661640.3411121,1828,0,3
1778661640.3412201,2331,0,3
1778661640.343096,2154,0,3
1778661640.344496,2239,0,3
1778661640.347667,2090,0,3
1778661640.350017,1798,0,3
1778661640.3501701,1817,0,3
1778661640.352733,2113,0,3
1778661640.354023,2172,0,3
1778661640.356566,2245,0,3
1778661640.35792,1899,0,3
1778661640.3604429,1805,0,3
1778661640.363887,2140,0,3
1778661640.364276,2085,0,3
1778661640.367243,1834,0,3
1778661640.368982,1744,0,3
1778661640.372947,2102,0,3
1778661640.3730361,2190,0,3
1778661640.3748548,2299,0,3
1778661640.376277,2050,0,3
1778661640.378824,1817,0,3
1778661640.380125,2153,0,3
1778661640.382677,1935,0,3
1778661640.3871849,1879,0,3
1778661640.388234,2071,0,3
1778661640.389559,2117,0,3
1778661640.390978,2204,0,3
1778661640.392659,2327,0,3
1778661640.3941991,2123,0,3
1778661640.396404,1869,0,3
1778661640.3983161,1931,0,3
1778661640.40098,1890,0,3
1778661640.402276,2135,0,3
1778661640.404834,2124,0,3
1778661640.406126,1986,0,3
1778661640.410699,2155,0,3
1778661640.412339,2117,0,3
1778661640.412551,2057,0,3
1778661640.414442,2065,0,3
1778661640.4169118,1889,0,3
1778661640.419202,2099,0,3
1778661640.4209018,2147,0,3
1778661640.422385,1836,0,3
1778661640.4249349,1795,0,3
1778661640.4262269,2131,0,3
1778661640.4287722,1843,0,3
1778661640.4326642,1993,0,3
1778661640.43359,2173,0,3
1778661640.435075,1604,0,3
1778661640.436984,2158,0,3
1778661640.43957,1547,0,3
1778661640.4417121,1980,0,3
1778661640.443438,2260,0,3
1778661640.444736,2039,0,3
1778661640.446024,1957,0,3
1778661640.44857,1835,0,3
1778661640.450069,1824,0,3
1778661640.455468,1907,0,3
1778661640.456149,2118,0,3
1778661640.457742,1972,0,3
1778661640.45933,1995,0,3
1778661640.4609568,2056,0,3
1778661640.464098,1968,0,3
1778661640.4641962,1935,0,3
1778661640.4668748,1733,0,3
1778661640.4681711,1879,0,3
1778661640.470728,2127,0,3
1778661640.472131,2073,0,3
1778661640.4781709,1930,0,3
1778661640.479481,1994,0,3
1778661640.480598,2030,0,3
1778661640.4806988,1966,0,3
1778661640.4822679,1889,0,3
1778661640.485165,1918,0,3
1778661640.487221,1972,0,3
1778661640.489162,2044,0,3
1778661640.490541,2120,0,3
1778661640.491872,2060,0,3
1778661640.4944189,2064,0,3
1778661640.496969,1705,0,3
1778661640.501806,1819,0,3
1778661640.501855,2023,0,3
1778661640.5037172,1845,0,3
1778661640.505339,1975,0,3
1778661640.508252,2405,0,3
1778661640.508367,2152,0,3
1778661640.510375,1816,0,3
1778661640.513333,2305,0,3
1778661640.5146189,1743,0,3
1778661640.516078,1850,0,3
1778661640.518664,2007,0,3
1778661640.519953,2026,0,3
1778661640.524385,2022,0,3
1778661640.524501,1954,0,3
1778661640.52653,1976,0,3
1778661640.528304,2078,0,3
1778661640.5310872,1948,0,3
1778661640.534646,1834,0,3
1778661640.535084,1933,0,3
1778661640.536389,2086,0,3
1778661640.53895,1987,0,3
1778661640.5402398,1943,0,3
1778661640.542782,2023,0,3
1778661640.547196,2017,0,3
1778661640.547536,1992,0,3
1778661640.549453,1923,0,3
1778661640.551243,1851,0,3
1778661640.553952,1913,0,3
1778661640.555851,1976,0,3
1778661640.556031,1720,0,3
1778661640.558654,1699,0,3
1778661640.559944,1951,0,3
1778661640.562489,1888,0,3
1778661640.5650308,1755,0,3
1778661640.570128,1778,0,3
1778661640.571928,1723,0,3
1778661640.572156,1727,0,3
1778661640.5737631,2054,0,3
1778661640.57541,1833,0,3
1778661640.578502,1941,0,3
1778661640.578646,1995,0,3
1778661640.580105,1897,0,3
1778661640.5826619,1693,0,3
1778661640.5841331,1687,0,3
1778661640.58669,1981,0,3
1778661640.58798,1930,0,3
1778661640.592515,2028,0,3
1778661640.59325,2208,0,3
1778661640.595072,2291,0,3
1778661640.596521,1461,0,3
1778661640.5979059,1478,0,3
1778661640.6015391,1876,0,3
1778661640.6033869,2169,0,3
1778661640.604675,2199,0,3
1778661640.6070569,2197,0,3
1778661640.608342,1856,0,3
1778661640.610883,2013,0,3
1778661640.616179,2386,0,3
1778661640.6179671,1649,0,3
1778661640.6180968,1791,0,3
1778661640.618282,2122,0,3
1778661640.6212192,2004,0,3
1778661640.622692,1968,0,3
1778661640.624774,1983,0,3
1778661640.626573,1990,0,3
1778661640.62786,1734,0,3
1778661640.6304,2144,0,3
1778661640.633485,2176,0,3
1778661640.6348548,2167,0,3
1778661640.639394,2126,0,3
1778661640.639495,1490,0,3
1778661640.641286,1652,0,3
1778661640.643142,2273,0,3
1778661640.645735,2430,0,3
1778661640.647913,2199,0,3
1778661640.648074,1865,0,3
1778661640.6502552,1904,0,3
1778661640.6529028,2262,0,3
1778661640.65421,2392,0,3
1778661640.656982,1447,0,3
1778661640.6583638,2088,0,3
1778661640.664296,2298,0,3
1778661640.666584,2118,0,3
1778661640.666833,1795,0,3
1778661640.669682,1804,0,3
1778661640.670815,2028,0,3
1778661640.6728,2120,0,3
1778661640.674955,2019,0,3
1778661640.675298,2298,0,3
1778661640.677679,2130,0,3
1778661640.679094,1873,0,3
1778661640.680581,2012,0,3
1778661640.686563,2031,0,3
1778661640.69033,1939,0,3
1778661640.691972,2040,0,3
1778661640.694052,2153,0,3
1778661640.694195,1929,0,3
1778661640.696734,1647,0,3
1778661640.6971421,2700,0,3
1778661640.6973598,2302,0,3
1778661640.699472,1990,0,3
1778661640.700653,1299,0,3
1778661640.702044,2473,0,3
1778661640.704653,1767,0,3
1778661640.7059698,2064,0,3
1778661640.708919,2321,0,3
1778661640.714695,2092,0,3
1778661640.716088,2209,0,3
1778661640.718133,1702,0,3
1778661640.719223,1966,0,3
1778661640.720233,2373,0,3
1778661640.725208,1358,0,3
1778661640.725486,2297,0,3
1778661640.72596,2230,0,3
1778661640.726241,1755,0,3
1778661640.729134,2153,0,3
1778661640.730515,2158,0,3
1778661640.7377439,1848,0,3
1778661640.7391858,1967,0,3
1778661640.7415822,2503,0,3
1778661640.742757,2351,0,3
1778661640.7489002,2158,0,3
1778661640.748981,2645,0,3
1778661640.749023,1552,0,3
1778661640.7490718,2136,0,3
1778661640.749095,1855,0,3
1778661640.7504032,1880,0,3
1778661640.753721,2031,0,3
1778661640.7550359,1626,0,3
1778661640.7568278,2106,0,3
1778661640.758406,2439,0,3
1778661640.774187,2360,0,3
1778661640.774247,1848,0,3
1778661640.774275,1533,0,3
1778661640.7742999,1964,0,3
1778661640.774324,2587,0,3
1778661640.774348,2317,0,3
1778661640.7743711,2071,0,3
1778661640.7743979,1937,0,3
1778661640.776544,2255,0,3
1778661640.778851,2237,0,3
1778661640.794462,2437,0,3
1778661640.794914,2086,0,3
1778661640.797365,1388,0,3
1778661640.7977548,1797,0,3
1778661640.797861,2543,0,3
1778661640.798008,2112,0,3
1778661640.79808,1812,0,3
1778661640.7981708,1959,0,3
1778661640.798218,1631,0,3
1778661640.7983081,2510,0,3
1778661640.8009841,2163,0,3
1778661640.802401,1832,0,3
1778661640.8048918,1929,0,3
1778661640.806607,2123,0,3
1778661640.8082812,2354,0,3
1778661640.813798,2144,0,3
1778661640.815474,1338,0,3
1778661640.815845,2091,0,3
1778661640.819286,2823,0,3
1778661640.825121,1717,0,3
1778661640.82721,2534,0,3
1778661640.8273761,2384,0,3
1778661640.82741,323,0,3
1778661640.827434,964,0,3
1778661640.82873,3766,0,3
1778661640.830152,2752,0,3
1778661640.838336,1220,0,3
1778661640.83859,1758,0,3
1778661640.84131,2157,0,3
1778661640.842942,1037,0,3
1778661640.847656,1923,0,3
1778661640.848172,3041,0,3
1778661640.851263,2132,0,3
1778661640.851381,2161,0,3
1778661640.851476,2843,0,3
1778661640.851522,1200,0,3
1778661640.852902,1716,0,3
1778661640.854231,2885,0,3
1778661640.856801,1120,0,3
1778661640.858197,2119,0,3
1778661640.861235,1803,0,3
1778661640.869167,2186,0,3
1778661640.872576,3006,0,3
1778661640.8738391,0,0,3
1778661640.8758662,488,0,3
1778661640.8791401,2660,0,3
1778661640.8796082,2645,0,3
1778661640.879853,1566,0,3
1778661640.881678,2897,0,3
1778661640.882475,2628,0,3
1778661640.882536,1086,0,3
1778661640.882601,1833,0,3
1778661640.884005,1354,0,3
1778661640.886679,1554,0,3
1778661640.896269,2224,0,3
1778661640.897651,2358,0,3
1778661640.898649,1145,0,3
1778661640.8988018,1380,0,3
1778661640.901008,1768,0,3
1778661640.9042401,1584,0,3
1778661640.9043992,1696,0,3
1778661640.904704,2802,0,3
1778661640.905063,1393,0,3
1778661640.9073029,1759,0,3
1778661640.908643,2423,0,3
1778661640.910017,1621,0,3
1778661640.912452,2144,0,3
1778661640.914932,1369,0,3
1778661640.916128,1721,0,3
1778661640.923962,3871,0,3
1778661640.925969,2969,0,3
1778661640.929784,2041,0,3
1778661640.9312341,2063,0,3
1778661640.931403,1589,0,3
1778661640.931581,2618,0,3
1778661640.936405,3175,0,3
1778661640.9368398,499,0,3
1778661640.937119,957,0,3
1778661640.937278,3596,0,3
1778661640.939188,2157,0,3
1778661640.94064,2215,0,3
1778661640.9419851,3070,0,3
1778661640.951542,2366,0,3
1778661640.954881,2831,0,3
1778661640.957891,2267,0,3
1778661640.9615638,1905,0,3
1778661640.964389,3181,0,3
1778661640.9645472,537,0,3
1778661640.96459,1603,0,3
1778661640.9646451,4095,0,3
1778661640.964809,1288,0,3
1778661640.964894,0,0,3
1778661640.9649549,3717,0,3
1778661640.9663281,2423,0,3
1778661640.969026,804,0,3
1778661640.9701781,3187,0,3
1778661640.9728918,1682,0,3
1778661640.973987,661,0,3
1778661640.982644,3072,0,3
1778661640.9829261,3472,0,3
1778661640.985016,0,0,3
1778661640.9855711,1362,0,3
1778661640.986732,2800,0,3
1778661640.98814,1826,0,3
1778661640.988417,1528,0,3
1778661640.990459,1897,0,3
1778661640.994004,2696,0,3
1778661640.9942698,3531,0,3
1778661640.996695,1486,0,3
1778661640.998035,0,0,3
1778661641.00074,1699,0,3
1778661641.006332,2950,0,3
1778661641.007205,1787,0,3
1778661641.008557,2693,0,3
1778661641.008778,2032,0,3
1778661641.0102222,1469,0,3
1778661641.017565,1904,0,3
1778661641.0178618,2395,0,3
1778661641.017962,2092,0,3
1778661641.018137,1841,0,3
1778661641.020281,1970,0,3
1778661641.022849,2026,0,3
1778661641.0241542,1970,0,3
1778661641.026732,1014,0,3
1778661641.028026,2599,0,3
1778661641.034602,1904,0,3
1778661641.0362391,1916,0,3
1778661641.038003,2121,0,3
1778661641.038205,2005,0,3
1778661641.040166,2448,0,3
1778661641.041014,1394,0,3
1778661641.044131,2382,0,3
1778661641.047931,1897,0,3
1778661641.0481439,3117,0,3
1778661641.0483599,3031,0,3
1778661641.0507379,180,0,3
1778661641.052046,1062,0,3
1778661641.0546079,2316,0,3
1778661641.061574,3388,0,3
1778661641.063091,2067,0,3
1778661641.063339,1630,0,3
1778661641.063421,2570,0,3
1778661641.066249,2476,0,3
1778661641.069358,2745,0,3
1778661641.0695832,1594,0,3
1778661641.0754461,2128,0,3
1778661641.075562,2618,0,3
1778661641.075592,2690,0,3
1778661641.076897,155,0,3
1778661641.0781949,3239,0,3
1778661641.080779,3449,0,3
1778661641.0820749,0,0,3
1778661641.0846741,2079,0,3
1778661641.090291,4051,0,3
1778661641.091275,2393,0,3
1778661641.092156,2017,0,3
1778661641.093947,1541,0,3
1778661641.0942569,1950,0,3
1778661641.0963452,2529,0,3
1778661641.103936,2432,0,3
1778661641.104116,2249,0,3
1778661641.104311,1913,0,3
1778661641.104476,2476,0,3
1778661641.1067069,718,0,3
1778661641.108012,3339,0,3
1778661641.110666,1947,0,3
1778661641.115672,3020,0,3
1778661641.1161768,1390,0,3
1778661641.118338,1524,0,3
1778661641.118626,2338,0,3
1778661641.1206772,3006,0,3
1778661641.122087,2424,0,3
1778661641.1284711,2178,0,3
1778661641.128665,2014,0,3
1778661641.1289148,3145,0,3
1778661641.131045,467,0,3
1778661641.1323678,2430,0,3
1778661641.1349492,3629,0,3
1778661641.136262,1703,0,3
1778661641.1388311,1028,0,3
1778661641.1401331,1181,0,3
1778661641.1462169,2588,0,3
1778661641.146982,2333,0,3
1778661641.1474838,2390,0,3
1778661641.1489222,2099,0,3
1778661641.1506932,2425,0,3
1778661641.152101,1273,0,3
1778661641.158977,2599,0,3
1778661641.1592808,2382,0,3
1778661641.159751,2102,0,3
1778661641.159952,2378,0,3
1778661641.162921,2415,0,3
1778661641.1641212,1783,0,3
1778661641.17075,1021,0,3
1778661641.17087,2334,0,3
1778661641.172086,2127,0,3
1778661641.172226,2796,0,3
1778661641.173903,3954,0,3
1778661641.1772192,0,0,3
1778661641.179839,2017,0,3
1778661641.18001,3148,0,3
1778661641.1846201,2204,0,3
1778661641.184799,1892,0,3
1778661641.187235,2461,0,3
1778661641.188659,2473,0,3
1778661641.190012,2556,0,3
1778661641.192671,1413,0,3
1778661641.194023,1347,0,3
1778661641.196657,2874,0,3
1778661641.202395,2063,0,3
1778661641.203056,2514,0,3
1778661641.204621,1929,0,3
1778661641.204833,2202,0,3
1778661641.2065248,2167,0,3
1778661641.209428,2329,0,3
1778661641.21118,2592,0,3
1778661641.2178051,1996,0,3
1778661641.218241,1694,0,3
1778661641.218428,1956,0,3
1778661641.218665,1929,0,3
1778661641.221189,2265,0,3
1778661641.222579,1773,0,3
1778661641.224885,2536,0,3
1778661641.231211,2713,0,3
1778661641.2317939,1464,0,3
1778661641.235018,2356,0,3
1778661641.235887,1982,0,3
1778661641.237392,2736,0,3
1778661641.238476,1525,0,3
1778661641.2400692,2046,0,3
1778661641.245163,2073,0,3
1778661641.2456021,2581,0,3
1778661641.245721,2747,0,3
1778661641.246018,707,0,3
1778661641.24834,861,0,3
1778661641.251062,3676,0,3
1778661641.252484,2147,0,3
1778661641.25388,2044,0,3
1778661641.2565382,2109,0,3
1778661641.2578611,1855,0,3
1778661641.2644548,2321,0,3
1778661641.264642,2743,0,3
1778661641.268024,2511,0,3
1778661641.270126,1939,0,3
1778661641.271123,2254,0,3
1778661641.2721112,1414,0,3
1778661641.273193,2101,0,3
1778661641.2753868,1976,0,3
1778661641.280255,643,0,3
1778661641.280925,2994,0,3
1778661641.281143,2602,0,3
1778661641.283531,2094,0,3
1778661641.2849321,1518,0,3
1778661641.286307,2468,0,3
1778661641.288942,2129,0,3
1778661641.2954721,2224,0,3
1778661641.2991538,2140,0,3
1778661641.299814,2497,0,3
1778661641.303964,2398,0,3
1778661641.312075,1486,0,3
1778661641.3121312,2086,0,3
1778661641.3121622,2400,0,3
1778661641.3121889,474,0,3
1778661641.312217,2445,0,3
1778661641.312245,2400,0,3
1778661641.3122718,2972,0,3
1778661641.3123,1992,0,3
1778661641.316003,1839,0,3
1778661641.316353,1933,0,3
1778661641.319296,2076,0,3
1778661641.320692,2154,0,3
1778661641.32201,2160,0,3
1778661641.331472,2069,0,3
1778661641.331722,2210,0,3
1778661641.335121,1719,0,3
1778661641.336652,2332,0,3
1778661641.343889,799,0,3
1778661641.346518,1962,0,3
1778661641.3465989,2369,0,3
1778661641.346656,2482,0,3
1778661641.3467069,2170,0,3
1778661641.346755,1893,0,3
1778661641.346803,2192,0,3
1778661641.346848,2417,0,3
1778661641.348232,1645,0,3
1778661641.3499148,1831,0,3
1778661641.356574,2563,0,3
1778661641.362796,1880,0,3
1778661641.370645,2018,0,3
1778661641.3711371,1763,0,3
1778661641.371528,2143,0,3
1778661641.3737888,2207,0,3
1778661641.373964,2095,0,3
1778661641.374024,1958,0,3
1778661641.374093,2210,0,3
1778661641.374208,1831,0,3
1778661641.3742678,1805,0,3
1778661641.374319,2009,0,3
1778661641.37697,2305,0,3
1778661641.378335,2258,0,3
1778661641.380979,1811,0,3
1778661641.382452,1925,0,3
1778661641.383935,2047,0,3
1778661641.391318,2382,0,3
1778661641.393027,2670,0,3
1778661641.3952918,1230,0,3
1778661641.3961768,1780,0,3
1778661641.3966668,2397,0,3
1778661641.3977191,2539,0,3
1778661641.398318,1962,0,3
1778661641.4050891,2049,0,3
1778661641.405421,2190,0,3
1778661641.405781,2302,0,3
1778661641.406105,2280,0,3
1778661641.4084249,2241,0,3
1778661641.409816,2323,0,3
1778661641.412395,2304,0,3
1778661641.418806,2104,0,3
1778661641.421181,1910,0,3
1778661641.4234822,2052,0,3
1778661641.424818,2206,0,3
1778661641.424999,2452,0,3
1778661641.425477,2090,0,3
1778661641.4278111,2018,0,3
1778661641.432885,2367,0,3
1778661641.433398,2333,0,3
1778661641.4339972,1981,0,3
1778661641.436325,1952,0,3
1778661641.436613,2230,0,3
1778661641.4380312,2171,0,3
1778661641.440524,2009,0,3
1778661641.441878,2347,0,3
1778661641.444533,2515,0,3
1778661641.446025,2276,0,3
1778661641.4533591,1850,0,3
1778661641.454783,1884,0,3
1778661641.45496,2224,0,3
1778661641.457412,2240,0,3
1778661641.4584372,2290,0,3
1778661641.45903,2097,0,3
1778661641.466808,2294,0,3
1778661641.467026,2327,0,3
1778661641.467308,2313,0,3
1778661641.467772,1984,0,3
1778661641.469999,1972,0,3
1778661641.470319,2169,0,3
1778661641.47295,2386,0,3
1778661641.4743428,2171,0,3
1778661641.479604,2124,0,3
1778661641.480151,2232,0,3
1778661641.480653,2133,0,3
1778661641.4824588,1956,0,3
1778661641.4853382,2036,0,3
1778661641.487406,2109,0,3
1778661641.494163,2141,0,3
1778661641.494587,2128,0,3
1778661641.4947572,2115,0,3
1778661641.495166,2198,0,3
1778661641.497366,2164,0,3
1778661641.4987872,2030,0,3
1778661641.500126,1930,0,3
1778661641.5027,2065,0,3
1778661641.50404,1966,0,3
1778661641.506678,2097,0,3
1778661641.514115,2061,0,3
1778661641.514637,2102,0,3
1778661641.5163178,2112,0,3
1778661641.5182998,2019,0,3
1778661641.518804,1873,0,3
1778661641.5189078,2009,0,3
1778661641.5203378,2057,0,3
1778661641.522484,2171,0,3
1778661641.527382,2231,0,3
1778661641.527599,1879,0,3
1778661641.529331,1983,0,3
1778661641.530635,2002,0,3
1778661641.531942,1838,0,3
1778661641.538746,1846,0,3
1778661641.539226,2050,0,3
1778661641.539739,2086,0,3
1778661641.5405068,2001,0,3
1778661641.543338,2034,0,3
1778661641.544984,2263,0,3
1778661641.5515032,2175,0,3
1778661641.551646,1999,0,3
1778661641.5518038,1862,0,3
1778661641.551886,1993,0,3
1778661641.554868,2127,0,3
1778661641.55619,2131,0,3
1778661641.558749,1999,0,3
1778661641.56004,2106,0,3
1778661641.562592,2123,0,3
1778661641.568056,1989,0,3
1778661641.5685408,1828,0,3
1778661641.570522,1957,0,3
1778661641.57065,2092,0,3
1778661641.572202,2117,0,3
1778661641.574036,2026,0,3
1778661641.5801542,2078,0,3
1778661641.580267,2160,0,3
1778661641.580385,2101,0,3
1778661641.582048,1995,0,3
1778661641.5847218,1940,0,3
1778661641.58603,2015,0,3
1778661641.5906198,2078,0,3
1778661641.591106,2059,0,3
1778661641.593162,2010,0,3
1778661641.595096,2123,0,3
1778661641.597183,2048,0,3
1778661641.602958,1877,0,3
1778661641.603186,1808,0,3
1778661641.603311,2043,0,3
1778661641.605027,2154,0,3
1778661641.606354,2140,0,3
1778661641.6088178,2070,0,3
1778661641.6101089,2111,0,3
1778661641.612656,2069,0,3
1778661641.613945,2019,0,3
1778661641.6191921,1876,0,3
1778661641.619621,2017,0,3
1778661641.622185,1981,0,3
1778661641.623468,2060,0,3
1778661641.625778,2058,0,3
1778661641.626248,2166,0,3
1778661641.631985,2037,0,3
1778661641.6339982,1927,0,3
1778661641.634411,1820,0,3
1778661641.634611,1901,0,3
1778661641.635914,2071,0,3
1778661641.638481,1992,0,3
1778661641.643599,1962,0,3
1778661641.644037,2003,0,3
1778661641.644416,2120,0,3
1778661641.6473448,2156,0,3
1778661641.650979,1901,0,3
1778661641.651128,1853,0,3
1778661641.6555898,1977,0,3
1778661641.6557949,2027,0,3
1778661641.656019,2084,0,3
1778661641.658592,2024,0,3
1778661641.659882,2112,0,3
1778661641.662444,2134,0,3
1778661641.663813,1953,0,3
1778661641.6666229,1916,0,3
1778661641.67072,2053,0,3
1778661641.6711621,2156,0,3
1778661641.673155,2187,0,3
1778661641.675009,1879,0,3
1778661641.676553,1979,0,3
1778661641.729028,2070,0,3
1778661641.729173,1982,0,3
1778661641.7292318,1912,0,3
1778661641.729373,1946,0,3
1778661641.729464,2061,0,3
1778661641.7296078,2036,0,3
1778661641.729732,2053,0,3
1778661641.7298298,2152,0,3
1778661641.729938,2222,0,3
1778661641.7300212,2044,0,3
1778661641.730083,1939,0,3
1778661641.730165,1797,0,3
1778661641.7302,1977,0,3
1778661641.730227,2066,0,3
1778661641.730253,2115,0,3
1778661641.730279,2054,0,3
1778661641.730304,2090,0,3
1778661641.730328,2119,0,3
1778661641.7303538,2007,0,3
1778661641.730378,1868,0,3
1778661641.7304032,1960,0,3
1778661641.73043,2041,0,3
1778661641.730455,2069,0,3
1778661641.730479,2061,0,3
1778661641.730504,2106,0,3
1778661641.73053,2193,0,3
1778661641.7305532,2063,0,3
1778661641.7318861,1889,0,3
1778661641.7373838,1848,0,3
1778661641.737741,2008,0,3
1778661641.7445629,2053,0,3
1778661641.74628,2041,0,3
1778661641.746421,2000,0,3
1778661641.746829,2110,0,3
1778661641.746901,2082,0,3
1778661641.7489111,1930,0,3
1778661641.7545862,1847,0,3
1778661641.754685,2088,0,3
1778661641.754991,2131,0,3
1778661641.756892,2106,0,3
1778661641.758191,1968,0,3
1778661641.76074,2053,0,3
1778661641.764491,2106,0,3
1778661641.765207,1937,0,3
1778661641.76745,1837,0,3
1778661641.769312,1966,0,3
1778661641.770895,2030,0,3
1778661641.776559,2088,0,3
1778661641.776713,1939,0,3
1778661641.7768269,2038,0,3
1778661641.778444,2211,0,3
1778661641.7797408,2068,0,3
1778661641.782332,1868,0,3
1778661641.784899,1872,0,3
1778661641.78619,1962,0,3
1778661641.792045,2097,0,3
1778661641.792827,2184,0,3
1778661641.792914,2093,0,3
1778661641.7942898,2102,0,3
1778661641.796524,2087,0,3
1778661641.799239,1933,0,3
1778661641.8032598,1827,0,3
1778661641.803359,2039,0,3
1778661641.805482,2107,0,3
1778661641.806802,2093,0,3
1778661641.8081,1989,0,3
1778661641.8131871,2066,0,3
1778661641.8139288,2130,0,3
1778661641.8142872,2012,0,3
1778661641.8177521,1887,0,3
1778661641.81854,1961,0,3
1778661641.821173,2115,0,3
1778661641.825151,2119,0,3
1778661641.825325,2008,0,3
1778661641.8271842,2006,0,3
1778661641.828483,2131,0,3
1778661641.829775,2136,0,3
1778661641.832513,1930,0,3
1778661641.83394,1867,0,3
1778661641.839471,1990,0,3
1778661641.8403919,2109,0,3
1778661641.841185,2095,0,3
1778661641.842905,2042,0,3
1778661641.844592,2143,0,3
1778661641.846482,2099,0,3
1778661641.851619,1960,0,3
1778661641.851752,1854,0,3
1778661641.8520288,2034,0,3
1778661641.85477,2138,0,3
1778661641.8561752,2139,0,3
1778661641.861203,2011,0,3
1778661641.8616278,2062,0,3
1778661641.864074,2117,0,3
1778661641.864327,1991,0,3
1778661641.8677819,1862,0,3
1778661641.867882,1951,0,3
1778661641.872917,2068,0,3
1778661641.873507,2148,0,3
1778661641.8764732,2051,0,3
1778661641.876502,2030,0,3
1778661641.877793,2094,0,3
1778661641.880352,2046,0,3
1778661641.8829,1959,0,3
1778661641.884244,1887,0,3
1778661641.888404,2034,0,3
1778661641.8891509,2061,0,3
1778661641.89092,2077,0,3
1778661641.892402,2028,0,3
1778661641.894235,2124,0,3
1778661641.895922,2086,0,3
1778661641.899528,1924,0,3
1778661641.9016771,1805,0,3
1778661641.902977,2027,0,3
1778661641.904276,2184,0,3
1778661641.9092312,2119,0,3
1778661641.91029,1995,0,3
1778661641.910641,2056,0,3
1778661641.912006,2093,0,3
1778661641.915203,2018,0,3
1778661641.920162,1898,0,3
1778661641.920552,2016,0,3
1778661641.9206998,2017,0,3
1778661641.922394,2083,0,3
1778661641.9249449,2055,0,3
1778661641.926263,2082,0,3
1778661641.92881,2193,0,3
1778661641.9300969,2068,0,3
1778661641.934549,1928,0,3
1778661641.934641,1895,0,3
1778661641.93697,2044,0,3
1778661641.938671,2072,0,3
1778661641.940613,2085,0,3
1778661641.9449532,2075,0,3
1778661641.9452548,2180,0,3
1778661641.947073,2164,0,3
1778661641.948125,2005,0,3
1778661641.950729,1868,0,3
1778661641.954794,2045,0,3
1778661641.955838,2102,0,3
1778661641.956237,2173,0,3
1778661641.958978,2149,0,3
1778661641.960746,2128,0,3
1778661641.965179,2136,0,3
1778661641.9653308,2029,0,3
1778661641.967305,1947,0,3
1778661641.968609,1985,0,3
1778661641.969898,2009,0,3
1778661641.97245,2091,0,3
1778661641.973757,2040,0,3
1778661641.979465,2061,0,3
1778661641.979904,2147,0,3
1778661641.980607,2062,0,3
1778661641.9824,1912,0,3
1778661641.984202,1948,0,3
1778661641.987297,2083,0,3
1778661641.990388,2087,0,3
1778661641.990551,2067,0,3
1778661641.9925718,2056,0,3
1778661641.993862,2129,0,3
1778661641.99647,2092,0,3
1778661642.000996,1954,0,3
1778661642.001428,1896,0,3
1778661642.003726,2075,0,3
1778661642.0043678,2115,0,3
1778661642.007134,2109,0,3
1778661642.009987,1996,0,3
1778661642.0101,2125,0,3
1778661642.012872,2190,0,3
1778661642.014167,2043,0,3
1778661642.016862,1873,0,3
1778661642.018199,1929,0,3
1778661642.024826,2078,0,3
1778661642.024898,2127,0,3
1778661642.025644,2068,0,3
1778661642.026933,2107,0,3
1778661642.028362,2187,0,3
1778661642.0304482,2025,0,3
1778661642.0346198,1922,0,3
1778661642.034782,1914,0,3
1778661642.0367098,2110,0,3
1778661642.038014,2156,0,3
1778661642.040567,2123,0,3
1778661642.045133,2023,0,3
1778661642.0454788,2169,0,3
1778661642.048245,2158,0,3
1778661642.0486689,1945,0,3
1778661642.054053,1859,0,3
1778661642.054212,2047,0,3
1778661642.05432,2129,0,3
1778661642.0558898,2103,0,3
1778661642.058451,2030,0,3
1778661642.059741,2140,0,3
1778661642.062297,2175,0,3
1778661642.070764,2094,0,3
1778661642.070836,1994,0,3
1778661642.070951,1871,0,3
1778661642.0710871,2070,0,3
1778661642.073057,2160,0,3
1778661642.074633,2110,0,3
1778661642.078576,2120,0,3
1778661642.0786471,2184,0,3
1778661642.08054,2111,0,3
1778661642.081872,1823,0,3
1778661642.084341,1852,0,3
1778661642.085716,2072,0,3
1778661642.088321,2132,0,3
1778661642.0927649,2112,0,3
1778661642.093427,2045,0,3
1778661642.09508,2175,0,3
1778661642.096419,2062,0,3
1778661642.09814,1983,0,3
1778661642.1021922,1900,0,3
1778661642.102308,2080,0,3
1778661642.1042502,2145,0,3
1778661642.1068668,2137,0,3
1778661642.108944,2031,0,3
1778661642.110239,2050,0,3
1778661642.112782,2128,0,3
1778661642.1168609,2053,0,3
1778661642.118303,1931,0,3
1778661642.1193979,2003,0,3
1778661642.121483,2110,0,3
1778661642.1241422,2134,0,3
1778661642.12428,2035,0,3
1778661642.128105,2094,0,3
1778661642.12857,2196,0,3
1778661642.1298602,2059,0,3
1778661642.132396,1972,0,3
1778661642.133718,1900,0,3
1778661642.1362839,2066,0,3
1778661642.1403131,2100,0,3
1778661642.1410189,2056,0,3
1778661642.142677,2004,0,3
1778661642.144415,2190,0,3
1778661642.147205,2142,0,3
1778661642.149549,1963,0,3
1778661642.151179,1868,0,3
1778661642.1524868,2081,0,3
1778661642.1537752,2193,0,3
1778661642.156325,2154,0,3
1778661642.157781,1994,0,3
1778661642.1603572,2091,0,3
1778661642.16379,2154,0,3
1778661642.1651032,2102,0,3
1778661642.168015,1976,0,3
1778661642.1683671,1888,0,3
1778661642.170725,2014,0,3
1778661642.173026,2105,0,3
1778661642.1748118,2078,0,3
1778661642.176105,2059,0,3
1778661642.178653,2154,0,3
1778661642.179945,2073,0,3
1778661642.182509,1921,0,3
1778661642.186931,1875,0,3
1778661642.187883,2061,0,3
1778661642.187947,2136,0,3
1778661642.1897988,2122,0,3
1778661642.194102,2067,0,3
1778661642.196255,2119,0,3
1778661642.196705,2076,0,3
1778661642.198358,1991,0,3
1778661642.200943,1866,0,3
1778661642.2022421,2052,0,3
1778661642.204799,2068,0,3
1778661642.206091,2098,0,3
1778661642.210091,2049,0,3
1778661642.210496,2110,0,3
1778661642.2124548,2156,0,3
1778661642.214331,2087,0,3
1778661642.2169878,1851,0,3
1778661642.219098,1855,0,3
1778661642.2210088,2024,0,3
1778661642.222454,2121,0,3
1778661642.223743,2062,0,3
1778661642.226296,2049,0,3
1778661642.227701,2126,0,3
1778661642.232554,2068,0,3
1778661642.2349272,1932,0,3
1778661642.2361531,1886,0,3
1778661642.2367518,2048,0,3
1778661642.238422,2107,0,3
1778661642.241606,2163,0,3
1778661642.241733,2042,0,3
1778661642.2444549,2037,0,3
1778661642.245739,2092,0,3
1778661642.2482848,1967,0,3
1778661642.249773,1864,0,3
1778661642.255218,2045,0,3
1778661642.255996,2076,0,3
1778661642.256407,2093,0,3
1778661642.2589839,2033,0,3
1778661642.2609642,2161,0,3
1778661642.264108,2160,0,3
1778661642.26424,2014,0,3
1778661642.26606,1895,0,3
1778661642.268626,2015,0,3
1778661642.2699158,2121,0,3
1778661642.272473,2025,0,3
1778661642.2737632,2038,0,3
1778661642.2784462,2018,0,3
1778661642.279397,2153,0,3
1778661642.281764,2038,0,3
1778661642.282719,1897,0,3
1778661642.285202,1841,0,3
1778661642.287283,2055,0,3
1778661642.289134,2090,0,3
1778661642.290432,2112,0,3
1778661642.291718,2036,0,3
1778661642.294368,2110,0,3
1778661642.2963479,2119,0,3
1778661642.3015501,1996,0,3
1778661642.3030882,1896,0,3
1778661642.304138,2017,0,3
1778661642.3043299,2071,0,3
1778661642.306001,2136,0,3
1778661642.308813,2067,0,3
1778661642.310699,2104,0,3
1778661642.312507,2151,0,3
1778661642.3137941,2085,0,3
1778661642.3164642,1969,0,3
1778661642.317802,2017,0,3
1778661642.320351,2124,0,3
1778661642.3247201,1939,0,3
1778661642.325077,2025,0,3
1778661642.327179,1984,0,3
1778661642.329018,2125,0,3
1778661642.330358,2071,0,3
1778661642.333965,1958,0,3
1778661642.33417,1815,0,3
1778661642.335781,2003,0,3
1778661642.338329,2107,0,3
1778661642.339679,2151,0,3
1778661642.34213,2050,0,3
1778661642.3479612,2131,0,3
1778661642.3486521,2111,0,3
1778661642.351342,1994,0,3
1778661642.35203,1866,0,3
1778661642.352412,2020,0,3
1778661642.3545458,2133,0,3
1778661642.356423,2162,0,3
1778661642.358269,2090,0,3
1778661642.360864,2123,0,3
1778661642.36215,2158,0,3
1778661642.364693,2051,0,3
1778661642.3659751,1918,0,3
1778661642.371531,1924,0,3
1778661642.371642,2028,0,3
1778661642.372362,2118,0,3
1778661642.374992,2146,0,3
1778661642.37667,2087,0,3
1778661642.379599,2124,0,3
1778661642.379761,2117,0,3
1778661642.3830552,1963,0,3
1778661642.384347,1875,0,3
1778661642.385657,2111,0,3
1778661642.388206,2112,0,3
1778661642.3908281,2081,0,3
1778661642.3945558,2061,0,3
1778661642.3949912,2078,0,3
1778661642.396957,2145,0,3
1778661642.398516,2014,0,3
1778661642.4013708,1857,0,3
1778661642.403091,1989,0,3
1778661642.4048378,2094,0,3
1778661642.4062269,2129,0,3
1778661642.408782,2041,0,3
1778661642.410069,2026,0,3
1778661642.4126122,2114,0,3
1778661642.417789,2038,0,3
1778661642.418155,1940,0,3
1778661642.419224,1916,0,3
1778661642.4212968,2073,0,3
1778661642.4239209,2195,0,3
1778661642.425719,2208,0,3
1778661642.425825,2151,0,3
1778661642.428448,1752,0,3
1778661642.429837,1954,0,3
1778661642.432412,2005,0,3
1778661642.433751,1790,0,3
1778661642.439459,2269,0,3
1778661642.439827,2140,0,3
1778661642.4401941,1876,0,3
1778661642.4434361,2167,0,3
1778661642.446006,2669,0,3
1778661642.4461062,1589,0,3
1778661642.447956,1588,0,3
1778661642.44984,2391,0,3
1778661642.4521852,1833,0,3
1778661642.454734,1841,0,3
1778661642.456019,2174,0,3
1778661642.461888,2215,0,3
1778661642.4620311,1943,0,3
1778661642.464352,1973,0,3
1778661642.464452,2461,0,3
1778661642.467215,2128,0,3
1778661642.468996,1834,0,3
1778661642.470668,1896,0,3
1778661642.47309,1992,0,3
1778661642.474217,2086,0,3
1778661642.4766998,1864,0,3
1778661642.4778922,2116,0,3
1778661642.482038,2139,0,3
1778661642.486895,1776,0,3
1778661642.4872892,1906,0,3
1778661642.487689,2058,0,3
1778661642.488715,2037,0,3
1778661642.490401,2017,0,3
1778661642.491818,1969,0,3
1778661642.4949398,1936,0,3
1778661642.496886,2118,0,3
1778661642.4981859,2524,0,3
1778661642.5008042,1794,0,3
1778661642.502103,1779,0,3
1778661642.504659,1842,0,3
1778661642.5059462,2241,0,3
1778661642.51028,2209,0,3
1778661642.511316,2198,0,3
1778661642.514265,2321,0,3
1778661642.514687,2184,0,3
1778661642.5187972,1727,0,3
1778661642.5190558,1674,0,3
1778661642.520828,2309,0,3
1778661642.522154,2182,0,3
1778661642.5247092,2085,0,3
1778661642.526,1955,0,3
1778661642.5285492,2186,0,3
1778661642.534556,2067,0,3
1778661642.5357308,1942,0,3
1778661642.535899,1790,0,3
1778661642.5374951,1870,0,3
1778661642.5392551,2136,0,3
1778661642.542203,2087,0,3
1778661642.54238,1860,0,3
1778661642.5447612,1876,0,3
1778661642.546137,1919,0,3
1778661642.548567,2069,0,3
1778661642.549966,1875,0,3
1778661642.552042,1821,0,3
1778661642.558186,2132,0,3
1778661642.558878,1952,0,3
1778661642.558917,1568,0,3
1778661642.560273,2073,0,3
1778661642.5616739,2100,0,3
1778661642.564666,1879,0,3
1778661642.568531,1720,0,3
1778661642.568726,1800,0,3
1778661642.57007,2028,0,3
1778661642.5725598,2030,0,3
1778661642.573896,2043,0,3
1778661642.576682,1875,0,3
1778661642.583922,1989,0,3
1778661642.584148,2016,0,3
1778661642.585732,1733,0,3
1778661642.586386,1701,0,3
1778661642.58738,2004,0,3
1778661642.589121,1725,0,3
1778661642.591039,2055,0,3
1778661642.592928,1996,0,3
1778661642.594219,1598,0,3
1778661642.595576,1915,0,3
1778661642.597904,1850,0,3
1778661642.60047,1532,0,3
1778661642.605367,1781,0,3
1778661642.6061509,1556,0,3
1778661642.607454,1835,0,3
1778661642.607646,1904,0,3
1778661642.6107242,2107,0,3
1778661642.6136699,2000,0,3
1778661642.613766,1185,0,3
1778661642.616502,1547,0,3
1778661642.617873,2050,0,3
1778661642.620422,2014,0,3
1778661642.621755,1638,0,3
1778661642.6272361,2480,0,3
1778661642.6272871,1975,0,3
1778661642.629483,1807,0,3
1778661642.629644,1869,0,3
1778661642.6326,1937,0,3
1778661642.634185,1818,0,3
1778661642.637703,1956,0,3
1778661642.63796,1929,0,3
1778661642.640509,1715,0,3
1778661642.641802,1715,0,3
1778661642.644353,2076,0,3
1778661642.645639,2150,0,3
1778661642.651413,1969,0,3
1778661642.651799,1834,0,3
1778661642.6529112,1903,0,3
1778661642.65457,1980,0,3
1778661642.656034,2004,0,3
1778661642.659321,2053,0,3
1778661642.660783,2136,0,3
1778661642.662095,1868,0,3
1778661642.664652,2151,0,3
1778661642.666147,1711,0,3
1778661642.6687202,1551,0,3
1778661642.672925,2341,0,3
1778661642.673554,2374,0,3
1778661642.673972,1830,0,3
1778661642.6773682,1866,0,3
1778661642.679727,2282,0,3
1778661642.679803,2161,0,3
1778661642.681702,1785,0,3
1778661642.6847,2153,0,3
1778661642.6859908,2087,0,3
1778661642.688554,1344,0,3
1778661642.689837,1925,0,3
1778661642.6950002,2064,0,3
1778661642.69508,2316,0,3
1778661642.697411,2163,0,3
1778661642.700023,1966,0,3
1778661642.700774,1880,0,3
1778661642.7021859,1924,0,3
1778661642.704278,2162,0,3
1778661642.706094,2207,0,3
1778661642.708643,2090,0,3
1778661642.709926,1835,0,3
1778661642.712468,2145,0,3
1778661642.713755,2028,0,3
1778661642.7186491,1914,0,3
1778661642.7190368,1905,0,3
1778661642.720456,2065,0,3
1778661642.7223701,2218,0,3
1778661642.723785,2104,0,3
1778661642.7268531,1919,0,3
1778661642.728538,2165,0,3
1778661642.729835,1924,0,3
1778661642.7326012,1902,0,3
1778661642.734006,2007,0,3
1778661642.736564,1911,0,3
1778661642.741011,1950,0,3
1778661642.7413702,2212,0,3
1778661642.743377,2338,0,3
1778661642.745018,1601,0,3
1778661642.746363,2134,0,3
1778661642.7495859,2057,0,3
1778661642.749634,1828,0,3
1778661642.7524102,2022,0,3
1778661642.753609,2095,0,3
1778661642.75617,1981,0,3
1778661642.758626,2027,0,3
1778661642.7599108,2093,0,3
1778661642.764145,2215,0,3
1778661642.764839,2301,0,3
1778661642.767603,2167,0,3
1778661642.767704,1769,0,3
1778661642.770719,1829,0,3
1778661642.772765,2325,0,3
1778661642.7745001,2161,0,3
1778661642.775795,2020,0,3
1778661642.77834,2220,0,3
1778661642.779673,2292,0,3
1778661642.7822368,1401,0,3
1778661642.783744,1383,0,3
1778661642.787391,2434,0,3
1778661642.790966,2437,0,3
1778661642.791969,1867,0,3
1778661642.792039,1924,0,3
1778661642.7943869,2111,0,3
1778661642.796557,2388,0,3
1778661642.798484,2259,0,3
1778661642.7998478,1691,0,3
1778661642.8023958,2072,0,3
1778661642.8036952,2116,0,3
1778661642.808724,2127,0,3
1778661642.809815,1862,0,3
1778661642.810914,2158,0,3
1778661642.812285,2305,0,3
1778661642.81405,1719,0,3
1778661642.818805,1363,0,3
1778661642.8191779,2080,0,3
1778661642.820479,2350,0,3
1778661642.82185,2255,0,3
1778661642.82423,1620,0,3
1778661642.825599,2262,0,3
1778661642.830792,2474,0,3
1778661642.831153,2260,0,3
1778661642.8347971,2036,0,3
1778661642.835229,1830,0,3
1778661642.838089,2274,0,3
1778661642.8382561,2445,0,3
1778661642.840162,674,0,3
1778661642.84194,2376,0,3
1778661642.844497,2507,0,3
1778661642.845796,1816,0,3
1778661642.8483589,2119,0,3
1778661642.849992,2009,0,3
1778661642.855511,1945,0,3
1778661642.856719,2351,0,3
1778661642.8567948,2222,0,3
1778661642.858695,1735,0,3
1778661642.861251,2351,0,3
1778661642.863399,2644,0,3
1778661642.8652349,2103,0,3
1778661642.866433,1921,0,3
1778661642.8678222,1725,0,3
1778661642.870383,2153,0,3
1778661642.871831,2590,0,3
1778661642.877513,2129,0,3
1778661642.8783581,1974,0,3
1778661642.879741,2052,0,3
1778661642.87995,2653,0,3
1778661642.884544,933,0,3
1778661642.884696,1889,0,3
1778661642.886807,2762,0,3
1778661642.888698,2183,0,3
1778661642.890002,2033,0,3
1778661642.8925922,1957,0,3
1778661642.8938859,3052,0,3
1778661642.8964312,2250,0,3
1778661642.897832,1713,0,3
1778661642.902465,1635,0,3
1778661642.904958,2694,0,3
1778661642.90525,2117,0,3
1778661642.912456,2251,0,3
1778661642.9127748,2621,0,3
1778661642.913124,1100,0,3
1778661642.9133282,1519,0,3
1778661642.9161742,3617,0,3
1778661642.916299,2032,0,3
1778661642.917658,1148,0,3
1778661642.924095,2276,0,3
1778661642.924643,2645,0,3
1778661642.926052,1855,0,3
1778661642.928073,2332,0,3
1778661642.928967,1529,0,3
1778661642.931502,1138,0,3
1778661642.934131,2352,0,3
1778661642.934417,3575,0,3
1778661642.9363358,1314,0,3
1778661642.937718,597,0,3
1778661642.940338,2097,0,3
1778661642.9416478,2732,0,3
1778661642.9443042,2044,0,3
1778661642.9458492,3129,0,3
1778661642.9513118,1908,0,3
1778661642.952543,621,0,3
1778661642.9527838,1626,0,3
1778661642.955124,2146,0,3
1778661642.9606001,2019,0,3
1778661642.961067,2268,0,3
1778661642.9614358,1765,0,3
1778661642.9617221,2484,0,3
1778661642.9646442,1889,0,3
1778661642.965991,1554,0,3
1778661642.976182,2461,0,3
1778661642.9771972,1775,0,3
1778661642.9780512,2437,0,3
1778661642.9786508,2926,0,3
1778661642.980525,1109,0,3
1778661642.983677,150,0,3
1778661642.9858072,1514,0,3
1778661642.9859269,2986,0,3
1778661642.986022,2613,0,3
1778661642.986109,1415,0,3
1778661642.988738,840,0,3
1778661642.9901052,2482,0,3
1778661642.9927628,3287,0,3
1778661642.9942982,1900,0,3
1778661642.9956968,1081,0,3
1778661642.998668,1646,0,3
1778661643.000175,1274,0,3
1778661643.001718,3652,0,3
