timestamp,ch1,ch2,label
1778661935.357534,2095,0,7_S
1778661935.358099,2040,0,7_S
1778661935.3675258,2104,0,7_S
1778661935.38474,2109,0,7_S
1778661935.384834,1999,0,7_S
1778661935.384925,1921,0,7_S
1778661935.384981,1996,0,7_S
1778661935.3850062,2099,0,7_S
1778661935.4027252,2096,0,7_S
1778661935.402869,2017,0,7_S
1778661935.403109,2062,0,7_S
1778661935.421973,2137,0,7_S
1778661935.4221828,2083,0,7_S
1778661935.422262,2005,0,7_S
1778661935.422289,1980,0,7_S
1778661935.422434,2061,0,7_S
1778661935.422474,2108,0,7_S
1778661935.422571,2115,0,7_S
1778661935.422653,2096,0,7_S
1778661935.422718,2152,0,7_S
1778661935.422771,2080,0,7_S
1778661935.422821,1978,0,7_S
1778661935.422869,1889,0,7_S
1778661935.4229188,2011,0,7_S
1778661935.422972,2041,0,7_S
1778661935.42303,2127,0,7_S
1778661935.4230552,2047,0,7_S
1778661935.423077,2086,0,7_S
1778661935.423098,2104,0,7_S
1778661935.423119,2000,0,7_S
1778661935.423141,1903,0,7_S
1778661935.4231622,2030,0,7_S
1778661935.4231832,2091,0,7_S
1778661935.4232042,2136,0,7_S
1778661935.4232252,2066,0,7_S
1778661935.4232461,2071,0,7_S
1778661935.423266,2138,0,7_S
1778661935.4232872,2070,0,7_S
1778661935.423309,1943,0,7_S
1778661935.42333,1950,0,7_S
1778661935.423352,2065,0,7_S
1778661935.4233758,2102,0,7_S
1778661935.4233978,2072,0,7_S
1778661935.4234219,2035,0,7_S
1778661935.423446,2136,0,7_S
1778661935.423469,2117,0,7_S
1778661935.4234931,1983,0,7_S
1778661935.423517,1886,0,7_S
1778661935.423541,2063,0,7_S
1778661935.4235651,2134,0,7_S
1778661935.4235892,2103,0,7_S
1778661935.4236128,2050,0,7_S
1778661935.423636,2045,0,7_S
1778661935.42366,2135,0,7_S
1778661935.4236999,2085,0,7_S
1778661935.432655,1944,0,7_S
1778661935.432697,1981,0,7_S
1778661935.43272,2080,0,7_S
1778661935.4327428,2115,0,7_S
1778661935.432769,2053,0,7_S
1778661935.432791,2065,0,7_S
1778661935.4328132,2136,0,7_S
1778661935.4328341,2064,0,7_S
1778661935.432854,1949,0,7_S
1778661935.432876,1934,0,7_S
1778661935.462614,2038,0,7_S
1778661935.462691,2060,0,7_S
1778661935.467826,2086,0,7_S
1778661935.467959,2082,0,7_S
1778661935.47272,2132,0,7_S
1778661935.487071,2094,0,7_S
1778661935.4882948,2019,0,7_S
1778661935.488354,1906,0,7_S
1778661935.488628,1999,0,7_S
1778661935.488655,2102,0,7_S
1778661935.488719,2148,0,7_S
1778661935.4887419,2095,0,7_S
1778661935.4887779,2088,0,7_S
1778661935.488801,2080,0,7_S
1778661935.488823,2008,0,7_S
1778661935.488845,1906,0,7_S
1778661935.488953,1977,0,7_S
1778661935.489034,2098,0,7_S
1778661935.4898932,2138,0,7_S
1778661935.4899251,2053,0,7_S
1778661935.489949,2082,0,7_S
1778661935.4899719,2157,0,7_S
1778661935.489995,2018,0,7_S
1778661935.490059,1917,0,7_S
1778661935.490093,1970,0,7_S
1778661935.490134,2080,0,7_S
1778661935.490208,2113,0,7_S
1778661935.49023,2058,0,7_S
1778661935.49967,2028,0,7_S
1778661935.500524,2144,0,7_S
1778661935.5036101,2130,0,7_S
1778661935.505354,2013,0,7_S
1778661935.5076602,1917,0,7_S
1778661935.5077262,2061,0,7_S
1778661935.507751,2056,0,7_S
1778661935.507773,2111,0,7_S
1778661935.5079622,2051,0,7_S
1778661935.509353,2084,0,7_S
1778661935.5106702,2136,0,7_S
1778661935.51305,2058,0,7_S
1778661935.515708,1914,0,7_S
1778661935.521678,1986,0,7_S
1778661935.521782,2068,0,7_S
1778661935.522142,2111,0,7_S
1778661935.524791,2049,0,7_S
1778661935.524866,2027,0,7_S
1778661935.5279748,2130,0,7_S
1778661935.529964,2106,0,7_S
1778661935.53313,1952,0,7_S
1778661935.5333178,1902,0,7_S
1778661935.5346391,2083,0,7_S
1778661935.537306,2142,0,7_S
1778661935.538676,2099,0,7_S
1778661935.541226,2030,0,7_S
1778661935.547449,2112,0,7_S
1778661935.548219,2106,0,7_S
1778661935.549514,2001,0,7_S
1778661935.549713,1916,0,7_S
1778661935.555495,2057,0,7_S
1778661935.556732,2121,0,7_S
1778661935.5589461,2109,0,7_S
1778661935.558998,2009,0,7_S
1778661935.5590248,2077,0,7_S
1778661935.5615969,2105,0,7_S
1778661935.567204,1993,0,7_S
1778661935.567992,1927,0,7_S
1778661935.569551,2000,0,7_S
1778661935.5722508,2071,0,7_S
1778661935.5738618,2120,0,7_S
1778661935.575239,2058,0,7_S
1778661935.576902,2072,0,7_S
1778661935.577025,2141,0,7_S
1778661935.579215,2087,0,7_S
1778661935.580599,1977,0,7_S
1778661935.583325,1928,0,7_S
1778661935.584691,2065,0,7_S
1778661935.5873191,2092,0,7_S
1778661935.588792,2073,0,7_S
1778661935.594707,2048,0,7_S
1778661935.598059,2145,0,7_S
1778661935.5989382,2112,0,7_S
1778661935.599209,1999,0,7_S
1778661935.60012,1889,0,7_S
1778661935.6036549,2013,0,7_S
1778661935.6039848,2093,0,7_S
1778661935.606307,2103,0,7_S
1778661935.606433,2046,0,7_S
1778661935.609226,2079,0,7_S
1778661935.615052,2120,0,7_S
1778661935.6173701,2049,0,7_S
1778661935.620105,1930,0,7_S
1778661935.62205,1978,0,7_S
1778661935.623536,2077,0,7_S
1778661935.623838,2098,0,7_S
1778661935.625071,2024,0,7_S
1778661935.625288,2030,0,7_S
1778661935.6274078,2158,0,7_S
1778661935.628757,2094,0,7_S
1778661935.6315079,1927,0,7_S
1778661935.6328478,1881,0,7_S
1778661935.6356301,2061,0,7_S
1778661935.6424792,2118,0,7_S
1778661935.644423,2110,0,7_S
1778661935.6463401,2031,0,7_S
1778661935.6480498,2101,0,7_S
1778661935.648628,2109,0,7_S
1778661935.650978,2005,0,7_S
1778661935.652436,1901,0,7_S
1778661935.6531992,2025,0,7_S
1778661935.655464,2096,0,7_S
1778661935.65557,2121,0,7_S
1778661935.6569269,2038,0,7_S
1778661935.659922,2063,0,7_S
1778661935.664858,2127,0,7_S
1778661935.665,2052,0,7_S
1778661935.6655529,1930,0,7_S
1778661935.669405,1968,0,7_S
1778661935.670004,2053,0,7_S
1778661935.6736572,2104,0,7_S
1778661935.6768022,2053,0,7_S
1778661935.677452,2042,0,7_S
1778661935.67754,2110,0,7_S
1778661935.6788878,2087,0,7_S
1778661935.681549,1988,0,7_S
1778661935.682963,1917,0,7_S
1778661935.68442,2072,0,7_S
1778661935.687423,2109,0,7_S
1778661935.693714,2103,0,7_S
1778661935.693894,2028,0,7_S
1778661935.69406,2124,0,7_S
1778661935.69596,2117,0,7_S
1778661935.699401,1997,0,7_S
1778661935.7007492,1875,0,7_S
1778661935.702809,2010,0,7_S
1778661935.704275,2086,0,7_S
1778661935.7044039,2112,0,7_S
1778661935.7081401,2069,0,7_S
1778661935.709548,2081,0,7_S
1778661935.7109172,2085,0,7_S
1778661935.712335,2033,0,7_S
1778661935.717141,1989,0,7_S
1778661935.717751,1981,0,7_S
1778661935.720893,2059,0,7_S
1778661935.721184,2077,0,7_S
1778661935.723957,2084,0,7_S
1778661935.7255318,2067,0,7_S
1778661935.727604,2105,0,7_S
1778661935.729252,2066,0,7_S
1778661935.731785,2012,0,7_S
1778661935.733193,1910,0,7_S
1778661935.734873,2049,0,7_S
1778661935.7364962,2117,0,7_S
1778661935.739242,2101,0,7_S
1778661935.740648,2014,0,7_S
1778661935.753291,2110,0,7_S
1778661935.753776,2116,0,7_S
1778661935.754302,1976,0,7_S
1778661935.756157,1896,0,7_S
1778661935.7602618,2013,0,7_S
1778661935.760569,2078,0,7_S
1778661935.760802,2108,0,7_S
1778661935.7627048,2052,0,7_S
1778661935.76338,2102,0,7_S
1778661935.763488,2139,0,7_S
1778661935.76367,2040,0,7_S
1778661935.765125,1910,0,7_S
1778661935.766451,1977,0,7_S
1778661935.77476,2094,0,7_S
1778661935.776941,2109,0,7_S
1778661935.784944,2055,0,7_S
1778661935.787136,2049,0,7_S
1778661935.787476,2146,0,7_S
1778661935.787735,2104,0,7_S
1778661935.788247,1986,0,7_S
1778661935.790016,1910,0,7_S
1778661935.790771,2038,0,7_S
1778661935.790931,2090,0,7_S
1778661935.790999,2110,0,7_S
1778661935.791054,2015,0,7_S
1778661935.792439,2088,0,7_S
1778661935.795102,2108,0,7_S
1778661935.796476,2006,0,7_S
1778661935.799197,1905,0,7_S
1778661935.800603,1996,0,7_S
1778661935.8126988,2070,0,7_S
1778661935.81774,2107,0,7_S
1778661935.818321,2030,0,7_S
1778661935.8183832,2057,0,7_S
1778661935.818532,2159,0,7_S
1778661935.818594,2094,0,7_S
1778661935.818721,1934,0,7_S
1778661935.818773,1904,0,7_S
1778661935.8188212,2089,0,7_S
1778661935.821541,2102,0,7_S
1778661935.822887,2082,0,7_S
1778661935.8242428,2048,0,7_S
1778661935.8316228,2108,0,7_S
1778661935.832514,2056,0,7_S
1778661935.832702,1970,0,7_S
1778661935.834249,1974,0,7_S
1778661935.834486,2060,0,7_S
1778661935.838856,2092,0,7_S
1778661935.8405912,2125,0,7_S
1778661935.840776,2046,0,7_S
1778661935.8427799,2096,0,7_S
1778661935.845155,2126,0,7_S
1778661935.846546,2017,0,7_S
1778661935.849277,1911,0,7_S
1778661935.850639,2010,0,7_S
1778661935.853287,2075,0,7_S
1778661935.8546638,2125,0,7_S
1778661935.86168,2097,0,7_S
1778661935.862508,1985,0,7_S
1778661935.864116,1966,0,7_S
1778661935.864299,2035,0,7_S
1778661935.866467,2056,0,7_S
1778661935.867105,2046,0,7_S
1778661935.869044,1963,0,7_S
1778661935.8725278,2034,0,7_S
1778661935.872865,2108,0,7_S
1778661935.875011,1948,0,7_S
1778661935.87637,1995,0,7_S
1778661935.878979,2170,0,7_S
1778661935.884973,2137,0,7_S
1778661935.887876,1841,0,7_S
1778661935.8896031,1839,0,7_S
1778661935.890217,2043,0,7_S
1778661935.890708,2265,0,7_S
1778661935.890816,1970,0,7_S
1778661935.892642,2106,0,7_S
1778661935.894551,2219,0,7_S
1778661935.898487,2077,0,7_S
1778661935.898705,2163,0,7_S
1778661935.901102,1935,0,7_S
1778661935.902524,1985,0,7_S
1778661935.9051468,2295,0,7_S
1778661935.906451,1572,0,7_S
1778661935.90881,1906,0,7_S
1778661935.920008,2322,0,7_S
1778661935.920274,2197,0,7_S
1778661935.926294,1778,0,7_S
1778661935.926549,1754,0,7_S
1778661935.926661,2201,0,7_S
1778661935.9267788,2159,0,7_S
1778661935.927016,2487,0,7_S
1778661935.929066,1404,0,7_S
1778661935.9297652,1256,0,7_S
1778661935.9298298,2609,0,7_S
1778661935.93117,2819,0,7_S
1778661935.9325151,2495,0,7_S
1778661935.940337,901,0,7_S
1778661935.942837,1242,0,7_S
1778661935.943297,2676,0,7_S
1778661935.943491,2449,0,7_S
1778661935.945264,2406,0,7_S
1778661935.9465559,2072,0,7_S
1778661935.94714,1830,0,7_S
1778661935.950298,1795,0,7_S
1778661935.950558,2035,0,7_S
1778661935.952693,2237,0,7_S
1778661935.955203,2279,0,7_S
1778661935.9565482,2256,0,7_S
1778661935.959126,2244,0,7_S
1778661935.96046,1725,0,7_S
1778661935.963058,1830,0,7_S
1778661935.9648361,1978,0,7_S
1778661935.9743848,2035,0,7_S
1778661935.9779,2171,0,7_S
1778661935.9815192,2298,0,7_S
1778661935.98663,2251,0,7_S
1778661935.986816,2218,0,7_S
1778661935.986977,2255,0,7_S
1778661935.987134,2230,0,7_S
1778661935.9874089,1873,0,7_S
1778661935.9874718,1861,0,7_S
1778661935.987541,2012,0,7_S
1778661935.987618,2198,0,7_S
1778661935.989111,1747,0,7_S
1778661935.990516,1989,0,7_S
1778661936.000776,2468,0,7_S
1778661936.002347,1964,0,7_S
1778661936.0024588,2167,0,7_S
1778661936.0071309,2191,0,7_S
1778661936.008069,2297,0,7_S
1778661936.010606,1854,0,7_S
1778661936.010703,2455,0,7_S
1778661936.010762,1860,0,7_S
1778661936.010817,2128,0,7_S
1778661936.01087,2452,0,7_S
1778661936.0122461,2158,0,7_S
1778661936.015056,2245,0,7_S
1778661936.016885,2253,0,7_S
1778661936.019745,1942,0,7_S
1778661936.020423,1813,0,7_S
1778661936.037091,2464,0,7_S
1778661936.0374222,2189,0,7_S
1778661936.037738,2304,0,7_S
1778661936.037954,2106,0,7_S
1778661936.0405571,2036,0,7_S
1778661936.040637,1950,0,7_S
1778661936.040709,1930,0,7_S
1778661936.040815,2247,0,7_S
1778661936.0408719,2351,0,7_S
1778661936.0409222,2360,0,7_S
1778661936.042309,1735,0,7_S
1778661936.044937,2414,0,7_S
1778661936.050283,2322,0,7_S
1778661936.052898,1293,0,7_S
1778661936.0573912,2218,0,7_S
1778661936.057994,2329,0,7_S
1778661936.0600882,2556,0,7_S
1778661936.066582,2426,0,7_S
1778661936.066745,1492,0,7_S
1778661936.066828,2353,0,7_S
1778661936.067583,2526,0,7_S
1778661936.068181,1804,0,7_S
1778661936.068257,2201,0,7_S
1778661936.0683131,1919,0,7_S
1778661936.071001,2247,0,7_S
1778661936.072387,2213,0,7_S
1778661936.08379,2285,0,7_S
1778661936.088314,2516,0,7_S
1778661936.089468,2119,0,7_S
1778661936.09637,2121,0,7_S
1778661936.096576,1146,0,7_S
1778661936.096652,2026,0,7_S
1778661936.096769,2751,0,7_S
1778661936.0972931,1613,0,7_S
1778661936.097354,1953,0,7_S
1778661936.0974238,2623,0,7_S
1778661936.097461,2371,0,7_S
1778661936.097491,2127,0,7_S
1778661936.098933,1921,0,7_S
1778661936.10032,1999,0,7_S
1778661936.1113,2935,0,7_S
1778661936.112513,1409,0,7_S
1778661936.115656,2155,0,7_S
1778661936.1227,2718,0,7_S
1778661936.122761,1408,0,7_S
1778661936.122793,2255,0,7_S
1778661936.1228218,2188,0,7_S
1778661936.122849,2589,0,7_S
1778661936.122877,1398,0,7_S
1778661936.122903,2092,0,7_S
1778661936.1229298,2177,0,7_S
1778661936.124356,2271,0,7_S
1778661936.126991,2569,0,7_S
1778661936.128434,2058,0,7_S
1778661936.139453,1578,0,7_S
1778661936.147734,2356,0,7_S
1778661936.148195,2509,0,7_S
1778661936.148349,2878,0,7_S
1778661936.1504378,923,0,7_S
1778661936.1541278,1540,0,7_S
1778661936.1541739,3233,0,7_S
1778661936.1547022,2377,0,7_S
1778661936.15501,2256,0,7_S
1778661936.1550379,1692,0,7_S
1778661936.159759,1923,0,7_S
1778661936.161233,2315,0,7_S
1778661936.1652732,2380,0,7_S
1778661936.166192,2090,0,7_S
1778661936.1667619,1979,0,7_S
1778661936.167396,2015,0,7_S
1778661936.170146,1979,0,7_S
1778661936.170277,176,0,7_S
1778661936.1704419,3255,0,7_S
1778661936.172781,2846,0,7_S
1778661936.173044,1790,0,7_S
1778661936.1731882,2976,0,7_S
1778661936.1755378,3376,0,7_S
1778661936.1768441,239,0,7_S
1778661936.178139,1528,0,7_S
1778661936.1806898,3121,0,7_S
1778661936.18324,2189,0,7_S
1778661936.1846359,2004,0,7_S
1778661936.186144,1840,0,7_S
1778661936.191118,2036,0,7_S
1778661936.191673,2340,0,7_S
1778661936.193621,1857,0,7_S
1778661936.195692,2568,0,7_S
1778661936.1975691,2298,0,7_S
1778661936.1994429,1325,0,7_S
1778661936.202413,2026,0,7_S
1778661936.2042,2621,0,7_S
1778661936.204293,1704,0,7_S
1778661936.20687,254,0,7_S
1778661936.208169,3482,0,7_S
1778661936.212893,3465,0,7_S
1778661936.213717,1217,0,7_S
1778661936.21612,1414,0,7_S
1778661936.216277,1965,0,7_S
1778661936.219637,2513,0,7_S
1778661936.221909,1595,0,7_S
1778661936.224739,1813,0,7_S
1778661936.225208,2489,0,7_S
1778661936.227365,2031,0,7_S
1778661936.2286668,2174,0,7_S
1778661936.23124,2632,0,7_S
1778661936.232687,1278,0,7_S
1778661936.2340102,2757,0,7_S
1778661936.236521,1456,0,7_S
1778661936.2432268,1142,0,7_S
1778661936.243743,2416,0,7_S
1778661936.2445939,2168,0,7_S
1778661936.245944,2649,0,7_S
1778661936.246146,1805,0,7_S
1778661936.249423,0,0,7_S
1778661936.251522,2785,0,7_S
1778661936.254603,2883,0,7_S
1778661936.254806,1742,0,7_S
1778661936.2571158,1763,0,7_S
1778661936.2584152,2074,0,7_S
1778661936.2608829,2022,0,7_S
1778661936.2653592,2089,0,7_S
1778661936.2658072,1814,0,7_S
1778661936.267922,1818,0,7_S
1778661936.268188,1777,0,7_S
1778661936.2714398,2381,0,7_S
1778661936.2736142,1923,0,7_S
1778661936.2783942,1757,0,7_S
1778661936.2786088,1355,0,7_S
1778661936.278645,1775,0,7_S
1778661936.281204,2321,0,7_S
1778661936.282491,1994,0,7_S
1778661936.285037,2004,0,7_S
1778661936.286358,1442,0,7_S
1778661936.292804,1720,0,7_S
1778661936.293649,1956,0,7_S
1778661936.2940931,2772,0,7_S
1778661936.29536,948,0,7_S
1778661936.29732,1222,0,7_S
1778661936.299385,2430,0,7_S
1778661936.303835,1977,0,7_S
1778661936.306411,1823,0,7_S
1778661936.306602,1890,0,7_S
1778661936.306686,2078,0,7_S
1778661936.3079832,1924,0,7_S
1778661936.314173,2000,0,7_S
1778661936.31571,1980,0,7_S
1778661936.316103,1811,0,7_S
1778661936.32238,1710,0,7_S
1778661936.325954,1608,0,7_S
1778661936.326276,1832,0,7_S
1778661936.326307,1913,0,7_S
1778661936.32635,1848,0,7_S
1778661936.326439,1993,0,7_S
1778661936.329702,1987,0,7_S
1778661936.330955,1891,0,7_S
1778661936.3320708,1752,0,7_S
1778661936.334504,1877,0,7_S
1778661936.337068,1974,0,7_S
1778661936.338281,2021,0,7_S
1778661936.340852,2059,0,7_S
1778661936.342266,2039,0,7_S
1778661936.344743,1900,0,7_S
1778661936.3459551,2052,0,7_S
1778661936.348352,1995,0,7_S
1778661936.350991,1433,0,7_S
1778661936.3527548,1839,0,7_S
1778661936.35411,2067,0,7_S
1778661936.361362,2440,0,7_S
1778661936.3627598,2149,0,7_S
1778661936.3629398,2060,0,7_S
1778661936.3630872,2156,0,7_S
1778661936.365598,2157,0,7_S
1778661936.372813,2041,0,7_S
1778661936.3730829,2233,0,7_S
1778661936.373297,2218,0,7_S
1778661936.375751,2065,0,7_S
1778661936.375881,1970,0,7_S
1778661936.375941,2332,0,7_S
1778661936.3783302,2464,0,7_S
1778661936.3809228,2151,0,7_S
1778661936.3971379,1808,0,7_S
1778661936.3974001,2044,0,7_S
1778661936.400436,2216,0,7_S
1778661936.4006,2295,0,7_S
1778661936.400713,2003,0,7_S
1778661936.4010408,2467,0,7_S
1778661936.4011068,2758,0,7_S
1778661936.40114,2183,0,7_S
1778661936.4011672,1520,0,7_S
1778661936.401194,1747,0,7_S
1778661936.403935,2103,0,7_S
1778661936.403971,2168,0,7_S
1778661936.4066281,1917,0,7_S
1778661936.407936,1744,0,7_S
1778661936.410717,1269,0,7_S
1778661936.413121,1649,0,7_S
1778661936.414314,1666,0,7_S
1778661936.4205408,1874,0,7_S
1778661936.420653,2031,0,7_S
1778661936.422455,1994,0,7_S
1778661936.422594,1879,0,7_S
1778661936.42408,1978,0,7_S
1778661936.4311721,2160,0,7_S
1778661936.4315012,1706,0,7_S
1778661936.431736,2034,0,7_S
1778661936.433829,2106,0,7_S
1778661936.433999,1718,0,7_S
1778661936.436922,1639,0,7_S
1778661936.4383528,1772,0,7_S
1778661936.443619,1562,0,7_S
1778661936.4447622,1609,0,7_S
1778661936.444839,1868,0,7_S
1778661936.4478772,1869,0,7_S
1778661936.448024,1654,0,7_S
1778661936.449908,1667,0,7_S
1778661936.454279,1769,0,7_S
1778661936.454459,2041,0,7_S
1778661936.456703,1911,0,7_S
1778661936.458001,1720,0,7_S
1778661936.460135,2027,0,7_S
1778661936.462702,2019,0,7_S
1778661936.464232,1301,0,7_S
1778661936.4705322,1166,0,7_S
1778661936.4713511,2170,0,7_S
1778661936.47337,2114,0,7_S
1778661936.473542,1725,0,7_S
1778661936.476139,2390,0,7_S
1778661936.476244,1262,0,7_S
1778661936.479368,1731,0,7_S
1778661936.482604,2030,0,7_S
1778661936.482812,2482,0,7_S
1778661936.484641,2033,0,7_S
1778661936.48646,1749,0,7_S
1778661936.48795,2190,0,7_S
1778661936.494308,2836,0,7_S
1778661936.495151,2103,0,7_S
1778661936.4965508,597,0,7_S
1778661936.498055,2988,0,7_S
1778661936.4987562,2873,0,7_S
1778661936.500941,862,0,7_S
1778661936.505379,2483,0,7_S
1778661936.505549,2590,0,7_S
1778661936.5078452,1519,0,7_S
1778661936.5078871,2798,0,7_S
1778661936.510446,2880,0,7_S
1778661936.513,2261,0,7_S
1778661936.514291,2173,0,7_S
1778661936.51685,2757,0,7_S
1778661936.5219479,2083,0,7_S
1778661936.522395,611,0,7_S
1778661936.5232892,2740,0,7_S
1778661936.525089,2792,0,7_S
1778661936.527413,1813,0,7_S
1778661936.528984,1470,0,7_S
1778661936.530516,2335,0,7_S
1778661936.533721,2106,0,7_S
1778661936.5338979,1796,0,7_S
1778661936.536049,2040,0,7_S
1778661936.5386372,2353,0,7_S
1778661936.5399868,1840,0,7_S
1778661936.544558,1822,0,7_S
1778661936.545015,2921,0,7_S
1778661936.5469701,2201,0,7_S
1778661936.5484521,0,0,7_S
1778661936.5498838,3224,0,7_S
1778661936.555603,2383,0,7_S
1778661936.555726,1407,0,7_S
1778661936.55601,2051,0,7_S
1778661936.5586681,1690,0,7_S
1778661936.559959,2250,0,7_S
1778661936.562509,2123,0,7_S
1778661936.56386,2013,0,7_S
1778661936.566421,1812,0,7_S
1778661936.571491,1994,0,7_S
1778661936.5715652,2055,0,7_S
1778661936.573695,2033,0,7_S
1778661936.573896,1902,0,7_S
1778661936.5768619,1949,0,7_S
1778661936.5787039,1962,0,7_S
1778661936.5819252,1715,0,7_S
1778661936.582149,1698,0,7_S
1778661936.584904,1465,0,7_S
1778661936.586237,1739,0,7_S
1778661936.591441,1886,0,7_S
1778661936.591885,1699,0,7_S
1778661936.5922298,1641,0,7_S
1778661936.595489,1713,0,7_S
1778661936.597292,1626,0,7_S
1778661936.598806,1527,0,7_S
1778661936.602159,1548,0,7_S
1778661936.602415,1804,0,7_S
1778661936.60432,1826,0,7_S
1778661936.606878,1674,0,7_S
1778661936.608242,1716,0,7_S
1778661936.61066,1844,0,7_S
1778661936.611952,1833,0,7_S
1778661936.617038,1721,0,7_S
1778661936.617465,1660,0,7_S
1778661936.619864,1860,0,7_S
1778661936.6199732,1916,0,7_S
1778661936.622968,1933,0,7_S
1778661936.628476,1858,0,7_S
1778661936.6286972,1945,0,7_S
1778661936.62882,1966,0,7_S
1778661936.630783,1823,0,7_S
1778661936.632084,1761,0,7_S
1778661936.634681,1897,0,7_S
1778661936.6385589,1842,0,7_S
1778661936.6393569,1937,0,7_S
1778661936.641525,2347,0,7_S
1778661936.6436439,1673,0,7_S
1778661936.644331,1994,0,7_S
1778661936.6522582,2044,0,7_S
1778661936.652352,1903,0,7_S
1778661936.652412,1943,0,7_S
1778661936.652462,1898,0,7_S
1778661936.653776,2005,0,7_S
1778661936.656207,2005,0,7_S
1778661936.6587589,2001,0,7_S
1778661936.660067,1965,0,7_S
1778661936.665591,1966,0,7_S
1778661936.666401,1906,0,7_S
1778661936.666486,1787,0,7_S
1778661936.6679502,1911,0,7_S
1778661936.67135,1878,0,7_S
1778661936.673079,2025,0,7_S
1778661936.676353,1922,0,7_S
1778661936.67666,1929,0,7_S
1778661936.67855,1977,0,7_S
1778661936.679851,2043,0,7_S
1778661936.682328,1872,0,7_S
1778661936.6865752,1693,0,7_S
1778661936.6874182,1867,0,7_S
1778661936.689322,2065,0,7_S
1778661936.691184,2062,0,7_S
1778661936.693059,2028,0,7_S
1778661936.69744,2047,0,7_S
1778661936.697506,1940,0,7_S
1778661936.6994739,1835,0,7_S
1778661936.700719,1734,0,7_S
1778661936.7022662,1951,0,7_S
1778661936.7048619,2036,0,7_S
1778661936.706155,1929,0,7_S
1778661936.7087018,1810,0,7_S
1778661936.7128372,2042,0,7_S
1778661936.713255,1994,0,7_S
1778661936.715231,1857,0,7_S
1778661936.716969,1776,0,7_S
1778661936.718832,1982,0,7_S
1778661936.723404,1970,0,7_S
1778661936.7236779,1961,0,7_S
1778661936.723885,1893,0,7_S
1778661936.72663,1953,0,7_S
1778661936.728137,2090,0,7_S
1778661936.7340648,1965,0,7_S
1778661936.736254,1807,0,7_S
1778661936.736351,1901,0,7_S
1778661936.7364511,2081,0,7_S
1778661936.738272,2080,0,7_S
1778661936.7413278,1968,0,7_S
1778661936.7445812,1949,0,7_S
1778661936.744787,2101,0,7_S
1778661936.746384,1911,0,7_S
1778661936.747701,1854,0,7_S
1778661936.750274,1861,0,7_S
1778661936.753006,2000,0,7_S
1778661936.7541702,2047,0,7_S
1778661936.760284,2030,0,7_S
1778661936.760418,1974,0,7_S
1778661936.760793,2084,0,7_S
1778661936.762301,2044,0,7_S
1778661936.7640471,2053,0,7_S
1778661936.766998,2002,0,7_S
1778661936.770339,2121,0,7_S
1778661936.7703948,2210,0,7_S
1778661936.772414,2324,0,7_S
1778661936.7737348,2311,0,7_S
1778661936.776288,2349,0,7_S
1778661936.780313,2396,0,7_S
1778661936.780742,2272,0,7_S
1778661936.782767,2114,0,7_S
1778661936.784726,2130,0,7_S
1778661936.7874181,2237,0,7_S
1778661936.790736,2280,0,7_S
1778661936.790882,2299,0,7_S
1778661936.7929049,2311,0,7_S
1778661936.794196,2327,0,7_S
1778661936.796742,2198,0,7_S
1778661936.798051,2081,0,7_S
1778661936.8006048,2066,0,7_S
1778661936.8018959,2177,0,7_S
1778661936.806271,2248,0,7_S
1778661936.806653,2309,0,7_S
1778661936.8086662,2159,0,7_S
1778661936.810483,2021,0,7_S
1778661936.811999,2224,0,7_S
1778661936.816743,2103,0,7_S
1778661936.81685,1985,0,7_S
1778661936.818785,2029,0,7_S
1778661936.820085,2108,0,7_S
1778661936.822645,2128,0,7_S
1778661936.826678,2116,0,7_S
1778661936.827341,2190,0,7_S
1778661936.8292549,2305,0,7_S
1778661936.8306859,2085,0,7_S
1778661936.832198,1938,0,7_S
1778661936.837303,1899,0,7_S
1778661936.837449,2092,0,7_S
1778661936.8391209,2141,0,7_S
1778661936.840428,2068,0,7_S
1778661936.841727,2049,0,7_S
1778661936.844213,2122,0,7_S
1778661936.846741,2146,0,7_S
1778661936.848029,2074,0,7_S
1778661936.853874,1998,0,7_S
1778661936.853965,2112,0,7_S
1778661936.855314,2194,0,7_S
1778661936.857742,2064,0,7_S
1778661936.858103,2088,0,7_S
1778661936.8603299,2166,0,7_S
1778661936.863581,2157,0,7_S
1778661936.8659909,2039,0,7_S
1778661936.866035,1952,0,7_S
1778661936.868612,2105,0,7_S
1778661936.870475,2219,0,7_S
1778661936.886208,2304,0,7_S
1778661936.888261,2184,0,7_S
1778661936.888566,2260,0,7_S
1778661936.888706,2248,0,7_S
1778661936.8888152,2102,0,7_S
1778661936.8888478,1878,0,7_S
1778661936.888874,1908,0,7_S
1778661936.88891,2103,0,7_S
1778661936.888934,2202,0,7_S
1778661936.890235,2064,0,7_S
1778661936.892792,2162,0,7_S
1778661936.894135,2158,0,7_S
1778661936.8966908,2231,0,7_S
1778661936.898037,1995,0,7_S
1778661936.9045389,1969,0,7_S
1778661936.904641,2249,0,7_S
1778661936.904774,2168,0,7_S
1778661936.906726,2043,0,7_S
1778661936.908027,2069,0,7_S
1778661936.90992,2172,0,7_S
1778661936.913277,2164,0,7_S
1778661936.914948,2043,0,7_S
1778661936.9165592,2235,0,7_S
1778661936.917852,2141,0,7_S
1778661936.923229,1955,0,7_S
1778661936.923674,2103,0,7_S
1778661936.923733,2198,0,7_S
1778661936.926062,2576,0,7_S
1778661936.928878,1871,0,7_S
1778661936.930697,1856,0,7_S
1778661936.933681,1575,0,7_S
1778661936.933718,1875,0,7_S
1778661936.936524,2228,0,7_S
1778661936.937813,2022,0,7_S
1778661936.9403598,1979,0,7_S
1778661936.9416451,1993,0,7_S
1778661936.944201,2126,0,7_S
1778661936.948191,2162,0,7_S
1778661936.9485781,2006,0,7_S
1778661936.950648,2035,0,7_S
1778661936.952142,2059,0,7_S
1778661936.954271,2176,0,7_S
1778661936.958477,2140,0,7_S
1778661936.958658,2107,0,7_S
1778661936.9604979,2147,0,7_S
1778661936.961796,2139,0,7_S
1778661936.96434,2047,0,7_S
1778661936.965635,1785,0,7_S
1778661936.968184,1952,0,7_S
1778661936.970592,2121,0,7_S
1778661936.9735968,2183,0,7_S
1778661936.974339,2039,0,7_S
1778661936.975947,2127,0,7_S
1778661936.979271,2225,0,7_S
1778661936.983352,2176,0,7_S
1778661936.98349,1951,0,7_S
1778661936.98365,1969,0,7_S
1778661936.985642,2137,0,7_S
1778661936.9882271,2258,0,7_S
1778661936.9906209,1956,0,7_S
1778661936.992001,1904,0,7_S
1778661936.998058,2131,0,7_S
1778661936.998857,2113,0,7_S
1778661936.9992478,1959,0,7_S
1778661937.0006258,1744,0,7_S
1778661937.002133,2205,0,7_S
1778661937.004318,2226,0,7_S
1778661937.008547,2137,0,7_S
1778661937.008845,1689,0,7_S
1778661937.0105999,1923,0,7_S
1778661937.011922,2061,0,7_S
1778661937.014473,2032,0,7_S
1778661937.015761,1852,0,7_S
1778661937.018306,2046,0,7_S
1778661937.0231721,2055,0,7_S
1778661937.023992,2194,0,7_S
1778661937.024439,2234,0,7_S
1778661937.025824,2144,0,7_S
1778661937.028824,2194,0,7_S
1778661937.030399,2091,0,7_S
1778661937.035309,1882,0,7_S
1778661937.0355468,1909,0,7_S
1778661937.0356832,2017,0,7_S
1778661937.038264,2144,0,7_S
1778661937.039554,2098,0,7_S
1778661937.0421,2137,0,7_S
1778661937.047659,2258,0,7_S
1778661937.0484018,2312,0,7_S
1778661937.048843,2021,0,7_S
1778661937.0503411,1864,0,7_S
1778661937.053568,2051,0,7_S
1778661937.053673,2042,0,7_S
1778661937.058153,2060,0,7_S
1778661937.058335,2022,0,7_S
1778661937.0598552,2165,0,7_S
1778661937.0624058,2155,0,7_S
1778661937.063693,1992,0,7_S
1778661937.067928,1867,0,7_S
1778661937.0699809,2264,0,7_S
1778661937.0701709,2271,0,7_S
1778661937.0715468,1930,0,7_S
1778661937.074715,1951,0,7_S
1778661937.0776472,2134,0,7_S
1778661937.0778198,2141,0,7_S
1778661937.080718,2070,0,7_S
1778661937.0820081,1938,0,7_S
1778661937.0846012,1983,0,7_S
1778661937.0860841,2191,0,7_S
1778661937.092714,2106,0,7_S
1778661937.093138,2077,0,7_S
1778661937.093239,2178,0,7_S
1778661937.0949068,2237,0,7_S
1778661937.097076,2156,0,7_S
1778661937.098497,2031,0,7_S
1778661937.103075,1898,0,7_S
1778661937.104966,2052,0,7_S
1778661937.1051142,2151,0,7_S
1778661937.10641,2198,0,7_S
1778661937.107698,2054,0,7_S
1778661937.11294,2151,0,7_S
1778661937.1135879,2166,0,7_S
1778661937.113663,1991,0,7_S
1778661937.116336,1873,0,7_S
1778661937.117764,2031,0,7_S
1778661937.122087,2154,0,7_S
1778661937.1222332,2174,0,7_S
1778661937.124144,2078,0,7_S
1778661937.1254752,2121,0,7_S
1778661937.128021,2161,0,7_S
1778661937.130574,2090,0,7_S
1778661937.13186,1975,0,7_S
1778661937.137356,1947,0,7_S
1778661937.1379929,2086,0,7_S
1778661937.139149,2119,0,7_S
1778661937.140995,2094,0,7_S
1778661937.142721,2068,0,7_S
1778661937.146634,2175,0,7_S
1778661937.1468859,2151,0,7_S
1778661937.148694,1992,0,7_S
1778661937.149986,1875,0,7_S
1778661937.1525838,2053,0,7_S
1778661937.153876,2106,0,7_S
1778661937.15642,2122,0,7_S
1778661937.160809,2021,0,7_S
1778661937.161252,2116,0,7_S
1778661937.1634529,2157,0,7_S
1778661937.1635451,1999,0,7_S
1778661937.166605,1909,0,7_S
1778661937.168127,2001,0,7_S
1778661937.170845,2091,0,7_S
1778661937.172805,2153,0,7_S
1778661937.1738691,2139,0,7_S
1778661937.1764228,2028,0,7_S
1778661937.177718,2127,0,7_S
1778661937.180396,2088,0,7_S
1778661937.1818528,1908,0,7_S
1778661937.1876638,1918,0,7_S
1778661937.187745,2117,0,7_S
1778661937.187872,2167,0,7_S
1778661937.1909142,2076,0,7_S
1778661937.19235,1976,0,7_S
1778661937.194984,2045,0,7_S
1778661937.1968708,2086,0,7_S
1778661937.198163,2010,0,7_S
1778661937.199605,1877,0,7_S
1778661937.202199,2057,0,7_S
1778661937.203489,2008,0,7_S
1778661937.206124,2060,0,7_S
1778661937.210588,2102,0,7_S
1778661937.210975,2055,0,7_S
1778661937.212738,2103,0,7_S
1778661937.214441,2071,0,7_S
1778661937.216244,1974,0,7_S
1778661937.220129,1898,0,7_S
1778661937.2203,2062,0,7_S
1778661937.2221298,2259,0,7_S
1778661937.223454,2107,0,7_S
1778661937.226004,1797,0,7_S
1778661937.228549,2188,0,7_S
1778661937.229836,2076,0,7_S
1778661937.2342882,1928,0,7_S
1778661937.2347069,2012,0,7_S
1778661937.238113,2193,0,7_S
1778661937.238525,2066,0,7_S
1778661937.240271,2066,0,7_S
1778661937.241481,1983,0,7_S
1778661937.244025,2209,0,7_S
1778661937.245912,2049,0,7_S
1778661937.2484639,1987,0,7_S
1778661937.249753,1890,0,7_S
1778661937.252459,1979,0,7_S
1778661937.2538722,2002,0,7_S
1778661937.258037,1981,0,7_S
1778661937.258462,2117,0,7_S
1778661937.2608562,2125,0,7_S
1778661937.262553,2174,0,7_S
1778661937.265623,2181,0,7_S
1778661937.2657568,1892,0,7_S
1778661937.2680519,1788,0,7_S
1778661937.27007,2020,0,7_S
1778661937.271366,2158,0,7_S
1778661937.273912,2096,0,7_S
1778661937.276478,2086,0,7_S
1778661937.2777689,2149,0,7_S
1778661937.283063,2085,0,7_S
1778661937.283148,1969,0,7_S
1778661937.286665,1940,0,7_S
1778661937.287405,2161,0,7_S
1778661937.2877948,2335,0,7_S
1778661937.292491,1988,0,7_S
1778661937.292665,1941,0,7_S
1778661937.294653,2149,0,7_S
1778661937.295943,2117,0,7_S
1778661937.298486,1965,0,7_S
1778661937.299953,1835,0,7_S
1778661937.302558,2019,0,7_S
1778661937.3039548,2135,0,7_S
1778661937.3082519,2199,0,7_S
1778661937.311187,2088,0,7_S
1778661937.311499,2149,0,7_S
1778661937.316993,2162,0,7_S
1778661937.321911,2056,0,7_S
1778661937.322198,1914,0,7_S
1778661937.3222919,1891,0,7_S
1778661937.322478,2054,0,7_S
1778661937.329389,2133,0,7_S
1778661937.334448,2099,0,7_S
1778661937.3389719,2134,0,7_S
1778661937.346465,2148,0,7_S
1778661937.346623,2067,0,7_S
1778661937.3466969,1974,0,7_S
1778661937.3467221,1941,0,7_S
1778661937.346745,2040,0,7_S
1778661937.346793,2120,0,7_S
1778661937.346817,2145,0,7_S
1778661937.346893,2068,0,7_S
1778661937.3470888,2330,0,7_S
1778661937.3471491,2120,0,7_S
1778661937.348772,1937,0,7_S
1778661937.3502562,1964,0,7_S
1778661937.393394,2052,0,7_S
1778661937.394433,1922,0,7_S
1778661937.394507,2078,0,7_S
1778661937.394558,2014,0,7_S
1778661937.419013,2025,0,7_S
1778661937.425811,2166,0,7_S
1778661937.426356,2026,0,7_S
1778661937.4595358,1867,0,7_S
1778661937.459589,1986,0,7_S
1778661937.459616,2129,0,7_S
1778661937.45964,2091,0,7_S
1778661937.4596639,2032,0,7_S
1778661937.459687,2068,0,7_S
1778661937.45971,2160,0,7_S
1778661937.459733,2098,0,7_S
1778661937.4597561,1972,0,7_S
1778661937.459778,1965,0,7_S
1778661937.4598012,2137,0,7_S
1778661937.459824,2180,0,7_S
1778661937.4598458,2142,0,7_S
1778661937.459869,1914,0,7_S
1778661937.4598908,2076,0,7_S
1778661937.459914,2098,0,7_S
1778661937.459938,2002,0,7_S
1778661937.4599612,1887,0,7_S
1778661937.4599838,2021,0,7_S
1778661937.460006,2095,0,7_S
1778661937.460029,2148,0,7_S
1778661937.460052,2118,0,7_S
1778661937.460075,2073,0,7_S
1778661937.460097,2123,0,7_S
1778661937.460119,2117,0,7_S
1778661937.460141,2064,0,7_S
1778661937.460164,1917,0,7_S
1778661937.460186,1951,0,7_S
1778661937.460209,2150,0,7_S
1778661937.4602308,2001,0,7_S
1778661937.470666,2091,0,7_S
1778661937.475543,2202,0,7_S
1778661937.482307,2012,0,7_S
1778661937.482743,1922,0,7_S
1778661937.483016,1896,0,7_S
1778661937.48465,1946,0,7_S
1778661937.485528,2130,0,7_S
1778661937.485653,2131,0,7_S
1778661937.485717,2071,0,7_S
1778661937.485785,2121,0,7_S
1778661937.485836,2109,0,7_S
1778661937.4858859,1981,0,7_S
1778661937.4859378,1876,0,7_S
1778661937.486022,2085,0,7_S
1778661937.4861078,2219,0,7_S
1778661937.486176,2163,0,7_S
1778661937.486281,1885,0,7_S
1778661937.486368,1969,0,7_S
1778661937.4864268,2167,0,7_S
1778661937.486521,2140,0,7_S
1778661937.486583,1925,0,7_S
1778661937.486711,1983,0,7_S
1778661937.486762,2177,0,7_S
1778661937.4868429,2093,0,7_S
1778661937.48694,1766,0,7_S
1778661937.487006,2107,0,7_S
1778661937.487082,2278,0,7_S
1778661937.487108,2167,0,7_S
1778661937.487133,2092,0,7_S
1778661937.487159,1530,0,7_S
1778661937.487183,1217,0,7_S
1778661937.488545,2380,0,7_S
1778661937.496352,2390,0,7_S
1778661937.496768,2301,0,7_S
1778661937.499858,2107,0,7_S
1778661937.5006669,1575,0,7_S
1778661937.5025878,2029,0,7_S
1778661937.505332,2378,0,7_S
1778661937.505909,2086,0,7_S
1778661937.506231,2113,0,7_S
1778661937.5064478,2138,0,7_S
1778661937.508502,2008,0,7_S
1778661937.509684,1926,0,7_S
1778661937.511321,1915,0,7_S
1778661937.513876,2236,0,7_S
1778661937.515282,1837,0,7_S
1778661937.517899,1680,0,7_S
1778661937.5251698,2160,0,7_S
1778661937.532181,2343,0,7_S
1778661937.53249,1742,0,7_S
1778661937.535391,1942,0,7_S
1778661937.5376582,2344,0,7_S
1778661937.53774,2385,0,7_S
1778661937.53789,1934,0,7_S
1778661937.537981,1632,0,7_S
1778661937.538055,2358,0,7_S
1778661937.5381088,1858,0,7_S
1778661937.53954,1250,0,7_S
1778661937.547783,2589,0,7_S
1778661937.555126,2342,0,7_S
1778661937.558014,2065,0,7_S
1778661937.5586839,2005,0,7_S
1778661937.5630898,1727,0,7_S
1778661937.563139,2211,0,7_S
1778661937.563167,2484,0,7_S
1778661937.5631979,2171,0,7_S
1778661937.563225,1256,0,7_S
1778661937.563251,2282,0,7_S
1778661937.563276,2411,0,7_S
1778661937.563301,2034,0,7_S
1778661937.566414,1875,0,7_S
1778661937.567848,2049,0,7_S
1778661937.5692768,2300,0,7_S
1778661937.5765178,2398,0,7_S
1778661937.581604,2341,0,7_S
1778661937.582978,2308,0,7_S
1778661937.5858638,1983,0,7_S
1778661937.588511,2221,0,7_S
1778661937.5887911,2171,0,7_S
1778661937.589319,1570,0,7_S
1778661937.5913332,2030,0,7_S
1778661937.59165,2528,0,7_S
1778661937.5916831,2328,0,7_S
1778661937.5917099,1567,0,7_S
1778661937.5942762,2169,0,7_S
1778661937.5959628,2150,0,7_S
1778661937.6014268,2214,0,7_S
1778661937.603915,1884,0,7_S
1778661937.606905,1880,0,7_S
1778661937.608093,2190,0,7_S
1778661937.612993,2227,0,7_S
1778661937.6134531,2884,0,7_S
1778661937.615959,1639,0,7_S
1778661937.6160908,684,0,7_S
1778661937.6161761,2801,0,7_S
1778661937.6163042,2375,0,7_S
1778661937.617663,2072,0,7_S
1778661937.620527,1647,0,7_S
1778661937.62189,2198,0,7_S
1778661937.623224,1410,0,7_S
1778661937.625206,2277,0,7_S
1778661937.6345768,2448,0,7_S
1778661937.634797,2356,0,7_S
1778661937.638099,1955,0,7_S
1778661937.6387892,883,0,7_S
1778661937.6448472,2494,0,7_S
1778661937.647541,1990,0,7_S
1778661937.6476722,1650,0,7_S
1778661937.64775,2132,0,7_S
1778661937.647829,2195,0,7_S
1778661937.6479108,2343,0,7_S
1778661937.647964,1375,0,7_S
1778661937.649315,1559,0,7_S
1778661937.656679,2522,0,7_S
1778661937.6577861,2341,0,7_S
1778661937.657983,2077,0,7_S
1778661937.658171,1765,0,7_S
1778661937.6620228,2183,0,7_S
1778661937.66786,3067,0,7_S
1778661937.670789,1444,0,7_S
1778661937.6708312,706,0,7_S
1778661937.6708622,2857,0,7_S
1778661937.67089,2119,0,7_S
1778661937.67228,1066,0,7_S
1778661937.673606,2771,0,7_S
1778661937.6762822,2544,0,7_S
1778661937.678468,1684,0,7_S
1778661937.6799722,2156,0,7_S
1778661937.681355,2247,0,7_S
1778661937.688162,1991,0,7_S
1778661937.6917918,3225,0,7_S
1778661937.692308,1094,0,7_S
1778661937.69337,1701,0,7_S
1778661937.699589,2527,0,7_S
1778661937.699757,69,0,7_S
1778661937.700232,3162,0,7_S
1778661937.700642,3447,0,7_S
1778661937.700845,597,0,7_S
1778661937.7032378,2390,0,7_S
1778661937.703373,2140,0,7_S
1778661937.7059991,1941,0,7_S
1778661937.707407,2026,0,7_S
1778661937.7188532,2843,0,7_S
1778661937.722399,2114,0,7_S
1778661937.722665,2063,0,7_S
1778661937.7256489,1618,0,7_S
1778661937.725926,2506,0,7_S
1778661937.7263858,1913,0,7_S
1778661937.72666,894,0,7_S
1778661937.726856,2762,0,7_S
1778661937.729779,1849,0,7_S
1778661937.729963,1495,0,7_S
1778661937.730027,2765,0,7_S
1778661937.731414,2515,0,7_S
1778661937.7341309,1407,0,7_S
1778661937.735563,2494,0,7_S
1778661937.73821,2299,0,7_S
1778661937.739847,2384,0,7_S
1778661937.74452,2089,0,7_S
1778661937.746132,3074,0,7_S
1778661937.747896,624,0,7_S
1778661937.748184,1076,0,7_S
1778661937.751914,2961,0,7_S
1778661937.753419,1304,0,7_S
1778661937.7553768,1995,0,7_S
1778661937.758637,2481,0,7_S
1778661937.759012,2191,0,7_S
1778661937.7608771,2727,0,7_S
1778661937.7629912,1868,0,7_S
1778661937.76437,2282,0,7_S
1778661937.765913,1946,0,7_S
1778661937.770518,2189,0,7_S
1778661937.773611,435,0,7_S
1778661937.782393,1771,0,7_S
1778661937.782928,2741,0,7_S
1778661937.783194,2811,0,7_S
1778661937.7858071,855,0,7_S
1778661937.785913,2215,0,7_S
1778661937.785953,2857,0,7_S
1778661937.7860491,3000,0,7_S
1778661937.7861838,966,0,7_S
1778661937.7875671,2562,0,7_S
1778661937.7900128,2258,0,7_S
1778661937.7914271,1274,0,7_S
1778661937.7940428,2274,0,7_S
1778661937.795553,2371,0,7_S
1778661937.806865,2622,0,7_S
1778661937.809122,1414,0,7_S
1778661937.8098428,2245,0,7_S
1778661937.816032,2978,0,7_S
1778661937.81658,1859,0,7_S
1778661937.816828,2070,0,7_S
1778661937.819175,1958,0,7_S
1778661937.819563,2129,0,7_S
1778661937.819714,2642,0,7_S
1778661937.819872,1077,0,7_S
1778661937.8199391,2125,0,7_S
1778661937.820021,2426,0,7_S
1778661937.821624,1912,0,7_S
1778661937.8242939,2121,0,7_S
1778661937.830341,2428,0,7_S
1778661937.83331,2152,0,7_S
1778661937.8335629,1890,0,7_S
1778661937.833739,1069,0,7_S
1778661937.834032,2049,0,7_S
1778661937.837574,2339,0,7_S
1778661937.8386161,2150,0,7_S
1778661937.8407638,2273,0,7_S
1778661937.847101,2141,0,7_S
1778661937.847174,2670,0,7_S
1778661937.847231,1753,0,7_S
1778661937.847281,2695,0,7_S
1778661937.850661,2082,0,7_S
1778661937.852056,468,0,7_S
1778661937.853426,2569,0,7_S
1778661937.855108,2703,0,7_S
1778661937.8578172,2172,0,7_S
1778661937.86889,2201,0,7_S
1778661937.871836,2341,0,7_S
1778661937.873653,2359,0,7_S
1778661937.877892,2050,0,7_S
1778661937.87997,1982,0,7_S
1778661937.88083,2249,0,7_S
1778661937.88093,2305,0,7_S
1778661937.880994,1977,0,7_S
1778661937.8810282,2156,0,7_S
1778661937.881061,2580,0,7_S
1778661937.881129,2007,0,7_S
1778661937.881212,2220,0,7_S
1778661937.883861,2094,0,7_S
1778661937.891396,2584,0,7_S
1778661937.896249,2334,0,7_S
1778661937.9042292,2035,0,7_S
1778661937.904691,2250,0,7_S
1778661937.907352,2379,0,7_S
1778661937.9074712,2367,0,7_S
1778661937.9075289,2486,0,7_S
1778661937.907577,2655,0,7_S
1778661937.907624,1982,0,7_S
1778661937.907671,2316,0,7_S
1778661937.907718,2602,0,7_S
1778661937.907833,2502,0,7_S
1778661937.9091241,2108,0,7_S
1778661937.912266,2538,0,7_S
1778661937.9139452,2091,0,7_S
1778661937.915404,2120,0,7_S
1778661937.917073,2113,0,7_S
1778661937.928032,2024,0,7_S
1778661937.928475,2098,0,7_S
1778661937.92869,2272,0,7_S
1778661937.928876,2501,0,7_S
1778661937.931183,2686,0,7_S
1778661937.931421,2649,0,7_S
1778661937.931558,2135,0,7_S
1778661937.933714,2441,0,7_S
1778661937.936001,2761,0,7_S
1778661937.940099,2585,0,7_S
1778661937.940199,2578,0,7_S
1778661937.94322,2610,0,7_S
1778661937.9435499,2723,0,7_S
1778661937.946089,2832,0,7_S
1778661937.947513,2578,0,7_S
1778661937.954292,2527,0,7_S
1778661937.9550211,2811,0,7_S
1778661937.956843,3000,0,7_S
1778661937.9589021,2960,0,7_S
1778661937.959438,2719,0,7_S
1778661937.9596212,2628,0,7_S
1778661937.961293,3105,0,7_S
1778661937.967579,2883,0,7_S
1778661937.9679801,2348,0,7_S
1778661937.96827,2907,0,7_S
1778661937.970913,3276,0,7_S
1778661937.972455,2178,0,7_S
1778661937.973658,1591,0,7_S
1778661937.97631,1983,0,7_S
1778661937.9776971,2153,0,7_S
1778661937.97909,1783,0,7_S
1778661937.981527,1374,0,7_S
1778661937.989162,1043,0,7_S
1778661937.992033,997,0,7_S
1778661937.997034,1219,0,7_S
1778661937.997731,1103,0,7_S
1778661937.9978828,991,0,7_S
1778661938.003785,921,0,7_S
1778661938.004331,693,0,7_S
1778661938.0046232,506,0,7_S
1778661938.004817,0,0,7_S
1778661938.007383,662,0,7_S
1778661938.007465,1306,0,7_S
1778661938.007522,1213,0,7_S
1778661938.007571,1082,0,7_S
1778661938.010218,1112,0,7_S
1778661938.01162,1685,0,7_S
1778661938.0172632,1806,0,7_S
1778661938.0178409,1373,0,7_S
1778661938.018032,1380,0,7_S
1778661938.021041,1690,0,7_S
1778661938.023058,1599,0,7_S
1778661938.0236402,1256,0,7_S
1778661938.0253189,1755,0,7_S
1778661938.02776,2424,0,7_S
1778661938.0317068,2242,0,7_S
1778661938.031827,1761,0,7_S
1778661938.034451,1674,0,7_S
1778661938.0358222,2151,0,7_S
1778661938.037205,3043,0,7_S
1778661938.039862,2533,0,7_S
1778661938.041224,2539,0,7_S
1778661938.043904,1434,0,7_S
1778661938.0452878,2414,0,7_S
1778661938.052613,3532,0,7_S
1778661938.053421,2970,0,7_S
1778661938.0550652,2163,0,7_S
1778661938.058037,3086,0,7_S
1778661938.060024,3451,0,7_S
1778661938.068508,2583,0,7_S
1778661938.068554,3245,0,7_S
1778661938.06863,2971,0,7_S
1778661938.0686998,2735,0,7_S
1778661938.0687869,2812,0,7_S
1778661938.0689359,3053,0,7_S
1778661938.069407,2556,0,7_S
1778661938.072107,3323,0,7_S
1778661938.073577,4095,0,7_S
1778661938.081871,3536,0,7_S
1778661938.0841331,3390,0,7_S
1778661938.084768,3040,0,7_S
1778661938.086335,3876,0,7_S
1778661938.086997,4032,0,7_S
1778661938.0880902,4095,0,7_S
1778661938.0901399,4095,0,7_S
1778661938.096385,4095,0,7_S
1778661938.09731,4095,0,7_S
1778661938.097355,3988,0,7_S
1778661938.0974479,3922,0,7_S
1778661938.097516,2741,0,7_S
1778661938.100575,2067,0,7_S
1778661938.101919,2921,0,7_S
1778661938.1033332,1668,0,7_S
1778661938.106144,356,0,7_S
1778661938.107755,277,0,7_S
1778661938.109267,1176,0,7_S
1778661938.11774,2089,0,7_S
1778661938.1179872,0,0,7_S
1778661938.123636,1136,0,7_S
1778661938.125633,620,0,7_S
1778661938.132983,436,0,7_S
1778661938.133076,570,0,7_S
1778661938.133125,499,0,7_S
1778661938.133173,507,0,7_S
1778661938.133218,711,0,7_S
1778661938.133261,755,0,7_S
1778661938.133308,577,0,7_S
1778661938.133457,467,0,7_S
1778661938.136189,670,0,7_S
1778661938.137571,817,0,7_S
1778661938.145278,889,0,7_S
1778661938.145995,857,0,7_S
1778661938.148157,933,0,7_S
1778661938.1485708,1042,0,7_S
1778661938.151582,932,0,7_S
1778661938.1542568,787,0,7_S
1778661938.156236,890,0,7_S
1778661938.1621408,1063,0,7_S
1778661938.162496,1184,0,7_S
1778661938.1650078,1169,0,7_S
1778661938.16584,1191,0,7_S
1778661938.1659489,1352,0,7_S
1778661938.165986,1311,0,7_S
1778661938.166073,1184,0,7_S
1778661938.167386,1169,0,7_S
1778661938.170048,1426,0,7_S
1778661938.171436,1513,0,7_S
1778661938.173994,1583,0,7_S
1778661938.175358,1599,0,7_S
1778661938.178025,1723,0,7_S
1778661938.180293,1727,0,7_S
1778661938.186412,1568,0,7_S
1778661938.188149,1440,0,7_S
1778661938.189976,1622,0,7_S
1778661938.190217,1637,0,7_S
1778661938.1946392,1698,0,7_S
1778661938.195209,1576,0,7_S
1778661938.1975522,1667,0,7_S
1778661938.2045598,1764,0,7_S
1778661938.2052941,1616,0,7_S
1778661938.205635,1390,0,7_S
1778661938.2057412,1499,0,7_S
1778661938.205774,1752,0,7_S
1778661938.205804,1593,0,7_S
1778661938.207125,1555,0,7_S
1778661938.211074,1762,0,7_S
1778661938.211187,1768,0,7_S
1778661938.225896,1725,0,7_S
1778661938.233869,1526,0,7_S
1778661938.2370691,1459,0,7_S
1778661938.237792,1633,0,7_S
1778661938.237887,1803,0,7_S
1778661938.2379708,1777,0,7_S
1778661938.238027,1709,0,7_S
1778661938.238106,1788,0,7_S
1778661938.2381482,1833,0,7_S
1778661938.2381802,1634,0,7_S
1778661938.23821,1605,0,7_S
1778661938.238239,1719,0,7_S
1778661938.238268,1607,0,7_S
1778661938.2396312,1751,0,7_S
1778661938.240994,1867,0,7_S
1778661938.2436259,1881,0,7_S
1778661938.2454422,1906,0,7_S
1778661938.248173,1724,0,7_S
1778661938.255299,1763,0,7_S
1778661938.2571661,1832,0,7_S
1778661938.270093,1563,0,7_S
1778661938.27297,2089,0,7_S
1778661938.273133,1952,0,7_S
1778661938.273207,1955,0,7_S
1778661938.2732391,1875,0,7_S
1778661938.273269,1800,0,7_S
1778661938.273298,1667,0,7_S
1778661938.273331,1650,0,7_S
1778661938.2734232,1918,0,7_S
1778661938.273528,1919,0,7_S
1778661938.273586,1979,0,7_S
1778661938.275115,1829,0,7_S
1778661938.2783191,1840,0,7_S
1778661938.280264,1812,0,7_S
1778661938.290803,1813,0,7_S
1778661938.291313,1663,0,7_S
1778661938.292436,1782,0,7_S
1778661938.295958,1835,0,7_S
1778661938.296337,1933,0,7_S
1778661938.30129,1749,0,7_S
1778661938.303883,1790,0,7_S
1778661938.304162,1970,0,7_S
1778661938.3043041,1862,0,7_S
1778661938.304381,1687,0,7_S
1778661938.304441,1783,0,7_S
1778661938.304499,1909,0,7_S
1778661938.3058891,1948,0,7_S
1778661938.307273,1897,0,7_S
1778661938.3098931,1849,0,7_S
1778661938.311201,2022,0,7_S
1778661938.313834,2020,0,7_S
1778661938.3151958,1562,0,7_S
1778661938.3239539,1591,0,7_S
1778661938.326111,1913,0,7_S
1778661938.32864,2103,0,7_S
1778661938.332774,2192,0,7_S
1778661938.337399,1596,0,7_S
1778661938.337805,1523,0,7_S
1778661938.3380969,2197,0,7_S
1778661938.3415759,2073,0,7_S
1778661938.3425589,1780,0,7_S
1778661938.342636,1844,0,7_S
1778661938.34272,2001,0,7_S
1778661938.342823,2098,0,7_S
1778661938.342887,1944,0,7_S
1778661938.342963,1994,0,7_S
1778661938.345769,2112,0,7_S
1778661938.347407,1963,0,7_S
1778661938.349403,1762,0,7_S
1778661938.3566551,1733,0,7_S
1778661938.357672,1905,0,7_S
1778661938.359414,2006,0,7_S
1778661938.361295,2116,0,7_S
1778661938.362296,1949,0,7_S
1778661938.3632262,2042,0,7_S
1778661938.3633778,2081,0,7_S
1778661938.37125,2032,0,7_S
1778661938.371694,1962,0,7_S
1778661938.3719308,2203,0,7_S
1778661938.37214,2292,0,7_S
1778661938.3746078,2321,0,7_S
1778661938.376003,2276,0,7_S
1778661938.377374,2403,0,7_S
1778661938.380262,2386,0,7_S
1778661938.3820958,2222,0,7_S
1778661938.383411,2034,0,7_S
1778661938.386165,2128,0,7_S
1778661938.387609,2200,0,7_S
1778661938.389003,2253,0,7_S
1778661938.3957,2164,0,7_S
1778661938.401626,2232,0,7_S
1778661938.4017339,2285,0,7_S
1778661938.403296,2199,0,7_S
1778661938.40339,2031,0,7_S
1778661938.404446,2023,0,7_S
1778661938.414585,2174,0,7_S
1778661938.414735,2241,0,7_S
1778661938.414835,2202,0,7_S
1778661938.414877,2174,0,7_S
1778661938.414908,2257,0,7_S
1778661938.4149382,2203,0,7_S
1778661938.414966,2081,0,7_S
1778661938.417716,1991,0,7_S
1778661938.419598,2104,0,7_S
1778661938.425875,2159,0,7_S
1778661938.432193,2216,0,7_S
1778661938.436071,2100,0,7_S
1778661938.4438322,2192,0,7_S
1778661938.443928,2202,0,7_S
1778661938.444038,2048,0,7_S
1778661938.444126,1954,0,7_S
1778661938.444185,2069,0,7_S
1778661938.444236,2166,0,7_S
1778661938.4442828,2154,0,7_S
1778661938.444334,2109,0,7_S
1778661938.444382,2143,0,7_S
1778661938.446274,2204,0,7_S
1778661938.4480221,2084,0,7_S
1778661938.4497201,1932,0,7_S
1778661938.4513779,1926,0,7_S
1778661938.4539661,2085,0,7_S
1778661938.455269,2181,0,7_S
1778661938.465609,2124,0,7_S
1778661938.48106,2078,0,7_S
1778661938.483932,2202,0,7_S
1778661938.4839838,2134,0,7_S
1778661938.484019,1981,0,7_S
1778661938.484103,1913,0,7_S
1778661938.484138,2067,0,7_S
1778661938.484168,2193,0,7_S
1778661938.4842,2208,0,7_S
1778661938.4842298,2070,0,7_S
1778661938.484303,2144,0,7_S
1778661938.4843352,2186,0,7_S
1778661938.484365,2065,0,7_S
1778661938.48448,1918,0,7_S
1778661938.486012,2035,0,7_S
1778661938.4873579,2169,0,7_S
1778661938.490506,2180,0,7_S
1778661938.500226,2138,0,7_S
1778661938.5044322,2132,0,7_S
1778661938.505561,2234,0,7_S
1778661938.5058408,2155,0,7_S
1778661938.515285,2057,0,7_S
1778661938.5158489,1986,0,7_S
1778661938.5159192,2132,0,7_S
1778661938.5159712,2124,0,7_S
1778661938.51602,2117,0,7_S
1778661938.516075,2086,0,7_S
1778661938.516122,2187,0,7_S
1778661938.516171,2168,0,7_S
1778661938.5162182,2079,0,7_S
1778661938.517555,1972,0,7_S
1778661938.518946,2071,0,7_S
1778661938.5215502,2050,0,7_S
1778661938.5239942,2120,0,7_S
1778661938.525304,2117,0,7_S
1778661938.533605,2103,0,7_S
1778661938.540786,2123,0,7_S
1778661938.553673,2025,0,7_S
1778661938.554004,1899,0,7_S
1778661938.554071,2054,0,7_S
1778661938.554125,2210,0,7_S
1778661938.554178,2282,0,7_S
1778661938.554229,2131,0,7_S
1778661938.55428,2079,0,7_S
1778661938.55433,2284,0,7_S
1778661938.55438,2117,0,7_S
1778661938.5544288,2068,0,7_S
1778661938.554475,2081,0,7_S
1778661938.554521,1978,0,7_S
1778661938.555882,1978,0,7_S
1778661938.5572538,2165,0,7_S
1778661938.559766,2165,0,7_S
1778661938.56119,2187,0,7_S
1778661938.567266,2153,0,7_S
1778661938.567859,1985,0,7_S
1778661938.570393,1855,0,7_S
1778661938.573249,1996,0,7_S
1778661938.573805,2093,0,7_S
1778661938.574389,2124,0,7_S
1778661938.575972,2086,0,7_S
1778661938.583494,2203,0,7_S
1778661938.584113,2144,0,7_S
1778661938.5842922,2052,0,7_S
1778661938.584539,1943,0,7_S
1778661938.584806,2040,0,7_S
1778661938.586772,2218,0,7_S
1778661938.589441,2141,0,7_S
1778661938.590797,2001,0,7_S
1778661938.59339,1991,0,7_S
1778661938.5947142,2162,0,7_S
1778661938.597316,2050,0,7_S
1778661938.604548,1850,0,7_S
1778661938.6047978,1871,0,7_S
1778661938.605026,2146,0,7_S
1778661938.6066072,2175,0,7_S
1778661938.608907,2139,0,7_S
1778661938.609231,2090,0,7_S
1778661938.612103,2149,0,7_S
1778661938.615838,2089,0,7_S
1778661938.6207712,1965,0,7_S
1778661938.622572,1850,0,7_S
1778661938.62337,2045,0,7_S
1778661938.623453,2136,0,7_S
1778661938.623519,2084,0,7_S
1778661938.624861,2046,0,7_S
1778661938.627576,2136,0,7_S
1778661938.628924,2140,0,7_S
1778661938.641382,2038,0,7_S
1778661938.651337,1862,0,7_S
1778661938.654283,1954,0,7_S
1778661938.6545331,2049,0,7_S
1778661938.6546009,2199,0,7_S
1778661938.6546571,2152,0,7_S
1778661938.654709,2012,0,7_S
1778661938.654756,2119,0,7_S
1778661938.654803,2113,0,7_S
1778661938.6548522,1943,0,7_S
1778661938.654899,1893,0,7_S
1778661938.6549451,2082,0,7_S
1778661938.6549911,2119,0,7_S
1778661938.6576471,2139,0,7_S
1778661938.658976,2064,0,7_S
1778661938.661626,2102,0,7_S
1778661938.663231,2119,0,7_S
1778661938.665879,2073,0,7_S
1778661938.671617,1880,0,7_S
1778661938.6727412,1993,0,7_S
1778661938.673444,2088,0,7_S
1778661938.6741161,2073,0,7_S
1778661938.686753,2047,0,7_S
1778661938.687021,2134,0,7_S
1778661938.687388,2168,0,7_S
1778661938.689993,1965,0,7_S
1778661938.69004,1870,0,7_S
1778661938.6900759,1978,0,7_S
1778661938.6901078,2199,0,7_S
1778661938.690159,2200,0,7_S
1778661938.691543,2130,0,7_S
1778661938.693213,2262,0,7_S
1778661938.707523,2010,0,7_S
1778661938.714645,1846,0,7_S
1778661938.717812,1871,0,7_S
1778661938.7179189,1856,0,7_S
1778661938.7179892,1986,0,7_S
1778661938.7180412,2013,0,7_S
1778661938.7180889,2013,0,7_S
1778661938.718178,1977,0,7_S
1778661938.718268,2090,0,7_S
1778661938.718312,2160,0,7_S
1778661938.718467,2084,0,7_S
1778661938.718561,1977,0,7_S
1778661938.720002,2033,0,7_S
1778661938.72148,2077,0,7_S
1778661938.722882,2098,0,7_S
1778661938.72546,2047,0,7_S
1778661938.726797,2133,0,7_S
1778661938.729373,2218,0,7_S
1778661938.74191,1939,0,7_S
1778661938.742692,1933,0,7_S
1778661938.742933,1992,0,7_S
1778661938.7446232,2088,0,7_S
1778661938.7496178,2072,0,7_S
1778661938.750039,2021,0,7_S
1778661938.750371,2088,0,7_S
1778661938.7505028,2195,0,7_S
1778661938.750688,2048,0,7_S
1778661938.750877,1936,0,7_S
1778661938.753352,1904,0,7_S
1778661938.753397,2063,0,7_S
1778661938.754787,2104,0,7_S
1778661938.757354,2107,0,7_S
1778661938.765437,2030,0,7_S
1778661938.7690182,2201,0,7_S
1778661938.771914,2161,0,7_S
1778661938.7743738,1977,0,7_S
1778661938.780465,1868,0,7_S
1778661938.780598,2000,0,7_S
1778661938.780664,2090,0,7_S
1778661938.780716,2120,0,7_S
1778661938.7807648,2033,0,7_S
1778661938.7808158,2104,0,7_S
1778661938.780864,2164,0,7_S
1778661938.780915,2088,0,7_S
1778661938.782675,1909,0,7_S
1778661938.785206,1976,0,7_S
1778661938.7866309,2144,0,7_S
1778661938.789493,2195,0,7_S
1778661938.790905,2010,0,7_S
1778661938.798686,1991,0,7_S
1778661938.7999759,2157,0,7_S
1778661938.802037,2102,0,7_S
1778661938.8023198,1962,0,7_S
1778661938.802667,1921,0,7_S
1778661938.8052192,2144,0,7_S
1778661938.806463,2199,0,7_S
1778661938.807654,2066,0,7_S
1778661938.813762,1943,0,7_S
1778661938.814028,2187,0,7_S
1778661938.814345,2156,0,7_S
1778661938.817004,2032,0,7_S
1778661938.81709,1809,0,7_S
1778661938.8197498,2032,0,7_S
1778661938.82125,2135,0,7_S
1778661938.827878,2168,0,7_S
1778661938.8285189,2076,0,7_S
1778661938.82963,2105,0,7_S
1778661938.831216,2149,0,7_S
1778661938.83132,2032,0,7_S
1778661938.8337438,1928,0,7_S
1778661938.8409011,1920,0,7_S
1778661938.841312,2023,0,7_S
1778661938.841436,2125,0,7_S
1778661938.841624,2102,0,7_S
1778661938.8441641,2076,0,7_S
1778661938.845394,2158,0,7_S
1778661938.846742,2120,0,7_S
1778661938.8492851,1951,0,7_S
1778661938.8506,1892,0,7_S
1778661938.853172,2081,0,7_S
1778661938.854597,2133,0,7_S
1778661938.8617442,2180,0,7_S
1778661938.8619862,2057,0,7_S
1778661938.8642292,2128,0,7_S
1778661938.864394,2107,0,7_S
1778661938.867597,1977,0,7_S
1778661938.867767,1928,0,7_S
1778661938.871066,2037,0,7_S
1778661938.874825,2035,0,7_S
1778661938.875385,2112,0,7_S
1778661938.875555,2038,0,7_S
1778661938.878855,2090,0,7_S
1778661938.878944,2139,0,7_S
1778661938.8815591,1983,0,7_S
1778661938.882944,1936,0,7_S
1778661938.8857758,1945,0,7_S
1778661938.891825,2058,0,7_S
1778661938.8923361,2123,0,7_S
1778661938.894819,2084,0,7_S
1778661938.897515,2093,0,7_S
1778661938.89931,2165,0,7_S
1778661938.9044201,2114,0,7_S
1778661938.907082,1930,0,7_S
1778661938.907624,1903,0,7_S
1778661938.907667,2079,0,7_S
1778661938.9077,2117,0,7_S
1778661938.907731,2168,0,7_S
1778661938.909148,2022,0,7_S
1778661938.911768,2003,0,7_S
1778661938.913101,2100,0,7_S
1778661938.915709,1967,0,7_S
1778661938.9170182,1793,0,7_S
1778661938.919641,1971,0,7_S
1778661938.9254138,2083,0,7_S
1778661938.926132,2132,0,7_S
1778661938.9267972,2055,0,7_S
1778661938.938675,2128,0,7_S
1778661938.942305,2199,0,7_S
1778661938.942452,2090,0,7_S
1778661938.942511,1942,0,7_S
1778661938.942605,1906,0,7_S
1778661938.942647,2033,0,7_S
1778661938.942716,2175,0,7_S
1778661938.9427571,2082,0,7_S
1778661938.942812,2088,0,7_S
1778661938.946215,2249,0,7_S
1778661938.947422,2121,0,7_S
1778661938.9977002,1890,0,7_S
1778661938.9979148,1911,0,7_S
1778661938.997994,2083,0,7_S
1778661938.99805,2187,0,7_S
1778661938.998106,2148,0,7_S
1778661938.998156,1936,0,7_S
1778661938.9982028,2049,0,7_S
1778661938.9982998,2130,0,7_S
1778661938.998344,2076,0,7_S
1778661938.998374,1894,0,7_S
1778661938.998445,1995,0,7_S
1778661938.9984992,2066,0,7_S
1778661938.998528,2129,0,7_S
1778661938.998555,2042,0,7_S
1778661938.9986901,2120,0,7_S
1778661938.998755,2164,0,7_S
1778661938.998807,2066,0,7_S
1778661938.998857,1925,0,7_S
1778661938.9989061,2040,0,7_S
1778661938.998954,2155,0,7_S
1778661938.999004,2178,0,7_S
1778661938.99905,2180,0,7_S
1778661938.999095,1986,0,7_S
1778661938.999142,2111,0,7_S
1778661938.999192,2169,0,7_S
1778661938.9992378,2119,0,7_S
1778661939.000912,1737,0,7_S
1778661939.0034828,1867,0,7_S
1778661939.004886,2081,0,7_S
1778661939.0065339,2126,0,7_S
1778661939.009299,2041,0,7_S
1778661939.017062,2067,0,7_S
1778661939.0234659,2107,0,7_S
1778661939.032703,1992,0,7_S
1778661939.032793,1965,0,7_S
1778661939.032848,2101,0,7_S
1778661939.032949,2096,0,7_S
1778661939.0330749,2097,0,7_S
1778661939.033173,2113,0,7_S
1778661939.033247,2163,0,7_S
1778661939.033312,2105,0,7_S
1778661939.033424,2041,0,7_S
1778661939.0334878,1873,0,7_S
1778661939.0348759,1920,0,7_S
1778661939.041783,2095,0,7_S
1778661939.0425322,2091,0,7_S
1778661939.04488,2150,0,7_S
1778661939.04543,2079,0,7_S
1778661939.046998,2133,0,7_S
1778661939.048032,2079,0,7_S
1778661939.049983,1979,0,7_S
1778661939.0548632,1938,0,7_S
1778661939.0551722,2108,0,7_S
1778661939.055373,2190,0,7_S
1778661939.057805,2154,0,7_S
1778661939.059173,2048,0,7_S
1778661939.060708,2196,0,7_S
1778661939.063492,2114,0,7_S
1778661939.0648499,1940,0,7_S
1778661939.067482,1832,0,7_S
1778661939.0742211,1968,0,7_S
1778661939.08345,2057,0,7_S
1778661939.08619,2099,0,7_S
1778661939.0868669,2059,0,7_S
1778661939.089312,2105,0,7_S
1778661939.089428,2138,0,7_S
1778661939.089484,2033,0,7_S
1778661939.0895329,1981,0,7_S
1778661939.089582,2015,0,7_S
1778661939.08963,2097,0,7_S
1778661939.089677,2129,0,7_S
1778661939.091042,2073,0,7_S
1778661939.0938208,2015,0,7_S
1778661939.102459,2167,0,7_S
1778661939.105139,2180,0,7_S
1778661939.105453,2057,0,7_S
1778661939.109129,1857,0,7_S
1778661939.1138718,2026,0,7_S
1778661939.1139781,2142,0,7_S
1778661939.114034,2131,0,7_S
1778661939.114084,2028,0,7_S
1778661939.114131,2072,0,7_S
1778661939.1141791,2117,0,7_S
1778661939.115555,2011,0,7_S
1778661939.116933,1874,0,7_S
1778661939.119421,2003,0,7_S
1778661939.121089,2090,0,7_S
1778661939.122515,2178,0,7_S
1778661939.1346529,2102,0,7_S
1778661939.137975,2044,0,7_S
1778661939.142559,2146,0,7_S
1778661939.1454022,2065,0,7_S
1778661939.145808,1924,0,7_S
1778661939.145897,1952,0,7_S
1778661939.145952,2073,0,7_S
1778661939.146003,2113,0,7_S
1778661939.146086,2070,0,7_S
1778661939.146135,2048,0,7_S
1778661939.146181,2151,0,7_S
1778661939.1476521,2062,0,7_S
1778661939.149024,1959,0,7_S
1778661939.157047,1925,0,7_S
1778661939.1586938,2065,0,7_S
1778661939.159199,2109,0,7_S
1778661939.162998,2115,0,7_S
1778661939.164196,2045,0,7_S
1778661939.16665,2138,0,7_S
1778661939.169666,2197,0,7_S
1778661939.170006,2048,0,7_S
1778661939.170433,1780,0,7_S
1778661939.172708,1988,0,7_S
1778661939.1734579,2073,0,7_S
1778661939.17353,2066,0,7_S
1778661939.174933,2045,0,7_S
1778661939.17832,2167,0,7_S
1778661939.179748,2199,0,7_S
1778661939.180958,2004,0,7_S
1778661939.183628,2010,0,7_S
1778661939.1967292,2034,0,7_S
1778661939.198925,1894,0,7_S
1778661939.1992729,2059,0,7_S
1778661939.2016551,2210,0,7_S
1778661939.204465,2078,0,7_S
1778661939.204555,1996,0,7_S
1778661939.204608,2264,0,7_S
1778661939.204843,1978,0,7_S
1778661939.204888,730,0,7_S
1778661939.204934,2506,0,7_S
1778661939.204979,2462,0,7_S
1778661939.206398,1743,0,7_S
1778661939.209058,1963,0,7_S
1778661939.2144,2492,0,7_S
1778661939.2169862,2282,0,7_S
1778661939.217321,1305,0,7_S
1778661939.217577,2112,0,7_S
1778661939.2265449,2754,0,7_S
1778661939.229555,1935,0,7_S
1778661939.23001,1957,0,7_S
1778661939.230088,2239,0,7_S
1778661939.2301388,1225,0,7_S
1778661939.2302349,2069,0,7_S
1778661939.231602,2312,0,7_S
1778661939.232974,2219,0,7_S
1778661939.2344441,1772,0,7_S
1778661939.237161,1932,0,7_S
1778661939.2385652,2144,0,7_S
1778661939.246112,2126,0,7_S
1778661939.24813,2073,0,7_S
1778661939.2498329,2324,0,7_S
1778661939.2500422,1601,0,7_S
1778661939.2504718,2119,0,7_S
1778661939.254195,1882,0,7_S
1778661939.255324,1942,0,7_S
1778661939.257704,2050,0,7_S
1778661939.257925,2121,0,7_S
1778661939.262239,2152,0,7_S
1778661939.263006,1928,0,7_S
1778661939.263081,2272,0,7_S
1778661939.2644742,2301,0,7_S
1778661939.267116,1421,0,7_S
1778661939.274275,2202,0,7_S
1778661939.2756338,2214,0,7_S
1778661939.277442,2318,0,7_S
1778661939.2809129,2166,0,7_S
1778661939.2814798,1935,0,7_S
1778661939.282779,2296,0,7_S
1778661939.2836459,2336,0,7_S
1778661939.290587,1994,0,7_S
1778661939.290709,2034,0,7_S
1778661939.290745,1973,0,7_S
1778661939.290775,2222,0,7_S
1778661939.290951,1564,0,7_S
1778661939.2925,2182,0,7_S
1778661939.2956312,2276,0,7_S
1778661939.296952,2182,0,7_S
1778661939.299372,1944,0,7_S
1778661939.300846,1665,0,7_S
1778661939.319005,2133,0,7_S
1778661939.319864,1823,0,7_S
1778661939.322544,2129,0,7_S
1778661939.322997,2112,0,7_S
1778661939.323329,2010,0,7_S
1778661939.323394,2153,0,7_S
1778661939.323444,2220,0,7_S
1778661939.323551,1854,0,7_S
1778661939.323603,1622,0,7_S
1778661939.3236501,2012,0,7_S
1778661939.3237062,2770,0,7_S
1778661939.325183,1548,0,7_S
1778661939.326538,1477,0,7_S
1778661939.333627,2152,0,7_S
1778661939.334687,2436,0,7_S
1778661939.3395278,1657,0,7_S
1778661939.3422148,2062,0,7_S
1778661939.346795,2197,0,7_S
1778661939.347424,2162,0,7_S
1778661939.347949,2015,0,7_S
1778661939.350415,2538,0,7_S
1778661939.350506,1815,0,7_S
1778661939.350564,1556,0,7_S
1778661939.3506172,2464,0,7_S
1778661939.350668,1686,0,7_S
1778661939.3535502,2077,0,7_S
1778661939.354968,2392,0,7_S
1778661939.356344,1809,0,7_S
1778661939.359013,2097,0,7_S
1778661939.3604622,2471,0,7_S
1778661939.367855,1965,0,7_S
1778661939.3705862,2397,0,7_S
1778661939.3723462,1445,0,7_S
1778661939.373384,2194,0,7_S
1778661939.375073,2069,0,7_S
1778661939.376747,2095,0,7_S
1778661939.3813472,2022,0,7_S
1778661939.381971,2242,0,7_S
1778661939.382294,1892,0,7_S
1778661939.382711,3061,0,7_S
1778661939.3851562,1947,0,7_S
1778661939.385408,707,0,7_S
1778661939.386817,2205,0,7_S
1778661939.3895302,1725,0,7_S
1778661939.395859,3426,0,7_S
1778661939.396818,3295,0,7_S
1778661939.397432,1248,0,7_S
1778661939.398981,2118,0,7_S
1778661939.399246,2068,0,7_S
1778661939.401691,2352,0,7_S
1778661939.4043431,2475,0,7_S
1778661939.406192,1719,0,7_S
1778661939.4091709,2328,0,7_S
1778661939.409502,1369,0,7_S
1778661939.4115462,1934,0,7_S
1778661939.412949,2764,0,7_S
1778661939.414594,2279,0,7_S
1778661939.4174562,1211,0,7_S
1778661939.418912,2506,0,7_S
1778661939.421371,2853,0,7_S
1778661939.422574,1992,0,7_S
1778661939.430141,2721,0,7_S
1778661939.432251,1923,0,7_S
1778661939.434645,3162,0,7_S
1778661939.435339,176,0,7_S
1778661939.4427981,1834,0,7_S
1778661939.443255,2947,0,7_S
1778661939.445888,2547,0,7_S
1778661939.4460008,2607,0,7_S
1778661939.446056,1686,0,7_S
1778661939.4463449,2237,0,7_S
1778661939.446406,2699,0,7_S
1778661939.446474,2504,0,7_S
1778661939.449182,2172,0,7_S
1778661939.4506419,2437,0,7_S
1778661939.457031,2457,0,7_S
1778661939.457737,2173,0,7_S
1778661939.4596639,2041,0,7_S
1778661939.4597068,2217,0,7_S
1778661939.466231,1793,0,7_S
1778661939.47387,2462,0,7_S
1778661939.473918,1496,0,7_S
1778661939.47395,2665,0,7_S
1778661939.47398,2206,0,7_S
1778661939.474093,2182,0,7_S
1778661939.474132,1777,0,7_S
1778661939.474483,2208,0,7_S
1778661939.4771369,2712,0,7_S
1778661939.478493,2727,0,7_S
1778661939.481771,2778,0,7_S
1778661939.488527,2413,0,7_S
1778661939.490358,1660,0,7_S
1778661939.493352,1851,0,7_S
1778661939.496896,2407,0,7_S
1778661939.497473,2701,0,7_S
1778661939.4991202,2568,0,7_S
1778661939.50469,2348,0,7_S
1778661939.505227,1835,0,7_S
1778661939.5054662,2294,0,7_S
1778661939.505719,2547,0,7_S
1778661939.506093,2519,0,7_S
1778661939.509216,1636,0,7_S
1778661939.509259,2927,0,7_S
1778661939.509421,2826,0,7_S
1778661939.511034,363,0,7_S
1778661939.5124102,2100,0,7_S
1778661939.520331,3727,0,7_S
1778661939.52264,1115,0,7_S
1778661939.525748,1738,0,7_S
1778661939.52684,1966,0,7_S
1778661939.5331252,4055,0,7_S
1778661939.5333602,2440,0,7_S
1778661939.533557,0,0,7_S
1778661939.533804,2888,0,7_S
1778661939.5367758,3036,0,7_S
1778661939.536934,2374,0,7_S
1778661939.537008,826,0,7_S
1778661939.5370848,2759,0,7_S
1778661939.538452,2670,0,7_S
1778661939.5410829,506,0,7_S
1778661939.542464,2426,0,7_S
1778661939.544988,2490,0,7_S
1778661939.5463529,2079,0,7_S
1778661939.5541592,2392,0,7_S
1778661939.555277,2151,0,7_S
1778661939.557216,304,0,7_S
1778661939.5598989,2820,0,7_S
1778661939.56188,2569,0,7_S
1778661939.5634828,2195,0,7_S
1778661939.5692081,2247,0,7_S
1778661939.569571,2292,0,7_S
1778661939.569984,1843,0,7_S
1778661939.570358,1913,0,7_S
1778661939.570724,2170,0,7_S
1778661939.573053,1953,0,7_S
1778661939.573313,2062,0,7_S
1778661939.574514,2244,0,7_S
1778661939.5771542,1521,0,7_S
1778661939.583166,1992,0,7_S
1778661939.5843542,2359,0,7_S
1778661939.585037,2209,0,7_S
1778661939.5873952,1844,0,7_S
1778661939.58941,2000,0,7_S
1778661939.589578,2200,0,7_S
1778661939.597759,2084,0,7_S
1778661939.598282,1666,0,7_S
1778661939.5984268,2171,0,7_S
1778661939.600781,2280,0,7_S
1778661939.600899,2159,0,7_S
1778661939.600959,2104,0,7_S
1778661939.6023428,2598,0,7_S
1778661939.605113,562,0,7_S
1778661939.606465,2608,0,7_S
1778661939.6091049,2474,0,7_S
1778661939.610261,2442,0,7_S
1778661939.618252,2535,0,7_S
1778661939.6208289,2034,0,7_S
1778661939.621234,2112,0,7_S
1778661939.624474,2306,0,7_S
1778661939.625078,2495,0,7_S
1778661939.625649,2368,0,7_S
1778661939.6258361,2268,0,7_S
1778661939.634882,2245,0,7_S
1778661939.635125,1964,0,7_S
1778661939.635595,2214,0,7_S
1778661939.6357288,2749,0,7_S
1778661939.636114,2344,0,7_S
1778661939.636214,2231,0,7_S
1778661939.6389172,2583,0,7_S
1778661939.650012,2881,0,7_S
1778661939.6556458,2500,0,7_S
1778661939.6632352,2736,0,7_S
1778661939.6633542,2390,0,7_S
1778661939.663411,2902,0,7_S
1778661939.6635258,2267,0,7_S
1778661939.663637,2034,0,7_S
1778661939.663889,2920,0,7_S
1778661939.663978,2817,0,7_S
1778661939.6640441,2331,0,7_S
1778661939.664129,2772,0,7_S
1778661939.664203,3095,0,7_S
1778661939.664256,2561,0,7_S
1778661939.667069,2317,0,7_S
1778661939.668548,2319,0,7_S
1778661939.671255,2520,0,7_S
1778661939.672531,1959,0,7_S
1778661939.682223,2806,0,7_S
1778661939.6824791,2693,0,7_S
1778661939.684468,2756,0,7_S
1778661939.687196,2650,0,7_S
1778661939.6896682,2264,0,7_S
1778661939.694988,1638,0,7_S
1778661939.697514,3036,0,7_S
1778661939.697641,2995,0,7_S
1778661939.697702,2794,0,7_S
1778661939.697751,2736,0,7_S
1778661939.6977978,2388,0,7_S
1778661939.697845,2274,0,7_S
1778661939.699224,3311,0,7_S
1778661939.700586,2791,0,7_S
1778661939.708629,2768,0,7_S
1778661939.713444,2851,0,7_S
1778661939.715609,2753,0,7_S
1778661939.716715,2409,0,7_S
1778661939.7246451,2478,0,7_S
1778661939.7254348,3059,0,7_S
1778661939.725525,2834,0,7_S
1778661939.725781,2254,0,7_S
1778661939.726153,2274,0,7_S
1778661939.7261891,2928,0,7_S
1778661939.7262201,2806,0,7_S
1778661939.72625,2651,0,7_S
1778661939.726304,2799,0,7_S
1778661939.72875,2770,0,7_S
1778661939.730092,2722,0,7_S
1778661939.733618,2507,0,7_S
1778661939.7350678,2336,0,7_S
1778661939.73651,2531,0,7_S
1778661939.74333,2605,0,7_S
1778661939.76051,2563,0,7_S
1778661939.76059,2334,0,7_S
1778661939.7606242,2446,0,7_S
1778661939.7606552,2528,0,7_S
1778661939.760684,2590,0,7_S
1778661939.7607129,2218,0,7_S
1778661939.760742,2202,0,7_S
1778661939.760771,2213,0,7_S
1778661939.760799,2440,0,7_S
1778661939.7608268,2249,0,7_S
1778661939.7608562,2237,0,7_S
1778661939.762912,2527,0,7_S
1778661939.793715,2648,0,7_S
1778661939.793772,1913,0,7_S
1778661939.793804,1649,0,7_S
1778661939.793834,1789,0,7_S
1778661939.793864,2029,0,7_S
1778661939.793893,2340,0,7_S
1778661939.793922,1950,0,7_S
1778661939.793951,1940,0,7_S
1778661939.79398,1648,0,7_S
1778661939.794008,1464,0,7_S
1778661939.794037,1517,0,7_S
1778661939.794066,1792,0,7_S
1778661939.794094,1847,0,7_S
1778661939.794122,1665,0,7_S
1778661939.7941499,1671,0,7_S
1778661939.794178,1518,0,7_S
1778661939.804089,1393,0,7_S
1778661939.819056,1299,0,7_S
1778661939.819147,1175,0,7_S
1778661939.8191948,1342,0,7_S
1778661939.819353,1303,0,7_S
1778661939.819608,1252,0,7_S
1778661939.819638,1425,0,7_S
1778661939.8196669,1239,0,7_S
1778661939.819695,1302,0,7_S
1778661939.819723,1463,0,7_S
1778661939.819751,1336,0,7_S
1778661939.819778,1230,0,7_S
1778661939.8210912,1363,0,7_S
1778661939.822314,1419,0,7_S
1778661939.829485,1278,0,7_S
1778661939.830088,1316,0,7_S
1778661939.8325891,1336,0,7_S
1778661939.834647,1404,0,7_S
1778661939.8446221,1566,0,7_S
1778661939.844994,1541,0,7_S
1778661939.847713,1657,0,7_S
1778661939.847798,1543,0,7_S
1778661939.8478348,1729,0,7_S
1778661939.847865,1797,0,7_S
1778661939.847894,1666,0,7_S
1778661939.847923,1940,0,7_S
1778661939.849231,1789,0,7_S
1778661939.8506691,1596,0,7_S
1778661939.853517,2057,0,7_S
1778661939.85484,2435,0,7_S
1778661939.856257,1446,0,7_S
1778661939.858898,747,0,7_S
1778661939.86018,3358,0,7_S
1778661939.875603,3290,0,7_S
1778661939.887936,1335,0,7_S
1778661939.888032,958,0,7_S
1778661939.888611,1177,0,7_S
1778661939.889131,2959,0,7_S
1778661939.889365,2852,0,7_S
1778661939.88972,1978,0,7_S
1778661939.8920262,2431,0,7_S
1778661939.892201,3209,0,7_S
1778661939.892391,2905,0,7_S
1778661939.892541,2041,0,7_S
1778661939.89265,2286,0,7_S
1778661939.892687,2003,0,7_S
1778661939.892718,2759,0,7_S
1778661939.892756,3135,0,7_S
1778661939.892786,1976,0,7_S
1778661939.8939772,1331,0,7_S
1778661939.896551,2489,0,7_S
1778661939.898931,2727,0,7_S
1778661939.900255,2493,0,7_S
1778661939.9031239,2852,0,7_S
1778661939.925122,2856,0,7_S
1778661939.925825,2633,0,7_S
1778661939.926146,2495,0,7_S
1778661939.9286468,2543,0,7_S
1778661939.9288058,1870,0,7_S
1778661939.928852,2558,0,7_S
1778661939.9289868,1635,0,7_S
1778661939.9290712,1331,0,7_S
1778661939.929128,2444,0,7_S
1778661939.929178,2325,0,7_S
1778661939.929227,2092,0,7_S
1778661939.929278,2030,0,7_S
1778661939.9293299,2202,0,7_S
1778661939.9306529,2217,0,7_S
1778661939.931981,2049,0,7_S
1778661939.934747,1862,0,7_S
1778661939.936157,1970,0,7_S
1778661939.938849,1973,0,7_S
1778661939.948714,1954,0,7_S
1778661939.9535758,1873,0,7_S
1778661939.9559739,2011,0,7_S
1778661939.9608698,2108,0,7_S
1778661939.961094,1994,0,7_S
1778661939.9612522,1855,0,7_S
1778661939.963572,1919,0,7_S
1778661939.963624,1985,0,7_S
1778661939.963657,1994,0,7_S
1778661939.963837,1914,0,7_S
1778661939.9639082,1915,0,7_S
1778661939.963986,2041,0,7_S
1778661939.964055,1956,0,7_S
1778661939.96684,1727,0,7_S
1778661939.9683049,1685,0,7_S
1778661939.9811368,1800,0,7_S
1778661939.991402,1823,0,7_S
1778661939.99173,1746,0,7_S
1778661939.99177,1685,0,7_S
1778661939.9918022,1716,0,7_S
1778661939.991841,1676,0,7_S
1778661939.99187,1535,0,7_S
1778661939.9919,1369,0,7_S
1778661939.991929,1573,0,7_S
1778661939.991959,1560,0,7_S
1778661939.991989,1576,0,7_S
1778661939.9920168,1547,0,7_S
1778661939.9948978,1664,0,7_S
1778661939.9963148,1712,0,7_S
1778661939.9988532,1594,0,7_S
1778661940.0003352,1453,0,7_S
1778661940.0080152,1609,0,7_S
1778661940.009826,1705,0,7_S
1778661940.011057,1769,0,7_S
1778661940.0127418,1725,0,7_S
1778661940.0129,1831,0,7_S
1778661940.0133429,1980,0,7_S
1778661940.019732,1912,0,7_S
1778661940.025732,1666,0,7_S
1778661940.0260649,1616,0,7_S
1778661940.026496,1862,0,7_S
1778661940.026845,1967,0,7_S
1778661940.029696,1970,0,7_S
1778661940.0299158,1902,0,7_S
1778661940.029978,2031,0,7_S
1778661940.03003,1981,0,7_S
1778661940.032706,1805,0,7_S
1778661940.0341601,1724,0,7_S
1778661940.040102,1897,0,7_S
1778661940.0412989,1962,0,7_S
1778661940.041476,1964,0,7_S
1778661940.0450912,1826,0,7_S
1778661940.045152,1870,0,7_S
1778661940.047471,1922,0,7_S
1778661940.054732,1784,0,7_S
1778661940.055073,1632,0,7_S
1778661940.05525,1720,0,7_S
1778661940.055702,1833,0,7_S
1778661940.058465,1923,0,7_S
1778661940.058534,1824,0,7_S
1778661940.059882,1792,0,7_S
1778661940.06272,1889,0,7_S
1778661940.064092,1855,0,7_S
1778661940.066842,1694,0,7_S
1778661940.068233,1647,0,7_S
1778661940.0753422,1788,0,7_S
1778661940.0755148,1870,0,7_S
1778661940.076531,1835,0,7_S
1778661940.076715,1768,0,7_S
1778661940.0790489,1857,0,7_S
1778661940.081632,1833,0,7_S
1778661940.083654,1717,0,7_S
1778661940.0903602,1578,0,7_S
1778661940.090627,1775,0,7_S
1778661940.091012,1859,0,7_S
1778661940.0911942,1877,0,7_S
1778661940.0942059,1781,0,7_S
1778661940.09433,1860,0,7_S
1778661940.096951,1923,0,7_S
1778661940.09834,1805,0,7_S
1778661940.1067572,1615,0,7_S
1778661940.108604,1708,0,7_S
1778661940.108877,1838,0,7_S
1778661940.111488,1909,0,7_S
1778661940.113089,1835,0,7_S
1778661940.113323,1835,0,7_S
1778661940.113939,1920,0,7_S
1778661940.114509,1845,0,7_S
1778661940.116693,1736,0,7_S
1778661940.121365,1684,0,7_S
1778661940.121557,1829,0,7_S
1778661940.124065,1940,0,7_S
1778661940.124382,1981,0,7_S
1778661940.1270552,1843,0,7_S
1778661940.1284852,1931,0,7_S
1778661940.1298718,1934,0,7_S
1778661940.1327062,1785,0,7_S
1778661940.1340292,1683,0,7_S
1778661940.140692,1847,0,7_S
1778661940.141613,1929,0,7_S
1778661940.141713,1981,0,7_S
1778661940.142339,1984,0,7_S
1778661940.14423,2038,0,7_S
1778661940.147744,2207,0,7_S
1778661940.147948,1866,0,7_S
1778661940.15061,1601,0,7_S
1778661940.155136,1686,0,7_S
1778661940.155478,1850,0,7_S
1778661940.158529,1888,0,7_S
1778661940.1585732,1854,0,7_S
1778661940.161035,1849,0,7_S
1778661940.162414,1958,0,7_S
1778661940.1722429,1911,0,7_S
1778661940.1746109,1856,0,7_S
1778661940.177127,1864,0,7_S
1778661940.1837811,2053,0,7_S
1778661940.186789,2195,0,7_S
1778661940.186837,2028,0,7_S
1778661940.1868942,1970,0,7_S
1778661940.1869252,2143,0,7_S
1778661940.186955,2042,0,7_S
1778661940.186986,1767,0,7_S
1778661940.1870148,1711,0,7_S
1778661940.187045,2010,0,7_S
1778661940.188521,1983,0,7_S
1778661940.189868,2093,0,7_S
1778661940.1926,2094,0,7_S
1778661940.1939552,2235,0,7_S
1778661940.1968288,2209,0,7_S
1778661940.211048,1452,0,7_S
1778661940.212883,1768,0,7_S
1778661940.217848,2236,0,7_S
1778661940.220372,2068,0,7_S
1778661940.220452,1945,0,7_S
1778661940.2205062,1936,0,7_S
1778661940.2205608,2080,0,7_S
1778661940.220608,2047,0,7_S
1778661940.220654,2105,0,7_S
1778661940.2206998,2063,0,7_S
1778661940.2207448,1922,0,7_S
1778661940.22079,2176,0,7_S
1778661940.222111,2136,0,7_S
1778661940.225085,2072,0,7_S
1778661940.233782,2256,0,7_S
1778661940.238624,2010,0,7_S
1778661940.2394528,2234,0,7_S
1778661940.24596,1710,0,7_S
1778661940.248239,1624,0,7_S
1778661940.248954,1861,0,7_S
1778661940.2493289,2151,0,7_S
1778661940.249372,2198,0,7_S
1778661940.249404,1923,0,7_S
1778661940.249434,2430,0,7_S
1778661940.249463,2258,0,7_S
1778661940.249492,1673,0,7_S
1778661940.250816,1793,0,7_S
1778661940.252637,1942,0,7_S
1778661940.254244,2021,0,7_S
1778661940.256908,2117,0,7_S
1778661940.2582679,2116,0,7_S
1778661940.26773,1935,0,7_S
1778661940.270441,2138,0,7_S
1778661940.2737138,2330,0,7_S
1778661940.2749739,2154,0,7_S
1778661940.276166,2119,0,7_S
1778661940.283106,2211,0,7_S
1778661940.2835882,1926,0,7_S
1778661940.286358,1988,0,7_S
1778661940.286412,2077,0,7_S
1778661940.2864451,2138,0,7_S
1778661940.2865899,2151,0,7_S
1778661940.286693,2120,0,7_S
1778661940.2867808,2004,0,7_S
1778661940.28685,2186,0,7_S
1778661940.288309,2137,0,7_S
1778661940.28975,2176,0,7_S
1778661940.297813,1946,0,7_S
1778661940.299464,2037,0,7_S
1778661940.3023622,2188,0,7_S
1778661940.304873,2087,0,7_S
1778661940.3051252,1950,0,7_S
1778661940.308015,2004,0,7_S
1778661940.3081841,2140,0,7_S
1778661940.31503,2188,0,7_S
1778661940.31518,2140,0,7_S
1778661940.315244,2062,0,7_S
1778661940.3152971,2159,0,7_S
1778661940.31535,2099,0,7_S
1778661940.316718,1955,0,7_S
1778661940.318093,1901,0,7_S
1778661940.320787,2088,0,7_S
1778661940.322268,2133,0,7_S
1778661940.324951,2128,0,7_S
1778661940.331661,1994,0,7_S
1778661940.332979,2089,0,7_S
1778661940.335723,2081,0,7_S
1778661940.340417,1962,0,7_S
1778661940.347301,1835,0,7_S
1778661940.347969,1991,0,7_S
1778661940.348387,2104,0,7_S
1778661940.3510451,2152,0,7_S
1778661940.351151,1964,0,7_S
1778661940.351216,1937,0,7_S
1778661940.3512661,2137,0,7_S
1778661940.3513129,1857,0,7_S
1778661940.351359,1583,0,7_S
1778661940.3528728,1599,0,7_S
1778661940.35429,1808,0,7_S
1778661940.355814,1820,0,7_S
1778661940.3646138,1768,0,7_S
1778661940.36716,1748,0,7_S
1778661940.368428,1902,0,7_S
1778661940.370271,1835,0,7_S
1778661940.372389,1873,0,7_S
1778661940.3766131,1796,0,7_S
1778661940.377571,1862,0,7_S
1778661940.377931,1962,0,7_S
1778661940.3805382,1902,0,7_S
1778661940.380692,1828,0,7_S
1778661940.380794,1966,0,7_S
1778661940.380872,1992,0,7_S
1778661940.382142,1804,0,7_S
1778661940.3847811,1691,0,7_S
1778661940.386507,1868,0,7_S
1778661940.387924,1992,0,7_S
1778661940.3906188,2116,0,7_S
1778661940.3973,1896,0,7_S
1778661940.4009569,1987,0,7_S
1778661940.4013429,2200,0,7_S
1778661940.408202,1939,0,7_S
1778661940.41217,1806,0,7_S
1778661940.414635,1844,0,7_S
1778661940.4154692,2048,0,7_S
1778661940.415553,2085,0,7_S
1778661940.415593,2036,0,7_S
1778661940.415626,2068,0,7_S
1778661940.415655,2193,0,7_S
1778661940.415682,2134,0,7_S
1778661940.41571,1986,0,7_S
1778661940.4184818,1901,0,7_S
1778661940.420106,2235,0,7_S
1778661940.424617,2187,0,7_S
1778661940.425288,2197,0,7_S
1778661940.428288,2184,0,7_S
1778661940.431199,2188,0,7_S
1778661940.431842,2254,0,7_S
1778661940.4323258,2132,0,7_S
1778661940.4337091,1958,0,7_S
1778661940.439716,2106,0,7_S
1778661940.439935,2210,0,7_S
1778661940.4401011,2192,0,7_S
1778661940.4426959,2163,0,7_S
1778661940.444152,2171,0,7_S
1778661940.4468758,2249,0,7_S
1778661940.448298,2144,0,7_S
1778661940.449713,2096,0,7_S
1778661940.4523919,2031,0,7_S
1778661940.4541361,2068,0,7_S
1778661940.4598489,2301,0,7_S
1778661940.4613261,2089,0,7_S
1778661940.463161,2051,0,7_S
1778661940.465321,2101,0,7_S
1778661940.4658701,2132,0,7_S
1778661940.46651,2089,0,7_S
1778661940.470486,1863,0,7_S
1778661940.47639,2122,0,7_S
1778661940.477025,2201,0,7_S
1778661940.477064,2195,0,7_S
1778661940.4770958,2126,0,7_S
1778661940.478465,2101,0,7_S
1778661940.4800189,2195,0,7_S
1778661940.481672,2081,0,7_S
1778661940.4878452,1825,0,7_S
1778661940.488629,1883,0,7_S
1778661940.489664,2144,0,7_S
1778661940.4913542,2125,0,7_S
1778661940.493789,2013,0,7_S
1778661940.495235,2103,0,7_S
1778661940.498194,2210,0,7_S
1778661940.498354,2155,0,7_S
1778661940.502034,1874,0,7_S
1778661940.502754,1884,0,7_S
1778661940.504673,2074,0,7_S
1778661940.506065,2177,0,7_S
1778661940.5087109,2274,0,7_S
1778661940.510199,2122,0,7_S
1778661940.511682,2110,0,7_S
1778661940.5142488,1975,0,7_S
1778661940.515657,1831,0,7_S
1778661940.521693,1757,0,7_S
1778661940.5250392,1962,0,7_S
1778661940.525277,2164,0,7_S
1778661940.527594,2064,0,7_S
1778661940.528197,1955,0,7_S
1778661940.528737,2086,0,7_S
1778661940.532682,2157,0,7_S
1778661940.53301,2071,0,7_S
1778661940.536934,1985,0,7_S
1778661940.53716,1929,0,7_S
1778661940.539716,2050,0,7_S
1778661940.539755,2115,0,7_S
1778661940.542485,2034,0,7_S
1778661940.543916,2059,0,7_S
1778661940.552861,2164,0,7_S
1778661940.557045,2150,0,7_S
1778661940.558042,2016,0,7_S
1778661940.56352,1789,0,7_S
1778661940.565969,1990,0,7_S
1778661940.566009,2149,0,7_S
1778661940.566081,2069,0,7_S
1778661940.566114,2053,0,7_S
1778661940.566144,2051,0,7_S
1778661940.5661728,2029,0,7_S
1778661940.5662022,2020,0,7_S
1778661940.567588,1891,0,7_S
1778661940.570295,2019,0,7_S
1778661940.571651,2074,0,7_S
1778661940.5742168,2109,0,7_S
1778661940.5756102,1952,0,7_S
1778661940.591496,2070,0,7_S
1778661940.5973492,2079,0,7_S
1778661940.597464,1941,0,7_S
1778661940.597574,1831,0,7_S
1778661940.597635,1934,0,7_S
1778661940.597766,2036,0,7_S
1778661940.597821,2036,0,7_S
1778661940.597874,2020,0,7_S
1778661940.597964,2034,0,7_S
1778661940.598041,2087,0,7_S
1778661940.5981388,1841,0,7_S
1778661940.600678,1844,0,7_S
1778661940.602139,2041,0,7_S
1778661940.614743,1983,0,7_S
1778661940.616485,1761,0,7_S
1778661940.62186,1877,0,7_S
1778661940.622337,2036,0,7_S
1778661940.624918,2221,0,7_S
1778661940.625004,2075,0,7_S
1778661940.625057,1935,0,7_S
1778661940.625196,1736,0,7_S
1778661940.62524,1771,0,7_S
1778661940.625273,2068,0,7_S
1778661940.625303,2097,0,7_S
1778661940.626771,1873,0,7_S
1778661940.629175,2030,0,7_S
1778661940.630774,2038,0,7_S
1778661940.632295,1909,0,7_S
1778661940.633878,1842,0,7_S
1778661940.642863,2010,0,7_S
1778661940.656161,2027,0,7_S
1778661940.656613,2289,0,7_S
1778661940.656692,1989,0,7_S
1778661940.656746,1995,0,7_S
1778661940.657473,2136,0,7_S
1778661940.657548,2080,0,7_S
1778661940.6576052,1727,0,7_S
1778661940.657653,1738,0,7_S
1778661940.657701,2091,0,7_S
1778661940.6577752,2104,0,7_S
1778661940.657872,2080,0,7_S
1778661940.666625,1944,0,7_S
1778661940.6702971,2152,0,7_S
1778661940.6709938,2135,0,7_S
1778661940.672729,1944,0,7_S
1778661940.674886,1920,0,7_S
1778661940.6768372,1997,0,7_S
1778661940.680279,2050,0,7_S
1778661940.68224,2170,0,7_S
1778661940.683124,2177,0,7_S
1778661940.6832058,2025,0,7_S
1778661940.683265,2008,0,7_S
1778661940.683361,1991,0,7_S
1778661940.683496,1749,0,7_S
1778661940.6862578,1890,0,7_S
1778661940.687637,1960,0,7_S
1778661940.6903749,2099,0,7_S
1778661940.691697,1994,0,7_S
1778661940.69957,1983,0,7_S
1778661940.700882,2194,0,7_S
1778661940.705159,2142,0,7_S
1778661940.705882,1823,0,7_S
1778661940.706035,1905,0,7_S
1778661940.707092,2048,0,7_S
1778661940.70784,2045,0,7_S
1778661940.713278,1987,0,7_S
1778661940.713703,1976,0,7_S
1778661940.7139,2103,0,7_S
1778661940.7144058,2041,0,7_S
1778661940.717024,1903,0,7_S
1778661940.718432,1807,0,7_S
1778661940.7198231,1989,0,7_S
1778661940.726502,2100,0,7_S
1778661940.7301068,2120,0,7_S
1778661940.732468,1923,0,7_S
1778661940.73406,2087,0,7_S
1778661940.734761,2154,0,7_S
1778661940.7380211,1927,0,7_S
1778661940.738326,1826,0,7_S
1778661940.7412531,1971,0,7_S
1778661940.741535,2083,0,7_S
1778661940.7420218,2128,0,7_S
1778661940.742274,2006,0,7_S
1778661940.745024,2135,0,7_S
1778661940.7465029,2292,0,7_S
1778661940.74789,2016,0,7_S
1778661940.7505999,1883,0,7_S
1778661940.752453,1854,0,7_S
1778661940.75403,2073,0,7_S
1778661940.76292,2111,0,7_S
1778661940.763496,2081,0,7_S
1778661940.766618,2023,0,7_S
1778661940.768128,2106,0,7_S
1778661940.770977,2122,0,7_S
1778661940.774296,2013,0,7_S
1778661940.774608,1894,0,7_S
1778661940.774932,2062,0,7_S
1778661940.77761,2093,0,7_S
1778661940.777728,2091,0,7_S
1778661940.7778602,1988,0,7_S
1778661940.777927,2050,0,7_S
1778661940.7806,2096,0,7_S
1778661940.781964,2035,0,7_S
1778661940.788815,1861,0,7_S
1778661940.790886,1930,0,7_S
1778661940.791473,2035,0,7_S
1778661940.799624,2070,0,7_S
1778661940.800075,2019,0,7_S
1778661940.8027031,2055,0,7_S
1778661940.802998,2150,0,7_S
1778661940.8030348,2031,0,7_S
1778661940.803105,1921,0,7_S
1778661940.8033469,1895,0,7_S
1778661940.803495,2170,0,7_S
1778661940.806098,2104,0,7_S
1778661940.807505,1916,0,7_S
1778661940.810239,1961,0,7_S
1778661940.811557,2316,0,7_S
1778661940.820106,2128,0,7_S
1778661940.8207989,1490,0,7_S
1778661940.822913,1765,0,7_S
1778661940.8232691,2415,0,7_S
1778661940.82548,2236,0,7_S
1778661940.826109,1892,0,7_S
1778661940.828107,2047,0,7_S
1778661940.830847,2219,0,7_S
1778661940.834114,2240,0,7_S
1778661940.8344991,2032,0,7_S
1778661940.836349,1915,0,7_S
1778661940.837225,1887,0,7_S
1778661940.837378,2065,0,7_S
1778661940.8397582,2273,0,7_S
1778661940.8424478,1932,0,7_S
1778661940.847168,1956,0,7_S
1778661940.8483279,1883,0,7_S
1778661940.849451,1705,0,7_S
1778661940.849683,2325,0,7_S
1778661940.854452,1101,0,7_S
1778661940.855108,2126,0,7_S
1778661940.857834,2369,0,7_S
1778661940.8608818,2015,0,7_S
1778661940.862956,1922,0,7_S
1778661940.8635452,2121,0,7_S
1778661940.8639371,2315,0,7_S
1778661940.866603,2339,0,7_S
1778661940.867917,1930,0,7_S
1778661940.8693829,952,0,7_S
1778661940.872074,1394,0,7_S
1778661940.873439,2488,0,7_S
1778661940.881079,2417,0,7_S
1778661940.885687,2171,0,7_S
1778661940.887313,2015,0,7_S
1778661940.891665,1981,0,7_S
1778661940.892185,1971,0,7_S
1778661940.892695,2092,0,7_S
1778661940.895415,2252,0,7_S
1778661940.895495,1985,0,7_S
1778661940.895535,1842,0,7_S
1778661940.895566,1965,0,7_S
1778661940.895669,1972,0,7_S
1778661940.898433,2095,0,7_S
1778661940.900217,2083,0,7_S
1778661940.9071941,2030,0,7_S
1778661940.910919,2172,0,7_S
1778661940.912523,2092,0,7_S
1778661940.9157708,1941,0,7_S
1778661940.9161558,1754,0,7_S
1778661940.9194481,2415,0,7_S
1778661940.919945,2162,0,7_S
1778661940.9219651,1882,0,7_S
1778661940.92265,1814,0,7_S
1778661940.922903,2087,0,7_S
1778661940.922945,2243,0,7_S
1778661940.924312,2301,0,7_S
1778661940.925642,1847,0,7_S
1778661940.928549,2063,0,7_S
1778661940.929997,1667,0,7_S
1778661940.931364,2137,0,7_S
1778661940.9385972,2307,0,7_S
1778661940.939731,1780,0,7_S
1778661940.942181,2168,0,7_S
1778661940.944727,2349,0,7_S
1778661940.946152,2181,0,7_S
1778661940.949215,2054,0,7_S
1778661940.952351,2140,0,7_S
1778661940.952609,1714,0,7_S
1778661940.952854,2022,0,7_S
1778661940.953165,1856,0,7_S
1778661940.9555368,1947,0,7_S
1778661940.955664,2319,0,7_S
1778661940.9583821,2051,0,7_S
1778661940.959991,2292,0,7_S
1778661940.967838,2467,0,7_S
1778661940.970631,1561,0,7_S
1778661940.972647,1927,0,7_S
1778661940.975463,2227,0,7_S
1778661940.9788349,1806,0,7_S
1778661940.981243,2183,0,7_S
1778661940.981367,2155,0,7_S
1778661940.981431,1958,0,7_S
1778661940.98152,1977,0,7_S
1778661940.98157,1931,0,7_S
1778661940.981617,2058,0,7_S
1778661940.984373,2425,0,7_S
1778661940.986052,2097,0,7_S
1778661940.987485,2060,0,7_S
1778661940.9901419,2029,0,7_S
1778661940.991507,1919,0,7_S
1778661941.0040221,2595,0,7_S
1778661941.005217,2362,0,7_S
1778661941.010893,1977,0,7_S
1778661941.0112798,1983,0,7_S
1778661941.0116649,1107,0,7_S
1778661941.01426,1997,0,7_S
1778661941.014364,2298,0,7_S
1778661941.01442,1902,0,7_S
1778661941.0144699,2225,0,7_S
1778661941.0145202,2644,0,7_S
1778661941.0145679,2289,0,7_S
1778661941.015933,1456,0,7_S
1778661941.0173178,3088,0,7_S
1778661941.03069,2834,0,7_S
1778661941.031393,1355,0,7_S
1778661941.0342999,1516,0,7_S
1778661941.036164,2039,0,7_S
1778661941.0391428,2397,0,7_S
1778661941.039486,2019,0,7_S
1778661941.039696,2041,0,7_S
1778661941.0400808,1994,0,7_S
1778661941.04048,2210,0,7_S
1778661941.042484,2081,0,7_S
1778661941.043185,1995,0,7_S
1778661941.043252,1632,0,7_S
1778661941.0433059,2474,0,7_S
1778661941.04636,3471,0,7_S
1778661941.047832,1792,0,7_S
1778661941.049231,169,0,7_S
1778661941.052119,2124,0,7_S
1778661941.0536041,2988,0,7_S
1778661941.066785,2088,0,7_S
1778661941.068165,2152,0,7_S
1778661941.074249,1565,0,7_S
1778661941.07637,2462,0,7_S
1778661941.0773602,2844,0,7_S
1778661941.07743,2363,0,7_S
1778661941.077655,2199,0,7_S
1778661941.0777621,2040,0,7_S
1778661941.077898,2259,0,7_S
1778661941.0779588,3122,0,7_S
1778661941.07803,1641,0,7_S
1778661941.078093,2026,0,7_S
1778661941.079495,2329,0,7_S
1778661941.090005,2014,0,7_S
1778661941.0921128,1771,0,7_S
1778661941.093249,300,0,7_S
1778661941.094817,2395,0,7_S
1778661941.095989,3706,0,7_S
1778661941.100943,2673,0,7_S
1778661941.101411,1016,0,7_S
1778661941.1015959,1575,0,7_S
1778661941.104347,2655,0,7_S
1778661941.1046422,2506,0,7_S
1778661941.1047611,2499,0,7_S
1778661941.1048372,2903,0,7_S
1778661941.10622,1555,0,7_S
1778661941.1079218,1149,0,7_S
1778661941.109438,2283,0,7_S
1778661941.112109,2637,0,7_S
1778661941.113191,1921,0,7_S
1778661941.121789,1628,0,7_S
1778661941.12386,2597,0,7_S
1778661941.1242418,1171,0,7_S
1778661941.1262999,1326,0,7_S
1778661941.1282072,1789,0,7_S
1778661941.1292548,2968,0,7_S
1778661941.130451,1830,0,7_S
1778661941.135582,2401,0,7_S
1778661941.136062,2366,0,7_S
1778661941.136367,1942,0,7_S
1778661941.1369338,2181,0,7_S
1778661941.1393979,1922,0,7_S
1778661941.139508,2224,0,7_S
1778661941.14206,1961,0,7_S
1778661941.143432,1834,0,7_S
1778661941.1495419,2808,0,7_S
1778661941.15062,771,0,7_S
1778661941.152714,3109,0,7_S
1778661941.15555,2010,0,7_S
1778661941.1567209,2444,0,7_S
1778661941.158247,2294,0,7_S
1778661941.163158,2457,0,7_S
1778661941.163511,2344,0,7_S
1778661941.1660979,2558,0,7_S
1778661941.166396,761,0,7_S
1778661941.166492,1754,0,7_S
1778661941.167831,2234,0,7_S
1778661941.169191,2627,0,7_S
1778661941.1718578,2288,0,7_S
1778661941.173227,2141,0,7_S
1778661941.175782,2144,0,7_S
1778661941.182755,2589,0,7_S
1778661941.1851132,2538,0,7_S
1778661941.189394,2234,0,7_S
1778661941.192103,2305,0,7_S
1778661941.195731,1669,0,7_S
1778661941.19632,2292,0,7_S
1778661941.1966321,2198,0,7_S
1778661941.196939,1862,0,7_S
1778661941.1994371,1446,0,7_S
1778661941.199572,1795,0,7_S
1778661941.199656,2851,0,7_S
1778661941.199738,3279,0,7_S
1778661941.201129,2262,0,7_S
1778661941.2038012,1650,0,7_S
1778661941.210042,2261,0,7_S
1778661941.212451,1580,0,7_S
1778661941.212863,1666,0,7_S
1778661941.2163022,3339,0,7_S
1778661941.2175732,2134,0,7_S
1778661941.222827,1947,0,7_S
1778661941.223365,2243,0,7_S
1778661941.2237551,1361,0,7_S
1778661941.224067,2254,0,7_S
1778661941.2243562,3141,0,7_S
1778661941.226874,1130,0,7_S
1778661941.228284,3003,0,7_S
1778661941.229674,2889,0,7_S
1778661941.231106,851,0,7_S
1778661941.2337248,1774,0,7_S
1778661941.235112,1362,0,7_S
1778661941.243628,3167,0,7_S
1778661941.247612,2502,0,7_S
1778661941.248729,1813,0,7_S
1778661941.2498019,2174,0,7_S
1778661941.2510688,2435,0,7_S
1778661941.2539651,2673,0,7_S
1778661941.2575092,2265,0,7_S
1778661941.257867,207,0,7_S
1778661941.258394,2018,0,7_S
1778661941.2587678,2129,0,7_S
1778661941.2612422,2634,0,7_S
1778661941.261375,2513,0,7_S
1778661941.261486,2393,0,7_S
1778661941.264162,2047,0,7_S
1778661941.2655702,2267,0,7_S
1778661941.270453,2279,0,7_S
1778661941.272317,1445,0,7_S
1778661941.273995,2318,0,7_S
1778661941.274158,2077,0,7_S
1778661941.27724,2013,0,7_S
1778661941.2775009,2292,0,7_S
1778661941.280905,1951,0,7_S
1778661941.284687,1923,0,7_S
1778661941.2872279,2348,0,7_S
1778661941.288051,1924,0,7_S
1778661941.288121,2244,0,7_S
1778661941.2894971,3146,0,7_S
1778661941.291239,2444,0,7_S
1778661941.294064,947,0,7_S
1778661941.2954519,2204,0,7_S
1778661941.298104,2645,0,7_S
1778661941.307613,2234,0,7_S
1778661941.310229,1762,0,7_S
1778661941.31134,2103,0,7_S
1778661941.313023,2251,0,7_S
1778661941.3155022,1858,0,7_S
1778661941.3195589,1880,0,7_S
1778661941.320201,2576,0,7_S
1778661941.32065,2216,0,7_S
1778661941.323185,1802,0,7_S
1778661941.3232949,2006,0,7_S
1778661941.3234031,2073,0,7_S
1778661941.3235068,2348,0,7_S
1778661941.323659,2228,0,7_S
1778661941.326258,2173,0,7_S
1778661941.327563,1894,0,7_S
1778661941.3328488,2075,0,7_S
1778661941.333739,2447,0,7_S
1778661941.336312,2472,0,7_S
1778661941.338068,1643,0,7_S
1778661941.3389912,1883,0,7_S
1778661941.339784,1770,0,7_S
1778661941.342284,2253,0,7_S
1778661941.3456151,2128,0,7_S
1778661941.345783,2391,0,7_S
1778661941.34799,1968,0,7_S
1778661941.3494048,2384,0,7_S
1778661941.3519008,2032,0,7_S
1778661941.353319,2251,0,7_S
1778661941.355906,2257,0,7_S
1778661941.3572009,2319,0,7_S
1778661941.363093,2342,0,7_S
1778661941.3631492,2107,0,7_S
1778661941.3648891,2152,0,7_S
1778661941.366354,2253,0,7_S
1778661941.369538,2214,0,7_S
1778661941.3707001,2625,0,7_S
1778661941.372587,1570,0,7_S
1778661941.3760839,2502,0,7_S
1778661941.3762538,2766,0,7_S
1778661941.378038,2592,0,7_S
1778661941.379742,2530,0,7_S
1778661941.3810408,2518,0,7_S
1778661941.387773,2489,0,7_S
1778661941.388615,2243,0,7_S
1778661941.390314,2430,0,7_S
1778661941.390624,2632,0,7_S
1778661941.39301,2457,0,7_S
1778661941.393528,2327,0,7_S
1778661941.399877,2421,0,7_S
1778661941.400202,2507,0,7_S
1778661941.402393,2331,0,7_S
1778661941.402703,2313,0,7_S
1778661941.404029,2491,0,7_S
1778661941.4054341,2578,0,7_S
1778661941.407917,2434,0,7_S
1778661941.409086,2458,0,7_S
1778661941.4116411,2458,0,7_S
1778661941.4200609,2601,0,7_S
1778661941.4216561,2344,0,7_S
1778661941.423292,2137,0,7_S
1778661941.423767,2332,0,7_S
1778661941.424278,2007,0,7_S
1778661941.4248068,1747,0,7_S
1778661941.426836,1818,0,7_S
1778661941.430486,1957,0,7_S
1778661941.430738,1794,0,7_S
1778661941.432867,1389,0,7_S
1778661941.4331021,1152,0,7_S
1778661941.4359412,1230,0,7_S
1778661941.4374158,1176,0,7_S
1778661941.4423978,1184,0,7_S
1778661941.444549,1236,0,7_S
1778661941.4447129,1236,0,7_S
1778661941.4467351,1484,0,7_S
1778661941.44841,1261,0,7_S
1778661941.453604,832,0,7_S
1778661941.45393,929,0,7_S
1778661941.454271,1414,0,7_S
1778661941.457042,1635,0,7_S
1778661941.457072,1719,0,7_S
1778661941.459708,1598,0,7_S
1778661941.461036,1620,0,7_S
1778661941.463598,1737,0,7_S
1778661941.465002,1614,0,7_S
1778661941.470423,1594,0,7_S
1778661941.4714081,1674,0,7_S
1778661941.471898,1804,0,7_S
1778661941.473762,1757,0,7_S
1778661941.475778,1675,0,7_S
1778661941.4793432,1737,0,7_S
1778661941.4795089,1974,0,7_S
1778661941.483016,1861,0,7_S
1778661941.4831848,1654,0,7_S
1778661941.485727,1588,0,7_S
1778661941.4869702,1893,0,7_S
1778661941.48958,2224,0,7_S
1778661941.4949498,2272,0,7_S
1778661941.497065,1313,0,7_S
1778661941.497353,1863,0,7_S
1778661941.499389,1481,0,7_S
1778661941.500258,2323,0,7_S
1778661941.506664,2740,0,7_S
1778661941.5068228,966,0,7_S
1778661941.5070322,1344,0,7_S
1778661941.5073311,2136,0,7_S
1778661941.509481,2658,0,7_S
1778661941.51211,2155,0,7_S
1778661941.513448,2081,0,7_S
1778661941.516002,2051,0,7_S
1778661941.517292,1994,0,7_S
1778661941.519003,2344,0,7_S
1778661941.524976,2378,0,7_S
1778661941.5257769,2532,0,7_S
1778661941.5261881,2216,0,7_S
1778661941.529119,2479,0,7_S
1778661941.5292501,3371,0,7_S
1778661941.531314,3317,0,7_S
1778661941.536574,786,0,7_S
1778661941.5368562,2159,0,7_S
1778661941.5388532,3912,0,7_S
1778661941.53907,1747,0,7_S
1778661941.541655,3143,0,7_S
1778661941.542955,3291,0,7_S
1778661941.548052,2830,0,7_S
1778661941.549937,2882,0,7_S
1778661941.550121,2959,0,7_S
1778661941.553134,2959,0,7_S
1778661941.553916,2992,0,7_S
1778661941.5556219,2411,0,7_S
1778661941.559131,2376,0,7_S
1778661941.559423,2375,0,7_S
1778661941.5615191,2398,0,7_S
1778661941.5641322,2384,0,7_S
1778661941.565431,1707,0,7_S
1778661941.568008,1697,0,7_S
1778661941.569303,2198,0,7_S
1778661941.5753531,2281,0,7_S
1778661941.576181,2136,0,7_S
1778661941.576295,2054,0,7_S
1778661941.578249,1878,0,7_S
1778661941.580485,2027,0,7_S
1778661941.583605,2002,0,7_S
1778661941.583769,1895,0,7_S
1778661941.587484,1832,0,7_S
1778661941.5877461,2025,0,7_S
1778661941.589777,1921,0,7_S
1778661941.5910752,1933,0,7_S
1778661941.593737,1874,0,7_S
1778661941.598588,1983,0,7_S
1778661941.599232,2013,0,7_S
1778661941.600821,1901,0,7_S
1778661941.6010509,1770,0,7_S
1778661941.604883,1917,0,7_S
1778661941.606418,2045,0,7_S
1778661941.610296,2086,0,7_S
1778661941.610517,1974,0,7_S
1778661941.612258,2021,0,7_S
1778661941.61356,2164,0,7_S
1778661941.6148841,2042,0,7_S
1778661941.617439,1903,0,7_S
1778661941.618855,1903,0,7_S
1778661941.621401,2050,0,7_S
1778661941.6264262,2147,0,7_S
1778661941.627977,2104,0,7_S
1778661941.6292639,1991,0,7_S
1778661941.629481,2147,0,7_S
1778661941.631542,2118,0,7_S
1778661941.634551,1974,0,7_S
1778661941.637998,1861,0,7_S
1778661941.6383429,2036,0,7_S
1778661941.6403809,2066,0,7_S
1778661941.641758,2065,0,7_S
1778661941.643252,2011,0,7_S
1778661941.6598778,2055,0,7_S
1778661941.6602838,2081,0,7_S
1778661941.660585,1929,0,7_S
1778661941.662445,1733,0,7_S
1778661941.662488,1840,0,7_S
1778661941.662584,1983,0,7_S
1778661941.662652,2008,0,7_S
1778661941.662726,1856,0,7_S
1778661941.6628249,1907,0,7_S
1778661941.662851,2004,0,7_S
1778661941.6654022,1927,0,7_S
1778661941.668011,1798,0,7_S
1778661941.6694798,1810,0,7_S
1778661941.6708841,1944,0,7_S
1778661941.676051,2003,0,7_S
1778661941.6768892,1959,0,7_S
1778661941.677357,1931,0,7_S
1778661941.680911,2015,0,7_S
1778661941.681331,1963,0,7_S
1778661941.687635,1809,0,7_S
1778661941.687892,1768,0,7_S
1778661941.688133,1984,0,7_S
1778661941.6899898,2057,0,7_S
1778661941.691425,2072,0,7_S
1778661941.694011,1974,0,7_S
1778661941.699063,1942,0,7_S
1778661941.699986,1963,0,7_S
1778661941.702873,1972,0,7_S
1778661941.7029939,1713,0,7_S
1778661941.7034292,1770,0,7_S
1778661941.7055922,1979,0,7_S
1778661941.710377,2064,0,7_S
1778661941.7107148,1959,0,7_S
1778661941.712335,1956,0,7_S
1778661941.7136278,2035,0,7_S
1778661941.7149172,1957,0,7_S
1778661941.717416,1790,0,7_S
1778661941.718915,1763,0,7_S
1778661941.721506,1914,0,7_S
1778661941.7228649,2010,0,7_S
1778661941.72834,1952,0,7_S
1778661941.7284229,1916,0,7_S
1778661941.730769,1962,0,7_S
1778661941.7309802,1942,0,7_S
1778661941.736319,1932,0,7_S
1778661941.73649,1613,0,7_S
1778661941.7402,1746,0,7_S
1778661941.740499,2123,0,7_S
1778661941.742406,2074,0,7_S
1778661941.7438002,1824,0,7_S
1778661941.7450979,1903,0,7_S
1778661941.751071,2070,0,7_S
1778661941.752219,1929,0,7_S
1778661941.753761,1782,0,7_S
1778661941.755426,1958,0,7_S
1778661941.756226,2070,0,7_S
1778661941.759312,1970,0,7_S
1778661941.7627149,1908,0,7_S
1778661941.7628422,2018,0,7_S
1778661941.763189,2090,0,7_S
1778661941.7651699,1980,0,7_S
1778661941.7677681,1833,0,7_S
1778661941.769085,1847,0,7_S
1778661941.771633,1973,0,7_S
1778661941.773997,2099,0,7_S
1778661941.7785048,2016,0,7_S
1778661941.7793548,1974,0,7_S
1778661941.779835,2101,0,7_S
1778661941.7820091,2066,0,7_S
1778661941.783882,1899,0,7_S
1778661941.790864,1784,0,7_S
1778661941.791188,1982,0,7_S
1778661941.791275,2035,0,7_S
1778661941.791431,2057,0,7_S
1778661941.793396,1978,0,7_S
1778661941.7959979,2054,0,7_S
1778661941.797361,2095,0,7_S
1778661941.803734,1980,0,7_S
1778661941.803991,1830,0,7_S
1778661941.805651,1935,0,7_S
1778661941.8061152,2045,0,7_S
1778661941.808077,2086,0,7_S
1778661941.812732,2014,0,7_S
1778661941.813076,2106,0,7_S
1778661941.8133152,2234,0,7_S
1778661941.815239,1996,0,7_S
1778661941.817937,1823,0,7_S
1778661941.8193479,1869,0,7_S
1778661941.8219242,2039,0,7_S
1778661941.82322,2096,0,7_S
1778661941.82605,2038,0,7_S
1778661941.83073,1978,0,7_S
1778661941.831554,2111,0,7_S
1778661941.8333068,2074,0,7_S
1778661941.8335192,1929,0,7_S
1778661941.835855,1830,0,7_S
1778661941.83906,2043,0,7_S
1778661941.8392162,2090,0,7_S
1778661941.842796,2067,0,7_S
1778661941.843233,2020,0,7_S
1778661941.845908,2094,0,7_S
1778661941.847151,2068,0,7_S
1778661941.853718,1962,0,7_S
1778661941.8545768,1845,0,7_S
1778661941.8557801,1996,0,7_S
1778661941.855888,2124,0,7_S
1778661941.858102,2110,0,7_S
1778661941.85977,2021,0,7_S
1778661941.8644211,2022,0,7_S
1778661941.864483,2141,0,7_S
1778661941.866281,2054,0,7_S
1778661941.867574,1885,0,7_S
1778661941.8689768,1871,0,7_S
1778661941.871531,2044,0,7_S
1778661941.87282,2113,0,7_S
1778661941.875366,2083,0,7_S
1778661941.883669,2062,0,7_S
1778661941.8838952,2211,0,7_S
1778661941.887655,2089,0,7_S
1778661941.888166,1965,0,7_S
1778661941.889635,1751,0,7_S
1778661941.889842,2049,0,7_S
1778661941.893043,2089,0,7_S
1778661941.89534,2029,0,7_S
1778661941.8955672,1929,0,7_S
1778661941.895658,2032,0,7_S
1778661941.8969622,2086,0,7_S
1778661941.89978,1949,0,7_S
1778661941.90433,1783,0,7_S
1778661941.904782,1944,0,7_S
1778661941.9068,2046,0,7_S
1778661941.908185,2171,0,7_S
1778661941.910609,2056,0,7_S
1778661941.912407,1941,0,7_S
1778661941.938236,2132,0,7_S
1778661941.938286,2025,0,7_S
1778661941.938313,2005,0,7_S
1778661941.93841,1953,0,7_S
1778661941.938462,1931,0,7_S
1778661941.938516,1981,0,7_S
1778661941.938582,2062,0,7_S
1778661941.9386199,2097,0,7_S
1778661941.938645,2204,0,7_S
1778661941.9394078,2300,0,7_S
1778661941.93944,2141,0,7_S
1778661941.939532,1716,0,7_S
1778661941.939615,2051,0,7_S
1778661941.939641,2215,0,7_S
1778661941.963729,2034,0,7_S
1778661941.963788,2189,0,7_S
1778661941.97079,2011,0,7_S
1778661941.970829,1984,0,7_S
1778661941.970856,1883,0,7_S
1778661941.970919,2109,0,7_S
1778661941.9713762,2420,0,7_S
1778661941.971404,1706,0,7_S
1778661941.979625,1922,0,7_S
1778661941.980414,2050,0,7_S
1778661941.98059,1889,0,7_S
1778661941.981042,1865,0,7_S
1778661941.981794,1903,0,7_S
1778661941.98229,2109,0,7_S
1778661941.983155,2063,0,7_S
1778661941.988565,1995,0,7_S
1778661941.9893298,1939,0,7_S
1778661941.990978,1975,0,7_S
1778661941.991531,2626,0,7_S
1778661941.991591,2398,0,7_S
1778661941.991694,2200,0,7_S
1778661941.9917219,2244,0,7_S
1778661941.9917471,1122,0,7_S
1778661941.991822,2176,0,7_S
1778661941.991881,2256,0,7_S
1778661941.9919071,2385,0,7_S
1778661941.9931982,2177,0,7_S
1778661941.995747,1910,0,7_S
1778661941.997042,2181,0,7_S
1778661941.999593,2086,0,7_S
1778661942.006221,1675,0,7_S
1778661942.006644,2250,0,7_S
1778661942.007952,2268,0,7_S
1778661942.009556,2253,0,7_S
1778661942.010748,1977,0,7_S
1778661942.011214,2382,0,7_S
1778661942.0136268,1520,0,7_S
1778661942.0173461,1921,0,7_S
1778661942.01933,2390,0,7_S
1778661942.019373,2056,0,7_S
1778661942.020725,2055,0,7_S
1778661942.023187,2301,0,7_S
1778661942.027732,2312,0,7_S
1778661942.030072,2149,0,7_S
1778661942.030217,2376,0,7_S
1778661942.032156,2203,0,7_S
1778661942.035444,1970,0,7_S
1778661942.039142,1828,0,7_S
1778661942.040801,1896,0,7_S
1778661942.041373,2058,0,7_S
1778661942.041426,2023,0,7_S
1778661942.0427678,2018,0,7_S
1778661942.0453398,2325,0,7_S
1778661942.046724,2240,0,7_S
1778661942.0492868,2097,0,7_S
1778661942.0511029,1943,0,7_S
1778661942.057882,1850,0,7_S
1778661942.060034,1973,0,7_S
1778661942.060541,2091,0,7_S
1778661942.060689,2090,0,7_S
1778661942.061784,2060,0,7_S
1778661942.0634959,2229,0,7_S
1778661942.066674,2171,0,7_S
1778661942.06703,1957,0,7_S
1778661942.0698922,1911,0,7_S
1778661942.071212,2118,0,7_S
1778661942.0767412,2019,0,7_S
1778661942.077583,1991,0,7_S
1778661942.0795038,2068,0,7_S
1778661942.079689,2211,0,7_S
1778661942.081599,2295,0,7_S
1778661942.0836108,1961,0,7_S
1778661942.0880451,1546,0,7_S
1778661942.088332,2397,0,7_S
1778661942.09048,2534,0,7_S
1778661942.091789,1783,0,7_S
1778661942.09308,1946,0,7_S
1778661942.095628,2011,0,7_S
1778661942.096918,2029,0,7_S
1778661942.099481,1992,0,7_S
1778661942.1048992,1829,0,7_S
1778661942.106752,2069,0,7_S
1778661942.106966,1928,0,7_S
1778661942.107154,2081,0,7_S
1778661942.110518,2100,0,7_S
1778661942.1122649,2132,0,7_S
1778661942.1152158,2229,0,7_S
1778661942.115673,2068,0,7_S
1778661942.1177769,1803,0,7_S
1778661942.1190999,1824,0,7_S
1778661942.121672,2039,0,7_S
1778661942.126924,2118,0,7_S
1778661942.1273742,2107,0,7_S
1778661942.128751,2059,0,7_S
1778661942.1303082,2178,0,7_S
1778661942.1319199,2110,0,7_S
1778661942.134084,1915,0,7_S
1778661942.1371782,1821,0,7_S
1778661942.137622,1935,0,7_S
1778661942.139215,2053,0,7_S
1778661942.1417768,2191,0,7_S
1778661942.1429949,2111,0,7_S
1778661942.145566,1890,0,7_S
1778661942.146857,2045,0,7_S
1778661942.149517,1983,0,7_S
1778661942.153755,1656,0,7_S
1778661942.155093,1817,0,7_S
1778661942.156717,2180,0,7_S
1778661942.1568809,2099,0,7_S
1778661942.160712,2038,0,7_S
1778661942.162124,1900,0,7_S
1778661942.1651158,2208,0,7_S
1778661942.165426,2103,0,7_S
1778661942.167592,1795,0,7_S
1778661942.168992,1713,0,7_S
1778661942.1715589,1845,0,7_S
1778661942.176128,2199,0,7_S
1778661942.176887,2054,0,7_S
1778661942.177001,1851,0,7_S
1778661942.178787,2024,0,7_S
1778661942.182584,2123,0,7_S
1778661942.1840131,1948,0,7_S
1778661942.186827,1845,0,7_S
1778661942.187244,1898,0,7_S
1778661942.1893818,1849,0,7_S
1778661942.191852,1900,0,7_S
1778661942.192995,2250,0,7_S
1778661942.195557,1995,0,7_S
1778661942.196852,1736,0,7_S
1778661942.203875,1902,0,7_S
1778661942.204661,1871,0,7_S
1778661942.20475,1948,0,7_S
1778661942.206501,2020,0,7_S
1778661942.20946,2008,0,7_S
1778661942.209604,1866,0,7_S
1778661942.211949,1971,0,7_S
1778661942.215141,2177,0,7_S
1778661942.2153332,2088,0,7_S
1778661942.2171679,2055,0,7_S
1778661942.220157,1914,0,7_S
1778661942.221592,1867,0,7_S
1778661942.226002,1959,0,7_S
1778661942.227147,2070,0,7_S
1778661942.22852,2064,0,7_S
1778661942.230783,1889,0,7_S
1778661942.2312,1951,0,7_S
1778661942.236695,1886,0,7_S
1778661942.237173,1774,0,7_S
1778661942.2388139,1949,0,7_S
1778661942.239393,2033,0,7_S
1778661942.240696,2091,0,7_S
1778661942.2432902,1939,0,7_S
1778661942.245854,1948,0,7_S
1778661942.2472599,2145,0,7_S
1778661942.2546518,1972,0,7_S
1778661942.2561011,1661,0,7_S
1778661942.256329,1875,0,7_S
1778661942.257844,1966,0,7_S
1778661942.2583208,1897,0,7_S
1778661942.260502,1908,0,7_S
1778661942.2643468,1898,0,7_S
1778661942.264534,2022,0,7_S
1778661942.266654,1985,0,7_S
1778661942.2667131,1919,0,7_S
1778661942.269402,1734,0,7_S
1778661942.274533,1918,0,7_S
1778661942.2749429,2043,0,7_S
1778661942.275435,2089,0,7_S
1778661942.277218,1934,0,7_S
1778661942.279395,2091,0,7_S
1778661942.2824252,2057,0,7_S
1778661942.286907,1914,0,7_S
1778661942.287524,1813,0,7_S
1778661942.287593,2006,0,7_S
1778661942.2888849,2053,0,7_S
1778661942.291451,2093,0,7_S
1778661942.292816,2033,0,7_S
1778661942.295358,2072,0,7_S
1778661942.296712,2141,0,7_S
1778661942.3011892,1990,0,7_S
1778661942.303884,1833,0,7_S
1778661942.3052921,1897,0,7_S
1778661942.306359,2198,0,7_S
1778661942.308192,2149,0,7_S
1778661942.312086,2036,0,7_S
1778661942.312255,2053,0,7_S
1778661942.314402,2012,0,7_S
1778661942.3157609,2009,0,7_S
1778661942.3170571,1875,0,7_S
1778661942.3243651,1790,0,7_S
1778661942.3244522,2078,0,7_S
1778661942.325791,2077,0,7_S
1778661942.326006,2142,0,7_S
1778661942.3282602,1880,0,7_S
1778661942.331299,2159,0,7_S
1778661942.333764,2055,0,7_S
1778661942.334018,1710,0,7_S
1778661942.336115,1940,0,7_S
1778661942.337408,2024,0,7_S
1778661942.338697,2142,0,7_S
1778661942.341254,2198,0,7_S
1778661942.342608,1986,0,7_S
1778661942.3451679,2112,0,7_S
1778661942.350218,2212,0,7_S
1778661942.3508868,1924,0,7_S
1778661942.352512,1733,0,7_S
1778661942.352874,2022,0,7_S
1778661942.3559868,2119,0,7_S
1778661942.361428,2089,0,7_S
1778661942.363338,2044,0,7_S
1778661942.363565,1887,0,7_S
1778661942.363594,2147,0,7_S
1778661942.364884,2028,0,7_S
1778661942.367444,1860,0,7_S
1778661942.371907,1946,0,7_S
1778661942.372756,2121,0,7_S
1778661942.37462,2063,0,7_S
1778661942.374785,2007,0,7_S
1778661942.378082,2021,0,7_S
1778661942.382187,2375,0,7_S
1778661942.382463,2231,0,7_S
1778661942.38286,2158,0,7_S
1778661942.385963,1702,0,7_S
1778661942.387267,1973,0,7_S
1778661942.388729,2198,0,7_S
1778661942.391326,2102,0,7_S
1778661942.392617,1855,0,7_S
1778661942.398145,2050,0,7_S
1778661942.398604,2226,0,7_S
1778661942.399342,2143,0,7_S
1778661942.402845,1944,0,7_S
1778661942.403342,1901,0,7_S
1778661942.405361,2022,0,7_S
1778661942.409096,2156,0,7_S
1778661942.40922,2035,0,7_S
1778661942.411408,2074,0,7_S
1778661942.412708,2183,0,7_S
1778661942.415324,2130,0,7_S
1778661942.4207082,1873,0,7_S
1778661942.422634,2000,0,7_S
1778661942.422814,2141,0,7_S
1778661942.422957,2114,0,7_S
1778661942.426481,2054,0,7_S
1778661942.428184,1787,0,7_S
1778661942.4308841,2017,0,7_S
1778661942.431175,2334,0,7_S
1778661942.433262,2095,0,7_S
1778661942.434586,1938,0,7_S
1778661942.437133,2118,0,7_S
1778661942.43973,1767,0,7_S
1778661942.441021,2221,0,7_S
1778661942.447181,2089,0,7_S
1778661942.447901,2023,0,7_S
1778661942.449523,2094,0,7_S
1778661942.449845,1842,0,7_S
1778661942.451682,1826,0,7_S
1778661942.455145,1963,0,7_S
1778661942.457669,2057,0,7_S
1778661942.457886,2190,0,7_S
1778661942.459868,2158,0,7_S
1778661942.460973,2098,0,7_S
1778661942.4635332,2269,0,7_S
1778661942.468736,2200,0,7_S
1778661942.469903,1875,0,7_S
1778661942.4701052,1801,0,7_S
1778661942.471939,2115,0,7_S
1778661942.474962,2098,0,7_S
1778661942.47762,2112,0,7_S
1778661942.4778922,2054,0,7_S
1778661942.4793332,2091,0,7_S
1778661942.4817548,1954,0,7_S
1778661942.483045,2100,0,7_S
1778661942.4859,1836,0,7_S
1778661942.487357,1945,0,7_S
1778661942.488659,2118,0,7_S
1778661942.493907,2070,0,7_S
1778661942.494685,1953,0,7_S
1778661942.496438,2109,0,7_S
1778661942.498671,2232,0,7_S
1778661942.499168,2019,0,7_S
1778661942.504384,1927,0,7_S
1778661942.504641,1837,0,7_S
1778661942.504891,2020,0,7_S
1778661942.508078,2146,0,7_S
1778661942.509383,2116,0,7_S
1778661942.5106728,2056,0,7_S
1778661942.5165088,2213,0,7_S
1778661942.517733,2172,0,7_S
1778661942.5206962,2045,0,7_S
1778661942.5212128,1783,0,7_S
1778661942.5238552,1938,0,7_S
1778661942.5272498,2197,0,7_S
1778661942.529032,2286,0,7_S
1778661942.529949,2180,0,7_S
1778661942.5300422,2402,0,7_S
1778661942.531442,1759,0,7_S
1778661942.532792,1784,0,7_S
1778661942.5354922,1841,0,7_S
1778661942.536869,1977,0,7_S
1778661942.555039,2057,0,7_S
1778661942.557174,2100,0,7_S
1778661942.557373,1841,0,7_S
1778661942.557473,2000,0,7_S
1778661942.5575008,2218,0,7_S
1778661942.557526,2157,0,7_S
1778661942.5576022,1990,0,7_S
1778661942.557648,1898,0,7_S
1778661942.557718,2084,0,7_S
1778661942.5578182,2130,0,7_S
1778661942.559113,2030,0,7_S
1778661942.560607,2021,0,7_S
1778661942.566462,2181,0,7_S
1778661942.567738,2159,0,7_S
1778661942.569719,1916,0,7_S
1778661942.570174,2334,0,7_S
1778661942.5736032,2183,0,7_S
1778661942.576007,1807,0,7_S
1778661942.576131,2159,0,7_S
1778661942.5783858,1862,0,7_S
1778661942.578592,2167,0,7_S
1778661942.581156,2018,0,7_S
1778661942.582506,1741,0,7_S
1778661942.585352,1959,0,7_S
1778661942.5866618,2140,0,7_S
1778661942.595371,2028,0,7_S
1778661942.5978591,2132,0,7_S
1778661942.603599,2001,0,7_S
1778661942.6062741,2231,0,7_S
1778661942.6065438,2073,0,7_S
1778661942.606603,2003,0,7_S
1778661942.607005,1947,0,7_S
1778661942.607084,1874,0,7_S
1778661942.607135,1995,0,7_S
1778661942.607189,2117,0,7_S
1778661942.608573,2091,0,7_S
1778661942.624928,2089,0,7_S
1778661942.625393,2307,0,7_S
1778661942.627456,2138,0,7_S
1778661942.627533,1912,0,7_S
1778661942.627585,1849,0,7_S
1778661942.6276329,1955,0,7_S
1778661942.627688,2067,0,7_S
1778661942.6277351,2294,0,7_S
1778661942.6277812,2101,0,7_S
1778661942.629629,2145,0,7_S
1778661942.6315362,2078,0,7_S
1778661942.6330261,1881,0,7_S
1778661942.634494,1838,0,7_S
1778661942.6374102,1983,0,7_S
1778661942.642782,2058,0,7_S
1778661942.655342,2092,0,7_S
1778661942.655427,2227,0,7_S
1778661942.655542,2357,0,7_S
1778661942.6556091,1858,0,7_S
1778661942.655689,2100,0,7_S
1778661942.6557372,1814,0,7_S
1778661942.6558342,1862,0,7_S
1778661942.655904,2026,0,7_S
1778661942.657275,1968,0,7_S
1778661942.658484,2016,0,7_S
1778661942.664402,1986,0,7_S
1778661942.6651032,2161,0,7_S
1778661942.6663659,2106,0,7_S
1778661942.6682181,2019,0,7_S
1778661942.671854,1918,0,7_S
1778661942.67202,2100,0,7_S
1778661942.674412,2154,0,7_S
1778661942.674828,2162,0,7_S
1778661942.676866,1962,0,7_S
1778661942.679497,2164,0,7_S
1778661942.68094,2425,0,7_S
1778661942.6840131,2073,0,7_S
1778661942.685586,1503,0,7_S
1778661942.686908,1918,0,7_S
1778661942.699819,2126,0,7_S
1778661942.704566,2083,0,7_S
1778661942.704861,1949,0,7_S
1778661942.704894,1961,0,7_S
1778661942.7051232,2117,0,7_S
1778661942.705208,2076,0,7_S
1778661942.70524,2003,0,7_S
1778661942.70527,2009,0,7_S
1778661942.705332,2148,0,7_S
1778661942.706665,2168,0,7_S
1778661942.713233,2106,0,7_S
1778661942.713998,2068,0,7_S
1778661942.714437,2122,0,7_S
1778661942.715778,2109,0,7_S
1778661942.717652,1973,0,7_S
1778661942.72114,1966,0,7_S
1778661942.723436,2075,0,7_S
1778661942.7236779,2183,0,7_S
1778661942.725752,2213,0,7_S
1778661942.726944,2134,0,7_S
1778661942.729612,2008,0,7_S
1778661942.730913,1447,0,7_S
1778661942.733471,1791,0,7_S
1778661942.734761,2304,0,7_S
1778661942.7400389,2305,0,7_S
1778661942.74013,2081,0,7_S
1778661942.742317,2036,0,7_S
1778661942.744948,1801,0,7_S
1778661942.745489,2064,0,7_S
1778661942.750164,2285,0,7_S
1778661942.750293,2323,0,7_S
1778661942.752558,1986,0,7_S
1778661942.752626,1561,0,7_S
1778661942.755141,2027,0,7_S
1778661942.7565389,2347,0,7_S
1778661942.761117,1974,0,7_S
1778661942.761857,2178,0,7_S
1778661942.764383,1089,0,7_S
1778661942.765057,2347,0,7_S
1778661942.770587,2338,0,7_S
1778661942.770716,1709,0,7_S
1778661942.7710552,1786,0,7_S
1778661942.7729988,1901,0,7_S
1778661942.774494,2339,0,7_S
1778661942.777049,2056,0,7_S
1778661942.779598,2214,0,7_S
1778661942.780915,2577,0,7_S
1778661942.786762,2093,0,7_S
1778661942.78879,1557,0,7_S
1778661942.78895,1955,0,7_S
1778661942.7891421,2126,0,7_S
1778661942.790647,2182,0,7_S
1778661942.7944279,1782,0,7_S
1778661942.796845,2462,0,7_S
1778661942.796999,1741,0,7_S
1778661942.799291,2063,0,7_S
1778661942.800599,1963,0,7_S
1778661942.80689,1902,0,7_S
1778661942.8073459,1981,0,7_S
1778661942.808054,2100,0,7_S
1778661942.8097742,2188,0,7_S
1778661942.811564,2118,0,7_S
1778661942.813084,2169,0,7_S
1778661942.8168378,2122,0,7_S
1778661942.817096,1953,0,7_S
1778661942.8191712,1718,0,7_S
1778661942.8204951,1989,0,7_S
1778661942.823045,2042,0,7_S
1778661942.8256261,2218,0,7_S
1778661942.827266,1789,0,7_S
1778661942.832164,2007,0,7_S
1778661942.833201,2160,0,7_S
1778661942.834644,1960,0,7_S
1778661942.8356612,2008,0,7_S
1778661942.838042,1898,0,7_S
1778661942.842999,2066,0,7_S
1778661942.8435059,1675,0,7_S
1778661942.845056,2457,0,7_S
1778661942.845173,2088,0,7_S
1778661942.846821,1971,0,7_S
1778661942.849452,2625,0,7_S
1778661942.854114,1937,0,7_S
1778661942.8548212,720,0,7_S
1778661942.8559859,2477,0,7_S
1778661942.85787,2360,0,7_S
1778661942.860961,2074,0,7_S
1778661942.863353,1793,0,7_S
1778661942.863508,2143,0,7_S
1778661942.865407,2102,0,7_S
1778661942.866888,2043,0,7_S
1778661942.869546,1965,0,7_S
1778661942.870867,1947,0,7_S
1778661942.8734221,2310,0,7_S
1778661942.8747299,2358,0,7_S
1778661942.879361,2214,0,7_S
1778661942.87977,1292,0,7_S
1778661942.8813381,1154,0,7_S
1778661942.883073,2654,0,7_S
1778661942.885154,1649,0,7_S
1778661942.889122,2005,0,7_S
1778661942.889405,2367,0,7_S
1778661942.891326,1927,0,7_S
1778661942.892415,2524,0,7_S
1778661942.89504,2998,0,7_S
1778661942.899801,1656,0,7_S
1778661942.900209,1693,0,7_S
1778661942.90062,2360,0,7_S
1778661942.9032562,2437,0,7_S
1778661942.905803,1046,0,7_S
1778661942.909472,1998,0,7_S
1778661942.9096692,2614,0,7_S
1778661942.911219,2078,0,7_S
1778661942.912521,2733,0,7_S
1778661942.9150798,2273,0,7_S
1778661942.917412,2384,0,7_S
1778661942.918831,618,0,7_S
1778661942.921385,2973,0,7_S
1778661942.926198,1070,0,7_S
1778661942.926632,1856,0,7_S
1778661942.927119,2474,0,7_S
1778661942.93016,2223,0,7_S
1778661942.9319198,2273,0,7_S
1778661942.9361029,2484,0,7_S
1778661942.937984,2014,0,7_S
1778661942.938376,2714,0,7_S
1778661942.938547,1837,0,7_S
1778661942.9410932,2141,0,7_S
1778661942.946943,1913,0,7_S
1778661942.949232,1562,0,7_S
1778661942.949323,2337,0,7_S
1778661942.9507809,2803,0,7_S
1778661942.951117,0,0,7_S
1778661942.953619,2937,0,7_S
1778661942.957922,2216,0,7_S
1778661942.9581351,2361,0,7_S
1778661942.959506,2040,0,7_S
1778661942.96076,1288,0,7_S
1778661942.9633799,2382,0,7_S
1778661942.964671,2564,0,7_S
1778661942.967228,1189,0,7_S
1778661942.968514,2041,0,7_S
1778661942.9727302,3070,0,7_S
1778661942.97316,2452,0,7_S
1778661942.975598,1626,0,7_S
1778661942.9773371,2032,0,7_S
1778661942.980335,2219,0,7_S
1778661942.9805892,2510,0,7_S
1778661942.9832919,2155,0,7_S
1778661942.985344,2660,0,7_S
1778661942.986677,1872,0,7_S
1778661942.989235,677,0,7_S
1778661942.9905238,3405,0,7_S
1778661942.993106,3853,0,7_S
1778661942.998153,1202,0,7_S
1778661942.998584,1616,0,7_S
1778661942.9992828,3539,0,7_S
1778661943.002562,2249,0,7_S
1778661943.0036778,728,0,7_S
1778661943.006046,1699,0,7_S
1778661943.0107908,2443,0,7_S
1778661943.010901,2805,0,7_S
1778661943.010976,2110,0,7_S
1778661943.012362,1326,0,7_S
1778661943.015012,2293,0,7_S
1778661943.020022,2316,0,7_S
1778661943.021389,1913,0,7_S
1778661943.02335,1597,0,7_S
1778661943.024052,3281,0,7_S
1778661943.0265658,581,0,7_S
1778661943.029345,2019,0,7_S
1778661943.0294678,2150,0,7_S
1778661943.0316591,2131,0,7_S
1778661943.0329542,1946,0,7_S
1778661943.0353558,1277,0,7_S
1778661943.0366552,2471,0,7_S
1778661943.039231,2143,0,7_S
1778661943.040558,1949,0,7_S
1778661943.045098,2523,0,7_S
1778661943.045587,1728,0,7_S
1778661943.047402,1829,0,7_S
1778661943.0491588,2424,0,7_S
1778661943.0524192,1852,0,7_S
1778661943.055291,2779,0,7_S
1778661943.055854,782,0,7_S
1778661943.057753,2305,0,7_S
1778661943.059049,2244,0,7_S
1778661943.060336,2518,0,7_S
1778661943.066196,2678,0,7_S
1778661943.06762,1968,0,7_S
1778661943.06989,1261,0,7_S
1778661943.0711648,1736,0,7_S
1778661943.071651,2424,0,7_S
1778661943.0765371,2550,0,7_S
1778661943.076658,2223,0,7_S
1778661943.0785122,1320,0,7_S
1778661943.0785868,691,0,7_S
1778661943.081132,2710,0,7_S
1778661943.0835168,1619,0,7_S
1778661943.084949,1999,0,7_S
1778661943.086278,1951,0,7_S
1778661943.088853,2122,0,7_S
1778661943.09425,2195,0,7_S
1778661943.096365,1829,0,7_S
1778661943.097613,2049,0,7_S
1778661943.097923,1975,0,7_S
1778661943.099775,2440,0,7_S
1778661943.101433,1609,0,7_S
1778661943.104976,1897,0,7_S
1778661943.1070652,1501,0,7_S
1778661943.107223,2404,0,7_S
1778661943.1085188,1891,0,7_S
1778661943.111186,2147,0,7_S
1778661943.114958,2190,0,7_S
1778661943.115658,2225,0,7_S
1778661943.117457,1695,0,7_S
1778661943.122184,727,0,7_S
1778661943.1223521,2585,0,7_S
1778661943.1254,2238,0,7_S
1778661943.125707,1569,0,7_S
1778661943.1275258,2244,0,7_S
1778661943.128818,2151,0,7_S
1778661943.131367,2523,0,7_S
1778661943.1327412,2519,0,7_S
1778661943.135404,1153,0,7_S
1778661943.137067,2272,0,7_S
1778661943.141087,2476,0,7_S
1778661943.1422,2056,0,7_S
1778661943.143849,1684,0,7_S
1778661943.1463501,2749,0,7_S
1778661943.14708,878,0,7_S
1778661943.1522229,1727,0,7_S
1778661943.154312,2531,0,7_S
1778661943.154499,2133,0,7_S
1778661943.154552,2257,0,7_S
1778661943.157163,2165,0,7_S
1778661943.158586,2156,0,7_S
1778661943.1645498,1627,0,7_S
1778661943.164843,2415,0,7_S
1778661943.167089,2729,0,7_S
1778661943.168094,1935,0,7_S
1778661943.173267,82,0,7_S
1778661943.173467,3013,0,7_S
1778661943.1737092,1927,0,7_S
1778661943.1756392,2179,0,7_S
1778661943.1769578,1841,0,7_S
1778661943.1782598,2058,0,7_S
1778661943.1808288,2892,0,7_S
1778661943.183383,1731,0,7_S
1778661943.184882,2000,0,7_S
1778661943.1892,1677,0,7_S
1778661943.1914282,2624,0,7_S
1778661943.193862,2422,0,7_S
1778661943.194261,1783,0,7_S
1778661943.194659,1932,0,7_S
1778661943.19976,2186,0,7_S
1778661943.1999402,2126,0,7_S
1778661943.2022002,2048,0,7_S
1778661943.202233,1696,0,7_S
1778661943.2048378,2252,0,7_S
1778661943.2106738,2630,0,7_S
1778661943.212458,1140,0,7_S
1778661943.212608,2059,0,7_S
1778661943.214123,3027,0,7_S
1778661943.214518,1253,0,7_S
1778661943.22303,2471,0,7_S
1778661943.223853,2243,0,7_S
1778661943.223922,2229,0,7_S
1778661943.2240121,2088,0,7_S
1778661943.225482,2206,0,7_S
1778661943.227084,1911,0,7_S
1778661943.2284422,2355,0,7_S
1778661943.231158,2448,0,7_S
1778661943.232529,2171,0,7_S
1778661943.237509,2173,0,7_S
1778661943.2393658,2043,0,7_S
1778661943.24383,2356,0,7_S
1778661943.2448158,2305,0,7_S
1778661943.2507389,2000,0,7_S
1778661943.251362,1810,0,7_S
1778661943.2539678,2626,0,7_S
1778661943.254055,2912,0,7_S
1778661943.254157,1989,0,7_S
1778661943.2542982,2003,0,7_S
1778661943.2544022,2133,0,7_S
1778661943.2571661,2044,0,7_S
1778661943.263638,2437,0,7_S
1778661943.2658749,2406,0,7_S
1778661943.2664099,2291,0,7_S
1778661943.268152,2123,0,7_S
1778661943.270543,2100,0,7_S
1778661943.271625,2184,0,7_S
1778661943.2734778,1966,0,7_S
1778661943.277484,2343,0,7_S
1778661943.2778912,2373,0,7_S
1778661943.278411,2181,0,7_S
1778661943.2787552,2244,0,7_S
1778661943.280776,2060,0,7_S
1778661943.283416,2373,0,7_S
1778661943.284642,1999,0,7_S
1778661943.287293,2122,0,7_S
1778661943.2886772,2246,0,7_S
1778661943.296569,2301,0,7_S
1778661943.298303,2237,0,7_S
1778661943.30028,2399,0,7_S
1778661943.301568,2249,0,7_S
1778661943.3048131,2229,0,7_S
1778661943.308595,2222,0,7_S
1778661943.308843,2017,0,7_S
1778661943.309077,2290,0,7_S
1778661943.3095338,2439,0,7_S
1778661943.309598,2347,0,7_S
1778661943.311882,2372,0,7_S
1778661943.313222,2497,0,7_S
1778661943.314579,2395,0,7_S
1778661943.3163772,2414,0,7_S
1778661943.323051,2366,0,7_S
1778661943.324571,2470,0,7_S
1778661943.324846,2631,0,7_S
1778661943.328659,2652,0,7_S
1778661943.331201,2296,0,7_S
1778661943.335361,2472,0,7_S
1778661943.335767,2909,0,7_S
1778661943.338491,2498,0,7_S
1778661943.3385432,1691,0,7_S
1778661943.3385751,1802,0,7_S
1778661943.338603,2185,0,7_S
1778661943.341176,2348,0,7_S
1778661943.342506,2258,0,7_S
1778661943.3451881,2290,0,7_S
1778661943.346592,2342,0,7_S
1778661943.354403,1814,0,7_S
1778661943.3570108,1251,0,7_S
1778661943.366891,1607,0,7_S
1778661943.366936,1646,0,7_S
1778661943.366965,1683,0,7_S
1778661943.3669918,1000,0,7_S
1778661943.367018,1226,0,7_S
1778661943.3670442,1104,0,7_S
1778661943.3670678,306,0,7_S
1778661943.367093,778,0,7_S
1778661943.373467,738,0,7_S
1778661943.373556,1187,0,7_S
1778661943.3737411,642,0,7_S
1778661943.375201,1150,0,7_S
1778661943.376589,956,0,7_S
1778661943.396062,941,0,7_S
1778661943.396357,1403,0,7_S
1778661943.3964531,1256,0,7_S
1778661943.396606,1337,0,7_S
1778661943.396637,1259,0,7_S
1778661943.3968499,1884,0,7_S
1778661943.396918,2325,0,7_S
1778661943.397064,1643,0,7_S
1778661943.397116,1642,0,7_S
1778661943.3971531,1930,0,7_S
1778661943.4003851,1822,0,7_S
1778661943.400512,1761,0,7_S
1778661943.402843,1710,0,7_S
1778661943.434548,1585,0,7_S
1778661943.437105,1712,0,7_S
1778661943.4373,1770,0,7_S
1778661943.4499042,1767,0,7_S
1778661943.4521952,1992,0,7_S
1778661943.453608,2322,0,7_S
1778661943.4568279,2343,0,7_S
1778661943.457147,2328,0,7_S
1778661943.4615412,2346,0,7_S
1778661943.463865,1934,0,7_S
1778661943.4646862,2093,0,7_S
1778661943.464784,2229,0,7_S
1778661943.464851,2333,0,7_S
1778661943.4649,2159,0,7_S
1778661943.46493,1788,0,7_S
1778661943.464959,2020,0,7_S
1778661943.4650161,2382,0,7_S
1778661943.46507,2368,0,7_S
1778661943.4651,2168,0,7_S
1778661943.4651709,2052,0,7_S
1778661943.465239,2243,0,7_S
1778661943.465268,2241,0,7_S
1778661943.465337,2188,0,7_S
1778661943.465368,2161,0,7_S
1778661943.465427,2546,0,7_S
1778661943.465515,2383,0,7_S
1778661943.465546,1460,0,7_S
1778661943.465573,2180,0,7_S
1778661943.465599,2665,0,7_S
1778661943.465624,3197,0,7_S
1778661943.4656498,1638,0,7_S
1778661943.4670022,1791,0,7_S
1778661943.4683352,2680,0,7_S
1778661943.4709508,2658,0,7_S
1778661943.472346,1368,0,7_S
1778661943.475192,1668,0,7_S
1778661943.4839392,2937,0,7_S
1778661943.48881,3228,0,7_S
1778661943.4972422,3145,0,7_S
1778661943.497291,2602,0,7_S
1778661943.497321,2351,0,7_S
1778661943.497349,2947,0,7_S
1778661943.497376,3453,0,7_S
1778661943.4974022,3227,0,7_S
1778661943.497429,3093,0,7_S
1778661943.4974551,3158,0,7_S
1778661943.4974809,3450,0,7_S
1778661943.498945,2479,0,7_S
1778661943.500306,2665,0,7_S
1778661943.5071318,3842,0,7_S
1778661943.508574,3591,0,7_S
1778661943.511853,3227,0,7_S
1778661943.512921,3802,0,7_S
1778661943.513071,3572,0,7_S
1778661943.514087,3711,0,7_S
1778661943.514714,3535,0,7_S
1778661943.517146,3496,0,7_S
1778661943.521418,1946,0,7_S
1778661943.521885,2307,0,7_S
1778661943.524352,2389,0,7_S
1778661943.524585,1918,0,7_S
1778661943.527235,1344,0,7_S
1778661943.528682,1381,0,7_S
1778661943.5314162,2100,0,7_S
1778661943.53281,1778,0,7_S
1778661943.534251,1060,0,7_S
1778661943.5432692,1458,0,7_S
1778661943.543551,1704,0,7_S
1778661943.546219,1810,0,7_S
1778661943.546759,1732,0,7_S
1778661943.546852,1636,0,7_S
1778661943.547877,1749,0,7_S
1778661943.554792,1670,0,7_S
1778661943.55534,1555,0,7_S
1778661943.555547,1566,0,7_S
1778661943.555671,1814,0,7_S
1778661943.558099,1897,0,7_S
1778661943.5581708,1948,0,7_S
1778661943.560791,1751,0,7_S
1778661943.562193,1797,0,7_S
1778661943.568393,1816,0,7_S
1778661943.5689962,1727,0,7_S
1778661943.570681,1503,0,7_S
1778661943.572258,1680,0,7_S
1778661943.5727391,1824,0,7_S
1778661943.575111,1281,0,7_S
1778661943.577305,1858,0,7_S
1778661943.58401,2048,0,7_S
1778661943.5841238,1813,0,7_S
1778661943.584179,1594,0,7_S
1778661943.584228,1537,0,7_S
1778661943.5869088,1230,0,7_S
1778661943.5884118,1522,0,7_S
1778661943.591053,1732,0,7_S
1778661943.5923789,1605,0,7_S
1778661943.600221,1479,0,7_S
1778661943.602731,1582,0,7_S
1778661943.605531,1632,0,7_S
1778661943.6066089,1529,0,7_S
1778661943.607306,1463,0,7_S
1778661943.6100638,1694,0,7_S
1778661943.614646,1863,0,7_S
1778661943.6148748,1845,0,7_S
1778661943.615402,1682,0,7_S
1778661943.615577,1786,0,7_S
1778661943.6182048,1656,0,7_S
1778661943.618277,1526,0,7_S
1778661943.618328,1830,0,7_S
1778661943.620953,1845,0,7_S
1778661943.6224809,1920,0,7_S
1778661943.631157,1912,0,7_S
1778661943.632368,1847,0,7_S
1778661943.632682,1827,0,7_S
1778661943.639466,1847,0,7_S
1778661943.644059,1834,0,7_S
1778661943.6447518,1647,0,7_S
1778661943.647677,1653,0,7_S
1778661943.648056,1857,0,7_S
1778661943.648143,1998,0,7_S
1778661943.6482098,1767,0,7_S
1778661943.64826,1618,0,7_S
1778661943.6483068,2035,0,7_S
1778661943.648353,1940,0,7_S
1778661943.651017,1781,0,7_S
1778661943.6524212,1610,0,7_S
1778661943.6550982,1607,0,7_S
1778661943.656375,1598,0,7_S
1778661943.659188,2044,0,7_S
1778661943.666302,1975,0,7_S
1778661943.668278,1884,0,7_S
1778661943.670878,1867,0,7_S
1778661943.672472,1750,0,7_S
1778661943.674124,1611,0,7_S
1778661943.68028,1774,0,7_S
1778661943.680653,1915,0,7_S
1778661943.6810791,1886,0,7_S
1778661943.68172,1809,0,7_S
1778661943.6820312,1898,0,7_S
1778661943.682137,1959,0,7_S
1778661943.684426,1851,0,7_S
1778661943.684722,1657,0,7_S
1778661943.6862268,1667,0,7_S
1778661943.688879,1907,0,7_S
1778661943.695534,1813,0,7_S
1778661943.6960971,1890,0,7_S
1778661943.696587,1993,0,7_S
1778661943.696772,1957,0,7_S
1778661943.698346,1816,0,7_S
1778661943.700479,1695,0,7_S
1778661943.704803,1748,0,7_S
1778661943.705055,2060,0,7_S
1778661943.7098482,1975,0,7_S
1778661943.709997,1682,0,7_S
1778661943.710316,1935,0,7_S
1778661943.7127402,1998,0,7_S
1778661943.714119,1986,0,7_S
1778661943.7167501,1839,0,7_S
1778661943.718107,1609,0,7_S
1778661943.720766,1887,0,7_S
1778661943.7221289,2026,0,7_S
1778661943.730409,2017,0,7_S
1778661943.731454,1928,0,7_S
1778661943.733226,1938,0,7_S
1778661943.735832,2056,0,7_S
1778661943.737438,2031,0,7_S
1778661943.7387211,1817,0,7_S
1778661943.741206,1797,0,7_S
1778661943.741476,1975,0,7_S
1778661943.7417102,2047,0,7_S
1778661943.7465758,2033,0,7_S
1778661943.747225,1967,0,7_S
1778661943.749569,2047,0,7_S
1778661943.7505338,2009,0,7_S
1778661943.750601,1852,0,7_S
1778661943.7532392,1820,0,7_S
1778661943.754789,2039,0,7_S
1778661943.761269,2060,0,7_S
1778661943.763991,1967,0,7_S
1778661943.764235,1934,0,7_S
1778661943.764451,2104,0,7_S
1778661943.764605,2079,0,7_S
1778661943.766161,1959,0,7_S
1778661943.771216,1825,0,7_S
1778661943.775862,1934,0,7_S
1778661943.7766342,2043,0,7_S
1778661943.7786171,2136,0,7_S
1778661943.7792268,2151,0,7_S
1778661943.779388,2118,0,7_S
1778661943.780734,2107,0,7_S
1778661943.782084,1915,0,7_S
1778661943.784495,1891,0,7_S
1778661943.787125,1912,0,7_S
1778661943.788456,2050,0,7_S
1778661943.7910998,2116,0,7_S
1778661943.79866,2162,0,7_S
1778661943.800451,2036,0,7_S
1778661943.802538,2083,0,7_S
1778661943.802711,2084,0,7_S
1778661943.8036091,1920,0,7_S
1778661943.804449,1795,0,7_S
1778661943.8065379,2042,0,7_S
1778661943.806727,2074,0,7_S
1778661943.809082,2066,0,7_S
1778661943.813768,2005,0,7_S
1778661943.81425,2111,0,7_S
1778661943.814569,2162,0,7_S
1778661943.816941,2012,0,7_S
1778661943.81828,1853,0,7_S
1778661943.82098,1994,0,7_S
1778661943.822475,2087,0,7_S
1778661943.8286521,2086,0,7_S
1778661943.83186,2010,0,7_S
1778661943.8340192,2047,0,7_S
1778661943.836684,2142,0,7_S
1778661943.8391979,2066,0,7_S
1778661943.844054,1923,0,7_S
1778661943.844548,1971,0,7_S
1778661943.8447502,2174,0,7_S
1778661943.846941,2184,0,7_S
1778661943.847709,1924,0,7_S
1778661943.8477912,1793,0,7_S
1778661943.847845,2090,0,7_S
1778661943.84921,2062,0,7_S
1778661943.850631,1950,0,7_S
1778661943.853271,1821,0,7_S
1778661943.8546062,1905,0,7_S
1778661943.8571808,2122,0,7_S
1778661943.858485,2293,0,7_S
1778661943.864266,1905,0,7_S
1778661943.8643851,2177,0,7_S
1778661943.864929,1962,0,7_S
1778661943.867637,1884,0,7_S
1778661943.870111,1884,0,7_S
1778661943.870647,1808,0,7_S
1778661943.8745768,1866,0,7_S
1778661943.881446,1951,0,7_S
1778661943.881769,2022,0,7_S
1778661943.8819468,2661,0,7_S
1778661943.882143,2831,0,7_S
1778661943.882207,2159,0,7_S
1778661943.884872,1850,0,7_S
1778661943.886247,2143,0,7_S
1778661943.8931441,2400,0,7_S
1778661943.896089,2239,0,7_S
1778661943.8986828,2106,0,7_S
1778661943.898916,2036,0,7_S
1778661943.900063,2302,0,7_S
1778661943.9010718,2391,0,7_S
1778661943.9040189,2173,0,7_S
1778661943.9087548,1937,0,7_S
1778661943.9093068,2396,0,7_S
1778661943.9097102,2268,0,7_S
1778661943.910008,2365,0,7_S
1778661943.910228,2565,0,7_S
1778661943.912746,2119,0,7_S
1778661943.915573,2587,0,7_S
1778661943.917086,2517,0,7_S
1778661943.918485,1909,0,7_S
1778661943.921049,2295,0,7_S
1778661943.9222221,2667,0,7_S
1778661943.931243,2586,0,7_S
1778661943.9329002,2120,0,7_S
1778661943.933503,2204,0,7_S
1778661943.935519,2359,0,7_S
1778661943.938346,2477,0,7_S
1778661943.9391649,2273,0,7_S
1778661943.945375,2221,0,7_S
1778661943.945971,2086,0,7_S
1778661943.948501,2309,0,7_S
1778661943.9492638,2341,0,7_S
1778661943.9493408,2415,0,7_S
1778661943.949423,2335,0,7_S
1778661943.9495108,2298,0,7_S
1778661943.951018,2264,0,7_S
1778661943.9521668,2066,0,7_S
1778661943.959232,2131,0,7_S
1778661943.960968,2166,0,7_S
1778661943.9634979,2560,0,7_S
1778661943.969902,1879,0,7_S
1778661943.974226,2372,0,7_S
1778661943.9747221,2766,0,7_S
1778661943.9750211,2296,0,7_S
1778661943.975428,1823,0,7_S
1778661943.975785,1973,0,7_S
1778661943.978427,2319,0,7_S
1778661943.978519,2504,0,7_S
1778661943.978573,2370,0,7_S
1778661943.978622,2199,0,7_S
1778661943.980039,2160,0,7_S
1778661943.982674,1969,0,7_S
1778661943.984046,2294,0,7_S
1778661943.987011,2037,0,7_S
1778661943.988915,2407,0,7_S
1778661944.0335329,2016,0,7_S
1778661944.033609,2106,0,7_S
1778661944.0336452,2150,0,7_S
1778661944.03368,2133,0,7_S
1778661944.033823,2015,0,7_S
1778661944.033925,1894,0,7_S
1778661944.033965,1827,0,7_S
1778661944.034,2120,0,7_S
1778661944.0340312,2338,0,7_S
1778661944.034137,2276,0,7_S
1778661944.0342479,2151,0,7_S
1778661944.034344,2135,0,7_S
1778661944.034431,2142,0,7_S
1778661944.034566,1970,0,7_S
1778661944.034663,1809,0,7_S
1778661944.034697,2112,0,7_S
1778661944.0347269,2077,0,7_S
1778661944.0347562,2252,0,7_S
1778661944.034785,2044,0,7_S
1778661944.034862,1976,0,7_S
1778661944.0349288,2182,0,7_S
1778661944.035017,2112,0,7_S
1778661944.035103,2143,0,7_S
1778661944.036418,1963,0,7_S
1778661944.048958,1876,0,7_S
1778661944.05513,1996,0,7_S
1778661944.055649,2144,0,7_S
1778661944.0559008,2296,0,7_S
1778661944.0560262,2367,0,7_S
1778661944.058413,1934,0,7_S
1778661944.058483,1899,0,7_S
1778661944.058516,1893,0,7_S
1778661944.058547,2070,0,7_S
1778661944.0585752,2135,0,7_S
1778661944.058604,2150,0,7_S
1778661944.060092,1934,0,7_S
1778661944.063183,2052,0,7_S
1778661944.0689542,2142,0,7_S
1778661944.070533,2050,0,7_S
1778661944.072164,1847,0,7_S
1778661944.0723,1858,0,7_S
1778661944.0728362,2143,0,7_S
1778661944.075336,2142,0,7_S
1778661944.0793111,2155,0,7_S
1778661944.0830379,2046,0,7_S
1778661944.083356,2199,0,7_S
1778661944.083589,2163,0,7_S
1778661944.086411,2002,0,7_S
1778661944.08653,2013,0,7_S
1778661944.088011,1996,0,7_S
1778661944.090732,2104,0,7_S
1778661944.0920708,2312,0,7_S
1778661944.0947058,2149,0,7_S
1778661944.097109,2288,0,7_S
1778661944.103323,2058,0,7_S
1778661944.103613,1831,0,7_S
1778661944.105251,1852,0,7_S
1778661944.106863,2015,0,7_S
1778661944.109249,2022,0,7_S
1778661944.110501,2053,0,7_S
1778661944.112138,1916,0,7_S
1778661944.112349,2017,0,7_S
1778661944.1183639,2280,0,7_S
1778661944.1191528,2237,0,7_S
1778661944.121485,1934,0,7_S
1778661944.1222458,1893,0,7_S
1778661944.122314,2016,0,7_S
1778661944.1249862,2169,0,7_S
1778661944.126328,2118,0,7_S
1778661944.1341078,2108,0,7_S
1778661944.138433,2125,0,7_S
1778661944.139134,2044,0,7_S
1778661944.1411798,1949,0,7_S
1778661944.1467898,1929,0,7_S
1778661944.147497,2161,0,7_S
1778661944.147617,2118,0,7_S
1778661944.1499689,2125,0,7_S
1778661944.150069,2105,0,7_S
1778661944.150124,2198,0,7_S
1778661944.150172,2079,0,7_S
1778661944.15022,1878,0,7_S
1778661944.152873,1840,0,7_S
1778661944.1542258,2247,0,7_S
1778661944.1568792,2250,0,7_S
1778661944.1580422,2039,0,7_S
1778661944.160432,1823,0,7_S
1778661944.167382,2038,0,7_S
1778661944.1699998,2099,0,7_S
1778661944.170471,1986,0,7_S
1778661944.172731,1851,0,7_S
1778661944.1742852,1904,0,7_S
1778661944.175387,2042,0,7_S
1778661944.175978,2139,0,7_S
1778661944.176647,2104,0,7_S
1778661944.1784441,2103,0,7_S
1778661944.181838,2179,0,7_S
1778661944.182045,2095,0,7_S
1778661944.184778,1938,0,7_S
1778661944.186121,1840,0,7_S
1778661944.188801,2027,0,7_S
1778661944.1956868,2201,0,7_S
1778661944.196197,2099,0,7_S
1778661944.197813,2080,0,7_S
1778661944.197972,2191,0,7_S
1778661944.198464,2098,0,7_S
1778661944.20126,1977,0,7_S
1778661944.20301,1954,0,7_S
1778661944.205289,1958,0,7_S
1778661944.208287,2069,0,7_S
1778661944.2085812,2132,0,7_S
1778661944.210716,1978,0,7_S
1778661944.212055,1987,0,7_S
1778661944.214703,2143,0,7_S
1778661944.2160451,2053,0,7_S
1778661944.2187572,1887,0,7_S
1778661944.2201312,1872,0,7_S
1778661944.2278452,2020,0,7_S
1778661944.228492,2110,0,7_S
1778661944.2296598,2079,0,7_S
1778661944.231902,2154,0,7_S
1778661944.232168,2130,0,7_S
1778661944.234825,2092,0,7_S
1778661944.235005,2002,0,7_S
1778661944.237131,2019,0,7_S
1778661944.243266,2097,0,7_S
1778661944.243527,1711,0,7_S
1778661944.243878,2074,0,7_S
1778661944.244458,2158,0,7_S
1778661944.2465,2060,0,7_S
1778661944.249156,2147,0,7_S
1778661944.250519,2073,0,7_S
1778661944.259864,1765,0,7_S
1778661944.2615712,2015,0,7_S
1778661944.261854,2170,0,7_S
1778661944.2619882,2189,0,7_S
1778661944.2641642,2092,0,7_S
1778661944.264927,2083,0,7_S
1778661944.266099,2166,0,7_S
1778661944.2669172,2094,0,7_S
1778661944.27347,1914,0,7_S
1778661944.273819,2055,0,7_S
1778661944.274271,2088,0,7_S
1778661944.274522,2117,0,7_S
1778661944.277493,2126,0,7_S
1778661944.278862,2064,0,7_S
1778661944.280234,2118,0,7_S
1778661944.2828538,2167,0,7_S
1778661944.28423,1928,0,7_S
1778661944.286889,2074,0,7_S
1778661944.288286,2125,0,7_S
1778661944.29615,2108,0,7_S
1778661944.299519,2164,0,7_S
1778661944.301242,1944,0,7_S
1778661944.301823,2111,0,7_S
1778661944.303392,2165,0,7_S
1778661944.303643,1916,0,7_S
1778661944.3055758,1760,0,7_S
1778661944.307446,1996,0,7_S
1778661944.310633,2131,0,7_S
1778661944.3109918,2202,0,7_S
1778661944.3111832,2051,0,7_S
1778661944.313961,2078,0,7_S
1778661944.314048,2320,0,7_S
1778661944.3167129,2110,0,7_S
1778661944.318038,1833,0,7_S
1778661944.3253398,1780,0,7_S
1778661944.328365,2045,0,7_S
1778661944.328686,2145,0,7_S
1778661944.331362,2225,0,7_S
1778661944.332653,2053,0,7_S
1778661944.333366,2143,0,7_S
1778661944.3340101,2122,0,7_S
1778661944.3347561,1923,0,7_S
1778661944.3372102,1826,0,7_S
1778661944.3405812,2066,0,7_S
1778661944.341058,2014,0,7_S
1778661944.3441339,2070,0,7_S
1778661944.344216,1970,0,7_S
1778661944.346669,2085,0,7_S
1778661944.348089,2186,0,7_S
1778661944.350764,1859,0,7_S
1778661944.352104,1808,0,7_S
1778661944.3547,2029,0,7_S
1778661944.356208,2146,0,7_S
1778661944.364251,2174,0,7_S
1778661944.3665211,2049,0,7_S
1778661944.366744,2064,0,7_S
1778661944.3670452,2179,0,7_S
1778661944.370338,2025,0,7_S
1778661944.372569,1909,0,7_S
1778661944.374596,1936,0,7_S
1778661944.377888,2094,0,7_S
1778661944.3781528,2169,0,7_S
1778661944.378455,2133,0,7_S
1778661944.378773,2062,0,7_S
1778661944.381821,2180,0,7_S
1778661944.381904,2191,0,7_S
1778661944.38456,1889,0,7_S
1778661944.3870609,1775,0,7_S
1778661944.3963149,2061,0,7_S
1778661944.3969128,2125,0,7_S
1778661944.400003,2090,0,7_S
1778661944.400705,2093,0,7_S
1778661944.40144,2086,0,7_S
1778661944.4026198,2101,0,7_S
1778661944.408125,1998,0,7_S
1778661944.4086668,1875,0,7_S
1778661944.408965,2014,0,7_S
1778661944.409385,2124,0,7_S
1778661944.4095309,2132,0,7_S
1778661944.4114938,2029,0,7_S
1778661944.4128,2061,0,7_S
1778661944.4141068,2092,0,7_S
1778661944.4166641,2098,0,7_S
1778661944.417977,1917,0,7_S
1778661944.4206002,1936,0,7_S
1778661944.42192,2091,0,7_S
1778661944.4284859,2186,0,7_S
1778661944.428573,2112,0,7_S
1778661944.428693,2061,0,7_S
1778661944.430722,2201,0,7_S
1778661944.432225,2059,0,7_S
1778661944.436576,1884,0,7_S
1778661944.438389,1990,0,7_S
1778661944.438876,2311,0,7_S
1778661944.440555,1869,0,7_S
1778661944.443904,2039,0,7_S
1778661944.444144,1903,0,7_S
1778661944.446568,2035,0,7_S
1778661944.4481652,2154,0,7_S
1778661944.45079,2284,0,7_S
1778661944.458689,2028,0,7_S
1778661944.4604511,2226,0,7_S
1778661944.47,1755,0,7_S
1778661944.47043,1687,0,7_S
1778661944.472831,1976,0,7_S
1778661944.473687,2521,0,7_S
1778661944.47407,2130,0,7_S
1778661944.474144,1143,0,7_S
1778661944.474197,2194,0,7_S
1778661944.47425,2491,0,7_S
1778661944.474307,2290,0,7_S
1778661944.474355,1593,0,7_S
1778661944.477031,2326,0,7_S
1778661944.4783292,2525,0,7_S
1778661944.4801059,2415,0,7_S
1778661944.483226,1486,0,7_S
1778661944.484604,1905,0,7_S
1778661944.492268,1510,0,7_S
1778661944.4924648,2128,0,7_S
1778661944.494679,2140,0,7_S
1778661944.496972,2113,0,7_S
1778661944.497783,2219,0,7_S
1778661944.499017,1636,0,7_S
1778661944.5001569,2616,0,7_S
1778661944.5003898,2106,0,7_S
1778661944.502634,1742,0,7_S
1778661944.506171,2068,0,7_S
1778661944.506568,1949,0,7_S
1778661944.509173,2210,0,7_S
1778661944.5105422,1997,0,7_S
1778661944.511909,2132,0,7_S
1778661944.519511,2122,0,7_S
1778661944.5229619,1790,0,7_S
1778661944.5256598,1912,0,7_S
1778661944.527393,2063,0,7_S
1778661944.530886,2369,0,7_S
1778661944.5338812,1316,0,7_S
1778661944.534776,1811,0,7_S
1778661944.5372858,3541,0,7_S
1778661944.537338,2422,0,7_S
1778661944.5373702,1131,0,7_S
1778661944.5374,1936,0,7_S
1778661944.537429,2301,0,7_S
1778661944.53881,2184,0,7_S
1778661944.540246,1834,0,7_S
1778661944.5428622,2074,0,7_S
1778661944.54423,2088,0,7_S
1778661944.546869,2585,0,7_S
1778661944.5484512,1369,0,7_S
1778661944.5542521,2207,0,7_S
1778661944.555959,1609,0,7_S
1778661944.557567,2134,0,7_S
1778661944.557884,1836,0,7_S
1778661944.558151,1490,0,7_S
1778661944.561124,2664,0,7_S
1778661944.5633368,1931,0,7_S
1778661944.5679328,2283,0,7_S
1778661944.5683131,2109,0,7_S
1778661944.568981,644,0,7_S
1778661944.571373,2220,0,7_S
1778661944.572777,2481,0,7_S
1778661944.5741389,1824,0,7_S
1778661944.5822358,1152,0,7_S
1778661944.5833259,2282,0,7_S
1778661944.585242,2290,0,7_S
1778661944.587629,2270,0,7_S
1778661944.588362,1348,0,7_S
1778661944.5886028,2036,0,7_S
1778661944.589272,2866,0,7_S
1778661944.5957298,1964,0,7_S
1778661944.596305,1434,0,7_S
1778661944.596548,1763,0,7_S
1778661944.596689,2022,0,7_S
1778661944.599123,2237,0,7_S
1778661944.600652,2421,0,7_S
1778661944.602015,1740,0,7_S
1778661944.604658,1407,0,7_S
1778661944.606016,2040,0,7_S
1778661944.608505,2554,0,7_S
1778661944.609867,2020,0,7_S
1778661944.615199,2558,0,7_S
1778661944.6163452,1267,0,7_S
1778661944.617459,1062,0,7_S
1778661944.6191292,1887,0,7_S
1778661944.6222951,2449,0,7_S
1778661944.623484,2528,0,7_S
1778661944.629643,2454,0,7_S
1778661944.630018,1819,0,7_S
1778661944.630534,2054,0,7_S
1778661944.633023,2322,0,7_S
1778661944.633136,1355,0,7_S
1778661944.634497,2562,0,7_S
1778661944.635871,1647,0,7_S
1778661944.64385,1140,0,7_S
1778661944.646838,1468,0,7_S
1778661944.650356,3262,0,7_S
1778661944.6520908,1342,0,7_S
1778661944.6583161,1301,0,7_S
1778661944.658518,3139,0,7_S
1778661944.658946,2344,0,7_S
1778661944.66183,1777,0,7_S
1778661944.66197,1539,0,7_S
1778661944.662036,2077,0,7_S
1778661944.66209,2325,0,7_S
1778661944.662123,1435,0,7_S
1778661944.6622238,1931,0,7_S
1778661944.664896,2350,0,7_S
1778661944.666273,1954,0,7_S
1778661944.668952,687,0,7_S
1778661944.670343,2538,0,7_S
1778661944.6730292,2920,0,7_S
1778661944.674376,1816,0,7_S
1778661944.67983,1526,0,7_S
1778661944.6804118,1602,0,7_S
1778661944.681401,2475,0,7_S
1778661944.683243,2006,0,7_S
1778661944.686688,2346,0,7_S
1778661944.688681,1009,0,7_S
1778661944.694328,1282,0,7_S
1778661944.694572,2865,0,7_S
1778661944.694774,1848,0,7_S
1778661944.6952949,2087,0,7_S
1778661944.697881,2060,0,7_S
1778661944.69793,1866,0,7_S
1778661944.700608,1574,0,7_S
1778661944.702006,2049,0,7_S
1778661944.709783,1999,0,7_S
1778661944.711911,1601,0,7_S
1778661944.712171,1108,0,7_S
1778661944.712487,1851,0,7_S
1778661944.712667,2346,0,7_S
1778661944.716597,1819,0,7_S
1778661944.718753,2113,0,7_S
1778661944.7212229,2194,0,7_S
1778661944.7248929,2274,0,7_S
1778661944.7251751,608,0,7_S
1778661944.725433,2221,0,7_S
1778661944.7282581,1490,0,7_S
1778661944.728642,2109,0,7_S
1778661944.7300239,2602,0,7_S
1778661944.732629,1660,0,7_S
1778661944.733979,1304,0,7_S
1778661944.736685,1351,0,7_S
1778661944.738061,1869,0,7_S
1778661944.753639,2951,0,7_S
1778661944.75635,2441,0,7_S
1778661944.760312,1792,0,7_S
1778661944.76066,2100,0,7_S
1778661944.761102,2060,0,7_S
1778661944.761399,1746,0,7_S
1778661944.76393,2189,0,7_S
1778661944.7642188,1801,0,7_S
1778661944.764399,1732,0,7_S
1778661944.7645462,1131,0,7_S
1778661944.764587,3383,0,7_S
1778661944.764619,3021,0,7_S
1778661944.764641,0,0,7_S
1778661944.7662761,2049,0,7_S
1778661944.7690089,2795,0,7_S
1778661944.7747872,1949,0,7_S
1778661944.776041,1634,0,7_S
1778661944.7806022,2452,0,7_S
1778661944.78191,1934,0,7_S
1778661944.783938,1980,0,7_S
1778661944.7840168,2313,0,7_S
1778661944.790532,1778,0,7_S
1778661944.791451,1585,0,7_S
1778661944.794283,2176,0,7_S
1778661944.7944,2089,0,7_S
1778661944.794472,2294,0,7_S
1778661944.7945259,2070,0,7_S
1778661944.794579,1654,0,7_S
1778661944.795995,1680,0,7_S
1778661944.79864,1261,0,7_S
1778661944.800016,2494,0,7_S
1778661944.802761,2905,0,7_S
1778661944.804123,1377,0,7_S
1778661944.8118122,2073,0,7_S
1778661944.8145971,1781,0,7_S
1778661944.8149838,2076,0,7_S
1778661944.8186738,2197,0,7_S
1778661944.8219898,2156,0,7_S
1778661944.8286211,2075,0,7_S
1778661944.828702,1994,0,7_S
1778661944.8287868,1611,0,7_S
1778661944.8288598,2205,0,7_S
1778661944.828892,2107,0,7_S
1778661944.829041,1893,0,7_S
1778661944.829101,997,0,7_S
1778661944.830461,2465,0,7_S
1778661944.831823,2846,0,7_S
1778661944.841984,2325,0,7_S
1778661944.844244,1671,0,7_S
1778661944.8470778,2042,0,7_S
1778661944.849612,2107,0,7_S
1778661944.8565,2318,0,7_S
1778661944.856618,2403,0,7_S
1778661944.856703,1810,0,7_S
1778661944.856798,2267,0,7_S
1778661944.856894,1981,0,7_S
1778661944.85702,1627,0,7_S
1778661944.857072,1953,0,7_S
1778661944.857175,2243,0,7_S
1778661944.8585658,2110,0,7_S
1778661944.859773,2309,0,7_S
1778661944.8625221,2237,0,7_S
1778661944.863909,2260,0,7_S
1778661944.866554,2118,0,7_S
1778661944.8740082,1945,0,7_S
1778661944.875242,1792,0,7_S
1778661944.877268,2158,0,7_S
1778661944.87947,2381,0,7_S
1778661944.880075,2205,0,7_S
1778661944.8806348,2180,0,7_S
1778661944.881185,2237,0,7_S
1778661944.884701,2146,0,7_S
1778661944.889058,2005,0,7_S
1778661944.892148,1886,0,7_S
1778661944.892243,2170,0,7_S
1778661944.892297,2259,0,7_S
1778661944.892378,2171,0,7_S
1778661944.893784,2109,0,7_S
1778661944.896616,2261,0,7_S
1778661944.907542,2218,0,7_S
1778661944.910035,2030,0,7_S
1778661944.91071,1887,0,7_S
1778661944.91257,1998,0,7_S
1778661944.9165561,2093,0,7_S
1778661944.917212,2178,0,7_S
1778661944.917751,2116,0,7_S
1778661944.920276,2123,0,7_S
1778661944.920434,2292,0,7_S
1778661944.920512,2216,0,7_S
1778661944.920608,2106,0,7_S
1778661944.920684,2066,0,7_S
1778661944.922032,2253,0,7_S
1778661944.92475,2405,0,7_S
1778661944.926207,2456,0,7_S
1778661944.928919,2300,0,7_S
1778661944.930308,2609,0,7_S
1778661944.931867,2943,0,7_S
1778661944.93831,2318,0,7_S
1778661944.9394372,1649,0,7_S
1778661944.941122,1850,0,7_S
1778661944.9415271,2564,0,7_S
1778661944.9435048,2503,0,7_S
1778661944.945152,1829,0,7_S
1778661944.948143,1991,0,7_S
1778661944.9522932,2243,0,7_S
1778661944.9526458,1912,0,7_S
1778661944.955679,1772,0,7_S
1778661944.9560041,1894,0,7_S
1778661944.95613,1647,0,7_S
1778661944.9588501,1664,0,7_S
1778661944.960373,1457,0,7_S
1778661944.966322,1357,0,7_S
1778661944.9697962,1124,0,7_S
1778661944.970328,1177,0,7_S
1778661944.9723892,668,0,7_S
1778661944.973294,615,0,7_S
1778661944.974068,640,0,7_S
1778661944.9745731,1447,0,7_S
1778661944.977534,1455,0,7_S
1778661944.981249,312,0,7_S
1778661944.981636,523,0,7_S
1778661944.981956,1036,0,7_S
1778661944.984378,1506,0,7_S
1778661944.9857652,1000,0,7_S
1778661944.988489,1494,0,7_S
1778661944.989939,1667,0,7_S
1778661944.99266,1643,0,7_S
1778661944.9940321,1703,0,7_S
1778661945.001129,1900,0,7_S
1778661945.0049431,1639,0,7_S
1778661945.005396,1801,0,7_S
1778661945.007896,1862,0,7_S
1778661945.008566,2000,0,7_S
1778661945.0092108,2610,0,7_S
1778661945.0102882,2340,0,7_S
1778661945.011001,1963,0,7_S
1778661945.0171661,2104,0,7_S
1778661945.017518,2434,0,7_S
1778661945.018121,2595,0,7_S
1778661945.020612,2221,0,7_S
1778661945.020736,1432,0,7_S
1778661945.022146,2143,0,7_S
1778661945.0248342,2445,0,7_S
1778661945.0312588,2101,0,7_S
1778661945.033758,2597,0,7_S
1778661945.034057,2998,0,7_S
1778661945.034245,2154,0,7_S
1778661945.036393,1857,0,7_S
1778661945.037524,2960,0,7_S
1778661945.041307,1505,0,7_S
1778661945.045635,2857,0,7_S
1778661945.046001,3781,0,7_S
1778661945.0465999,1005,0,7_S
1778661945.0468428,2589,0,7_S
1778661945.049176,3608,0,7_S
1778661945.050739,3106,0,7_S
1778661945.052106,3852,0,7_S
1778661945.054765,3302,0,7_S
1778661945.056179,2550,0,7_S
1778661945.0588841,3981,0,7_S
1778661945.0603142,4095,0,7_S
1778661945.065762,3816,0,7_S
1778661945.069053,3221,0,7_S
1778661945.0708742,3649,0,7_S
1778661945.070946,3854,0,7_S
1778661945.07152,4095,0,7_S
1778661945.073161,4095,0,7_S
1778661945.0800488,4095,0,7_S
1778661945.0802848,3784,0,7_S
1778661945.0806558,4095,0,7_S
1778661945.080765,3879,0,7_S
1778661945.083112,2875,0,7_S
1778661945.084378,2700,0,7_S
1778661945.08606,2401,0,7_S
1778661945.0963478,1289,0,7_S
1778661945.09649,1012,0,7_S
1778661945.096632,968,0,7_S
1778661945.096944,945,0,7_S
1778661945.098992,969,0,7_S
1778661945.099635,1095,0,7_S
1778661945.100725,982,0,7_S
1778661945.11197,747,0,7_S
1778661945.112025,865,0,7_S
1778661945.112061,1013,0,7_S
1778661945.112092,1045,0,7_S
1778661945.1121228,1022,0,7_S
1778661945.112153,1212,0,7_S
1778661945.11484,1309,0,7_S
1778661945.116232,1235,0,7_S
1778661945.118928,1126,0,7_S
1778661945.120828,968,0,7_S
1778661945.122278,1416,0,7_S
1778661945.128552,1572,0,7_S
1778661945.12911,1512,0,7_S
1778661945.131093,1411,0,7_S
1778661945.131229,1580,0,7_S
1778661945.13569,1660,0,7_S
1778661945.136771,1527,0,7_S
1778661945.1386628,1477,0,7_S
1778661945.138871,1690,0,7_S
1778661945.143677,1787,0,7_S
1778661945.1438878,1819,0,7_S
1778661945.144115,1709,0,7_S
1778661945.148412,1879,0,7_S
1778661945.148484,2051,0,7_S
1778661945.150125,1887,0,7_S
1778661945.152838,1637,0,7_S
1778661945.158536,1768,0,7_S
1778661945.163614,1886,0,7_S
1778661945.1680262,1926,0,7_S
1778661945.1723368,1936,0,7_S
1778661945.172523,1869,0,7_S
1778661945.172986,1987,0,7_S
1778661945.173302,1922,0,7_S
1778661945.17363,1764,0,7_S
1778661945.173764,1540,0,7_S
1778661945.1742542,1787,0,7_S
1778661945.1766489,2080,0,7_S
1778661945.176975,1990,0,7_S
1778661945.178325,1916,0,7_S
1778661945.1797178,1955,0,7_S
1778661945.182406,2005,0,7_S
1778661945.18376,1721,0,7_S
1778661945.186424,1729,0,7_S
1778661945.187753,2038,0,7_S
1778661945.195107,2009,0,7_S
1778661945.197441,1955,0,7_S
1778661945.200346,1818,0,7_S
1778661945.2005298,1978,0,7_S
1778661945.201644,2075,0,7_S
1778661945.201905,1903,0,7_S
1778661945.2029388,1622,0,7_S
1778661945.205225,1854,0,7_S
1778661945.20996,1967,0,7_S
1778661945.210279,2044,0,7_S
1778661945.210631,1958,0,7_S
1778661945.212485,1721,0,7_S
1778661945.2139342,2152,0,7_S
1778661945.216579,2039,0,7_S
1778661945.218185,1804,0,7_S
1778661945.223637,1758,0,7_S
1778661945.224735,1933,0,7_S
1778661945.224931,1982,0,7_S
1778661945.226912,1991,0,7_S
1778661945.2292821,1912,0,7_S
1778661945.2336261,2041,0,7_S
1778661945.23794,2008,0,7_S
1778661945.238291,1869,0,7_S
1778661945.23881,1700,0,7_S
1778661945.239281,1920,0,7_S
1778661945.24191,2116,0,7_S
1778661945.2419782,2025,0,7_S
1778661945.2446668,1883,0,7_S
1778661945.246012,1970,0,7_S
1778661945.248657,2018,0,7_S
1778661945.2500212,1997,0,7_S
1778661945.2524009,1806,0,7_S
1778661945.25925,1869,0,7_S
1778661945.261882,2064,0,7_S
1778661945.262269,2113,0,7_S
1778661945.2638772,1972,0,7_S
1778661945.264462,2016,0,7_S
1778661945.265012,2126,0,7_S
1778661945.267216,2018,0,7_S
1778661945.269551,1840,0,7_S
1778661945.2741408,1809,0,7_S
1778661945.274379,2044,0,7_S
1778661945.274749,2136,0,7_S
1778661945.277367,1940,0,7_S
1778661945.278761,1912,0,7_S
1778661945.2801678,2171,0,7_S
1778661945.281656,2149,0,7_S
1778661945.288021,1959,0,7_S
1778661945.289129,1826,0,7_S
1778661945.2892659,1957,0,7_S
1778661945.291272,2034,0,7_S
1778661945.292895,2078,0,7_S
1778661945.294477,1977,0,7_S
1778661945.2961762,2033,0,7_S
1778661945.30209,2136,0,7_S
1778661945.302517,2010,0,7_S
1778661945.3028321,1806,0,7_S
1778661945.305668,1855,0,7_S
1778661945.3057668,2025,0,7_S
1778661945.3084989,2112,0,7_S
1778661945.310387,2050,0,7_S
1778661945.312583,2062,0,7_S
1778661945.323267,2202,0,7_S
1778661945.325635,2123,0,7_S
1778661945.328053,1976,0,7_S
1778661945.332469,1945,0,7_S
1778661945.3327491,2155,0,7_S
1778661945.337582,2222,0,7_S
1778661945.337877,2251,0,7_S
1778661945.3381178,2258,0,7_S
1778661945.338513,2349,0,7_S
1778661945.341121,2191,0,7_S
1778661945.341195,1936,0,7_S
1778661945.341245,1798,0,7_S
1778661945.3412921,1970,0,7_S
1778661945.341344,2138,0,7_S
1778661945.3426712,2133,0,7_S
1778661945.3440251,1982,0,7_S
1778661945.3510358,2090,0,7_S
1778661945.3521512,2158,0,7_S
1778661945.354764,2024,0,7_S
1778661945.355124,1943,0,7_S
1778661945.358387,2005,0,7_S
1778661945.370543,2132,0,7_S
1778661945.3706062,2189,0,7_S
1778661945.370646,2110,0,7_S
1778661945.370684,2079,0,7_S
1778661945.3707561,2168,0,7_S
1778661945.3707929,2114,0,7_S
1778661945.37083,1946,0,7_S
1778661945.3708642,1893,0,7_S
1778661945.3722749,2126,0,7_S
1778661945.373674,2174,0,7_S
1778661945.3762,2159,0,7_S
1778661945.3789241,2038,0,7_S
1778661945.3802722,2111,0,7_S
1778661945.389069,2080,0,7_S
1778661945.391031,1990,0,7_S
1778661945.394937,1901,0,7_S
1778661945.395605,2029,0,7_S
1778661945.395817,2111,0,7_S
1778661945.3964748,2106,0,7_S
1778661945.398874,1921,0,7_S
1778661945.399176,2126,0,7_S
1778661945.4037702,2294,0,7_S
1778661945.404213,2074,0,7_S
1778661945.405498,1755,0,7_S
1778661945.4056242,1957,0,7_S
1778661945.407988,2054,0,7_S
1778661945.408227,2224,0,7_S
1778661945.409646,2132,0,7_S
1778661945.412373,2039,0,7_S
1778661945.4184608,2119,0,7_S
1778661945.422217,2233,0,7_S
1778661945.422488,2212,0,7_S
1778661945.424659,2123,0,7_S
1778661945.426256,1868,0,7_S
1778661945.426888,2136,0,7_S
1778661945.428067,2203,0,7_S
1778661945.4288151,2156,0,7_S
1778661945.434979,2171,0,7_S
1778661945.4352279,2194,0,7_S
1778661945.435542,2032,0,7_S
1778661945.435937,1927,0,7_S
1778661945.438726,2095,0,7_S
1778661945.440105,2198,0,7_S
1778661945.4428082,2219,0,7_S
1778661945.444211,2161,0,7_S
1778661945.445655,2199,0,7_S
1778661945.448142,2169,0,7_S
1778661945.450826,2062,0,7_S
1778661945.457396,1934,0,7_S
1778661945.458137,1990,0,7_S
1778661945.4588149,2156,0,7_S
1778661945.459983,2183,0,7_S
1778661945.461719,2137,0,7_S
1778661945.462098,2072,0,7_S
1778661945.466222,2189,0,7_S
1778661945.466339,2105,0,7_S
1778661945.469752,1922,0,7_S
1778661945.469918,1880,0,7_S
1778661945.477876,2065,0,7_S
1778661945.47794,2138,0,7_S
1778661945.4779751,2144,0,7_S
1778661945.4780102,2130,0,7_S
1778661945.480709,2177,0,7_S
1778661945.482114,2092,0,7_S
1778661945.4903932,2054,0,7_S
1778661945.492217,1966,0,7_S
1778661945.4939032,1974,0,7_S
1778661945.498222,2065,0,7_S
1778661945.500237,2106,0,7_S
1778661945.500708,2031,0,7_S
1778661945.5055912,2072,0,7_S
1778661945.506082,2156,0,7_S
1778661945.5063229,2071,0,7_S
1778661945.506547,1884,0,7_S
1778661945.506698,1979,0,7_S
1778661945.507134,2150,0,7_S
1778661945.5096881,2206,0,7_S
1778661945.5099578,2153,0,7_S
1778661945.512705,2026,0,7_S
1778661945.514069,2190,0,7_S
1778661945.516701,2193,0,7_S
1778661945.518038,1963,0,7_S
1778661945.520654,1898,0,7_S
1778661945.526643,2101,0,7_S
1778661945.527578,2083,0,7_S
1778661945.527736,2282,0,7_S
1778661945.528341,2276,0,7_S
1778661945.5302432,1961,0,7_S
1778661945.5325902,2044,0,7_S
1778661945.534593,1978,0,7_S
1778661945.5367198,1793,0,7_S
1778661945.540687,1928,0,7_S
1778661945.5409641,2129,0,7_S
1778661945.5434198,2060,0,7_S
1778661945.5436301,2153,0,7_S
1778661945.546208,2077,0,7_S
1778661945.54754,1951,0,7_S
1778661945.554235,1981,0,7_S
1778661945.554889,2150,0,7_S
1778661945.5564318,1961,0,7_S
1778661945.556821,2045,0,7_S
1778661945.5581849,2169,0,7_S
1778661945.56005,2116,0,7_S
1778661945.563147,2268,0,7_S
1778661945.5669508,2517,0,7_S
1778661945.567126,2140,0,7_S
1778661945.570121,1610,0,7_S
1778661945.570293,1971,0,7_S
1778661945.5717309,2104,0,7_S
1778661945.5743098,2155,0,7_S
1778661945.5756118,2051,0,7_S
1778661945.5782459,2088,0,7_S
1778661945.579582,2302,0,7_S
1778661945.5855098,2086,0,7_S
1778661945.5855842,1996,0,7_S
1778661945.587878,1971,0,7_S
1778661945.588025,2188,0,7_S
1778661945.5897589,1997,0,7_S
1778661945.59166,2571,0,7_S
1778661945.5992682,2619,0,7_S
1778661945.599512,1614,0,7_S
1778661945.599755,2050,0,7_S
1778661945.599991,2232,0,7_S
1778661945.6027431,1935,0,7_S
1778661945.603987,1823,0,7_S
1778661945.606762,1974,0,7_S
1778661945.61284,2169,0,7_S
1778661945.613892,2144,0,7_S
1778661945.614443,1995,0,7_S
1778661945.614975,2288,0,7_S
1778661945.616467,2153,0,7_S
1778661945.6229591,2220,0,7_S
1778661945.623241,2274,0,7_S
1778661945.6270342,2423,0,7_S
1778661945.6272142,1987,0,7_S
1778661945.6275609,2050,0,7_S
1778661945.627792,2138,0,7_S
1778661945.629736,2282,0,7_S
1778661945.632853,2255,0,7_S
1778661945.634156,2158,0,7_S
1778661945.635645,1960,0,7_S
1778661945.638366,2072,0,7_S
1778661945.639775,2130,0,7_S
1778661945.64721,2264,0,7_S
1778661945.660087,2080,0,7_S
1778661945.66254,2225,0,7_S
1778661945.6628218,2241,0,7_S
1778661945.6629498,2029,0,7_S
1778661945.66299,2042,0,7_S
1778661945.663158,2010,0,7_S
1778661945.663258,2144,0,7_S
1778661945.6634061,2141,0,7_S
1778661945.6635342,2076,0,7_S
1778661945.663624,2076,0,7_S
1778661945.6637042,2199,0,7_S
1778661945.6662662,2167,0,7_S
1778661945.6730812,2089,0,7_S
1778661945.674135,2048,0,7_S
1778661945.6755211,2010,0,7_S
1778661945.6756659,2017,0,7_S
1778661945.675837,2253,0,7_S
1778661945.678359,1985,0,7_S
1778661945.67976,1996,0,7_S
1778661945.681581,2075,0,7_S
1778661945.684605,1946,0,7_S
1778661945.686943,1903,0,7_S
1778661945.688253,2113,0,7_S
1778661945.689547,2136,0,7_S
1778661945.692102,2066,0,7_S
1778661945.694655,2117,0,7_S
1778661945.695947,2125,0,7_S
1778661945.701968,2230,0,7_S
1778661945.703291,2057,0,7_S
1778661945.7037828,1804,0,7_S
1778661945.705108,1860,0,7_S
1778661945.707289,2139,0,7_S
1778661945.7095091,2153,0,7_S
1778661945.711009,2134,0,7_S
1778661945.71404,2056,0,7_S
1778661945.714172,2228,0,7_S
1778661945.7163572,2187,0,7_S
1778661945.717449,1947,0,7_S
1778661945.72003,1885,0,7_S
1778661945.724778,2103,0,7_S
1778661945.725588,2164,0,7_S
1778661945.7256541,2170,0,7_S
1778661945.727981,2150,0,7_S
1778661945.731176,2069,0,7_S
1778661945.733702,2105,0,7_S
1778661945.7338612,2079,0,7_S
1778661945.737,2069,0,7_S
1778661945.739261,2050,0,7_S
1778661945.740559,1891,0,7_S
1778661945.7418492,1960,0,7_S
1778661945.744282,1994,0,7_S
1778661945.745572,1961,0,7_S
1778661945.748123,2152,0,7_S
1778661945.754156,2074,0,7_S
1778661945.755049,1934,0,7_S
1778661945.755458,1885,0,7_S
1778661945.755562,2054,0,7_S
1778661945.758162,2178,0,7_S
1778661945.760548,2255,0,7_S
1778661945.762413,2123,0,7_S
1778661945.7651992,2342,0,7_S
1778661945.7675729,1959,0,7_S
1778661945.7676082,1953,0,7_S
1778661945.770227,1949,0,7_S
1778661945.771521,2026,0,7_S
1778661945.776164,2023,0,7_S
1778661945.77624,2092,0,7_S
1778661945.7792552,2035,0,7_S
1778661945.7812622,2104,0,7_S
1778661945.782999,2181,0,7_S
1778661945.78477,2075,0,7_S
1778661945.787479,1830,0,7_S
1778661945.787564,2020,0,7_S
1778661945.790587,2039,0,7_S
1778661945.791879,2027,0,7_S
1778661945.794278,2052,0,7_S
1778661945.7955682,2122,0,7_S
1778661945.797961,2369,0,7_S
1778661945.799497,1981,0,7_S
1778661945.8051891,1645,0,7_S
1778661945.805254,1887,0,7_S
1778661945.806769,2090,0,7_S
1778661945.8088682,2099,0,7_S
1778661945.8145611,2028,0,7_S
1778661945.814694,2179,0,7_S
1778661945.81514,2320,0,7_S
1778661945.8172538,2236,0,7_S
1778661945.8176389,1777,0,7_S
1778661945.820269,1742,0,7_S
1778661945.826027,2091,0,7_S
1778661945.826446,2238,0,7_S
1778661945.827221,2120,0,7_S
1778661945.830221,1905,0,7_S
1778661945.831365,2036,0,7_S
1778661945.831748,2181,0,7_S
1778661945.833937,1785,0,7_S
1778661945.8383229,1864,0,7_S
1778661945.838728,1996,0,7_S
1778661945.840139,2319,0,7_S
1778661945.84143,2001,0,7_S
1778661945.844225,2017,0,7_S
1778661945.845597,2080,0,7_S
1778661945.8482041,2037,0,7_S
1778661945.85306,2069,0,7_S
1778661945.853861,1980,0,7_S
1778661945.854388,1938,0,7_S
1778661945.856329,2121,0,7_S
1778661945.8589928,2187,0,7_S
1778661945.8616252,2047,0,7_S
1778661945.864331,2076,0,7_S
1778661945.8647318,2237,0,7_S
1778661945.866783,2178,0,7_S
1778661945.868078,1812,0,7_S
1778661945.86961,1834,0,7_S
1778661945.875585,2075,0,7_S
1778661945.876809,2093,0,7_S
1778661945.878003,2016,0,7_S
1778661945.878161,2078,0,7_S
1778661945.879606,2076,0,7_S
1778661945.885459,2064,0,7_S
1778661945.885681,2182,0,7_S
1778661945.887778,1827,0,7_S
1778661945.8882759,1882,0,7_S
1778661945.889597,2106,0,7_S
1778661945.8921611,2111,0,7_S
1778661945.893533,2219,0,7_S
1778661945.896136,1959,0,7_S
1778661945.89743,2052,0,7_S
1778661945.902977,1969,0,7_S
1778661945.903875,1963,0,7_S
1778661945.904334,1933,0,7_S
1778661945.905665,2078,0,7_S
1778661945.909133,1991,0,7_S
1778661945.910797,2005,0,7_S
1778661945.913405,1989,0,7_S
1778661945.91363,2165,0,7_S
1778661945.915628,2175,0,7_S
1778661945.918182,1898,0,7_S
1778661945.9196749,1801,0,7_S
1778661945.9236429,2056,0,7_S
1778661945.923744,2364,0,7_S
1778661945.926135,2191,0,7_S
1778661945.9281259,1771,0,7_S
1778661945.930094,2081,0,7_S
1778661945.9315672,2183,0,7_S
1778661945.933921,2073,0,7_S
1778661945.936204,1852,0,7_S
1778661945.937512,1971,0,7_S
1778661945.940062,2052,0,7_S
1778661945.9415538,2163,0,7_S
1778661945.944149,2022,0,7_S
1778661945.945675,2096,0,7_S
1778661945.949667,2018,0,7_S
1778661945.9501498,2089,0,7_S
1778661945.953532,1909,0,7_S
1778661945.954248,1872,0,7_S
1778661945.956152,2001,0,7_S
1778661945.9598641,1939,0,7_S
1778661945.960289,2218,0,7_S
1778661945.961996,2217,0,7_S
1778661945.964589,2156,0,7_S
1778661945.965881,2120,0,7_S
1778661945.9708512,2124,0,7_S
1778661945.97173,1785,0,7_S
1778661945.972131,1981,0,7_S
1778661945.975082,1971,0,7_S
1778661945.976655,2011,0,7_S
1778661945.978372,1938,0,7_S
1778661945.980711,1997,0,7_S
1778661945.982826,2012,0,7_S
1778661945.984119,2044,0,7_S
1778661945.985464,1930,0,7_S
1778661945.98809,1977,0,7_S
1778661945.989509,2191,0,7_S
1778661945.992067,2319,0,7_S
1778661945.9976451,2138,0,7_S
1778661945.998063,2121,0,7_S
1778661945.9995892,2081,0,7_S
1778661945.999736,2068,0,7_S
1778661946.004399,1687,0,7_S
1778661946.0044758,1752,0,7_S
1778661946.00671,2207,0,7_S
1778661946.0086558,2164,0,7_S
1778661946.00996,1989,0,7_S
1778661946.0125089,1970,0,7_S
1778661946.013796,2193,0,7_S
1778661946.0163388,2151,0,7_S
1778661946.0176268,2029,0,7_S
1778661946.021933,1908,0,7_S
1778661946.022015,2056,0,7_S
1778661946.024317,2148,0,7_S
1778661946.026186,2032,0,7_S
1778661946.027968,2153,0,7_S
1778661946.031425,2076,0,7_S
1778661946.0315058,2234,0,7_S
1778661946.034427,2163,0,7_S
1778661946.035889,1795,0,7_S
1778661946.038448,1853,0,7_S
1778661946.0397482,2077,0,7_S
1778661946.042298,2158,0,7_S
1778661946.046752,2132,0,7_S
1778661946.047881,1996,0,7_S
1778661946.0479412,2160,0,7_S
1778661946.0510159,2195,0,7_S
1778661946.0526469,1976,0,7_S
1778661946.056483,1821,0,7_S
1778661946.0566468,2139,0,7_S
1778661946.058304,2161,0,7_S
1778661946.059603,2052,0,7_S
1778661946.06215,1982,0,7_S
1778661946.0635688,2193,0,7_S
1778661946.066116,2270,0,7_S
1778661946.0674071,1964,0,7_S
1778661946.0861702,1654,0,7_S
1778661946.0862038,2031,0,7_S
1778661946.086229,2113,0,7_S
1778661946.090282,2104,0,7_S
1778661946.0903108,2121,0,7_S
1778661946.090335,2126,0,7_S
1778661946.090358,2067,0,7_S
1778661946.090382,2087,0,7_S
1778661946.0904052,1944,0,7_S
1778661946.0904279,1865,0,7_S
1778661946.090451,2132,0,7_S
1778661946.091845,2135,0,7_S
1778661946.1248488,2050,0,7_S
1778661946.124982,1916,0,7_S
1778661946.125102,1991,0,7_S
1778661946.125189,2118,0,7_S
1778661946.125241,1992,0,7_S
1778661946.12538,1900,0,7_S
1778661946.1254458,2107,0,7_S
1778661946.125515,2216,0,7_S
1778661946.12557,2089,0,7_S
1778661946.125622,2035,0,7_S
1778661946.1256828,2208,0,7_S
1778661946.12572,2122,0,7_S
1778661946.12575,1982,0,7_S
1778661946.125778,1831,0,7_S
1778661946.125803,2028,0,7_S
1778661946.12583,2099,0,7_S
1778661946.125856,2125,0,7_S
1778661946.128426,2069,0,7_S
1778661946.129814,2083,0,7_S
1778661946.1342,2139,0,7_S
1778661946.1343539,2043,0,7_S
1778661946.142679,1874,0,7_S
1778661946.1428108,1950,0,7_S
1778661946.142977,2077,0,7_S
1778661946.1430788,2154,0,7_S
1778661946.14513,2078,0,7_S
1778661946.147161,2105,0,7_S
1778661946.14863,2140,0,7_S
1778661946.150926,2077,0,7_S
1778661946.152746,1972,0,7_S
1778661946.154064,1920,0,7_S
1778661946.1553652,2105,0,7_S
1778661946.157996,2124,0,7_S
1778661946.1631901,1998,0,7_S
1778661946.164345,2061,0,7_S
1778661946.164772,2305,0,7_S
1778661946.1690922,2022,0,7_S
1778661946.169513,1818,0,7_S
1778661946.170868,1744,0,7_S
1778661946.173007,2119,0,7_S
1778661946.1749172,2153,0,7_S
1778661946.1762161,2173,0,7_S
1778661946.177513,2107,0,7_S
1778661946.180253,2097,0,7_S
1778661946.181578,2164,0,7_S
1778661946.187668,2017,0,7_S
1778661946.187755,1885,0,7_S
1778661946.189537,1884,0,7_S
1778661946.189625,2101,0,7_S
1778661946.192655,2128,0,7_S
1778661946.19452,1980,0,7_S
1778661946.197768,1968,0,7_S
1778661946.198102,2149,0,7_S
1778661946.199691,2278,0,7_S
1778661946.202265,2180,0,7_S
1778661946.203562,1698,0,7_S
1778661946.208916,1587,0,7_S
1778661946.209412,2420,0,7_S
1778661946.209863,2229,0,7_S
1778661946.211473,1889,0,7_S
1778661946.214439,2279,0,7_S
1778661946.216374,1764,0,7_S
1778661946.220624,1497,0,7_S
1778661946.2207098,2469,0,7_S
1778661946.2220109,2014,0,7_S
1778661946.2233028,1510,0,7_S
1778661946.225914,2518,0,7_S
1778661946.228502,2192,0,7_S
1778661946.229792,1838,0,7_S
1778661946.233872,1932,0,7_S
1778661946.233969,2200,0,7_S
1778661946.2364202,2225,0,7_S
1778661946.239427,2019,0,7_S
1778661946.23951,1635,0,7_S
1778661946.241447,2242,0,7_S
1778661946.243685,1456,0,7_S
1778661946.24574,2202,0,7_S
1778661946.2482939,2435,0,7_S
1778661946.249581,2375,0,7_S
1778661946.2522728,1328,0,7_S
1778661946.253598,1611,0,7_S
1778661946.258674,2459,0,7_S
1778661946.259098,1952,0,7_S
1778661946.261508,1583,0,7_S
1778661946.261641,1930,0,7_S
1778661946.263904,2172,0,7_S
1778661946.265358,2060,0,7_S
1778661946.269046,1477,0,7_S
1778661946.2706602,1089,0,7_S
1778661946.271952,1882,0,7_S
1778661946.27326,2554,0,7_S
1778661946.27582,1964,0,7_S
1778661946.2772732,1065,0,7_S
1778661946.279928,1621,0,7_S
1778661946.2848861,2337,0,7_S
1778661946.286169,2081,0,7_S
1778661946.286238,1257,0,7_S
1778661946.288128,1352,0,7_S
1778661946.28999,2261,0,7_S
1778661946.291305,1717,0,7_S
1778661946.293483,2175,0,7_S
1778661946.296316,2360,0,7_S
1778661946.2976031,2124,0,7_S
1778661946.300162,1426,0,7_S
1778661946.301452,2448,0,7_S
1778661946.303998,1976,0,7_S
1778661946.308516,1881,0,7_S
1778661946.3089972,2030,0,7_S
1778661946.311095,2031,0,7_S
1778661946.312843,2006,0,7_S
1778661946.314618,1751,0,7_S
1778661946.3181162,1896,0,7_S
1778661946.3182368,1729,0,7_S
1778661946.3203452,2565,0,7_S
1778661946.321646,2415,0,7_S
1778661946.3240058,605,0,7_S
1778661946.3252969,2693,0,7_S
1778661946.327819,2619,0,7_S
1778661946.332942,2230,0,7_S
1778661946.333625,2195,0,7_S
1778661946.334448,1986,0,7_S
1778661946.336989,1467,0,7_S
1778661946.339169,2454,0,7_S
1778661946.342803,2187,0,7_S
1778661946.3432178,1987,0,7_S
1778661946.343372,2243,0,7_S
1778661946.3461351,2238,0,7_S
1778661946.347444,2005,0,7_S
1778661946.349998,1488,0,7_S
1778661946.3513012,1897,0,7_S
1778661946.353904,2418,0,7_S
1778661946.359162,2139,0,7_S
1778661946.35994,1997,0,7_S
1778661946.360724,2028,0,7_S
1778661946.363607,2036,0,7_S
1778661946.365012,2322,0,7_S
1778661946.36972,2263,0,7_S
1778661946.371608,2018,0,7_S
1778661946.371809,1836,0,7_S
1778661946.3719192,1688,0,7_S
1778661946.373302,2187,0,7_S
1778661946.379719,2572,0,7_S
1778661946.38012,1675,0,7_S
1778661946.380202,2221,0,7_S
1778661946.3822641,2217,0,7_S
1778661946.38407,2198,0,7_S
1778661946.387292,1622,0,7_S
1778661946.3875048,2290,0,7_S
1778661946.391854,2146,0,7_S
1778661946.391915,1814,0,7_S
1778661946.393376,2324,0,7_S
1778661946.395926,2456,0,7_S
1778661946.397374,1708,0,7_S
1778661946.399936,1937,0,7_S
1778661946.4054148,1686,0,7_S
1778661946.405893,2229,0,7_S
1778661946.4063182,1952,0,7_S
1778661946.410079,2233,0,7_S
1778661946.41052,2524,0,7_S
1778661946.4117708,1424,0,7_S
1778661946.415398,1503,0,7_S
1778661946.4157498,2579,0,7_S
1778661946.418457,3162,0,7_S
1778661946.4198651,2059,0,7_S
1778661946.421406,1884,0,7_S
1778661946.426878,2150,0,7_S
1778661946.42827,1398,0,7_S
1778661946.431202,2148,0,7_S
1778661946.431913,2332,0,7_S
1778661946.433723,3012,0,7_S
1778661946.4366488,1774,0,7_S
1778661946.4367979,1465,0,7_S
1778661946.438915,1102,0,7_S
1778661946.440216,2265,0,7_S
1778661946.44151,2471,0,7_S
1778661946.444067,2756,0,7_S
1778661946.445369,2529,0,7_S
1778661946.4477482,1126,0,7_S
1778661946.453595,2439,0,7_S
1778661946.454818,2163,0,7_S
1778661946.454947,1995,0,7_S
1778661946.456744,2132,0,7_S
1778661946.4598348,2120,0,7_S
1778661946.462569,1784,0,7_S
1778661946.4627898,2029,0,7_S
1778661946.4647639,1996,0,7_S
1778661946.4660742,2507,0,7_S
1778661946.467414,2131,0,7_S
1778661946.473773,1833,0,7_S
1778661946.475416,2764,0,7_S
1778661946.475636,2750,0,7_S
1778661946.475743,3048,0,7_S
1778661946.480432,1968,0,7_S
1778661946.48298,1971,0,7_S
1778661946.4831328,2184,0,7_S
1778661946.485336,1874,0,7_S
1778661946.485425,1796,0,7_S
1778661946.488002,2604,0,7_S
1778661946.489297,2611,0,7_S
1778661946.4918542,2369,0,7_S
1778661946.4947069,2541,0,7_S
1778661946.4985359,1994,0,7_S
1778661946.499068,2860,0,7_S
1778661946.5011368,2592,0,7_S
1778661946.503956,1419,0,7_S
1778661946.504024,1568,0,7_S
1778661946.506191,1785,0,7_S
1778661946.508982,2618,0,7_S
1778661946.5105228,1691,0,7_S
1778661946.511821,2230,0,7_S
1778661946.514539,2470,0,7_S
1778661946.515855,2617,0,7_S
1778661946.518456,2403,0,7_S
1778661946.520222,2042,0,7_S
1778661946.524385,2136,0,7_S
1778661946.524769,2156,0,7_S
1778661946.52653,2260,0,7_S
1778661946.528276,1347,0,7_S
1778661946.5297558,2171,0,7_S
1778661946.5313761,2807,0,7_S
1778661946.5339541,1944,0,7_S
1778661946.536126,2276,0,7_S
1778661946.537517,1300,0,7_S
1778661946.539885,1982,0,7_S
1778661946.54129,2405,0,7_S
1778661946.543844,2553,0,7_S
1778661946.5486531,2041,0,7_S
1778661946.549092,1946,0,7_S
1778661946.5513458,2099,0,7_S
1778661946.551489,2241,0,7_S
1778661946.554841,2108,0,7_S
1778661946.556472,2212,0,7_S
1778661946.559171,2326,0,7_S
1778661946.5593731,2187,0,7_S
1778661946.562036,2069,0,7_S
1778661946.5633228,2231,0,7_S
1778661946.56913,2317,0,7_S
1778661946.569941,2173,0,7_S
1778661946.570322,2012,0,7_S
1778661946.573429,2260,0,7_S
1778661946.573497,2323,0,7_S
1778661946.578677,2191,0,7_S
1778661946.578746,2065,0,7_S
1778661946.5806248,2259,0,7_S
1778661946.58192,2274,0,7_S
1778661946.583263,2088,0,7_S
1778661946.585983,2151,0,7_S
1778661946.587302,2127,0,7_S
1778661946.592648,2129,0,7_S
1778661946.593042,2209,0,7_S
1778661946.595375,2618,0,7_S
1778661946.5954502,2288,0,7_S
1778661946.59844,2381,0,7_S
1778661946.6028569,2137,0,7_S
1778661946.604345,2184,0,7_S
1778661946.60479,1804,0,7_S
1778661946.6061819,1903,0,7_S
1778661946.607469,2044,0,7_S
1778661946.610032,1762,0,7_S
1778661946.611319,2050,0,7_S
1778661946.617366,2388,0,7_S
1778661946.617785,2336,0,7_S
1778661946.6181362,2275,0,7_S
1778661946.619984,1991,0,7_S
1778661946.62172,2401,0,7_S
1778661946.623667,2380,0,7_S
1778661946.627388,2086,0,7_S
1778661946.6275442,2183,0,7_S
1778661946.6293042,2188,0,7_S
1778661946.631857,2291,0,7_S
1778661946.6344142,2267,0,7_S
1778661946.636029,2339,0,7_S
1778661946.637352,2204,0,7_S
1778661946.6419132,2471,0,7_S
1778661946.6423838,2869,0,7_S
1778661946.6441019,2636,0,7_S
1778661946.6455119,2681,0,7_S
1778661946.647563,3212,0,7_S
1778661946.651227,3131,0,7_S
1778661946.651401,2344,0,7_S
1778661946.653313,1987,0,7_S
1778661946.655862,1940,0,7_S
1778661946.6582,2488,0,7_S
1778661946.659492,2828,0,7_S
1778661946.662059,2399,0,7_S
1778661946.6661031,2365,0,7_S
1778661946.6664839,2498,0,7_S
1778661946.669976,2016,0,7_S
1778661946.670366,2326,0,7_S
1778661946.672982,2544,0,7_S
1778661946.675543,2375,0,7_S
1778661946.675638,2110,0,7_S
1778661946.677629,2124,0,7_S
1778661946.680186,1655,0,7_S
1778661946.68147,1805,0,7_S
1778661946.684028,1500,0,7_S
1778661946.685566,1580,0,7_S
1778661946.690634,1976,0,7_S
1778661946.691037,1673,0,7_S
1778661946.692765,1647,0,7_S
1778661946.694732,1152,0,7_S
1778661946.697312,682,0,7_S
1778661946.6974232,778,0,7_S
1778661946.700143,1171,0,7_S
1778661946.7022452,509,0,7_S
1778661946.703576,572,0,7_S
1778661946.706126,905,0,7_S
1778661946.707305,794,0,7_S
1778661946.709687,696,0,7_S
1778661946.715042,1028,0,7_S
1778661946.71513,1266,0,7_S
1778661946.7182012,1506,0,7_S
1778661946.718289,1113,0,7_S
1778661946.720128,1178,0,7_S
1778661946.721633,1392,0,7_S
1778661946.724397,1822,0,7_S
1778661946.726332,1737,0,7_S
1778661946.727617,1556,0,7_S
1778661946.730156,1747,0,7_S
1778661946.73145,2115,0,7_S
1778661946.733998,1940,0,7_S
1778661946.7352908,1418,0,7_S
1778661946.739393,1765,0,7_S
1778661946.740439,2152,0,7_S
1778661946.7418828,2356,0,7_S
1778661946.743592,2126,0,7_S
1778661946.745557,2057,0,7_S
1778661946.749253,2517,0,7_S
1778661946.7493901,2966,0,7_S
1778661946.751327,2382,0,7_S
1778661946.753954,583,0,7_S
1778661946.755252,1740,0,7_S
1778661946.7578208,2979,0,7_S
1778661946.7591722,2367,0,7_S
1778661946.7644958,1841,0,7_S
1778661946.765984,2180,0,7_S
1778661946.76606,2691,0,7_S
1778661946.767713,3156,0,7_S
1778661946.770592,3099,0,7_S
1778661946.773251,2540,0,7_S
1778661946.773333,2863,0,7_S
1778661946.776463,3333,0,7_S
1778661946.777753,1491,0,7_S
1778661946.780299,1907,0,7_S
1778661946.781585,2893,0,7_S
1778661946.7842581,2816,0,7_S
1778661946.7879732,3257,0,7_S
1778661946.788058,3650,0,7_S
1778661946.790435,3663,0,7_S
1778661946.791915,3505,0,7_S
1778661946.793317,3741,0,7_S
1778661946.797856,4095,0,7_S
1778661946.7980428,3208,0,7_S
1778661946.799726,2747,0,7_S
1778661946.8023832,3555,0,7_S
1778661946.8037,3673,0,7_S
1778661946.809104,2482,0,7_S
1778661946.809802,3381,0,7_S
1778661946.810983,4095,0,7_S
1778661946.8126159,2996,0,7_S
1778661946.814317,2853,0,7_S
1778661946.818131,2475,0,7_S
1778661946.818228,1578,0,7_S
1778661946.82009,853,0,7_S
1778661946.821397,1426,0,7_S
1778661946.823943,1131,0,7_S
1778661946.825228,934,0,7_S
1778661946.827611,1364,0,7_S
1778661946.8319428,1311,0,7_S
1778661946.83235,1663,0,7_S
1778661946.834531,1548,0,7_S
1778661946.836295,1034,0,7_S
1778661946.839156,787,0,7_S
1778661946.842121,831,0,7_S
1778661946.842219,913,0,7_S
1778661946.8437839,958,0,7_S
1778661946.845192,1007,0,7_S
1778661946.847759,1253,0,7_S
1778661946.8503292,1257,0,7_S
1778661946.851616,1095,0,7_S
1778661946.8573859,965,0,7_S
1778661946.85815,1147,0,7_S
1778661946.858859,1207,0,7_S
1778661946.860998,1243,0,7_S
1778661946.8627331,1206,0,7_S
1778661946.867339,1370,0,7_S
1778661946.867562,1463,0,7_S
1778661946.867611,1347,0,7_S
1778661946.86951,1229,0,7_S
1778661946.8720589,1378,0,7_S
1778661946.873348,1531,0,7_S
1778661946.87594,1634,0,7_S
1778661946.877335,1598,0,7_S
1778661946.882584,1675,0,7_S
1778661946.883054,1860,0,7_S
1778661946.8861241,1723,0,7_S
1778661946.886548,1537,0,7_S
1778661946.8891368,1680,0,7_S
1778661946.889282,1827,0,7_S
1778661946.8921442,1834,0,7_S
1778661946.894239,1854,0,7_S
1778661946.895543,1820,0,7_S
1778661946.8980858,1951,0,7_S
1778661946.89937,1947,0,7_S
1778661946.9019442,1754,0,7_S
1778661946.903496,1647,0,7_S
1778661946.90717,1915,0,7_S
1778661946.9083142,1945,0,7_S
1778661946.909918,1875,0,7_S
1778661946.911743,1784,0,7_S
1778661946.914308,1949,0,7_S
1778661946.917136,1977,0,7_S
1778661946.917235,1750,0,7_S
1778661946.9200268,1653,0,7_S
1778661946.921334,1796,0,7_S
1778661946.924345,1905,0,7_S
1778661946.927972,1982,0,7_S
1778661946.9289,1893,0,7_S
1778661946.930191,1901,0,7_S
1778661946.931906,2111,0,7_S
1778661946.933569,1866,0,7_S
1778661946.937648,1611,0,7_S
1778661946.937772,1756,0,7_S
1778661946.939853,1991,0,7_S
1778661946.941175,2026,0,7_S
1778661946.943748,1961,0,7_S
1778661946.9461892,1839,0,7_S
1778661946.947475,2009,0,7_S
1778661946.9535449,2016,0,7_S
1778661946.953917,1920,0,7_S
1778661946.955174,1784,0,7_S
1778661946.95523,1657,0,7_S
1778661946.9587042,1893,0,7_S
1778661946.9628851,2066,0,7_S
1778661946.962996,1901,0,7_S
1778661946.964708,1978,0,7_S
1778661946.966012,2011,0,7_S
1778661946.9673011,1866,0,7_S
1778661946.969903,1641,0,7_S
1778661946.9712,1742,0,7_S
1778661946.9739132,2031,0,7_S
1778661946.9787362,2005,0,7_S
1778661946.979103,1767,0,7_S
1778661946.980247,1979,0,7_S
1778661946.981961,2117,0,7_S
1778661946.9834251,1951,0,7_S
1778661946.987846,1760,0,7_S
1778661946.9880588,1756,0,7_S
1778661946.9900281,1939,0,7_S
1778661946.991317,2053,0,7_S
1778661946.9938612,2113,0,7_S
1778661946.995148,1959,0,7_S
1778661946.997688,1905,0,7_S
1778661947.004647,1979,0,7_S
1778661947.0047412,1814,0,7_S
1778661947.00484,1790,0,7_S
1778661947.0066519,2053,0,7_S
1778661947.0095942,1913,0,7_S
1778661947.0096698,1779,0,7_S
1778661947.012466,1849,0,7_S
1778661947.0143669,2073,0,7_S
1778661947.0156732,2121,0,7_S
1778661947.0182579,1963,0,7_S
1778661947.019731,1772,0,7_S
1778661947.022187,1877,0,7_S
1778661947.023472,2039,0,7_S
1778661947.027783,2098,0,7_S
1778661947.0282292,1994,0,7_S
1778661947.0298429,2002,0,7_S
1778661947.031765,2040,0,7_S
1778661947.0332968,1963,0,7_S
1778661947.0372539,1825,0,7_S
1778661947.037339,1821,0,7_S
1778661947.04009,2014,0,7_S
1778661947.0413802,2090,0,7_S
1778661947.043979,2065,0,7_S
1778661947.045279,1984,0,7_S
1778661947.047839,2129,0,7_S
1778661947.051669,2130,0,7_S
1778661947.0517702,1910,0,7_S
1778661947.0554318,1785,0,7_S
1778661947.055768,1992,0,7_S
1778661947.0576131,2096,0,7_S
1778661947.059277,2127,0,7_S
1778661947.064063,1979,0,7_S
1778661947.064165,2099,0,7_S
1778661947.065515,2208,0,7_S
1778661947.068152,1874,0,7_S
1778661947.069636,1821,0,7_S
1778661947.072159,1989,0,7_S
1778661947.077315,2143,0,7_S
1778661947.077902,2233,0,7_S
1778661947.0779588,2029,0,7_S
1778661947.080367,2034,0,7_S
1778661947.082526,2155,0,7_S
1778661947.085532,2073,0,7_S
1778661947.088882,1896,0,7_S
1778661947.089246,1883,0,7_S
1778661947.089501,2056,0,7_S
1778661947.091449,2126,0,7_S
1778661947.094183,2088,0,7_S
1778661947.095614,2023,0,7_S
1778661947.100192,2163,0,7_S
1778661947.1021628,2145,0,7_S
1778661947.105876,1926,0,7_S
1778661947.11256,1782,0,7_S
1778661947.1128561,2029,0,7_S
1778661947.1129348,2089,0,7_S
1778661947.1130219,2066,0,7_S
1778661947.113067,1956,0,7_S
1778661947.113176,2100,0,7_S
1778661947.1156921,2145,0,7_S
1778661947.118342,2074,0,7_S
1778661947.119735,1844,0,7_S
1778661947.122261,1871,0,7_S
1778661947.1269279,2083,0,7_S
1778661947.127882,2135,0,7_S
1778661947.1296,2048,0,7_S
1778661947.129745,2045,0,7_S
1778661947.131659,2122,0,7_S
1778661947.135046,2045,0,7_S
1778661947.1382148,1886,0,7_S
1778661947.138413,1850,0,7_S
1778661947.140722,2029,0,7_S
1778661947.1420789,2070,0,7_S
1778661947.143583,2089,0,7_S
1778661947.14852,2055,0,7_S
1778661947.1494799,2107,0,7_S
1778661947.14996,2027,0,7_S
1778661947.1519759,1904,0,7_S
1778661947.154082,1802,0,7_S
1778661947.1561291,1996,0,7_S
1778661947.1605701,2088,0,7_S
1778661947.16077,2069,0,7_S
1778661947.1630452,1995,0,7_S
1778661947.163129,2074,0,7_S
1778661947.165906,2131,0,7_S
1778661947.167277,1990,0,7_S
1778661947.1699462,1838,0,7_S
1778661947.1713762,1939,0,7_S
1778661947.179092,2075,0,7_S
1778661947.180907,2119,0,7_S
1778661947.182055,2056,0,7_S
1778661947.183744,2105,0,7_S
1778661947.188364,2163,0,7_S
1778661947.188892,2042,0,7_S
1778661947.189507,1886,0,7_S
1778661947.191253,1859,0,7_S
1778661947.191831,2054,0,7_S
1778661947.191932,2114,0,7_S
1778661947.1932821,2042,0,7_S
1778661947.1959949,2023,0,7_S
1778661947.2002828,2120,0,7_S
1778661947.201717,2111,0,7_S
1778661947.204043,1977,0,7_S
1778661947.204267,1834,0,7_S
1778661947.206783,2077,0,7_S
1778661947.212971,2201,0,7_S
1778661947.2132962,2168,0,7_S
1778661947.213509,2038,0,7_S
1778661947.2137558,2191,0,7_S
1778661947.216043,2282,0,7_S
1778661947.2174468,2077,0,7_S
1778661947.220117,1907,0,7_S
1778661947.2214751,2101,0,7_S
1778661947.2241652,2057,0,7_S
1778661947.225384,2059,0,7_S
1778661947.2306461,2073,0,7_S
1778661947.230804,2086,0,7_S
1778661947.2351518,2232,0,7_S
1778661947.236662,2094,0,7_S
1778661947.2373161,1903,0,7_S
1778661947.2381508,1967,0,7_S
1778661947.240046,2037,0,7_S
1778661947.243337,2049,0,7_S
1778661947.243489,2174,0,7_S
1778661947.2459142,2084,0,7_S
1778661947.247328,2003,0,7_S
1778661947.249867,2122,0,7_S
1778661947.255052,2011,0,7_S
1778661947.25531,1837,0,7_S
1778661947.255906,2080,0,7_S
1778661947.258052,2096,0,7_S
1778661947.260544,2146,0,7_S
1778661947.263838,2184,0,7_S
1778661947.2670379,2278,0,7_S
1778661947.269017,1981,0,7_S
1778661947.269817,1948,0,7_S
1778661947.269971,1817,0,7_S
1778661947.271403,1891,0,7_S
1778661947.2740018,2030,0,7_S
1778661947.275369,2136,0,7_S
1778661947.278861,2044,0,7_S
1778661947.279061,2160,0,7_S
1778661947.284064,2392,0,7_S
1778661947.285027,2266,0,7_S
1778661947.287007,1931,0,7_S
1778661947.287262,1772,0,7_S
1778661947.292778,2126,0,7_S
1778661947.293082,2062,0,7_S
1778661947.2931771,1892,0,7_S
1778661947.296233,1932,0,7_S
1778661947.298579,2165,0,7_S
1778661947.2999449,2174,0,7_S
1778661947.301499,2143,0,7_S
1778661947.3030798,1898,0,7_S
1778661947.31263,2058,0,7_S
1778661947.327318,2366,0,7_S
1778661947.327592,2373,0,7_S
1778661947.327729,1879,0,7_S
1778661947.328129,1990,0,7_S
1778661947.329298,1996,0,7_S
1778661947.329718,2172,0,7_S
1778661947.3301451,2085,0,7_S
1778661947.330186,1893,0,7_S
1778661947.330218,1954,0,7_S
1778661947.330246,2369,0,7_S
1778661947.330297,2318,0,7_S
1778661947.3303711,2378,0,7_S
1778661947.331429,2284,0,7_S
1778661947.33456,2222,0,7_S
1778661947.420133,1962,0,7_S
1778661947.420181,2159,0,7_S
1778661947.4203148,2382,0,7_S
1778661947.4203992,2354,0,7_S
1778661947.421569,2462,0,7_S
1778661947.4216042,2140,0,7_S
1778661947.4217012,2180,0,7_S
1778661947.421773,2350,0,7_S
1778661947.421828,2235,0,7_S
1778661947.421898,1989,0,7_S
1778661947.42203,2146,0,7_S
1778661947.422057,2257,0,7_S
1778661947.422084,2126,0,7_S
1778661947.4221098,2257,0,7_S
1778661947.422136,2301,0,7_S
1778661947.4221618,2197,0,7_S
1778661947.422252,2140,0,7_S
1778661947.422287,2058,0,7_S
1778661947.4223151,2163,0,7_S
1778661947.422341,2318,0,7_S
1778661947.423184,2127,0,7_S
1778661947.423216,2205,0,7_S
1778661947.4232562,2403,0,7_S
1778661947.4232829,2429,0,7_S
1778661947.423309,2038,0,7_S
1778661947.4234822,2188,0,7_S
1778661947.423558,2003,0,7_S
1778661947.425062,2125,0,7_S
1778661947.425161,2291,0,7_S
1778661947.436068,2416,0,7_S
1778661947.449458,2226,0,7_S
1778661947.4495502,1971,0,7_S
1778661947.449607,2126,0,7_S
1778661947.4496598,2126,0,7_S
1778661947.449715,1892,0,7_S
1778661947.449766,2083,0,7_S
1778661947.456048,2200,0,7_S
1778661947.472089,2149,0,7_S
1778661947.483753,2129,0,7_S
1778661947.485504,2212,0,7_S
1778661947.485905,2198,0,7_S
1778661947.486227,1820,0,7_S
1778661947.4868171,1660,0,7_S
1778661947.486881,2150,0,7_S
1778661947.486961,2192,0,7_S
1778661947.487521,1978,0,7_S
1778661947.487582,1777,0,7_S
1778661947.4877179,2071,0,7_S
1778661947.487773,2556,0,7_S
1778661947.488051,1837,0,7_S
1778661947.488118,1763,0,7_S
1778661947.48817,1926,0,7_S
1778661947.488661,1949,0,7_S
1778661947.488987,1923,0,7_S
1778661947.489048,2290,0,7_S
1778661947.490141,2113,0,7_S
1778661947.490483,2329,0,7_S
1778661947.491015,2059,0,7_S
1778661947.49139,1977,0,7_S
1778661947.491478,1923,0,7_S
1778661947.491939,2133,0,7_S
1778661947.491998,2154,0,7_S
1778661947.492051,2000,0,7_S
1778661947.492199,2089,0,7_S
1778661947.4927192,2158,0,7_S
1778661947.4930549,2038,0,7_S
1778661947.4933429,2154,0,7_S
1778661947.494679,2735,0,7_S
1778661947.494879,1863,0,7_S
1778661947.495417,1788,0,7_S
1778661947.495937,2452,0,7_S
1778661947.495992,2468,0,7_S
1778661947.496277,2438,0,7_S
1778661947.496454,2043,0,7_S
1778661947.4965062,1648,0,7_S
1778661947.496557,2148,0,7_S
1778661947.496605,1976,0,7_S
1778661947.496653,2120,0,7_S
1778661947.496701,2179,0,7_S
1778661947.496825,2104,0,7_S
1778661947.4969332,1986,0,7_S
1778661947.4969862,2246,0,7_S
1778661947.499084,2349,0,7_S
1778661947.518498,2304,0,7_S
1778661947.518699,2008,0,7_S
1778661947.518965,2136,0,7_S
1778661947.5190232,2013,0,7_S
1778661947.519076,2300,0,7_S
1778661947.5191271,2077,0,7_S
1778661947.519221,2235,0,7_S
1778661947.519312,2104,0,7_S
1778661947.5193632,2111,0,7_S
1778661947.519412,2046,0,7_S
1778661947.522569,2076,0,7_S
1778661947.5248399,2152,0,7_S
1778661947.525012,2156,0,7_S
1778661947.5658538,2040,0,7_S
1778661947.567116,2104,0,7_S
1778661947.5672388,2226,0,7_S
1778661947.5673559,2156,0,7_S
1778661947.608693,1978,0,7_S
1778661947.608856,1876,0,7_S
1778661947.6089191,2053,0,7_S
1778661947.608955,2193,0,7_S
1778661947.608984,2179,0,7_S
1778661947.609011,2121,0,7_S
1778661947.609077,2218,0,7_S
1778661947.609182,2060,0,7_S
1778661947.609248,2010,0,7_S
1778661947.609302,1840,0,7_S
1778661947.609358,2023,0,7_S
1778661947.609408,2102,0,7_S
1778661947.609463,2263,0,7_S
1778661947.609517,2014,0,7_S
1778661947.609619,2067,0,7_S
1778661947.609658,2140,0,7_S
1778661947.609765,2013,0,7_S
1778661947.609793,2007,0,7_S
1778661947.609838,1910,0,7_S
1778661947.609888,2119,0,7_S
1778661947.610004,1994,0,7_S
1778661947.610105,2124,0,7_S
1778661947.6101382,2083,0,7_S
1778661947.610166,2213,0,7_S
1778661947.610193,2074,0,7_S
1778661947.610235,1996,0,7_S
1778661947.610295,1793,0,7_S
1778661947.6103501,2202,0,7_S
1778661947.61041,2051,0,7_S
1778661947.610482,2114,0,7_S
1778661947.61057,1972,0,7_S
1778661947.6107788,1899,0,7_S
1778661947.61095,2134,0,7_S
1778661947.610979,2198,0,7_S
1778661947.611064,2005,0,7_S
1778661947.61135,1678,0,7_S
1778661947.611508,2015,0,7_S
1778661947.611557,2204,0,7_S
1778661947.612009,2051,0,7_S
1778661947.613597,2150,0,7_S
1778661947.615028,2135,0,7_S
1778661947.617804,1978,0,7_S
1778661947.619099,1960,0,7_S
1778661947.621533,1974,0,7_S
1778661947.6232371,2051,0,7_S
1778661947.6343539,2132,0,7_S
1778661947.636684,2184,0,7_S
1778661947.6396039,2140,0,7_S
1778661947.640001,2171,0,7_S
1778661947.640107,1955,0,7_S
1778661947.640196,1932,0,7_S
1778661947.640258,2002,0,7_S
1778661947.641931,1935,0,7_S
1778661947.6423,2104,0,7_S
1778661947.644358,2127,0,7_S
1778661947.645748,2016,0,7_S
1778661947.653672,2100,0,7_S
1778661947.654079,2170,0,7_S
1778661947.655745,2205,0,7_S
1778661947.656231,1810,0,7_S
1778661947.65858,1873,0,7_S
1778661947.663303,2049,0,7_S
1778661947.6634529,2060,0,7_S
1778661947.667767,2371,0,7_S
1778661947.668065,2353,0,7_S
1778661947.668143,1864,0,7_S
1778661947.668201,1821,0,7_S
1778661947.6693609,1780,0,7_S
1778661947.672016,2041,0,7_S
1778661947.6735518,2063,0,7_S
1778661947.674973,2019,0,7_S
1778661947.682383,2091,0,7_S
1778661947.684936,2083,0,7_S
1778661947.689177,2138,0,7_S
1778661947.691146,2001,0,7_S
1778661947.6945689,2038,0,7_S
1778661947.696925,1934,0,7_S
1778661947.697052,2101,0,7_S
1778661947.697165,2115,0,7_S
1778661947.6972191,2085,0,7_S
1778661947.697268,2007,0,7_S
1778661947.697315,2171,0,7_S
1778661947.699585,2135,0,7_S
1778661947.700973,2064,0,7_S
1778661947.7080588,1844,0,7_S
1778661947.710229,2122,0,7_S
1778661947.711818,2100,0,7_S
1778661947.712565,1913,0,7_S
1778661947.7152572,2091,0,7_S
1778661947.720618,2028,0,7_S
1778661947.723594,2131,0,7_S
1778661947.723691,1901,0,7_S
1778661947.723757,1875,0,7_S
1778661947.7238138,1927,0,7_S
1778661947.723895,2145,0,7_S
1778661947.7258,2229,0,7_S
1778661947.727345,1892,0,7_S
1778661947.7298791,1961,0,7_S
1778661947.73119,2184,0,7_S
1778661947.739375,2169,0,7_S
1778661947.7399502,1885,0,7_S
1778661947.7416372,1832,0,7_S
1778661947.744809,2091,0,7_S
1778661947.7465339,2111,0,7_S
1778661947.7515259,2110,0,7_S
1778661947.754845,2040,0,7_S
1778661947.754974,2089,0,7_S
1778661947.7550411,2150,0,7_S
1778661947.755133,1964,0,7_S
1778661947.755235,1717,0,7_S
1778661947.755289,1986,0,7_S
1778661947.757955,2060,0,7_S
1778661947.759577,2215,0,7_S
1778661947.7654881,2211,0,7_S
1778661947.770035,2294,0,7_S
1778661947.774338,1666,0,7_S
1778661947.777227,1846,0,7_S
1778661947.778241,1942,0,7_S
1778661947.780716,1863,0,7_S
1778661947.780986,2028,0,7_S
1778661947.781135,2060,0,7_S
1778661947.781193,1712,0,7_S
1778661947.7813199,1904,0,7_S
1778661947.781373,2203,0,7_S
1778661947.784158,2151,0,7_S
1778661947.7860749,1954,0,7_S
1778661947.787971,1822,0,7_S
1778661947.789387,1939,0,7_S
1778661947.792355,2053,0,7_S
1778661947.797695,2022,0,7_S
1778661947.7983801,2040,0,7_S
1778661947.799063,2043,0,7_S
1778661947.7997272,2132,0,7_S
1778661947.8012538,2177,0,7_S
1778661947.8040152,1892,0,7_S
1778661947.805642,1936,0,7_S
1778661947.807613,1893,0,7_S
1778661947.8102999,2101,0,7_S
1778661947.8132322,2058,0,7_S
1778661947.813299,2078,0,7_S
1778661947.8158798,2028,0,7_S
1778661947.8175051,1952,0,7_S
1778661947.8338869,1815,0,7_S
1778661947.8342981,2002,0,7_S
1778661947.834634,1914,0,7_S
1778661947.8351119,1886,0,7_S
1778661947.836843,1956,0,7_S
1778661947.837471,1939,0,7_S
1778661947.83759,2033,0,7_S
1778661947.837661,1975,0,7_S
1778661947.837729,1828,0,7_S
1778661947.8377652,1779,0,7_S
1778661947.838918,1953,0,7_S
1778661947.841537,1871,0,7_S
1778661947.842873,2105,0,7_S
1778661947.845521,2029,0,7_S
1778661947.846862,1852,0,7_S
1778661947.855613,1927,0,7_S
1778661947.855936,1861,0,7_S
1778661947.858099,1804,0,7_S
1778661947.8594072,1890,0,7_S
1778661947.8603709,1991,0,7_S
1778661947.860565,2108,0,7_S
1778661947.8625019,2025,0,7_S
1778661947.865097,2059,0,7_S
1778661947.865503,2164,0,7_S
1778661947.867819,2078,0,7_S
1778661947.869196,1800,0,7_S
1778661947.8718872,1831,0,7_S
1778661947.877888,2348,0,7_S
1778661947.878805,2064,0,7_S
1778661947.880548,1948,0,7_S
1778661947.880896,2046,0,7_S
1778661947.881074,2092,0,7_S
1778661947.8854232,2224,0,7_S
1778661947.887239,1572,0,7_S
1778661947.8897321,1666,0,7_S
1778661947.889958,1995,0,7_S
1778661947.89236,2020,0,7_S
1778661947.893736,2090,0,7_S
1778661947.895124,1952,0,7_S
1778661947.897519,2123,0,7_S
1778661947.8989272,2237,0,7_S
1778661947.901527,2102,0,7_S
1778661947.9084759,1773,0,7_S
1778661947.911227,1973,0,7_S
1778661947.914156,2338,0,7_S
1778661947.9147289,2191,0,7_S
1778661947.915827,1909,0,7_S
1778661947.916366,2080,0,7_S
1778661947.9185238,2158,0,7_S
1778661947.921216,1950,0,7_S
1778661947.9216042,1906,0,7_S
1778661947.92214,1864,0,7_S
1778661947.9244192,2035,0,7_S
1778661947.925827,1865,0,7_S
1778661947.927215,2116,0,7_S
1778661947.935075,1973,0,7_S
1778661947.938606,2134,0,7_S
1778661947.93912,2109,0,7_S
1778661947.9398139,1946,0,7_S
1778661947.9410691,1916,0,7_S
1778661947.94171,2079,0,7_S
1778661947.943895,2466,0,7_S
1778661947.946489,2224,0,7_S
1778661947.946796,1707,0,7_S
1778661947.9470432,2216,0,7_S
1778661947.9500659,2168,0,7_S
1778661947.9515631,1884,0,7_S
1778661947.9529889,1754,0,7_S
1778661947.955488,1891,0,7_S
1778661947.95775,2028,0,7_S
1778661947.959132,2208,0,7_S
1778661947.9676852,1992,0,7_S
1778661947.9748108,2080,0,7_S
1778661947.9750662,2190,0,7_S
1778661947.977771,2135,0,7_S
1778661947.978257,2062,0,7_S
1778661947.978652,1775,0,7_S
1778661947.97874,2039,0,7_S
1778661947.9788811,2101,0,7_S
1778661947.9807518,2083,0,7_S
1778661947.980889,2064,0,7_S
1778661947.981547,2116,0,7_S
1778661947.982906,2133,0,7_S
1778661947.985357,2104,0,7_S
1778661947.9908721,1698,0,7_S
1778661947.9919171,1993,0,7_S
1778661947.993771,2190,0,7_S
1778661947.993922,2142,0,7_S
1778661947.995997,2040,0,7_S
1778661947.997529,2091,0,7_S
1778661948.002261,2146,0,7_S
1778661948.002635,2054,0,7_S
1778661948.003242,1920,0,7_S
1778661948.005576,2060,0,7_S
1778661948.0070221,2072,0,7_S
1778661948.0096,2122,0,7_S
1778661948.010923,1897,0,7_S
1778661948.013491,2026,0,7_S
1778661948.014827,2193,0,7_S
1778661948.024466,2200,0,7_S
1778661948.027979,1915,0,7_S
1778661948.028613,2013,0,7_S
1778661948.033864,1941,0,7_S
1778661948.034226,2063,0,7_S
1778661948.0345778,2138,0,7_S
1778661948.035033,2007,0,7_S
1778661948.037348,2057,0,7_S
1778661948.037389,2118,0,7_S
1778661948.037419,1954,0,7_S
1778661948.037504,1821,0,7_S
1778661948.038889,2017,0,7_S
1778661948.0415308,2144,0,7_S
1778661948.047921,2173,0,7_S
1778661948.04978,2053,0,7_S
1778661948.050195,2096,0,7_S
1778661948.05043,2208,0,7_S
1778661948.054544,2014,0,7_S
1778661948.055112,1739,0,7_S
1778661948.056965,1929,0,7_S
1778661948.060011,2186,0,7_S
1778661948.0630999,2081,0,7_S
1778661948.0631769,1900,0,7_S
1778661948.063231,2092,0,7_S
1778661948.067702,2210,0,7_S
1778661948.067772,2123,0,7_S
1778661948.069225,1933,0,7_S
1778661948.071966,1896,0,7_S
1778661948.0811179,2025,0,7_S
1778661948.083457,2170,0,7_S
1778661948.0905979,2146,0,7_S
1778661948.091306,1978,0,7_S
1778661948.093663,2147,0,7_S
1778661948.0938182,2202,0,7_S
1778661948.093879,1978,0,7_S
1778661948.09393,1833,0,7_S
1778661948.093979,2007,0,7_S
1778661948.094031,2086,0,7_S
1778661948.094083,2159,0,7_S
1778661948.0955882,1865,0,7_S
1778661948.096965,2192,0,7_S
1778661948.10613,2267,0,7_S
1778661948.108447,1904,0,7_S
1778661948.109418,1797,0,7_S
1778661948.111249,2028,0,7_S
1778661948.112919,2116,0,7_S
1778661948.115545,2072,0,7_S
1778661948.115752,1977,0,7_S
1778661948.116019,1984,0,7_S
1778661948.116261,2243,0,7_S
1778661948.1186838,2056,0,7_S
1778661948.118906,1971,0,7_S
1778661948.1216252,1962,0,7_S
1778661948.122992,2016,0,7_S
1778661948.12575,2113,0,7_S
1778661948.127151,2240,0,7_S
1778661948.129768,2130,0,7_S
1778661948.1354299,2165,0,7_S
1778661948.139265,1897,0,7_S
1778661948.143172,2069,0,7_S
1778661948.148086,1793,0,7_S
1778661948.148354,1936,0,7_S
1778661948.1489549,2237,0,7_S
1778661948.14912,2033,0,7_S
1778661948.1493802,1908,0,7_S
1778661948.1516669,2090,0,7_S
1778661948.151785,2195,0,7_S
1778661948.1518452,1923,0,7_S
1778661948.1533499,1905,0,7_S
1778661948.1548119,1993,0,7_S
1778661948.2081568,2064,0,7_S
1778661948.208228,2263,0,7_S
1778661948.208263,2173,0,7_S
1778661948.2084138,1913,0,7_S
1778661948.208549,2359,0,7_S
1778661948.2086358,2078,0,7_S
1778661948.208716,1825,0,7_S
1778661948.20886,1823,0,7_S
1778661948.2089229,2004,0,7_S
1778661948.2089741,2155,0,7_S
1778661948.209051,2192,0,7_S
1778661948.209096,2042,0,7_S
1778661948.209127,2117,0,7_S
1778661948.2091572,2127,0,7_S
1778661948.209187,2092,0,7_S
1778661948.209217,1920,0,7_S
1778661948.2092469,1949,0,7_S
1778661948.209276,2135,0,7_S
1778661948.209305,2079,0,7_S
1778661948.209335,1805,0,7_S
1778661948.209364,2093,0,7_S
1778661948.209394,2235,0,7_S
1778661948.209423,2299,0,7_S
1778661948.209452,1881,0,7_S
1778661948.209516,1817,0,7_S
1778661948.2096,2039,0,7_S
1778661948.209663,2148,0,7_S
1778661948.211002,2210,0,7_S
1778661948.2145312,2112,0,7_S
1778661948.21618,2103,0,7_S
1778661948.217543,2232,0,7_S
1778661948.218896,1862,0,7_S
1778661948.227861,1711,0,7_S
1778661948.230352,1980,0,7_S
1778661948.2305632,2291,0,7_S
1778661948.232744,2143,0,7_S
1778661948.233699,2026,0,7_S
1778661948.234282,1882,0,7_S
1778661948.235681,2072,0,7_S
1778661948.237311,1995,0,7_S
1778661948.2374568,1804,0,7_S
1778661948.240395,2062,0,7_S
1778661948.242956,2021,0,7_S
1778661948.243231,2156,0,7_S
1778661948.2457988,2169,0,7_S
1778661948.247185,2119,0,7_S
1778661948.255498,2215,0,7_S
1778661948.257332,2140,0,7_S
1778661948.257751,1929,0,7_S
1778661948.259834,1982,0,7_S
1778661948.260393,2303,0,7_S
1778661948.261152,2082,0,7_S
1778661948.261678,1909,0,7_S
1778661948.265227,1993,0,7_S
1778661948.268506,2199,0,7_S
1778661948.2687669,2071,0,7_S
1778661948.269593,1944,0,7_S
1778661948.271487,1767,0,7_S
1778661948.272862,1961,0,7_S
1778661948.2754781,2102,0,7_S
1778661948.27686,2202,0,7_S
1778661948.2795022,1996,0,7_S
1778661948.280871,2238,0,7_S
1778661948.283493,2029,0,7_S
1778661948.290672,1995,0,7_S
1778661948.292861,1762,0,7_S
1778661948.2960682,2067,0,7_S
1778661948.297786,2230,0,7_S
1778661948.2983801,2036,0,7_S
1778661948.29909,1932,0,7_S
1778661948.300986,2353,0,7_S
1778661948.304234,2144,0,7_S
1778661948.30495,1861,0,7_S
1778661948.305378,1881,0,7_S
1778661948.305568,1979,0,7_S
1778661948.308063,2122,0,7_S
1778661948.309428,2016,0,7_S
1778661948.310775,2236,0,7_S
1778661948.313428,2096,0,7_S
1778661948.3251488,2102,0,7_S
1778661948.325906,2241,0,7_S
1778661948.327658,1697,0,7_S
1778661948.32779,1766,0,7_S
1778661948.3285708,2141,0,7_S
1778661948.3307679,2103,0,7_S
1778661948.330871,1894,0,7_S
1778661948.334796,2060,0,7_S
1778661948.337573,2153,0,7_S
1778661948.337615,2139,0,7_S
1778661948.3377001,2088,0,7_S
1778661948.337764,1818,0,7_S
1778661948.3389819,2122,0,7_S
1778661948.341721,1996,0,7_S
1778661948.343221,2169,0,7_S
1778661948.345999,2235,0,7_S
1778661948.347581,2108,0,7_S
1778661948.350206,1981,0,7_S
1778661948.3525388,1963,0,7_S
1778661948.354387,2005,0,7_S
1778661948.355648,1994,0,7_S
1778661948.364898,2118,0,7_S
1778661948.365324,2147,0,7_S
1778661948.368303,2066,0,7_S
1778661948.374352,2175,0,7_S
1778661948.374779,2198,0,7_S
1778661948.37754,1970,0,7_S
1778661948.3776991,1860,0,7_S
1778661948.377762,1837,0,7_S
1778661948.3778691,2011,0,7_S
1778661948.377899,2351,0,7_S
1778661948.3779259,2164,0,7_S
1778661948.3792799,1762,0,7_S
1778661948.3818471,2041,0,7_S
1778661948.3831942,2038,0,7_S
1778661948.385505,1974,0,7_S
1778661948.387767,1922,0,7_S
1778661948.3983831,2056,0,7_S
1778661948.398892,2113,0,7_S
1778661948.402672,2180,0,7_S
1778661948.4063842,2017,0,7_S
1778661948.406862,2142,0,7_S
1778661948.410502,2365,0,7_S
1778661948.413105,2287,0,7_S
1778661948.421916,1998,0,7_S
1778661948.422635,1704,0,7_S
1778661948.422676,1849,0,7_S
1778661948.422708,2067,0,7_S
1778661948.422737,1928,0,7_S
1778661948.422771,2018,0,7_S
1778661948.427613,2037,0,7_S
1778661948.427698,1989,0,7_S
1778661948.427753,1971,0,7_S
1778661948.427804,1733,0,7_S
1778661948.427893,2028,0,7_S
1778661948.427954,2446,0,7_S
1778661948.428067,2173,0,7_S
1778661948.4294488,1878,0,7_S
1778661948.4327471,2116,0,7_S
1778661948.432838,2278,0,7_S
1778661948.4354272,1999,0,7_S
1778661948.4367812,1958,0,7_S
1778661948.439469,2088,0,7_S
1778661948.4409442,2347,0,7_S
1778661948.443261,1918,0,7_S
1778661948.445794,1837,0,7_S
1778661948.456054,2229,0,7_S
1778661948.460374,2454,0,7_S
1778661948.470357,2090,0,7_S
1778661948.471195,1610,0,7_S
1778661948.471703,1760,0,7_S
1778661948.471991,1918,0,7_S
1778661948.475529,2233,0,7_S
1778661948.47562,2045,0,7_S
1778661948.475776,2200,0,7_S
1778661948.476059,1936,0,7_S
1778661948.47614,2004,0,7_S
1778661948.476187,1844,0,7_S
1778661948.476265,1867,0,7_S
1778661948.476303,2295,0,7_S
1778661948.476387,2286,0,7_S
1778661948.477472,2173,0,7_S
1778661948.47888,2026,0,7_S
1778661948.483655,2116,0,7_S
1778661948.483767,2339,0,7_S
1778661948.486148,2064,0,7_S
1778661948.510645,1739,0,7_S
1778661948.5107641,2007,0,7_S
1778661948.510806,2111,0,7_S
1778661948.5110898,2116,0,7_S
1778661948.5113258,1977,0,7_S
1778661948.513385,2005,0,7_S
1778661948.514005,2209,0,7_S
1778661948.514266,2101,0,7_S
1778661948.5142999,2013,0,7_S
1778661948.514328,1979,0,7_S
1778661948.514357,2125,0,7_S
1778661948.514387,2072,0,7_S
1778661948.5144162,2156,0,7_S
1778661948.514444,2159,0,7_S
1778661948.515821,2082,0,7_S
1778661948.5171368,2111,0,7_S
1778661948.519458,1927,0,7_S
1778661948.5208058,1777,0,7_S
1778661948.523008,2129,0,7_S
1778661948.525377,2193,0,7_S
1778661948.5277991,2231,0,7_S
1778661948.529056,1882,0,7_S
